molecule_name,final_score,epoch
rxn:1:43799:39742,0.1696816384792328,20378
rxn:1:62588:1881,0.1611541107296943,20378
rxn:1:62588:7345,0.1607575729489326,20378
rxn:1:65661:37717,0.156643482653991,20378
rxn:1:41923:37717,0.1565361320972442,20378
rxn:1:41711:31333,0.1520462532838185,20378
rxn:1:41923:32044,0.1506405757821124,20378
rxn:1:41904:31463,0.1502709757714044,20378
rxn:1:62588:2955,0.1496995687484741,20378
rxn:1:62588:412,0.1495096009028585,20378
rxn:1:41923:31580,0.1494310833513736,20378
rxn:1:41904:32044,0.1490532593293623,20378
rxn:1:62588:389,0.1479734684291638,20378
rxn:1:62588:1827,0.1414239704608917,20378
rxn:1:62588:7776,0.1404804260957808,20378
rxn:1:41923:31491,0.1381988281553441,20378
rxn:1:41924:39014,0.1373381446237149,20378
rxn:1:41904:34520,0.1361107717860828,20378
rxn:1:41904:14099,0.1326691968874497,20378
rxn:1:41904:23535,0.1304736059644947,20378
rxn:1:41923:37803,0.1277514154260808,20378
rxn:1:43730:12269,0.1272231113343011,20378
rxn:1:41904:30453,0.127094891667366,20378
rxn:1:41923:31840,0.1267487745393406,20378
rxn:1:59985:27805,0.1249699050729925,20378
rxn:1:59985:6,0.1239995688199996,20378
rxn:1:42796:37762,0.1234455704689025,20378
rxn:1:42018:23520,0.119963102042675,20378
rxn:1:43680:31611,0.1135009241104126,20378
rxn:1:53562:123,0.1028338994668877,20378
rxn:1:59912:28139,0.0806635455651716,20378
rxn:1:41923:38744,0.1643055379390716,20379
rxn:1:41904:37717,0.1640101412068242,20379
rxn:1:41711:30291,0.1551895907946995,20379
rxn:1:41923:31463,0.153256356716156,20379
rxn:1:41923:32691,0.1509292667562311,20379
rxn:1:41904:2700,0.1504766089575631,20379
rxn:1:59985:7771,0.1487850159406662,20379
rxn:1:41789:37717,0.1472337916493415,20379
rxn:1:41904:31438,0.1463623155247081,20379
rxn:1:41924:37717,0.1452088852723439,20379
rxn:1:43730:23723,0.1410920965044122,20379
rxn:1:41904:38814,0.1350964705149332,20379
rxn:1:41923:31937,0.1346983801234852,20379
rxn:1:41912:37717,0.1316192668417225,20379
rxn:1:41904:37843,0.1243687505307405,20379
rxn:1:41923:31518,0.1239983493631536,20379
rxn:1:62588:106,0.1219555191371751,20379
rxn:1:65678:37717,0.1209370543559392,20379
rxn:1:42750:16295,0.0868421859211391,20379
rxn:1:42845:22841,0.0830884368883238,20379
rxn:1:42845:22809,0.0823981649166828,20379
rxn:1:44527:22841,0.0712646779914697,20379
rxn:1:43344:34243,0.059380315882819,20379
rxn:1:57011:38682,0.1743160486221313,20380
rxn:1:62688:38536,0.1671968847513198,20380
rxn:1:41711:31425,0.1651505231857299,20380
rxn:1:65679:37717,0.1575291107098261,20380
rxn:1:41711:1825,0.1555636780602591,20380
rxn:1:41923:31915,0.1537880599498748,20380
rxn:1:41904:2918,0.1516976771147354,20380
rxn:1:41923:39073,0.1464906443249095,20380
rxn:1:41865:31580,0.1461668784419695,20380
rxn:1:41907:31333,0.1460784304709661,20380
rxn:1:41865:37717,0.1447198837995529,20380
rxn:1:59985:23458,0.1441801220178604,20380
rxn:1:41711:31180,0.1435300509134928,20380
rxn:1:59985:28224,0.1431332952097842,20380
rxn:1:59985:7772,0.1430397450923919,20380
rxn:1:62588:31937,0.1426132886033309,20380
rxn:1:41711:31195,0.1407211151990023,20380
rxn:1:41923:39388,0.1394981713522048,20380
rxn:1:41904:1664,0.138338950547305,20380
rxn:1:62588:37737,0.1333278247288295,20380
rxn:1:59985:28639,0.1317462384700775,20380
rxn:1:41923:39296,0.1303155584768815,20380
rxn:1:41711:31327,0.1302419123442276,20380
rxn:1:41904:38439,0.1179983079433441,20380
rxn:1:62588:22994,0.1168549981984225,20380
rxn:1:40131:5448,0.1039888669144023,20380
rxn:1:42845:23561,0.1010874768098195,20380
rxn:1:61751:23561,0.099905009622927,20380
rxn:1:52473:5448,0.0950778675079345,20380
rxn:1:58747:27802,0.0644898552160996,20380
rxn:1:42042:33151,0.0556543381775126,20380
rxn:1:64877:13509,0.0444814424182093,20380
rxn:1:61751:5847,0.0422385048407774,20380
rxn:1:63670:31376,0.1693604407103165,20381
rxn:1:59985:31811,0.1579537093639373,20381
rxn:1:65661:8718,0.1545899992897397,20381
rxn:1:59985:8709,0.1544134616851806,20381
rxn:1:59985:14361,0.1493531238465082,20381
rxn:1:41845:31580,0.1479424238204956,20381
rxn:1:62688:39278,0.1465941071510315,20381
rxn:1:62688:39408,0.1451741958919324,20381
rxn:1:57010:38682,0.1420256573220958,20381
rxn:1:41923:2700,0.1416538953781128,20381
rxn:1:59985:23119,0.1385937618172687,20381
rxn:1:41904:31930,0.1381462074461437,20381
rxn:1:41923:31430,0.1368550658226013,20381
rxn:1:62588:31372,0.1348812525922602,20381
rxn:1:41924:38744,0.1325837021524256,20381
rxn:1:41923:31438,0.13170595013577,20381
rxn:1:41904:35061,0.1311911396358324,20381
rxn:1:62588:31219,0.1243488731838408,20381
rxn:1:63757:37822,0.1218017254556928,20381
rxn:1:41923:2529,0.1217367865822531,20381
rxn:1:59985:38477,0.119589372685081,20381
rxn:1:62034:27805,0.1157439188523726,20381
rxn:1:51775:33250,0.0746085405349731,20381
rxn:1:62555:14846,0.0468436962082272,20381
rxn:1:50244:194,0.0456109974119398,20381
rxn:1:40939:15004,0.0281822904944419,20381
rxn:1:61827:11848,0.1696019530296325,20382
rxn:1:59915:31376,0.1665445789694786,20382
rxn:1:63670:24341,0.1608328586039336,20382
rxn:1:41711:2140,0.1558695780603509,20382
rxn:1:41711:3699,0.1555633544921875,20382
rxn:1:53017:38682,0.155511043288491,20382
rxn:1:41865:28139,0.1554211378097534,20382
rxn:1:41921:31454,0.1544708501208912,20382
rxn:1:43799:38682,0.1516274511814117,20382
rxn:1:59985:31500,0.1515587478876114,20382
rxn:1:41711:2060,0.1509502185018439,20382
rxn:1:59985:32494,0.1494453012943268,20382
rxn:1:41923:23656,0.1481466086014457,20382
rxn:1:63670:27954,0.1464740200476213,20382
rxn:1:59985:31778,0.1419540813991001,20382
rxn:1:41904:1858,0.141825971396073,20382
rxn:1:62588:37717,0.1388364349092756,20382
rxn:1:57011:2918,0.1386259049177169,20382
rxn:1:62588:37822,0.1377744346857071,20382
rxn:1:41711:3949,0.1368680655956268,20382
rxn:1:41904:31360,0.1335148073378063,20382
rxn:1:41923:32521,0.1329140663146972,20382
rxn:1:41923:37843,0.132483385503292,20382
rxn:1:62688:39290,0.1315186232328415,20382
rxn:1:59985:27893,0.1308047235012054,20382
rxn:1:41711:31396,0.1303659649122329,20382
rxn:1:41904:8718,0.1234864904766991,20382
rxn:1:62588:32049,0.119633301382973,20382
rxn:1:41924:2700,0.1035322926261208,20382
rxn:1:50212:30939,0.0591848304978123,20382
rxn:1:56503:5342,0.0480545820558772,20382
rxn:1:61827:11720,0.1620343777171352,20383
rxn:1:59830:31376,0.1600566350895425,20383
rxn:1:59915:31372,0.1513737406995561,20383
rxn:1:65661:3803,0.1504183042617071,20383
rxn:1:41923:31523,0.1500420516187494,20383
rxn:1:41711:6092,0.1479898757404751,20383
rxn:1:62588:31376,0.1469928929300019,20383
rxn:1:41905:35061,0.1469114016795503,20383
rxn:1:59915:32000,0.1462882227367825,20383
rxn:1:43719:31333,0.1440606325391739,20383
rxn:1:59985:31895,0.1430491920103106,20383
rxn:1:57017:38682,0.1427127563435098,20383
rxn:1:41904:2695,0.1404954677536374,20383
rxn:1:41923:2918,0.1403812252812915,20383
rxn:1:59985:32049,0.1397788385550181,20383
rxn:1:41711:31063,0.1395237625591338,20383
rxn:1:63670:2955,0.1393398597384944,20383
rxn:1:62327:37754,0.137945009129388,20383
rxn:1:59985:37737,0.1373774886131286,20383
rxn:1:41923:38529,0.1373323879458687,20383
rxn:1:62588:31895,0.1363621304432551,20383
rxn:1:62588:8718,0.1345704396565755,20383
rxn:1:62588:8679,0.1325454094953704,20383
rxn:1:41904:31487,0.1318047850851028,20383
rxn:1:62588:1826,0.1310064941644668,20383
rxn:1:62588:1920,0.1308883509852669,20383
rxn:1:63670:32044,0.1259752010542248,20383
rxn:1:41923:37814,0.1137435183380589,20383
rxn:1:41591:18296,0.0510647367863428,20383
rxn:1:59640:11984,0.0364272391630543,20383
rxn:1:61827:11846,0.1562219184857827,20384
rxn:1:61827:11772,0.1519929756198013,20384
rxn:1:65678:3803,0.151515037724466,20384
rxn:1:61827:7755,0.1506341549388149,20384
rxn:1:59847:2971,0.1502704847426641,20384
rxn:1:41923:37762,0.1479376102938796,20384
rxn:1:63670:31895,0.1462982722691127,20384
rxn:1:62688:30291,0.1448547686591293,20384
rxn:1:41711:391,0.1435545907504316,20384
rxn:1:55948:28048,0.143267644079108,20384
rxn:1:59985:32000,0.143262193316505,20384
rxn:1:41711:31743,0.1428454377584987,20384
rxn:1:61827:11736,0.1427189787228902,20384
rxn:1:59985:37719,0.1417821943759918,20384
rxn:1:41711:11768,0.1413879309381757,20384
rxn:1:41904:23539,0.1404913206031357,20384
rxn:1:41711:31232,0.1394047657648722,20384
rxn:1:59985:5838,0.1391167988379796,20384
rxn:1:62023:7772,0.1377436376753307,20384
rxn:1:41865:27791,0.1370713611443837,20384
rxn:1:59985:34776,0.1338576136850843,20384
rxn:1:62588:37827,0.1332263390223185,20384
rxn:1:61827:8774,0.1314467998842398,20384
rxn:1:41923:23538,0.1314217472076415,20384
rxn:1:61827:12195,0.1312056471904119,20384
rxn:1:41904:31425,0.1282053845269339,20384
rxn:1:41711:2239,0.1272847155729929,20384
rxn:1:41904:31915,0.1246597360873568,20384
rxn:1:62588:39073,0.1196630722598025,20384
rxn:1:62588:2520,0.1179408175604684,20384
rxn:1:59985:2955,0.0987635264794031,20384
rxn:1:56928:37863,0.0463268314347122,20384
rxn:1:47094:20165,0.039862100107997,20384
rxn:1:59640:28495,-0.0099428196748097,20384
rxn:1:41923:23539,0.1630223343769709,20385
rxn:1:57013:38682,0.1610611832660177,20385
rxn:1:41907:1825,0.1587137551534743,20385
rxn:1:61827:1825,0.1586721340815226,20385
rxn:1:41923:2695,0.1571486809036948,20385
rxn:1:49433:7351,0.1569791691643851,20385
rxn:1:41923:3674,0.154856319228808,20385
rxn:1:41921:38682,0.1530234839605248,20385
rxn:1:62688:39367,0.152137451701694,20385
rxn:1:41923:39016,0.1518108326455821,20385
rxn:1:63757:31376,0.1509103204893029,20385
rxn:1:41921:2918,0.1501688485344251,20385
rxn:1:41923:39017,0.1500231960545415,20385
rxn:1:59915:24341,0.1491575340429941,20385
rxn:1:63670:31372,0.1491324435109677,20385
rxn:1:62688:11720,0.1488839507102966,20385
rxn:1:59985:31166,0.1462774276733398,20385
rxn:1:62588:388,0.1459692895412445,20385
rxn:1:64791:31376,0.1459675406416257,20385
rxn:1:61827:3699,0.1458957024982997,20385
rxn:1:61827:8798,0.1431409007027035,20385
rxn:1:62688:38424,0.1430993914604187,20385
rxn:1:41904:32091,0.1399156288667158,20385
rxn:1:61827:12136,0.1396097421646118,20385
rxn:1:62688:31588,0.1387852922729824,20385
rxn:1:62688:2140,0.1386276304721832,20385
rxn:1:41904:2050,0.1382121308283372,20385
rxn:1:61827:12166,0.1379220426082611,20385
rxn:1:63670:7772,0.1368198286403309,20385
rxn:1:63670:37822,0.1359606186548868,20385
rxn:1:41650:1825,0.1357452301751999,20385
rxn:1:43799:38932,0.1228555959203968,20385
rxn:1:65753:37717,0.1205954933166503,20385
rxn:1:44538:11521,0.0495972633361816,20385
rxn:1:65024:7379,0.0367249206260398,20385
rxn:1:63670:32000,0.1565521955490112,20386
rxn:1:61827:11753,0.1546803572598626,20386
rxn:1:59830:31372,0.1538057776464932,20386
rxn:1:57012:38682,0.1531833513923313,20386
rxn:1:61827:23623,0.152888344724973,20386
rxn:1:63670:28691,0.1518427991505825,20386
rxn:1:61827:11996,0.1503353129353439,20386
rxn:1:61827:3949,0.1492196947336197,20386
rxn:1:62688:558,0.1490036008650796,20386
rxn:1:61827:2140,0.1477108158563312,20386
rxn:1:41711:2047,0.1457883836566538,20386
rxn:1:41923:31360,0.1457587317986921,20386
rxn:1:62688:23883,0.1440994086719694,20386
rxn:1:59830:24341,0.1432188326033993,20386
rxn:1:41923:24035,0.1424637782400933,20386
rxn:1:41711:11724,0.1391120874692523,20386
rxn:1:53095:32494,0.1390449457001268,20386
rxn:1:59985:31331,0.1378141502539317,20386
rxn:1:43708:1825,0.1368316695803687,20386
rxn:1:59985:7777,0.1352954705556233,20386
rxn:1:41711:11848,0.1351252655188242,20386
rxn:1:59985:28491,0.1348350634650578,20386
rxn:1:65770:8718,0.1336905403413634,20386
rxn:1:61827:11826,0.1331698828273349,20386
rxn:1:41904:39019,0.1324252305608807,20386
rxn:1:41711:31800,0.1318769143975299,20386
rxn:1:63670:31195,0.1291980421732342,20386
rxn:1:41711:12136,0.1230456431706746,20386
rxn:1:65662:3803,0.1212647774862864,20386
rxn:1:44486:36607,0.0471204849434833,20386
rxn:1:40684:16502,0.0471138392175946,20386
rxn:1:45949:4172,0.0443191736616114,20386
rxn:1:58460:20066,0.0438984129766021,20386
rxn:1:54784:8047,0.0402524851262569,20386
rxn:1:53681:10036,0.0327356055689354,20386
rxn:1:55948:2912,0.1697591166747243,20387
rxn:1:41711:23539,0.1553576433140298,20387
rxn:1:62688:557,0.1541863836740192,20387
rxn:1:41723:11768,0.1539391392753237,20387
rxn:1:41921:31927,0.145915028594789,20387
rxn:1:41711:11772,0.1454292347556666,20387
rxn:1:43756:11768,0.1445845989953904,20387
rxn:1:65661:1663,0.1444162229696909,20387
rxn:1:62688:11772,0.1437069565057754,20387
rxn:1:59847:31425,0.1427494770004636,20387
rxn:1:57011:31454,0.142238210548054,20387
rxn:1:41923:24101,0.1412805806506764,20387
rxn:1:55948:28050,0.1400715410709381,20387
rxn:1:62688:38388,0.1398257255554199,20387
rxn:1:55948:14011,0.1388430327177047,20387
rxn:1:62688:2498,0.1387832909822464,20387
rxn:1:54959:38682,0.1374759847919146,20387
rxn:1:59985:3000,0.1359701031132748,20387
rxn:1:57043:38682,0.1358900510746499,20387
rxn:1:65306:31376,0.134321548722007,20387
rxn:1:42016:20555,0.1338623935977617,20387
rxn:1:61827:14984,0.1334044745093897,20387
rxn:1:62688:1160,0.1302941549908031,20387
rxn:1:62688:2059,0.1284143140441493,20387
rxn:1:62588:32522,0.127221195321334,20387
rxn:1:41904:37762,0.1250042631512596,20387
rxn:1:55948:12458,0.1185261416435241,20387
rxn:1:41547:23539,0.10216442398403,20387
rxn:1:42665:23539,0.0981060266494751,20387
rxn:1:65570:23879,0.0286446190797365,20387
rxn:1:55948:31376,0.1693236012207834,20388
rxn:1:41904:31469,0.1647335234142485,20388
rxn:1:62688:31786,0.1609226810304742,20388
rxn:1:55948:2137,0.159314099111055,20388
rxn:1:61827:23085,0.1570501029491424,20388
rxn:1:43683:39292,0.1570417881011963,20388
rxn:1:57013:39021,0.1544272899627685,20388
rxn:1:55948:3505,0.1507752180099487,20388
rxn:1:59985:32041,0.147988132068089,20388
rxn:1:41711:2061,0.1479348063468933,20388
rxn:1:55948:23522,0.1478894182613917,20388
rxn:1:41907:11768,0.1464796492031642,20388
rxn:1:41711:6010,0.1459846973419189,20388
rxn:1:62688:39421,0.1457688868045807,20388
rxn:1:62688:4091,0.1454344420205979,20388
rxn:1:62688:2054,0.1454258918762207,20388
rxn:1:61827:2060,0.1427344648461593,20388
rxn:1:62688:7755,0.1420812427997589,20388
rxn:1:62588:2836,0.1415256432124546,20388
rxn:1:41711:11720,0.1411142098276238,20388
rxn:1:41904:39016,0.1409440419890663,20388
rxn:1:41790:37717,0.1355460211634636,20388
rxn:1:65678:8718,0.1347429914907975,20388
rxn:1:41907:3699,0.1346834387098039,20388
rxn:1:41918:1825,0.1346361693881806,20388
rxn:1:41904:23538,0.1320511028170585,20388
rxn:1:41904:24035,0.1319592107426036,20388
rxn:1:41977:2983,0.1272829500111666,20388
rxn:1:57013:28139,0.1191935268315401,20388
rxn:1:55948:23521,0.1161192890844847,20388
rxn:1:40644:32285,0.0521420871510225,20388
rxn:1:42507:24393,0.0502485819160938,20388
rxn:1:56591:10818,0.0322081935405731,20388
rxn:1:58126:32462,0.0298555722603431,20388
rxn:1:59779:6772,0.0277947278486357,20388
rxn:1:41711:23623,0.1594831297794977,20389
rxn:1:41917:31454,0.1576287773522463,20389
rxn:1:55948:31609,0.1518709481808177,20389
rxn:1:62688:2058,0.151210273305575,20389
rxn:1:53095:31811,0.1507784818348131,20389
rxn:1:53017:39021,0.1494054225358096,20389
rxn:1:59830:2955,0.1479694184028741,20389
rxn:1:43781:39021,0.1477048405702563,20389
rxn:1:51384:20555,0.1473895092805226,20389
rxn:1:59915:28691,0.1473384870999101,20389
rxn:1:41926:20555,0.1469828339590542,20389
rxn:1:61827:11741,0.1451702073768333,20389
rxn:1:41917:20555,0.1440281384233115,20389
rxn:1:59997:20555,0.1399049077715192,20389
rxn:1:55948:37822,0.1389911618887209,20389
rxn:1:59915:2912,0.1382643489374054,20389
rxn:1:51571:20555,0.1373318276471562,20389
rxn:1:61827:9269,0.1369514867924807,20389
rxn:1:41923:35061,0.136770733528667,20389
rxn:1:59985:7776,0.1360173890988032,20389
rxn:1:41923:9307,0.1357954570225306,20389
rxn:1:59915:27954,0.1355737257694852,20389
rxn:1:42029:2042,0.1331089954627188,20389
rxn:1:41791:37717,0.1316430585251914,20389
rxn:1:55948:36849,0.1303297060005592,20389
rxn:1:57075:20555,0.1300163881646262,20389
rxn:1:41904:32521,0.1247251885277884,20389
rxn:1:62688:665,0.1232971364543551,20389
rxn:1:41458:11768,0.120370624557374,20389
rxn:1:55948:39489,0.1083925940372325,20389
rxn:1:55948:2527,0.1647905608018239,20390
rxn:1:55948:28813,0.1582380294799804,20390
rxn:1:49433:2912,0.1563657359643415,20390
rxn:1:41921:8718,0.151046332987872,20390
rxn:1:41917:8718,0.1508656008677049,20390
rxn:1:61827:38536,0.1505724066182186,20390
rxn:1:55948:24342,0.1503700017929077,20390
rxn:1:43671:1461,0.1501002383232116,20390
rxn:1:41923:39019,0.1488361099491948,20390
rxn:1:59985:23584,0.1462024052937825,20390
rxn:1:62688:23085,0.1457680662473043,20390
rxn:1:53017:8718,0.1412876163210187,20390
rxn:1:62688:37700,0.1405811250209808,20390
rxn:1:42234:38814,0.1401375929514567,20390
rxn:1:62688:31399,0.1387919868741716,20390
rxn:1:62688:2228,0.1371950298547744,20390
rxn:1:51617:8718,0.1366327032446861,20390
rxn:1:50513:8718,0.1361835442091289,20390
rxn:1:63670:35061,0.135964501987804,20390
rxn:1:41907:11720,0.1319361548674734,20390
rxn:1:52479:31376,0.1303650399912958,20390
rxn:1:41711:7288,0.1301862001419067,20390
rxn:1:49432:1826,0.1283785189901079,20390
rxn:1:62327:1858,0.1279438346624374,20390
rxn:1:59985:22633,0.1254366934299469,20390
rxn:1:41711:578,0.1195522802216666,20390
rxn:1:43781:37717,0.1189040889342625,20390
rxn:1:62178:22911,0.079256166703999,20390
rxn:1:55322:38727,0.0709173587652353,20390
rxn:1:40495:15882,0.0562064187093214,20390
rxn:1:62565:10331,0.0481973980602465,20390
rxn:1:49324:19826,0.035211281850934,20390
rxn:1:59985:1972,0.1582317411899566,20391
rxn:1:65328:28048,0.1556110193854884,20391
rxn:1:43756:11724,0.1522306516056969,20391
rxn:1:57011:8718,0.1514562747695229,20391
rxn:1:55948:27875,0.1497197806835174,20391
rxn:1:65661:31454,0.1460446828887576,20391
rxn:1:41904:3674,0.144673738790595,20391
rxn:1:41227:20555,0.1435761054356893,20391
rxn:1:62688:6125,0.1432116238967232,20391
rxn:1:59985:31376,0.1413678498495192,20391
rxn:1:43719:24172,0.1404682931147123,20391
rxn:1:41711:23085,0.13911212682724,20391
rxn:1:61506:8718,0.1390205770730972,20391
rxn:1:53017:37717,0.1389361516289089,20391
rxn:1:55948:31811,0.1380172338750627,20391
rxn:1:59982:20555,0.1377271467989141,20391
rxn:1:56986:8718,0.1325606289117232,20391
rxn:1:62588:31804,0.1309022436971249,20391
rxn:1:41711:27954,0.1237921818442966,20391
rxn:1:55948:39264,0.1231308171623631,20391
rxn:1:41904:31523,0.1229687758854457,20391
rxn:1:41792:37717,0.1222941080729166,20391
rxn:1:54960:8718,0.1201682401740032,20391
rxn:1:57012:39021,0.1200324141460916,20391
rxn:1:41923:7252,0.1187397649413661,20391
rxn:1:63757:32000,0.1179395318031311,20391
rxn:1:43799:38363,0.1147258903669274,20391
rxn:1:62327:8718,0.1045373280843098,20391
rxn:1:59830:3699,0.0976827695965767,20391
rxn:1:42530:3488,0.0518332333178133,20391
rxn:1:63757:245,0.1551068554753842,20392
rxn:1:59985:14101,0.1514131834632472,20392
rxn:1:41916:31454,0.1486544961279088,20392
rxn:1:41711:3733,0.1468718562807355,20392
rxn:1:59985:36849,0.1452982823053995,20392
rxn:1:41711:23839,0.1438520550727844,20392
rxn:1:41904:8558,0.1435529719228329,20392
rxn:1:55948:37345,0.1422777694204579,20392
rxn:1:62688:31436,0.1420709301124919,20392
rxn:1:59985:2050,0.1417944682271857,20392
rxn:1:41904:23656,0.1409152041782032,20392
rxn:1:62688:2196,0.140796905472165,20392
rxn:1:65661:37839,0.1406590057455975,20392
rxn:1:41711:6125,0.1393186341632496,20392
rxn:1:56069:20555,0.1391772844574668,20392
rxn:1:53452:20555,0.1370715227994051,20392
rxn:1:59985:1858,0.1355827450752258,20392
rxn:1:62688:0,0.1355455650223626,20392
rxn:1:62588:23656,0.135243010520935,20392
rxn:1:54992:20555,0.1333547284205754,20392
rxn:1:41836:11768,0.1333179757708595,20392
rxn:1:41711:2035,0.1332267146361501,20392
rxn:1:62688:31609,0.1315050816535949,20392
rxn:1:62688:18086,0.1275434171160062,20392
rxn:1:58687:31259,0.1218054294586181,20392
rxn:1:63757:28691,0.1210519563068043,20392
rxn:1:55948:11749,0.1120809763669967,20392
rxn:1:43683:31811,0.1118555389917813,20392
rxn:1:55948:855,0.103445549805959,20392
rxn:1:65678:31469,0.1028747694058851,20392
rxn:1:48190:31675,0.0746553596109151,20392
rxn:1:56097:16145,0.0441747689858461,20392
rxn:1:50475:37222,0.0335261791180341,20392
rxn:1:42250:12269,0.0244519015153249,20392
rxn:1:41917:2918,0.1530325412750244,20393
rxn:1:49433:3369,0.1475117564201355,20393
rxn:1:41924:31463,0.1465214219960299,20393
rxn:1:57011:31836,0.1451854187509288,20393
rxn:1:59847:20555,0.142026427117261,20393
rxn:1:57506:20555,0.1415749526023864,20393
rxn:1:41921:38814,0.1411316069689664,20393
rxn:1:62688:2666,0.1407370056424822,20393
rxn:1:57011:39016,0.1406096116356227,20393
rxn:1:61827:12152,0.1400819023450215,20393
rxn:1:41904:31896,0.1400297880172729,20393
rxn:1:49433:2955,0.1393207226480756,20393
rxn:1:41984:2983,0.1366762762719934,20393
rxn:1:44499:39292,0.1357491385369073,20393
rxn:1:59985:2912,0.1352294257708958,20393
rxn:1:41711:11736,0.1349619805812835,20393
rxn:1:41711:23873,0.131486382484436,20393
rxn:1:59985:2836,0.1294274270534515,20393
rxn:1:43719:23623,0.1291514933109283,20393
rxn:1:59915:28048,0.1287408868471781,20393
rxn:1:62688:1352,0.1284616097160007,20393
rxn:1:41865:3674,0.1263116349776586,20393
rxn:1:59985:16776,0.1233339372434114,20393
rxn:1:55948:37110,0.1190700282653172,20393
rxn:1:65661:31224,0.1159427222751435,20393
rxn:1:54992:8718,0.1153452266817507,20393
rxn:1:52694:37717,0.1152164694808778,20393
rxn:1:61827:13971,0.1126402070124944,20393
rxn:1:55948:23483,0.1071186661720275,20393
rxn:1:44507:4081,0.0528588891029357,20393
rxn:1:53884:11582,0.0448080583622581,20393
rxn:1:59395:15939,0.0318660829748426,20393
rxn:1:45041:36063,0.0210667831056258,20393
rxn:1:53095:31500,0.1589179352710121,20394
rxn:1:62688:31396,0.1559561220082369,20394
rxn:1:62688:24172,0.1548248052597046,20394
rxn:1:59985:23521,0.1486972683951968,20394
rxn:1:62688:2192,0.1484541475772857,20394
rxn:1:62389:37737,0.1483278217769804,20394
rxn:1:49433:107,0.1469539729031649,20394
rxn:1:41711:23101,0.1450018972158432,20394
rxn:1:54962:38682,0.1432292188207308,20394
rxn:1:62688:31518,0.1424318931319496,20394
rxn:1:55948:31751,0.1409469723701477,20394
rxn:1:41904:3001,0.1398392455144362,20394
rxn:1:43781:39742,0.1389065595234141,20394
rxn:1:57011:38364,0.1386524438858032,20394
rxn:1:59985:7141,0.1383889079093933,20394
rxn:1:41904:2989,0.137499218637293,20394
rxn:1:65679:3803,0.1344306225126439,20394
rxn:1:53562:32689,0.1341721388426694,20394
rxn:1:62688:28139,0.1334288824688304,20394
rxn:1:41904:20555,0.1314675428650596,20394
rxn:1:62688:11935,0.1304808467626571,20394
rxn:1:41923:31425,0.12827068567276,20394
rxn:1:61884:20555,0.1276108340213173,20394
rxn:1:57012:8718,0.1255256940018047,20394
rxn:1:65654:8718,0.124001233474068,20394
rxn:1:59985:31469,0.123381730582979,20394
rxn:1:59985:31225,0.118700152949283,20394
rxn:1:41805:578,0.1176654951913016,20394
rxn:1:62588:6238,0.1145349088169279,20394
rxn:1:62688:38682,0.1112992711689161,20394
rxn:1:65661:31376,0.1061012372374534,20394
rxn:1:43799:2912,0.101009754034189,20394
rxn:1:56788:6553,0.0688089558056422,20394
rxn:1:52646:28873,0.044043390239988,20394
rxn:1:51986:30612,0.0370581157505512,20394
rxn:1:52555:2511,-0.0017677736282348,20394
rxn:1:63670:1730,0.1560007178265115,20395
rxn:1:65328:31372,0.1515593549661469,20395
rxn:1:62688:31854,0.148990394671758,20395
rxn:1:62688:31723,0.1452259927514999,20395
rxn:1:41923:20555,0.1445872006209,20395
rxn:1:62688:31232,0.1445579292282225,20395
rxn:1:43730:23623,0.1423005064328511,20395
rxn:1:61827:7759,0.1407975713411967,20395
rxn:1:42304:20555,0.1406761137644449,20395
rxn:1:62688:30483,0.1400026502934369,20395
rxn:1:54959:8718,0.1399356100870215,20395
rxn:1:43719:23085,0.1391135632991791,20395
rxn:1:42235:20555,0.1385808610916137,20395
rxn:1:55948:24341,0.1384670818061159,20395
rxn:1:57011:31469,0.1384180973876606,20395
rxn:1:53095:31609,0.137744590640068,20395
rxn:1:62688:23623,0.1373038840672326,20395
rxn:1:56997:1853,0.1367771029472351,20395
rxn:1:61272:20555,0.1366469164689382,20395
rxn:1:59985:388,0.1353844435591446,20395
rxn:1:56998:20555,0.1344910345294258,20395
rxn:1:41923:3001,0.1336762585501739,20395
rxn:1:62588:7779,0.1330070802659699,20395
rxn:1:41711:31469,0.1327661086642553,20395
rxn:1:43719:23101,0.132758492231369,20395
rxn:1:63757:1848,0.1317942521788857,20395
rxn:1:61827:2058,0.130218551869978,20395
rxn:1:62327:23539,0.1290018007159233,20395
rxn:1:55948:14366,0.1281375937294541,20395
rxn:1:41495:23539,0.128103532652924,20395
rxn:1:59830:31110,0.1258973717689514,20395
rxn:1:41916:37717,0.1243969251712163,20395
rxn:1:62588:2912,0.1242248027613668,20395
rxn:1:52304:24341,0.0576379004451963,20395
rxn:1:49640:14607,0.0497161101727258,20395
rxn:1:53759:12438,0.0476090630404969,20395
rxn:1:61317:36342,0.0415977639983398,20395
rxn:1:43207:38767,-0.0055050209928781,20395
rxn:1:62720:33476,-0.0095655139949586,20395
rxn:1:43684:39292,0.160852689492075,20396
rxn:1:57011:39021,0.154271618179653,20396
rxn:1:61827:2093,0.1474258648721795,20396
rxn:1:41718:31836,0.1464586881074038,20396
rxn:1:49433:7372,0.1458645094008673,20396
rxn:1:62688:38433,0.1454610556364059,20396
rxn:1:57011:31915,0.1450842916965484,20396
rxn:1:55948:7351,0.1440029872788323,20396
rxn:1:55948:13689,0.1435039401054382,20396
rxn:1:65661:31195,0.1425783281976526,20396
rxn:1:61827:2054,0.1416030055598209,20396
rxn:1:62588:16783,0.1403360395204453,20396
rxn:1:41923:31376,0.1401681232452392,20396
rxn:1:62688:31180,0.1398981972174211,20396
rxn:1:41711:31518,0.1387434913998558,20396
rxn:1:63670:2912,0.13855314773062,20396
rxn:1:57068:20555,0.1367868607242902,20396
rxn:1:62688:1825,0.1367166204886003,20396
rxn:1:55948:1972,0.1343738701608446,20396
rxn:1:41923:38287,0.133277063784392,20396
rxn:1:41904:17740,0.1321157664060592,20396
rxn:1:59915:32501,0.1315132535022238,20396
rxn:1:49433:38943,0.1303006316486158,20396
rxn:1:57013:8718,0.1275361207398501,20396
rxn:1:55948:2242,0.1200793542360004,20396
rxn:1:53095:31935,0.1187045441733466,20396
rxn:1:59817:2836,0.1168432903289795,20396
rxn:1:41921:31498,0.1154257758803989,20396
rxn:1:55948:12649,0.1138727712631225,20396
rxn:1:42737:8718,0.1023055505752563,20396
rxn:1:50865:31966,0.0425264062359929,20396
rxn:1:54853:39552,0.0384331146876017,20396
rxn:1:64186:36200,0.0283851560793424,20396
rxn:1:56945:2939,0.0198659932974613,20396
rxn:1:49570:33524,0.0083077708880106,20396
rxn:1:41921:31821,0.1556165814399719,20397
rxn:1:61827:24172,0.1517447672392192,20397
rxn:1:62688:3729,0.1516696631908416,20397
rxn:1:61827:3659,0.1502551436424255,20397
rxn:1:52906:37717,0.1472083005038174,20397
rxn:1:62327:31372,0.1446680625279744,20397
rxn:1:55948:31750,0.144264742732048,20397
rxn:1:41921:23471,0.144224538044496,20397
rxn:1:53562:31957,0.1432381678711284,20397
rxn:1:52694:20555,0.1398559659719467,20397
rxn:1:65661:37843,0.1379481320795805,20397
rxn:1:63670:1848,0.1379135847091674,20397
rxn:1:62688:572,0.1377873169748406,20397
rxn:1:41921:39021,0.1371246679969456,20397
rxn:1:62688:34570,0.1368760367234548,20397
rxn:1:41904:3947,0.136875642971559,20397
rxn:1:65661:31438,0.1366136236624284,20397
rxn:1:61827:10890,0.1357813036960104,20397
rxn:1:55948:13236,0.1357270050048828,20397
rxn:1:65328:2912,0.1319867090175026,20397
rxn:1:43800:37717,0.1277048826217651,20397
rxn:1:59985:24341,0.1275527477264404,20397
rxn:1:60641:8718,0.1273576176684835,20397
rxn:1:55904:31376,0.1270026889714327,20397
rxn:1:55948:2955,0.1264572574032677,20397
rxn:1:62588:38286,0.1262517908345098,20397
rxn:1:61827:2009,0.1217919713572451,20397
rxn:1:59847:8718,0.120332400004069,20397
rxn:1:41904:38744,0.116510442325047,20397
rxn:1:41711:32146,0.1149348139762878,20397
rxn:1:41918:578,0.1147425231479463,20397
rxn:1:57011:32044,0.1129385466160981,20397
rxn:1:41458:11724,0.111348081202734,20397
rxn:1:62588:2131,0.1069182941788121,20397
rxn:1:46134:36120,0.0495473957724041,20397
rxn:1:65097:525,0.0491129177989381,20397
rxn:1:50499:7964,0.028763273448655,20397
rxn:1:53066:2584,0.0182690141779003,20397
rxn:1:48903:23068,0.0175484844616481,20397
rxn:1:55948:412,0.1617363467812538,20398
rxn:1:54960:38682,0.1555091440677642,20398
rxn:1:43730:2140,0.1523702772040116,20398
rxn:1:41923:524,0.1511730334975502,20398
rxn:1:49433:7771,0.1508494047891526,20398
rxn:1:41921:32044,0.1497819164524907,20398
rxn:1:59915:1730,0.1465920557578404,20398
rxn:1:59985:1920,0.1465191472144354,20398
rxn:1:61827:28514,0.1454453289508819,20398
rxn:1:55948:18192,0.1453289339939753,20398
rxn:1:55039:8718,0.1450232143203417,20398
rxn:1:41904:31333,0.1427662372589111,20398
rxn:1:55948:31372,0.1424230807705929,20398
rxn:1:63670:14361,0.1419537793035092,20398
rxn:1:59985:31609,0.1417620721317473,20398
rxn:1:49433:966,0.139738537016369,20398
rxn:1:62588:1176,0.1396216392517089,20398
rxn:1:41613:1825,0.139213896933056,20398
rxn:1:55948:35845,0.1389601652820905,20398
rxn:1:45334:38682,0.1382450331812319,20398
rxn:1:42018:2051,0.1382167501883073,20398
rxn:1:57011:38802,0.1363476174218314,20398
rxn:1:43719:23839,0.1354899764060974,20398
rxn:1:41921:37759,0.1352052200924266,20398
rxn:1:61827:7723,0.1327736754166452,20398
rxn:1:42796:2756,0.1326145696640014,20398
rxn:1:41921:23538,0.1309776353836059,20398
rxn:1:43799:39021,0.129783680041631,20398
rxn:1:53095:27954,0.1293603621031108,20398
rxn:1:63757:395,0.1290542076934467,20398
rxn:1:55948:14357,0.1278461184766557,20398
rxn:1:55039:20555,0.1272110509872436,20398
rxn:1:41921:39104,0.1213839595968073,20398
rxn:1:41921:37851,0.1129708601080853,20398
rxn:1:62688:31930,0.0897056297822432,20398
rxn:1:50898:4409,0.0622514494591289,20398
rxn:1:58724:24114,0.0472071921003275,20398
rxn:1:65063:3426,0.0465609045589671,20398
rxn:1:50760:12782,0.0406492003372737,20398
rxn:1:61827:31232,0.1626454472541809,20399
rxn:1:43781:38682,0.1558164824610171,20399
rxn:1:47710:1826,0.1499031533797582,20399
rxn:1:62688:3295,0.1486425371397109,20399
rxn:1:61827:31333,0.1471352889424278,20399
rxn:1:41718:23723,0.1465319708773964,20399
rxn:1:61827:2196,0.1447697818279266,20399
rxn:1:62688:3699,0.143687524578788,20399
rxn:1:62688:34531,0.1423859828048282,20399
rxn:1:41711:28528,0.1418142259120941,20399
rxn:1:61827:3210,0.1417448937892914,20399
rxn:1:43680:31454,0.1417321835954984,20399
rxn:1:41904:3313,0.1413942523624586,20399
rxn:1:61827:28663,0.1393724711317765,20399
rxn:1:55948:31500,0.1363294786877102,20399
rxn:1:41904:31500,0.1357267654460409,20399
rxn:1:61827:3870,0.1351203203201293,20399
rxn:1:61827:34570,0.1345122316304375,20399
rxn:1:62688:12269,0.1341738727959719,20399
rxn:1:65678:23539,0.1336746489008267,20399
rxn:1:65678:31168,0.1332782561128789,20399
rxn:1:59985:38492,0.1331738889217376,20399
rxn:1:62688:39389,0.1301632434129715,20399
rxn:1:65328:31376,0.1272140302156147,20399
rxn:1:41973:38814,0.126959662074628,20399
rxn:1:59879:23539,0.1269289826353391,20399
rxn:1:41923:2652,0.1267001628875732,20399
rxn:1:41711:23844,0.1248775720596313,20399
rxn:1:45353:8718,0.1245916796767193,20399
rxn:1:41923:28519,0.122339646021525,20399
rxn:1:41923:31358,0.1222010146487842,20399
rxn:1:41711:7096,0.1219561601939954,20399
rxn:1:55948:31641,0.1075251996517181,20399
rxn:1:61088:14607,0.0613995473831892,20399
rxn:1:53479:10840,0.0500847294050104,20399
rxn:1:44792:19280,0.0485918919245402,20399
rxn:1:50727:15317,0.0311181400761459,20399
rxn:1:61827:2192,0.1623743960731908,20400
rxn:1:61827:23723,0.1518734756268953,20400
rxn:1:41904:38955,0.1481664284415867,20400
rxn:1:61780:31836,0.1477168357890585,20400
rxn:1:65678:31333,0.146052753383463,20400
rxn:1:63670:3871,0.1456677143772443,20400
rxn:1:41718:11720,0.1438516629369635,20400
rxn:1:41711:23723,0.1437466395528693,20400
rxn:1:61827:31180,0.1436075880413963,20400
rxn:1:62588:30475,0.1421568268223812,20400
rxn:1:49585:31500,0.1421059056332236,20400
rxn:1:43800:39742,0.1415465606583489,20400
rxn:1:63670:32049,0.1414502533999356,20400
rxn:1:43756:11848,0.1412921130657196,20400
rxn:1:41918:2140,0.1409097658960443,20400
rxn:1:41973:2983,0.1405888579108498,20400
rxn:1:43756:1825,0.1403459168615795,20400
rxn:1:41923:31431,0.1387285447120666,20400
rxn:1:59830:1730,0.1384476682414179,20400
rxn:1:61827:2239,0.1379164278507232,20400
rxn:1:43678:39292,0.1372000167244359,20400
rxn:1:45334:39018,0.1336115546848462,20400
rxn:1:42029:7755,0.1325111420531022,20400
rxn:1:62688:11880,0.1308005392551422,20400
rxn:1:43756:2836,0.1275917965432872,20400
rxn:1:65678:31611,0.1262299340704213,20400
rxn:1:45334:39021,0.1252057345017143,20400
rxn:1:55948:1730,0.1251655503323203,20400
rxn:1:41711:383,0.1216932336489359,20400
rxn:1:57013:31454,0.121013115752827,20400
rxn:1:41917:1881,0.1194003872249437,20400
rxn:1:41921:31463,0.1187448880889199,20400
rxn:1:55948:27954,0.1155489087104797,20400
rxn:1:41487:23539,0.1084095395129659,20400
rxn:1:42029:2054,0.1077627178869749,20400
rxn:1:50569:33764,0.0536619095425856,20400
rxn:1:55784:14414,0.0419731298461556,20400
rxn:1:51869:13938,0.0371552790914263,20400
rxn:1:41921:1881,0.1546592323676399,20401
rxn:1:61827:23101,0.1501403182744979,20401
rxn:1:61827:31396,0.1484868583225068,20401
rxn:1:46035:39292,0.1472537772996085,20401
rxn:1:62688:23723,0.1460343539714813,20401
rxn:1:43730:31425,0.1445539338248116,20401
rxn:1:43730:3722,0.1444155176480611,20401
rxn:1:41723:31518,0.1443085585321699,20401
rxn:1:65662:37717,0.1443032389101775,20401
rxn:1:57043:20555,0.1441067716349726,20401
rxn:1:49433:7697,0.1436552178292047,20401
rxn:1:41718:23281,0.1431771306430592,20401
rxn:1:41907:11724,0.1365252676464262,20401
rxn:1:59915:31333,0.1356840474264962,20401
rxn:1:41904:39017,0.1356514963236722,20401
rxn:1:41711:30483,0.1356499649229504,20401
rxn:1:61827:28684,0.1346693992614746,20401
rxn:1:61780:31333,0.1327607008543881,20401
rxn:1:42046:20555,0.132182128727436,20401
rxn:1:59915:2140,0.1298437369497198,20401
rxn:1:65679:31454,0.1295679916035045,20401
rxn:1:61827:35359,0.1289956914751153,20401
rxn:1:59985:29051,0.1285455851327805,20401
rxn:1:63757:2912,0.127900815528372,20401
rxn:1:65678:31224,0.1276508949019692,20401
rxn:1:45354:38682,0.1253845592339833,20401
rxn:1:61827:34531,0.1243204088772044,20401
rxn:1:59927:31372,0.1192981030630028,20401
rxn:1:43671:1335,0.1133924201130867,20401
rxn:1:64433:7772,0.1078145682811737,20401
rxn:1:47972:30236,0.0608796153152198,20401
rxn:1:47345:9252,0.0585185273417404,20401
rxn:1:65178:21936,0.0425049018215488,20401
rxn:1:50334:25318,0.0329780666491924,20401
rxn:1:61906:39622,0.0033670554558436,20401
rxn:1:62588:2686,0.1538538054416054,20402
rxn:1:40474:39292,0.1530767261981964,20402
rxn:1:55948:3509,0.1510409981012344,20402
rxn:1:43671:20489,0.1486289993576381,20402
rxn:1:41723:23539,0.1476440481517626,20402
rxn:1:63757:24341,0.1460224519605222,20402
rxn:1:43719:12195,0.1453529983758926,20402
rxn:1:41923:2689,0.1452637802470814,20402
rxn:1:62688:13825,0.1444431055675853,20402
rxn:1:62588:23561,0.1437211658643639,20402
rxn:1:61827:3265,0.1431664228439331,20402
rxn:1:59915:412,0.1416404928479875,20402
rxn:1:41904:32494,0.1413837515789529,20402
rxn:1:41923:38600,0.1397999723752339,20402
rxn:1:59853:7772,0.1396770079930623,20402
rxn:1:62688:11723,0.1396748802878639,20402
rxn:1:41916:31957,0.1387554027817466,20402
rxn:1:41977:31526,0.137269967276117,20402
rxn:1:63670:14101,0.1362796028455098,20402
rxn:1:49432:3127,0.1322228157001992,20402
rxn:1:62588:22633,0.1309614467620849,20402
rxn:1:63670:31936,0.1308524381546747,20402
rxn:1:62688:31620,0.1301760105859665,20402
rxn:1:54930:8718,0.1290345589319864,20402
rxn:1:65306:32512,0.1263992948965593,20402
rxn:1:43756:31063,0.1259514831361316,20402
rxn:1:41916:1881,0.1217417250508847,20402
rxn:1:65770:31224,0.1214613344358361,20402
rxn:1:43683:31500,0.0970242321491241,20402
rxn:1:41918:31425,0.1582625763756888,20403
rxn:1:62688:11740,0.151861310005188,20403
rxn:1:41921:122,0.1481561064720153,20403
rxn:1:62688:23101,0.1446254366920107,20403
rxn:1:49433:7776,0.1440380073729015,20403
rxn:1:43671:2983,0.1423806936844535,20403
rxn:1:62688:3920,0.1419110238552093,20403
rxn:1:41904:31520,0.1416325313704354,20403
rxn:1:41917:31821,0.1415286478788956,20403
rxn:1:53562:31639,0.1409791827201843,20403
rxn:1:41975:20555,0.1409571766853332,20403
rxn:1:41723:11724,0.1404318497294471,20403
rxn:1:61827:6010,0.1400903403759002,20403
rxn:1:43730:11720,0.1399690351988139,20403
rxn:1:41718:8535,0.138272481806138,20403
rxn:1:59915:28683,0.138167425205833,20403
rxn:1:62688:12195,0.1369798552422296,20403
rxn:1:62588:1123,0.1360619891257513,20403
rxn:1:41904:2051,0.1356503204865889,20403
rxn:1:41923:38955,0.135276382168134,20403
rxn:1:41921:2179,0.1342076301574707,20403
rxn:1:61827:23839,0.1341940402984619,20403
rxn:1:41923:31836,0.134113363597704,20403
rxn:1:65678:491,0.1340701959349892,20403
rxn:1:41711:582,0.1329127031823863,20403
rxn:1:57011:39011,0.1289544312850288,20403
rxn:1:62688:2912,0.1261723661422729,20403
rxn:1:65609:23539,0.1256251285473505,20403
rxn:1:59985:28048,0.1250661952154977,20403
rxn:1:41723:31232,0.1227087676525116,20403
rxn:1:41624:31836,0.1184120774269104,20403
rxn:1:55948:36399,0.1154230293773469,20403
rxn:1:57012:1881,0.1086647225462872,20403
rxn:1:41918:31930,0.1572358721778506,20404
rxn:1:62688:11996,0.1487450748682022,20404
rxn:1:43671:2756,0.1486330861630647,20404
rxn:1:62688:12227,0.1459848880767822,20404
rxn:1:62688:11753,0.1443665358755323,20404
rxn:1:59856:31526,0.1441975392793354,20404
rxn:1:54937:1881,0.1435316256854845,20404
rxn:1:65678:31054,0.1418221543232599,20404
rxn:1:41711:7346,0.1414450747626168,20404
rxn:1:41916:578,0.1410300135612487,20404
rxn:1:41916:31520,0.1407026702707464,20404
rxn:1:41907:23623,0.1384164810180664,20404
rxn:1:62688:3659,0.1384059518575668,20404
rxn:1:62688:23539,0.1363104283809662,20404
rxn:1:54960:31836,0.135207583506902,20404
rxn:1:65678:38390,0.1348146256946382,20404
rxn:1:62588:7772,0.1348065591993786,20404
rxn:1:62588:8647,0.1339250564575195,20404
rxn:1:61827:1050,0.133922537167867,20404
rxn:1:41916:31168,0.1334577744657343,20404
rxn:1:42029:3262,0.1320800525801522,20404
rxn:1:59985:1832,0.1278257447740306,20404
rxn:1:59915:27961,0.1251255472501119,20404
rxn:1:63670:31527,0.1173342154139564,20404
rxn:1:41907:23539,0.0940303336019101,20404
rxn:1:61656:31526,0.1557743794777814,20405
rxn:1:42773:2983,0.1534537341859605,20405
rxn:1:62688:28683,0.1516156286001205,20405
rxn:1:41924:32091,0.1493175910866779,20405
rxn:1:41916:38682,0.148364271806634,20405
rxn:1:59856:31699,0.1476734564417884,20405
rxn:1:65706:23539,0.1470492172241211,20405
rxn:1:61657:31526,0.1463060168658985,20405
rxn:1:41847:37717,0.1462585106492042,20405
rxn:1:43730:23539,0.1449726241222326,20405
rxn:1:62688:3887,0.1446823069923802,20405
rxn:1:59915:23101,0.1437836418549219,20405
rxn:1:59985:28185,0.1437729895114898,20405
rxn:1:61827:11740,0.1437041841301263,20405
rxn:1:59992:31526,0.1432531549219499,20405
rxn:1:53017:39011,0.1413940471230131,20405
rxn:1:61827:2025,0.1410643322425976,20405
rxn:1:42029:13971,0.1406688513579191,20405
rxn:1:63757:31372,0.1389539371366086,20405
rxn:1:41865:31957,0.1368971828258398,20405
rxn:1:43719:31425,0.1367010994563027,20405
rxn:1:61827:2190,0.135385039779875,20405
rxn:1:65678:31454,0.1347873120596914,20405
rxn:1:41905:37717,0.1344016038853189,20405
rxn:1:61827:7086,0.1343896845976511,20405
rxn:1:41923:32742,0.1330014683983542,20405
rxn:1:41836:31836,0.131412308324467,20405
rxn:1:41624:31425,0.1286150283283657,20405
rxn:1:52906:32044,0.1284897403111533,20405
rxn:1:62588:31624,0.1268964399894078,20405
rxn:1:49433:7765,0.1215362846851348,20405
rxn:1:56989:37717,0.1203539967536926,20405
rxn:1:62588:14364,0.1092346721526348,20405
rxn:1:60678:21009,0.0493183533350626,20405
rxn:1:49861:18630,0.0416632211870617,20405
rxn:1:60895:24167,-0.0174903601839922,20405
rxn:1:41916:38814,0.1467951590364629,20406
rxn:1:54960:31930,0.146033833856168,20406
rxn:1:41916:39297,0.1451479224931626,20406
rxn:1:41924:23539,0.1446045885483423,20406
rxn:1:62688:12162,0.14441446463267,20406
rxn:1:59853:31526,0.1436939051276759,20406
rxn:1:43756:31425,0.1423462600935073,20406
rxn:1:41917:23656,0.141908516054568,20406
rxn:1:41916:122,0.1416118713942441,20406
rxn:1:42603:39292,0.1401289641857147,20406
rxn:1:42186:2983,0.138868528863658,20406
rxn:1:41711:31930,0.1386287269138154,20406
rxn:1:42029:3659,0.1365933857466045,20406
rxn:1:49433:31811,0.1356423979713803,20406
rxn:1:45353:38682,0.1353908131519953,20406
rxn:1:53017:37737,0.1351404449214106,20406
rxn:1:41924:2918,0.1345325584212938,20406
rxn:1:62688:2114,0.1332158161246258,20406
rxn:1:61838:24238,0.1318820589467098,20406
rxn:1:41260:20555,0.1314178943634033,20406
rxn:1:59985:28691,0.1307032138109207,20406
rxn:1:41918:23539,0.128212166869122,20406
rxn:1:62688:6093,0.1278621781440008,20406
rxn:1:41907:31425,0.1262100424085344,20406
rxn:1:63670:24035,0.1254784095854986,20406
rxn:1:41904:31227,0.1236274242401123,20406
rxn:1:41865:39016,0.1204156927440477,20406
rxn:1:54960:31559,0.1123336760894112,20406
rxn:1:41904:38646,0.1076892465353012,20406
rxn:1:60071:1881,0.1530979059744572,20407
rxn:1:42149:31526,0.1524175650933209,20407
rxn:1:59985:35061,0.1492140014966329,20407
rxn:1:41904:31836,0.1456294439055702,20407
rxn:1:41916:31195,0.1453713273656541,20407
rxn:1:41923:14761,0.1425478304877425,20407
rxn:1:43730:31195,0.1405676079518867,20407
rxn:1:41918:30291,0.1399972732104952,20407
rxn:1:62688:4449,0.1375826674958934,20407
rxn:1:59915:31836,0.1372732483979427,20407
rxn:1:41923:31611,0.1370950246202773,20407
rxn:1:41916:2918,0.1369639519188139,20407
rxn:1:52927:20555,0.1366507609685262,20407
rxn:1:43800:38682,0.1363862777749697,20407
rxn:1:63757:2971,0.1353995899359385,20407
rxn:1:41723:31063,0.1347288016288999,20407
rxn:1:60111:2912,0.1345170911620645,20407
rxn:1:49433:31500,0.1337234065646217,20407
rxn:1:43730:3414,0.1333068907260894,20407
rxn:1:43719:11772,0.13228566395609,20407
rxn:1:43730:3949,0.1317797183990478,20407
rxn:1:42358:31526,0.1310970541976747,20407
rxn:1:62588:104,0.1302064729459358,20407
rxn:1:62688:12179,0.1300569459795952,20407
rxn:1:53095:27875,0.1297917176806737,20407
rxn:1:59853:24238,0.129258089943936,20407
rxn:1:41921:6405,0.1280862508398114,20407
rxn:1:41582:39292,0.127832073966662,20407
rxn:1:62325:31526,0.1275288103907196,20407
rxn:1:53017:39297,0.1261883109807968,20407
rxn:1:53562:31611,0.1257980828699858,20407
rxn:1:61797:31836,0.1223450122457562,20407
rxn:1:61827:2989,0.1208095369916973,20407
rxn:1:61887:20555,0.1207327589844212,20407
rxn:1:65773:37717,0.1142897756894429,20407
rxn:1:55948:23536,0.1120379431205883,20407
rxn:1:41711:571,0.1017029345035552,20407
rxn:1:57156:22738,0.0721905695067511,20407
rxn:1:60153:26381,0.0586957607858924,20407
rxn:1:42903:21893,0.0538573751324101,20407
rxn:1:50902:27744,0.0396857035380822,20407
rxn:1:64151:884,0.0380113445577167,20407
rxn:1:42553:35342,0.1460730200228484,20408
rxn:1:42304:340,0.1459352139270666,20408
rxn:1:55948:29420,0.1458328793446223,20408
rxn:1:41711:6093,0.1456860264142354,20408
rxn:1:53562:31524,0.1441340970270561,20408
rxn:1:43756:3949,0.1419461915890375,20408
rxn:1:43781:31821,0.1404981518137282,20408
rxn:1:43719:3659,0.1403763702041224,20408
rxn:1:41718:23623,0.1389194796482722,20408
rxn:1:41718:38536,0.1388420807687859,20408
rxn:1:41711:37700,0.1383292329938788,20408
rxn:1:59985:205,0.1382452628829262,20408
rxn:1:62327:23656,0.1380533806064672,20408
rxn:1:61827:23838,0.1379541671066953,20408
rxn:1:43628:31957,0.1378439647563989,20408
rxn:1:62688:3733,0.1366949790354931,20408
rxn:1:62547:20555,0.1342113641175356,20408
rxn:1:41921:2513,0.1325756699749918,20408
rxn:1:57014:28139,0.1322061880068345,20408
rxn:1:57087:8718,0.1318554869596508,20408
rxn:1:59325:39089,0.131478086941772,20408
rxn:1:63670:20555,0.1306177869675651,20408
rxn:1:59985:245,0.1300108139477079,20408
rxn:1:41918:31195,0.1299199014902115,20408
rxn:1:62688:12203,0.1297718126704727,20408
rxn:1:59985:23913,0.1293978651364644,20408
rxn:1:41904:39014,0.1291549883105538,20408
rxn:1:43634:39021,0.1284619958864317,20408
rxn:1:55948:2646,0.1284514908437375,20408
rxn:1:41923:39438,0.1276793820517403,20408
rxn:1:41918:31232,0.1276748180389404,20408
rxn:1:61827:11793,0.1267597333148673,20408
rxn:1:63670:31836,0.1264765215298486,20408
rxn:1:41916:8718,0.1255891937198061,20408
rxn:1:41917:3803,0.1225447835344256,20408
rxn:1:49437:3947,0.1492922658270055,20409
rxn:1:42412:1881,0.1454417611423291,20409
rxn:1:41905:2918,0.1443624431672303,20409
rxn:1:43719:1825,0.1435535933290209,20409
rxn:1:61827:11742,0.1428270902898576,20409
rxn:1:41904:2587,0.140154480934143,20409
rxn:1:43730:31232,0.1378958776593208,20409
rxn:1:57043:31336,0.1366190521613411,20409
rxn:1:41711:2836,0.1351615216421044,20409
rxn:1:41918:2054,0.1306097272195314,20409
rxn:1:62688:5913,0.1304541552066803,20409
rxn:1:62688:31258,0.1300099804287865,20409
rxn:1:43730:2036,0.1288294063674079,20409
rxn:1:41923:8678,0.1284790350043255,20409
rxn:1:63670:32041,0.1276098334270974,20409
rxn:1:57014:38646,0.1268650591373443,20409
rxn:1:41916:31915,0.1259713719288508,20409
rxn:1:65673:23584,0.1245699381828308,20409
rxn:1:63757:2955,0.1241694038564508,20409
rxn:1:57013:20555,0.1235648341800855,20409
rxn:1:54993:8718,0.1223091962544814,20409
rxn:1:61787:31372,0.1203077841888774,20409
rxn:1:41904:2664,0.1201848118078141,20409
rxn:1:59830:35061,0.116305486722426,20409
rxn:1:41917:1731,0.1160074905915693,20409
rxn:1:60071:6187,0.1583719611167907,20410
rxn:1:42553:39089,0.1487320415351701,20410
rxn:1:59985:2868,0.1471133947372436,20410
rxn:1:63757:20555,0.1451290051142374,20410
rxn:1:42304:341,0.1426716853271831,20410
rxn:1:61827:31429,0.1414555568586696,20410
rxn:1:41711:2049,0.1411549241646476,20410
rxn:1:62688:11736,0.1401154044128599,20410
rxn:1:41711:7755,0.1386067122220993,20410
rxn:1:62688:31641,0.138010002374649,20410
rxn:1:43671:1421,0.1361059720317523,20410
rxn:1:41718:2140,0.1354215301965412,20410
rxn:1:41923:23584,0.1345869541168212,20410
rxn:1:57012:31438,0.1334971332031747,20410
rxn:1:63757:1730,0.1308822178322335,20410
rxn:1:41923:31930,0.1306215673685073,20410
rxn:1:41918:412,0.1302772604283832,20410
rxn:1:62688:38413,0.1292726021063955,20410
rxn:1:46037:39292,0.1278975747880481,20410
rxn:1:45686:39292,0.1276291489601135,20410
rxn:1:57010:23539,0.1243063447376092,20410
rxn:1:41921:31903,0.1231543895873156,20410
rxn:1:59856:7771,0.1221788795221419,20410
rxn:1:43799:39278,0.1172817867053182,20410
rxn:1:62588:37756,0.0965402268228076,20410
rxn:1:65678:39280,0.0962313698096708,20410
rxn:1:62588:32512,0.158920330080119,20411
rxn:1:43719:2054,0.1466344328303086,20411
rxn:1:43627:20555,0.1421196435888608,20411
rxn:1:59847:1886,0.1417917410532633,20411
rxn:1:55683:20555,0.1408915234648663,20411
rxn:1:49433:2788,0.1404993340373039,20411
rxn:1:41865:31438,0.138625461122264,20411
rxn:1:58975:39089,0.138073760530223,20411
rxn:1:59934:39089,0.1360972449183464,20411
rxn:1:65328:13689,0.1357642757892608,20411
rxn:1:40062:35342,0.130966460162943,20411
rxn:1:41917:39021,0.1299827967001044,20411
rxn:1:40607:35342,0.1284930200680442,20411
rxn:1:41916:39021,0.1273620841295822,20411
rxn:1:63670:107,0.1270453398642332,20411
rxn:1:62389:31836,0.1262640908360481,20411
rxn:1:42029:2059,0.1253536790609359,20411
rxn:1:56989:38682,0.1243059743534435,20411
rxn:1:43719:11848,0.1242321208119392,20411
rxn:1:41921:31333,0.1232946975664658,20411
rxn:1:59915:31469,0.1215529385067167,20411
rxn:1:48960:23539,0.1147081715365251,20411
rxn:1:43684:340,0.1539384492418982,20412
rxn:1:43730:31518,0.1441099047660827,20412
rxn:1:43730:2060,0.143028974533081,20412
rxn:1:41711:11723,0.1407782407034011,20412
rxn:1:59915:3947,0.1405976577238603,20412
rxn:1:41923:28642,0.1404529114564259,20412
rxn:1:55970:20555,0.1403006968044099,20412
rxn:1:62688:31920,0.1394393579526381,20412
rxn:1:41711:11996,0.1392960579771744,20412
rxn:1:43678:340,0.1386736360463229,20412
rxn:1:61827:1912,0.1376593661935705,20412
rxn:1:41718:2912,0.1375013962388038,20412
rxn:1:63670:2672,0.1372971209612759,20412
rxn:1:41916:31524,0.1360370083288712,20412
rxn:1:59985:196,0.1359536477497646,20412
rxn:1:45334:39015,0.1336713368478028,20412
rxn:1:62688:2035,0.1334854200482368,20412
rxn:1:41918:38536,0.1330984956339785,20412
rxn:1:41718:31333,0.129595364843096,20412
rxn:1:62688:28663,0.1255557790398597,20412
rxn:1:62588:36647,0.1151339534832083,20412
rxn:1:65661:31397,0.1010769385358561,20412
rxn:1:49433:655,0.1528158343973614,20413
rxn:1:57012:31454,0.1463171880353581,20413
rxn:1:61827:28512,0.1401526828606923,20413
rxn:1:57363:2089,0.1388067467646165,20413
rxn:1:48367:20555,0.1374424493312835,20413
rxn:1:63670:2534,0.1373856990110306,20413
rxn:1:59915:11720,0.1372528562420293,20413
rxn:1:43756:31333,0.1356903470697857,20413
rxn:1:41711:2093,0.1352247485989018,20413
rxn:1:61827:24213,0.1347503264745076,20413
rxn:1:59915:31331,0.1345245358736618,20413
rxn:1:62688:37899,0.1332117063658578,20413
rxn:1:60071:733,0.1309900393611506,20413
rxn:1:55948:37737,0.1308281885253058,20413
rxn:1:42360:340,0.1302021728320555,20413
rxn:1:41711:12227,0.1300510019063949,20413
rxn:1:65661:39922,0.129675262031101,20413
rxn:1:56420:20555,0.1295581524786742,20413
rxn:1:43730:32047,0.1287447891452095,20413
rxn:1:62688:12155,0.1269741072541191,20413
rxn:1:54960:39021,0.122555986046791,20413
rxn:1:55948:23537,0.1207675400533174,20413
rxn:1:61827:15550,0.1173851539691289,20413
rxn:1:65328:13358,0.1133889472484588,20413
rxn:1:57010:31336,0.1104568009791166,20413
rxn:1:62688:2190,0.1522752940654754,20414
rxn:1:59875:1881,0.1490077130172563,20414
rxn:1:43684:341,0.1412795727903192,20414
rxn:1:62588:28650,0.1407168724320151,20414
rxn:1:62688:3414,0.1400081374143299,20414
rxn:1:62688:28636,0.1396044135093689,20414
rxn:1:41711:2054,0.1394753597284618,20414
rxn:1:49433:1805,0.1389995174748557,20414
rxn:1:41711:31542,0.1384474918246269,20414
rxn:1:65679:31927,0.1375129080954052,20414
rxn:1:59985:32512,0.1373543625786191,20414
rxn:1:43684:2983,0.1372779102429099,20414
rxn:1:41924:31930,0.1367243880575353,20414
rxn:1:41785:31957,0.1359169677547786,20414
rxn:1:43671:1997,0.1334107388620791,20414
rxn:1:58985:39089,0.1329133186651312,20414
rxn:1:61533:31372,0.132206266341002,20414
rxn:1:41711:3414,0.1318371577395333,20414
rxn:1:41917:38814,0.1318352872675115,20414
rxn:1:41923:3313,0.131254198650519,20414
rxn:1:41907:31063,0.1307771759373801,20414
rxn:1:65678:8678,0.1289243477842082,20414
rxn:1:57043:31168,0.1280505765568126,20414
rxn:1:57013:39367,0.1272165775299072,20414
rxn:1:57043:31279,0.1268439629803533,20414
rxn:1:54960:1825,0.1261650142462357,20414
rxn:1:54960:31054,0.1258120858669281,20414
rxn:1:42066:38682,0.1247626745700836,20414
rxn:1:42206:20555,0.1237539410591125,20414
rxn:1:62588:28691,0.1211325100490025,20414
rxn:1:65661:7346,0.1201606577350979,20414
rxn:1:57043:31588,0.1165205330952354,20414
rxn:1:59907:31811,0.1146666208902994,20414
rxn:1:42234:2983,0.1466963083847709,20415
rxn:1:41923:3947,0.1412082495896712,20415
rxn:1:55948:2672,0.1406399177180396,20415
rxn:1:41907:30291,0.1391830160504296,20415
rxn:1:57012:31927,0.1390867999621799,20415
rxn:1:41921:39297,0.1390398016997746,20415
rxn:1:59847:29580,0.1385946330570039,20415
rxn:1:62688:23891,0.1384634402665225,20415
rxn:1:41920:8718,0.1379802376031875,20415
rxn:1:59847:3262,0.1365632812182108,20415
rxn:1:41918:3699,0.1362602824256533,20415
rxn:1:43730:3870,0.1360223323106765,20415
rxn:1:59985:23542,0.1339356506412679,20415
rxn:1:57037:20555,0.1339164272598598,20415
rxn:1:62688:7279,0.133753134144677,20415
rxn:1:41718:1825,0.1332890490690867,20415
rxn:1:41711:1050,0.1319923003514607,20415
rxn:1:65679:23539,0.1318404525518417,20415
rxn:1:62034:28639,0.1316812232136726,20415
rxn:1:41745:31232,0.1316773802042007,20415
rxn:1:59915:31425,0.1315633697169167,20415
rxn:1:51788:20555,0.1301672339439392,20415
rxn:1:57043:31552,0.1292687180367383,20415
rxn:1:43730:4157,0.128861926103893,20415
rxn:1:41916:23539,0.1287366996208827,20415
rxn:1:55948:105,0.1280731267872311,20415
rxn:1:57043:31947,0.1277820454991382,20415
rxn:1:41711:7034,0.1224210262298584,20415
rxn:1:49432:2646,0.1166442497210069,20415
rxn:1:62588:7372,0.1112853898888542,20415
rxn:1:43719:11846,0.109727026687728,20415
rxn:1:49433:7775,0.1057495531581697,20415
rxn:1:47795:8679,0.092833861708641,20415
rxn:1:42730:23567,0.1546487382480076,20416
rxn:1:62688:28684,0.1496010422706604,20416
rxn:1:62688:28528,0.1477499774524143,20416
rxn:1:57011:3803,0.1436586244539781,20416
rxn:1:59830:37822,0.1426471145380111,20416
rxn:1:62688:23184,0.1420017025972667,20416
rxn:1:59985:2527,0.1419989138841629,20416
rxn:1:61827:37700,0.1408944067202116,20416
rxn:1:42366:31558,0.1407575490682021,20416
rxn:1:55948:27790,0.1394937151954287,20416
rxn:1:63757:3871,0.139449509481589,20416
rxn:1:41975:2983,0.1391670134934512,20416
rxn:1:54960:1881,0.1391086441775162,20416
rxn:1:63670:28048,0.1361300997112108,20416
rxn:1:62327:31376,0.1355088665371849,20416
rxn:1:62688:23720,0.1352024475733439,20416
rxn:1:57011:39020,0.1346903780232305,20416
rxn:1:62688:31542,0.1340772225743248,20416
rxn:1:62688:3895,0.1340221881866455,20416
rxn:1:55948:28691,0.1326032446490394,20416
rxn:1:42796:2983,0.132294977903366,20416
rxn:1:57399:39089,0.1322401924566789,20416
rxn:1:57011:31509,0.1282300732352517,20416
rxn:1:54993:31336,0.1271260641515255,20416
rxn:1:48865:2788,0.1259371687968571,20416
rxn:1:62688:7094,0.1238834634423255,20416
rxn:1:41923:38814,0.1227632070129567,20416
rxn:1:40117:340,0.1192843846299431,20416
rxn:1:55948:31170,0.1164466984131756,20416
rxn:1:43799:39016,0.1142062532405058,20416
rxn:1:65661:31821,0.1139280687678944,20416
rxn:1:41916:32373,0.1026003134250641,20416
rxn:1:59985:1251,0.1014324889371269,20416
rxn:1:61677:1881,0.1005152948200702,20416
rxn:1:62688:6548,0.1576311829544249,20417
rxn:1:61827:8833,0.1553327412832351,20417
rxn:1:65661:31930,0.1444239602202461,20417
rxn:1:41718:31195,0.1439415636387738,20417
rxn:1:65661:39016,0.1422242386774583,20417
rxn:1:42845:2983,0.1419498658180236,20417
rxn:1:41975:340,0.1400489026591891,20417
rxn:1:42777:2983,0.1390311233699321,20417
rxn:1:61827:5913,0.1381945659716923,20417
rxn:1:57010:31454,0.1353659656914798,20417
rxn:1:62588:27954,0.1352412402629852,20417
rxn:1:59847:37822,0.1338457763195037,20417
rxn:1:62688:23074,0.1308041377501054,20417
rxn:1:41917:31469,0.1299806535243988,20417
rxn:1:62688:31333,0.1267833316868001,20417
rxn:1:61544:1858,0.1255914907563816,20417
rxn:1:42206:2983,0.1250689761794131,20417
rxn:1:41847:31425,0.1244078488512472,20417
rxn:1:44424:35342,0.1240967834989229,20417
rxn:1:63670:32512,0.1237224159033402,20417
rxn:1:41788:38814,0.1220709031278436,20417
rxn:1:41924:35061,0.1209392373760541,20417
rxn:1:42259:1881,0.116347794731458,20417
rxn:1:41711:31836,0.1145088293335654,20417
rxn:1:62588:32324,0.1126290519129146,20417
rxn:1:55948:1306,0.1072014179080724,20417
rxn:1:49432:4564,0.1457203319578459,20418
rxn:1:50513:1825,0.1418922391899845,20418
rxn:1:41924:31168,0.1406140038461396,20418
rxn:1:54960:3803,0.1387331649877023,20418
rxn:1:42188:39921,0.138728802618773,20418
rxn:1:59974:31526,0.1385478995464466,20418
rxn:1:61827:7094,0.1381619332129495,20418
rxn:1:65661:31425,0.1380543216826424,20418
rxn:1:41718:7442,0.1372374941905339,20418
rxn:1:54959:31454,0.1372034739756929,20418
rxn:1:61827:8701,0.1344380619233114,20418
rxn:1:62306:1881,0.1341923216978709,20418
rxn:1:41924:31836,0.1326866339946138,20418
rxn:1:54963:3803,0.1326862668645554,20418
rxn:1:65438:23539,0.1326411937673886,20418
rxn:1:62588:31469,0.1314749905937596,20418
rxn:1:61872:7771,0.131323625644048,20418
rxn:1:43719:3870,0.1298645089070002,20418
rxn:1:43730:31180,0.1296184223795694,20418
rxn:1:43679:2983,0.1290136307909868,20418
rxn:1:65678:1825,0.1287212760159463,20418
rxn:1:59985:31161,0.1263609612197206,20418
rxn:1:59847:14361,0.1235272238651911,20418
rxn:1:41921:1339,0.1234688767488452,20418
rxn:1:43730:31333,0.1205420607612246,20418
rxn:1:57012:3803,0.1204619750832066,20418
rxn:1:65438:31930,0.1454631848768754,20419
rxn:1:59915:1825,0.1445525298042903,20419
rxn:1:62688:23835,0.1444415301084518,20419
rxn:1:43628:20555,0.1436316834555731,20419
rxn:1:62588:1825,0.1424583834514283,20419
rxn:1:62688:31235,0.1419831779268053,20419
rxn:1:41904:2762,0.1399305056011865,20419
rxn:1:62588:31425,0.1395870917721798,20419
rxn:1:54992:1881,0.1380899623036384,20419
rxn:1:42200:2983,0.137878752273062,20419
rxn:1:54992:23539,0.137639848391215,20419
rxn:1:61827:28528,0.1376180867354075,20419
rxn:1:54965:3803,0.1371044680692147,20419
rxn:1:62688:12267,0.1356968127545856,20419
rxn:1:62688:32177,0.1355638146400451,20419
rxn:1:57013:3803,0.1353260107112653,20419
rxn:1:59985:23525,0.1352079851286751,20419
rxn:1:41924:31915,0.1351597077316708,20419
rxn:1:62688:7759,0.1350267624098157,20419
rxn:1:41834:39292,0.1340642230851309,20419
rxn:1:54964:3803,0.1338829415431921,20419
rxn:1:65672:23539,0.1336149763729837,20419
rxn:1:41917:31930,0.1334829673622594,20419
rxn:1:61827:23143,0.1333180320890326,20419
rxn:1:41711:24130,0.1320746979779667,20419
rxn:1:57548:2089,0.1282700914325136,20419
rxn:1:41921:23275,0.1278522348765171,20419
rxn:1:62688:7252,0.1269248159308182,20419
rxn:1:41711:28514,0.1261028448740641,20419
rxn:1:41918:8718,0.1212437512382628,20419
rxn:1:65661:39067,0.1211076558582366,20419
rxn:1:57011:3915,0.1208417767828161,20419
rxn:1:62588:32044,0.1167737662792205,20419
rxn:1:41916:32384,0.111320164941606,20419
rxn:1:43730:23085,0.1452456921339035,20420
rxn:1:42360:2983,0.1425830825515415,20420
rxn:1:49432:31811,0.1421737707022464,20420
rxn:1:59856:7772,0.1420492577174353,20420
rxn:1:49432:6435,0.1420097441384286,20420
rxn:1:41458:31836,0.1417060467329892,20420
rxn:1:61827:257,0.1411979595820109,20420
rxn:1:41711:2192,0.1401866418227814,20420
rxn:1:61827:31399,0.1387005080779393,20420
rxn:1:49432:388,0.1381246958460126,20420
rxn:1:41718:11742,0.1373804597942917,20420
rxn:1:49433:1829,0.1373341896317222,20420
rxn:1:62688:8649,0.1357847314978403,20420
rxn:1:43781:39011,0.1357579671818277,20420
rxn:1:62688:31836,0.1354261654010717,20420
rxn:1:41711:8833,0.1340326856053064,20420
rxn:1:49432:23484,0.1338591463323952,20420
rxn:1:59915:30483,0.1331421505837213,20420
rxn:1:41907:2140,0.1324914442865472,20420
rxn:1:41923:662,0.1293857930198548,20420
rxn:1:60677:20555,0.1278511114192731,20420
rxn:1:41711:8718,0.1276783668805682,20420
rxn:1:62688:39583,0.1269287344009157,20420
rxn:1:41904:2689,0.1247240664466979,20420
rxn:1:43719:31620,0.1209830512603123,20420
rxn:1:41919:31168,0.120416783022158,20420
rxn:1:42060:8718,0.1176170160373051,20420
rxn:1:54961:3803,0.1146490297455718,20420
rxn:1:59960:2912,0.1123828796545664,20420
rxn:1:43753:2927,0.1650428886999163,20421
rxn:1:65438:31957,0.1587209990530303,20421
rxn:1:49432:6438,0.1455278450792486,20421
rxn:1:41921:20555,0.1448975386826888,20421
rxn:1:41723:31836,0.1438188859910676,20421
rxn:1:65438:31524,0.1419776587775259,20421
rxn:1:62588:37877,0.1412900646527608,20421
rxn:1:62588:31337,0.140551272034645,20421
rxn:1:62688:2093,0.1389195322990417,20421
rxn:1:62588:31838,0.138263221770998,20421
rxn:1:55948:31195,0.1373166009491565,20421
rxn:1:42845:2756,0.1369189421335856,20421
rxn:1:40098:2983,0.1364829211995221,20421
rxn:1:49432:23585,0.1355882330217223,20421
rxn:1:55948:32261,0.1338364164034525,20421
rxn:1:43710:37883,0.1326626427968343,20421
rxn:1:63757:2672,0.130875595591285,20421
rxn:1:43683:32044,0.1298368636767069,20421
rxn:1:43626:340,0.1281301038605826,20421
rxn:1:41904:8678,0.127035047971841,20421
rxn:1:63670:388,0.1242686680385044,20421
rxn:1:41782:8718,0.1233222795569378,20421
rxn:1:57011:37737,0.1223209740387068,20421
rxn:1:41904:2047,0.1206346974856611,20421
rxn:1:59854:23584,0.1196416426396024,20421
rxn:1:40426:39089,0.1181197503338689,20421
rxn:1:61827:2051,0.1125419609474413,20421
rxn:1:44530:2983,0.1116293822274063,20421
rxn:1:62588:11890,0.1108677817715538,20421
rxn:1:49432:31699,0.1490164796511332,20422
rxn:1:62688:8553,0.1453584820505172,20422
rxn:1:41918:23085,0.1428630113601684,20422
rxn:1:43730:23839,0.1404411176840464,20422
rxn:1:41982:2983,0.1370920891111547,20422
rxn:1:61827:23835,0.1369781933332744,20422
rxn:1:39929:2983,0.136493829163638,20422
rxn:1:41907:31930,0.1360010306040446,20422
rxn:1:43719:2093,0.1351182690837926,20422
rxn:1:43719:23838,0.1345447782884564,20422
rxn:1:59945:1881,0.1336034795512324,20422
rxn:1:61533:5862,0.1330950502036274,20422
rxn:1:57011:38646,0.1326881391661507,20422
rxn:1:64791:31333,0.1325713159546019,20422
rxn:1:61827:31723,0.1314008096853892,20422
rxn:1:41917:31333,0.1309767672509858,20422
rxn:1:41711:2009,0.1304062406222025,20422
rxn:1:49432:23483,0.1276614593737053,20422
rxn:1:49068:23539,0.1257925290200445,20422
rxn:1:57011:27779,0.1251357653074794,20422
rxn:1:61827:11935,0.1248890652991177,20422
rxn:1:48960:37717,0.1235736020737224,20422
rxn:1:57036:8718,0.1220288999152905,20422
rxn:1:41917:2610,0.1220059265261111,20422
rxn:1:64791:1825,0.1204712939640832,20422
rxn:1:49432:22938,0.1192158083120982,20422
rxn:1:41916:39019,0.1112656265065289,20422
rxn:1:62588:2672,0.1441200006575811,20423
rxn:1:62688:11848,0.1411220573243641,20423
rxn:1:49432:1920,0.1402376622393511,20423
rxn:1:64748:20555,0.1390771342046333,20423
rxn:1:62688:7096,0.1374508410692214,20423
rxn:1:41745:23085,0.1357136994600296,20423
rxn:1:57012:31279,0.1344310926354449,20423
rxn:1:62588:23446,0.1339492788390508,20423
rxn:1:41905:1858,0.1330846582633861,20423
rxn:1:57011:31425,0.1327050906239134,20423
rxn:1:42773:2756,0.132541167239348,20423
rxn:1:64168:31957,0.1325410916691734,20423
rxn:1:43719:3210,0.1321172932783762,20423
rxn:1:43710:39550,0.1315340333514743,20423
rxn:1:65673:38802,0.131439813545772,20423
rxn:1:62688:39286,0.1293475150115906,20423
rxn:1:57011:39105,0.1290847961453424,20423
rxn:1:57011:23656,0.1282820053722547,20423
rxn:1:57015:3803,0.1276966333389282,20423
rxn:1:57070:20555,0.1256055616670184,20423
rxn:1:43719:3949,0.124815371632576,20423
rxn:1:42360:2756,0.1234751473302426,20423
rxn:1:42234:1308,0.1210832852456304,20423
rxn:1:62688:31454,0.1206396091164964,20423
rxn:1:62535:3659,0.118820637987371,20423
rxn:1:41458:31063,0.1139589699487837,20423
rxn:1:49432:3803,0.107084251443545,20423
rxn:1:41918:23839,0.1462124149004618,20424
rxn:1:53095:37233,0.1445254415705584,20424
rxn:1:57013:39020,0.1399499229762865,20424
rxn:1:49432:32170,0.1379607594202435,20424
rxn:1:65673:38748,0.137741151927174,20424
rxn:1:41718:39373,0.1371512833763571,20424
rxn:1:42845:1155,0.1365567564964294,20424
rxn:1:61827:38412,0.1363024523964634,20424
rxn:1:61827:31786,0.1361936286643699,20424
rxn:1:41745:11720,0.135219837489881,20424
rxn:1:54960:37717,0.1328344917297363,20424
rxn:1:43247:35342,0.1324557797114054,20424
rxn:1:62588:14101,0.1315632989009221,20424
rxn:1:49432:31476,0.1313257674376169,20424
rxn:1:65661:1664,0.1305516217694138,20424
rxn:1:43719:3046,0.1299372533011058,20424
rxn:1:41711:2912,0.1277636471721861,20424
rxn:1:65677:31168,0.1277242022933382,20424
rxn:1:41865:27778,0.1264172006344449,20424
rxn:1:42412:2912,0.1205634342299567,20424
rxn:1:41924:24035,0.1201759438583816,20424
rxn:1:61827:31425,0.1192863242966788,20424
rxn:1:43730:31235,0.1160050362780474,20424
rxn:1:43623:8718,0.1144568194513735,20424
rxn:1:49432:28642,0.1133096186500607,20424
rxn:1:48903:2788,0.1128758210984487,20424
rxn:1:42975:39550,0.1439415315786997,20425
rxn:1:42845:1429,0.1396168446540832,20425
rxn:1:41711:31620,0.1374890714883804,20425
rxn:1:62588:3114,0.1345390459847828,20425
rxn:1:65678:31895,0.13398987400359,20425
rxn:1:54992:27779,0.133579314549764,20425
rxn:1:41711:2527,0.1335388681162958,20425
rxn:1:64791:31836,0.1317742728825771,20425
rxn:1:62688:7346,0.1315035973534439,20425
rxn:1:55948:7372,0.1291965665640654,20425
rxn:1:43785:20555,0.1284879843393961,20425
rxn:1:41711:7086,0.1280586237708727,20425
rxn:1:43753:7112,0.1280399004618327,20425
rxn:1:55948:37717,0.1277001621546568,20425
rxn:1:65677:38802,0.1273666251273382,20425
rxn:1:43730:31509,0.127331673152863,20425
rxn:1:41918:23720,0.1260979761679967,20425
rxn:1:62588:17611,0.123212046695478,20425
rxn:1:49585:27805,0.1226973382253495,20425
rxn:1:65672:31168,0.1222369643774899,20425
rxn:1:41967:37717,0.1197330395380655,20425
rxn:1:44423:39550,0.1193951542178789,20425
rxn:1:62688:23656,0.1185811602551004,20425
rxn:1:57013:39015,0.1091438402300295,20425
rxn:1:41917:38682,0.15644722831422,20426
rxn:1:59847:38154,0.1462826024402271,20426
rxn:1:58716:27779,0.1451074051856994,20426
rxn:1:41718:37700,0.1448637173886884,20426
rxn:1:41876:2756,0.142898827791214,20426
rxn:1:65306:31372,0.1408871665145411,20426
rxn:1:59985:105,0.1394360419632732,20426
rxn:1:41907:31180,0.1384920648166111,20426
rxn:1:41718:11723,0.1383524092416914,20426
rxn:1:41718:11741,0.1366659391809392,20426
rxn:1:41718:28683,0.1349837466290122,20426
rxn:1:59847:31002,0.1344405728759188,20426
rxn:1:41923:2995,0.1331898551998716,20426
rxn:1:59847:578,0.1330311288909307,20426
rxn:1:61780:31588,0.1327513724133588,20426
rxn:1:41836:11724,0.1308761324201311,20426
rxn:1:62688:787,0.1287213024638948,20426
rxn:1:59985:31372,0.1273216037523178,20426
rxn:1:41745:12166,0.12714664041996,20426
rxn:1:62588:32045,0.1255669783462177,20426
rxn:1:41904:39073,0.1239383230133662,20426
rxn:1:57011:1853,0.1232802922075445,20426
rxn:1:49585:31811,0.1231460581746017,20426
rxn:1:53095:36849,0.1214027892852175,20426
rxn:1:57043:8718,0.1190070916305888,20426
rxn:1:40067:2983,0.1187697674917138,20426
rxn:1:59985:38904,0.115483585331175,20426
rxn:1:55948:31895,0.1112506296120438,20426
rxn:1:43719:7755,0.1491536843149285,20427
rxn:1:61827:31620,0.1437074263890584,20427
rxn:1:41718:12269,0.1401745809449089,20427
rxn:1:63757:47,0.1386215298894852,20427
rxn:1:62688:2061,0.138087633110228,20427
rxn:1:41923:31520,0.1377837441184304,20427
rxn:1:65678:3808,0.1371159709018209,20427
rxn:1:49432:27779,0.1369340961629694,20427
rxn:1:57043:1881,0.1357972069063048,20427
rxn:1:62688:1826,0.1356017127417136,20427
rxn:1:41711:2228,0.135178011760377,20427
rxn:1:59847:31224,0.1347943123370882,20427
rxn:1:61827:665,0.1346489896376927,20427
rxn:1:41923:11984,0.1332932408305182,20427
rxn:1:62688:30475,0.1328819863723986,20427
rxn:1:61827:37780,0.1326026329488465,20427
rxn:1:57043:27779,0.1322781129015816,20427
rxn:1:59985:1730,0.128799938020252,20427
rxn:1:55948:246,0.127261604865392,20427
rxn:1:57014:20555,0.1267600353213324,20427
rxn:1:41710:3947,0.1250075929694705,20427
rxn:1:65661:31168,0.123163916761913,20427
rxn:1:41718:38692,0.1219886581103007,20427
rxn:1:65673:39923,0.1216366778290461,20427
rxn:1:61827:8793,0.1179453410484172,20427
rxn:1:43753:288,0.1096456014748775,20427
rxn:1:61533:14361,0.1470718055531598,20428
rxn:1:41711:491,0.1437526950760493,20428
rxn:1:62688:39245,0.1406609321397448,20428
rxn:1:62688:11741,0.1403450202523616,20428
rxn:1:65438:28139,0.1395714544888698,20428
rxn:1:59915:28931,0.1394748791404392,20428
rxn:1:57011:37864,0.138439763283384,20428
rxn:1:62588:23539,0.1384253113988846,20428
rxn:1:41718:11740,0.1370623216909521,20428
rxn:1:41923:39014,0.137046438196431,20428
rxn:1:59847:31168,0.1360368634027148,20428
rxn:1:41718:11880,0.1359798448127613,20428
rxn:1:41921:37717,0.13597248825762,20428
rxn:1:55948:32494,0.1349592661416089,20428
rxn:1:49432:12244,0.1345800721284115,20428
rxn:1:59847:32302,0.1344230473041534,20428
rxn:1:62688:3722,0.1341317735220256,20428
rxn:1:57011:23539,0.1312733540932337,20428
rxn:1:65672:31957,0.13026168310281,20428
rxn:1:59847:2896,0.1284309824307759,20428
rxn:1:62688:32630,0.1284239013989766,20428
rxn:1:59986:31836,0.1283292701278907,20428
rxn:1:62688:37233,0.1258601837214969,20428
rxn:1:61540:7772,0.1240192840969751,20428
rxn:1:43680:38390,0.1235816979753798,20428
rxn:1:43719:12246,0.1074077061244419,20428
rxn:1:41918:7755,0.1484090560360959,20429
rxn:1:49432:31526,0.1453834384679794,20429
rxn:1:62588:31588,0.1437970533967018,20429
rxn:1:57011:39013,0.142938661834468,20429
rxn:1:47710:31525,0.1423211823339047,20429
rxn:1:43669:2927,0.140174651145935,20429
rxn:1:61784:11848,0.1379510340365496,20429
rxn:1:41904:2955,0.1378734578257021,20429
rxn:1:61827:31195,0.1356184496120973,20429
rxn:1:41917:38932,0.1350022161548787,20429
rxn:1:61827:558,0.1336460130082236,20429
rxn:1:63670:1825,0.1305829659104347,20429
rxn:1:61827:23834,0.1301936788691414,20429
rxn:1:41921:31195,0.1289214919442716,20429
rxn:1:43671:1429,0.1288075563700302,20429
rxn:1:59847:31467,0.1287816322985149,20429
rxn:1:41917:37717,0.1278532321254412,20429
rxn:1:62327:37717,0.1262289211153984,20429
rxn:1:42241:340,0.1259603324261578,20429
rxn:1:41907:11848,0.1239169880747795,20429
rxn:1:65673:31168,0.1238138350573453,20429
rxn:1:65661:8558,0.1209712339484173,20429
rxn:1:65678:32624,0.1203961165054984,20429
rxn:1:41921:3915,0.1195078736001795,20429
rxn:1:49432:6378,0.1187014177441597,20429
rxn:1:41678:39292,0.111592236161232,20429
rxn:1:62688:31425,0.1112167747183279,20429
rxn:1:61799:11768,0.1105296909809112,20429
rxn:1:55948:32044,0.1009919985252268,20429
rxn:1:41924:1664,0.1433050122813902,20430
rxn:1:49702:12244,0.1399637574241274,20430
rxn:1:41718:1827,0.1383806556463241,20430
rxn:1:62688:23839,0.1355471998926193,20430
rxn:1:59847:31930,0.1347833663698226,20430
rxn:1:61827:39148,0.134598892044138,20430
rxn:1:62688:28694,0.1341050522668021,20430
rxn:1:60198:14361,0.1336787376138899,20430
rxn:1:41923:1858,0.1330514897902806,20430
rxn:1:41917:38726,0.1324679725097887,20430
rxn:1:57010:27779,0.1314861641989813,20430
rxn:1:41924:3313,0.1310090935892529,20430
rxn:1:41718:12152,0.1308688521385193,20430
rxn:1:59985:455,0.1308333949437217,20430
rxn:1:41710:23539,0.1291526349385579,20430
rxn:1:49432:674,0.1288764545882957,20430
rxn:1:61827:9270,0.1288282358855531,20430
rxn:1:61827:39367,0.1285494402343151,20430
rxn:1:49432:7775,0.1275222780126513,20430
rxn:1:59847:32086,0.1262216531869137,20430
rxn:1:61827:11724,0.1239297233876727,20430
rxn:1:62688:31195,0.1235766445381053,20430
rxn:1:41745:7755,0.1232532869305527,20430
rxn:1:41865:38682,0.1228089621965436,20430
rxn:1:57043:32355,0.1226059938922072,20430
rxn:1:41904:3695,0.1209962784297882,20430
rxn:1:41951:31836,0.1156408497781464,20430
rxn:1:41923:32091,0.145517223123191,20431
rxn:1:41912:2955,0.1427098046178403,20431
rxn:1:59915:1848,0.1426490787146748,20431
rxn:1:65328:14215,0.1423842166409347,20431
rxn:1:62390:20555,0.1421979561684623,20431
rxn:1:65673:31438,0.1403983295827672,20431
rxn:1:55948:36613,0.1394396415262511,20431
rxn:1:53095:28642,0.1387175729400233,20431
rxn:1:65306:2955,0.136730412642161,20431
rxn:1:63670:2140,0.1355488609384607,20431
rxn:1:49432:23567,0.1351947810338891,20431
rxn:1:61827:2061,0.1346952120463053,20431
rxn:1:62688:6568,0.1342690175487881,20431
rxn:1:42202:39550,0.1330623292561733,20431
rxn:1:41718:3722,0.1307716148870962,20431
rxn:1:53562:23539,0.1255152378645208,20431
rxn:1:43668:2927,0.123544880747795,20431
rxn:1:62588:24341,0.1217405344500686,20431
rxn:1:62688:7120,0.1157686253388722,20431
rxn:1:62688:23838,0.1483650346597035,20432
rxn:1:41916:20594,0.1465344844442425,20432
rxn:1:47710:31855,0.1455803390533205,20432
rxn:1:43680:38682,0.1441156307856242,20432
rxn:1:41847:31454,0.1400485101974371,20432
rxn:1:41718:3887,0.1394223294876239,20432
rxn:1:65673:31520,0.1391268435752753,20432
rxn:1:54937:38682,0.1390114029248555,20432
rxn:1:52479:14361,0.1381188536035842,20432
rxn:1:47710:31368,0.1380573809146881,20432
rxn:1:42018:3674,0.1360453220381253,20432
rxn:1:59915:31195,0.1358332074049747,20432
rxn:1:41905:23539,0.134854213051174,20432
rxn:1:41847:1664,0.1344287490499192,20432
rxn:1:45334:39011,0.1324173220689746,20432
rxn:1:41711:14361,0.1322007924318313,20432
rxn:1:57011:37717,0.1317865980996025,20432
rxn:1:55948:14207,0.1312325890858968,20432
rxn:1:61827:39371,0.1302636039477807,20432
rxn:1:65654:23539,0.129971395333608,20432
rxn:1:43730:412,0.1265781957005697,20432
rxn:1:62588:39008,0.1230530103047688,20432
rxn:1:41711:28691,0.1228064022202422,20432
rxn:1:41923:1825,0.1221459264105016,20432
rxn:1:43719:7086,0.1179079979658126,20432
rxn:1:41918:4157,0.1152823713787815,20432
rxn:1:62327:23521,0.1538544401289925,20433
rxn:1:43719:11996,0.1494668293417545,20433
rxn:1:59871:31195,0.1464196218960527,20433
rxn:1:41718:2036,0.1385293647095009,20433
rxn:1:57011:39015,0.1369543801183285,20433
rxn:1:47710:30489,0.1365236151549551,20433
rxn:1:56377:8718,0.1362808193221236,20433
rxn:1:41921:31524,0.1351379472197908,20433
rxn:1:64791:31195,0.1344624405557459,20433
rxn:1:59985:190,0.1316384550124879,20433
rxn:1:65661:20555,0.1302406218918887,20433
rxn:1:61827:31542,0.1269827872514724,20433
rxn:1:59915:11736,0.1265769630670547,20433
rxn:1:55127:20555,0.1263442953427632,20433
rxn:1:41711:31376,0.1257946425014072,20433
rxn:1:52479:15643,0.1235138821601867,20433
rxn:1:63757:31360,0.1139811307191848,20433
rxn:1:50513:31588,0.1488493561744689,20434
rxn:1:41711:38536,0.1472632634012322,20434
rxn:1:41711:28570,0.1385144893328348,20434
rxn:1:59847:31482,0.1382214508273384,20434
rxn:1:53562:3674,0.1362919509410858,20434
rxn:1:42234:31520,0.1353091382318072,20434
rxn:1:57363:357,0.1349049671129747,20434
rxn:1:41711:23893,0.1347346107165018,20434
rxn:1:62688:3396,0.1333793383656126,20434
rxn:1:42029:2476,0.1330224280556043,20434
rxn:1:62688:7086,0.1323680163375915,20434
rxn:1:41923:31896,0.132028287365323,20434
rxn:1:53562:1881,0.1245999448541281,20434
rxn:1:41904:31482,0.1240825815634294,20434
rxn:1:65661:27779,0.1231257146683292,20434
rxn:1:41711:30475,0.1218898665337335,20434
rxn:1:57866:2089,0.1213445369748101,20434
rxn:1:57073:20555,0.1184533718559477,20434
rxn:1:41921:27779,0.1182173300120565,20434
rxn:1:41905:31520,0.0973221328523423,20434
rxn:1:54937:37737,0.1494343032439549,20435
rxn:1:59915:31525,0.1488249528975714,20435
rxn:1:59847:27779,0.1480719645818074,20435
rxn:1:62688:334,0.1404609471559524,20435
rxn:1:41937:20594,0.1392544634414441,20435
rxn:1:49432:7772,0.1387021568688479,20435
rxn:1:41718:30291,0.1369408340681167,20435
rxn:1:41904:38650,0.1352164339328157,20435
rxn:1:59985:23562,0.1326223891792875,20435
rxn:1:62688:12136,0.131988663522024,20435
rxn:1:41917:23539,0.131773146490256,20435
rxn:1:49433:8557,0.1305461584352979,20435
rxn:1:43782:38682,0.129914010780445,20435
rxn:1:65673:31930,0.1291428009668986,20435
rxn:1:63596:20555,0.1290075883530733,20435
rxn:1:62688:9269,0.1289424429337183,20435
rxn:1:57017:31454,0.1276922858122623,20435
rxn:1:43730:23281,0.1276538231793572,20435
rxn:1:41923:31279,0.1251749050789985,20435
rxn:1:41916:1997,0.1213228853922041,20435
rxn:1:41478:31836,0.1211120748158657,20435
rxn:1:57011:31054,0.1431485298607084,20436
rxn:1:49433:8647,0.1429121692975362,20436
rxn:1:50513:7346,0.14197838306427,20436
rxn:1:59915:3091,0.140142146911886,20436
rxn:1:41905:3313,0.1386592794155729,20436
rxn:1:41718:31518,0.1372278209716554,20436
rxn:1:43683:38682,0.1371150350570678,20436
rxn:1:49432:38154,0.1368525662119426,20436
rxn:1:41711:35061,0.136766431124314,20436
rxn:1:43758:341,0.1363325128049561,20436
rxn:1:43730:38536,0.1349949773989225,20436
rxn:1:49433:37265,0.1342601516972417,20436
rxn:1:41921:31520,0.1337094451441909,20436
rxn:1:62140:22923,0.1331115384896596,20436
rxn:1:53562:3819,0.1328052504389894,20436
rxn:1:55948:39502,0.1308122893174489,20436
rxn:1:40081:2983,0.1301994677902995,20436
rxn:1:41711:2058,0.1299977218895627,20436
rxn:1:41923:2641,0.1287153306461516,20436
rxn:1:49433:32000,0.1258700788021087,20436
rxn:1:63670:1881,0.1203552484512329,20436
rxn:1:54937:31438,0.1388499166654503,20437
rxn:1:59847:27889,0.1375788507007417,20437
rxn:1:42186:1429,0.1365952293078104,20437
rxn:1:59985:39264,0.1362674595817687,20437
rxn:1:61827:39466,0.1349179300607419,20437
rxn:1:62688:1827,0.1343572343152667,20437
rxn:1:61827:2836,0.1333344613296398,20437
rxn:1:41711:8798,0.1326382623778449,20437
rxn:1:63670:30489,0.1315242581897311,20437
rxn:1:50513:31836,0.1314447770516077,20437
rxn:1:59830:31836,0.129040200085867,20437
rxn:1:59847:31984,0.1281246448320055,20437
rxn:1:41917:39924,0.1276224833546262,20437
rxn:1:63757:2836,0.1251079133062651,20437
rxn:1:41547:31520,0.1248035393063984,20437
rxn:1:62588:3736,0.1240909170536768,20437
rxn:1:43800:31927,0.122987819440437,20437
rxn:1:45354:39021,0.1227719527151849,20437
rxn:1:42186:2756,0.121235323988873,20437
rxn:1:59847:38857,0.1202546395952739,20437
rxn:1:41711:32000,0.1103815825449096,20437
rxn:1:59985:29580,0.1095088775511141,20437
rxn:1:49432:23529,0.1432142551394476,20438
rxn:1:41923:1664,0.1424557212470234,20438
rxn:1:49433:29219,0.1407003487859453,20438
rxn:1:41777:31520,0.1397439042727152,20438
rxn:1:43719:31232,0.1374417920907338,20438
rxn:1:62688:8634,0.1370589657435341,20438
rxn:1:53562:5553,0.1344631735016317,20438
rxn:1:41916:20555,0.1339890568152718,20438
rxn:1:42018:31520,0.1339286461709037,20438
rxn:1:53562:2180,0.1305908592123734,20438
rxn:1:41905:32091,0.1299709858316363,20438
rxn:1:57011:3313,0.1275275846322377,20438
rxn:1:48960:23484,0.1268886391321818,20438
rxn:1:53562:1997,0.1260656629289899,20438
rxn:1:57011:32702,0.1258594520164258,20438
rxn:1:57363:340,0.1254531930793415,20438
rxn:1:59985:1570,0.1252091699752254,20438
rxn:1:59847:2529,0.1207284061681656,20438
rxn:1:61676:1881,0.102382469508383,20438
rxn:1:50872:4682,0.0307164050456954,20438
rxn:1:58687:31438,0.1433121661345164,20439
rxn:1:65673:20594,0.1414100220709136,20439
rxn:1:65013:23723,0.1407066771277675,20439
rxn:1:41921:28642,0.1390730382667647,20439
rxn:1:41805:31836,0.1358146676511475,20439
rxn:1:62688:7723,0.1354179422060648,20439
rxn:1:57006:31438,0.1326002418131068,20439
rxn:1:57043:1853,0.1325024637308987,20439
rxn:1:41262:35342,0.1309991065661112,20439
rxn:1:42186:1517,0.1309426694676496,20439
rxn:1:40188:2927,0.1307051966587702,20439
rxn:1:53017:31438,0.1302960948510603,20439
rxn:1:41711:37864,0.1301623113227613,20439
rxn:1:55948:37777,0.1289901315120228,20439
rxn:1:54937:39016,0.1280279746953991,20439
rxn:1:41916:23656,0.1271763711735822,20439
rxn:1:62688:24341,0.1241731325785319,20439
rxn:1:43680:1881,0.1236439768473307,20439
rxn:1:65661:39019,0.1141711184472748,20439
rxn:1:58687:20132,0.1090757183053276,20439
rxn:1:65438:35061,0.1079415107766787,20439
rxn:1:51342:7775,0.0697227433474377,20439
rxn:1:58686:31438,0.1441523002253638,20440
rxn:1:62688:3265,0.1430806318918863,20440
rxn:1:42149:24238,0.1420818462091333,20440
rxn:1:62688:23281,0.1394534949903134,20440
rxn:1:62306:23521,0.136987802657214,20440
rxn:1:41723:31195,0.1355389474016247,20440
rxn:1:43719:23835,0.1348654962422555,20440
rxn:1:65678:23521,0.1336789790789286,20440
rxn:1:61657:24238,0.1333803417635899,20440
rxn:1:61827:39076,0.1329000956482357,20440
rxn:1:53017:31224,0.1319790681203206,20440
rxn:1:61827:557,0.1315064860714806,20440
rxn:1:61827:3414,0.1294671539907102,20440
rxn:1:62688:31054,0.1294345259666443,20440
rxn:1:57064:38682,0.1271411428848902,20440
rxn:1:62140:22721,0.1267980171574486,20440
rxn:1:64791:24341,0.1249438325564066,20440
rxn:1:49433:31900,0.1225500702857971,20440
rxn:1:59985:35927,0.1220809097091357,20440
rxn:1:42845:357,0.1216917269759707,20440
rxn:1:57011:39709,0.1213775389436362,20440
rxn:1:41916:38439,0.1168273857661656,20440
rxn:1:42703:21199,0.0622863494432889,20440
rxn:1:50526:3410,0.0338775366544723,20440
rxn:1:62588:32050,0.1446061399247911,20441
rxn:1:65672:20594,0.1416320258920843,20441
rxn:1:49433:28881,0.1415844975095807,20441
rxn:1:55948:18187,0.1406640799149223,20441
rxn:1:62688:27779,0.1402891112698449,20441
rxn:1:43730:39421,0.1373222909475627,20441
rxn:1:62588:31305,0.1371653100900482,20441
rxn:1:41788:20594,0.135781545530666,20441
rxn:1:42192:2983,0.1350148708924003,20441
rxn:1:42412:31195,0.1337068070445144,20441
rxn:1:41924:20555,0.1306673823923304,20441
rxn:1:54937:39297,0.1276918961888268,20441
rxn:1:57552:2089,0.1276181692426854,20441
rxn:1:41904:27791,0.1274441385614699,20441
rxn:1:54938:37737,0.1263398031393686,20441
rxn:1:58984:39089,0.124587571275407,20441
rxn:1:62688:2081,0.1234993408123652,20441
rxn:1:59985:491,0.1199907412131627,20441
rxn:1:57047:39015,0.1154826713932885,20441
rxn:1:53095:32044,0.1119441207912233,20441
rxn:1:63757:32049,0.1062176182414546,20441
rxn:1:53048:22752,0.0323228862201958,20441
rxn:1:59900:28577,0.0048163851102193,20441
rxn:1:58687:38802,0.1455516815185547,20442
rxn:1:50513:3733,0.1454407384521082,20442
rxn:1:65609:23723,0.1451928377151489,20442
rxn:1:57011:32091,0.1436455197956251,20442
rxn:1:58686:38802,0.1431141753088344,20442
rxn:1:49433:4564,0.1385714340777624,20442
rxn:1:63670:28642,0.1379313943060961,20442
rxn:1:57013:31438,0.1372398228748985,20442
rxn:1:42361:2983,0.1367002259130063,20442
rxn:1:61827:7252,0.1354565736320283,20442
rxn:1:42304:2983,0.1351464999758679,20442
rxn:1:41865:31520,0.1337202489376068,20442
rxn:1:59915:387,0.1329750229011882,20442
rxn:1:43730:7755,0.1305271245931324,20442
rxn:1:53562:39024,0.1298053534257979,20442
rxn:1:49433:388,0.1293615460395813,20442
rxn:1:43719:2196,0.129129683971405,20442
rxn:1:59985:31195,0.1287564384309869,20442
rxn:1:58691:31438,0.1278228896359602,20442
rxn:1:41426:23723,0.1272196256452136,20442
rxn:1:54959:39297,0.1239224956794218,20442
rxn:1:59847:2508,0.1167343783946264,20442
rxn:1:59381:33330,0.0350773000355922,20442
rxn:1:57010:32091,0.1465193823627803,20443
rxn:1:41718:3414,0.1447487341033088,20443
rxn:1:62588:2818,0.1444449438935234,20443
rxn:1:57009:1853,0.1388764896176078,20443
rxn:1:43730:1825,0.1378053526083628,20443
rxn:1:41923:31469,0.1361307068304582,20443
rxn:1:57010:31438,0.1349384525547857,20443
rxn:1:41426:31195,0.1346252518040793,20443
rxn:1:41711:31399,0.1329642474651337,20443
rxn:1:60214:24238,0.1326593785058884,20443
rxn:1:49433:32494,0.1325311050528571,20443
rxn:1:57043:391,0.132219864676396,20443
rxn:1:43675:2140,0.1321048956168325,20443
rxn:1:58686:38927,0.1315661641684445,20443
rxn:1:54959:37700,0.1304139352980114,20443
rxn:1:62140:22862,0.1284123224516709,20443
rxn:1:52218:31588,0.1267662573428381,20443
rxn:1:65673:31469,0.1251830675385215,20443
rxn:1:41917:582,0.1243357161680857,20443
rxn:1:41711:38875,0.1233426715646471,20443
rxn:1:41917:27779,0.1220263640085856,20443
rxn:1:61797:11768,0.1210289171763828,20443
rxn:1:41711:3871,0.1177373909950256,20443
rxn:1:53095:31431,0.1131573840975761,20443
rxn:1:43108:38880,0.0014114597191413,20443
rxn:1:65609:23101,0.1418895021317497,20444
rxn:1:42358:24238,0.1397158910357763,20444
rxn:1:50513:3191,0.1384349654591272,20444
rxn:1:49585:27875,0.138098328832596,20444
rxn:1:52896:37717,0.1377155256993843,20444
rxn:1:57013:3915,0.1373160300832806,20444
rxn:1:59915:3733,0.1373038358158535,20444
rxn:1:61827:7346,0.1358425267158992,20444
rxn:1:53562:39052,0.135670041921092,20444
rxn:1:65675:20594,0.1354142174576268,20444
rxn:1:41905:2836,0.1335687196773031,20444
rxn:1:47710:38536,0.1323547088910663,20444
rxn:1:53562:1954,0.1316969114722627,20444
rxn:1:53017:38802,0.1282292008399963,20444
rxn:1:59985:37764,0.1247444758812586,20444
rxn:1:53562:2047,0.1224234567748175,20444
rxn:1:53017:20555,0.1222241629253734,20444
rxn:1:41711:557,0.1200225540885219,20444
rxn:1:59847:30464,0.1188407291968663,20444
rxn:1:62688:38326,0.1184052361382378,20444
rxn:1:41514:31588,0.114831823369731,20444
rxn:1:43730:31588,0.1145455168955253,20444
rxn:1:41426:27779,0.1091647978984948,20444
rxn:1:49157:32094,0.0532938734148487,20444
rxn:1:41711:28663,0.1479058663050333,20445
rxn:1:59915:2180,0.1436137325233883,20445
rxn:1:43730:31836,0.1435702316688769,20445
rxn:1:50513:3313,0.1421099513296097,20445
rxn:1:57010:31520,0.1413284476959344,20445
rxn:1:61827:2228,0.1404851988742226,20445
rxn:1:61827:12164,0.1363230379004227,20445
rxn:1:41904:2995,0.1352387751851763,20445
rxn:1:58687:39923,0.1336776117483774,20445
rxn:1:49432:2534,0.1332452950023469,20445
rxn:1:49433:28880,0.1331185400485992,20445
rxn:1:41816:1825,0.1325261441488114,20445
rxn:1:41904:31937,0.1314605852914235,20445
rxn:1:41711:6548,0.1304447442293167,20445
rxn:1:57004:38802,0.1293990659335303,20445
rxn:1:58688:31438,0.127996994389428,20445
rxn:1:49433:28803,0.1261109562887661,20445
rxn:1:54938:37717,0.1247096376286612,20445
rxn:1:43683:31454,0.1246889622675048,20445
rxn:1:41917:31927,0.1223701588691226,20445
rxn:1:41904:2672,0.1183760969535164,20445
rxn:1:60071:3404,0.1157831783095995,20445
rxn:1:65661:1858,0.110314781251161,20445
rxn:1:57010:31397,0.109819176296393,20445
rxn:1:64016:7145,0.0626343211742362,20445
rxn:1:62178:2983,0.1548201279206709,20446
rxn:1:62688:2235,0.1502086160674927,20446
rxn:1:51788:37737,0.1449987528816102,20446
rxn:1:57017:8718,0.1417061478802652,20446
rxn:1:60071:732,0.1405893647879884,20446
rxn:1:53562:38803,0.1387448358157324,20446
rxn:1:58686:39923,0.1367124355200565,20446
rxn:1:41921:1853,0.1366017767877289,20446
rxn:1:62688:38608,0.1353136925470261,20446
rxn:1:62688:3870,0.134569401778872,20446
rxn:1:60071:3947,0.1331416904062464,20446
rxn:1:59915:7442,0.1316051254669825,20446
rxn:1:41711:32354,0.1313946644465128,20446
rxn:1:50513:2955,0.130063162436561,20446
rxn:1:50513:23539,0.1290859977404276,20446
rxn:1:57010:37737,0.1289852327770657,20446
rxn:1:65438:31425,0.1285525659720102,20446
rxn:1:55132:1881,0.1274621569448047,20446
rxn:1:53562:2992,0.1261187133689721,20446
rxn:1:42186:1421,0.1251201000478532,20446
rxn:1:57012:23656,0.1249581748160763,20446
rxn:1:59985:31436,0.1248998443285624,20446
rxn:1:57011:31445,0.1241489725582527,20446
rxn:1:59985:37729,0.1184229740390071,20446
rxn:1:42390:17835,0.037677631846496,20446
rxn:1:55948:28931,0.1413578291734059,20447
rxn:1:43730:39373,0.1403479453395394,20447
rxn:1:41921:23656,0.1398118293803671,20447
rxn:1:51755:2983,0.1392655217129251,20447
rxn:1:65677:38682,0.1385458137678063,20447
rxn:1:41774:31454,0.1379995454441417,20447
rxn:1:50513:32512,0.1366980861533772,20447
rxn:1:59847:23646,0.1365902152928439,20447
rxn:1:57010:39297,0.1342048744360606,20447
rxn:1:62688:2162,0.1331180726939981,20447
rxn:1:58717:31438,0.1327252052724361,20447
rxn:1:62688:23898,0.1318251073360443,20447
rxn:1:59753:1881,0.1315806119338325,20447
rxn:1:41613:3699,0.1293504209745498,20447
rxn:1:53017:3803,0.1276142043726784,20447
rxn:1:59915:14361,0.1258114241063594,20447
rxn:1:61827:3819,0.1231944039463996,20447
rxn:1:42234:2756,0.1209985302842181,20447
rxn:1:57009:3915,0.1206339516422965,20447
rxn:1:41921:2836,0.1176810935139656,20447
rxn:1:57013:29580,0.1160406483845277,20447
rxn:1:50513:31943,0.1145218029618263,20447
rxn:1:49433:24341,0.1083131391893733,20447
rxn:1:41723:31750,0.1058153539896011,20447
rxn:1:41711:28642,0.1436688563098078,20448
rxn:1:65609:23623,0.1428869749818529,20448
rxn:1:65306:7772,0.1374420892624628,20448
rxn:1:41847:3803,0.1359226663004268,20448
rxn:1:61827:7253,0.135634786552853,20448
rxn:1:43680:38726,0.1351978741586208,20448
rxn:1:54938:31438,0.1349063062149545,20448
rxn:1:55948:29231,0.1336611409982045,20448
rxn:1:41711:35023,0.1334022405472668,20448
rxn:1:43730:11741,0.1332521769735548,20448
rxn:1:57064:31438,0.1332081171373526,20448
rxn:1:62688:28697,0.1321503400802612,20448
rxn:1:58686:20594,0.1319924994655277,20448
rxn:1:41923:31054,0.1294360967973868,20448
rxn:1:43756:31195,0.1291453120383349,20448
rxn:1:57013:27779,0.1287209490935007,20448
rxn:1:41718:2058,0.1277645826339721,20448
rxn:1:57043:32016,0.1256636705087578,20448
rxn:1:59830:31333,0.1233468294143676,20448
rxn:1:57011:31498,0.1224394233330436,20448
rxn:1:55948:3091,0.1218522912577579,20448
rxn:1:42029:23085,0.1198112681508064,20448
rxn:1:65675:31520,0.1197154454209587,20448
rxn:1:61827:258,0.1194937378168106,20448
rxn:1:44447:39292,0.1171304555166335,20448
rxn:1:62688:491,0.1147737245668064,20448
rxn:1:41905:31853,0.1107237947483857,20448
rxn:1:51755:340,0.1505423540418798,20449
rxn:1:59931:23101,0.1417517704623086,20449
rxn:1:62688:18043,0.1403241199254989,20449
rxn:1:54965:31438,0.1391584761440754,20449
rxn:1:59985:6216,0.1389336690306663,20449
rxn:1:62588:1850,0.1358460755575271,20449
rxn:1:49433:23520,0.1355471380732276,20449
rxn:1:41718:39367,0.1344047714682186,20449
rxn:1:62178:6406,0.1337666952091714,20449
rxn:1:43730:2666,0.1337585359811783,20449
rxn:1:40117:2983,0.1320631257865739,20449
rxn:1:41923:31168,0.130534065040675,20449
rxn:1:41923:39006,0.1298034624619917,20449
rxn:1:41711:31609,0.1285122657815615,20449
rxn:1:58661:39923,0.1275627444619718,20449
rxn:1:49433:391,0.126310340705372,20449
rxn:1:59985:39017,0.1238427915071186,20449
rxn:1:41916:31821,0.1220813108527142,20449
rxn:1:57043:20594,0.1217034472660585,20449
rxn:1:41918:2042,0.1213914171645516,20449
rxn:1:41921:8798,0.1207583993673324,20449
rxn:1:58687:370,0.1150596913966265,20449
rxn:1:41789:31836,0.1111785588057144,20449
rxn:1:41487:3313,0.1060976735923601,20449
rxn:1:41923:170,0.148003585960554,20450
rxn:1:63757:7772,0.1445909142494201,20450
rxn:1:40845:31376,0.1411978950103124,20450
rxn:1:41711:1826,0.1384469311345707,20450
rxn:1:59997:23584,0.1378579502520354,20450
rxn:1:43730:23280,0.1373927523108089,20450
rxn:1:53095:28224,0.1370486219724019,20450
rxn:1:47710:32128,0.1353509028752645,20450
rxn:1:65677:39011,0.1352173426876897,20450
rxn:1:43730:28663,0.1351244575098941,20450
rxn:1:55320:340,0.1350935282914535,20450
rxn:1:58687:39701,0.1340253975080407,20450
rxn:1:62178:8679,0.1323356835738472,20450
rxn:1:61827:28694,0.1315226733684539,20450
rxn:1:51452:20555,0.1308867568555085,20450
rxn:1:41921:8678,0.1307617581408957,20450
rxn:1:53562:3265,0.1286670000929581,20450
rxn:1:48380:3803,0.1267895897229512,20450
rxn:1:57014:39015,0.1255958857743636,20450
rxn:1:42018:20594,0.1249731069519406,20450
rxn:1:62180:2983,0.1106579628857699,20450
rxn:1:62588:7697,0.1104995296114967,20450
rxn:1:62140:2079,-0.078969477542809,20450
rxn:1:63757:7128,0.1507212623305942,20451
rxn:1:49433:27964,0.1469547762757256,20451
rxn:1:43730:39367,0.14461010519196,20451
rxn:1:42202:565,0.1429542221806266,20451
rxn:1:51755:2756,0.1390802627024443,20451
rxn:1:57004:1853,0.1388417753306302,20451
rxn:1:47747:31525,0.1385631289171136,20451
rxn:1:49433:38503,0.1373114870353178,20451
rxn:1:42311:31454,0.1366058227916558,20451
rxn:1:60049:23101,0.1364160974820454,20451
rxn:1:62588:7127,0.1352360716887882,20451
rxn:1:39929:1429,0.1343028017065742,20451
rxn:1:59960:31376,0.1337632393836975,20451
rxn:1:52741:20555,0.132200961527617,20451
rxn:1:41613:31333,0.1316147162800743,20451
rxn:1:62322:2983,0.1299193975600329,20451
rxn:1:61827:7096,0.1297168135643005,20451
rxn:1:62688:257,0.1281187775589171,20451
rxn:1:62688:2029,0.1276065636248815,20451
rxn:1:50513:31518,0.1263323002739956,20451
rxn:1:41917:31438,0.1253581254378609,20451
rxn:1:41921:32050,0.1250366512686014,20451
rxn:1:41782:31425,0.1174531255079352,20451
rxn:1:65306:7776,0.1134644690014067,20451
rxn:1:65328:39327,-0.0855383047690758,20451
rxn:1:47710:24172,0.1421171923478444,20452
rxn:1:59907:37822,0.1391553140204885,20452
rxn:1:42423:31376,0.1369155434270699,20452
rxn:1:43628:20594,0.1357216731361721,20452
rxn:1:40247:31376,0.1352739450724228,20452
rxn:1:41921:3191,0.1351368576288223,20452
rxn:1:59847:20594,0.132449372893288,20452
rxn:1:41923:23567,0.1298113560676574,20452
rxn:1:54992:1853,0.1288934311141138,20452
rxn:1:62588:29515,0.1282759231069813,20452
rxn:1:57013:39018,0.1281134499155956,20452
rxn:1:61827:38442,0.1265264704823493,20452
rxn:1:57007:20594,0.1258315647190267,20452
rxn:1:41916:31054,0.123808649679025,20452
rxn:1:54959:38869,0.1215753281116485,20452
rxn:1:60636:1853,0.1197566503570193,20452
rxn:1:41904:31054,0.113684453394102,20452
rxn:1:58687:31315,0.1135236458344893,20452
rxn:1:42029:2058,0.1055876706775865,20452
rxn:1:62327:18723,0.1035398475825786,20452
rxn:1:62792:1704,-0.1689853721431323,20452
rxn:1:65438:2180,0.146139615460446,20453
rxn:1:63670:7128,0.1448469978311787,20453
rxn:1:59997:23525,0.1427977098071057,20453
rxn:1:61587:20555,0.1426514928991144,20453
rxn:1:53227:20555,0.139739175637563,20453
rxn:1:62688:7253,0.1387895612340224,20453
rxn:1:62688:32146,0.1384469966093699,20453
rxn:1:65661:38365,0.1375764225210462,20453
rxn:1:41847:32044,0.1370527925698653,20453
rxn:1:59856:24238,0.1363043047879871,20453
rxn:1:63757:7127,0.1341037966988303,20453
rxn:1:43719:14095,0.128832415394161,20453
rxn:1:59997:23518,0.1284283101558685,20453
rxn:1:57015:38682,0.1284063419570093,20453
rxn:1:59934:2983,0.1276681678635733,20453
rxn:1:65673:20555,0.1269514249718707,20453
rxn:1:40523:39292,0.1250759705901146,20453
rxn:1:57013:39924,0.1213179366155104,20453
rxn:1:62688:3947,0.1159122353014738,20453
rxn:1:41650:31836,0.1060984791679815,20453
rxn:1:41847:31054,0.1425129473209381,20454
rxn:1:62588:38899,0.1421993568539619,20454
rxn:1:41711:3210,0.1418928518891334,20454
rxn:1:41905:1664,0.1416267061775381,20454
rxn:1:53562:39124,0.1407709244419546,20454
rxn:1:62688:2141,0.1393496706372215,20454
rxn:1:61827:7031,0.1373525418733295,20454
rxn:1:41918:23723,0.1372323098935579,20454
rxn:1:51788:31588,0.1359674721956253,20454
rxn:1:47710:28354,0.1357669502496719,20454
rxn:1:62322:2879,0.133073839156524,20454
rxn:1:43697:28663,0.1327718512008064,20454
rxn:1:42547:565,0.1326012404068656,20454
rxn:1:62688:38722,0.1325879877521878,20454
rxn:1:52479:107,0.1300361713637476,20454
rxn:1:59997:23585,0.1295902068200318,20454
rxn:1:59847:23649,0.1274807507341558,20454
rxn:1:62688:7115,0.1273204982280731,20454
rxn:1:49432:521,0.1266905392209689,20454
rxn:1:41718:38433,0.1264594746263403,20454
rxn:1:57047:39018,0.1247873896112044,20454
rxn:1:41847:31580,0.1246628761291503,20454
rxn:1:58687:25795,0.1236675274040964,20454
rxn:1:41847:31227,0.1216912476912788,20454
rxn:1:41904:27779,0.1183382680882578,20454
rxn:1:41791:3803,0.117355041205883,20454
rxn:1:43719:24118,0.1167452570639158,20454
rxn:1:41916:31219,0.0966326793034871,20454
rxn:1:62688:15212,0.1444479565728794,20455
rxn:1:51755:2089,0.1402521444992585,20455
rxn:1:59847:23525,0.1390848830342292,20455
rxn:1:60198:2180,0.1384993344545364,20455
rxn:1:59847:23650,0.1374557343396273,20455
rxn:1:42551:31558,0.1369783605138461,20455
rxn:1:49433:31986,0.1367933630943298,20455
rxn:1:59847:31836,0.1362487131899053,20455
rxn:1:57047:28139,0.1335230482661205,20455
rxn:1:57009:39923,0.1328741780349186,20455
rxn:1:59997:23538,0.1314236236655193,20455
rxn:1:41919:20555,0.1314199139242587,20455
rxn:1:63670:7777,0.1308928050778129,20455
rxn:1:56989:31438,0.1302536495707251,20455
rxn:1:62178:2756,0.1300826858390461,20455
rxn:1:54937:122,0.129397225650874,20455
rxn:1:41788:31520,0.1287439302964644,20455
rxn:1:54992:39923,0.1275327910076488,20455
rxn:1:43710:565,0.1274429199596246,20455
rxn:1:65672:38814,0.1268624107946049,20455
rxn:1:40478:39292,0.1265037342905998,20455
rxn:1:57047:20555,0.1263566985726356,20455
rxn:1:42202:1148,0.1262625618414445,20455
rxn:1:43719:9276,0.1248402841713117,20455
rxn:1:49433:32727,0.1242721236270407,20455
rxn:1:42554:39089,0.1239721956460372,20455
rxn:1:65438:6363,0.1239636916181315,20455
rxn:1:40067:340,0.1231608959761532,20455
rxn:1:57010:31168,0.1200085512616417,20455
rxn:1:41923:38789,0.1118564957922155,20455
rxn:1:58687:122,0.1606987688852393,20456
rxn:1:58687:2195,0.1511707504590352,20456
rxn:1:57359:2983,0.1431317458982053,20456
rxn:1:41904:3248,0.1399041471027192,20456
rxn:1:41920:28139,0.1396990310062061,20456
rxn:1:57047:37700,0.1382537626084827,20456
rxn:1:47710:23897,0.138247427486238,20456
rxn:1:62688:7141,0.1355093196034431,20456
rxn:1:42351:31526,0.1333323220411936,20456
rxn:1:57064:31454,0.1330073553582896,20456
rxn:1:41711:16779,0.132685050368309,20456
rxn:1:57010:39016,0.1316130679586659,20456
rxn:1:41959:31454,0.131017804145813,20456
rxn:1:42796:1429,0.1303886413574218,20456
rxn:1:57010:31420,0.1299020431258461,20456
rxn:1:58687:723,0.1287992671132087,20456
rxn:1:41904:7141,0.1285716658053191,20456
rxn:1:53562:2049,0.127721277376016,20456
rxn:1:65672:38748,0.1272616801054581,20456
rxn:1:49388:38682,0.1268939971923828,20456
rxn:1:63670:7127,0.1240054314786737,20456
rxn:1:41711:31386,0.1230357846488123,20456
rxn:1:65679:31930,0.1207799721847881,20456
rxn:1:43799:31520,0.1200127575708472,20456
rxn:1:49433:28747,0.1191128591696421,20456
rxn:1:45334:37717,0.0984653135140736,20456
rxn:1:51585:122,0.1475604909161726,20457
rxn:1:51755:39336,0.141618400812149,20457
rxn:1:42553:1148,0.1405942634395931,20457
rxn:1:43730:38555,0.1405731685021344,20457
rxn:1:61872:2955,0.14048433303833,20457
rxn:1:62688:11716,0.1398293319202604,20457
rxn:1:62688:28393,0.1393185726233891,20457
rxn:1:57004:20594,0.1391056870872324,20457
rxn:1:54959:122,0.1390882626823757,20457
rxn:1:42191:2983,0.1365756703459698,20457
rxn:1:41711:23825,0.1356940950666155,20457
rxn:1:63757:393,0.1345533119595569,20457
rxn:1:41923:6392,0.1330112374347189,20457
rxn:1:52102:4564,0.1329247809591747,20457
rxn:1:57014:39018,0.1310443476490352,20457
rxn:1:57047:3803,0.1307428543982298,20457
rxn:1:47710:28662,0.1306362407548086,20457
rxn:1:43719:7094,0.1306254644142954,20457
rxn:1:41876:2983,0.1304982345212589,20457
rxn:1:41905:2587,0.128630364483053,20457
rxn:1:62140:22739,0.1282377677659193,20457
rxn:1:47710:32152,0.127463264465332,20457
rxn:1:57014:39020,0.1272240734618643,20457
rxn:1:59847:28155,0.1220269259952363,20457
rxn:1:41917:39011,0.1219622000404026,20457
rxn:1:43730:85,0.121238973405626,20457
rxn:1:59985:35473,0.1103954820529274,20457
rxn:1:41905:20555,0.1095781272107904,20457
rxn:1:65438:1853,0.1090365865013816,20457
rxn:1:46324:29424,0.0378368663968461,20457
rxn:1:61872:23584,0.1446138478460766,20458
rxn:1:42016:27779,0.1435730648040771,20458
rxn:1:59985:28642,0.1428656935691833,20458
rxn:1:43671:161,0.142117645740509,20458
rxn:1:41929:2140,0.1413673695765043,20458
rxn:1:41711:31935,0.1386847712776877,20458
rxn:1:53551:31376,0.1381953436395396,20458
rxn:1:41923:31838,0.1375389918684959,20458
rxn:1:42975:565,0.1351394305626551,20458
rxn:1:64168:38814,0.1339240443138849,20458
rxn:1:42029:23184,0.133601513173845,20458
rxn:1:43678:31896,0.1332224089166392,20458
rxn:1:55315:2983,0.1324047421415647,20458
rxn:1:41904:23651,0.1308901480266026,20458
rxn:1:57010:32044,0.1286525778148485,20458
rxn:1:49432:38145,0.1284052520990371,20458
rxn:1:57011:122,0.1259284317493438,20458
rxn:1:59985:38379,0.1252622823966176,20458
rxn:1:41711:31786,0.1240075015359454,20458
rxn:1:42186:1062,0.1237048804759979,20458
rxn:1:58687:3935,0.1228974685072898,20458
rxn:1:58684:31197,0.1184325272386724,20458
rxn:1:41777:1664,0.1158878388612166,20458
rxn:1:57043:31469,0.1099168468605388,20458
rxn:1:41904:38102,0.1057178556919097,20458
rxn:1:65438:341,0.0975320398807525,20458
rxn:1:51586:122,0.1424749158322811,20459
rxn:1:41711:2992,0.1420789438745249,20459
rxn:1:57011:31224,0.1412839672782204,20459
rxn:1:62688:8535,0.1405984146727456,20459
rxn:1:62688:7442,0.1405623356501261,20459
rxn:1:57004:39923,0.1384833909216381,20459
rxn:1:50513:31930,0.137949211032767,20459
rxn:1:59915:582,0.1364371193491894,20459
rxn:1:49432:2955,0.1362107192928141,20459
rxn:1:58745:1853,0.1357145135601361,20459
rxn:1:41718:38555,0.1347653865814209,20459
rxn:1:57017:3803,0.1340637491507963,20459
rxn:1:49432:23525,0.133830524009207,20459
rxn:1:65672:39073,0.1337750445712696,20459
rxn:1:42358:31489,0.1289399379775637,20459
rxn:1:41711:2051,0.1255269443446939,20459
rxn:1:59915:16990,0.1252011997359139,20459
rxn:1:51755:1429,0.1246665729128796,20459
rxn:1:57014:39924,0.1212363161823966,20459
rxn:1:49433:3168,0.1200459107756614,20459
rxn:1:45202:1664,0.1200399125615755,20459
rxn:1:58686:31259,0.115625107830221,20459
rxn:1:41711:15550,0.1151050726572672,20459
rxn:1:41923:7253,0.1139469036930485,20459
rxn:1:54937:37839,0.1131564571211735,20459
rxn:1:62178:660,0.1106643550097942,20459
rxn:1:43719:11724,0.1067273701940264,20459
rxn:1:58687:7708,0.1002683257279188,20459
rxn:1:55405:11373,0.043925387466826,20459
rxn:1:41711:2235,0.1491482183337211,20460
rxn:1:54937:39021,0.1450870671997899,20460
rxn:1:41919:31454,0.1441734351895072,20460
rxn:1:61827:23184,0.142268353038364,20460
rxn:1:63670:8627,0.1413336126577286,20460
rxn:1:40062:1674,0.1389948603781786,20460
rxn:1:55948:28642,0.1378078427579668,20460
rxn:1:54930:31197,0.1374239636504131,20460
rxn:1:59856:2763,0.1369732350111007,20460
rxn:1:59909:23101,0.1360009624844505,20460
rxn:1:41921:39018,0.1359273933846017,20460
rxn:1:60636:27954,0.1349479348763175,20460
rxn:1:40077:2983,0.1333552896976471,20460
rxn:1:61827:92,0.1322857901453971,20460
rxn:1:41711:16783,0.1305138766765594,20460
rxn:1:57043:31195,0.1295181616492893,20460
rxn:1:59985:11984,0.1281981625055012,20460
rxn:1:61827:31903,0.1277322329225994,20460
rxn:1:59985:32592,0.1237124863423799,20460
rxn:1:65746:2983,0.1231490468437021,20460
rxn:1:54962:37700,0.1218616706984383,20460
rxn:1:41977:2756,0.1212560642849315,20460
rxn:1:57011:31559,0.1202842539007013,20460
rxn:1:40063:1148,0.1200684309005737,20460
rxn:1:59927:31376,0.1192695563254149,20460
rxn:1:47710:28543,0.1189413290956745,20460
rxn:1:59856:20555,0.1172998428344726,20460
rxn:1:62588:38562,0.1136582415354879,20460
rxn:1:41916:6187,0.1088451847434043,20460
rxn:1:61592:37729,0.1077730983495712,20460
rxn:1:55948:32201,0.1055317626279943,20460
rxn:1:60636:23538,0.142526709785064,20461
rxn:1:41711:32043,0.1382720482846101,20461
rxn:1:56989:39021,0.1371918496760455,20461
rxn:1:43628:31279,0.1367177541057269,20461
rxn:1:61827:38433,0.1359158770034187,20461
rxn:1:56986:31197,0.1352720260620117,20461
rxn:1:57064:39923,0.1345464343374425,20461
rxn:1:57012:31957,0.1337007365443489,20461
rxn:1:42217:565,0.1329758682034232,20461
rxn:1:43719:8703,0.132829802600961,20461
rxn:1:43697:2140,0.1327828090441854,20461
rxn:1:61827:18043,0.1319961709280808,20461
rxn:1:41918:11996,0.1300263749925714,20461
rxn:1:41924:31611,0.1292874009712882,20461
rxn:1:49433:23448,0.1288974668298448,20461
rxn:1:62178:6547,0.1286282794816153,20461
rxn:1:62688:24202,0.1281962082499549,20461
rxn:1:65438:334,0.1243044838309288,20461
rxn:1:41395:20555,0.1242426376451145,20461
rxn:1:43781:27779,0.1236405459543069,20461
rxn:1:59923:23525,0.1223771714028857,20461
rxn:1:63757:412,0.1222254619002342,20461
rxn:1:59847:31920,0.1211160336221967,20461
rxn:1:62588:6381,0.1199059449136257,20461
rxn:1:41792:8718,0.1168117834763093,20461
rxn:1:58687:31197,0.1158982474695552,20461
rxn:1:55123:20555,0.11503666639328,20461
rxn:1:57043:1332,0.1137397005444481,20461
rxn:1:41923:38795,0.1127829182715643,20461
rxn:1:65678:39771,0.1099871228570523,20461
rxn:1:41918:28139,0.1066232536520276,20461
rxn:1:41723:39245,0.1059750735759735,20461
rxn:1:41723:23723,0.1472868072359185,20462
rxn:1:41923:2915,0.1465969451449134,20462
rxn:1:41847:27778,0.1408610253230385,20462
rxn:1:62688:23897,0.1397148549556732,20462
rxn:1:51563:122,0.136799948370975,20462
rxn:1:43680:39021,0.1361285316944122,20462
rxn:1:50513:29580,0.1359648484932749,20462
rxn:1:64168:23539,0.1339096686114435,20462
rxn:1:65672:31520,0.1313778026537461,20462
rxn:1:43758:39089,0.1309640637852928,20462
rxn:1:41905:31463,0.1292826661041805,20462
rxn:1:41921:20594,0.1271631094542416,20462
rxn:1:62688:16783,0.1271509292225043,20462
rxn:1:58686:27889,0.1264140424521073,20462
rxn:1:43799:31454,0.1252132498699685,20462
rxn:1:62179:23521,0.1240261974542037,20462
rxn:1:62688:2060,0.1232850521802902,20462
rxn:1:49433:4586,0.1231435991468883,20462
rxn:1:57007:31438,0.1222764953323032,20462
rxn:1:53095:28048,0.1217208802700042,20462
rxn:1:59985:31227,0.1214473184786344,20462
rxn:1:57043:39923,0.1180607151417505,20462
rxn:1:41866:37717,0.1149197419484456,20462
rxn:1:58687:1827,0.1088887710462917,20462
rxn:1:59847:18720,0.1027074652639302,20462
rxn:1:41711:2055,0.1484865577597367,20463
rxn:1:42547:341,0.1426351744195689,20463
rxn:1:57010:31224,0.1413617174733769,20463
rxn:1:61533:107,0.1401359568471494,20463
rxn:1:63670:7129,0.1397840815285841,20463
rxn:1:61780:1825,0.1385960172523151,20463
rxn:1:41916:31930,0.1377264017408544,20463
rxn:1:62688:16990,0.1369953412901271,20463
rxn:1:43782:39021,0.1348674413950547,20463
rxn:1:41718:12164,0.1340670162125637,20463
rxn:1:62322:2754,0.1312454485374948,20463
rxn:1:51755:357,0.1308881789445877,20463
rxn:1:41847:23521,0.1303911662101745,20463
rxn:1:49433:4263,0.1286038926669529,20463
rxn:1:61827:31467,0.1276503262065705,20463
rxn:1:57588:2180,0.1274222555485638,20463
rxn:1:54937:39018,0.126706539288811,20463
rxn:1:62688:85,0.1239862787096124,20463
rxn:1:65662:31438,0.1235757050189104,20463
rxn:1:41904:31580,0.1222705620786418,20463
rxn:1:47710:20555,0.1208557126422723,20463
rxn:1:48888:2983,0.1205761960961602,20463
rxn:1:41711:8646,0.1177982809868725,20463
rxn:1:65438:283,0.1175672113895416,20463
rxn:1:59985:27875,0.1166988299651579,20463
rxn:1:41975:37822,0.115937868754069,20463
rxn:1:65679:8718,0.1147102320736104,20463
rxn:1:47364:6209,0.0729915993288159,20463
rxn:1:51755:341,0.1502590192989869,20464
rxn:1:57015:8718,0.1484925801103765,20464
rxn:1:62322:1429,0.1463227448138324,20464
rxn:1:41718:31786,0.1411378482977549,20464
rxn:1:41923:28568,0.1404916576363823,20464
rxn:1:59985:38312,0.1404733626466048,20464
rxn:1:41917:31957,0.136516659097238,20464
rxn:1:62688:2180,0.13638825636161,20464
rxn:1:57359:2089,0.1359765638004649,20464
rxn:1:61827:11739,0.1354039642545912,20464
rxn:1:49433:14232,0.1352690709264655,20464
rxn:1:41917:20594,0.1336546323516152,20464
rxn:1:43710:1060,0.1335181022683779,20464
rxn:1:65679:122,0.1326417624950409,20464
rxn:1:61827:2035,0.1303097793930455,20464
rxn:1:49433:18616,0.1301159024238586,20464
rxn:1:41904:5562,0.1281924531573341,20464
rxn:1:59847:31469,0.1281409930615198,20464
rxn:1:62327:31195,0.1261491838254426,20464
rxn:1:65678:6378,0.1249333213676106,20464
rxn:1:58690:31438,0.1238090147574742,20464
rxn:1:47710:23628,0.1227509068406146,20464
rxn:1:42053:1335,0.1196479797363281,20464
rxn:1:65661:122,0.1179824045726231,20464
rxn:1:57011:368,0.1159936288992563,20464
rxn:1:57362:2983,0.1158197353715482,20464
rxn:1:57013:39439,0.1151147357055119,20464
rxn:1:39975:6089,0.0344630112481671,20464
rxn:1:62322:2756,0.1569659804755991,20465
rxn:1:61827:2235,0.1403927415609359,20465
rxn:1:59893:23539,0.1397291074196497,20465
rxn:1:62688:28507,0.1391669824719429,20465
rxn:1:43730:11848,0.1387460261583328,20465
rxn:1:43630:31454,0.1373564860095148,20465
rxn:1:57043:31110,0.1361173066225919,20465
rxn:1:61827:38555,0.1358602011904996,20465
rxn:1:62446:39921,0.1342092169367748,20465
rxn:1:61827:4157,0.131868701232107,20465
rxn:1:57015:39021,0.1295270803182021,20465
rxn:1:62688:7031,0.1291916191577911,20465
rxn:1:41711:2666,0.1282898604869842,20465
rxn:1:60071:7799,0.1278418934061413,20465
rxn:1:57013:38955,0.126379390557607,20465
rxn:1:59901:23525,0.1263509474017403,20465
rxn:1:41974:28663,0.125751057737752,20465
rxn:1:57064:31054,0.1206479847431182,20465
rxn:1:43678:1664,0.1176003926992416,20465
rxn:1:41791:27778,0.1166071878827136,20465
rxn:1:41923:370,0.1132706148283822,20465
rxn:1:58689:28139,0.1119694968928461,20465
rxn:1:51755:38843,0.0980127907934643,20465
rxn:1:41509:4014,0.0492031480584825,20465
rxn:1:62322:3168,0.1475980430841446,20466
rxn:1:62688:3210,0.1454277492704845,20466
rxn:1:41917:39297,0.1426816043399629,20466
rxn:1:54969:3803,0.1415988051373025,20466
rxn:1:60174:20555,0.1414546847343444,20466
rxn:1:49432:23583,0.1401231993328441,20466
rxn:1:43730:6010,0.1395098924636841,20466
rxn:1:62688:39373,0.1387510498364766,20466
rxn:1:61827:23837,0.136575182278951,20466
rxn:1:63757:27954,0.1362642862580039,20466
rxn:1:62688:23888,0.1356551505270458,20466
rxn:1:62688:23826,0.1351133584976196,20466
rxn:1:62318:7772,0.1330413709987293,20466
rxn:1:61872:23525,0.1330190556389945,20466
rxn:1:42579:2756,0.1328849494457245,20466
rxn:1:58686:122,0.1319029227547023,20466
rxn:1:42288:20555,0.1305381608009338,20466
rxn:1:59909:11720,0.1289237916469574,20466
rxn:1:41789:31425,0.1280196498740803,20466
rxn:1:45310:341,0.1256171302361921,20466
rxn:1:58687:39922,0.1256137075631515,20466
rxn:1:43719:30483,0.1241730536733354,20466
rxn:1:65673:39014,0.1219024502712747,20466
rxn:1:55948:27813,0.1174357861280441,20466
rxn:1:58687:1369,0.1095143935897133,20466
rxn:1:57010:37717,0.1079297438263893,20466
rxn:1:41918:85,0.1071875856982337,20466
rxn:1:41923:23651,0.1052710332653739,20466
rxn:1:61827:28698,0.1002565324306488,20466
rxn:1:59985:32050,0.1419587075710296,20467
rxn:1:62322:2788,0.139873347348637,20467
rxn:1:43671:1517,0.1373304940652156,20467
rxn:1:62579:31526,0.1370387463657944,20467
rxn:1:43719:11736,0.1364462594191233,20467
rxn:1:41905:24035,0.1348016569108674,20467
rxn:1:49432:31341,0.1340413143237432,20467
rxn:1:52479:15858,0.1338483778635661,20467
rxn:1:61827:32146,0.1334335366884867,20467
rxn:1:61827:23893,0.1332513623767428,20467
rxn:1:57017:27779,0.132558186021116,20467
rxn:1:41923:37759,0.1316691266767906,20467
rxn:1:62034:22729,0.1313439810123199,20467
rxn:1:62688:8718,0.1303942302862803,20467
rxn:1:59915:31168,0.1277963509635319,20467
rxn:1:41836:31063,0.127275184033409,20467
rxn:1:54960:31837,0.1262743092245526,20467
rxn:1:41791:28139,0.1256116384809667,20467
rxn:1:63670:27961,0.1243738765301911,20467
rxn:1:50513:31509,0.1235278876204239,20467
rxn:1:43758:39292,0.1192767024040222,20467
rxn:1:59985:36144,0.1182986428772193,20467
rxn:1:58680:39923,0.1152593800515839,20467
rxn:1:54960:39923,0.1107940529332016,20467
rxn:1:42434:2983,0.1101549649447725,20467
rxn:1:43969:3567,0.0426031261362055,20467
rxn:1:59830:31947,0.1392339013871692,20468
rxn:1:65672:122,0.1381967103842533,20468
rxn:1:59997:23484,0.1341038467227548,20468
rxn:1:62688:39296,0.1338062728896285,20468
rxn:1:49433:31952,0.1321035538400922,20468
rxn:1:59856:2788,0.1318797667821248,20468
rxn:1:41985:2666,0.1318351328372955,20468
rxn:1:49432:14360,0.1315674942637247,20468
rxn:1:41923:429,0.1314525678753852,20468
rxn:1:56989:37737,0.1311928500299868,20468
rxn:1:42764:8718,0.1285727890332539,20468
rxn:1:49432:23651,0.128570486108462,20468
rxn:1:58687:39011,0.1281403973698616,20468
rxn:1:41904:39047,0.126901039571473,20468
rxn:1:41847:23520,0.1268020685513814,20468
rxn:1:57011:1731,0.1265566168409405,20468
rxn:1:55948:37798,0.1258431706163618,20468
rxn:1:57011:1369,0.1229314974376133,20468
rxn:1:43696:20594,0.1229195475578308,20468
rxn:1:41923:31454,0.1226412437178871,20468
rxn:1:49433:1730,0.1215976043180985,20468
rxn:1:40244:1429,0.1203168129575425,20468
rxn:1:59985:16,0.1201582195466024,20468
rxn:1:58687:8759,0.1185915736537991,20468
rxn:1:41923:31493,0.1123962972475134,20468
rxn:1:59460:32494,0.1114601872969364,20468
rxn:1:57009:32710,0.0993409129706296,20468
rxn:1:49388:23539,0.1382357262902789,20469
rxn:1:41711:39720,0.1380032571156819,20469
rxn:1:57010:39013,0.1373313743135203,20469
rxn:1:59847:2878,0.1371977546858409,20469
rxn:1:41906:1664,0.1356756876815449,20469
rxn:1:57050:39923,0.1341209619334249,20469
rxn:1:41921:31054,0.1336547599898444,20469
rxn:1:51585:31454,0.1311656766467624,20469
rxn:1:57359:2756,0.1304399725319683,20469
rxn:1:61872:23484,0.1294158820122007,20469
rxn:1:41907:2055,0.1280111565924527,20469
rxn:1:60967:3168,0.1271406990109068,20469
rxn:1:54960:3674,0.1266225179036458,20469
rxn:1:47710:38259,0.1261351032862587,20469
rxn:1:58680:39921,0.1253554947448499,20469
rxn:1:50513:27779,0.1246016233686416,20469
rxn:1:50513:3935,0.1241728683312733,20469
rxn:1:41904:1335,0.122778608685448,20469
rxn:1:57011:31168,0.122496617562843,20469
rxn:1:59915:13907,0.1219256477079529,20469
rxn:1:55948:36477,0.1199974288111147,20469
rxn:1:41905:14099,0.1188757275090073,20469
rxn:1:41910:24238,0.1161813726500859,20469
rxn:1:61518:23525,0.1117570788963981,20469
rxn:1:60071:7792,0.1066897893161104,20469
rxn:1:65672:37759,0.1012644650358142,20469
rxn:1:59985:13922,0.1480166786595394,20470
rxn:1:65306:2912,0.1428794481537559,20470
rxn:1:63757:7129,0.1409051004383299,20470
rxn:1:62688:23679,0.1372300314180778,20470
rxn:1:63757:394,0.1365294158458709,20470
rxn:1:53562:23085,0.1359284841825091,20470
rxn:1:41876:357,0.135091173270392,20470
rxn:1:42975:1148,0.1349494631091753,20470
rxn:1:42307:39292,0.134273113911612,20470
rxn:1:47710:39444,0.1335001021623611,20470
rxn:1:61780:31518,0.1333503587679429,20470
rxn:1:41789:31454,0.1312434068231871,20470
rxn:1:62688:24354,0.1302778964692896,20470
rxn:1:41834:2927,0.1293151595375754,20470
rxn:1:59853:7771,0.1289998415916685,20470
rxn:1:62322:3047,0.1285841801892156,20470
rxn:1:41718:2035,0.1285350270438612,20470
rxn:1:41917:2513,0.1281602030450647,20470
rxn:1:41921:3803,0.1279252758531859,20470
rxn:1:62331:31947,0.1278735478719075,20470
rxn:1:56971:7708,0.12742730230093,20470
rxn:1:42008:38682,0.1269822650485569,20470
rxn:1:59915:32043,0.12141628894541,20470
rxn:1:42186:20489,0.120845577855041,20470
rxn:1:58687:31468,0.1203343407674269,20470
rxn:1:59847:23274,0.1149402194552951,20470
rxn:1:55948:12828,0.1118400692939758,20470
rxn:1:59847:32170,0.1105596775358373,20470
rxn:1:59850:21046,0.0673710236678252,20470
rxn:1:47710:39510,0.1450373918291122,20471
rxn:1:57010:39020,0.1408606033394302,20471
rxn:1:63670:394,0.1403268160242022,20471
rxn:1:43730:11880,0.1397138698059216,20471
rxn:1:59830:32000,0.1388284641763438,20471
rxn:1:61827:11945,0.1384927285344977,20471
rxn:1:60013:31526,0.1354324022928873,20471
rxn:1:49432:12243,0.1352288596557848,20471
rxn:1:41917:32044,0.1341785011084183,20471
rxn:1:59915:3699,0.1336357129944695,20471
rxn:1:47710:39271,0.1333882004925698,20471
rxn:1:61827:38388,0.1330673140391969,20471
rxn:1:54963:38682,0.1305830081303914,20471
rxn:1:41791:31425,0.1294453685933893,20471
rxn:1:58688:122,0.1289363650308139,20471
rxn:1:49388:22938,0.1280386204069311,20471
rxn:1:41985:23539,0.1259792542112046,20471
rxn:1:43697:11996,0.1259289948563826,20471
rxn:1:53001:31438,0.1241363632506218,20471
rxn:1:55948:34625,0.1225876649220784,20471
rxn:1:62588:37726,0.1185902744531631,20471
rxn:1:43781:3803,0.1165083863518454,20471
rxn:1:65469:23538,0.116285456900011,20471
rxn:1:57010:38620,0.1159084096099391,20471
rxn:1:48960:8679,0.1070250074068705,20471
rxn:1:52693:19969,0.0440161724885304,20471
rxn:1:59985:37233,0.1401487679945098,20472
rxn:1:59915:394,0.1389079327168672,20472
rxn:1:41718:27898,0.1381691256255814,20472
rxn:1:46766:341,0.1350922548409664,20472
rxn:1:41924:39017,0.1350673532140427,20472
rxn:1:62688:24176,0.1340550970700052,20472
rxn:1:59853:2763,0.1338660597801208,20472
rxn:1:51585:39024,0.1330478476441425,20472
rxn:1:57009:31580,0.1302947575847307,20472
rxn:1:42018:2050,0.1299955474607872,20472
rxn:1:41711:23088,0.1294932829009162,20472
rxn:1:57011:28185,0.1292833818329705,20472
rxn:1:41912:7772,0.1286872443945511,20472
rxn:1:59847:6378,0.1283671931614951,20472
rxn:1:62588:38492,0.1269641745658148,20472
rxn:1:41920:31454,0.1259050703409946,20472
rxn:1:62688:28698,0.1250011353265671,20472
rxn:1:53562:1332,0.1224804908510238,20472
rxn:1:61533:15643,0.1214680989583333,20472
rxn:1:57014:38955,0.1207825516661008,20472
rxn:1:55948:23561,0.1169517556826273,20472
rxn:1:41718:11724,0.1156762809980483,20472
rxn:1:59915:2134,0.1137999314250368,20472
rxn:1:43686:23539,0.1126323541005452,20472
rxn:1:55948:16034,0.109486229609752,20472
rxn:1:52896:412,0.1060065378745396,20472
rxn:1:47710:2796,0.1460015934611123,20473
rxn:1:41923:2051,0.1420571173446765,20473
rxn:1:63670:582,0.1390425328052405,20473
rxn:1:63670:5962,0.1378585946732673,20473
rxn:1:43719:28663,0.1369224483506721,20473
rxn:1:62688:31467,0.1366659457033331,20473
rxn:1:57010:31054,0.1356301009654998,20473
rxn:1:47710:24195,0.1348392324171204,20473
rxn:1:65013:23844,0.1339574872501312,20473
rxn:1:64596:20594,0.1337080399195353,20473
rxn:1:56080:31526,0.1332204101378457,20473
rxn:1:63757:1853,0.1328822791576385,20473
rxn:1:43719:9270,0.1328537255002741,20473
rxn:1:41718:28401,0.1327656397113093,20473
rxn:1:43730:11736,0.1322444160779317,20473
rxn:1:62688:8608,0.1317340451659578,20473
rxn:1:54985:20555,0.13151399542888,20473
rxn:1:58687:27889,0.1313953261444534,20473
rxn:1:54960:578,0.130960975004279,20473
rxn:1:43730:23837,0.1250170116071347,20473
rxn:1:43730:30291,0.1245141388877989,20473
rxn:1:59827:7772,0.1233484650415087,20473
rxn:1:61887:3168,0.1224178852456988,20473
rxn:1:41904:31566,0.1210319736729497,20473
rxn:1:43680:39328,0.1118215615289253,20473
rxn:1:59915:6258,0.1102490675622138,20473
rxn:1:42307:8718,0.0903448657029204,20473
rxn:1:44572:8348,0.0687368847074962,20473
rxn:1:47710:710,0.1568582822879155,20474
rxn:1:47710:2511,0.1411403635191539,20474
rxn:1:62688:12172,0.1410200307766596,20474
rxn:1:43670:39921,0.1395308686339336,20474
rxn:1:58687:31580,0.1369894011815388,20474
rxn:1:59985:38529,0.1368309899612709,20474
rxn:1:52896:3947,0.1357733569447956,20474
rxn:1:56377:1853,0.1343843873703118,20474
rxn:1:41785:23539,0.1334294430414835,20474
rxn:1:47710:1227,0.1331531750983086,20474
rxn:1:41718:257,0.1325971613327662,20474
rxn:1:43741:340,0.1324614445368448,20474
rxn:1:59985:23518,0.1297275473674138,20474
rxn:1:41711:31936,0.1289766692753993,20474
rxn:1:57004:31110,0.1285613233392889,20474
rxn:1:61827:80,0.12759629626205,20474
rxn:1:62688:28642,0.1274426761600706,20474
rxn:1:61827:38424,0.127222690665931,20474
rxn:1:41723:11880,0.1259042578831053,20474
rxn:1:57011:1825,0.1253849611137852,20474
rxn:1:42029:1405,0.1238086765462702,20474
rxn:1:54959:32091,0.1232345013154877,20474
rxn:1:61827:6093,0.1214627921581268,20474
rxn:1:41767:37717,0.1185667697588602,20474
rxn:1:47710:37767,0.1184253204200003,20474
rxn:1:41791:8718,0.1144033096956484,20474
rxn:1:58687:37751,0.110305482926576,20474
rxn:1:53023:25309,0.039960262474713,20474
rxn:1:47710:2099,0.1513851663422963,20475
rxn:1:47710:6547,0.1409551056604536,20475
rxn:1:42018:23539,0.1405756983204164,20475
rxn:1:51586:31438,0.1389682141939799,20475
rxn:1:41937:31279,0.138864543126977,20475
rxn:1:47710:8627,0.1376102276974254,20475
rxn:1:61884:2955,0.1355770329634348,20475
rxn:1:47710:3026,0.1342176576455434,20475
rxn:1:47710:8665,0.1337886045849512,20475
rxn:1:41912:20555,0.1330777867273851,20475
rxn:1:62688:7028,0.1310131636218748,20475
rxn:1:43730:11723,0.1307539343833923,20475
rxn:1:41326:20555,0.1296493474281195,20475
rxn:1:54892:31947,0.1289467461525447,20475
rxn:1:43719:11740,0.1287520855080847,20475
rxn:1:41925:31937,0.1268263287616498,20475
rxn:1:47710:3157,0.1264728325786012,20475
rxn:1:62688:1022,0.1222111662228902,20475
rxn:1:57017:28139,0.1215999758604801,20475
rxn:1:41711:6187,0.1213245538243076,20475
rxn:1:54959:31836,0.1206715462936295,20475
rxn:1:41745:8833,0.1185381942325168,20475
rxn:1:47710:6513,0.1175600958592964,20475
rxn:1:65661:38751,0.1132108921354467,20475
rxn:1:40439:1148,0.0942496130431907,20475
rxn:1:40750:39921,0.1754006147384643,20476
rxn:1:47710:39534,0.1419394356863839,20476
rxn:1:59856:3127,0.139030784368515,20476
rxn:1:60071:39327,0.1388131944756759,20476
rxn:1:57013:39278,0.1380116409725613,20476
rxn:1:41923:2989,0.1378662767617599,20476
rxn:1:53562:1827,0.1374789987291608,20476
rxn:1:62399:24238,0.1339635517862108,20476
rxn:1:57010:8718,0.1332541135224429,20476
rxn:1:57500:31438,0.1321812796592712,20476
rxn:1:58720:3819,0.1290685032543383,20476
rxn:1:61573:20555,0.1276515771945317,20476
rxn:1:57011:31957,0.1266532729972492,20476
rxn:1:40499:39921,0.1244508822758992,20476
rxn:1:43730:12136,0.1237419545650482,20476
rxn:1:41904:31811,0.1219469516173653,20476
rxn:1:59163:31197,0.1217125129699707,20476
rxn:1:51586:38802,0.1216427295104317,20476
rxn:1:42389:20489,0.1215643634398778,20476
rxn:1:62688:23806,0.1202163696289062,20476
rxn:1:59985:28271,0.118877337092445,20476
rxn:1:47710:38958,0.1149067935489472,20476
rxn:1:49433:2046,0.1061789393424987,20476
rxn:1:62034:32494,0.1028106898069381,20476
rxn:1:47710:879,0.1464545180400212,20477
rxn:1:42186:180,0.1445800876617431,20477
rxn:1:57363:7805,0.1428009902221569,20477
rxn:1:62321:2180,0.1425435951462498,20477
rxn:1:42189:39921,0.1389732844587685,20477
rxn:1:41673:39921,0.1381501217683156,20477
rxn:1:41711:665,0.1369450708230336,20477
rxn:1:41711:7282,0.1363863103222428,20477
rxn:1:58687:3915,0.1344505721244259,20477
rxn:1:58787:39921,0.1334677027619403,20477
rxn:1:41791:32044,0.1326345395350801,20477
rxn:1:41919:31957,0.1317276521162553,20477
rxn:1:41876:2176,0.1301944743503224,20477
rxn:1:58687:31454,0.1294645019199537,20477
rxn:1:45213:2983,0.1292484428571618,20477
rxn:1:63670:31110,0.1290434439977009,20477
rxn:1:41917:2695,0.1289726595083872,20477
rxn:1:62588:20594,0.1284769532973306,20477
rxn:1:54961:31438,0.1275134128001001,20477
rxn:1:41723:31930,0.126997553166889,20477
rxn:1:49432:5861,0.1269695218922435,20477
rxn:1:43799:31821,0.1263603559798664,20477
rxn:1:40235:35342,0.1261725497968269,20477
rxn:1:49432:23537,0.1255601566770802,20477
rxn:1:49432:793,0.1221407273459056,20477
rxn:1:41711:39855,0.1185447223353804,20477
rxn:1:47710:2671,0.1507218956947326,20478
rxn:1:47710:2121,0.1432635320557488,20478
rxn:1:41923:2050,0.1377625862757364,20478
rxn:1:62588:37481,0.1367347415288289,20478
rxn:1:56986:6187,0.1349232953692239,20478
rxn:1:57064:122,0.1340720325276471,20478
rxn:1:65677:39018,0.1326424064843551,20478
rxn:1:55948:18207,0.1321271303771198,20478
rxn:1:42845:565,0.131571599178844,20478
rxn:1:47710:14979,0.1311976557428186,20478
rxn:1:41718:8798,0.1302820557639712,20478
rxn:1:55948:18170,0.1294565300146738,20478
rxn:1:55399:2089,0.1281720797220865,20478
rxn:1:42846:2983,0.1273940118153889,20478
rxn:1:58687:38682,0.1271835267543792,20478
rxn:1:43719:2235,0.1257684429486592,20478
rxn:1:47710:7252,0.1248219490051269,20478
rxn:1:62688:31551,0.1235792377720708,20478
rxn:1:53562:38722,0.1230121046777755,20478
rxn:1:41923:28185,0.1223885176910294,20478
rxn:1:41924:370,0.1222683711657448,20478
rxn:1:42196:39921,0.1216600152893342,20478
rxn:1:57011:6373,0.1190203825632731,20478
rxn:1:51755:39073,0.1175347558326191,20478
rxn:1:52753:37737,0.1173453983806428,20478
rxn:1:47710:13955,0.156022963921229,20479
rxn:1:41923:27791,0.13935204098622,20479
rxn:1:41624:1825,0.1387901817049298,20479
rxn:1:43710:8557,0.1362141163812743,20479
rxn:1:47710:38940,0.1350728292313833,20479
rxn:1:59879:2190,0.1345286452979372,20479
rxn:1:41718:23085,0.1314596205949783,20479
rxn:1:54992:31438,0.1309688943955633,20479
rxn:1:42015:20555,0.1307097342279222,20479
rxn:1:57010:122,0.1298052433765295,20479
rxn:1:47710:3045,0.1279013657915419,20479
rxn:1:41847:31452,0.1273489084796629,20479
rxn:1:49432:7771,0.1271533514514114,20479
rxn:1:47710:11752,0.126271280977461,20479
rxn:1:41916:12246,0.1253410731301163,20479
rxn:1:41711:11739,0.1244694745099103,20479
rxn:1:42723:20489,0.12191803753376,20479
rxn:1:55948:24288,0.1208806085208105,20479
rxn:1:54937:28139,0.1195101430921843,20479
rxn:1:58687:27778,0.1177562185459666,20479
rxn:1:57010:31611,0.1174099946367567,20479
rxn:1:59985:28149,0.117380533615748,20479
rxn:1:65328:13461,0.1157353321711222,20479
rxn:1:41847:31498,0.1150799048119696,20479
rxn:1:42186:1674,0.1147917048497633,20479
rxn:1:62179:2180,0.1471361646465226,20480
rxn:1:59847:31438,0.1394916691563346,20480
rxn:1:62688:31251,0.1356824411862138,20480
rxn:1:55958:2756,0.1330169900258382,20480
rxn:1:53562:1887,0.1329347534456114,20480
rxn:1:42186:340,0.1313122167731776,20480
rxn:1:43719:28512,0.131079970686524,20480
rxn:1:47710:11733,0.1310453734536102,20480
rxn:1:61827:31935,0.1309257357409506,20480
rxn:1:53562:2666,0.1308644413948059,20480
rxn:1:54962:28139,0.1304989966793337,20480
rxn:1:47328:35342,0.1281151453653971,20480
rxn:1:47710:6011,0.1257396202156509,20480
rxn:1:59985:18498,0.1252241522546798,20480
rxn:1:47710:7253,0.1243887990713119,20480
rxn:1:42749:31526,0.1239810331662495,20480
rxn:1:55948:7,0.1238448295676917,20480
rxn:1:49432:8718,0.123549817999204,20480
rxn:1:51586:2195,0.1233328707290418,20480
rxn:1:58687:28754,0.1233085305602462,20480
rxn:1:41907:8798,0.1218565522678314,20480
rxn:1:55948:27838,0.1129527658224105,20480
rxn:1:55461:28139,0.100655041138331,20480
rxn:1:62688:11846,0.1403009295463562,20481
rxn:1:47806:710,0.1376757482687632,20481
rxn:1:41495:31957,0.1368869164633372,20481
rxn:1:47710:4491,0.1366028361248247,20481
rxn:1:43182:39921,0.135036962372916,20481
rxn:1:57008:31438,0.1337300530378369,20481
rxn:1:47710:3265,0.1330947438875833,20481
rxn:1:54963:37700,0.1308907469113668,20481
rxn:1:47710:82,0.1285659725015814,20481
rxn:1:58686:39029,0.1272125045458475,20481
rxn:1:57009:31285,0.1257090938813758,20481
rxn:1:55322:7805,0.1212531435820791,20481
rxn:1:62588:35074,0.1209102891109607,20481
rxn:1:61872:23538,0.1208684491732763,20481
rxn:1:54960:32191,0.1181654548645019,20481
rxn:1:42186:39921,0.1167896899624147,20481
rxn:1:55948:4598,0.1145903384476377,20481
rxn:1:52896:13922,0.1132244155520484,20481
rxn:1:59460:31811,0.1112593239632205,20481
rxn:1:59985:2534,0.1062772561583602,20481
rxn:1:55948:18178,0.1033743371566136,20481
rxn:1:43683:39426,0.1516648828983307,20482
rxn:1:41972:20594,0.1463319840638534,20482
rxn:1:42306:565,0.1404045170003717,20482
rxn:1:61656:24238,0.1390654129140517,20482
rxn:1:41865:31454,0.1389684948054227,20482
rxn:1:41789:31054,0.138774444659551,20482
rxn:1:56986:1394,0.1383693248033523,20482
rxn:1:45334:31438,0.1358745875565902,20482
rxn:1:42036:20555,0.1355706254641215,20482
rxn:1:52102:31699,0.1344166085833595,20482
rxn:1:57408:20555,0.1334273767471313,20482
rxn:1:54993:31438,0.1324970622857411,20482
rxn:1:59915:16783,0.1292535092519677,20482
rxn:1:43719:7282,0.1282197738948621,20482
rxn:1:41847:31927,0.1242121798651559,20482
rxn:1:59985:39014,0.1239359378814697,20482
rxn:1:41905:31937,0.1231679235185895,20482
rxn:1:43794:28139,0.1219145966612774,20482
rxn:1:52906:14361,0.1218316866003948,20482
rxn:1:64149:31957,0.1185319934572492,20482
rxn:1:56420:37717,0.1180347104867299,20482
rxn:1:61506:32050,0.1137509698217565,20482
rxn:1:41426:2912,0.1099946654361227,20482
rxn:1:57043:8666,0.1031735701994462,20482
rxn:1:61887:2756,0.1465768128633499,20483
rxn:1:58744:1853,0.1454616636037826,20483
rxn:1:62588:170,0.1453436374664306,20483
rxn:1:41976:20555,0.1416132052739461,20483
rxn:1:59985:7837,0.140762564383055,20483
rxn:1:47710:23898,0.1371318101882934,20483
rxn:1:41913:2955,0.1354646890059761,20483
rxn:1:43730:3699,0.1340896430469694,20483
rxn:1:50513:31624,0.1301872313022613,20483
rxn:1:57012:31509,0.1295075199820778,20483
rxn:1:41711:39416,0.1253800732748849,20483
rxn:1:62588:8627,0.1250617086887359,20483
rxn:1:53562:20594,0.1231447566639293,20483
rxn:1:41718:11768,0.1229552825291951,20483
rxn:1:59830:1853,0.12289759516716,20483
rxn:1:63670:23584,0.1197506526242131,20483
rxn:1:59847:413,0.1157722615060352,20483
rxn:1:41718:12277,0.1121484875679016,20483
rxn:1:41249:31195,0.1023981003534226,20483
rxn:1:62588:32727,0.1451427340507507,20484
rxn:1:41711:7442,0.1443961560726165,20484
rxn:1:56986:1886,0.1439042082731274,20484
rxn:1:57010:31957,0.1362892308018424,20484
rxn:1:41797:31438,0.1357332468032837,20484
rxn:1:62588:23526,0.1348485372204711,20484
rxn:1:41718:1079,0.1301798115173975,20484
rxn:1:58649:1394,0.1301127771536509,20484
rxn:1:41921:39047,0.1296691678572392,20484
rxn:1:41918:2228,0.1291098866546363,20484
rxn:1:61827:8787,0.1290890796511781,20484
rxn:1:45334:31915,0.1277913169728385,20484
rxn:1:57009:3047,0.1274560202251781,20484
rxn:1:47806:38940,0.1271921973379831,20484
rxn:1:62390:23584,0.1268234166546144,20484
rxn:1:61693:39921,0.1265653434552644,20484
rxn:1:54937:8718,0.123451425722151,20484
rxn:1:57971:122,0.1206346933046976,20484
rxn:1:59915:1954,0.117928976104373,20484
rxn:1:42201:20555,0.1165926726659139,20484
rxn:1:54457:24222,0.0369330287452728,20484
rxn:1:59934:1060,0.1515635619560877,20485
rxn:1:43683:39255,0.1391359180212021,20485
rxn:1:42154:31438,0.1389173046747843,20485
rxn:1:62688:28514,0.1337583083955068,20485
rxn:1:53562:380,0.1337142615091233,20485
rxn:1:55320:7805,0.1336533741818534,20485
rxn:1:62688:31895,0.1310541146043418,20485
rxn:1:41818:20555,0.1309133172035217,20485
rxn:1:40235:1148,0.1288675738103462,20485
rxn:1:57166:20555,0.1270504626962873,20485
rxn:1:41495:38814,0.1266896459791395,20485
rxn:1:55948:12419,0.1266369715980861,20485
rxn:1:41613:31195,0.1251710517839952,20485
rxn:1:41564:31438,0.1246529134114583,20485
rxn:1:60071:2140,0.1228145559628804,20485
rxn:1:58689:28754,0.1223609916589878,20485
rxn:1:62688:24133,0.1181116617388195,20485
rxn:1:49433:38127,0.1174942641927484,20485
rxn:1:57429:2089,0.1128682638659621,20485
rxn:1:55948:18723,0.1091443990115766,20485
rxn:1:59985:27870,0.1044202343080983,20485
rxn:1:41868:4382,0.0645697259495401,20485
rxn:1:41937:20555,0.1450130067009856,20486
rxn:1:65677:38748,0.1394217523975649,20486
rxn:1:59847:31588,0.1352659707719629,20486
rxn:1:57044:3803,0.1338146608887296,20486
rxn:1:61827:38413,0.1303871560979772,20486
rxn:1:65673:23539,0.1302198362019327,20486
rxn:1:51722:2788,0.1281940218002077,20486
rxn:1:43730:2192,0.1268555386024609,20486
rxn:1:41865:31259,0.1265827370068383,20486
rxn:1:61827:13972,0.126480558404216,20486
rxn:1:65760:31438,0.1257075932290819,20486
rxn:1:42369:2955,0.1226537170864286,20486
rxn:1:58689:3819,0.1206440263324313,20486
rxn:1:52069:20555,0.1187837956443665,20486
rxn:1:41495:20594,0.1151028228184533,20486
rxn:1:57013:37744,0.113343684446244,20486
rxn:1:43762:23898,0.0905544038802858,20486
rxn:1:59934:1057,0.1510986917548709,20487
rxn:1:58975:1060,0.1445480300032574,20487
rxn:1:59934:1148,0.1432066569725672,20487
rxn:1:61827:38152,0.1420621704636958,20487
rxn:1:42304:39292,0.1411418883424056,20487
rxn:1:51722:23484,0.1361766587132993,20487
rxn:1:62588:31986,0.1336665530999501,20487
rxn:1:42029:11739,0.1314126208976463,20487
rxn:1:40062:39921,0.1314120836879896,20487
rxn:1:49432:7697,0.1267821346268509,20487
rxn:1:59934:8557,0.1261249820391337,20487
rxn:1:56986:23518,0.1256856226921081,20487
rxn:1:43634:39011,0.125168330139584,20487
rxn:1:41745:38536,0.1251580370099921,20487
rxn:1:59985:31641,0.1238262956104581,20487
rxn:1:50513:31168,0.1230895707481785,20487
rxn:1:63670:28931,0.1227519141905235,20487
rxn:1:43730:11772,0.1226686856202911,20487
rxn:1:57013:39255,0.1219954314055266,20487
rxn:1:57010:32191,0.1193625463379753,20487
rxn:1:42321:20594,0.1171345263719558,20487
rxn:1:45083:31195,0.1112305816014607,20487
rxn:1:59985:1346,0.1061493347088495,20487
rxn:1:57047:39278,0.1491295475708811,20488
rxn:1:41917:39105,0.1394404820773912,20488
rxn:1:42029:12164,0.1373229528728284,20488
rxn:1:59934:6554,0.1329856183793809,20488
rxn:1:47710:4698,0.1326442999499184,20488
rxn:1:57010:39015,0.1326112799022508,20488
rxn:1:47710:12005,0.1312008348722306,20488
rxn:1:49432:31342,0.1300958452953232,20488
rxn:1:57384:39089,0.1295221637595783,20488
rxn:1:41876:1429,0.1277662353082136,20488
rxn:1:43753:357,0.1275607489404224,20488
rxn:1:47737:710,0.1269067664941151,20488
rxn:1:57011:20555,0.126776383406874,20488
rxn:1:43671:341,0.121304174264272,20488
rxn:1:58720:7708,0.1212789093454678,20488
rxn:1:55948:205,0.119526582956314,20488
rxn:1:41551:39921,0.1190543468447699,20488
rxn:1:61827:32152,0.1182165906049203,20488
rxn:1:41886:1825,0.1149201263552126,20488
rxn:1:56986:1890,0.1141675581102785,20488
rxn:1:57047:7279,0.1439968807655468,20489
rxn:1:41904:31431,0.1399593195981449,20489
rxn:1:59985:31937,0.1391081202913213,20489
rxn:1:57047:39076,0.1380996863047281,20489
rxn:1:62198:1060,0.1379206160704294,20489
rxn:1:49433:7773,0.1377860033322894,20489
rxn:1:53551:31372,0.1364362049793851,20489
rxn:1:52141:1060,0.1358444748653306,20489
rxn:1:54993:27779,0.1336404561996459,20489
rxn:1:57019:39021,0.1308286855186241,20489
rxn:1:41918:31836,0.1304792996608849,20489
rxn:1:40473:39426,0.1291752126481798,20489
rxn:1:57385:1060,0.1290200262358694,20489
rxn:1:49432:23538,0.1275545103826384,20489
rxn:1:57363:38764,0.1273925792087208,20489
rxn:1:57866:7805,0.125342272222042,20489
rxn:1:62588:32006,0.1243357534209887,20489
rxn:1:45334:31219,0.1166190914809704,20489
rxn:1:41904:39366,0.1068338307123335,20489
rxn:1:59934:2963,0.1469861726829971,20490
rxn:1:62327:1881,0.1406943421614797,20490
rxn:1:49436:31526,0.1394304267147131,20490
rxn:1:54930:31957,0.13593723376592,20490
rxn:1:44436:39921,0.1337061746915181,20490
rxn:1:42360:1429,0.1333659783653591,20490
rxn:1:59205:39921,0.1312822103500366,20490
rxn:1:57047:39296,0.1306799961173016,20490
rxn:1:62688:38537,0.1262130276723341,20490
rxn:1:65677:39021,0.1261640553889067,20490
rxn:1:41904:39921,0.1249642789363861,20490
rxn:1:62588:1985,0.1247823804616928,20490
rxn:1:57010:28139,0.1228798998124671,20490
rxn:1:57014:32044,0.1219760585522306,20490
rxn:1:57013:27778,0.1208410660425822,20490
rxn:1:45334:28139,0.12010673772205,20490
rxn:1:57011:31941,0.1187546166820802,20490
rxn:1:62588:23611,0.1156925245335227,20490
rxn:1:57047:31786,0.1152339508136113,20490
rxn:1:57514:2089,0.1111869459802454,20490
rxn:1:43740:23539,0.109055183072021,20490
rxn:1:47710:349,0.0988762404607689,20490
rxn:1:43666:39011,0.0979743945598602,20490
rxn:1:41917:31195,0.145442379557568,20491
rxn:1:57047:2059,0.1425740321477254,20491
rxn:1:53562:24172,0.1370566874742508,20491
rxn:1:42199:2983,0.1367002863814865,20491
rxn:1:62322:1060,0.1361695263120863,20491
rxn:1:45353:37717,0.1319212357203165,20491
rxn:1:57044:20555,0.1317359701446865,20491
rxn:1:43679:340,0.1308930760080164,20491
rxn:1:55948:13518,0.1297518277168274,20491
rxn:1:41495:578,0.1294035107370407,20491
rxn:1:41976:39921,0.1256706922343283,20491
rxn:1:47710:6563,0.1254334601144942,20491
rxn:1:59847:39921,0.1254198173681895,20491
rxn:1:41711:39259,0.1210748040885256,20491
rxn:1:47710:39557,0.1179896761973699,20491
rxn:1:41907:38536,0.1176826221901073,20491
rxn:1:41546:39011,0.1171432669957478,20491
rxn:1:42369:31526,0.1149026955428876,20491
rxn:1:41662:12164,0.1141733082762935,20491
rxn:1:62140:22914,0.1121351766586303,20491
rxn:1:65677:38195,0.1081406824172489,20491
rxn:1:43719:38536,0.1454418782602276,20492
rxn:1:57939:1060,0.1432475577230038,20492
rxn:1:57047:39367,0.1430148848316126,20492
rxn:1:49432:2686,0.1426626483599344,20492
rxn:1:49432:23584,0.1409001972364342,20492
rxn:1:57047:2513,0.1381364032842111,20492
rxn:1:47806:4491,0.1364254265120535,20492
rxn:1:57011:27898,0.135296729163847,20492
rxn:1:41904:31588,0.1347904593655557,20492
rxn:1:62688:15215,0.1345692648403886,20492
rxn:1:57011:123,0.1310047334518985,20492
rxn:1:55672:2756,0.1297973324855168,20492
rxn:1:41718:558,0.1278018300180081,20492
rxn:1:42307:565,0.1272511373866688,20492
rxn:1:62688:10961,0.1254821602503458,20492
rxn:1:65438:8803,0.1229785581429799,20492
rxn:1:42579:39550,0.1223631665326546,20492
rxn:1:62588:37736,0.1200089861476232,20492
rxn:1:45395:31438,0.114704422156016,20492
rxn:1:59934:477,0.1097127927674187,20492
rxn:1:61518:31947,0.1061473971321469,20492
rxn:1:49432:875,0.1049031538493705,20492
rxn:1:65677:39923,0.1023573402374509,20492
rxn:1:41977:1062,0.1408042570819025,20493
rxn:1:57012:31520,0.1373696805852832,20493
rxn:1:57047:31469,0.1353821624880251,20493
rxn:1:40062:180,0.1353440308570862,20493
rxn:1:41923:38390,0.134127296152569,20493
rxn:1:57013:2059,0.1336104974412081,20493
rxn:1:43753:2983,0.1316959930188728,20493
rxn:1:41419:1881,0.1311058465278509,20493
rxn:1:42412:31376,0.1299452516767713,20493
rxn:1:57013:37864,0.1291212612304134,20493
rxn:1:42554:8557,0.1285051271535348,20493
rxn:1:62588:2527,0.128287222650316,20493
rxn:1:42202:8557,0.1277163128058115,20493
rxn:1:58651:1394,0.1274013618628184,20493
rxn:1:59847:24083,0.1266028068282387,20493
rxn:1:54959:32044,0.1252082644237412,20493
rxn:1:49433:7770,0.121862708103089,20493
rxn:1:54959:31054,0.1217006063461303,20493
rxn:1:57011:11984,0.1215297303337981,20493
rxn:1:62588:1858,0.1190506740221901,20493
rxn:1:41789:31930,0.1189368276885061,20493
rxn:1:41904:662,0.1185130208730697,20493
rxn:1:43782:31227,0.116570190243099,20493
rxn:1:57298:22090,0.0585643433389209,20493
rxn:1:57047:0,0.1445648366944831,20494
rxn:1:57939:1148,0.1420117547546608,20494
rxn:1:59879:31957,0.1388416633461461,20494
rxn:1:41977:1421,0.1330423545146334,20494
rxn:1:43719:10890,0.1329953895098921,20494
rxn:1:58688:31197,0.1306662667881358,20494
rxn:1:43730:23834,0.12844921041418,20494
rxn:1:62588:38477,0.1272402862707774,20494
rxn:1:54962:37717,0.1272226031621297,20494
rxn:1:41711:2180,0.1263146621209603,20494
rxn:1:59934:4564,0.1256786882877349,20494
rxn:1:59985:195,0.1246446828047434,20494
rxn:1:57767:1060,0.1235974975254224,20494
rxn:1:43650:31520,0.1221316821045345,20494
rxn:1:41876:31181,0.1215258577595586,20494
rxn:1:43683:31438,0.1207723446687062,20494
rxn:1:58687:28370,0.1175157707748991,20494
rxn:1:59830:7776,0.1173108021418253,20494
rxn:1:61506:31518,0.1155488014221191,20494
rxn:1:61827:28754,0.1143521051853895,20494
rxn:1:43719:38958,0.1084290648761548,20494
rxn:1:43671:39921,0.139292375764985,20495
rxn:1:60063:2963,0.139271092587623,20495
rxn:1:57270:3819,0.1373874576468217,20495
rxn:1:41723:31425,0.1369101395682683,20495
rxn:1:59879:31895,0.1360155171242313,20495
rxn:1:61827:39259,0.1352375902627643,20495
rxn:1:54992:38682,0.1331391309698422,20495
rxn:1:41923:430,0.1320277021990882,20495
rxn:1:62327:23519,0.1304738483731709,20495
rxn:1:57012:39278,0.1294376805976585,20495
rxn:1:41917:38363,0.127505213022232,20495
rxn:1:59856:4564,0.1271434199242364,20495
rxn:1:51586:1997,0.1262544825457144,20495
rxn:1:57014:37700,0.1254330247640609,20495
rxn:1:65661:39297,0.1252708286046981,20495
rxn:1:57011:2513,0.125073770682017,20495
rxn:1:41777:31957,0.1242798982244549,20495
rxn:1:49433:3000,0.1235464324553807,20495
rxn:1:59985:4586,0.1233517011006673,20495
rxn:1:61827:32177,0.1212417661098011,20495
rxn:1:57363:37892,0.1200176727944526,20495
rxn:1:57047:10808,0.1446428142095867,20496
rxn:1:42846:8557,0.1401744493179851,20496
rxn:1:41923:39022,0.1376260458559229,20496
rxn:1:55948:207,0.1332175050462995,20496
rxn:1:49433:37827,0.1331748773654301,20496
rxn:1:43730:7442,0.1322229454914728,20496
rxn:1:43719:2025,0.1322212512033027,20496
rxn:1:47710:31108,0.1320980437218196,20496
rxn:1:40421:20555,0.1319759686787923,20496
rxn:1:61827:7442,0.1315048476060231,20496
rxn:1:54996:39278,0.1310281197230021,20496
rxn:1:40717:2756,0.130447408358256,20496
rxn:1:61827:23281,0.1298295797086229,20496
rxn:1:59934:1067,0.1297153120949155,20496
rxn:1:59934:2765,0.1273402252059051,20496
rxn:1:43782:3803,0.1269467238223914,20496
rxn:1:62688:32050,0.126898416214519,20496
rxn:1:59871:2912,0.1267149376869202,20496
rxn:1:59853:2788,0.1267065793275833,20496
rxn:1:41919:122,0.1266789066069054,20496
rxn:1:41924:1858,0.1237933561205863,20496
rxn:1:41904:37803,0.1234224921181088,20496
rxn:1:57047:11984,0.1226430667771233,20496
rxn:1:47747:710,0.1220778067906697,20496
rxn:1:45670:8557,0.118466449820477,20496
rxn:1:45736:39921,0.1182690039277076,20496
rxn:1:60071:6381,0.1098953027656112,20496
rxn:1:49481:39921,0.144150678127531,20497
rxn:1:62198:2963,0.1429190989853679,20497
rxn:1:65675:23539,0.142283033993509,20497
rxn:1:57270:39052,0.1361732514281022,20497
rxn:1:57816:1060,0.1356965061547099,20497
rxn:1:41919:20594,0.1343231228264895,20497
rxn:1:65677:23584,0.1340704615910848,20497
rxn:1:59126:1060,0.1340036772299504,20497
rxn:1:42230:2983,0.1324408391247624,20497
rxn:1:64791:31372,0.1313374365369478,20497
rxn:1:62688:31743,0.1310152761141459,20497
rxn:1:62588:13924,0.130689339204268,20497
rxn:1:41923:31500,0.1295322022504276,20497
rxn:1:59207:39921,0.1289446282386779,20497
rxn:1:62688:39293,0.1283388995763027,20497
rxn:1:41921:1997,0.1247240645544869,20497
rxn:1:61827:28401,0.1205213125105257,20497
rxn:1:62179:7770,0.1201118700432054,20497
rxn:1:61342:1060,0.1194319658809238,20497
rxn:1:59985:582,0.117687980333964,20497
rxn:1:41924:3796,0.1170651677883032,20497
rxn:1:62588:17736,0.1155176899935069,20497
rxn:1:41886:27889,0.0995079460351363,20497
rxn:1:53562:1956,0.1401220539159942,20498
rxn:1:57004:31580,0.1388525068759918,20498
rxn:1:57132:20555,0.1377040810055203,20498
rxn:1:57549:2089,0.1375650077155142,20498
rxn:1:55938:1060,0.1352452105946011,20498
rxn:1:40851:2983,0.1345785935719808,20498
rxn:1:55320:357,0.1327397184095521,20498
rxn:1:41085:7772,0.1303178573411608,20498
rxn:1:59915:2955,0.1287190240362416,20498
rxn:1:41029:39921,0.1283153027296066,20498
rxn:1:41711:28143,0.1276239788893497,20498
rxn:1:40108:2983,0.1275569710178651,20498
rxn:1:42311:38682,0.1263961426417033,20498
rxn:1:62588:2051,0.1263657569885254,20498
rxn:1:59847:23520,0.1252227483524216,20498
rxn:1:61827:2180,0.1245476967758602,20498
rxn:1:41904:2682,0.1222461272799779,20498
rxn:1:51617:31454,0.1214346413811047,20498
rxn:1:62688:27898,0.1207575245179991,20498
rxn:1:42553:2983,0.1205187224679523,20498
rxn:1:59714:3947,0.1201858466321771,20498
rxn:1:43719:2058,0.1201555038753308,20498
rxn:1:54937:1731,0.1183496722669312,20498
rxn:1:41711:38608,0.1155018945535023,20498
rxn:1:59985:6162,0.1128448496262232,20498
rxn:1:49433:28746,0.1104453566173712,20498
rxn:1:65675:31930,0.1089343952410148,20498
rxn:1:55345:1060,0.1433943380480227,20499
rxn:1:41785:31279,0.1426206611924701,20499
rxn:1:42307:1148,0.1389185235355839,20499
rxn:1:41865:20594,0.1381390455997351,20499
rxn:1:58688:20594,0.1374963712001192,20499
rxn:1:61827:16990,0.1359003555207025,20499
rxn:1:49433:6422,0.1358058878353663,20499
rxn:1:49065:3947,0.1356618231621341,20499
rxn:1:57009:39921,0.1343049246167379,20499
rxn:1:51384:39921,0.1336651102260307,20499
rxn:1:41923:31185,0.1332957293048049,20499
rxn:1:59847:30981,0.1317685937124585,20499
rxn:1:57044:31438,0.1309106211731399,20499
rxn:1:65661:3808,0.1299784616990522,20499
rxn:1:41711:31054,0.1295426410177479,20499
rxn:1:57009:39024,0.1251746908066764,20499
rxn:1:61827:8634,0.1250650564829508,20499
rxn:1:61827:5553,0.1248146643241246,20499
rxn:1:57361:2983,0.1243705222572105,20499
rxn:1:41876:2456,0.1239531475400167,20499
rxn:1:58984:1060,0.1233181504235751,20499
rxn:1:41921:31438,0.1225860775380894,20499
rxn:1:42315:340,0.1222178701198462,20499
rxn:1:57291:28370,0.1217390048331108,20499
rxn:1:62322:6564,0.1203045220602126,20499
rxn:1:42200:1429,0.1176073311463646,20499
rxn:1:47710:37863,0.1148132220904032,20499
rxn:1:56986:170,0.1112726363870832,20499
rxn:1:41904:28185,0.1090397830458654,20499
rxn:1:40429:5405,0.0552228683517092,20499
rxn:1:56997:20555,0.1447928872975436,20500
rxn:1:55039:39921,0.1417472388433373,20500
rxn:1:55326:39921,0.141725942492485,20500
rxn:1:62688:28401,0.1410726591160423,20500
rxn:1:57270:5553,0.1382586454090319,20500
rxn:1:41711:31986,0.1368249979886141,20500
rxn:1:65703:39021,0.1341984387901094,20500
rxn:1:57359:357,0.1328890739065228,20500
rxn:1:42586:2983,0.1303922509153684,20500
rxn:1:40607:39089,0.1291833027549412,20500
rxn:1:62688:12209,0.1290359343543197,20500
rxn:1:59853:4564,0.1289708746804131,20500
rxn:1:41923:2762,0.1286620145494287,20500
rxn:1:41917:6373,0.1280090659856796,20500
rxn:1:41904:31454,0.1269489242917015,20500
rxn:1:47806:3265,0.1266246875127156,20500
rxn:1:41792:3803,0.1244157932021401,20500
rxn:1:65680:20555,0.123754374358965,20500
rxn:1:58687:6388,0.1231811924113167,20500
rxn:1:53329:39921,0.1226517740223142,20500
rxn:1:65673:6355,0.1197049753232435,20500
rxn:1:57064:2783,0.1182041858869885,20500
rxn:1:57037:2695,0.1180573349649256,20500
rxn:1:58661:31197,0.1151903815891431,20500
rxn:1:41881:341,0.111706891746232,20500
rxn:1:51711:37233,0.1094579100608825,20500
rxn:1:41613:31836,0.1451060383608847,20501
rxn:1:55316:357,0.1408005244490029,20501
rxn:1:56971:1394,0.1402032252341981,20501
rxn:1:55334:1060,0.1389028740965801,20501
rxn:1:58687:39021,0.1369164660573005,20501
rxn:1:57014:7279,0.1351459247094613,20501
rxn:1:41711:2204,0.1339536805947621,20501
rxn:1:61827:572,0.1326376674351868,20501
rxn:1:55938:1148,0.1318215595351325,20501
rxn:1:49432:23536,0.1305166638415792,20501
rxn:1:52071:39921,0.1304277896881103,20501
rxn:1:41847:1731,0.1292103366418318,20501
rxn:1:55319:2983,0.1290457952353689,20501
rxn:1:55326:357,0.1286958024121713,20501
rxn:1:57359:39921,0.1285913560701453,20501
rxn:1:41973:2756,0.1275839751416986,20501
rxn:1:61827:11880,0.1273600030363652,20501
rxn:1:62688:31969,0.1264324192551598,20501
rxn:1:41912:7807,0.1245402226845423,20501
rxn:1:57012:31837,0.1239020703495412,20501
rxn:1:57004:31409,0.1237195992108547,20501
rxn:1:43247:39089,0.1236996150016784,20501
rxn:1:58687:39020,0.122973405652576,20501
rxn:1:62307:20555,0.1229516163704887,20501
rxn:1:61827:28642,0.1229328245356463,20501
rxn:1:55948:32133,0.1220626726746559,20501
rxn:1:59985:18180,0.1217798251244756,20501
rxn:1:54959:31336,0.1213314847813712,20501
rxn:1:47710:12181,0.1133820685473355,20501
rxn:1:41904:23564,0.1128676386847012,20501
rxn:1:43390:8557,0.1114540290832519,20501
rxn:1:65673:39019,0.1097349135772041,20501
rxn:1:41847:3191,0.1418623427549998,20502
rxn:1:57369:357,0.1367267749526284,20502
rxn:1:55038:39921,0.1366870930229408,20502
rxn:1:57050:39921,0.1358294053511186,20502
rxn:1:41711:38459,0.1348678479118953,20502
rxn:1:41847:2050,0.1336465063302413,20502
rxn:1:41847:122,0.1330342301816651,20502
rxn:1:41973:20555,0.1330263159341282,20502
rxn:1:52145:1060,0.1326219141483307,20502
rxn:1:43730:37700,0.1317293874004431,20502
rxn:1:53562:2946,0.1299511828119792,20502
rxn:1:41458:31743,0.1289843858944045,20502
rxn:1:57047:2180,0.128857226173083,20502
rxn:1:43628:38814,0.128745859083922,20502
rxn:1:57548:357,0.1281743519233934,20502
rxn:1:57013:31054,0.1264992165896627,20502
rxn:1:43406:20555,0.1260638038317362,20502
rxn:1:41917:31611,0.1255047226297682,20502
rxn:1:41624:31195,0.125470605763522,20502
rxn:1:44567:1060,0.1245868305365244,20502
rxn:1:45656:8557,0.1237171620562456,20502
rxn:1:62688:23093,0.1231282506928299,20502
rxn:1:55900:39921,0.1228229800860087,20502
rxn:1:61887:2754,0.1227770078749883,20502
rxn:1:62096:31947,0.1227659732103347,20502
rxn:1:41923:31330,0.1224364918289762,20502
rxn:1:43719:7253,0.1222478018866645,20502
rxn:1:42186:351,0.1221106104228807,20502
rxn:1:57047:3315,0.1197729925314585,20502
rxn:1:41886:8718,0.118535950563956,20502
rxn:1:42304:5997,0.1181948202243749,20502
rxn:1:42110:8718,0.0995297994878557,20502
rxn:1:62322:7112,0.1391137808561325,20503
rxn:1:57369:39921,0.1377673028171926,20503
rxn:1:57047:13972,0.1362752060095469,20503
rxn:1:41977:1461,0.1357601293259196,20503
rxn:1:62389:7772,0.1354933400002737,20503
rxn:1:53095:35963,0.1348255138466323,20503
rxn:1:57801:39921,0.1345334301392237,20503
rxn:1:43710:1148,0.1337808577550782,20503
rxn:1:57047:31915,0.1333630776405334,20503
rxn:1:54965:38682,0.1310068310962783,20503
rxn:1:57004:31957,0.1306706549543323,20503
rxn:1:41711:24161,0.130423779740478,20503
rxn:1:42845:1148,0.1298204412062963,20503
rxn:1:57047:31930,0.1295359635698622,20503
rxn:1:44423:1060,0.1295296773314475,20503
rxn:1:49433:18615,0.1294924676418304,20503
rxn:1:59999:20555,0.1293664267568877,20503
rxn:1:43730:12152,0.1283665520173531,20503
rxn:1:44606:1060,0.1277371686365869,20503
rxn:1:41487:2047,0.1276089747746785,20503
rxn:1:55316:1060,0.1271537093148715,20503
rxn:1:64629:20555,0.1252845297257105,20503
rxn:1:59997:23537,0.1250549926274064,20503
rxn:1:40062:1059,0.1243383288383484,20503
rxn:1:57015:39278,0.123944306815112,20503
rxn:1:49068:13922,0.1235859437265258,20503
rxn:1:60052:7772,0.1235127614604102,20503
rxn:1:41718:31436,0.1192981402079264,20503
rxn:1:56377:31110,0.1171221164139834,20503
rxn:1:42322:1674,0.1029402830383994,20503
rxn:1:56973:1394,0.1434802469753083,20504
rxn:1:57004:31438,0.1342331274696018,20504
rxn:1:58716:31438,0.13365062740114,20504
rxn:1:57363:7707,0.1318111916383107,20504
rxn:1:61827:8535,0.1316315262925391,20504
rxn:1:42029:8721,0.1312855819861094,20504
rxn:1:61827:39124,0.1306850612163543,20504
rxn:1:57047:6997,0.1298861106236775,20504
rxn:1:59426:20555,0.1297308480928814,20504
rxn:1:53017:23656,0.1295612436352353,20504
rxn:1:45310:2927,0.1281837304433186,20504
rxn:1:62688:32728,0.1268760281196539,20504
rxn:1:55948:23562,0.1267875855167707,20504
rxn:1:61827:3733,0.1259302293497418,20504
rxn:1:65673:31454,0.1259136832121646,20504
rxn:1:57047:38682,0.1257865172293451,20504
rxn:1:51585:28139,0.1256915852427482,20504
rxn:1:43680:38619,0.1250535094219705,20504
rxn:1:41711:39828,0.1248971469818599,20504
rxn:1:41624:8718,0.124421461234017,20504
rxn:1:41847:3674,0.124102467050155,20504
rxn:1:41624:11723,0.1232134141619243,20504
rxn:1:53562:39076,0.1216029775770087,20504
rxn:1:42029:9269,0.1209805199974461,20504
rxn:1:42543:2983,0.117554947733879,20504
rxn:1:42536:3803,0.1154238136609395,20504
rxn:1:43719:24200,0.1151078291106642,20504
rxn:1:59985:3114,0.1121867636839548,20504
rxn:1:55948:7125,0.1548372799890083,20505
rxn:1:57369:1429,0.1455912322237871,20505
rxn:1:57017:2059,0.142988896160795,20505
rxn:1:41788:31279,0.1399461575176405,20505
rxn:1:61587:39921,0.1395138134558995,20505
rxn:1:57833:39921,0.1345212020807795,20505
rxn:1:55327:39921,0.1343967616558075,20505
rxn:1:63757:7779,0.133546467276587,20505
rxn:1:41917:31149,0.1335009392102559,20505
rxn:1:59915:470,0.1318480821623318,20505
rxn:1:41777:31524,0.1317034580490806,20505
rxn:1:41921:2989,0.1314321462658868,20505
rxn:1:41923:2962,0.1306677930282823,20505
rxn:1:57368:357,0.1298534319256291,20505
rxn:1:61895:2983,0.129661991740718,20505
rxn:1:62688:1123,0.1287773549556732,20505
rxn:1:42215:1881,0.128476384613249,20505
rxn:1:57007:39921,0.1269579586528596,20505
rxn:1:41788:23539,0.1266625829868846,20505
rxn:1:47440:1060,0.1247084720929463,20505
rxn:1:62389:2955,0.1232593220377725,20505
rxn:1:62688:32710,0.1216661288882747,20505
rxn:1:62688:2361,0.1205123139150214,20505
rxn:1:43794:20594,0.120124920554783,20505
rxn:1:44567:1148,0.1197224507729212,20505
rxn:1:51563:31438,0.1180603106816609,20505
rxn:1:57047:27779,0.1156139902273813,20505
rxn:1:59974:2980,0.1143646328537552,20505
rxn:1:57359:1429,0.1478197591892187,20506
rxn:1:61827:23873,0.1384489822387695,20506
rxn:1:55316:39921,0.1379108453790346,20506
rxn:1:42029:3949,0.1378301044305165,20506
rxn:1:39939:7772,0.1350694100062052,20506
rxn:1:59997:7772,0.1349466307596727,20506
rxn:1:58985:1060,0.1340257577274156,20506
rxn:1:57369:35342,0.1338966524962223,20506
rxn:1:42189:39372,0.1338465161945509,20506
rxn:1:43758:340,0.1337786949042118,20506
rxn:1:40750:3047,0.1336926846277146,20506
rxn:1:41718:2498,0.1298117010216964,20506
rxn:1:40062:34501,0.1296954949696858,20506
rxn:1:55508:2756,0.1295726978116565,20506
rxn:1:60612:20555,0.129365344842275,20506
rxn:1:65672:37717,0.1285502248340182,20506
rxn:1:47710:5199,0.128228523593018,20506
rxn:1:57043:32373,0.1278627220789591,20506
rxn:1:43683:2050,0.1275584721565246,20506
rxn:1:60013:11765,0.1257311569319831,20506
rxn:1:41847:23232,0.1240050542181816,20506
rxn:1:61592:7772,0.1238930586612585,20506
rxn:1:41745:28663,0.1235330753159104,20506
rxn:1:42234:1068,0.1234280164690985,20506
rxn:1:59879:2180,0.1223890080786587,20506
rxn:1:41613:31743,0.1214749755130873,20506
rxn:1:40165:8557,0.1145802347949057,20506
rxn:1:50513:31947,0.1139704426129658,20506
rxn:1:58686:31197,0.111784327210802,20506
rxn:1:57552:1429,0.1422238013018732,20507
rxn:1:42553:565,0.1381972466689952,20507
rxn:1:41918:2190,0.1381866048883508,20507
rxn:1:63757:7777,0.1376719086459188,20507
rxn:1:54953:20594,0.1371572570524354,20507
rxn:1:55316:1429,0.1346441018912527,20507
rxn:1:62688:13971,0.1332649944121377,20507
rxn:1:55334:1148,0.1317075957422671,20507
rxn:1:57047:31454,0.1309652095255644,20507
rxn:1:43710:3249,0.1303543166981803,20507
rxn:1:55948:28566,0.1302011940214369,20507
rxn:1:47710:12177,0.1292078313620194,20507
rxn:1:57064:39024,0.1290540352012172,20507
rxn:1:52906:2989,0.1289237028076535,20507
rxn:1:62688:39276,0.1287473479906718,20507
rxn:1:41711:8701,0.1287203169705575,20507
rxn:1:55345:1595,0.1273709803387738,20507
rxn:1:41917:31224,0.1271198572534503,20507
rxn:1:41624:30483,0.1260990576138572,20507
rxn:1:41789:23539,0.1259952758749326,20507
rxn:1:51617:31438,0.1257835634549458,20507
rxn:1:57369:1421,0.1257489886548784,20507
rxn:1:62096:32091,0.1222221851348877,20507
rxn:1:42306:8557,0.1212564264283035,20507
rxn:1:62402:31947,0.0762566195593939,20507
rxn:1:62688:2229,0.140194484591484,20508
rxn:1:59847:31279,0.1388935473832217,20508
rxn:1:57014:2059,0.1378460463724638,20508
rxn:1:57399:1060,0.1369749966895941,20508
rxn:1:51586:28139,0.1359738152888086,20508
rxn:1:55316:2089,0.1350208780039911,20508
rxn:1:41977:287,0.1348031949996948,20508
rxn:1:41624:2140,0.1345947175695185,20508
rxn:1:57004:39921,0.1326229080321297,20508
rxn:1:41847:31469,0.1317054484829758,20508
rxn:1:62688:32362,0.1314359739422798,20508
rxn:1:52218:23539,0.130719143332857,20508
rxn:1:55345:39089,0.130341054736704,20508
rxn:1:41711:9270,0.129507655637306,20508
rxn:1:41711:787,0.1284418096144994,20508
rxn:1:59974:11765,0.1260678337679968,20508
rxn:1:41718:3949,0.1255725959936777,20508
rxn:1:57047:11740,0.1230524652882626,20508
rxn:1:57017:3313,0.1220319734679328,20508
rxn:1:54962:3803,0.1219954559768455,20508
rxn:1:55948:12883,0.1200150299072265,20508
rxn:1:55968:39921,0.1174103641510009,20508
rxn:1:55948:31331,0.1136191034758532,20508
rxn:1:62588:5865,0.1135194166140122,20508
rxn:1:47710:8779,0.1131901774141523,20508
rxn:1:62389:20555,0.0991131881872812,20508
rxn:1:42381:8718,0.0955622633298238,20508
rxn:1:42018:6093,0.1406546930472056,20509
rxn:1:41487:3262,0.1394230685536823,20509
rxn:1:41711:379,0.1388706735202244,20509
rxn:1:57017:32362,0.137093577782313,20509
rxn:1:65729:2983,0.136548026041551,20509
rxn:1:62688:12201,0.1361545078338138,20509
rxn:1:42311:31463,0.1360495247774653,20509
rxn:1:61827:23888,0.1355404198169708,20509
rxn:1:57047:1582,0.1352346579233805,20509
rxn:1:45481:1060,0.1346259135188478,20509
rxn:1:59985:2646,0.1344553112983703,20509
rxn:1:58975:35342,0.1344512061796326,20509
rxn:1:51589:122,0.134295937915643,20509
rxn:1:57011:39018,0.1337931518969328,20509
rxn:1:65673:1693,0.1327137653378472,20509
rxn:1:41847:2646,0.1315350648429658,20509
rxn:1:54952:39921,0.1314198916608636,20509
rxn:1:65673:38711,0.1300799704733349,20509
rxn:1:42846:1060,0.1287589586443371,20509
rxn:1:43710:5448,0.1259179380204942,20509
rxn:1:62688:1582,0.1251787924975679,20509
rxn:1:43719:30291,0.1228346219138493,20509
rxn:1:62322:12262,0.1206165033838023,20509
rxn:1:41745:3949,0.1187300423781077,20509
rxn:1:45310:2456,0.1180019351569088,20509
rxn:1:45310:351,0.1138101772985596,20509
rxn:1:39985:39021,0.1030830907821655,20509
rxn:1:65526:17123,0.0254059931825077,20509
rxn:1:57939:8557,0.1445363449013751,20510
rxn:1:55320:2089,0.1435646388841712,20510
rxn:1:41921:8808,0.1432980651205236,20510
rxn:1:41745:3659,0.1372394373542384,20510
rxn:1:57043:32047,0.1363185540489528,20510
rxn:1:59325:35342,0.1361811757087707,20510
rxn:1:59279:1595,0.1350361679991086,20510
rxn:1:41718:38722,0.1336674004793167,20510
rxn:1:62688:12256,0.1314429782685779,20510
rxn:1:59915:31895,0.1306831051002849,20510
rxn:1:42845:1060,0.1304773191610972,20510
rxn:1:40930:1062,0.1304374305825484,20510
rxn:1:58069:1429,0.1292590999603271,20510
rxn:1:57017:31438,0.129044392834539,20510
rxn:1:62688:18918,0.1289886644012049,20510
rxn:1:55472:1853,0.1282908105850219,20510
rxn:1:49432:1750,0.1276104748249054,20510
rxn:1:61827:39706,0.1234838217496872,20510
rxn:1:55948:27945,0.1194820255041122,20510
rxn:1:65678:39067,0.1193144483999772,20510
rxn:1:58649:1369,0.1150833043185147,20510
rxn:1:42312:23539,0.1138059221781217,20510
rxn:1:64029:31372,0.108595539223064,20510
rxn:1:62588:3915,0.0950902512199,20510
rxn:1:62688:13972,0.1436235695554499,20511
rxn:1:55948:23913,0.1427623850327951,20511
rxn:1:57399:8557,0.1409828753182382,20511
rxn:1:57014:32362,0.1402752300103505,20511
rxn:1:57037:39921,0.1373329720799885,20511
rxn:1:47710:23881,0.1366999868362668,20511
rxn:1:41711:32048,0.1356806288594784,20511
rxn:1:64168:3262,0.1356351782405187,20511
rxn:1:41711:32016,0.1352130987427451,20511
rxn:1:62178:39089,0.1348871058887905,20511
rxn:1:62688:28236,0.1333631493828513,20511
rxn:1:41711:32047,0.1331447922822201,20511
rxn:1:59847:6355,0.133075561788347,20511
rxn:1:55820:39921,0.1323525698979695,20511
rxn:1:40466:39921,0.1320007228189044,20511
rxn:1:57801:1595,0.1319437052892601,20511
rxn:1:57007:31957,0.1307481364770369,20511
rxn:1:41977:20489,0.1291073795520898,20511
rxn:1:49388:12172,0.128990019361178,20511
rxn:1:41711:31452,0.1279534020207144,20511
rxn:1:41487:2049,0.1267724304959394,20511
rxn:1:41899:8798,0.1244149864583775,20511
rxn:1:63510:31195,0.1239407071561524,20511
rxn:1:39929:1060,0.123612087870401,20511
rxn:1:62327:2912,0.121195670158144,20511
rxn:1:61827:39557,0.1205352125344453,20511
rxn:1:57011:23650,0.1169809992762579,20511
rxn:1:41847:31445,0.1147525310516357,20511
rxn:1:41662:7755,0.1128478322112769,20511
rxn:1:65677:39709,0.0975354564362678,20511
rxn:1:57939:565,0.14031543679859326,20512
rxn:1:43671:7807,0.13985716778299082,20512
rxn:1:56360:1595,0.13976317485173542,20512
rxn:1:55932:39089,0.13967527200778326,20512
rxn:1:41711:23199,0.13868143260478974,20512
rxn:1:52141:39089,0.13554192913903132,20512
rxn:1:41918:23623,0.13445517420768738,20512
rxn:1:52588:39089,0.13389928023020425,20512
rxn:1:65678:122,0.13380240490942288,20512
rxn:1:62688:2055,0.1335612177848816,20512
rxn:1:41718:31509,0.1334818923284137,20512
rxn:1:57017:38646,0.13316597068120564,20512
rxn:1:55948:31433,0.13301822101628338,20512
rxn:1:65673:122,0.13278119220878137,20512
rxn:1:49433:14738,0.13143459009745764,20512
rxn:1:42053:1060,0.13123315667349195,20512
rxn:1:43799:3191,0.1303437089920044,20512
rxn:1:41923:32686,0.12860418901298987,20512
rxn:1:41916:37737,0.12839245133929783,20512
rxn:1:64168:1853,0.12836150517539371,20512
rxn:1:41919:31195,0.12822619814803635,20512
rxn:1:51586:31384,0.1275226320281173,20512
rxn:1:43247:1148,0.12685879627863564,20512
rxn:1:42187:1429,0.12582234109657398,20512
rxn:1:41923:38195,0.12172639653796243,20512
rxn:1:57012:39018,0.12054588829261668,20512
rxn:1:41782:31927,0.11849186727494905,20512
rxn:1:62688:23234,0.11668263753255208,20512
rxn:1:41847:6998,0.11657459666763527,20512
rxn:1:49055:38547,0.025251959224005003,20512
rxn:1:57939:1155,0.14118908097346625,20513
rxn:1:54965:13972,0.13773026466369628,20513
rxn:1:55521:8557,0.1357039265010668,20513
rxn:1:57548:1429,0.13562152955843054,20513
rxn:1:42029:380,0.13454737067222594,20513
rxn:1:65223:23539,0.1342217524846395,20513
rxn:1:58717:31454,0.13275861999262933,20513
rxn:1:64802:23538,0.1324084455316717,20513
rxn:1:61827:39373,0.13240020064746633,20513
rxn:1:44567:8557,0.13083640734354654,20513
rxn:1:55334:8557,0.13039326408635016,20513
rxn:1:55016:31454,0.13034413506587347,20513
rxn:1:62688:1853,0.13030055436221036,20513
rxn:1:45631:1060,0.12887091740317966,20513
rxn:1:40750:2686,0.128367094766526,20513
rxn:1:41791:3191,0.12731187542279562,20513
rxn:1:41745:2042,0.12624489633660568,20513
rxn:1:62688:39454,0.12470837235450745,20513
rxn:1:42307:340,0.1245882131836631,20513
rxn:1:59856:31663,0.12252891322840816,20513
rxn:1:46041:39292,0.12215168135506767,20513
rxn:1:41923:31811,0.1207177887360255,20513
rxn:1:45310:1890,0.11845973630746205,20513
rxn:1:58690:28139,0.11788898965586787,20513
rxn:1:64168:3915,0.11774292446318127,20513
rxn:1:41869:31195,0.11762284419753334,20513
rxn:1:57047:31580,0.10597846031188965,20513
rxn:1:59985:28359,0.10315183903041639,20513
rxn:1:57939:37883,0.1471184715628624,20514
rxn:1:61587:27889,0.13835605363997203,20514
rxn:1:58686:38726,0.13759724299112955,20514
rxn:1:57399:565,0.13562291950890512,20514
rxn:1:40062:39089,0.1355542495395198,20514
rxn:1:39929:31526,0.13332460928654324,20514
rxn:1:57939:31918,0.13307502390681836,20514
rxn:1:50619:39921,0.13184308692028648,20514
rxn:1:55744:1595,0.1309740212228563,20514
rxn:1:41711:28393,0.13083768288294473,20514
rxn:1:57047:31528,0.13012811541557312,20514
rxn:1:52145:565,0.13004589411947462,20514
rxn:1:57043:31227,0.12981592313103055,20514
rxn:1:55516:357,0.12821383320766946,20514
rxn:1:42029:11848,0.12749386231104531,20514
rxn:1:55344:35342,0.12682799152705979,20514
rxn:1:57020:8718,0.12575761838392777,20514
rxn:1:57384:8557,0.125676256237608,20514
rxn:1:41788:20555,0.12470219316689864,20514
rxn:1:64168:1405,0.1216004870154641,20514
rxn:1:55932:565,0.11894711189799839,20514
rxn:1:59985:394,0.1173491304119428,20514
rxn:1:43730:30483,0.11459382516997202,20514
rxn:1:43683:28139,0.11421974334451886,20514
rxn:1:62327:27893,0.11304884056250254,20514
rxn:1:43730:578,0.11276223545982726,20514
rxn:1:57548:565,0.11190248167876042,20514
rxn:1:62588:5934,0.11075598474532838,20514
rxn:1:58686:31224,0.10965638316195943,20514
rxn:1:59985:31452,0.10832968824788143,20514
rxn:1:42149:31489,0.10766050277971755,20514
rxn:1:65661:31941,0.10553728360118288,20514
rxn:1:41624:31333,0.1445418227286566,20515
rxn:1:57020:3803,0.1423953717405146,20515
rxn:1:57399:1155,0.13538666911747144,20515
rxn:1:41924:170,0.13442857109982034,20515
rxn:1:61827:24200,0.13415969986664622,20515
rxn:1:44413:7772,0.13227558677846735,20515
rxn:1:65673:37717,0.1288972981274128,20515
rxn:1:65654:3733,0.1283619559329489,20515
rxn:1:59574:31197,0.12779925569244052,20515
rxn:1:55897:35342,0.1255367398262024,20515
rxn:1:55948:20186,0.1242795983950297,20515
rxn:1:59847:32277,0.12260036667188008,20515
rxn:1:58687:1853,0.12242127371870953,20515
rxn:1:41711:12202,0.12164207299550374,20515
rxn:1:41876:882,0.12098144448321799,20515
rxn:1:49433:14021,0.11957431832949321,20515
rxn:1:41487:2992,0.11888020841971689,20515
rxn:1:59847:2199,0.1188238188624382,20515
rxn:1:58686:31420,0.1183449651883996,20515
rxn:1:41924:23584,0.11820504546165467,20515
rxn:1:42324:1674,0.11750637807629324,20515
rxn:1:59725:412,0.10795097975503831,20515
rxn:1:55948:2784,0.10725197361575232,20515
