======================================================================
A-COMPONENT COST RANKING — rxn_id=2
Processed:    19970 / 83307 components
Elapsed:      27680.5s
Sample size:  random 1000 raw candidates tested per A component (invalid ones dropped before scoring)
Top-k:        5 (cost = mean of top-5 surrogate scores among the valid survivors)
Generated:    2026-07-16 14:03:05.316425
======================================================================

 rank  a_id  n_sampled  n_valid     cost
    1 73951       1000      824 0.081121
    2 78534       1000      833 0.079083
    3 80811       1000      818 0.078674
    4 79778       1000      712 0.078559
    5 81001       1000      792 0.078435
    6 84590       1000      813 0.078129
    7 88844       1000      776 0.077952
    8 68337       1000      819 0.077534
    9 73334       1000      813 0.077290
   10 73540       1000      791 0.077275
   11 76489       1000      801 0.076830
   12 76420       1000      799 0.076330
   13 81992       1000      835 0.075855
   14 88679       1000      801 0.074333
   15 77397       1000      718 0.074156
   16 78847       1000      793 0.074091
   17 69457       1000      804 0.073781
   18 68115       1000      800 0.073685
   19 85230       1000      804 0.073631
   20 84545       1000      780 0.073620
   21 66261       1000      788 0.073166
   22 74550       1000      797 0.073155
   23 76492       1000      823 0.073052
   24 73199       1000      803 0.072807
   25 68226       1000      793 0.072708
   26 87304       1000      796 0.072600
   27 82155       1000      804 0.072576
   28 84120       1000      820 0.072336
   29 70496       1000      803 0.072052
   30 68344       1000      806 0.071819
   31 84454       1000      798 0.071715
   32 70292       1000      804 0.071572
   33 72526       1000      740 0.071447
   34 66312       1000      806 0.071355
   35 89035       1000      794 0.071188
   36 73211       1000      808 0.070842
   37 70702       1000      791 0.070772
   38 67928       1000      806 0.070627
   39 78601       1000      777 0.070497
   40 73834       1000      798 0.070435
   41 81011       1000      790 0.070401
   42 69010       1000      806 0.069701
   43 76899       1000      720 0.069353
   44 71293       1000      800 0.069178
   45 74414       1000      790 0.068635
   46 86758       1000      815 0.068208
   47 88118       1000      703 0.067981
   48 65996       1000      808 0.067969
   49 68258       1000      785 0.067838
   50 88511       1000      804 0.067599
   51 75526       1000      807 0.066529
   52 87535       1000      802 0.066451
   53 70058       1000      733 0.066084
   54 73303       1000      806 0.065998
   55 79858       1000      820 0.065803
   56 69640       1000      793 0.065795
   57 84714       1000      807 0.065788
   58 81723       1000      808 0.065689
   59 86889       1000      809 0.065608
   60 82523       1000      711 0.065582
   61 84554       1000      805 0.065478
   62 67887       1000      738 0.065362
   63 79676       1000      816 0.065247
   64 75936       1000      811 0.065122
   65 88894       1000      696 0.064977
   66 72554       1000      788 0.064759
   67 85554       1000      804 0.064714
   68 79572       1000      816 0.064593
   69 74187       1000      801 0.064408
   70 69752       1000      808 0.064354
   71 68425       1000      792 0.064219
   72 84136       1000      799 0.064097
   73 67952       1000      815 0.063912
   74 83623       1000      796 0.063886
   75 76265       1000      817 0.063710
   76 74034       1000      789 0.063705
   77 85330       1000      805 0.063673
   78 78400       1000      804 0.063617
   79 72140       1000      805 0.063574
   80 74615       1000      804 0.063443
   81 81586       1000      803 0.063370
   82 69639       1000      725 0.063369
   83 71917       1000      731 0.063311
   84 79426       1000      817 0.063309
   85 66803       1000      811 0.063193
   86 66468       1000      830 0.063188
   87 81446       1000      725 0.063182
   88 73501       1000      813 0.063180
   89 68492       1000      796 0.063102
   90 88687       1000      819 0.062996
   91 80386       1000      797 0.062994
   92 78386       1000      801 0.062851
   93 86684       1000      799 0.062827
   94 81205       1000      709 0.062760
   95 80372       1000      786 0.062758
   96 86247       1000      799 0.062693
   97 66056       1000      795 0.062669
   98 88152       1000      802 0.062649
   99 86663       1000      817 0.062575
  100 69228       1000      801 0.062574
  101 85607       1000      809 0.062460
  102 87941       1000      804 0.062215
  103 66491       1000      806 0.062151
  104 87076       1000      758 0.062107
  105 80273       1000      805 0.062083
  106 79948       1000      793 0.062045
  107 74204       1000      812 0.062028
  108 86135       1000      785 0.061987
  109 68443       1000      798 0.061918
  110 70203       1000      786 0.061890
  111 67078       1000      701 0.061801
  112 68143       1000      794 0.061726
  113 83627       1000      808 0.061725
  114 81177       1000      806 0.061715
  115 87682       1000      808 0.061568
  116 88069       1000      785 0.061385
  117 84522       1000      801 0.061370
  118 82128       1000      805 0.061318
  119 82344       1000      809 0.061306
  120 84583       1000      779 0.061241
  121 85526       1000      790 0.061163
  122 81581       1000      801 0.061129
  123 77934       1000      789 0.061102
  124 66586       1000      810 0.061076
  125 66123       1000      776 0.061071
  126 85415       1000      819 0.061067
  127 78906       1000      808 0.061067
  128 78282       1000      828 0.061063
  129 74395       1000      809 0.061027
  130 83511       1000      819 0.060992
  131 74433       1000      717 0.060856
  132 67378       1000      809 0.060842
  133 72657       1000      786 0.060829
  134 69026       1000      713 0.060823
  135 73723       1000      816 0.060765
  136 80848       1000      782 0.060728
  137 70908       1000      710 0.060685
  138 79418       1000      801 0.060682
  139 67063       1000      801 0.060634
  140 77133       1000      808 0.060620
  141 76434       1000      776 0.060610
  142 68450       1000      710 0.060588
  143 82236       1000      802 0.060575
  144 81505       1000      798 0.060468
  145 78964       1000      812 0.060251
  146 74208       1000      813 0.060219
  147 79359       1000      724 0.060193
  148 77860       1000      782 0.060099
  149 75246       1000      803 0.060087
  150 77813       1000      789 0.060051
  151 76114       1000      789 0.060045
  152 88974       1000      806 0.060001
  153 72248       1000      807 0.059985
  154 81242       1000      785 0.059944
  155 70531       1000      805 0.059942
  156 87545       1000      810 0.059937
  157 71203       1000      776 0.059829
  158 70302       1000      808 0.059816
  159 73451       1000      795 0.059815
  160 84342       1000      777 0.059807
  161 84455       1000      806 0.059802
  162 70675       1000      823 0.059794
  163 69027       1000      814 0.059784
  164 79938       1000      739 0.059776
  165 75898       1000      800 0.059767
  166 84056       1000      797 0.059762
  167 78718       1000      803 0.059760
  168 71808       1000      792 0.059711
  169 82975       1000      720 0.059688
  170 84969       1000      796 0.059649
  171 73662       1000      817 0.059630
  172 68232       1000      777 0.059627
  173 67183       1000      793 0.059610
  174 77517       1000      802 0.059604
  175 68034       1000      784 0.059599
  176 72294       1000      803 0.059575
  177 68407       1000      798 0.059538
  178 78835       1000      793 0.059523
  179 74961       1000      792 0.059516
  180 75165       1000      794 0.059497
  181 81760       1000      793 0.059475
  182 67992       1000      806 0.059371
  183 87257       1000      792 0.059368
  184 75293       1000      716 0.059337
  185 82297       1000      790 0.059299
  186 83171       1000      713 0.059299
  187 68772       1000      778 0.059272
  188 81532       1000      730 0.059270
  189 73370       1000      823 0.059266
  190 87209       1000      796 0.059239
  191 83226       1000      814 0.059229
  192 88218       1000      807 0.059218
  193 66326       1000      801 0.059216
  194 78097       1000      812 0.059164
  195 72310       1000      804 0.059153
  196 85713       1000      787 0.059135
  197 75151       1000      723 0.059131
  198 88215       1000      805 0.059119
  199 71711       1000      780 0.059107
  200 84438       1000      805 0.059090
  201 67906       1000      699 0.059045
  202 87871       1000      801 0.059040
  203 67810       1000      805 0.059010
  204 78206       1000      719 0.058994
  205 78748       1000      786 0.058958
  206 75961       1000      790 0.058945
  207 74467       1000      788 0.058944
  208 68274       1000      824 0.058943
  209 87642       1000      822 0.058926
  210 71881       1000      803 0.058911
  211 68908       1000      806 0.058899
  212 78583       1000      783 0.058891
  213 71025       1000      794 0.058889
  214 85438       1000      775 0.058874
  215 75180       1000      812 0.058867
  216 83851       1000      809 0.058857
  217 81521       1000      812 0.058818
  218 66416       1000      811 0.058787
  219 75177       1000      794 0.058774
  220 72847       1000      810 0.058770
  221 82305       1000      789 0.058767
  222 87085       1000      807 0.058760
  223 67921       1000      827 0.058757
  224 84762       1000      705 0.058746
  225 88141       1000      803 0.058742
  226 66689       1000      800 0.058738
  227 83832       1000      778 0.058735
  228 77708       1000      795 0.058727
  229 70396       1000      724 0.058727
  230 88407       1000      784 0.058721
  231 84677       1000      800 0.058719
  232 88652       1000      728 0.058714
  233 79945       1000      815 0.058701
  234 73358       1000      791 0.058693
  235 85737       1000      817 0.058691
  236 86149       1000      799 0.058688
  237 75264       1000      710 0.058665
  238 80259       1000      801 0.058665
  239 89025       1000      794 0.058657
  240 76344       1000      807 0.058638
  241 73417       1000      798 0.058630
  242 76927       1000      788 0.058622
  243 82957       1000      746 0.058609
  244 87850       1000      810 0.058590
  245 83436       1000      802 0.058570
  246 65933       1000      786 0.058563
  247 82461       1000      726 0.058559
  248 83619       1000      802 0.058549
  249 79151       1000      809 0.058549
  250 79836       1000      800 0.058537
  251 68737       1000      777 0.058533
  252 77069       1000      813 0.058523
  253 81091       1000      792 0.058479
  254 84391       1000      787 0.058476
  255 80598       1000      715 0.058434
  256 75837       1000      821 0.058417
  257 76671       1000      747 0.058410
  258 78292       1000      797 0.058409
  259 83740       1000      802 0.058396
  260 85762       1000      799 0.058391
  261 72066       1000      784 0.058387
  262 81082       1000      810 0.058377
  263 74160       1000      807 0.058374
  264 84125       1000      776 0.058373
  265 81601       1000      729 0.058358
  266 67053       1000      802 0.058349
  267 74312       1000      818 0.058324
  268 81094       1000      694 0.058313
  269 70832       1000      710 0.058311
  270 79332       1000      781 0.058310
  271 87317       1000      808 0.058293
  272 80539       1000      786 0.058271
  273 80990       1000      806 0.058271
  274 86785       1000      801 0.058220
  275 80780       1000      738 0.058218
  276 65929       1000      806 0.058210
  277 74871       1000      791 0.058204
  278 87219       1000      787 0.058204
  279 83499       1000      716 0.058191
  280 68747       1000      807 0.058189
  281 71523       1000      814 0.058189
  282 83486       1000      789 0.058188
  283 87634       1000      814 0.058158
  284 77007       1000      802 0.058153
  285 68812       1000      795 0.058143
  286 82163       1000      737 0.058123
  287 69320       1000      806 0.058090
  288 69557       1000      726 0.058081
  289 69121       1000      814 0.058060
  290 75642       1000      781 0.058023
  291 69763       1000      790 0.057995
  292 77243       1000      799 0.057993
  293 66227       1000      811 0.057959
  294 69466       1000      809 0.057935
  295 81620       1000      789 0.057934
  296 86212       1000      790 0.057921
  297 79440       1000      826 0.057919
  298 76841       1000      791 0.057915
  299 73912       1000      818 0.057895
  300 67841       1000      794 0.057880
  301 87973       1000      789 0.057841
  302 79563       1000      810 0.057809
  303 70017       1000      804 0.057793
  304 83428       1000      786 0.057782
  305 74896       1000      785 0.057728
  306 66509       1000      795 0.057726
  307 83826       1000      795 0.057724
  308 82903       1000      795 0.057713
  309 70886       1000      798 0.057709
  310 71753       1000      788 0.057701
  311 68960       1000      820 0.057698
  312 77455       1000      723 0.057687
  313 67803       1000      782 0.057657
  314 72580       1000      782 0.057631
  315 80297       1000      799 0.057618
  316 74498       1000      802 0.057610
  317 80735       1000      804 0.057573
  318 81611       1000      793 0.057565
  319 77090       1000      708 0.057564
  320 84651       1000      801 0.057556
  321 72528       1000      805 0.057552
  322 74006       1000      815 0.057548
  323 66487       1000      716 0.057544
  324 72217       1000      803 0.057541
  325 70595       1000      800 0.057538
  326 68857       1000      744 0.057532
  327 87955       1000      807 0.057528
  328 80478       1000      788 0.057519
  329 74237       1000      793 0.057496
  330 84202       1000      813 0.057489
  331 66794       1000      792 0.057488
  332 71232       1000      799 0.057482
  333 70481       1000      786 0.057466
  334 85404       1000      792 0.057464
  335 82994       1000      782 0.057454
  336 72056       1000      783 0.057450
  337 76037       1000      796 0.057432
  338 85017       1000      810 0.057409
  339 87512       1000      806 0.057409
  340 85985       1000      777 0.057402
  341 76852       1000      819 0.057399
  342 81406       1000      811 0.057397
  343 77890       1000      779 0.057391
  344 86801       1000      800 0.057385
  345 79395       1000      781 0.057370
  346 83521       1000      788 0.057359
  347 66665       1000      822 0.057355
  348 78306       1000      795 0.057352
  349 70225       1000      810 0.057347
  350 69885       1000      768 0.057347
  351 78141       1000      789 0.057338
  352 82608       1000      811 0.057330
  353 74950       1000      801 0.057294
  354 75916       1000      770 0.057284
  355 68615       1000      821 0.057279
  356 69968       1000      802 0.057246
  357 84437       1000      815 0.057225
  358 87058       1000      786 0.057197
  359 67864       1000      794 0.057192
  360 78098       1000      777 0.057181
  361 69564       1000      795 0.057173
  362 86414       1000      699 0.057169
  363 86032       1000      816 0.057160
  364 83078       1000      789 0.057154
  365 69845       1000      805 0.057146
  366 70182       1000      803 0.057145
  367 75733       1000      795 0.057141
  368 82793       1000      796 0.057123
  369 82759       1000      807 0.057114
  370 66467       1000      781 0.057110
  371 74300       1000      734 0.057085
  372 71051       1000      801 0.057062
  373 87113       1000      801 0.057059
  374 77323       1000      808 0.057059
  375 84512       1000      814 0.057027
  376 74096       1000      794 0.057024
  377 72252       1000      797 0.057017
  378 89013       1000      815 0.057007
  379 85343       1000      790 0.057003
  380 87427       1000      805 0.057000
  381 82926       1000      818 0.057000
  382 74163       1000      804 0.056980
  383 78592       1000      803 0.056968
  384 67442       1000      796 0.056945
  385 77732       1000      789 0.056937
  386 77454       1000      795 0.056929
  387 69200       1000      791 0.056923
  388 83844       1000      809 0.056911
  389 85378       1000      785 0.056898
  390 82850       1000      800 0.056884
  391 68870       1000      798 0.056851
  392 87989       1000      791 0.056849
  393 70511       1000      808 0.056846
  394 82067       1000      787 0.056846
  395 68063       1000      820 0.056841
  396 79680       1000      801 0.056838
  397 81259       1000      807 0.056835
  398 85109       1000      797 0.056833
  399 86636       1000      811 0.056802
  400 75476       1000      815 0.056792
  401 82261       1000      788 0.056789
  402 76918       1000      808 0.056780
  403 67257       1000      819 0.056776
  404 80317       1000      798 0.056771
  405 66894       1000      790 0.056770
  406 70028       1000      715 0.056763
  407 78725       1000      786 0.056739
  408 88983       1000      724 0.056736
  409 77551       1000      804 0.056736
  410 73166       1000      803 0.056736
  411 80239       1000      732 0.056725
  412 83094       1000      790 0.056722
  413 79081       1000      811 0.056718
  414 70463       1000      800 0.056709
  415 74953       1000      749 0.056699
  416 76807       1000      728 0.056681
  417 85597       1000      796 0.056654
  418 77722       1000      795 0.056653
  419 74257       1000      814 0.056635
  420 66612       1000      788 0.056628
  421 76827       1000      804 0.056622
  422 85619       1000      784 0.056622
  423 72539       1000      809 0.056611
  424 81830       1000      808 0.056610
  425 68584       1000      796 0.056580
  426 78153       1000      818 0.056563
  427 67929       1000      800 0.056557
  428 68571       1000      816 0.056547
  429 79980       1000      800 0.056540
  430 72892       1000      717 0.056540
  431 83596       1000      805 0.056539
  432 77421       1000      788 0.056528
  433 81556       1000      803 0.056524
  434 73853       1000      785 0.056520
  435 66596       1000      729 0.056513
  436 77622       1000      793 0.056511
  437 77129       1000      786 0.056511
  438 67618       1000      810 0.056505
  439 75024       1000      816 0.056500
  440 67111       1000      799 0.056482
  441 87215       1000      800 0.056478
  442 76335       1000      800 0.056455
  443 87878       1000      817 0.056437
  444 77580       1000      797 0.056433
  445 70365       1000      782 0.056414
  446 67181       1000      806 0.056400
  447 76036       1000      803 0.056393
  448 66351       1000      819 0.056389
  449 85430       1000      806 0.056380
  450 83552       1000      814 0.056379
  451 79619       1000      812 0.056347
  452 79486       1000      791 0.056340
  453 79394       1000      814 0.056333
  454 76775       1000      798 0.056324
  455 78121       1000      821 0.056316
  456 68693       1000      788 0.056315
  457 71346       1000      796 0.056314
  458 80561       1000      782 0.056313
  459 68686       1000      795 0.056305
  460 83611       1000      792 0.056304
  461 71671       1000      802 0.056304
  462 73745       1000      784 0.056294
  463 85454       1000      810 0.056289
  464 83312       1000      813 0.056282
  465 85405       1000      828 0.056282
  466 83434       1000      796 0.056280
  467 71770       1000      786 0.056266
  468 69535       1000      730 0.056255
  469 80321       1000      799 0.056250
  470 84219       1000      803 0.056248
  471 77342       1000      807 0.056246
  472 83046       1000      796 0.056230
  473 71624       1000      808 0.056230
  474 88686       1000      803 0.056222
  475 71396       1000      731 0.056219
  476 83276       1000      704 0.056206
  477 85808       1000      785 0.056202
  478 86484       1000      799 0.056197
  479 72460       1000      805 0.056192
  480 87533       1000      804 0.056165
  481 66603       1000      730 0.056152
  482 73122       1000      805 0.056149
  483 82936       1000      792 0.056149
  484 75430       1000      774 0.056143
  485 81594       1000      800 0.056139
  486 83634       1000      790 0.056139
  487 78254       1000      815 0.056137
  488 89010       1000      802 0.056136
  489 66120       1000      775 0.056131
  490 66320       1000      798 0.056124
  491 67542       1000      792 0.056103
  492 71360       1000      791 0.056091
  493 79995       1000      779 0.056084
  494 83144       1000      781 0.056082
  495 78763       1000      806 0.056081
  496 80899       1000      827 0.056059
  497 68224       1000      798 0.056055
  498 75351       1000      814 0.056055
  499 88936       1000      802 0.056046
  500 70791       1000      798 0.056044
  501 72524       1000      807 0.056043
  502 82559       1000      795 0.056028
  503 80624       1000      797 0.056027
  504 78314       1000      811 0.056017
  505 79487       1000      775 0.056003
  506 86011       1000      787 0.056001
  507 77074       1000      795 0.055980
  508 72900       1000      801 0.055973
  509 83207       1000      735 0.055966
  510 80229       1000      806 0.055934
  511 85005       1000      798 0.055930
  512 74098       1000      778 0.055923
  513 75387       1000      780 0.055907
  514 70548       1000      783 0.055906
  515 86635       1000      712 0.055904
  516 83401       1000      802 0.055889
  517 83162       1000      818 0.055887
  518 77773       1000      779 0.055885
  519 80092       1000      803 0.055884
  520 84065       1000      795 0.055869
  521 87121       1000      806 0.055858
  522 73302       1000      708 0.055845
  523 76102       1000      804 0.055833
  524 85270       1000      810 0.055833
  525 78498       1000      807 0.055828
  526 74548       1000      805 0.055826
  527 83149       1000      789 0.055823
  528 73547       1000      803 0.055819
  529 88750       1000      808 0.055816
  530 66749       1000      795 0.055813
  531 78551       1000      753 0.055809
  532 79162       1000      821 0.055807
  533 68578       1000      701 0.055776
  534 74154       1000      796 0.055775
  535 88678       1000      802 0.055774
  536 88921       1000      802 0.055771
  537 72113       1000      815 0.055771
  538 89108       1000      808 0.055766
  539 68810       1000      798 0.055766
  540 77586       1000      780 0.055760
  541 82645       1000      821 0.055756
  542 82295       1000      794 0.055753
  543 80636       1000      789 0.055735
  544 82466       1000      781 0.055726
  545 82503       1000      800 0.055722
  546 71371       1000      825 0.055690
  547 75146       1000      801 0.055689
  548 73727       1000      822 0.055688
  549 77351       1000      806 0.055682
  550 69898       1000      803 0.055681
  551 86828       1000      801 0.055674
  552 78949       1000      799 0.055667
  553 67236       1000      804 0.055657
  554 80120       1000      784 0.055650
  555 88806       1000      733 0.055648
  556 85066       1000      804 0.055646
  557 78198       1000      812 0.055641
  558 85732       1000      787 0.055635
  559 69590       1000      801 0.055633
  560 70114       1000      799 0.055626
  561 78298       1000      801 0.055618
  562 73852       1000      818 0.055613
  563 72549       1000      802 0.055602
  564 71372       1000      803 0.055600
  565 81063       1000      797 0.055595
  566 87269       1000      812 0.055595
  567 68012       1000      818 0.055581
  568 88754       1000      793 0.055578
  569 72494       1000      804 0.055572
  570 81929       1000      783 0.055569
  571 83792       1000      720 0.055561
  572 86656       1000      765 0.055560
  573 66675       1000      794 0.055557
  574 88661       1000      799 0.055549
  575 71807       1000      752 0.055545
  576 83161       1000      719 0.055539
  577 70771       1000      783 0.055532
  578 73355       1000      811 0.055513
  579 71605       1000      819 0.055501
  580 88626       1000      788 0.055496
  581 68728       1000      798 0.055490
  582 73972       1000      822 0.055489
  583 88068       1000      804 0.055466
  584 69328       1000      732 0.055454
  585 79974       1000      796 0.055454
  586 78137       1000      804 0.055444
  587 79662       1000      797 0.055442
  588 81168       1000      807 0.055439
  589 74802       1000      798 0.055436
  590 85564       1000      793 0.055423
  591 74295       1000      801 0.055418
  592 80104       1000      794 0.055415
  593 71694       1000      731 0.055403
  594 85734       1000      783 0.055398
  595 74590       1000      752 0.055397
  596 80018       1000      806 0.055395
  597 86738       1000      824 0.055386
  598 74508       1000      801 0.055378
  599 87841       1000      822 0.055372
  600 78840       1000      805 0.055367
  601 85751       1000      812 0.055363
  602 82812       1000      804 0.055362
  603 77968       1000      825 0.055359
  604 85696       1000      812 0.055357
  605 77970       1000      804 0.055352
  606 77554       1000      805 0.055348
  607 80437       1000      795 0.055348
  608 82796       1000      793 0.055336
  609 82737       1000      815 0.055333
  610 87944       1000      803 0.055324
  611 86162       1000      807 0.055322
  612 88074       1000      787 0.055314
  613 88351       1000      792 0.055302
  614 69056       1000      715 0.055301
  615 70062       1000      799 0.055294
  616 81743       1000      823 0.055293
  617 80819       1000      808 0.055285
  618 66345       1000      712 0.055266
  619 82761       1000      791 0.055265
  620 85616       1000      810 0.055263
  621 84639       1000      725 0.055254
  622 76268       1000      806 0.055251
  623 77798       1000      806 0.055250
  624 78023       1000      805 0.055250
  625 73325       1000      815 0.055250
  626 84417       1000      805 0.055248
  627 78610       1000      799 0.055247
  628 78663       1000      811 0.055237
  629 81692       1000      715 0.055230
  630 69973       1000      792 0.055224
  631 70885       1000      792 0.055223
  632 79849       1000      807 0.055213
  633 78225       1000      801 0.055205
  634 66984       1000      793 0.055199
  635 69113       1000      784 0.055197
  636 72714       1000      712 0.055184
  637 79840       1000      809 0.055180
  638 87590       1000      812 0.055180
  639 70279       1000      736 0.055178
  640 74588       1000      810 0.055175
  641 68178       1000      818 0.055173
  642 66046       1000      733 0.055168
  643 88578       1000      830 0.055167
  644 80375       1000      791 0.055165
  645 78616       1000      817 0.055162
  646 81381       1000      697 0.055162
  647 73950       1000      819 0.055160
  648 82030       1000      786 0.055156
  649 80396       1000      821 0.055152
  650 74798       1000      780 0.055151
  651 74504       1000      789 0.055150
  652 81458       1000      800 0.055147
  653 66835       1000      816 0.055137
  654 83522       1000      790 0.055108
  655 77827       1000      798 0.055101
  656 75431       1000      807 0.055081
  657 70963       1000      796 0.055079
  658 78466       1000      790 0.055079
  659 82389       1000      804 0.055070
  660 68855       1000      810 0.055064
  661 88545       1000      808 0.055062
  662 86852       1000      806 0.055061
  663 68093       1000      802 0.055056
  664 70923       1000      807 0.055054
  665 81384       1000      801 0.055053
  666 85093       1000      806 0.055050
  667 71999       1000      702 0.055050
  668 88962       1000      810 0.055044
  669 79107       1000      778 0.055037
  670 77849       1000      812 0.055033
  671 85402       1000      798 0.055029
  672 83114       1000      781 0.055009
  673 83587       1000      808 0.055007
  674 84543       1000      792 0.055005
  675 78873       1000      719 0.054995
  676 78192       1000      802 0.054964
  677 67716       1000      811 0.054954
  678 66679       1000      804 0.054946
  679 66346       1000      796 0.054943
  680 77870       1000      795 0.054938
  681 80861       1000      786 0.054937
  682 88318       1000      783 0.054929
  683 70288       1000      795 0.054926
  684 74274       1000      802 0.054889
  685 85710       1000      815 0.054880
  686 68930       1000      798 0.054874
  687 71057       1000      799 0.054861
  688 70001       1000      806 0.054850
  689 77136       1000      776 0.054850
  690 68626       1000      786 0.054836
  691 71361       1000      808 0.054832
  692 68042       1000      792 0.054830
  693 75365       1000      811 0.054829
  694 83199       1000      818 0.054827
  695 75609       1000      797 0.054822
  696 80785       1000      709 0.054816
  697 88846       1000      788 0.054811
  698 84032       1000      727 0.054800
  699 77033       1000      715 0.054797
  700 75879       1000      810 0.054794
  701 69828       1000      812 0.054784
  702 81826       1000      814 0.054772
  703 73526       1000      796 0.054769
  704 79219       1000      736 0.054769
  705 82162       1000      798 0.054764
  706 76333       1000      812 0.054764
  707 67011       1000      791 0.054762
  708 70142       1000      798 0.054758
  709 85207       1000      791 0.054721
  710 80769       1000      827 0.054698
  711 76600       1000      816 0.054683
  712 76626       1000      786 0.054668
  713 75300       1000      785 0.054665
  714 86366       1000      773 0.054659
  715 80979       1000      807 0.054652
  716 79918       1000      796 0.054651
  717 84842       1000      806 0.054636
  718 79826       1000      812 0.054635
  719 84601       1000      787 0.054605
  720 73900       1000      787 0.054597
  721 72695       1000      715 0.054596
  722 69109       1000      799 0.054586
  723 69354       1000      803 0.054582
  724 79356       1000      793 0.054579
  725 84155       1000      785 0.054572
  726 69736       1000      784 0.054568
  727 70690       1000      811 0.054568
  728 71936       1000      697 0.054566
  729 79237       1000      799 0.054566
  730 77672       1000      789 0.054562
  731 89141       1000      789 0.054556
  732 76042       1000      808 0.054556
  733 75928       1000      804 0.054550
  734 77953       1000      739 0.054546
  735 68302       1000      801 0.054544
  736 74698       1000      798 0.054540
  737 85668       1000      794 0.054536
  738 89142       1000      816 0.054526
  739 69877       1000      800 0.054523
  740 66437       1000      804 0.054511
  741 83503       1000      817 0.054499
  742 78788       1000      719 0.054485
  743 71951       1000      782 0.054475
  744 79153       1000      776 0.054465
  745 71569       1000      725 0.054465
  746 84682       1000      796 0.054462
  747 80253       1000      787 0.054459
  748 76461       1000      817 0.054449
  749 86909       1000      798 0.054445
  750 71268       1000      722 0.054438
  751 68110       1000      727 0.054435
  752 67913       1000      724 0.054431
  753 85844       1000      726 0.054427
  754 73882       1000      817 0.054427
  755 83757       1000      803 0.054426
  756 88202       1000      735 0.054419
  757 80145       1000      798 0.054411
  758 84283       1000      711 0.054403
  759 76727       1000      773 0.054403
  760 76107       1000      793 0.054402
  761 77471       1000      812 0.054390
  762 67024       1000      789 0.054390
  763 75033       1000      788 0.054386
  764 75933       1000      784 0.054384
  765 80303       1000      810 0.054382
  766 70999       1000      797 0.054382
  767 80717       1000      787 0.054370
  768 73506       1000      796 0.054360
  769 81892       1000      812 0.054360
  770 84017       1000      797 0.054357
  771 82976       1000      703 0.054353
  772 78795       1000      807 0.054349
  773 79670       1000      803 0.054343
  774 86335       1000      805 0.054340
  775 71889       1000      809 0.054339
  776 80165       1000      775 0.054339
  777 78320       1000      796 0.054337
  778 84177       1000      790 0.054335
  779 79025       1000      792 0.054326
  780 76562       1000      800 0.054326
  781 88719       1000      805 0.054324
  782 68429       1000      810 0.054322
  783 73734       1000      794 0.054319
  784 66179       1000      811 0.054317
  785 79305       1000      808 0.054304
  786 82867       1000      715 0.054301
  787 78226       1000      784 0.054295
  788 74229       1000      806 0.054293
  789 79860       1000      797 0.054290
  790 70117       1000      793 0.054286
  791 84284       1000      803 0.054274
  792 83953       1000      832 0.054267
  793 82787       1000      820 0.054261
  794 71746       1000      787 0.054255
  795 78909       1000      804 0.054251
  796 67373       1000      814 0.054249
  797 84692       1000      796 0.054242
  798 71403       1000      798 0.054242
  799 82661       1000      815 0.054241
  800 69617       1000      734 0.054239
  801 80315       1000      786 0.054233
  802 70044       1000      803 0.054228
  803 79096       1000      717 0.054226
  804 84393       1000      792 0.054215
  805 88711       1000      812 0.054214
  806 87351       1000      815 0.054211
  807 72527       1000      787 0.054203
  808 78151       1000      776 0.054201
  809 68018       1000      782 0.054199
  810 79393       1000      727 0.054196
  811 70610       1000      795 0.054195
  812 69941       1000      788 0.054190
  813 86105       1000      807 0.054181
  814 72285       1000      795 0.054176
  815 74763       1000      789 0.054172
  816 88614       1000      802 0.054170
  817 88791       1000      705 0.054163
  818 68980       1000      804 0.054162
  819 77592       1000      701 0.054161
  820 79099       1000      787 0.054155
  821 79447       1000      798 0.054149
  822 75906       1000      775 0.054148
  823 72247       1000      735 0.054146
  824 72769       1000      811 0.054137
  825 71975       1000      781 0.054131
  826 83919       1000      814 0.054128
  827 79250       1000      783 0.054127
  828 84280       1000      790 0.054110
  829 78942       1000      800 0.054110
  830 74121       1000      782 0.054106
  831 85725       1000      797 0.054104
  832 71200       1000      834 0.054104
  833 88470       1000      801 0.054094
  834 72336       1000      813 0.054092
  835 72313       1000      816 0.054086
  836 76397       1000      814 0.054081
  837 82708       1000      738 0.054080
  838 81862       1000      782 0.054070
  839 81417       1000      708 0.054069
  840 86183       1000      802 0.054066
  841 71528       1000      813 0.054062
  842 67562       1000      798 0.054060
  843 73908       1000      796 0.054060
  844 71882       1000      790 0.054058
  845 83838       1000      814 0.054058
  846 80954       1000      791 0.054055
  847 80872       1000      800 0.054039
  848 88925       1000      795 0.054038
  849 69989       1000      785 0.054030
  850 75751       1000      784 0.054029
  851 70309       1000      819 0.054022
  852 67966       1000      810 0.054021
  853 72208       1000      802 0.054020
  854 88645       1000      815 0.054019
  855 84821       1000      791 0.054016
  856 72116       1000      808 0.054012
  857 82324       1000      771 0.054007
  858 73546       1000      807 0.054004
  859 87145       1000      809 0.053999
  860 84096       1000      795 0.053998
  861 70527       1000      820 0.053994
  862 77678       1000      804 0.053990
  863 70240       1000      811 0.053985
  864 79286       1000      802 0.053984
  865 80520       1000      774 0.053977
  866 85748       1000      805 0.053972
  867 75245       1000      821 0.053964
  868 72245       1000      795 0.053963
  869 85566       1000      812 0.053963
  870 71804       1000      789 0.053954
  871 72301       1000      813 0.053947
  872 89026       1000      806 0.053945
  873 78806       1000      773 0.053945
  874 83485       1000      819 0.053935
  875 77424       1000      795 0.053931
  876 87362       1000      694 0.053929
  877 78646       1000      799 0.053929
  878 81103       1000      797 0.053928
  879 72743       1000      810 0.053927
  880 82068       1000      800 0.053921
  881 86299       1000      808 0.053919
  882 79375       1000      820 0.053909
  883 83299       1000      794 0.053893
  884 72338       1000      797 0.053887
  885 83084       1000      803 0.053885
  886 82132       1000      804 0.053882
  887 84963       1000      746 0.053876
  888 87025       1000      697 0.053876
  889 85722       1000      801 0.053876
  890 79961       1000      799 0.053874
  891 81484       1000      712 0.053871
  892 88631       1000      785 0.053871
  893 85397       1000      737 0.053869
  894 76715       1000      800 0.053865
  895 84209       1000      793 0.053864
  896 86321       1000      807 0.053862
  897 77228       1000      794 0.053861
  898 87787       1000      808 0.053853
  899 78686       1000      791 0.053847
  900 77308       1000      711 0.053846
  901 73604       1000      799 0.053841
  902 87975       1000      805 0.053840
  903 87030       1000      812 0.053837
  904 81528       1000      717 0.053828
  905 67902       1000      772 0.053823
  906 85843       1000      800 0.053818
  907 77341       1000      806 0.053810
  908 74831       1000      808 0.053805
  909 72675       1000      783 0.053804
  910 74501       1000      799 0.053804
  911 67881       1000      791 0.053794
  912 77040       1000      793 0.053790
  913 78302       1000      795 0.053789
  914 72221       1000      735 0.053784
  915 85797       1000      813 0.053783
  916 83066       1000      798 0.053780
  917 74817       1000      809 0.053780
  918 70993       1000      797 0.053770
  919 80576       1000      819 0.053766
  920 86925       1000      809 0.053759
  921 77271       1000      787 0.053751
  922 68562       1000      778 0.053750
  923 68742       1000      812 0.053744
  924 75512       1000      797 0.053744
  925 79699       1000      801 0.053743
  926 79492       1000      713 0.053740
  927 81080       1000      797 0.053740
  928 78774       1000      789 0.053731
  929 73115       1000      781 0.053722
  930 77727       1000      807 0.053713
  931 81731       1000      802 0.053709
  932 87034       1000      816 0.053706
  933 72626       1000      795 0.053703
  934 71508       1000      815 0.053700
  935 76019       1000      819 0.053698
  936 82174       1000      718 0.053698
  937 85519       1000      717 0.053696
  938 72411       1000      806 0.053693
  939 86942       1000      820 0.053676
  940 86905       1000      798 0.053673
  941 76021       1000      815 0.053662
  942 73393       1000      800 0.053657
  943 75884       1000      817 0.053654
  944 84423       1000      814 0.053652
  945 80884       1000      793 0.053637
  946 79842       1000      811 0.053635
  947 84322       1000      799 0.053618
  948 74559       1000      786 0.053616
  949 73221       1000      784 0.053612
  950 81126       1000      795 0.053607
  951 74807       1000      800 0.053598
  952 65865       1000      797 0.053595
  953 67706       1000      808 0.053590
  954 71573       1000      807 0.053589
  955 73073       1000      798 0.053579
  956 78799       1000      791 0.053577
  957 75554       1000      780 0.053576
  958 77023       1000      782 0.053575
  959 74533       1000      811 0.053570
  960 71843       1000      775 0.053570
  961 72878       1000      775 0.053568
  962 72422       1000      793 0.053568
  963 86350       1000      707 0.053566
  964 75497       1000      799 0.053564
  965 67247       1000      718 0.053563
  966 66032       1000      780 0.053563
  967 85528       1000      801 0.053560
  968 82905       1000      785 0.053557
  969 66482       1000      802 0.053556
  970 77006       1000      794 0.053554
  971 83738       1000      789 0.053553
  972 72858       1000      809 0.053552
  973 86679       1000      708 0.053552
  974 84634       1000      734 0.053551
  975 74607       1000      813 0.053541
  976 72126       1000      717 0.053533
  977 73402       1000      724 0.053528
  978 67424       1000      793 0.053526
  979 82611       1000      808 0.053524
  980 79720       1000      775 0.053524
  981 68173       1000      707 0.053523
  982 68105       1000      807 0.053518
  983 81835       1000      807 0.053510
  984 75262       1000      811 0.053509
  985 80198       1000      799 0.053507
  986 72120       1000      714 0.053505
  987 78702       1000      791 0.053499
  988 84920       1000      815 0.053498
  989 76242       1000      795 0.053496
  990 66530       1000      815 0.053493
  991 76047       1000      792 0.053486
  992 67626       1000      785 0.053480
  993 73246       1000      803 0.053478
  994 76061       1000      785 0.053473
  995 81570       1000      808 0.053466
  996 67742       1000      828 0.053466
  997 73534       1000      730 0.053456
  998 85802       1000      786 0.053445
  999 69389       1000      798 0.053441
 1000 85637       1000      781 0.053436
 1001 88422       1000      815 0.053433
 1002 67278       1000      731 0.053432
 1003 76399       1000      809 0.053426
 1004 81869       1000      802 0.053423
 1005 83646       1000      797 0.053418
 1006 75803       1000      792 0.053415
 1007 67823       1000      803 0.053413
 1008 88045       1000      801 0.053401
 1009 79108       1000      812 0.053400
 1010 85156       1000      739 0.053397
 1011 82419       1000      803 0.053387
 1012 78495       1000      791 0.053383
 1013 67558       1000      818 0.053376
 1014 67300       1000      708 0.053374
 1015 82822       1000      800 0.053373
 1016 84343       1000      786 0.053367
 1017 69394       1000      796 0.053362
 1018 76963       1000      809 0.053356
 1019 78998       1000      782 0.053347
 1020 88394       1000      785 0.053344
 1021 76528       1000      789 0.053344
 1022 80179       1000      798 0.053339
 1023 83529       1000      779 0.053339
 1024 87791       1000      803 0.053328
 1025 84627       1000      740 0.053327
 1026 86520       1000      810 0.053326
 1027 67318       1000      793 0.053325
 1028 82883       1000      795 0.053322
 1029 70764       1000      787 0.053318
 1030 82809       1000      788 0.053317
 1031 79777       1000      810 0.053312
 1032 80159       1000      810 0.053295
 1033 69421       1000      799 0.053284
 1034 73320       1000      814 0.053281
 1035 67494       1000      795 0.053278
 1036 87861       1000      780 0.053275
 1037 74226       1000      805 0.053271
 1038 89065       1000      792 0.053270
 1039 75499       1000      786 0.053268
 1040 71281       1000      800 0.053261
 1041 78545       1000      793 0.053260
 1042 75128       1000      810 0.053258
 1043 65875       1000      799 0.053250
 1044 87507       1000      805 0.053247
 1045 79225       1000      715 0.053241
 1046 68716       1000      788 0.053239
 1047 71737       1000      809 0.053233
 1048 81860       1000      788 0.053231
 1049 72928       1000      781 0.053225
 1050 83635       1000      812 0.053222
 1051 66828       1000      784 0.053217
 1052 88073       1000      811 0.053211
 1053 75056       1000      799 0.053202
 1054 75899       1000      808 0.053195
 1055 84497       1000      794 0.053192
 1056 75419       1000      732 0.053189
 1057 78118       1000      801 0.053180
 1058 70976       1000      718 0.053176
 1059 82920       1000      801 0.053164
 1060 87899       1000      808 0.053160
 1061 79277       1000      797 0.053152
 1062 80771       1000      709 0.053148
 1063 80822       1000      802 0.053147
 1064 81617       1000      806 0.053146
 1065 87675       1000      808 0.053142
 1066 78159       1000      777 0.053141
 1067 73830       1000      789 0.053134
 1068 84168       1000      788 0.053134
 1069 68539       1000      791 0.053131
 1070 76094       1000      788 0.053121
 1071 68188       1000      804 0.053117
 1072 75253       1000      801 0.053111
 1073 70242       1000      794 0.053096
 1074 85775       1000      775 0.053093
 1075 84611       1000      790 0.053090
 1076 72898       1000      803 0.053088
 1077 84091       1000      783 0.053087
 1078 81200       1000      817 0.053086
 1079 76245       1000      730 0.053081
 1080 67059       1000      793 0.053079
 1081 73458       1000      789 0.053078
 1082 71160       1000      805 0.053077
 1083 67168       1000      801 0.053070
 1084 79967       1000      800 0.053068
 1085 84257       1000      807 0.053064
 1086 77018       1000      798 0.053064
 1087 87240       1000      810 0.053054
 1088 76423       1000      712 0.053041
 1089 77644       1000      806 0.053039
 1090 79360       1000      700 0.053031
 1091 77470       1000      785 0.053031
 1092 88895       1000      806 0.053029
 1093 82642       1000      803 0.053028
 1094 87390       1000      814 0.053017
 1095 71790       1000      819 0.053016
 1096 81362       1000      789 0.053007
 1097 77624       1000      816 0.052998
 1098 83051       1000      806 0.052997
 1099 67722       1000      797 0.052981
 1100 72324       1000      804 0.052981
 1101 80458       1000      817 0.052981
 1102 78175       1000      794 0.052977
 1103 69888       1000      811 0.052974
 1104 71670       1000      783 0.052973
 1105 76884       1000      795 0.052971
 1106 80546       1000      809 0.052966
 1107 79576       1000      801 0.052953
 1108 66638       1000      825 0.052949
 1109 89130       1000      788 0.052946
 1110 83160       1000      785 0.052945
 1111 70440       1000      743 0.052938
 1112 68972       1000      793 0.052932
 1113 70386       1000      802 0.052931
 1114 67383       1000      790 0.052927
 1115 82884       1000      776 0.052916
 1116 88654       1000      802 0.052915
 1117 83665       1000      798 0.052915
 1118 85475       1000      820 0.052914
 1119 67604       1000      790 0.052907
 1120 68633       1000      798 0.052896
 1121 67355       1000      793 0.052889
 1122 72951       1000      788 0.052886
 1123 66953       1000      794 0.052884
 1124 65885       1000      825 0.052879
 1125 71606       1000      761 0.052878
 1126 82171       1000      795 0.052878
 1127 88390       1000      791 0.052878
 1128 73689       1000      788 0.052868
 1129 65927       1000      812 0.052865
 1130 79815       1000      794 0.052864
 1131 80318       1000      820 0.052846
 1132 80674       1000      785 0.052845
 1133 77131       1000      807 0.052844
 1134 85261       1000      812 0.052840
 1135 82148       1000      811 0.052837
 1136 84328       1000      825 0.052835
 1137 71620       1000      789 0.052828
 1138 71732       1000      790 0.052821
 1139 81267       1000      794 0.052819
 1140 84360       1000      729 0.052814
 1141 88996       1000      780 0.052803
 1142 82470       1000      793 0.052803
 1143 84844       1000      826 0.052803
 1144 71146       1000      816 0.052799
 1145 81704       1000      726 0.052792
 1146 73367       1000      779 0.052790
 1147 75475       1000      794 0.052789
 1148 74033       1000      783 0.052788
 1149 66626       1000      817 0.052784
 1150 66515       1000      778 0.052784
 1151 79289       1000      783 0.052771
 1152 79259       1000      788 0.052771
 1153 86121       1000      798 0.052771
 1154 87047       1000      771 0.052768
 1155 85893       1000      810 0.052768
 1156 77483       1000      741 0.052766
 1157 80903       1000      804 0.052766
 1158 86647       1000      782 0.052763
 1159 83643       1000      816 0.052758
 1160 77594       1000      789 0.052745
 1161 72674       1000      778 0.052739
 1162 72036       1000      804 0.052737
 1163 86352       1000      798 0.052732
 1164 77886       1000      829 0.052732
 1165 68053       1000      791 0.052725
 1166 71199       1000      823 0.052724
 1167 85767       1000      792 0.052723
 1168 82355       1000      820 0.052719
 1169 84945       1000      801 0.052718
 1170 75565       1000      786 0.052710
 1171 82610       1000      808 0.052704
 1172 66653       1000      798 0.052700
 1173 77889       1000      784 0.052696
 1174 87395       1000      814 0.052695
 1175 71647       1000      778 0.052694
 1176 68131       1000      800 0.052692
 1177 80688       1000      804 0.052689
 1178 75460       1000      795 0.052685
 1179 84732       1000      791 0.052681
 1180 87853       1000      798 0.052679
 1181 84754       1000      786 0.052677
 1182 74707       1000      806 0.052676
 1183 87364       1000      785 0.052676
 1184 86418       1000      816 0.052675
 1185 82203       1000      700 0.052674
 1186 67991       1000      819 0.052672
 1187 70156       1000      781 0.052670
 1188 77935       1000      788 0.052667
 1189 69317       1000      800 0.052666
 1190 81102       1000      810 0.052665
 1191 68717       1000      816 0.052660
 1192 77373       1000      793 0.052651
 1193 88620       1000      815 0.052649
 1194 71101       1000      814 0.052644
 1195 85483       1000      806 0.052642
 1196 72114       1000      780 0.052641
 1197 86081       1000      793 0.052640
 1198 70067       1000      804 0.052638
 1199 77932       1000      799 0.052636
 1200 84680       1000      800 0.052631
 1201 78297       1000      724 0.052619
 1202 77499       1000      697 0.052618
 1203 72979       1000      804 0.052618
 1204 78639       1000      780 0.052608
 1205 81276       1000      722 0.052607
 1206 79688       1000      793 0.052606
 1207 82497       1000      782 0.052605
 1208 69986       1000      800 0.052597
 1209 68071       1000      807 0.052595
 1210 73578       1000      820 0.052584
 1211 73059       1000      812 0.052580
 1212 86196       1000      814 0.052569
 1213 66976       1000      816 0.052569
 1214 88720       1000      721 0.052568
 1215 88690       1000      813 0.052562
 1216 75158       1000      783 0.052559
 1217 74947       1000      805 0.052553
 1218 84824       1000      799 0.052552
 1219 74329       1000      813 0.052551
 1220 86804       1000      785 0.052551
 1221 80280       1000      803 0.052544
 1222 85676       1000      794 0.052543
 1223 83126       1000      798 0.052540
 1224 77005       1000      794 0.052539
 1225 67460       1000      823 0.052539
 1226 87394       1000      809 0.052535
 1227 78975       1000      790 0.052533
 1228 85411       1000      745 0.052532
 1229 84983       1000      790 0.052524
 1230 72243       1000      800 0.052519
 1231 79679       1000      797 0.052518
 1232 73568       1000      790 0.052515
 1233 82706       1000      808 0.052515
 1234 65856       1000      720 0.052514
 1235 73850       1000      798 0.052506
 1236 79026       1000      810 0.052497
 1237 77268       1000      797 0.052496
 1238 65954       1000      801 0.052494
 1239 66488       1000      783 0.052490
 1240 88658       1000      792 0.052489
 1241 78644       1000      801 0.052487
 1242 82894       1000      796 0.052483
 1243 70371       1000      818 0.052478
 1244 73771       1000      795 0.052478
 1245 67751       1000      801 0.052471
 1246 68157       1000      718 0.052465
 1247 72995       1000      817 0.052461
 1248 76989       1000      796 0.052458
 1249 67205       1000      789 0.052456
 1250 76751       1000      802 0.052453
 1251 76718       1000      796 0.052451
 1252 74356       1000      812 0.052449
 1253 76389       1000      793 0.052446
 1254 80082       1000      790 0.052440
 1255 68844       1000      766 0.052435
 1256 74502       1000      800 0.052435
 1257 83558       1000      794 0.052434
 1258 78363       1000      808 0.052433
 1259 87706       1000      812 0.052410
 1260 67821       1000      799 0.052408
 1261 65989       1000      809 0.052404
 1262 69422       1000      797 0.052393
 1263 77532       1000      793 0.052388
 1264 85733       1000      796 0.052382
 1265 72772       1000      801 0.052381
 1266 84103       1000      799 0.052378
 1267 71312       1000      815 0.052376
 1268 82006       1000      803 0.052369
 1269 77524       1000      813 0.052369
 1270 82860       1000      797 0.052364
 1271 67501       1000      808 0.052363
 1272 82045       1000      811 0.052360
 1273 74249       1000      816 0.052348
 1274 68148       1000      807 0.052347
 1275 79526       1000      807 0.052344
 1276 88322       1000      798 0.052343
 1277 66026       1000      783 0.052342
 1278 84271       1000      788 0.052342
 1279 72620       1000      790 0.052341
 1280 85492       1000      804 0.052340
 1281 86040       1000      806 0.052339
 1282 79503       1000      807 0.052336
 1283 80738       1000      792 0.052336
 1284 83240       1000      816 0.052334
 1285 68476       1000      803 0.052332
 1286 66561       1000      790 0.052331
 1287 68746       1000      826 0.052322
 1288 87502       1000      803 0.052321
 1289 73978       1000      799 0.052309
 1290 66476       1000      790 0.052288
 1291 70714       1000      814 0.052285
 1292 74745       1000      791 0.052281
 1293 87657       1000      773 0.052280
 1294 79732       1000      800 0.052280
 1295 69685       1000      799 0.052279
 1296 69905       1000      789 0.052276
 1297 79085       1000      791 0.052273
 1298 73594       1000      807 0.052271
 1299 77147       1000      799 0.052271
 1300 66734       1000      789 0.052270
 1301 79001       1000      799 0.052265
 1302 76141       1000      816 0.052264
 1303 87303       1000      800 0.052261
 1304 87970       1000      810 0.052256
 1305 84998       1000      799 0.052254
 1306 81776       1000      803 0.052246
 1307 80238       1000      806 0.052242
 1308 76454       1000      797 0.052242
 1309 68230       1000      820 0.052240
 1310 78543       1000      785 0.052233
 1311 70724       1000      809 0.052230
 1312 83567       1000      723 0.052229
 1313 84411       1000      805 0.052226
 1314 74627       1000      797 0.052223
 1315 66962       1000      801 0.052221
 1316 75459       1000      802 0.052210
 1317 80573       1000      794 0.052210
 1318 86495       1000      798 0.052209
 1319 70091       1000      820 0.052207
 1320 72850       1000      797 0.052205
 1321 70738       1000      816 0.052200
 1322 71883       1000      786 0.052199
 1323 82788       1000      803 0.052198
 1324 69598       1000      799 0.052192
 1325 74491       1000      805 0.052190
 1326 72297       1000      816 0.052188
 1327 81816       1000      722 0.052174
 1328 87293       1000      783 0.052173
 1329 78687       1000      816 0.052171
 1330 66369       1000      810 0.052165
 1331 67532       1000      740 0.052165
 1332 84450       1000      717 0.052160
 1333 66862       1000      778 0.052158
 1334 84380       1000      793 0.052158
 1335 77198       1000      813 0.052157
 1336 68296       1000      731 0.052154
 1337 85049       1000      811 0.052144
 1338 85133       1000      811 0.052141
 1339 86313       1000      791 0.052123
 1340 74102       1000      720 0.052123
 1341 66433       1000      808 0.052123
 1342 77533       1000      786 0.052121
 1343 70053       1000      707 0.052111
 1344 74547       1000      789 0.052108
 1345 66269       1000      817 0.052105
 1346 74742       1000      787 0.052100
 1347 81546       1000      776 0.052097
 1348 83021       1000      792 0.052092
 1349 69298       1000      783 0.052088
 1350 84962       1000      799 0.052087
 1351 69442       1000      811 0.052084
 1352 84766       1000      795 0.052083
 1353 71409       1000      801 0.052082
 1354 85021       1000      813 0.052076
 1355 81194       1000      728 0.052076
 1356 86731       1000      778 0.052075
 1357 72456       1000      799 0.052073
 1358 83092       1000      803 0.052071
 1359 66883       1000      812 0.052066
 1360 76010       1000      817 0.052047
 1361 75905       1000      774 0.052047
 1362 75638       1000      800 0.052039
 1363 76331       1000      787 0.052032
 1364 69972       1000      808 0.052020
 1365 70349       1000      807 0.052020
 1366 80245       1000      778 0.052019
 1367 87077       1000      781 0.052014
 1368 82309       1000      798 0.052013
 1369 67437       1000      810 0.052008
 1370 78234       1000      718 0.052006
 1371 79729       1000      796 0.052005
 1372 77523       1000      786 0.052000
 1373 87192       1000      781 0.051999
 1374 87516       1000      792 0.051989
 1375 69924       1000      733 0.051987
 1376 76689       1000      825 0.051975
 1377 71988       1000      800 0.051970
 1378 74413       1000      787 0.051965
 1379 72777       1000      723 0.051959
 1380 66357       1000      733 0.051959
 1381 80613       1000      785 0.051957
 1382 66023       1000      787 0.051957
 1383 86760       1000      787 0.051956
 1384 87406       1000      807 0.051954
 1385 87184       1000      779 0.051953
 1386 83012       1000      787 0.051952
 1387 76244       1000      798 0.051948
 1388 74887       1000      713 0.051942
 1389 84181       1000      803 0.051942
 1390 87576       1000      807 0.051941
 1391 67714       1000      736 0.051941
 1392 85306       1000      793 0.051941
 1393 67661       1000      786 0.051934
 1394 85937       1000      779 0.051934
 1395 78883       1000      788 0.051931
 1396 73743       1000      807 0.051923
 1397 81018       1000      822 0.051921
 1398 70134       1000      716 0.051919
 1399 86874       1000      795 0.051918
 1400 81759       1000      727 0.051913
 1401 79320       1000      809 0.051909
 1402 66652       1000      820 0.051908
 1403 83456       1000      766 0.051903
 1404 70311       1000      814 0.051897
 1405 82050       1000      784 0.051888
 1406 74596       1000      780 0.051879
 1407 83824       1000      792 0.051879
 1408 84223       1000      812 0.051872
 1409 69429       1000      814 0.051865
 1410 87482       1000      800 0.051862
 1411 70065       1000      743 0.051861
 1412 80797       1000      798 0.051857
 1413 84613       1000      779 0.051849
 1414 75422       1000      728 0.051842
 1415 80215       1000      804 0.051842
 1416 76205       1000      807 0.051841
 1417 78531       1000      804 0.051841
 1418 88092       1000      790 0.051840
 1419 66218       1000      799 0.051840
 1420 73966       1000      805 0.051838
 1421 73530       1000      788 0.051835
 1422 75833       1000      794 0.051831
 1423 84166       1000      793 0.051818
 1424 74935       1000      785 0.051818
 1425 82956       1000      807 0.051817
 1426 85580       1000      725 0.051815
 1427 67126       1000      807 0.051808
 1428 71300       1000      797 0.051804
 1429 84608       1000      742 0.051804
 1430 69967       1000      828 0.051804
 1431 67209       1000      791 0.051779
 1432 75832       1000      789 0.051779
 1433 75920       1000      787 0.051777
 1434 79535       1000      795 0.051776
 1435 71533       1000      779 0.051774
 1436 76753       1000      727 0.051772
 1437 80384       1000      793 0.051771
 1438 81192       1000      786 0.051771
 1439 74538       1000      709 0.051769
 1440 76084       1000      803 0.051768
 1441 71652       1000      807 0.051761
 1442 72477       1000      736 0.051761
 1443 85975       1000      816 0.051761
 1444 78278       1000      794 0.051760
 1445 82101       1000      810 0.051757
 1446 79790       1000      711 0.051741
 1447 78500       1000      801 0.051740
 1448 67802       1000      809 0.051737
 1449 67231       1000      792 0.051730
 1450 82406       1000      721 0.051722
 1451 82546       1000      823 0.051720
 1452 77084       1000      793 0.051718
 1453 82474       1000      784 0.051716
 1454 75396       1000      809 0.051713
 1455 86306       1000      811 0.051711
 1456 79810       1000      781 0.051701
 1457 74844       1000      810 0.051694
 1458 83022       1000      723 0.051691
 1459 66457       1000      811 0.051684
 1460 82566       1000      804 0.051681
 1461 79354       1000      793 0.051677
 1462 78235       1000      817 0.051675
 1463 70220       1000      814 0.051675
 1464 86763       1000      808 0.051674
 1465 70686       1000      791 0.051671
 1466 69122       1000      790 0.051666
 1467 70588       1000      809 0.051664
 1468 77871       1000      792 0.051664
 1469 73755       1000      726 0.051662
 1470 86931       1000      797 0.051659
 1471 66059       1000      816 0.051655
 1472 70936       1000      787 0.051655
 1473 85785       1000      807 0.051649
 1474 69676       1000      806 0.051646
 1475 85447       1000      820 0.051646
 1476 69631       1000      775 0.051642
 1477 75414       1000      790 0.051641
 1478 76372       1000      806 0.051638
 1479 75878       1000      823 0.051625
 1480 68994       1000      699 0.051623
 1481 67857       1000      800 0.051622
 1482 83327       1000      790 0.051620
 1483 69679       1000      786 0.051619
 1484 73226       1000      798 0.051609
 1485 78330       1000      823 0.051606
 1486 87075       1000      722 0.051606
 1487 76837       1000      796 0.051606
 1488 83487       1000      804 0.051603
 1489 80377       1000      807 0.051600
 1490 81004       1000      812 0.051600
 1491 66047       1000      817 0.051598
 1492 76897       1000      739 0.051597
 1493 87939       1000      799 0.051591
 1494 88669       1000      795 0.051589
 1495 66200       1000      713 0.051589
 1496 69987       1000      714 0.051587
 1497 67665       1000      803 0.051586
 1498 81236       1000      822 0.051581
 1499 76868       1000      807 0.051580
 1500 87548       1000      808 0.051580
 1501 80643       1000      816 0.051580
 1502 82550       1000      731 0.051574
 1503 81132       1000      807 0.051574
 1504 88779       1000      779 0.051572
 1505 87717       1000      786 0.051571
 1506 87602       1000      790 0.051565
 1507 80424       1000      813 0.051565
 1508 77514       1000      783 0.051562
 1509 84191       1000      777 0.051555
 1510 79423       1000      711 0.051554
 1511 71439       1000      797 0.051546
 1512 74025       1000      790 0.051543
 1513 71190       1000      798 0.051541
 1514 86323       1000      805 0.051540
 1515 77332       1000      810 0.051539
 1516 81206       1000      795 0.051536
 1517 74561       1000      803 0.051530
 1518 66799       1000      807 0.051523
 1519 83673       1000      788 0.051522
 1520 86271       1000      780 0.051521
 1521 73655       1000      794 0.051520
 1522 72975       1000      796 0.051519
 1523 85042       1000      825 0.051511
 1524 70261       1000      799 0.051510
 1525 76557       1000      784 0.051502
 1526 69732       1000      722 0.051496
 1527 87890       1000      819 0.051492
 1528 76923       1000      806 0.051490
 1529 80595       1000      802 0.051487
 1530 72614       1000      805 0.051483
 1531 87324       1000      720 0.051481
 1532 76888       1000      820 0.051481
 1533 68016       1000      791 0.051473
 1534 83379       1000      789 0.051470
 1535 66701       1000      795 0.051470
 1536 77082       1000      738 0.051470
 1537 86015       1000      775 0.051467
 1538 84348       1000      799 0.051464
 1539 79775       1000      831 0.051463
 1540 66127       1000      803 0.051453
 1541 82541       1000      794 0.051451
 1542 81879       1000      795 0.051448
 1543 68099       1000      810 0.051433
 1544 65839       1000      788 0.051425
 1545 87073       1000      792 0.051422
 1546 66660       1000      807 0.051420
 1547 73428       1000      807 0.051420
 1548 66772       1000      729 0.051418
 1549 81438       1000      802 0.051417
 1550 88776       1000      801 0.051414
 1551 87865       1000      805 0.051414
 1552 74022       1000      801 0.051413
 1553 65846       1000      780 0.051413
 1554 81467       1000      795 0.051412
 1555 87316       1000      791 0.051410
 1556 78005       1000      809 0.051403
 1557 82180       1000      807 0.051401
 1558 89049       1000      803 0.051399
 1559 76370       1000      716 0.051397
 1560 79602       1000      715 0.051396
 1561 86066       1000      790 0.051395
 1562 72049       1000      788 0.051394
 1563 83652       1000      790 0.051394
 1564 84197       1000      797 0.051390
 1565 77434       1000      700 0.051387
 1566 88813       1000      790 0.051380
 1567 82037       1000      794 0.051377
 1568 85768       1000      783 0.051371
 1569 76002       1000      795 0.051370
 1570 69139       1000      774 0.051365
 1571 79505       1000      798 0.051359
 1572 88186       1000      823 0.051354
 1573 84208       1000      798 0.051354
 1574 69072       1000      799 0.051352
 1575 70555       1000      788 0.051352
 1576 81345       1000      726 0.051349
 1577 80059       1000      820 0.051348
 1578 82820       1000      793 0.051345
 1579 75168       1000      794 0.051344
 1580 80127       1000      804 0.051335
 1581 80513       1000      710 0.051333
 1582 77288       1000      776 0.051332
 1583 71451       1000      803 0.051330
 1584 80068       1000      792 0.051328
 1585 70367       1000      826 0.051328
 1586 87200       1000      817 0.051316
 1587 71516       1000      783 0.051316
 1588 75131       1000      798 0.051315
 1589 86699       1000      797 0.051314
 1590 77451       1000      803 0.051309
 1591 84524       1000      776 0.051308
 1592 78752       1000      804 0.051306
 1593 85057       1000      820 0.051300
 1594 87513       1000      779 0.051298
 1595 73952       1000      775 0.051296
 1596 79198       1000      800 0.051294
 1597 68606       1000      796 0.051292
 1598 85849       1000      785 0.051290
 1599 79185       1000      791 0.051285
 1600 74386       1000      795 0.051284
 1601 84047       1000      780 0.051280
 1602 69411       1000      797 0.051277
 1603 77214       1000      789 0.051275
 1604 75617       1000      793 0.051274
 1605 73802       1000      731 0.051272
 1606 78491       1000      769 0.051264
 1607 66008       1000      793 0.051261
 1608 81845       1000      780 0.051260
 1609 88570       1000      778 0.051255
 1610 69137       1000      776 0.051254
 1611 70164       1000      795 0.051250
 1612 66644       1000      818 0.051249
 1613 82349       1000      813 0.051240
 1614 88815       1000      728 0.051238
 1615 68936       1000      810 0.051234
 1616 69199       1000      810 0.051231
 1617 67927       1000      734 0.051227
 1618 84996       1000      792 0.051224
 1619 69131       1000      811 0.051224
 1620 80344       1000      787 0.051223
 1621 80953       1000      796 0.051218
 1622 79992       1000      808 0.051216
 1623 74266       1000      761 0.051215
 1624 71580       1000      814 0.051214
 1625 87781       1000      707 0.051211
 1626 81905       1000      764 0.051201
 1627 78138       1000      798 0.051201
 1628 80370       1000      793 0.051199
 1629 69980       1000      789 0.051198
 1630 74893       1000      793 0.051197
 1631 84212       1000      793 0.051197
 1632 84588       1000      777 0.051195
 1633 86194       1000      786 0.051183
 1634 71720       1000      768 0.051180
 1635 71817       1000      792 0.051180
 1636 72818       1000      814 0.051176
 1637 70972       1000      806 0.051172
 1638 84338       1000      798 0.051166
 1639 77681       1000      797 0.051164
 1640 87714       1000      793 0.051159
 1641 78963       1000      817 0.051154
 1642 83039       1000      795 0.051153
 1643 86705       1000      799 0.051150
 1644 81661       1000      792 0.051149
 1645 87607       1000      801 0.051146
 1646 87332       1000      806 0.051145
 1647 73272       1000      806 0.051145
 1648 65915       1000      795 0.051144
 1649 87270       1000      820 0.051142
 1650 77191       1000      714 0.051141
 1651 67448       1000      790 0.051140
 1652 86462       1000      802 0.051139
 1653 74423       1000      807 0.051138
 1654 69287       1000      791 0.051128
 1655 66667       1000      795 0.051128
 1656 71774       1000      710 0.051127
 1657 71904       1000      796 0.051127
 1658 80687       1000      809 0.051116
 1659 86144       1000      821 0.051113
 1660 75739       1000      795 0.051107
 1661 67684       1000      821 0.051103
 1662 73280       1000      788 0.051099
 1663 76826       1000      788 0.051098
 1664 71941       1000      819 0.051096
 1665 83680       1000      809 0.051089
 1666 74043       1000      806 0.051078
 1667 76525       1000      822 0.051071
 1668 80003       1000      710 0.051066
 1669 86860       1000      793 0.051066
 1670 83344       1000      805 0.051060
 1671 69085       1000      798 0.051060
 1672 69102       1000      806 0.051055
 1673 83550       1000      803 0.051053
 1674 77842       1000      770 0.051052
 1675 77515       1000      713 0.051051
 1676 73332       1000      788 0.051045
 1677 77599       1000      795 0.051045
 1678 67315       1000      786 0.051036
 1679 76136       1000      823 0.051033
 1680 86604       1000      825 0.051029
 1681 81531       1000      788 0.051028
 1682 77413       1000      816 0.051027
 1683 78064       1000      794 0.051022
 1684 84621       1000      783 0.051021
 1685 79805       1000      809 0.051018
 1686 83941       1000      799 0.051014
 1687 74287       1000      775 0.051013
 1688 83560       1000      796 0.051004
 1689 70643       1000      811 0.051004
 1690 88140       1000      812 0.050999
 1691 69419       1000      825 0.050998
 1692 76277       1000      807 0.050992
 1693 82701       1000      787 0.050992
 1694 67341       1000      804 0.050992
 1695 80791       1000      798 0.050992
 1696 82814       1000      784 0.050991
 1697 83986       1000      814 0.050987
 1698 83710       1000      727 0.050984
 1699 72064       1000      804 0.050984
 1700 72100       1000      776 0.050983
 1701 85916       1000      816 0.050983
 1702 80269       1000      815 0.050981
 1703 70708       1000      797 0.050981
 1704 73341       1000      805 0.050979
 1705 74921       1000      811 0.050979
 1706 76203       1000      791 0.050979
 1707 79207       1000      807 0.050978
 1708 82582       1000      794 0.050977
 1709 84082       1000      786 0.050976
 1710 79299       1000      794 0.050975
 1711 80594       1000      798 0.050974
 1712 77739       1000      804 0.050973
 1713 76801       1000      815 0.050964
 1714 76132       1000      788 0.050953
 1715 84204       1000      818 0.050943
 1716 78790       1000      808 0.050933
 1717 81898       1000      818 0.050932
 1718 76760       1000      793 0.050931
 1719 73757       1000      827 0.050924
 1720 78477       1000      797 0.050922
 1721 77029       1000      693 0.050919
 1722 87774       1000      792 0.050919
 1723 87206       1000      798 0.050916
 1724 67211       1000      803 0.050915
 1725 73934       1000      799 0.050912
 1726 79191       1000      797 0.050910
 1727 73382       1000      819 0.050901
 1728 87461       1000      810 0.050898
 1729 86004       1000      811 0.050892
 1730 70441       1000      804 0.050891
 1731 76698       1000      811 0.050888
 1732 67007       1000      825 0.050887
 1733 88851       1000      791 0.050885
 1734 81960       1000      815 0.050881
 1735 66428       1000      789 0.050879
 1736 80367       1000      802 0.050878
 1737 77202       1000      806 0.050877
 1738 69912       1000      812 0.050877
 1739 75043       1000      776 0.050876
 1740 82588       1000      800 0.050872
 1741 73893       1000      805 0.050870
 1742 86197       1000      713 0.050869
 1743 74814       1000      805 0.050867
 1744 74939       1000      801 0.050856
 1745 85252       1000      779 0.050849
 1746 72251       1000      801 0.050842
 1747 78078       1000      691 0.050842
 1748 73464       1000      814 0.050836
 1749 72739       1000      779 0.050832
 1750 69586       1000      796 0.050828
 1751 78899       1000      794 0.050828
 1752 80338       1000      787 0.050826
 1753 81961       1000      782 0.050823
 1754 78940       1000      743 0.050812
 1755 86696       1000      815 0.050807
 1756 72511       1000      797 0.050806
 1757 80069       1000      799 0.050805
 1758 76653       1000      775 0.050804
 1759 79160       1000      796 0.050801
 1760 77573       1000      820 0.050800
 1761 83267       1000      814 0.050794
 1762 66484       1000      800 0.050790
 1763 79877       1000      821 0.050786
 1764 74002       1000      818 0.050786
 1765 72026       1000      807 0.050784
 1766 84698       1000      797 0.050783
 1767 83368       1000      817 0.050783
 1768 68283       1000      813 0.050777
 1769 83353       1000      796 0.050777
 1770 78935       1000      799 0.050769
 1771 72589       1000      787 0.050767
 1772 83839       1000      711 0.050763
 1773 68423       1000      819 0.050760
 1774 80538       1000      818 0.050754
 1775 73895       1000      797 0.050749
 1776 73317       1000      790 0.050747
 1777 66941       1000      800 0.050744
 1778 82458       1000      794 0.050742
 1779 74774       1000      807 0.050737
 1780 70224       1000      731 0.050737
 1781 82581       1000      808 0.050731
 1782 74253       1000      791 0.050726
 1783 67990       1000      831 0.050725
 1784 79419       1000      733 0.050724
 1785 77779       1000      794 0.050723
 1786 71712       1000      793 0.050722
 1787 81416       1000      713 0.050716
 1788 73765       1000      794 0.050715
 1789 76185       1000      790 0.050714
 1790 81452       1000      799 0.050711
 1791 66681       1000      718 0.050706
 1792 70893       1000      791 0.050705
 1793 76694       1000      815 0.050704
 1794 81818       1000      796 0.050696
 1795 79257       1000      788 0.050695
 1796 84750       1000      801 0.050690
 1797 75102       1000      697 0.050689
 1798 80882       1000      799 0.050688
 1799 81143       1000      809 0.050687
 1800 71739       1000      768 0.050684
 1801 76347       1000      777 0.050683
 1802 72495       1000      797 0.050681
 1803 65824       1000      811 0.050676
 1804 75665       1000      800 0.050672
 1805 69704       1000      814 0.050669
 1806 79409       1000      795 0.050659
 1807 76453       1000      808 0.050651
 1808 80368       1000      809 0.050650
 1809 82890       1000      777 0.050650
 1810 75021       1000      809 0.050650
 1811 73953       1000      801 0.050644
 1812 84980       1000      802 0.050640
 1813 74867       1000      732 0.050639
 1814 80391       1000      796 0.050638
 1815 74542       1000      784 0.050634
 1816 81421       1000      806 0.050633
 1817 84229       1000      821 0.050629
 1818 85487       1000      737 0.050627
 1819 87260       1000      805 0.050622
 1820 68533       1000      824 0.050620
 1821 83496       1000      819 0.050619
 1822 77668       1000      804 0.050618
 1823 71952       1000      791 0.050616
 1824 74784       1000      731 0.050616
 1825 70835       1000      741 0.050609
 1826 68067       1000      804 0.050608
 1827 74347       1000      809 0.050600
 1828 82724       1000      799 0.050599
 1829 72925       1000      800 0.050596
 1830 88187       1000      794 0.050595
 1831 79760       1000      804 0.050594
 1832 72693       1000      799 0.050591
 1833 74214       1000      807 0.050590
 1834 70592       1000      808 0.050590
 1835 66121       1000      814 0.050589
 1836 69174       1000      808 0.050587
 1837 71043       1000      800 0.050584
 1838 80929       1000      800 0.050584
 1839 73984       1000      827 0.050580
 1840 81469       1000      806 0.050568
 1841 69306       1000      813 0.050561
 1842 78978       1000      778 0.050561
 1843 78743       1000      714 0.050555
 1844 89059       1000      724 0.050554
 1845 86386       1000      807 0.050553
 1846 83670       1000      805 0.050548
 1847 84833       1000      803 0.050547
 1848 77564       1000      787 0.050539
 1849 88738       1000      800 0.050538
 1850 74258       1000      792 0.050534
 1851 86365       1000      805 0.050531
 1852 77633       1000      818 0.050530
 1853 74670       1000      816 0.050530
 1854 72496       1000      798 0.050525
 1855 66207       1000      795 0.050525
 1856 81703       1000      796 0.050518
 1857 74783       1000      812 0.050511
 1858 75888       1000      803 0.050511
 1859 83569       1000      730 0.050510
 1860 72868       1000      796 0.050509
 1861 70562       1000      802 0.050505
 1862 69379       1000      800 0.050503
 1863 87393       1000      817 0.050503
 1864 75870       1000      798 0.050502
 1865 68696       1000      737 0.050499
 1866 69528       1000      783 0.050498
 1867 77137       1000      735 0.050498
 1868 70042       1000      804 0.050497
 1869 81340       1000      824 0.050495
 1870 88963       1000      800 0.050491
 1871 83357       1000      801 0.050491
 1872 80901       1000      819 0.050486
 1873 77138       1000      786 0.050485
 1874 73433       1000      787 0.050484
 1875 68294       1000      833 0.050482
 1876 71136       1000      806 0.050481
 1877 87478       1000      808 0.050480
 1878 80910       1000      795 0.050477
 1879 82459       1000      734 0.050477
 1880 86566       1000      809 0.050473
 1881 66451       1000      806 0.050473
 1882 71202       1000      808 0.050468
 1883 81019       1000      807 0.050466
 1884 73473       1000      802 0.050465
 1885 68069       1000      813 0.050460
 1886 75525       1000      803 0.050457
 1887 78581       1000      798 0.050457
 1888 68861       1000      781 0.050457
 1889 71577       1000      794 0.050451
 1890 78685       1000      800 0.050448
 1891 78521       1000      825 0.050444
 1892 83080       1000      789 0.050439
 1893 88397       1000      786 0.050431
 1894 76173       1000      801 0.050429
 1895 76264       1000      801 0.050428
 1896 77365       1000      796 0.050428
 1897 84442       1000      801 0.050427
 1898 75968       1000      811 0.050426
 1899 69353       1000      811 0.050425
 1900 69002       1000      802 0.050423
 1901 72705       1000      801 0.050420
 1902 73610       1000      798 0.050418
 1903 67329       1000      729 0.050416
 1904 88859       1000      809 0.050416
 1905 77991       1000      802 0.050414
 1906 74660       1000      794 0.050414
 1907 72759       1000      708 0.050412
 1908 73678       1000      813 0.050412
 1909 72433       1000      805 0.050411
 1910 84690       1000      793 0.050408
 1911 75316       1000      802 0.050407
 1912 85097       1000      787 0.050404
 1913 79142       1000      823 0.050396
 1914 80749       1000      804 0.050393
 1915 69484       1000      782 0.050388
 1916 82343       1000      823 0.050386
 1917 74424       1000      792 0.050384
 1918 89037       1000      821 0.050383
 1919 79199       1000      727 0.050379
 1920 66900       1000      808 0.050375
 1921 87326       1000      781 0.050375
 1922 76916       1000      812 0.050367
 1923 80757       1000      802 0.050365
 1924 87716       1000      782 0.050357
 1925 73571       1000      811 0.050356
 1926 84614       1000      814 0.050353
 1927 66876       1000      792 0.050352
 1928 86168       1000      783 0.050351
 1929 84452       1000      803 0.050351
 1930 67472       1000      799 0.050348
 1931 78824       1000      813 0.050347
 1932 74353       1000      815 0.050347
 1933 68022       1000      785 0.050344
 1934 71333       1000      790 0.050339
 1935 74842       1000      807 0.050337
 1936 71832       1000      802 0.050337
 1937 77402       1000      773 0.050336
 1938 84893       1000      792 0.050334
 1939 84679       1000      815 0.050332
 1940 70933       1000      812 0.050331
 1941 82992       1000      734 0.050328
 1942 72011       1000      795 0.050326
 1943 73100       1000      720 0.050326
 1944 72639       1000      721 0.050326
 1945 67763       1000      804 0.050324
 1946 69075       1000      809 0.050319
 1947 81792       1000      811 0.050316
 1948 74167       1000      784 0.050312
 1949 72765       1000      794 0.050311
 1950 77639       1000      811 0.050311
 1951 74259       1000      787 0.050311
 1952 87411       1000      807 0.050302
 1953 80256       1000      712 0.050302
 1954 67545       1000      779 0.050299
 1955 69568       1000      800 0.050299
 1956 83351       1000      728 0.050298
 1957 74041       1000      812 0.050296
 1958 69883       1000      698 0.050290
 1959 71244       1000      806 0.050290
 1960 87213       1000      807 0.050289
 1961 88623       1000      802 0.050287
 1962 79844       1000      727 0.050286
 1963 88834       1000      811 0.050285
 1964 83216       1000      791 0.050285
 1965 88946       1000      813 0.050284
 1966 86474       1000      809 0.050278
 1967 88862       1000      800 0.050276
 1968 69087       1000      788 0.050275
 1969 84481       1000      827 0.050275
 1970 81535       1000      800 0.050274
 1971 81978       1000      809 0.050268
 1972 75881       1000      715 0.050266
 1973 81320       1000      799 0.050259
 1974 71490       1000      799 0.050258
 1975 86667       1000      794 0.050254
 1976 87848       1000      793 0.050252
 1977 85654       1000      784 0.050252
 1978 79795       1000      805 0.050250
 1979 72230       1000      732 0.050232
 1980 74808       1000      796 0.050227
 1981 81489       1000      809 0.050227
 1982 67576       1000      792 0.050224
 1983 87866       1000      764 0.050224
 1984 86146       1000      797 0.050215
 1985 87097       1000      787 0.050210
 1986 84727       1000      804 0.050209
 1987 67153       1000      797 0.050205
 1988 87239       1000      800 0.050202
 1989 75248       1000      769 0.050195
 1990 74514       1000      803 0.050192
 1991 78489       1000      808 0.050190
 1992 74786       1000      794 0.050182
 1993 84564       1000      795 0.050180
 1994 66283       1000      788 0.050180
 1995 76183       1000      801 0.050176
 1996 70426       1000      797 0.050173
 1997 66427       1000      805 0.050172
 1998 69231       1000      801 0.050171
 1999 74656       1000      711 0.050169
 2000 73738       1000      802 0.050164
 2001 77907       1000      792 0.050164
 2002 79799       1000      791 0.050163
 2003 84270       1000      780 0.050161
 2004 77835       1000      800 0.050158
 2005 83323       1000      796 0.050157
 2006 72708       1000      777 0.050141
 2007 66126       1000      812 0.050136
 2008 82216       1000      813 0.050135
 2009 80166       1000      786 0.050135
 2010 78334       1000      800 0.050133
 2011 78739       1000      808 0.050131
 2012 76216       1000      797 0.050128
 2013 66527       1000      803 0.050127
 2014 85166       1000      714 0.050124
 2015 66537       1000      800 0.050124
 2016 75561       1000      801 0.050122
 2017 78345       1000      737 0.050121
 2018 66385       1000      806 0.050121
 2019 72059       1000      810 0.050115
 2020 78855       1000      808 0.050115
 2021 85193       1000      792 0.050115
 2022 69356       1000      723 0.050113
 2023 83217       1000      799 0.050110
 2024 66639       1000      807 0.050108
 2025 86849       1000      782 0.050108
 2026 65815       1000      802 0.050108
 2027 80174       1000      813 0.050104
 2028 74376       1000      818 0.050103
 2029 88727       1000      799 0.050097
 2030 83810       1000      793 0.050096
 2031 67997       1000      800 0.050094
 2032 81887       1000      823 0.050093
 2033 84652       1000      802 0.050090
 2034 68440       1000      822 0.050090
 2035 72352       1000      810 0.050089
 2036 80417       1000      791 0.050088
 2037 86818       1000      794 0.050088
 2038 71083       1000      730 0.050086
 2039 81964       1000      803 0.050086
 2040 67241       1000      819 0.050074
 2041 71489       1000      789 0.050070
 2042 72171       1000      800 0.050068
 2043 77775       1000      800 0.050063
 2044 86348       1000      731 0.050062
 2045 71099       1000      801 0.050058
 2046 67756       1000      804 0.050055
 2047 85876       1000      795 0.050045
 2048 68543       1000      797 0.050037
 2049 81603       1000      804 0.050035
 2050 72249       1000      745 0.050032
 2051 80552       1000      801 0.050031
 2052 70868       1000      794 0.050031
 2053 83491       1000      788 0.050028
 2054 81697       1000      806 0.050025
 2055 79767       1000      789 0.050024
 2056 70072       1000      804 0.050022
 2057 67066       1000      809 0.050015
 2058 73497       1000      773 0.050010
 2059 74545       1000      800 0.050001
 2060 67444       1000      791 0.050000
 2061 67303       1000      717 0.049999
 2062 68331       1000      813 0.049998
 2063 84721       1000      808 0.049998
 2064 78591       1000      717 0.049994
 2065 71956       1000      824 0.049991
 2066 86898       1000      815 0.049986
 2067 68366       1000      783 0.049980
 2068 87724       1000      794 0.049978
 2069 74647       1000      729 0.049977
 2070 83013       1000      793 0.049974
 2071 82318       1000      739 0.049974
 2072 67149       1000      785 0.049969
 2073 88168       1000      694 0.049961
 2074 80524       1000      718 0.049957
 2075 73885       1000      803 0.049956
 2076 72234       1000      773 0.049953
 2077 71120       1000      799 0.049953
 2078 77906       1000      784 0.049942
 2079 69362       1000      790 0.049938
 2080 66297       1000      807 0.049937
 2081 86070       1000      779 0.049935
 2082 88406       1000      785 0.049931
 2083 83422       1000      812 0.049928
 2084 75411       1000      813 0.049928
 2085 67253       1000      815 0.049924
 2086 69155       1000      798 0.049919
 2087 73704       1000      807 0.049918
 2088 78758       1000      791 0.049909
 2089 70101       1000      812 0.049909
 2090 70099       1000      812 0.049908
 2091 85142       1000      796 0.049907
 2092 74975       1000      754 0.049906
 2093 81424       1000      807 0.049906
 2094 76438       1000      794 0.049906
 2095 82578       1000      804 0.049904
 2096 71491       1000      797 0.049903
 2097 80719       1000      794 0.049903
 2098 87960       1000      805 0.049897
 2099 88639       1000      814 0.049894
 2100 67286       1000      790 0.049892
 2101 67192       1000      701 0.049892
 2102 72855       1000      802 0.049890
 2103 76450       1000      728 0.049890
 2104 73915       1000      801 0.049889
 2105 77576       1000      809 0.049888
 2106 86314       1000      806 0.049883
 2107 73747       1000      785 0.049879
 2108 83968       1000      782 0.049877
 2109 78079       1000      804 0.049871
 2110 66562       1000      829 0.049870
 2111 78459       1000      776 0.049868
 2112 79726       1000      803 0.049867
 2113 76818       1000      808 0.049864
 2114 68002       1000      789 0.049859
 2115 76679       1000      717 0.049857
 2116 87182       1000      806 0.049857
 2117 67559       1000      806 0.049856
 2118 73042       1000      775 0.049856
 2119 67077       1000      792 0.049855
 2120 85071       1000      813 0.049849
 2121 74885       1000      790 0.049849
 2122 66323       1000      777 0.049845
 2123 67431       1000      712 0.049843
 2124 78607       1000      797 0.049839
 2125 84474       1000      806 0.049838
 2126 88493       1000      800 0.049838
 2127 71795       1000      795 0.049836
 2128 69084       1000      800 0.049834
 2129 88013       1000      825 0.049834
 2130 83237       1000      802 0.049833
 2131 69636       1000      790 0.049831
 2132 67847       1000      813 0.049829
 2133 85301       1000      781 0.049827
 2134 78734       1000      800 0.049825
 2135 67279       1000      794 0.049825
 2136 67215       1000      814 0.049823
 2137 67739       1000      814 0.049820
 2138 66909       1000      802 0.049818
 2139 72952       1000      771 0.049812
 2140 69542       1000      813 0.049805
 2141 78249       1000      789 0.049803
 2142 71226       1000      798 0.049800
 2143 72915       1000      701 0.049798
 2144 82712       1000      717 0.049796
 2145 80033       1000      794 0.049790
 2146 78568       1000      799 0.049789
 2147 88032       1000      792 0.049785
 2148 88853       1000      800 0.049781
 2149 79951       1000      807 0.049777
 2150 78313       1000      806 0.049777
 2151 81339       1000      818 0.049775
 2152 75987       1000      781 0.049768
 2153 82133       1000      818 0.049766
 2154 76521       1000      708 0.049758
 2155 80335       1000      801 0.049757
 2156 72634       1000      795 0.049756
 2157 81475       1000      818 0.049749
 2158 75240       1000      795 0.049748
 2159 75408       1000      806 0.049747
 2160 83283       1000      800 0.049747
 2161 67563       1000      720 0.049742
 2162 74652       1000      748 0.049739
 2163 87033       1000      802 0.049731
 2164 70006       1000      804 0.049726
 2165 69176       1000      779 0.049725
 2166 72320       1000      828 0.049718
 2167 85223       1000      802 0.049713
 2168 78535       1000      791 0.049709
 2169 79822       1000      798 0.049708
 2170 87580       1000      816 0.049705
 2171 68705       1000      768 0.049703
 2172 77903       1000      795 0.049703
 2173 88882       1000      835 0.049702
 2174 74569       1000      728 0.049701
 2175 75649       1000      795 0.049701
 2176 78162       1000      722 0.049700
 2177 78961       1000      821 0.049700
 2178 81619       1000      795 0.049698
 2179 87413       1000      813 0.049697
 2180 74124       1000      821 0.049696
 2181 67036       1000      784 0.049690
 2182 75048       1000      809 0.049687
 2183 70004       1000      805 0.049686
 2184 70031       1000      777 0.049683
 2185 87801       1000      825 0.049681
 2186 83076       1000      800 0.049680
 2187 79772       1000      790 0.049679
 2188 73405       1000      809 0.049678
 2189 80846       1000      800 0.049677
 2190 67270       1000      807 0.049671
 2191 66342       1000      719 0.049670
 2192 82108       1000      800 0.049665
 2193 73435       1000      790 0.049665
 2194 70412       1000      812 0.049664
 2195 80703       1000      812 0.049664
 2196 79612       1000      816 0.049662
 2197 88519       1000      806 0.049661
 2198 86694       1000      788 0.049659
 2199 76961       1000      812 0.049658
 2200 73243       1000      803 0.049658
 2201 85273       1000      811 0.049654
 2202 67488       1000      813 0.049653
 2203 82079       1000      788 0.049653
 2204 82683       1000      816 0.049652
 2205 83074       1000      797 0.049649
 2206 86999       1000      805 0.049647
 2207 72280       1000      788 0.049646
 2208 84718       1000      813 0.049643
 2209 87067       1000      792 0.049639
 2210 75742       1000      789 0.049638
 2211 76232       1000      792 0.049638
 2212 79594       1000      781 0.049637
 2213 81240       1000      784 0.049630
 2214 67363       1000      783 0.049628
 2215 85425       1000      779 0.049627
 2216 69208       1000      809 0.049624
 2217 85873       1000      826 0.049622
 2218 78502       1000      738 0.049619
 2219 75947       1000      777 0.049618
 2220 79373       1000      815 0.049616
 2221 88590       1000      789 0.049616
 2222 78737       1000      797 0.049611
 2223 70821       1000      784 0.049611
 2224 71461       1000      807 0.049607
 2225 83446       1000      812 0.049606
 2226 75155       1000      796 0.049605
 2227 73874       1000      784 0.049603
 2228 72585       1000      791 0.049602
 2229 82284       1000      800 0.049591
 2230 78680       1000      740 0.049590
 2231 79476       1000      765 0.049588
 2232 86899       1000      782 0.049587
 2233 71465       1000      800 0.049585
 2234 68959       1000      804 0.049585
 2235 74651       1000      794 0.049577
 2236 69771       1000      804 0.049571
 2237 69325       1000      798 0.049569
 2238 87826       1000      819 0.049562
 2239 69922       1000      815 0.049562
 2240 83075       1000      709 0.049558
 2241 74806       1000      807 0.049556
 2242 72164       1000      786 0.049555
 2243 79140       1000      792 0.049553
 2244 80747       1000      797 0.049552
 2245 66105       1000      791 0.049551
 2246 85570       1000      787 0.049548
 2247 82331       1000      805 0.049546
 2248 88449       1000      807 0.049542
 2249 78188       1000      790 0.049541
 2250 82170       1000      792 0.049540
 2251 71414       1000      812 0.049539
 2252 85237       1000      789 0.049538
 2253 69096       1000      826 0.049535
 2254 79702       1000      813 0.049535
 2255 85183       1000      720 0.049532
 2256 87680       1000      796 0.049531
 2257 84346       1000      780 0.049527
 2258 68010       1000      799 0.049527
 2259 79686       1000      809 0.049525
 2260 66588       1000      704 0.049525
 2261 86505       1000      791 0.049521
 2262 71065       1000      807 0.049517
 2263 72557       1000      777 0.049515
 2264 81039       1000      803 0.049507
 2265 74739       1000      735 0.049506
 2266 88479       1000      800 0.049501
 2267 77721       1000      797 0.049499
 2268 69046       1000      801 0.049495
 2269 68513       1000      788 0.049495
 2270 68164       1000      796 0.049489
 2271 75930       1000      804 0.049485
 2272 85141       1000      810 0.049484
 2273 70556       1000      793 0.049481
 2274 68763       1000      734 0.049478
 2275 87727       1000      797 0.049475
 2276 80452       1000      804 0.049471
 2277 69531       1000      791 0.049469
 2278 80700       1000      811 0.049468
 2279 69206       1000      783 0.049468
 2280 72556       1000      810 0.049465
 2281 70354       1000      803 0.049463
 2282 82308       1000      809 0.049460
 2283 72385       1000      798 0.049458
 2284 78757       1000      795 0.049458
 2285 83176       1000      799 0.049458
 2286 70083       1000      794 0.049457
 2287 77429       1000      818 0.049456
 2288 86961       1000      766 0.049455
 2289 89039       1000      787 0.049447
 2290 71158       1000      807 0.049439
 2291 73967       1000      804 0.049436
 2292 74990       1000      797 0.049434
 2293 82484       1000      733 0.049431
 2294 80357       1000      792 0.049431
 2295 77508       1000      816 0.049430
 2296 71858       1000      804 0.049430
 2297 75395       1000      794 0.049419
 2298 79878       1000      803 0.049418
 2299 72746       1000      813 0.049418
 2300 70997       1000      799 0.049415
 2301 71585       1000      813 0.049413
 2302 86193       1000      795 0.049410
 2303 80459       1000      787 0.049408
 2304 66601       1000      780 0.049406
 2305 80529       1000      796 0.049401
 2306 84691       1000      788 0.049398
 2307 77225       1000      813 0.049397
 2308 85726       1000      791 0.049396
 2309 76214       1000      811 0.049395
 2310 65904       1000      808 0.049390
 2311 69728       1000      805 0.049389
 2312 73030       1000      778 0.049388
 2313 88011       1000      812 0.049387
 2314 66422       1000      796 0.049374
 2315 79793       1000      806 0.049369
 2316 77039       1000      771 0.049357
 2317 72312       1000      792 0.049357
 2318 86825       1000      808 0.049355
 2319 78943       1000      819 0.049352
 2320 87441       1000      801 0.049348
 2321 65859       1000      810 0.049344
 2322 86583       1000      796 0.049338
 2323 76773       1000      787 0.049336
 2324 88276       1000      799 0.049335
 2325 81732       1000      794 0.049330
 2326 77568       1000      798 0.049327
 2327 66514       1000      803 0.049327
 2328 71388       1000      810 0.049322
 2329 82131       1000      785 0.049320
 2330 72553       1000      783 0.049312
 2331 87921       1000      797 0.049311
 2332 88504       1000      804 0.049311
 2333 75416       1000      794 0.049308
 2334 80001       1000      815 0.049307
 2335 70599       1000      792 0.049305
 2336 65903       1000      776 0.049296
 2337 73241       1000      789 0.049295
 2338 66143       1000      812 0.049292
 2339 74493       1000      791 0.049292
 2340 70066       1000      800 0.049289
 2341 81849       1000      800 0.049287
 2342 73070       1000      808 0.049286
 2343 77459       1000      695 0.049281
 2344 86085       1000      796 0.049280
 2345 71060       1000      804 0.049275
 2346 74116       1000      815 0.049275
 2347 82739       1000      753 0.049273
 2348 73047       1000      806 0.049272
 2349 83595       1000      816 0.049269
 2350 70678       1000      806 0.049266
 2351 72683       1000      800 0.049264
 2352 74317       1000      804 0.049264
 2353 72226       1000      792 0.049263
 2354 79654       1000      777 0.049260
 2355 77064       1000      803 0.049260
 2356 74605       1000      797 0.049256
 2357 88705       1000      745 0.049250
 2358 80816       1000      789 0.049249
 2359 70122       1000      800 0.049243
 2360 69672       1000      796 0.049242
 2361 81383       1000      808 0.049241
 2362 84538       1000      820 0.049241
 2363 86406       1000      798 0.049239
 2364 73527       1000      800 0.049237
 2365 78238       1000      812 0.049232
 2366 74754       1000      825 0.049231
 2367 73256       1000      796 0.049227
 2368 87092       1000      786 0.049226
 2369 68013       1000      806 0.049221
 2370 88704       1000      777 0.049215
 2371 76162       1000      809 0.049215
 2372 74466       1000      814 0.049212
 2373 77444       1000      819 0.049207
 2374 77175       1000      806 0.049207
 2375 70779       1000      805 0.049206
 2376 79062       1000      778 0.049204
 2377 78050       1000      796 0.049198
 2378 87710       1000      809 0.049196
 2379 76080       1000      807 0.049195
 2380 66240       1000      702 0.049194
 2381 67436       1000      797 0.049191
 2382 78740       1000      778 0.049191
 2383 88881       1000      795 0.049189
 2384 71812       1000      727 0.049187
 2385 80109       1000      809 0.049184
 2386 80510       1000      794 0.049180
 2387 82613       1000      813 0.049180
 2388 82257       1000      798 0.049178
 2389 87424       1000      793 0.049174
 2390 84006       1000      711 0.049173
 2391 67537       1000      801 0.049172
 2392 73614       1000      782 0.049171
 2393 67131       1000      813 0.049169
 2394 70408       1000      774 0.049169
 2395 72513       1000      698 0.049169
 2396 73841       1000      825 0.049168
 2397 81895       1000      797 0.049166
 2398 74880       1000      795 0.049165
 2399 69367       1000      803 0.049159
 2400 80678       1000      794 0.049158
 2401 87026       1000      797 0.049158
 2402 82056       1000      794 0.049155
 2403 80945       1000      711 0.049153
 2404 82300       1000      817 0.049149
 2405 71810       1000      806 0.049147
 2406 69594       1000      809 0.049145
 2407 87559       1000      785 0.049142
 2408 70364       1000      808 0.049141
 2409 80658       1000      782 0.049139
 2410 80898       1000      730 0.049136
 2411 79195       1000      809 0.049134
 2412 78753       1000      799 0.049128
 2413 85221       1000      807 0.049127
 2414 75325       1000      719 0.049123
 2415 82224       1000      803 0.049121
 2416 76006       1000      814 0.049118
 2417 74468       1000      829 0.049116
 2418 86799       1000      746 0.049115
 2419 72790       1000      798 0.049115
 2420 73027       1000      715 0.049113
 2421 68963       1000      793 0.049111
 2422 89081       1000      777 0.049109
 2423 66164       1000      786 0.049107
 2424 88307       1000      809 0.049104
 2425 75243       1000      811 0.049103
 2426 68058       1000      798 0.049101
 2427 71262       1000      809 0.049100
 2428 89128       1000      815 0.049092
 2429 84971       1000      789 0.049091
 2430 88229       1000      789 0.049086
 2431 88735       1000      793 0.049084
 2432 74974       1000      807 0.049082
 2433 82912       1000      796 0.049082
 2434 85770       1000      786 0.049082
 2435 86959       1000      799 0.049076
 2436 86221       1000      788 0.049073
 2437 66438       1000      795 0.049072
 2438 79304       1000      800 0.049071
 2439 84019       1000      719 0.049070
 2440 71691       1000      782 0.049070
 2441 88553       1000      800 0.049070
 2442 86209       1000      817 0.049068
 2443 75347       1000      802 0.049068
 2444 74404       1000      796 0.049066
 2445 71716       1000      810 0.049059
 2446 83892       1000      816 0.049056
 2447 75786       1000      801 0.049056
 2448 80227       1000      798 0.049054
 2449 72844       1000      776 0.049053
 2450 71271       1000      794 0.049052
 2451 66752       1000      710 0.049046
 2452 72582       1000      808 0.049046
 2453 81758       1000      792 0.049046
 2454 69753       1000      806 0.049045
 2455 80208       1000      784 0.049043
 2456 65993       1000      795 0.049035
 2457 73008       1000      817 0.049034
 2458 88804       1000      783 0.049034
 2459 80743       1000      813 0.049032
 2460 77883       1000      795 0.049030
 2461 69440       1000      815 0.049028
 2462 80371       1000      796 0.049025
 2463 83352       1000      801 0.049025
 2464 88253       1000      817 0.049023
 2465 87442       1000      829 0.049022
 2466 75062       1000      803 0.049020
 2467 72707       1000      799 0.049017
 2468 77922       1000      800 0.049016
 2469 84318       1000      786 0.049015
 2470 81159       1000      806 0.049013
 2471 84057       1000      797 0.049008
 2472 65937       1000      795 0.049007
 2473 68906       1000      802 0.049004
 2474 84769       1000      819 0.048999
 2475 82513       1000      810 0.048987
 2476 83523       1000      709 0.048985
 2477 70799       1000      738 0.048984
 2478 87926       1000      816 0.048981
 2479 77646       1000      800 0.048981
 2480 72197       1000      829 0.048981
 2481 77333       1000      797 0.048977
 2482 82974       1000      809 0.048976
 2483 67550       1000      809 0.048974
 2484 66887       1000      821 0.048974
 2485 84424       1000      715 0.048970
 2486 77997       1000      784 0.048966
 2487 75956       1000      801 0.048964
 2488 67464       1000      818 0.048960
 2489 81202       1000      793 0.048958
 2490 88852       1000      787 0.048958
 2491 85416       1000      800 0.048957
 2492 88506       1000      791 0.048954
 2493 67143       1000      790 0.048951
 2494 80802       1000      722 0.048951
 2495 79632       1000      803 0.048944
 2496 74142       1000      797 0.048943
 2497 86706       1000      710 0.048941
 2498 80508       1000      815 0.048940
 2499 85047       1000      795 0.048933
 2500 87308       1000      790 0.048933
 2501 72514       1000      739 0.048930
 2502 68586       1000      796 0.048911
 2503 83321       1000      805 0.048911
 2504 79159       1000      790 0.048903
 2505 66084       1000      781 0.048900
 2506 84293       1000      710 0.048897
 2507 79872       1000      792 0.048894
 2508 66668       1000      795 0.048891
 2509 81652       1000      799 0.048889
 2510 66992       1000      803 0.048887
 2511 70023       1000      800 0.048882
 2512 79281       1000      806 0.048879
 2513 79404       1000      784 0.048879
 2514 88290       1000      797 0.048876
 2515 69436       1000      806 0.048876
 2516 77654       1000      807 0.048874
 2517 67672       1000      780 0.048873
 2518 88312       1000      811 0.048872
 2519 79035       1000      788 0.048871
 2520 77189       1000      732 0.048871
 2521 83291       1000      794 0.048866
 2522 65975       1000      788 0.048865
 2523 72343       1000      802 0.048863
 2524 79816       1000      785 0.048862
 2525 86937       1000      802 0.048862
 2526 66215       1000      813 0.048860
 2527 72959       1000      793 0.048860
 2528 84744       1000      792 0.048859
 2529 85466       1000      806 0.048855
 2530 81571       1000      790 0.048852
 2531 85604       1000      818 0.048847
 2532 76187       1000      797 0.048846
 2533 85926       1000      809 0.048843
 2534 81717       1000      793 0.048841
 2535 86080       1000      789 0.048838
 2536 83672       1000      805 0.048837
 2537 81671       1000      811 0.048837
 2538 82150       1000      789 0.048833
 2539 81643       1000      809 0.048833
 2540 75455       1000      806 0.048831
 2541 84187       1000      794 0.048828
 2542 79241       1000      691 0.048822
 2543 84341       1000      810 0.048821
 2544 80553       1000      792 0.048818
 2545 87932       1000      800 0.048816
 2546 67439       1000      807 0.048814
 2547 67827       1000      802 0.048813
 2548 69337       1000      703 0.048811
 2549 73480       1000      800 0.048809
 2550 78362       1000      779 0.048807
 2551 84036       1000      785 0.048805
 2552 76269       1000      793 0.048804
 2553 70550       1000      747 0.048801
 2554 74519       1000      804 0.048794
 2555 82640       1000      808 0.048794
 2556 85555       1000      789 0.048792
 2557 84814       1000      798 0.048787
 2558 70061       1000      797 0.048779
 2559 83965       1000      804 0.048778
 2560 71128       1000      725 0.048776
 2561 69668       1000      801 0.048776
 2562 82736       1000      716 0.048775
 2563 78819       1000      777 0.048773
 2564 81875       1000      784 0.048773
 2565 78061       1000      796 0.048770
 2566 75493       1000      795 0.048768
 2567 84422       1000      802 0.048762
 2568 66473       1000      800 0.048754
 2569 70208       1000      799 0.048753
 2570 75740       1000      801 0.048753
 2571 66580       1000      805 0.048752
 2572 85137       1000      811 0.048751
 2573 83188       1000      811 0.048751
 2574 70032       1000      803 0.048748
 2575 85941       1000      781 0.048745
 2576 72246       1000      790 0.048739
 2577 70589       1000      802 0.048733
 2578 79149       1000      798 0.048732
 2579 67768       1000      806 0.048732
 2580 81639       1000      803 0.048729
 2581 82002       1000      785 0.048727
 2582 80154       1000      795 0.048725
 2583 73749       1000      791 0.048724
 2584 71717       1000      812 0.048721
 2585 66593       1000      783 0.048716
 2586 65909       1000      812 0.048712
 2587 80497       1000      734 0.048711
 2588 81605       1000      778 0.048707
 2589 82522       1000      831 0.048703
 2590 80545       1000      798 0.048700
 2591 85187       1000      800 0.048700
 2592 77640       1000      715 0.048699
 2593 87028       1000      805 0.048698
 2594 69266       1000      725 0.048698
 2595 73040       1000      799 0.048697
 2596 85289       1000      810 0.048696
 2597 77521       1000      782 0.048696
 2598 81630       1000      802 0.048696
 2599 87877       1000      795 0.048694
 2600 79262       1000      805 0.048688
 2601 85431       1000      805 0.048687
 2602 69622       1000      807 0.048681
 2603 79629       1000      754 0.048680
 2604 82780       1000      778 0.048673
 2605 87497       1000      804 0.048672
 2606 75950       1000      806 0.048671
 2607 65936       1000      803 0.048665
 2608 71693       1000      805 0.048658
 2609 81036       1000      818 0.048657
 2610 72267       1000      801 0.048654
 2611 82606       1000      810 0.048654
 2612 68732       1000      814 0.048650
 2613 79253       1000      787 0.048650
 2614 78039       1000      738 0.048644
 2615 79516       1000      798 0.048644
 2616 72349       1000      816 0.048641
 2617 80734       1000      801 0.048638
 2618 88807       1000      799 0.048636
 2619 81432       1000      815 0.048626
 2620 67277       1000      796 0.048623
 2621 78364       1000      799 0.048623
 2622 75134       1000      710 0.048623
 2623 79746       1000      814 0.048621
 2624 85858       1000      780 0.048621
 2625 85473       1000      788 0.048620
 2626 80107       1000      804 0.048620
 2627 88775       1000      792 0.048616
 2628 77247       1000      781 0.048613
 2629 69260       1000      795 0.048613
 2630 72317       1000      797 0.048611
 2631 72802       1000      790 0.048609
 2632 85294       1000      814 0.048609
 2633 86533       1000      825 0.048608
 2634 84196       1000      791 0.048607
 2635 84088       1000      773 0.048606
 2636 87056       1000      788 0.048606
 2637 75723       1000      807 0.048605
 2638 68642       1000      808 0.048605
 2639 72505       1000      800 0.048604
 2640 78195       1000      783 0.048604
 2641 68723       1000      780 0.048599
 2642 77058       1000      795 0.048599
 2643 68590       1000      805 0.048599
 2644 85248       1000      807 0.048597
 2645 81283       1000      790 0.048597
 2646 74562       1000      779 0.048589
 2647 77374       1000      803 0.048587
 2648 74822       1000      809 0.048584
 2649 74993       1000      808 0.048578
 2650 80089       1000      800 0.048577
 2651 70180       1000      734 0.048576
 2652 82405       1000      720 0.048575
 2653 74369       1000      694 0.048575
 2654 83928       1000      798 0.048573
 2655 75083       1000      783 0.048569
 2656 72491       1000      714 0.048567
 2657 67362       1000      800 0.048567
 2658 83501       1000      791 0.048565
 2659 87503       1000      811 0.048562
 2660 75763       1000      822 0.048561
 2661 86154       1000      802 0.048560
 2662 77480       1000      824 0.048559
 2663 66779       1000      800 0.048558
 2664 69091       1000      789 0.048558
 2665 79635       1000      820 0.048556
 2666 88223       1000      807 0.048555
 2667 83979       1000      809 0.048554
 2668 75758       1000      795 0.048550
 2669 71596       1000      797 0.048549
 2670 82874       1000      795 0.048546
 2671 70609       1000      812 0.048545
 2672 86523       1000      810 0.048544
 2673 79483       1000      783 0.048542
 2674 66358       1000      717 0.048541
 2675 83125       1000      718 0.048540
 2676 67793       1000      790 0.048537
 2677 79645       1000      810 0.048530
 2678 74055       1000      803 0.048529
 2679 86107       1000      811 0.048523
 2680 73648       1000      799 0.048521
 2681 88876       1000      790 0.048516
 2682 66108       1000      799 0.048514
 2683 87636       1000      822 0.048512
 2684 69414       1000      717 0.048509
 2685 75892       1000      730 0.048507
 2686 70916       1000      798 0.048507
 2687 74855       1000      784 0.048502
 2688 75743       1000      811 0.048501
 2689 78590       1000      718 0.048500
 2690 81055       1000      711 0.048500
 2691 81366       1000      791 0.048498
 2692 76891       1000      781 0.048495
 2693 82691       1000      813 0.048493
 2694 82269       1000      809 0.048492
 2695 85219       1000      797 0.048491
 2696 80543       1000      803 0.048488
 2697 85777       1000      800 0.048487
 2698 77959       1000      772 0.048486
 2699 88576       1000      799 0.048485
 2700 70982       1000      816 0.048482
 2701 69196       1000      804 0.048481
 2702 66824       1000      714 0.048480
 2703 83970       1000      802 0.048479
 2704 67389       1000      781 0.048473
 2705 76504       1000      789 0.048469
 2706 78566       1000      800 0.048465
 2707 79100       1000      815 0.048463
 2708 82751       1000      799 0.048461
 2709 78180       1000      808 0.048458
 2710 86702       1000      806 0.048457
 2711 74181       1000      790 0.048455
 2712 83840       1000      737 0.048455
 2713 75762       1000      788 0.048449
 2714 83803       1000      796 0.048448
 2715 84243       1000      791 0.048448
 2716 74755       1000      793 0.048447
 2717 68267       1000      787 0.048443
 2718 82483       1000      795 0.048441
 2719 83564       1000      724 0.048435
 2720 81224       1000      803 0.048435
 2721 76986       1000      791 0.048435
 2722 86145       1000      804 0.048430
 2723 86530       1000      806 0.048429
 2724 87252       1000      794 0.048428
 2725 67631       1000      792 0.048422
 2726 71331       1000      793 0.048421
 2727 87477       1000      724 0.048418
 2728 82082       1000      792 0.048415
 2729 86417       1000      803 0.048409
 2730 82887       1000      785 0.048408
 2731 82173       1000      811 0.048407
 2732 86585       1000      728 0.048407
 2733 79634       1000      817 0.048405
 2734 70082       1000      806 0.048403
 2735 71983       1000      804 0.048399
 2736 79123       1000      803 0.048393
 2737 88647       1000      794 0.048390
 2738 80116       1000      798 0.048387
 2739 80438       1000      816 0.048387
 2740 69582       1000      785 0.048386
 2741 76796       1000      791 0.048378
 2742 77751       1000      785 0.048377
 2743 84255       1000      793 0.048376
 2744 70008       1000      786 0.048374
 2745 67783       1000      802 0.048372
 2746 72750       1000      803 0.048372
 2747 80234       1000      806 0.048370
 2748 78605       1000      767 0.048370
 2749 66471       1000      811 0.048369
 2750 66001       1000      815 0.048369
 2751 69308       1000      728 0.048367
 2752 69462       1000      810 0.048362
 2753 89023       1000      815 0.048362
 2754 72124       1000      802 0.048359
 2755 85145       1000      717 0.048357
 2756 80803       1000      717 0.048353
 2757 75627       1000      795 0.048347
 2758 70549       1000      780 0.048341
 2759 67702       1000      719 0.048341
 2760 83576       1000      790 0.048341
 2761 84463       1000      795 0.048339
 2762 81557       1000      777 0.048337
 2763 69108       1000      735 0.048337
 2764 85875       1000      724 0.048336
 2765 87022       1000      822 0.048335
 2766 88062       1000      812 0.048335
 2767 87707       1000      791 0.048334
 2768 71704       1000      818 0.048330
 2769 80736       1000      815 0.048328
 2770 85784       1000      799 0.048328
 2771 70895       1000      831 0.048326
 2772 71629       1000      805 0.048326
 2773 71493       1000      795 0.048326
 2774 65880       1000      796 0.048325
 2775 69035       1000      817 0.048318
 2776 81700       1000      799 0.048317
 2777 68211       1000      724 0.048315
 2778 86926       1000      793 0.048313
 2779 66815       1000      806 0.048308
 2780 73455       1000      804 0.048307
 2781 81598       1000      796 0.048307
 2782 83481       1000      753 0.048305
 2783 85288       1000      812 0.048300
 2784 74781       1000      808 0.048298
 2785 72760       1000      806 0.048297
 2786 81971       1000      813 0.048294
 2787 80293       1000      751 0.048293
 2788 67779       1000      800 0.048290
 2789 71552       1000      787 0.048289
 2790 75941       1000      770 0.048288
 2791 87355       1000      796 0.048288
 2792 80722       1000      810 0.048286
 2793 78744       1000      783 0.048286
 2794 85478       1000      800 0.048283
 2795 73661       1000      800 0.048274
 2796 85510       1000      781 0.048271
 2797 68354       1000      815 0.048270
 2798 75669       1000      800 0.048268
 2799 86791       1000      798 0.048266
 2800 77391       1000      801 0.048264
 2801 78989       1000      786 0.048262
 2802 72144       1000      833 0.048260
 2803 75469       1000      728 0.048257
 2804 77380       1000      817 0.048256
 2805 87964       1000      779 0.048253
 2806 66380       1000      782 0.048249
 2807 68866       1000      792 0.048249
 2808 85010       1000      804 0.048248
 2809 82227       1000      769 0.048242
 2810 73321       1000      820 0.048240
 2811 69727       1000      780 0.048237
 2812 72410       1000      795 0.048232
 2813 65821       1000      807 0.048230
 2814 75697       1000      797 0.048230
 2815 86660       1000      821 0.048223
 2816 66960       1000      814 0.048220
 2817 71649       1000      770 0.048219
 2818 66458       1000      737 0.048211
 2819 69596       1000      795 0.048209
 2820 86883       1000      788 0.048204
 2821 79052       1000      793 0.048204
 2822 77467       1000      797 0.048200
 2823 72196       1000      810 0.048199
 2824 70773       1000      720 0.048196
 2825 66033       1000      731 0.048193
 2826 80557       1000      808 0.048190
 2827 83318       1000      800 0.048190
 2828 87958       1000      728 0.048188
 2829 68355       1000      791 0.048181
 2830 77825       1000      737 0.048181
 2831 74421       1000      810 0.048178
 2832 69849       1000      777 0.048171
 2833 81139       1000      797 0.048170
 2834 73232       1000      795 0.048166
 2835 74604       1000      805 0.048164
 2836 86958       1000      801 0.048163
 2837 71070       1000      802 0.048158
 2838 67201       1000      807 0.048157
 2839 67104       1000      707 0.048156
 2840 73871       1000      809 0.048156
 2841 85455       1000      805 0.048156
 2842 67175       1000      819 0.048150
 2843 70522       1000      717 0.048148
 2844 82635       1000      806 0.048148
 2845 80972       1000      807 0.048142
 2846 82869       1000      795 0.048142
 2847 73894       1000      816 0.048141
 2848 78546       1000      802 0.048137
 2849 79240       1000      823 0.048136
 2850 82032       1000      805 0.048128
 2851 76068       1000      816 0.048125
 2852 86188       1000      811 0.048123
 2853 77707       1000      801 0.048122
 2854 77642       1000      724 0.048120
 2855 70819       1000      801 0.048119
 2856 69573       1000      730 0.048118
 2857 74472       1000      741 0.048118
 2858 78911       1000      801 0.048111
 2859 83195       1000      804 0.048110
 2860 81016       1000      790 0.048108
 2861 77863       1000      797 0.048106
 2862 83429       1000      787 0.048106
 2863 69678       1000      811 0.048105
 2864 82719       1000      778 0.048101
 2865 81392       1000      798 0.048100
 2866 87811       1000      796 0.048096
 2867 76211       1000      816 0.048094
 2868 70009       1000      778 0.048091
 2869 79935       1000      796 0.048078
 2870 83223       1000      799 0.048077
 2871 80454       1000      805 0.048075
 2872 69803       1000      807 0.048069
 2873 81548       1000      827 0.048066
 2874 76039       1000      789 0.048065
 2875 75377       1000      796 0.048064
 2876 69902       1000      795 0.048062
 2877 67894       1000      809 0.048058
 2878 73200       1000      810 0.048057
 2879 77020       1000      772 0.048057
 2880 67415       1000      796 0.048056
 2881 73766       1000      722 0.048053
 2882 73438       1000      797 0.048050
 2883 79172       1000      718 0.048049
 2884 87486       1000      808 0.048047
 2885 74872       1000      812 0.048045
 2886 74633       1000      800 0.048044
 2887 79023       1000      705 0.048043
 2888 75141       1000      807 0.048036
 2889 65923       1000      779 0.048025
 2890 66155       1000      799 0.048023
 2891 88677       1000      798 0.048020
 2892 80251       1000      813 0.048019
 2893 82120       1000      796 0.048017
 2894 81506       1000      793 0.048016
 2895 79045       1000      796 0.048014
 2896 86273       1000      788 0.048013
 2897 81631       1000      780 0.048009
 2898 87930       1000      803 0.048008
 2899 85272       1000      786 0.048007
 2900 83702       1000      795 0.048004
 2901 82870       1000      799 0.048004
 2902 84853       1000      808 0.048000
 2903 66088       1000      795 0.047997
 2904 75328       1000      804 0.047997
 2905 72567       1000      815 0.047996
 2906 66871       1000      788 0.047989
 2907 81955       1000      803 0.047986
 2908 74417       1000      801 0.047986
 2909 76252       1000      814 0.047985
 2910 89111       1000      799 0.047984
 2911 72264       1000      811 0.047984
 2912 82138       1000      810 0.047981
 2913 79534       1000      804 0.047980
 2914 74579       1000      811 0.047978
 2915 87284       1000      783 0.047978
 2916 72216       1000      818 0.047978
 2917 74122       1000      724 0.047972
 2918 70366       1000      795 0.047972
 2919 78157       1000      788 0.047971
 2920 86594       1000      819 0.047969
 2921 70470       1000      821 0.047968
 2922 72492       1000      799 0.047968
 2923 68903       1000      808 0.047964
 2924 82014       1000      713 0.047961
 2925 66125       1000      800 0.047961
 2926 67938       1000      796 0.047959
 2927 76017       1000      803 0.047958
 2928 72054       1000      809 0.047958
 2929 84508       1000      808 0.047957
 2930 72957       1000      810 0.047954
 2931 76316       1000      825 0.047951
 2932 86234       1000      716 0.047949
 2933 66135       1000      722 0.047947
 2934 72360       1000      792 0.047943
 2935 85818       1000      810 0.047941
 2936 71375       1000      709 0.047939
 2937 88473       1000      800 0.047938
 2938 77894       1000      761 0.047937
 2939 82722       1000      793 0.047936
 2940 88038       1000      794 0.047935
 2941 79048       1000      789 0.047932
 2942 71818       1000      790 0.047929
 2943 84022       1000      722 0.047928
 2944 76463       1000      807 0.047928
 2945 67309       1000      808 0.047925
 2946 85008       1000      801 0.047923
 2947 70274       1000      793 0.047922
 2948 84211       1000      810 0.047920
 2949 73479       1000      783 0.047919
 2950 77128       1000      782 0.047918
 2951 86208       1000      822 0.047916
 2952 79984       1000      805 0.047915
 2953 67533       1000      794 0.047914
 2954 78473       1000      797 0.047910
 2955 69242       1000      811 0.047909
 2956 78667       1000      759 0.047909
 2957 69536       1000      822 0.047909
 2958 84856       1000      718 0.047905
 2959 78196       1000      796 0.047905
 2960 73338       1000      712 0.047903
 2961 76032       1000      787 0.047900
 2962 75210       1000      784 0.047900
 2963 81610       1000      803 0.047894
 2964 82413       1000      808 0.047893
 2965 70100       1000      794 0.047887
 2966 69656       1000      793 0.047886
 2967 84898       1000      806 0.047884
 2968 69136       1000      801 0.047880
 2969 75241       1000      779 0.047878
 2970 70143       1000      787 0.047877
 2971 81459       1000      784 0.047874
 2972 78882       1000      802 0.047874
 2973 84738       1000      798 0.047874
 2974 73822       1000      732 0.047873
 2975 79543       1000      808 0.047869
 2976 82827       1000      743 0.047868
 2977 85933       1000      770 0.047867
 2978 80506       1000      801 0.047864
 2979 82658       1000      819 0.047861
 2980 86090       1000      788 0.047860
 2981 68007       1000      788 0.047860
 2982 67593       1000      795 0.047854
 2983 74919       1000      804 0.047853
 2984 73684       1000      809 0.047850
 2985 73010       1000      789 0.047850
 2986 84070       1000      794 0.047848
 2987 78829       1000      720 0.047848
 2988 88911       1000      794 0.047845
 2989 72797       1000      792 0.047845
 2990 68609       1000      722 0.047842
 2991 82853       1000      733 0.047839
 2992 78375       1000      778 0.047838
 2993 88695       1000      794 0.047838
 2994 68988       1000      823 0.047832
 2995 83090       1000      792 0.047832
 2996 78251       1000      811 0.047830
 2997 82450       1000      791 0.047829
 2998 83041       1000      787 0.047828
 2999 66161       1000      809 0.047823
 3000 76474       1000      793 0.047821
 3001 78922       1000      819 0.047820
 3002 78376       1000      786 0.047816
 3003 84156       1000      784 0.047815
 3004 70375       1000      786 0.047814
 3005 76742       1000      800 0.047810
 3006 68364       1000      808 0.047809
 3007 69058       1000      801 0.047803
 3008 71864       1000      731 0.047800
 3009 66977       1000      819 0.047799
 3010 81948       1000      828 0.047795
 3011 88225       1000      806 0.047793
 3012 67167       1000      781 0.047789
 3013 80942       1000      805 0.047788
 3014 82682       1000      832 0.047787
 3015 69037       1000      811 0.047786
 3016 71842       1000      794 0.047786
 3017 71986       1000      791 0.047785
 3018 67473       1000      793 0.047784
 3019 88712       1000      803 0.047784
 3020 84375       1000      805 0.047783
 3021 85386       1000      801 0.047783
 3022 88224       1000      801 0.047782
 3023 78285       1000      802 0.047782
 3024 77724       1000      801 0.047781
 3025 75154       1000      820 0.047781
 3026 75297       1000      791 0.047780
 3027 74292       1000      800 0.047774
 3028 88210       1000      782 0.047773
 3029 71934       1000      737 0.047771
 3030 87986       1000      728 0.047771
 3031 72209       1000      816 0.047770
 3032 71111       1000      780 0.047769
 3033 71284       1000      784 0.047769
 3034 81277       1000      805 0.047762
 3035 70507       1000      814 0.047759
 3036 87013       1000      790 0.047750
 3037 81402       1000      798 0.047750
 3038 72905       1000      722 0.047748
 3039 84654       1000      801 0.047746
 3040 87130       1000      796 0.047734
 3041 87732       1000      790 0.047734
 3042 72849       1000      812 0.047733
 3043 73062       1000      812 0.047730
 3044 74553       1000      803 0.047727
 3045 75218       1000      796 0.047721
 3046 84287       1000      787 0.047716
 3047 74310       1000      800 0.047713
 3048 82592       1000      797 0.047711
 3049 80306       1000      805 0.047710
 3050 66251       1000      777 0.047710
 3051 88442       1000      810 0.047710
 3052 86235       1000      806 0.047710
 3053 80031       1000      735 0.047709
 3054 82072       1000      796 0.047708
 3055 85339       1000      814 0.047708
 3056 73085       1000      791 0.047707
 3057 77433       1000      798 0.047706
 3058 86486       1000      814 0.047704
 3059 77575       1000      813 0.047702
 3060 69463       1000      783 0.047702
 3061 77788       1000      820 0.047701
 3062 78340       1000      784 0.047697
 3063 67850       1000      800 0.047696
 3064 76640       1000      800 0.047695
 3065 75053       1000      805 0.047693
 3066 73886       1000      802 0.047691
 3067 71581       1000      705 0.047691
 3068 86407       1000      811 0.047689
 3069 69675       1000      795 0.047687
 3070 78947       1000      797 0.047684
 3071 81295       1000      794 0.047682
 3072 70883       1000      810 0.047681
 3073 78220       1000      809 0.047679
 3074 78382       1000      777 0.047678
 3075 70756       1000      814 0.047675
 3076 82877       1000      815 0.047675
 3077 78488       1000      793 0.047668
 3078 85326       1000      806 0.047667
 3079 72713       1000      784 0.047667
 3080 73426       1000      789 0.047661
 3081 88707       1000      806 0.047661
 3082 82671       1000      795 0.047660
 3083 73732       1000      744 0.047657
 3084 67780       1000      779 0.047657
 3085 79928       1000      784 0.047656
 3086 86018       1000      804 0.047652
 3087 77876       1000      788 0.047651
 3088 77395       1000      800 0.047651
 3089 67901       1000      801 0.047648
 3090 67735       1000      790 0.047642
 3091 68934       1000      777 0.047640
 3092 71788       1000      773 0.047638
 3093 81382       1000      811 0.047637
 3094 71696       1000      786 0.047634
 3095 71634       1000      806 0.047632
 3096 88252       1000      771 0.047628
 3097 84612       1000      805 0.047627
 3098 87863       1000      806 0.047626
 3099 68206       1000      774 0.047622
 3100 88412       1000      720 0.047615
 3101 73539       1000      786 0.047614
 3102 74263       1000      736 0.047613
 3103 75824       1000      794 0.047612
 3104 79398       1000      802 0.047611
 3105 79104       1000      790 0.047608
 3106 87481       1000      788 0.047602
 3107 66274       1000      790 0.047601
 3108 75494       1000      802 0.047601
 3109 85394       1000      786 0.047601
 3110 83755       1000      703 0.047600
 3111 86465       1000      778 0.047596
 3112 86920       1000      802 0.047596
 3113 69572       1000      813 0.047593
 3114 75508       1000      799 0.047593
 3115 81653       1000      825 0.047592
 3116 70696       1000      795 0.047591
 3117 79433       1000      806 0.047589
 3118 83397       1000      801 0.047588
 3119 67794       1000      812 0.047586
 3120 83332       1000      812 0.047585
 3121 77091       1000      802 0.047583
 3122 70763       1000      806 0.047580
 3123 79049       1000      797 0.047576
 3124 79122       1000      793 0.047573
 3125 80465       1000      814 0.047571
 3126 84478       1000      780 0.047570
 3127 77518       1000      743 0.047569
 3128 85521       1000      799 0.047568
 3129 87334       1000      804 0.047568
 3130 80469       1000      796 0.047555
 3131 81207       1000      781 0.047555
 3132 72654       1000      795 0.047552
 3133 65971       1000      698 0.047550
 3134 73948       1000      695 0.047549
 3135 84388       1000      729 0.047548
 3136 84866       1000      785 0.047547
 3137 88438       1000      800 0.047544
 3138 78864       1000      808 0.047542
 3139 79894       1000      817 0.047533
 3140 86556       1000      776 0.047530
 3141 68205       1000      808 0.047524
 3142 76515       1000      808 0.047524
 3143 86075       1000      800 0.047518
 3144 73693       1000      800 0.047515
 3145 68898       1000      799 0.047513
 3146 83193       1000      814 0.047502
 3147 67158       1000      806 0.047502
 3148 83315       1000      816 0.047492
 3149 85831       1000      788 0.047490
 3150 73819       1000      809 0.047486
 3151 89009       1000      815 0.047486
 3152 82897       1000      776 0.047485
 3153 71301       1000      810 0.047485
 3154 83072       1000      809 0.047484
 3155 67079       1000      776 0.047481
 3156 83825       1000      789 0.047476
 3157 83783       1000      807 0.047476
 3158 80132       1000      819 0.047475
 3159 86560       1000      772 0.047475
 3160 82730       1000      800 0.047474
 3161 75027       1000      805 0.047470
 3162 66703       1000      814 0.047470
 3163 78959       1000      779 0.047469
 3164 69262       1000      793 0.047465
 3165 87562       1000      810 0.047457
 3166 87286       1000      737 0.047456
 3167 88389       1000      810 0.047454
 3168 72284       1000      810 0.047452
 3169 70962       1000      802 0.047450
 3170 65962       1000      814 0.047447
 3171 84048       1000      803 0.047445
 3172 69380       1000      796 0.047443
 3173 88247       1000      790 0.047441
 3174 82317       1000      812 0.047438
 3175 67766       1000      768 0.047437
 3176 80148       1000      808 0.047437
 3177 73160       1000      792 0.047435
 3178 87819       1000      799 0.047434
 3179 83925       1000      797 0.047433
 3180 70089       1000      794 0.047432
 3181 75672       1000      789 0.047431
 3182 72875       1000      799 0.047431
 3183 89122       1000      805 0.047424
 3184 86570       1000      730 0.047423
 3185 76164       1000      794 0.047423
 3186 79954       1000      803 0.047423
 3187 66956       1000      809 0.047418
 3188 79103       1000      814 0.047417
 3189 76975       1000      803 0.047417
 3190 86292       1000      808 0.047417
 3191 83654       1000      722 0.047417
 3192 77251       1000      804 0.047416
 3193 69244       1000      688 0.047416
 3194 84647       1000      789 0.047416
 3195 84663       1000      792 0.047412
 3196 87726       1000      777 0.047410
 3197 78811       1000      729 0.047410
 3198 71734       1000      801 0.047409
 3199 85736       1000      778 0.047404
 3200 75707       1000      725 0.047400
 3201 85932       1000      789 0.047399
 3202 70760       1000      727 0.047398
 3203 73352       1000      796 0.047397
 3204 85704       1000      720 0.047394
 3205 82423       1000      797 0.047392
 3206 86786       1000      800 0.047392
 3207 69521       1000      806 0.047390
 3208 66538       1000      701 0.047382
 3209 74674       1000      811 0.047382
 3210 83098       1000      789 0.047381
 3211 72552       1000      792 0.047380
 3212 81197       1000      794 0.047379
 3213 80934       1000      788 0.047374
 3214 73089       1000      810 0.047366
 3215 80263       1000      800 0.047365
 3216 73177       1000      794 0.047363
 3217 74029       1000      798 0.047361
 3218 67728       1000      778 0.047356
 3219 72800       1000      800 0.047356
 3220 88123       1000      793 0.047353
 3221 66381       1000      812 0.047351
 3222 88923       1000      813 0.047350
 3223 85759       1000      818 0.047349
 3224 76680       1000      775 0.047348
 3225 80413       1000      784 0.047347
 3226 86233       1000      781 0.047347
 3227 74272       1000      727 0.047346
 3228 72094       1000      783 0.047340
 3229 83265       1000      785 0.047339
 3230 72110       1000      810 0.047339
 3231 83004       1000      787 0.047336
 3232 78230       1000      721 0.047334
 3233 84557       1000      815 0.047334
 3234 82336       1000      783 0.047329
 3235 83367       1000      788 0.047326
 3236 81520       1000      802 0.047323
 3237 76850       1000      806 0.047322
 3238 88646       1000      808 0.047322
 3239 84194       1000      805 0.047315
 3240 86782       1000      805 0.047310
 3241 84909       1000      778 0.047309
 3242 86041       1000      803 0.047307
 3243 84260       1000      808 0.047306
 3244 88150       1000      801 0.047301
 3245 79074       1000      808 0.047298
 3246 84090       1000      796 0.047293
 3247 70691       1000      800 0.047293
 3248 75208       1000      789 0.047293
 3249 66990       1000      820 0.047293
 3250 73511       1000      792 0.047291
 3251 78450       1000      808 0.047288
 3252 85123       1000      797 0.047283
 3253 76901       1000      725 0.047276
 3254 67939       1000      779 0.047276
 3255 82444       1000      802 0.047273
 3256 71686       1000      817 0.047269
 3257 69265       1000      802 0.047266
 3258 86220       1000      790 0.047266
 3259 83948       1000      796 0.047261
 3260 84098       1000      788 0.047260
 3261 72479       1000      802 0.047259
 3262 78997       1000      817 0.047258
 3263 85150       1000      805 0.047255
 3264 85437       1000      807 0.047255
 3265 78033       1000      787 0.047251
 3266 88057       1000      781 0.047251
 3267 74330       1000      811 0.047250
 3268 72686       1000      819 0.047246
 3269 77831       1000      800 0.047243
 3270 74166       1000      818 0.047242
 3271 67196       1000      746 0.047241
 3272 71338       1000      832 0.047239
 3273 77073       1000      804 0.047234
 3274 76577       1000      801 0.047232
 3275 88157       1000      717 0.047232
 3276 71683       1000      807 0.047231
 3277 74999       1000      802 0.047227
 3278 69982       1000      807 0.047226
 3279 80172       1000      798 0.047224
 3280 85913       1000      794 0.047220
 3281 66162       1000      792 0.047217
 3282 86550       1000      751 0.047216
 3283 80597       1000      800 0.047215
 3284 77289       1000      809 0.047215
 3285 83894       1000      823 0.047215
 3286 67916       1000      811 0.047210
 3287 83063       1000      789 0.047210
 3288 83071       1000      795 0.047209
 3289 82208       1000      810 0.047207
 3290 80462       1000      781 0.047205
 3291 72520       1000      806 0.047201
 3292 73289       1000      728 0.047200
 3293 73436       1000      814 0.047198
 3294 67326       1000      794 0.047198
 3295 74690       1000      802 0.047195
 3296 86941       1000      700 0.047194
 3297 82228       1000      811 0.047192
 3298 85362       1000      782 0.047192
 3299 86670       1000      786 0.047191
 3300 72627       1000      810 0.047186
 3301 85233       1000      795 0.047184
 3302 68620       1000      792 0.047183
 3303 88968       1000      821 0.047179
 3304 70701       1000      794 0.047178
 3305 72558       1000      818 0.047177
 3306 73821       1000      807 0.047175
 3307 83960       1000      809 0.047174
 3308 77441       1000      809 0.047173
 3309 71590       1000      728 0.047171
 3310 86409       1000      803 0.047170
 3311 86833       1000      800 0.047170
 3312 74319       1000      813 0.047166
 3313 83430       1000      771 0.047159
 3314 82303       1000      827 0.047158
 3315 79660       1000      803 0.047157
 3316 72104       1000      794 0.047156
 3317 85868       1000      799 0.047155
 3318 82590       1000      787 0.047154
 3319 77408       1000      805 0.047152
 3320 77537       1000      815 0.047151
 3321 87114       1000      825 0.047150
 3322 66712       1000      804 0.047150
 3323 69532       1000      772 0.047150
 3324 86688       1000      720 0.047145
 3325 82930       1000      805 0.047144
 3326 73434       1000      836 0.047143
 3327 74934       1000      791 0.047143
 3328 81808       1000      810 0.047143
 3329 78143       1000      813 0.047142
 3330 68386       1000      805 0.047140
 3331 69981       1000      797 0.047138
 3332 66396       1000      803 0.047137
 3333 67349       1000      792 0.047133
 3334 84643       1000      719 0.047132
 3335 71307       1000      789 0.047129
 3336 87771       1000      803 0.047121
 3337 81246       1000      797 0.047118
 3338 83445       1000      740 0.047116
 3339 84330       1000      782 0.047113
 3340 71655       1000      790 0.047112
 3341 85105       1000      802 0.047107
 3342 77207       1000      795 0.047105
 3343 86375       1000      788 0.047105
 3344 83157       1000      811 0.047103
 3345 86044       1000      784 0.047100
 3346 66661       1000      821 0.047097
 3347 73913       1000      791 0.047096
 3348 68181       1000      799 0.047094
 3349 70304       1000      794 0.047093
 3350 78706       1000      815 0.047092
 3351 66547       1000      802 0.047090
 3352 85061       1000      797 0.047089
 3353 80141       1000      781 0.047086
 3354 66878       1000      790 0.047082
 3355 78815       1000      801 0.047078
 3356 71438       1000      783 0.047078
 3357 88354       1000      779 0.047077
 3358 83183       1000      808 0.047076
 3359 71885       1000      794 0.047076
 3360 69083       1000      815 0.047074
 3361 74364       1000      809 0.047068
 3362 72789       1000      719 0.047066
 3363 67256       1000      711 0.047065
 3364 82986       1000      813 0.047065
 3365 82803       1000      788 0.047059
 3366 82254       1000      801 0.047059
 3367 84894       1000      788 0.047056
 3368 79874       1000      808 0.047053
 3369 84140       1000      800 0.047050
 3370 68967       1000      798 0.047046
 3371 77348       1000      791 0.047040
 3372 68146       1000      793 0.047032
 3373 83664       1000      736 0.047026
 3374 74103       1000      812 0.047025
 3375 72420       1000      827 0.047020
 3376 70569       1000      791 0.047018
 3377 78966       1000      798 0.047013
 3378 80411       1000      799 0.047012
 3379 71297       1000      802 0.047009
 3380 69451       1000      804 0.047007
 3381 88524       1000      727 0.047006
 3382 84276       1000      805 0.047000
 3383 86519       1000      780 0.046998
 3384 87111       1000      793 0.046994
 3385 66904       1000      804 0.046993
 3386 89018       1000      789 0.046991
 3387 81076       1000      810 0.046991
 3388 79413       1000      820 0.046990
 3389 79990       1000      819 0.046989
 3390 79834       1000      804 0.046984
 3391 74884       1000      785 0.046983
 3392 69148       1000      824 0.046981
 3393 83133       1000      800 0.046980
 3394 81774       1000      799 0.046977
 3395 76373       1000      806 0.046975
 3396 82112       1000      746 0.046974
 3397 83402       1000      787 0.046973
 3398 83566       1000      787 0.046971
 3399 84626       1000      787 0.046970
 3400 85738       1000      792 0.046969
 3401 73043       1000      793 0.046965
 3402 82530       1000      745 0.046963
 3403 86383       1000      822 0.046962
 3404 85889       1000      801 0.046959
 3405 67715       1000      801 0.046957
 3406 67026       1000      783 0.046956
 3407 69574       1000      802 0.046952
 3408 83371       1000      795 0.046951
 3409 77657       1000      797 0.046945
 3410 75674       1000      804 0.046944
 3411 87956       1000      813 0.046943
 3412 83239       1000      800 0.046940
 3413 73212       1000      782 0.046937
 3414 81739       1000      794 0.046936
 3415 78536       1000      814 0.046936
 3416 80474       1000      731 0.046936
 3417 87501       1000      805 0.046934
 3418 75885       1000      791 0.046932
 3419 73553       1000      731 0.046926
 3420 87647       1000      801 0.046924
 3421 78250       1000      803 0.046924
 3422 82289       1000      738 0.046921
 3423 88190       1000      788 0.046920
 3424 75164       1000      781 0.046920
 3425 66384       1000      808 0.046917
 3426 71008       1000      802 0.046915
 3427 82713       1000      787 0.046915
 3428 82921       1000      805 0.046914
 3429 70899       1000      795 0.046914
 3430 76944       1000      801 0.046910
 3431 74933       1000      722 0.046909
 3432 87619       1000      803 0.046908
 3433 84511       1000      798 0.046907
 3434 78887       1000      811 0.046906
 3435 80800       1000      809 0.046904
 3436 66599       1000      796 0.046904
 3437 74915       1000      808 0.046900
 3438 70698       1000      782 0.046898
 3439 66214       1000      815 0.046897
 3440 81109       1000      793 0.046891
 3441 78623       1000      801 0.046890
 3442 81116       1000      802 0.046882
 3443 69541       1000      708 0.046879
 3444 71532       1000      765 0.046876
 3445 76364       1000      744 0.046875
 3446 74092       1000      781 0.046874
 3447 67601       1000      819 0.046872
 3448 72666       1000      803 0.046872
 3449 82824       1000      793 0.046866
 3450 78816       1000      823 0.046864
 3451 76096       1000      780 0.046864
 3452 76912       1000      797 0.046860
 3453 89084       1000      819 0.046860
 3454 75441       1000      823 0.046860
 3455 70425       1000      783 0.046857
 3456 78152       1000      800 0.046855
 3457 81105       1000      807 0.046855
 3458 65901       1000      812 0.046851
 3459 84985       1000      724 0.046851
 3460 82791       1000      798 0.046848
 3461 86574       1000      794 0.046847
 3462 67295       1000      792 0.046844
 3463 72930       1000      799 0.046844
 3464 87568       1000      801 0.046842
 3465 84350       1000      795 0.046841
 3466 83780       1000      800 0.046841
 3467 87098       1000      823 0.046841
 3468 81119       1000      783 0.046836
 3469 77486       1000      802 0.046835
 3470 70855       1000      773 0.046834
 3471 71444       1000      809 0.046831
 3472 69438       1000      827 0.046830
 3473 80285       1000      797 0.046824
 3474 83578       1000      813 0.046819
 3475 66284       1000      706 0.046818
 3476 82521       1000      811 0.046812
 3477 69233       1000      797 0.046807
 3478 85012       1000      711 0.046802
 3479 87397       1000      776 0.046801
 3480 78565       1000      788 0.046800
 3481 74205       1000      806 0.046799
 3482 87423       1000      793 0.046799
 3483 81029       1000      711 0.046796
 3484 70526       1000      802 0.046793
 3485 66115       1000      756 0.046792
 3486 74080       1000      790 0.046791
 3487 72147       1000      806 0.046785
 3488 70034       1000      787 0.046781
 3489 73333       1000      809 0.046781
 3490 75113       1000      701 0.046779
 3491 84404       1000      813 0.046778
 3492 86458       1000      802 0.046777
 3493 66713       1000      741 0.046777
 3494 78558       1000      810 0.046777
 3495 82574       1000      792 0.046777
 3496 75236       1000      728 0.046775
 3497 70881       1000      797 0.046774
 3498 77161       1000      809 0.046773
 3499 84944       1000      795 0.046772
 3500 83898       1000      816 0.046771
 3501 69834       1000      796 0.046768
 3502 68551       1000      781 0.046767
 3503 78031       1000      775 0.046765
 3504 71849       1000      789 0.046762
 3505 74839       1000      787 0.046759
 3506 66232       1000      821 0.046754
 3507 81629       1000      796 0.046746
 3508 68031       1000      801 0.046745
 3509 66726       1000      808 0.046745
 3510 70945       1000      813 0.046736
 3511 77032       1000      793 0.046732
 3512 89056       1000      797 0.046731
 3513 73846       1000      718 0.046729
 3514 87204       1000      807 0.046727
 3515 73078       1000      811 0.046726
 3516 78269       1000      811 0.046725
 3517 69703       1000      788 0.046724
 3518 71723       1000      794 0.046719
 3519 67322       1000      729 0.046716
 3520 72977       1000      735 0.046713
 3521 71056       1000      793 0.046710
 3522 79690       1000      797 0.046708
 3523 79414       1000      787 0.046708
 3524 79288       1000      808 0.046707
 3525 87581       1000      792 0.046706
 3526 67330       1000      807 0.046705
 3527 81810       1000      810 0.046703
 3528 80787       1000      796 0.046702
 3529 78773       1000      717 0.046701
 3530 87749       1000      785 0.046699
 3531 86983       1000      801 0.046698
 3532 72032       1000      806 0.046697
 3533 68612       1000      820 0.046695
 3534 75283       1000      798 0.046694
 3535 68893       1000      817 0.046694
 3536 86968       1000      804 0.046692
 3537 81133       1000      817 0.046688
 3538 79666       1000      723 0.046688
 3539 73445       1000      759 0.046688
 3540 72732       1000      815 0.046686
 3541 85804       1000      729 0.046685
 3542 78540       1000      713 0.046684
 3543 88272       1000      778 0.046683
 3544 79479       1000      822 0.046683
 3545 68008       1000      805 0.046682
 3546 75976       1000      804 0.046681
 3547 82485       1000      777 0.046680
 3548 75734       1000      802 0.046678
 3549 72856       1000      803 0.046677
 3550 83037       1000      820 0.046674
 3551 73091       1000      805 0.046674
 3552 66839       1000      801 0.046673
 3553 69465       1000      808 0.046672
 3554 82231       1000      818 0.046672
 3555 68362       1000      796 0.046670
 3556 78231       1000      811 0.046669
 3557 85761       1000      797 0.046664
 3558 68941       1000      794 0.046662
 3559 88693       1000      783 0.046659
 3560 68915       1000      811 0.046656
 3561 77212       1000      821 0.046656
 3562 66978       1000      820 0.046645
 3563 75446       1000      801 0.046641
 3564 84897       1000      793 0.046634
 3565 83866       1000      785 0.046633
 3566 69388       1000      731 0.046632
 3567 79279       1000      793 0.046629
 3568 66727       1000      797 0.046629
 3569 68610       1000      712 0.046627
 3570 86444       1000      801 0.046627
 3571 87202       1000      792 0.046626
 3572 82902       1000      801 0.046624
 3573 80733       1000      789 0.046622
 3574 73023       1000      802 0.046621
 3575 75553       1000      800 0.046620
 3576 83865       1000      800 0.046618
 3577 82172       1000      791 0.046618
 3578 79226       1000      807 0.046617
 3579 68319       1000      806 0.046616
 3580 88268       1000      787 0.046614
 3581 70051       1000      787 0.046613
 3582 69456       1000      779 0.046613
 3583 83873       1000      805 0.046612
 3584 72345       1000      776 0.046608
 3585 73669       1000      802 0.046608
 3586 79950       1000      807 0.046608
 3587 70927       1000      820 0.046604
 3588 71916       1000      794 0.046604
 3589 69522       1000      809 0.046603
 3590 80833       1000      779 0.046603
 3591 79316       1000      796 0.046602
 3592 69802       1000      800 0.046599
 3593 77068       1000      725 0.046598
 3594 81445       1000      792 0.046595
 3595 66728       1000      776 0.046592
 3596 77844       1000      825 0.046591
 3597 76648       1000      771 0.046577
 3598 77368       1000      802 0.046574
 3599 81235       1000      802 0.046574
 3600 88657       1000      818 0.046573
 3601 72444       1000      773 0.046573
 3602 76112       1000      825 0.046573
 3603 67154       1000      793 0.046572
 3604 74568       1000      792 0.046564
 3605 86662       1000      797 0.046561
 3606 76605       1000      787 0.046560
 3607 84157       1000      722 0.046560
 3608 66100       1000      792 0.046559
 3609 82402       1000      799 0.046554
 3610 83030       1000      790 0.046554
 3611 72148       1000      721 0.046553
 3612 83319       1000      804 0.046551
 3613 70958       1000      815 0.046549
 3614 71040       1000      812 0.046548
 3615 66099       1000      785 0.046544
 3616 87060       1000      806 0.046541
 3617 78352       1000      799 0.046538
 3618 69934       1000      818 0.046538
 3619 69645       1000      713 0.046534
 3620 78814       1000      816 0.046532
 3621 87713       1000      819 0.046532
 3622 76165       1000      804 0.046532
 3623 76913       1000      820 0.046530
 3624 83908       1000      816 0.046530
 3625 87010       1000      789 0.046528
 3626 73849       1000      776 0.046527
 3627 76311       1000      788 0.046526
 3628 87536       1000      803 0.046526
 3629 78454       1000      795 0.046522
 3630 83427       1000      804 0.046521
 3631 66812       1000      788 0.046520
 3632 72472       1000      786 0.046518
 3633 67122       1000      807 0.046515
 3634 69955       1000      806 0.046515
 3635 80376       1000      797 0.046513
 3636 80228       1000      813 0.046512
 3637 81797       1000      806 0.046510
 3638 68191       1000      717 0.046508
 3639 72050       1000      799 0.046507
 3640 69520       1000      811 0.046506
 3641 81937       1000      735 0.046505
 3642 81994       1000      726 0.046504
 3643 67942       1000      792 0.046501
 3644 82311       1000      799 0.046500
 3645 66850       1000      799 0.046498
 3646 70086       1000      805 0.046498
 3647 83904       1000      778 0.046495
 3648 82916       1000      786 0.046492
 3649 70484       1000      714 0.046489
 3650 78424       1000      818 0.046488
 3651 82473       1000      794 0.046488
 3652 71033       1000      792 0.046485
 3653 66305       1000      797 0.046484
 3654 87189       1000      793 0.046482
 3655 68900       1000      806 0.046479
 3656 84216       1000      784 0.046478
 3657 75468       1000      804 0.046477
 3658 66109       1000      741 0.046476
 3659 71945       1000      811 0.046475
 3660 68510       1000      791 0.046475
 3661 81777       1000      803 0.046475
 3662 82900       1000      805 0.046474
 3663 74500       1000      806 0.046473
 3664 87577       1000      822 0.046469
 3665 66795       1000      797 0.046467
 3666 72384       1000      807 0.046467
 3667 73590       1000      743 0.046465
 3668 76120       1000      798 0.046462
 3669 85090       1000      808 0.046462
 3670 86334       1000      805 0.046454
 3671 82865       1000      682 0.046453
 3672 73013       1000      721 0.046452
 3673 66594       1000      811 0.046448
 3674 84248       1000      780 0.046442
 3675 86086       1000      806 0.046442
 3676 66275       1000      806 0.046441
 3677 81584       1000      782 0.046436
 3678 85296       1000      816 0.046436
 3679 68089       1000      813 0.046433
 3680 77386       1000      746 0.046432
 3681 77587       1000      771 0.046430
 3682 66808       1000      789 0.046429
 3683 86053       1000      789 0.046424
 3684 77683       1000      791 0.046417
 3685 83684       1000      816 0.046417
 3686 71050       1000      743 0.046417
 3687 78018       1000      721 0.046416
 3688 76054       1000      816 0.046410
 3689 68401       1000      776 0.046408
 3690 81353       1000      793 0.046406
 3691 87541       1000      787 0.046405
 3692 70604       1000      801 0.046405
 3693 70998       1000      801 0.046404
 3694 83821       1000      717 0.046403
 3695 67663       1000      791 0.046403
 3696 68524       1000      793 0.046403
 3697 80183       1000      825 0.046400
 3698 75252       1000      808 0.046395
 3699 65930       1000      731 0.046392
 3700 75166       1000      817 0.046391
 3701 71319       1000      802 0.046390
 3702 88227       1000      806 0.046388
 3703 83410       1000      822 0.046386
 3704 79235       1000      788 0.046385
 3705 66622       1000      715 0.046385
 3706 71767       1000      721 0.046384
 3707 66264       1000      786 0.046384
 3708 73954       1000      806 0.046383
 3709 78851       1000      716 0.046381
 3710 81908       1000      793 0.046380
 3711 67815       1000      788 0.046375
 3712 84726       1000      844 0.046373
 3713 86599       1000      789 0.046372
 3714 80834       1000      793 0.046369
 3715 77100       1000      784 0.046368
 3716 68381       1000      817 0.046366
 3717 85120       1000      808 0.046366
 3718 76816       1000      812 0.046365
 3719 85545       1000      813 0.046365
 3720 81351       1000      804 0.046364
 3721 76904       1000      710 0.046364
 3722 68876       1000      714 0.046362
 3723 82510       1000      790 0.046358
 3724 82721       1000      783 0.046358
 3725 88425       1000      708 0.046356
 3726 67299       1000      779 0.046353
 3727 78504       1000      802 0.046353
 3728 84502       1000      828 0.046353
 3729 65988       1000      787 0.046351
 3730 76645       1000      798 0.046347
 3731 84372       1000      815 0.046340
 3732 80612       1000      806 0.046340
 3733 85673       1000      792 0.046335
 3734 75536       1000      807 0.046334
 3735 84605       1000      785 0.046331
 3736 69587       1000      803 0.046331
 3737 84650       1000      796 0.046327
 3738 87345       1000      801 0.046326
 3739 81372       1000      700 0.046326
 3740 74220       1000      772 0.046324
 3741 86766       1000      804 0.046321
 3742 89076       1000      784 0.046320
 3743 89060       1000      807 0.046318
 3744 82806       1000      811 0.046316
 3745 72755       1000      811 0.046316
 3746 66927       1000      799 0.046314
 3747 70162       1000      801 0.046308
 3748 79136       1000      793 0.046307
 3749 76585       1000      785 0.046306
 3750 81756       1000      801 0.046302
 3751 86447       1000      805 0.046299
 3752 78088       1000      798 0.046296
 3753 67799       1000      805 0.046296
 3754 75474       1000      813 0.046295
 3755 73973       1000      784 0.046294
 3756 82190       1000      800 0.046294
 3757 88485       1000      790 0.046293
 3758 84061       1000      799 0.046293
 3759 67754       1000      701 0.046293
 3760 76761       1000      736 0.046293
 3761 87431       1000      793 0.046292
 3762 70433       1000      705 0.046291
 3763 81410       1000      816 0.046291
 3764 67037       1000      810 0.046291
 3765 79533       1000      777 0.046287
 3766 76362       1000      797 0.046287
 3767 82710       1000      807 0.046286
 3768 72464       1000      736 0.046285
 3769 69509       1000      792 0.046281
 3770 79754       1000      788 0.046280
 3771 71938       1000      814 0.046276
 3772 88783       1000      806 0.046275
 3773 70455       1000      820 0.046275
 3774 82825       1000      806 0.046273
 3775 75307       1000      787 0.046272
 3776 68284       1000      805 0.046272
 3777 78807       1000      802 0.046269
 3778 68798       1000      781 0.046267
 3779 72353       1000      805 0.046266
 3780 85559       1000      791 0.046265
 3781 78396       1000      810 0.046265
 3782 69470       1000      802 0.046265
 3783 82742       1000      782 0.046263
 3784 84982       1000      816 0.046259
 3785 86587       1000      805 0.046255
 3786 79537       1000      814 0.046255
 3787 73018       1000      739 0.046254
 3788 67767       1000      800 0.046253
 3789 75710       1000      808 0.046252
 3790 86854       1000      779 0.046252
 3791 76651       1000      802 0.046251
 3792 80489       1000      811 0.046250
 3793 82741       1000      791 0.046250
 3794 69038       1000      797 0.046247
 3795 72741       1000      813 0.046246
 3796 68859       1000      797 0.046246
 3797 65890       1000      787 0.046245
 3798 69296       1000      793 0.046245
 3799 80067       1000      826 0.046241
 3800 87555       1000      798 0.046240
 3801 85463       1000      817 0.046240
 3802 78342       1000      815 0.046237
 3803 76693       1000      778 0.046236
 3804 76159       1000      797 0.046235
 3805 74764       1000      740 0.046235
 3806 80025       1000      801 0.046231
 3807 69166       1000      797 0.046231
 3808 88336       1000      800 0.046229
 3809 87186       1000      804 0.046223
 3810 76744       1000      791 0.046222
 3811 73475       1000      796 0.046222
 3812 87160       1000      796 0.046220
 3813 87667       1000      814 0.046220
 3814 73983       1000      717 0.046216
 3815 74074       1000      776 0.046213
 3816 65894       1000      796 0.046213
 3817 65931       1000      799 0.046211
 3818 78693       1000      791 0.046211
 3819 81140       1000      808 0.046211
 3820 83769       1000      805 0.046210
 3821 68200       1000      807 0.046210
 3822 74420       1000      715 0.046208
 3823 88458       1000      826 0.046208
 3824 88573       1000      802 0.046204
 3825 84221       1000      808 0.046203
 3826 86735       1000      741 0.046201
 3827 76661       1000      814 0.046200
 3828 81231       1000      784 0.046198
 3829 69399       1000      811 0.046198
 3830 87004       1000      800 0.046195
 3831 66025       1000      799 0.046194
 3832 85143       1000      746 0.046192
 3833 82200       1000      819 0.046190
 3834 77490       1000      780 0.046185
 3835 71584       1000      793 0.046185
 3836 74285       1000      764 0.046182
 3837 83789       1000      818 0.046182
 3838 77634       1000      797 0.046180
 3839 82733       1000      808 0.046179
 3840 75381       1000      794 0.046175
 3841 69960       1000      780 0.046175
 3842 67165       1000      802 0.046168
 3843 80475       1000      811 0.046166
 3844 69843       1000      792 0.046162
 3845 68968       1000      801 0.046162
 3846 78338       1000      788 0.046161
 3847 78557       1000      782 0.046161
 3848 66648       1000      790 0.046161
 3849 67689       1000      791 0.046159
 3850 74239       1000      812 0.046155
 3851 70846       1000      788 0.046155
 3852 82982       1000      815 0.046151
 3853 77612       1000      798 0.046144
 3854 85484       1000      785 0.046143
 3855 68976       1000      787 0.046140
 3856 79335       1000      798 0.046139
 3857 72419       1000      791 0.046137
 3858 87711       1000      804 0.046132
 3859 76053       1000      801 0.046132
 3860 67187       1000      797 0.046129
 3861 78560       1000      807 0.046127
 3862 74503       1000      743 0.046114
 3863 81378       1000      816 0.046107
 3864 69461       1000      817 0.046105
 3865 71486       1000      801 0.046104
 3866 75868       1000      810 0.046103
 3867 81249       1000      776 0.046100
 3868 89002       1000      733 0.046100
 3869 87704       1000      796 0.046099
 3870 79693       1000      823 0.046093
 3871 83518       1000      794 0.046091
 3872 75073       1000      725 0.046091
 3873 77536       1000      703 0.046089
 3874 72290       1000      808 0.046088
 3875 83854       1000      779 0.046086
 3876 68831       1000      824 0.046084
 3877 87437       1000      816 0.046084
 3878 70188       1000      707 0.046082
 3879 77196       1000      811 0.046081
 3880 76543       1000      809 0.046080
 3881 88356       1000      798 0.046078
 3882 85901       1000      781 0.046077
 3883 88072       1000      783 0.046075
 3884 66974       1000      798 0.046069
 3885 75505       1000      807 0.046069
 3886 88980       1000      806 0.046068
 3887 71426       1000      784 0.046066
 3888 79135       1000      823 0.046066
 3889 79921       1000      771 0.046065
 3890 74012       1000      796 0.046063
 3891 85232       1000      790 0.046062
 3892 66080       1000      797 0.046059
 3893 84336       1000      796 0.046059
 3894 83720       1000      782 0.046058
 3895 80387       1000      822 0.046054
 3896 87969       1000      801 0.046053
 3897 85986       1000      796 0.046052
 3898 82586       1000      808 0.046051
 3899 72678       1000      807 0.046050
 3900 69548       1000      796 0.046044
 3901 76429       1000      787 0.046042
 3902 86912       1000      776 0.046041
 3903 78958       1000      818 0.046040
 3904 81486       1000      794 0.046039
 3905 79510       1000      808 0.046039
 3906 77750       1000      712 0.046039
 3907 69702       1000      804 0.046039
 3908 88812       1000      792 0.046037
 3909 68410       1000      808 0.046035
 3910 74496       1000      779 0.046031
 3911 69682       1000      732 0.046030
 3912 79210       1000      781 0.046025
 3913 81496       1000      748 0.046018
 3914 88535       1000      696 0.046018
 3915 87587       1000      827 0.046017
 3916 86161       1000      773 0.046016
 3917 68617       1000      715 0.046014
 3918 71117       1000      736 0.046013
 3919 68135       1000      778 0.046008
 3920 67471       1000      835 0.046007
 3921 86969       1000      736 0.046005
 3922 79109       1000      792 0.046004
 3923 78850       1000      822 0.045999
 3924 75197       1000      716 0.045995
 3925 67698       1000      800 0.045994
 3926 76262       1000      805 0.045987
 3927 68389       1000      790 0.045984
 3928 67427       1000      814 0.045983
 3929 78072       1000      746 0.045980
 3930 68872       1000      731 0.045980
 3931 86435       1000      809 0.045977
 3932 87140       1000      797 0.045974
 3933 65994       1000      737 0.045972
 3934 88197       1000      783 0.045972
 3935 74273       1000      793 0.045969
 3936 73555       1000      799 0.045969
 3937 88522       1000      714 0.045966
 3938 85332       1000      797 0.045964
 3939 77753       1000      809 0.045963
 3940 68253       1000      731 0.045962
 3941 85821       1000      825 0.045960
 3942 79605       1000      777 0.045960
 3943 72395       1000      800 0.045959
 3944 82966       1000      802 0.045958
 3945 71702       1000      770 0.045950
 3946 82197       1000      792 0.045948
 3947 75550       1000      799 0.045947
 3948 87144       1000      725 0.045947
 3949 79884       1000      739 0.045945
 3950 87467       1000      779 0.045939
 3951 72315       1000      726 0.045938
 3952 83985       1000      803 0.045932
 3953 72876       1000      798 0.045931
 3954 68485       1000      803 0.045929
 3955 85539       1000      801 0.045927
 3956 76396       1000      794 0.045926
 3957 71659       1000      816 0.045924
 3958 84546       1000      790 0.045923
 3959 83622       1000      798 0.045921
 3960 69799       1000      797 0.045919
 3961 72499       1000      813 0.045908
 3962 66256       1000      793 0.045907
 3963 88172       1000      792 0.045907
 3964 81767       1000      734 0.045906
 3965 80653       1000      797 0.045903
 3966 66528       1000      802 0.045902
 3967 66383       1000      794 0.045897
 3968 68703       1000      801 0.045896
 3969 78619       1000      814 0.045896
 3970 83377       1000      778 0.045895
 3971 68359       1000      729 0.045892
 3972 69663       1000      795 0.045892
 3973 79111       1000      795 0.045891
 3974 80667       1000      813 0.045891
 3975 88431       1000      799 0.045890
 3976 66820       1000      796 0.045890
 3977 88414       1000      783 0.045888
 3978 87451       1000      805 0.045884
 3979 85033       1000      791 0.045878
 3980 78574       1000      806 0.045877
 3981 69163       1000      795 0.045875
 3982 83113       1000      796 0.045873
 3983 75498       1000      799 0.045868
 3984 66319       1000      733 0.045867
 3985 65914       1000      734 0.045865
 3986 73808       1000      816 0.045865
 3987 77114       1000      818 0.045865
 3988 71707       1000      724 0.045863
 3989 84693       1000      723 0.045863
 3990 78796       1000      779 0.045862
 3991 67281       1000      791 0.045862
 3992 81536       1000      794 0.045861
 3993 79038       1000      779 0.045860
 3994 76930       1000      830 0.045859
 3995 87746       1000      690 0.045856
 3996 66782       1000      796 0.045856
 3997 80709       1000      790 0.045856
 3998 72841       1000      728 0.045855
 3999 73696       1000      799 0.045850
 4000 81822       1000      792 0.045848
 4001 71166       1000      732 0.045844
 4002 75348       1000      802 0.045844
 4003 75623       1000      786 0.045843
 4004 66170       1000      813 0.045841
 4005 86665       1000      810 0.045838
 4006 71978       1000      817 0.045832
 4007 71555       1000      767 0.045828
 4008 82562       1000      792 0.045828
 4009 72031       1000      728 0.045828
 4010 72563       1000      735 0.045826
 4011 83271       1000      807 0.045826
 4012 76458       1000      810 0.045825
 4013 84045       1000      799 0.045824
 4014 84100       1000      793 0.045822
 4015 70191       1000      726 0.045820
 4016 66157       1000      813 0.045819
 4017 67308       1000      815 0.045818
 4018 73595       1000      815 0.045817
 4019 72723       1000      812 0.045817
 4020 87005       1000      810 0.045815
 4021 80705       1000      791 0.045812
 4022 76169       1000      808 0.045811
 4023 78012       1000      800 0.045809
 4024 70014       1000      793 0.045806
 4025 72613       1000      793 0.045804
 4026 80102       1000      793 0.045802
 4027 70858       1000      810 0.045801
 4028 84566       1000      779 0.045800
 4029 78442       1000      817 0.045799
 4030 70049       1000      787 0.045799
 4031 71305       1000      793 0.045798
 4032 79004       1000      795 0.045797
 4033 73233       1000      810 0.045797
 4034 69303       1000      698 0.045795
 4035 86513       1000      799 0.045794
 4036 83799       1000      793 0.045793
 4037 86031       1000      784 0.045792
 4038 76943       1000      815 0.045789
 4039 72250       1000      702 0.045788
 4040 84064       1000      798 0.045786
 4041 73774       1000      801 0.045784
 4042 72551       1000      821 0.045776
 4043 86399       1000      704 0.045772
 4044 69173       1000      789 0.045770
 4045 67457       1000      802 0.045769
 4046 68080       1000      791 0.045767
 4047 71176       1000      768 0.045767
 4048 73326       1000      795 0.045767
 4049 71343       1000      787 0.045764
 4050 70284       1000      790 0.045762
 4051 74051       1000      716 0.045761
 4052 86888       1000      796 0.045759
 4053 84711       1000      813 0.045755
 4054 81359       1000      805 0.045754
 4055 82054       1000      801 0.045753
 4056 79998       1000      789 0.045752
 4057 72840       1000      779 0.045745
 4058 77828       1000      799 0.045744
 4059 71233       1000      795 0.045742
 4060 66614       1000      720 0.045741
 4061 86466       1000      815 0.045739
 4062 79092       1000      797 0.045737
 4063 74873       1000      788 0.045733
 4064 70148       1000      788 0.045729
 4065 79228       1000      802 0.045729
 4066 75440       1000      786 0.045725
 4067 71283       1000      781 0.045724
 4068 78613       1000      787 0.045720
 4069 66074       1000      783 0.045719
 4070 82564       1000      792 0.045717
 4071 70124       1000      812 0.045716
 4072 69662       1000      822 0.045714
 4073 79824       1000      797 0.045711
 4074 66241       1000      813 0.045711
 4075 81668       1000      743 0.045710
 4076 88401       1000      779 0.045709
 4077 70910       1000      800 0.045708
 4078 74070       1000      795 0.045707
 4079 71017       1000      796 0.045707
 4080 79461       1000      805 0.045707
 4081 75449       1000      800 0.045704
 4082 82315       1000      737 0.045703
 4083 66472       1000      793 0.045703
 4084 87740       1000      814 0.045701
 4085 71851       1000      801 0.045701
 4086 77141       1000      712 0.045700
 4087 87333       1000      801 0.045698
 4088 70703       1000      792 0.045697
 4089 67588       1000      798 0.045697
 4090 80226       1000      805 0.045697
 4091 68475       1000      816 0.045696
 4092 82813       1000      797 0.045696
 4093 73123       1000      817 0.045695
 4094 84917       1000      806 0.045693
 4095 77014       1000      791 0.045690
 4096 70827       1000      713 0.045689
 4097 79165       1000      802 0.045689
 4098 68683       1000      806 0.045688
 4099 72082       1000      798 0.045687
 4100 75487       1000      797 0.045686
 4101 86493       1000      788 0.045683
 4102 67339       1000      787 0.045681
 4103 74955       1000      796 0.045681
 4104 87238       1000      764 0.045679
 4105 83107       1000      817 0.045677
 4106 74110       1000      796 0.045672
 4107 88555       1000      829 0.045671
 4108 75058       1000      791 0.045668
 4109 65916       1000      813 0.045664
 4110 67651       1000      828 0.045660
 4111 76001       1000      804 0.045653
 4112 78732       1000      733 0.045652
 4113 66376       1000      799 0.045648
 4114 79125       1000      780 0.045648
 4115 79900       1000      714 0.045646
 4116 76607       1000      804 0.045642
 4117 68121       1000      805 0.045641
 4118 70901       1000      807 0.045641
 4119 76081       1000      803 0.045639
 4120 72223       1000      815 0.045639
 4121 88497       1000      780 0.045639
 4122 73356       1000      787 0.045638
 4123 69975       1000      807 0.045637
 4124 83920       1000      800 0.045635
 4125 68711       1000      813 0.045635
 4126 69999       1000      811 0.045632
 4127 83983       1000      819 0.045631
 4128 71835       1000      814 0.045630
 4129 66691       1000      809 0.045630
 4130 75834       1000      789 0.045626
 4131 78265       1000      720 0.045625
 4132 81497       1000      817 0.045621
 4133 78480       1000      752 0.045617
 4134 82062       1000      714 0.045615
 4135 70554       1000      806 0.045615
 4136 72193       1000      793 0.045609
 4137 68395       1000      811 0.045609
 4138 66165       1000      779 0.045608
 4139 69496       1000      736 0.045606
 4140 85877       1000      794 0.045605
 4141 87368       1000      795 0.045605
 4142 74168       1000      809 0.045604
 4143 83325       1000      797 0.045603
 4144 83709       1000      791 0.045603
 4145 79421       1000      802 0.045601
 4146 67568       1000      795 0.045597
 4147 86361       1000      727 0.045597
 4148 70608       1000      707 0.045595
 4149 72949       1000      793 0.045593
 4150 80921       1000      808 0.045590
 4151 77194       1000      802 0.045589
 4152 67955       1000      812 0.045585
 4153 77369       1000      821 0.045584
 4154 84279       1000      826 0.045579
 4155 70918       1000      804 0.045577
 4156 70632       1000      809 0.045574
 4157 86762       1000      812 0.045573
 4158 80169       1000      723 0.045571
 4159 75358       1000      792 0.045571
 4160 77313       1000      791 0.045570
 4161 78147       1000      810 0.045567
 4162 78415       1000      812 0.045566
 4163 86697       1000      815 0.045565
 4164 86821       1000      780 0.045565
 4165 82756       1000      809 0.045565
 4166 87857       1000      816 0.045563
 4167 71104       1000      807 0.045562
 4168 70159       1000      804 0.045562
 4169 68290       1000      800 0.045561
 4170 84397       1000      794 0.045557
 4171 75295       1000      795 0.045554
 4172 78798       1000      794 0.045553
 4173 67949       1000      775 0.045551
 4174 68177       1000      811 0.045551
 4175 82785       1000      792 0.045550
 4176 74224       1000      809 0.045549
 4177 66881       1000      794 0.045549
 4178 86277       1000      820 0.045546
 4179 72757       1000      800 0.045545
 4180 78181       1000      735 0.045544
 4181 83143       1000      798 0.045543
 4182 80449       1000      787 0.045538
 4183 70098       1000      790 0.045538
 4184 79879       1000      806 0.045537
 4185 76917       1000      803 0.045529
 4186 68449       1000      729 0.045525
 4187 74678       1000      781 0.045524
 4188 73586       1000      801 0.045523
 4189 86192       1000      816 0.045521
 4190 79425       1000      801 0.045520
 4191 72852       1000      811 0.045518
 4192 78649       1000      779 0.045518
 4193 72700       1000      720 0.045517
 4194 66266       1000      788 0.045517
 4195 68889       1000      803 0.045516
 4196 70331       1000      822 0.045513
 4197 86938       1000      797 0.045511
 4198 66534       1000      733 0.045511
 4199 68888       1000      779 0.045508
 4200 87927       1000      808 0.045507
 4201 81915       1000      798 0.045507
 4202 67499       1000      809 0.045507
 4203 78268       1000      797 0.045504
 4204 69404       1000      808 0.045496
 4205 72659       1000      707 0.045495
 4206 67495       1000      805 0.045493
 4207 86468       1000      792 0.045492
 4208 76567       1000      805 0.045492
 4209 66823       1000      803 0.045490
 4210 88221       1000      795 0.045490
 4211 89093       1000      788 0.045489
 4212 76864       1000      791 0.045489
 4213 82369       1000      838 0.045488
 4214 68789       1000      804 0.045485
 4215 76330       1000      815 0.045485
 4216 66783       1000      776 0.045483
 4217 71598       1000      793 0.045482
 4218 80219       1000      811 0.045481
 4219 81323       1000      787 0.045479
 4220 73617       1000      797 0.045474
 4221 72902       1000      713 0.045473
 4222 72175       1000      816 0.045472
 4223 74740       1000      814 0.045472
 4224 80421       1000      722 0.045471
 4225 80476       1000      740 0.045470
 4226 88207       1000      809 0.045464
 4227 78009       1000      790 0.045464
 4228 72522       1000      798 0.045463
 4229 79374       1000      789 0.045462
 4230 80287       1000      789 0.045461
 4231 85855       1000      715 0.045460
 4232 77704       1000      809 0.045460
 4233 69226       1000      807 0.045458
 4234 84004       1000      805 0.045457
 4235 87808       1000      796 0.045454
 4236 70494       1000      797 0.045453
 4237 67320       1000      801 0.045453
 4238 70537       1000      817 0.045452
 4239 86249       1000      786 0.045451
 4240 66327       1000      818 0.045448
 4241 80628       1000      774 0.045447
 4242 77764       1000      809 0.045443
 4243 70146       1000      814 0.045443
 4244 69549       1000      800 0.045442
 4245 71044       1000      781 0.045441
 4246 70957       1000      804 0.045440
 4247 88349       1000      791 0.045437
 4248 81003       1000      808 0.045434
 4249 72091       1000      792 0.045428
 4250 74014       1000      809 0.045428
 4251 69289       1000      743 0.045427
 4252 83884       1000      803 0.045424
 4253 88194       1000      815 0.045424
 4254 72978       1000      792 0.045423
 4255 72468       1000      719 0.045421
 4256 70265       1000      821 0.045421
 4257 76789       1000      804 0.045421
 4258 86111       1000      799 0.045419
 4259 72966       1000      733 0.045416
 4260 76555       1000      806 0.045416
 4261 78924       1000      729 0.045416
 4262 79362       1000      818 0.045416
 4263 87419       1000      798 0.045415
 4264 89145       1000      801 0.045413
 4265 88164       1000      741 0.045413
 4266 72052       1000      793 0.045411
 4267 71501       1000      788 0.045410
 4268 87567       1000      728 0.045410
 4269 72860       1000      801 0.045410
 4270 75555       1000      816 0.045407
 4271 71551       1000      805 0.045403
 4272 80551       1000      804 0.045403
 4273 80150       1000      719 0.045402
 4274 73705       1000      797 0.045399
 4275 85474       1000      743 0.045399
 4276 76247       1000      809 0.045396
 4277 83751       1000      810 0.045393
 4278 81962       1000      814 0.045384
 4279 68801       1000      798 0.045384
 4280 70388       1000      806 0.045384
 4281 70597       1000      798 0.045382
 4282 78854       1000      792 0.045379
 4283 78150       1000      783 0.045377
 4284 82255       1000      816 0.045376
 4285 78168       1000      807 0.045375
 4286 74054       1000      792 0.045372
 4287 85640       1000      812 0.045370
 4288 86646       1000      808 0.045367
 4289 66335       1000      799 0.045367
 4290 87019       1000      768 0.045366
 4291 70765       1000      788 0.045366
 4292 74976       1000      734 0.045364
 4293 89095       1000      708 0.045363
 4294 66429       1000      803 0.045359
 4295 83187       1000      804 0.045357
 4296 68171       1000      813 0.045357
 4297 71167       1000      803 0.045357
 4298 72323       1000      747 0.045356
 4299 77784       1000      793 0.045355
 4300 80843       1000      788 0.045354
 4301 67140       1000      718 0.045354
 4302 88142       1000      811 0.045353
 4303 83776       1000      788 0.045352
 4304 82596       1000      722 0.045351
 4305 86573       1000      804 0.045350
 4306 72017       1000      782 0.045350
 4307 74443       1000      794 0.045347
 4308 76286       1000      798 0.045346
 4309 83666       1000      736 0.045344
 4310 70317       1000      817 0.045341
 4311 74130       1000      797 0.045336
 4312 69635       1000      798 0.045333
 4313 68743       1000      779 0.045331
 4314 84734       1000      796 0.045330
 4315 73297       1000      798 0.045328
 4316 80940       1000      804 0.045326
 4317 67106       1000      798 0.045326
 4318 88508       1000      797 0.045325
 4319 82622       1000      809 0.045323
 4320 88418       1000      805 0.045321
 4321 71943       1000      805 0.045319
 4322 76893       1000      692 0.045314
 4323 88904       1000      794 0.045313
 4324 84881       1000      734 0.045311
 4325 75383       1000      814 0.045310
 4326 67226       1000      734 0.045310
 4327 87038       1000      800 0.045310
 4328 73219       1000      805 0.045309
 4329 68585       1000      779 0.045309
 4330 67895       1000      809 0.045307
 4331 66719       1000      820 0.045305
 4332 88992       1000      800 0.045296
 4333 68050       1000      804 0.045295
 4334 73528       1000      802 0.045293
 4335 81048       1000      812 0.045291
 4336 82768       1000      791 0.045290
 4337 69097       1000      715 0.045288
 4338 72121       1000      712 0.045287
 4339 71457       1000      789 0.045284
 4340 76952       1000      814 0.045282
 4341 68447       1000      818 0.045281
 4342 81959       1000      732 0.045280
 4343 88208       1000      788 0.045279
 4344 75097       1000      800 0.045278
 4345 82885       1000      778 0.045270
 4346 72413       1000      804 0.045267
 4347 67517       1000      790 0.045265
 4348 86109       1000      802 0.045261
 4349 82567       1000      795 0.045259
 4350 76821       1000      799 0.045259
 4351 76859       1000      808 0.045258
 4352 77829       1000      802 0.045258
 4353 76739       1000      817 0.045258
 4354 78782       1000      796 0.045256
 4355 87549       1000      785 0.045252
 4356 69236       1000      817 0.045251
 4357 87693       1000      786 0.045250
 4358 67174       1000      800 0.045246
 4359 80924       1000      782 0.045244
 4360 77571       1000      784 0.045243
 4361 74813       1000      735 0.045243
 4362 68699       1000      793 0.045241
 4363 83753       1000      785 0.045241
 4364 66071       1000      793 0.045241
 4365 82104       1000      779 0.045237
 4366 86402       1000      804 0.045237
 4367 72728       1000      814 0.045235
 4368 86006       1000      790 0.045231
 4369 70214       1000      782 0.045227
 4370 84924       1000      780 0.045226
 4371 88629       1000      699 0.045224
 4372 82598       1000      788 0.045224
 4373 83563       1000      788 0.045222
 4374 87208       1000      821 0.045222
 4375 70573       1000      804 0.045217
 4376 69743       1000      785 0.045216
 4377 72703       1000      817 0.045216
 4378 81087       1000      711 0.045211
 4379 79114       1000      794 0.045210
 4380 84494       1000      776 0.045204
 4381 71981       1000      827 0.045204
 4382 67511       1000      798 0.045202
 4383 83214       1000      796 0.045201
 4384 66917       1000      735 0.045199
 4385 87928       1000      807 0.045198
 4386 81210       1000      837 0.045197
 4387 81526       1000      794 0.045193
 4388 82527       1000      791 0.045191
 4389 78438       1000      818 0.045188
 4390 79188       1000      726 0.045187
 4391 86304       1000      818 0.045183
 4392 67979       1000      791 0.045179
 4393 75502       1000      804 0.045178
 4394 81956       1000      818 0.045174
 4395 78029       1000      723 0.045164
 4396 70635       1000      805 0.045164
 4397 84987       1000      790 0.045163
 4398 67087       1000      804 0.045163
 4399 78842       1000      800 0.045161
 4400 76681       1000      801 0.045161
 4401 80453       1000      724 0.045160
 4402 81946       1000      796 0.045160
 4403 83978       1000      778 0.045159
 4404 80320       1000      795 0.045159
 4405 70264       1000      801 0.045158
 4406 77673       1000      808 0.045158
 4407 88543       1000      794 0.045157
 4408 83779       1000      803 0.045155
 4409 69030       1000      806 0.045154
 4410 87330       1000      766 0.045154
 4411 76800       1000      806 0.045152
 4412 68048       1000      725 0.045150
 4413 68472       1000      726 0.045149
 4414 89021       1000      814 0.045149
 4415 76339       1000      807 0.045143
 4416 80436       1000      803 0.045142
 4417 65861       1000      808 0.045141
 4418 79857       1000      716 0.045140
 4419 67930       1000      801 0.045135
 4420 82767       1000      798 0.045135
 4421 72326       1000      800 0.045133
 4422 70163       1000      813 0.045132
 4423 66860       1000      805 0.045132
 4424 81878       1000      797 0.045132
 4425 71892       1000      799 0.045131
 4426 67390       1000      789 0.045127
 4427 68929       1000      787 0.045124
 4428 84973       1000      816 0.045124
 4429 80461       1000      792 0.045123
 4430 88426       1000      809 0.045118
 4431 76938       1000      790 0.045117
 4432 78360       1000      747 0.045117
 4433 75355       1000      809 0.045116
 4434 83372       1000      820 0.045116
 4435 69473       1000      793 0.045113
 4436 71072       1000      800 0.045112
 4437 68175       1000      792 0.045110
 4438 67121       1000      817 0.045110
 4439 74277       1000      804 0.045106
 4440 69627       1000      826 0.045102
 4441 81135       1000      811 0.045102
 4442 78441       1000      801 0.045100
 4443 83962       1000      736 0.045099
 4444 80247       1000      795 0.045097
 4445 69493       1000      788 0.045097
 4446 68015       1000      794 0.045086
 4447 81034       1000      805 0.045084
 4448 87993       1000      798 0.045083
 4449 74255       1000      712 0.045082
 4450 83727       1000      807 0.045082
 4451 75980       1000      779 0.045081
 4452 83105       1000      787 0.045078
 4453 80202       1000      781 0.045077
 4454 66370       1000      816 0.045077
 4455 68273       1000      806 0.045074
 4456 82758       1000      809 0.045074
 4457 86191       1000      815 0.045072
 4458 87844       1000      798 0.045069
 4459 88063       1000      798 0.045067
 4460 84460       1000      799 0.045063
 4461 81616       1000      799 0.045063
 4462 75949       1000      801 0.045061
 4463 83788       1000      786 0.045060
 4464 66177       1000      791 0.045059
 4465 77263       1000      712 0.045059
 4466 80952       1000      795 0.045058
 4467 72015       1000      802 0.045058
 4468 79347       1000      808 0.045057
 4469 73186       1000      791 0.045055
 4470 71705       1000      796 0.045054
 4471 84549       1000      822 0.045053
 4472 79737       1000      810 0.045052
 4473 73005       1000      811 0.045052
 4474 88258       1000      797 0.045052
 4475 82158       1000      797 0.045049
 4476 87263       1000      720 0.045048
 4477 88385       1000      792 0.045048
 4478 87615       1000      776 0.045048
 4479 83167       1000      792 0.045047
 4480 76743       1000      805 0.045041
 4481 85850       1000      776 0.045040
 4482 80961       1000      802 0.045040
 4483 67319       1000      811 0.045039
 4484 67657       1000      737 0.045039
 4485 66134       1000      798 0.045039
 4486 67816       1000      734 0.045039
 4487 76398       1000      723 0.045036
 4488 88114       1000      796 0.045034
 4489 69314       1000      815 0.045032
 4490 88165       1000      737 0.045028
 4491 78421       1000      728 0.045025
 4492 76046       1000      779 0.045022
 4493 77309       1000      785 0.045022
 4494 80168       1000      802 0.045021
 4495 87402       1000      819 0.045020
 4496 81589       1000      818 0.045015
 4497 82716       1000      790 0.045012
 4498 75782       1000      793 0.045012
 4499 73292       1000      715 0.045012
 4500 83200       1000      802 0.045010
 4501 70663       1000      789 0.045009
 4502 74731       1000      800 0.045009
 4503 78632       1000      808 0.045007
 4504 88153       1000      708 0.045005
 4505 86712       1000      787 0.045003
 4506 83754       1000      785 0.045002
 4507 66721       1000      778 0.045000
 4508 79584       1000      770 0.044998
 4509 88547       1000      716 0.044998
 4510 80250       1000      814 0.044997
 4511 88341       1000      833 0.044996
 4512 73642       1000      728 0.044995
 4513 82199       1000      712 0.044993
 4514 82821       1000      798 0.044988
 4515 66340       1000      801 0.044987
 4516 74864       1000      819 0.044982
 4517 79231       1000      724 0.044982
 4518 72427       1000      827 0.044980
 4519 83739       1000      807 0.044978
 4520 80004       1000      796 0.044977
 4521 86337       1000      782 0.044976
 4522 86176       1000      798 0.044975
 4523 71901       1000      720 0.044973
 4524 85257       1000      780 0.044967
 4525 66461       1000      813 0.044966
 4526 66945       1000      804 0.044965
 4527 67093       1000      820 0.044965
 4528 88321       1000      795 0.044964
 4529 85860       1000      804 0.044962
 4530 73048       1000      795 0.044962
 4531 79722       1000      821 0.044959
 4532 73647       1000      823 0.044959
 4533 66950       1000      721 0.044958
 4534 85791       1000      809 0.044954
 4535 78803       1000      801 0.044953
 4536 77370       1000      792 0.044950
 4537 79904       1000      809 0.044947
 4538 80970       1000      724 0.044946
 4539 74727       1000      780 0.044941
 4540 83934       1000      806 0.044940
 4541 77303       1000      731 0.044939
 4542 70448       1000      818 0.044939
 4543 76630       1000      817 0.044939
 4544 76547       1000      704 0.044938
 4545 73167       1000      789 0.044937
 4546 85391       1000      799 0.044937
 4547 67900       1000      782 0.044936
 4548 66632       1000      828 0.044936
 4549 79344       1000      816 0.044936
 4550 86198       1000      788 0.044933
 4551 87468       1000      808 0.044932
 4552 72635       1000      808 0.044932
 4553 83005       1000      808 0.044931
 4554 76280       1000      807 0.044928
 4555 85835       1000      824 0.044927
 4556 77409       1000      795 0.044926
 4557 72035       1000      803 0.044924
 4558 85504       1000      797 0.044923
 4559 72270       1000      802 0.044921
 4560 73179       1000      795 0.044920
 4561 84936       1000      809 0.044920
 4562 80714       1000      804 0.044920
 4563 79458       1000      810 0.044918
 4564 71325       1000      797 0.044916
 4565 81545       1000      776 0.044916
 4566 84002       1000      805 0.044915
 4567 76296       1000      810 0.044910
 4568 77164       1000      747 0.044907
 4569 77088       1000      811 0.044906
 4570 79648       1000      805 0.044906
 4571 82752       1000      816 0.044906
 4572 73000       1000      800 0.044904
 4573 71879       1000      821 0.044903
 4574 79963       1000      791 0.044902
 4575 88369       1000      724 0.044901
 4576 85461       1000      751 0.044900
 4577 73636       1000      786 0.044898
 4578 65991       1000      784 0.044895
 4579 87937       1000      796 0.044894
 4580 78528       1000      791 0.044894
 4581 88423       1000      794 0.044892
 4582 87868       1000      791 0.044891
 4583 86551       1000      728 0.044891
 4584 89048       1000      720 0.044889
 4585 88649       1000      824 0.044888
 4586 74123       1000      805 0.044884
 4587 72870       1000      801 0.044883
 4588 82452       1000      741 0.044882
 4589 75477       1000      794 0.044881
 4590 71572       1000      799 0.044874
 4591 68358       1000      807 0.044874
 4592 68761       1000      776 0.044874
 4593 78729       1000      725 0.044870
 4594 87665       1000      722 0.044869
 4595 76410       1000      802 0.044868
 4596 88476       1000      753 0.044866
 4597 83841       1000      793 0.044866
 4598 72503       1000      791 0.044866
 4599 83455       1000      788 0.044866
 4600 68516       1000      803 0.044865
 4601 81128       1000      806 0.044864
 4602 77017       1000      807 0.044864
 4603 87155       1000      748 0.044862
 4604 86754       1000      812 0.044854
 4605 70380       1000      727 0.044852
 4606 71059       1000      801 0.044848
 4607 72873       1000      794 0.044847
 4608 87579       1000      740 0.044847
 4609 77442       1000      803 0.044846
 4610 73034       1000      792 0.044845
 4611 69751       1000      801 0.044844
 4612 70081       1000      791 0.044840
 4613 65959       1000      792 0.044840
 4614 67551       1000      811 0.044840
 4615 88475       1000      796 0.044839
 4616 80938       1000      713 0.044839
 4617 88831       1000      804 0.044838
 4618 71006       1000      809 0.044832
 4619 80373       1000      790 0.044832
 4620 81415       1000      791 0.044830
 4621 72593       1000      806 0.044828
 4622 86451       1000      787 0.044828
 4623 77061       1000      811 0.044827
 4624 86945       1000      790 0.044827
 4625 75311       1000      787 0.044826
 4626 78270       1000      802 0.044824
 4627 70813       1000      792 0.044823
 4628 76098       1000      820 0.044821
 4629 84250       1000      809 0.044821
 4630 79991       1000      807 0.044821
 4631 80748       1000      807 0.044820
 4632 78437       1000      745 0.044820
 4633 70946       1000      792 0.044818
 4634 70787       1000      797 0.044818
 4635 86536       1000      724 0.044816
 4636 68808       1000      808 0.044816
 4637 84646       1000      810 0.044814
 4638 73622       1000      776 0.044814
 4639 85968       1000      814 0.044809
 4640 66647       1000      784 0.044809
 4641 87763       1000      793 0.044804
 4642 85883       1000      799 0.044804
 4643 88512       1000      796 0.044804
 4644 83883       1000      805 0.044803
 4645 83708       1000      798 0.044801
 4646 79095       1000      802 0.044798
 4647 72065       1000      808 0.044795
 4648 73955       1000      780 0.044794
 4649 72254       1000      815 0.044793
 4650 76992       1000      812 0.044792
 4651 88468       1000      717 0.044787
 4652 69754       1000      808 0.044786
 4653 66767       1000      793 0.044785
 4654 66636       1000      797 0.044784
 4655 87756       1000      778 0.044780
 4656 77761       1000      810 0.044778
 4657 88372       1000      797 0.044778
 4658 84042       1000      795 0.044777
 4659 85210       1000      797 0.044776
 4660 68733       1000      775 0.044771
 4661 71846       1000      717 0.044770
 4662 80115       1000      817 0.044768
 4663 80682       1000      814 0.044767
 4664 69427       1000      738 0.044767
 4665 77679       1000      780 0.044764
 4666 82272       1000      795 0.044764
 4667 70260       1000      793 0.044762
 4668 80352       1000      772 0.044761
 4669 67146       1000      795 0.044760
 4670 84020       1000      796 0.044759
 4671 66642       1000      817 0.044758
 4672 70077       1000      796 0.044757
 4673 69134       1000      799 0.044756
 4674 88156       1000      789 0.044756
 4675 88010       1000      786 0.044753
 4676 68005       1000      794 0.044752
 4677 83177       1000      787 0.044752
 4678 71836       1000      715 0.044751
 4679 76720       1000      823 0.044751
 4680 88978       1000      800 0.044749
 4681 66411       1000      782 0.044747
 4682 72993       1000      791 0.044746
 4683 74252       1000      822 0.044746
 4684 74391       1000      773 0.044744
 4685 69195       1000      789 0.044744
 4686 70672       1000      803 0.044743
 4687 82718       1000      799 0.044743
 4688 87126       1000      719 0.044743
 4689 78823       1000      802 0.044742
 4690 78081       1000      801 0.044739
 4691 81054       1000      813 0.044738
 4692 85308       1000      808 0.044738
 4693 85648       1000      793 0.044738
 4694 85465       1000      790 0.044736
 4695 84859       1000      738 0.044735
 4696 67451       1000      801 0.044734
 4697 66423       1000      815 0.044732
 4698 68552       1000      728 0.044732
 4699 76990       1000      724 0.044732
 4700 89007       1000      785 0.044731
 4701 67679       1000      805 0.044728
 4702 67575       1000      809 0.044727
 4703 80162       1000      812 0.044726
 4704 80604       1000      720 0.044725
 4705 87007       1000      814 0.044724
 4706 84480       1000      726 0.044723
 4707 86555       1000      731 0.044721
 4708 80028       1000      810 0.044720
 4709 75571       1000      794 0.044720
 4710 76965       1000      725 0.044719
 4711 69162       1000      743 0.044718
 4712 72555       1000      812 0.044714
 4713 77213       1000      815 0.044714
 4714 69261       1000      796 0.044712
 4715 83484       1000      810 0.044711
 4716 72454       1000      775 0.044708
 4717 88243       1000      807 0.044703
 4718 88284       1000      794 0.044700
 4719 88436       1000      801 0.044698
 4720 68517       1000      805 0.044698
 4721 73949       1000      800 0.044698
 4722 79753       1000      809 0.044697
 4723 88672       1000      816 0.044695
 4724 68377       1000      815 0.044695
 4725 71894       1000      704 0.044695
 4726 73431       1000      814 0.044695
 4727 84063       1000      776 0.044694
 4728 69373       1000      807 0.044693
 4729 81813       1000      808 0.044691
 4730 73220       1000      824 0.044689
 4731 77569       1000      799 0.044684
 4732 69170       1000      700 0.044683
 4733 83159       1000      810 0.044682
 4734 74435       1000      814 0.044681
 4735 88930       1000      727 0.044680
 4736 82028       1000      779 0.044679
 4737 69408       1000      731 0.044678
 4738 77423       1000      784 0.044677
 4739 71251       1000      805 0.044675
 4740 84300       1000      808 0.044673
 4741 68740       1000      744 0.044673
 4742 68897       1000      712 0.044671
 4743 73266       1000      792 0.044667
 4744 65829       1000      780 0.044666
 4745 80237       1000      807 0.044664
 4746 68537       1000      710 0.044664
 4747 84585       1000      804 0.044664
 4748 76769       1000      806 0.044663
 4749 84309       1000      789 0.044662
 4750 84840       1000      795 0.044662
 4751 86266       1000      816 0.044661
 4752 76103       1000      805 0.044659
 4753 80314       1000      796 0.044658
 4754 87748       1000      807 0.044657
 4755 68714       1000      805 0.044657
 4756 67627       1000      792 0.044654
 4757 87053       1000      800 0.044653
 4758 83358       1000      778 0.044652
 4759 71878       1000      711 0.044652
 4760 69534       1000      801 0.044651
 4761 76766       1000      812 0.044651
 4762 80651       1000      796 0.044650
 4763 75071       1000      805 0.044648
 4764 85035       1000      698 0.044647
 4765 77192       1000      810 0.044647
 4766 74535       1000      789 0.044644
 4767 75952       1000      804 0.044644
 4768 81413       1000      806 0.044643
 4769 66036       1000      783 0.044642
 4770 68111       1000      791 0.044642
 4771 70552       1000      795 0.044641
 4772 75897       1000      793 0.044639
 4773 81261       1000      831 0.044639
 4774 77945       1000      782 0.044637
 4775 83553       1000      809 0.044636
 4776 67177       1000      790 0.044633
 4777 74076       1000      800 0.044632
 4778 66447       1000      805 0.044631
 4779 79083       1000      804 0.044629
 4780 83520       1000      832 0.044627
 4781 67962       1000      808 0.044624
 4782 78754       1000      699 0.044622
 4783 70677       1000      815 0.044621
 4784 72096       1000      795 0.044620
 4785 71194       1000      786 0.044619
 4786 88605       1000      808 0.044619
 4787 79403       1000      800 0.044618
 4788 68725       1000      794 0.044617
 4789 69737       1000      800 0.044617
 4790 70135       1000      813 0.044616
 4791 79523       1000      808 0.044615
 4792 68400       1000      806 0.044614
 4793 84008       1000      716 0.044611
 4794 79907       1000      806 0.044611
 4795 74382       1000      772 0.044611
 4796 75504       1000      706 0.044610
 4797 70488       1000      732 0.044609
 4798 84007       1000      778 0.044609
 4799 74613       1000      807 0.044609
 4800 81425       1000      788 0.044609
 4801 83108       1000      784 0.044606
 4802 74078       1000      784 0.044605
 4803 74373       1000      785 0.044605
 4804 68291       1000      798 0.044604
 4805 76174       1000      790 0.044602
 4806 83918       1000      815 0.044601
 4807 70862       1000      816 0.044601
 4808 75805       1000      786 0.044598
 4809 80158       1000      800 0.044596
 4810 77048       1000      808 0.044595
 4811 85413       1000      810 0.044594
 4812 87446       1000      809 0.044593
 4813 74876       1000      806 0.044591
 4814 87835       1000      774 0.044590
 4815 67119       1000      717 0.044590
 4816 88071       1000      813 0.044589
 4817 76034       1000      831 0.044585
 4818 72519       1000      798 0.044583
 4819 72761       1000      791 0.044576
 4820 88835       1000      818 0.044575
 4821 72508       1000      809 0.044573
 4822 70471       1000      797 0.044567
 4823 86136       1000      801 0.044566
 4824 82711       1000      712 0.044566
 4825 88551       1000      812 0.044565
 4826 82010       1000      798 0.044562
 4827 67963       1000      765 0.044560
 4828 71379       1000      710 0.044558
 4829 86152       1000      806 0.044558
 4830 84490       1000      760 0.044556
 4831 68645       1000      803 0.044554
 4832 85672       1000      729 0.044553
 4833 77154       1000      751 0.044551
 4834 78980       1000      808 0.044548
 4835 72644       1000      789 0.044547
 4836 87856       1000      805 0.044547
 4837 81996       1000      785 0.044547
 4838 83285       1000      812 0.044547
 4839 82382       1000      740 0.044546
 4840 86993       1000      798 0.044546
 4841 79575       1000      764 0.044544
 4842 88879       1000      716 0.044544
 4843 67713       1000      801 0.044543
 4844 88802       1000      825 0.044540
 4845 84798       1000      802 0.044535
 4846 77992       1000      711 0.044533
 4847 70046       1000      795 0.044531
 4848 72237       1000      814 0.044531
 4849 66973       1000      791 0.044530
 4850 76920       1000      740 0.044528
 4851 80425       1000      796 0.044525
 4852 84919       1000      799 0.044523
 4853 79283       1000      791 0.044523
 4854 83387       1000      688 0.044522
 4855 82603       1000      802 0.044518
 4856 68969       1000      783 0.044518
 4857 87998       1000      828 0.044516
 4858 74450       1000      799 0.044513
 4859 79488       1000      799 0.044513
 4860 86483       1000      716 0.044513
 4861 71254       1000      792 0.044509
 4862 87733       1000      807 0.044507
 4863 84492       1000      793 0.044504
 4864 67893       1000      795 0.044503
 4865 86913       1000      693 0.044503
 4866 88037       1000      793 0.044503
 4867 73304       1000      794 0.044501
 4868 75572       1000      795 0.044501
 4869 85533       1000      735 0.044498
 4870 72006       1000      794 0.044497
 4871 68350       1000      809 0.044494
 4872 76559       1000      798 0.044493
 4873 74912       1000      737 0.044490
 4874 87048       1000      801 0.044490
 4875 88769       1000      783 0.044487
 4876 82017       1000      790 0.044487
 4877 87169       1000      742 0.044487
 4878 68446       1000      803 0.044486
 4879 68431       1000      804 0.044484
 4880 73825       1000      791 0.044484
 4881 66463       1000      725 0.044480
 4882 79144       1000      807 0.044479
 4883 79771       1000      796 0.044479
 4884 79761       1000      810 0.044477
 4885 71354       1000      698 0.044475
 4886 85352       1000      803 0.044474
 4887 85041       1000      814 0.044473
 4888 73364       1000      807 0.044470
 4889 88261       1000      794 0.044469
 4890 72404       1000      802 0.044467
 4891 82081       1000      799 0.044467
 4892 82233       1000      775 0.044465
 4893 87645       1000      785 0.044464
 4894 75418       1000      813 0.044464
 4895 77056       1000      791 0.044462
 4896 77001       1000      800 0.044461
 4897 71929       1000      785 0.044460
 4898 68285       1000      806 0.044460
 4899 67705       1000      778 0.044455
 4900 71247       1000      775 0.044453
 4901 83444       1000      771 0.044449
 4902 72611       1000      798 0.044448
 4903 72619       1000      790 0.044447
 4904 81588       1000      807 0.044446
 4905 68495       1000      821 0.044444
 4906 80244       1000      837 0.044441
 4907 66773       1000      812 0.044440
 4908 71243       1000      736 0.044439
 4909 75330       1000      814 0.044435
 4910 84503       1000      822 0.044435
 4911 74128       1000      803 0.044435
 4912 71689       1000      788 0.044434
 4913 68494       1000      829 0.044433
 4914 67354       1000      789 0.044431
 4915 79796       1000      795 0.044430
 4916 75386       1000      754 0.044429
 4917 71112       1000      802 0.044429
 4918 76960       1000      799 0.044428
 4919 75683       1000      782 0.044428
 4920 78266       1000      787 0.044428
 4921 86148       1000      798 0.044426
 4922 76148       1000      810 0.044424
 4923 80710       1000      744 0.044424
 4924 71958       1000      800 0.044422
 4925 81585       1000      816 0.044422
 4926 87089       1000      803 0.044421
 4927 88860       1000      805 0.044420
 4928 71764       1000      821 0.044417
 4929 73756       1000      798 0.044416
 4930 78164       1000      804 0.044415
 4931 72886       1000      824 0.044413
 4932 73228       1000      791 0.044412
 4933 84413       1000      745 0.044412
 4934 77216       1000      721 0.044408
 4935 74979       1000      792 0.044407
 4936 85626       1000      811 0.044405
 4937 84072       1000      738 0.044405
 4938 83957       1000      797 0.044404
 4939 85350       1000      788 0.044402
 4940 80896       1000      812 0.044399
 4941 84523       1000      801 0.044398
 4942 81566       1000      812 0.044398
 4943 86248       1000      731 0.044396
 4944 88600       1000      791 0.044396
 4945 77763       1000      794 0.044395
 4946 87065       1000      720 0.044393
 4947 78185       1000      805 0.044391
 4948 69709       1000      738 0.044389
 4949 72231       1000      696 0.044386
 4950 85147       1000      722 0.044381
 4951 65825       1000      817 0.044379
 4952 73397       1000      800 0.044378
 4953 77987       1000      774 0.044372
 4954 84415       1000      812 0.044371
 4955 86864       1000      811 0.044370
 4956 76746       1000      810 0.044368
 4957 87617       1000      780 0.044366
 4958 68721       1000      809 0.044364
 4959 68347       1000      767 0.044363
 4960 74962       1000      825 0.044362
 4961 67017       1000      775 0.044352
 4962 80863       1000      813 0.044350
 4963 68622       1000      811 0.044349
 4964 88740       1000      800 0.044349
 4965 72458       1000      714 0.044347
 4966 75212       1000      810 0.044346
 4967 74537       1000      715 0.044346
 4968 65945       1000      802 0.044346
 4969 83870       1000      803 0.044345
 4970 75847       1000      782 0.044341
 4971 65928       1000      824 0.044339
 4972 79545       1000      784 0.044336
 4973 82418       1000      741 0.044334
 4974 75267       1000      807 0.044331
 4975 85060       1000      708 0.044331
 4976 81628       1000      765 0.044329
 4977 71175       1000      808 0.044325
 4978 77530       1000      811 0.044324
 4979 81504       1000      810 0.044323
 4980 70005       1000      724 0.044322
 4981 82604       1000      810 0.044316
 4982 84533       1000      816 0.044316
 4983 68917       1000      737 0.044315
 4984 73235       1000      717 0.044314
 4985 73956       1000      730 0.044314
 4986 67786       1000      806 0.044314
 4987 77347       1000      806 0.044312
 4988 83645       1000      794 0.044311
 4989 81499       1000      808 0.044308
 4990 77819       1000      800 0.044305
 4991 72961       1000      800 0.044303
 4992 67872       1000      804 0.044302
 4993 72950       1000      813 0.044302
 4994 86509       1000      795 0.044301
 4995 84811       1000      713 0.044299
 4996 66929       1000      815 0.044298
 4997 84329       1000      814 0.044298
 4998 72469       1000      782 0.044297
 4999 69340       1000      795 0.044297
 5000 74109       1000      731 0.044295
 5001 78135       1000      811 0.044294
 5002 69953       1000      798 0.044290
 5003 73012       1000      801 0.044289
 5004 79763       1000      809 0.044288
 5005 72325       1000      727 0.044287
 5006 85951       1000      792 0.044287
 5007 76996       1000      743 0.044285
 5008 76578       1000      804 0.044285
 5009 73157       1000      728 0.044282
 5010 73390       1000      780 0.044281
 5011 76340       1000      803 0.044279
 5012 82414       1000      770 0.044277
 5013 67880       1000      814 0.044274
 5014 81602       1000      789 0.044273
 5015 87193       1000      826 0.044272
 5016 72854       1000      795 0.044270
 5017 71530       1000      805 0.044270
 5018 66796       1000      831 0.044267
 5019 75670       1000      817 0.044266
 5020 87259       1000      812 0.044265
 5021 76908       1000      785 0.044260
 5022 81169       1000      820 0.044260
 5023 88538       1000      810 0.044258
 5024 80570       1000      814 0.044257
 5025 72689       1000      715 0.044254
 5026 67189       1000      784 0.044252
 5027 82278       1000      720 0.044250
 5028 71632       1000      781 0.044246
 5029 67115       1000      790 0.044244
 5030 85158       1000      812 0.044244
 5031 72190       1000      806 0.044242
 5032 77951       1000      807 0.044241
 5033 84137       1000      723 0.044240
 5034 76881       1000      802 0.044233
 5035 81059       1000      789 0.044231
 5036 88373       1000      802 0.044230
 5037 81894       1000      768 0.044228
 5038 87388       1000      813 0.044228
 5039 68818       1000      742 0.044228
 5040 77897       1000      768 0.044226
 5041 66657       1000      800 0.044225
 5042 80185       1000      811 0.044224
 5043 75901       1000      794 0.044224
 5044 85772       1000      781 0.044223
 5045 73116       1000      805 0.044220
 5046 74908       1000      798 0.044219
 5047 73045       1000      741 0.044218
 5048 72880       1000      818 0.044217
 5049 81712       1000      827 0.044212
 5050 66656       1000      786 0.044211
 5051 84958       1000      794 0.044211
 5052 68323       1000      785 0.044207
 5053 73679       1000      810 0.044206
 5054 68977       1000      716 0.044204
 5055 78469       1000      735 0.044203
 5056 88528       1000      784 0.044202
 5057 75687       1000      814 0.044202
 5058 72989       1000      808 0.044201
 5059 82294       1000      798 0.044198
 5060 82879       1000      771 0.044198
 5061 69874       1000      799 0.044193
 5062 67245       1000      794 0.044188
 5063 81517       1000      795 0.044188
 5064 68546       1000      800 0.044186
 5065 69252       1000      790 0.044186
 5066 66988       1000      789 0.044183
 5067 72391       1000      757 0.044183
 5068 78094       1000      810 0.044181
 5069 76377       1000      794 0.044178
 5070 80911       1000      722 0.044178
 5071 66683       1000      811 0.044177
 5072 81083       1000      809 0.044176
 5073 77815       1000      784 0.044175
 5074 70376       1000      792 0.044174
 5075 73087       1000      809 0.044174
 5076 88453       1000      819 0.044172
 5077 84206       1000      795 0.044170
 5078 86535       1000      737 0.044168
 5079 78163       1000      816 0.044167
 5080 85494       1000      821 0.044167
 5081 75660       1000      794 0.044164
 5082 83905       1000      797 0.044163
 5083 86590       1000      811 0.044163
 5084 79368       1000      798 0.044158
 5085 71714       1000      788 0.044157
 5086 80121       1000      809 0.044156
 5087 69043       1000      795 0.044155
 5088 71230       1000      746 0.044153
 5089 72328       1000      802 0.044150
 5090 67096       1000      795 0.044149
 5091 81727       1000      813 0.044146
 5092 72901       1000      789 0.044143
 5093 82219       1000      810 0.044140
 5094 88315       1000      774 0.044140
 5095 66011       1000      796 0.044140
 5096 81193       1000      804 0.044139
 5097 86471       1000      814 0.044138
 5098 67712       1000      791 0.044137
 5099 85991       1000      799 0.044136
 5100 86372       1000      810 0.044136
 5101 85211       1000      796 0.044136
 5102 65956       1000      748 0.044135
 5103 73274       1000      817 0.044135
 5104 77221       1000      819 0.044135
 5105 75658       1000      794 0.044132
 5106 82932       1000      803 0.044131
 5107 82491       1000      798 0.044127
 5108 81157       1000      778 0.044126
 5109 78383       1000      784 0.044126
 5110 74775       1000      799 0.044124
 5111 87475       1000      794 0.044124
 5112 74836       1000      802 0.044123
 5113 83369       1000      790 0.044122
 5114 69588       1000      817 0.044122
 5115 74294       1000      804 0.044121
 5116 82151       1000      798 0.044119
 5117 76865       1000      826 0.044118
 5118 66009       1000      807 0.044117
 5119 82441       1000      732 0.044115
 5120 79555       1000      790 0.044113
 5121 82782       1000      804 0.044113
 5122 72830       1000      783 0.044111
 5123 80602       1000      804 0.044110
 5124 74906       1000      787 0.044106
 5125 78299       1000      793 0.044106
 5126 75675       1000      814 0.044103
 5127 74777       1000      818 0.044102
 5128 88383       1000      808 0.044100
 5129 66673       1000      720 0.044100
 5130 79450       1000      789 0.044099
 5131 83000       1000      730 0.044097
 5132 77664       1000      827 0.044095
 5133 80875       1000      798 0.044095
 5134 69205       1000      719 0.044094
 5135 84323       1000      798 0.044093
 5136 75865       1000      816 0.044092
 5137 66095       1000      787 0.044092
 5138 79222       1000      795 0.044091
 5139 81085       1000      783 0.044090
 5140 86063       1000      717 0.044087
 5141 85724       1000      804 0.044087
 5142 87836       1000      701 0.044087
 5143 69851       1000      791 0.044086
 5144 86395       1000      787 0.044085
 5145 70804       1000      806 0.044085
 5146 67240       1000      794 0.044084
 5147 71920       1000      805 0.044083
 5148 73072       1000      809 0.044082
 5149 70534       1000      828 0.044079
 5150 71266       1000      715 0.044077
 5151 68227       1000      797 0.044075
 5152 81812       1000      810 0.044071
 5153 74044       1000      790 0.044068
 5154 69000       1000      814 0.044063
 5155 85500       1000      716 0.044062
 5156 76388       1000      790 0.044059
 5157 80177       1000      778 0.044058
 5158 67185       1000      736 0.044057
 5159 80807       1000      800 0.044057
 5160 67018       1000      803 0.044057
 5161 88786       1000      798 0.044055
 5162 69067       1000      819 0.044053
 5163 70158       1000      801 0.044053
 5164 79482       1000      814 0.044051
 5165 80584       1000      788 0.044051
 5166 77728       1000      800 0.044051
 5167 79613       1000      785 0.044051
 5168 70316       1000      699 0.044050
 5169 77157       1000      827 0.044050
 5170 80732       1000      740 0.044050
 5171 84389       1000      792 0.044048
 5172 69335       1000      790 0.044047
 5173 69755       1000      788 0.044046
 5174 88391       1000      817 0.044045
 5175 85698       1000      792 0.044044
 5176 73620       1000      804 0.044042
 5177 88502       1000      798 0.044041
 5178 81419       1000      792 0.044037
 5179 81243       1000      803 0.044036
 5180 77926       1000      810 0.044035
 5181 68085       1000      785 0.044031
 5182 67124       1000      701 0.044030
 5183 78503       1000      805 0.044029
 5184 72501       1000      788 0.044028
 5185 77463       1000      788 0.044028
 5186 87601       1000      724 0.044027
 5187 85914       1000      797 0.044027
 5188 69775       1000      715 0.044026
 5189 70210       1000      799 0.044025
 5190 86986       1000      797 0.044024
 5191 73003       1000      787 0.044022
 5192 73293       1000      819 0.044014
 5193 84354       1000      715 0.044007
 5194 71724       1000      794 0.044006
 5195 82800       1000      721 0.044004
 5196 74882       1000      794 0.044002
 5197 77550       1000      789 0.044001
 5198 78630       1000      722 0.044001
 5199 68506       1000      797 0.044000
 5200 67718       1000      722 0.043999
 5201 69256       1000      774 0.043996
 5202 76172       1000      735 0.043996
 5203 71141       1000      800 0.043995
 5204 78859       1000      708 0.043994
 5205 73128       1000      727 0.043992
 5206 71341       1000      791 0.043991
 5207 74378       1000      817 0.043990
 5208 66607       1000      797 0.043989
 5209 86639       1000      802 0.043987
 5210 85429       1000      829 0.043986
 5211 77274       1000      783 0.043985
 5212 75313       1000      733 0.043985
 5213 72286       1000      796 0.043985
 5214 73550       1000      801 0.043984
 5215 72127       1000      800 0.043980
 5216 76309       1000      729 0.043980
 5217 84128       1000      796 0.043979
 5218 76622       1000      781 0.043979
 5219 81335       1000      799 0.043979
 5220 85847       1000      823 0.043979
 5221 77281       1000      781 0.043977
 5222 88625       1000      796 0.043977
 5223 69272       1000      708 0.043976
 5224 69007       1000      806 0.043976
 5225 84591       1000      816 0.043974
 5226 70981       1000      797 0.043973
 5227 77927       1000      787 0.043973
 5228 82323       1000      801 0.043972
 5229 74790       1000      801 0.043969
 5230 83459       1000      740 0.043969
 5231 77420       1000      802 0.043967
 5232 75766       1000      711 0.043966
 5233 88689       1000      824 0.043962
 5234 85507       1000      810 0.043960
 5235 74000       1000      803 0.043960
 5236 82293       1000      811 0.043959
 5237 75594       1000      817 0.043958
 5238 88400       1000      791 0.043957
 5239 74650       1000      721 0.043957
 5240 72679       1000      710 0.043957
 5241 82055       1000      796 0.043956
 5242 74840       1000      778 0.043954
 5243 72373       1000      796 0.043952
 5244 75656       1000      738 0.043952
 5245 76108       1000      774 0.043951
 5246 74967       1000      808 0.043947
 5247 81315       1000      798 0.043947
 5248 70161       1000      790 0.043945
 5249 79888       1000      809 0.043943
 5250 79094       1000      705 0.043942
 5251 88002       1000      791 0.043940
 5252 71914       1000      809 0.043939
 5253 68640       1000      836 0.043938
 5254 71448       1000      812 0.043936
 5255 65838       1000      804 0.043935
 5256 72590       1000      800 0.043935
 5257 86547       1000      808 0.043935
 5258 79007       1000      804 0.043933
 5259 74077       1000      787 0.043932
 5260 80775       1000      813 0.043931
 5261 86554       1000      722 0.043931
 5262 74316       1000      727 0.043930
 5263 67406       1000      801 0.043929
 5264 85432       1000      796 0.043928
 5265 80528       1000      818 0.043925
 5266 79906       1000      824 0.043925
 5267 79087       1000      814 0.043922
 5268 84789       1000      794 0.043921
 5269 69277       1000      810 0.043921
 5270 85149       1000      809 0.043921
 5271 75192       1000      805 0.043918
 5272 74705       1000      803 0.043917
 5273 75545       1000      790 0.043916
 5274 66564       1000      798 0.043916
 5275 67565       1000      803 0.043916
 5276 78793       1000      789 0.043916
 5277 80511       1000      737 0.043912
 5278 88154       1000      788 0.043912
 5279 73776       1000      809 0.043911
 5280 79551       1000      800 0.043909
 5281 88381       1000      802 0.043908
 5282 75401       1000      781 0.043908
 5283 78529       1000      802 0.043908
 5284 70465       1000      722 0.043906
 5285 72239       1000      807 0.043906
 5286 88265       1000      825 0.043906
 5287 80444       1000      800 0.043905
 5288 68219       1000      719 0.043899
 5289 82670       1000      788 0.043899
 5290 86901       1000      711 0.043898
 5291 83248       1000      700 0.043898
 5292 78427       1000      803 0.043897
 5293 81924       1000      793 0.043896
 5294 87729       1000      791 0.043891
 5295 67282       1000      793 0.043887
 5296 71656       1000      808 0.043886
 5297 88078       1000      794 0.043885
 5298 75771       1000      802 0.043884
 5299 76845       1000      811 0.043882
 5300 83801       1000      733 0.043882
 5301 76750       1000      804 0.043882
 5302 72581       1000      799 0.043881
 5303 80878       1000      731 0.043880
 5304 76949       1000      710 0.043879
 5305 71698       1000      784 0.043876
 5306 68192       1000      795 0.043870
 5307 77106       1000      738 0.043869
 5308 71124       1000      817 0.043868
 5309 86025       1000      812 0.043862
 5310 69180       1000      804 0.043862
 5311 76518       1000      749 0.043861
 5312 79392       1000      713 0.043860
 5313 84573       1000      815 0.043855
 5314 77305       1000      805 0.043854
 5315 82648       1000      789 0.043853
 5316 72885       1000      735 0.043852
 5317 85627       1000      807 0.043850
 5318 70392       1000      809 0.043850
 5319 73234       1000      809 0.043850
 5320 83049       1000      782 0.043849
 5321 70723       1000      795 0.043847
 5322 80838       1000      797 0.043847
 5323 68805       1000      806 0.043847
 5324 74539       1000      735 0.043847
 5325 66337       1000      785 0.043844
 5326 73903       1000      804 0.043843
 5327 82179       1000      797 0.043842
 5328 85134       1000      684 0.043841
 5329 79731       1000      826 0.043839
 5330 88785       1000      809 0.043838
 5331 82995       1000      802 0.043837
 5332 86479       1000      781 0.043837
 5333 88298       1000      796 0.043837
 5334 72532       1000      804 0.043836
 5335 85522       1000      783 0.043834
 5336 73222       1000      797 0.043831
 5337 88927       1000      803 0.043827
 5338 70699       1000      798 0.043827
 5339 67133       1000      783 0.043827
 5340 68074       1000      804 0.043826
 5341 80142       1000      793 0.043825
 5342 67103       1000      813 0.043825
 5343 79383       1000      791 0.043824
 5344 86260       1000      782 0.043824
 5345 80071       1000      813 0.043823
 5346 78374       1000      813 0.043820
 5347 67676       1000      807 0.043820
 5348 87557       1000      791 0.043819
 5349 83457       1000      785 0.043819
 5350 85108       1000      820 0.043818
 5351 72044       1000      786 0.043817
 5352 77208       1000      791 0.043817
 5353 83603       1000      807 0.043816
 5354 74440       1000      724 0.043815
 5355 83196       1000      804 0.043814
 5356 84947       1000      723 0.043813
 5357 66902       1000      716 0.043813
 5358 81515       1000      803 0.043812
 5359 81510       1000      735 0.043811
 5360 81096       1000      804 0.043810
 5361 70983       1000      773 0.043809
 5362 70389       1000      820 0.043808
 5363 80889       1000      812 0.043806
 5364 76516       1000      739 0.043806
 5365 71195       1000      768 0.043804
 5366 81165       1000      733 0.043804
 5367 73563       1000      806 0.043804
 5368 74722       1000      783 0.043803
 5369 65849       1000      803 0.043803
 5370 80483       1000      807 0.043799
 5371 87684       1000      804 0.043799
 5372 80915       1000      799 0.043797
 5373 89098       1000      794 0.043796
 5374 83834       1000      791 0.043795
 5375 70593       1000      825 0.043794
 5376 76369       1000      801 0.043790
 5377 79110       1000      807 0.043790
 5378 67634       1000      804 0.043788
 5379 67204       1000      801 0.043787
 5380 88127       1000      792 0.043787
 5381 67829       1000      807 0.043785
 5382 81782       1000      799 0.043785
 5383 70118       1000      796 0.043783
 5384 84644       1000      806 0.043782
 5385 89113       1000      801 0.043782
 5386 75044       1000      806 0.043779
 5387 82707       1000      736 0.043779
 5388 72652       1000      811 0.043776
 5389 87127       1000      805 0.043775
 5390 82439       1000      776 0.043775
 5391 87227       1000      796 0.043774
 5392 88736       1000      703 0.043772
 5393 66874       1000      780 0.043771
 5394 79294       1000      781 0.043768
 5395 67252       1000      805 0.043768
 5396 76596       1000      787 0.043766
 5397 78322       1000      720 0.043764
 5398 76847       1000      738 0.043761
 5399 74655       1000      785 0.043758
 5400 88993       1000      793 0.043757
 5401 72987       1000      787 0.043755
 5402 72717       1000      817 0.043755
 5403 88463       1000      749 0.043753
 5404 84921       1000      806 0.043752
 5405 79983       1000      711 0.043747
 5406 72158       1000      785 0.043744
 5407 88824       1000      816 0.043744
 5408 86771       1000      799 0.043743
 5409 70369       1000      797 0.043742
 5410 87952       1000      807 0.043741
 5411 75844       1000      807 0.043740
 5412 76035       1000      797 0.043737
 5413 85234       1000      791 0.043737
 5414 85631       1000      808 0.043735
 5415 67128       1000      822 0.043734
 5416 71037       1000      792 0.043734
 5417 82121       1000      793 0.043733
 5418 83774       1000      806 0.043732
 5419 88286       1000      815 0.043732
 5420 69009       1000      785 0.043730
 5421 79692       1000      810 0.043730
 5422 75461       1000      798 0.043729
 5423 85305       1000      818 0.043729
 5424 77264       1000      803 0.043729
 5425 77793       1000      717 0.043728
 5426 70256       1000      701 0.043727
 5427 80000       1000      765 0.043726
 5428 67489       1000      723 0.043726
 5429 82143       1000      790 0.043725
 5430 74307       1000      796 0.043722
 5431 76427       1000      814 0.043720
 5432 67660       1000      770 0.043718
 5433 73250       1000      807 0.043716
 5434 72339       1000      712 0.043713
 5435 79031       1000      724 0.043713
 5436 88970       1000      790 0.043712
 5437 84779       1000      716 0.043710
 5438 82659       1000      789 0.043709
 5439 66065       1000      794 0.043708
 5440 78075       1000      811 0.043708
 5441 75543       1000      782 0.043708
 5442 74133       1000      804 0.043706
 5443 72596       1000      718 0.043704
 5444 79507       1000      824 0.043703
 5445 67417       1000      774 0.043703
 5446 73004       1000      723 0.043703
 5447 68904       1000      818 0.043702
 5448 76662       1000      732 0.043702
 5449 83649       1000      800 0.043700
 5450 84143       1000      816 0.043697
 5451 70667       1000      802 0.043696
 5452 77181       1000      772 0.043696
 5453 83396       1000      773 0.043694
 5454 76634       1000      803 0.043694
 5455 73095       1000      741 0.043694
 5456 79183       1000      805 0.043693
 5457 84185       1000      818 0.043688
 5458 85329       1000      729 0.043687
 5459 82114       1000      701 0.043686
 5460 76628       1000      802 0.043686
 5461 66122       1000      791 0.043685
 5462 70333       1000      791 0.043685
 5463 79707       1000      819 0.043680
 5464 68147       1000      719 0.043678
 5465 75439       1000      783 0.043678
 5466 82943       1000      720 0.043677
 5467 72474       1000      719 0.043676
 5468 67753       1000      818 0.043671
 5469 86973       1000      814 0.043670
 5470 75918       1000      713 0.043670
 5471 75932       1000      803 0.043670
 5472 78337       1000      808 0.043664
 5473 74920       1000      786 0.043663
 5474 68573       1000      797 0.043663
 5475 78594       1000      768 0.043662
 5476 85935       1000      798 0.043662
 5477 75667       1000      734 0.043660
 5478 79859       1000      700 0.043658
 5479 66392       1000      800 0.043658
 5480 81871       1000      803 0.043657
 5481 84748       1000      816 0.043656
 5482 66330       1000      810 0.043656
 5483 81769       1000      809 0.043655
 5484 71505       1000      794 0.043653
 5485 73029       1000      826 0.043653
 5486 85048       1000      799 0.043652
 5487 88872       1000      736 0.043650
 5488 66353       1000      715 0.043647
 5489 86996       1000      785 0.043647
 5490 84513       1000      786 0.043643
 5491 85577       1000      788 0.043643
 5492 67268       1000      779 0.043642
 5493 69086       1000      826 0.043642
 5494 71214       1000      798 0.043642
 5495 72780       1000      788 0.043636
 5496 87954       1000      747 0.043636
 5497 76621       1000      793 0.043635
 5498 80164       1000      812 0.043635
 5499 88778       1000      795 0.043635
 5500 74286       1000      797 0.043635
 5501 69644       1000      789 0.043635
 5502 66948       1000      816 0.043635
 5503 77816       1000      808 0.043630
 5504 72471       1000      736 0.043629
 5505 77676       1000      803 0.043628
 5506 82985       1000      794 0.043627
 5507 73646       1000      794 0.043627
 5508 66563       1000      810 0.043626
 5509 88342       1000      791 0.043624
 5510 78990       1000      797 0.043623
 5511 77176       1000      713 0.043622
 5512 76233       1000      807 0.043620
 5513 88987       1000      817 0.043618
 5514 74470       1000      796 0.043618
 5515 75877       1000      810 0.043616
 5516 88162       1000      734 0.043616
 5517 79565       1000      716 0.043614
 5518 81136       1000      776 0.043612
 5519 87951       1000      733 0.043612
 5520 84671       1000      795 0.043611
 5521 84339       1000      703 0.043611
 5522 79944       1000      782 0.043609
 5523 78979       1000      798 0.043608
 5524 81709       1000      812 0.043608
 5525 88763       1000      797 0.043605
 5526 79620       1000      823 0.043603
 5527 68017       1000      800 0.043602
 5528 87396       1000      799 0.043599
 5529 66016       1000      786 0.043598
 5530 86518       1000      734 0.043597
 5531 82490       1000      782 0.043597
 5532 70464       1000      725 0.043596
 5533 66160       1000      797 0.043595
 5534 71974       1000      718 0.043594
 5535 66408       1000      778 0.043594
 5536 69338       1000      701 0.043593
 5537 86709       1000      802 0.043592
 5538 73687       1000      793 0.043592
 5539 79189       1000      786 0.043591
 5540 73031       1000      792 0.043590
 5541 82472       1000      802 0.043590
 5542 78580       1000      785 0.043586
 5543 71824       1000      796 0.043586
 5544 84035       1000      825 0.043583
 5545 70654       1000      773 0.043582
 5546 71919       1000      742 0.043579
 5547 69838       1000      734 0.043579
 5548 72367       1000      792 0.043577
 5549 68724       1000      827 0.043577
 5550 81884       1000      787 0.043576
 5551 78134       1000      710 0.043575
 5552 67468       1000      808 0.043575
 5553 69494       1000      815 0.043572
 5554 79770       1000      777 0.043572
 5555 77735       1000      817 0.043571
 5556 83836       1000      806 0.043568
 5557 74890       1000      795 0.043567
 5558 87509       1000      812 0.043567
 5559 85316       1000      811 0.043565
 5560 84147       1000      792 0.043564
 5561 88784       1000      792 0.043563
 5562 86800       1000      802 0.043561
 5563 87922       1000      798 0.043561
 5564 82899       1000      793 0.043560
 5565 89068       1000      801 0.043559
 5566 72061       1000      797 0.043559
 5567 83556       1000      805 0.043558
 5568 70843       1000      793 0.043556
 5569 73348       1000      792 0.043551
 5570 72198       1000      788 0.043549
 5571 79819       1000      780 0.043545
 5572 83138       1000      797 0.043543
 5573 70541       1000      797 0.043543
 5574 79157       1000      798 0.043541
 5575 68004       1000      809 0.043539
 5576 80480       1000      795 0.043539
 5577 81031       1000      786 0.043536
 5578 85479       1000      808 0.043533
 5579 74799       1000      796 0.043532
 5580 76467       1000      809 0.043531
 5581 73278       1000      818 0.043530
 5582 77377       1000      793 0.043529
 5583 67261       1000      815 0.043529
 5584 76589       1000      801 0.043529
 5585 89150       1000      778 0.043528
 5586 67477       1000      804 0.043527
 5587 77466       1000      792 0.043527
 5588 78946       1000      722 0.043525
 5589 82942       1000      797 0.043522
 5590 84106       1000      805 0.043521
 5591 86424       1000      785 0.043521
 5592 88456       1000      811 0.043520
 5593 82242       1000      808 0.043519
 5594 66949       1000      795 0.043519
 5595 73224       1000      792 0.043518
 5596 85427       1000      796 0.043518
 5597 76226       1000      817 0.043516
 5598 77287       1000      795 0.043512
 5599 72936       1000      740 0.043511
 5600 71401       1000      810 0.043510
 5601 71772       1000      797 0.043509
 5602 66995       1000      815 0.043503
 5603 85395       1000      798 0.043502
 5604 67909       1000      800 0.043502
 5605 78295       1000      712 0.043499
 5606 71131       1000      713 0.043498
 5607 82931       1000      812 0.043498
 5608 83433       1000      794 0.043497
 5609 87869       1000      807 0.043497
 5610 67629       1000      813 0.043495
 5611 71201       1000      788 0.043495
 5612 88773       1000      815 0.043493
 5613 86301       1000      778 0.043493
 5614 77611       1000      726 0.043493
 5615 78170       1000      810 0.043490
 5616 70430       1000      799 0.043490
 5617 76294       1000      707 0.043490
 5618 78397       1000      721 0.043487
 5619 69378       1000      723 0.043484
 5620 74738       1000      797 0.043479
 5621 73101       1000      796 0.043479
 5622 70387       1000      792 0.043475
 5623 85195       1000      805 0.043475
 5624 82375       1000      707 0.043474
 5625 74826       1000      787 0.043470
 5626 73847       1000      795 0.043468
 5627 83538       1000      812 0.043467
 5628 84915       1000      809 0.043466
 5629 80891       1000      813 0.043466
 5630 80283       1000      808 0.043461
 5631 69790       1000      815 0.043460
 5632 66606       1000      777 0.043459
 5633 76707       1000      790 0.043458
 5634 76092       1000      793 0.043458
 5635 87273       1000      795 0.043458
 5636 72525       1000      804 0.043457
 5637 66813       1000      824 0.043456
 5638 86774       1000      772 0.043452
 5639 71603       1000      800 0.043451
 5640 77912       1000      798 0.043450
 5641 72668       1000      711 0.043448
 5642 72633       1000      793 0.043448
 5643 66736       1000      784 0.043446
 5644 66678       1000      736 0.043444
 5645 88891       1000      815 0.043444
 5646 67752       1000      790 0.043442
 5647 68500       1000      798 0.043442
 5648 88594       1000      803 0.043442
 5649 75990       1000      797 0.043441
 5650 81437       1000      746 0.043439
 5651 72799       1000      834 0.043438
 5652 86768       1000      823 0.043436
 5653 67741       1000      820 0.043436
 5654 71335       1000      802 0.043433
 5655 70243       1000      800 0.043428
 5656 88792       1000      793 0.043424
 5657 79076       1000      791 0.043422
 5658 79571       1000      790 0.043421
 5659 88203       1000      768 0.043420
 5660 87237       1000      794 0.043419
 5661 85684       1000      796 0.043419
 5662 66611       1000      807 0.043417
 5663 73792       1000      798 0.043414
 5664 71270       1000      793 0.043414
 5665 72241       1000      728 0.043413
 5666 76158       1000      793 0.043413
 5667 88732       1000      783 0.043412
 5668 82271       1000      722 0.043412
 5669 71814       1000      815 0.043411
 5670 85574       1000      794 0.043410
 5671 83101       1000      794 0.043409
 5672 78634       1000      822 0.043409
 5673 88630       1000      817 0.043407
 5674 74288       1000      810 0.043404
 5675 88079       1000      810 0.043404
 5676 81423       1000      775 0.043404
 5677 70110       1000      800 0.043404
 5678 78370       1000      791 0.043400
 5679 85529       1000      811 0.043398
 5680 71715       1000      790 0.043398
 5681 82619       1000      812 0.043397
 5682 86691       1000      796 0.043393
 5683 81304       1000      739 0.043391
 5684 70502       1000      790 0.043390
 5685 86377       1000      796 0.043390
 5686 84014       1000      809 0.043389
 5687 72794       1000      718 0.043387
 5688 77855       1000      809 0.043387
 5689 72624       1000      801 0.043385
 5690 85902       1000      806 0.043383
 5691 74787       1000      816 0.043381
 5692 68637       1000      804 0.043379
 5693 73110       1000      788 0.043378
 5694 75671       1000      775 0.043378
 5695 75007       1000      741 0.043372
 5696 88997       1000      790 0.043371
 5697 70149       1000      778 0.043370
 5698 85903       1000      791 0.043369
 5699 73558       1000      783 0.043367
 5700 78726       1000      790 0.043365
 5701 70515       1000      720 0.043365
 5702 79717       1000      819 0.043365
 5703 67461       1000      796 0.043365
 5704 83766       1000      723 0.043364
 5705 84807       1000      794 0.043364
 5706 74706       1000      783 0.043364
 5707 75716       1000      800 0.043363
 5708 78058       1000      798 0.043362
 5709 86830       1000      706 0.043353
 5710 66715       1000      750 0.043352
 5711 69197       1000      786 0.043350
 5712 69944       1000      801 0.043349
 5713 88211       1000      714 0.043349
 5714 68435       1000      815 0.043348
 5715 70824       1000      776 0.043348
 5716 67110       1000      800 0.043348
 5717 84729       1000      819 0.043347
 5718 86692       1000      804 0.043347
 5719 67515       1000      722 0.043346
 5720 81664       1000      788 0.043345
 5721 86400       1000      812 0.043344
 5722 79192       1000      812 0.043341
 5723 81313       1000      800 0.043340
 5724 69767       1000      724 0.043339
 5725 81902       1000      805 0.043336
 5726 83909       1000      794 0.043335
 5727 71432       1000      732 0.043334
 5728 86640       1000      729 0.043334
 5729 69165       1000      778 0.043332
 5730 76748       1000      784 0.043329
 5731 76197       1000      823 0.043328
 5732 77715       1000      715 0.043323
 5733 74978       1000      802 0.043319
 5734 79509       1000      786 0.043316
 5735 73641       1000      804 0.043316
 5736 72177       1000      732 0.043315
 5737 77158       1000      808 0.043315
 5738 75423       1000      799 0.043314
 5739 86994       1000      822 0.043313
 5740 82757       1000      728 0.043313
 5741 83016       1000      742 0.043311
 5742 66629       1000      805 0.043311
 5743 69005       1000      809 0.043311
 5744 72185       1000      792 0.043310
 5745 68894       1000      801 0.043309
 5746 69041       1000      776 0.043308
 5747 71593       1000      826 0.043306
 5748 87339       1000      797 0.043306
 5749 79129       1000      798 0.043305
 5750 73561       1000      795 0.043303
 5751 82267       1000      785 0.043303
 5752 67809       1000      749 0.043300
 5753 78944       1000      818 0.043300
 5754 70712       1000      818 0.043297
 5755 87638       1000      792 0.043296
 5756 74923       1000      804 0.043295
 5757 83590       1000      803 0.043294
 5758 67076       1000      801 0.043291
 5759 66604       1000      794 0.043291
 5760 70326       1000      822 0.043291
 5761 69970       1000      794 0.043290
 5762 76220       1000      790 0.043290
 5763 75130       1000      720 0.043289
 5764 79312       1000      786 0.043289
 5765 66985       1000      795 0.043288
 5766 73343       1000      799 0.043286
 5767 70967       1000      814 0.043285
 5768 79293       1000      787 0.043285
 5769 85896       1000      804 0.043284
 5770 87768       1000      731 0.043283
 5771 71768       1000      736 0.043281
 5772 67842       1000      739 0.043281
 5773 81950       1000      798 0.043280
 5774 72084       1000      742 0.043279
 5775 82427       1000      812 0.043278
 5776 86783       1000      787 0.043278
 5777 73938       1000      799 0.043274
 5778 72756       1000      804 0.043270
 5779 76660       1000      793 0.043269
 5780 74149       1000      723 0.043268
 5781 68305       1000      806 0.043264
 5782 69637       1000      804 0.043262
 5783 66295       1000      787 0.043259
 5784 66650       1000      782 0.043256
 5785 74082       1000      791 0.043254
 5786 84256       1000      797 0.043251
 5787 86482       1000      805 0.043249
 5788 87660       1000      776 0.043248
 5789 70991       1000      825 0.043248
 5790 69310       1000      796 0.043244
 5791 68978       1000      798 0.043241
 5792 79167       1000      806 0.043241
 5793 71436       1000      797 0.043240
 5794 73068       1000      811 0.043239
 5795 69028       1000      791 0.043238
 5796 87882       1000      798 0.043238
 5797 87821       1000      819 0.043236
 5798 77878       1000      781 0.043236
 5799 67611       1000      729 0.043232
 5800 89078       1000      797 0.043232
 5801 79443       1000      701 0.043232
 5802 86487       1000      807 0.043232
 5803 82656       1000      743 0.043232
 5804 81280       1000      721 0.043228
 5805 73986       1000      793 0.043219
 5806 72814       1000      815 0.043218
 5807 80267       1000      814 0.043216
 5808 88462       1000      723 0.043215
 5809 85068       1000      798 0.043214
 5810 66455       1000      711 0.043212
 5811 81287       1000      803 0.043212
 5812 71227       1000      780 0.043211
 5813 67976       1000      794 0.043207
 5814 75101       1000      804 0.043205
 5815 75163       1000      799 0.043205
 5816 65978       1000      796 0.043201
 5817 78202       1000      809 0.043199
 5818 80894       1000      807 0.043197
 5819 85125       1000      815 0.043197
 5820 65897       1000      804 0.043197
 5821 76890       1000      808 0.043197
 5822 67251       1000      797 0.043196
 5823 88949       1000      780 0.043196
 5824 88021       1000      796 0.043196
 5825 67014       1000      808 0.043195
 5826 80712       1000      818 0.043194
 5827 78281       1000      784 0.043194
 5828 85245       1000      797 0.043192
 5829 66045       1000      811 0.043192
 5830 84272       1000      734 0.043192
 5831 69348       1000      800 0.043191
 5832 79678       1000      783 0.043190
 5833 86010       1000      807 0.043190
 5834 82612       1000      797 0.043187
 5835 70729       1000      783 0.043187
 5836 74047       1000      804 0.043186
 5837 72768       1000      816 0.043186
 5838 81204       1000      788 0.043183
 5839 78839       1000      796 0.043183
 5840 78197       1000      834 0.043182
 5841 73349       1000      804 0.043182
 5842 82321       1000      788 0.043179
 5843 80892       1000      744 0.043176
 5844 66027       1000      723 0.043176
 5845 76948       1000      835 0.043175
 5846 73744       1000      795 0.043173
 5847 83360       1000      743 0.043172
 5848 77436       1000      807 0.043169
 5849 79724       1000      820 0.043167
 5850 81764       1000      782 0.043166
 5851 81843       1000      796 0.043165
 5852 83598       1000      786 0.043163
 5853 73957       1000      792 0.043161
 5854 86643       1000      800 0.043160
 5855 75694       1000      711 0.043160
 5856 77118       1000      811 0.043160
 5857 85957       1000      794 0.043160
 5858 76876       1000      794 0.043157
 5859 77487       1000      802 0.043157
 5860 73991       1000      788 0.043155
 5861 78874       1000      787 0.043154
 5862 79854       1000      779 0.043154
 5863 66374       1000      795 0.043152
 5864 86287       1000      720 0.043152
 5865 82135       1000      801 0.043150
 5866 68730       1000      708 0.043149
 5867 66880       1000      784 0.043148
 5868 79661       1000      790 0.043146
 5869 85251       1000      818 0.043145
 5870 65946       1000      819 0.043145
 5871 67862       1000      804 0.043144
 5872 70378       1000      699 0.043143
 5873 70512       1000      802 0.043142
 5874 68209       1000      707 0.043140
 5875 83443       1000      768 0.043140
 5876 88905       1000      799 0.043139
 5877 82851       1000      744 0.043139
 5878 87054       1000      704 0.043137
 5879 89121       1000      789 0.043137
 5880 75039       1000      793 0.043136
 5881 85118       1000      727 0.043134
 5882 69836       1000      796 0.043134
 5883 88607       1000      816 0.043133
 5884 74857       1000      807 0.043132
 5885 84067       1000      794 0.043131
 5886 86052       1000      802 0.043129
 5887 77757       1000      797 0.043128
 5888 70823       1000      723 0.043128
 5889 73867       1000      805 0.043126
 5890 74965       1000      734 0.043122
 5891 82576       1000      773 0.043121
 5892 86879       1000      790 0.043121
 5893 87264       1000      705 0.043119
 5894 71137       1000      708 0.043119
 5895 81632       1000      791 0.043119
 5896 79346       1000      729 0.043118
 5897 71222       1000      725 0.043115
 5898 88710       1000      731 0.043111
 5899 77915       1000      816 0.043111
 5900 82657       1000      710 0.043111
 5901 77233       1000      797 0.043106
 5902 73746       1000      727 0.043105
 5903 74001       1000      815 0.043103
 5904 83933       1000      782 0.043102
 5905 86163       1000      800 0.043100
 5906 69562       1000      796 0.043100
 5907 69786       1000      795 0.043099
 5908 66364       1000      807 0.043096
 5909 76011       1000      799 0.043095
 5910 87832       1000      803 0.043091
 5911 82492       1000      711 0.043091
 5912 76758       1000      789 0.043090
 5913 75302       1000      723 0.043088
 5914 72827       1000      724 0.043087
 5915 65899       1000      799 0.043085
 5916 88357       1000      718 0.043085
 5917 70727       1000      793 0.043084
 5918 83663       1000      773 0.043084
 5919 88811       1000      802 0.043084
 5920 80909       1000      731 0.043081
 5921 78794       1000      797 0.043080
 5922 73597       1000      796 0.043080
 5923 89086       1000      809 0.043076
 5924 84458       1000      805 0.043075
 5925 78343       1000      710 0.043075
 5926 66847       1000      738 0.043072
 5927 76231       1000      792 0.043071
 5928 78186       1000      804 0.043068
 5929 75653       1000      810 0.043068
 5930 85313       1000      785 0.043067
 5931 83848       1000      782 0.043066
 5932 73425       1000      807 0.043066
 5933 76604       1000      786 0.043065
 5934 67092       1000      817 0.043064
 5935 74792       1000      798 0.043064
 5936 82141       1000      811 0.043063
 5937 67690       1000      818 0.043063
 5938 78530       1000      727 0.043063
 5939 80614       1000      808 0.043062
 5940 79802       1000      792 0.043061
 5941 70615       1000      730 0.043061
 5942 76534       1000      793 0.043060
 5943 73454       1000      820 0.043057
 5944 86951       1000      806 0.043056
 5945 80537       1000      802 0.043055
 5946 77734       1000      794 0.043054
 5947 88611       1000      819 0.043052
 5948 75310       1000      801 0.043051
 5949 69089       1000      781 0.043047
 5950 79010       1000      797 0.043046
 5951 79278       1000      786 0.043045
 5952 85175       1000      818 0.043045
 5953 67493       1000      806 0.043045
 5954 71574       1000      794 0.043043
 5955 78307       1000      808 0.043041
 5956 75434       1000      802 0.043041
 5957 71386       1000      736 0.043040
 5958 69382       1000      815 0.043039
 5959 73314       1000      795 0.043038
 5960 84800       1000      814 0.043038
 5961 74863       1000      800 0.043037
 5962 67479       1000      805 0.043037
 5963 88244       1000      787 0.043033
 5964 79876       1000      801 0.043031
 5965 79143       1000      721 0.043030
 5966 67957       1000      735 0.043028
 5967 74578       1000      815 0.043028
 5968 84809       1000      779 0.043028
 5969 66348       1000      828 0.043025
 5970 75437       1000      810 0.043024
 5971 72945       1000      797 0.043021
 5972 78853       1000      792 0.043020
 5973 76517       1000      798 0.043019
 5974 67025       1000      794 0.043019
 5975 76181       1000      823 0.043017
 5976 77482       1000      721 0.043017
 5977 82760       1000      804 0.043016
 5978 85275       1000      731 0.043015
 5979 74490       1000      710 0.043015
 5980 75160       1000      742 0.043011
 5981 75726       1000      816 0.043010
 5982 84010       1000      808 0.043009
 5983 78369       1000      813 0.043009
 5984 73362       1000      800 0.043007
 5985 83203       1000      803 0.043006
 5986 68324       1000      797 0.043005
 5987 83786       1000      743 0.043004
 5988 83864       1000      726 0.043004
 5989 81464       1000      808 0.043003
 5990 81255       1000      799 0.043001
 5991 68158       1000      800 0.043000
 5992 73917       1000      721 0.042999
 5993 86592       1000      831 0.042998
 5994 72418       1000      810 0.042998
 5995 75608       1000      787 0.042998
 5996 88200       1000      803 0.042991
 5997 71311       1000      794 0.042991
 5998 87540       1000      802 0.042990
 5999 67944       1000      799 0.042987
 6000 81363       1000      798 0.042986
 6001 79176       1000      717 0.042985
 6002 83591       1000      784 0.042985
 6003 81097       1000      801 0.042985
 6004 79806       1000      810 0.042983
 6005 70423       1000      796 0.042981
 6006 79682       1000      792 0.042980
 6007 88065       1000      797 0.042980
 6008 68056       1000      823 0.042978
 6009 81268       1000      796 0.042977
 6010 67393       1000      709 0.042977
 6011 69018       1000      806 0.042975
 6012 79282       1000      777 0.042975
 6013 67831       1000      796 0.042975
 6014 69347       1000      806 0.042973
 6015 87755       1000      794 0.042972
 6016 75583       1000      816 0.042972
 6017 88352       1000      792 0.042971
 6018 69431       1000      792 0.042971
 6019 80450       1000      735 0.042970
 6020 66765       1000      730 0.042969
 6021 66971       1000      803 0.042968
 6022 73947       1000      742 0.042966
 6023 84968       1000      814 0.042964
 6024 69329       1000      789 0.042964
 6025 77055       1000      789 0.042961
 6026 70334       1000      728 0.042961
 6027 73203       1000      811 0.042960
 6028 73607       1000      805 0.042959
 6029 75770       1000      808 0.042957
 6030 81516       1000      800 0.042956
 6031 71862       1000      712 0.042954
 6032 77012       1000      820 0.042954
 6033 71014       1000      803 0.042953
 6034 88374       1000      803 0.042952
 6035 72275       1000      799 0.042951
 6036 83386       1000      715 0.042950
 6037 85046       1000      792 0.042948
 6038 82677       1000      706 0.042948
 6039 80077       1000      815 0.042946
 6040 81500       1000      731 0.042946
 6041 78661       1000      780 0.042943
 6042 70036       1000      795 0.042943
 6043 85038       1000      802 0.042941
 6044 81000       1000      790 0.042941
 6045 70040       1000      783 0.042939
 6046 82129       1000      807 0.042937
 6047 80163       1000      796 0.042936
 6048 83209       1000      819 0.042936
 6049 71815       1000      795 0.042936
 6050 72415       1000      806 0.042934
 6051 73653       1000      718 0.042934
 6052 78016       1000      804 0.042934
 6053 68095       1000      712 0.042933
 6054 75628       1000      794 0.042933
 6055 85226       1000      790 0.042933
 6056 73400       1000      728 0.042931
 6057 76261       1000      733 0.042930
 6058 83257       1000      818 0.042929
 6059 66151       1000      800 0.042929
 6060 79464       1000      719 0.042928
 6061 66199       1000      795 0.042925
 6062 86072       1000      800 0.042923
 6063 74345       1000      782 0.042922
 6064 65917       1000      791 0.042921
 6065 66066       1000      801 0.042921
 6066 68084       1000      744 0.042919
 6067 70769       1000      811 0.042917
 6068 66775       1000      811 0.042917
 6069 74794       1000      782 0.042915
 6070 79202       1000      794 0.042914
 6071 81836       1000      794 0.042914
 6072 72687       1000      792 0.042912
 6073 84176       1000      795 0.042909
 6074 85853       1000      792 0.042908
 6075 81051       1000      767 0.042908
 6076 79168       1000      791 0.042906
 6077 84834       1000      787 0.042905
 6078 70535       1000      797 0.042905
 6079 82528       1000      724 0.042902
 6080 87064       1000      797 0.042900
 6081 78539       1000      796 0.042899
 6082 83472       1000      808 0.042897
 6083 84291       1000      740 0.042897
 6084 81110       1000      712 0.042895
 6085 65963       1000      711 0.042894
 6086 87544       1000      798 0.042894
 6087 88746       1000      751 0.042894
 6088 65813       1000      798 0.042892
 6089 80976       1000      795 0.042890
 6090 83467       1000      784 0.042889
 6091 67982       1000      780 0.042889
 6092 77780       1000      810 0.042888
 6093 71756       1000      827 0.042888
 6094 88257       1000      791 0.042887
 6095 70088       1000      789 0.042887
 6096 75486       1000      800 0.042886
 6097 68800       1000      795 0.042885
 6098 71113       1000      723 0.042884
 6099 76026       1000      802 0.042884
 6100 70276       1000      730 0.042881
 6101 78852       1000      790 0.042878
 6102 87156       1000      726 0.042876
 6103 74497       1000      783 0.042876
 6104 80650       1000      799 0.042876
 6105 74455       1000      795 0.042875
 6106 88308       1000      804 0.042873
 6107 86318       1000      808 0.042872
 6108 85806       1000      807 0.042870
 6109 78133       1000      726 0.042870
 6110 88012       1000      797 0.042870
 6111 68792       1000      797 0.042869
 6112 83885       1000      723 0.042869
 6113 87872       1000      796 0.042869
 6114 78595       1000      799 0.042868
 6115 66103       1000      792 0.042868
 6116 78830       1000      712 0.042867
 6117 80064       1000      795 0.042867
 6118 70538       1000      802 0.042867
 6119 80182       1000      798 0.042863
 6120 68014       1000      819 0.042861
 6121 74367       1000      790 0.042859
 6122 74474       1000      780 0.042857
 6123 79337       1000      716 0.042853
 6124 85428       1000      804 0.042852
 6125 77426       1000      784 0.042852
 6126 77217       1000      824 0.042851
 6127 89153       1000      809 0.042848
 6128 85119       1000      791 0.042848
 6129 71668       1000      800 0.042848
 6130 72041       1000      792 0.042848
 6131 69547       1000      786 0.042847
 6132 87596       1000      774 0.042847
 6133 73600       1000      730 0.042846
 6134 69401       1000      789 0.042846
 6135 84515       1000      796 0.042845
 6136 80036       1000      801 0.042842
 6137 88333       1000      739 0.042842
 6138 87948       1000      804 0.042840
 6139 67813       1000      787 0.042837
 6140 85040       1000      736 0.042836
 6141 78957       1000      789 0.042836
 6142 77549       1000      747 0.042831
 6143 75172       1000      815 0.042830
 6144 81399       1000      792 0.042830
 6145 74471       1000      775 0.042830
 6146 75094       1000      794 0.042829
 6147 72782       1000      803 0.042829
 6148 67859       1000      735 0.042828
 6149 88319       1000      799 0.042828
 6150 73592       1000      809 0.042827
 6151 79633       1000      802 0.042826
 6152 72836       1000      705 0.042826
 6153 68070       1000      792 0.042825
 6154 77112       1000      737 0.042824
 6155 83946       1000      800 0.042824
 6156 82934       1000      792 0.042824
 6157 79181       1000      798 0.042823
 6158 67456       1000      707 0.042823
 6159 78645       1000      809 0.042823
 6160 84493       1000      722 0.042823
 6161 72277       1000      775 0.042823
 6162 75979       1000      797 0.042822
 6163 67796       1000      704 0.042822
 6164 69633       1000      706 0.042821
 6165 84467       1000      800 0.042816
 6166 72798       1000      725 0.042813
 6167 69984       1000      786 0.042811
 6168 87449       1000      821 0.042811
 6169 69931       1000      798 0.042809
 6170 79912       1000      804 0.042807
 6171 83249       1000      794 0.042807
 6172 88067       1000      724 0.042807
 6173 68035       1000      706 0.042807
 6174 89109       1000      787 0.042805
 6175 76649       1000      797 0.042804
 6176 82027       1000      791 0.042801
 6177 84234       1000      812 0.042800
 6178 84610       1000      808 0.042799
 6179 82835       1000      802 0.042799
 6180 80339       1000      785 0.042798
 6181 77929       1000      783 0.042797
 6182 85039       1000      829 0.042796
 6183 81507       1000      808 0.042796
 6184 83531       1000      795 0.042794
 6185 69560       1000      813 0.042793
 6186 74695       1000      774 0.042793
 6187 81599       1000      799 0.042793
 6188 84379       1000      790 0.042792
 6189 82287       1000      806 0.042791
 6190 73439       1000      782 0.042791
 6191 82662       1000      789 0.042791
 6192 67610       1000      799 0.042790
 6193 66686       1000      802 0.042789
 6194 66753       1000      795 0.042788
 6195 71932       1000      795 0.042785
 6196 72616       1000      795 0.042784
 6197 81010       1000      727 0.042784
 6198 70937       1000      814 0.042782
 6199 69088       1000      735 0.042781
 6200 69234       1000      809 0.042780
 6201 88371       1000      805 0.042780
 6202 87366       1000      708 0.042779
 6203 74061       1000      718 0.042775
 6204 84462       1000      806 0.042772
 6205 69823       1000      787 0.042770
 6206 73422       1000      803 0.042770
 6207 83082       1000      782 0.042768
 6208 87793       1000      707 0.042767
 6209 74866       1000      793 0.042766
 6210 86021       1000      817 0.042766
 6211 75026       1000      718 0.042765
 6212 71592       1000      788 0.042762
 6213 67856       1000      800 0.042762
 6214 79484       1000      724 0.042758
 6215 79979       1000      786 0.042757
 6216 88177       1000      799 0.042753
 6217 82260       1000      810 0.042751
 6218 80119       1000      787 0.042751
 6219 72942       1000      726 0.042747
 6220 84055       1000      789 0.042747
 6221 81674       1000      797 0.042742
 6222 87752       1000      804 0.042742
 6223 73270       1000      783 0.042741
 6224 68341       1000      784 0.042741
 6225 68176       1000      782 0.042741
 6226 77431       1000      706 0.042736
 6227 81622       1000      831 0.042735
 6228 81219       1000      809 0.042735
 6229 86713       1000      805 0.042733
 6230 76987       1000      810 0.042732
 6231 83204       1000      805 0.042731
 6232 82547       1000      807 0.042729
 6233 69792       1000      800 0.042729
 6234 80525       1000      719 0.042728
 6235 77469       1000      788 0.042727
 6236 82964       1000      708 0.042727
 6237 74888       1000      731 0.042724
 6238 77016       1000      805 0.042724
 6239 78321       1000      793 0.042722
 6240 77418       1000      780 0.042722
 6241 84112       1000      799 0.042721
 6242 83460       1000      789 0.042719
 6243 68754       1000      709 0.042717
 6244 87463       1000      738 0.042716
 6245 70171       1000      808 0.042715
 6246 66882       1000      797 0.042715
 6247 82222       1000      794 0.042714
 6248 87933       1000      791 0.042713
 6249 79646       1000      815 0.042712
 6250 83800       1000      788 0.042711
 6251 69426       1000      820 0.042711
 6252 69251       1000      796 0.042711
 6253 67598       1000      721 0.042710
 6254 83863       1000      723 0.042708
 6255 86364       1000      818 0.042706
 6256 78838       1000      804 0.042705
 6257 73392       1000      822 0.042704
 6258 85224       1000      796 0.042703
 6259 69813       1000      786 0.042701
 6260 67614       1000      733 0.042700
 6261 88737       1000      787 0.042700
 6262 82161       1000      794 0.042697
 6263 85534       1000      793 0.042697
 6264 82886       1000      785 0.042696
 6265 70322       1000      731 0.042696
 6266 76318       1000      778 0.042695
 6267 81651       1000      725 0.042695
 6268 80122       1000      792 0.042694
 6269 72988       1000      800 0.042694
 6270 88967       1000      709 0.042692
 6271 76709       1000      777 0.042688
 6272 73608       1000      738 0.042686
 6273 87622       1000      803 0.042684
 6274 73549       1000      809 0.042682
 6275 78439       1000      814 0.042681
 6276 70221       1000      795 0.042679
 6277 69167       1000      796 0.042679
 6278 78995       1000      808 0.042678
 6279 68474       1000      803 0.042678
 6280 71264       1000      813 0.042678
 6281 71982       1000      800 0.042676
 6282 66692       1000      812 0.042675
 6283 69483       1000      798 0.042675
 6284 73707       1000      786 0.042675
 6285 83819       1000      789 0.042675
 6286 67249       1000      787 0.042674
 6287 75124       1000      808 0.042674
 6288 88928       1000      804 0.042672
 6289 75611       1000      792 0.042670
 6290 85493       1000      801 0.042667
 6291 72184       1000      799 0.042665
 6292 80225       1000      785 0.042663
 6293 78288       1000      783 0.042660
 6294 73140       1000      720 0.042660
 6295 75911       1000      725 0.042658
 6296 83887       1000      789 0.042656
 6297 67688       1000      792 0.042656
 6298 83859       1000      814 0.042654
 6299 83695       1000      797 0.042652
 6300 79787       1000      788 0.042651
 6301 79381       1000      791 0.042651
 6302 89041       1000      784 0.042651
 6303 81761       1000      786 0.042651
 6304 75926       1000      793 0.042650
 6305 81656       1000      804 0.042648
 6306 82333       1000      730 0.042647
 6307 87279       1000      805 0.042645
 6308 70255       1000      809 0.042642
 6309 85546       1000      793 0.042638
 6310 85810       1000      812 0.042638
 6311 80101       1000      729 0.042637
 6312 79719       1000      805 0.042636
 6313 68938       1000      814 0.042636
 6314 81973       1000      732 0.042636
 6315 68076       1000      809 0.042635
 6316 77440       1000      795 0.042631
 6317 71240       1000      824 0.042630
 6318 70358       1000      799 0.042630
 6319 79895       1000      799 0.042629
 6320 88674       1000      793 0.042628
 6321 74449       1000      816 0.042627
 6322 83541       1000      740 0.042627
 6323 83704       1000      785 0.042623
 6324 88204       1000      804 0.042623
 6325 67223       1000      817 0.042621
 6326 83288       1000      793 0.042621
 6327 71641       1000      785 0.042620
 6328 85503       1000      727 0.042619
 6329 83492       1000      724 0.042619
 6330 88947       1000      791 0.042613
 6331 73067       1000      786 0.042612
 6332 74996       1000      802 0.042610
 6333 80423       1000      728 0.042610
 6334 83233       1000      788 0.042608
 6335 66704       1000      768 0.042607
 6336 72236       1000      726 0.042607
 6337 78931       1000      815 0.042602
 6338 74987       1000      792 0.042602
 6339 83594       1000      819 0.042598
 6340 82262       1000      800 0.042596
 6341 70473       1000      797 0.042596
 6342 77505       1000      790 0.042596
 6343 86759       1000      812 0.042595
 6344 88755       1000      796 0.042594
 6345 74593       1000      816 0.042593
 6346 69343       1000      821 0.042590
 6347 70879       1000      809 0.042588
 6348 73730       1000      787 0.042584
 6349 81932       1000      819 0.042584
 6350 75363       1000      813 0.042582
 6351 81941       1000      819 0.042581
 6352 69158       1000      788 0.042580
 6353 88217       1000      796 0.042578
 6354 81568       1000      798 0.042577
 6355 75886       1000      729 0.042575
 6356 75866       1000      800 0.042575
 6357 79993       1000      793 0.042574
 6358 85633       1000      710 0.042573
 6359 86147       1000      736 0.042570
 6360 69472       1000      821 0.042568
 6361 88301       1000      779 0.042566
 6362 88160       1000      724 0.042564
 6363 68777       1000      790 0.042564
 6364 72711       1000      794 0.042563
 6365 69352       1000      812 0.042563
 6366 78572       1000      805 0.042562
 6367 85744       1000      722 0.042559
 6368 79437       1000      801 0.042558
 6369 71609       1000      784 0.042553
 6370 85349       1000      807 0.042553
 6371 75822       1000      723 0.042550
 6372 87453       1000      786 0.042547
 6373 77338       1000      719 0.042545
 6374 70104       1000      731 0.042542
 6375 81404       1000      800 0.042540
 6376 77343       1000      727 0.042540
 6377 69274       1000      787 0.042539
 6378 82857       1000      821 0.042538
 6379 71679       1000      714 0.042538
 6380 72948       1000      788 0.042538
 6381 84910       1000      791 0.042536
 6382 67401       1000      787 0.042535
 6383 88494       1000      798 0.042534
 6384 85943       1000      796 0.042532
 6385 75030       1000      782 0.042531
 6386 84416       1000      837 0.042530
 6387 88355       1000      740 0.042530
 6388 86538       1000      790 0.042529
 6389 69519       1000      789 0.042526
 6390 71735       1000      711 0.042526
 6391 81113       1000      769 0.042525
 6392 68424       1000      805 0.042523
 6393 87769       1000      781 0.042522
 6394 85235       1000      714 0.042518
 6395 73238       1000      808 0.042517
 6396 79966       1000      773 0.042516
 6397 85582       1000      786 0.042515
 6398 80683       1000      805 0.042515
 6399 77577       1000      809 0.042514
 6400 74199       1000      803 0.042512
 6401 82147       1000      797 0.042510
 6402 72428       1000      793 0.042510
 6403 73360       1000      826 0.042506
 6404 75854       1000      799 0.042505
 6405 84285       1000      736 0.042505
 6406 77290       1000      808 0.042505
 6407 75215       1000      804 0.042501
 6408 71955       1000      804 0.042499
 6409 79043       1000      800 0.042499
 6410 75294       1000      782 0.042499
 6411 68229       1000      699 0.042498
 6412 71189       1000      808 0.042498
 6413 72958       1000      708 0.042496
 6414 88958       1000      795 0.042495
 6415 80992       1000      804 0.042495
 6416 79091       1000      819 0.042490
 6417 86634       1000      797 0.042490
 6418 72081       1000      809 0.042490
 6419 87905       1000      806 0.042490
 6420 69016       1000      713 0.042485
 6421 88087       1000      692 0.042484
 6422 81685       1000      800 0.042484
 6423 67333       1000      787 0.042482
 6424 83582       1000      780 0.042482
 6425 69929       1000      797 0.042478
 6426 85078       1000      798 0.042474
 6427 66055       1000      806 0.042474
 6428 67725       1000      806 0.042474
 6429 84172       1000      800 0.042474
 6430 68245       1000      796 0.042474
 6431 81174       1000      733 0.042473
 6432 74066       1000      805 0.042473
 6433 80983       1000      708 0.042471
 6434 68540       1000      802 0.042471
 6435 89136       1000      712 0.042471
 6436 84579       1000      722 0.042470
 6437 85239       1000      777 0.042469
 6438 71475       1000      806 0.042468
 6439 68124       1000      829 0.042461
 6440 78246       1000      704 0.042459
 6441 77756       1000      791 0.042459
 6442 65950       1000      793 0.042459
 6443 86394       1000      792 0.042458
 6444 71291       1000      724 0.042458
 6445 83963       1000      800 0.042456
 6446 85997       1000      812 0.042455
 6447 67987       1000      696 0.042451
 6448 71873       1000      802 0.042451
 6449 67719       1000      777 0.042450
 6450 74597       1000      708 0.042447
 6451 75489       1000      805 0.042446
 6452 80779       1000      790 0.042445
 6453 74145       1000      729 0.042445
 6454 76288       1000      785 0.042445
 6455 73151       1000      724 0.042445
 6456 88432       1000      812 0.042444
 6457 75894       1000      798 0.042443
 6458 81842       1000      719 0.042443
 6459 86610       1000      802 0.042443
 6460 72390       1000      792 0.042441
 6461 79952       1000      733 0.042440
 6462 76101       1000      785 0.042436
 6463 71900       1000      817 0.042436
 6464 88515       1000      796 0.042435
 6465 69489       1000      735 0.042435
 6466 66567       1000      799 0.042434
 6467 68353       1000      806 0.042434
 6468 70474       1000      790 0.042433
 6469 66873       1000      799 0.042432
 6470 77315       1000      697 0.042431
 6471 86648       1000      806 0.042431
 6472 66404       1000      779 0.042430
 6473 84609       1000      739 0.042430
 6474 77941       1000      784 0.042429
 6475 87228       1000      809 0.042429
 6476 86059       1000      794 0.042428
 6477 87818       1000      719 0.042426
 6478 68260       1000      801 0.042423
 6479 68387       1000      779 0.042423
 6480 74362       1000      795 0.042422
 6481 67885       1000      788 0.042422
 6482 78776       1000      720 0.042421
 6483 88683       1000      796 0.042418
 6484 88090       1000      770 0.042412
 6485 70285       1000      707 0.042410
 6486 66344       1000      796 0.042406
 6487 77260       1000      783 0.042402
 6488 80056       1000      813 0.042401
 6489 77685       1000      790 0.042401
 6490 86806       1000      718 0.042400
 6491 83164       1000      798 0.042400
 6492 68197       1000      782 0.042398
 6493 87681       1000      809 0.042397
 6494 74587       1000      793 0.042397
 6495 81746       1000      744 0.042392
 6496 85911       1000      809 0.042391
 6497 69516       1000      769 0.042391
 6498 76970       1000      728 0.042390
 6499 87881       1000      808 0.042390
 6500 75589       1000      794 0.042389
 6501 69068       1000      695 0.042388
 6502 75577       1000      725 0.042386
 6503 68679       1000      791 0.042384
 6504 88444       1000      802 0.042383
 6505 86985       1000      806 0.042383
 6506 84715       1000      801 0.042381
 6507 85709       1000      788 0.042378
 6508 83065       1000      754 0.042377
 6509 78264       1000      804 0.042376
 6510 82514       1000      814 0.042375
 6511 83977       1000      799 0.042375
 6512 74067       1000      751 0.042375
 6513 67372       1000      801 0.042375
 6514 80290       1000      818 0.042374
 6515 68397       1000      715 0.042374
 6516 71471       1000      805 0.042374
 6517 85984       1000      789 0.042371
 6518 70517       1000      745 0.042371
 6519 86725       1000      745 0.042370
 6520 76337       1000      708 0.042368
 6521 70213       1000      804 0.042367
 6522 85433       1000      780 0.042367
 6523 86690       1000      808 0.042362
 6524 84451       1000      793 0.042362
 6525 68618       1000      801 0.042361
 6526 78445       1000      722 0.042361
 6527 69301       1000      802 0.042360
 6528 80329       1000      804 0.042360
 6529 76332       1000      698 0.042359
 6530 70603       1000      798 0.042357
 6531 87268       1000      725 0.042356
 6532 76984       1000      798 0.042355
 6533 75238       1000      787 0.042355
 6534 83350       1000      784 0.042355
 6535 69281       1000      789 0.042354
 6536 70070       1000      809 0.042353
 6537 72276       1000      814 0.042352
 6538 67973       1000      746 0.042352
 6539 88238       1000      740 0.042349
 6540 76902       1000      722 0.042348
 6541 82285       1000      811 0.042347
 6542 68436       1000      811 0.042346
 6543 74203       1000      822 0.042346
 6544 89058       1000      725 0.042345
 6545 69744       1000      826 0.042345
 6546 81607       1000      731 0.042340
 6547 66979       1000      787 0.042340
 6548 73378       1000      800 0.042340
 6549 66053       1000      785 0.042338
 6550 76606       1000      796 0.042334
 6551 69646       1000      713 0.042333
 6552 87040       1000      798 0.042331
 6553 72308       1000      809 0.042330
 6554 78387       1000      796 0.042328
 6555 72106       1000      802 0.042326
 6556 68511       1000      791 0.042325
 6557 69445       1000      723 0.042322
 6558 78361       1000      787 0.042320
 6559 88871       1000      804 0.042319
 6560 72688       1000      833 0.042319
 6561 70395       1000      807 0.042317
 6562 83802       1000      716 0.042315
 6563 76015       1000      792 0.042315
 6564 84121       1000      804 0.042315
 6565 70133       1000      816 0.042312
 6566 74010       1000      805 0.042307
 6567 84688       1000      704 0.042307
 6568 81641       1000      748 0.042306
 6569 88435       1000      794 0.042306
 6570 88019       1000      819 0.042306
 6571 85953       1000      794 0.042303
 6572 67507       1000      828 0.042301
 6573 73631       1000      799 0.042300
 6574 82449       1000      807 0.042298
 6575 78677       1000      725 0.042297
 6576 79817       1000      813 0.042297
 6577 89137       1000      802 0.042296
 6578 85990       1000      808 0.042294
 6579 74153       1000      824 0.042292
 6580 86500       1000      805 0.042286
 6581 75169       1000      723 0.042284
 6582 84865       1000      788 0.042280
 6583 72609       1000      806 0.042280
 6584 68162       1000      793 0.042278
 6585 80346       1000      792 0.042277
 6586 67449       1000      803 0.042276
 6587 82811       1000      806 0.042276
 6588 66755       1000      792 0.042275
 6589 72298       1000      802 0.042274
 6590 70718       1000      808 0.042272
 6591 76051       1000      808 0.042271
 6592 73265       1000      803 0.042269
 6593 82783       1000      778 0.042269
 6594 83723       1000      801 0.042266
 6595 83952       1000      793 0.042266
 6596 75662       1000      732 0.042264
 6597 88503       1000      728 0.042264
 6598 68651       1000      810 0.042262
 6599 77853       1000      796 0.042261
 6600 80866       1000      811 0.042260
 6601 74445       1000      725 0.042260
 6602 70374       1000      807 0.042259
 6603 69017       1000      812 0.042259
 6604 82680       1000      818 0.042259
 6605 76842       1000      745 0.042258
 6606 81026       1000      767 0.042257
 6607 76449       1000      794 0.042256
 6608 82188       1000      716 0.042255
 6609 68125       1000      803 0.042254
 6610 83901       1000      813 0.042254
 6611 77337       1000      778 0.042254
 6612 70563       1000      801 0.042254
 6613 81552       1000      804 0.042253
 6614 74008       1000      804 0.042253
 6615 73837       1000      825 0.042251
 6616 73449       1000      820 0.042249
 6617 67969       1000      813 0.042248
 6618 80362       1000      800 0.042245
 6619 85067       1000      757 0.042245
 6620 85842       1000      816 0.042244
 6621 77917       1000      795 0.042243
 6622 74152       1000      814 0.042242
 6623 89004       1000      798 0.042242
 6624 66859       1000      789 0.042241
 6625 74526       1000      794 0.042240
 6626 69120       1000      788 0.042236
 6627 86294       1000      796 0.042236
 6628 72227       1000      807 0.042235
 6629 69368       1000      791 0.042232
 6630 74653       1000      716 0.042232
 6631 83736       1000      806 0.042231
 6632 78688       1000      801 0.042231
 6633 76590       1000      824 0.042229
 6634 79224       1000      778 0.042229
 6635 81928       1000      722 0.042228
 6636 73121       1000      806 0.042228
 6637 69299       1000      768 0.042227
 6638 72274       1000      794 0.042226
 6639 73443       1000      792 0.042222
 6640 82663       1000      689 0.042222
 6641 68947       1000      719 0.042221
 6642 71472       1000      705 0.042221
 6643 80470       1000      806 0.042219
 6644 73097       1000      735 0.042219
 6645 81041       1000      709 0.042218
 6646 78405       1000      809 0.042218
 6647 68046       1000      797 0.042216
 6648 81690       1000      785 0.042215
 6649 86741       1000      811 0.042215
 6650 88296       1000      795 0.042214
 6651 67746       1000      720 0.042213
 6652 77874       1000      797 0.042213
 6653 70199       1000      798 0.042213
 6654 78204       1000      808 0.042213
 6655 78172       1000      812 0.042211
 6656 77606       1000      790 0.042211
 6657 85436       1000      792 0.042211
 6658 81974       1000      741 0.042209
 6659 73764       1000      796 0.042209
 6660 86098       1000      799 0.042209
 6661 66572       1000      737 0.042208
 6662 82078       1000      713 0.042207
 6663 69312       1000      820 0.042207
 6664 73965       1000      731 0.042205
 6665 81547       1000      805 0.042205
 6666 86238       1000      739 0.042204
 6667 76971       1000      798 0.042204
 6668 81801       1000      788 0.042202
 6669 71653       1000      738 0.042199
 6670 66273       1000      785 0.042199
 6671 85220       1000      742 0.042198
 6672 79030       1000      810 0.042196
 6673 67070       1000      809 0.042196
 6674 84685       1000      796 0.042194
 6675 69020       1000      806 0.042190
 6676 74465       1000      809 0.042190
 6677 68654       1000      815 0.042189
 6678 85906       1000      812 0.042189
 6679 74459       1000      731 0.042188
 6680 76552       1000      791 0.042186
 6681 66061       1000      809 0.042186
 6682 77322       1000      801 0.042185
 6683 66222       1000      814 0.042184
 6684 70730       1000      821 0.042183
 6685 66517       1000      799 0.042182
 6686 76417       1000      821 0.042180
 6687 85256       1000      792 0.042179
 6688 74946       1000      733 0.042179
 6689 84874       1000      807 0.042179
 6690 88541       1000      802 0.042179
 6691 87609       1000      801 0.042175
 6692 75511       1000      800 0.042174
 6693 82634       1000      801 0.042174
 6694 82034       1000      804 0.042172
 6695 72109       1000      804 0.042171
 6696 85755       1000      758 0.042170
 6697 85213       1000      802 0.042170
 6698 66851       1000      826 0.042170
 6699 88181       1000      718 0.042169
 6700 66243       1000      796 0.042168
 6701 82946       1000      797 0.042167
 6702 75613       1000      790 0.042166
 6703 66350       1000      786 0.042164
 6704 80305       1000      781 0.042163
 6705 76243       1000      812 0.042163
 6706 77542       1000      797 0.042162
 6707 68953       1000      809 0.042162
 6708 76538       1000      782 0.042162
 6709 77031       1000      813 0.042161
 6710 86129       1000      795 0.042157
 6711 73544       1000      809 0.042156
 6712 71156       1000      726 0.042154
 6713 77404       1000      720 0.042153
 6714 88415       1000      804 0.042153
 6715 79745       1000      783 0.042151
 6716 73960       1000      790 0.042150
 6717 67989       1000      716 0.042148
 6718 67169       1000      802 0.042148
 6719 87959       1000      724 0.042147
 6720 81555       1000      797 0.042147
 6721 83722       1000      788 0.042147
 6722 87997       1000      808 0.042146
 6723 84964       1000      779 0.042146
 6724 85366       1000      823 0.042146
 6725 74189       1000      726 0.042144
 6726 68480       1000      715 0.042144
 6727 84916       1000      800 0.042143
 6728 88230       1000      788 0.042143
 6729 85007       1000      815 0.042143
 6730 68117       1000      803 0.042142
 6731 73786       1000      799 0.042141
 6732 67263       1000      796 0.042141
 6733 81391       1000      798 0.042140
 6734 69784       1000      807 0.042136
 6735 83554       1000      720 0.042135
 6736 76307       1000      795 0.042135
 6737 75542       1000      813 0.042133
 6738 86374       1000      804 0.042133
 6739 80190       1000      725 0.042132
 6740 66788       1000      788 0.042131
 6741 85148       1000      792 0.042129
 6742 66201       1000      827 0.042126
 6743 76682       1000      790 0.042126
 6744 70596       1000      803 0.042125
 6745 72888       1000      732 0.042123
 6746 66817       1000      797 0.042123
 6747 86935       1000      720 0.042122
 6748 78755       1000      720 0.042122
 6749 73517       1000      788 0.042120
 6750 83995       1000      794 0.042120
 6751 76684       1000      797 0.042119
 6752 79607       1000      723 0.042119
 6753 82463       1000      792 0.042119
 6754 68786       1000      805 0.042118
 6755 76441       1000      785 0.042117
 6756 74176       1000      727 0.042116
 6757 78208       1000      803 0.042116
 6758 67073       1000      722 0.042114
 6759 80980       1000      784 0.042113
 6760 74752       1000      797 0.042113
 6761 75540       1000      701 0.042112
 6762 70050       1000      729 0.042112
 6763 68222       1000      801 0.042111
 6764 70942       1000      793 0.042111
 6765 81115       1000      790 0.042111
 6766 71123       1000      797 0.042111
 6767 70939       1000      801 0.042110
 6768 76894       1000      826 0.042109
 6769 83647       1000      794 0.042108
 6770 84882       1000      741 0.042107
 6771 81795       1000      740 0.042107
 6772 70125       1000      798 0.042107
 6773 77148       1000      820 0.042104
 6774 75603       1000      794 0.042103
 6775 75889       1000      798 0.042103
 6776 82651       1000      799 0.042101
 6777 74629       1000      807 0.042100
 6778 86071       1000      806 0.042096
 6779 66579       1000      712 0.042096
 6780 88761       1000      809 0.042095
 6781 75695       1000      815 0.042094
 6782 88668       1000      786 0.042093
 6783 69185       1000      719 0.042092
 6784 88633       1000      814 0.042091
 6785 73606       1000      720 0.042090
 6786 75182       1000      721 0.042088
 6787 79057       1000      801 0.042086
 6788 74929       1000      717 0.042086
 6789 73198       1000      716 0.042082
 6790 70460       1000      721 0.042081
 6791 72255       1000      799 0.042081
 6792 85135       1000      803 0.042080
 6793 70469       1000      813 0.042080
 6794 67795       1000      816 0.042079
 6795 77205       1000      729 0.042078
 6796 85742       1000      806 0.042077
 6797 74485       1000      733 0.042076
 6798 77448       1000      805 0.042075
 6799 70887       1000      805 0.042075
 6800 68632       1000      799 0.042075
 6801 70994       1000      719 0.042075
 6802 78060       1000      810 0.042073
 6803 70521       1000      790 0.042072
 6804 77060       1000      809 0.042069
 6805 80948       1000      716 0.042068
 6806 73482       1000      822 0.042068
 6807 72774       1000      808 0.042066
 6808 71415       1000      810 0.042065
 6809 67582       1000      781 0.042064
 6810 68943       1000      797 0.042064
 6811 71422       1000      803 0.042062
 6812 68261       1000      812 0.042061
 6813 84368       1000      704 0.042061
 6814 67206       1000      803 0.042060
 6815 77875       1000      810 0.042060
 6816 85255       1000      772 0.042059
 6817 80621       1000      798 0.042058
 6818 79477       1000      805 0.042057
 6819 84628       1000      713 0.042056
 6820 77026       1000      822 0.042056
 6821 78719       1000      798 0.042055
 6822 78478       1000      792 0.042055
 6823 68877       1000      797 0.042054
 6824 66052       1000      800 0.042054
 6825 87526       1000      704 0.042054
 6826 84559       1000      794 0.042052
 6827 72200       1000      777 0.042049
 6828 80640       1000      793 0.042049
 6829 69222       1000      807 0.042047
 6830 81341       1000      801 0.042046
 6831 71477       1000      805 0.042046
 6832 84073       1000      806 0.042044
 6833 68802       1000      715 0.042044
 6834 65985       1000      817 0.042044
 6835 84666       1000      798 0.042043
 6836 70231       1000      803 0.042042
 6837 67696       1000      800 0.042042
 6838 84972       1000      731 0.042038
 6839 76156       1000      806 0.042037
 6840 73691       1000      800 0.042036
 6841 80765       1000      789 0.042034
 6842 66600       1000      789 0.042032
 6843 77585       1000      806 0.042032
 6844 69164       1000      725 0.042032
 6845 69671       1000      794 0.042032
 6846 73784       1000      808 0.042031
 6847 72463       1000      804 0.042031
 6848 66500       1000      776 0.042030
 6849 80264       1000      819 0.042030
 6850 68426       1000      785 0.042028
 6851 81975       1000      719 0.042025
 6852 69212       1000      757 0.042025
 6853 66178       1000      783 0.042024
 6854 86028       1000      789 0.042023
 6855 84230       1000      718 0.042023
 6856 77565       1000      726 0.042022
 6857 88288       1000      803 0.042021
 6858 80009       1000      733 0.042021
 6859 67491       1000      793 0.042021
 6860 84475       1000      801 0.042019
 6861 72416       1000      794 0.042018
 6862 75067       1000      802 0.042017
 6863 88384       1000      826 0.042016
 6864 84123       1000      690 0.042016
 6865 81349       1000      800 0.042013
 6866 84979       1000      789 0.042011
 6867 84662       1000      785 0.042010
 6868 68538       1000      808 0.042010
 6869 70582       1000      796 0.042008
 6870 85471       1000      712 0.042005
 6871 73290       1000      711 0.042005
 6872 70183       1000      796 0.042004
 6873 86730       1000      780 0.042004
 6874 75874       1000      712 0.042003
 6875 75895       1000      802 0.042003
 6876 84617       1000      793 0.042002
 6877 76695       1000      734 0.042002
 6878 82175       1000      804 0.041999
 6879 87982       1000      805 0.041997
 6880 71781       1000      811 0.041997
 6881 81038       1000      817 0.041997
 6882 79792       1000      783 0.041996
 6883 74599       1000      797 0.041995
 6884 85774       1000      765 0.041992
 6885 76153       1000      789 0.041989
 6886 83270       1000      801 0.041988
 6887 74600       1000      783 0.041988
 6888 81148       1000      730 0.041986
 6889 71650       1000      811 0.041986
 6890 78515       1000      809 0.041984
 6891 78255       1000      799 0.041984
 6892 70103       1000      794 0.041984
 6893 85276       1000      783 0.041982
 6894 83317       1000      790 0.041980
 6895 74793       1000      723 0.041979
 6896 75375       1000      787 0.041979
 6897 73634       1000      721 0.041978
 6898 79751       1000      791 0.041978
 6899 83383       1000      699 0.041975
 6900 70404       1000      793 0.041975
 6901 83917       1000      731 0.041974
 6902 84868       1000      809 0.041973
 6903 87719       1000      797 0.041972
 6904 82914       1000      796 0.041972
 6905 80984       1000      812 0.041971
 6906 83393       1000      796 0.041969
 6907 75777       1000      803 0.041968
 6908 83711       1000      804 0.041967
 6909 75315       1000      796 0.041967
 6910 80607       1000      725 0.041967
 6911 85488       1000      812 0.041966
 6912 72168       1000      787 0.041965
 6913 73285       1000      803 0.041963
 6914 82703       1000      754 0.041962
 6915 84822       1000      786 0.041958
 6916 87896       1000      783 0.041958
 6917 83597       1000      799 0.041957
 6918 77367       1000      801 0.041956
 6919 69961       1000      788 0.041955
 6920 67113       1000      774 0.041953
 6921 86223       1000      807 0.041952
 6922 80144       1000      728 0.041951
 6923 66855       1000      772 0.041949
 6924 82288       1000      723 0.041949
 6925 76192       1000      816 0.041947
 6926 79372       1000      799 0.041944
 6927 80342       1000      739 0.041944
 6928 65816       1000      784 0.041943
 6929 82373       1000      776 0.041943
 6930 71512       1000      799 0.041942
 6931 67352       1000      794 0.041942
 6932 70628       1000      817 0.041941
 6933 75759       1000      717 0.041940
 6934 67117       1000      807 0.041939
 6935 74046       1000      826 0.041937
 6936 77984       1000      764 0.041936
 6937 70147       1000      811 0.041933
 6938 81737       1000      789 0.041933
 6939 70706       1000      808 0.041933
 6940 73812       1000      689 0.041932
 6941 76833       1000      780 0.041930
 6942 73788       1000      719 0.041929
 6943 77609       1000      817 0.041928
 6944 82196       1000      813 0.041926
 6945 79018       1000      791 0.041926
 6946 75959       1000      709 0.041926
 6947 84117       1000      729 0.041925
 6948 74144       1000      699 0.041924
 6949 85561       1000      804 0.041921
 6950 87906       1000      789 0.041919
 6951 73580       1000      812 0.041918
 6952 78066       1000      809 0.041918
 6953 70808       1000      807 0.041917
 6954 78657       1000      799 0.041916
 6955 82276       1000      816 0.041916
 6956 76784       1000      689 0.041914
 6957 81130       1000      792 0.041914
 6958 73327       1000      797 0.041912
 6959 73924       1000      773 0.041912
 6960 82437       1000      786 0.041911
 6961 75271       1000      792 0.041911
 6962 76509       1000      805 0.041911
 6963 77024       1000      814 0.041910
 6964 68809       1000      825 0.041910
 6965 80620       1000      754 0.041907
 6966 74675       1000      731 0.041907
 6967 74221       1000      789 0.041906
 6968 82370       1000      792 0.041904
 6969 81226       1000      788 0.041901
 6970 66154       1000      790 0.041901
 6971 78775       1000      806 0.041898
 6972 74894       1000      801 0.041897
 6973 69847       1000      703 0.041896
 6974 80084       1000      816 0.041895
 6975 72155       1000      804 0.041895
 6976 83050       1000      800 0.041894
 6977 66525       1000      708 0.041892
 6978 85905       1000      777 0.041892
 6979 77805       1000      782 0.041891
 6980 88577       1000      799 0.041891
 6981 79564       1000      718 0.041890
 6982 77880       1000      826 0.041889
 6983 84263       1000      803 0.041887
 6984 67371       1000      728 0.041885
 6985 72498       1000      786 0.041885
 6986 72796       1000      796 0.041884
 6987 81331       1000      812 0.041883
 6988 68166       1000      787 0.041881
 6989 73485       1000      789 0.041879
 6990 80770       1000      792 0.041878
 6991 87606       1000      744 0.041878
 6992 80697       1000      806 0.041875
 6993 75712       1000      782 0.041874
 6994 72311       1000      802 0.041873
 6995 80207       1000      803 0.041872
 6996 85176       1000      796 0.041869
 6997 70815       1000      812 0.041868
 6998 77009       1000      790 0.041868
 6999 68720       1000      803 0.041867
 7000 68832       1000      810 0.041867
 7001 78242       1000      796 0.041865
 7002 76947       1000      814 0.041865
 7003 76967       1000      797 0.041864
 7004 77519       1000      719 0.041864
 7005 69681       1000      820 0.041864
 7006 77430       1000      777 0.041863
 7007 69178       1000      797 0.041861
 7008 81487       1000      788 0.041859
 7009 75988       1000      794 0.041858
 7010 69545       1000      807 0.041855
 7011 79825       1000      739 0.041855
 7012 71579       1000      735 0.041854
 7013 79351       1000      810 0.041854
 7014 71699       1000      809 0.041853
 7015 83129       1000      797 0.041853
 7016 87827       1000      723 0.041853
 7017 77300       1000      778 0.041851
 7018 81161       1000      804 0.041851
 7019 83421       1000      806 0.041850
 7020 80260       1000      793 0.041849
 7021 72696       1000      796 0.041849
 7022 66582       1000      810 0.041847
 7023 88562       1000      743 0.041846
 7024 76124       1000      797 0.041846
 7025 83770       1000      806 0.041845
 7026 77914       1000      796 0.041839
 7027 69295       1000      789 0.041839
 7028 75964       1000      795 0.041836
 7029 75938       1000      804 0.041836
 7030 86166       1000      819 0.041833
 7031 74147       1000      813 0.041831
 7032 66366       1000      741 0.041831
 7033 80262       1000      801 0.041831
 7034 86773       1000      815 0.041829
 7035 85959       1000      800 0.041828
 7036 71628       1000      783 0.041827
 7037 82192       1000      782 0.041826
 7038 77115       1000      810 0.041824
 7039 72896       1000      723 0.041824
 7040 69288       1000      816 0.041824
 7041 85981       1000      813 0.041823
 7042 85809       1000      808 0.041823
 7043 87688       1000      735 0.041823
 7044 72363       1000      797 0.041821
 7045 74834       1000      805 0.041819
 7046 77548       1000      794 0.041818
 7047 78800       1000      735 0.041815
 7048 89064       1000      804 0.041814
 7049 69789       1000      727 0.041813
 7050 72605       1000      791 0.041813
 7051 86870       1000      800 0.041811
 7052 68345       1000      805 0.041811
 7053 88029       1000      793 0.041810
 7054 83768       1000      814 0.041809
 7055 78827       1000      795 0.041808
 7056 80136       1000      794 0.041807
 7057 67967       1000      805 0.041806
 7058 78704       1000      787 0.041804
 7059 75530       1000      741 0.041803
 7060 70126       1000      796 0.041803
 7061 80460       1000      802 0.041803
 7062 85355       1000      800 0.041802
 7063 81744       1000      816 0.041801
 7064 73777       1000      810 0.041800
 7065 81762       1000      732 0.041799
 7066 88510       1000      711 0.041799
 7067 84687       1000      815 0.041796
 7068 88486       1000      809 0.041795
 7069 75371       1000      708 0.041794
 7070 72542       1000      803 0.041791
 7071 67123       1000      828 0.041789
 7072 79453       1000      799 0.041788
 7073 86737       1000      795 0.041786
 7074 75483       1000      808 0.041785
 7075 70964       1000      795 0.041785
 7076 88409       1000      737 0.041784
 7077 71135       1000      786 0.041783
 7078 71742       1000      785 0.041782
 7079 75082       1000      713 0.041782
 7080 67012       1000      777 0.041781
 7081 70616       1000      823 0.041781
 7082 86975       1000      810 0.041780
 7083 88757       1000      796 0.041779
 7084 85565       1000      783 0.041778
 7085 79438       1000      791 0.041777
 7086 75095       1000      786 0.041777
 7087 78895       1000      714 0.041776
 7088 88916       1000      788 0.041774
 7089 85312       1000      836 0.041772
 7090 77830       1000      782 0.041772
 7091 66843       1000      792 0.041771
 7092 75481       1000      802 0.041771
 7093 69712       1000      804 0.041771
 7094 82380       1000      819 0.041769
 7095 85420       1000      806 0.041769
 7096 74426       1000      801 0.041768
 7097 82843       1000      796 0.041768
 7098 69161       1000      833 0.041765
 7099 78272       1000      722 0.041765
 7100 78792       1000      801 0.041761
 7101 74023       1000      786 0.041761
 7102 65832       1000      805 0.041760
 7103 67388       1000      807 0.041760
 7104 67323       1000      774 0.041759
 7105 72039       1000      800 0.041758
 7106 75258       1000      803 0.041757
 7107 67382       1000      818 0.041756
 7108 80920       1000      724 0.041756
 7109 72327       1000      724 0.041756
 7110 66184       1000      777 0.041756
 7111 87531       1000      716 0.041753
 7112 73295       1000      808 0.041753
 7113 74634       1000      807 0.041752
 7114 85161       1000      793 0.041752
 7115 89051       1000      796 0.041751
 7116 81187       1000      801 0.041750
 7117 66239       1000      803 0.041749
 7118 86012       1000      805 0.041748
 7119 72843       1000      797 0.041747
 7120 65893       1000      779 0.041747
 7121 86649       1000      788 0.041747
 7122 71207       1000      815 0.041746
 7123 86778       1000      791 0.041746
 7124 80218       1000      800 0.041745
 7125 81144       1000      738 0.041745
 7126 77866       1000      807 0.041743
 7127 68594       1000      792 0.041743
 7128 71441       1000      780 0.041743
 7129 84506       1000      818 0.041742
 7130 86023       1000      750 0.041742
 7131 75175       1000      792 0.041742
 7132 81820       1000      733 0.041742
 7133 78932       1000      807 0.041741
 7134 69994       1000      727 0.041741
 7135 75420       1000      791 0.041740
 7136 70181       1000      804 0.041737
 7137 77714       1000      780 0.041736
 7138 84028       1000      805 0.041736
 7139 78239       1000      781 0.041734
 7140 79150       1000      789 0.041734
 7141 77598       1000      803 0.041732
 7142 85887       1000      803 0.041730
 7143 71295       1000      787 0.041730
 7144 78020       1000      790 0.041730
 7145 76873       1000      790 0.041728
 7146 72803       1000      790 0.041725
 7147 66086       1000      789 0.041724
 7148 74891       1000      724 0.041724
 7149 75280       1000      724 0.041723
 7150 84505       1000      809 0.041722
 7151 69602       1000      817 0.041721
 7152 82808       1000      743 0.041719
 7153 78140       1000      796 0.041715
 7154 68542       1000      726 0.041715
 7155 86430       1000      798 0.041715
 7156 75334       1000      815 0.041714
 7157 66195       1000      793 0.041714
 7158 71406       1000      771 0.041714
 7159 89118       1000      806 0.041713
 7160 68887       1000      788 0.041713
 7161 84068       1000      779 0.041712
 7162 72510       1000      810 0.041712
 7163 79302       1000      793 0.041711
 7164 72725       1000      801 0.041710
 7165 80999       1000      795 0.041710
 7166 73703       1000      797 0.041710
 7167 83027       1000      796 0.041710
 7168 85927       1000      726 0.041708
 7169 75788       1000      802 0.041707
 7170 87174       1000      765 0.041705
 7171 74049       1000      808 0.041704
 7172 73711       1000      819 0.041703
 7173 83533       1000      811 0.041701
 7174 67964       1000      781 0.041700
 7175 68825       1000      803 0.041700
 7176 80808       1000      814 0.041698
 7177 80173       1000      788 0.041698
 7178 83881       1000      800 0.041697
 7179 71965       1000      819 0.041697
 7180 74970       1000      701 0.041696
 7181 76473       1000      812 0.041695
 7182 86743       1000      781 0.041692
 7183 78262       1000      806 0.041692
 7184 74667       1000      781 0.041690
 7185 75484       1000      783 0.041690
 7186 78110       1000      813 0.041690
 7187 74963       1000      798 0.041690
 7188 68259       1000      800 0.041689
 7189 83620       1000      804 0.041688
 7190 67888       1000      700 0.041687
 7191 66230       1000      804 0.041686
 7192 79626       1000      812 0.041686
 7193 84577       1000      828 0.041684
 7194 80973       1000      797 0.041684
 7195 68060       1000      797 0.041683
 7196 74454       1000      789 0.041681
 7197 79271       1000      811 0.041680
 7198 74589       1000      806 0.041680
 7199 72640       1000      715 0.041678
 7200 71412       1000      705 0.041678
 7201 68856       1000      713 0.041678
 7202 69580       1000      792 0.041677
 7203 70205       1000      823 0.041675
 7204 70674       1000      812 0.041672
 7205 68102       1000      794 0.041671
 7206 87350       1000      812 0.041671
 7207 87761       1000      811 0.041669
 7208 81958       1000      796 0.041666
 7209 69879       1000      708 0.041665
 7210 76121       1000      793 0.041664
 7211 73495       1000      784 0.041662
 7212 70011       1000      786 0.041662
 7213 85024       1000      795 0.041662
 7214 77762       1000      814 0.041661
 7215 79614       1000      792 0.041661
 7216 76349       1000      802 0.041661
 7217 66684       1000      791 0.041661
 7218 85458       1000      703 0.041660
 7219 68702       1000      811 0.041659
 7220 73385       1000      811 0.041657
 7221 83694       1000      736 0.041656
 7222 88059       1000      810 0.041656
 7223 71400       1000      792 0.041655
 7224 77749       1000      810 0.041654
 7225 66424       1000      815 0.041654
 7226 82876       1000      822 0.041653
 7227 72628       1000      826 0.041653
 7228 87236       1000      812 0.041652
 7229 87911       1000      797 0.041651
 7230 81713       1000      792 0.041651
 7231 85032       1000      811 0.041650
 7232 76690       1000      793 0.041649
 7233 84377       1000      809 0.041648
 7234 80398       1000      813 0.041648
 7235 67049       1000      809 0.041648
 7236 68097       1000      814 0.041646
 7237 81957       1000      729 0.041646
 7238 83771       1000      801 0.041645
 7239 77204       1000      811 0.041645
 7240 68614       1000      806 0.041642
 7241 66912       1000      791 0.041641
 7242 78428       1000      794 0.041640
 7243 67677       1000      814 0.041636
 7244 76182       1000      810 0.041634
 7245 76575       1000      813 0.041634
 7246 71619       1000      801 0.041634
 7247 77511       1000      796 0.041633
 7248 88034       1000      799 0.041632
 7249 74560       1000      814 0.041630
 7250 77165       1000      820 0.041630
 7251 73144       1000      724 0.041629
 7252 79785       1000      808 0.041629
 7253 85760       1000      821 0.041626
 7254 86957       1000      718 0.041625
 7255 75341       1000      806 0.041624
 7256 81274       1000      815 0.041624
 7257 81269       1000      812 0.041623
 7258 78626       1000      784 0.041623
 7259 79252       1000      815 0.041622
 7260 83916       1000      715 0.041620
 7261 72929       1000      790 0.041620
 7262 71672       1000      720 0.041620
 7263 74235       1000      807 0.041618
 7264 67892       1000      790 0.041616
 7265 81778       1000      713 0.041615
 7266 83038       1000      820 0.041614
 7267 72043       1000      784 0.041614
 7268 74090       1000      796 0.041613
 7269 87840       1000      823 0.041613
 7270 73281       1000      815 0.041610
 7271 68210       1000      798 0.041610
 7272 87137       1000      794 0.041609
 7273 82240       1000      795 0.041608
 7274 75447       1000      717 0.041608
 7275 82223       1000      734 0.041607
 7276 75237       1000      797 0.041606
 7277 75580       1000      806 0.041606
 7278 84584       1000      794 0.041606
 7279 87800       1000      801 0.041604
 7280 82110       1000      789 0.041604
 7281 71571       1000      816 0.041603
 7282 87068       1000      812 0.041599
 7283 88028       1000      809 0.041599
 7284 69842       1000      740 0.041595
 7285 72694       1000      798 0.041595
 7286 72516       1000      829 0.041593
 7287 75472       1000      797 0.041592
 7288 68697       1000      799 0.041592
 7289 69307       1000      782 0.041591
 7290 73466       1000      799 0.041590
 7291 70175       1000      710 0.041589
 7292 69051       1000      793 0.041589
 7293 78836       1000      732 0.041586
 7294 70345       1000      808 0.041586
 7295 70826       1000      796 0.041586
 7296 66365       1000      797 0.041585
 7297 77931       1000      793 0.041585
 7298 76533       1000      723 0.041583
 7299 67107       1000      741 0.041582
 7300 75855       1000      786 0.041582
 7301 81147       1000      786 0.041582
 7302 80740       1000      800 0.041579
 7303 81645       1000      788 0.041578
 7304 76732       1000      739 0.041578
 7305 69896       1000      814 0.041576
 7306 84697       1000      755 0.041575
 7307 88513       1000      796 0.041575
 7308 71616       1000      783 0.041574
 7309 77312       1000      792 0.041574
 7310 87538       1000      792 0.041574
 7311 78908       1000      736 0.041573
 7312 77255       1000      809 0.041572
 7313 72005       1000      794 0.041571
 7314 81893       1000      705 0.041570
 7315 76041       1000      804 0.041570
 7316 82698       1000      778 0.041569
 7317 87583       1000      783 0.041566
 7318 68163       1000      797 0.041566
 7319 75501       1000      797 0.041564
 7320 79203       1000      814 0.041564
 7321 85263       1000      824 0.041564
 7322 86061       1000      786 0.041563
 7323 66206       1000      803 0.041559
 7324 81997       1000      740 0.041556
 7325 74833       1000      804 0.041556
 7326 67334       1000      781 0.041556
 7327 84896       1000      798 0.041556
 7328 79851       1000      793 0.041555
 7329 86816       1000      792 0.041555
 7330 79611       1000      731 0.041555
 7331 85531       1000      717 0.041554
 7332 77767       1000      784 0.041553
 7333 75379       1000      722 0.041553
 7334 71381       1000      792 0.041552
 7335 74507       1000      706 0.041552
 7336 70642       1000      816 0.041549
 7337 75220       1000      711 0.041548
 7338 83068       1000      799 0.041548
 7339 79485       1000      789 0.041545
 7340 81623       1000      788 0.041545
 7341 80155       1000      795 0.041545
 7342 74998       1000      808 0.041544
 7343 73962       1000      791 0.041544
 7344 69921       1000      794 0.041541
 7345 68123       1000      803 0.041538
 7346 81131       1000      807 0.041538
 7347 81300       1000      767 0.041537
 7348 77278       1000      790 0.041536
 7349 76123       1000      740 0.041535
 7350 82959       1000      784 0.041535
 7351 73361       1000      725 0.041535
 7352 88167       1000      731 0.041535
 7353 79511       1000      806 0.041535
 7354 70438       1000      809 0.041534
 7355 67109       1000      774 0.041533
 7356 66174       1000      790 0.041533
 7357 73980       1000      717 0.041533
 7358 84529       1000      784 0.041532
 7359 83990       1000      794 0.041532
 7360 73376       1000      808 0.041532
 7361 89079       1000      809 0.041531
 7362 66540       1000      726 0.041529
 7363 73006       1000      811 0.041528
 7364 81841       1000      796 0.041527
 7365 76959       1000      814 0.041526
 7366 76691       1000      802 0.041525
 7367 74282       1000      721 0.041525
 7368 77955       1000      745 0.041520
 7369 87572       1000      719 0.041520
 7370 81511       1000      810 0.041519
 7371 74717       1000      785 0.041519
 7372 88659       1000      782 0.041515
 7373 77468       1000      812 0.041515
 7374 83384       1000      795 0.041515
 7375 66321       1000      820 0.041514
 7376 74744       1000      720 0.041513
 7377 70796       1000      809 0.041513
 7378 79217       1000      788 0.041510
 7379 87900       1000      802 0.041506
 7380 75721       1000      790 0.041506
 7381 71102       1000      792 0.041505
 7382 88566       1000      715 0.041505
 7383 78562       1000      785 0.041505
 7384 82493       1000      740 0.041504
 7385 73968       1000      811 0.041503
 7386 70649       1000      797 0.041502
 7387 76284       1000      792 0.041502
 7388 76310       1000      746 0.041502
 7389 66362       1000      800 0.041502
 7390 81657       1000      705 0.041497
 7391 88350       1000      794 0.041497
 7392 84828       1000      822 0.041495
 7393 83047       1000      729 0.041495
 7394 73017       1000      815 0.041494
 7395 82340       1000      796 0.041494
 7396 72720       1000      812 0.041493
 7397 86922       1000      808 0.041492
 7398 69040       1000      830 0.041490
 7399 66070       1000      770 0.041490
 7400 72490       1000      708 0.041489
 7401 71087       1000      791 0.041488
 7402 72718       1000      793 0.041488
 7403 70416       1000      796 0.041487
 7404 87902       1000      778 0.041487
 7405 68198       1000      776 0.041486
 7406 82529       1000      797 0.041486
 7407 72775       1000      780 0.041481
 7408 71782       1000      809 0.041481
 7409 81370       1000      808 0.041481
 7410 71089       1000      823 0.041480
 7411 76018       1000      787 0.041480
 7412 86269       1000      789 0.041479
 7413 81179       1000      818 0.041478
 7414 82001       1000      796 0.041477
 7415 72631       1000      810 0.041476
 7416 83282       1000      785 0.041475
 7417 88939       1000      811 0.041475
 7418 72399       1000      715 0.041472
 7419 79560       1000      781 0.041472
 7420 79310       1000      776 0.041471
 7421 76675       1000      799 0.041471
 7422 76614       1000      798 0.041470
 7423 79072       1000      807 0.041469
 7424 81360       1000      717 0.041469
 7425 78923       1000      799 0.041468
 7426 79431       1000      792 0.041468
 7427 78812       1000      746 0.041468
 7428 77741       1000      811 0.041467
 7429 85172       1000      711 0.041467
 7430 69735       1000      809 0.041466
 7431 80588       1000      808 0.041465
 7432 79804       1000      821 0.041464
 7433 66352       1000      810 0.041464
 7434 71306       1000      731 0.041463
 7435 74352       1000      807 0.041462
 7436 83423       1000      704 0.041462
 7437 72935       1000      791 0.041462
 7438 77292       1000      824 0.041460
 7439 72842       1000      732 0.041460
 7440 87653       1000      795 0.041459
 7441 84903       1000      801 0.041459
 7442 79677       1000      795 0.041459
 7443 87052       1000      815 0.041457
 7444 71519       1000      791 0.041455
 7445 66939       1000      822 0.041455
 7446 72029       1000      788 0.041452
 7447 74741       1000      815 0.041449
 7448 71235       1000      815 0.041447
 7449 68399       1000      788 0.041447
 7450 87099       1000      797 0.041445
 7451 73319       1000      799 0.041444
 7452 73881       1000      782 0.041444
 7453 69279       1000      725 0.041444
 7454 83296       1000      802 0.041443
 7455 75634       1000      728 0.041443
 7456 76263       1000      817 0.041441
 7457 75084       1000      809 0.041441
 7458 78986       1000      818 0.041440
 7459 78476       1000      733 0.041439
 7460 86805       1000      799 0.041438
 7461 73468       1000      804 0.041438
 7462 66224       1000      819 0.041438
 7463 79981       1000      700 0.041436
 7464 84141       1000      803 0.041434
 7465 77461       1000      802 0.041433
 7466 71946       1000      785 0.041431
 7467 75184       1000      806 0.041430
 7468 67061       1000      794 0.041430
 7469 82532       1000      804 0.041429
 7470 76586       1000      797 0.041429
 7471 67422       1000      773 0.041428
 7472 68563       1000      797 0.041428
 7473 72014       1000      814 0.041427
 7474 76594       1000      832 0.041426
 7475 86064       1000      792 0.041426
 7476 68961       1000      744 0.041424
 7477 72926       1000      707 0.041421
 7478 70745       1000      786 0.041418
 7479 73576       1000      800 0.041418
 7480 86206       1000      808 0.041417
 7481 72568       1000      804 0.041417
 7482 72647       1000      717 0.041416
 7483 65921       1000      795 0.041416
 7484 83508       1000      809 0.041416
 7485 73214       1000      794 0.041416
 7486 67687       1000      775 0.041415
 7487 66854       1000      726 0.041414
 7488 74038       1000      707 0.041413
 7489 85072       1000      782 0.041412
 7490 67643       1000      815 0.041411
 7491 78652       1000      822 0.041410
 7492 87599       1000      745 0.041410
 7493 87640       1000      811 0.041410
 7494 86908       1000      805 0.041409
 7495 72262       1000      810 0.041408
 7496 84093       1000      810 0.041406
 7497 74581       1000      802 0.041406
 7498 86182       1000      796 0.041406
 7499 82669       1000      796 0.041405
 7500 87274       1000      827 0.041405
 7501 76075       1000      726 0.041403
 7502 69103       1000      784 0.041403
 7503 81648       1000      793 0.041402
 7504 81122       1000      799 0.041402
 7505 80763       1000      792 0.041401
 7506 86903       1000      784 0.041400
 7507 85988       1000      809 0.041398
 7508 82516       1000      810 0.041398
 7509 86545       1000      790 0.041397
 7510 66464       1000      790 0.041397
 7511 79669       1000      808 0.041394
 7512 76592       1000      782 0.041394
 7513 74703       1000      736 0.041393
 7514 77541       1000      794 0.041392
 7515 72534       1000      782 0.041391
 7516 87908       1000      798 0.041389
 7517 67233       1000      780 0.041389
 7518 86076       1000      802 0.041387
 7519 79714       1000      791 0.041387
 7520 69926       1000      775 0.041384
 7521 71086       1000      793 0.041384
 7522 82410       1000      808 0.041382
 7523 74609       1000      810 0.041382
 7524 76448       1000      794 0.041382
 7525 88241       1000      812 0.041382
 7526 75002       1000      792 0.041381
 7527 79340       1000      794 0.041381
 7528 80374       1000      809 0.041378
 7529 68029       1000      812 0.041377
 7530 68153       1000      799 0.041376
 7531 78486       1000      799 0.041376
 7532 73311       1000      811 0.041373
 7533 69868       1000      723 0.041373
 7534 70166       1000      740 0.041372
 7535 79323       1000      711 0.041372
 7536 85285       1000      715 0.041372
 7537 73713       1000      739 0.041371
 7538 85994       1000      801 0.041371
 7539 74684       1000      802 0.041371
 7540 66303       1000      789 0.041370
 7541 78089       1000      805 0.041369
 7542 72891       1000      713 0.041367
 7543 70043       1000      771 0.041367
 7544 84839       1000      823 0.041367
 7545 70814       1000      791 0.041366
 7546 82848       1000      786 0.041366
 7547 73577       1000      799 0.041365
 7548 74862       1000      788 0.041364
 7549 82337       1000      815 0.041364
 7550 79367       1000      800 0.041364
 7551 71588       1000      791 0.041363
 7552 79886       1000      732 0.041363
 7553 67008       1000      794 0.041363
 7554 68196       1000      729 0.041362
 7555 74291       1000      793 0.041360
 7556 86151       1000      791 0.041360
 7557 85287       1000      710 0.041360
 7558 77619       1000      792 0.041359
 7559 71435       1000      809 0.041357
 7560 85776       1000      799 0.041356
 7561 87378       1000      798 0.041353
 7562 72387       1000      793 0.041353
 7563 66246       1000      802 0.041351
 7564 76988       1000      725 0.041351
 7565 82087       1000      795 0.041350
 7566 70705       1000      806 0.041347
 7567 79706       1000      721 0.041347
 7568 82849       1000      781 0.041347
 7569 81037       1000      715 0.041346
 7570 86501       1000      801 0.041346
 7571 72638       1000      788 0.041345
 7572 76530       1000      795 0.041345
 7573 79863       1000      722 0.041344
 7574 80427       1000      749 0.041341
 7575 84717       1000      804 0.041341
 7576 86704       1000      713 0.041340
 7577 77649       1000      767 0.041340
 7578 88751       1000      803 0.041339
 7579 70010       1000      719 0.041337
 7580 77177       1000      797 0.041335
 7581 76482       1000      808 0.041334
 7582 69365       1000      774 0.041334
 7583 69538       1000      810 0.041334
 7584 87630       1000      808 0.041332
 7585 69840       1000      805 0.041332
 7586 74210       1000      787 0.041331
 7587 82116       1000      786 0.041331
 7588 75814       1000      813 0.041331
 7589 75625       1000      788 0.041330
 7590 78349       1000      786 0.041329
 7591 75688       1000      798 0.041329
 7592 72001       1000      796 0.041329
 7593 69872       1000      740 0.041328
 7594 86102       1000      792 0.041327
 7595 79290       1000      797 0.041326
 7596 86790       1000      802 0.041325
 7597 87305       1000      807 0.041324
 7598 65812       1000      802 0.041324
 7599 77516       1000      790 0.041324
 7600 78325       1000      742 0.041323
 7601 78509       1000      802 0.041323
 7602 88392       1000      775 0.041323
 7603 85246       1000      806 0.041322
 7604 67579       1000      797 0.041321
 7605 70542       1000      779 0.041320
 7606 75369       1000      745 0.041320
 7607 88199       1000      802 0.041319
 7608 77593       1000      775 0.041319
 7609 89062       1000      706 0.041316
 7610 87558       1000      807 0.041315
 7611 84731       1000      737 0.041313
 7612 69204       1000      794 0.041311
 7613 79923       1000      804 0.041309
 7614 71241       1000      805 0.041308
 7615 74020       1000      720 0.041308
 7616 87701       1000      825 0.041307
 7617 73683       1000      804 0.041304
 7618 88716       1000      827 0.041301
 7619 72882       1000      791 0.041300
 7620 78598       1000      786 0.041293
 7621 75008       1000      798 0.041293
 7622 84049       1000      740 0.041293
 7623 68804       1000      792 0.041290
 7624 70774       1000      775 0.041290
 7625 67293       1000      795 0.041290
 7626 88443       1000      800 0.041289
 7627 76116       1000      793 0.041286
 7628 86956       1000      710 0.041285
 7629 82229       1000      815 0.041284
 7630 68638       1000      804 0.041282
 7631 87261       1000      786 0.041282
 7632 82243       1000      809 0.041281
 7633 78455       1000      799 0.041281
 7634 88708       1000      802 0.041281
 7635 68796       1000      810 0.041278
 7636 66083       1000      817 0.041276
 7637 79184       1000      778 0.041276
 7638 77232       1000      725 0.041275
 7639 84376       1000      726 0.041274
 7640 75757       1000      819 0.041274
 7641 74027       1000      808 0.041273
 7642 69556       1000      726 0.041273
 7643 72076       1000      786 0.041272
 7644 77149       1000      782 0.041272
 7645 72092       1000      791 0.041271
 7646 67267       1000      724 0.041270
 7647 80698       1000      785 0.041269
 7648 82861       1000      718 0.041267
 7649 71407       1000      808 0.041267
 7650 72990       1000      816 0.041267
 7651 67937       1000      809 0.041264
 7652 88300       1000      790 0.041264
 7653 86514       1000      786 0.041264
 7654 87376       1000      739 0.041262
 7655 78154       1000      811 0.041262
 7656 73374       1000      807 0.041261
 7657 71838       1000      805 0.041261
 7658 78160       1000      803 0.041260
 7659 84266       1000      807 0.041260
 7660 83018       1000      827 0.041260
 7661 74732       1000      717 0.041259
 7662 75099       1000      817 0.041256
 7663 78286       1000      741 0.041255
 7664 68330       1000      811 0.041255
 7665 71827       1000      811 0.041251
 7666 74765       1000      818 0.041250
 7667 83345       1000      806 0.041250
 7668 78232       1000      817 0.041247
 7669 76478       1000      825 0.041246
 7670 87128       1000      806 0.041245
 7671 78475       1000      800 0.041245
 7672 82478       1000      717 0.041243
 7673 66393       1000      796 0.041241
 7674 83761       1000      807 0.041239
 7675 82649       1000      758 0.041238
 7676 73469       1000      784 0.041237
 7677 81427       1000      783 0.041236
 7678 79521       1000      797 0.041236
 7679 77422       1000      699 0.041234
 7680 77921       1000      794 0.041233
 7681 70420       1000      787 0.041232
 7682 69529       1000      799 0.041230
 7683 88249       1000      814 0.041230
 7684 67755       1000      797 0.041230
 7685 81198       1000      790 0.041229
 7686 67360       1000      714 0.041229
 7687 79145       1000      790 0.041229
 7688 85962       1000      786 0.041229
 7689 74372       1000      811 0.041228
 7690 85169       1000      800 0.041227
 7691 81537       1000      804 0.041227
 7692 82591       1000      818 0.041225
 7693 83659       1000      782 0.041224
 7694 74021       1000      804 0.041224
 7695 65841       1000      810 0.041221
 7696 70282       1000      727 0.041221
 7697 88729       1000      805 0.041218
 7698 76729       1000      775 0.041216
 7699 82769       1000      799 0.041215
 7700 81407       1000      787 0.041214
 7701 70905       1000      800 0.041211
 7702 78991       1000      709 0.041211
 7703 71067       1000      808 0.041210
 7704 81327       1000      799 0.041210
 7705 74393       1000      783 0.041209
 7706 85568       1000      828 0.041208
 7707 70137       1000      716 0.041208
 7708 74248       1000      792 0.041206
 7709 84114       1000      805 0.041205
 7710 67497       1000      790 0.041205
 7711 74592       1000      805 0.041203
 7712 85924       1000      821 0.041203
 7713 84970       1000      791 0.041203
 7714 80886       1000      794 0.041202
 7715 88627       1000      788 0.041202
 7716 69117       1000      786 0.041200
 7717 70377       1000      801 0.041200
 7718 88039       1000      735 0.041197
 7719 84347       1000      799 0.041196
 7720 88724       1000      807 0.041195
 7721 66117       1000      802 0.041195
 7722 78287       1000      750 0.041195
 7723 67668       1000      699 0.041195
 7724 84757       1000      805 0.041192
 7725 72013       1000      819 0.041191
 7726 82496       1000      810 0.041191
 7727 83329       1000      804 0.041189
 7728 77868       1000      796 0.041189
 7729 80223       1000      776 0.041187
 7730 67637       1000      808 0.041186
 7731 84918       1000      789 0.041186
 7732 82083       1000      797 0.041186
 7733 88855       1000      701 0.041185
 7734 67271       1000      790 0.041184
 7735 71250       1000      720 0.041183
 7736 82555       1000      796 0.041180
 7737 70949       1000      776 0.041179
 7738 82978       1000      800 0.041175
 7739 67798       1000      808 0.041175
 7740 74088       1000      687 0.041174
 7741 79947       1000      796 0.041174
 7742 88601       1000      804 0.041172
 7743 87777       1000      806 0.041172
 7744 68986       1000      782 0.041172
 7745 70586       1000      725 0.041171
 7746 85368       1000      790 0.041171
 7747 80134       1000      730 0.041170
 7748 77376       1000      795 0.041170
 7749 88408       1000      733 0.041167
 7750 83087       1000      735 0.041166
 7751 87782       1000      778 0.041165
 7752 74576       1000      802 0.041165
 7753 70612       1000      781 0.041162
 7754 68263       1000      784 0.041162
 7755 77848       1000      804 0.041161
 7756 69661       1000      828 0.041161
 7757 83336       1000      815 0.041160
 7758 75680       1000      799 0.041158
 7759 70618       1000      728 0.041157
 7760 80258       1000      800 0.041157
 7761 82391       1000      823 0.041156
 7762 80046       1000      792 0.041156
 7763 87592       1000      776 0.041155
 7764 77544       1000      791 0.041154
 7765 76117       1000      797 0.041154
 7766 83498       1000      795 0.041153
 7767 73282       1000      811 0.041153
 7768 86672       1000      795 0.041153
 7769 80271       1000      734 0.041151
 7770 74473       1000      802 0.041151
 7771 77500       1000      826 0.041151
 7772 76206       1000      805 0.041151
 7773 75765       1000      825 0.041150
 7774 83111       1000      805 0.041148
 7775 73806       1000      800 0.041147
 7776 80768       1000      715 0.041146
 7777 84232       1000      789 0.041146
 7778 71669       1000      802 0.041145
 7779 71933       1000      726 0.041145
 7780 67522       1000      789 0.041145
 7781 83555       1000      804 0.041145
 7782 85084       1000      810 0.041144
 7783 81358       1000      726 0.041143
 7784 69385       1000      808 0.041139
 7785 87517       1000      791 0.041139
 7786 76946       1000      795 0.041138
 7787 86177       1000      796 0.041137
 7788 83426       1000      805 0.041135
 7789 71134       1000      697 0.041134
 7790 79585       1000      827 0.041132
 7791 85140       1000      722 0.041130
 7792 73353       1000      737 0.041128
 7793 71992       1000      789 0.041123
 7794 88875       1000      797 0.041123
 7795 80918       1000      812 0.041122
 7796 73677       1000      779 0.041121
 7797 78972       1000      817 0.041118
 7798 86132       1000      779 0.041116
 7799 71178       1000      789 0.041114
 7800 74477       1000      819 0.041113
 7801 85617       1000      715 0.041111
 7802 72071       1000      820 0.041110
 7803 72982       1000      799 0.041109
 7804 82896       1000      785 0.041109
 7805 77043       1000      804 0.041108
 7806 66031       1000      793 0.041107
 7807 83035       1000      791 0.041107
 7808 88591       1000      810 0.041106
 7809 87663       1000      779 0.041104
 7810 83717       1000      734 0.041102
 7811 74241       1000      738 0.041102
 7812 74625       1000      722 0.041099
 7813 72030       1000      722 0.041097
 7814 81199       1000      797 0.041097
 7815 66432       1000      812 0.041094
 7816 73459       1000      799 0.041094
 7817 75676       1000      715 0.041094
 7818 70840       1000      732 0.041093
 7819 70341       1000      740 0.041092
 7820 76444       1000      792 0.041092
 7821 77547       1000      794 0.041091
 7822 82837       1000      820 0.041089
 7823 80200       1000      789 0.041089
 7824 85186       1000      788 0.041089
 7825 80030       1000      709 0.041088
 7826 79882       1000      784 0.041087
 7827 66410       1000      827 0.041086
 7828 79420       1000      819 0.041086
 7829 73118       1000      813 0.041086
 7830 82091       1000      794 0.041084
 7831 84689       1000      798 0.041083
 7832 84357       1000      802 0.041083
 7833 75769       1000      796 0.041083
 7834 71430       1000      799 0.041083
 7835 66554       1000      801 0.041082
 7836 74663       1000      807 0.041079
 7837 79205       1000      792 0.041077
 7838 69561       1000      712 0.041077
 7839 74927       1000      783 0.041076
 7840 71224       1000      808 0.041075
 7841 79582       1000      732 0.041075
 7842 74875       1000      821 0.041075
 7843 73001       1000      793 0.041075
 7844 74924       1000      802 0.041074
 7845 75596       1000      786 0.041073
 7846 71229       1000      808 0.041072
 7847 77950       1000      697 0.041069
 7848 67636       1000      803 0.041067
 7849 71852       1000      734 0.041067
 7850 69045       1000      798 0.041067
 7851 66098       1000      799 0.041066
 7852 81435       1000      789 0.041066
 7853 84777       1000      708 0.041062
 7854 66044       1000      719 0.041061
 7855 78762       1000      810 0.041059
 7856 87889       1000      808 0.041058
 7857 74476       1000      720 0.041057
 7858 81182       1000      795 0.041056
 7859 79892       1000      723 0.041056
 7860 86775       1000      785 0.041055
 7861 67136       1000      801 0.041055
 7862 88193       1000      788 0.041054
 7863 80406       1000      814 0.041054
 7864 74081       1000      806 0.041053
 7865 68459       1000      814 0.041052
 7866 77240       1000      794 0.041051
 7867 73827       1000      798 0.041051
 7868 68116       1000      794 0.041051
 7869 86437       1000      704 0.041050
 7870 71466       1000      807 0.041050
 7871 87543       1000      810 0.041049
 7872 69225       1000      788 0.041049
 7873 79244       1000      807 0.041048
 7874 89154       1000      811 0.041048
 7875 76646       1000      806 0.041047
 7876 75922       1000      806 0.041044
 7877 70035       1000      791 0.041042
 7878 79327       1000      709 0.041042
 7879 71718       1000      716 0.041041
 7880 72098       1000      783 0.041039
 7881 74941       1000      719 0.041038
 7882 74207       1000      795 0.041037
 7883 76554       1000      794 0.041036
 7884 76130       1000      792 0.041035
 7885 87002       1000      823 0.041034
 7886 70676       1000      800 0.041032
 7887 66169       1000      829 0.041032
 7888 78073       1000      807 0.041032
 7889 69454       1000      792 0.041032
 7890 70015       1000      796 0.041031
 7891 77999       1000      801 0.041029
 7892 71541       1000      802 0.041029
 7893 87100       1000      807 0.041026
 7894 77686       1000      822 0.041025
 7895 80054       1000      728 0.041024
 7896 81450       1000      797 0.041024
 7897 70212       1000      801 0.041022
 7898 69052       1000      802 0.041021
 7899 73242       1000      788 0.041021
 7900 86562       1000      796 0.041021
 7901 82728       1000      730 0.041020
 7902 75637       1000      724 0.041020
 7903 84635       1000      812 0.041020
 7904 68491       1000      824 0.041019
 7905 80463       1000      792 0.041018
 7906 86340       1000      800 0.041018
 7907 81874       1000      787 0.041018
 7908 75143       1000      793 0.041017
 7909 89003       1000      792 0.041016
 7910 71397       1000      796 0.041016
 7911 73054       1000      799 0.041015
 7912 89127       1000      792 0.041014
 7913 86178       1000      722 0.041012
 7914 70508       1000      806 0.041012
 7915 80097       1000      814 0.041012
 7916 69648       1000      814 0.041011
 7917 78611       1000      796 0.041010
 7918 80467       1000      799 0.041010
 7919 78614       1000      797 0.041010
 7920 76724       1000      796 0.041009
 7921 69821       1000      808 0.041009
 7922 85944       1000      727 0.041009
 7923 65864       1000      801 0.041008
 7924 85206       1000      796 0.041008
 7925 79388       1000      725 0.041007
 7926 89083       1000      804 0.041006
 7927 88263       1000      811 0.041003
 7928 76328       1000      803 0.041003
 7929 81952       1000      745 0.041002
 7930 84053       1000      807 0.041002
 7931 70327       1000      784 0.041001
 7932 85642       1000      786 0.040998
 7933 84927       1000      784 0.040997
 7934 87258       1000      810 0.040996
 7935 84541       1000      793 0.040996
 7936 84477       1000      715 0.040995
 7937 82996       1000      802 0.040994
 7938 75427       1000      813 0.040994
 7939 71688       1000      788 0.040993
 7940 77770       1000      796 0.040993
 7941 81482       1000      785 0.040992
 7942 73470       1000      828 0.040992
 7943 68621       1000      810 0.040990
 7944 87387       1000      741 0.040989
 7945 78668       1000      799 0.040987
 7946 81872       1000      820 0.040986
 7947 88046       1000      718 0.040986
 7948 71273       1000      730 0.040984
 7949 77648       1000      778 0.040984
 7950 74925       1000      791 0.040984
 7951 78401       1000      800 0.040984
 7952 73421       1000      788 0.040983
 7953 72603       1000      802 0.040980
 7954 68951       1000      832 0.040980
 7955 73079       1000      808 0.040980
 7956 80547       1000      800 0.040979
 7957 81164       1000      815 0.040975
 7958 70900       1000      782 0.040975
 7959 76143       1000      800 0.040975
 7960 69654       1000      713 0.040973
 7961 68752       1000      799 0.040970
 7962 77862       1000      789 0.040968
 7963 68932       1000      697 0.040968
 7964 73162       1000      750 0.040968
 7965 67649       1000      724 0.040967
 7966 74910       1000      809 0.040966
 7967 70641       1000      806 0.040965
 7968 80813       1000      726 0.040963
 7969 85898       1000      801 0.040961
 7970 83703       1000      796 0.040961
 7971 88466       1000      804 0.040960
 7972 78674       1000      814 0.040959
 7973 86101       1000      805 0.040958
 7974 73719       1000      793 0.040957
 7975 78451       1000      806 0.040955
 7976 72933       1000      733 0.040954
 7977 67302       1000      808 0.040954
 7978 84298       1000      713 0.040953
 7979 69880       1000      794 0.040952
 7980 81530       1000      807 0.040952
 7981 86470       1000      721 0.040952
 7982 70711       1000      783 0.040951
 7983 68910       1000      797 0.040950
 7984 79820       1000      737 0.040949
 7985 86919       1000      816 0.040949
 7986 84994       1000      799 0.040948
 7987 69919       1000      805 0.040948
 7988 79410       1000      804 0.040948
 7989 84630       1000      726 0.040947
 7990 87851       1000      744 0.040947
 7991 88093       1000      786 0.040946
 7992 87963       1000      785 0.040946
 7993 86452       1000      784 0.040945
 7994 69854       1000      812 0.040945
 7995 76643       1000      798 0.040941
 7996 67541       1000      725 0.040940
 7997 76135       1000      800 0.040939
 7998 76432       1000      721 0.040939
 7999 67609       1000      800 0.040939
 8000 86359       1000      805 0.040938
 8001 73171       1000      780 0.040937
 8002 68036       1000      807 0.040936
 8003 79466       1000      724 0.040936
 8004 66555       1000      738 0.040935
 8005 66498       1000      796 0.040934
 8006 87703       1000      817 0.040934
 8007 70335       1000      802 0.040933
 8008 87420       1000      813 0.040931
 8009 83617       1000      791 0.040930
 8010 82211       1000      802 0.040930
 8011 88009       1000      704 0.040929
 8012 69485       1000      790 0.040927
 8013 84314       1000      782 0.040924
 8014 78620       1000      787 0.040923
 8015 68753       1000      805 0.040923
 8016 80224       1000      811 0.040922
 8017 87626       1000      814 0.040922
 8018 83053       1000      818 0.040921
 8019 72169       1000      808 0.040921
 8020 77352       1000      719 0.040920
 8021 87662       1000      782 0.040919
 8022 70160       1000      796 0.040918
 8023 72927       1000      797 0.040918
 8024 86686       1000      738 0.040916
 8025 82771       1000      802 0.040915
 8026 81793       1000      726 0.040915
 8027 83726       1000      802 0.040915
 8028 74509       1000      799 0.040914
 8029 86490       1000      790 0.040912
 8030 77388       1000      805 0.040911
 8031 66402       1000      711 0.040911
 8032 73460       1000      802 0.040910
 8033 86829       1000      799 0.040910
 8034 84694       1000      808 0.040910
 8035 84083       1000      808 0.040909
 8036 75110       1000      744 0.040909
 8037 69374       1000      820 0.040907
 8038 78028       1000      802 0.040904
 8039 78440       1000      793 0.040904
 8040 75624       1000      743 0.040904
 8041 66997       1000      739 0.040904
 8042 80126       1000      732 0.040903
 8043 76408       1000      798 0.040902
 8044 86989       1000      785 0.040902
 8045 76610       1000      794 0.040902
 8046 81634       1000      802 0.040902
 8047 85689       1000      720 0.040901
 8048 66223       1000      804 0.040900
 8049 67873       1000      727 0.040900
 8050 73071       1000      779 0.040899
 8051 67664       1000      819 0.040897
 8052 88143       1000      804 0.040896
 8053 81112       1000      814 0.040896
 8054 88097       1000      819 0.040896
 8055 79807       1000      807 0.040895
 8056 74789       1000      736 0.040894
 8057 68444       1000      731 0.040891
 8058 84843       1000      788 0.040888
 8059 75470       1000      793 0.040887
 8060 67844       1000      812 0.040887
 8061 86170       1000      801 0.040886
 8062 78913       1000      717 0.040886
 8063 74250       1000      808 0.040885
 8064 87380       1000      803 0.040884
 8065 67458       1000      795 0.040883
 8066 72863       1000      795 0.040883
 8067 73092       1000      797 0.040880
 8068 80571       1000      750 0.040880
 8069 87266       1000      809 0.040879
 8070 71639       1000      812 0.040878
 8071 89115       1000      813 0.040878
 8072 71107       1000      804 0.040877
 8073 83348       1000      825 0.040873
 8074 77183       1000      795 0.040873
 8075 72872       1000      793 0.040872
 8076 79708       1000      736 0.040871
 8077 73351       1000      811 0.040871
 8078 73851       1000      706 0.040870
 8079 74480       1000      798 0.040867
 8080 69430       1000      810 0.040864
 8081 86133       1000      718 0.040861
 8082 71556       1000      800 0.040860
 8083 76602       1000      804 0.040860
 8084 74573       1000      795 0.040857
 8085 73131       1000      794 0.040857
 8086 70759       1000      726 0.040855
 8087 71279       1000      805 0.040854
 8088 70230       1000      787 0.040852
 8089 80389       1000      785 0.040852
 8090 82408       1000      800 0.040852
 8091 78537       1000      793 0.040852
 8092 88517       1000      778 0.040851
 8093 67298       1000      806 0.040849
 8094 76469       1000      798 0.040848
 8095 69345       1000      793 0.040848
 8096 84041       1000      727 0.040848
 8097 83342       1000      729 0.040848
 8098 87605       1000      789 0.040847
 8099 70753       1000      749 0.040846
 8100 78391       1000      775 0.040846
 8101 86755       1000      770 0.040845
 8102 74725       1000      807 0.040842
 8103 86962       1000      786 0.040841
 8104 82774       1000      817 0.040841
 8105 88960       1000      803 0.040841
 8106 67328       1000      819 0.040838
 8107 78368       1000      794 0.040838
 8108 88429       1000      788 0.040836
 8109 71760       1000      790 0.040835
 8110 84808       1000      806 0.040835
 8111 76951       1000      827 0.040834
 8112 73057       1000      779 0.040833
 8113 88472       1000      739 0.040833
 8114 86184       1000      788 0.040832
 8115 76934       1000      743 0.040832
 8116 75096       1000      825 0.040829
 8117 88132       1000      800 0.040827
 8118 66034       1000      800 0.040827
 8119 77613       1000      811 0.040826
 8120 73959       1000      810 0.040826
 8121 66989       1000      813 0.040825
 8122 72068       1000      779 0.040824
 8123 72205       1000      814 0.040824
 8124 75760       1000      813 0.040823
 8125 79175       1000      810 0.040822
 8126 71820       1000      815 0.040822
 8127 88565       1000      726 0.040822
 8128 83181       1000      805 0.040821
 8129 79459       1000      787 0.040821
 8130 69696       1000      783 0.040819
 8131 88789       1000      791 0.040819
 8132 81951       1000      797 0.040817
 8133 83896       1000      785 0.040816
 8134 82273       1000      821 0.040816
 8135 77814       1000      731 0.040816
 8136 88965       1000      792 0.040815
 8137 85315       1000      783 0.040814
 8138 83399       1000      808 0.040812
 8139 68244       1000      790 0.040812
 8140 83922       1000      799 0.040812
 8141 82159       1000      809 0.040811
 8142 78516       1000      781 0.040811
 8143 84875       1000      781 0.040810
 8144 79079       1000      810 0.040810
 8145 72815       1000      760 0.040809
 8146 69490       1000      728 0.040809
 8147 82927       1000      718 0.040808
 8148 67013       1000      812 0.040807
 8149 70069       1000      731 0.040807
 8150 74683       1000      696 0.040806
 8151 67555       1000      792 0.040806
 8152 70838       1000      798 0.040804
 8153 66980       1000      790 0.040803
 8154 72947       1000      800 0.040803
 8155 78526       1000      794 0.040802
 8156 70060       1000      720 0.040801
 8157 74251       1000      791 0.040800
 8158 66801       1000      812 0.040800
 8159 85675       1000      787 0.040799
 8160 68983       1000      810 0.040798
 8161 69100       1000      805 0.040796
 8162 70968       1000      809 0.040796
 8163 66845       1000      810 0.040795
 8164 79266       1000      779 0.040794
 8165 77663       1000      812 0.040794
 8166 79452       1000      801 0.040794
 8167 88595       1000      811 0.040791
 8168 72716       1000      790 0.040791
 8169 84183       1000      802 0.040790
 8170 66507       1000      809 0.040787
 8171 79887       1000      709 0.040787
 8172 65845       1000      811 0.040782
 8173 66903       1000      797 0.040781
 8174 87459       1000      715 0.040780
 8175 68587       1000      786 0.040779
 8176 84031       1000      813 0.040779
 8177 84752       1000      800 0.040777
 8178 80933       1000      804 0.040775
 8179 87812       1000      717 0.040775
 8180 74432       1000      821 0.040773
 8181 68239       1000      818 0.040773
 8182 66910       1000      810 0.040772
 8183 75981       1000      778 0.040770
 8184 87974       1000      792 0.040770
 8185 72734       1000      786 0.040769
 8186 88487       1000      771 0.040769
 8187 79412       1000      784 0.040769
 8188 81321       1000      788 0.040769
 8189 84950       1000      711 0.040768
 8190 81903       1000      782 0.040767
 8191 84251       1000      824 0.040766
 8192 66446       1000      785 0.040766
 8193 77403       1000      804 0.040766
 8194 66685       1000      800 0.040766
 8195 73108       1000      707 0.040766
 8196 68372       1000      705 0.040765
 8197 65940       1000      776 0.040763
 8198 72033       1000      776 0.040763
 8199 81394       1000      806 0.040761
 8200 66761       1000      814 0.040759
 8201 88931       1000      790 0.040758
 8202 74977       1000      804 0.040756
 8203 83473       1000      693 0.040756
 8204 76186       1000      728 0.040755
 8205 77806       1000      795 0.040754
 8206 83420       1000      783 0.040754
 8207 67426       1000      803 0.040754
 8208 71657       1000      772 0.040753
 8209 71526       1000      819 0.040751
 8210 67961       1000      787 0.040750
 8211 71687       1000      823 0.040750
 8212 71913       1000      798 0.040750
 8213 87712       1000      708 0.040749
 8214 87699       1000      789 0.040748
 8215 70551       1000      789 0.040746
 8216 84576       1000      794 0.040745
 8217 75558       1000      803 0.040745
 8218 83139       1000      810 0.040741
 8219 74856       1000      748 0.040739
 8220 83959       1000      803 0.040738
 8221 82668       1000      801 0.040738
 8222 78026       1000      722 0.040738
 8223 81075       1000      797 0.040737
 8224 73722       1000      819 0.040736
 8225 75610       1000      736 0.040734
 8226 77948       1000      784 0.040733
 8227 74338       1000      797 0.040732
 8228 89110       1000      706 0.040732
 8229 80601       1000      799 0.040732
 8230 68023       1000      784 0.040731
 8231 68664       1000      754 0.040728
 8232 82754       1000      804 0.040727
 8233 74243       1000      725 0.040726
 8234 69413       1000      794 0.040725
 8235 74350       1000      781 0.040724
 8236 86309       1000      780 0.040723
 8237 72321       1000      802 0.040722
 8238 80947       1000      818 0.040722
 8239 83229       1000      792 0.040720
 8240 76271       1000      805 0.040720
 8241 69514       1000      780 0.040718
 8242 71800       1000      810 0.040718
 8243 85344       1000      790 0.040717
 8244 88096       1000      724 0.040716
 8245 83001       1000      804 0.040716
 8246 81523       1000      793 0.040715
 8247 76228       1000      807 0.040715
 8248 82951       1000      787 0.040714
 8249 87480       1000      813 0.040712
 8250 71026       1000      793 0.040711
 8251 76007       1000      784 0.040711
 8252 88115       1000      822 0.040710
 8253 82359       1000      795 0.040710
 8254 79744       1000      826 0.040709
 8255 82687       1000      796 0.040708
 8256 73633       1000      798 0.040707
 8257 85581       1000      821 0.040707
 8258 72258       1000      793 0.040706
 8259 83579       1000      784 0.040705
 8260 68061       1000      741 0.040705
 8261 77291       1000      801 0.040704
 8262 82207       1000      796 0.040704
 8263 72225       1000      805 0.040704
 8264 85881       1000      800 0.040703
 8265 86892       1000      708 0.040701
 8266 86716       1000      795 0.040701
 8267 67490       1000      808 0.040699
 8268 71966       1000      705 0.040699
 8269 83042       1000      804 0.040699
 8270 74523       1000      787 0.040697
 8271 84872       1000      786 0.040696
 8272 82187       1000      810 0.040694
 8273 82306       1000      728 0.040693
 8274 72361       1000      804 0.040692
 8275 75144       1000      804 0.040692
 8276 87283       1000      780 0.040691
 8277 73437       1000      793 0.040690
 8278 78715       1000      796 0.040690
 8279 75703       1000      784 0.040688
 8280 85795       1000      803 0.040684
 8281 76285       1000      816 0.040684
 8282 84192       1000      806 0.040682
 8283 80442       1000      800 0.040681
 8284 70045       1000      814 0.040681
 8285 84021       1000      770 0.040679
 8286 79869       1000      796 0.040678
 8287 77743       1000      805 0.040678
 8288 83326       1000      716 0.040676
 8289 71443       1000      808 0.040675
 8290 82136       1000      797 0.040675
 8291 66356       1000      812 0.040675
 8292 67512       1000      791 0.040674
 8293 76060       1000      730 0.040673
 8294 65881       1000      801 0.040673
 8295 79498       1000      797 0.040673
 8296 70715       1000      809 0.040672
 8297 74185       1000      703 0.040672
 8298 68457       1000      795 0.040671
 8299 85058       1000      813 0.040669
 8300 71867       1000      799 0.040669
 8301 74909       1000      732 0.040668
 8302 71374       1000      788 0.040667
 8303 79759       1000      810 0.040664
 8304 72518       1000      799 0.040663
 8305 71991       1000      775 0.040663
 8306 85159       1000      808 0.040661
 8307 71701       1000      708 0.040660
 8308 78129       1000      719 0.040660
 8309 85632       1000      708 0.040660
 8310 80341       1000      715 0.040660
 8311 73861       1000      796 0.040659
 8312 83479       1000      814 0.040659
 8313 88650       1000      708 0.040659
 8314 84869       1000      821 0.040657
 8315 72405       1000      815 0.040656
 8316 72417       1000      796 0.040656
 8317 83085       1000      799 0.040655
 8318 69104       1000      799 0.040654
 8319 75935       1000      793 0.040653
 8320 81817       1000      803 0.040653
 8321 68289       1000      824 0.040651
 8322 66598       1000      793 0.040650
 8323 68996       1000      807 0.040650
 8324 87830       1000      724 0.040650
 8325 84629       1000      798 0.040649
 8326 80950       1000      722 0.040648
 8327 76376       1000      695 0.040647
 8328 81409       1000      787 0.040646
 8329 67138       1000      805 0.040645
 8330 71863       1000      785 0.040644
 8331 68349       1000      792 0.040644
 8332 68580       1000      797 0.040643
 8333 67094       1000      780 0.040643
 8334 78124       1000      788 0.040642
 8335 66150       1000      820 0.040640
 8336 76993       1000      738 0.040640
 8337 66987       1000      782 0.040639
 8338 79307       1000      728 0.040639
 8339 72074       1000      801 0.040638
 8340 72266       1000      732 0.040638
 8341 81718       1000      725 0.040638
 8342 71789       1000      786 0.040637
 8343 67259       1000      794 0.040636
 8344 82789       1000      798 0.040636
 8345 66857       1000      704 0.040635
 8346 81936       1000      734 0.040635
 8347 69124       1000      802 0.040632
 8348 71664       1000      781 0.040630
 8349 75196       1000      798 0.040630
 8350 81092       1000      816 0.040628
 8351 67072       1000      702 0.040625
 8352 75259       1000      791 0.040625
 8353 81443       1000      833 0.040622
 8354 69804       1000      812 0.040619
 8355 86582       1000      723 0.040619
 8356 87220       1000      790 0.040617
 8357 77645       1000      804 0.040616
 8358 84278       1000      794 0.040615
 8359 78388       1000      798 0.040614
 8360 69965       1000      804 0.040613
 8361 69428       1000      813 0.040609
 8362 86595       1000      688 0.040608
 8363 76511       1000      706 0.040608
 8364 72566       1000      804 0.040607
 8365 81786       1000      800 0.040606
 8366 76299       1000      781 0.040606
 8367 74035       1000      718 0.040605
 8368 87897       1000      808 0.040605
 8369 66751       1000      811 0.040605
 8370 77297       1000      800 0.040604
 8371 71393       1000      814 0.040604
 8372 74724       1000      782 0.040604
 8373 68065       1000      807 0.040604
 8374 84772       1000      799 0.040604
 8375 85743       1000      818 0.040603
 8376 82290       1000      750 0.040602
 8377 68411       1000      721 0.040602
 8378 65987       1000      813 0.040601
 8379 86082       1000      798 0.040600
 8380 86954       1000      789 0.040600
 8381 66768       1000      806 0.040599
 8382 80647       1000      808 0.040597
 8383 81925       1000      837 0.040596
 8384 82456       1000      806 0.040596
 8385 77667       1000      796 0.040596
 8386 70915       1000      809 0.040595
 8387 71075       1000      793 0.040595
 8388 79716       1000      803 0.040593
 8389 77864       1000      800 0.040593
 8390 84363       1000      810 0.040592
 8391 82048       1000      832 0.040592
 8392 83014       1000      810 0.040591
 8393 71261       1000      794 0.040591
 8394 66670       1000      801 0.040589
 8395 70660       1000      799 0.040588
 8396 78711       1000      810 0.040587
 8397 79578       1000      824 0.040584
 8398 69011       1000      720 0.040583
 8399 74135       1000      778 0.040582
 8400 84925       1000      724 0.040581
 8401 77150       1000      719 0.040579
 8402 81742       1000      803 0.040579
 8403 77054       1000      804 0.040578
 8404 82372       1000      785 0.040578
 8405 69626       1000      795 0.040578
 8406 80138       1000      798 0.040578
 8407 68020       1000      817 0.040576
 8408 72656       1000      796 0.040576
 8409 84170       1000      792 0.040576
 8410 73053       1000      788 0.040575
 8411 70168       1000      706 0.040574
 8412 70355       1000      783 0.040573
 8413 79586       1000      796 0.040571
 8414 73306       1000      795 0.040570
 8415 86478       1000      817 0.040570
 8416 82125       1000      813 0.040567
 8417 82259       1000      796 0.040565
 8418 77958       1000      814 0.040564
 8419 87759       1000      797 0.040562
 8420 85025       1000      822 0.040560
 8421 76194       1000      774 0.040560
 8422 73329       1000      807 0.040558
 8423 76008       1000      786 0.040558
 8424 82029       1000      808 0.040557
 8425 80850       1000      810 0.040557
 8426 76808       1000      804 0.040556
 8427 69669       1000      816 0.040556
 8428 71839       1000      799 0.040556
 8429 78280       1000      822 0.040554
 8430 70393       1000      813 0.040554
 8431 85089       1000      805 0.040553
 8432 71488       1000      812 0.040553
 8433 72334       1000      798 0.040550
 8434 68937       1000      798 0.040550
 8435 87731       1000      787 0.040549
 8436 79194       1000      806 0.040549
 8437 73386       1000      806 0.040549
 8438 70931       1000      772 0.040545
 8439 73096       1000      704 0.040545
 8440 73180       1000      809 0.040544
 8441 79112       1000      789 0.040544
 8442 69742       1000      805 0.040542
 8443 75778       1000      810 0.040542
 8444 74321       1000      803 0.040540
 8445 68899       1000      794 0.040540
 8446 86113       1000      808 0.040539
 8447 74928       1000      730 0.040537
 8448 74340       1000      724 0.040533
 8449 80565       1000      812 0.040533
 8450 76561       1000      805 0.040533
 8451 83737       1000      799 0.040532
 8452 79932       1000      811 0.040531
 8453 79456       1000      804 0.040531
 8454 81600       1000      810 0.040531
 8455 87356       1000      820 0.040530
 8456 86939       1000      788 0.040528
 8457 87898       1000      720 0.040527
 8458 69125       1000      805 0.040527
 8459 76387       1000      816 0.040523
 8460 69435       1000      792 0.040521
 8461 69979       1000      724 0.040521
 8462 74846       1000      807 0.040520
 8463 84792       1000      810 0.040518
 8464 83475       1000      790 0.040518
 8465 72697       1000      733 0.040517
 8466 80012       1000      716 0.040517
 8467 69783       1000      784 0.040516
 8468 78461       1000      802 0.040515
 8469 72650       1000      819 0.040515
 8470 76212       1000      724 0.040514
 8471 83355       1000      734 0.040513
 8472 81953       1000      711 0.040513
 8473 72983       1000      816 0.040511
 8474 82209       1000      798 0.040511
 8475 75644       1000      720 0.040510
 8476 88025       1000      790 0.040509
 8477 79695       1000      744 0.040509
 8478 86750       1000      797 0.040507
 8479 73104       1000      786 0.040505
 8480 80019       1000      813 0.040505
 8481 87992       1000      795 0.040503
 8482 78090       1000      792 0.040502
 8483 82339       1000      806 0.040502
 8484 86172       1000      729 0.040501
 8485 73516       1000      807 0.040500
 8486 83939       1000      822 0.040498
 8487 85651       1000      793 0.040497
 8488 75813       1000      774 0.040496
 8489 86521       1000      733 0.040494
 8490 84604       1000      746 0.040493
 8491 78846       1000      795 0.040492
 8492 86637       1000      715 0.040492
 8493 80737       1000      783 0.040489
 8494 77692       1000      780 0.040487
 8495 68698       1000      715 0.040487
 8496 86809       1000      708 0.040486
 8497 80533       1000      729 0.040482
 8498 75359       1000      825 0.040482
 8499 79366       1000      812 0.040481
 8500 68648       1000      790 0.040480
 8501 87014       1000      770 0.040480
 8502 70668       1000      715 0.040480
 8503 74719       1000      786 0.040479
 8504 82881       1000      800 0.040479
 8505 86346       1000      784 0.040479
 8506 73659       1000      800 0.040479
 8507 70576       1000      810 0.040479
 8508 81923       1000      720 0.040478
 8509 83532       1000      814 0.040477
 8510 79929       1000      781 0.040476
 8511 68608       1000      746 0.040476
 8512 73119       1000      698 0.040476
 8513 85217       1000      725 0.040476
 8514 77355       1000      789 0.040475
 8515 69776       1000      788 0.040475
 8516 83681       1000      788 0.040474
 8517 74914       1000      725 0.040473
 8518 65951       1000      794 0.040473
 8519 85477       1000      790 0.040472
 8520 76089       1000      696 0.040472
 8521 85886       1000      732 0.040468
 8522 76198       1000      730 0.040468
 8523 77650       1000      723 0.040467
 8524 69402       1000      787 0.040466
 8525 80679       1000      808 0.040465
 8526 85872       1000      791 0.040465
 8527 74019       1000      786 0.040465
 8528 85151       1000      804 0.040464
 8529 71949       1000      807 0.040464
 8530 66058       1000      717 0.040464
 8531 87633       1000      798 0.040463
 8532 66152       1000      790 0.040462
 8533 65882       1000      787 0.040462
 8534 66412       1000      814 0.040459
 8535 76115       1000      821 0.040459
 8536 70622       1000      811 0.040457
 8537 88546       1000      717 0.040456
 8538 73602       1000      721 0.040456
 8539 72453       1000      825 0.040456
 8540 67348       1000      724 0.040453
 8541 78190       1000      813 0.040451
 8542 88920       1000      796 0.040451
 8543 82859       1000      794 0.040448
 8544 75234       1000      809 0.040448
 8545 76839       1000      742 0.040446
 8546 75602       1000      717 0.040445
 8547 78564       1000      797 0.040443
 8548 69990       1000      733 0.040442
 8549 74036       1000      726 0.040439
 8550 88951       1000      704 0.040437
 8551 78933       1000      788 0.040436
 8552 66539       1000      793 0.040436
 8553 77852       1000      800 0.040435
 8554 85445       1000      792 0.040434
 8555 86175       1000      728 0.040434
 8556 79597       1000      744 0.040434
 8557 88030       1000      806 0.040432
 8558 74971       1000      800 0.040430
 8559 71738       1000      824 0.040430
 8560 84419       1000      790 0.040430
 8561 67088       1000      816 0.040430
 8562 69701       1000      805 0.040429
 8563 75304       1000      818 0.040429
 8564 72449       1000      820 0.040427
 8565 76038       1000      717 0.040427
 8566 77293       1000      802 0.040427
 8567 88961       1000      795 0.040426
 8568 79343       1000      836 0.040425
 8569 78125       1000      759 0.040425
 8570 79821       1000      805 0.040425
 8571 68885       1000      791 0.040424
 8572 73585       1000      793 0.040424
 8573 82904       1000      779 0.040423
 8574 89134       1000      817 0.040423
 8575 83040       1000      794 0.040423
 8576 76338       1000      781 0.040423
 8577 85863       1000      732 0.040422
 8578 69552       1000      811 0.040421
 8579 72970       1000      797 0.040420
 8580 72831       1000      806 0.040419
 8581 83238       1000      707 0.040417
 8582 82322       1000      792 0.040417
 8583 85578       1000      802 0.040416
 8584 76219       1000      784 0.040416
 8585 78867       1000      808 0.040414
 8586 81355       1000      806 0.040414
 8587 72299       1000      741 0.040413
 8588 79587       1000      819 0.040412
 8589 74269       1000      824 0.040412
 8590 70605       1000      798 0.040412
 8591 68432       1000      794 0.040410
 8592 75965       1000      802 0.040409
 8593 76548       1000      726 0.040409
 8594 84802       1000      732 0.040409
 8595 67993       1000      779 0.040408
 8596 73793       1000      738 0.040408
 8597 80281       1000      801 0.040407
 8598 75188       1000      792 0.040406
 8599 77383       1000      819 0.040404
 8600 85900       1000      803 0.040403
 8601 81733       1000      792 0.040403
 8602 76921       1000      731 0.040403
 8603 69729       1000      817 0.040402
 8604 88094       1000      797 0.040402
 8605 66466       1000      790 0.040401
 8606 75034       1000      812 0.040401
 8607 88509       1000      806 0.040401
 8608 71296       1000      800 0.040401
 8609 84525       1000      727 0.040400
 8610 82038       1000      803 0.040400
 8611 88173       1000      800 0.040399
 8612 82251       1000      826 0.040399
 8613 74233       1000      799 0.040398
 8614 84560       1000      795 0.040396
 8615 88681       1000      778 0.040394
 8616 73254       1000      809 0.040394
 8617 79267       1000      788 0.040393
 8618 75574       1000      807 0.040392
 8619 81078       1000      793 0.040392
 8620 78659       1000      798 0.040391
 8621 74315       1000      797 0.040390
 8622 78520       1000      785 0.040390
 8623 83262       1000      818 0.040389
 8624 85441       1000      823 0.040389
 8625 86014       1000      802 0.040388
 8626 80689       1000      716 0.040386
 8627 66631       1000      801 0.040386
 8628 82115       1000      811 0.040385
 8629 82638       1000      805 0.040384
 8630 80656       1000      793 0.040383
 8631 74015       1000      801 0.040382
 8632 74141       1000      800 0.040380
 8633 88752       1000      743 0.040380
 8634 70421       1000      730 0.040379
 8635 81460       1000      786 0.040379
 8636 79794       1000      823 0.040379
 8637 76343       1000      736 0.040379
 8638 84110       1000      807 0.040375
 8639 73783       1000      693 0.040374
 8640 66278       1000      818 0.040374
 8641 74773       1000      774 0.040373
 8642 85446       1000      798 0.040372
 8643 72291       1000      716 0.040371
 8644 70323       1000      735 0.040371
 8645 76686       1000      774 0.040366
 8646 87845       1000      786 0.040366
 8647 84603       1000      805 0.040364
 8648 83815       1000      797 0.040363
 8649 80282       1000      801 0.040363
 8650 74048       1000      796 0.040361
 8651 80310       1000      803 0.040361
 8652 87805       1000      817 0.040361
 8653 77834       1000      723 0.040360
 8654 69595       1000      804 0.040359
 8655 71769       1000      700 0.040356
 8656 82868       1000      789 0.040353
 8657 70741       1000      743 0.040352
 8658 71575       1000      752 0.040351
 8659 86645       1000      799 0.040350
 8660 70841       1000      815 0.040349
 8661 85780       1000      781 0.040349
 8662 77478       1000      819 0.040348
 8663 71706       1000      822 0.040348
 8664 86680       1000      814 0.040347
 8665 68790       1000      804 0.040346
 8666 73021       1000      742 0.040346
 8667 80409       1000      790 0.040345
 8668 69171       1000      806 0.040345
 8669 73189       1000      786 0.040344
 8670 69004       1000      722 0.040343
 8671 70789       1000      838 0.040341
 8672 74566       1000      799 0.040339
 8673 67229       1000      784 0.040339
 8674 76609       1000      801 0.040338
 8675 78554       1000      810 0.040337
 8676 88101       1000      805 0.040337
 8677 79683       1000      716 0.040336
 8678 85360       1000      788 0.040336
 8679 85764       1000      811 0.040336
 8680 81722       1000      806 0.040336
 8681 73637       1000      708 0.040335
 8682 69660       1000      804 0.040335
 8683 85267       1000      721 0.040335
 8684 83391       1000      781 0.040331
 8685 85512       1000      807 0.040330
 8686 83906       1000      819 0.040329
 8687 79314       1000      806 0.040328
 8688 77296       1000      799 0.040328
 8689 83967       1000      780 0.040327
 8690 72189       1000      784 0.040327
 8691 77497       1000      794 0.040325
 8692 79609       1000      816 0.040324
 8693 70519       1000      793 0.040324
 8694 83131       1000      796 0.040324
 8695 84710       1000      725 0.040323
 8696 72025       1000      809 0.040323
 8697 86933       1000      800 0.040322
 8698 82539       1000      807 0.040321
 8699 72999       1000      745 0.040321
 8700 81070       1000      801 0.040320
 8701 79163       1000      794 0.040316
 8702 77301       1000      812 0.040316
 8703 85505       1000      815 0.040316
 8704 67038       1000      712 0.040315
 8705 74267       1000      779 0.040315
 8706 77702       1000      809 0.040312
 8707 77435       1000      735 0.040312
 8708 66853       1000      751 0.040311
 8709 85683       1000      814 0.040310
 8710 79747       1000      736 0.040309
 8711 68629       1000      729 0.040307
 8712 79868       1000      716 0.040307
 8713 73205       1000      796 0.040307
 8714 88358       1000      803 0.040306
 8715 87943       1000      805 0.040305
 8716 77241       1000      799 0.040305
 8717 73395       1000      712 0.040303
 8718 86497       1000      785 0.040303
 8719 88731       1000      781 0.040302
 8720 72515       1000      787 0.040302
 8721 83062       1000      812 0.040302
 8722 76573       1000      782 0.040299
 8723 72075       1000      707 0.040296
 8724 83637       1000      783 0.040295
 8725 86363       1000      797 0.040292
 8726 68251       1000      714 0.040292
 8727 85054       1000      799 0.040291
 8728 83958       1000      702 0.040289
 8729 81804       1000      734 0.040289
 8730 67500       1000      790 0.040289
 8731 68498       1000      812 0.040288
 8732 67830       1000      784 0.040288
 8733 79700       1000      797 0.040286
 8734 66448       1000      824 0.040285
 8735 84645       1000      730 0.040285
 8736 79255       1000      777 0.040285
 8737 82235       1000      778 0.040284
 8738 85014       1000      817 0.040283
 8739 81922       1000      811 0.040282
 8740 74770       1000      812 0.040281
 8741 84281       1000      815 0.040281
 8742 68520       1000      714 0.040278
 8743 78167       1000      808 0.040278
 8744 72432       1000      795 0.040277
 8745 83945       1000      809 0.040276
 8746 72763       1000      804 0.040276
 8747 87344       1000      801 0.040275
 8748 78084       1000      715 0.040275
 8749 83442       1000      817 0.040275
 8750 81565       1000      809 0.040272
 8751 85114       1000      815 0.040271
 8752 66754       1000      783 0.040271
 8753 70536       1000      813 0.040270
 8754 67039       1000      735 0.040270
 8755 86882       1000      729 0.040270
 8756 87758       1000      811 0.040269
 8757 72680       1000      796 0.040267
 8758 67262       1000      729 0.040267
 8759 86240       1000      714 0.040267
 8760 78625       1000      790 0.040267
 8761 80081       1000      779 0.040266
 8762 77411       1000      795 0.040266
 8763 73899       1000      746 0.040265
 8764 71710       1000      798 0.040265
 8765 87212       1000      720 0.040264
 8766 87614       1000      796 0.040263
 8767 73216       1000      794 0.040263
 8768 83742       1000      794 0.040263
 8769 86576       1000      796 0.040262
 8770 74730       1000      805 0.040262
 8771 70996       1000      806 0.040260
 8772 80844       1000      798 0.040260
 8773 88329       1000      807 0.040260
 8774 87604       1000      793 0.040259
 8775 81368       1000      801 0.040258
 8776 78423       1000      744 0.040255
 8777 77311       1000      781 0.040252
 8778 69946       1000      814 0.040252
 8779 86127       1000      827 0.040251
 8780 80926       1000      709 0.040250
 8781 66434       1000      792 0.040250
 8782 79965       1000      717 0.040248
 8783 84386       1000      727 0.040248
 8784 69502       1000      793 0.040247
 8785 83889       1000      786 0.040246
 8786 78636       1000      815 0.040246
 8787 79818       1000      726 0.040245
 8788 80823       1000      799 0.040245
 8789 77259       1000      805 0.040244
 8790 68771       1000      784 0.040243
 8791 71161       1000      804 0.040243
 8792 70297       1000      800 0.040242
 8793 72265       1000      730 0.040242
 8794 69945       1000      791 0.040242
 8795 85679       1000      785 0.040242
 8796 82579       1000      792 0.040240
 8797 80928       1000      785 0.040239
 8798 82753       1000      790 0.040239
 8799 69357       1000      811 0.040238
 8800 75314       1000      742 0.040238
 8801 80016       1000      795 0.040235
 8802 85890       1000      795 0.040235
 8803 74276       1000      799 0.040230
 8804 75537       1000      781 0.040230
 8805 73135       1000      806 0.040229
 8806 78747       1000      729 0.040229
 8807 86914       1000      804 0.040228
 8808 83395       1000      806 0.040225
 8809 88694       1000      711 0.040225
 8810 85243       1000      722 0.040223
 8811 73782       1000      803 0.040222
 8812 77836       1000      796 0.040221
 8813 81866       1000      737 0.040220
 8814 88991       1000      779 0.040220
 8815 82953       1000      820 0.040220
 8816 84308       1000      826 0.040219
 8817 86034       1000      799 0.040218
 8818 66700       1000      740 0.040218
 8819 77002       1000      811 0.040217
 8820 88262       1000      735 0.040215
 8821 86442       1000      792 0.040215
 8822 88003       1000      773 0.040214
 8823 77458       1000      812 0.040214
 8824 77837       1000      802 0.040214
 8825 68627       1000      801 0.040212
 8826 87833       1000      787 0.040212
 8827 88055       1000      813 0.040210
 8828 78692       1000      806 0.040209
 8829 72939       1000      806 0.040208
 8830 70295       1000      801 0.040208
 8831 74668       1000      807 0.040208
 8832 78948       1000      809 0.040207
 8833 74301       1000      792 0.040206
 8834 86878       1000      815 0.040205
 8835 73582       1000      797 0.040203
 8836 75998       1000      791 0.040202
 8837 77070       1000      799 0.040201
 8838 79673       1000      784 0.040201
 8839 70127       1000      806 0.040198
 8840 71937       1000      727 0.040198
 8841 71871       1000      803 0.040195
 8842 79475       1000      786 0.040194
 8843 66897       1000      723 0.040194
 8844 72622       1000      733 0.040194
 8845 81550       1000      712 0.040194
 8846 68114       1000      736 0.040194
 8847 87223       1000      807 0.040194
 8848 69053       1000      804 0.040193
 8849 66142       1000      793 0.040193
 8850 82363       1000      728 0.040192
 8851 71674       1000      806 0.040192
 8852 81896       1000      791 0.040191
 8853 76597       1000      713 0.040187
 8854 83452       1000      718 0.040186
 8855 82156       1000      785 0.040184
 8856 79432       1000      818 0.040184
 8857 77266       1000      805 0.040183
 8858 73477       1000      732 0.040181
 8859 78971       1000      816 0.040181
 8860 76058       1000      800 0.040181
 8861 75839       1000      783 0.040180
 8862 77427       1000      705 0.040180
 8863 78083       1000      802 0.040180
 8864 87910       1000      797 0.040178
 8865 88673       1000      814 0.040176
 8866 80752       1000      787 0.040175
 8867 77774       1000      804 0.040174
 8868 73195       1000      823 0.040173
 8869 83984       1000      781 0.040171
 8870 76587       1000      795 0.040171
 8871 66716       1000      790 0.040170
 8872 82660       1000      719 0.040168
 8873 74938       1000      774 0.040168
 8874 75368       1000      790 0.040168
 8875 69708       1000      731 0.040167
 8876 82650       1000      801 0.040167
 8877 87428       1000      796 0.040165
 8878 66838       1000      794 0.040165
 8879 84012       1000      723 0.040163
 8880 71757       1000      799 0.040163
 8881 85746       1000      802 0.040163
 8882 87598       1000      729 0.040162
 8883 66186       1000      810 0.040161
 8884 85192       1000      807 0.040161
 8885 70792       1000      727 0.040160
 8886 66373       1000      788 0.040158
 8887 83969       1000      818 0.040156
 8888 85369       1000      794 0.040155
 8889 71922       1000      725 0.040154
 8890 85934       1000      801 0.040154
 8891 71866       1000      796 0.040154
 8892 69571       1000      805 0.040153
 8893 76476       1000      808 0.040153
 8894 85321       1000      788 0.040152
 8895 73398       1000      727 0.040151
 8896 88975       1000      802 0.040151
 8897 79841       1000      791 0.040149
 8898 75201       1000      818 0.040148
 8899 79599       1000      770 0.040148
 8900 85516       1000      796 0.040147
 8901 82633       1000      796 0.040147
 8902 67897       1000      785 0.040146
 8903 73992       1000      799 0.040145
 8904 70119       1000      803 0.040143
 8905 86425       1000      804 0.040142
 8906 77769       1000      790 0.040142
 8907 71237       1000      793 0.040141
 8908 79391       1000      792 0.040139
 8909 69699       1000      794 0.040137
 8910 88856       1000      805 0.040135
 8911 87860       1000      808 0.040135
 8912 73898       1000      800 0.040134
 8913 70447       1000      711 0.040134
 8914 77965       1000      790 0.040133
 8915 68422       1000      762 0.040132
 8916 81462       1000      785 0.040128
 8917 71944       1000      784 0.040128
 8918 75549       1000      722 0.040127
 8919 88561       1000      798 0.040126
 8920 67198       1000      718 0.040126
 8921 78120       1000      820 0.040126
 8922 69278       1000      781 0.040126
 8923 83760       1000      813 0.040125
 8924 85328       1000      797 0.040124
 8925 86792       1000      795 0.040124
 8926 77705       1000      792 0.040124
 8927 71568       1000      805 0.040124
 8928 82310       1000      784 0.040123
 8929 76300       1000      802 0.040122
 8930 71108       1000      802 0.040121
 8931 74851       1000      825 0.040121
 8932 78100       1000      800 0.040121
 8933 80045       1000      787 0.040119
 8934 66111       1000      742 0.040118
 8935 66139       1000      804 0.040118
 8936 72866       1000      802 0.040117
 8937 75149       1000      730 0.040114
 8938 71886       1000      804 0.040114
 8939 70094       1000      796 0.040114
 8940 66003       1000      807 0.040114
 8941 68901       1000      800 0.040114
 8942 71483       1000      794 0.040113
 8943 68228       1000      816 0.040112
 8944 83463       1000      800 0.040111
 8945 71578       1000      803 0.040110
 8946 73218       1000      806 0.040110
 8947 77731       1000      788 0.040110
 8948 68862       1000      710 0.040110
 8949 74457       1000      802 0.040108
 8950 74448       1000      701 0.040107
 8951 85027       1000      806 0.040107
 8952 67364       1000      801 0.040106
 8953 80468       1000      823 0.040105
 8954 80968       1000      812 0.040104
 8955 82134       1000      817 0.040104
 8956 87739       1000      794 0.040102
 8957 66182       1000      718 0.040100
 8958 88536       1000      793 0.040098
 8959 86682       1000      800 0.040097
 8960 72992       1000      797 0.040096
 8961 74100       1000      780 0.040096
 8962 71149       1000      813 0.040096
 8963 87247       1000      797 0.040096
 8964 79407       1000      782 0.040094
 8965 86542       1000      807 0.040092
 8966 88459       1000      798 0.040092
 8967 82320       1000      780 0.040091
 8968 79017       1000      796 0.040091
 8969 84965       1000      794 0.040089
 8970 66359       1000      778 0.040087
 8971 87398       1000      779 0.040086
 8972 86324       1000      805 0.040086
 8973 81636       1000      812 0.040085
 8974 70019       1000      790 0.040085
 8975 84384       1000      800 0.040083
 8976 78449       1000      790 0.040083
 8977 87194       1000      795 0.040080
 8978 82962       1000      812 0.040080
 8979 86009       1000      799 0.040080
 8980 86840       1000      727 0.040079
 8981 74419       1000      788 0.040079
 8982 69249       1000      793 0.040078
 8983 77919       1000      793 0.040077
 8984 81120       1000      795 0.040076
 8985 81222       1000      803 0.040075
 8986 66288       1000      797 0.040074
 8987 73025       1000      803 0.040074
 8988 80432       1000      806 0.040072
 8989 78548       1000      800 0.040072
 8990 80308       1000      795 0.040071
 8991 72229       1000      785 0.040071
 8992 72588       1000      790 0.040071
 8993 74268       1000      824 0.040070
 8994 69505       1000      808 0.040069
 8995 89149       1000      791 0.040069
 8996 73880       1000      778 0.040068
 8997 66787       1000      810 0.040068
 8998 84706       1000      800 0.040067
 8999 83626       1000      780 0.040066
 9000 68647       1000      798 0.040065
 9001 85715       1000      791 0.040061
 9002 78462       1000      730 0.040061
 9003 87458       1000      817 0.040059
 9004 72618       1000      811 0.040057
 9005 84200       1000      804 0.040057
 9006 67875       1000      794 0.040056
 9007 67370       1000      796 0.040054
 9008 74682       1000      792 0.040052
 9009 71898       1000      730 0.040052
 9010 80414       1000      800 0.040052
 9011 86420       1000      812 0.040050
 9012 87363       1000      792 0.040049
 9013 85284       1000      803 0.040047
 9014 82167       1000      783 0.040046
 9015 68392       1000      811 0.040046
 9016 87443       1000      797 0.040045
 9017 84926       1000      797 0.040044
 9018 80393       1000      758 0.040043
 9019 88017       1000      721 0.040043
 9020 84578       1000      796 0.040040
 9021 67275       1000      811 0.040039
 9022 67432       1000      714 0.040037
 9023 80361       1000      822 0.040035
 9024 82963       1000      786 0.040035
 9025 71440       1000      799 0.040035
 9026 67178       1000      724 0.040033
 9027 70299       1000      802 0.040033
 9028 86603       1000      791 0.040033
 9029 72974       1000      801 0.040033
 9030 88849       1000      794 0.040032
 9031 76799       1000      792 0.040032
 9032 77861       1000      800 0.040032
 9033 83874       1000      800 0.040032
 9034 83765       1000      782 0.040032
 9035 70267       1000      808 0.040031
 9036 73902       1000      724 0.040031
 9037 78699       1000      749 0.040031
 9038 87569       1000      774 0.040030
 9039 73340       1000      807 0.040030
 9040 80778       1000      793 0.040028
 9041 80085       1000      825 0.040028
 9042 84735       1000      817 0.040028
 9043 67974       1000      797 0.040026
 9044 83218       1000      797 0.040025
 9045 89116       1000      699 0.040025
 9046 87671       1000      734 0.040025
 9047 74284       1000      789 0.040025
 9048 74003       1000      801 0.040025
 9049 83141       1000      819 0.040024
 9050 84620       1000      810 0.040022
 9051 86930       1000      716 0.040022
 9052 71275       1000      721 0.040021
 9053 80446       1000      731 0.040021
 9054 72824       1000      811 0.040020
 9055 83413       1000      758 0.040019
 9056 79044       1000      813 0.040019
 9057 86467       1000      800 0.040019
 9058 79430       1000      806 0.040018
 9059 74768       1000      806 0.040017
 9060 70198       1000      794 0.040017
 9061 70598       1000      798 0.040017
 9062 66110       1000      783 0.040016
 9063 81290       1000      800 0.040013
 9064 80149       1000      786 0.040012
 9065 76584       1000      792 0.040012
 9066 86405       1000      792 0.040011
 9067 69871       1000      798 0.040010
 9068 79264       1000      801 0.040010
 9069 71208       1000      801 0.040009
 9070 80558       1000      803 0.040008
 9071 83926       1000      739 0.040008
 9072 80750       1000      791 0.040007
 9073 77327       1000      797 0.040007
 9074 88313       1000      814 0.040005
 9075 83735       1000      780 0.040005
 9076 74649       1000      794 0.040003
 9077 73141       1000      796 0.040002
 9078 76704       1000      790 0.040002
 9079 70289       1000      776 0.040002
 9080 85714       1000      781 0.040000
 9081 81940       1000      796 0.039999
 9082 72998       1000      804 0.039999
 9083 73389       1000      801 0.039999
 9084 82471       1000      803 0.039998
 9085 70320       1000      803 0.039998
 9086 72070       1000      818 0.039998
 9087 82972       1000      820 0.039997
 9088 83279       1000      813 0.039996
 9089 74865       1000      800 0.039995
 9090 84171       1000      815 0.039995
 9091 80135       1000      738 0.039995
 9092 72440       1000      791 0.039995
 9093 67374       1000      805 0.039995
 9094 86049       1000      808 0.039994
 9095 73288       1000      811 0.039993
 9096 71355       1000      795 0.039991
 9097 88521       1000      719 0.039990
 9098 80188       1000      736 0.039990
 9099 70128       1000      801 0.039987
 9100 77125       1000      788 0.039987
 9101 67670       1000      795 0.039986
 9102 85003       1000      794 0.039986
 9103 66731       1000      824 0.039985
 9104 81824       1000      741 0.039985
 9105 68306       1000      811 0.039983
 9106 68795       1000      817 0.039982
 9107 70681       1000      806 0.039980
 9108 88864       1000      786 0.039979
 9109 85599       1000      807 0.039979
 9110 86602       1000      786 0.039979
 9111 79850       1000      816 0.039978
 9112 82047       1000      801 0.039978
 9113 68000       1000      812 0.039977
 9114 86270       1000      800 0.039977
 9115 66578       1000      796 0.039976
 9116 73347       1000      819 0.039975
 9117 86461       1000      795 0.039973
 9118 75492       1000      802 0.039973
 9119 73247       1000      797 0.039971
 9120 73213       1000      808 0.039970
 9121 77410       1000      774 0.039970
 9122 85164       1000      768 0.039969
 9123 79273       1000      794 0.039969
 9124 87272       1000      808 0.039969
 9125 74173       1000      784 0.039968
 9126 87444       1000      792 0.039968
 9127 76942       1000      814 0.039968
 9128 66311       1000      801 0.039967
 9129 65999       1000      808 0.039967
 9130 80856       1000      806 0.039967
 9131 81056       1000      793 0.039967
 9132 83259       1000      803 0.039965
 9133 81066       1000      722 0.039964
 9134 87434       1000      808 0.039964
 9135 67890       1000      793 0.039964
 9136 82142       1000      732 0.039963
 9137 67996       1000      802 0.039962
 9138 82381       1000      739 0.039962
 9139 74632       1000      780 0.039962
 9140 81492       1000      794 0.039962
 9141 72263       1000      802 0.039960
 9142 71286       1000      808 0.039960
 9143 66568       1000      784 0.039960
 9144 73625       1000      811 0.039960
 9145 67653       1000      794 0.039959
 9146 77588       1000      725 0.039958
 9147 68011       1000      803 0.039958
 9148 82511       1000      811 0.039957
 9149 83256       1000      794 0.039956
 9150 87588       1000      756 0.039956
 9151 86084       1000      809 0.039956
 9152 68840       1000      786 0.039953
 9153 67398       1000      801 0.039953
 9154 71660       1000      806 0.039953
 9155 68416       1000      716 0.039950
 9156 78544       1000      704 0.039949
 9157 72318       1000      802 0.039949
 9158 84922       1000      784 0.039949
 9159 70157       1000      811 0.039948
 9160 66430       1000      796 0.039947
 9161 88320       1000      817 0.039947
 9162 76239       1000      798 0.039947
 9163 69625       1000      731 0.039947
 9164 75654       1000      816 0.039947
 9165 68068       1000      764 0.039943
 9166 84321       1000      814 0.039942
 9167 77227       1000      812 0.039941
 9168 76774       1000      800 0.039940
 9169 88644       1000      722 0.039940
 9170 72053       1000      695 0.039940
 9171 76905       1000      809 0.039939
 9172 79949       1000      738 0.039939
 9173 74948       1000      791 0.039938
 9174 83335       1000      819 0.039938
 9175 80022       1000      801 0.039937
 9176 84105       1000      799 0.039937
 9177 66792       1000      806 0.039937
 9178 89033       1000      840 0.039936
 9179 81679       1000      821 0.039936
 9180 86558       1000      819 0.039933
 9181 70941       1000      790 0.039931
 9182 79358       1000      784 0.039931
 9183 88491       1000      818 0.039931
 9184 82165       1000      695 0.039931
 9185 82464       1000      797 0.039930
 9186 82597       1000      798 0.039929
 9187 81451       1000      819 0.039929
 9188 71479       1000      729 0.039928
 9189 77381       1000      801 0.039928
 9190 75438       1000      729 0.039928
 9191 83281       1000      801 0.039927
 9192 80792       1000      796 0.039927
 9193 77690       1000      808 0.039926
 9194 72268       1000      709 0.039925
 9195 72489       1000      812 0.039925
 9196 82600       1000      813 0.039925
 9197 85209       1000      737 0.039924
 9198 73060       1000      803 0.039924
 9199 79180       1000      799 0.039924
 9200 68865       1000      798 0.039923
 9201 88913       1000      706 0.039923
 9202 86077       1000      807 0.039920
 9203 76278       1000      806 0.039919
 9204 66017       1000      792 0.039918
 9205 84956       1000      734 0.039918
 9206 86000       1000      797 0.039917
 9207 68204       1000      734 0.039916
 9208 74064       1000      788 0.039915
 9209 73261       1000      784 0.039915
 9210 67792       1000      782 0.039915
 9211 73016       1000      798 0.039915
 9212 67137       1000      809 0.039914
 9213 71079       1000      797 0.039912
 9214 71681       1000      780 0.039912
 9215 67443       1000      727 0.039912
 9216 74964       1000      802 0.039912
 9217 75233       1000      806 0.039912
 9218 70121       1000      801 0.039911
 9219 72967       1000      733 0.039911
 9220 87831       1000      797 0.039909
 9221 79955       1000      799 0.039908
 9222 76638       1000      808 0.039907
 9223 83835       1000      792 0.039906
 9224 87383       1000      800 0.039904
 9225 68962       1000      817 0.039903
 9226 71621       1000      793 0.039902
 9227 79448       1000      804 0.039901
 9228 67669       1000      824 0.039900
 9229 88428       1000      796 0.039898
 9230 66242       1000      803 0.039897
 9231 74042       1000      795 0.039896
 9232 74225       1000      806 0.039896
 9233 83698       1000      728 0.039895
 9234 88006       1000      718 0.039895
 9235 85439       1000      814 0.039893
 9236 71931       1000      795 0.039893
 9237 87404       1000      695 0.039893
 9238 76129       1000      726 0.039893
 9239 75578       1000      807 0.039892
 9240 77248       1000      707 0.039892
 9241 68488       1000      803 0.039891
 9242 78103       1000      807 0.039887
 9243 78395       1000      797 0.039886
 9244 83219       1000      730 0.039886
 9245 67556       1000      804 0.039884
 9246 72877       1000      802 0.039883
 9247 72481       1000      783 0.039882
 9248 77049       1000      811 0.039881
 9249 88615       1000      794 0.039880
 9250 83997       1000      794 0.039880
 9251 78767       1000      802 0.039879
 9252 82462       1000      803 0.039876
 9253 80246       1000      812 0.039876
 9254 82319       1000      791 0.039875
 9255 71939       1000      801 0.039874
 9256 85153       1000      706 0.039872
 9257 84193       1000      796 0.039872
 9258 75014       1000      786 0.039869
 9259 82169       1000      790 0.039869
 9260 70961       1000      778 0.039868
 9261 75214       1000      817 0.039868
 9262 70828       1000      805 0.039867
 9263 70692       1000      811 0.039867
 9264 68064       1000      809 0.039867
 9265 81852       1000      792 0.039866
 9266 67311       1000      808 0.039865
 9267 69271       1000      798 0.039865
 9268 77188       1000      781 0.039864
 9269 81241       1000      800 0.039863
 9270 84414       1000      801 0.039863
 9271 77159       1000      800 0.039862
 9272 72154       1000      810 0.039862
 9273 87514       1000      736 0.039862
 9274 81540       1000      773 0.039861
 9275 75848       1000      792 0.039861
 9276 74994       1000      802 0.039861
 9277 86822       1000      741 0.039860
 9278 78300       1000      735 0.039859
 9279 87648       1000      788 0.039858
 9280 75162       1000      800 0.039858
 9281 66228       1000      772 0.039858
 9282 85596       1000      826 0.039853
 9283 66371       1000      816 0.039853
 9284 86507       1000      817 0.039851
 9285 68528       1000      799 0.039848
 9286 83163       1000      724 0.039848
 9287 76342       1000      813 0.039848
 9288 67646       1000      820 0.039847
 9289 75651       1000      714 0.039846
 9290 76703       1000      788 0.039846
 9291 75775       1000      785 0.039845
 9292 79133       1000      800 0.039845
 9293 84992       1000      796 0.039844
 9294 88489       1000      801 0.039844
 9295 67044       1000      796 0.039844
 9296 67853       1000      797 0.039843
 9297 87839       1000      794 0.039843
 9298 70874       1000      818 0.039842
 9299 75050       1000      803 0.039842
 9300 85334       1000      785 0.039842
 9301 70903       1000      820 0.039841
 9302 88915       1000      815 0.039840
 9303 82518       1000      808 0.039839
 9304 73928       1000      727 0.039839
 9305 79641       1000      711 0.039839
 9306 81043       1000      802 0.039838
 9307 76254       1000      796 0.039838
 9308 66277       1000      795 0.039838
 9309 87691       1000      722 0.039838
 9310 84313       1000      793 0.039837
 9311 76735       1000      719 0.039836
 9312 74244       1000      799 0.039836
 9313 85674       1000      733 0.039835
 9314 86673       1000      817 0.039833
 9315 67819       1000      777 0.039833
 9316 81306       1000      792 0.039833
 9317 85987       1000      825 0.039832
 9318 84699       1000      826 0.039830
 9319 66118       1000      801 0.039830
 9320 86798       1000      805 0.039829
 9321 69770       1000      798 0.039827
 9322 71098       1000      731 0.039827
 9323 80906       1000      795 0.039826
 9324 77186       1000      709 0.039826
 9325 83250       1000      716 0.039826
 9326 72535       1000      809 0.039825
 9327 84150       1000      738 0.039825
 9328 83054       1000      824 0.039824
 9329 84593       1000      731 0.039824
 9330 78460       1000      799 0.039824
 9331 85830       1000      805 0.039823
 9332 70720       1000      807 0.039823
 9333 78082       1000      723 0.039823
 9334 87745       1000      801 0.039823
 9335 82274       1000      790 0.039822
 9336 75773       1000      800 0.039821
 9337 72273       1000      703 0.039820
 9338 76416       1000      719 0.039819
 9339 68054       1000      792 0.039819
 9340 67410       1000      809 0.039818
 9341 68338       1000      804 0.039818
 9342 66616       1000      710 0.039817
 9343 76870       1000      785 0.039817
 9344 82168       1000      810 0.039815
 9345 88770       1000      761 0.039814
 9346 76360       1000      783 0.039814
 9347 84292       1000      778 0.039814
 9348 69154       1000      721 0.039812
 9349 67118       1000      745 0.039812
 9350 79451       1000      788 0.039810
 9351 79953       1000      814 0.039810
 9352 71976       1000      804 0.039807
 9353 65968       1000      807 0.039807
 9354 67911       1000      797 0.039805
 9355 73076       1000      804 0.039804
 9356 66431       1000      799 0.039803
 9357 69798       1000      714 0.039802
 9358 73618       1000      801 0.039800
 9359 77746       1000      808 0.039799
 9360 73589       1000      797 0.039798
 9361 81329       1000      814 0.039796
 9362 74756       1000      798 0.039795
 9363 82810       1000      721 0.039795
 9364 74641       1000      782 0.039794
 9365 77604       1000      788 0.039793
 9366 84851       1000      812 0.039792
 9367 80029       1000      802 0.039792
 9368 80605       1000      813 0.039791
 9369 80043       1000      831 0.039790
 9370 67035       1000      808 0.039790
 9371 83686       1000      796 0.039790
 9372 85410       1000      813 0.039788
 9373 87965       1000      804 0.039787
 9374 87205       1000      785 0.039786
 9375 79893       1000      799 0.039782
 9376 69471       1000      817 0.039781
 9377 81322       1000      771 0.039781
 9378 66481       1000      803 0.039781
 9379 79342       1000      806 0.039778
 9380 74662       1000      810 0.039778
 9381 82630       1000      725 0.039777
 9382 79468       1000      788 0.039776
 9383 77562       1000      747 0.039776
 9384 77019       1000      729 0.039774
 9385 76768       1000      704 0.039774
 9386 88621       1000      787 0.039773
 9387 77464       1000      786 0.039772
 9388 79242       1000      786 0.039771
 9389 73277       1000      816 0.039770
 9390 69909       1000      799 0.039770
 9391 73575       1000      809 0.039770
 9392 72202       1000      805 0.039769
 9393 81285       1000      813 0.039769
 9394 80874       1000      800 0.039769
 9395 68217       1000      795 0.039769
 9396 77457       1000      732 0.039768
 9397 66474       1000      802 0.039768
 9398 70106       1000      731 0.039768
 9399 67948       1000      813 0.039766
 9400 77140       1000      724 0.039765
 9401 88237       1000      813 0.039764
 9402 78999       1000      732 0.039762
 9403 68428       1000      789 0.039762
 9404 84486       1000      801 0.039762
 9405 76737       1000      787 0.039762
 9406 72931       1000      795 0.039760
 9407 75821       1000      799 0.039760
 9408 73570       1000      810 0.039760
 9409 76088       1000      799 0.039759
 9410 86578       1000      816 0.039757
 9411 82935       1000      795 0.039755
 9412 88226       1000      814 0.039752
 9413 80774       1000      736 0.039751
 9414 70985       1000      794 0.039750
 9415 69114       1000      809 0.039749
 9416 77771       1000      801 0.039748
 9417 78617       1000      829 0.039746
 9418 69688       1000      770 0.039746
 9419 76919       1000      805 0.039745
 9420 79138       1000      789 0.039745
 9421 82086       1000      805 0.039745
 9422 67234       1000      799 0.039744
 9423 77504       1000      807 0.039743
 9424 66583       1000      791 0.039742
 9425 69710       1000      798 0.039741
 9426 89129       1000      804 0.039741
 9427 79059       1000      782 0.039741
 9428 71856       1000      808 0.039741
 9429 77075       1000      806 0.039740
 9430 67954       1000      805 0.039739
 9431 74388       1000      804 0.039739
 9432 77034       1000      798 0.039739
 9433 76678       1000      788 0.039738
 9434 83064       1000      786 0.039737
 9435 84759       1000      795 0.039735
 9436 73567       1000      801 0.039735
 9437 69605       1000      796 0.039735
 9438 82913       1000      795 0.039735
 9439 72180       1000      814 0.039734
 9440 81907       1000      714 0.039733
 9441 86065       1000      812 0.039732
 9442 85856       1000      733 0.039732
 9443 68667       1000      791 0.039731
 9444 79897       1000      802 0.039729
 9445 80637       1000      791 0.039728
 9446 67482       1000      747 0.039728
 9447 75339       1000      787 0.039727
 9448 75424       1000      785 0.039727
 9449 85303       1000      726 0.039727
 9450 72289       1000      807 0.039726
 9451 78068       1000      806 0.039726
 9452 80206       1000      818 0.039725
 9453 89071       1000      797 0.039723
 9454 67506       1000      795 0.039723
 9455 78217       1000      792 0.039721
 9456 67051       1000      796 0.039720
 9457 80334       1000      779 0.039720
 9458 85417       1000      709 0.039719
 9459 87328       1000      796 0.039719
 9460 72806       1000      796 0.039719
 9461 67365       1000      798 0.039715
 9462 69223       1000      741 0.039715
 9463 77695       1000      797 0.039715
 9464 68303       1000      802 0.039710
 9465 72531       1000      817 0.039710
 9466 79171       1000      797 0.039710
 9467 80504       1000      781 0.039709
 9468 73174       1000      803 0.039705
 9469 79689       1000      820 0.039704
 9470 86970       1000      735 0.039703
 9471 70487       1000      728 0.039702
 9472 84695       1000      815 0.039701
 9473 68223       1000      799 0.039700
 9474 77895       1000      712 0.039700
 9475 78768       1000      792 0.039698
 9476 67612       1000      816 0.039698
 9477 82744       1000      808 0.039697
 9478 88031       1000      780 0.039697
 9479 74780       1000      732 0.039694
 9480 73724       1000      799 0.039690
 9481 69747       1000      819 0.039690
 9482 65920       1000      791 0.039689
 9483 81227       1000      810 0.039689
 9484 82126       1000      814 0.039689
 9485 70491       1000      782 0.039687
 9486 85293       1000      791 0.039687
 9487 76641       1000      824 0.039685
 9488 80380       1000      705 0.039684
 9489 84205       1000      801 0.039684
 9490 76499       1000      721 0.039683
 9491 71039       1000      708 0.039683
 9492 70951       1000      798 0.039683
 9493 86279       1000      701 0.039683
 9494 66039       1000      809 0.039682
 9495 86389       1000      811 0.039680
 9496 82895       1000      795 0.039680
 9497 84242       1000      831 0.039679
 9498 68665       1000      784 0.039678
 9499 66643       1000      813 0.039678
 9500 74832       1000      802 0.039675
 9501 78898       1000      804 0.039675
 9502 76593       1000      830 0.039674
 9503 87170       1000      804 0.039672
 9504 69203       1000      777 0.039670
 9505 84632       1000      824 0.039668
 9506 87806       1000      790 0.039668
 9507 84173       1000      805 0.039667
 9508 87082       1000      788 0.039667
 9509 85354       1000      720 0.039667
 9510 77659       1000      731 0.039666
 9511 88898       1000      802 0.039666
 9512 75904       1000      795 0.039665
 9513 77298       1000      816 0.039665
 9514 67222       1000      798 0.039664
 9515 75329       1000      797 0.039664
 9516 85530       1000      719 0.039663
 9517 75618       1000      722 0.039662
 9518 87084       1000      816 0.039661
 9519 75510       1000      797 0.039661
 9520 79885       1000      806 0.039659
 9521 79755       1000      799 0.039659
 9522 75647       1000      817 0.039658
 9523 77628       1000      733 0.039657
 9524 85919       1000      802 0.039656
 9525 88703       1000      786 0.039655
 9526 84402       1000      802 0.039654
 9527 88403       1000      807 0.039654
 9528 68883       1000      795 0.039654
 9529 70293       1000      800 0.039654
 9530 82689       1000      802 0.039652
 9531 67846       1000      796 0.039652
 9532 84099       1000      799 0.039651
 9533 75319       1000      797 0.039650
 9534 68768       1000      733 0.039649
 9535 78216       1000      730 0.039648
 9536 68729       1000      788 0.039648
 9537 84820       1000      805 0.039646
 9538 77334       1000      802 0.039644
 9539 80118       1000      812 0.039644
 9540 77603       1000      791 0.039643
 9541 77800       1000      801 0.039642
 9542 76128       1000      808 0.039641
 9543 88235       1000      732 0.039641
 9544 77353       1000      727 0.039641
 9545 72337       1000      799 0.039640
 9546 72709       1000      723 0.039640
 9547 76166       1000      708 0.039640
 9548 81677       1000      708 0.039638
 9549 74478       1000      818 0.039638
 9550 67224       1000      802 0.039638
 9551 67666       1000      814 0.039637
 9552 83488       1000      811 0.039637
 9553 83972       1000      816 0.039637
 9554 75239       1000      721 0.039636
 9555 84751       1000      797 0.039636
 9556 87979       1000      797 0.039636
 9557 71255       1000      733 0.039636
 9558 84111       1000      800 0.039635
 9559 73623       1000      807 0.039632
 9560 72968       1000      820 0.039632
 9561 69592       1000      790 0.039632
 9562 82494       1000      802 0.039631
 9563 82950       1000      794 0.039630
 9564 71010       1000      796 0.039629
 9565 67396       1000      800 0.039626
 9566 81374       1000      812 0.039624
 9567 75417       1000      811 0.039624
 9568 72956       1000      711 0.039622
 9569 79411       1000      795 0.039621
 9570 80349       1000      791 0.039617
 9571 66248       1000      799 0.039617
 9572 71558       1000      803 0.039615
 9573 69610       1000      810 0.039614
 9574 70777       1000      746 0.039614
 9575 70661       1000      797 0.039614
 9576 79581       1000      800 0.039613
 9577 83478       1000      802 0.039612
 9578 68190       1000      700 0.039612
 9579 78017       1000      806 0.039611
 9580 75787       1000      790 0.039610
 9581 84954       1000      816 0.039610
 9582 84066       1000      786 0.039609
 9583 67745       1000      795 0.039608
 9584 70413       1000      826 0.039608
 9585 67654       1000      801 0.039608
 9586 66625       1000      806 0.039606
 9587 73403       1000      812 0.039605
 9588 82989       1000      736 0.039603
 9589 86512       1000      798 0.039603
 9590 78654       1000      707 0.039602
 9591 85782       1000      791 0.039602
 9592 84849       1000      801 0.039602
 9593 88302       1000      789 0.039601
 9594 81142       1000      731 0.039601
 9595 71003       1000      719 0.039598
 9596 72368       1000      727 0.039598
 9597 81927       1000      802 0.039597
 9598 76218       1000      732 0.039595
 9599 86051       1000      728 0.039595
 9600 84189       1000      820 0.039591
 9601 74394       1000      781 0.039591
 9602 88326       1000      804 0.039591
 9603 82548       1000      818 0.039590
 9604 73997       1000      804 0.039590
 9605 70296       1000      797 0.039586
 9606 86093       1000      706 0.039583
 9607 66913       1000      820 0.039582
 9608 82533       1000      818 0.039581
 9609 87849       1000      813 0.039579
 9610 85667       1000      786 0.039578
 9611 67090       1000      699 0.039577
 9612 76849       1000      792 0.039576
 9613 71012       1000      823 0.039575
 9614 72259       1000      805 0.039574
 9615 86215       1000      822 0.039572
 9616 87901       1000      784 0.039571
 9617 68588       1000      800 0.039569
 9618 75836       1000      796 0.039569
 9619 85253       1000      742 0.039569
 9620 67544       1000      799 0.039568
 9621 89050       1000      792 0.039567
 9622 82549       1000      804 0.039567
 9623 85825       1000      814 0.039566
 9624 78918       1000      785 0.039566
 9625 80026       1000      727 0.039566
 9626 83852       1000      792 0.039566
 9627 78941       1000      800 0.039566
 9628 76049       1000      812 0.039565
 9629 73300       1000      799 0.039565
 9630 79311       1000      801 0.039564
 9631 74571       1000      716 0.039564
 9632 69837       1000      806 0.039563
 9633 79463       1000      798 0.039563
 9634 68920       1000      753 0.039562
 9635 77178       1000      704 0.039562
 9636 87820       1000      726 0.039562
 9637 75349       1000      789 0.039561
 9638 67527       1000      817 0.039560
 9639 74219       1000      774 0.039559
 9640 79465       1000      785 0.039558
 9641 72235       1000      776 0.039557
 9642 86653       1000      813 0.039556
 9643 86678       1000      785 0.039556
 9644 78474       1000      734 0.039555
 9645 89036       1000      787 0.039555
 9646 86067       1000      804 0.039554
 9647 71636       1000      802 0.039554
 9648 77097       1000      813 0.039553
 9649 73564       1000      803 0.039553
 9650 71745       1000      785 0.039552
 9651 76954       1000      815 0.039551
 9652 86376       1000      804 0.039550
 9653 66002       1000      805 0.039550
 9654 78953       1000      803 0.039549
 9655 77658       1000      813 0.039548
 9656 85836       1000      776 0.039548
 9657 75597       1000      811 0.039548
 9658 67288       1000      790 0.039545
 9659 88461       1000      789 0.039545
 9660 69939       1000      783 0.039545
 9661 73941       1000      818 0.039545
 9662 66443       1000      807 0.039545
 9663 85331       1000      787 0.039544
 9664 89088       1000      692 0.039544
 9665 69371       1000      780 0.039543
 9666 80586       1000      804 0.039540
 9667 70629       1000      766 0.039539
 9668 87104       1000      807 0.039539
 9669 67723       1000      750 0.039538
 9670 77491       1000      793 0.039538
 9671 68136       1000      718 0.039536
 9672 86867       1000      793 0.039535
 9673 65827       1000      801 0.039534
 9674 71869       1000      810 0.039533
 9675 87079       1000      785 0.039533
 9676 82118       1000      800 0.039532
 9677 87584       1000      802 0.039532
 9678 80788       1000      784 0.039532
 9679 78849       1000      791 0.039530
 9680 86855       1000      793 0.039527
 9681 70132       1000      789 0.039526
 9682 72007       1000      798 0.039526
 9683 76016       1000      789 0.039526
 9684 72595       1000      823 0.039525
 9685 87635       1000      812 0.039524
 9686 85121       1000      783 0.039523
 9687 73831       1000      726 0.039523
 9688 70169       1000      802 0.039523
 9689 70922       1000      718 0.039522
 9690 71168       1000      840 0.039521
 9691 78886       1000      796 0.039521
 9692 68922       1000      786 0.039519
 9693 72592       1000      729 0.039517
 9694 79489       1000      815 0.039517
 9695 79131       1000      739 0.039515
 9696 86565       1000      817 0.039514
 9697 69882       1000      721 0.039514
 9698 82212       1000      793 0.039511
 9699 75211       1000      811 0.039510
 9700 83008       1000      809 0.039510
 9701 69239       1000      744 0.039510
 9702 87916       1000      743 0.039508
 9703 68581       1000      721 0.039508
 9704 75969       1000      798 0.039507
 9705 84366       1000      798 0.039505
 9706 78145       1000      807 0.039504
 9707 67496       1000      821 0.039504
 9708 86749       1000      782 0.039503
 9709 83088       1000      720 0.039501
 9710 68442       1000      797 0.039501
 9711 87824       1000      797 0.039501
 9712 70337       1000      830 0.039500
 9713 67287       1000      793 0.039500
 9714 78179       1000      792 0.039500
 9715 81334       1000      796 0.039499
 9716 71607       1000      722 0.039499
 9717 72601       1000      771 0.039499
 9718 71648       1000      744 0.039499
 9719 87670       1000      817 0.039498
 9720 68242       1000      794 0.039498
 9721 80048       1000      815 0.039498
 9722 81377       1000      743 0.039498
 9723 87679       1000      777 0.039497
 9724 73626       1000      797 0.039495
 9725 69405       1000      799 0.039494
 9726 73658       1000      791 0.039494
 9727 69246       1000      779 0.039493
 9728 76962       1000      801 0.039493
 9729 67596       1000      746 0.039493
 9730 70485       1000      780 0.039493
 9731 88709       1000      793 0.039492
 9732 71729       1000      800 0.039491
 9733 68567       1000      785 0.039491
 9734 76778       1000      807 0.039490
 9735 80331       1000      782 0.039490
 9736 80908       1000      782 0.039488
 9737 66732       1000      826 0.039488
 9738 79903       1000      792 0.039487
 9739 75405       1000      724 0.039487
 9740 85641       1000      791 0.039487
 9741 87440       1000      819 0.039485
 9742 74172       1000      791 0.039485
 9743 74303       1000      786 0.039485
 9744 82435       1000      814 0.039485
 9745 84304       1000      716 0.039484
 9746 78586       1000      816 0.039483
 9747 80397       1000      806 0.039481
 9748 66654       1000      823 0.039481
 9749 74486       1000      812 0.039481
 9750 77729       1000      801 0.039480
 9751 76991       1000      796 0.039479
 9752 70977       1000      817 0.039479
 9753 70078       1000      806 0.039477
 9754 79349       1000      793 0.039474
 9755 87301       1000      816 0.039473
 9756 72923       1000      789 0.039473
 9757 69680       1000      807 0.039472
 9758 84900       1000      813 0.039471
 9759 82686       1000      812 0.039470
 9760 70849       1000      787 0.039469
 9761 81788       1000      806 0.039469
 9762 85925       1000      715 0.039469
 9763 73373       1000      786 0.039469
 9764 78511       1000      816 0.039468
 9765 86787       1000      795 0.039465
 9766 79864       1000      824 0.039464
 9767 71924       1000      791 0.039463
 9768 75702       1000      803 0.039462
 9769 80625       1000      739 0.039461
 9770 86092       1000      734 0.039461
 9771 87078       1000      809 0.039461
 9772 88388       1000      810 0.039460
 9773 66219       1000      792 0.039459
 9774 74995       1000      798 0.039458
 9775 70884       1000      787 0.039458
 9776 66048       1000      815 0.039458
 9777 74230       1000      801 0.039458
 9778 87652       1000      821 0.039458
 9779 86717       1000      799 0.039457
 9780 81178       1000      774 0.039455
 9781 84582       1000      783 0.039454
 9782 82923       1000      794 0.039452
 9783 76608       1000      796 0.039452
 9784 77823       1000      784 0.039452
 9785 70064       1000      810 0.039451
 9786 87751       1000      809 0.039451
 9787 75909       1000      717 0.039450
 9788 71157       1000      817 0.039450
 9789 68735       1000      791 0.039449
 9790 86525       1000      787 0.039448
 9791 71504       1000      805 0.039447
 9792 88884       1000      803 0.039447
 9793 68045       1000      792 0.039446
 9794 75235       1000      792 0.039446
 9795 77560       1000      797 0.039446
 9796 79909       1000      707 0.039445
 9797 82469       1000      811 0.039444
 9798 70211       1000      794 0.039444
 9799 80184       1000      799 0.039443
 9800 82794       1000      810 0.039443
 9801 79364       1000      819 0.039442
 9802 72069       1000      791 0.039441
 9803 68681       1000      801 0.039441
 9804 68970       1000      803 0.039440
 9805 79655       1000      787 0.039439
 9806 82571       1000      798 0.039438
 9807 83261       1000      800 0.039438
 9808 87750       1000      803 0.039436
 9809 67080       1000      796 0.039436
 9810 67933       1000      816 0.039435
 9811 82653       1000      800 0.039434
 9812 76658       1000      820 0.039433
 9813 84310       1000      783 0.039432
 9814 87343       1000      816 0.039432
 9815 82993       1000      790 0.039430
 9816 82915       1000      815 0.039429
 9817 77854       1000      795 0.039429
 9818 75735       1000      809 0.039429
 9819 79996       1000      797 0.039428
 9820 83853       1000      719 0.039426
 9821 87120       1000      786 0.039425
 9822 86722       1000      794 0.039425
 9823 75992       1000      800 0.039424
 9824 72544       1000      786 0.039423
 9825 80343       1000      821 0.039422
 9826 71362       1000      798 0.039422
 9827 87788       1000      798 0.039421
 9828 83845       1000      809 0.039418
 9829 75087       1000      783 0.039416
 9830 74848       1000      787 0.039416
 9831 76290       1000      779 0.039415
 9832 68484       1000      805 0.039415
 9833 74736       1000      809 0.039415
 9834 88133       1000      802 0.039414
 9835 84816       1000      804 0.039414
 9836 69793       1000      814 0.039413
 9837 88945       1000      786 0.039412
 9838 66822       1000      715 0.039412
 9839 72166       1000      799 0.039410
 9840 88964       1000      828 0.039409
 9841 68247       1000      726 0.039407
 9842 82421       1000      803 0.039407
 9843 82746       1000      795 0.039405
 9844 67583       1000      704 0.039405
 9845 72218       1000      784 0.039404
 9846 66807       1000      771 0.039404
 9847 82623       1000      796 0.039403
 9848 80890       1000      780 0.039403
 9849 66361       1000      817 0.039403
 9850 82778       1000      807 0.039403
 9851 74958       1000      796 0.039403
 9852 68137       1000      809 0.039402
 9853 69135       1000      818 0.039402
 9854 82407       1000      818 0.039401
 9855 66760       1000      804 0.039398
 9856 67435       1000      721 0.039396
 9857 65822       1000      700 0.039395
 9858 71278       1000      712 0.039394
 9859 87042       1000      813 0.039393
 9860 83346       1000      789 0.039393
 9861 66526       1000      706 0.039393
 9862 68907       1000      799 0.039392
 9863 71322       1000      712 0.039392
 9864 88820       1000      785 0.039391
 9865 69066       1000      808 0.039391
 9866 84349       1000      788 0.039391
 9867 66244       1000      798 0.039390
 9868 85625       1000      745 0.039389
 9869 68464       1000      785 0.039389
 9870 69575       1000      782 0.039388
 9871 66630       1000      734 0.039388
 9872 86387       1000      800 0.039385
 9873 75517       1000      798 0.039384
 9874 87586       1000      810 0.039383
 9875 84625       1000      799 0.039382
 9876 79768       1000      789 0.039382
 9877 67734       1000      798 0.039382
 9878 79233       1000      788 0.039382
 9879 71692       1000      731 0.039382
 9880 84399       1000      799 0.039381
 9881 84024       1000      801 0.039380
 9882 74771       1000      801 0.039379
 9883 78095       1000      724 0.039379
 9884 86445       1000      708 0.039379
 9885 86157       1000      789 0.039378
 9886 84805       1000      810 0.039375
 9887 75057       1000      696 0.039374
 9888 86274       1000      782 0.039373
 9889 77957       1000      716 0.039373
 9890 74900       1000      800 0.039373
 9891 66315       1000      799 0.039372
 9892 83334       1000      790 0.039371
 9893 73366       1000      822 0.039371
 9894 81379       1000      721 0.039370
 9895 85899       1000      812 0.039370
 9896 75085       1000      737 0.039369
 9897 67095       1000      793 0.039368
 9898 75861       1000      814 0.039368
 9899 69048       1000      808 0.039366
 9900 67176       1000      717 0.039365
 9901 83247       1000      740 0.039365
 9902 69156       1000      799 0.039362
 9903 68623       1000      803 0.039362
 9904 74186       1000      832 0.039360
 9905 81414       1000      725 0.039360
 9906 70973       1000      783 0.039360
 9907 76672       1000      742 0.039358
 9908 85070       1000      745 0.039357
 9909 75055       1000      795 0.039356
 9910 65866       1000      806 0.039354
 9911 86911       1000      797 0.039353
 9912 85658       1000      798 0.039351
 9913 80464       1000      793 0.039350
 9914 69297       1000      738 0.039349
 9915 76493       1000      792 0.039349
 9916 65979       1000      777 0.039348
 9917 68975       1000      796 0.039348
 9918 76560       1000      728 0.039348
 9919 84507       1000      806 0.039348
 9920 83891       1000      814 0.039347
 9921 71617       1000      807 0.039346
 9922 86580       1000      801 0.039345
 9923 78640       1000      823 0.039345
 9924 81587       1000      781 0.039345
 9925 73145       1000      792 0.039344
 9926 76537       1000      784 0.039343
 9927 70055       1000      728 0.039343
 9928 75698       1000      823 0.039343
 9929 74016       1000      791 0.039338
 9930 76618       1000      724 0.039337
 9931 73809       1000      781 0.039337
 9932 66503       1000      749 0.039335
 9933 75506       1000      814 0.039335
 9934 86950       1000      791 0.039333
 9935 71324       1000      794 0.039333
 9936 83546       1000      826 0.039332
 9937 75972       1000      773 0.039327
 9938 87222       1000      793 0.039327
 9939 72530       1000      795 0.039326
 9940 82601       1000      801 0.039326
 9941 67750       1000      798 0.039324
 9942 65809       1000      803 0.039323
 9943 71058       1000      820 0.039323
 9944 67030       1000      779 0.039322
 9945 81057       1000      804 0.039322
 9946 79097       1000      781 0.039319
 9947 87230       1000      793 0.039319
 9948 72141       1000      784 0.039317
 9949 68122       1000      807 0.039316
 9950 68519       1000      796 0.039315
 9951 77937       1000      799 0.039315
 9952 83024       1000      794 0.039315
 9953 75689       1000      787 0.039315
 9954 88944       1000      802 0.039314
 9955 83339       1000      799 0.039314
 9956 82599       1000      728 0.039311
 9957 73804       1000      792 0.039309
 9958 72575       1000      790 0.039306
 9959 86224       1000      726 0.039304
 9960 83697       1000      803 0.039302
 9961 76301       1000      803 0.039301
 9962 67481       1000      688 0.039301
 9963 86971       1000      741 0.039301
 9964 80332       1000      808 0.039301
 9965 82862       1000      714 0.039301
 9966 88972       1000      797 0.039300
 9967 66889       1000      821 0.039299
 9968 81934       1000      809 0.039299
 9969 67920       1000      805 0.039298
 9970 86600       1000      725 0.039298
 9971 79399       1000      707 0.039297
 9972 75010       1000      811 0.039297
 9973 87278       1000      795 0.039294
 9974 67265       1000      804 0.039293
 9975 84267       1000      793 0.039293
 9976 86281       1000      780 0.039292
 9977 79216       1000      785 0.039290
 9978 72583       1000      805 0.039286
 9979 85055       1000      808 0.039285
 9980 76471       1000      732 0.039285
 9981 84730       1000      794 0.039284
 9982 72649       1000      828 0.039284
 9983 80781       1000      779 0.039283
 9984 84793       1000      802 0.039283
 9985 71327       1000      788 0.039281
 9986 88809       1000      735 0.039280
 9987 69904       1000      722 0.039279
 9988 67266       1000      808 0.039278
 9989 75005       1000      741 0.039278
 9990 80946       1000      788 0.039278
 9991 67310       1000      811 0.039276
 9992 82891       1000      796 0.039274
 9993 83500       1000      824 0.039274
 9994 87207       1000      811 0.039274
 9995 86167       1000      778 0.039273
 9996 70646       1000      786 0.039272
 9997 68512       1000      812 0.039271
 9998 71049       1000      795 0.039271
 9999 75931       1000      809 0.039271
10000 82898       1000      816 0.039270
10001 73593       1000      725 0.039269
10002 87255       1000      806 0.039269
10003 80554       1000      806 0.039265
10004 70518       1000      797 0.039265
10005 85677       1000      808 0.039264
10006 74531       1000      818 0.039264
10007 86016       1000      719 0.039262
10008 75068       1000      802 0.039261
10009 66294       1000      720 0.039259
10010 76209       1000      787 0.039259
10011 87276       1000      795 0.039259
10012 79941       1000      804 0.039258
10013 66511       1000      725 0.039256
10014 84555       1000      810 0.039255
10015 74400       1000      707 0.039254
10016 85496       1000      705 0.039253
10017 87525       1000      789 0.039253
10018 78741       1000      803 0.039252
10019 88613       1000      789 0.039251
10020 73187       1000      817 0.039251
10021 80864       1000      792 0.039251
10022 72762       1000      804 0.039250
10023 72358       1000      734 0.039247
10024 83932       1000      785 0.039246
10025 77350       1000      804 0.039246
10026 82352       1000      801 0.039245
10027 81861       1000      804 0.039245
10028 81840       1000      812 0.039244
10029 82425       1000      708 0.039243
10030 85228       1000      793 0.039243
10031 79913       1000      812 0.039241
10032 75471       1000      796 0.039241
10033 79773       1000      782 0.039240
10034 73206       1000      719 0.039239
10035 83010       1000      797 0.039239
10036 88121       1000      783 0.039239
10037 82605       1000      806 0.039238
10038 70131       1000      808 0.039237
10039 67283       1000      780 0.039236
10040 78510       1000      783 0.039236
10041 75872       1000      800 0.039236
10042 76683       1000      802 0.039235
10043 85091       1000      803 0.039233
10044 66513       1000      824 0.039229
10045 73720       1000      805 0.039228
10046 84320       1000      797 0.039228
10047 70030       1000      813 0.039227
10048 69258       1000      733 0.039226
10049 82734       1000      801 0.039226
10050 81040       1000      791 0.039226
10051 82616       1000      710 0.039225
10052 81988       1000      805 0.039221
10053 83186       1000      693 0.039221
10054 71829       1000      815 0.039221
10055 84400       1000      782 0.039219
10056 85912       1000      755 0.039218
10057 75362       1000      726 0.039218
10058 78501       1000      810 0.039218
10059 77245       1000      791 0.039217
10060 81455       1000      743 0.039216
10061 84453       1000      737 0.039216
10062 79987       1000      699 0.039215
10063 81916       1000      786 0.039215
10064 76225       1000      794 0.039214
10065 75260       1000      824 0.039214
10066 85749       1000      792 0.039213
10067 69491       1000      718 0.039213
10068 72586       1000      786 0.039212
10069 82383       1000      786 0.039212
10070 69810       1000      812 0.039211
10071 66867       1000      778 0.039209
10072 76721       1000      799 0.039208
10073 77465       1000      803 0.039208
10074 77720       1000      794 0.039207
10075 83871       1000      807 0.039207
10076 68751       1000      784 0.039207
10077 74603       1000      812 0.039206
10078 77143       1000      801 0.039204
10079 76519       1000      781 0.039204
10080 88158       1000      796 0.039204
10081 74879       1000      799 0.039203
10082 88622       1000      722 0.039203
10083 78552       1000      821 0.039203
10084 85867       1000      803 0.039201
10085 84214       1000      799 0.039199
10086 72829       1000      805 0.039195
10087 75852       1000      710 0.039193
10088 88903       1000      790 0.039193
10089 76508       1000      808 0.039192
10090 66208       1000      718 0.039191
10091 75254       1000      793 0.039191
10092 68141       1000      795 0.039190
10093 71891       1000      807 0.039189
10094 80466       1000      790 0.039189
10095 70896       1000      774 0.039186
10096 83109       1000      808 0.039186
10097 87217       1000      797 0.039185
10098 72753       1000      803 0.039185
10099 79528       1000      783 0.039184
10100 73918       1000      805 0.039184
10101 70747       1000      811 0.039183
10102 73673       1000      806 0.039183
10103 86449       1000      786 0.039183
10104 85390       1000      817 0.039182
10105 81376       1000      803 0.039179
10106 68134       1000      725 0.039179
10107 86403       1000      814 0.039179
10108 77226       1000      718 0.039178
10109 76749       1000      715 0.039178
10110 66247       1000      709 0.039177
10111 73845       1000      798 0.039177
10112 72397       1000      804 0.039176
10113 81286       1000      798 0.039176
10114 86963       1000      821 0.039176
10115 81624       1000      798 0.039175
10116 70845       1000      800 0.039175
10117 71872       1000      786 0.039175
10118 81006       1000      789 0.039174
10119 83044       1000      717 0.039173
10120 67788       1000      792 0.039172
10121 85341       1000      818 0.039172
10122 66574       1000      798 0.039172
10123 69950       1000      790 0.039171
10124 82572       1000      713 0.039166
10125 75796       1000      806 0.039165
10126 77546       1000      823 0.039164
10127 74918       1000      794 0.039164
10128 83333       1000      725 0.039164
10129 85970       1000      788 0.039163
10130 72080       1000      784 0.039162
10131 70795       1000      790 0.039161
10132 68940       1000      779 0.039160
10133 82296       1000      796 0.039160
10134 68658       1000      778 0.039160
10135 85082       1000      793 0.039160
10136 71265       1000      776 0.039158
10137 81573       1000      734 0.039158
10138 69515       1000      722 0.039158
10139 76392       1000      785 0.039157
10140 86814       1000      781 0.039157
10141 71159       1000      782 0.039157
10142 81798       1000      789 0.039155
10143 84094       1000      819 0.039153
10144 84340       1000      795 0.039153
10145 72455       1000      797 0.039151
10146 85165       1000      781 0.039151
10147 79401       1000      785 0.039151
10148 86659       1000      832 0.039150
10149 87981       1000      749 0.039150
10150 69474       1000      784 0.039150
10151 88370       1000      720 0.039147
10152 74314       1000      793 0.039147
10153 72048       1000      778 0.039146
10154 67316       1000      716 0.039146
10155 75070       1000      789 0.039145
10156 68905       1000      797 0.039144
10157 67487       1000      827 0.039144
10158 79328       1000      808 0.039142
10159 86259       1000      729 0.039139
10160 74004       1000      739 0.039138
10161 88676       1000      831 0.039137
10162 84240       1000      779 0.039135
10163 77745       1000      800 0.039134
10164 82644       1000      796 0.039134
10165 75035       1000      776 0.039134
10166 84127       1000      813 0.039132
10167 68869       1000      778 0.039132
10168 79386       1000      707 0.039131
10169 67736       1000      816 0.039129
10170 74525       1000      821 0.039129
10171 84733       1000      790 0.039127
10172 67273       1000      719 0.039126
10173 83376       1000      717 0.039125
10174 83982       1000      810 0.039124
10175 85163       1000      800 0.039124
10176 72153       1000      721 0.039124
10177 79697       1000      713 0.039124
10178 69899       1000      800 0.039122
10179 80304       1000      809 0.039121
10180 87385       1000      735 0.039120
10181 88985       1000      803 0.039120
10182 68954       1000      793 0.039120
10183 67599       1000      790 0.039119
10184 88399       1000      803 0.039118
10185 79622       1000      788 0.039118
10186 73717       1000      784 0.039117
10187 69873       1000      803 0.039116
10188 71216       1000      814 0.039115
10189 75756       1000      814 0.039115
10190 70286       1000      790 0.039110
10191 73976       1000      798 0.039110
10192 84528       1000      718 0.039108
10193 65912       1000      795 0.039107
10194 89066       1000      805 0.039106
10195 87435       1000      703 0.039106
10196 67470       1000      819 0.039106
10197 76815       1000      732 0.039105
10198 70429       1000      723 0.039104
10199 66504       1000      780 0.039103
10200 72055       1000      788 0.039101
10201 82941       1000      792 0.039100
10202 85712       1000      814 0.039097
10203 77961       1000      742 0.039097
10204 67159       1000      804 0.039095
10205 71994       1000      824 0.039094
10206 83823       1000      800 0.039094
10207 75350       1000      788 0.039092
10208 77456       1000      813 0.039091
10209 83731       1000      793 0.039091
10210 74693       1000      786 0.039090
10211 79221       1000      821 0.039089
10212 68297       1000      794 0.039089
10213 79220       1000      782 0.039089
10214 67228       1000      796 0.039089
10215 74968       1000      805 0.039088
10216 86715       1000      812 0.039088
10217 87708       1000      788 0.039087
10218 80845       1000      793 0.039085
10219 65896       1000      806 0.039084
10220 74045       1000      799 0.039083
10221 74188       1000      792 0.039083
10222 66818       1000      798 0.039082
10223 88430       1000      699 0.039080
10224 77752       1000      815 0.039080
10225 79749       1000      791 0.039078
10226 68916       1000      804 0.039076
10227 73624       1000      804 0.039074
10228 77123       1000      796 0.039074
10229 77993       1000      736 0.039073
10230 78457       1000      786 0.039072
10231 80356       1000      799 0.039071
10232 80336       1000      804 0.039070
10233 82543       1000      809 0.039069
10234 76229       1000      814 0.039069
10235 82279       1000      735 0.039069
10236 69694       1000      790 0.039068
10237 78712       1000      806 0.039067
10238 69741       1000      804 0.039067
10239 78760       1000      789 0.039066
10240 76803       1000      810 0.039066
10241 66425       1000      698 0.039065
10242 75482       1000      736 0.039064
10243 83304       1000      797 0.039064
10244 86601       1000      739 0.039063
10245 68835       1000      711 0.039062
10246 66906       1000      720 0.039061
10247 68527       1000      804 0.039061
10248 86134       1000      730 0.039060
10249 81221       1000      707 0.039060
10250 86421       1000      809 0.039060
10251 75136       1000      705 0.039060
10252 81397       1000      790 0.039059
10253 79012       1000      713 0.039059
10254 73890       1000      797 0.039058
10255 88886       1000      741 0.039058
10256 77711       1000      819 0.039057
10257 77893       1000      794 0.039056
10258 71544       1000      820 0.039055
10259 85620       1000      793 0.039054
10260 72909       1000      702 0.039053
10261 78296       1000      788 0.039053
10262 83961       1000      785 0.039052
10263 71947       1000      797 0.039051
10264 88725       1000      708 0.039051
10265 82268       1000      791 0.039051
10266 69168       1000      799 0.039050
10267 77924       1000      724 0.039047
10268 83658       1000      797 0.039047
10269 79506       1000      729 0.039046
10270 76422       1000      719 0.039046
10271 81023       1000      730 0.039045
10272 73146       1000      748 0.039044
10273 70803       1000      796 0.039044
10274 82477       1000      799 0.039044
10275 80727       1000      815 0.039043
10276 87216       1000      813 0.039043
10277 87499       1000      807 0.039039
10278 88437       1000      708 0.039037
10279 80129       1000      790 0.039036
10280 83899       1000      809 0.039036
10281 78463       1000      790 0.039035
10282 81897       1000      788 0.039034
10283 69001       1000      802 0.039032
10284 70725       1000      795 0.039032
10285 75652       1000      778 0.039032
10286 75107       1000      805 0.039031
10287 75063       1000      710 0.039029
10288 85083       1000      690 0.039028
10289 88099       1000      803 0.039027
10290 83132       1000      817 0.039027
10291 77986       1000      802 0.039026
10292 86371       1000      819 0.039025
10293 76814       1000      720 0.039025
10294 71347       1000      820 0.039024
10295 86729       1000      800 0.039024
10296 88251       1000      791 0.039021
10297 83507       1000      808 0.039021
10298 77944       1000      819 0.039019
10299 78318       1000      792 0.039018
10300 70959       1000      803 0.039018
10301 88404       1000      740 0.039017
10302 76844       1000      830 0.039015
10303 67625       1000      813 0.039014
10304 87123       1000      818 0.039013
10305 78398       1000      806 0.039012
10306 67597       1000      778 0.039011
10307 71391       1000      810 0.039011
10308 70235       1000      728 0.039011
10309 79797       1000      724 0.039011
10310 86885       1000      834 0.039010
10311 73970       1000      816 0.039010
10312 80827       1000      795 0.039008
10313 72191       1000      792 0.039007
10314 66147       1000      734 0.039006
10315 70268       1000      810 0.039005
10316 87563       1000      808 0.039004
10317 78916       1000      814 0.039004
10318 66212       1000      689 0.039004
10319 76615       1000      807 0.039003
10320 69275       1000      804 0.039002
10321 85073       1000      811 0.039000
10322 66585       1000      816 0.038999
10323 70857       1000      814 0.038999
10324 67602       1000      812 0.038998
10325 75126       1000      793 0.038997
10326 88367       1000      742 0.038997
10327 76178       1000      797 0.038996
10328 80242       1000      728 0.038996
10329 67509       1000      715 0.038996
10330 75923       1000      798 0.038996
10331 73046       1000      818 0.038994
10332 80301       1000      748 0.038993
10333 85403       1000      815 0.038993
10334 73795       1000      779 0.038993
10335 80706       1000      801 0.038992
10336 75690       1000      795 0.038991
10337 68999       1000      805 0.038989
10338 76846       1000      794 0.038988
10339 88941       1000      808 0.038988
10340 67379       1000      821 0.038986
10341 81171       1000      805 0.038986
10342 68913       1000      786 0.038986
10343 67960       1000      802 0.038985
10344 66255       1000      796 0.038985
10345 65836       1000      794 0.038985
10346 87620       1000      746 0.038985
10347 74661       1000      815 0.038984
10348 74820       1000      797 0.038984
10349 88901       1000      727 0.038980
10350 72037       1000      714 0.038978
10351 71404       1000      804 0.038977
10352 86106       1000      725 0.038977
10353 75546       1000      793 0.038977
10354 80486       1000      736 0.038976
10355 74586       1000      704 0.038974
10356 84084       1000      810 0.038972
10357 70250       1000      791 0.038972
10358 81466       1000      803 0.038971
10359 83509       1000      795 0.038971
10360 67060       1000      800 0.038970
10361 77103       1000      818 0.038969
10362 67350       1000      791 0.038968
10363 86681       1000      796 0.038967
10364 82873       1000      809 0.038966
10365 78893       1000      808 0.038965
10366 85200       1000      814 0.038965
10367 77453       1000      805 0.038964
10368 78472       1000      718 0.038962
10369 88842       1000      805 0.038961
10370 66566       1000      811 0.038961
10371 79187       1000      802 0.038961
10372 87297       1000      793 0.038960
10373 79835       1000      788 0.038960
10374 81104       1000      820 0.038958
10375 68700       1000      807 0.038958
10376 85556       1000      806 0.038957
10377 74132       1000      814 0.038957
10378 73178       1000      803 0.038956
10379 70800       1000      792 0.038955
10380 87644       1000      804 0.038954
10381 86947       1000      794 0.038954
10382 84262       1000      728 0.038954
10383 66531       1000      784 0.038953
10384 78764       1000      782 0.038953
10385 78876       1000      796 0.038952
10386 86358       1000      731 0.038951
10387 84131       1000      729 0.038950
10388 75357       1000      719 0.038948
10389 87966       1000      792 0.038948
10390 80593       1000      797 0.038947
10391 78493       1000      802 0.038947
10392 78703       1000      820 0.038945
10393 72136       1000      794 0.038945
10394 68596       1000      728 0.038945
10395 82672       1000      771 0.038943
10396 83454       1000      795 0.038943
10397 73816       1000      826 0.038943
10398 79334       1000      812 0.038942
10399 84823       1000      788 0.038942
10400 81772       1000      810 0.038941
10401 84768       1000      799 0.038940
10402 85697       1000      691 0.038938
10403 85043       1000      808 0.038937
10404 77173       1000      788 0.038937
10405 70012       1000      724 0.038936
10406 79285       1000      798 0.038935
10407 85495       1000      722 0.038935
10408 69513       1000      820 0.038934
10409 78981       1000      773 0.038933
10410 67805       1000      720 0.038932
10411 71253       1000      807 0.038932
10412 76282       1000      805 0.038932
10413 85622       1000      721 0.038931
10414 71021       1000      780 0.038930
10415 78749       1000      809 0.038929
10416 86616       1000      805 0.038928
10417 69537       1000      794 0.038926
10418 84428       1000      806 0.038926
10419 74883       1000      793 0.038924
10420 88421       1000      701 0.038924
10421 76110       1000      771 0.038924
10422 80435       1000      801 0.038923
10423 70414       1000      783 0.038921
10424 79972       1000      715 0.038921
10425 69105       1000      817 0.038920
10426 78487       1000      783 0.038920
10427 66946       1000      716 0.038919
10428 76193       1000      773 0.038918
10429 84470       1000      720 0.038917
10430 88523       1000      809 0.038916
10431 82071       1000      809 0.038916
10432 88083       1000      785 0.038915
10433 72890       1000      726 0.038914
10434 81155       1000      703 0.038912
10435 79748       1000      804 0.038911
10436 83116       1000      777 0.038909
10437 69313       1000      735 0.038909
10438 87280       1000      746 0.038909
10439 87408       1000      782 0.038908
10440 74759       1000      808 0.038906
10441 80993       1000      812 0.038906
10442 66872       1000      731 0.038906
10443 85753       1000      730 0.038906
10444 82955       1000      799 0.038905
10445 66280       1000      795 0.038904
10446 84425       1000      722 0.038903
10447 84598       1000      785 0.038903
10448 86890       1000      786 0.038902
10449 73667       1000      796 0.038900
10450 79200       1000      717 0.038899
10451 79211       1000      752 0.038899
10452 80883       1000      733 0.038897
10453 73448       1000      804 0.038896
10454 87262       1000      811 0.038895
10455 84471       1000      812 0.038895
10456 82909       1000      777 0.038894
10457 69718       1000      736 0.038893
10458 88520       1000      808 0.038893
10459 74283       1000      797 0.038892
10460 87874       1000      795 0.038891
10461 71786       1000      811 0.038889
10462 73487       1000      804 0.038889
10463 74616       1000      817 0.038888
10464 66444       1000      803 0.038887
10465 76040       1000      721 0.038886
10466 74246       1000      743 0.038885
10467 82709       1000      812 0.038885
10468 76856       1000      780 0.038884
10469 79333       1000      795 0.038884
10470 75364       1000      806 0.038882
10471 74397       1000      788 0.038882
10472 68312       1000      804 0.038878
10473 83513       1000      808 0.038878
10474 68094       1000      794 0.038877
10475 80294       1000      730 0.038877
10476 81741       1000      732 0.038876
10477 80959       1000      812 0.038876
10478 82245       1000      787 0.038875
10479 69467       1000      803 0.038875
10480 80213       1000      722 0.038873
10481 67514       1000      727 0.038872
10482 88256       1000      801 0.038872
10483 73542       1000      725 0.038872
10484 80199       1000      736 0.038871
10485 74402       1000      806 0.038871
10486 69221       1000      787 0.038871
10487 68322       1000      802 0.038869
10488 66299       1000      730 0.038868
10489 71100       1000      807 0.038867
10490 74079       1000      794 0.038867
10491 77211       1000      809 0.038867
10492 80390       1000      810 0.038867
10493 85177       1000      777 0.038867
10494 68430       1000      742 0.038866
10495 81970       1000      813 0.038863
10496 87331       1000      789 0.038863
10497 66569       1000      806 0.038862
10498 66911       1000      805 0.038861
10499 86019       1000      725 0.038860
10500 73404       1000      802 0.038860
10501 84367       1000      795 0.038860
10502 81027       1000      735 0.038859
10503 82475       1000      785 0.038859
10504 85347       1000      745 0.038859
10505 74095       1000      722 0.038858
10506 78844       1000      798 0.038857
10507 86438       1000      810 0.038857
10508 82842       1000      810 0.038855
10509 84403       1000      818 0.038855
10510 70443       1000      710 0.038854
10511 73533       1000      716 0.038853
10512 84198       1000      796 0.038853
10513 86796       1000      715 0.038853
10514 86591       1000      812 0.038853
10515 66043       1000      797 0.038852
10516 74529       1000      795 0.038852
10517 87265       1000      804 0.038852
10518 87454       1000      796 0.038852
10519 78420       1000      791 0.038851
10520 80482       1000      724 0.038849
10521 77946       1000      789 0.038848
10522 68765       1000      810 0.038848
10523 69305       1000      747 0.038847
10524 74328       1000      820 0.038846
10525 86588       1000      741 0.038846
10526 79643       1000      808 0.038845
10527 83630       1000      798 0.038845
10528 88255       1000      733 0.038843
10529 86232       1000      729 0.038842
10530 71091       1000      799 0.038841
10531 75640       1000      810 0.038839
10532 81855       1000      800 0.038839
10533 72578       1000      793 0.038837
10534 74624       1000      804 0.038835
10535 71792       1000      804 0.038834
10536 84165       1000      786 0.038834
10537 74889       1000      806 0.038832
10538 71272       1000      794 0.038832
10539 70762       1000      794 0.038832
10540 88058       1000      777 0.038831
10541 79704       1000      801 0.038830
10542 87775       1000      789 0.038829
10543 83208       1000      795 0.038829
10544 74555       1000      792 0.038828
10545 82666       1000      718 0.038826
10546 86118       1000      823 0.038825
10547 72786       1000      810 0.038825
10548 68785       1000      793 0.038824
10549 67891       1000      824 0.038824
10550 84371       1000      800 0.038823
10551 74261       1000      799 0.038823
10552 85543       1000      769 0.038822
10553 70752       1000      743 0.038822
10554 83762       1000      798 0.038822
10555 74216       1000      795 0.038819
10556 69749       1000      729 0.038816
10557 77142       1000      790 0.038815
10558 78900       1000      809 0.038815
10559 88060       1000      804 0.038814
10560 75445       1000      795 0.038814
10561 83061       1000      787 0.038814
10562 88469       1000      718 0.038813
10563 74439       1000      782 0.038812
10564 76168       1000      734 0.038812
10565 81539       1000      719 0.038812
10566 75873       1000      800 0.038812
10567 79249       1000      807 0.038812
10568 81949       1000      815 0.038811
10569 79663       1000      734 0.038810
10570 81980       1000      797 0.038810
10571 88714       1000      802 0.038810
10572 69942       1000      720 0.038808
10573 78628       1000      712 0.038808
10574 79029       1000      727 0.038807
10575 86415       1000      794 0.038803
10576 73419       1000      808 0.038801
10577 70987       1000      787 0.038801
10578 71921       1000      806 0.038801
10579 88880       1000      735 0.038798
10580 73640       1000      804 0.038798
10581 76699       1000      784 0.038798
10582 69667       1000      713 0.038796
10583 69674       1000      815 0.038796
10584 80105       1000      825 0.038794
10585 68745       1000      796 0.038794
10586 67048       1000      724 0.038793
10587 82049       1000      776 0.038789
10588 77286       1000      807 0.038788
10589 76836       1000      793 0.038787
10590 69021       1000      720 0.038786
10591 76762       1000      809 0.038784
10592 75135       1000      810 0.038784
10593 71263       1000      797 0.038784
10594 71531       1000      785 0.038783
10595 85023       1000      736 0.038783
10596 72314       1000      784 0.038782
10597 81149       1000      793 0.038782
10598 65944       1000      811 0.038781
10599 69807       1000      802 0.038779
10600 86290       1000      808 0.038779
10601 77822       1000      799 0.038778
10602 89069       1000      734 0.038778
10603 73372       1000      795 0.038777
10604 86308       1000      801 0.038777
10605 68471       1000      798 0.038777
10606 86091       1000      808 0.038777
10607 78996       1000      810 0.038776
10608 67503       1000      793 0.038775
10609 71957       1000      740 0.038773
10610 70497       1000      710 0.038771
10611 69958       1000      805 0.038769
10612 65941       1000      722 0.038768
10613 81299       1000      808 0.038768
10614 78805       1000      798 0.038768
10615 70613       1000      799 0.038767
10616 87242       1000      721 0.038766
10617 75251       1000      825 0.038766
10618 86668       1000      789 0.038764
10619 69815       1000      801 0.038764
10620 73509       1000      806 0.038760
10621 68502       1000      830 0.038759
10622 75996       1000      724 0.038759
10623 83390       1000      809 0.038757
10624 80095       1000      793 0.038757
10625 76009       1000      792 0.038757
10626 81647       1000      809 0.038756
10627 72914       1000      803 0.038755
10628 72381       1000      800 0.038754
10629 84876       1000      786 0.038752
10630 85922       1000      721 0.038751
10631 84562       1000      797 0.038749
10632 78008       1000      807 0.038749
10633 77326       1000      795 0.038746
10634 66983       1000      802 0.038746
10635 88201       1000      705 0.038746
10636 82052       1000      805 0.038744
10637 83764       1000      815 0.038742
10638 88066       1000      794 0.038742
10639 73134       1000      798 0.038742
10640 79500       1000      796 0.038741
10641 75049       1000      729 0.038740
10642 87915       1000      784 0.038739
10643 79776       1000      800 0.038738
10644 81637       1000      812 0.038738
10645 84500       1000      805 0.038737
10646 67042       1000      726 0.038737
10647 69673       1000      798 0.038736
10648 66236       1000      798 0.038736
10649 69210       1000      798 0.038734
10650 66746       1000      821 0.038733
10651 69395       1000      790 0.038731
10652 88527       1000      796 0.038730
10653 81071       1000      727 0.038730
10654 67837       1000      700 0.038729
10655 71462       1000      804 0.038729
10656 86095       1000      806 0.038728
10657 77888       1000      720 0.038725
10658 76253       1000      782 0.038723
10659 77076       1000      802 0.038723
10660 81858       1000      799 0.038723
10661 78868       1000      801 0.038721
10662 72487       1000      793 0.038720
10663 67474       1000      786 0.038717
10664 74434       1000      695 0.038717
10665 75103       1000      797 0.038716
10666 85958       1000      801 0.038715
10667 86469       1000      748 0.038714
10668 74949       1000      726 0.038713
10669 88233       1000      714 0.038712
10670 80433       1000      808 0.038712
10671 86201       1000      812 0.038712
10672 73815       1000      795 0.038712
10673 67605       1000      791 0.038711
10674 67758       1000      731 0.038711
10675 68776       1000      798 0.038710
10676 80728       1000      793 0.038709
10677 75700       1000      810 0.038708
10678 81477       1000      806 0.038707
10679 71069       1000      796 0.038707
10680 76024       1000      787 0.038706
10681 83309       1000      728 0.038706
10682 68579       1000      780 0.038704
10683 86813       1000      802 0.038702
10684 77539       1000      789 0.038700
10685 85476       1000      805 0.038699
10686 67947       1000      800 0.038699
10687 85845       1000      777 0.038698
10688 73838       1000      794 0.038696
10689 73083       1000      798 0.038696
10690 78778       1000      779 0.038694
10691 71977       1000      719 0.038694
10692 75745       1000      716 0.038693
10693 83007       1000      786 0.038692
10694 86141       1000      735 0.038692
10695 69911       1000      723 0.038692
10696 71667       1000      804 0.038692
10697 69112       1000      810 0.038692
10698 70422       1000      742 0.038692
10699 75808       1000      813 0.038692
10700 83026       1000      815 0.038692
10701 80542       1000      810 0.038688
10702 76935       1000      812 0.038686
10703 84129       1000      826 0.038685
10704 80716       1000      789 0.038684
10705 87430       1000      816 0.038683
10706 80965       1000      694 0.038683
10707 80756       1000      705 0.038683
10708 78789       1000      800 0.038682
10709 72712       1000      807 0.038681
10710 73919       1000      814 0.038679
10711 73832       1000      798 0.038679
10712 78621       1000      816 0.038678
10713 87489       1000      721 0.038676
10714 87659       1000      799 0.038675
10715 86022       1000      731 0.038675
10716 75462       1000      802 0.038675
10717 75604       1000      749 0.038671
10718 68133       1000      793 0.038670
10719 71766       1000      804 0.038670
10720 73933       1000      787 0.038670
10721 73009       1000      812 0.038670
10722 81123       1000      776 0.038667
10723 68404       1000      787 0.038667
10724 77094       1000      793 0.038667
10725 78165       1000      800 0.038666
10726 69841       1000      740 0.038665
10727 87382       1000      794 0.038665
10728 66905       1000      797 0.038664
10729 85848       1000      812 0.038663
10730 81189       1000      812 0.038663
10731 82330       1000      792 0.038663
10732 81373       1000      791 0.038663
10733 83559       1000      727 0.038663
10734 82237       1000      809 0.038662
10735 86869       1000      798 0.038662
10736 73739       1000      791 0.038661
10737 82952       1000      816 0.038660
10738 67701       1000      819 0.038660
10739 71651       1000      810 0.038659
10740 66081       1000      810 0.038659
10741 82584       1000      819 0.038658
10742 71553       1000      705 0.038657
10743 80254       1000      808 0.038657
10744 79681       1000      794 0.038656
10745 81844       1000      820 0.038654
10746 76146       1000      800 0.038654
10747 86845       1000      808 0.038653
10748 85693       1000      699 0.038653
10749 77269       1000      793 0.038653
10750 88107       1000      708 0.038652
10751 84003       1000      802 0.038652
10752 85486       1000      717 0.038652
10753 81673       1000      789 0.038651
10754 77839       1000      799 0.038651
10755 81211       1000      784 0.038651
10756 78341       1000      801 0.038650
10757 70444       1000      789 0.038650
10758 84149       1000      805 0.038650
10759 68949       1000      831 0.038648
10760 87191       1000      787 0.038648
10761 88640       1000      798 0.038648
10762 74430       1000      713 0.038648
10763 73944       1000      809 0.038646
10764 76113       1000      783 0.038646
10765 69933       1000      779 0.038645
10766 78561       1000      806 0.038645
10767 68365       1000      795 0.038644
10768 83950       1000      790 0.038642
10769 84054       1000      717 0.038642
10770 80815       1000      736 0.038642
10771 81153       1000      779 0.038642
10772 74838       1000      806 0.038641
10773 85624       1000      789 0.038638
10774 76569       1000      821 0.038638
10775 73255       1000      786 0.038638
10776 68593       1000      806 0.038637
10777 76752       1000      789 0.038637
10778 69869       1000      805 0.038637
10779 78485       1000      806 0.038637
10780 66744       1000      804 0.038636
10781 78691       1000      706 0.038636
10782 78000       1000      800 0.038635
10783 80897       1000      800 0.038635
10784 68843       1000      701 0.038635
10785 81218       1000      803 0.038635
10786 75122       1000      808 0.038634
10787 84890       1000      802 0.038633
10788 87935       1000      784 0.038632
10789 81663       1000      745 0.038631
10790 67108       1000      797 0.038631
10791 80051       1000      812 0.038629
10792 74945       1000      729 0.038628
10793 74991       1000      727 0.038628
10794 68841       1000      822 0.038627
10795 86940       1000      829 0.038627
10796 71799       1000      799 0.038626
10797 88908       1000      744 0.038626
10798 69183       1000      784 0.038623
10799 81563       1000      791 0.038623
10800 75929       1000      740 0.038622
10801 76151       1000      798 0.038622
10802 87919       1000      812 0.038621
10803 79308       1000      795 0.038620
10804 86108       1000      814 0.038619
10805 85242       1000      802 0.038617
10806 88184       1000      789 0.038616
10807 77071       1000      729 0.038615
10808 67543       1000      794 0.038615
10809 77643       1000      747 0.038614
10810 65984       1000      737 0.038613
10811 85205       1000      792 0.038612
10812 68187       1000      793 0.038611
10813 79270       1000      789 0.038610
10814 86189       1000      792 0.038610
10815 83856       1000      806 0.038608
10816 77276       1000      787 0.038608
10817 74574       1000      727 0.038606
10818 66834       1000      796 0.038606
10819 78818       1000      806 0.038604
10820 86886       1000      733 0.038604
10821 73699       1000      732 0.038601
10822 75326       1000      790 0.038600
10823 83375       1000      787 0.038600
10824 86803       1000      805 0.038600
10825 70970       1000      800 0.038598
10826 84312       1000      808 0.038598
10827 81612       1000      806 0.038596
10828 80912       1000      706 0.038596
10829 86125       1000      712 0.038595
10830 72143       1000      797 0.038595
10831 81408       1000      802 0.038593
10832 75908       1000      728 0.038593
10833 88306       1000      816 0.038586
10834 79218       1000      799 0.038585
10835 67641       1000      801 0.038585
10836 87506       1000      799 0.038585
10837 81079       1000      784 0.038584
10838 69976       1000      815 0.038583
10839 75121       1000      721 0.038583
10840 74743       1000      798 0.038583
10841 74646       1000      789 0.038582
10842 82626       1000      716 0.038581
10843 78578       1000      792 0.038580
10844 78378       1000      769 0.038579
10845 77621       1000      796 0.038579
10846 79556       1000      821 0.038579
10847 81093       1000      727 0.038578
10848 77425       1000      734 0.038578
10849 86617       1000      797 0.038577
10850 77360       1000      723 0.038576
10851 88589       1000      701 0.038575
10852 78011       1000      737 0.038575
10853 70694       1000      792 0.038574
10854 69543       1000      688 0.038574
10855 74827       1000      787 0.038574
10856 85229       1000      798 0.038573
10857 80644       1000      707 0.038572
10858 83636       1000      794 0.038571
10859 81072       1000      793 0.038567
10860 73249       1000      791 0.038567
10861 87838       1000      813 0.038565
10862 80721       1000      818 0.038565
10863 86398       1000      788 0.038564
10864 80988       1000      771 0.038564
10865 69893       1000      808 0.038562
10866 71045       1000      776 0.038562
10867 81982       1000      814 0.038560
10868 77495       1000      722 0.038559
10869 76786       1000      702 0.038558
10870 88295       1000      821 0.038558
10871 71170       1000      819 0.038557
10872 86526       1000      819 0.038556
10873 65902       1000      793 0.038554
10874 76273       1000      710 0.038554
10875 71700       1000      790 0.038554
10876 86943       1000      777 0.038553
10877 76045       1000      793 0.038551
10878 69947       1000      718 0.038551
10879 76027       1000      820 0.038550
10880 86872       1000      731 0.038550
10881 87810       1000      801 0.038550
10882 74217       1000      716 0.038550
10883 72441       1000      804 0.038549
10884 74583       1000      799 0.038549
10885 87243       1000      783 0.038546
10886 77045       1000      819 0.038545
10887 76950       1000      793 0.038544
10888 79379       1000      732 0.038542
10889 77052       1000      809 0.038542
10890 88743       1000      801 0.038539
10891 74769       1000      713 0.038539
10892 67744       1000      798 0.038539
10893 88064       1000      807 0.038537
10894 76248       1000      802 0.038535
10895 79562       1000      793 0.038535
10896 85351       1000      739 0.038534
10897 84819       1000      803 0.038534
10898 79021       1000      788 0.038534
10899 78014       1000      677 0.038534
10900 76298       1000      785 0.038534
10901 78177       1000      697 0.038532
10902 82445       1000      788 0.038532
10903 77901       1000      775 0.038530
10904 72579       1000      711 0.038528
10905 86360       1000      804 0.038527
10906 72737       1000      807 0.038525
10907 72461       1000      810 0.038524
10908 80603       1000      792 0.038524
10909 88950       1000      776 0.038522
10910 74591       1000      796 0.038521
10911 73789       1000      804 0.038520
10912 73093       1000      758 0.038520
10913 88112       1000      803 0.038519
10914 67377       1000      804 0.038519
10915 79589       1000      733 0.038518
10916 67166       1000      717 0.038518
10917 74691       1000      787 0.038517
10918 72319       1000      719 0.038516
10919 79958       1000      797 0.038516
10920 66485       1000      722 0.038516
10921 85711       1000      736 0.038515
10922 81191       1000      808 0.038513
10923 80272       1000      814 0.038512
10924 73170       1000      768 0.038512
10925 85908       1000      802 0.038511
10926 79694       1000      813 0.038508
10927 69336       1000      803 0.038506
10928 72848       1000      782 0.038505
10929 76199       1000      793 0.038505
10930 77615       1000      796 0.038503
10931 84981       1000      793 0.038502
10932 87734       1000      780 0.038502
10933 83089       1000      807 0.038501
10934 89022       1000      798 0.038501
10935 73682       1000      785 0.038500
10936 80880       1000      727 0.038498
10937 82065       1000      738 0.038498
10938 78260       1000      806 0.038497
10939 84599       1000      791 0.038496
10940 80284       1000      743 0.038495
10941 75573       1000      801 0.038493
10942 68186       1000      783 0.038493
10943 70739       1000      818 0.038493
10944 69177       1000      801 0.038493
10945 79357       1000      803 0.038492
10946 85506       1000      800 0.038490
10947 72672       1000      806 0.038490
10948 78542       1000      793 0.038490
10949 81721       1000      799 0.038488
10950 67808       1000      824 0.038487
10951 80195       1000      777 0.038484
10952 81471       1000      813 0.038484
10953 72034       1000      728 0.038483
10954 81888       1000      807 0.038482
10955 74666       1000      746 0.038482
10956 68113       1000      784 0.038481
10957 71030       1000      792 0.038481
10958 84352       1000      798 0.038479
10959 82365       1000      709 0.038478
10960 85162       1000      807 0.038476
10961 65898       1000      801 0.038475
10962 69540       1000      794 0.038474
10963 70932       1000      808 0.038472
10964 78804       1000      775 0.038472
10965 83604       1000      801 0.038472
10966 83347       1000      806 0.038471
10967 84445       1000      788 0.038470
10968 80744       1000      779 0.038470
10969 82368       1000      789 0.038470
10970 82291       1000      792 0.038470
10971 85184       1000      818 0.038469
10972 78713       1000      749 0.038468
10973 84763       1000      808 0.038468
10974 87338       1000      795 0.038468
10975 80147       1000      799 0.038467
10976 80704       1000      721 0.038466
10977 73781       1000      777 0.038466
10978 86856       1000      794 0.038465
10979 71221       1000      806 0.038465
10980 86918       1000      798 0.038465
10981 81707       1000      731 0.038465
10982 86997       1000      807 0.038464
10983 80935       1000      740 0.038464
10984 79037       1000      723 0.038463
10985 68414       1000      777 0.038463
10986 75106       1000      763 0.038462
10987 80106       1000      798 0.038462
10988 81891       1000      801 0.038458
10989 74572       1000      817 0.038458
10990 86628       1000      714 0.038458
10991 73505       1000      826 0.038456
10992 82852       1000      727 0.038456
10993 74355       1000      780 0.038454
10994 87977       1000      818 0.038454
10995 78417       1000      716 0.038453
10996 67220       1000      810 0.038453
10997 75392       1000      727 0.038451
10998 69740       1000      807 0.038450
10999 66349       1000      731 0.038450
11000 71743       1000      716 0.038450
11001 77036       1000      806 0.038449
11002 71661       1000      814 0.038448
11003 76383       1000      790 0.038448
11004 65876       1000      791 0.038446
11005 67064       1000      792 0.038446
11006 71299       1000      809 0.038445
11007 85613       1000      776 0.038445
11008 74442       1000      743 0.038443
11009 74075       1000      797 0.038441
11010 79047       1000      728 0.038441
11011 87210       1000      808 0.038439
11012 88387       1000      729 0.038436
11013 68848       1000      807 0.038434
11014 73301       1000      795 0.038434
11015 87095       1000      804 0.038432
11016 80197       1000      797 0.038431
11017 86624       1000      808 0.038431
11018 88584       1000      803 0.038429
11019 72913       1000      790 0.038429
11020 84102       1000      790 0.038428
11021 88026       1000      789 0.038426
11022 78109       1000      800 0.038423
11023 71962       1000      720 0.038422
11024 82589       1000      807 0.038421
11025 85069       1000      799 0.038421
11026 65823       1000      816 0.038421
11027 72681       1000      815 0.038419
11028 72889       1000      829 0.038418
11029 77947       1000      802 0.038418
11030 83571       1000      797 0.038418
11031 73298       1000      707 0.038415
11032 85376       1000      804 0.038414
11033 68398       1000      807 0.038414
11034 83337       1000      826 0.038414
11035 78962       1000      792 0.038413
11036 72546       1000      796 0.038413
11037 86251       1000      793 0.038412
11038 89061       1000      820 0.038411
11039 89020       1000      817 0.038410
11040 70867       1000      733 0.038408
11041 84749       1000      804 0.038407
11042 71725       1000      802 0.038407
11043 87248       1000      799 0.038406
11044 87218       1000      807 0.038404
11045 81476       1000      807 0.038402
11046 76933       1000      792 0.038401
11047 72837       1000      769 0.038399
11048 84778       1000      797 0.038399
11049 80582       1000      798 0.038398
11050 78289       1000      756 0.038395
11051 81361       1000      812 0.038395
11052 68879       1000      788 0.038395
11053 72292       1000      802 0.038393
11054 66552       1000      811 0.038390
11055 81911       1000      791 0.038390
11056 67619       1000      811 0.038389
11057 68039       1000      721 0.038388
11058 80837       1000      798 0.038388
11059 71610       1000      798 0.038387
11060 86410       1000      808 0.038384
11061 81880       1000      794 0.038382
11062 69641       1000      737 0.038382
11063 70398       1000      747 0.038381
11064 71177       1000      799 0.038381
11065 86897       1000      792 0.038380
11066 67769       1000      784 0.038379
11067 80146       1000      795 0.038379
11068 68281       1000      797 0.038379
11069 83306       1000      798 0.038378
11070 71018       1000      805 0.038378
11071 72256       1000      696 0.038377
11072 78647       1000      800 0.038377
11073 72170       1000      799 0.038376
11074 87043       1000      792 0.038375
11075 82152       1000      797 0.038375
11076 71525       1000      795 0.038374
11077 66148       1000      774 0.038374
11078 76824       1000      827 0.038374
11079 72305       1000      814 0.038374
11080 65831       1000      809 0.038373
11081 66575       1000      789 0.038372
11082 66533       1000      697 0.038372
11083 86995       1000      804 0.038371
11084 87766       1000      810 0.038370
11085 68185       1000      741 0.038370
11086 83793       1000      792 0.038366
11087 70141       1000      785 0.038365
11088 71855       1000      729 0.038365
11089 88297       1000      818 0.038364
11090 71967       1000      740 0.038363
11091 70057       1000      803 0.038363
11092 84040       1000      774 0.038362
11093 72550       1000      744 0.038360
11094 68418       1000      699 0.038360
11095 71741       1000      807 0.038360
11096 85198       1000      798 0.038359
11097 73982       1000      788 0.038358
11098 81909       1000      796 0.038358
11099 72107       1000      814 0.038357
11100 70590       1000      809 0.038357
11101 74114       1000      707 0.038356
11102 66267       1000      790 0.038356
11103 71969       1000      768 0.038355
11104 84704       1000      808 0.038354
11105 88854       1000      725 0.038353
11106 76402       1000      793 0.038352
11107 77601       1000      741 0.038352
11108 79504       1000      815 0.038352
11109 85691       1000      802 0.038350
11110 83729       1000      803 0.038349
11111 83124       1000      811 0.038349
11112 88049       1000      697 0.038348
11113 69928       1000      796 0.038347
11114 84395       1000      818 0.038344
11115 66085       1000      726 0.038344
11116 87754       1000      804 0.038344
11117 84282       1000      802 0.038343
11118 82908       1000      811 0.038343
11119 73467       1000      804 0.038341
11120 75586       1000      805 0.038341
11121 86419       1000      736 0.038340
11122 79898       1000      808 0.038340
11123 75963       1000      795 0.038339
11124 77879       1000      794 0.038339
11125 67531       1000      799 0.038337
11126 67595       1000      802 0.038336
11127 65820       1000      813 0.038336
11128 82316       1000      709 0.038335
11129 82379       1000      807 0.038334
11130 75157       1000      820 0.038334
11131 68575       1000      810 0.038334
11132 88086       1000      811 0.038333
11133 72740       1000      800 0.038333
11134 71709       1000      804 0.038332
11135 71682       1000      806 0.038332
11136 87188       1000      806 0.038331
11137 68707       1000      728 0.038330
11138 67019       1000      800 0.038330
11139 85606       1000      801 0.038329
11140 67586       1000      769 0.038329
11141 66710       1000      789 0.038328
11142 83689       1000      716 0.038327
11143 86047       1000      706 0.038326
11144 70362       1000      789 0.038326
11145 67899       1000      797 0.038325
11146 84484       1000      787 0.038325
11147 79377       1000      775 0.038325
11148 76611       1000      803 0.038324
11149 80277       1000      719 0.038322
11150 71320       1000      812 0.038322
11151 79330       1000      799 0.038322
11152 69133       1000      782 0.038320
11153 71155       1000      803 0.038318
11154 73721       1000      805 0.038317
11155 68508       1000      786 0.038316
11156 85659       1000      783 0.038315
11157 66994       1000      720 0.038314
11158 82327       1000      802 0.038314
11159 70966       1000      748 0.038313
11160 80578       1000      792 0.038313
11161 80448       1000      792 0.038312
11162 65998       1000      781 0.038311
11163 72994       1000      785 0.038310
11164 75631       1000      792 0.038310
11165 75301       1000      796 0.038308
11166 66659       1000      798 0.038306
11167 71020       1000      801 0.038305
11168 71703       1000      691 0.038304
11169 83936       1000      791 0.038303
11170 79000       1000      792 0.038300
11171 73842       1000      795 0.038300
11172 80619       1000      795 0.038299
11173 73148       1000      795 0.038299
11174 68757       1000      782 0.038298
11175 66861       1000      792 0.038297
11176 72564       1000      789 0.038296
11177 66094       1000      794 0.038296
11178 84390       1000      795 0.038296
11179 83122       1000      717 0.038295
11180 71765       1000      789 0.038295
11181 76097       1000      800 0.038294
11182 80286       1000      793 0.038294
11183 66462       1000      808 0.038294
11184 88446       1000      729 0.038293
11185 76160       1000      806 0.038293
11186 79390       1000      803 0.038293
11187 87575       1000      808 0.038293
11188 84787       1000      730 0.038292
11189 69450       1000      794 0.038292
11190 67452       1000      701 0.038292
11191 73182       1000      800 0.038291
11192 79691       1000      715 0.038291
11193 78710       1000      791 0.038290
11194 85240       1000      796 0.038290
11195 75337       1000      803 0.038290
11196 75464       1000      801 0.038288
11197 66915       1000      787 0.038288
11198 72677       1000      790 0.038288
11199 84109       1000      799 0.038287
11200 79204       1000      795 0.038287
11201 76210       1000      794 0.038286
11202 70477       1000      808 0.038286
11203 85079       1000      816 0.038284
11204 87522       1000      800 0.038284
11205 85857       1000      783 0.038284
11206 77596       1000      703 0.038284
11207 85099       1000      814 0.038283
11208 72412       1000      775 0.038283
11209 70955       1000      799 0.038283
11210 66233       1000      717 0.038281
11211 76126       1000      803 0.038281
11212 82100       1000      806 0.038280
11213 70768       1000      776 0.038280
11214 88474       1000      786 0.038279
11215 85769       1000      743 0.038278
11216 84325       1000      803 0.038277
11217 74577       1000      810 0.038277
11218 84990       1000      810 0.038276
11219 89143       1000      810 0.038276
11220 66249       1000      784 0.038275
11221 80669       1000      735 0.038275
11222 80240       1000      807 0.038274
11223 75046       1000      800 0.038274
11224 81698       1000      798 0.038274
11225 73979       1000      787 0.038273
11226 88294       1000      719 0.038273
11227 84159       1000      730 0.038273
11228 78259       1000      729 0.038272
11229 67274       1000      730 0.038271
11230 88054       1000      739 0.038271
11231 86575       1000      797 0.038270
11232 78227       1000      808 0.038270
11233 73702       1000      791 0.038270
11234 76591       1000      708 0.038269
11235 70882       1000      790 0.038269
11236 71085       1000      694 0.038268
11237 67840       1000      720 0.038267
11238 83732       1000      810 0.038265
11239 68568       1000      813 0.038265
11240 75242       1000      803 0.038264
11241 86316       1000      803 0.038264
11242 71497       1000      797 0.038264
11243 67865       1000      808 0.038262
11244 79832       1000      808 0.038261
11245 84572       1000      726 0.038261
11246 83601       1000      812 0.038261
11247 77371       1000      782 0.038260
11248 88753       1000      808 0.038259
11249 79493       1000      791 0.038259
11250 79164       1000      730 0.038258
11251 67621       1000      777 0.038258
11252 88056       1000      791 0.038257
11253 69759       1000      793 0.038257
11254 76155       1000      794 0.038256
11255 67190       1000      814 0.038256
11256 86174       1000      804 0.038255
11257 84289       1000      809 0.038255
11258 76359       1000      818 0.038253
11259 73494       1000      722 0.038253
11260 85866       1000      800 0.038252
11261 76513       1000      807 0.038251
11262 67351       1000      714 0.038250
11263 80695       1000      808 0.038248
11264 69003       1000      725 0.038245
11265 79789       1000      778 0.038244
11266 80404       1000      815 0.038244
11267 80040       1000      792 0.038244
11268 83588       1000      804 0.038243
11269 79014       1000      808 0.038243
11270 85524       1000      780 0.038241
11271 83988       1000      801 0.038239
11272 86055       1000      792 0.038239
11273 72212       1000      798 0.038239
11274 75465       1000      730 0.038238
11275 86862       1000      793 0.038238
11276 83937       1000      799 0.038236
11277 71559       1000      794 0.038235
11278 66770       1000      804 0.038234
11279 81783       1000      825 0.038233
11280 88427       1000      764 0.038231
11281 66688       1000      786 0.038231
11282 73026       1000      800 0.038230
11283 71633       1000      714 0.038230
11284 73105       1000      725 0.038230
11285 81754       1000      808 0.038230
11286 74481       1000      804 0.038229
11287 66194       1000      724 0.038229
11288 83888       1000      814 0.038229
11289 75891       1000      809 0.038228
11290 88411       1000      791 0.038227
11291 85701       1000      797 0.038226
11292 79740       1000      810 0.038226
11293 85666       1000      793 0.038226
11294 87612       1000      802 0.038226
11295 81775       1000      751 0.038225
11296 87483       1000      787 0.038222
11297 78967       1000      801 0.038221
11298 68554       1000      738 0.038220
11299 85973       1000      714 0.038220
11300 78116       1000      794 0.038220
11301 78187       1000      801 0.038219
11302 85269       1000      813 0.038219
11303 88129       1000      699 0.038219
11304 77179       1000      828 0.038216
11305 81781       1000      803 0.038215
11306 82392       1000      806 0.038215
11307 70797       1000      788 0.038214
11308 71148       1000      803 0.038214
11309 78045       1000      808 0.038213
11310 76973       1000      777 0.038213
11311 72187       1000      800 0.038213
11312 83955       1000      806 0.038212
11313 69324       1000      801 0.038211
11314 74296       1000      807 0.038208
11315 86812       1000      786 0.038208
11316 86187       1000      698 0.038208
11317 72615       1000      803 0.038206
11318 77237       1000      734 0.038205
11319 77209       1000      809 0.038204
11320 85459       1000      801 0.038204
11321 81935       1000      800 0.038203
11322 78707       1000      777 0.038203
11323 84852       1000      790 0.038200
11324 82364       1000      795 0.038200
11325 88800       1000      789 0.038198
11326 69495       1000      732 0.038197
11327 74845       1000      738 0.038195
11328 77339       1000      701 0.038195
11329 84602       1000      717 0.038194
11330 87631       1000      790 0.038192
11331 75074       1000      718 0.038191
11332 75523       1000      762 0.038189
11333 76275       1000      789 0.038188
11334 84938       1000      794 0.038187
11335 80860       1000      768 0.038186
11336 83561       1000      799 0.038186
11337 80825       1000      819 0.038183
11338 81945       1000      795 0.038182
11339 85258       1000      784 0.038181
11340 74492       1000      810 0.038180
11341 70033       1000      815 0.038177
11342 88405       1000      805 0.038176
11343 81088       1000      715 0.038176
11344 71013       1000      706 0.038176
11345 71828       1000      806 0.038175
11346 70432       1000      744 0.038173
11347 74869       1000      802 0.038173
11348 87931       1000      766 0.038173
11349 69778       1000      794 0.038172
11350 67824       1000      783 0.038171
11351 77108       1000      818 0.038171
11352 69047       1000      792 0.038170
11353 88756       1000      829 0.038169
11354 78447       1000      796 0.038169
11355 71918       1000      790 0.038169
11356 68770       1000      800 0.038168
11357 79118       1000      807 0.038167
11358 74384       1000      724 0.038166
11359 88910       1000      690 0.038166
11360 81684       1000      810 0.038164
11361 70251       1000      737 0.038162
11362 79593       1000      806 0.038161
11363 86629       1000      797 0.038160
11364 82077       1000      803 0.038160
11365 85467       1000      801 0.038159
11366 76667       1000      739 0.038158
11367 71853       1000      805 0.038157
11368 71643       1000      792 0.038156
11369 81316       1000      797 0.038156
11370 70109       1000      800 0.038156
11371 88836       1000      806 0.038155
11372 86880       1000      786 0.038155
11373 71011       1000      793 0.038154
11374 74334       1000      810 0.038154
11375 77318       1000      814 0.038153
11376 79494       1000      817 0.038153
11377 66306       1000      785 0.038151
11378 71358       1000      781 0.038151
11379 71384       1000      812 0.038150
11380 68367       1000      817 0.038149
11381 71570       1000      731 0.038149
11382 82095       1000      742 0.038149
11383 84509       1000      810 0.038148
11384 77153       1000      792 0.038146
11385 87370       1000      725 0.038145
11386 72934       1000      814 0.038145
11387 80764       1000      811 0.038145
11388 75940       1000      787 0.038144
11389 80196       1000      809 0.038143
11390 69632       1000      775 0.038143
11391 84892       1000      790 0.038143
11392 66934       1000      788 0.038143
11393 84955       1000      787 0.038142
11394 74084       1000      790 0.038142
11395 85670       1000      796 0.038140
11396 86571       1000      716 0.038140
11397 86272       1000      787 0.038140
11398 80668       1000      803 0.038137
11399 67434       1000      804 0.038136
11400 84118       1000      796 0.038136
11401 88309       1000      793 0.038135
11402 88544       1000      790 0.038135
11403 68534       1000      799 0.038134
11404 72727       1000      712 0.038133
11405 71591       1000      791 0.038132
11406 66329       1000      787 0.038130
11407 86005       1000      795 0.038130
11408 81614       1000      808 0.038130
11409 80760       1000      705 0.038129
11410 87600       1000      782 0.038129
11411 78828       1000      710 0.038126
11412 68948       1000      817 0.038125
11413 86807       1000      799 0.038125
11414 67546       1000      809 0.038124
11415 87235       1000      785 0.038124
11416 70300       1000      796 0.038124
11417 74085       1000      801 0.038122
11418 71860       1000      715 0.038121
11419 74374       1000      809 0.038120
11420 66922       1000      814 0.038120
11421 68781       1000      788 0.038120
11422 72115       1000      688 0.038118
11423 77520       1000      785 0.038118
11424 80216       1000      778 0.038118
11425 74672       1000      796 0.038117
11426 67822       1000      810 0.038116
11427 76900       1000      797 0.038116
11428 83878       1000      793 0.038116
11429 81885       1000      803 0.038114
11430 75200       1000      796 0.038113
11431 84595       1000      731 0.038112
11432 84871       1000      793 0.038112
11433 76468       1000      728 0.038109
11434 85019       1000      789 0.038109
11435 81839       1000      798 0.038108
11436 67642       1000      795 0.038108
11437 86130       1000      742 0.038108
11438 87870       1000      795 0.038107
11439 70761       1000      717 0.038106
11440 85793       1000      813 0.038105
11441 72801       1000      796 0.038105
11442 72462       1000      720 0.038105
11443 71092       1000      817 0.038104
11444 67003       1000      819 0.038103
11445 80957       1000      804 0.038102
11446 69202       1000      798 0.038102
11447 87961       1000      795 0.038102
11448 72023       1000      799 0.038096
11449 86669       1000      785 0.038095
11450 85832       1000      814 0.038094
11451 80481       1000      762 0.038089
11452 82594       1000      804 0.038088
11453 88994       1000      800 0.038088
11454 70817       1000      796 0.038088
11455 83814       1000      716 0.038087
11456 73258       1000      799 0.038087
11457 82749       1000      797 0.038086
11458 84097       1000      798 0.038085
11459 80997       1000      801 0.038085
11460 72698       1000      741 0.038085
11461 75706       1000      760 0.038084
11462 88278       1000      801 0.038082
11463 68675       1000      815 0.038081
11464 88232       1000      795 0.038080
11465 67021       1000      812 0.038080
11466 67570       1000      793 0.038079
11467 74785       1000      731 0.038078
11468 79387       1000      766 0.038078
11469 72131       1000      722 0.038078
11470 72376       1000      816 0.038077
11471 88125       1000      707 0.038077
11472 71478       1000      801 0.038077
11473 70748       1000      788 0.038076
11474 76020       1000      798 0.038076
11475 74757       1000      799 0.038075
11476 87281       1000      802 0.038074
11477 69412       1000      796 0.038074
11478 70385       1000      800 0.038072
11479 67951       1000      774 0.038071
11480 74712       1000      823 0.038070
11481 66935       1000      794 0.038070
11482 68984       1000      812 0.038069
11483 78076       1000      802 0.038068
11484 67139       1000      814 0.038068
11485 80871       1000      793 0.038067
11486 71370       1000      800 0.038066
11487 72764       1000      815 0.038063
11488 85392       1000      810 0.038063
11489 75812       1000      775 0.038061
11490 72303       1000      783 0.038061
11491 71950       1000      819 0.038060
11492 80960       1000      812 0.038059
11493 76770       1000      819 0.038057
11494 87574       1000      791 0.038055
11495 77744       1000      784 0.038054
11496 68393       1000      796 0.038054
11497 77719       1000      794 0.038052
11498 69826       1000      797 0.038052
11499 75557       1000      783 0.038051
11500 66964       1000      797 0.038051
11501 73937       1000      791 0.038051
11502 72881       1000      815 0.038051
11503 68391       1000      800 0.038051
11504 79931       1000      775 0.038050
11505 77393       1000      797 0.038050
11506 86508       1000      820 0.038049
11507 68536       1000      819 0.038049
11508 75378       1000      807 0.038049
11509 72861       1000      777 0.038048
11510 80702       1000      799 0.038047
11511 74499       1000      791 0.038047
11512 89103       1000      794 0.038046
11513 88726       1000      795 0.038046
11514 67376       1000      807 0.038043
11515 72009       1000      801 0.038042
11516 81186       1000      813 0.038041
11517 67584       1000      803 0.038041
11518 75150       1000      791 0.038040
11519 74408       1000      820 0.038039
11520 69831       1000      797 0.038039
11521 68448       1000      800 0.038039
11522 87044       1000      780 0.038038
11523 73859       1000      801 0.038038
11524 78897       1000      824 0.038037
11525 87321       1000      719 0.038037
11526 83415       1000      807 0.038037
11527 87196       1000      711 0.038037
11528 67699       1000      808 0.038037
11529 67058       1000      800 0.038037
11530 69512       1000      808 0.038036
11531 88838       1000      802 0.038036
11532 88698       1000      721 0.038034
11533 83290       1000      819 0.038032
11534 72150       1000      800 0.038032
11535 71713       1000      801 0.038030
11536 73529       1000      782 0.038030
11537 71548       1000      804 0.038029
11538 78631       1000      817 0.038029
11539 85138       1000      747 0.038028
11540 84108       1000      806 0.038027
11541 68145       1000      737 0.038026
11542 74108       1000      798 0.038026
11543 85846       1000      817 0.038025
11544 70734       1000      706 0.038024
11545 80761       1000      718 0.038022
11546 72379       1000      815 0.038021
11547 65818       1000      810 0.038020
11548 76997       1000      795 0.038020
11549 72242       1000      727 0.038019
11550 67778       1000      802 0.038018
11551 70539       1000      719 0.038016
11552 73681       1000      806 0.038016
11553 79730       1000      805 0.038015
11554 68971       1000      796 0.038014
11555 85022       1000      792 0.038013
11556 81073       1000      800 0.038012
11557 67232       1000      791 0.038011
11558 68172       1000      696 0.038011
11559 67284       1000      770 0.038010
11560 68931       1000      805 0.038009
11561 80720       1000      740 0.038007
11562 82454       1000      811 0.038007
11563 78914       1000      800 0.038006
11564 74157       1000      702 0.038005
11565 84619       1000      800 0.038004
11566 66589       1000      721 0.038004
11567 89040       1000      706 0.038004
11568 70394       1000      806 0.038003
11569 88124       1000      722 0.038003
11570 70851       1000      800 0.038003
11571 72085       1000      811 0.038003
11572 87090       1000      806 0.038002
11573 86165       1000      806 0.038001
11574 78901       1000      788 0.038001
11575 84182       1000      803 0.038000
11576 69264       1000      792 0.038000
11577 68515       1000      801 0.038000
11578 89112       1000      798 0.037999
11579 67530       1000      733 0.037997
11580 76293       1000      729 0.037997
11581 86048       1000      716 0.037996
11582 83469       1000      763 0.037995
11583 84845       1000      809 0.037995
11584 77572       1000      807 0.037995
11585 68001       1000      787 0.037995
11586 89114       1000      787 0.037994
11587 87112       1000      807 0.037993
11588 79445       1000      818 0.037992
11589 81890       1000      727 0.037991
11590 76524       1000      795 0.037990
11591 87093       1000      816 0.037990
11592 70024       1000      799 0.037989
11593 86345       1000      788 0.037989
11594 73628       1000      802 0.037988
11595 67194       1000      736 0.037987
11596 85076       1000      784 0.037987
11597 79050       1000      799 0.037986
11598 81579       1000      809 0.037986
11599 74892       1000      800 0.037985
11600 83791       1000      816 0.037984
11601 70120       1000      799 0.037983
11602 74565       1000      796 0.037982
11603 75114       1000      787 0.037979
11604 66354       1000      784 0.037976
11605 80186       1000      778 0.037975
11606 65958       1000      810 0.037974
11607 80412       1000      791 0.037970
11608 86343       1000      798 0.037970
11609 75041       1000      816 0.037969
11610 77981       1000      809 0.037969
11611 71246       1000      785 0.037968
11612 84210       1000      804 0.037963
11613 69339       1000      787 0.037961
11614 87741       1000      804 0.037960
11615 86330       1000      793 0.037958
11616 85801       1000      804 0.037958
11617 86037       1000      798 0.037957
11618 87767       1000      691 0.037957
11619 71031       1000      740 0.037956
11620 65970       1000      774 0.037956
11621 68101       1000      795 0.037953
11622 85116       1000      757 0.037953
11623 76312       1000      726 0.037951
11624 83412       1000      801 0.037949
11625 75882       1000      777 0.037945
11626 83545       1000      737 0.037945
11627 86124       1000      792 0.037943
11628 87115       1000      802 0.037942
11629 75018       1000      821 0.037942
11630 79338       1000      801 0.037941
11631 70330       1000      813 0.037940
11632 86861       1000      808 0.037939
11633 87008       1000      803 0.037938
11634 80052       1000      798 0.037938
11635 84161       1000      801 0.037938
11636 66077       1000      797 0.037937
11637 77206       1000      786 0.037937
11638 76237       1000      810 0.037935
11639 88574       1000      713 0.037935
11640 88798       1000      740 0.037934
11641 80995       1000      805 0.037934
11642 79009       1000      809 0.037933
11643 76224       1000      797 0.037932
11644 82434       1000      801 0.037931
11645 65843       1000      788 0.037931
11646 74489       1000      786 0.037931
11647 70561       1000      735 0.037931
11648 77238       1000      813 0.037931
11649 79592       1000      757 0.037929
11650 70919       1000      721 0.037929
11651 85721       1000      798 0.037928
11652 77407       1000      788 0.037928
11653 70839       1000      813 0.037927
11654 81702       1000      802 0.037924
11655 84238       1000      760 0.037924
11656 86589       1000      792 0.037924
11657 85489       1000      789 0.037923
11658 71456       1000      803 0.037923
11659 70275       1000      813 0.037923
11660 74886       1000      715 0.037922
11661 76012       1000      795 0.037922
11662 80340       1000      803 0.037921
11663 71984       1000      803 0.037919
11664 79636       1000      794 0.037918
11665 78627       1000      732 0.037918
11666 80015       1000      721 0.037918
11667 78414       1000      786 0.037916
11668 83615       1000      822 0.037915
11669 85077       1000      811 0.037914
11670 85244       1000      802 0.037914
11671 85907       1000      812 0.037911
11672 80167       1000      788 0.037910
11673 66132       1000      797 0.037910
11674 75713       1000      691 0.037910
11675 76911       1000      786 0.037909
11676 80877       1000      820 0.037906
11677 79637       1000      734 0.037906
11678 86204       1000      797 0.037906
11679 87129       1000      811 0.037905
11680 78615       1000      800 0.037905
11681 86342       1000      815 0.037904
11682 74341       1000      709 0.037902
11683 68803       1000      722 0.037901
11684 87161       1000      785 0.037901
11685 84709       1000      710 0.037900
11686 75342       1000      796 0.037899
11687 82925       1000      796 0.037899
11688 69757       1000      819 0.037898
11689 79709       1000      809 0.037898
11690 73525       1000      797 0.037897
11691 81886       1000      824 0.037895
11692 83996       1000      789 0.037894
11693 78191       1000      721 0.037891
11694 68376       1000      756 0.037890
11695 85485       1000      718 0.037889
11696 86765       1000      785 0.037889
11697 73813       1000      782 0.037888
11698 86030       1000      807 0.037886
11699 76953       1000      799 0.037886
11700 69756       1000      793 0.037886
11701 79553       1000      802 0.037885
11702 84178       1000      807 0.037885
11703 66332       1000      798 0.037884
11704 81926       1000      819 0.037884
11705 80556       1000      715 0.037883
11706 71329       1000      717 0.037882
11707 69063       1000      814 0.037881
11708 75570       1000      814 0.037880
11709 86991       1000      789 0.037880
11710 83152       1000      717 0.037879
11711 67230       1000      816 0.037878
11712 80664       1000      787 0.037878
11713 81389       1000      748 0.037877
11714 85513       1000      815 0.037877
11715 69098       1000      722 0.037877
11716 69101       1000      806 0.037877
11717 82832       1000      781 0.037875
11718 66493       1000      819 0.037873
11719 83805       1000      745 0.037873
11720 68241       1000      756 0.037872
11721 69769       1000      801 0.037871
11722 66271       1000      786 0.037871
11723 71376       1000      782 0.037871
11724 71959       1000      787 0.037869
11725 81012       1000      812 0.037869
11726 77230       1000      780 0.037868
11727 78785       1000      806 0.037868
11728 74677       1000      785 0.037868
11729 74972       1000      802 0.037867
11730 84378       1000      720 0.037867
11731 75552       1000      728 0.037867
11732 70096       1000      809 0.037866
11733 78934       1000      787 0.037864
11734 81371       1000      792 0.037864
11735 83872       1000      792 0.037863
11736 79625       1000      719 0.037863
11737 69293       1000      721 0.037861
11738 84550       1000      715 0.037861
11739 81755       1000      807 0.037861
11740 74766       1000      721 0.037861
11741 82618       1000      718 0.037859
11742 80490       1000      723 0.037858
11743 74366       1000      770 0.037856
11744 86972       1000      788 0.037855
11745 83431       1000      794 0.037854
11746 66666       1000      808 0.037853
11747 82376       1000      778 0.037853
11748 80549       1000      714 0.037851
11749 69059       1000      799 0.037849
11750 86641       1000      781 0.037848
11751 83275       1000      804 0.037848
11752 77885       1000      732 0.037848
11753 86613       1000      799 0.037847
11754 76794       1000      791 0.037847
11755 78801       1000      785 0.037844
11756 87448       1000      744 0.037840
11757 77507       1000      711 0.037839
11758 73099       1000      715 0.037839
11759 82356       1000      821 0.037838
11760 66078       1000      742 0.037838
11761 78492       1000      790 0.037837
11762 71114       1000      776 0.037836
11763 84912       1000      802 0.037836
11764 69012       1000      801 0.037835
11765 88810       1000      810 0.037834
11766 68214       1000      751 0.037833
11767 70673       1000      700 0.037832
11768 69106       1000      787 0.037831
11769 77933       1000      784 0.037830
11770 77050       1000      812 0.037830
11771 81253       1000      813 0.037828
11772 76295       1000      816 0.037828
11773 85358       1000      813 0.037828
11774 85015       1000      817 0.037828
11775 66757       1000      812 0.037822
11776 75809       1000      808 0.037822
11777 73461       1000      816 0.037822
11778 70431       1000      785 0.037822
11779 65847       1000      797 0.037821
11780 73557       1000      811 0.037821
11781 65905       1000      808 0.037819
11782 72173       1000      791 0.037816
11783 87439       1000      816 0.037815
11784 67958       1000      790 0.037815
11785 69857       1000      816 0.037814
11786 70947       1000      789 0.037813
11787 66202       1000      799 0.037811
11788 67817       1000      714 0.037811
11789 77891       1000      800 0.037811
11790 75991       1000      711 0.037811
11791 71529       1000      716 0.037810
11792 75305       1000      784 0.037810
11793 82535       1000      734 0.037809
11794 81151       1000      810 0.037808
11795 66836       1000      803 0.037808
11796 73824       1000      792 0.037805
11797 89146       1000      802 0.037805
11798 82090       1000      750 0.037804
11799 77062       1000      816 0.037804
11800 71731       1000      819 0.037804
11801 69923       1000      804 0.037803
11802 78576       1000      814 0.037799
11803 68550       1000      794 0.037799
11804 70836       1000      818 0.037799
11805 82302       1000      786 0.037795
11806 81518       1000      788 0.037794
11807 88213       1000      715 0.037794
11808 81596       1000      803 0.037792
11809 71095       1000      801 0.037792
11810 67242       1000      730 0.037792
11811 76909       1000      804 0.037791
11812 76642       1000      799 0.037791
11813 72133       1000      721 0.037791
11814 74056       1000      719 0.037791
11815 77390       1000      810 0.037790
11816 78770       1000      802 0.037789
11817 71538       1000      817 0.037789
11818 78891       1000      799 0.037788
11819 68813       1000      740 0.037788
11820 68107       1000      809 0.037786
11821 83225       1000      781 0.037785
11822 86073       1000      726 0.037785
11823 84461       1000      785 0.037784
11824 84857       1000      800 0.037784
11825 74313       1000      710 0.037784
11826 80501       1000      810 0.037783
11827 84838       1000      809 0.037782
11828 71165       1000      797 0.037782
11829 88464       1000      797 0.037779
11830 73407       1000      824 0.037779
11831 85965       1000      802 0.037779
11832 86671       1000      742 0.037778
11833 66863       1000      809 0.037778
11834 75118       1000      791 0.037777
11835 83184       1000      818 0.037777
11836 79579       1000      740 0.037776
11837 77389       1000      784 0.037776
11838 82232       1000      816 0.037776
11839 86143       1000      816 0.037775
11840 66173       1000      815 0.037775
11841 88691       1000      724 0.037774
11842 80471       1000      793 0.037774
11843 87166       1000      816 0.037773
11844 66920       1000      811 0.037772
11845 84569       1000      715 0.037770
11846 65879       1000      823 0.037770
11847 84756       1000      790 0.037770
11848 77691       1000      793 0.037769
11849 73674       1000      750 0.037769
11850 73418       1000      812 0.037769
11851 86411       1000      809 0.037769
11852 82329       1000      814 0.037767
11853 66809       1000      729 0.037766
11854 80654       1000      803 0.037765
11855 79082       1000      794 0.037764
11856 73471       1000      786 0.037764
11857 88850       1000      809 0.037764
11858 68408       1000      817 0.037763
11859 81220       1000      722 0.037762
11860 67193       1000      808 0.037762
11861 67291       1000      796 0.037761
11862 73503       1000      720 0.037761
11863 86896       1000      719 0.037761
11864 81387       1000      809 0.037760
11865 71142       1000      783 0.037760
11866 77053       1000      804 0.037760
11867 66711       1000      717 0.037759
11868 82013       1000      810 0.037759
11869 69304       1000      803 0.037758
11870 88718       1000      823 0.037757
11871 82508       1000      813 0.037756
11872 70234       1000      740 0.037756
11873 72138       1000      814 0.037755
11874 66957       1000      794 0.037754
11875 83260       1000      784 0.037754
11876 72079       1000      737 0.037753
11877 81608       1000      726 0.037751
11878 69119       1000      807 0.037749
11879 78256       1000      787 0.037749
11880 75841       1000      789 0.037747
11881 86608       1000      806 0.037747
11882 72179       1000      816 0.037746
11883 75064       1000      804 0.037745
11884 75612       1000      797 0.037745
11885 74510       1000      788 0.037744
11886 75556       1000      813 0.037743
11887 71344       1000      812 0.037743
11888 74621       1000      803 0.037741
11889 72488       1000      797 0.037738
11890 78622       1000      812 0.037737
11891 70545       1000      736 0.037735
11892 74931       1000      807 0.037735
11893 67557       1000      738 0.037735
11894 81303       1000      776 0.037734
11895 78063       1000      778 0.037733
11896 86564       1000      730 0.037732
11897 73690       1000      796 0.037731
11898 77538       1000      782 0.037730
11899 75582       1000      800 0.037729
11900 68657       1000      789 0.037728
11901 65830       1000      780 0.037727
11902 75261       1000      808 0.037726
11903 68293       1000      801 0.037726
11904 69634       1000      721 0.037725
11905 79339       1000      791 0.037724
11906 88585       1000      722 0.037724
11907 81440       1000      773 0.037723
11908 88275       1000      802 0.037722
11909 67340       1000      724 0.037722
11910 66680       1000      788 0.037721
11911 81534       1000      809 0.037721
11912 70700       1000      806 0.037721
11913 82720       1000      787 0.037716
11914 69344       1000      795 0.037715
11915 70854       1000      781 0.037714
11916 83227       1000      804 0.037714
11917 79077       1000      802 0.037709
11918 86362       1000      792 0.037709
11919 77359       1000      808 0.037707
11920 68072       1000      785 0.037707
11921 73457       1000      800 0.037707
11922 66013       1000      802 0.037706
11923 86753       1000      806 0.037704
11924 81293       1000      798 0.037703
11925 82732       1000      803 0.037703
11926 67385       1000      788 0.037702
11927 88198       1000      804 0.037702
11928 75025       1000      733 0.037701
11929 71188       1000      788 0.037701
11930 83464       1000      813 0.037700
11931 70116       1000      787 0.037699
11932 69095       1000      794 0.037699
11933 88805       1000      720 0.037698
11934 73264       1000      794 0.037698
11935 74819       1000      799 0.037697
11936 82747       1000      693 0.037696
11937 88362       1000      775 0.037696
11938 70071       1000      787 0.037696
11939 69194       1000      810 0.037696
11940 81638       1000      794 0.037695
11941 82641       1000      783 0.037694
11942 84396       1000      737 0.037693
11943 73176       1000      801 0.037692
11944 82076       1000      782 0.037691
11945 78563       1000      737 0.037690
11946 84596       1000      808 0.037689
11947 85514       1000      703 0.037689
11948 73275       1000      801 0.037688
11949 66695       1000      800 0.037687
11950 76336       1000      797 0.037687
11951 73731       1000      793 0.037687
11952 86225       1000      710 0.037687
11953 86391       1000      690 0.037686
11954 80662       1000      795 0.037686
11955 72078       1000      795 0.037684
11956 66709       1000      795 0.037682
11957 80606       1000      732 0.037682
11958 85470       1000      811 0.037682
11959 67632       1000      824 0.037681
11960 83115       1000      708 0.037680
11961 73654       1000      816 0.037677
11962 77869       1000      737 0.037677
11963 79260       1000      803 0.037676
11964 68300       1000      817 0.037676
11965 78903       1000      740 0.037676
11966 82519       1000      794 0.037675
11967 66672       1000      737 0.037675
11968 72572       1000      810 0.037674
11969 80581       1000      735 0.037673
11970 67144       1000      722 0.037672
11971 84153       1000      816 0.037672
11972 73184       1000      777 0.037672
11973 79803       1000      800 0.037671
11974 83494       1000      731 0.037670
11975 88219       1000      809 0.037668
11976 79078       1000      774 0.037667
11977 70138       1000      818 0.037666
11978 76152       1000      816 0.037665
11979 71417       1000      807 0.037665
11980 80509       1000      706 0.037663
11981 86291       1000      747 0.037663
11982 73548       1000      802 0.037663
11983 83625       1000      778 0.037663
11984 87550       1000      747 0.037661
11985 78389       1000      706 0.037660
11986 80010       1000      809 0.037660
11987 74126       1000      800 0.037660
11988 68041       1000      806 0.037659
11989 83382       1000      726 0.037659
11990 75147       1000      698 0.037659
11991 76329       1000      800 0.037659
11992 78276       1000      720 0.037659
11993 81794       1000      786 0.037658
11994 87873       1000      792 0.037657
11995 65925       1000      713 0.037657
11996 71819       1000      809 0.037656
11997 66272       1000      789 0.037656
11998 68924       1000      801 0.037656
11999 86877       1000      831 0.037655
12000 78379       1000      805 0.037653
12001 66107       1000      779 0.037652
12002 65863       1000      785 0.037651
12003 77555       1000      718 0.037649
12004 65878       1000      801 0.037648
12005 81968       1000      822 0.037647
12006 79019       1000      808 0.037645
12007 88285       1000      773 0.037645
12008 78608       1000      787 0.037644
12009 72576       1000      815 0.037643
12010 67782       1000      795 0.037643
12011 83510       1000      789 0.037642
12012 80063       1000      810 0.037642
12013 85318       1000      719 0.037641
12014 73109       1000      798 0.037641
12015 66518       1000      797 0.037640
12016 69738       1000      820 0.037639
12017 68412       1000      795 0.037639
12018 86150       1000      721 0.037639
12019 77733       1000      730 0.037638
12020 83086       1000      717 0.037637
12021 81621       1000      791 0.037635
12022 67272       1000      782 0.037634
12023 67290       1000      716 0.037632
12024 82044       1000      797 0.037631
12025 86427       1000      811 0.037630
12026 74636       1000      790 0.037628
12027 67075       1000      816 0.037627
12028 76788       1000      791 0.037627
12029 70115       1000      792 0.037627
12030 74516       1000      784 0.037626
12031 81251       1000      815 0.037625
12032 76782       1000      791 0.037625
12033 69745       1000      787 0.037625
12034 85364       1000      803 0.037624
12035 69152       1000      790 0.037624
12036 73733       1000      793 0.037623
12037 66375       1000      809 0.037623
12038 78656       1000      720 0.037622
12039 78497       1000      800 0.037621
12040 74073       1000      718 0.037621
12041 72594       1000      788 0.037620
12042 77802       1000      713 0.037619
12043 80385       1000      779 0.037618
12044 68057       1000      720 0.037618
12045 75619       1000      704 0.037617
12046 70382       1000      726 0.037616
12047 84943       1000      817 0.037615
12048 71719       1000      809 0.037615
12049 68982       1000      829 0.037615
12050 87721       1000      815 0.037613
12051 86203       1000      787 0.037613
12052 74549       1000      825 0.037613
12053 67453       1000      790 0.037613
12054 85569       1000      729 0.037612
12055 88841       1000      712 0.037611
12056 68278       1000      791 0.037608
12057 83530       1000      785 0.037608
12058 72300       1000      694 0.037606
12059 88781       1000      795 0.037605
12060 76755       1000      815 0.037605
12061 71554       1000      798 0.037603
12062 66955       1000      800 0.037603
12063 81045       1000      806 0.037600
12064 78939       1000      791 0.037599
12065 68025       1000      728 0.037598
12066 81590       1000      778 0.037598
12067 65873       1000      801 0.037597
12068 78099       1000      825 0.037597
12069 68863       1000      785 0.037597
12070 68363       1000      773 0.037597
12071 72917       1000      815 0.037596
12072 80617       1000      789 0.037596
12073 78155       1000      731 0.037595
12074 67200       1000      807 0.037593
12075 70509       1000      811 0.037593
12076 67617       1000      711 0.037592
12077 88343       1000      810 0.037591
12078 68257       1000      728 0.037587
12079 68052       1000      796 0.037587
12080 78091       1000      791 0.037586
12081 87410       1000      816 0.037586
12082 86630       1000      713 0.037584
12083 69392       1000      806 0.037584
12084 75198       1000      790 0.037583
12085 66041       1000      740 0.037583
12086 87290       1000      800 0.037583
12087 71509       1000      792 0.037581
12088 69730       1000      721 0.037580
12089 89094       1000      740 0.037579
12090 88682       1000      809 0.037579
12091 69294       1000      821 0.037578
12092 84504       1000      725 0.037577
12093 74612       1000      774 0.037577
12094 68385       1000      825 0.037576
12095 76599       1000      712 0.037576
12096 87498       1000      807 0.037573
12097 84773       1000      822 0.037572
12098 87091       1000      794 0.037571
12099 73406       1000      781 0.037569
12100 76512       1000      797 0.037569
12101 88706       1000      739 0.037568
12102 66459       1000      796 0.037567
12103 83951       1000      802 0.037566
12104 83536       1000      796 0.037563
12105 83182       1000      822 0.037562
12106 72466       1000      811 0.037561
12107 68096       1000      783 0.037561
12108 68419       1000      785 0.037560
12109 85373       1000      788 0.037560
12110 70020       1000      795 0.037560
12111 78820       1000      807 0.037559
12112 76656       1000      801 0.037559
12113 76022       1000      803 0.037558
12114 69860       1000      727 0.037556
12115 82797       1000      786 0.037555
12116 82145       1000      733 0.037554
12117 76411       1000      791 0.037553
12118 73663       1000      796 0.037552
12119 70342       1000      811 0.037552
12120 74859       1000      795 0.037552
12121 80806       1000      710 0.037551
12122 71721       1000      791 0.037551
12123 67369       1000      798 0.037549
12124 69978       1000      782 0.037549
12125 85383       1000      812 0.037549
12126 81042       1000      812 0.037549
12127 82726       1000      803 0.037548
12128 82345       1000      815 0.037548
12129 78136       1000      825 0.037547
12130 77590       1000      786 0.037547
12131 77656       1000      811 0.037546
12132 66550       1000      804 0.037545
12133 87039       1000      803 0.037545
12134 74767       1000      792 0.037544
12135 66623       1000      811 0.037544
12136 68332       1000      791 0.037543
12137 77443       1000      770 0.037540
12138 78956       1000      810 0.037540
12139 74050       1000      825 0.037539
12140 77340       1000      798 0.037538
12141 72571       1000      687 0.037538
12142 79197       1000      812 0.037536
12143 72916       1000      725 0.037536
12144 67675       1000      803 0.037535
12145 66452       1000      777 0.037535
12146 78714       1000      729 0.037535
12147 83562       1000      793 0.037534
12148 87542       1000      813 0.037534
12149 79870       1000      816 0.037533
12150 86718       1000      805 0.037533
12151 83763       1000      768 0.037532
12152 85602       1000      793 0.037532
12153 88051       1000      799 0.037531
12154 70583       1000      799 0.037531
12155 85682       1000      799 0.037530
12156 72386       1000      696 0.037530
12157 75354       1000      719 0.037530
12158 75374       1000      731 0.037530
12159 70875       1000      804 0.037530
12160 84374       1000      805 0.037529
12161 75797       1000      739 0.037528
12162 72816       1000      797 0.037527
12163 76270       1000      798 0.037527
12164 84203       1000      789 0.037527
12165 88376       1000      805 0.037527
12166 76440       1000      725 0.037526
12167 75119       1000      724 0.037525
12168 88552       1000      793 0.037525
12169 71434       1000      798 0.037524
12170 73142       1000      799 0.037524
12171 80857       1000      812 0.037523
12172 82636       1000      790 0.037523
12173 68044       1000      738 0.037523
12174 70409       1000      788 0.037522
12175 75127       1000      845 0.037521
12176 73227       1000      800 0.037521
12177 79881       1000      787 0.037517
12178 76202       1000      779 0.037514
12179 86046       1000      803 0.037513
12180 83548       1000      786 0.037513
12181 86837       1000      804 0.037513
12182 73536       1000      794 0.037512
12183 78669       1000      797 0.037512
12184 69116       1000      814 0.037510
12185 86038       1000      807 0.037510
12186 67789       1000      796 0.037509
12187 82961       1000      793 0.037509
12188 74401       1000      806 0.037508
12189 69092       1000      786 0.037507
12190 87649       1000      813 0.037506
12191 88159       1000      707 0.037506
12192 85160       1000      726 0.037505
12193 82003       1000      801 0.037504
12194 76200       1000      814 0.037504
12195 81708       1000      800 0.037502
12196 77627       1000      787 0.037501
12197 82230       1000      802 0.037501
12198 68280       1000      728 0.037500
12199 78609       1000      796 0.037498
12200 67936       1000      805 0.037498
12201 73489       1000      812 0.037497
12202 80355       1000      739 0.037495
12203 67971       1000      735 0.037495
12204 83790       1000      811 0.037495
12205 85382       1000      797 0.037493
12206 82830       1000      706 0.037491
12207 72162       1000      714 0.037491
12208 70241       1000      799 0.037490
12209 65872       1000      788 0.037490
12210 87573       1000      806 0.037489
12211 84831       1000      792 0.037489
12212 76346       1000      793 0.037488
12213 82341       1000      807 0.037485
12214 87416       1000      794 0.037483
12215 86312       1000      811 0.037483
12216 85036       1000      729 0.037483
12217 70350       1000      818 0.037483
12218 72204       1000      725 0.037482
12219 74723       1000      805 0.037481
12220 74140       1000      790 0.037478
12221 66388       1000      810 0.037477
12222 72261       1000      799 0.037476
12223 76532       1000      726 0.037476
12224 77030       1000      794 0.037476
12225 84794       1000      720 0.037475
12226 67743       1000      788 0.037475
12227 69390       1000      796 0.037475
12228 81017       1000      803 0.037474
12229 83031       1000      797 0.037473
12230 78917       1000      798 0.037469
12231 80711       1000      739 0.037469
12232 81770       1000      811 0.037468
12233 78130       1000      813 0.037468
12234 74989       1000      775 0.037466
12235 70308       1000      789 0.037466
12236 67467       1000      790 0.037466
12237 71064       1000      791 0.037464
12238 88061       1000      716 0.037464
12239 69375       1000      799 0.037463
12240 83356       1000      802 0.037463
12241 80657       1000      781 0.037462
12242 69894       1000      803 0.037461
12243 67683       1000      708 0.037459
12244 69387       1000      786 0.037456
12245 80023       1000      805 0.037456
12246 84848       1000      815 0.037455
12247 77372       1000      805 0.037454
12248 87686       1000      823 0.037451
12249 70909       1000      804 0.037449
12250 78532       1000      804 0.037449
12251 76274       1000      732 0.037447
12252 79532       1000      786 0.037447
12253 74411       1000      754 0.037447
12254 79652       1000      805 0.037446
12255 74692       1000      808 0.037444
12256 82301       1000      808 0.037443
12257 76358       1000      819 0.037443
12258 88774       1000      803 0.037441
12259 79363       1000      722 0.037441
12260 75412       1000      722 0.037439
12261 73210       1000      816 0.037439
12262 69570       1000      797 0.037438
12263 71899       1000      796 0.037438
12264 70048       1000      818 0.037437
12265 76465       1000      793 0.037436
12266 81264       1000      810 0.037435
12267 88185       1000      747 0.037434
12268 87764       1000      788 0.037434
12269 88001       1000      748 0.037432
12270 82390       1000      741 0.037432
12271 65955       1000      757 0.037432
12272 83180       1000      784 0.037432
12273 66718       1000      799 0.037431
12274 85731       1000      810 0.037431
12275 85998       1000      800 0.037430
12276 83744       1000      791 0.037428
12277 80312       1000      714 0.037426
12278 78771       1000      776 0.037426
12279 81606       1000      807 0.037424
12280 84948       1000      790 0.037424
12281 82506       1000      785 0.037422
12282 73860       1000      798 0.037420
12283 75457       1000      808 0.037420
12284 71298       1000      815 0.037419
12285 78523       1000      810 0.037418
12286 73936       1000      808 0.037417
12287 78660       1000      738 0.037416
12288 80587       1000      737 0.037415
12289 79591       1000      705 0.037415
12290 82016       1000      791 0.037414
12291 79232       1000      714 0.037414
12292 67523       1000      825 0.037413
12293 86876       1000      809 0.037413
12294 73237       1000      801 0.037413
12295 80862       1000      789 0.037412
12296 84995       1000      801 0.037412
12297 74360       1000      791 0.037411
12298 85796       1000      819 0.037410
12299 67784       1000      809 0.037410
12300 77614       1000      807 0.037409
12301 69630       1000      798 0.037409
12302 78331       1000      787 0.037409
12303 82987       1000      787 0.037409
12304 69959       1000      781 0.037409
12305 78458       1000      703 0.037407
12306 82799       1000      780 0.037406
12307 79875       1000      820 0.037405
12308 75480       1000      801 0.037405
12309 70574       1000      812 0.037404
12310 72910       1000      785 0.037403
12311 72821       1000      806 0.037402
12312 76497       1000      776 0.037402
12313 77531       1000      713 0.037401
12314 84616       1000      801 0.037398
12315 79508       1000      811 0.037398
12316 73943       1000      734 0.037397
12317 73587       1000      740 0.037397
12318 67336       1000      809 0.037396
12319 85650       1000      802 0.037396
12320 68764       1000      811 0.037394
12321 82198       1000      779 0.037394
12322 87608       1000      821 0.037393
12323 74151       1000      801 0.037393
12324 67838       1000      790 0.037392
12325 66158       1000      801 0.037392
12326 79687       1000      804 0.037390
12327 76802       1000      796 0.037390
12328 72903       1000      810 0.037388
12329 78301       1000      795 0.037388
12330 69044       1000      809 0.037385
12331 77566       1000      786 0.037385
12332 71893       1000      821 0.037384
12333 82819       1000      713 0.037383
12334 78332       1000      802 0.037381
12335 75509       1000      784 0.037380
12336 80895       1000      754 0.037380
12337 74389       1000      742 0.037379
12338 67553       1000      788 0.037379
12339 85587       1000      809 0.037379
12340 84658       1000      716 0.037379
12341 77481       1000      799 0.037378
12342 78034       1000      780 0.037377
12343 73694       1000      801 0.037377
12344 68854       1000      798 0.037376
12345 70301       1000      726 0.037376
12346 83676       1000      820 0.037375
12347 85591       1000      788 0.037375
12348 69897       1000      811 0.037375
12349 82046       1000      815 0.037374
12350 70638       1000      788 0.037373
12351 84959       1000      785 0.037373
12352 84433       1000      736 0.037372
12353 79639       1000      806 0.037372
12354 81146       1000      786 0.037372
12355 68433       1000      726 0.037371
12356 71445       1000      783 0.037370
12357 86853       1000      715 0.037370
12358 73113       1000      780 0.037367
12359 70007       1000      786 0.037366
12360 70710       1000      805 0.037366
12361 80713       1000      804 0.037365
12362 83330       1000      795 0.037365
12363 79287       1000      696 0.037361
12364 71097       1000      816 0.037361
12365 81574       1000      791 0.037360
12366 76632       1000      725 0.037360
12367 82428       1000      735 0.037359
12368 85319       1000      804 0.037359
12369 70758       1000      819 0.037357
12370 72811       1000      813 0.037357
12371 66012       1000      729 0.037356
12372 71133       1000      813 0.037356
12373 78047       1000      813 0.037355
12374 71762       1000      785 0.037354
12375 66551       1000      819 0.037352
12376 77680       1000      739 0.037352
12377 76941       1000      722 0.037352
12378 67217       1000      794 0.037352
12379 70584       1000      796 0.037350
12380 72483       1000      810 0.037349
12381 70636       1000      726 0.037348
12382 67935       1000      786 0.037347
12383 74997       1000      799 0.037346
12384 79385       1000      804 0.037346
12385 80725       1000      816 0.037345
12386 84286       1000      797 0.037345
12387 85646       1000      792 0.037344
12388 88022       1000      794 0.037344
12389 79865       1000      742 0.037344
12390 68403       1000      719 0.037343
12391 67147       1000      803 0.037343
12392 79630       1000      799 0.037342
12393 76475       1000      734 0.037340
12394 66403       1000      803 0.037339
12395 67835       1000      780 0.037338
12396 78326       1000      790 0.037338
12397 82731       1000      814 0.037337
12398 72401       1000      795 0.037337
12399 86537       1000      814 0.037337
12400 88328       1000      786 0.037336
12401 83292       1000      820 0.037335
12402 69566       1000      800 0.037335
12403 85063       1000      815 0.037335
12404 80434       1000      789 0.037334
12405 68179       1000      828 0.037334
12406 81228       1000      720 0.037334
12407 72306       1000      780 0.037333
12408 75324       1000      791 0.037332
12409 83117       1000      789 0.037331
12410 71535       1000      737 0.037331
12411 82755       1000      770 0.037330
12412 83091       1000      828 0.037330
12413 68964       1000      821 0.037329
12414 69248       1000      801 0.037328
12415 72086       1000      797 0.037328
12416 85443       1000      792 0.037327
12417 84600       1000      795 0.037327
12418 73666       1000      719 0.037326
12419 67726       1000      801 0.037326
12420 70047       1000      791 0.037326
12421 84233       1000      808 0.037325
12422 73152       1000      802 0.037325
12423 69132       1000      816 0.037323
12424 68250       1000      814 0.037323
12425 70873       1000      729 0.037321
12426 84581       1000      723 0.037320
12427 70206       1000      797 0.037319
12428 70620       1000      800 0.037317
12429 80235       1000      808 0.037317
12430 68427       1000      810 0.037317
12431 85222       1000      806 0.037315
12432 86397       1000      800 0.037315
12433 85921       1000      810 0.037314
12434 69795       1000      812 0.037313
12435 87234       1000      798 0.037313
12436 67854       1000      816 0.037312
12437 81480       1000      805 0.037311
12438 72090       1000      724 0.037310
12439 81693       1000      782 0.037309
12440 81779       1000      784 0.037309
12441 81559       1000      723 0.037308
12442 75986       1000      717 0.037308
12443 73240       1000      805 0.037308
12444 80527       1000      821 0.037307
12445 85136       1000      818 0.037307
12446 75693       1000      822 0.037306
12447 81583       1000      790 0.037302
12448 83252       1000      782 0.037302
12449 82097       1000      771 0.037302
12450 77595       1000      790 0.037299
12451 83151       1000      828 0.037299
12452 84188       1000      804 0.037297
12453 75137       1000      742 0.037296
12454 68128       1000      817 0.037296
12455 85271       1000      792 0.037296
12456 78010       1000      717 0.037295
12457 66405       1000      725 0.037295
12458 74584       1000      785 0.037295
12459 71228       1000      707 0.037295
12460 82735       1000      800 0.037294
12461 75402       1000      714 0.037294
12462 75902       1000      742 0.037294
12463 68895       1000      805 0.037293
12464 81367       1000      800 0.037291
12465 70504       1000      711 0.037290
12466 69309       1000      813 0.037289
12467 70165       1000      798 0.037288
12468 67700       1000      785 0.037288
12469 77976       1000      815 0.037287
12470 70478       1000      826 0.037287
12471 87433       1000      818 0.037286
12472 78856       1000      691 0.037285
12473 66837       1000      806 0.037284
12474 87003       1000      796 0.037281
12475 76056       1000      811 0.037281
12476 84122       1000      805 0.037280
12477 67806       1000      795 0.037279
12478 85946       1000      728 0.037277
12479 77873       1000      789 0.037277
12480 85588       1000      800 0.037277
12481 66397       1000      796 0.037277
12482 86228       1000      792 0.037276
12483 86841       1000      725 0.037275
12484 67221       1000      814 0.037275
12485 69539       1000      708 0.037274
12486 70811       1000      792 0.037272
12487 85811       1000      791 0.037272
12488 67345       1000      803 0.037272
12489 87116       1000      727 0.037271
12490 74385       1000      791 0.037271
12491 77432       1000      796 0.037268
12492 73718       1000      799 0.037266
12493 67703       1000      723 0.037266
12494 79988       1000      813 0.037266
12495 85730       1000      788 0.037264
12496 86826       1000      733 0.037264
12497 77330       1000      728 0.037262
12498 78085       1000      783 0.037261
12499 71733       1000      791 0.037260
12500 66778       1000      796 0.037260
12501 69319       1000      822 0.037258
12502 80665       1000      789 0.037258
12503 65870       1000      775 0.037258
12504 65869       1000      797 0.037257
12505 75714       1000      798 0.037255
12506 77608       1000      728 0.037254
12507 73975       1000      809 0.037254
12508 76415       1000      788 0.037251
12509 80299       1000      789 0.037251
12510 76510       1000      794 0.037250
12511 77392       1000      818 0.037250
12512 83599       1000      789 0.037250
12513 69418       1000      737 0.037249
12514 68935       1000      795 0.037249
12515 67648       1000      806 0.037248
12516 73818       1000      815 0.037248
12517 77526       1000      720 0.037248
12518 85379       1000      726 0.037245
12519 71642       1000      780 0.037244
12520 70219       1000      799 0.037244
12521 67235       1000      812 0.037243
12522 67356       1000      812 0.037242
12523 77011       1000      719 0.037242
12524 80672       1000      776 0.037242
12525 79178       1000      801 0.037240
12526 84901       1000      804 0.037240
12527 79934       1000      775 0.037239
12528 81278       1000      798 0.037239
12529 88816       1000      796 0.037238
12530 70935       1000      788 0.037237
12531 66908       1000      803 0.037236
12532 68481       1000      812 0.037235
12533 73207       1000      797 0.037235
12534 86503       1000      718 0.037234
12535 66825       1000      724 0.037233
12536 84092       1000      779 0.037232
12537 72194       1000      792 0.037231
12538 69123       1000      786 0.037230
12539 84160       1000      801 0.037229
12540 81710       1000      825 0.037229
12541 78057       1000      784 0.037226
12542 83476       1000      804 0.037226
12543 88353       1000      800 0.037226
12544 69188       1000      791 0.037225
12545 88907       1000      783 0.037224
12546 85799       1000      805 0.037224
12547 77867       1000      797 0.037224
12548 88586       1000      819 0.037223
12549 79982       1000      727 0.037223
12550 85687       1000      719 0.037222
12551 76043       1000      793 0.037222
12552 70384       1000      722 0.037222
12553 69579       1000      798 0.037220
12554 87311       1000      791 0.037218
12555 67306       1000      804 0.037218
12556 88386       1000      807 0.037218
12557 70246       1000      816 0.037218
12558 73572       1000      812 0.037218
12559 66087       1000      725 0.037217
12560 75915       1000      788 0.037217
12561 72357       1000      725 0.037216
12562 71460       1000      736 0.037216
12563 70547       1000      711 0.037215
12564 75705       1000      795 0.037215
12565 82745       1000      794 0.037215
12566 71433       1000      737 0.037214
12567 72636       1000      788 0.037214
12568 87282       1000      787 0.037213
12569 67041       1000      804 0.037211
12570 71614       1000      798 0.037210
12571 78905       1000      774 0.037209
12572 84087       1000      823 0.037209
12573 69381       1000      807 0.037208
12574 72791       1000      824 0.037205
12575 78024       1000      808 0.037205
12576 77321       1000      732 0.037204
12577 80359       1000      804 0.037204
12578 76879       1000      810 0.037203
12579 85923       1000      808 0.037202
12580 68797       1000      811 0.037201
12581 76240       1000      822 0.037200
12582 76647       1000      802 0.037200
12583 81876       1000      731 0.037199
12584 83060       1000      793 0.037199
12585 69553       1000      766 0.037198
12586 72157       1000      723 0.037198
12587 77394       1000      779 0.037197
12588 77346       1000      820 0.037195
12589 70266       1000      758 0.037195
12590 76995       1000      801 0.037192
12591 80180       1000      716 0.037190
12592 77109       1000      802 0.037189
12593 80530       1000      799 0.037186
12594 76070       1000      807 0.037183
12595 81129       1000      744 0.037183
12596 76883       1000      798 0.037181
12597 69090       1000      800 0.037179
12598 71234       1000      798 0.037179
12599 80175       1000      791 0.037178
12600 71139       1000      815 0.037178
12601 82537       1000      797 0.037177
12602 85080       1000      724 0.037176
12603 81047       1000      723 0.037175
12604 77557       1000      795 0.037175
12605 76772       1000      721 0.037174
12606 71022       1000      812 0.037173
12607 81472       1000      816 0.037173
12608 82019       1000      821 0.037172
12609 68750       1000      800 0.037171
12610 82906       1000      793 0.037171
12611 77989       1000      803 0.037171
12612 74162       1000      729 0.037170
12613 68558       1000      718 0.037170
12614 67476       1000      712 0.037170
12615 87632       1000      798 0.037168
12616 87125       1000      783 0.037168
12617 82012       1000      799 0.037167
12618 67638       1000      780 0.037167
12619 75717       1000      727 0.037167
12620 74853       1000      799 0.037166
12621 80364       1000      732 0.037166
12622 86263       1000      727 0.037164
12623 84747       1000      806 0.037164
12624 80360       1000      796 0.037164
12625 87893       1000      717 0.037161
12626 67046       1000      798 0.037161
12627 73665       1000      816 0.037161
12628 69638       1000      819 0.037161
12629 73573       1000      799 0.037160
12630 81509       1000      810 0.037157
12631 71121       1000      799 0.037157
12632 82248       1000      793 0.037156
12633 66465       1000      793 0.037155
12634 66281       1000      779 0.037154
12635 83707       1000      805 0.037150
12636 81853       1000      817 0.037150
12637 87066       1000      710 0.037150
12638 75764       1000      698 0.037147
12639 66096       1000      797 0.037147
12640 80622       1000      799 0.037146
12641 76566       1000      777 0.037145
12642 74552       1000      723 0.037145
12643 75661       1000      801 0.037144
12644 88734       1000      803 0.037142
12645 72661       1000      779 0.037140
12646 88556       1000      825 0.037139
12647 81429       1000      787 0.037138
12648 81245       1000      705 0.037137
12649 71032       1000      748 0.037137
12650 69693       1000      806 0.037134
12651 76457       1000      795 0.037134
12652 67029       1000      790 0.037134
12653 81314       1000      807 0.037132
12654 85605       1000      791 0.037132
12655 72232       1000      775 0.037132
12656 71024       1000      804 0.037131
12657 69511       1000      723 0.037131
12658 72330       1000      726 0.037131
12659 70111       1000      801 0.037129
12660 70657       1000      721 0.037129
12661 71736       1000      798 0.037128
12662 81501       1000      802 0.037128
12663 86310       1000      776 0.037128
12664 80645       1000      786 0.037126
12665 85643       1000      723 0.037125
12666 72965       1000      712 0.037124
12667 83671       1000      807 0.037123
12668 65986       1000      811 0.037121
12669 84712       1000      797 0.037120
12670 75614       1000      731 0.037119
12671 67635       1000      807 0.037119
12672 83721       1000      806 0.037117
12673 80419       1000      732 0.037115
12674 70952       1000      790 0.037114
12675 84479       1000      742 0.037112
12676 72955       1000      799 0.037112
12677 86572       1000      798 0.037112
12678 81101       1000      811 0.037110
12679 79032       1000      807 0.037110
12680 75332       1000      808 0.037110
12681 74956       1000      784 0.037109
12682 75012       1000      799 0.037108
12683 77625       1000      805 0.037107
12684 78444       1000      732 0.037107
12685 67581       1000      808 0.037106
12686 79957       1000      794 0.037106
12687 83923       1000      791 0.037106
12688 79997       1000      815 0.037100
12689 88477       1000      805 0.037100
12690 66553       1000      814 0.037099
12691 73598       1000      813 0.037099
12692 66010       1000      788 0.037098
12693 74111       1000      765 0.037097
12694 68592       1000      824 0.037096
12695 79798       1000      794 0.037095
12696 75450       1000      738 0.037094
12697 73758       1000      784 0.037092
12698 70594       1000      805 0.037092
12699 84071       1000      720 0.037091
12700 76759       1000      803 0.037089
12701 87295       1000      794 0.037087
12702 85086       1000      800 0.037087
12703 87450       1000      820 0.037086
12704 88959       1000      793 0.037084
12705 72210       1000      795 0.037082
12706 88196       1000      795 0.037081
12707 66140       1000      728 0.037080
12708 77104       1000      727 0.037080
12709 72980       1000      798 0.037079
12710 67836       1000      795 0.037078
12711 87418       1000      806 0.037078
12712 79495       1000      813 0.037076
12713 67720       1000      827 0.037075
12714 77670       1000      782 0.037075
12715 84589       1000      805 0.037074
12716 74192       1000      811 0.037074
12717 68390       1000      786 0.037072
12718 68325       1000      793 0.037071
12719 88024       1000      701 0.037071
12720 77581       1000      780 0.037070
12721 70571       1000      803 0.037069
12722 73496       1000      738 0.037067
12723 78209       1000      800 0.037066
12724 70381       1000      797 0.037066
12725 65997       1000      787 0.037064
12726 86056       1000      714 0.037063
12727 81513       1000      778 0.037061
12728 87296       1000      699 0.037058
12729 70992       1000      821 0.037058
12730 69503       1000      792 0.037056
12731 66811       1000      732 0.037056
12732 67010       1000      722 0.037056
12733 77882       1000      795 0.037055
12734 81625       1000      821 0.037054
12735 84531       1000      725 0.037053
12736 72907       1000      719 0.037052
12737 72482       1000      806 0.037051
12738 71985       1000      824 0.037050
12739 84657       1000      800 0.037050
12740 67438       1000      812 0.037049
12741 86460       1000      790 0.037048
12742 74926       1000      735 0.037048
12743 71380       1000      732 0.037048
12744 71549       1000      789 0.037046
12745 81114       1000      726 0.037046
12746 86895       1000      810 0.037045
12747 79480       1000      791 0.037045
12748 87229       1000      787 0.037045
12749 87519       1000      795 0.037044
12750 86463       1000      776 0.037044
12751 86496       1000      786 0.037042
12752 82866       1000      821 0.037042
12753 72883       1000      845 0.037041
12754 88782       1000      727 0.037041
12755 69766       1000      713 0.037041
12756 76639       1000      803 0.037037
12757 71638       1000      789 0.037036
12758 78052       1000      818 0.037036
12759 67615       1000      824 0.037034
12760 76765       1000      799 0.037033
12761 72997       1000      747 0.037033
12762 79956       1000      807 0.037033
12763 73493       1000      800 0.037033
12764 80252       1000      731 0.037032
12765 74333       1000      802 0.037030
12766 66777       1000      793 0.037029
12767 67152       1000      813 0.037029
12768 70902       1000      727 0.037028
12769 68382       1000      808 0.037028
12770 84755       1000      727 0.037026
12771 77925       1000      818 0.037025
12772 79070       1000      720 0.037022
12773 75133       1000      747 0.037022
12774 70406       1000      796 0.037021
12775 84489       1000      800 0.037021
12776 70888       1000      787 0.037020
12777 81943       1000      799 0.037019
12778 65939       1000      821 0.037019
12779 67970       1000      811 0.037018
12780 73149       1000      778 0.037016
12781 72145       1000      811 0.037016
12782 87069       1000      793 0.037015
12783 73985       1000      715 0.037015
12784 74696       1000      778 0.037014
12785 89096       1000      813 0.037014
12786 82137       1000      801 0.037014
12787 68043       1000      734 0.037013
12788 72963       1000      737 0.037012
12789 67218       1000      814 0.037012
12790 68851       1000      787 0.037012
12791 85283       1000      734 0.037011
12792 71449       1000      783 0.037010
12793 76840       1000      807 0.037010
12794 82457       1000      714 0.037010
12795 83280       1000      708 0.037009
12796 81233       1000      788 0.037009
12797 87888       1000      793 0.037008
12798 86431       1000      800 0.037008
12799 79813       1000      704 0.037006
12800 73429       1000      749 0.037005
12801 67659       1000      715 0.037005
12802 83293       1000      783 0.037005
12803 71518       1000      805 0.037005
12804 70860       1000      794 0.037004
12805 70226       1000      788 0.037004
12806 77872       1000      739 0.037004
12807 67940       1000      805 0.037001
12808 76937       1000      716 0.037001
12809 74399       1000      788 0.037000
12810 76823       1000      807 0.036999
12811 84570       1000      792 0.036999
12812 77610       1000      806 0.036999
12813 69071       1000      783 0.036997
12814 82889       1000      808 0.036997
12815 66898       1000      773 0.036996
12816 69726       1000      793 0.036995
12817 77231       1000      800 0.036995
12818 70920       1000      812 0.036995
12819 74129       1000      796 0.036994
12820 77638       1000      791 0.036992
12821 78344       1000      797 0.036992
12822 74068       1000      715 0.036991
12823 75037       1000      730 0.036991
12824 72944       1000      808 0.036990
12825 81644       1000      793 0.036990
12826 74381       1000      803 0.036990
12827 75273       1000      802 0.036988
12828 89019       1000      809 0.036987
12829 73779       1000      814 0.036987
12830 75984       1000      782 0.036987
12831 83301       1000      726 0.036984
12832 74952       1000      797 0.036983
12833 68499       1000      799 0.036983
12834 88314       1000      810 0.036983
12835 70938       1000      797 0.036983
12836 80422       1000      806 0.036982
12837 79638       1000      702 0.036982
12838 76866       1000      817 0.036981
12839 78059       1000      818 0.036981
12840 77472       1000      799 0.036980
12841 84495       1000      814 0.036980
12842 86944       1000      803 0.036980
12843 88339       1000      829 0.036980
12844 70232       1000      806 0.036979
12845 80810       1000      794 0.036979
12846 70825       1000      805 0.036978
12847 86457       1000      799 0.036978
12848 82740       1000      801 0.036977
12849 71350       1000      784 0.036977
12850 76334       1000      799 0.036975
12851 85803       1000      787 0.036975
12852 71546       1000      731 0.036974
12853 80630       1000      786 0.036974
12854 79075       1000      807 0.036973
12855 75827       1000      798 0.036973
12856 77415       1000      793 0.036972
12857 75257       1000      796 0.036972
12858 86923       1000      787 0.036972
12859 83992       1000      800 0.036971
12860 82700       1000      808 0.036970
12861 76932       1000      780 0.036970
12862 83015       1000      810 0.036968
12863 80333       1000      800 0.036968
12864 69954       1000      817 0.036968
12865 87815       1000      791 0.036967
12866 72569       1000      728 0.036966
12867 70807       1000      803 0.036965
12868 79212       1000      798 0.036965
12869 83568       1000      808 0.036964
12870 67407       1000      814 0.036963
12871 76292       1000      778 0.036962
12872 85295       1000      792 0.036961
12873 82348       1000      797 0.036961
12874 88922       1000      792 0.036960
12875 68073       1000      807 0.036960
12876 88529       1000      790 0.036959
12877 74318       1000      804 0.036957
12878 72400       1000      807 0.036956
12879 88973       1000      811 0.036955
12880 72392       1000      786 0.036954
12881 67898       1000      715 0.036954
12882 72685       1000      817 0.036954
12883 70254       1000      801 0.036951
12884 70670       1000      738 0.036951
12885 87405       1000      793 0.036950
12886 69321       1000      805 0.036950
12887 77597       1000      797 0.036949
12888 87142       1000      783 0.036948
12889 72073       1000      719 0.036944
12890 83914       1000      787 0.036943
12891 85388       1000      810 0.036943
12892 88827       1000      731 0.036936
12893 71785       1000      808 0.036935
12894 66106       1000      812 0.036935
12895 68644       1000      812 0.036934
12896 65957       1000      798 0.036932
12897 66674       1000      740 0.036931
12898 85822       1000      796 0.036931
12899 88655       1000      777 0.036930
12900 77913       1000      735 0.036930
12901 86598       1000      780 0.036930
12902 75115       1000      781 0.036930
12903 71184       1000      782 0.036929
12904 76629       1000      801 0.036927
12905 67738       1000      806 0.036926
12906 66262       1000      782 0.036925
12907 73194       1000      792 0.036924
12908 78328       1000      798 0.036924
12909 71363       1000      805 0.036923
12910 66890       1000      795 0.036923
12911 80456       1000      804 0.036923
12912 87650       1000      768 0.036922
12913 68159       1000      824 0.036921
12914 66226       1000      800 0.036919
12915 80024       1000      811 0.036919
12916 87976       1000      730 0.036919
12917 78772       1000      802 0.036917
12918 69791       1000      802 0.036917
12919 73063       1000      721 0.036916
12920 72669       1000      736 0.036915
12921 82983       1000      748 0.036915
12922 79627       1000      790 0.036915
12923 79520       1000      811 0.036911
12924 69715       1000      803 0.036910
12925 88986       1000      799 0.036909
12926 81768       1000      802 0.036908
12927 77990       1000      792 0.036908
12928 73909       1000      811 0.036908
12929 88971       1000      720 0.036907
12930 86104       1000      777 0.036907
12931 66512       1000      823 0.036906
12932 76945       1000      809 0.036905
12933 83313       1000      714 0.036905
12934 81533       1000      794 0.036904
12935 74412       1000      785 0.036903
12936 82107       1000      807 0.036902
12937 86393       1000      804 0.036902
12938 73339       1000      787 0.036901
12939 84623       1000      790 0.036900
12940 86539       1000      788 0.036899
12941 79006       1000      795 0.036897
12942 83483       1000      813 0.036896
12943 87436       1000      699 0.036896
12944 72632       1000      789 0.036896
12945 79986       1000      718 0.036896
12946 66499       1000      808 0.036894
12947 71038       1000      802 0.036894
12948 87804       1000      809 0.036893
12949 76697       1000      797 0.036892
12950 72287       1000      801 0.036890
12951 80143       1000      792 0.036890
12952 86303       1000      811 0.036889
12953 78040       1000      800 0.036888
12954 81825       1000      718 0.036887
12955 83424       1000      718 0.036886
12956 74325       1000      803 0.036885
12957 74828       1000      819 0.036885
12958 82443       1000      817 0.036884
12959 86296       1000      804 0.036883
12960 75673       1000      723 0.036883
12961 86843       1000      797 0.036882
12962 77354       1000      786 0.036882
12963 86137       1000      715 0.036882
12964 68878       1000      792 0.036880
12965 74966       1000      723 0.036879
12966 82210       1000      805 0.036878
12967 82178       1000      811 0.036876
12968 73173       1000      715 0.036876
12969 70140       1000      804 0.036875
12970 82286       1000      798 0.036874
12971 74324       1000      801 0.036874
12972 86242       1000      737 0.036874
12973 78470       1000      777 0.036873
12974 69618       1000      810 0.036873
12975 87472       1000      739 0.036872
12976 81821       1000      816 0.036872
12977 66784       1000      806 0.036871
12978 80632       1000      790 0.036869
12979 85282       1000      786 0.036869
12980 84785       1000      737 0.036868
12981 75425       1000      804 0.036867
12982 77979       1000      793 0.036866
12983 87291       1000      814 0.036865
12984 81659       1000      791 0.036865
12985 72332       1000      789 0.036865
12986 73935       1000      716 0.036865
12987 82750       1000      788 0.036864
12988 77998       1000      820 0.036864
12989 69809       1000      720 0.036863
12990 74567       1000      810 0.036863
12991 78871       1000      787 0.036862
12992 84345       1000      801 0.036862
12993 74390       1000      818 0.036862
12994 85931       1000      802 0.036861
12995 72123       1000      803 0.036860
12996 66916       1000      803 0.036856
12997 82840       1000      759 0.036854
12998 84672       1000      796 0.036854
12999 74654       1000      794 0.036853
13000 86443       1000      701 0.036852
13001 71751       1000      818 0.036851
13002 80981       1000      779 0.036851
13003 83570       1000      796 0.036851
13004 80966       1000      801 0.036851
13005 72476       1000      807 0.036850
13006 83642       1000      804 0.036849
13007 67034       1000      820 0.036847
13008 81127       1000      798 0.036845
13009 70107       1000      817 0.036845
13010 68653       1000      780 0.036843
13011 68811       1000      786 0.036842
13012 72448       1000      810 0.036841
13013 71989       1000      790 0.036840
13014 73735       1000      809 0.036840
13015 65848       1000      703 0.036839
13016 77687       1000      742 0.036837
13017 71061       1000      811 0.036837
13018 84989       1000      783 0.036837
13019 82283       1000      828 0.036836
13020 69670       1000      803 0.036836
13021 70913       1000      797 0.036835
13022 68379       1000      806 0.036834
13023 67447       1000      788 0.036833
13024 73998       1000      794 0.036831
13025 72676       1000      751 0.036830
13026 66440       1000      807 0.036829
13027 80840       1000      799 0.036828
13028 74180       1000      810 0.036827
13029 78709       1000      779 0.036826
13030 67671       1000      821 0.036825
13031 85377       1000      781 0.036825
13032 73988       1000      757 0.036825
13033 87360       1000      787 0.036825
13034 83580       1000      710 0.036824
13035 77768       1000      776 0.036824
13036 79727       1000      802 0.036823
13037 88317       1000      812 0.036823
13038 85208       1000      780 0.036823
13039 66489       1000      801 0.036823
13040 88195       1000      798 0.036823
13041 84966       1000      809 0.036821
13042 66826       1000      792 0.036821
13043 68083       1000      798 0.036820
13044 86412       1000      806 0.036819
13045 69974       1000      806 0.036816
13046 83527       1000      792 0.036814
13047 78878       1000      814 0.036814
13048 83816       1000      808 0.036814
13049 84737       1000      803 0.036813
13050 68555       1000      779 0.036813
13051 89054       1000      806 0.036811
13052 72388       1000      811 0.036810
13053 85963       1000      799 0.036810
13054 83258       1000      724 0.036809
13055 84539       1000      803 0.036807
13056 87050       1000      798 0.036807
13057 71106       1000      734 0.036807
13058 69887       1000      798 0.036805
13059 89032       1000      786 0.036803
13060 73891       1000      784 0.036803
13061 86900       1000      823 0.036803
13062 87471       1000      712 0.036802
13063 73410       1000      811 0.036802
13064 74776       1000      708 0.036802
13065 87610       1000      800 0.036802
13066 69597       1000      816 0.036801
13067 78465       1000      766 0.036801
13068 73286       1000      798 0.036800
13069 81247       1000      810 0.036800
13070 86283       1000      704 0.036799
13071 70273       1000      808 0.036799
13072 68874       1000      720 0.036798
13073 71597       1000      790 0.036797
13074 86528       1000      792 0.036795
13075 79325       1000      784 0.036793
13076 84825       1000      812 0.036793
13077 76664       1000      721 0.036792
13078 80681       1000      808 0.036792
13079 87198       1000      826 0.036789
13080 65906       1000      800 0.036789
13081 76326       1000      798 0.036788
13082 82277       1000      784 0.036788
13083 68784       1000      725 0.036787
13084 75391       1000      794 0.036787
13085 87949       1000      790 0.036786
13086 82480       1000      808 0.036785
13087 86865       1000      818 0.036785
13088 87244       1000      806 0.036785
13089 68077       1000      799 0.036785
13090 69209       1000      809 0.036784
13091 67999       1000      743 0.036784
13092 86752       1000      798 0.036784
13093 67492       1000      782 0.036783
13094 82875       1000      742 0.036783
13095 70794       1000      738 0.036783
13096 73396       1000      803 0.036781
13097 88147       1000      796 0.036780
13098 78885       1000      731 0.036779
13099 72354       1000      796 0.036776
13100 82524       1000      798 0.036775
13101 80221       1000      812 0.036775
13102 87375       1000      714 0.036772
13103 71884       1000      787 0.036772
13104 87361       1000      799 0.036771
13105 83123       1000      810 0.036771
13106 86795       1000      787 0.036770
13107 71342       1000      726 0.036770
13108 81256       1000      802 0.036769
13109 69453       1000      798 0.036769
13110 88102       1000      795 0.036767
13111 86261       1000      811 0.036766
13112 68881       1000      790 0.036765
13113 76394       1000      798 0.036765
13114 88692       1000      801 0.036764
13115 75772       1000      790 0.036764
13116 75335       1000      814 0.036764
13117 75170       1000      799 0.036760
13118 69241       1000      742 0.036760
13119 70407       1000      787 0.036760
13120 84553       1000      802 0.036759
13121 87802       1000      796 0.036759
13122 70898       1000      811 0.036755
13123 75125       1000      791 0.036755
13124 85928       1000      828 0.036754
13125 82918       1000      794 0.036753
13126 72682       1000      785 0.036753
13127 83324       1000      792 0.036752
13128 85317       1000      725 0.036751
13129 87310       1000      784 0.036750
13130 84797       1000      721 0.036748
13131 80210       1000      788 0.036748
13132 66895       1000      794 0.036748
13133 87784       1000      792 0.036747
13134 76405       1000      802 0.036746
13135 80440       1000      800 0.036740
13136 87307       1000      815 0.036740
13137 74801       1000      810 0.036740
13138 69147       1000      816 0.036740
13139 86236       1000      792 0.036739
13140 80292       1000      810 0.036738
13141 88398       1000      794 0.036738
13142 84483       1000      812 0.036738
13143 88889       1000      807 0.036737
13144 80854       1000      793 0.036735
13145 71809       1000      799 0.036733
13146 83096       1000      784 0.036732
13147 75045       1000      792 0.036732
13148 83380       1000      811 0.036731
13149 72309       1000      791 0.036731
13150 66205       1000      802 0.036730
13151 71257       1000      802 0.036729
13152 85573       1000      795 0.036729
13153 77982       1000      728 0.036728
13154 83448       1000      821 0.036727
13155 78650       1000      707 0.036726
13156 72812       1000      806 0.036725
13157 69300       1000      824 0.036725
13158 84771       1000      792 0.036724
13159 71502       1000      752 0.036723
13160 85763       1000      701 0.036722
13161 74053       1000      708 0.036721
13162 79828       1000      766 0.036721
13163 76142       1000      807 0.036719
13164 80794       1000      801 0.036718
13165 87011       1000      788 0.036717
13166 83405       1000      717 0.036717
13167 71463       1000      705 0.036717
13168 86844       1000      784 0.036716
13169 79946       1000      805 0.036715
13170 88334       1000      777 0.036713
13171 76926       1000      816 0.036712
13172 70467       1000      802 0.036712
13173 76931       1000      811 0.036712
13174 66196       1000      796 0.036711
13175 79657       1000      702 0.036711
13176 85451       1000      731 0.036710
13177 80655       1000      829 0.036710
13178 83316       1000      716 0.036709
13179 75478       1000      810 0.036706
13180 77172       1000      822 0.036706
13181 86650       1000      728 0.036705
13182 85201       1000      806 0.036705
13183 78902       1000      819 0.036704
13184 87639       1000      694 0.036704
13185 78786       1000      781 0.036702
13186 77787       1000      806 0.036702
13187 83134       1000      800 0.036700
13188 85945       1000      813 0.036699
13189 67065       1000      800 0.036699
13190 78514       1000      785 0.036699
13191 70585       1000      808 0.036698
13192 73761       1000      797 0.036697
13193 85004       1000      790 0.036697
13194 74580       1000      712 0.036696
13195 69884       1000      797 0.036695
13196 79297       1000      790 0.036694
13197 68827       1000      789 0.036693
13198 69666       1000      798 0.036693
13199 86326       1000      788 0.036693
13200 81337       1000      777 0.036693
13201 87929       1000      798 0.036691
13202 72845       1000      804 0.036691
13203 75541       1000      811 0.036689
13204 87967       1000      792 0.036688
13205 80971       1000      803 0.036687
13206 73150       1000      809 0.036687
13207 86789       1000      796 0.036686
13208 83542       1000      691 0.036686
13209 68184       1000      794 0.036685
13210 82004       1000      796 0.036684
13211 88175       1000      736 0.036683
13212 71971       1000      802 0.036682
13213 76838       1000      729 0.036682
13214 81294       1000      804 0.036681
13215 77552       1000      800 0.036681
13216 69862       1000      773 0.036679
13217 81176       1000      791 0.036678
13218 87991       1000      723 0.036678
13219 66640       1000      790 0.036677
13220 67519       1000      777 0.036676
13221 85262       1000      802 0.036675
13222 88490       1000      799 0.036674
13223 76078       1000      792 0.036674
13224 73922       1000      691 0.036671
13225 76998       1000      816 0.036671
13226 84999       1000      799 0.036671
13227 76484       1000      806 0.036671
13228 71964       1000      814 0.036671
13229 78413       1000      784 0.036670
13230 75275       1000      811 0.036668
13231 78912       1000      805 0.036668
13232 81474       1000      790 0.036667
13233 88906       1000      739 0.036667
13234 70621       1000      822 0.036667
13235 75232       1000      783 0.036666
13236 68993       1000      786 0.036666
13237 82617       1000      787 0.036663
13238 84144       1000      685 0.036663
13239 76795       1000      793 0.036663
13240 88833       1000      796 0.036662
13241 80266       1000      737 0.036662
13242 71640       1000      805 0.036661
13243 89080       1000      739 0.036661
13244 66445       1000      802 0.036661
13245 73432       1000      803 0.036661
13246 70897       1000      815 0.036661
13247 85703       1000      799 0.036660
13248 70988       1000      728 0.036658
13249 70784       1000      736 0.036658
13250 69748       1000      788 0.036658
13251 70052       1000      793 0.036657
13252 80090       1000      776 0.036657
13253 71336       1000      792 0.036655
13254 79027       1000      792 0.036654
13255 76191       1000      727 0.036654
13256 67361       1000      788 0.036654
13257 86802       1000      799 0.036654
13258 88433       1000      716 0.036652
13259 86307       1000      787 0.036651
13260 69082       1000      777 0.036651
13261 76105       1000      723 0.036650
13262 71172       1000      796 0.036646
13263 88848       1000      811 0.036644
13264 69925       1000      800 0.036643
13265 82409       1000      816 0.036642
13266 75816       1000      725 0.036642
13267 83924       1000      821 0.036641
13268 66114       1000      789 0.036641
13269 82681       1000      725 0.036639
13270 82226       1000      810 0.036637
13271 85302       1000      790 0.036635
13272 78508       1000      821 0.036635
13273 78422       1000      725 0.036634
13274 80817       1000      813 0.036633
13275 72335       1000      790 0.036633
13276 71887       1000      793 0.036632
13277 78201       1000      818 0.036630
13278 79756       1000      803 0.036629
13279 76256       1000      800 0.036629
13280 81564       1000      813 0.036628
13281 83417       1000      711 0.036625
13282 76050       1000      709 0.036623
13283 85361       1000      789 0.036622
13284 81008       1000      806 0.036621
13285 83409       1000      798 0.036621
13286 76352       1000      785 0.036620
13287 85816       1000      783 0.036619
13288 70437       1000      789 0.036618
13289 74751       1000      793 0.036617
13290 68650       1000      814 0.036617
13291 76138       1000      810 0.036616
13292 87072       1000      816 0.036615
13293 75279       1000      691 0.036614
13294 75032       1000      773 0.036613
13295 75421       1000      793 0.036611
13296 76858       1000      747 0.036608
13297 72940       1000      810 0.036607
13298 70684       1000      800 0.036607
13299 82602       1000      718 0.036607
13300 79608       1000      799 0.036605
13301 76582       1000      729 0.036604
13302 77013       1000      797 0.036604
13303 68783       1000      793 0.036602
13304 75343       1000      810 0.036602
13305 69230       1000      814 0.036601
13306 84753       1000      815 0.036601
13307 79517       1000      793 0.036601
13308 78848       1000      793 0.036601
13309 71446       1000      796 0.036601
13310 77042       1000      793 0.036599
13311 67358       1000      815 0.036598
13312 71332       1000      777 0.036598
13313 83973       1000      791 0.036598
13314 72088       1000      789 0.036598
13315 69665       1000      790 0.036598
13316 83170       1000      804 0.036597
13317 75090       1000      781 0.036597
13318 76217       1000      741 0.036596
13319 70529       1000      779 0.036593
13320 76501       1000      793 0.036591
13321 79280       1000      799 0.036591
13322 76677       1000      721 0.036590
13323 75606       1000      722 0.036589
13324 70003       1000      746 0.036589
13325 82684       1000      812 0.036587
13326 85225       1000      781 0.036586
13327 70666       1000      819 0.036583
13328 82246       1000      791 0.036582
13329 81386       1000      807 0.036579
13330 82960       1000      796 0.036578
13331 74750       1000      778 0.036577
13332 73267       1000      804 0.036576
13333 79371       1000      796 0.036575
13334 83120       1000      720 0.036573
13335 74711       1000      793 0.036573
13336 84465       1000      786 0.036573
13337 80325       1000      789 0.036571
13338 75303       1000      750 0.036570
13339 68489       1000      728 0.036569
13340 76144       1000      801 0.036569
13341 78044       1000      793 0.036569
13342 79823       1000      745 0.036568
13343 82253       1000      792 0.036568
13344 75289       1000      797 0.036567
13345 69734       1000      806 0.036567
13346 73621       1000      780 0.036567
13347 79301       1000      789 0.036567
13348 85788       1000      801 0.036565
13349 68479       1000      771 0.036564
13350 76260       1000      704 0.036564
13351 68256       1000      806 0.036563
13352 79034       1000      694 0.036563
13353 69023       1000      798 0.036563
13354 73698       1000      811 0.036561
13355 66166       1000      799 0.036560
13356 87018       1000      723 0.036558
13357 85029       1000      801 0.036558
13358 73794       1000      708 0.036557
13359 77121       1000      783 0.036555
13360 68453       1000      787 0.036555
13361 74594       1000      794 0.036553
13362 77113       1000      791 0.036552
13363 75194       1000      730 0.036551
13364 65834       1000      705 0.036549
13365 75285       1000      776 0.036549
13366 77740       1000      794 0.036548
13367 77832       1000      788 0.036547
13368 74052       1000      797 0.036547
13369 70847       1000      796 0.036547
13370 84311       1000      795 0.036546
13371 80814       1000      779 0.036545
13372 79774       1000      738 0.036542
13373 66919       1000      793 0.036542
13374 69175       1000      773 0.036538
13375 83999       1000      813 0.036538
13376 79910       1000      790 0.036538
13377 73391       1000      786 0.036536
13378 75078       1000      806 0.036535
13379 82092       1000      722 0.036534
13380 67359       1000      729 0.036534
13381 66188       1000      795 0.036531
13382 86651       1000      792 0.036530
13383 82967       1000      781 0.036529
13384 67387       1000      698 0.036529
13385 67184       1000      810 0.036528
13386 88460       1000      797 0.036527
13387 69991       1000      823 0.036527
13388 66875       1000      731 0.036527
13389 73905       1000      812 0.036526
13390 82353       1000      792 0.036524
13391 78629       1000      707 0.036523
13392 67260       1000      775 0.036523
13393 76754       1000      809 0.036522
13394 73371       1000      775 0.036521
13395 75859       1000      805 0.036521
13396 81350       1000      802 0.036521
13397 67186       1000      722 0.036521
13398 77059       1000      710 0.036520
13399 82938       1000      815 0.036519
13400 85708       1000      790 0.036518
13401 86761       1000      793 0.036517
13402 85707       1000      786 0.036517
13403 69448       1000      722 0.036516
13404 79106       1000      808 0.036516
13405 75954       1000      798 0.036515
13406 76787       1000      793 0.036515
13407 83235       1000      707 0.036515
13408 66307       1000      793 0.036514
13409 66886       1000      798 0.036514
13410 79073       1000      797 0.036512
13411 78735       1000      793 0.036512
13412 71339       1000      720 0.036512
13413 87342       1000      788 0.036511
13414 76366       1000      788 0.036510
13415 84887       1000      734 0.036510
13416 67869       1000      793 0.036508
13417 82531       1000      788 0.036508
13418 80919       1000      795 0.036508
13419 72621       1000      824 0.036507
13420 79193       1000      801 0.036506
13421 82026       1000      716 0.036506
13422 66049       1000      720 0.036506
13423 81217       1000      794 0.036503
13424 65980       1000      726 0.036503
13425 71583       1000      820 0.036503
13426 84521       1000      818 0.036503
13427 72932       1000      787 0.036501
13428 79685       1000      798 0.036498
13429 78678       1000      804 0.036498
13430 69996       1000      795 0.036497
13431 78411       1000      781 0.036496
13432 78618       1000      707 0.036495
13433 76583       1000      820 0.036495
13434 75815       1000      796 0.036493
13435 85000       1000      794 0.036493
13436 72623       1000      800 0.036491
13437 66475       1000      798 0.036489
13438 67874       1000      786 0.036489
13439 69286       1000      792 0.036488
13440 86385       1000      805 0.036486
13441 69416       1000      799 0.036485
13442 71615       1000      789 0.036483
13443 69370       1000      816 0.036483
13444 83660       1000      781 0.036482
13445 75711       1000      721 0.036482
13446 79061       1000      788 0.036481
13447 71416       1000      784 0.036480
13448 70280       1000      792 0.036480
13449 66401       1000      810 0.036480
13450 79975       1000      792 0.036480
13451 82185       1000      800 0.036478
13452 76445       1000      817 0.036478
13453 84864       1000      793 0.036478
13454 78976       1000      803 0.036472
13455 79653       1000      812 0.036472
13456 68600       1000      727 0.036470
13457 77314       1000      786 0.036469
13458 87566       1000      810 0.036468
13459 77485       1000      784 0.036467
13460 80399       1000      713 0.036467
13461 83759       1000      737 0.036465
13462 81343       1000      745 0.036465
13463 66655       1000      776 0.036465
13464 72606       1000      780 0.036463
13465 79839       1000      784 0.036462
13466 82505       1000      716 0.036461
13467 86977       1000      708 0.036461
13468 87309       1000      810 0.036460
13469 67125       1000      705 0.036460
13470 85823       1000      737 0.036459
13471 88120       1000      800 0.036458
13472 80943       1000      781 0.036458
13473 73554       1000      819 0.036457
13474 70356       1000      727 0.036455
13475 69593       1000      782 0.036455
13476 87923       1000      818 0.036455
13477 75222       1000      735 0.036454
13478 83515       1000      790 0.036453
13479 82583       1000      803 0.036453
13480 75741       1000      704 0.036453
13481 73033       1000      734 0.036452
13482 86210       1000      782 0.036452
13483 88579       1000      798 0.036452
13484 76403       1000      796 0.036447
13485 73728       1000      814 0.036447
13486 86698       1000      777 0.036446
13487 74992       1000      796 0.036446
13488 78412       1000      820 0.036445
13489 85608       1000      717 0.036445
13490 79866       1000      832 0.036445
13491 74460       1000      732 0.036444
13492 73019       1000      743 0.036441
13493 74515       1000      800 0.036441
13494 78027       1000      780 0.036440
13495 87529       1000      797 0.036440
13496 68465       1000      792 0.036440
13497 88799       1000      786 0.036437
13498 81615       1000      796 0.036436
13499 74495       1000      726 0.036436
13500 87971       1000      804 0.036436
13501 69397       1000      803 0.036435
13502 74383       1000      804 0.036434
13503 79152       1000      722 0.036433
13504 69498       1000      798 0.036433
13505 80635       1000      791 0.036432
13506 69599       1000      812 0.036432
13507 84175       1000      790 0.036431
13508 85969       1000      792 0.036430
13509 76915       1000      769 0.036430
13510 88231       1000      814 0.036425
13511 80585       1000      803 0.036425
13512 81669       1000      795 0.036423
13513 88095       1000      723 0.036422
13514 82105       1000      807 0.036422
13515 87074       1000      813 0.036421
13516 85168       1000      733 0.036421
13517 86847       1000      781 0.036418
13518 79933       1000      706 0.036418
13519 74546       1000      807 0.036417
13520 66131       1000      737 0.036417
13521 87199       1000      790 0.036416
13522 83606       1000      786 0.036416
13523 71016       1000      806 0.036414
13524 68183       1000      811 0.036414
13525 70410       1000      785 0.036411
13526 85702       1000      790 0.036411
13527 66981       1000      793 0.036411
13528 74099       1000      790 0.036410
13529 88518       1000      778 0.036410
13530 73657       1000      789 0.036406
13531 82654       1000      796 0.036406
13532 78926       1000      715 0.036402
13533 79370       1000      793 0.036402
13534 88269       1000      802 0.036401
13535 85342       1000      797 0.036401
13536 75567       1000      778 0.036400
13537 82440       1000      715 0.036399
13538 81448       1000      785 0.036398
13539 70785       1000      755 0.036397
13540 78004       1000      811 0.036397
13541 71775       1000      819 0.036397
13542 82020       1000      784 0.036397
13543 80600       1000      783 0.036396
13544 68370       1000      790 0.036395
13545 86577       1000      704 0.036393
13546 70461       1000      740 0.036392
13547 81527       1000      785 0.036391
13548 69652       1000      787 0.036391
13549 67054       1000      729 0.036391
13550 70193       1000      794 0.036391
13551 83618       1000      805 0.036390
13552 70871       1000      797 0.036389
13553 74118       1000      811 0.036388
13554 78717       1000      721 0.036385
13555 69446       1000      711 0.036384
13556 69283       1000      736 0.036382
13557 68368       1000      785 0.036380
13558 80540       1000      801 0.036380
13559 79937       1000      753 0.036379
13560 70039       1000      803 0.036378
13561 66972       1000      789 0.036376
13562 80759       1000      803 0.036375
13563 79843       1000      813 0.036373
13564 77200       1000      795 0.036372
13565 84199       1000      729 0.036372
13566 66868       1000      791 0.036371
13567 76981       1000      821 0.036370
13568 70338       1000      804 0.036370
13569 84913       1000      797 0.036370
13570 78329       1000      789 0.036369
13571 66197       1000      803 0.036369
13572 77364       1000      822 0.036366
13573 79146       1000      719 0.036364
13574 66947       1000      795 0.036364
13575 83067       1000      776 0.036364
13576 79530       1000      803 0.036363
13577 84724       1000      818 0.036363
13578 81827       1000      810 0.036362
13579 77725       1000      817 0.036359
13580 75065       1000      790 0.036358
13581 75701       1000      801 0.036358
13582 66931       1000      811 0.036357
13583 84107       1000      789 0.036356
13584 85964       1000      810 0.036355
13585 69779       1000      784 0.036355
13586 70419       1000      804 0.036354
13587 77336       1000      806 0.036351
13588 80805       1000      801 0.036350
13589 69785       1000      729 0.036350
13590 72587       1000      785 0.036350
13591 85110       1000      727 0.036349
13592 85812       1000      784 0.036347
13593 69546       1000      792 0.036347
13594 78506       1000      724 0.036347
13595 78115       1000      807 0.036345
13596 83781       1000      792 0.036345
13597 89063       1000      790 0.036344
13598 70325       1000      816 0.036342
13599 86836       1000      807 0.036342
13600 71001       1000      797 0.036342
13601 69907       1000      825 0.036340
13602 81208       1000      732 0.036339
13603 84305       1000      794 0.036339
13604 69649       1000      741 0.036338
13605 77439       1000      787 0.036334
13606 86153       1000      803 0.036334
13607 86756       1000      785 0.036334
13608 83192       1000      808 0.036332
13609 75105       1000      787 0.036331
13610 85636       1000      790 0.036330
13611 77723       1000      809 0.036328
13612 67084       1000      785 0.036327
13613 86884       1000      735 0.036325
13614 74761       1000      810 0.036325
13615 75479       1000      787 0.036324
13616 75323       1000      715 0.036324
13617 75060       1000      796 0.036322
13618 71503       1000      798 0.036321
13619 73870       1000      733 0.036321
13620 69957       1000      797 0.036320
13621 67055       1000      821 0.036319
13622 73840       1000      818 0.036319
13623 68582       1000      803 0.036318
13624 69563       1000      725 0.036318
13625 87358       1000      705 0.036317
13626 73354       1000      793 0.036317
13627 81292       1000      794 0.036316
13628 80354       1000      714 0.036316
13629 77718       1000      790 0.036316
13630 71613       1000      795 0.036315
13631 68342       1000      790 0.036314
13632 67860       1000      803 0.036314
13633 86083       1000      712 0.036314
13634 66764       1000      717 0.036314
13635 76093       1000      771 0.036312
13636 76086       1000      720 0.036312
13637 72744       1000      778 0.036310
13638 77803       1000      794 0.036310
13639 66806       1000      805 0.036308
13640 74337       1000      725 0.036307
13641 76409       1000      805 0.036306
13642 80358       1000      805 0.036305
13643 83236       1000      714 0.036305
13644 88569       1000      818 0.036304
13645 73752       1000      796 0.036304
13646 80832       1000      793 0.036304
13647 78443       1000      821 0.036303
13648 87983       1000      800 0.036300
13649 86243       1000      782 0.036300
13650 76535       1000      803 0.036300
13651 68009       1000      752 0.036299
13652 84412       1000      780 0.036297
13653 86156       1000      796 0.036296
13654 87978       1000      783 0.036295
13655 84130       1000      733 0.036294
13656 77785       1000      811 0.036294
13657 72478       1000      784 0.036294
13658 80400       1000      789 0.036293
13659 71514       1000      798 0.036293
13660 73799       1000      720 0.036292
13661 78113       1000      781 0.036291
13662 88492       1000      714 0.036290
13663 87037       1000      791 0.036290
13664 72859       1000      807 0.036289
13665 82621       1000      801 0.036289
13666 81461       1000      817 0.036289
13667 66395       1000      801 0.036287
13668 75129       1000      788 0.036286
13669 68718       1000      805 0.036285
13670 74726       1000      805 0.036285
13671 68680       1000      725 0.036284
13672 79056       1000      686 0.036282
13673 79254       1000      799 0.036281
13674 83869       1000      725 0.036281
13675 72828       1000      787 0.036281
13676 69878       1000      793 0.036280
13677 86734       1000      811 0.036277
13678 67932       1000      818 0.036276
13679 79251       1000      802 0.036276
13680 82465       1000      788 0.036275
13681 88926       1000      800 0.036273
13682 81857       1000      828 0.036273
13683 71034       1000      774 0.036273
13684 73769       1000      779 0.036270
13685 80879       1000      788 0.036269
13686 75678       1000      804 0.036269
13687 74709       1000      814 0.036268
13688 85102       1000      806 0.036268
13689 78205       1000      813 0.036268
13690 67005       1000      781 0.036267
13691 75793       1000      718 0.036267
13692 84220       1000      791 0.036267
13693 70446       1000      729 0.036267
13694 80203       1000      813 0.036266
13695 88016       1000      814 0.036266
13696 83284       1000      809 0.036266
13697 85839       1000      804 0.036265
13698 67797       1000      723 0.036265
13699 85947       1000      796 0.036265
13700 76067       1000      807 0.036265
13701 74534       1000      786 0.036263
13702 86199       1000      724 0.036263
13703 81682       1000      713 0.036262
13704 84633       1000      810 0.036262
13705 78968       1000      795 0.036261
13706 84215       1000      802 0.036260
13707 68452       1000      835 0.036259
13708 85551       1000      812 0.036259
13709 79102       1000      794 0.036258
13710 84586       1000      807 0.036258
13711 71727       1000      798 0.036258
13712 66409       1000      795 0.036257
13713 85664       1000      790 0.036256
13714 68788       1000      791 0.036255
13715 69118       1000      810 0.036255
13716 73175       1000      792 0.036254
13717 85408       1000      700 0.036253
13718 80249       1000      816 0.036253
13719 84631       1000      789 0.036253
13720 84758       1000      811 0.036253
13721 72134       1000      810 0.036252
13722 71197       1000      809 0.036251
13723 83750       1000      817 0.036251
13724 77358       1000      801 0.036250
13725 79621       1000      815 0.036250
13726 74211       1000      815 0.036249
13727 74037       1000      795 0.036247
13728 65886       1000      781 0.036246
13729 78316       1000      727 0.036244
13730 77246       1000      804 0.036242
13731 75599       1000      717 0.036240
13732 67733       1000      808 0.036240
13733 66884       1000      785 0.036239
13734 69159       1000      784 0.036239
13735 78705       1000      804 0.036238
13736 86373       1000      807 0.036235
13737 75003       1000      698 0.036234
13738 80231       1000      786 0.036234
13739 80569       1000      819 0.036232
13740 69765       1000      807 0.036232
13741 78843       1000      820 0.036231
13742 75404       1000      709 0.036231
13743 71912       1000      825 0.036231
13744 85215       1000      731 0.036230
13745 77077       1000      798 0.036230
13746 83191       1000      719 0.036229
13747 69604       1000      818 0.036228
13748 89100       1000      805 0.036228
13749 68473       1000      837 0.036226
13750 67681       1000      791 0.036226
13751 77865       1000      780 0.036224
13752 71802       1000      723 0.036224
13753 81388       1000      803 0.036223
13754 71318       1000      799 0.036219
13755 73132       1000      814 0.036216
13756 84294       1000      722 0.036215
13757 66263       1000      718 0.036214
13758 65964       1000      792 0.036214
13759 75040       1000      799 0.036213
13760 69816       1000      700 0.036210
13761 84725       1000      812 0.036209
13762 74380       1000      803 0.036208
13763 68062       1000      784 0.036206
13764 87306       1000      728 0.036205
13765 83504       1000      719 0.036204
13766 74809       1000      792 0.036203
13767 85909       1000      794 0.036203
13768 84891       1000      783 0.036202
13769 76104       1000      828 0.036202
13770 83489       1000      803 0.036200
13771 70863       1000      812 0.036200
13772 81791       1000      772 0.036199
13773 71601       1000      792 0.036198
13774 72470       1000      809 0.036197
13775 70253       1000      809 0.036196
13776 80021       1000      798 0.036195
13777 81787       1000      791 0.036194
13778 77417       1000      795 0.036194
13779 69240       1000      804 0.036194
13780 77857       1000      809 0.036194
13781 82360       1000      809 0.036193
13782 66322       1000      805 0.036193
13783 83328       1000      794 0.036192
13784 81279       1000      812 0.036192
13785 88887       1000      807 0.036192
13786 72736       1000      803 0.036191
13787 79762       1000      798 0.036190
13788 87765       1000      779 0.036189
13789 66587       1000      796 0.036188
13790 67317       1000      779 0.036188
13791 79292       1000      809 0.036188
13792 69992       1000      801 0.036186
13793 71481       1000      721 0.036186
13794 86123       1000      731 0.036186
13795 72077       1000      792 0.036186
13796 87953       1000      799 0.036186
13797 82818       1000      756 0.036185
13798 87637       1000      786 0.036184
13799 75209       1000      792 0.036183
13800 69901       1000      798 0.036183
13801 70513       1000      792 0.036183
13802 66022       1000      796 0.036182
13803 83043       1000      808 0.036180
13804 86245       1000      795 0.036180
13805 76728       1000      810 0.036179
13806 82446       1000      823 0.036179
13807 85740       1000      766 0.036179
13808 73538       1000      804 0.036178
13809 80516       1000      800 0.036178
13810 84295       1000      730 0.036177
13811 66421       1000      796 0.036175
13812 70113       1000      815 0.036175
13813 68309       1000      775 0.036174
13814 67292       1000      791 0.036174
13815 88138       1000      802 0.036173
13816 82501       1000      789 0.036173
13817 79424       1000      828 0.036173
13818 85779       1000      722 0.036170
13819 86685       1000      802 0.036169
13820 72296       1000      799 0.036169
13821 87325       1000      787 0.036169
13822 85299       1000      707 0.036168
13823 81984       1000      790 0.036167
13824 71420       1000      820 0.036166
13825 84761       1000      724 0.036166
13826 67419       1000      811 0.036165
13827 69216       1000      740 0.036165
13828 81805       1000      788 0.036164
13829 78513       1000      787 0.036162
13830 74544       1000      722 0.036161
13831 79830       1000      807 0.036160
13832 75983       1000      796 0.036158
13833 85995       1000      806 0.036157
13834 66296       1000      798 0.036156
13835 67006       1000      819 0.036156
13836 72435       1000      807 0.036155
13837 81049       1000      800 0.036154
13838 77051       1000      714 0.036154
13839 83466       1000      791 0.036154
13840 80987       1000      820 0.036153
13841 66739       1000      709 0.036151
13842 74815       1000      793 0.036151
13843 77637       1000      834 0.036150
13844 87702       1000      785 0.036148
13845 80326       1000      728 0.036148
13846 81162       1000      817 0.036148
13847 69774       1000      717 0.036147
13848 85720       1000      734 0.036147
13849 80536       1000      801 0.036147
13850 71500       1000      706 0.036146
13851 72016       1000      810 0.036145
13852 83912       1000      780 0.036145
13853 80904       1000      780 0.036143
13854 80835       1000      790 0.036143
13855 82970       1000      790 0.036142
13856 75807       1000      818 0.036142
13857 80061       1000      777 0.036141
13858 78496       1000      790 0.036141
13859 83172       1000      802 0.036140
13860 81828       1000      779 0.036140
13861 76395       1000      781 0.036140
13862 67023       1000      813 0.036139
13863 72625       1000      785 0.036139
13864 66030       1000      719 0.036138
13865 80311       1000      777 0.036137
13866 69892       1000      788 0.036135
13867 78877       1000      804 0.036135
13868 73612       1000      796 0.036135
13869 70503       1000      741 0.036133
13870 79098       1000      798 0.036133
13871 66460       1000      734 0.036131
13872 70607       1000      791 0.036130
13873 76390       1000      810 0.036130
13874 77387       1000      788 0.036128
13875 86733       1000      816 0.036128
13876 88264       1000      773 0.036128
13877 68577       1000      723 0.036128
13878 77930       1000      729 0.036124
13879 74332       1000      743 0.036123
13880 80130       1000      796 0.036122
13881 70402       1000      805 0.036121
13882 66722       1000      814 0.036121
13883 78101       1000      780 0.036120
13884 85680       1000      708 0.036119
13885 71897       1000      812 0.036119
13886 84895       1000      803 0.036119
13887 74083       1000      810 0.036119
13888 77821       1000      793 0.036119
13889 68599       1000      801 0.036119
13890 70717       1000      790 0.036118
13891 75029       1000      799 0.036117
13892 82177       1000      801 0.036117
13893 75967       1000      800 0.036116
13894 81551       1000      715 0.036116
13895 83365       1000      785 0.036116
13896 80472       1000      785 0.036115
13897 67225       1000      790 0.036114
13898 65967       1000      741 0.036114
13899 70332       1000      803 0.036113
13900 72502       1000      712 0.036112
13901 88471       1000      796 0.036111
13902 81514       1000      814 0.036110
13903 78347       1000      715 0.036108
13904 70079       1000      781 0.036108
13905 71054       1000      738 0.036107
13906 89148       1000      806 0.036106
13907 80583       1000      805 0.036105
13908 66333       1000      803 0.036104
13909 72099       1000      819 0.036104
13910 88592       1000      810 0.036103
13911 87162       1000      723 0.036101
13912 83175       1000      816 0.036100
13913 76676       1000      818 0.036099
13914 72986       1000      786 0.036098
13915 70736       1000      776 0.036094
13916 83287       1000      784 0.036093
13917 71162       1000      697 0.036092
13918 80931       1000      799 0.036091
13919 76091       1000      813 0.036091
13920 82679       1000      723 0.036089
13921 69761       1000      803 0.036089
13922 67227       1000      714 0.036088
13923 87371       1000      796 0.036088
13924 67099       1000      714 0.036087
13925 87017       1000      797 0.036087
13926 76404       1000      811 0.036087
13927 85130       1000      803 0.036086
13928 75290       1000      751 0.036086
13929 79985       1000      805 0.036085
13930 89067       1000      809 0.036085
13931 78765       1000      794 0.036085
13932 80037       1000      808 0.036083
13933 85549       1000      808 0.036082
13934 73671       1000      795 0.036081
13935 74969       1000      718 0.036079
13936 73024       1000      800 0.036078
13937 79408       1000      803 0.036076
13938 87655       1000      801 0.036076
13939 87177       1000      808 0.036074
13940 77809       1000      808 0.036074
13941 89006       1000      807 0.036073
13942 86068       1000      788 0.036073
13943 80867       1000      774 0.036073
13944 66921       1000      805 0.036072
13945 76809       1000      798 0.036071
13946 72894       1000      786 0.036070
13947 78896       1000      719 0.036069
13948 80074       1000      797 0.036065
13949 72302       1000      804 0.036065
13950 77280       1000      812 0.036063
13951 73165       1000      721 0.036062
13952 66907       1000      804 0.036061
13953 76673       1000      793 0.036058
13954 82214       1000      804 0.036058
13955 84862       1000      790 0.036058
13956 86300       1000      732 0.036057
13957 77239       1000      711 0.036053
13958 70911       1000      809 0.036053
13959 72439       1000      778 0.036052
13960 70624       1000      780 0.036050
13961 77085       1000      778 0.036049
13962 66785       1000      816 0.036048
13963 75256       1000      802 0.036047
13964 67811       1000      810 0.036045
13965 83956       1000      799 0.036042
13966 84190       1000      789 0.036041
13967 82265       1000      820 0.036040
13968 81470       1000      775 0.036040
13969 66293       1000      805 0.036039
13970 83440       1000      806 0.036039
13971 67834       1000      809 0.036039
13972 80923       1000      731 0.036038
13973 82280       1000      801 0.036037
13974 77843       1000      798 0.036036
13975 74028       1000      802 0.036035
13976 68334       1000      784 0.036034
13977 67069       1000      787 0.036033
13978 80991       1000      806 0.036031
13979 72097       1000      806 0.036030
13980 66069       1000      802 0.036028
13981 71806       1000      739 0.036028
13982 73159       1000      724 0.036027
13983 85297       1000      795 0.036023
13984 73904       1000      773 0.036023
13985 86693       1000      794 0.036022
13986 73897       1000      811 0.036022
13987 79227       1000      789 0.036021
13988 67889       1000      797 0.036021
13989 87520       1000      721 0.036020
13990 67748       1000      801 0.036019
13991 69930       1000      743 0.036018
13992 74877       1000      719 0.036016
13993 86246       1000      795 0.036015
13994 82558       1000      826 0.036015
13995 86747       1000      828 0.036013
13996 86033       1000      824 0.036011
13997 71366       1000      784 0.036009
13998 87185       1000      805 0.036008
13999 81141       1000      795 0.036008
14000 87858       1000      803 0.036007
14001 78928       1000      812 0.036006
14002 85611       1000      803 0.036006
14003 70778       1000      804 0.036005
14004 71563       1000      721 0.036001
14005 86054       1000      746 0.035999
14006 79837       1000      777 0.035999
14007 80128       1000      794 0.035998
14008 87668       1000      800 0.035998
14009 72536       1000      825 0.035998
14010 79329       1000      793 0.035997
14011 74184       1000      811 0.035996
14012 81694       1000      742 0.035996
14013 74843       1000      802 0.035995
14014 71236       1000      760 0.035994
14015 87551       1000      787 0.035994
14016 72118       1000      798 0.035993
14017 81281       1000      803 0.035991
14018 66102       1000      794 0.035988
14019 72924       1000      810 0.035987
14020 81013       1000      785 0.035983
14021 81814       1000      805 0.035983
14022 73643       1000      801 0.035983
14023 76613       1000      800 0.035982
14024 75226       1000      778 0.035977
14025 80049       1000      778 0.035977
14026 82779       1000      780 0.035976
14027 69245       1000      810 0.035974
14028 69817       1000      799 0.035973
14029 81919       1000      816 0.035972
14030 70837       1000      797 0.035972
14031 70401       1000      801 0.035972
14032 69750       1000      793 0.035971
14033 71695       1000      805 0.035971
14034 66858       1000      800 0.035970
14035 79896       1000      813 0.035970
14036 71238       1000      810 0.035969
14037 83414       1000      815 0.035968
14038 77294       1000      817 0.035967
14039 82863       1000      688 0.035966
14040 71980       1000      789 0.035966
14041 68572       1000      795 0.035965
14042 73452       1000      808 0.035963
14043 74628       1000      793 0.035961
14044 76616       1000      723 0.035960
14045 71547       1000      794 0.035959
14046 73971       1000      827 0.035954
14047 84911       1000      807 0.035953
14048 66040       1000      805 0.035951
14049 80592       1000      801 0.035951
14050 74242       1000      726 0.035949
14051 73447       1000      709 0.035949
14052 80685       1000      806 0.035949
14053 78960       1000      804 0.035949
14054 76829       1000      785 0.035947
14055 74694       1000      794 0.035946
14056 86848       1000      803 0.035946
14057 67785       1000      724 0.035943
14058 66490       1000      802 0.035942
14059 67879       1000      721 0.035942
14060 71594       1000      712 0.035941
14061 82790       1000      782 0.035939
14062 85829       1000      792 0.035939
14063 86910       1000      797 0.035939
14064 78357       1000      820 0.035937
14065 68701       1000      800 0.035937
14066 68287       1000      784 0.035937
14067 83145       1000      787 0.035936
14068 68925       1000      805 0.035936
14069 67640       1000      801 0.035935
14070 66542       1000      806 0.035935
14071 80922       1000      790 0.035933
14072 68243       1000      780 0.035932
14073 75514       1000      728 0.035932
14074 73778       1000      806 0.035931
14075 86924       1000      820 0.035930
14076 80691       1000      781 0.035930
14077 71750       1000      795 0.035929
14078 83631       1000      787 0.035928
14079 76363       1000      714 0.035922
14080 75995       1000      796 0.035917
14081 67589       1000      729 0.035917
14082 71274       1000      807 0.035917
14083 88540       1000      827 0.035916
14084 71345       1000      799 0.035916
14085 79497       1000      816 0.035914
14086 67191       1000      812 0.035911
14087 88363       1000      816 0.035911
14088 84932       1000      777 0.035910
14089 78802       1000      796 0.035910
14090 78291       1000      737 0.035907
14091 79086       1000      718 0.035907
14092 75415       1000      786 0.035906
14093 85557       1000      702 0.035906
14094 68652       1000      776 0.035905
14095 71521       1000      795 0.035904
14096 77416       1000      811 0.035903
14097 79769       1000      769 0.035903
14098 73888       1000      795 0.035902
14099 88084       1000      788 0.035902
14100 76792       1000      811 0.035901
14101 66536       1000      789 0.035900
14102 82358       1000      783 0.035897
14103 72213       1000      799 0.035895
14104 76506       1000      800 0.035894
14105 73069       1000      783 0.035894
14106 78219       1000      708 0.035894
14107 83581       1000      793 0.035893
14108 85717       1000      766 0.035893
14109 74425       1000      790 0.035892
14110 78780       1000      795 0.035892
14111 75576       1000      793 0.035891
14112 81401       1000      795 0.035890
14113 74907       1000      790 0.035890
14114 76869       1000      801 0.035890
14115 79846       1000      792 0.035889
14116 77378       1000      785 0.035888
14117 84174       1000      790 0.035885
14118 72322       1000      733 0.035885
14119 82675       1000      803 0.035885
14120 78142       1000      727 0.035880
14121 71138       1000      797 0.035877
14122 72178       1000      730 0.035876
14123 80062       1000      801 0.035876
14124 76655       1000      792 0.035873
14125 88696       1000      796 0.035871
14126 86214       1000      730 0.035870
14127 75120       1000      730 0.035868
14128 68340       1000      816 0.035868
14129 87646       1000      791 0.035868
14130 76877       1000      697 0.035867
14131 75887       1000      804 0.035867
14132 81346       1000      801 0.035867
14133 73155       1000      809 0.035866
14134 74134       1000      720 0.035865
14135 73127       1000      795 0.035865
14136 82332       1000      824 0.035865
14137 71854       1000      793 0.035864
14138 85380       1000      803 0.035864
14139 87654       1000      798 0.035864
14140 83470       1000      801 0.035861
14141 86164       1000      778 0.035861
14142 87957       1000      789 0.035858
14143 69318       1000      713 0.035858
14144 86633       1000      788 0.035857
14145 67825       1000      821 0.035855
14146 66548       1000      793 0.035853
14147 69781       1000      795 0.035852
14148 80876       1000      799 0.035852
14149 69284       1000      723 0.035852
14150 88027       1000      798 0.035851
14151 82971       1000      800 0.035851
14152 66483       1000      718 0.035851
14153 81398       1000      732 0.035850
14154 82164       1000      737 0.035849
14155 70575       1000      705 0.035847
14156 73287       1000      816 0.035847
14157 70340       1000      808 0.035847
14158 81765       1000      777 0.035847
14159 87914       1000      796 0.035841
14160 87912       1000      823 0.035840
14161 81156       1000      703 0.035840
14162 84940       1000      807 0.035840
14163 70390       1000      806 0.035838
14164 69434       1000      796 0.035837
14165 67980       1000      783 0.035836
14166 85157       1000      816 0.035836
14167 65973       1000      778 0.035835
14168 80977       1000      780 0.035834
14169 87180       1000      788 0.035834
14170 86732       1000      796 0.035833
14171 72019       1000      787 0.035832
14172 74644       1000      813 0.035830
14173 87723       1000      831 0.035829
14174 71164       1000      816 0.035827
14175 76460       1000      812 0.035826
14176 74392       1000      789 0.035826
14177 80731       1000      727 0.035825
14178 73644       1000      786 0.035825
14179 74899       1000      721 0.035825
14180 79011       1000      798 0.035825
14181 80353       1000      797 0.035822
14182 67116       1000      801 0.035822
14183 72192       1000      800 0.035820
14184 78599       1000      789 0.035818
14185 85509       1000      789 0.035816
14186 78809       1000      803 0.035816
14187 68144       1000      810 0.035814
14188 83975       1000      730 0.035814
14189 88020       1000      784 0.035813
14190 85449       1000      815 0.035811
14191 73204       1000      781 0.035810
14192 71861       1000      804 0.035810
14193 80515       1000      798 0.035809
14194 72565       1000      726 0.035808
14195 73086       1000      789 0.035808
14196 78484       1000      800 0.035807
14197 75023       1000      795 0.035807
14198 80493       1000      730 0.035806
14199 78111       1000      788 0.035806
14200 74524       1000      812 0.035805
14201 68625       1000      800 0.035804
14202 75028       1000      808 0.035800
14203 80288       1000      793 0.035800
14204 69330       1000      784 0.035799
14205 69191       1000      794 0.035799
14206 79268       1000      805 0.035798
14207 66682       1000      811 0.035798
14208 73066       1000      720 0.035797
14209 78182       1000      733 0.035797
14210 81667       1000      701 0.035796
14211 81158       1000      798 0.035796
14212 83687       1000      800 0.035795
14213 66419       1000      809 0.035795
14214 82545       1000      811 0.035795
14215 86222       1000      804 0.035795
14216 78728       1000      794 0.035794
14217 77197       1000      808 0.035794
14218 67560       1000      731 0.035793
14219 83477       1000      804 0.035793
14220 72010       1000      801 0.035793
14221 82160       1000      698 0.035793
14222 82834       1000      808 0.035792
14223 65952       1000      784 0.035791
14224 83947       1000      801 0.035791
14225 88819       1000      790 0.035791
14226 74196       1000      793 0.035791
14227 81998       1000      809 0.035790
14228 70580       1000      809 0.035789
14229 80831       1000      723 0.035789
14230 86976       1000      802 0.035789
14231 68981       1000      709 0.035788
14232 69432       1000      788 0.035788
14233 70215       1000      811 0.035786
14234 69846       1000      808 0.035786
14235 69169       1000      813 0.035785
14236 77850       1000      812 0.035784
14237 88869       1000      804 0.035783
14238 73196       1000      740 0.035782
14239 68156       1000      767 0.035781
14240 67771       1000      723 0.035777
14241 69870       1000      807 0.035776
14242 86707       1000      721 0.035776
14243 72884       1000      806 0.035776
14244 73716       1000      772 0.035776
14245 80500       1000      811 0.035775
14246 70238       1000      797 0.035774
14247 77799       1000      811 0.035774
14248 76914       1000      798 0.035773
14249 89104       1000      790 0.035772
14250 69611       1000      813 0.035770
14251 70307       1000      777 0.035768
14252 88174       1000      800 0.035767
14253 68104       1000      814 0.035767
14254 81312       1000      783 0.035765
14255 79039       1000      791 0.035765
14256 74648       1000      807 0.035764
14257 66621       1000      815 0.035764
14258 75282       1000      783 0.035764
14259 73848       1000      729 0.035761
14260 73143       1000      715 0.035759
14261 77503       1000      818 0.035758
14262 81591       1000      790 0.035758
14263 68760       1000      716 0.035758
14264 77331       1000      798 0.035757
14265 88259       1000      784 0.035754
14266 72838       1000      829 0.035754
14267 80094       1000      795 0.035753
14268 84394       1000      699 0.035752
14269 68902       1000      787 0.035752
14270 67428       1000      797 0.035752
14271 86965       1000      801 0.035752
14272 76266       1000      794 0.035751
14273 66802       1000      797 0.035750
14274 84408       1000      805 0.035749
14275 83385       1000      707 0.035748
14276 78032       1000      789 0.035747
14277 73615       1000      793 0.035746
14278 84933       1000      798 0.035745
14279 73032       1000      806 0.035745
14280 83137       1000      793 0.035744
14281 77066       1000      810 0.035744
14282 80796       1000      730 0.035743
14283 83877       1000      787 0.035743
14284 69825       1000      711 0.035741
14285 77826       1000      771 0.035741
14286 68402       1000      803 0.035740
14287 70436       1000      793 0.035739
14288 69464       1000      783 0.035738
14289 84501       1000      808 0.035738
14290 67772       1000      732 0.035737
14291 84334       1000      824 0.035736
14292 88733       1000      748 0.035735
14293 84418       1000      792 0.035734
14294 68674       1000      789 0.035732
14295 76356       1000      724 0.035731
14296 66619       1000      797 0.035731
14297 74812       1000      715 0.035730
14298 70306       1000      726 0.035729
14299 73399       1000      725 0.035729
14300 77080       1000      807 0.035728
14301 74206       1000      785 0.035728
14302 79930       1000      702 0.035728
14303 66879       1000      813 0.035727
14304 73632       1000      804 0.035726
14305 72186       1000      706 0.035726
14306 80629       1000      696 0.035725
14307 74700       1000      803 0.035725
14308 67203       1000      781 0.035723
14309 85298       1000      800 0.035722
14310 76526       1000      793 0.035722
14311 71334       1000      784 0.035722
14312 67057       1000      778 0.035721
14313 78573       1000      785 0.035721
14314 71796       1000      802 0.035720
14315 75632       1000      709 0.035720
14316 69469       1000      782 0.035720
14317 79382       1000      781 0.035719
14318 78312       1000      740 0.035717
14319 75850       1000      814 0.035716
14320 77700       1000      813 0.035714
14321 74606       1000      796 0.035713
14322 84269       1000      793 0.035713
14323 68271       1000      835 0.035713
14324 87457       1000      809 0.035711
14325 67384       1000      804 0.035710
14326 71840       1000      801 0.035709
14327 68307       1000      813 0.035709
14328 70453       1000      792 0.035707
14329 85389       1000      792 0.035706
14330 81046       1000      799 0.035705
14331 87178       1000      788 0.035704
14332 75268       1000      800 0.035703
14333 65977       1000      806 0.035702
14334 71685       1000      808 0.035702
14335 75792       1000      809 0.035702
14336 66865       1000      814 0.035699
14337 80812       1000      809 0.035699
14338 68957       1000      801 0.035698
14339 87918       1000      807 0.035694
14340 73889       1000      796 0.035693
14341 77329       1000      800 0.035692
14342 77253       1000      801 0.035692
14343 78559       1000      800 0.035692
14344 74944       1000      814 0.035692
14345 87173       1000      811 0.035691
14346 82882       1000      793 0.035690
14347 83052       1000      791 0.035689
14348 89077       1000      712 0.035688
14349 84457       1000      795 0.035688
14350 82807       1000      757 0.035687
14351 82595       1000      811 0.035686
14352 68405       1000      743 0.035686
14353 78416       1000      778 0.035685
14354 69714       1000      803 0.035685
14355 82919       1000      780 0.035685
14356 86779       1000      798 0.035684
14357 67020       1000      782 0.035683
14358 82639       1000      810 0.035681
14359 71506       1000      798 0.035678
14360 67344       1000      808 0.035676
14361 71153       1000      799 0.035675
14362 73787       1000      799 0.035675
14363 73106       1000      735 0.035674
14364 70411       1000      827 0.035673
14365 76777       1000      746 0.035671
14366 79182       1000      702 0.035670
14367 75650       1000      697 0.035670
14368 76825       1000      794 0.035670
14369 79959       1000      799 0.035668
14370 66168       1000      795 0.035668
14371 89126       1000      788 0.035666
14372 74937       1000      782 0.035666
14373 85178       1000      794 0.035663
14374 67408       1000      786 0.035663
14375 79728       1000      782 0.035663
14376 70630       1000      821 0.035663
14377 73259       1000      797 0.035662
14378 81597       1000      797 0.035662
14379 78353       1000      769 0.035661
14380 74275       1000      805 0.035661
14381 74601       1000      803 0.035661
14382 73931       1000      729 0.035661
14383 77636       1000      798 0.035660
14384 86100       1000      800 0.035660
14385 69420       1000      808 0.035659
14386 80661       1000      776 0.035659
14387 77553       1000      803 0.035659
14388 88990       1000      773 0.035659
14389 80659       1000      726 0.035658
14390 82098       1000      812 0.035658
14391 84723       1000      803 0.035657
14392 85961       1000      808 0.035657
14393 83308       1000      741 0.035656
14394 87909       1000      796 0.035655
14395 84532       1000      798 0.035654
14396 88365       1000      693 0.035653
14397 69110       1000      795 0.035653
14398 71357       1000      723 0.035652
14399 76907       1000      795 0.035651
14400 71830       1000      827 0.035650
14401 82901       1000      800 0.035650
14402 70449       1000      804 0.035650
14403 72108       1000      800 0.035649
14404 82015       1000      814 0.035648
14405 67765       1000      798 0.035646
14406 68292       1000      804 0.035646
14407 71042       1000      801 0.035646
14408 69684       1000      801 0.035646
14409 83903       1000      819 0.035644
14410 79647       1000      756 0.035644
14411 77092       1000      717 0.035641
14412 73172       1000      696 0.035641
14413 69034       1000      714 0.035640
14414 86757       1000      802 0.035638
14415 75657       1000      794 0.035638
14416 67697       1000      795 0.035636
14417 79570       1000      793 0.035634
14418 85833       1000      787 0.035634
14419 70329       1000      810 0.035633
14420 71402       1000      802 0.035632
14421 76302       1000      805 0.035632
14422 86139       1000      725 0.035632
14423 81250       1000      802 0.035631
14424 70189       1000      804 0.035631
14425 68574       1000      808 0.035630
14426 76361       1000      822 0.035629
14427 77540       1000      730 0.035628
14428 74988       1000      782 0.035628
14429 70557       1000      789 0.035627
14430 73513       1000      796 0.035627
14431 72684       1000      727 0.035627
14432 70244       1000      790 0.035626
14433 83438       1000      780 0.035625
14434 86426       1000      791 0.035625
14435 77022       1000      784 0.035624
14436 82217       1000      788 0.035623
14437 74608       1000      726 0.035623
14438 85502       1000      808 0.035621
14439 80505       1000      729 0.035621
14440 74156       1000      793 0.035620
14441 77840       1000      747 0.035618
14442 88571       1000      734 0.035616
14443 80521       1000      798 0.035616
14444 78244       1000      809 0.035616
14445 67988       1000      807 0.035615
14446 80642       1000      754 0.035615
14447 83069       1000      811 0.035614
14448 85212       1000      822 0.035613
14449 75406       1000      720 0.035613
14450 76317       1000      823 0.035611
14451 79173       1000      746 0.035611
14452 79089       1000      817 0.035608
14453 70076       1000      818 0.035607
14454 77119       1000      811 0.035607
14455 86966       1000      805 0.035606
14456 68806       1000      802 0.035606
14457 73344       1000      801 0.035606
14458 81412       1000      713 0.035602
14459 71794       1000      716 0.035601
14460 80590       1000      716 0.035601
14461 66367       1000      799 0.035601
14462 71458       1000      793 0.035600
14463 86620       1000      766 0.035599
14464 74631       1000      810 0.035599
14465 70995       1000      826 0.035597
14466 68458       1000      736 0.035597
14467 69290       1000      789 0.035593
14468 77489       1000      796 0.035593
14469 73650       1000      808 0.035592
14470 75725       1000      746 0.035589
14471 85424       1000      800 0.035589
14472 68830       1000      724 0.035587
14473 87603       1000      722 0.035586
14474 73075       1000      787 0.035586
14475 79117       1000      798 0.035585
14476 77349       1000      797 0.035585
14477 71309       1000      805 0.035585
14478 85426       1000      804 0.035584
14479 70865       1000      791 0.035583
14480 85861       1000      723 0.035581
14481 69062       1000      800 0.035581
14482 77144       1000      734 0.035581
14483 68091       1000      805 0.035580
14484 83032       1000      806 0.035580
14485 88161       1000      805 0.035580
14486 82122       1000      799 0.035579
14487 66696       1000      785 0.035578
14488 83674       1000      805 0.035575
14489 84667       1000      821 0.035574
14490 87359       1000      700 0.035572
14491 82182       1000      788 0.035571
14492 69501       1000      796 0.035570
14493 69032       1000      754 0.035570
14494 72973       1000      745 0.035568
14495 80809       1000      822 0.035568
14496 80914       1000      736 0.035567
14497 86615       1000      730 0.035566
14498 68852       1000      741 0.035565
14499 71993       1000      785 0.035564
14500 76928       1000      790 0.035563
14501 67486       1000      770 0.035562
14502 80415       1000      795 0.035562
14503 85678       1000      802 0.035561
14504 74620       1000      813 0.035561
14505 76540       1000      804 0.035560
14506 80309       1000      798 0.035559
14507 80772       1000      730 0.035557
14508 68100       1000      809 0.035554
14509 81899       1000      783 0.035554
14510 76380       1000      812 0.035554
14511 79891       1000      821 0.035554
14512 77493       1000      712 0.035552
14513 66841       1000      755 0.035551
14514 85757       1000      810 0.035551
14515 82347       1000      794 0.035550
14516 86586       1000      800 0.035547
14517 70553       1000      792 0.035546
14518 85550       1000      742 0.035545
14519 66398       1000      812 0.035542
14520 67480       1000      805 0.035542
14521 77035       1000      791 0.035540
14522 87096       1000      783 0.035540
14523 71928       1000      802 0.035539
14524 81850       1000      808 0.035539
14525 73090       1000      785 0.035539
14526 69015       1000      797 0.035539
14527 86553       1000      799 0.035538
14528 83638       1000      801 0.035538
14529 83418       1000      731 0.035537
14530 71779       1000      705 0.035533
14531 79644       1000      772 0.035533
14532 84928       1000      781 0.035529
14533 71587       1000      799 0.035529
14534 68778       1000      820 0.035529
14535 88135       1000      818 0.035528
14536 77384       1000      818 0.035528
14537 78006       1000      799 0.035527
14538 75189       1000      785 0.035527
14539 75636       1000      798 0.035525
14540 76426       1000      728 0.035525
14541 83006       1000      791 0.035525
14542 88593       1000      814 0.035524
14543 79999       1000      821 0.035524
14544 73596       1000      787 0.035523
14545 77602       1000      789 0.035523
14546 74870       1000      799 0.035522
14547 76522       1000      813 0.035522
14548 89001       1000      788 0.035521
14549 67983       1000      730 0.035521
14550 77399       1000      732 0.035521
14551 74760       1000      785 0.035518
14552 88917       1000      793 0.035517
14553 81829       1000      801 0.035516
14554 81592       1000      715 0.035514
14555 82499       1000      819 0.035514
14556 88697       1000      808 0.035512
14557 74007       1000      787 0.035511
14558 67085       1000      800 0.035507
14559 73736       1000      795 0.035507
14560 75704       1000      814 0.035504
14561 65972       1000      811 0.035503
14562 69655       1000      795 0.035502
14563 84791       1000      808 0.035500
14564 71144       1000      809 0.035500
14565 76074       1000      789 0.035498
14566 69966       1000      808 0.035497
14567 88845       1000      810 0.035496
14568 72766       1000      806 0.035496
14569 86708       1000      709 0.035494
14570 75296       1000      784 0.035494
14571 69143       1000      802 0.035493
14572 72403       1000      806 0.035490
14573 85422       1000      791 0.035489
14574 67248       1000      750 0.035489
14575 71352       1000      809 0.035488
14576 66301       1000      787 0.035487
14577 70816       1000      793 0.035487
14578 74165       1000      819 0.035486
14579 78323       1000      796 0.035486
14580 76857       1000      734 0.035485
14581 83699       1000      778 0.035484
14582 66413       1000      826 0.035484
14583 67031       1000      803 0.035484
14584 69049       1000      787 0.035483
14585 78212       1000      788 0.035483
14586 66442       1000      798 0.035483
14587 88454       1000      799 0.035483
14588 86472       1000      788 0.035482
14589 80517       1000      826 0.035480
14590 85204       1000      731 0.035480
14591 75730       1000      782 0.035479
14592 73478       1000      788 0.035473
14593 73252       1000      806 0.035472
14594 71773       1000      709 0.035471
14595 74297       1000      795 0.035466
14596 75367       1000      782 0.035464
14597 88896       1000      739 0.035464
14598 75291       1000      789 0.035463
14599 82553       1000      819 0.035463
14600 76498       1000      798 0.035463
14601 67156       1000      715 0.035462
14602 82678       1000      797 0.035460
14603 66641       1000      738 0.035460
14604 88874       1000      784 0.035456
14605 65934       1000      808 0.035456
14606 84044       1000      804 0.035455
14607 69079       1000      801 0.035455
14608 72214       1000      797 0.035455
14609 83453       1000      788 0.035454
14610 87277       1000      821 0.035452
14611 69914       1000      782 0.035451
14612 87287       1000      798 0.035448
14613 84464       1000      782 0.035446
14614 80044       1000      812 0.035446
14615 69081       1000      796 0.035445
14616 65908       1000      812 0.035444
14617 84473       1000      718 0.035444
14618 79101       1000      776 0.035443
14619 79890       1000      784 0.035443
14620 87312       1000      696 0.035442
14621 66124       1000      723 0.035442
14622 86652       1000      730 0.035440
14623 77270       1000      806 0.035439
14624 77162       1000      779 0.035439
14625 76179       1000      707 0.035439
14626 75919       1000      819 0.035437
14627 80873       1000      783 0.035434
14628 86404       1000      773 0.035434
14629 68182       1000      803 0.035433
14630 67478       1000      812 0.035432
14631 69192       1000      791 0.035431
14632 76722       1000      803 0.035430
14633 73476       1000      724 0.035430
14634 86720       1000      832 0.035430
14635 74031       1000      794 0.035429
14636 86626       1000      813 0.035428
14637 73409       1000      825 0.035426
14638 81789       1000      722 0.035426
14639 79711       1000      804 0.035425
14640 83693       1000      813 0.035424
14641 73760       1000      788 0.035422
14642 88098       1000      825 0.035422
14643 74847       1000      799 0.035422
14644 84681       1000      811 0.035421
14645 70190       1000      795 0.035421
14646 70940       1000      794 0.035421
14647 74686       1000      718 0.035420
14648 73260       1000      810 0.035420
14649 76565       1000      730 0.035418
14650 83543       1000      777 0.035416
14651 79733       1000      794 0.035415
14652 83713       1000      797 0.035413
14653 69276       1000      792 0.035413
14654 86380       1000      796 0.035413
14655 88122       1000      737 0.035413
14656 66146       1000      825 0.035412
14657 78418       1000      805 0.035409
14658 78673       1000      783 0.035409
14659 86131       1000      805 0.035409
14660 70185       1000      728 0.035408
14661 74681       1000      794 0.035408
14662 74527       1000      715 0.035408
14663 84247       1000      730 0.035407
14664 76696       1000      739 0.035407
14665 81180       1000      813 0.035405
14666 70472       1000      783 0.035405
14667 69551       1000      784 0.035404
14668 74511       1000      830 0.035403
14669 68220       1000      801 0.035402
14670 71063       1000      790 0.035402
14671 73253       1000      806 0.035401
14672 81062       1000      817 0.035400
14673 69444       1000      780 0.035400
14674 77474       1000      702 0.035400
14675 83547       1000      796 0.035400
14676 86477       1000      790 0.035399
14677 68339       1000      780 0.035398
14678 83003       1000      789 0.035398
14679 77361       1000      813 0.035396
14680 76564       1000      806 0.035396
14681 80151       1000      732 0.035393
14682 71116       1000      813 0.035392
14683 86241       1000      711 0.035392
14684 69069       1000      794 0.035391
14685 69772       1000      704 0.035391
14686 82176       1000      791 0.035391
14687 68167       1000      794 0.035390
14688 83980       1000      791 0.035389
14689 73635       1000      809 0.035389
14690 75442       1000      807 0.035386
14691 71740       1000      798 0.035384
14692 81670       1000      797 0.035383
14693 67179       1000      808 0.035380
14694 81686       1000      797 0.035380
14695 82624       1000      702 0.035380
14696 67380       1000      813 0.035378
14697 74193       1000      790 0.035378
14698 69995       1000      812 0.035377
14699 66698       1000      822 0.035377
14700 79499       1000      816 0.035376
14701 66050       1000      787 0.035376
14702 84846       1000      770 0.035376
14703 69867       1000      789 0.035375
14704 78106       1000      794 0.035374
14705 74585       1000      806 0.035374
14706 70239       1000      793 0.035374
14707 68168       1000      807 0.035373
14708 88375       1000      730 0.035372
14709 78505       1000      819 0.035370
14710 73154       1000      730 0.035370
14711 86216       1000      815 0.035369
14712 85705       1000      815 0.035368
14713 71925       1000      803 0.035367
14714 77283       1000      740 0.035362
14715 76725       1000      798 0.035361
14716 88583       1000      785 0.035358
14717 77966       1000      785 0.035356
14718 77772       1000      766 0.035353
14719 85854       1000      808 0.035353
14720 81099       1000      779 0.035353
14721 73251       1000      745 0.035352
14722 69257       1000      813 0.035352
14723 84236       1000      816 0.035351
14724 72394       1000      793 0.035347
14725 82202       1000      792 0.035345
14726 84132       1000      794 0.035345
14727 71071       1000      741 0.035344
14728 71249       1000      786 0.035344
14729 88648       1000      725 0.035344
14730 85122       1000      794 0.035343
14731 79601       1000      804 0.035343
14732 88005       1000      786 0.035341
14733 75978       1000      799 0.035338
14734 75298       1000      808 0.035337
14735 78346       1000      712 0.035337
14736 69997       1000      821 0.035337
14737 76974       1000      806 0.035334
14738 67516       1000      803 0.035333
14739 85538       1000      793 0.035333
14740 76994       1000      782 0.035332
14741 79801       1000      798 0.035330
14742 66581       1000      823 0.035326
14743 87527       1000      795 0.035325
14744 78724       1000      789 0.035323
14745 74422       1000      801 0.035323
14746 67547       1000      824 0.035319
14747 75467       1000      801 0.035318
14748 69153       1000      801 0.035316
14749 68549       1000      797 0.035316
14750 84656       1000      697 0.035315
14751 70218       1000      717 0.035315
14752 82676       1000      813 0.035314
14753 78002       1000      809 0.035314
14754 87346       1000      816 0.035309
14755 87962       1000      716 0.035306
14756 66018       1000      785 0.035305
14757 84184       1000      820 0.035304
14758 70466       1000      780 0.035303
14759 83245       1000      805 0.035303
14760 75975       1000      718 0.035303
14761 81947       1000      803 0.035303
14762 68038       1000      810 0.035302
14763 88624       1000      804 0.035302
14764 69269       1000      799 0.035299
14765 68441       1000      810 0.035298
14766 75539       1000      822 0.035298
14767 67710       1000      802 0.035297
14768 66733       1000      780 0.035296
14769 75054       1000      706 0.035294
14770 77295       1000      687 0.035292
14771 85384       1000      802 0.035291
14772 79376       1000      784 0.035290
14773 75747       1000      826 0.035289
14774 70200       1000      814 0.035289
14775 83777       1000      777 0.035288
14776 81626       1000      797 0.035288
14777 84837       1000      710 0.035287
14778 85456       1000      786 0.035286
14779 72867       1000      796 0.035285
14780 74254       1000      797 0.035284
14781 83185       1000      787 0.035284
14782 87055       1000      798 0.035283
14783 80291       1000      790 0.035282
14784 66926       1000      784 0.035281
14785 71676       1000      780 0.035279
14786 72423       1000      794 0.035276
14787 73541       1000      720 0.035275
14788 70934       1000      800 0.035275
14789 67180       1000      782 0.035274
14790 82512       1000      800 0.035274
14791 70639       1000      795 0.035274
14792 85638       1000      767 0.035273
14793 78585       1000      800 0.035270
14794 68914       1000      799 0.035269
14795 82338       1000      693 0.035268
14796 77446       1000      697 0.035268
14797 85540       1000      725 0.035267
14798 84655       1000      745 0.035267
14799 71127       1000      804 0.035265
14800 73444       1000      817 0.035264
14801 77111       1000      785 0.035263
14802 75738       1000      714 0.035263
14803 85309       1000      815 0.035262
14804 75563       1000      725 0.035261
14805 77169       1000      806 0.035259
14806 69218       1000      718 0.035259
14807 76321       1000      803 0.035258
14808 75398       1000      823 0.035256
14809 81166       1000      725 0.035254
14810 76507       1000      714 0.035253
14811 71130       1000      795 0.035253
14812 75633       1000      791 0.035252
14813 78228       1000      703 0.035251
14814 77578       1000      805 0.035250
14815 82239       1000      805 0.035248
14816 73748       1000      803 0.035246
14817 72450       1000      797 0.035245
14818 85508       1000      806 0.035245
14819 78467       1000      782 0.035245
14820 82096       1000      798 0.035245
14821 70177       1000      810 0.035245
14822 76793       1000      807 0.035244
14823 80473       1000      809 0.035241
14824 76028       1000      803 0.035241
14825 88929       1000      731 0.035239
14826 81175       1000      808 0.035239
14827 66560       1000      812 0.035238
14828 79512       1000      816 0.035237
14829 82917       1000      793 0.035237
14830 73463       1000      791 0.035236
14831 69951       1000      795 0.035233
14832 74072       1000      720 0.035233
14833 89147       1000      793 0.035232
14834 86020       1000      815 0.035232
14835 87031       1000      735 0.035229
14836 79105       1000      794 0.035229
14837 68078       1000      801 0.035224
14838 77804       1000      790 0.035224
14839 88424       1000      823 0.035223
14840 86422       1000      801 0.035221
14841 81297       1000      785 0.035221
14842 66324       1000      803 0.035220
14843 76885       1000      791 0.035219
14844 84152       1000      819 0.035219
14845 80663       1000      814 0.035218
14846 73268       1000      789 0.035217
14847 70520       1000      810 0.035217
14848 77525       1000      719 0.035215
14849 74904       1000      807 0.035213
14850 77661       1000      805 0.035209
14851 88890       1000      728 0.035205
14852 84574       1000      799 0.035205
14853 70290       1000      817 0.035204
14854 66469       1000      784 0.035204
14855 67400       1000      817 0.035200
14856 76617       1000      792 0.035199
14857 68814       1000      742 0.035199
14858 75093       1000      724 0.035199
14859 76085       1000      793 0.035198
14860 82089       1000      791 0.035196
14861 70178       1000      807 0.035196
14862 69377       1000      784 0.035196
14863 87940       1000      725 0.035195
14864 77808       1000      836 0.035194
14865 68288       1000      739 0.035193
14866 80753       1000      792 0.035189
14867 80568       1000      783 0.035188
14868 68985       1000      797 0.035187
14869 88043       1000      796 0.035187
14870 77859       1000      817 0.035187
14871 79422       1000      809 0.035187
14872 80125       1000      802 0.035187
14873 88741       1000      740 0.035186
14874 71005       1000      811 0.035183
14875 68758       1000      700 0.035182
14876 79552       1000      799 0.035181
14877 87179       1000      803 0.035180
14878 84669       1000      791 0.035175
14879 70776       1000      810 0.035174
14880 86811       1000      808 0.035172
14881 74797       1000      808 0.035172
14882 79550       1000      781 0.035169
14883 75265       1000      821 0.035169
14884 77563       1000      807 0.035166
14885 66285       1000      817 0.035164
14886 66975       1000      807 0.035163
14887 65983       1000      821 0.035161
14888 84050       1000      792 0.035161
14889 88075       1000      804 0.035161
14890 82018       1000      707 0.035157
14891 71418       1000      786 0.035156
14892 69350       1000      789 0.035151
14893 67704       1000      805 0.035151
14894 79554       1000      807 0.035151
14895 72733       1000      823 0.035151
14896 68826       1000      807 0.035148
14897 73566       1000      789 0.035148
14898 69739       1000      790 0.035146
14899 85131       1000      790 0.035145
14900 72570       1000      791 0.035142
14901 79940       1000      717 0.035140
14902 88563       1000      785 0.035139
14903 80818       1000      794 0.035139
14904 73294       1000      804 0.035138
14905 88745       1000      817 0.035135
14906 80330       1000      775 0.035134
14907 86736       1000      786 0.035132
14908 74039       1000      811 0.035131
14909 77412       1000      752 0.035131
14910 78426       1000      796 0.035130
14911 66217       1000      789 0.035130
14912 72431       1000      825 0.035129
14913 72149       1000      707 0.035128
14914 69172       1000      824 0.035128
14915 80096       1000      828 0.035127
14916 81689       1000      798 0.035127
14917 68952       1000      793 0.035125
14918 76447       1000      794 0.035124
14919 85044       1000      791 0.035122
14920 72648       1000      808 0.035121
14921 79710       1000      741 0.035119
14922 77134       1000      792 0.035118
14923 70864       1000      708 0.035117
14924 72002       1000      813 0.035114
14925 67876       1000      714 0.035114
14926 85236       1000      730 0.035113
14927 76033       1000      780 0.035112
14928 69782       1000      772 0.035112
14929 78938       1000      806 0.035111
14930 68695       1000      722 0.035109
14931 73430       1000      782 0.035108
14932 85790       1000      795 0.035108
14933 75436       1000      806 0.035106
14934 82398       1000      809 0.035106
14935 71910       1000      766 0.035106
14936 84213       1000      802 0.035106
14937 84027       1000      813 0.035105
14938 89140       1000      811 0.035104
14939 75072       1000      794 0.035103
14940 66758       1000      790 0.035103
14941 67305       1000      811 0.035101
14942 66967       1000      801 0.035101
14943 66743       1000      795 0.035101
14944 82144       1000      812 0.035101
14945 76925       1000      733 0.035101
14946 86280       1000      800 0.035099
14947 81033       1000      804 0.035099
14948 82189       1000      786 0.035097
14949 88080       1000      783 0.035096
14950 83730       1000      790 0.035094
14951 80544       1000      819 0.035092
14952 84567       1000      778 0.035091
14953 77591       1000      795 0.035091
14954 82193       1000      781 0.035088
14955 70080       1000      725 0.035088
14956 77324       1000      790 0.035087
14957 70579       1000      733 0.035086
14958 79417       1000      810 0.035085
14959 67877       1000      790 0.035083
14960 88998       1000      799 0.035082
14961 78372       1000      719 0.035081
14962 84885       1000      796 0.035080
14963 80211       1000      802 0.035079
14964 71968       1000      809 0.035076
14965 76853       1000      803 0.035075
14966 86473       1000      785 0.035075
14967 66254       1000      805 0.035073
14968 76756       1000      745 0.035072
14969 77758       1000      778 0.035070
14970 80170       1000      735 0.035070
14971 83677       1000      789 0.035068
14972 86285       1000      719 0.035068
14973 79457       1000      792 0.035067
14974 73499       1000      818 0.035067
14975 88052       1000      813 0.035062
14976 74536       1000      805 0.035061
14977 68434       1000      829 0.035060
14978 81715       1000      801 0.035060
14979 82939       1000      800 0.035059
14980 85002       1000      760 0.035058
14981 67086       1000      716 0.035057
14982 71831       1000      776 0.035053
14983 88587       1000      789 0.035053
14984 70269       1000      772 0.035052
14985 73185       1000      728 0.035051
14986 84674       1000      788 0.035050
14987 75204       1000      783 0.035050
14988 81680       1000      796 0.035049
14989 78872       1000      801 0.035047
14990 82748       1000      802 0.035044
14991 86675       1000      783 0.035044
14992 79624       1000      726 0.035040
14993 81553       1000      785 0.035039
14994 80801       1000      806 0.035039
14995 71567       1000      804 0.035036
14996 68262       1000      792 0.035035
14997 80392       1000      804 0.035033
14998 76711       1000      821 0.035032
14999 71880       1000      793 0.035031
15000 78985       1000      800 0.035031
15001 73440       1000      787 0.035031
15002 81050       1000      801 0.035031
15003 66479       1000      804 0.035030
15004 88267       1000      817 0.035029
15005 82204       1000      790 0.035027
15006 83692       1000      805 0.035026
15007 68254       1000      827 0.035026
15008 74354       1000      812 0.035025
15009 72541       1000      814 0.035025
15010 88790       1000      781 0.035022
15011 72117       1000      779 0.035021
15012 80782       1000      817 0.035020
15013 80652       1000      789 0.035016
15014 69211       1000      809 0.035015
15015 72347       1000      797 0.035014
15016 86322       1000      714 0.035011
15017 84870       1000      806 0.035011
15018 73129       1000      816 0.035010
15019 82215       1000      705 0.035009
15020 80707       1000      695 0.035009
15021 79610       1000      799 0.035008
15022 80230       1000      723 0.035007
15023 77543       1000      804 0.035006
15024 67337       1000      810 0.035003
15025 65961       1000      796 0.035002
15026 73826       1000      727 0.035001
15027 68643       1000      786 0.035001
15028 67904       1000      791 0.034999
15029 81983       1000      805 0.034999
15030 84074       1000      794 0.034997
15031 77182       1000      796 0.034997
15032 89085       1000      800 0.034997
15033 78655       1000      794 0.034997
15034 81965       1000      805 0.034996
15035 66932       1000      781 0.034995
15036 82166       1000      793 0.034994
15037 66532       1000      796 0.034993
15038 80420       1000      795 0.034992
15039 68252       1000      802 0.034989
15040 66849       1000      798 0.034989
15041 71911       1000      713 0.034987
15042 79604       1000      805 0.034986
15043 67534       1000      718 0.034985
15044 79161       1000      734 0.034982
15045 68548       1000      821 0.034981
15046 73117       1000      795 0.034980
15047 85824       1000      805 0.034979
15048 69818       1000      792 0.034977
15049 88765       1000      792 0.034977
15050 81920       1000      802 0.034975
15051 79779       1000      816 0.034972
15052 81999       1000      786 0.034969
15053 66020       1000      818 0.034968
15054 89014       1000      720 0.034964
15055 71805       1000      777 0.034964
15056 73077       1000      788 0.034963
15057 81203       1000      775 0.034962
15058 79502       1000      807 0.034962
15059 88919       1000      794 0.034960
15060 89105       1000      796 0.034958
15061 67112       1000      714 0.034957
15062 84660       1000      811 0.034956
15063 88277       1000      799 0.034954
15064 71783       1000      787 0.034953
15065 82438       1000      727 0.034950
15066 70770       1000      820 0.034949
15067 83512       1000      721 0.034949
15068 68497       1000      775 0.034948
15069 87392       1000      784 0.034947
15070 86655       1000      714 0.034946
15071 66454       1000      791 0.034946
15072 78936       1000      810 0.034946
15073 86254       1000      809 0.034945
15074 82817       1000      798 0.034945
15075 70728       1000      812 0.034943
15076 67173       1000      788 0.034942
15077 77261       1000      810 0.034940
15078 73835       1000      798 0.034940
15079 77265       1000      810 0.034939
15080 86831       1000      796 0.034938
15081 67423       1000      823 0.034937
15082 79134       1000      703 0.034933
15083 75820       1000      784 0.034928
15084 86721       1000      797 0.034928
15085 87984       1000      791 0.034926
15086 79054       1000      783 0.034926
15087 76180       1000      783 0.034924
15088 79071       1000      783 0.034923
15089 69207       1000      713 0.034921
15090 72329       1000      800 0.034920
15091 77509       1000      810 0.034916
15092 69787       1000      706 0.034915
15093 77249       1000      794 0.034914
15094 80381       1000      725 0.034912
15095 81854       1000      796 0.034912
15096 69569       1000      799 0.034911
15097 66441       1000      779 0.034909
15098 75318       1000      772 0.034908
15099 73456       1000      718 0.034908
15100 67730       1000      817 0.034908
15101 87709       1000      777 0.034907
15102 85983       1000      789 0.034907
15103 77215       1000      704 0.034907
15104 66724       1000      797 0.034906
15105 73892       1000      789 0.034906
15106 88918       1000      788 0.034906
15107 73523       1000      807 0.034905
15108 78643       1000      789 0.034903
15109 66969       1000      795 0.034903
15110 65990       1000      797 0.034903
15111 80865       1000      793 0.034899
15112 79674       1000      797 0.034898
15113 75213       1000      805 0.034898
15114 82831       1000      798 0.034896
15115 76023       1000      716 0.034896
15116 67658       1000      790 0.034895
15117 78662       1000      790 0.034895
15118 77908       1000      805 0.034895
15119 66426       1000      812 0.034894
15120 77201       1000      770 0.034894
15121 77684       1000      703 0.034892
15122 69687       1000      784 0.034892
15123 75428       1000      821 0.034889
15124 67594       1000      795 0.034889
15125 68630       1000      719 0.034888
15126 67732       1000      780 0.034888
15127 76556       1000      798 0.034888
15128 75278       1000      752 0.034887
15129 76831       1000      710 0.034886
15130 73800       1000      808 0.034886
15131 81488       1000      794 0.034884
15132 87744       1000      809 0.034884
15133 71996       1000      779 0.034883
15134 87226       1000      804 0.034882
15135 88560       1000      783 0.034881
15136 68834       1000      787 0.034875
15137 66005       1000      819 0.034874
15138 68662       1000      802 0.034872
15139 69449       1000      819 0.034871
15140 87148       1000      796 0.034870
15141 86676       1000      793 0.034870
15142 66436       1000      808 0.034869
15143 84307       1000      722 0.034868
15144 73741       1000      809 0.034867
15145 83081       1000      783 0.034865
15146 85018       1000      793 0.034863
15147 66786       1000      806 0.034862
15148 69820       1000      709 0.034861
15149 70510       1000      822 0.034861
15150 83370       1000      796 0.034858
15151 82149       1000      809 0.034858
15152 85837       1000      718 0.034857
15153 80241       1000      800 0.034857
15154 86347       1000      800 0.034856
15155 81307       1000      817 0.034856
15156 88364       1000      796 0.034855
15157 83668       1000      739 0.034853
15158 70343       1000      797 0.034851
15159 84986       1000      804 0.034851
15160 77660       1000      720 0.034849
15161 74183       1000      791 0.034848
15162 68849       1000      736 0.034846
15163 78522       1000      737 0.034845
15164 71995       1000      784 0.034845
15165 88618       1000      775 0.034844
15166 77778       1000      813 0.034841
15167 68766       1000      796 0.034841
15168 85789       1000      813 0.034838
15169 76249       1000      816 0.034837
15170 70953       1000      731 0.034835
15171 67446       1000      797 0.034835
15172 73064       1000      804 0.034833
15173 80793       1000      802 0.034832
15174 70567       1000      729 0.034831
15175 87864       1000      776 0.034831
15176 67977       1000      751 0.034831
15177 69577       1000      807 0.034829
15178 84888       1000      806 0.034828
15179 79003       1000      798 0.034828
15180 79442       1000      796 0.034826
15181 85694       1000      791 0.034820
15182 78468       1000      792 0.034820
15183 68003       1000      782 0.034820
15184 70984       1000      800 0.034820
15185 76428       1000      806 0.034820
15186 69943       1000      806 0.034819
15187 76862       1000      797 0.034816
15188 71140       1000      778 0.034815
15189 87843       1000      708 0.034814
15190 87399       1000      803 0.034814
15191 70038       1000      718 0.034814
15192 78884       1000      795 0.034813
15193 82184       1000      711 0.034812
15194 78385       1000      790 0.034812
15195 80967       1000      791 0.034812
15196 70495       1000      789 0.034810
15197 77589       1000      797 0.034810
15198 71576       1000      797 0.034807
15199 78053       1000      811 0.034807
15200 86060       1000      779 0.034804
15201 69723       1000      774 0.034803
15202 66480       1000      811 0.034802
15203 72063       1000      801 0.034801
15204 70150       1000      791 0.034800
15205 85117       1000      809 0.034800
15206 85104       1000      800 0.034798
15207 79926       1000      706 0.034796
15208 71424       1000      804 0.034796
15209 77107       1000      809 0.034795
15210 80157       1000      794 0.034793
15211 87024       1000      726 0.034793
15212 71496       1000      802 0.034793
15213 73169       1000      801 0.034792
15214 66520       1000      786 0.034791
15215 80512       1000      793 0.034789
15216 75384       1000      820 0.034789
15217 87337       1000      791 0.034788
15218 73656       1000      805 0.034787
15219 87676       1000      808 0.034783
15220 66378       1000      802 0.034782
15221 87447       1000      713 0.034781
15222 71492       1000      739 0.034781
15223 88533       1000      801 0.034780
15224 87556       1000      792 0.034779
15225 87381       1000      785 0.034778
15226 71285       1000      810 0.034777
15227 67910       1000      729 0.034777
15228 83927       1000      789 0.034776
15229 85586       1000      790 0.034775
15230 88814       1000      809 0.034773
15231 67520       1000      822 0.034772
15232 66470       1000      729 0.034770
15233 76505       1000      784 0.034770
15234 74138       1000      797 0.034769
15235 76354       1000      773 0.034768
15236 83648       1000      797 0.034768
15237 82764       1000      798 0.034766
15238 74057       1000      803 0.034766
15239 74735       1000      810 0.034764
15240 71260       1000      786 0.034760
15241 77960       1000      797 0.034760
15242 74201       1000      721 0.034759
15243 78146       1000      808 0.034759
15244 85491       1000      805 0.034758
15245 82476       1000      825 0.034757
15246 83230       1000      810 0.034757
15247 84316       1000      829 0.034755
15248 66407       1000      831 0.034754
15249 78093       1000      702 0.034753
15250 78448       1000      813 0.034752
15251 77791       1000      753 0.034752
15252 84575       1000      787 0.034750
15253 78821       1000      789 0.034748
15254 67644       1000      796 0.034747
15255 81326       1000      781 0.034747
15256 86058       1000      789 0.034746
15257 69093       1000      812 0.034744
15258 87246       1000      716 0.034743
15259 87336       1000      812 0.034743
15260 75761       1000      798 0.034743
15261 70090       1000      775 0.034743
15262 73363       1000      809 0.034743
15263 69333       1000      801 0.034743
15264 71389       1000      804 0.034742
15265 79389       1000      784 0.034741
15266 87547       1000      788 0.034738
15267 72402       1000      811 0.034738
15268 67150       1000      800 0.034737
15269 72020       1000      834 0.034736
15270 71028       1000      807 0.034736
15271 75159       1000      799 0.034734
15272 81576       1000      788 0.034733
15273 67781       1000      807 0.034730
15274 73231       1000      791 0.034727
15275 79713       1000      791 0.034726
15276 77582       1000      809 0.034724
15277 68033       1000      807 0.034724
15278 71602       1000      722 0.034724
15279 84517       1000      795 0.034723
15280 71077       1000      802 0.034722
15281 74311       1000      804 0.034721
15282 68193       1000      797 0.034720
15283 85418       1000      811 0.034720
15284 78606       1000      794 0.034717
15285 67953       1000      801 0.034716
15286 86607       1000      802 0.034715
15287 77382       1000      816 0.034713
15288 88723       1000      782 0.034712
15289 67009       1000      803 0.034712
15290 85665       1000      720 0.034711
15291 73921       1000      720 0.034710
15292 78892       1000      799 0.034709
15293 73929       1000      801 0.034709
15294 85081       1000      795 0.034708
15295 87938       1000      810 0.034705
15296 68351       1000      783 0.034705
15297 84544       1000      813 0.034705
15298 85688       1000      807 0.034704
15299 87664       1000      794 0.034703
15300 86644       1000      723 0.034702
15301 83628       1000      800 0.034702
15302 78248       1000      802 0.034700
15303 81938       1000      802 0.034697
15304 70129       1000      717 0.034696
15305 71902       1000      800 0.034695
15306 78690       1000      795 0.034695
15307 74618       1000      718 0.034694
15308 70152       1000      802 0.034692
15309 71405       1000      727 0.034692
15310 80766       1000      708 0.034691
15311 88144       1000      810 0.034691
15312 81064       1000      803 0.034690
15313 73797       1000      801 0.034689
15314 76776       1000      813 0.034687
15315 76863       1000      805 0.034682
15316 73942       1000      790 0.034678
15317 74898       1000      736 0.034678
15318 73415       1000      704 0.034677
15319 87254       1000      724 0.034677
15320 66524       1000      778 0.034677
15321 81257       1000      807 0.034676
15322 77790       1000      797 0.034676
15323 75551       1000      810 0.034676
15324 79460       1000      718 0.034673
15325 71126       1000      817 0.034670
15326 79326       1000      792 0.034670
15327 72784       1000      724 0.034669
15328 83678       1000      801 0.034667
15329 76714       1000      796 0.034667
15330 78252       1000      720 0.034667
15331 75287       1000      770 0.034667
15332 72735       1000      829 0.034666
15333 69146       1000      805 0.034660
15334 86050       1000      797 0.034656
15335 70184       1000      805 0.034656
15336 85452       1000      722 0.034656
15337 77344       1000      791 0.034654
15338 78596       1000      816 0.034653
15339 75522       1000      805 0.034652
15340 85179       1000      788 0.034652
15341 88178       1000      806 0.034651
15342 84951       1000      805 0.034648
15343 68032       1000      706 0.034647
15344 80978       1000      803 0.034645
15345 70197       1000      800 0.034645
15346 82404       1000      795 0.034644
15347 73697       1000      707 0.034642
15348 84407       1000      812 0.034640
15349 86122       1000      804 0.034639
15350 85773       1000      781 0.034639
15351 66816       1000      784 0.034638
15352 73811       1000      802 0.034637
15353 87621       1000      777 0.034635
15354 73751       1000      804 0.034635
15355 80666       1000      799 0.034633
15356 82060       1000      809 0.034633
15357 67843       1000      804 0.034632
15358 66869       1000      805 0.034631
15359 68853       1000      830 0.034631
15360 88843       1000      805 0.034630
15361 72438       1000      722 0.034629
15362 66092       1000      812 0.034629
15363 69315       1000      799 0.034628
15364 87690       1000      819 0.034626
15365 88304       1000      800 0.034625
15366 67082       1000      789 0.034625
15367 87822       1000      784 0.034624
15368 81009       1000      799 0.034622
15369 85448       1000      804 0.034621
15370 67028       1000      790 0.034621
15371 65844       1000      795 0.034621
15372 87837       1000      797 0.034620
15373 86341       1000      804 0.034620
15374 81298       1000      798 0.034619
15375 80649       1000      797 0.034618
15376 81877       1000      815 0.034614
15377 74729       1000      798 0.034614
15378 72691       1000      781 0.034611
15379 88282       1000      796 0.034611
15380 81726       1000      798 0.034610
15381 79201       1000      719 0.034610
15382 85655       1000      796 0.034609
15383 73520       1000      801 0.034609
15384 76688       1000      819 0.034607
15385 70671       1000      794 0.034606
15386 74679       1000      792 0.034605
15387 82655       1000      808 0.034603
15388 75746       1000      783 0.034600
15389 72188       1000      784 0.034597
15390 67914       1000      815 0.034593
15391 77856       1000      804 0.034593
15392 72808       1000      803 0.034587
15393 77710       1000      794 0.034587
15394 85692       1000      778 0.034586
15395 72617       1000      798 0.034585
15396 75800       1000      800 0.034584
15397 78837       1000      795 0.034582
15398 69150       1000      821 0.034582
15399 70749       1000      830 0.034582
15400 78810       1000      790 0.034582
15401 76783       1000      792 0.034581
15402 69219       1000      799 0.034579
15403 74222       1000      802 0.034576
15404 81811       1000      803 0.034576
15405 75331       1000      819 0.034576
15406 83577       1000      791 0.034575
15407 81991       1000      781 0.034574
15408 67995       1000      809 0.034574
15409 81695       1000      731 0.034570
15410 81025       1000      767 0.034569
15411 85050       1000      784 0.034569
15412 87138       1000      789 0.034568
15413 88572       1000      707 0.034568
15414 85862       1000      810 0.034568
15415 89132       1000      789 0.034566
15416 86120       1000      795 0.034565
15417 68378       1000      795 0.034564
15418 66101       1000      814 0.034564
15419 84355       1000      788 0.034563
15420 85241       1000      734 0.034563
15421 71220       1000      798 0.034561
15422 84535       1000      793 0.034559
15423 87241       1000      803 0.034557
15424 74643       1000      825 0.034557
15425 78988       1000      783 0.034557
15426 87809       1000      810 0.034553
15427 69393       1000      773 0.034552
15428 76627       1000      795 0.034552
15429 75272       1000      698 0.034550
15430 82468       1000      731 0.034547
15431 80907       1000      782 0.034547
15432 77282       1000      812 0.034546
15433 87773       1000      729 0.034546
15434 87613       1000      806 0.034544
15435 67740       1000      742 0.034544
15436 68958       1000      797 0.034543
15437 75720       1000      732 0.034542
15438 66658       1000      820 0.034540
15439 85661       1000      738 0.034540
15440 88861       1000      792 0.034540
15441 84813       1000      794 0.034540
15442 81420       1000      717 0.034538
15443 76122       1000      795 0.034538
15444 77476       1000      801 0.034534
15445 73188       1000      798 0.034534
15446 69700       1000      802 0.034530
15447 69157       1000      806 0.034530
15448 86516       1000      793 0.034529
15449 66343       1000      709 0.034526
15450 72346       1000      787 0.034525
15451 81519       1000      789 0.034525
15452 83746       1000      793 0.034522
15453 83407       1000      818 0.034522
15454 73556       1000      799 0.034521
15455 71522       1000      810 0.034520
15456 67440       1000      821 0.034519
15457 88954       1000      799 0.034517
15458 76025       1000      812 0.034517
15459 67692       1000      796 0.034515
15460 81666       1000      797 0.034515
15461 66763       1000      708 0.034511
15462 72839       1000      797 0.034511
15463 71468       1000      749 0.034510
15464 73785       1000      796 0.034509
15465 67731       1000      803 0.034509
15466 67747       1000      796 0.034505
15467 87534       1000      789 0.034505
15468 78689       1000      814 0.034505
15469 72912       1000      807 0.034505
15470 65974       1000      798 0.034503
15471 75569       1000      775 0.034503
15472 66068       1000      785 0.034502
15473 84228       1000      698 0.034502
15474 74520       1000      819 0.034502
15475 87618       1000      795 0.034499
15476 66389       1000      790 0.034499
15477 78019       1000      804 0.034499
15478 72406       1000      723 0.034497
15479 68799       1000      810 0.034497
15480 74161       1000      810 0.034497
15481 66338       1000      785 0.034493
15482 71722       1000      804 0.034492
15483 80347       1000      795 0.034491
15484 70653       1000      804 0.034491
15485 68541       1000      797 0.034487
15486 83268       1000      811 0.034485
15487 84571       1000      800 0.034483
15488 76455       1000      811 0.034482
15489 88287       1000      785 0.034480
15490 86159       1000      735 0.034477
15491 81044       1000      822 0.034476
15492 74532       1000      795 0.034476
15493 84879       1000      804 0.034476
15494 68082       1000      790 0.034475
15495 76625       1000      793 0.034475
15496 82220       1000      781 0.034474
15497 79939       1000      740 0.034474
15498 71383       1000      795 0.034472
15499 87476       1000      772 0.034468
15500 65860       1000      808 0.034467
15501 69853       1000      806 0.034467
15502 81289       1000      806 0.034466
15503 77561       1000      787 0.034466
15504 78860       1000      785 0.034463
15505 83930       1000      813 0.034463
15506 87365       1000      808 0.034461
15507 72176       1000      806 0.034458
15508 82401       1000      798 0.034457
15509 77310       1000      792 0.034457
15510 80160       1000      792 0.034456
15511 67590       1000      803 0.034455
15512 76553       1000      775 0.034453
15513 84485       1000      800 0.034452
15514 80383       1000      699 0.034451
15515 70525       1000      796 0.034451
15516 68040       1000      794 0.034450
15517 66414       1000      808 0.034449
15518 87813       1000      804 0.034448
15519 87730       1000      740 0.034448
15520 67538       1000      724 0.034445
15521 74009       1000      720 0.034445
15522 76579       1000      789 0.034444
15523 74403       1000      784 0.034443
15524 81400       1000      728 0.034441
15525 73613       1000      808 0.034441
15526 77629       1000      796 0.034440
15527 84817       1000      777 0.034439
15528 81688       1000      803 0.034437
15529 68301       1000      790 0.034435
15530 88948       1000      816 0.034434
15531 77905       1000      803 0.034432
15532 84273       1000      701 0.034431
15533 82307       1000      730 0.034430
15534 80410       1000      809 0.034429
15535 68860       1000      777 0.034428
15536 84931       1000      798 0.034427
15537 69517       1000      799 0.034427
15538 69437       1000      795 0.034425
15539 87214       1000      796 0.034424
15540 72834       1000      803 0.034423
15541 72442       1000      798 0.034422
15542 69232       1000      768 0.034420
15543 69567       1000      809 0.034420
15544 85948       1000      814 0.034416
15545 78731       1000      802 0.034415
15546 73472       1000      786 0.034414
15547 83862       1000      814 0.034413
15548 70029       1000      738 0.034411
15549 81913       1000      719 0.034411
15550 81870       1000      709 0.034411
15551 82723       1000      723 0.034410
15552 67312       1000      730 0.034406
15553 85264       1000      728 0.034405
15554 84810       1000      785 0.034404
15555 78056       1000      699 0.034401
15556 65949       1000      813 0.034399
15557 78036       1000      806 0.034399
15558 79623       1000      776 0.034398
15559 68816       1000      806 0.034397
15560 68269       1000      775 0.034393
15561 84957       1000      798 0.034393
15562 66833       1000      795 0.034392
15563 81751       1000      716 0.034392
15564 66172       1000      814 0.034391
15565 70108       1000      715 0.034388
15566 70445       1000      788 0.034386
15567 70482       1000      797 0.034385
15568 75810       1000      821 0.034383
15569 75858       1000      785 0.034382
15570 76488       1000      779 0.034381
15571 86502       1000      799 0.034380
15572 66072       1000      774 0.034379
15573 73996       1000      736 0.034378
15574 81185       1000      788 0.034377
15575 89135       1000      811 0.034377
15576 81124       1000      810 0.034377
15577 78549       1000      807 0.034373
15578 72911       1000      802 0.034370
15579 88766       1000      704 0.034369
15580 87335       1000      797 0.034369
15581 83833       1000      812 0.034368
15582 85359       1000      807 0.034365
15583 67934       1000      791 0.034363
15584 72279       1000      833 0.034363
15585 85045       1000      806 0.034362
15586 69993       1000      802 0.034361
15587 75400       1000      785 0.034360
15588 81074       1000      706 0.034358
15589 85639       1000      790 0.034358
15590 69559       1000      819 0.034353
15591 86625       1000      717 0.034352
15592 83655       1000      802 0.034351
15593 68024       1000      775 0.034349
15594 68155       1000      718 0.034347
15595 66966       1000      791 0.034346
15596 83525       1000      818 0.034345
15597 82191       1000      785 0.034344
15598 76644       1000      806 0.034343
15599 73039       1000      803 0.034342
15600 85828       1000      798 0.034342
15601 72024       1000      812 0.034339
15602 86441       1000      791 0.034339
15603 66729       1000      789 0.034338
15604 68706       1000      792 0.034338
15605 84741       1000      801 0.034337
15606 76669       1000      787 0.034337
15607 66664       1000      792 0.034336
15608 66259       1000      794 0.034333
15609 68561       1000      730 0.034332
15610 65883       1000      779 0.034331
15611 71930       1000      804 0.034330
15612 65811       1000      794 0.034330
15613 75917       1000      814 0.034330
15614 67297       1000      727 0.034330
15615 79215       1000      792 0.034328
15616 73163       1000      816 0.034327
15617 87429       1000      783 0.034327
15618 72879       1000      790 0.034327
15619 88777       1000      804 0.034326
15620 76906       1000      715 0.034325
15621 73855       1000      785 0.034324
15622 77405       1000      809 0.034321
15623 74983       1000      718 0.034320
15624 88966       1000      789 0.034320
15625 69584       1000      792 0.034318
15626 73858       1000      809 0.034318
15627 87994       1000      820 0.034318
15628 76687       1000      812 0.034318
15629 78507       1000      807 0.034317
15630 67450       1000      819 0.034315
15631 73335       1000      793 0.034311
15632 70669       1000      793 0.034311
15633 86767       1000      790 0.034310
15634 78366       1000      804 0.034309
15635 65935       1000      719 0.034308
15636 83295       1000      812 0.034302
15637 68726       1000      799 0.034302
15638 82944       1000      793 0.034299
15639 66991       1000      790 0.034299
15640 84516       1000      719 0.034297
15641 89131       1000      807 0.034297
15642 75818       1000      792 0.034296
15643 78910       1000      795 0.034296
15644 81512       1000      808 0.034295
15645 84722       1000      728 0.034294
15646 72701       1000      842 0.034294
15647 74441       1000      751 0.034294
15648 75826       1000      813 0.034289
15649 68822       1000      807 0.034289
15650 88182       1000      712 0.034289
15651 76563       1000      724 0.034289
15652 70637       1000      823 0.034288
15653 72485       1000      802 0.034287
15654 67616       1000      786 0.034282
15655 77473       1000      712 0.034282
15656 68335       1000      822 0.034280
15657 71223       1000      793 0.034278
15658 68150       1000      790 0.034278
15659 77117       1000      794 0.034278
15660 83055       1000      707 0.034275
15661 88303       1000      746 0.034274
15662 76004       1000      741 0.034272
15663 69832       1000      792 0.034271
15664 87176       1000      808 0.034269
15665 70647       1000      807 0.034267
15666 75019       1000      784 0.034267
15667 73884       1000      770 0.034267
15668 83135       1000      786 0.034265
15669 69875       1000      775 0.034263
15670 84563       1000      813 0.034262
15671 77375       1000      791 0.034261
15672 87357       1000      804 0.034261
15673 68867       1000      802 0.034253
15674 86416       1000      695 0.034251
15675 66399       1000      820 0.034251
15676 76351       1000      813 0.034248
15677 69856       1000      801 0.034247
15678 77044       1000      785 0.034246
15679 86315       1000      801 0.034245
15680 85859       1000      807 0.034244
15681 81196       1000      793 0.034244
15682 68216       1000      814 0.034244
15683 80777       1000      742 0.034243
15684 85107       1000      794 0.034240
15685 75380       1000      784 0.034239
15686 80574       1000      801 0.034236
15687 81364       1000      804 0.034232
15688 72351       1000      735 0.034231
15689 87249       1000      785 0.034230
15690 88847       1000      786 0.034230
15691 85888       1000      806 0.034229
15692 84668       1000      809 0.034227
15693 66210       1000      776 0.034226
15694 78642       1000      811 0.034223
15695 86982       1000      786 0.034222
15696 87700       1000      794 0.034222
15697 73583       1000      725 0.034218
15698 66225       1000      810 0.034218
15699 88081       1000      815 0.034217
15700 78086       1000      798 0.034217
15701 72135       1000      804 0.034215
15702 79766       1000      789 0.034214
15703 87884       1000      832 0.034213
15704 87164       1000      804 0.034210
15705 68396       1000      819 0.034210
15706 75595       1000      814 0.034207
15707 83366       1000      803 0.034207
15708 81106       1000      819 0.034206
15709 86974       1000      806 0.034205
15710 81338       1000      811 0.034205
15711 73098       1000      783 0.034205
15712 68466       1000      795 0.034204
15713 66360       1000      773 0.034201
15714 83128       1000      798 0.034198
15715 75729       1000      795 0.034197
15716 83359       1000      739 0.034193
15717 85621       1000      810 0.034189
15718 73126       1000      803 0.034187
15719 82878       1000      808 0.034187
15720 74772       1000      767 0.034185
15721 68478       1000      814 0.034184
15722 71890       1000      807 0.034184
15723 86540       1000      790 0.034183
15724 71684       1000      818 0.034181
15725 72895       1000      797 0.034181
15726 87789       1000      789 0.034180
15727 77320       1000      795 0.034180
15728 81522       1000      803 0.034177
15729 81773       1000      798 0.034177
15730 88131       1000      804 0.034176
15731 86561       1000      807 0.034175
15732 83772       1000      788 0.034174
15733 67620       1000      809 0.034173
15734 74215       1000      709 0.034173
15735 87582       1000      805 0.034171
15736 75798       1000      717 0.034170
15737 66725       1000      777 0.034170
15738 76999       1000      819 0.034168
15739 73315       1000      800 0.034164
15740 80641       1000      795 0.034164
15741 83439       1000      792 0.034162
15742 75970       1000      797 0.034159
15743 69311       1000      813 0.034158
15744 75681       1000      722 0.034158
15745 69628       1000      724 0.034156
15746 83471       1000      791 0.034155
15747 77795       1000      790 0.034155
15748 81325       1000      803 0.034153
15749 79064       1000      722 0.034153
15750 67540       1000      715 0.034153
15751 68420       1000      806 0.034152
15752 84324       1000      809 0.034149
15753 78756       1000      800 0.034147
15754 81569       1000      814 0.034147
15755 84799       1000      789 0.034146
15756 75648       1000      814 0.034146
15757 74483       1000      729 0.034145
15758 83213       1000      812 0.034145
15759 83921       1000      796 0.034143
15760 88867       1000      793 0.034143
15761 71748       1000      807 0.034142
15762 79269       1000      721 0.034140
15763 86689       1000      807 0.034139
15764 77366       1000      815 0.034139
15765 75857       1000      821 0.034138
15766 68817       1000      808 0.034138
15767 85155       1000      824 0.034138
15768 72908       1000      702 0.034137
15769 72389       1000      792 0.034137
15770 70172       1000      791 0.034136
15771 88340       1000      796 0.034135
15772 73416       1000      809 0.034135
15773 67172       1000      797 0.034131
15774 83667       1000      829 0.034126
15775 88634       1000      787 0.034119
15776 80171       1000      808 0.034117
15777 78309       1000      805 0.034113
15778 80858       1000      718 0.034112
15779 75753       1000      813 0.034111
15780 86781       1000      720 0.034111
15781 75925       1000      789 0.034106
15782 67925       1000      785 0.034104
15783 76003       1000      808 0.034103
15784 69977       1000      797 0.034101
15785 79905       1000      798 0.034099
15786 77127       1000      783 0.034098
15787 78315       1000      728 0.034097
15788 75641       1000      805 0.034097
15789 85614       1000      805 0.034092
15790 75668       1000      811 0.034092
15791 80255       1000      788 0.034090
15792 77450       1000      797 0.034081
15793 69629       1000      785 0.034080
15794 70560       1000      809 0.034080
15795 85075       1000      794 0.034077
15796 81418       1000      794 0.034075
15797 69050       1000      780 0.034072
15798 74930       1000      816 0.034070
15799 69407       1000      789 0.034069
15800 84387       1000      795 0.034069
15801 68417       1000      798 0.034068
15802 69255       1000      805 0.034067
15803 86001       1000      802 0.034066
15804 80969       1000      787 0.034066
15805 67132       1000      820 0.034065
15806 68756       1000      819 0.034065
15807 82525       1000      774 0.034062
15808 78722       1000      806 0.034061
15809 77170       1000      802 0.034060
15810 70227       1000      724 0.034059
15811 68149       1000      796 0.034057
15812 73887       1000      815 0.034056
15813 78087       1000      807 0.034055
15814 72537       1000      786 0.034055
15815 82420       1000      811 0.034054
15816 78171       1000      815 0.034054
15817 80066       1000      795 0.034054
15818 86857       1000      802 0.034053
15819 70462       1000      788 0.034053
15820 81676       1000      714 0.034049
15821 83025       1000      800 0.034048
15822 77630       1000      694 0.034048
15823 82429       1000      818 0.034047
15824 82607       1000      799 0.034045
15825 73559       1000      811 0.034044
15826 77057       1000      804 0.034041
15827 66191       1000      781 0.034039
15828 73876       1000      796 0.034039
15829 73225       1000      800 0.034038
15830 69149       1000      801 0.034036
15831 83752       1000      784 0.034035
15832 71394       1000      805 0.034035
15833 74697       1000      799 0.034034
15834 86096       1000      714 0.034029
15835 72706       1000      795 0.034026
15836 79703       1000      810 0.034023
15837 76830       1000      791 0.034022
15838 71082       1000      802 0.034021
15839 70852       1000      788 0.034020
15840 71507       1000      788 0.034020
15841 79911       1000      793 0.034020
15842 73408       1000      789 0.034019
15843 83657       1000      697 0.034018
15844 76374       1000      799 0.034018
15845 84274       1000      802 0.034017
15846 86332       1000      806 0.034015
15847 79527       1000      819 0.034014
15848 73308       1000      724 0.034011
15849 83392       1000      807 0.034010
15850 73767       1000      728 0.034010
15851 75728       1000      796 0.034008
15852 80345       1000      804 0.034008
15853 86160       1000      803 0.034006
15854 82573       1000      812 0.034005
15855 89157       1000      812 0.034003
15856 88772       1000      726 0.034003
15857 88344       1000      801 0.033997
15858 76867       1000      805 0.033995
15859 85630       1000      724 0.033993
15860 80623       1000      786 0.033993
15861 75883       1000      792 0.033990
15862 75533       1000      794 0.033989
15863 67068       1000      818 0.033989
15864 70925       1000      806 0.033988
15865 76546       1000      696 0.033986
15866 85453       1000      796 0.033983
15867 80730       1000      799 0.033983
15868 74298       1000      812 0.033982
15869 78524       1000      789 0.033982
15870 69733       1000      801 0.033982
15871 88934       1000      804 0.033982
15872 67142       1000      807 0.033982
15873 80868       1000      791 0.033980
15874 81188       1000      789 0.033979
15875 85196       1000      742 0.033978
15876 74617       1000      798 0.033974
15877 82395       1000      803 0.033973
15878 71822       1000      789 0.033973
15879 70428       1000      810 0.033972
15880 77851       1000      793 0.033970
15881 68689       1000      768 0.033968
15882 76832       1000      775 0.033965
15883 67685       1000      787 0.033965
15884 72142       1000      792 0.033961
15885 69273       1000      793 0.033960
15886 71330       1000      768 0.033959
15887 84886       1000      804 0.033947
15888 83662       1000      799 0.033945
15889 84207       1000      806 0.033943
15890 87807       1000      730 0.033943
15891 68127       1000      802 0.033939
15892 88730       1000      810 0.033938
15893 66827       1000      792 0.033934
15894 69127       1000      791 0.033934
15895 76798       1000      790 0.033932
15896 78390       1000      801 0.033932
15897 67098       1000      717 0.033932
15898 69247       1000      786 0.033932
15899 69698       1000      721 0.033931
15900 79833       1000      838 0.033930
15901 67975       1000      702 0.033930
15902 78253       1000      729 0.033930
15903 79005       1000      814 0.033930
15904 76612       1000      759 0.033930
15905 86524       1000      709 0.033922
15906 85851       1000      779 0.033920
15907 66805       1000      816 0.033917
15908 68566       1000      740 0.033917
15909 86024       1000      791 0.033913
15910 87187       1000      804 0.033913
15911 70353       1000      789 0.033912
15912 81966       1000      799 0.033911
15913 68055       1000      788 0.033911
15914 65981       1000      830 0.033910
15915 80887       1000      771 0.033908
15916 73022       1000      802 0.033908
15917 69142       1000      797 0.033908
15918 73007       1000      790 0.033907
15919 72899       1000      797 0.033907
15920 82481       1000      786 0.033905
15921 70731       1000      792 0.033900
15922 81344       1000      802 0.033893
15923 82507       1000      767 0.033891
15924 82637       1000      782 0.033888
15925 85982       1000      825 0.033886
15926 67135       1000      734 0.033883
15927 82628       1000      803 0.033882
15928 68329       1000      715 0.033879
15929 70347       1000      800 0.033877
15930 78404       1000      808 0.033875
15931 66231       1000      802 0.033875
15932 76624       1000      785 0.033874
15933 74737       1000      791 0.033870
15934 74716       1000      794 0.033869
15935 73481       1000      801 0.033869
15936 75971       1000      804 0.033866
15937 73930       1000      726 0.033863
15938 83437       1000      785 0.033861
15939 70524       1000      725 0.033860
15940 78888       1000      744 0.033859
15941 76241       1000      802 0.033858
15942 67071       1000      788 0.033857
15943 89073       1000      784 0.033856
15944 84265       1000      829 0.033852
15945 72424       1000      808 0.033850
15946 72437       1000      806 0.033849
15947 81714       1000      725 0.033847
15948 81678       1000      739 0.033846
15949 88484       1000      809 0.033841
15950 88345       1000      799 0.033840
15951 80366       1000      785 0.033840
15952 73873       1000      809 0.033840
15953 85372       1000      826 0.033838
15954 81212       1000      811 0.033837
15955 78407       1000      807 0.033836
15956 71780       1000      812 0.033835
15957 72215       1000      727 0.033833
15958 86987       1000      771 0.033831
15959 71646       1000      808 0.033831
15960 66707       1000      804 0.033830
15961 87661       1000      800 0.033830
15962 66982       1000      692 0.033827
15963 77317       1000      781 0.033825
15964 72719       1000      766 0.033821
15965 68439       1000      795 0.033821
15966 71498       1000      814 0.033819
15967 70505       1000      787 0.033812
15968 71245       1000      810 0.033811
15969 85976       1000      790 0.033811
15970 80692       1000      775 0.033807
15971 67678       1000      790 0.033803
15972 69591       1000      814 0.033803
15973 76717       1000      799 0.033802
15974 87233       1000      779 0.033797
15975 76100       1000      817 0.033795
15976 69844       1000      783 0.033792
15977 80491       1000      803 0.033792
15978 84935       1000      780 0.033789
15979 68655       1000      799 0.033787
15980 80123       1000      742 0.033785
15981 77698       1000      811 0.033784
15982 88839       1000      812 0.033783
15983 75185       1000      825 0.033781
15984 71292       1000      817 0.033778
15985 87479       1000      804 0.033778
15986 77302       1000      736 0.033777
15987 82181       1000      808 0.033776
15988 80038       1000      796 0.033772
15989 69677       1000      793 0.033770
15990 86522       1000      794 0.033768
15991 75957       1000      778 0.033766
15992 77824       1000      725 0.033765
15993 66331       1000      808 0.033765
15994 68468       1000      803 0.033764
15995 66450       1000      733 0.033760
15996 78512       1000      796 0.033756
15997 87197       1000      798 0.033756
15998 83480       1000      793 0.033756
15999 67727       1000      821 0.033756
16000 72710       1000      786 0.033755
16001 67729       1000      723 0.033753
16002 81439       1000      810 0.033752
16003 86244       1000      774 0.033752
16004 66831       1000      788 0.033744
16005 66597       1000      805 0.033744
16006 85062       1000      701 0.033743
16007 77027       1000      795 0.033743
16008 71821       1000      793 0.033742
16009 67258       1000      806 0.033741
16010 80563       1000      803 0.033740
16011 66386       1000      779 0.033736
16012 81209       1000      798 0.033735
16013 78131       1000      815 0.033735
16014 84907       1000      795 0.033734
16015 83059       1000      711 0.033731
16016 77641       1000      744 0.033729
16017 77736       1000      815 0.033727
16018 81150       1000      780 0.033725
16019 86169       1000      786 0.033725
16020 67381       1000      824 0.033723
16021 84701       1000      781 0.033723
16022 80189       1000      812 0.033722
16023 67680       1000      767 0.033720
16024 75519       1000      788 0.033717
16025 88166       1000      721 0.033716
16026 80080       1000      788 0.033715
16027 80302       1000      750 0.033713
16028 87275       1000      815 0.033712
16029 83607       1000      729 0.033710
16030 87611       1000      778 0.033707
16031 69070       1000      800 0.033704
16032 86559       1000      812 0.033702
16033 65837       1000      728 0.033700
16034 79213       1000      793 0.033699
16035 68684       1000      813 0.033699
16036 68780       1000      797 0.033696
16037 73483       1000      811 0.033696
16038 76150       1000      789 0.033695
16039 82140       1000      775 0.033695
16040 87203       1000      707 0.033692
16041 78723       1000      797 0.033692
16042 73052       1000      783 0.033692
16043 74702       1000      800 0.033690
16044 69692       1000      778 0.033688
16045 85583       1000      787 0.033680
16046 75399       1000      796 0.033680
16047 78258       1000      768 0.033678
16048 78380       1000      817 0.033677
16049 70315       1000      797 0.033675
16050 79548       1000      795 0.033674
16051 83354       1000      816 0.033672
16052 75292       1000      807 0.033671
16053 78015       1000      805 0.033669
16054 76966       1000      818 0.033669
16055 67105       1000      787 0.033668
16056 69014       1000      725 0.033667
16057 80723       1000      802 0.033664
16058 84009       1000      712 0.033663
16059 89027       1000      800 0.033660
16060 67097       1000      794 0.033658
16061 72747       1000      800 0.033657
16062 77783       1000      788 0.033654
16063 78994       1000      722 0.033652
16064 82009       1000      796 0.033649
16065 88338       1000      802 0.033647
16066 71421       1000      733 0.033640
16067 78207       1000      806 0.033636
16068 83820       1000      787 0.033636
16069 68509       1000      728 0.033636
16070 67645       1000      796 0.033635
16071 77250       1000      812 0.033632
16072 88557       1000      817 0.033632
16073 74543       1000      820 0.033629
16074 85520       1000      728 0.033627
16075 78051       1000      790 0.033625
16076 80032       1000      779 0.033621
16077 68713       1000      734 0.033620
16078 85440       1000      794 0.033620
16079 74040       1000      787 0.033619
16080 69425       1000      779 0.033616
16081 86293       1000      795 0.033612
16082 72484       1000      784 0.033612
16083 80939       1000      803 0.033611
16084 84804       1000      805 0.033611
16085 82205       1000      785 0.033604
16086 86609       1000      703 0.033604
16087 66558       1000      769 0.033602
16088 76073       1000      781 0.033602
16089 68607       1000      816 0.033601
16090 88104       1000      807 0.033600
16091 70577       1000      799 0.033599
16092 84364       1000      795 0.033596
16093 69360       1000      792 0.033596
16094 68669       1000      794 0.033595
16095 87950       1000      784 0.033594
16096 75584       1000      773 0.033593
16097 68671       1000      710 0.033591
16098 76896       1000      806 0.033590
16099 75518       1000      793 0.033585
16100 79665       1000      738 0.033583
16101 73796       1000      740 0.033581
16102 67807       1000      804 0.033580
16103 86746       1000      708 0.033579
16104 83253       1000      793 0.033575
16105 66942       1000      794 0.033575
16106 77098       1000      802 0.033574
16107 67776       1000      792 0.033571
16108 79247       1000      820 0.033565
16109 66697       1000      817 0.033564
16110 75284       1000      712 0.033562
16111 72430       1000      717 0.033562
16112 85374       1000      816 0.033557
16113 83544       1000      701 0.033556
16114 75006       1000      782 0.033556
16115 78584       1000      775 0.033555
16116 73946       1000      720 0.033553
16117 86392       1000      793 0.033551
16118 80916       1000      806 0.033541
16119 78727       1000      819 0.033541
16120 80784       1000      806 0.033541
16121 72943       1000      808 0.033540
16122 71027       1000      780 0.033539
16123 88868       1000      789 0.033538
16124 82802       1000      781 0.033532
16125 68956       1000      807 0.033531
16126 84086       1000      807 0.033527
16127 81311       1000      788 0.033527
16128 69796       1000      782 0.033526
16129 68299       1000      787 0.033526
16130 85013       1000      813 0.033524
16131 87071       1000      786 0.033524
16132 75744       1000      810 0.033519
16133 79701       1000      813 0.033514
16134 70614       1000      795 0.033514
16135 77534       1000      808 0.033513
16136 73107       1000      798 0.033511
16137 77185       1000      801 0.033510
16138 65892       1000      717 0.033510
16139 66529       1000      802 0.033509
16140 85977       1000      806 0.033508
16141 88242       1000      716 0.033508
16142 88236       1000      715 0.033507
16143 70312       1000      806 0.033506
16144 69861       1000      739 0.033506
16145 69019       1000      797 0.033503
16146 74954       1000      725 0.033499
16147 88702       1000      721 0.033498
16148 67673       1000      792 0.033498
16149 83675       1000      780 0.033497
16150 68522       1000      814 0.033491
16151 66286       1000      724 0.033489
16152 69554       1000      828 0.033488
16153 72602       1000      829 0.033485
16154 79295       1000      801 0.033477
16155 85336       1000      809 0.033473
16156 77755       1000      691 0.033471
16157 87070       1000      815 0.033471
16158 73490       1000      827 0.033468
16159 78698       1000      792 0.033467
16160 74932       1000      794 0.033463
16161 66418       1000      811 0.033463
16162 75722       1000      806 0.033463
16163 75473       1000      787 0.033462
16164 77401       1000      794 0.033460
16165 74710       1000      811 0.033458
16166 75444       1000      781 0.033455
16167 70820       1000      687 0.033455
16168 86658       1000      819 0.033451
16169 66810       1000      800 0.033447
16170 70403       1000      794 0.033446
16171 79415       1000      790 0.033443
16172 73368       1000      777 0.033440
16173 75229       1000      797 0.033434
16174 83616       1000      798 0.033434
16175 66113       1000      805 0.033433
16176 80108       1000      803 0.033433
16177 78880       1000      812 0.033431
16178 68998       1000      731 0.033431
16179 68321       1000      807 0.033422
16180 66951       1000      795 0.033421
16181 68631       1000      791 0.033421
16182 88635       1000      783 0.033420
16183 71870       1000      804 0.033418
16184 66549       1000      820 0.033411
16185 83867       1000      718 0.033410
16186 80773       1000      802 0.033408
16187 74713       1000      798 0.033404
16188 83976       1000      715 0.033400
16189 73829       1000      800 0.033400
16190 76665       1000      795 0.033399
16191 80248       1000      818 0.033399
16192 82560       1000      733 0.033398
16193 87735       1000      724 0.033398
16194 81265       1000      809 0.033398
16195 70969       1000      738 0.033393
16196 86824       1000      792 0.033391
16197 66180       1000      722 0.033389
16198 78759       1000      812 0.033387
16199 75529       1000      815 0.033386
16200 69724       1000      788 0.033385
16201 71369       1000      788 0.033384
16202 70688       1000      800 0.033383
16203 71385       1000      809 0.033380
16204 73388       1000      797 0.033378
16205 80684       1000      793 0.033370
16206 70631       1000      785 0.033367
16207 82763       1000      811 0.033364
16208 79968       1000      801 0.033363
16209 71122       1000      808 0.033362
16210 73197       1000      798 0.033362
16211 66300       1000      769 0.033360
16212 85706       1000      714 0.033357
16213 78527       1000      801 0.033357
16214 79155       1000      821 0.033357
16215 72548       1000      730 0.033355
16216 84670       1000      798 0.033354
16217 78915       1000      798 0.033350
16218 84978       1000      784 0.033349
16219 68248       1000      809 0.033348
16220 88981       1000      783 0.033346
16221 80394       1000      811 0.033345
16222 68529       1000      796 0.033343
16223 67244       1000      784 0.033340
16224 84832       1000      797 0.033339
16225 68709       1000      807 0.033338
16226 74558       1000      724 0.033338
16227 74451       1000      786 0.033333
16228 86838       1000      823 0.033332
16229 70073       1000      806 0.033330
16230 87298       1000      793 0.033330
16231 71658       1000      829 0.033329
16232 81288       1000      793 0.033328
16233 75036       1000      810 0.033327
16234 66394       1000      806 0.033326
16235 66292       1000      796 0.033323
16236 85754       1000      801 0.033322
16237 75173       1000      786 0.033322
16238 80212       1000      821 0.033321
16239 67867       1000      811 0.033320
16240 87023       1000      793 0.033319
16241 87643       1000      791 0.033318
16242 80820       1000      790 0.033312
16243 80495       1000      793 0.033309
16244 66245       1000      770 0.033309
16245 73989       1000      796 0.033304
16246 87009       1000      792 0.033301
16247 70025       1000      736 0.033297
16248 67571       1000      802 0.033288
16249 68921       1000      784 0.033286
16250 76541       1000      801 0.033286
16251 68672       1000      803 0.033285
16252 82762       1000      811 0.033282
16253 88325       1000      698 0.033278
16254 79861       1000      721 0.033278
16255 78456       1000      818 0.033276
16256 74753       1000      816 0.033274
16257 68564       1000      789 0.033271
16258 85576       1000      798 0.033269
16259 65918       1000      798 0.033268
16260 88260       1000      801 0.033268
16261 74327       1000      813 0.033268
16262 75456       1000      803 0.033264
16263 66211       1000      799 0.033263
16264 76791       1000      816 0.033263
16265 68950       1000      809 0.033262
16266 80209       1000      763 0.033260
16267 74494       1000      803 0.033259
16268 81740       1000      715 0.033257
16269 88662       1000      812 0.033257
16270 66144       1000      770 0.033254
16271 75309       1000      781 0.033251
16272 76733       1000      781 0.033250
16273 86534       1000      778 0.033250
16274 76258       1000      801 0.033246
16275 80917       1000      795 0.033244
16276 83575       1000      715 0.033244
16277 88575       1000      826 0.033241
16278 79712       1000      806 0.033241
16279 86510       1000      807 0.033239
16280 80243       1000      805 0.033237
16281 83705       1000      795 0.033236
16282 88170       1000      801 0.033235
16283 87131       1000      714 0.033235
16284 87318       1000      813 0.033234
16285 72795       1000      803 0.033231
16286 74407       1000      779 0.033231
16287 69725       1000      788 0.033227
16288 74236       1000      714 0.033226
16289 71545       1000      821 0.033222
16290 70417       1000      802 0.033219
16291 78665       1000      813 0.033217
16292 72269       1000      795 0.033217
16293 65852       1000      705 0.033216
16294 70662       1000      807 0.033216
16295 80278       1000      730 0.033214
16296 67762       1000      803 0.033213
16297 75985       1000      808 0.033212
16298 70682       1000      795 0.033211
16299 74444       1000      826 0.033203
16300 73191       1000      798 0.033202
16301 75531       1000      734 0.033201
16302 87020       1000      799 0.033200
16303 68649       1000      800 0.033199
16304 81138       1000      803 0.033191
16305 78950       1000      806 0.033190
16306 75863       1000      770 0.033189
16307 78233       1000      779 0.033185
16308 68030       1000      728 0.033180
16309 88656       1000      793 0.033178
16310 86967       1000      811 0.033177
16311 67004       1000      713 0.033172
16312 85199       1000      796 0.033170
16313 72421       1000      713 0.033169
16314 84649       1000      799 0.033161
16315 71215       1000      733 0.033159
16316 84133       1000      812 0.033156
16317 83028       1000      805 0.033156
16318 89055       1000      806 0.033154
16319 87673       1000      815 0.033152
16320 76745       1000      748 0.033152
16321 76982       1000      784 0.033150
16322 72865       1000      796 0.033146
16323 85009       1000      803 0.033142
16324 71282       1000      752 0.033140
16325 68673       1000      805 0.033131
16326 69346       1000      797 0.033130
16327 84476       1000      777 0.033126
16328 77132       1000      808 0.033125
16329 70532       1000      718 0.033122
16330 87778       1000      801 0.033122
16331 69578       1000      807 0.033118
16332 81333       1000      779 0.033113
16333 66747       1000      800 0.033111
16334 81577       1000      789 0.033105
16335 67402       1000      801 0.033105
16336 70719       1000      797 0.033104
16337 74673       1000      802 0.033104
16338 80824       1000      770 0.033101
16339 70093       1000      798 0.033101
16340 70818       1000      793 0.033096
16341 73701       1000      796 0.033094
16342 77617       1000      799 0.033093
16343 68794       1000      820 0.033092
16344 87384       1000      799 0.033084
16345 82509       1000      786 0.033083
16346 77938       1000      801 0.033081
16347 85786       1000      776 0.033081
16348 72340       1000      795 0.033081
16349 69621       1000      784 0.033079
16350 81270       1000      773 0.033076
16351 78399       1000      798 0.033074
16352 76443       1000      784 0.033072
16353 87462       1000      805 0.033071
16354 79416       1000      806 0.033068
16355 66439       1000      812 0.033067
16356 82798       1000      802 0.033066
16357 65960       1000      739 0.033063
16358 80648       1000      806 0.033058
16359 74986       1000      791 0.033056
16360 67430       1000      808 0.033055
16361 76118       1000      803 0.033055
16362 69263       1000      817 0.033053
16363 69711       1000      797 0.033047
16364 88767       1000      806 0.033047
16365 70876       1000      788 0.033044
16366 70391       1000      815 0.033042
16367 78666       1000      778 0.033040
16368 83246       1000      822 0.033038
16369 84179       1000      808 0.033038
16370 78861       1000      776 0.033034
16371 86062       1000      798 0.033030
16372 88892       1000      810 0.033025
16373 66565       1000      790 0.033025
16374 72008       1000      795 0.033023
16375 76215       1000      734 0.033022
16376 76431       1000      810 0.033020
16377 83747       1000      719 0.033017
16378 75639       1000      782 0.033016
16379 78517       1000      800 0.033015
16380 79008       1000      717 0.033013
16381 70259       1000      731 0.033013
16382 73383       1000      810 0.033013
16383 69022       1000      701 0.033007
16384 84434       1000      821 0.033003
16385 67033       1000      807 0.032998
16386 85457       1000      804 0.032997
16387 71080       1000      803 0.032996
16388 70755       1000      795 0.032979
16389 73245       1000      724 0.032978
16390 75876       1000      797 0.032973
16391 70830       1000      807 0.032973
16392 86331       1000      803 0.032971
16393 75344       1000      740 0.032963
16394 69410       1000      729 0.032956
16395 70283       1000      825 0.032955
16396 66864       1000      784 0.032954
16397 76747       1000      819 0.032951
16398 69971       1000      711 0.032948
16399 84510       1000      809 0.032945
16400 67863       1000      781 0.032938
16401 75142       1000      716 0.032937
16402 78822       1000      790 0.032934
16403 69952       1000      784 0.032932
16404 81580       1000      781 0.032932
16405 85292       1000      786 0.032929
16406 81271       1000      801 0.032919
16407 88451       1000      809 0.032918
16408 80559       1000      809 0.032917
16409 79750       1000      735 0.032916
16410 85260       1000      812 0.032910
16411 67120       1000      786 0.032909
16412 80852       1000      789 0.032908
16413 66627       1000      817 0.032902
16414 70313       1000      819 0.032900
16415 79331       1000      707 0.032900
16416 76820       1000      784 0.032899
16417 77203       1000      701 0.032898
16418 80893       1000      798 0.032897
16419 81987       1000      813 0.032896
16420 72295       1000      792 0.032894
16421 68847       1000      789 0.032894
16422 85250       1000      794 0.032891
16423 75452       1000      789 0.032890
16424 89024       1000      791 0.032889
16425 87000       1000      808 0.032887
16426 76977       1000      804 0.032882
16427 87683       1000      771 0.032880
16428 84530       1000      809 0.032879
16429 86181       1000      789 0.032877
16430 74778       1000      804 0.032875
16431 88040       1000      805 0.032874
16432 78483       1000      808 0.032866
16433 75410       1000      820 0.032863
16434 85603       1000      725 0.032862
16435 75532       1000      783 0.032861
16436 86569       1000      729 0.032860
16437 77747       1000      798 0.032857
16438 84827       1000      821 0.032851
16439 72341       1000      796 0.032843
16440 86327       1000      813 0.032841
16441 83812       1000      792 0.032840
16442 72111       1000      795 0.032829
16443 77093       1000      809 0.032822
16444 70802       1000      800 0.032819
16445 80137       1000      788 0.032819
16446 77988       1000      804 0.032794
16447 70878       1000      806 0.032789
16448 80388       1000      822 0.032779
16449 76843       1000      800 0.032776
16450 74351       1000      795 0.032774
16451 68454       1000      780 0.032773
16452 81457       1000      785 0.032771
16453 84382       1000      714 0.032769
16454 82998       1000      787 0.032759
16455 69441       1000      804 0.032747
16456 79902       1000      792 0.032746
16457 72480       1000      792 0.032744
16458 88878       1000      794 0.032743
16459 73780       1000      795 0.032741
16460 87904       1000      785 0.032738
16461 68919       1000      791 0.032736
16462 79536       1000      810 0.032733
16463 76327       1000      788 0.032723
16464 83804       1000      793 0.032718
16465 75677       1000      795 0.032718
16466 69076       1000      791 0.032713
16467 67342       1000      783 0.032711
16468 72393       1000      798 0.032710
16469 88530       1000      798 0.032710
16470 87570       1000      817 0.032706
16471 77877       1000      794 0.032705
16472 68944       1000      805 0.032694
16473 86239       1000      726 0.032693
16474 86367       1000      802 0.032692
16475 82063       1000      805 0.032690
16476 85291       1000      790 0.032675
16477 86173       1000      803 0.032675
16478 74637       1000      783 0.032675
16479 88780       1000      786 0.032674
16480 86700       1000      740 0.032669
16481 71564       1000      701 0.032668
16482 86921       1000      803 0.032663
16483 81069       1000      814 0.032660
16484 65924       1000      801 0.032653
16485 88914       1000      808 0.032647
16486 76726       1000      793 0.032646
16487 88793       1000      792 0.032644
16488 82631       1000      793 0.032644
16489 66265       1000      796 0.032643
16490 66829       1000      805 0.032638
16491 69903       1000      816 0.032636
16492 81426       1000      729 0.032633
16493 69760       1000      797 0.032633
16494 85367       1000      822 0.032622
16495 83557       1000      809 0.032620
16496 80057       1000      781 0.032619
16497 85396       1000      723 0.032617
16498 72645       1000      793 0.032615
16499 83714       1000      819 0.032613
16500 76421       1000      801 0.032600
16501 72653       1000      814 0.032593
16502 88665       1000      801 0.032592
16503 70790       1000      795 0.032591
16504 73147       1000      807 0.032591
16505 87564       1000      789 0.032581
16506 69797       1000      725 0.032581
16507 82910       1000      809 0.032576
16508 84860       1000      807 0.032576
16509 85227       1000      795 0.032575
16510 72662       1000      806 0.032575
16511 84167       1000      777 0.032566
16512 78700       1000      792 0.032563
16513 87913       1000      794 0.032560
16514 74398       1000      799 0.032556
16515 70370       1000      792 0.032553
16516 87105       1000      788 0.032544
16517 80176       1000      795 0.032543
16518 87942       1000      807 0.032542
16519 73668       1000      801 0.032542
16520 79190       1000      801 0.032537
16521 67397       1000      705 0.032537
16522 80395       1000      814 0.032527
16523 74247       1000      775 0.032522
16524 81735       1000      802 0.032518
16525 69705       1000      820 0.032513
16526 75346       1000      798 0.032508
16527 79847       1000      806 0.032507
16528 74664       1000      786 0.032505
16529 75944       1000      803 0.032503
16530 66573       1000      797 0.032497
16531 67414       1000      713 0.032494
16532 85723       1000      742 0.032484
16533 85719       1000      816 0.032478
16534 76848       1000      794 0.032477
16535 81330       1000      822 0.032469
16536 81357       1000      791 0.032467
16537 77616       1000      793 0.032456
16538 67462       1000      818 0.032455
16539 78132       1000      782 0.032444
16540 87880       1000      791 0.032440
16541 77242       1000      799 0.032437
16542 86333       1000      836 0.032429
16543 77777       1000      804 0.032423
16544 76623       1000      804 0.032421
16545 75581       1000      807 0.032419
16546 73074       1000      690 0.032409
16547 74701       1000      798 0.032409
16548 77847       1000      791 0.032404
16549 86723       1000      803 0.032399
16550 81266       1000      721 0.032392
16551 83837       1000      785 0.032385
16552 77858       1000      774 0.032376
16553 70458       1000      752 0.032364
16554 87372       1000      821 0.032360
16555 79261       1000      817 0.032355
16556 75206       1000      803 0.032349
16557 66663       1000      814 0.032338
16558 76479       1000      794 0.032331
16559 76780       1000      802 0.032329
16560 68688       1000      796 0.032315
16561 85783       1000      798 0.032303
16562 69481       1000      806 0.032296
16563 88525       1000      809 0.032294
16564 70514       1000      790 0.032289
16565 77272       1000      783 0.032289
16566 66676       1000      797 0.032284
16567 77655       1000      737 0.032277
16568 81465       1000      786 0.032271
16569 69078       1000      797 0.032266
16570 88192       1000      753 0.032256
16571 86489       1000      805 0.032250
16572 66519       1000      791 0.032248
16573 76481       1000      784 0.032234
16574 67056       1000      799 0.032225
16575 66986       1000      778 0.032209
16576 79743       1000      781 0.032208
16577 75997       1000      789 0.032199
16578 67624       1000      802 0.032199
16579 77273       1000      791 0.032195
16580 75011       1000      799 0.032195
16581 77972       1000      722 0.032191
16582 84703       1000      720 0.032189
16583 76854       1000      807 0.032185
16584 81444       1000      811 0.032184
16585 79471       1000      819 0.032173
16586 87021       1000      719 0.032161
16587 70740       1000      821 0.032158
16588 69619       1000      811 0.032153
16589 73843       1000      798 0.032141
16590 87464       1000      796 0.032139
16591 85197       1000      771 0.032125
16592 86229       1000      793 0.032124
16593 74260       1000      801 0.032117
16594 75819       1000      814 0.032112
16595 83940       1000      809 0.032108
16596 84622       1000      707 0.032102
16597 72103       1000      784 0.032100
16598 69006       1000      798 0.032096
16599 86436       1000      814 0.032092
16600 86710       1000      797 0.032092
16601 83057       1000      818 0.032080
16602 85700       1000      818 0.032074
16603 66750       1000      751 0.032069
16604 82111       1000      729 0.032068
16605 86810       1000      824 0.032060
16606 82696       1000      791 0.032047
16607 79318       1000      765 0.032033
16608 74791       1000      798 0.032003
16609 79742       1000      735 0.032002
16610 82991       1000      796 0.031999
16611 71314       1000      699 0.031996
16612 69477       1000      815 0.031995
16613 72897       1000      787 0.031960
16614 69768       1000      805 0.031954
16615 66521       1000      794 0.031946
16616 78745       1000      791 0.031921
16617 66634       1000      792 0.031908
16618 68927       1000      802 0.031903
16619 67866       1000      809 0.031891
16620 78432       1000      725 0.031880
16621 80161       1000      792 0.031875
16622 88728       1000      734 0.031871
16623 80042       1000      782 0.031870
16624 73762       1000      799 0.031862
16625 86794       1000      802 0.031846
16626 66541       1000      718 0.031838
16627 82585       1000      784 0.031834
16628 73531       1000      804 0.031830
16629 75994       1000      797 0.031822
16630 78126       1000      781 0.031810
16631 84410       1000      801 0.031808
16632 82399       1000      770 0.031789
16633 76871       1000      802 0.031778
16634 82021       1000      821 0.031766
16635 87742       1000      707 0.031763
16636 72125       1000      778 0.031762
16637 84835       1000      809 0.031755
16638 73130       1000      805 0.031737
16639 80932       1000      704 0.031730
16640 75373       1000      793 0.031687
16641 67195       1000      799 0.031683
16642 70194       1000      735 0.031677
16643 76154       1000      725 0.031656
16644 87627       1000      823 0.031636
16645 69614       1000      805 0.031631
16646 89144       1000      778 0.031620
16647 77146       1000      804 0.031610
16648 87698       1000      801 0.031606
16649 79223       1000      744 0.031605
16650 74800       1000      796 0.031603
16651 78481       1000      807 0.031601
16652 75592       1000      789 0.031582
16653 86597       1000      804 0.031580
16654 70679       1000      798 0.031568
16655 82041       1000      792 0.031547
16656 77400       1000      789 0.031529
16657 67749       1000      797 0.031511
16658 88271       1000      779 0.031502
16659 89011       1000      813 0.031489
16660 88548       1000      761 0.031480
16661 72220       1000      808 0.031455
16662 67368       1000      798 0.031437
16663 84499       1000      695 0.031433
16664 86074       1000      791 0.031432
16665 78945       1000      716 0.031421
16666 65862       1000      787 0.031416
16667 67280       1000      785 0.031395
16668 71680       1000      812 0.031336
16669 70310       1000      810 0.031323
16670 70486       1000      783 0.031303
16671 80487       1000      812 0.031276
16672 87102       1000      785 0.031275
16673 86381       1000      798 0.031247
16674 88641       1000      798 0.031196
16675 83882       1000      808 0.031172
16676 74917       1000      820 0.031081
16677 82692       1000      791 0.031036
16678 87669       1000      824 0.031015
16679 85357       1000      804 0.030979
16680 68213       1000      835 0.030979
16681 81493       1000      816 0.030936
16682 72372       1000      811 0.030805
16683 65807       1000      778 0.030802
16684 87386       1000      806 0.030782
16685 72813       1000      806 0.030759
16686 77607       1000      811 0.030733
16687 74279       1000      784 0.030667
16688 66798       1000      785 0.030615
16689 70606       1000      810 0.030598
16690 83640       1000      786 0.030555
16691 86329       1000      788 0.030481
16692 71267       1000      782 0.030452
16693 88837       1000      801 0.030445
16694 77180       1000      785 0.030441
16695 69969       1000      790 0.030335
16696 76204       1000      807 0.030185
16697 76071       1000      818 0.030024
16698 87245       1000      784 0.029398
16699 65810       1000        0      NaN
16700 65828       1000        0      NaN
16701 65835       1000        0      NaN
16702 65842       1000        0      NaN
16703 65855       1000        0      NaN
16704 65857       1000        0      NaN
16705 65858       1000        0      NaN
16706 65867       1000        0      NaN
16707 65877       1000        0      NaN
16708 65887       1000        0      NaN
16709 65888       1000        0      NaN
16710 65891       1000        0      NaN
16711 65895       1000        0      NaN
16712 65907       1000        0      NaN
16713 65910       1000        0      NaN
16714 65919       1000        0      NaN
16715 65932       1000        0      NaN
16716 65938       1000        0      NaN
16717 65942       1000        0      NaN
16718 65943       1000        0      NaN
16719 65947       1000        0      NaN
16720 65948       1000        0      NaN
16721 65953       1000        0      NaN
16722 65965       1000        0      NaN
16723 65969       1000        0      NaN
16724 65976       1000        0      NaN
16725 65995       1000        0      NaN
16726 66000       1000        0      NaN
16727 66004       1000        0      NaN
16728 66015       1000        0      NaN
16729 66019       1000        0      NaN
16730 66021       1000        0      NaN
16731 66024       1000        0      NaN
16732 66028       1000        0      NaN
16733 66029       1000        0      NaN
16734 66038       1000        0      NaN
16735 66042       1000        0      NaN
16736 66051       1000        0      NaN
16737 66057       1000        0      NaN
16738 66062       1000        0      NaN
16739 66063       1000        0      NaN
16740 66067       1000        0      NaN
16741 66073       1000        0      NaN
16742 66075       1000        0      NaN
16743 66079       1000        0      NaN
16744 66093       1000        0      NaN
16745 66112       1000        0      NaN
16746 66130       1000        0      NaN
16747 66133       1000        0      NaN
16748 66137       1000        0      NaN
16749 66138       1000        0      NaN
16750 66149       1000        0      NaN
16751 66159       1000        0      NaN
16752 66163       1000        0      NaN
16753 66167       1000        0      NaN
16754 66171       1000        0      NaN
16755 66176       1000        0      NaN
16756 66183       1000        0      NaN
16757 66185       1000        0      NaN
16758 66187       1000        0      NaN
16759 66189       1000        0      NaN
16760 66190       1000        0      NaN
16761 66193       1000        0      NaN
16762 66203       1000        0      NaN
16763 66204       1000        0      NaN
16764 66213       1000        0      NaN
16765 66216       1000        0      NaN
16766 66221       1000        0      NaN
16767 66229       1000        0      NaN
16768 66238       1000        0      NaN
16769 66250       1000        0      NaN
16770 66257       1000        0      NaN
16771 66258       1000        0      NaN
16772 66260       1000        0      NaN
16773 66268       1000        0      NaN
16774 66276       1000        0      NaN
16775 66289       1000        0      NaN
16776 66291       1000        0      NaN
16777 66298       1000        0      NaN
16778 66304       1000        0      NaN
16779 66308       1000        0      NaN
16780 66309       1000        0      NaN
16781 66314       1000        0      NaN
16782 66316       1000        0      NaN
16783 66317       1000        0      NaN
16784 66318       1000        0      NaN
16785 66325       1000        0      NaN
16786 66334       1000        0      NaN
16787 66336       1000        0      NaN
16788 66339       1000        0      NaN
16789 66341       1000        0      NaN
16790 66355       1000        0      NaN
16791 66387       1000        0      NaN
16792 66391       1000        0      NaN
16793 66400       1000        0      NaN
16794 66417       1000        0      NaN
16795 66420       1000        0      NaN
16796 66449       1000        0      NaN
16797 66453       1000        0      NaN
16798 66456       1000        0      NaN
16799 66478       1000        0      NaN
16800 66494       1000        0      NaN
16801 66496       1000        0      NaN
16802 66501       1000        0      NaN
16803 66506       1000        0      NaN
16804 66510       1000        0      NaN
16805 66516       1000        0      NaN
16806 66523       1000        0      NaN
16807 66543       1000        0      NaN
16808 66546       1000        0      NaN
16809 66559       1000        0      NaN
16810 66571       1000        0      NaN
16811 66584       1000        0      NaN
16812 66590       1000        0      NaN
16813 66595       1000        0      NaN
16814 66608       1000        0      NaN
16815 66609       1000        0      NaN
16816 66613       1000        0      NaN
16817 66617       1000        0      NaN
16818 66620       1000        0      NaN
16819 66624       1000        0      NaN
16820 66628       1000        0      NaN
16821 66635       1000        0      NaN
16822 66645       1000        0      NaN
16823 66646       1000        0      NaN
16824 66651       1000        0      NaN
16825 66677       1000        0      NaN
16826 66690       1000        0      NaN
16827 66694       1000        0      NaN
16828 66699       1000        0      NaN
16829 66705       1000        0      NaN
16830 66708       1000        0      NaN
16831 66714       1000        0      NaN
16832 66717       1000        0      NaN
16833 66720       1000        0      NaN
16834 66723       1000        0      NaN
16835 66735       1000        0      NaN
16836 66740       1000        0      NaN
16837 66742       1000        0      NaN
16838 66748       1000        0      NaN
16839 66759       1000        0      NaN
16840 66766       1000        0      NaN
16841 66780       1000        0      NaN
16842 66781       1000        0      NaN
16843 66789       1000        0      NaN
16844 66797       1000        0      NaN
16845 66814       1000        0      NaN
16846 66819       1000        0      NaN
16847 66821       1000        0      NaN
16848 66832       1000        0      NaN
16849 66842       1000        0      NaN
16850 66856       1000        0      NaN
16851 66870       1000        0      NaN
16852 66877       1000        0      NaN
16853 66891       1000        0      NaN
16854 66899       1000        0      NaN
16855 66901       1000        0      NaN
16856 66914       1000        0      NaN
16857 66924       1000        0      NaN
16858 66925       1000        0      NaN
16859 66937       1000        0      NaN
16860 66940       1000        0      NaN
16861 66952       1000        0      NaN
16862 66959       1000        0      NaN
16863 66961       1000        0      NaN
16864 66963       1000        0      NaN
16865 66970       1000        0      NaN
16866 66993       1000        0      NaN
16867 66996       1000        0      NaN
16868 66998       1000        0      NaN
16869 67043       1000        0      NaN
16870 67047       1000        0      NaN
16871 67050       1000        0      NaN
16872 67052       1000        0      NaN
16873 67067       1000        0      NaN
16874 67089       1000        0      NaN
16875 67101       1000        0      NaN
16876 67114       1000        0      NaN
16877 67127       1000        0      NaN
16878 67129       1000        0      NaN
16879 67130       1000        0      NaN
16880 67134       1000        0      NaN
16881 67145       1000        0      NaN
16882 67148       1000        0      NaN
16883 67155       1000        0      NaN
16884 67157       1000        0      NaN
16885 67160       1000        0      NaN
16886 67161       1000        0      NaN
16887 67164       1000        0      NaN
16888 67170       1000        0      NaN
16889 67171       1000        0      NaN
16890 67197       1000        0      NaN
16891 67207       1000        0      NaN
16892 67208       1000        0      NaN
16893 67216       1000        0      NaN
16894 67219       1000        0      NaN
16895 67237       1000        0      NaN
16896 67238       1000        0      NaN
16897 67243       1000        0      NaN
16898 67246       1000        0      NaN
16899 67254       1000        0      NaN
16900 67255       1000        0      NaN
16901 67264       1000        0      NaN
16902 67276       1000        0      NaN
16903 67285       1000        0      NaN
16904 67289       1000        0      NaN
16905 67294       1000        0      NaN
16906 67301       1000        0      NaN
16907 67304       1000        0      NaN
16908 67307       1000        0      NaN
16909 67321       1000        0      NaN
16910 67324       1000        0      NaN
16911 67325       1000        0      NaN
16912 67331       1000        0      NaN
16913 67332       1000        0      NaN
16914 67338       1000        0      NaN
16915 67343       1000        0      NaN
16916 67346       1000        0      NaN
16917 67357       1000        0      NaN
16918 67366       1000        0      NaN
16919 67367       1000        0      NaN
16920 67391       1000        0      NaN
16921 67394       1000        0      NaN
16922 67404       1000        0      NaN
16923 67405       1000        0      NaN
16924 67409       1000        0      NaN
16925 67420       1000        0      NaN
16926 67429       1000        0      NaN
16927 67433       1000        0      NaN
16928 67455       1000        0      NaN
16929 67463       1000        0      NaN
16930 67465       1000        0      NaN
16931 67469       1000        0      NaN
16932 67484       1000        0      NaN
16933 67485       1000        0      NaN
16934 67502       1000        0      NaN
16935 67513       1000        0      NaN
16936 67521       1000        0      NaN
16937 67524       1000        0      NaN
16938 67525       1000        0      NaN
16939 67528       1000        0      NaN
16940 67535       1000        0      NaN
16941 67536       1000        0      NaN
16942 67552       1000        0      NaN
16943 67561       1000        0      NaN
16944 67564       1000        0      NaN
16945 67567       1000        0      NaN
16946 67573       1000        0      NaN
16947 67574       1000        0      NaN
16948 67577       1000        0      NaN
16949 67578       1000        0      NaN
16950 67580       1000        0      NaN
16951 67592       1000        0      NaN
16952 67603       1000        0      NaN
16953 67606       1000        0      NaN
16954 67607       1000        0      NaN
16955 67608       1000        0      NaN
16956 67613       1000        0      NaN
16957 67622       1000        0      NaN
16958 67623       1000        0      NaN
16959 67633       1000        0      NaN
16960 67656       1000        0      NaN
16961 67662       1000        0      NaN
16962 67674       1000        0      NaN
16963 67682       1000        0      NaN
16964 67693       1000        0      NaN
16965 67694       1000        0      NaN
16966 67708       1000        0      NaN
16967 67709       1000        0      NaN
16968 67737       1000        0      NaN
16969 67757       1000        0      NaN
16970 67761       1000        0      NaN
16971 67773       1000        0      NaN
16972 67775       1000        0      NaN
16973 67787       1000        0      NaN
16974 67812       1000        0      NaN
16975 67818       1000        0      NaN
16976 67826       1000        0      NaN
16977 67828       1000        0      NaN
16978 67832       1000        0      NaN
16979 67852       1000        0      NaN
16980 67858       1000        0      NaN
16981 67868       1000        0      NaN
16982 67882       1000        0      NaN
16983 67883       1000        0      NaN
16984 67884       1000        0      NaN
16985 67886       1000        0      NaN
16986 67896       1000        0      NaN
16987 67903       1000        0      NaN
16988 67905       1000        0      NaN
16989 67908       1000        0      NaN
16990 67912       1000        0      NaN
16991 67922       1000        0      NaN
16992 67924       1000        0      NaN
16993 67926       1000        0      NaN
16994 67931       1000        0      NaN
16995 67943       1000        0      NaN
16996 67950       1000        0      NaN
16997 67956       1000        0      NaN
16998 67959       1000        0      NaN
16999 67978       1000        0      NaN
17000 67985       1000        0      NaN
17001 67986       1000        0      NaN
17002 68019       1000        0      NaN
17003 68027       1000        0      NaN
17004 68028       1000        0      NaN
17005 68087       1000        0      NaN
17006 68090       1000        0      NaN
17007 68092       1000        0      NaN
17008 68103       1000        0      NaN
17009 68108       1000        0      NaN
17010 68112       1000        0      NaN
17011 68126       1000        0      NaN
17012 68130       1000        0      NaN
17013 68138       1000        0      NaN
17014 68139       1000        0      NaN
17015 68154       1000        0      NaN
17016 68161       1000        0      NaN
17017 68165       1000        0      NaN
17018 68170       1000        0      NaN
17019 68180       1000        0      NaN
17020 68189       1000        0      NaN
17021 68194       1000        0      NaN
17022 68199       1000        0      NaN
17023 68201       1000        0      NaN
17024 68202       1000        0      NaN
17025 68207       1000        0      NaN
17026 68208       1000        0      NaN
17027 68212       1000        0      NaN
17028 68215       1000        0      NaN
17029 68218       1000        0      NaN
17030 68231       1000        0      NaN
17031 68233       1000        0      NaN
17032 68235       1000        0      NaN
17033 68236       1000        0      NaN
17034 68237       1000        0      NaN
17035 68238       1000        0      NaN
17036 68246       1000        0      NaN
17037 68249       1000        0      NaN
17038 68255       1000        0      NaN
17039 68265       1000        0      NaN
17040 68268       1000        0      NaN
17041 68276       1000        0      NaN
17042 68277       1000        0      NaN
17043 68279       1000        0      NaN
17044 68286       1000        0      NaN
17045 68304       1000        0      NaN
17046 68310       1000        0      NaN
17047 68315       1000        0      NaN
17048 68317       1000        0      NaN
17049 68318       1000        0      NaN
17050 68320       1000        0      NaN
17051 68326       1000        0      NaN
17052 68343       1000        0      NaN
17053 68352       1000        0      NaN
17054 68357       1000        0      NaN
17055 68361       1000        0      NaN
17056 68371       1000        0      NaN
17057 68373       1000        0      NaN
17058 68374       1000        0      NaN
17059 68380       1000        0      NaN
17060 68383       1000        0      NaN
17061 68394       1000        0      NaN
17062 68413       1000        0      NaN
17063 68438       1000        0      NaN
17064 68455       1000        0      NaN
17065 68460       1000        0      NaN
17066 68462       1000        0      NaN
17067 68467       1000        0      NaN
17068 68470       1000        0      NaN
17069 68487       1000        0      NaN
17070 68490       1000        0      NaN
17071 68496       1000        0      NaN
17072 68501       1000        0      NaN
17073 68503       1000        0      NaN
17074 68504       1000        0      NaN
17075 68507       1000        0      NaN
17076 68525       1000        0      NaN
17077 68526       1000        0      NaN
17078 68530       1000        0      NaN
17079 68531       1000        0      NaN
17080 68532       1000        0      NaN
17081 68544       1000        0      NaN
17082 68547       1000        0      NaN
17083 68553       1000        0      NaN
17084 68559       1000        0      NaN
17085 68565       1000        0      NaN
17086 68583       1000        0      NaN
17087 68589       1000        0      NaN
17088 68591       1000        0      NaN
17089 68601       1000        0      NaN
17090 68616       1000        0      NaN
17091 68619       1000        0      NaN
17092 68628       1000        0      NaN
17093 68634       1000        0      NaN
17094 68639       1000        0      NaN
17095 68660       1000        0      NaN
17096 68663       1000        0      NaN
17097 68666       1000        0      NaN
17098 68677       1000        0      NaN
17099 68691       1000        0      NaN
17100 68704       1000        0      NaN
17101 68710       1000        0      NaN
17102 68712       1000        0      NaN
17103 68722       1000        0      NaN
17104 68727       1000        0      NaN
17105 68734       1000        0      NaN
17106 68736       1000        0      NaN
17107 68738       1000        0      NaN
17108 68739       1000        0      NaN
17109 68749       1000        0      NaN
17110 68755       1000        0      NaN
17111 68759       1000        0      NaN
17112 68769       1000        0      NaN
17113 68773       1000        0      NaN
17114 68775       1000        0      NaN
17115 68779       1000        0      NaN
17116 68782       1000        0      NaN
17117 68787       1000        0      NaN
17118 68791       1000        0      NaN
17119 68820       1000        0      NaN
17120 68824       1000        0      NaN
17121 68828       1000        0      NaN
17122 68836       1000        0      NaN
17123 68839       1000        0      NaN
17124 68845       1000        0      NaN
17125 68850       1000        0      NaN
17126 68871       1000        0      NaN
17127 68875       1000        0      NaN
17128 68880       1000        0      NaN
17129 68882       1000        0      NaN
17130 68884       1000        0      NaN
17131 68890       1000        0      NaN
17132 68928       1000        0      NaN
17133 68939       1000        0      NaN
17134 68955       1000        0      NaN
17135 68965       1000        0      NaN
17136 68966       1000        0      NaN
17137 68979       1000        0      NaN
17138 68989       1000        0      NaN
17139 68990       1000        0      NaN
17140 68995       1000        0      NaN
17141 68997       1000        0      NaN
17142 69013       1000        0      NaN
17143 69024       1000        0      NaN
17144 69025       1000        0      NaN
17145 69029       1000        0      NaN
17146 69033       1000        0      NaN
17147 69039       1000        0      NaN
17148 69042       1000        0      NaN
17149 69054       1000        0      NaN
17150 69060       1000        0      NaN
17151 69064       1000        0      NaN
17152 69074       1000        0      NaN
17153 69077       1000        0      NaN
17154 69080       1000        0      NaN
17155 69094       1000        0      NaN
17156 69099       1000        0      NaN
17157 69128       1000        0      NaN
17158 69129       1000        0      NaN
17159 69141       1000        0      NaN
17160 69144       1000        0      NaN
17161 69145       1000        0      NaN
17162 69179       1000        0      NaN
17163 69182       1000        0      NaN
17164 69190       1000        0      NaN
17165 69193       1000        0      NaN
17166 69214       1000        0      NaN
17167 69217       1000        0      NaN
17168 69220       1000        0      NaN
17169 69224       1000        0      NaN
17170 69227       1000        0      NaN
17171 69229       1000        0      NaN
17172 69237       1000        0      NaN
17173 69238       1000        0      NaN
17174 69250       1000        0      NaN
17175 69253       1000        0      NaN
17176 69282       1000        0      NaN
17177 69291       1000        0      NaN
17178 69292       1000        0      NaN
17179 69302       1000        0      NaN
17180 69323       1000        0      NaN
17181 69327       1000        0      NaN
17182 69332       1000        0      NaN
17183 69355       1000        0      NaN
17184 69358       1000        0      NaN
17185 69359       1000        0      NaN
17186 69361       1000        0      NaN
17187 69364       1000        0      NaN
17188 69369       1000        0      NaN
17189 69372       1000        0      NaN
17190 69386       1000        0      NaN
17191 69396       1000        0      NaN
17192 69403       1000        0      NaN
17193 69406       1000        0      NaN
17194 69409       1000        0      NaN
17195 69415       1000        0      NaN
17196 69423       1000        0      NaN
17197 69424       1000        0      NaN
17198 69439       1000        0      NaN
17199 69443       1000        0      NaN
17200 69447       1000        0      NaN
17201 69459       1000        0      NaN
17202 69460       1000        0      NaN
17203 69468       1000        0      NaN
17204 69479       1000        0      NaN
17205 69482       1000        0      NaN
17206 69486       1000        0      NaN
17207 69492       1000        0      NaN
17208 69497       1000        0      NaN
17209 69506       1000        0      NaN
17210 69507       1000        0      NaN
17211 69510       1000        0      NaN
17212 69518       1000        0      NaN
17213 69523       1000        0      NaN
17214 69524       1000        0      NaN
17215 69525       1000        0      NaN
17216 69527       1000        0      NaN
17217 69550       1000        0      NaN
17218 69565       1000        0      NaN
17219 69576       1000        0      NaN
17220 69581       1000        0      NaN
17221 69589       1000        0      NaN
17222 69600       1000        0      NaN
17223 69601       1000        0      NaN
17224 69609       1000        0      NaN
17225 69612       1000        0      NaN
17226 69613       1000        0      NaN
17227 69616       1000        0      NaN
17228 69620       1000        0      NaN
17229 69623       1000        0      NaN
17230 69642       1000        0      NaN
17231 69647       1000        0      NaN
17232 69653       1000        0      NaN
17233 69658       1000        0      NaN
17234 69659       1000        0      NaN
17235 69686       1000        0      NaN
17236 69689       1000        0      NaN
17237 69695       1000        0      NaN
17238 69707       1000        0      NaN
17239 69713       1000        0      NaN
17240 69716       1000        0      NaN
17241 69717       1000        0      NaN
17242 69719       1000        0      NaN
17243 69721       1000        0      NaN
17244 69722       1000        0      NaN
17245 69731       1000        0      NaN
17246 69758       1000        0      NaN
17247 69764       1000        0      NaN
17248 69773       1000        0      NaN
17249 69794       1000        0      NaN
17250 69800       1000        0      NaN
17251 69801       1000        0      NaN
17252 69819       1000        0      NaN
17253 69822       1000        0      NaN
17254 69824       1000        0      NaN
17255 69827       1000        0      NaN
17256 69830       1000        0      NaN
17257 69859       1000        0      NaN
17258 69863       1000        0      NaN
17259 69881       1000        0      NaN
17260 69886       1000        0      NaN
17261 69891       1000        0      NaN
17262 69900       1000        0      NaN
17263 69910       1000        0      NaN
17264 69920       1000        0      NaN
17265 69932       1000        0      NaN
17266 69935       1000        0      NaN
17267 69936       1000        0      NaN
17268 69937       1000        0      NaN
17269 69938       1000        0      NaN
17270 69940       1000        0      NaN
17271 69956       1000        0      NaN
17272 69963       1000        0      NaN
17273 69964       1000        0      NaN
17274 70002       1000        0      NaN
17275 70013       1000        0      NaN
17276 70016       1000        0      NaN
17277 70018       1000        0      NaN
17278 70021       1000        0      NaN
17279 70026       1000        0      NaN
17280 70041       1000        0      NaN
17281 70054       1000        0      NaN
17282 70063       1000        0      NaN
17283 70068       1000        0      NaN
17284 70075       1000        0      NaN
17285 70084       1000        0      NaN
17286 70092       1000        0      NaN
17287 70095       1000        0      NaN
17288 70105       1000        0      NaN
17289 70123       1000        0      NaN
17290 70130       1000        0      NaN
17291 70136       1000        0      NaN
17292 70144       1000        0      NaN
17293 70145       1000        0      NaN
17294 70153       1000        0      NaN
17295 70155       1000        0      NaN
17296 70167       1000        0      NaN
17297 70176       1000        0      NaN
17298 70179       1000        0      NaN
17299 70195       1000        0      NaN
17300 70201       1000        0      NaN
17301 70207       1000        0      NaN
17302 70229       1000        0      NaN
17303 70233       1000        0      NaN
17304 70248       1000        0      NaN
17305 70263       1000        0      NaN
17306 70272       1000        0      NaN
17307 70277       1000        0      NaN
17308 70278       1000        0      NaN
17309 70291       1000        0      NaN
17310 70298       1000        0      NaN
17311 70305       1000        0      NaN
17312 70318       1000        0      NaN
17313 70319       1000        0      NaN
17314 70328       1000        0      NaN
17315 70336       1000        0      NaN
17316 70339       1000        0      NaN
17317 70344       1000        0      NaN
17318 70346       1000        0      NaN
17319 70348       1000        0      NaN
17320 70352       1000        0      NaN
17321 70361       1000        0      NaN
17322 70363       1000        0      NaN
17323 70372       1000        0      NaN
17324 70383       1000        0      NaN
17325 70397       1000        0      NaN
17326 70400       1000        0      NaN
17327 70405       1000        0      NaN
17328 70418       1000        0      NaN
17329 70427       1000        0      NaN
17330 70435       1000        0      NaN
17331 70442       1000        0      NaN
17332 70451       1000        0      NaN
17333 70452       1000        0      NaN
17334 70457       1000        0      NaN
17335 70476       1000        0      NaN
17336 70480       1000        0      NaN
17337 70492       1000        0      NaN
17338 70493       1000        0      NaN
17339 70498       1000        0      NaN
17340 70499       1000        0      NaN
17341 70500       1000        0      NaN
17342 70501       1000        0      NaN
17343 70506       1000        0      NaN
17344 70516       1000        0      NaN
17345 70528       1000        0      NaN
17346 70530       1000        0      NaN
17347 70533       1000        0      NaN
17348 70543       1000        0      NaN
17349 70544       1000        0      NaN
17350 70558       1000        0      NaN
17351 70559       1000        0      NaN
17352 70564       1000        0      NaN
17353 70572       1000        0      NaN
17354 70578       1000        0      NaN
17355 70581       1000        0      NaN
17356 70602       1000        0      NaN
17357 70611       1000        0      NaN
17358 70617       1000        0      NaN
17359 70623       1000        0      NaN
17360 70625       1000        0      NaN
17361 70627       1000        0      NaN
17362 70633       1000        0      NaN
17363 70634       1000        0      NaN
17364 70644       1000        0      NaN
17365 70650       1000        0      NaN
17366 70651       1000        0      NaN
17367 70658       1000        0      NaN
17368 70664       1000        0      NaN
17369 70683       1000        0      NaN
17370 70689       1000        0      NaN
17371 70704       1000        0      NaN
17372 70707       1000        0      NaN
17373 70716       1000        0      NaN
17374 70722       1000        0      NaN
17375 70742       1000        0      NaN
17376 70744       1000        0      NaN
17377 70746       1000        0      NaN
17378 70754       1000        0      NaN
17379 70757       1000        0      NaN
17380 70766       1000        0      NaN
17381 70767       1000        0      NaN
17382 70780       1000        0      NaN
17383 70781       1000        0      NaN
17384 70786       1000        0      NaN
17385 70788       1000        0      NaN
17386 70793       1000        0      NaN
17387 70798       1000        0      NaN
17388 70805       1000        0      NaN
17389 70806       1000        0      NaN
17390 70809       1000        0      NaN
17391 70810       1000        0      NaN
17392 70829       1000        0      NaN
17393 70833       1000        0      NaN
17394 70842       1000        0      NaN
17395 70844       1000        0      NaN
17396 70848       1000        0      NaN
17397 70853       1000        0      NaN
17398 70859       1000        0      NaN
17399 70869       1000        0      NaN
17400 70889       1000        0      NaN
17401 70890       1000        0      NaN
17402 70891       1000        0      NaN
17403 70904       1000        0      NaN
17404 70906       1000        0      NaN
17405 70912       1000        0      NaN
17406 70914       1000        0      NaN
17407 70921       1000        0      NaN
17408 70924       1000        0      NaN
17409 70926       1000        0      NaN
17410 70928       1000        0      NaN
17411 70943       1000        0      NaN
17412 70944       1000        0      NaN
17413 70948       1000        0      NaN
17414 70954       1000        0      NaN
17415 70960       1000        0      NaN
17416 70965       1000        0      NaN
17417 70974       1000        0      NaN
17418 70979       1000        0      NaN
17419 70989       1000        0      NaN
17420 70990       1000        0      NaN
17421 71000       1000        0      NaN
17422 71002       1000        0      NaN
17423 71007       1000        0      NaN
17424 71023       1000        0      NaN
17425 71035       1000        0      NaN
17426 71041       1000        0      NaN
17427 71046       1000        0      NaN
17428 71048       1000        0      NaN
17429 71053       1000        0      NaN
17430 71062       1000        0      NaN
17431 71066       1000        0      NaN
17432 71076       1000        0      NaN
17433 71081       1000        0      NaN
17434 71084       1000        0      NaN
17435 71090       1000        0      NaN
17436 71093       1000        0      NaN
17437 71096       1000        0      NaN
17438 71103       1000        0      NaN
17439 71105       1000        0      NaN
17440 71109       1000        0      NaN
17441 71118       1000        0      NaN
17442 71119       1000        0      NaN
17443 71129       1000        0      NaN
17444 71132       1000        0      NaN
17445 71143       1000        0      NaN
17446 71145       1000        0      NaN
17447 71147       1000        0      NaN
17448 71151       1000        0      NaN
17449 71163       1000        0      NaN
17450 71169       1000        0      NaN
17451 71182       1000        0      NaN
17452 71191       1000        0      NaN
17453 71192       1000        0      NaN
17454 71204       1000        0      NaN
17455 71211       1000        0      NaN
17456 71212       1000        0      NaN
17457 71225       1000        0      NaN
17458 71231       1000        0      NaN
17459 71252       1000        0      NaN
17460 71258       1000        0      NaN
17461 71287       1000        0      NaN
17462 71288       1000        0      NaN
17463 71290       1000        0      NaN
17464 71304       1000        0      NaN
17465 71308       1000        0      NaN
17466 71310       1000        0      NaN
17467 71313       1000        0      NaN
17468 71316       1000        0      NaN
17469 71317       1000        0      NaN
17470 71326       1000        0      NaN
17471 71328       1000        0      NaN
17472 71340       1000        0      NaN
17473 71353       1000        0      NaN
17474 71356       1000        0      NaN
17475 71359       1000        0      NaN
17476 71367       1000        0      NaN
17477 71373       1000        0      NaN
17478 71378       1000        0      NaN
17479 71387       1000        0      NaN
17480 71390       1000        0      NaN
17481 71392       1000        0      NaN
17482 71411       1000        0      NaN
17483 71425       1000        0      NaN
17484 71427       1000        0      NaN
17485 71428       1000        0      NaN
17486 71431       1000        0      NaN
17487 71447       1000        0      NaN
17488 71452       1000        0      NaN
17489 71453       1000        0      NaN
17490 71454       1000        0      NaN
17491 71455       1000        0      NaN
17492 71459       1000        0      NaN
17493 71467       1000        0      NaN
17494 71469       1000        0      NaN
17495 71470       1000        0      NaN
17496 71473       1000        0      NaN
17497 71474       1000        0      NaN
17498 71482       1000        0      NaN
17499 71499       1000        0      NaN
17500 71510       1000        0      NaN
17501 71511       1000        0      NaN
17502 71517       1000        0      NaN
17503 71524       1000        0      NaN
17504 71534       1000        0      NaN
17505 71537       1000        0      NaN
17506 71539       1000        0      NaN
17507 71543       1000        0      NaN
17508 71550       1000        0      NaN
17509 71562       1000        0      NaN
17510 71565       1000        0      NaN
17511 71582       1000        0      NaN
17512 71595       1000        0      NaN
17513 71600       1000        0      NaN
17514 71608       1000        0      NaN
17515 71618       1000        0      NaN
17516 71625       1000        0      NaN
17517 71637       1000        0      NaN
17518 71644       1000        0      NaN
17519 71663       1000        0      NaN
17520 71665       1000        0      NaN
17521 71673       1000        0      NaN
17522 71675       1000        0      NaN
17523 71678       1000        0      NaN
17524 71690       1000        0      NaN
17525 71730       1000        0      NaN
17526 71744       1000        0      NaN
17527 71754       1000        0      NaN
17528 71755       1000        0      NaN
17529 71759       1000        0      NaN
17530 71763       1000        0      NaN
17531 71771       1000        0      NaN
17532 71776       1000        0      NaN
17533 71777       1000        0      NaN
17534 71791       1000        0      NaN
17535 71797       1000        0      NaN
17536 71801       1000        0      NaN
17537 71813       1000        0      NaN
17538 71816       1000        0      NaN
17539 71834       1000        0      NaN
17540 71837       1000        0      NaN
17541 71841       1000        0      NaN
17542 71844       1000        0      NaN
17543 71845       1000        0      NaN
17544 71848       1000        0      NaN
17545 71868       1000        0      NaN
17546 71874       1000        0      NaN
17547 71875       1000        0      NaN
17548 71888       1000        0      NaN
17549 71895       1000        0      NaN
17550 71896       1000        0      NaN
17551 71903       1000        0      NaN
17552 71905       1000        0      NaN
17553 71906       1000        0      NaN
17554 71907       1000        0      NaN
17555 71923       1000        0      NaN
17556 71926       1000        0      NaN
17557 71935       1000        0      NaN
17558 71942       1000        0      NaN
17559 71963       1000        0      NaN
17560 71970       1000        0      NaN
17561 71972       1000        0      NaN
17562 71973       1000        0      NaN
17563 71987       1000        0      NaN
17564 71990       1000        0      NaN
17565 71997       1000        0      NaN
17566 72003       1000        0      NaN
17567 72021       1000        0      NaN
17568 72027       1000        0      NaN
17569 72038       1000        0      NaN
17570 72045       1000        0      NaN
17571 72046       1000        0      NaN
17572 72047       1000        0      NaN
17573 72057       1000        0      NaN
17574 72058       1000        0      NaN
17575 72062       1000        0      NaN
17576 72067       1000        0      NaN
17577 72072       1000        0      NaN
17578 72083       1000        0      NaN
17579 72089       1000        0      NaN
17580 72105       1000        0      NaN
17581 72119       1000        0      NaN
17582 72122       1000        0      NaN
17583 72128       1000        0      NaN
17584 72132       1000        0      NaN
17585 72137       1000        0      NaN
17586 72139       1000        0      NaN
17587 72151       1000        0      NaN
17588 72152       1000        0      NaN
17589 72163       1000        0      NaN
17590 72172       1000        0      NaN
17591 72201       1000        0      NaN
17592 72203       1000        0      NaN
17593 72207       1000        0      NaN
17594 72211       1000        0      NaN
17595 72224       1000        0      NaN
17596 72233       1000        0      NaN
17597 72238       1000        0      NaN
17598 72244       1000        0      NaN
17599 72253       1000        0      NaN
17600 72257       1000        0      NaN
17601 72260       1000        0      NaN
17602 72288       1000        0      NaN
17603 72293       1000        0      NaN
17604 72307       1000        0      NaN
17605 72316       1000        0      NaN
17606 72348       1000        0      NaN
17607 72350       1000        0      NaN
17608 72355       1000        0      NaN
17609 72356       1000        0      NaN
17610 72359       1000        0      NaN
17611 72362       1000        0      NaN
17612 72364       1000        0      NaN
17613 72365       1000        0      NaN
17614 72371       1000        0      NaN
17615 72375       1000        0      NaN
17616 72396       1000        0      NaN
17617 72414       1000        0      NaN
17618 72425       1000        0      NaN
17619 72436       1000        0      NaN
17620 72447       1000        0      NaN
17621 72452       1000        0      NaN
17622 72457       1000        0      NaN
17623 72467       1000        0      NaN
17624 72500       1000        0      NaN
17625 72507       1000        0      NaN
17626 72512       1000        0      NaN
17627 72529       1000        0      NaN
17628 72540       1000        0      NaN
17629 72543       1000        0      NaN
17630 72560       1000        0      NaN
17631 72561       1000        0      NaN
17632 72562       1000        0      NaN
17633 72573       1000        0      NaN
17634 72597       1000        0      NaN
17635 72599       1000        0      NaN
17636 72629       1000        0      NaN
17637 72630       1000        0      NaN
17638 72641       1000        0      NaN
17639 72642       1000        0      NaN
17640 72643       1000        0      NaN
17641 72655       1000        0      NaN
17642 72660       1000        0      NaN
17643 72664       1000        0      NaN
17644 72670       1000        0      NaN
17645 72671       1000        0      NaN
17646 72690       1000        0      NaN
17647 72699       1000        0      NaN
17648 72702       1000        0      NaN
17649 72721       1000        0      NaN
17650 72724       1000        0      NaN
17651 72726       1000        0      NaN
17652 72729       1000        0      NaN
17653 72730       1000        0      NaN
17654 72738       1000        0      NaN
17655 72742       1000        0      NaN
17656 72748       1000        0      NaN
17657 72751       1000        0      NaN
17658 72758       1000        0      NaN
17659 72778       1000        0      NaN
17660 72781       1000        0      NaN
17661 72785       1000        0      NaN
17662 72807       1000        0      NaN
17663 72810       1000        0      NaN
17664 72820       1000        0      NaN
17665 72822       1000        0      NaN
17666 72832       1000        0      NaN
17667 72833       1000        0      NaN
17668 72835       1000        0      NaN
17669 72846       1000        0      NaN
17670 72857       1000        0      NaN
17671 72862       1000        0      NaN
17672 72864       1000        0      NaN
17673 72904       1000        0      NaN
17674 72919       1000        0      NaN
17675 72937       1000        0      NaN
17676 72946       1000        0      NaN
17677 72954       1000        0      NaN
17678 72962       1000        0      NaN
17679 72964       1000        0      NaN
17680 72971       1000        0      NaN
17681 72972       1000        0      NaN
17682 72976       1000        0      NaN
17683 72981       1000        0      NaN
17684 72991       1000        0      NaN
17685 73011       1000        0      NaN
17686 73014       1000        0      NaN
17687 73015       1000        0      NaN
17688 73035       1000        0      NaN
17689 73037       1000        0      NaN
17690 73044       1000        0      NaN
17691 73051       1000        0      NaN
17692 73080       1000        0      NaN
17693 73081       1000        0      NaN
17694 73082       1000        0      NaN
17695 73084       1000        0      NaN
17696 73094       1000        0      NaN
17697 73102       1000        0      NaN
17698 73103       1000        0      NaN
17699 73114       1000        0      NaN
17700 73120       1000        0      NaN
17701 73136       1000        0      NaN
17702 73138       1000        0      NaN
17703 73158       1000        0      NaN
17704 73168       1000        0      NaN
17705 73190       1000        0      NaN
17706 73193       1000        0      NaN
17707 73201       1000        0      NaN
17708 73208       1000        0      NaN
17709 73209       1000        0      NaN
17710 73223       1000        0      NaN
17711 73230       1000        0      NaN
17712 73244       1000        0      NaN
17713 73248       1000        0      NaN
17714 73257       1000        0      NaN
17715 73262       1000        0      NaN
17716 73269       1000        0      NaN
17717 73273       1000        0      NaN
17718 73284       1000        0      NaN
17719 73291       1000        0      NaN
17720 73305       1000        0      NaN
17721 73307       1000        0      NaN
17722 73310       1000        0      NaN
17723 73316       1000        0      NaN
17724 73322       1000        0      NaN
17725 73346       1000        0      NaN
17726 73359       1000        0      NaN
17727 73365       1000        0      NaN
17728 73369       1000        0      NaN
17729 73379       1000        0      NaN
17730 73384       1000        0      NaN
17731 73387       1000        0      NaN
17732 73412       1000        0      NaN
17733 73413       1000        0      NaN
17734 73414       1000        0      NaN
17735 73420       1000        0      NaN
17736 73423       1000        0      NaN
17737 73424       1000        0      NaN
17738 73446       1000        0      NaN
17739 73450       1000        0      NaN
17740 73453       1000        0      NaN
17741 73462       1000        0      NaN
17742 73492       1000        0      NaN
17743 73500       1000        0      NaN
17744 73504       1000        0      NaN
17745 73510       1000        0      NaN
17746 73514       1000        0      NaN
17747 73518       1000        0      NaN
17748 73521       1000        0      NaN
17749 73524       1000        0      NaN
17750 73535       1000        0      NaN
17751 73537       1000        0      NaN
17752 73543       1000        0      NaN
17753 73545       1000        0      NaN
17754 73551       1000        0      NaN
17755 73552       1000        0      NaN
17756 73565       1000        0      NaN
17757 73569       1000        0      NaN
17758 73574       1000        0      NaN
17759 73591       1000        0      NaN
17760 73603       1000        0      NaN
17761 73605       1000        0      NaN
17762 73609       1000        0      NaN
17763 73611       1000        0      NaN
17764 73639       1000        0      NaN
17765 73651       1000        0      NaN
17766 73652       1000        0      NaN
17767 73664       1000        0      NaN
17768 73676       1000        0      NaN
17769 73680       1000        0      NaN
17770 73695       1000        0      NaN
17771 73706       1000        0      NaN
17772 73708       1000        0      NaN
17773 73709       1000        0      NaN
17774 73712       1000        0      NaN
17775 73714       1000        0      NaN
17776 73737       1000        0      NaN
17777 73742       1000        0      NaN
17778 73750       1000        0      NaN
17779 73754       1000        0      NaN
17780 73759       1000        0      NaN
17781 73763       1000        0      NaN
17782 73790       1000        0      NaN
17783 73801       1000        0      NaN
17784 73805       1000        0      NaN
17785 73807       1000        0      NaN
17786 73814       1000        0      NaN
17787 73817       1000        0      NaN
17788 73836       1000        0      NaN
17789 73839       1000        0      NaN
17790 73844       1000        0      NaN
17791 73857       1000        0      NaN
17792 73862       1000        0      NaN
17793 73863       1000        0      NaN
17794 73868       1000        0      NaN
17795 73869       1000        0      NaN
17796 73872       1000        0      NaN
17797 73877       1000        0      NaN
17798 73896       1000        0      NaN
17799 73910       1000        0      NaN
17800 73914       1000        0      NaN
17801 73920       1000        0      NaN
17802 73925       1000        0      NaN
17803 73926       1000        0      NaN
17804 73927       1000        0      NaN
17805 73932       1000        0      NaN
17806 73939       1000        0      NaN
17807 73945       1000        0      NaN
17808 73958       1000        0      NaN
17809 73987       1000        0      NaN
17810 73994       1000        0      NaN
17811 73995       1000        0      NaN
17812 73999       1000        0      NaN
17813 74011       1000        0      NaN
17814 74017       1000        0      NaN
17815 74032       1000        0      NaN
17816 74058       1000        0      NaN
17817 74059       1000        0      NaN
17818 74060       1000        0      NaN
17819 74062       1000        0      NaN
17820 74063       1000        0      NaN
17821 74069       1000        0      NaN
17822 74086       1000        0      NaN
17823 74087       1000        0      NaN
17824 74091       1000        0      NaN
17825 74106       1000        0      NaN
17826 74113       1000        0      NaN
17827 74115       1000        0      NaN
17828 74119       1000        0      NaN
17829 74131       1000        0      NaN
17830 74136       1000        0      NaN
17831 74139       1000        0      NaN
17832 74148       1000        0      NaN
17833 74158       1000        0      NaN
17834 74164       1000        0      NaN
17835 74169       1000        0      NaN
17836 74171       1000        0      NaN
17837 74177       1000        0      NaN
17838 74178       1000        0      NaN
17839 74179       1000        0      NaN
17840 74182       1000        0      NaN
17841 74194       1000        0      NaN
17842 74197       1000        0      NaN
17843 74212       1000        0      NaN
17844 74234       1000        0      NaN
17845 74238       1000        0      NaN
17846 74256       1000        0      NaN
17847 74262       1000        0      NaN
17848 74264       1000        0      NaN
17849 74265       1000        0      NaN
17850 74271       1000        0      NaN
17851 74290       1000        0      NaN
17852 74299       1000        0      NaN
17853 74302       1000        0      NaN
17854 74308       1000        0      NaN
17855 74322       1000        0      NaN
17856 74323       1000        0      NaN
17857 74335       1000        0      NaN
17858 74342       1000        0      NaN
17859 74343       1000        0      NaN
17860 74348       1000        0      NaN
17861 74349       1000        0      NaN
17862 74357       1000        0      NaN
17863 74358       1000        0      NaN
17864 74359       1000        0      NaN
17865 74361       1000        0      NaN
17866 74363       1000        0      NaN
17867 74365       1000        0      NaN
17868 74368       1000        0      NaN
17869 74370       1000        0      NaN
17870 74371       1000        0      NaN
17871 74377       1000        0      NaN
17872 74379       1000        0      NaN
17873 74405       1000        0      NaN
17874 74406       1000        0      NaN
17875 74410       1000        0      NaN
17876 74415       1000        0      NaN
17877 74418       1000        0      NaN
17878 74427       1000        0      NaN
17879 74436       1000        0      NaN
17880 74437       1000        0      NaN
17881 74446       1000        0      NaN
17882 74452       1000        0      NaN
17883 74453       1000        0      NaN
17884 74456       1000        0      NaN
17885 74461       1000        0      NaN
17886 74475       1000        0      NaN
17887 74482       1000        0      NaN
17888 74488       1000        0      NaN
17889 74506       1000        0      NaN
17890 74512       1000        0      NaN
17891 74513       1000        0      NaN
17892 74517       1000        0      NaN
17893 74521       1000        0      NaN
17894 74541       1000        0      NaN
17895 74554       1000        0      NaN
17896 74556       1000        0      NaN
17897 74557       1000        0      NaN
17898 74563       1000        0      NaN
17899 74564       1000        0      NaN
17900 74610       1000        0      NaN
17901 74611       1000        0      NaN
17902 74619       1000        0      NaN
17903 74626       1000        0      NaN
17904 74635       1000        0      NaN
17905 74639       1000        0      NaN
17906 74640       1000        0      NaN
17907 74657       1000        0      NaN
17908 74659       1000        0      NaN
17909 74676       1000        0      NaN
17910 74680       1000        0      NaN
17911 74685       1000        0      NaN
17912 74687       1000        0      NaN
17913 74699       1000        0      NaN
17914 74714       1000        0      NaN
17915 74718       1000        0      NaN
17916 74720       1000        0      NaN
17917 74746       1000        0      NaN
17918 74758       1000        0      NaN
17919 74782       1000        0      NaN
17920 74788       1000        0      NaN
17921 74796       1000        0      NaN
17922 74810       1000        0      NaN
17923 74818       1000        0      NaN
17924 74821       1000        0      NaN
17925 74823       1000        0      NaN
17926 74830       1000        0      NaN
17927 74835       1000        0      NaN
17928 74837       1000        0      NaN
17929 74841       1000        0      NaN
17930 74849       1000        0      NaN
17931 74852       1000        0      NaN
17932 74858       1000        0      NaN
17933 74860       1000        0      NaN
17934 74868       1000        0      NaN
17935 74878       1000        0      NaN
17936 74897       1000        0      NaN
17937 74902       1000        0      NaN
17938 74905       1000        0      NaN
17939 74916       1000        0      NaN
17940 74922       1000        0      NaN
17941 74940       1000        0      NaN
17942 74980       1000        0      NaN
17943 74981       1000        0      NaN
17944 74982       1000        0      NaN
17945 74985       1000        0      NaN
17946 75015       1000        0      NaN
17947 75016       1000        0      NaN
17948 75020       1000        0      NaN
17949 75022       1000        0      NaN
17950 75042       1000        0      NaN
17951 75047       1000        0      NaN
17952 75051       1000        0      NaN
17953 75052       1000        0      NaN
17954 75061       1000        0      NaN
17955 75066       1000        0      NaN
17956 75069       1000        0      NaN
17957 75076       1000        0      NaN
17958 75081       1000        0      NaN
17959 75088       1000        0      NaN
17960 75089       1000        0      NaN
17961 75091       1000        0      NaN
17962 75092       1000        0      NaN
17963 75098       1000        0      NaN
17964 75100       1000        0      NaN
17965 75109       1000        0      NaN
17966 75116       1000        0      NaN
17967 75132       1000        0      NaN
17968 75139       1000        0      NaN
17969 75148       1000        0      NaN
17970 75153       1000        0      NaN
17971 75156       1000        0      NaN
17972 75161       1000        0      NaN
17973 75167       1000        0      NaN
17974 75176       1000        0      NaN
17975 75179       1000        0      NaN
17976 75181       1000        0      NaN
17977 75193       1000        0      NaN
17978 75195       1000        0      NaN
17979 75202       1000        0      NaN
17980 75203       1000        0      NaN
17981 75207       1000        0      NaN
17982 75219       1000        0      NaN
17983 75227       1000        0      NaN
17984 75230       1000        0      NaN
17985 75231       1000        0      NaN
17986 75244       1000        0      NaN
17987 75249       1000        0      NaN
17988 75250       1000        0      NaN
17989 75263       1000        0      NaN
17990 75266       1000        0      NaN
17991 75269       1000        0      NaN
17992 75274       1000        0      NaN
17993 75276       1000        0      NaN
17994 75281       1000        0      NaN
17995 75299       1000        0      NaN
17996 75306       1000        0      NaN
17997 75308       1000        0      NaN
17998 75317       1000        0      NaN
17999 75321       1000        0      NaN
18000 75322       1000        0      NaN
18001 75327       1000        0      NaN
18002 75353       1000        0      NaN
18003 75360       1000        0      NaN
18004 75366       1000        0      NaN
18005 75376       1000        0      NaN
18006 75382       1000        0      NaN
18007 75388       1000        0      NaN
18008 75389       1000        0      NaN
18009 75390       1000        0      NaN
18010 75393       1000        0      NaN
18011 75394       1000        0      NaN
18012 75407       1000        0      NaN
18013 75409       1000        0      NaN
18014 75429       1000        0      NaN
18015 75443       1000        0      NaN
18016 75448       1000        0      NaN
18017 75451       1000        0      NaN
18018 75454       1000        0      NaN
18019 75458       1000        0      NaN
18020 75463       1000        0      NaN
18021 75491       1000        0      NaN
18022 75495       1000        0      NaN
18023 75503       1000        0      NaN
18024 75515       1000        0      NaN
18025 75516       1000        0      NaN
18026 75520       1000        0      NaN
18027 75524       1000        0      NaN
18028 75527       1000        0      NaN
18029 75534       1000        0      NaN
18030 75535       1000        0      NaN
18031 75562       1000        0      NaN
18032 75575       1000        0      NaN
18033 75588       1000        0      NaN
18034 75598       1000        0      NaN
18035 75605       1000        0      NaN
18036 75607       1000        0      NaN
18037 75615       1000        0      NaN
18038 75616       1000        0      NaN
18039 75620       1000        0      NaN
18040 75621       1000        0      NaN
18041 75622       1000        0      NaN
18042 75626       1000        0      NaN
18043 75635       1000        0      NaN
18044 75645       1000        0      NaN
18045 75646       1000        0      NaN
18046 75655       1000        0      NaN
18047 75663       1000        0      NaN
18048 75666       1000        0      NaN
18049 75679       1000        0      NaN
18050 75682       1000        0      NaN
18051 75684       1000        0      NaN
18052 75686       1000        0      NaN
18053 75699       1000        0      NaN
18054 75719       1000        0      NaN
18055 75724       1000        0      NaN
18056 75732       1000        0      NaN
18057 75737       1000        0      NaN
18058 75749       1000        0      NaN
18059 75750       1000        0      NaN
18060 75767       1000        0      NaN
18061 75776       1000        0      NaN
18062 75783       1000        0      NaN
18063 75789       1000        0      NaN
18064 75790       1000        0      NaN
18065 75794       1000        0      NaN
18066 75799       1000        0      NaN
18067 75802       1000        0      NaN
18068 75804       1000        0      NaN
18069 75806       1000        0      NaN
18070 75817       1000        0      NaN
18071 75825       1000        0      NaN
18072 75830       1000        0      NaN
18073 75831       1000        0      NaN
18074 75835       1000        0      NaN
18075 75840       1000        0      NaN
18076 75842       1000        0      NaN
18077 75843       1000        0      NaN
18078 75845       1000        0      NaN
18079 75849       1000        0      NaN
18080 75856       1000        0      NaN
18081 75864       1000        0      NaN
18082 75869       1000        0      NaN
18083 75871       1000        0      NaN
18084 75890       1000        0      NaN
18085 75893       1000        0      NaN
18086 75896       1000        0      NaN
18087 75900       1000        0      NaN
18088 75903       1000        0      NaN
18089 75912       1000        0      NaN
18090 75913       1000        0      NaN
18091 75914       1000        0      NaN
18092 75921       1000        0      NaN
18093 75924       1000        0      NaN
18094 75934       1000        0      NaN
18095 75939       1000        0      NaN
18096 75942       1000        0      NaN
18097 75943       1000        0      NaN
18098 75945       1000        0      NaN
18099 75948       1000        0      NaN
18100 75953       1000        0      NaN
18101 75955       1000        0      NaN
18102 75958       1000        0      NaN
18103 75977       1000        0      NaN
18104 75982       1000        0      NaN
18105 76000       1000        0      NaN
18106 76005       1000        0      NaN
18107 76029       1000        0      NaN
18108 76030       1000        0      NaN
18109 76044       1000        0      NaN
18110 76057       1000        0      NaN
18111 76059       1000        0      NaN
18112 76062       1000        0      NaN
18113 76063       1000        0      NaN
18114 76066       1000        0      NaN
18115 76069       1000        0      NaN
18116 76072       1000        0      NaN
18117 76076       1000        0      NaN
18118 76083       1000        0      NaN
18119 76087       1000        0      NaN
18120 76095       1000        0      NaN
18121 76106       1000        0      NaN
18122 76109       1000        0      NaN
18123 76119       1000        0      NaN
18124 76131       1000        0      NaN
18125 76133       1000        0      NaN
18126 76139       1000        0      NaN
18127 76145       1000        0      NaN
18128 76147       1000        0      NaN
18129 76157       1000        0      NaN
18130 76161       1000        0      NaN
18131 76170       1000        0      NaN
18132 76171       1000        0      NaN
18133 76176       1000        0      NaN
18134 76177       1000        0      NaN
18135 76184       1000        0      NaN
18136 76201       1000        0      NaN
18137 76208       1000        0      NaN
18138 76223       1000        0      NaN
18139 76227       1000        0      NaN
18140 76235       1000        0      NaN
18141 76236       1000        0      NaN
18142 76246       1000        0      NaN
18143 76250       1000        0      NaN
18144 76251       1000        0      NaN
18145 76259       1000        0      NaN
18146 76272       1000        0      NaN
18147 76283       1000        0      NaN
18148 76287       1000        0      NaN
18149 76297       1000        0      NaN
18150 76303       1000        0      NaN
18151 76304       1000        0      NaN
18152 76313       1000        0      NaN
18153 76315       1000        0      NaN
18154 76320       1000        0      NaN
18155 76322       1000        0      NaN
18156 76325       1000        0      NaN
18157 76348       1000        0      NaN
18158 76350       1000        0      NaN
18159 76355       1000        0      NaN
18160 76357       1000        0      NaN
18161 76365       1000        0      NaN
18162 76367       1000        0      NaN
18163 76368       1000        0      NaN
18164 76371       1000        0      NaN
18165 76384       1000        0      NaN
18166 76385       1000        0      NaN
18167 76386       1000        0      NaN
18168 76400       1000        0      NaN
18169 76401       1000        0      NaN
18170 76407       1000        0      NaN
18171 76412       1000        0      NaN
18172 76413       1000        0      NaN
18173 76418       1000        0      NaN
18174 76425       1000        0      NaN
18175 76430       1000        0      NaN
18176 76433       1000        0      NaN
18177 76435       1000        0      NaN
18178 76436       1000        0      NaN
18179 76439       1000        0      NaN
18180 76451       1000        0      NaN
18181 76452       1000        0      NaN
18182 76456       1000        0      NaN
18183 76462       1000        0      NaN
18184 76466       1000        0      NaN
18185 76470       1000        0      NaN
18186 76472       1000        0      NaN
18187 76486       1000        0      NaN
18188 76487       1000        0      NaN
18189 76490       1000        0      NaN
18190 76494       1000        0      NaN
18191 76496       1000        0      NaN
18192 76500       1000        0      NaN
18193 76502       1000        0      NaN
18194 76503       1000        0      NaN
18195 76514       1000        0      NaN
18196 76527       1000        0      NaN
18197 76529       1000        0      NaN
18198 76531       1000        0      NaN
18199 76542       1000        0      NaN
18200 76544       1000        0      NaN
18201 76545       1000        0      NaN
18202 76550       1000        0      NaN
18203 76558       1000        0      NaN
18204 76568       1000        0      NaN
18205 76571       1000        0      NaN
18206 76580       1000        0      NaN
18207 76588       1000        0      NaN
18208 76595       1000        0      NaN
18209 76598       1000        0      NaN
18210 76619       1000        0      NaN
18211 76637       1000        0      NaN
18212 76650       1000        0      NaN
18213 76652       1000        0      NaN
18214 76657       1000        0      NaN
18215 76663       1000        0      NaN
18216 76666       1000        0      NaN
18217 76674       1000        0      NaN
18218 76700       1000        0      NaN
18219 76701       1000        0      NaN
18220 76705       1000        0      NaN
18221 76706       1000        0      NaN
18222 76710       1000        0      NaN
18223 76713       1000        0      NaN
18224 76723       1000        0      NaN
18225 76734       1000        0      NaN
18226 76767       1000        0      NaN
18227 76771       1000        0      NaN
18228 76781       1000        0      NaN
18229 76790       1000        0      NaN
18230 76797       1000        0      NaN
18231 76804       1000        0      NaN
18232 76805       1000        0      NaN
18233 76812       1000        0      NaN
18234 76817       1000        0      NaN
18235 76822       1000        0      NaN
18236 76834       1000        0      NaN
18237 76861       1000        0      NaN
18238 76872       1000        0      NaN
18239 76887       1000        0      NaN
18240 76892       1000        0      NaN
18241 76895       1000        0      NaN
18242 76898       1000        0      NaN
18243 76924       1000        0      NaN
18244 76929       1000        0      NaN
18245 76936       1000        0      NaN
18246 76939       1000        0      NaN
18247 76955       1000        0      NaN
18248 76957       1000        0      NaN
18249 76964       1000        0      NaN
18250 76968       1000        0      NaN
18251 76969       1000        0      NaN
18252 76972       1000        0      NaN
18253 76976       1000        0      NaN
18254 76978       1000        0      NaN
18255 76980       1000        0      NaN
18256 76985       1000        0      NaN
18257 77000       1000        0      NaN
18258 77008       1000        0      NaN
18259 77010       1000        0      NaN
18260 77021       1000        0      NaN
18261 77037       1000        0      NaN
18262 77046       1000        0      NaN
18263 77063       1000        0      NaN
18264 77078       1000        0      NaN
18265 77079       1000        0      NaN
18266 77083       1000        0      NaN
18267 77086       1000        0      NaN
18268 77102       1000        0      NaN
18269 77110       1000        0      NaN
18270 77116       1000        0      NaN
18271 77122       1000        0      NaN
18272 77126       1000        0      NaN
18273 77130       1000        0      NaN
18274 77145       1000        0      NaN
18275 77151       1000        0      NaN
18276 77152       1000        0      NaN
18277 77156       1000        0      NaN
18278 77160       1000        0      NaN
18279 77166       1000        0      NaN
18280 77167       1000        0      NaN
18281 77168       1000        0      NaN
18282 77171       1000        0      NaN
18283 77174       1000        0      NaN
18284 77184       1000        0      NaN
18285 77219       1000        0      NaN
18286 77222       1000        0      NaN
18287 77229       1000        0      NaN
18288 77234       1000        0      NaN
18289 77252       1000        0      NaN
18290 77254       1000        0      NaN
18291 77256       1000        0      NaN
18292 77257       1000        0      NaN
18293 77262       1000        0      NaN
18294 77285       1000        0      NaN
18295 77299       1000        0      NaN
18296 77304       1000        0      NaN
18297 77306       1000        0      NaN
18298 77319       1000        0      NaN
18299 77325       1000        0      NaN
18300 77335       1000        0      NaN
18301 77345       1000        0      NaN
18302 77357       1000        0      NaN
18303 77363       1000        0      NaN
18304 77379       1000        0      NaN
18305 77414       1000        0      NaN
18306 77419       1000        0      NaN
18307 77428       1000        0      NaN
18308 77437       1000        0      NaN
18309 77447       1000        0      NaN
18310 77452       1000        0      NaN
18311 77460       1000        0      NaN
18312 77462       1000        0      NaN
18313 77477       1000        0      NaN
18314 77479       1000        0      NaN
18315 77484       1000        0      NaN
18316 77488       1000        0      NaN
18317 77492       1000        0      NaN
18318 77494       1000        0      NaN
18319 77496       1000        0      NaN
18320 77498       1000        0      NaN
18321 77501       1000        0      NaN
18322 77512       1000        0      NaN
18323 77522       1000        0      NaN
18324 77527       1000        0      NaN
18325 77529       1000        0      NaN
18326 77556       1000        0      NaN
18327 77558       1000        0      NaN
18328 77559       1000        0      NaN
18329 77574       1000        0      NaN
18330 77579       1000        0      NaN
18331 77584       1000        0      NaN
18332 77600       1000        0      NaN
18333 77605       1000        0      NaN
18334 77631       1000        0      NaN
18335 77632       1000        0      NaN
18336 77635       1000        0      NaN
18337 77647       1000        0      NaN
18338 77651       1000        0      NaN
18339 77653       1000        0      NaN
18340 77669       1000        0      NaN
18341 77674       1000        0      NaN
18342 77675       1000        0      NaN
18343 77677       1000        0      NaN
18344 77682       1000        0      NaN
18345 77694       1000        0      NaN
18346 77697       1000        0      NaN
18347 77701       1000        0      NaN
18348 77703       1000        0      NaN
18349 77706       1000        0      NaN
18350 77712       1000        0      NaN
18351 77713       1000        0      NaN
18352 77717       1000        0      NaN
18353 77726       1000        0      NaN
18354 77730       1000        0      NaN
18355 77737       1000        0      NaN
18356 77738       1000        0      NaN
18357 77765       1000        0      NaN
18358 77776       1000        0      NaN
18359 77781       1000        0      NaN
18360 77789       1000        0      NaN
18361 77797       1000        0      NaN
18362 77807       1000        0      NaN
18363 77810       1000        0      NaN
18364 77811       1000        0      NaN
18365 77818       1000        0      NaN
18366 77820       1000        0      NaN
18367 77838       1000        0      NaN
18368 77884       1000        0      NaN
18369 77887       1000        0      NaN
18370 77892       1000        0      NaN
18371 77896       1000        0      NaN
18372 77898       1000        0      NaN
18373 77900       1000        0      NaN
18374 77904       1000        0      NaN
18375 77909       1000        0      NaN
18376 77916       1000        0      NaN
18377 77920       1000        0      NaN
18378 77923       1000        0      NaN
18379 77939       1000        0      NaN
18380 77942       1000        0      NaN
18381 77949       1000        0      NaN
18382 77952       1000        0      NaN
18383 77954       1000        0      NaN
18384 77956       1000        0      NaN
18385 77962       1000        0      NaN
18386 77967       1000        0      NaN
18387 77971       1000        0      NaN
18388 77975       1000        0      NaN
18389 77977       1000        0      NaN
18390 77980       1000        0      NaN
18391 77983       1000        0      NaN
18392 77985       1000        0      NaN
18393 77996       1000        0      NaN
18394 78021       1000        0      NaN
18395 78025       1000        0      NaN
18396 78035       1000        0      NaN
18397 78038       1000        0      NaN
18398 78041       1000        0      NaN
18399 78042       1000        0      NaN
18400 78043       1000        0      NaN
18401 78046       1000        0      NaN
18402 78048       1000        0      NaN
18403 78055       1000        0      NaN
18404 78067       1000        0      NaN
18405 78069       1000        0      NaN
18406 78070       1000        0      NaN
18407 78071       1000        0      NaN
18408 78074       1000        0      NaN
18409 78080       1000        0      NaN
18410 78096       1000        0      NaN
18411 78107       1000        0      NaN
18412 78112       1000        0      NaN
18413 78114       1000        0      NaN
18414 78119       1000        0      NaN
18415 78123       1000        0      NaN
18416 78127       1000        0      NaN
18417 78128       1000        0      NaN
18418 78144       1000        0      NaN
18419 78149       1000        0      NaN
18420 78158       1000        0      NaN
18421 78161       1000        0      NaN
18422 78166       1000        0      NaN
18423 78169       1000        0      NaN
18424 78174       1000        0      NaN
18425 78176       1000        0      NaN
18426 78189       1000        0      NaN
18427 78194       1000        0      NaN
18428 78203       1000        0      NaN
18429 78210       1000        0      NaN
18430 78213       1000        0      NaN
18431 78221       1000        0      NaN
18432 78223       1000        0      NaN
18433 78229       1000        0      NaN
18434 78236       1000        0      NaN
18435 78240       1000        0      NaN
18436 78243       1000        0      NaN
18437 78245       1000        0      NaN
18438 78261       1000        0      NaN
18439 78271       1000        0      NaN
18440 78273       1000        0      NaN
18441 78275       1000        0      NaN
18442 78277       1000        0      NaN
18443 78283       1000        0      NaN
18444 78290       1000        0      NaN
18445 78293       1000        0      NaN
18446 78303       1000        0      NaN
18447 78317       1000        0      NaN
18448 78319       1000        0      NaN
18449 78327       1000        0      NaN
18450 78333       1000        0      NaN
18451 78336       1000        0      NaN
18452 78339       1000        0      NaN
18453 78355       1000        0      NaN
18454 78356       1000        0      NaN
18455 78358       1000        0      NaN
18456 78365       1000        0      NaN
18457 78373       1000        0      NaN
18458 78377       1000        0      NaN
18459 78381       1000        0      NaN
18460 78384       1000        0      NaN
18461 78393       1000        0      NaN
18462 78403       1000        0      NaN
18463 78406       1000        0      NaN
18464 78409       1000        0      NaN
18465 78410       1000        0      NaN
18466 78419       1000        0      NaN
18467 78430       1000        0      NaN
18468 78431       1000        0      NaN
18469 78453       1000        0      NaN
18470 78464       1000        0      NaN
18471 78479       1000        0      NaN
18472 78494       1000        0      NaN
18473 78518       1000        0      NaN
18474 78533       1000        0      NaN
18475 78541       1000        0      NaN
18476 78547       1000        0      NaN
18477 78553       1000        0      NaN
18478 78555       1000        0      NaN
18479 78556       1000        0      NaN
18480 78571       1000        0      NaN
18481 78579       1000        0      NaN
18482 78582       1000        0      NaN
18483 78587       1000        0      NaN
18484 78588       1000        0      NaN
18485 78597       1000        0      NaN
18486 78600       1000        0      NaN
18487 78602       1000        0      NaN
18488 78612       1000        0      NaN
18489 78624       1000        0      NaN
18490 78633       1000        0      NaN
18491 78638       1000        0      NaN
18492 78648       1000        0      NaN
18493 78653       1000        0      NaN
18494 78664       1000        0      NaN
18495 78671       1000        0      NaN
18496 78672       1000        0      NaN
18497 78676       1000        0      NaN
18498 78682       1000        0      NaN
18499 78694       1000        0      NaN
18500 78695       1000        0      NaN
18501 78708       1000        0      NaN
18502 78716       1000        0      NaN
18503 78721       1000        0      NaN
18504 78730       1000        0      NaN
18505 78738       1000        0      NaN
18506 78742       1000        0      NaN
18507 78746       1000        0      NaN
18508 78750       1000        0      NaN
18509 78761       1000        0      NaN
18510 78779       1000        0      NaN
18511 78781       1000        0      NaN
18512 78783       1000        0      NaN
18513 78784       1000        0      NaN
18514 78787       1000        0      NaN
18515 78797       1000        0      NaN
18516 78808       1000        0      NaN
18517 78813       1000        0      NaN
18518 78833       1000        0      NaN
18519 78862       1000        0      NaN
18520 78865       1000        0      NaN
18521 78869       1000        0      NaN
18522 78870       1000        0      NaN
18523 78881       1000        0      NaN
18524 78889       1000        0      NaN
18525 78890       1000        0      NaN
18526 78921       1000        0      NaN
18527 78929       1000        0      NaN
18528 78930       1000        0      NaN
18529 78937       1000        0      NaN
18530 78955       1000        0      NaN
18531 78970       1000        0      NaN
18532 78973       1000        0      NaN
18533 78974       1000        0      NaN
18534 78977       1000        0      NaN
18535 78983       1000        0      NaN
18536 79002       1000        0      NaN
18537 79013       1000        0      NaN
18538 79024       1000        0      NaN
18539 79028       1000        0      NaN
18540 79051       1000        0      NaN
18541 79055       1000        0      NaN
18542 79060       1000        0      NaN
18543 79066       1000        0      NaN
18544 79067       1000        0      NaN
18545 79068       1000        0      NaN
18546 79069       1000        0      NaN
18547 79080       1000        0      NaN
18548 79088       1000        0      NaN
18549 79119       1000        0      NaN
18550 79124       1000        0      NaN
18551 79126       1000        0      NaN
18552 79128       1000        0      NaN
18553 79132       1000        0      NaN
18554 79156       1000        0      NaN
18555 79158       1000        0      NaN
18556 79169       1000        0      NaN
18557 79174       1000        0      NaN
18558 79179       1000        0      NaN
18559 79206       1000        0      NaN
18560 79214       1000        0      NaN
18561 79229       1000        0      NaN
18562 79230       1000        0      NaN
18563 79234       1000        0      NaN
18564 79236       1000        0      NaN
18565 79238       1000        0      NaN
18566 79243       1000        0      NaN
18567 79248       1000        0      NaN
18568 79256       1000        0      NaN
18569 79258       1000        0      NaN
18570 79263       1000        0      NaN
18571 79265       1000        0      NaN
18572 79272       1000        0      NaN
18573 79274       1000        0      NaN
18574 79275       1000        0      NaN
18575 79276       1000        0      NaN
18576 79291       1000        0      NaN
18577 79300       1000        0      NaN
18578 79303       1000        0      NaN
18579 79319       1000        0      NaN
18580 79321       1000        0      NaN
18581 79322       1000        0      NaN
18582 79341       1000        0      NaN
18583 79345       1000        0      NaN
18584 79352       1000        0      NaN
18585 79353       1000        0      NaN
18586 79369       1000        0      NaN
18587 79397       1000        0      NaN
18588 79428       1000        0      NaN
18589 79429       1000        0      NaN
18590 79434       1000        0      NaN
18591 79436       1000        0      NaN
18592 79441       1000        0      NaN
18593 79444       1000        0      NaN
18594 79446       1000        0      NaN
18595 79449       1000        0      NaN
18596 79454       1000        0      NaN
18597 79455       1000        0      NaN
18598 79469       1000        0      NaN
18599 79473       1000        0      NaN
18600 79478       1000        0      NaN
18601 79490       1000        0      NaN
18602 79496       1000        0      NaN
18603 79501       1000        0      NaN
18604 79513       1000        0      NaN
18605 79515       1000        0      NaN
18606 79529       1000        0      NaN
18607 79531       1000        0      NaN
18608 79538       1000        0      NaN
18609 79539       1000        0      NaN
18610 79557       1000        0      NaN
18611 79561       1000        0      NaN
18612 79573       1000        0      NaN
18613 79580       1000        0      NaN
18614 79588       1000        0      NaN
18615 79598       1000        0      NaN
18616 79600       1000        0      NaN
18617 79606       1000        0      NaN
18618 79615       1000        0      NaN
18619 79618       1000        0      NaN
18620 79628       1000        0      NaN
18621 79631       1000        0      NaN
18622 79642       1000        0      NaN
18623 79649       1000        0      NaN
18624 79650       1000        0      NaN
18625 79659       1000        0      NaN
18626 79664       1000        0      NaN
18627 79667       1000        0      NaN
18628 79671       1000        0      NaN
18629 79684       1000        0      NaN
18630 79739       1000        0      NaN
18631 79741       1000        0      NaN
18632 79758       1000        0      NaN
18633 79764       1000        0      NaN
18634 79786       1000        0      NaN
18635 79800       1000        0      NaN
18636 79809       1000        0      NaN
18637 79811       1000        0      NaN
18638 79829       1000        0      NaN
18639 79831       1000        0      NaN
18640 79838       1000        0      NaN
18641 79845       1000        0      NaN
18642 79848       1000        0      NaN
18643 79852       1000        0      NaN
18644 79853       1000        0      NaN
18645 79855       1000        0      NaN
18646 79871       1000        0      NaN
18647 79880       1000        0      NaN
18648 79883       1000        0      NaN
18649 79899       1000        0      NaN
18650 79908       1000        0      NaN
18651 79922       1000        0      NaN
18652 79925       1000        0      NaN
18653 79927       1000        0      NaN
18654 79962       1000        0      NaN
18655 79964       1000        0      NaN
18656 79970       1000        0      NaN
18657 79976       1000        0      NaN
18658 79978       1000        0      NaN
18659 80005       1000        0      NaN
18660 80006       1000        0      NaN
18661 80007       1000        0      NaN
18662 80014       1000        0      NaN
18663 80017       1000        0      NaN
18664 80020       1000        0      NaN
18665 80027       1000        0      NaN
18666 80053       1000        0      NaN
18667 80055       1000        0      NaN
18668 80060       1000        0      NaN
18669 80065       1000        0      NaN
18670 80072       1000        0      NaN
18671 80073       1000        0      NaN
18672 80075       1000        0      NaN
18673 80076       1000        0      NaN
18674 80078       1000        0      NaN
18675 80079       1000        0      NaN
18676 80086       1000        0      NaN
18677 80087       1000        0      NaN
18678 80098       1000        0      NaN
18679 80117       1000        0      NaN
18680 80131       1000        0      NaN
18681 80139       1000        0      NaN
18682 80140       1000        0      NaN
18683 80153       1000        0      NaN
18684 80156       1000        0      NaN
18685 80178       1000        0      NaN
18686 80181       1000        0      NaN
18687 80187       1000        0      NaN
18688 80192       1000        0      NaN
18689 80193       1000        0      NaN
18690 80201       1000        0      NaN
18691 80214       1000        0      NaN
18692 80232       1000        0      NaN
18693 80233       1000        0      NaN
18694 80236       1000        0      NaN
18695 80257       1000        0      NaN
18696 80261       1000        0      NaN
18697 80265       1000        0      NaN
18698 80268       1000        0      NaN
18699 80289       1000        0      NaN
18700 80307       1000        0      NaN
18701 80316       1000        0      NaN
18702 80328       1000        0      NaN
18703 80337       1000        0      NaN
18704 80363       1000        0      NaN
18705 80378       1000        0      NaN
18706 80382       1000        0      NaN
18707 80401       1000        0      NaN
18708 80405       1000        0      NaN
18709 80407       1000        0      NaN
18710 80408       1000        0      NaN
18711 80418       1000        0      NaN
18712 80426       1000        0      NaN
18713 80428       1000        0      NaN
18714 80429       1000        0      NaN
18715 80430       1000        0      NaN
18716 80439       1000        0      NaN
18717 80443       1000        0      NaN
18718 80477       1000        0      NaN
18719 80488       1000        0      NaN
18720 80494       1000        0      NaN
18721 80499       1000        0      NaN
18722 80502       1000        0      NaN
18723 80519       1000        0      NaN
18724 80522       1000        0      NaN
18725 80531       1000        0      NaN
18726 80535       1000        0      NaN
18727 80560       1000        0      NaN
18728 80562       1000        0      NaN
18729 80564       1000        0      NaN
18730 80577       1000        0      NaN
18731 80579       1000        0      NaN
18732 80591       1000        0      NaN
18733 80599       1000        0      NaN
18734 80609       1000        0      NaN
18735 80626       1000        0      NaN
18736 80627       1000        0      NaN
18737 80633       1000        0      NaN
18738 80638       1000        0      NaN
18739 80639       1000        0      NaN
18740 80646       1000        0      NaN
18741 80670       1000        0      NaN
18742 80673       1000        0      NaN
18743 80675       1000        0      NaN
18744 80686       1000        0      NaN
18745 80690       1000        0      NaN
18746 80694       1000        0      NaN
18747 80696       1000        0      NaN
18748 80699       1000        0      NaN
18749 80701       1000        0      NaN
18750 80708       1000        0      NaN
18751 80715       1000        0      NaN
18752 80726       1000        0      NaN
18753 80739       1000        0      NaN
18754 80742       1000        0      NaN
18755 80754       1000        0      NaN
18756 80755       1000        0      NaN
18757 80758       1000        0      NaN
18758 80776       1000        0      NaN
18759 80783       1000        0      NaN
18760 80789       1000        0      NaN
18761 80790       1000        0      NaN
18762 80795       1000        0      NaN
18763 80798       1000        0      NaN
18764 80804       1000        0      NaN
18765 80826       1000        0      NaN
18766 80828       1000        0      NaN
18767 80830       1000        0      NaN
18768 80836       1000        0      NaN
18769 80839       1000        0      NaN
18770 80841       1000        0      NaN
18771 80855       1000        0      NaN
18772 80900       1000        0      NaN
18773 80902       1000        0      NaN
18774 80905       1000        0      NaN
18775 80936       1000        0      NaN
18776 80937       1000        0      NaN
18777 80941       1000        0      NaN
18778 80944       1000        0      NaN
18779 80949       1000        0      NaN
18780 80963       1000        0      NaN
18781 80974       1000        0      NaN
18782 80985       1000        0      NaN
18783 80989       1000        0      NaN
18784 80994       1000        0      NaN
18785 80996       1000        0      NaN
18786 81005       1000        0      NaN
18787 81007       1000        0      NaN
18788 81020       1000        0      NaN
18789 81022       1000        0      NaN
18790 81024       1000        0      NaN
18791 81032       1000        0      NaN
18792 81052       1000        0      NaN
18793 81058       1000        0      NaN
18794 81061       1000        0      NaN
18795 81065       1000        0      NaN
18796 81089       1000        0      NaN
18797 81098       1000        0      NaN
18798 81100       1000        0      NaN
18799 81107       1000        0      NaN
18800 81108       1000        0      NaN
18801 81118       1000        0      NaN
18802 81121       1000        0      NaN
18803 81145       1000        0      NaN
18804 81160       1000        0      NaN
18805 81163       1000        0      NaN
18806 81170       1000        0      NaN
18807 81172       1000        0      NaN
18808 81173       1000        0      NaN
18809 81181       1000        0      NaN
18810 81183       1000        0      NaN
18811 81195       1000        0      NaN
18812 81201       1000        0      NaN
18813 81213       1000        0      NaN
18814 81215       1000        0      NaN
18815 81223       1000        0      NaN
18816 81225       1000        0      NaN
18817 81229       1000        0      NaN
18818 81234       1000        0      NaN
18819 81237       1000        0      NaN
18820 81244       1000        0      NaN
18821 81252       1000        0      NaN
18822 81263       1000        0      NaN
18823 81273       1000        0      NaN
18824 81275       1000        0      NaN
18825 81296       1000        0      NaN
18826 81301       1000        0      NaN
18827 81302       1000        0      NaN
18828 81305       1000        0      NaN
18829 81308       1000        0      NaN
18830 81309       1000        0      NaN
18831 81310       1000        0      NaN
18832 81317       1000        0      NaN
18833 81332       1000        0      NaN
18834 81347       1000        0      NaN
18835 81354       1000        0      NaN
18836 81356       1000        0      NaN
18837 81369       1000        0      NaN
18838 81375       1000        0      NaN
18839 81390       1000        0      NaN
18840 81395       1000        0      NaN
18841 81411       1000        0      NaN
18842 81422       1000        0      NaN
18843 81431       1000        0      NaN
18844 81434       1000        0      NaN
18845 81442       1000        0      NaN
18846 81447       1000        0      NaN
18847 81463       1000        0      NaN
18848 81473       1000        0      NaN
18849 81478       1000        0      NaN
18850 81479       1000        0      NaN
18851 81483       1000        0      NaN
18852 81491       1000        0      NaN
18853 81494       1000        0      NaN
18854 81495       1000        0      NaN
18855 81502       1000        0      NaN
18856 81508       1000        0      NaN
18857 81525       1000        0      NaN
18858 81529       1000        0      NaN
18859 81542       1000        0      NaN
18860 81543       1000        0      NaN
18861 81544       1000        0      NaN
18862 81558       1000        0      NaN
18863 81560       1000        0      NaN
18864 81561       1000        0      NaN
18865 81567       1000        0      NaN
18866 81572       1000        0      NaN
18867 81575       1000        0      NaN
18868 81593       1000        0      NaN
18869 81595       1000        0      NaN
18870 81609       1000        0      NaN
18871 81618       1000        0      NaN
18872 81633       1000        0      NaN
18873 81635       1000        0      NaN
18874 81640       1000        0      NaN
18875 81649       1000        0      NaN
18876 81650       1000        0      NaN
18877 81655       1000        0      NaN
18878 81658       1000        0      NaN
18879 81660       1000        0      NaN
18880 81662       1000        0      NaN
18881 81675       1000        0      NaN
18882 81681       1000        0      NaN
18883 81683       1000        0      NaN
18884 81687       1000        0      NaN
18885 81691       1000        0      NaN
18886 81699       1000        0      NaN
18887 81701       1000        0      NaN
18888 81711       1000        0      NaN
18889 81725       1000        0      NaN
18890 81728       1000        0      NaN
18891 81734       1000        0      NaN
18892 81736       1000        0      NaN
18893 81738       1000        0      NaN
18894 81747       1000        0      NaN
18895 81748       1000        0      NaN
18896 81750       1000        0      NaN
18897 81753       1000        0      NaN
18898 81763       1000        0      NaN
18899 81785       1000        0      NaN
18900 81799       1000        0      NaN
18901 81807       1000        0      NaN
18902 81815       1000        0      NaN
18903 81823       1000        0      NaN
18904 81831       1000        0      NaN
18905 81847       1000        0      NaN
18906 81848       1000        0      NaN
18907 81851       1000        0      NaN
18908 81865       1000        0      NaN
18909 81867       1000        0      NaN
18910 81868       1000        0      NaN
18911 81873       1000        0      NaN
18912 81883       1000        0      NaN
18913 81901       1000        0      NaN
18914 81904       1000        0      NaN
18915 81910       1000        0      NaN
18916 81914       1000        0      NaN
18917 81917       1000        0      NaN
18918 81918       1000        0      NaN
18919 81931       1000        0      NaN
18920 81933       1000        0      NaN
18921 81939       1000        0      NaN
18922 81942       1000        0      NaN
18923 81969       1000        0      NaN
18924 81972       1000        0      NaN
18925 81976       1000        0      NaN
18926 81977       1000        0      NaN
18927 81979       1000        0      NaN
18928 81990       1000        0      NaN
18929 82000       1000        0      NaN
18930 82005       1000        0      NaN
18931 82023       1000        0      NaN
18932 82024       1000        0      NaN
18933 82025       1000        0      NaN
18934 82036       1000        0      NaN
18935 82043       1000        0      NaN
18936 82057       1000        0      NaN
18937 82061       1000        0      NaN
18938 82064       1000        0      NaN
18939 82069       1000        0      NaN
18940 82084       1000        0      NaN
18941 82085       1000        0      NaN
18942 82088       1000        0      NaN
18943 82093       1000        0      NaN
18944 82103       1000        0      NaN
18945 82106       1000        0      NaN
18946 82109       1000        0      NaN
18947 82113       1000        0      NaN
18948 82117       1000        0      NaN
18949 82119       1000        0      NaN
18950 82127       1000        0      NaN
18951 82130       1000        0      NaN
18952 82146       1000        0      NaN
18953 82153       1000        0      NaN
18954 82154       1000        0      NaN
18955 82186       1000        0      NaN
18956 82194       1000        0      NaN
18957 82201       1000        0      NaN
18958 82218       1000        0      NaN
18959 82244       1000        0      NaN
18960 82252       1000        0      NaN
18961 82256       1000        0      NaN
18962 82258       1000        0      NaN
18963 82275       1000        0      NaN
18964 82281       1000        0      NaN
18965 82282       1000        0      NaN
18966 82299       1000        0      NaN
18967 82313       1000        0      NaN
18968 82326       1000        0      NaN
18969 82335       1000        0      NaN
18970 82342       1000        0      NaN
18971 82346       1000        0      NaN
18972 82357       1000        0      NaN
18973 82374       1000        0      NaN
18974 82378       1000        0      NaN
18975 82385       1000        0      NaN
18976 82386       1000        0      NaN
18977 82394       1000        0      NaN
18978 82396       1000        0      NaN
18979 82397       1000        0      NaN
18980 82403       1000        0      NaN
18981 82417       1000        0      NaN
18982 82426       1000        0      NaN
18983 82430       1000        0      NaN
18984 82433       1000        0      NaN
18985 82436       1000        0      NaN
18986 82448       1000        0      NaN
18987 82451       1000        0      NaN
18988 82453       1000        0      NaN
18989 82455       1000        0      NaN
18990 82460       1000        0      NaN
18991 82467       1000        0      NaN
18992 82479       1000        0      NaN
18993 82486       1000        0      NaN
18994 82498       1000        0      NaN
18995 82500       1000        0      NaN
18996 82502       1000        0      NaN
18997 82515       1000        0      NaN
18998 82517       1000        0      NaN
18999 82526       1000        0      NaN
19000 82534       1000        0      NaN
19001 82540       1000        0      NaN
19002 82542       1000        0      NaN
19003 82544       1000        0      NaN
19004 82551       1000        0      NaN
19005 82556       1000        0      NaN
19006 82557       1000        0      NaN
19007 82563       1000        0      NaN
19008 82575       1000        0      NaN
19009 82587       1000        0      NaN
19010 82614       1000        0      NaN
19011 82615       1000        0      NaN
19012 82625       1000        0      NaN
19013 82629       1000        0      NaN
19014 82632       1000        0      NaN
19015 82646       1000        0      NaN
19016 82647       1000        0      NaN
19017 82664       1000        0      NaN
19018 82667       1000        0      NaN
19019 82674       1000        0      NaN
19020 82702       1000        0      NaN
19021 82705       1000        0      NaN
19022 82717       1000        0      NaN
19023 82727       1000        0      NaN
19024 82729       1000        0      NaN
19025 82773       1000        0      NaN
19026 82777       1000        0      NaN
19027 82781       1000        0      NaN
19028 82792       1000        0      NaN
19029 82795       1000        0      NaN
19030 82801       1000        0      NaN
19031 82815       1000        0      NaN
19032 82823       1000        0      NaN
19033 82833       1000        0      NaN
19034 82836       1000        0      NaN
19035 82838       1000        0      NaN
19036 82839       1000        0      NaN
19037 82841       1000        0      NaN
19038 82844       1000        0      NaN
19039 82845       1000        0      NaN
19040 82847       1000        0      NaN
19041 82854       1000        0      NaN
19042 82856       1000        0      NaN
19043 82858       1000        0      NaN
19044 82871       1000        0      NaN
19045 82880       1000        0      NaN
19046 82888       1000        0      NaN
19047 82892       1000        0      NaN
19048 82893       1000        0      NaN
19049 82907       1000        0      NaN
19050 82911       1000        0      NaN
19051 82924       1000        0      NaN
19052 82929       1000        0      NaN
19053 82940       1000        0      NaN
19054 82947       1000        0      NaN
19055 82948       1000        0      NaN
19056 82949       1000        0      NaN
19057 82954       1000        0      NaN
19058 82965       1000        0      NaN
19059 82969       1000        0      NaN
19060 82973       1000        0      NaN
19061 82977       1000        0      NaN
19062 82988       1000        0      NaN
19063 82999       1000        0      NaN
19064 83020       1000        0      NaN
19065 83023       1000        0      NaN
19066 83029       1000        0      NaN
19067 83033       1000        0      NaN
19068 83034       1000        0      NaN
19069 83045       1000        0      NaN
19070 83048       1000        0      NaN
19071 83070       1000        0      NaN
19072 83095       1000        0      NaN
19073 83099       1000        0      NaN
19074 83100       1000        0      NaN
19075 83103       1000        0      NaN
19076 83106       1000        0      NaN
19077 83112       1000        0      NaN
19078 83119       1000        0      NaN
19079 83130       1000        0      NaN
19080 83147       1000        0      NaN
19081 83150       1000        0      NaN
19082 83153       1000        0      NaN
19083 83155       1000        0      NaN
19084 83156       1000        0      NaN
19085 83158       1000        0      NaN
19086 83165       1000        0      NaN
19087 83168       1000        0      NaN
19088 83173       1000        0      NaN
19089 83178       1000        0      NaN
19090 83179       1000        0      NaN
19091 83194       1000        0      NaN
19092 83205       1000        0      NaN
19093 83211       1000        0      NaN
19094 83215       1000        0      NaN
19095 83220       1000        0      NaN
19096 83221       1000        0      NaN
19097 83231       1000        0      NaN
19098 83232       1000        0      NaN
19099 83234       1000        0      NaN
19100 83244       1000        0      NaN
19101 83264       1000        0      NaN
19102 83266       1000        0      NaN
19103 83269       1000        0      NaN
19104 83272       1000        0      NaN
19105 83274       1000        0      NaN
19106 83277       1000        0      NaN
19107 83294       1000        0      NaN
19108 83297       1000        0      NaN
19109 83300       1000        0      NaN
19110 83303       1000        0      NaN
19111 83310       1000        0      NaN
19112 83340       1000        0      NaN
19113 83341       1000        0      NaN
19114 83343       1000        0      NaN
19115 83349       1000        0      NaN
19116 83362       1000        0      NaN
19117 83364       1000        0      NaN
19118 83378       1000        0      NaN
19119 83388       1000        0      NaN
19120 83389       1000        0      NaN
19121 83394       1000        0      NaN
19122 83416       1000        0      NaN
19123 83432       1000        0      NaN
19124 83435       1000        0      NaN
19125 83461       1000        0      NaN
19126 83462       1000        0      NaN
19127 83482       1000        0      NaN
19128 83493       1000        0      NaN
19129 83497       1000        0      NaN
19130 83506       1000        0      NaN
19131 83514       1000        0      NaN
19132 83517       1000        0      NaN
19133 83537       1000        0      NaN
19134 83540       1000        0      NaN
19135 83549       1000        0      NaN
19136 83551       1000        0      NaN
19137 83565       1000        0      NaN
19138 83583       1000        0      NaN
19139 83589       1000        0      NaN
19140 83593       1000        0      NaN
19141 83600       1000        0      NaN
19142 83609       1000        0      NaN
19143 83612       1000        0      NaN
19144 83621       1000        0      NaN
19145 83624       1000        0      NaN
19146 83629       1000        0      NaN
19147 83632       1000        0      NaN
19148 83633       1000        0      NaN
19149 83639       1000        0      NaN
19150 83641       1000        0      NaN
19151 83661       1000        0      NaN
19152 83685       1000        0      NaN
19153 83688       1000        0      NaN
19154 83691       1000        0      NaN
19155 83696       1000        0      NaN
19156 83706       1000        0      NaN
19157 83712       1000        0      NaN
19158 83718       1000        0      NaN
19159 83724       1000        0      NaN
19160 83725       1000        0      NaN
19161 83728       1000        0      NaN
19162 83734       1000        0      NaN
19163 83743       1000        0      NaN
19164 83748       1000        0      NaN
19165 83749       1000        0      NaN
19166 83756       1000        0      NaN
19167 83758       1000        0      NaN
19168 83767       1000        0      NaN
19169 83773       1000        0      NaN
19170 83775       1000        0      NaN
19171 83778       1000        0      NaN
19172 83784       1000        0      NaN
19173 83785       1000        0      NaN
19174 83787       1000        0      NaN
19175 83794       1000        0      NaN
19176 83796       1000        0      NaN
19177 83797       1000        0      NaN
19178 83808       1000        0      NaN
19179 83811       1000        0      NaN
19180 83822       1000        0      NaN
19181 83828       1000        0      NaN
19182 83829       1000        0      NaN
19183 83830       1000        0      NaN
19184 83831       1000        0      NaN
19185 83846       1000        0      NaN
19186 83847       1000        0      NaN
19187 83855       1000        0      NaN
19188 83858       1000        0      NaN
19189 83860       1000        0      NaN
19190 83861       1000        0      NaN
19191 83868       1000        0      NaN
19192 83875       1000        0      NaN
19193 83886       1000        0      NaN
19194 83890       1000        0      NaN
19195 83897       1000        0      NaN
19196 83902       1000        0      NaN
19197 83907       1000        0      NaN
19198 83913       1000        0      NaN
19199 83929       1000        0      NaN
19200 83931       1000        0      NaN
19201 83942       1000        0      NaN
19202 83954       1000        0      NaN
19203 83971       1000        0      NaN
19204 83987       1000        0      NaN
19205 83994       1000        0      NaN
19206 83998       1000        0      NaN
19207 84011       1000        0      NaN
19208 84013       1000        0      NaN
19209 84023       1000        0      NaN
19210 84026       1000        0      NaN
19211 84034       1000        0      NaN
19212 84037       1000        0      NaN
19213 84043       1000        0      NaN
19214 84051       1000        0      NaN
19215 84059       1000        0      NaN
19216 84062       1000        0      NaN
19217 84075       1000        0      NaN
19218 84076       1000        0      NaN
19219 84078       1000        0      NaN
19220 84089       1000        0      NaN
19221 84101       1000        0      NaN
19222 84104       1000        0      NaN
19223 84113       1000        0      NaN
19224 84119       1000        0      NaN
19225 84124       1000        0      NaN
19226 84138       1000        0      NaN
19227 84139       1000        0      NaN
19228 84146       1000        0      NaN
19229 84148       1000        0      NaN
19230 84151       1000        0      NaN
19231 84158       1000        0      NaN
19232 84162       1000        0      NaN
19233 84164       1000        0      NaN
19234 84169       1000        0      NaN
19235 84180       1000        0      NaN
19236 84186       1000        0      NaN
19237 84195       1000        0      NaN
19238 84201       1000        0      NaN
19239 84217       1000        0      NaN
19240 84218       1000        0      NaN
19241 84224       1000        0      NaN
19242 84226       1000        0      NaN
19243 84237       1000        0      NaN
19244 84241       1000        0      NaN
19245 84244       1000        0      NaN
19246 84252       1000        0      NaN
19247 84254       1000        0      NaN
19248 84258       1000        0      NaN
19249 84261       1000        0      NaN
19250 84277       1000        0      NaN
19251 84290       1000        0      NaN
19252 84297       1000        0      NaN
19253 84302       1000        0      NaN
19254 84303       1000        0      NaN
19255 84315       1000        0      NaN
19256 84326       1000        0      NaN
19257 84331       1000        0      NaN
19258 84332       1000        0      NaN
19259 84344       1000        0      NaN
19260 84351       1000        0      NaN
19261 84353       1000        0      NaN
19262 84356       1000        0      NaN
19263 84358       1000        0      NaN
19264 84359       1000        0      NaN
19265 84362       1000        0      NaN
19266 84369       1000        0      NaN
19267 84381       1000        0      NaN
19268 84383       1000        0      NaN
19269 84385       1000        0      NaN
19270 84392       1000        0      NaN
19271 84398       1000        0      NaN
19272 84401       1000        0      NaN
19273 84405       1000        0      NaN
19274 84420       1000        0      NaN
19275 84427       1000        0      NaN
19276 84429       1000        0      NaN
19277 84430       1000        0      NaN
19278 84439       1000        0      NaN
19279 84441       1000        0      NaN
19280 84444       1000        0      NaN
19281 84446       1000        0      NaN
19282 84449       1000        0      NaN
19283 84468       1000        0      NaN
19284 84469       1000        0      NaN
19285 84472       1000        0      NaN
19286 84487       1000        0      NaN
19287 84491       1000        0      NaN
19288 84496       1000        0      NaN
19289 84514       1000        0      NaN
19290 84518       1000        0      NaN
19291 84520       1000        0      NaN
19292 84527       1000        0      NaN
19293 84534       1000        0      NaN
19294 84537       1000        0      NaN
19295 84540       1000        0      NaN
19296 84547       1000        0      NaN
19297 84556       1000        0      NaN
19298 84565       1000        0      NaN
19299 84618       1000        0      NaN
19300 84637       1000        0      NaN
19301 84641       1000        0      NaN
19302 84642       1000        0      NaN
19303 84648       1000        0      NaN
19304 84653       1000        0      NaN
19305 84659       1000        0      NaN
19306 84664       1000        0      NaN
19307 84665       1000        0      NaN
19308 84675       1000        0      NaN
19309 84676       1000        0      NaN
19310 84683       1000        0      NaN
19311 84684       1000        0      NaN
19312 84696       1000        0      NaN
19313 84700       1000        0      NaN
19314 84702       1000        0      NaN
19315 84707       1000        0      NaN
19316 84728       1000        0      NaN
19317 84736       1000        0      NaN
19318 84740       1000        0      NaN
19319 84743       1000        0      NaN
19320 84764       1000        0      NaN
19321 84767       1000        0      NaN
19322 84780       1000        0      NaN
19323 84781       1000        0      NaN
19324 84783       1000        0      NaN
19325 84795       1000        0      NaN
19326 84796       1000        0      NaN
19327 84801       1000        0      NaN
19328 84850       1000        0      NaN
19329 84858       1000        0      NaN
19330 84861       1000        0      NaN
19331 84867       1000        0      NaN
19332 84873       1000        0      NaN
19333 84877       1000        0      NaN
19334 84878       1000        0      NaN
19335 84880       1000        0      NaN
19336 84884       1000        0      NaN
19337 84889       1000        0      NaN
19338 84902       1000        0      NaN
19339 84906       1000        0      NaN
19340 84908       1000        0      NaN
19341 84929       1000        0      NaN
19342 84934       1000        0      NaN
19343 84939       1000        0      NaN
19344 84946       1000        0      NaN
19345 84949       1000        0      NaN
19346 84960       1000        0      NaN
19347 84961       1000        0      NaN
19348 84967       1000        0      NaN
19349 84974       1000        0      NaN
19350 84975       1000        0      NaN
19351 84976       1000        0      NaN
19352 84977       1000        0      NaN
19353 84984       1000        0      NaN
19354 84988       1000        0      NaN
19355 84993       1000        0      NaN
19356 85001       1000        0      NaN
19357 85011       1000        0      NaN
19358 85026       1000        0      NaN
19359 85030       1000        0      NaN
19360 85053       1000        0      NaN
19361 85056       1000        0      NaN
19362 85059       1000        0      NaN
19363 85064       1000        0      NaN
19364 85065       1000        0      NaN
19365 85074       1000        0      NaN
19366 85085       1000        0      NaN
19367 85088       1000        0      NaN
19368 85096       1000        0      NaN
19369 85098       1000        0      NaN
19370 85101       1000        0      NaN
19371 85106       1000        0      NaN
19372 85113       1000        0      NaN
19373 85126       1000        0      NaN
19374 85127       1000        0      NaN
19375 85129       1000        0      NaN
19376 85146       1000        0      NaN
19377 85152       1000        0      NaN
19378 85167       1000        0      NaN
19379 85170       1000        0      NaN
19380 85174       1000        0      NaN
19381 85180       1000        0      NaN
19382 85190       1000        0      NaN
19383 85191       1000        0      NaN
19384 85214       1000        0      NaN
19385 85216       1000        0      NaN
19386 85218       1000        0      NaN
19387 85247       1000        0      NaN
19388 85249       1000        0      NaN
19389 85259       1000        0      NaN
19390 85266       1000        0      NaN
19391 85277       1000        0      NaN
19392 85307       1000        0      NaN
19393 85310       1000        0      NaN
19394 85322       1000        0      NaN
19395 85323       1000        0      NaN
19396 85325       1000        0      NaN
19397 85340       1000        0      NaN
19398 85345       1000        0      NaN
19399 85346       1000        0      NaN
19400 85356       1000        0      NaN
19401 85381       1000        0      NaN
19402 85387       1000        0      NaN
19403 85401       1000        0      NaN
19404 85407       1000        0      NaN
19405 85419       1000        0      NaN
19406 85421       1000        0      NaN
19407 85442       1000        0      NaN
19408 85450       1000        0      NaN
19409 85460       1000        0      NaN
19410 85462       1000        0      NaN
19411 85469       1000        0      NaN
19412 85472       1000        0      NaN
19413 85481       1000        0      NaN
19414 85490       1000        0      NaN
19415 85497       1000        0      NaN
19416 85499       1000        0      NaN
19417 85511       1000        0      NaN
19418 85515       1000        0      NaN
19419 85517       1000        0      NaN
19420 85518       1000        0      NaN
19421 85523       1000        0      NaN
19422 85525       1000        0      NaN
19423 85535       1000        0      NaN
19424 85536       1000        0      NaN
19425 85537       1000        0      NaN
19426 85541       1000        0      NaN
19427 85542       1000        0      NaN
19428 85553       1000        0      NaN
19429 85558       1000        0      NaN
19430 85560       1000        0      NaN
19431 85563       1000        0      NaN
19432 85571       1000        0      NaN
19433 85572       1000        0      NaN
19434 85575       1000        0      NaN
19435 85579       1000        0      NaN
19436 85585       1000        0      NaN
19437 85592       1000        0      NaN
19438 85593       1000        0      NaN
19439 85598       1000        0      NaN
19440 85600       1000        0      NaN
19441 85601       1000        0      NaN
19442 85609       1000        0      NaN
19443 85610       1000        0      NaN
19444 85612       1000        0      NaN
19445 85615       1000        0      NaN
19446 85618       1000        0      NaN
19447 85647       1000        0      NaN
19448 85649       1000        0      NaN
19449 85657       1000        0      NaN
19450 85660       1000        0      NaN
19451 85663       1000        0      NaN
19452 85695       1000        0      NaN
19453 85718       1000        0      NaN
19454 85727       1000        0      NaN
19455 85728       1000        0      NaN
19456 85729       1000        0      NaN
19457 85741       1000        0      NaN
19458 85745       1000        0      NaN
19459 85765       1000        0      NaN
19460 85787       1000        0      NaN
19461 85792       1000        0      NaN
19462 85800       1000        0      NaN
19463 85807       1000        0      NaN
19464 85813       1000        0      NaN
19465 85826       1000        0      NaN
19466 85840       1000        0      NaN
19467 85864       1000        0      NaN
19468 85865       1000        0      NaN
19469 85869       1000        0      NaN
19470 85882       1000        0      NaN
19471 85895       1000        0      NaN
19472 85917       1000        0      NaN
19473 85929       1000        0      NaN
19474 85930       1000        0      NaN
19475 85936       1000        0      NaN
19476 85939       1000        0      NaN
19477 85952       1000        0      NaN
19478 85954       1000        0      NaN
19479 85956       1000        0      NaN
19480 85966       1000        0      NaN
19481 85972       1000        0      NaN
19482 85979       1000        0      NaN
19483 85980       1000        0      NaN
19484 85993       1000        0      NaN
19485 85996       1000        0      NaN
19486 86007       1000        0      NaN
19487 86008       1000        0      NaN
19488 86017       1000        0      NaN
19489 86026       1000        0      NaN
19490 86035       1000        0      NaN
19491 86036       1000        0      NaN
19492 86039       1000        0      NaN
19493 86057       1000        0      NaN
19494 86088       1000        0      NaN
19495 86089       1000        0      NaN
19496 86097       1000        0      NaN
19497 86112       1000        0      NaN
19498 86114       1000        0      NaN
19499 86115       1000        0      NaN
19500 86119       1000        0      NaN
19501 86171       1000        0      NaN
19502 86180       1000        0      NaN
19503 86185       1000        0      NaN
19504 86190       1000        0      NaN
19505 86195       1000        0      NaN
19506 86200       1000        0      NaN
19507 86202       1000        0      NaN
19508 86211       1000        0      NaN
19509 86219       1000        0      NaN
19510 86226       1000        0      NaN
19511 86227       1000        0      NaN
19512 86231       1000        0      NaN
19513 86250       1000        0      NaN
19514 86252       1000        0      NaN
19515 86253       1000        0      NaN
19516 86256       1000        0      NaN
19517 86257       1000        0      NaN
19518 86258       1000        0      NaN
19519 86262       1000        0      NaN
19520 86264       1000        0      NaN
19521 86265       1000        0      NaN
19522 86268       1000        0      NaN
19523 86275       1000        0      NaN
19524 86276       1000        0      NaN
19525 86282       1000        0      NaN
19526 86284       1000        0      NaN
19527 86286       1000        0      NaN
19528 86297       1000        0      NaN
19529 86302       1000        0      NaN
19530 86305       1000        0      NaN
19531 86311       1000        0      NaN
19532 86317       1000        0      NaN
19533 86320       1000        0      NaN
19534 86325       1000        0      NaN
19535 86339       1000        0      NaN
19536 86344       1000        0      NaN
19537 86349       1000        0      NaN
19538 86351       1000        0      NaN
19539 86353       1000        0      NaN
19540 86354       1000        0      NaN
19541 86355       1000        0      NaN
19542 86368       1000        0      NaN
19543 86378       1000        0      NaN
19544 86379       1000        0      NaN
19545 86384       1000        0      NaN
19546 86396       1000        0      NaN
19547 86401       1000        0      NaN
19548 86423       1000        0      NaN
19549 86429       1000        0      NaN
19550 86432       1000        0      NaN
19551 86433       1000        0      NaN
19552 86434       1000        0      NaN
19553 86440       1000        0      NaN
19554 86450       1000        0      NaN
19555 86455       1000        0      NaN
19556 86459       1000        0      NaN
19557 86464       1000        0      NaN
19558 86476       1000        0      NaN
19559 86480       1000        0      NaN
19560 86481       1000        0      NaN
19561 86485       1000        0      NaN
19562 86494       1000        0      NaN
19563 86504       1000        0      NaN
19564 86506       1000        0      NaN
19565 86511       1000        0      NaN
19566 86517       1000        0      NaN
19567 86529       1000        0      NaN
19568 86531       1000        0      NaN
19569 86532       1000        0      NaN
19570 86541       1000        0      NaN
19571 86543       1000        0      NaN
19572 86552       1000        0      NaN
19573 86563       1000        0      NaN
19574 86568       1000        0      NaN
19575 86581       1000        0      NaN
19576 86584       1000        0      NaN
19577 86593       1000        0      NaN
19578 86596       1000        0      NaN
19579 86606       1000        0      NaN
19580 86612       1000        0      NaN
19581 86619       1000        0      NaN
19582 86621       1000        0      NaN
19583 86622       1000        0      NaN
19584 86623       1000        0      NaN
19585 86631       1000        0      NaN
19586 86632       1000        0      NaN
19587 86642       1000        0      NaN
19588 86657       1000        0      NaN
19589 86674       1000        0      NaN
19590 86687       1000        0      NaN
19591 86711       1000        0      NaN
19592 86714       1000        0      NaN
19593 86719       1000        0      NaN
19594 86727       1000        0      NaN
19595 86728       1000        0      NaN
19596 86739       1000        0      NaN
19597 86740       1000        0      NaN
19598 86742       1000        0      NaN
19599 86745       1000        0      NaN
19600 86751       1000        0      NaN
19601 86770       1000        0      NaN
19602 86772       1000        0      NaN
19603 86780       1000        0      NaN
19604 86784       1000        0      NaN
19605 86793       1000        0      NaN
19606 86797       1000        0      NaN
19607 86808       1000        0      NaN
19608 86815       1000        0      NaN
19609 86817       1000        0      NaN
19610 86820       1000        0      NaN
19611 86827       1000        0      NaN
19612 86832       1000        0      NaN
19613 86834       1000        0      NaN
19614 86835       1000        0      NaN
19615 86842       1000        0      NaN
19616 86846       1000        0      NaN
19617 86850       1000        0      NaN
19618 86851       1000        0      NaN
19619 86863       1000        0      NaN
19620 86887       1000        0      NaN
19621 86891       1000        0      NaN
19622 86894       1000        0      NaN
19623 86902       1000        0      NaN
19624 86904       1000        0      NaN
19625 86906       1000        0      NaN
19626 86929       1000        0      NaN
19627 86934       1000        0      NaN
19628 86946       1000        0      NaN
19629 86948       1000        0      NaN
19630 86952       1000        0      NaN
19631 86953       1000        0      NaN
19632 86955       1000        0      NaN
19633 86960       1000        0      NaN
19634 86978       1000        0      NaN
19635 86988       1000        0      NaN
19636 86990       1000        0      NaN
19637 86992       1000        0      NaN
19638 86998       1000        0      NaN
19639 87001       1000        0      NaN
19640 87006       1000        0      NaN
19641 87012       1000        0      NaN
19642 87015       1000        0      NaN
19643 87016       1000        0      NaN
19644 87027       1000        0      NaN
19645 87035       1000        0      NaN
19646 87041       1000        0      NaN
19647 87045       1000        0      NaN
19648 87046       1000        0      NaN
19649 87051       1000        0      NaN
19650 87062       1000        0      NaN
19651 87063       1000        0      NaN
19652 87080       1000        0      NaN
19653 87081       1000        0      NaN
19654 87083       1000        0      NaN
19655 87086       1000        0      NaN
19656 87088       1000        0      NaN
19657 87101       1000        0      NaN
19658 87106       1000        0      NaN
19659 87107       1000        0      NaN
19660 87108       1000        0      NaN
19661 87110       1000        0      NaN
19662 87117       1000        0      NaN
19663 87119       1000        0      NaN
19664 87124       1000        0      NaN
19665 87132       1000        0      NaN
19666 87133       1000        0      NaN
19667 87134       1000        0      NaN
19668 87136       1000        0      NaN
19669 87141       1000        0      NaN
19670 87146       1000        0      NaN
19671 87152       1000        0      NaN
19672 87154       1000        0      NaN
19673 87158       1000        0      NaN
19674 87159       1000        0      NaN
19675 87163       1000        0      NaN
19676 87165       1000        0      NaN
19677 87167       1000        0      NaN
19678 87171       1000        0      NaN
19679 87181       1000        0      NaN
19680 87190       1000        0      NaN
19681 87195       1000        0      NaN
19682 87211       1000        0      NaN
19683 87221       1000        0      NaN
19684 87224       1000        0      NaN
19685 87225       1000        0      NaN
19686 87232       1000        0      NaN
19687 87251       1000        0      NaN
19688 87253       1000        0      NaN
19689 87285       1000        0      NaN
19690 87288       1000        0      NaN
19691 87292       1000        0      NaN
19692 87294       1000        0      NaN
19693 87299       1000        0      NaN
19694 87314       1000        0      NaN
19695 87320       1000        0      NaN
19696 87322       1000        0      NaN
19697 87323       1000        0      NaN
19698 87327       1000        0      NaN
19699 87329       1000        0      NaN
19700 87347       1000        0      NaN
19701 87348       1000        0      NaN
19702 87349       1000        0      NaN
19703 87352       1000        0      NaN
19704 87353       1000        0      NaN
19705 87354       1000        0      NaN
19706 87369       1000        0      NaN
19707 87374       1000        0      NaN
19708 87377       1000        0      NaN
19709 87379       1000        0      NaN
19710 87391       1000        0      NaN
19711 87400       1000        0      NaN
19712 87403       1000        0      NaN
19713 87415       1000        0      NaN
19714 87417       1000        0      NaN
19715 87421       1000        0      NaN
19716 87425       1000        0      NaN
19717 87426       1000        0      NaN
19718 87432       1000        0      NaN
19719 87438       1000        0      NaN
19720 87445       1000        0      NaN
19721 87455       1000        0      NaN
19722 87456       1000        0      NaN
19723 87460       1000        0      NaN
19724 87465       1000        0      NaN
19725 87466       1000        0      NaN
19726 87474       1000        0      NaN
19727 87484       1000        0      NaN
19728 87485       1000        0      NaN
19729 87487       1000        0      NaN
19730 87492       1000        0      NaN
19731 87495       1000        0      NaN
19732 87500       1000        0      NaN
19733 87504       1000        0      NaN
19734 87518       1000        0      NaN
19735 87521       1000        0      NaN
19736 87523       1000        0      NaN
19737 87528       1000        0      NaN
19738 87537       1000        0      NaN
19739 87554       1000        0      NaN
19740 87560       1000        0      NaN
19741 87561       1000        0      NaN
19742 87565       1000        0      NaN
19743 87571       1000        0      NaN
19744 87585       1000        0      NaN
19745 87589       1000        0      NaN
19746 87595       1000        0      NaN
19747 87597       1000        0      NaN
19748 87624       1000        0      NaN
19749 87625       1000        0      NaN
19750 87641       1000        0      NaN
19751 87658       1000        0      NaN
19752 87666       1000        0      NaN
19753 87674       1000        0      NaN
19754 87677       1000        0      NaN
19755 87678       1000        0      NaN
19756 87695       1000        0      NaN
19757 87705       1000        0      NaN
19758 87715       1000        0      NaN
19759 87725       1000        0      NaN
19760 87737       1000        0      NaN
19761 87743       1000        0      NaN
19762 87757       1000        0      NaN
19763 87762       1000        0      NaN
19764 87776       1000        0      NaN
19765 87780       1000        0      NaN
19766 87783       1000        0      NaN
19767 87786       1000        0      NaN
19768 87794       1000        0      NaN
19769 87797       1000        0      NaN
19770 87798       1000        0      NaN
19771 87799       1000        0      NaN
19772 87814       1000        0      NaN
19773 87816       1000        0      NaN
19774 87825       1000        0      NaN
19775 87829       1000        0      NaN
19776 87834       1000        0      NaN
19777 87842       1000        0      NaN
19778 87847       1000        0      NaN
19779 87852       1000        0      NaN
19780 87855       1000        0      NaN
19781 87862       1000        0      NaN
19782 87867       1000        0      NaN
19783 87876       1000        0      NaN
19784 87891       1000        0      NaN
19785 87894       1000        0      NaN
19786 87895       1000        0      NaN
19787 87903       1000        0      NaN
19788 87907       1000        0      NaN
19789 87925       1000        0      NaN
19790 87936       1000        0      NaN
19791 87945       1000        0      NaN
19792 87972       1000        0      NaN
19793 87980       1000        0      NaN
19794 87985       1000        0      NaN
19795 87987       1000        0      NaN
19796 87990       1000        0      NaN
19797 87995       1000        0      NaN
19798 87996       1000        0      NaN
19799 88000       1000        0      NaN
19800 88004       1000        0      NaN
19801 88008       1000        0      NaN
19802 88014       1000        0      NaN
19803 88018       1000        0      NaN
19804 88033       1000        0      NaN
19805 88035       1000        0      NaN
19806 88042       1000        0      NaN
19807 88044       1000        0      NaN
19808 88048       1000        0      NaN
19809 88077       1000        0      NaN
19810 88085       1000        0      NaN
19811 88088       1000        0      NaN
19812 88100       1000        0      NaN
19813 88105       1000        0      NaN
19814 88108       1000        0      NaN
19815 88109       1000        0      NaN
19816 88110       1000        0      NaN
19817 88111       1000        0      NaN
19818 88116       1000        0      NaN
19819 88119       1000        0      NaN
19820 88128       1000        0      NaN
19821 88134       1000        0      NaN
19822 88137       1000        0      NaN
19823 88148       1000        0      NaN
19824 88149       1000        0      NaN
19825 88163       1000        0      NaN
19826 88180       1000        0      NaN
19827 88188       1000        0      NaN
19828 88189       1000        0      NaN
19829 88205       1000        0      NaN
19830 88206       1000        0      NaN
19831 88209       1000        0      NaN
19832 88212       1000        0      NaN
19833 88234       1000        0      NaN
19834 88239       1000        0      NaN
19835 88245       1000        0      NaN
19836 88246       1000        0      NaN
19837 88248       1000        0      NaN
19838 88254       1000        0      NaN
19839 88266       1000        0      NaN
19840 88270       1000        0      NaN
19841 88279       1000        0      NaN
19842 88283       1000        0      NaN
19843 88289       1000        0      NaN
19844 88291       1000        0      NaN
19845 88292       1000        0      NaN
19846 88299       1000        0      NaN
19847 88310       1000        0      NaN
19848 88311       1000        0      NaN
19849 88316       1000        0      NaN
19850 88323       1000        0      NaN
19851 88331       1000        0      NaN
19852 88332       1000        0      NaN
19853 88335       1000        0      NaN
19854 88337       1000        0      NaN
19855 88347       1000        0      NaN
19856 88360       1000        0      NaN
19857 88361       1000        0      NaN
19858 88377       1000        0      NaN
19859 88378       1000        0      NaN
19860 88380       1000        0      NaN
19861 88382       1000        0      NaN
19862 88393       1000        0      NaN
19863 88402       1000        0      NaN
19864 88419       1000        0      NaN
19865 88434       1000        0      NaN
19866 88439       1000        0      NaN
19867 88440       1000        0      NaN
19868 88445       1000        0      NaN
19869 88465       1000        0      NaN
19870 88467       1000        0      NaN
19871 88483       1000        0      NaN
19872 88488       1000        0      NaN
19873 88495       1000        0      NaN
19874 88496       1000        0      NaN
19875 88500       1000        0      NaN
19876 88505       1000        0      NaN
19877 88516       1000        0      NaN
19878 88526       1000        0      NaN
19879 88537       1000        0      NaN
19880 88542       1000        0      NaN
19881 88567       1000        0      NaN
19882 88568       1000        0      NaN
19883 88588       1000        0      NaN
19884 88596       1000        0      NaN
19885 88597       1000        0      NaN
19886 88599       1000        0      NaN
19887 88602       1000        0      NaN
19888 88603       1000        0      NaN
19889 88609       1000        0      NaN
19890 88610       1000        0      NaN
19891 88616       1000        0      NaN
19892 88617       1000        0      NaN
19893 88619       1000        0      NaN
19894 88628       1000        0      NaN
19895 88632       1000        0      NaN
19896 88637       1000        0      NaN
19897 88638       1000        0      NaN
19898 88642       1000        0      NaN
19899 88643       1000        0      NaN
19900 88651       1000        0      NaN
19901 88660       1000        0      NaN
19902 88667       1000        0      NaN
19903 88671       1000        0      NaN
19904 88680       1000        0      NaN
19905 88684       1000        0      NaN
19906 88685       1000        0      NaN
19907 88713       1000        0      NaN
19908 88717       1000        0      NaN
19909 88722       1000        0      NaN
19910 88739       1000        0      NaN
19911 88758       1000        0      NaN
19912 88759       1000        0      NaN
19913 88760       1000        0      NaN
19914 88764       1000        0      NaN
19915 88771       1000        0      NaN
19916 88794       1000        0      NaN
19917 88796       1000        0      NaN
19918 88801       1000        0      NaN
19919 88817       1000        0      NaN
19920 88821       1000        0      NaN
19921 88825       1000        0      NaN
19922 88829       1000        0      NaN
19923 88840       1000        0      NaN
19924 88858       1000        0      NaN
19925 88863       1000        0      NaN
19926 88865       1000        0      NaN
19927 88866       1000        0      NaN
19928 88885       1000        0      NaN
19929 88888       1000        0      NaN
19930 88893       1000        0      NaN
19931 88897       1000        0      NaN
19932 88902       1000        0      NaN
19933 88909       1000        0      NaN
19934 88912       1000        0      NaN
19935 88935       1000        0      NaN
19936 88940       1000        0      NaN
19937 88942       1000        0      NaN
19938 88943       1000        0      NaN
19939 88953       1000        0      NaN
19940 88969       1000        0      NaN
19941 88977       1000        0      NaN
19942 88982       1000        0      NaN
19943 88989       1000        0      NaN
19944 88999       1000        0      NaN
19945 89000       1000        0      NaN
19946 89016       1000        0      NaN
19947 89017       1000        0      NaN
19948 89030       1000        0      NaN
19949 89034       1000        0      NaN
19950 89038       1000        0      NaN
19951 89042       1000        0      NaN
19952 89046       1000        0      NaN
19953 89053       1000        0      NaN
19954 89057       1000        0      NaN
19955 89070       1000        0      NaN
19956 89074       1000        0      NaN
19957 89075       1000        0      NaN
19958 89089       1000        0      NaN
19959 89090       1000        0      NaN
19960 89092       1000        0      NaN
19961 89097       1000        0      NaN
19962 89099       1000        0      NaN
19963 89101       1000        0      NaN
19964 89123       1000        0      NaN
19965 89125       1000        0      NaN
19966 89133       1000        0      NaN
19967 89139       1000        0      NaN
19968 89152       1000        0      NaN
19969 89155       1000        0      NaN
19970 89156       1000        0      NaN
