==========================================================================================
A-COMPONENT COST RANKING — rxn_id=2
==========================================================================================
Index meaning: component_index is 1-based position in manager.moles_A_id, NOT molecule ID
Full A index range:      [1, 83307]
Selected index range:    [20191, 30000] inclusive
Selected components:     9810
Processed selected:      3200 / 9810
Elapsed:                 4393.6s
Random raw B sample:     1000 per A component before validation
Invalid molecules:       dropped before surrogate scoring
Cost definition:         mean(top-5 surrogate scores among valid sampled molecules)
Generated:               2026-07-16 15:34:08.471363
==========================================================================================

 rank_in_selected_range  component_index  a_id     cost  n_valid  n_sampled  top_k_used  n_total_b
                      1            22432 92057 0.078828      792       1000           5      24165
                      2            20919 90262 0.078371      790       1000           5      24165
                      3            20617 89904 0.076147      807       1000           5      24165
                      4            20359 89612 0.074848      808       1000           5      24165
                      5            22206 91787 0.074743      793       1000           5      24165
                      6            20208 89437 0.070166      780       1000           5      24165
                      7            21182 90569 0.068375      816       1000           5      24165
                      8            20640 89929 0.065792      777       1000           5      24165
                      9            21567 91014 0.064974      809       1000           5      24165
                     10            22446 92073 0.064233      794       1000           5      24165
                     11            22205 91786 0.063185      800       1000           5      24165
                     12            21427 90850 0.063120      786       1000           5      24165
                     13            22237 91828 0.062689      813       1000           5      24165
                     14            21956 91489 0.062555      780       1000           5      24165
                     15            20952 90303 0.062018      807       1000           5      24165
                     16            20223 89455 0.061405      780       1000           5      24165
                     17            20265 89509 0.061009      804       1000           5      24165
                     18            21365 90781 0.060903      791       1000           5      24165
                     19            23302 93055 0.060463      800       1000           5      24165
                     20            20382 89639 0.060111      799       1000           5      24165
                     21            22273 91869 0.059515      778       1000           5      24165
                     22            21242 90637 0.059494      803       1000           5      24165
                     23            21538 90981 0.059300      713       1000           5      24165
                     24            21817 91314 0.059027      729       1000           5      24165
                     25            20786 90100 0.058748      802       1000           5      24165
                     26            21690 91163 0.058715      817       1000           5      24165
                     27            20722 90025 0.058636      811       1000           5      24165
                     28            22473 92104 0.058428      798       1000           5      24165
                     29            23297 93048 0.058398      793       1000           5      24165
                     30            22036 91588 0.057866      823       1000           5      24165
                     31            21519 90958 0.057735      820       1000           5      24165
                     32            20410 89672 0.057665      795       1000           5      24165
                     33            21772 91260 0.057623      778       1000           5      24165
                     34            21252 90648 0.057591      781       1000           5      24165
                     35            21987 91528 0.057540      794       1000           5      24165
                     36            20678 89974 0.057488      807       1000           5      24165
                     37            21993 91534 0.057471      808       1000           5      24165
                     38            20222 89454 0.057326      811       1000           5      24165
                     39            20403 89663 0.057259      815       1000           5      24165
                     40            20252 89491 0.056872      787       1000           5      24165
                     41            21846 91350 0.056780      808       1000           5      24165
                     42            23131 92871 0.056514      741       1000           5      24165
                     43            22510 92147 0.056473      783       1000           5      24165
                     44            23059 92787 0.056461      774       1000           5      24165
                     45            22990 92708 0.056381      800       1000           5      24165
                     46            23149 92889 0.056305      811       1000           5      24165
                     47            20356 89609 0.056283      808       1000           5      24165
                     48            21031 90393 0.056202      793       1000           5      24165
                     49            20961 90313 0.056177      802       1000           5      24165
                     50            20787 90101 0.056126      794       1000           5      24165
                     51            22076 91636 0.056075      818       1000           5      24165
                     52            21894 91411 0.055846      809       1000           5      24165
                     53            22168 91739 0.055733      785       1000           5      24165
                     54            21618 91074 0.055684      796       1000           5      24165
                     55            22574 92217 0.055628      807       1000           5      24165
                     56            22886 92582 0.055622      803       1000           5      24165
                     57            22566 92208 0.055592      820       1000           5      24165
                     58            22659 92317 0.055577      718       1000           5      24165
                     59            21406 90827 0.055389      807       1000           5      24165
                     60            20610 89897 0.055291      817       1000           5      24165
                     61            20870 90203 0.055092      810       1000           5      24165
                     62            22415 92037 0.055003      795       1000           5      24165
                     63            22282 91881 0.054964      765       1000           5      24165
                     64            23275 93024 0.054940      796       1000           5      24165
                     65            21508 90944 0.054828      805       1000           5      24165
                     66            22157 91727 0.054822      807       1000           5      24165
                     67            21901 91419 0.054707      784       1000           5      24165
                     68            23128 92867 0.054664      728       1000           5      24165
                     69            20473 89740 0.054582      797       1000           5      24165
                     70            20381 89638 0.054527      805       1000           5      24165
                     71            20949 90300 0.054440      804       1000           5      24165
                     72            22107 91673 0.054336      807       1000           5      24165
                     73            20470 89737 0.054246      803       1000           5      24165
                     74            23044 92771 0.054177      814       1000           5      24165
                     75            21602 91053 0.053953      793       1000           5      24165
                     76            21169 90554 0.053944      815       1000           5      24165
                     77            21455 90885 0.053925      750       1000           5      24165
                     78            20648 89939 0.053807      798       1000           5      24165
                     79            20927 90274 0.053650      790       1000           5      24165
                     80            20466 89732 0.053570      776       1000           5      24165
                     81            21499 90933 0.053532      801       1000           5      24165
                     82            22010 91552 0.053514      797       1000           5      24165
                     83            22362 91976 0.053461      725       1000           5      24165
                     84            20825 90145 0.053415      802       1000           5      24165
                     85            20946 90297 0.053374      731       1000           5      24165
                     86            23242 92991 0.053185      812       1000           5      24165
                     87            21410 90832 0.053175      803       1000           5      24165
                     88            21340 90753 0.053138      755       1000           5      24165
                     89            22252 91847 0.053113      784       1000           5      24165
                     90            22923 92627 0.053096      782       1000           5      24165
                     91            20798 90114 0.053076      797       1000           5      24165
                     92            22535 92175 0.053067      796       1000           5      24165
                     93            21892 91409 0.053066      819       1000           5      24165
                     94            20903 90241 0.053021      794       1000           5      24165
                     95            21691 91164 0.052982      785       1000           5      24165
                     96            22272 91868 0.052905      795       1000           5      24165
                     97            22500 92136 0.052887      803       1000           5      24165
                     98            22004 91546 0.052846      795       1000           5      24165
                     99            21437 90862 0.052765      817       1000           5      24165
                    100            20282 89527 0.052742      791       1000           5      24165
                    101            21141 90519 0.052691      773       1000           5      24165
                    102            21190 90577 0.052684      794       1000           5      24165
                    103            22940 92644 0.052683      798       1000           5      24165
                    104            20926 90271 0.052630      784       1000           5      24165
                    105            22027 91573 0.052596      827       1000           5      24165
                    106            21034 90396 0.052584      806       1000           5      24165
                    107            21418 90840 0.052350      814       1000           5      24165
                    108            22241 91832 0.052336      793       1000           5      24165
                    109            20418 89681 0.052324      801       1000           5      24165
                    110            22895 92593 0.052303      808       1000           5      24165
                    111            22021 91565 0.052294      797       1000           5      24165
                    112            20566 89849 0.052238      803       1000           5      24165
                    113            22781 92464 0.052229      812       1000           5      24165
                    114            23162 92904 0.052090      813       1000           5      24165
                    115            22753 92432 0.052083      799       1000           5      24165
                    116            20547 89825 0.052029      796       1000           5      24165
                    117            22047 91599 0.051998      818       1000           5      24165
                    118            22215 91802 0.051993      730       1000           5      24165
                    119            21633 91092 0.051982      823       1000           5      24165
                    120            23036 92762 0.051971      726       1000           5      24165
                    121            20882 90215 0.051932      801       1000           5      24165
                    122            21146 90526 0.051879      797       1000           5      24165
                    123            20778 90090 0.051802      800       1000           5      24165
                    124            22337 91948 0.051765      813       1000           5      24165
                    125            20296 89541 0.051743      786       1000           5      24165
                    126            22292 91892 0.051728      820       1000           5      24165
                    127            23329 93083 0.051560      819       1000           5      24165
                    128            21220 90612 0.051505      820       1000           5      24165
                    129            21059 90423 0.051381      811       1000           5      24165
                    130            21084 90454 0.051312      805       1000           5      24165
                    131            23282 93032 0.051255      811       1000           5      24165
                    132            21978 91517 0.051239      725       1000           5      24165
                    133            21057 90421 0.051234      812       1000           5      24165
                    134            23223 92970 0.051188      795       1000           5      24165
                    135            21516 90952 0.051175      804       1000           5      24165
                    136            21653 91117 0.051171      820       1000           5      24165
                    137            20463 89729 0.051170      775       1000           5      24165
                    138            23028 92753 0.051105      806       1000           5      24165
                    139            22586 92230 0.051050      797       1000           5      24165
                    140            20908 90248 0.050911      817       1000           5      24165
                    141            23244 92993 0.050909      803       1000           5      24165
                    142            22410 92031 0.050829      796       1000           5      24165
                    143            23105 92840 0.050779      769       1000           5      24165
                    144            20249 89486 0.050757      823       1000           5      24165
                    145            22111 91677 0.050741      800       1000           5      24165
                    146            23139 92879 0.050714      801       1000           5      24165
                    147            20268 89512 0.050662      812       1000           5      24165
                    148            22198 91777 0.050592      803       1000           5      24165
                    149            20277 89522 0.050580      800       1000           5      24165
                    150            22084 91646 0.050565      792       1000           5      24165
                    151            22406 92026 0.050511      817       1000           5      24165
                    152            21178 90565 0.050502      794       1000           5      24165
                    153            21438 90863 0.050493      795       1000           5      24165
                    154            23340 93096 0.050468      784       1000           5      24165
                    155            22957 92671 0.050438      789       1000           5      24165
                    156            22729 92398 0.050435      782       1000           5      24165
                    157            21198 90587 0.050390      801       1000           5      24165
                    158            22544 92185 0.050358      799       1000           5      24165
                    159            22841 92534 0.050342      803       1000           5      24165
                    160            22727 92395 0.050180      787       1000           5      24165
                    161            20621 89908 0.050148      700       1000           5      24165
                    162            20942 90291 0.050129      822       1000           5      24165
                    163            22576 92219 0.050055      785       1000           5      24165
                    164            21806 91301 0.050010      804       1000           5      24165
                    165            21442 90869 0.050009      800       1000           5      24165
                    166            22424 92048 0.049972      790       1000           5      24165
                    167            20930 90277 0.049967      820       1000           5      24165
                    168            21050 90414 0.049929      806       1000           5      24165
                    169            22067 91625 0.049911      810       1000           5      24165
                    170            21272 90670 0.049887      802       1000           5      24165
                    171            22006 91548 0.049858      809       1000           5      24165
                    172            21963 91496 0.049768      804       1000           5      24165
                    173            23387 93148 0.049701      811       1000           5      24165
                    174            20660 89953 0.049672      730       1000           5      24165
                    175            21247 90643 0.049663      722       1000           5      24165
                    176            21494 90928 0.049611      805       1000           5      24165
                    177            21120 90494 0.049546      805       1000           5      24165
                    178            21932 91455 0.049533      824       1000           5      24165
                    179            21476 90908 0.049520      794       1000           5      24165
                    180            20938 90287 0.049435      807       1000           5      24165
                    181            21667 91131 0.049427      790       1000           5      24165
                    182            21478 90911 0.049425      790       1000           5      24165
                    183            20999 90356 0.049409      776       1000           5      24165
                    184            20431 89695 0.049406      797       1000           5      24165
                    185            22350 91963 0.049382      793       1000           5      24165
                    186            21570 91017 0.049340      824       1000           5      24165
                    187            21760 91244 0.049317      800       1000           5      24165
                    188            21630 91088 0.049316      707       1000           5      24165
                    189            22300 91902 0.049306      818       1000           5      24165
                    190            22944 92650 0.049277      795       1000           5      24165
                    191            22813 92501 0.049225      802       1000           5      24165
                    192            21425 90847 0.049211      790       1000           5      24165
                    193            21110 90483 0.049150      792       1000           5      24165
                    194            20574 89858 0.049099      793       1000           5      24165
                    195            22527 92166 0.049086      801       1000           5      24165
                    196            21096 90467 0.049074      792       1000           5      24165
                    197            21241 90636 0.049042      775       1000           5      24165
                    198            20192 89420 0.049034      803       1000           5      24165
                    199            21419 90841 0.049031      803       1000           5      24165
                    200            20819 90139 0.049009      809       1000           5      24165
                    201            21645 91106 0.048999      792       1000           5      24165
                    202            22542 92183 0.048992      799       1000           5      24165
                    203            22959 92673 0.048966      792       1000           5      24165
                    204            21403 90824 0.048939      797       1000           5      24165
                    205            20554 89834 0.048889      738       1000           5      24165
                    206            21072 90437 0.048877      797       1000           5      24165
                    207            20665 89960 0.048871      787       1000           5      24165
                    208            22330 91940 0.048811      824       1000           5      24165
                    209            20881 90214 0.048789      810       1000           5      24165
                    210            22354 91967 0.048672      803       1000           5      24165
                    211            22871 92567 0.048667      785       1000           5      24165
                    212            23029 92754 0.048629      784       1000           5      24165
                    213            20967 90320 0.048577      793       1000           5      24165
                    214            21789 91280 0.048561      802       1000           5      24165
                    215            22372 91987 0.048516      793       1000           5      24165
                    216            22306 91911 0.048511      819       1000           5      24165
                    217            21354 90770 0.048498      790       1000           5      24165
                    218            23296 93047 0.048431      794       1000           5      24165
                    219            20280 89525 0.048406      795       1000           5      24165
                    220            21250 90646 0.048388      790       1000           5      24165
                    221            22638 92293 0.048364      803       1000           5      24165
                    222            21474 90906 0.048307      796       1000           5      24165
                    223            20281 89526 0.048292      812       1000           5      24165
                    224            21937 91462 0.048253      709       1000           5      24165
                    225            23034 92760 0.048239      799       1000           5      24165
                    226            20689 89986 0.048219      802       1000           5      24165
                    227            21632 91091 0.048218      795       1000           5      24165
                    228            21246 90642 0.048200      813       1000           5      24165
                    229            20432 89696 0.048198      810       1000           5      24165
                    230            22148 91718 0.048155      806       1000           5      24165
                    231            20743 90048 0.048133      710       1000           5      24165
                    232            22364 91978 0.048044      789       1000           5      24165
                    233            22655 92312 0.048016      788       1000           5      24165
                    234            22547 92188 0.047951      824       1000           5      24165
                    235            21649 91112 0.047947      812       1000           5      24165
                    236            23163 92905 0.047945      799       1000           5      24165
                    237            20713 90016 0.047933      787       1000           5      24165
                    238            21284 90685 0.047913      809       1000           5      24165
                    239            21299 90700 0.047857      785       1000           5      24165
                    240            22139 91707 0.047826      804       1000           5      24165
                    241            22759 92438 0.047802      805       1000           5      24165
                    242            22793 92478 0.047797      737       1000           5      24165
                    243            21223 90615 0.047783      806       1000           5      24165
                    244            20371 89626 0.047781      802       1000           5      24165
                    245            20490 89763 0.047762      790       1000           5      24165
                    246            22878 92574 0.047759      810       1000           5      24165
                    247            22484 92117 0.047758      795       1000           5      24165
                    248            23011 92733 0.047752      715       1000           5      24165
                    249            20383 89640 0.047744      783       1000           5      24165
                    250            21434 90859 0.047706      727       1000           5      24165
                    251            20965 90318 0.047689      809       1000           5      24165
                    252            20666 89961 0.047680      819       1000           5      24165
                    253            22610 92259 0.047678      820       1000           5      24165
                    254            20735 90038 0.047631      803       1000           5      24165
                    255            20446 89712 0.047587      792       1000           5      24165
                    256            21553 90998 0.047568      721       1000           5      24165
                    257            22642 92297 0.047539      740       1000           5      24165
                    258            20869 90202 0.047524      823       1000           5      24165
                    259            23311 93064 0.047469      810       1000           5      24165
                    260            20807 90124 0.047418      794       1000           5      24165
                    261            21945 91476 0.047410      803       1000           5      24165
                    262            22233 91824 0.047405      806       1000           5      24165
                    263            20263 89507 0.047389      731       1000           5      24165
                    264            23233 92982 0.047353      787       1000           5      24165
                    265            21451 90880 0.047353      815       1000           5      24165
                    266            21588 91039 0.047345      790       1000           5      24165
                    267            23114 92850 0.047321      794       1000           5      24165
                    268            22525 92164 0.047302      784       1000           5      24165
                    269            21232 90625 0.047264      819       1000           5      24165
                    270            20884 90217 0.047253      793       1000           5      24165
                    271            21004 90361 0.047252      789       1000           5      24165
                    272            21255 90651 0.047189      734       1000           5      24165
                    273            22279 91876 0.047183      808       1000           5      24165
                    274            21142 90521 0.047157      788       1000           5      24165
                    275            20998 90355 0.047124      797       1000           5      24165
                    276            20578 89862 0.047124      777       1000           5      24165
                    277            20872 90205 0.047115      810       1000           5      24165
                    278            22777 92460 0.047105      724       1000           5      24165
                    279            21203 90594 0.047091      791       1000           5      24165
                    280            22454 92082 0.047062      819       1000           5      24165
                    281            22213 91798 0.047056      722       1000           5      24165
                    282            23179 92921 0.047053      781       1000           5      24165
                    283            21112 90486 0.047052      717       1000           5      24165
                    284            22598 92244 0.047030      824       1000           5      24165
                    285            22401 92019 0.046972      796       1000           5      24165
                    286            22012 91554 0.046966      801       1000           5      24165
                    287            20497 89770 0.046925      809       1000           5      24165
                    288            22509 92146 0.046904      805       1000           5      24165
                    289            23155 92896 0.046900      793       1000           5      24165
                    290            20374 89629 0.046844      792       1000           5      24165
                    291            23056 92784 0.046837      818       1000           5      24165
                    292            23336 93091 0.046833      785       1000           5      24165
                    293            23095 92829 0.046833      797       1000           5      24165
                    294            22087 91652 0.046833      831       1000           5      24165
                    295            21627 91084 0.046829      778       1000           5      24165
                    296            22714 92382 0.046817      785       1000           5      24165
                    297            23318 93072 0.046805      827       1000           5      24165
                    298            21129 90506 0.046754      794       1000           5      24165
                    299            20207 89436 0.046744      736       1000           5      24165
                    300            22164 91735 0.046720      790       1000           5      24165
                    301            21952 91484 0.046718      784       1000           5      24165
                    302            21793 91285 0.046662      796       1000           5      24165
                    303            21404 90825 0.046610      805       1000           5      24165
                    304            20304 89550 0.046602      722       1000           5      24165
                    305            22905 92603 0.046573      811       1000           5      24165
                    306            22414 92036 0.046552      732       1000           5      24165
                    307            21955 91488 0.046516      809       1000           5      24165
                    308            22019 91562 0.046513      800       1000           5      24165
                    309            21815 91312 0.046449      780       1000           5      24165
                    310            21896 91413 0.046438      804       1000           5      24165
                    311            23335 93090 0.046373      804       1000           5      24165
                    312            21037 90399 0.046354      793       1000           5      24165
                    313            21060 90424 0.046340      816       1000           5      24165
                    314            22945 92651 0.046326      801       1000           5      24165
                    315            23000 92721 0.046301      797       1000           5      24165
                    316            20911 90251 0.046294      805       1000           5      24165
                    317            23068 92798 0.046294      801       1000           5      24165
                    318            22854 92548 0.046260      797       1000           5      24165
                    319            21053 90417 0.046238      831       1000           5      24165
                    320            22837 92528 0.046224      792       1000           5      24165
                    321            21908 91428 0.046196      800       1000           5      24165
                    322            22768 92451 0.046193      796       1000           5      24165
                    323            22438 92065 0.046193      719       1000           5      24165
                    324            23004 92725 0.046179      797       1000           5      24165
                    325            21737 91217 0.046166      781       1000           5      24165
                    326            22558 92199 0.046156      799       1000           5      24165
                    327            21370 90786 0.046123      803       1000           5      24165
                    328            21117 90491 0.046092      805       1000           5      24165
                    329            21124 90498 0.046079      791       1000           5      24165
                    330            23214 92961 0.046077      799       1000           5      24165
                    331            21626 91083 0.046057      801       1000           5      24165
                    332            20909 90249 0.046050      813       1000           5      24165
                    333            20603 89888 0.045994      795       1000           5      24165
                    334            20416 89679 0.045992      809       1000           5      24165
                    335            23001 92722 0.045973      809       1000           5      24165
                    336            22307 91912 0.045966      805       1000           5      24165
                    337            22662 92320 0.045959      815       1000           5      24165
                    338            21818 91316 0.045959      803       1000           5      24165
                    339            23270 93019 0.045951      808       1000           5      24165
                    340            20937 90286 0.045951      798       1000           5      24165
                    341            23258 93007 0.045942      816       1000           5      24165
                    342            23198 92943 0.045938      768       1000           5      24165
                    343            20874 90207 0.045911      812       1000           5      24165
                    344            21831 91329 0.045909      791       1000           5      24165
                    345            21126 90502 0.045897      790       1000           5      24165
                    346            20526 89802 0.045892      806       1000           5      24165
                    347            23300 93052 0.045801      825       1000           5      24165
                    348            20935 90283 0.045801      800       1000           5      24165
                    349            20571 89855 0.045784      798       1000           5      24165
                    350            21917 91437 0.045763      792       1000           5      24165
                    351            21501 90935 0.045733      811       1000           5      24165
                    352            21083 90452 0.045711      784       1000           5      24165
                    353            21068 90433 0.045695      824       1000           5      24165
                    354            20581 89865 0.045687      793       1000           5      24165
                    355            23113 92849 0.045603      777       1000           5      24165
                    356            21762 91247 0.045580      729       1000           5      24165
                    357            21918 91438 0.045573      796       1000           5      24165
                    358            22719 92387 0.045476      826       1000           5      24165
                    359            22222 91812 0.045470      799       1000           5      24165
                    360            21249 90645 0.045462      782       1000           5      24165
                    361            22226 91817 0.045443      801       1000           5      24165
                    362            23137 92877 0.045440      706       1000           5      24165
                    363            22840 92532 0.045435      779       1000           5      24165
                    364            20329 89577 0.045421      808       1000           5      24165
                    365            20726 90029 0.045395      804       1000           5      24165
                    366            23360 93119 0.045351      814       1000           5      24165
                    367            20464 89730 0.045327      814       1000           5      24165
                    368            20227 89459 0.045320      705       1000           5      24165
                    369            23020 92745 0.045269      787       1000           5      24165
                    370            22650 92307 0.045249      817       1000           5      24165
                    371            22117 91683 0.045233      696       1000           5      24165
                    372            22271 91867 0.045211      802       1000           5      24165
                    373            21568 91015 0.045189      821       1000           5      24165
                    374            21507 90943 0.045152      809       1000           5      24165
                    375            20835 90161 0.045139      807       1000           5      24165
                    376            20414 89677 0.045101      809       1000           5      24165
                    377            22911 92612 0.045083      793       1000           5      24165
                    378            20458 89724 0.045052      805       1000           5      24165
                    379            21876 91390 0.045050      736       1000           5      24165
                    380            20838 90164 0.045041      782       1000           5      24165
                    381            21226 90618 0.045040      690       1000           5      24165
                    382            21303 90704 0.045038      816       1000           5      24165
                    383            20202 89431 0.045028      781       1000           5      24165
                    384            22779 92462 0.045007      795       1000           5      24165
                    385            20679 89975 0.045007      797       1000           5      24165
                    386            22138 91706 0.044984      798       1000           5      24165
                    387            22821 92509 0.044955      792       1000           5      24165
                    388            22746 92424 0.044950      790       1000           5      24165
                    389            21925 91448 0.044945      808       1000           5      24165
                    390            22193 91770 0.044945      800       1000           5      24165
                    391            21665 91129 0.044929      805       1000           5      24165
                    392            23319 93073 0.044920      802       1000           5      24165
                    393            22095 91660 0.044888      812       1000           5      24165
                    394            20444 89710 0.044878      799       1000           5      24165
                    395            23190 92932 0.044833      806       1000           5      24165
                    396            22011 91553 0.044805      782       1000           5      24165
                    397            21589 91040 0.044770      787       1000           5      24165
                    398            21965 91498 0.044741      796       1000           5      24165
                    399            20440 89705 0.044736      784       1000           5      24165
                    400            23316 93070 0.044726      806       1000           5      24165
                    401            20495 89768 0.044708      821       1000           5      24165
                    402            23210 92957 0.044706      813       1000           5      24165
                    403            22179 91752 0.044686      810       1000           5      24165
                    404            21134 90512 0.044655      821       1000           5      24165
                    405            21902 91420 0.044644      805       1000           5      24165
                    406            21594 91045 0.044639      809       1000           5      24165
                    407            23110 92845 0.044627      810       1000           5      24165
                    408            21106 90479 0.044616      787       1000           5      24165
                    409            20728 90031 0.044608      796       1000           5      24165
                    410            20974 90328 0.044538      795       1000           5      24165
                    411            21098 90469 0.044532      802       1000           5      24165
                    412            21660 91124 0.044529      808       1000           5      24165
                    413            22033 91585 0.044520      806       1000           5      24165
                    414            20810 90128 0.044511      824       1000           5      24165
                    415            21039 90401 0.044470      800       1000           5      24165
                    416            20677 89973 0.044470      800       1000           5      24165
                    417            21148 90529 0.044455      797       1000           5      24165
                    418            21094 90465 0.044441      817       1000           5      24165
                    419            21077 90444 0.044439      804       1000           5      24165
                    420            22528 92167 0.044436      716       1000           5      24165
                    421            21066 90430 0.044410      809       1000           5      24165
                    422            22745 92423 0.044373      798       1000           5      24165
                    423            21023 90384 0.044370      790       1000           5      24165
                    424            21960 91493 0.044348      720       1000           5      24165
                    425            22532 92172 0.044337      801       1000           5      24165
                    426            22203 91783 0.044331      817       1000           5      24165
                    427            20671 89967 0.044328      813       1000           5      24165
                    428            21409 90831 0.044326      710       1000           5      24165
                    429            20856 90188 0.044245      790       1000           5      24165
                    430            20484 89755 0.044239      825       1000           5      24165
                    431            20886 90219 0.044231      789       1000           5      24165
                    432            21754 91238 0.044224      784       1000           5      24165
                    433            21997 91538 0.044183      736       1000           5      24165
                    434            22497 92132 0.044105      837       1000           5      24165
                    435            20424 89687 0.044088      774       1000           5      24165
                    436            22478 92110 0.044082      804       1000           5      24165
                    437            22386 92002 0.044075      797       1000           5      24165
                    438            22668 92328 0.044074      813       1000           5      24165
                    439            22332 91942 0.044052      808       1000           5      24165
                    440            21802 91295 0.044035      789       1000           5      24165
                    441            20614 89901 0.044013      801       1000           5      24165
                    442            21758 91242 0.044005      770       1000           5      24165
                    443            21828 91326 0.043996      787       1000           5      24165
                    444            22200 91779 0.043970      803       1000           5      24165
                    445            21359 90775 0.043968      801       1000           5      24165
                    446            20562 89845 0.043966      821       1000           5      24165
                    447            22344 91955 0.043953      801       1000           5      24165
                    448            21628 91085 0.043923      790       1000           5      24165
                    449            22830 92520 0.043922      704       1000           5      24165
                    450            21266 90663 0.043920      804       1000           5      24165
                    451            20794 90109 0.043919      806       1000           5      24165
                    452            21643 91103 0.043909      835       1000           5      24165
                    453            21726 91203 0.043874      793       1000           5      24165
                    454            21296 90697 0.043854      776       1000           5      24165
                    455            22976 92691 0.043834      798       1000           5      24165
                    456            21916 91436 0.043797      801       1000           5      24165
                    457            20442 89707 0.043776      787       1000           5      24165
                    458            21550 90995 0.043727      781       1000           5      24165
                    459            22669 92330 0.043725      795       1000           5      24165
                    460            22951 92662 0.043705      807       1000           5      24165
                    461            22698 92364 0.043702      811       1000           5      24165
                    462            22583 92227 0.043700      803       1000           5      24165
                    463            23127 92866 0.043686      799       1000           5      24165
                    464            22418 92040 0.043677      817       1000           5      24165
                    465            21184 90571 0.043662      806       1000           5      24165
                    466            21421 90843 0.043658      814       1000           5      24165
                    467            20620 89907 0.043643      769       1000           5      24165
                    468            20244 89481 0.043625      801       1000           5      24165
                    469            21991 91532 0.043598      814       1000           5      24165
                    470            21909 91429 0.043580      779       1000           5      24165
                    471            22181 91755 0.043579      795       1000           5      24165
                    472            22774 92457 0.043577      802       1000           5      24165
                    473            21600 91051 0.043577      773       1000           5      24165
                    474            20653 89944 0.043527      785       1000           5      24165
                    475            22847 92540 0.043526      799       1000           5      24165
                    476            20604 89889 0.043502      779       1000           5      24165
                    477            21328 90736 0.043490      801       1000           5      24165
                    478            21152 90533 0.043484      802       1000           5      24165
                    479            22856 92550 0.043481      799       1000           5      24165
                    480            22347 91958 0.043480      801       1000           5      24165
                    481            21823 91321 0.043474      767       1000           5      24165
                    482            23021 92746 0.043465      795       1000           5      24165
                    483            22017 91560 0.043464      778       1000           5      24165
                    484            22530 92170 0.043439      736       1000           5      24165
                    485            22340 91951 0.043397      709       1000           5      24165
                    486            23226 92974 0.043389      784       1000           5      24165
                    487            20716 90019 0.043388      795       1000           5      24165
                    488            23389 93150 0.043369      809       1000           5      24165
                    489            21757 91241 0.043365      735       1000           5      24165
                    490            21413 90835 0.043354      791       1000           5      24165
                    491            23152 92893 0.043341      780       1000           5      24165
                    492            23197 92941 0.043334      783       1000           5      24165
                    493            21827 91325 0.043327      740       1000           5      24165
                    494            22092 91657 0.043261      802       1000           5      24165
                    495            21302 90703 0.043248      804       1000           5      24165
                    496            20657 89949 0.043220      813       1000           5      24165
                    497            23125 92864 0.043218      795       1000           5      24165
                    498            23315 93069 0.043209      792       1000           5      24165
                    499            22369 91983 0.043179      802       1000           5      24165
                    500            21606 91058 0.043156      788       1000           5      24165
                    501            22834 92524 0.043145      790       1000           5      24165
                    502            21617 91072 0.043129      821       1000           5      24165
                    503            22299 91900 0.043125      801       1000           5      24165
                    504            21104 90477 0.043116      772       1000           5      24165
                    505            20824 90144 0.043105      802       1000           5      24165
                    506            22916 92618 0.043083      821       1000           5      24165
                    507            21979 91518 0.043063      808       1000           5      24165
                    508            21720 91194 0.043053      798       1000           5      24165
                    509            21624 91081 0.043041      803       1000           5      24165
                    510            20706 90009 0.043032      812       1000           5      24165
                    511            22728 92396 0.043019      820       1000           5      24165
                    512            22884 92580 0.043009      797       1000           5      24165
                    513            20611 89898 0.043000      812       1000           5      24165
                    514            21187 90574 0.042994      795       1000           5      24165
                    515            22814 92502 0.042940      809       1000           5      24165
                    516            22153 91723 0.042925      804       1000           5      24165
                    517            21070 90435 0.042910      734       1000           5      24165
                    518            20499 89772 0.042895      799       1000           5      24165
                    519            21923 91445 0.042894      793       1000           5      24165
                    520            23364 93123 0.042882      712       1000           5      24165
                    521            21610 91063 0.042874      808       1000           5      24165
                    522            22965 92680 0.042864      813       1000           5      24165
                    523            20600 89885 0.042857      784       1000           5      24165
                    524            21543 90986 0.042841      794       1000           5      24165
                    525            23278 93027 0.042837      714       1000           5      24165
                    526            22037 91589 0.042836      818       1000           5      24165
                    527            21125 90500 0.042826      824       1000           5      24165
                    528            22296 91897 0.042816      732       1000           5      24165
                    529            20895 90230 0.042795      788       1000           5      24165
                    530            22230 91821 0.042792      793       1000           5      24165
                    531            22632 92287 0.042782      804       1000           5      24165
                    532            22592 92237 0.042776      797       1000           5      24165
                    533            22007 91549 0.042775      789       1000           5      24165
                    534            22165 91736 0.042769      790       1000           5      24165
                    535            21934 91457 0.042761      732       1000           5      24165
                    536            22703 92370 0.042732      785       1000           5      24165
                    537            23222 92969 0.042731      797       1000           5      24165
                    538            22711 92378 0.042730      805       1000           5      24165
                    539            21767 91253 0.042729      786       1000           5      24165
                    540            21351 90767 0.042723      814       1000           5      24165
                    541            20226 89458 0.042714      803       1000           5      24165
                    542            20439 89704 0.042710      738       1000           5      24165
                    543            20267 89511 0.042707      799       1000           5      24165
                    544            22289 91889 0.042706      797       1000           5      24165
                    545            21571 91018 0.042696      818       1000           5      24165
                    546            22219 91808 0.042695      807       1000           5      24165
                    547            20662 89957 0.042671      796       1000           5      24165
                    548            22670 92331 0.042659      796       1000           5      24165
                    549            22964 92679 0.042623      813       1000           5      24165
                    550            22331 91941 0.042616      780       1000           5      24165
                    551            23033 92759 0.042590      821       1000           5      24165
                    552            20991 90346 0.042562      757       1000           5      24165
                    553            22090 91655 0.042545      779       1000           5      24165
                    554            21552 90997 0.042540      800       1000           5      24165
                    555            21372 90788 0.042480      717       1000           5      24165
                    556            22620 92271 0.042395      718       1000           5      24165
                    557            21634 91093 0.042384      796       1000           5      24165
                    558            23218 92965 0.042375      806       1000           5      24165
                    559            21557 91003 0.042364      789       1000           5      24165
                    560            23140 92880 0.042346      768       1000           5      24165
                    561            22112 91678 0.042340      782       1000           5      24165
                    562            22456 92085 0.042308      792       1000           5      24165
                    563            22491 92124 0.042290      713       1000           5      24165
                    564            20577 89861 0.042258      794       1000           5      24165
                    565            20772 90083 0.042251      781       1000           5      24165
                    566            21497 90931 0.042239      808       1000           5      24165
                    567            20708 90011 0.042235      739       1000           5      24165
                    568            21816 91313 0.042223      792       1000           5      24165
                    569            21784 91273 0.042216      807       1000           5      24165
                    570            21803 91296 0.042211      787       1000           5      24165
                    571            20278 89523 0.042196      795       1000           5      24165
                    572            21390 90807 0.042190      793       1000           5      24165
                    573            20635 89923 0.042184      788       1000           5      24165
                    574            23371 93130 0.042177      793       1000           5      24165
                    575            21885 91399 0.042155      798       1000           5      24165
                    576            22872 92568 0.042145      787       1000           5      24165
                    577            21770 91256 0.042144      812       1000           5      24165
                    578            21526 90967 0.042133      787       1000           5      24165
                    579            23283 93033 0.042127      789       1000           5      24165
                    580            21961 91494 0.042116      795       1000           5      24165
                    581            22091 91656 0.042113      809       1000           5      24165
                    582            23067 92795 0.042101      824       1000           5      24165
                    583            23159 92900 0.042100      739       1000           5      24165
                    584            21245 90641 0.042086      812       1000           5      24165
                    585            21548 90993 0.042083      817       1000           5      24165
                    586            22539 92180 0.042073      802       1000           5      24165
                    587            21500 90934 0.042049      801       1000           5      24165
                    588            20308 89554 0.042018      802       1000           5      24165
                    589            22826 92514 0.041997      812       1000           5      24165
                    590            21025 90386 0.041976      804       1000           5      24165
                    591            20709 90012 0.041950      731       1000           5      24165
                    592            22109 91675 0.041924      721       1000           5      24165
                    593            21119 90493 0.041914      788       1000           5      24165
                    594            21278 90679 0.041912      793       1000           5      24165
                    595            23378 93138 0.041864      723       1000           5      24165
                    596            23082 92815 0.041853      778       1000           5      24165
                    597            23388 93149 0.041819      735       1000           5      24165
                    598            21782 91271 0.041817      692       1000           5      24165
                    599            20305 89551 0.041816      812       1000           5      24165
                    600            21741 91221 0.041799      798       1000           5      24165
                    601            20210 89439 0.041792      809       1000           5      24165
                    602            22142 91710 0.041779      792       1000           5      24165
                    603            20948 90299 0.041774      790       1000           5      24165
                    604            20901 90238 0.041739      798       1000           5      24165
                    605            21838 91339 0.041707      800       1000           5      24165
                    606            22636 92291 0.041706      786       1000           5      24165
                    607            21067 90431 0.041686      788       1000           5      24165
                    608            23191 92933 0.041673      786       1000           5      24165
                    609            22064 91620 0.041652      726       1000           5      24165
                    610            23326 93080 0.041647      790       1000           5      24165
                    611            21076 90443 0.041643      739       1000           5      24165
                    612            20386 89643 0.041619      807       1000           5      24165
                    613            21306 90709 0.041618      817       1000           5      24165
                    614            20639 89928 0.041604      805       1000           5      24165
                    615            22470 92101 0.041600      822       1000           5      24165
                    616            22507 92144 0.041557      788       1000           5      24165
                    617            22571 92214 0.041528      708       1000           5      24165
                    618            22083 91645 0.041518      794       1000           5      24165
                    619            22110 91676 0.041501      791       1000           5      24165
                    620            20438 89703 0.041476      795       1000           5      24165
                    621            20435 89700 0.041425      813       1000           5      24165
                    622            21906 91426 0.041423      792       1000           5      24165
                    623            22014 91556 0.041414      797       1000           5      24165
                    624            22451 92079 0.041410      785       1000           5      24165
                    625            22276 91873 0.041407      800       1000           5      24165
                    626            22617 92268 0.041397      710       1000           5      24165
                    627            21061 90425 0.041396      804       1000           5      24165
                    628            20567 89850 0.041386      776       1000           5      24165
                    629            22114 91680 0.041386      817       1000           5      24165
                    630            21260 90656 0.041379      804       1000           5      24165
                    631            21604 91055 0.041377      814       1000           5      24165
                    632            22861 92556 0.041373      811       1000           5      24165
                    633            23189 92931 0.041355      789       1000           5      24165
                    634            21671 91135 0.041352      797       1000           5      24165
                    635            21786 91275 0.041349      808       1000           5      24165
                    636            22742 92416 0.041341      778       1000           5      24165
                    637            21424 90846 0.041333      725       1000           5      24165
                    638            20761 90071 0.041325      812       1000           5      24165
                    639            20307 89553 0.041318      811       1000           5      24165
                    640            22210 91793 0.041308      809       1000           5      24165
                    641            21515 90951 0.041284      810       1000           5      24165
                    642            20605 89890 0.041263      709       1000           5      24165
                    643            23172 92914 0.041259      798       1000           5      24165
                    644            21159 90542 0.041220      803       1000           5      24165
                    645            22919 92621 0.041214      828       1000           5      24165
                    646            21376 90792 0.041210      801       1000           5      24165
                    647            22403 92022 0.041205      807       1000           5      24165
                    648            22269 91865 0.041191      808       1000           5      24165
                    649            22855 92549 0.041181      802       1000           5      24165
                    650            20405 89666 0.041168      787       1000           5      24165
                    651            20904 90242 0.041166      733       1000           5      24165
                    652            20493 89766 0.041161      737       1000           5      24165
                    653            20863 90196 0.041151      797       1000           5      24165
                    654            22118 91684 0.041119      811       1000           5      24165
                    655            21316 90720 0.041113      777       1000           5      24165
                    656            22755 92434 0.041104      805       1000           5      24165
                    657            22972 92687 0.041097      776       1000           5      24165
                    658            20636 89924 0.041078      733       1000           5      24165
                    659            20857 90189 0.041053      811       1000           5      24165
                    660            22961 92676 0.041053      791       1000           5      24165
                    661            20891 90226 0.041050      797       1000           5      24165
                    662            20583 89867 0.041025      798       1000           5      24165
                    663            21274 90672 0.041022      821       1000           5      24165
                    664            20725 90028 0.041002      809       1000           5      24165
                    665            22585 92229 0.040998      779       1000           5      24165
                    666            21822 91320 0.040988      805       1000           5      24165
                    667            20762 90072 0.040987      811       1000           5      24165
                    668            20941 90290 0.040981      792       1000           5      24165
                    669            23058 92786 0.040951      776       1000           5      24165
                    670            22512 92149 0.040937      796       1000           5      24165
                    671            22128 91694 0.040924      807       1000           5      24165
                    672            22995 92715 0.040921      784       1000           5      24165
                    673            23238 92987 0.040920      796       1000           5      24165
                    674            20486 89757 0.040914      774       1000           5      24165
                    675            20817 90137 0.040899      786       1000           5      24165
                    676            21219 90611 0.040898      813       1000           5      24165
                    677            20759 90068 0.040892      791       1000           5      24165
                    678            20834 90159 0.040886      793       1000           5      24165
                    679            21288 90689 0.040869      809       1000           5      24165
                    680            21912 91432 0.040864      802       1000           5      24165
                    681            21623 91080 0.040856      723       1000           5      24165
                    682            21907 91427 0.040842      727       1000           5      24165
                    683            22859 92554 0.040831      786       1000           5      24165
                    684            20988 90342 0.040827      804       1000           5      24165
                    685            21334 90743 0.040820      747       1000           5      24165
                    686            23168 92910 0.040818      725       1000           5      24165
                    687            22800 92487 0.040808      822       1000           5      24165
                    688            21750 91233 0.040790      796       1000           5      24165
                    689            21071 90436 0.040786      784       1000           5      24165
                    690            23367 93126 0.040780      811       1000           5      24165
                    691            21580 91031 0.040735      792       1000           5      24165
                    692            20923 90267 0.040729      818       1000           5      24165
                    693            21641 91101 0.040711      788       1000           5      24165
                    694            22043 91595 0.040710      796       1000           5      24165
                    695            21114 90488 0.040701      814       1000           5      24165
                    696            21718 91192 0.040697      794       1000           5      24165
                    697            21883 91397 0.040678      802       1000           5      24165
                    698            22849 92542 0.040675      806       1000           5      24165
                    699            20939 90288 0.040667      822       1000           5      24165
                    700            21520 90959 0.040665      720       1000           5      24165
                    701            20790 90105 0.040640      795       1000           5      24165
                    702            21095 90466 0.040636      815       1000           5      24165
                    703            22246 91841 0.040630      784       1000           5      24165
                    704            20795 90110 0.040615      740       1000           5      24165
                    705            22001 91543 0.040613      722       1000           5      24165
                    706            21414 90836 0.040609      803       1000           5      24165
                    707            22361 91975 0.040602      786       1000           5      24165
                    708            22310 91917 0.040586      814       1000           5      24165
                    709            22459 92089 0.040578      789       1000           5      24165
                    710            21285 90686 0.040573      804       1000           5      24165
                    711            22315 91922 0.040570      792       1000           5      24165
                    712            20848 90177 0.040565      806       1000           5      24165
                    713            21100 90471 0.040555      799       1000           5      24165
                    714            21326 90733 0.040541      794       1000           5      24165
                    715            22556 92197 0.040521      797       1000           5      24165
                    716            21103 90474 0.040474      804       1000           5      24165
                    717            21740 91220 0.040471      769       1000           5      24165
                    718            22492 92125 0.040468      796       1000           5      24165
                    719            20684 89981 0.040457      816       1000           5      24165
                    720            21967 91500 0.040455      800       1000           5      24165
                    721            22908 92608 0.040455      783       1000           5      24165
                    722            22141 91709 0.040449      791       1000           5      24165
                    723            23091 92825 0.040448      729       1000           5      24165
                    724            20228 89460 0.040447      801       1000           5      24165
                    725            20568 89851 0.040425      813       1000           5      24165
                    726            21564 91011 0.040420      805       1000           5      24165
                    727            21116 90490 0.040415      791       1000           5      24165
                    728            21852 91356 0.040391      802       1000           5      24165
                    729            21668 91132 0.040386      809       1000           5      24165
                    730            22589 92233 0.040371      780       1000           5      24165
                    731            20897 90233 0.040361      804       1000           5      24165
                    732            20409 89671 0.040352      806       1000           5      24165
                    733            21654 91118 0.040347      793       1000           5      24165
                    734            20524 89800 0.040342      787       1000           5      24165
                    735            20920 90263 0.040340      738       1000           5      24165
                    736            21707 91180 0.040318      809       1000           5      24165
                    737            21234 90627 0.040293      794       1000           5      24165
                    738            23266 93015 0.040278      800       1000           5      24165
                    739            21695 91168 0.040274      794       1000           5      24165
                    740            23325 93079 0.040249      794       1000           5      24165
                    741            21448 90876 0.040248      785       1000           5      24165
                    742            22266 91862 0.040248      775       1000           5      24165
                    743            20550 89829 0.040214      792       1000           5      24165
                    744            21880 91394 0.040214      795       1000           5      24165
                    745            21191 90579 0.040154      804       1000           5      24165
                    746            21582 91033 0.040139      800       1000           5      24165
                    747            22435 92062 0.040134      806       1000           5      24165
                    748            22400 92018 0.040132      795       1000           5      24165
                    749            22526 92165 0.040130      786       1000           5      24165
                    750            23102 92837 0.040096      758       1000           5      24165
                    751            22685 92349 0.040076      792       1000           5      24165
                    752            23064 92792 0.040072      784       1000           5      24165
                    753            22135 91701 0.040067      818       1000           5      24165
                    754            20559 89841 0.040056      822       1000           5      24165
                    755            20247 89484 0.040056      802       1000           5      24165
                    756            20461 89727 0.040045      802       1000           5      24165
                    757            22720 92388 0.040016      808       1000           5      24165
                    758            21156 90539 0.040008      820       1000           5      24165
                    759            22922 92626 0.039999      797       1000           5      24165
                    760            21461 90891 0.039998      796       1000           5      24165
                    761            20686 89983 0.039989      714       1000           5      24165
                    762            23019 92744 0.039986      737       1000           5      24165
                    763            20262 89506 0.039983      796       1000           5      24165
                    764            21805 91300 0.039982      786       1000           5      24165
                    765            22062 91617 0.039977      802       1000           5      24165
                    766            20936 90284 0.039971      820       1000           5      24165
                    767            20866 90199 0.039938      796       1000           5      24165
                    768            20664 89959 0.039936      814       1000           5      24165
                    769            21533 90975 0.039935      804       1000           5      24165
                    770            22147 91717 0.039932      798       1000           5      24165
                    771            21007 90364 0.039919      786       1000           5      24165
                    772            23287 93037 0.039911      799       1000           5      24165
                    773            22812 92500 0.039899      809       1000           5      24165
                    774            22889 92587 0.039860      809       1000           5      24165
                    775            21411 90833 0.039860      799       1000           5      24165
                    776            20271 89515 0.039816      808       1000           5      24165
                    777            20197 89425 0.039815      720       1000           5      24165
                    778            22328 91937 0.039798      835       1000           5      24165
                    779            22185 91760 0.039790      807       1000           5      24165
                    780            23049 92776 0.039784      791       1000           5      24165
                    781            22158 91728 0.039767      718       1000           5      24165
                    782            21985 91525 0.039766      804       1000           5      24165
                    783            22366 91980 0.039751      806       1000           5      24165
                    784            22123 91689 0.039726      801       1000           5      24165
                    785            20907 90247 0.039719      817       1000           5      24165
                    786            22483 92116 0.039719      787       1000           5      24165
                    787            22704 92371 0.039708      798       1000           5      24165
                    788            22958 92672 0.039700      731       1000           5      24165
                    789            22605 92252 0.039695      796       1000           5      24165
                    790            23382 93143 0.039676      811       1000           5      24165
                    791            22581 92225 0.039675      730       1000           5      24165
                    792            21400 90821 0.039675      805       1000           5      24165
                    793            22130 91696 0.039669      794       1000           5      24165
                    794            22458 92088 0.039659      810       1000           5      24165
                    795            21829 91327 0.039656      704       1000           5      24165
                    796            23236 92985 0.039655      795       1000           5      24165
                    797            21281 90682 0.039628      801       1000           5      24165
                    798            22618 92269 0.039623      810       1000           5      24165
                    799            22613 92264 0.039617      789       1000           5      24165
                    800            22591 92236 0.039607      779       1000           5      24165
                    801            20407 89669 0.039601      800       1000           5      24165
                    802            22975 92690 0.039591      809       1000           5      24165
                    803            21826 91324 0.039589      708       1000           5      24165
                    804            22560 92201 0.039588      821       1000           5      24165
                    805            22595 92240 0.039574      802       1000           5      24165
                    806            22533 92173 0.039557      803       1000           5      24165
                    807            22550 92191 0.039538      792       1000           5      24165
                    808            22466 92097 0.039535      730       1000           5      24165
                    809            23119 92858 0.039531      811       1000           5      24165
                    810            22776 92459 0.039516      737       1000           5      24165
                    811            21996 91537 0.039508      788       1000           5      24165
                    812            23009 92730 0.039487      738       1000           5      24165
                    813            21064 90428 0.039486      806       1000           5      24165
                    814            20287 89532 0.039457      779       1000           5      24165
                    815            21812 91307 0.039436      824       1000           5      24165
                    816            20450 89716 0.039434      725       1000           5      24165
                    817            22398 92016 0.039409      807       1000           5      24165
                    818            21323 90729 0.039407      799       1000           5      24165
                    819            21563 91009 0.039396      815       1000           5      24165
                    820            21012 90370 0.039396      821       1000           5      24165
                    821            22738 92410 0.039382      808       1000           5      24165
                    822            22381 91996 0.039380      804       1000           5      24165
                    823            21683 91151 0.039378      712       1000           5      24165
                    824            23386 93147 0.039367      718       1000           5      24165
                    825            21217 90608 0.039351      782       1000           5      24165
                    826            21075 90442 0.039349      711       1000           5      24165
                    827            20731 90034 0.039336      778       1000           5      24165
                    828            22600 92247 0.039325      725       1000           5      24165
                    829            21913 91433 0.039309      809       1000           5      24165
                    830            21029 90391 0.039308      802       1000           5      24165
                    831            22121 91687 0.039304      811       1000           5      24165
                    832            20806 90123 0.039304      725       1000           5      24165
                    833            23126 92865 0.039301      791       1000           5      24165
                    834            22520 92157 0.039295      828       1000           5      24165
                    835            20980 90334 0.039287      795       1000           5      24165
                    836            20548 89827 0.039284      725       1000           5      24165
                    837            22838 92529 0.039277      791       1000           5      24165
                    838            20509 89782 0.039265      815       1000           5      24165
                    839            21655 91119 0.039259      795       1000           5      24165
                    840            20500 89773 0.039241      786       1000           5      24165
                    841            21017 90378 0.039235      811       1000           5      24165
                    842            20377 89632 0.039235      818       1000           5      24165
                    843            21466 90897 0.039216      779       1000           5      24165
                    844            22498 92133 0.039188      803       1000           5      24165
                    845            22191 91767 0.039187      784       1000           5      24165
                    846            22286 91886 0.039181      799       1000           5      24165
                    847            23323 93077 0.039171      815       1000           5      24165
                    848            21674 91139 0.039160      828       1000           5      24165
                    849            20854 90185 0.039141      810       1000           5      24165
                    850            21977 91516 0.039130      781       1000           5      24165
                    851            22100 91665 0.039101      794       1000           5      24165
                    852            21811 91306 0.039073      790       1000           5      24165
                    853            21262 90658 0.039068      726       1000           5      24165
                    854            22058 91611 0.039067      796       1000           5      24165
                    855            21678 91144 0.039066      810       1000           5      24165
                    856            23146 92886 0.039031      817       1000           5      24165
                    857            20419 89682 0.039024      809       1000           5      24165
                    858            22870 92566 0.039022      739       1000           5      24165
                    859            22901 92599 0.039018      749       1000           5      24165
                    860            20579 89863 0.039008      806       1000           5      24165
                    861            22857 92551 0.039001      807       1000           5      24165
                    862            21575 91026 0.039001      774       1000           5      24165
                    863            20224 89456 0.038978      797       1000           5      24165
                    864            22630 92284 0.038978      726       1000           5      24165
                    865            22370 91985 0.038976      785       1000           5      24165
                    866            22731 92403 0.038972      810       1000           5      24165
                    867            21065 90429 0.038964      800       1000           5      24165
                    868            20757 90066 0.038961      777       1000           5      24165
                    869            21711 91185 0.038955      720       1000           5      24165
                    870            20556 89836 0.038955      799       1000           5      24165
                    871            22051 91603 0.038938      775       1000           5      24165
                    872            22593 92238 0.038916      716       1000           5      24165
                    873            22294 91895 0.038892      694       1000           5      24165
                    874            20346 89597 0.038889      817       1000           5      24165
                    875            22984 92701 0.038879      804       1000           5      24165
                    876            23037 92763 0.038879      704       1000           5      24165
                    877            21613 91067 0.038877      797       1000           5      24165
                    878            20589 89873 0.038875      786       1000           5      24165
                    879            23252 93001 0.038869      713       1000           5      24165
                    880            22909 92610 0.038864      803       1000           5      24165
                    881            21946 91477 0.038858      783       1000           5      24165
                    882            21930 91453 0.038858      795       1000           5      24165
                    883            22333 91943 0.038854      791       1000           5      24165
                    884            21692 91165 0.038853      794       1000           5      24165
                    885            21355 90771 0.038835      808       1000           5      24165
                    886            23349 93107 0.038827      821       1000           5      24165
                    887            21636 91095 0.038812      811       1000           5      24165
                    888            22988 92706 0.038798      799       1000           5      24165
                    889            21336 90747 0.038792      781       1000           5      24165
                    890            21290 90691 0.038790      702       1000           5      24165
                    891            23377 93137 0.038785      703       1000           5      24165
                    892            21158 90541 0.038782      787       1000           5      24165
                    893            21607 91060 0.038779      808       1000           5      24165
                    894            22506 92143 0.038778      731       1000           5      24165
                    895            20906 90244 0.038777      806       1000           5      24165
                    896            20327 89575 0.038768      792       1000           5      24165
                    897            21658 91122 0.038755      746       1000           5      24165
                    898            22069 91627 0.038749      813       1000           5      24165
                    899            21218 90610 0.038745      789       1000           5      24165
                    900            22575 92218 0.038732      740       1000           5      24165
                    901            21423 90845 0.038725      745       1000           5      24165
                    902            22390 92007 0.038720      793       1000           5      24165
                    903            22231 91822 0.038712      797       1000           5      24165
                    904            20361 89614 0.038702      815       1000           5      24165
                    905            22322 91929 0.038697      792       1000           5      24165
                    906            22132 91698 0.038691      806       1000           5      24165
                    907            22077 91637 0.038673      770       1000           5      24165
                    908            20256 89496 0.038662      786       1000           5      24165
                    909            22176 91748 0.038657      712       1000           5      24165
                    910            21664 91128 0.038645      795       1000           5      24165
                    911            20652 89943 0.038638      800       1000           5      24165
                    912            21514 90950 0.038637      801       1000           5      24165
                    913            22003 91545 0.038627      717       1000           5      24165
                    914            22609 92258 0.038610      793       1000           5      24165
                    915            20580 89864 0.038609      796       1000           5      24165
                    916            20760 90070 0.038559      795       1000           5      24165
                    917            21529 90970 0.038555      810       1000           5      24165
                    918            21659 91123 0.038550      723       1000           5      24165
                    919            20921 90264 0.038545      817       1000           5      24165
                    920            22359 91972 0.038543      813       1000           5      24165
                    921            21639 91098 0.038541      790       1000           5      24165
                    922            21593 91044 0.038533      791       1000           5      24165
                    923            20200 89428 0.038528      813       1000           5      24165
                    924            22680 92342 0.038527      800       1000           5      24165
                    925            21546 90990 0.038524      812       1000           5      24165
                    926            21764 91249 0.038522      721       1000           5      24165
                    927            22178 91751 0.038520      814       1000           5      24165
                    928            22268 91864 0.038506      804       1000           5      24165
                    929            20815 90133 0.038494      727       1000           5      24165
                    930            20390 89648 0.038493      796       1000           5      24165
                    931            23230 92978 0.038483      803       1000           5      24165
                    932            23196 92939 0.038480      804       1000           5      24165
                    933            20878 90211 0.038478      814       1000           5      24165
                    934            23109 92844 0.038471      786       1000           5      24165
                    935            22505 92142 0.038468      805       1000           5      24165
                    936            21502 90936 0.038459      804       1000           5      24165
                    937            20745 90051 0.038453      807       1000           5      24165
                    938            20883 90216 0.038453      805       1000           5      24165
                    939            21173 90559 0.038452      705       1000           5      24165
                    940            20958 90310 0.038444      811       1000           5      24165
                    941            22295 91896 0.038443      739       1000           5      24165
                    942            21699 91172 0.038440      801       1000           5      24165
                    943            23276 93025 0.038430      806       1000           5      24165
                    944            20812 90130 0.038426      778       1000           5      24165
                    945            22317 91924 0.038425      802       1000           5      24165
                    946            20632 89920 0.038422      799       1000           5      24165
                    947            22518 92155 0.038419      798       1000           5      24165
                    948            20717 90020 0.038412      827       1000           5      24165
                    949            20297 89542 0.038403      808       1000           5      24165
                    950            20573 89857 0.038394      802       1000           5      24165
                    951            22151 91721 0.038393      809       1000           5      24165
                    952            22496 92131 0.038392      798       1000           5      24165
                    953            22234 91825 0.038381      787       1000           5      24165
                    954            21652 91115 0.038377      784       1000           5      24165
                    955            21275 90673 0.038370      726       1000           5      24165
                    956            23299 93050 0.038365      800       1000           5      24165
                    957            22227 91818 0.038364      800       1000           5      24165
                    958            22733 92405 0.038358      777       1000           5      24165
                    959            22938 92642 0.038353      791       1000           5      24165
                    960            22029 91578 0.038352      806       1000           5      24165
                    961            23272 93021 0.038314      786       1000           5      24165
                    962            21927 91450 0.038306      730       1000           5      24165
                    963            21239 90633 0.038303      743       1000           5      24165
                    964            22063 91618 0.038301      720       1000           5      24165
                    965            20341 89592 0.038301      777       1000           5      24165
                    966            22682 92345 0.038261      800       1000           5      24165
                    967            20302 89548 0.038260      734       1000           5      24165
                    968            20209 89438 0.038237      780       1000           5      24165
                    969            20954 90305 0.038230      804       1000           5      24165
                    970            22240 91831 0.038228      784       1000           5      24165
                    971            20415 89678 0.038223      781       1000           5      24165
                    972            21381 90797 0.038207      788       1000           5      24165
                    973            21919 91439 0.038200      782       1000           5      24165
                    974            20691 89988 0.038190      812       1000           5      24165
                    975            21503 90937 0.038188      783       1000           5      24165
                    976            23081 92814 0.038181      805       1000           5      24165
                    977            22686 92350 0.038174      793       1000           5      24165
                    978            21704 91177 0.038169      794       1000           5      24165
                    979            22293 91893 0.038168      786       1000           5      24165
                    980            22072 91631 0.038166      816       1000           5      24165
                    981            21243 90638 0.038161      730       1000           5      24165
                    982            23366 93125 0.038124      804       1000           5      24165
                    983            20294 89539 0.038122      799       1000           5      24165
                    984            22208 91790 0.038118      778       1000           5      24165
                    985            21368 90784 0.038116      806       1000           5      24165
                    986            21982 91521 0.038114      711       1000           5      24165
                    987            20831 90153 0.038109      789       1000           5      24165
                    988            21685 91154 0.038094      817       1000           5      24165
                    989            23156 92897 0.038091      798       1000           5      24165
                    990            23213 92960 0.038086      815       1000           5      24165
                    991            20465 89731 0.038083      791       1000           5      24165
                    992            20774 90086 0.038077      784       1000           5      24165
                    993            23328 93082 0.038072      797       1000           5      24165
                    994            20597 89881 0.038070      785       1000           5      24165
                    995            20530 89806 0.038067      803       1000           5      24165
                    996            23225 92973 0.038041      789       1000           5      24165
                    997            23051 92779 0.038040      800       1000           5      24165
                    998            20194 89422 0.038036      794       1000           5      24165
                    999            23342 93099 0.038032      810       1000           5      24165
                   1000            20655 89947 0.038029      821       1000           5      24165
                   1001            22447 92075 0.038024      777       1000           5      24165
                   1002            22290 91890 0.038020      745       1000           5      24165
                   1003            21046 90409 0.038019      807       1000           5      24165
                   1004            22699 92365 0.037993      782       1000           5      24165
                   1005            22915 92617 0.037990      799       1000           5      24165
                   1006            21527 90968 0.037987      781       1000           5      24165
                   1007            21522 90962 0.037981      804       1000           5      24165
                   1008            23071 92803 0.037965      801       1000           5      24165
                   1009            21154 90535 0.037957      805       1000           5      24165
                   1010            21943 91474 0.037956      720       1000           5      24165
                   1011            23150 92891 0.037956      768       1000           5      24165
                   1012            20755 90064 0.037949      810       1000           5      24165
                   1013            23097 92831 0.037946      804       1000           5      24165
                   1014            22710 92377 0.037943      792       1000           5      24165
                   1015            21973 91510 0.037931      720       1000           5      24165
                   1016            21133 90511 0.037919      798       1000           5      24165
                   1017            21175 90562 0.037905      822       1000           5      24165
                   1018            20330 89578 0.037904      807       1000           5      24165
                   1019            20332 89580 0.037903      774       1000           5      24165
                   1020            22590 92235 0.037890      796       1000           5      24165
                   1021            23188 92930 0.037866      811       1000           5      24165
                   1022            20996 90353 0.037866      777       1000           5      24165
                   1023            23087 92821 0.037861      700       1000           5      24165
                   1024            20703 90004 0.037860      801       1000           5      24165
                   1025            22238 91829 0.037852      813       1000           5      24165
                   1026            21086 90456 0.037843      798       1000           5      24165
                   1027            21774 91263 0.037839      795       1000           5      24165
                   1028            20584 89868 0.037831      722       1000           5      24165
                   1029            23204 92949 0.037826      824       1000           5      24165
                   1030            20729 90032 0.037809      815       1000           5      24165
                   1031            20314 89560 0.037799      793       1000           5      24165
                   1032            22225 91815 0.037796      701       1000           5      24165
                   1033            22439 92066 0.037787      787       1000           5      24165
                   1034            20734 90037 0.037785      719       1000           5      24165
                   1035            21841 91344 0.037770      819       1000           5      24165
                   1036            22835 92526 0.037768      790       1000           5      24165
                   1037            22277 91874 0.037764      835       1000           5      24165
                   1038            21000 90357 0.037750      789       1000           5      24165
                   1039            22422 92046 0.037746      705       1000           5      24165
                   1040            21512 90948 0.037741      793       1000           5      24165
                   1041            20683 89979 0.037741      816       1000           5      24165
                   1042            20536 89812 0.037730      733       1000           5      24165
                   1043            20607 89893 0.037729      738       1000           5      24165
                   1044            20457 89723 0.037723      778       1000           5      24165
                   1045            21205 90596 0.037719      742       1000           5      24165
                   1046            20357 89610 0.037716      787       1000           5      24165
                   1047            22936 92640 0.037713      802       1000           5      24165
                   1048            21765 91250 0.037711      827       1000           5      24165
                   1049            20993 90349 0.037701      814       1000           5      24165
                   1050            21143 90522 0.037699      737       1000           5      24165
                   1051            21858 91365 0.037698      797       1000           5      24165
                   1052            21629 91087 0.037695      708       1000           5      24165
                   1053            22081 91642 0.037684      792       1000           5      24165
                   1054            20680 89976 0.037679      821       1000           5      24165
                   1055            23169 92911 0.037667      802       1000           5      24165
                   1056            21866 91376 0.037665      709       1000           5      24165
                   1057            20540 89817 0.037663      718       1000           5      24165
                   1058            20517 89790 0.037662      779       1000           5      24165
                   1059            23368 93127 0.037656      725       1000           5      24165
                   1060            23298 93049 0.037655      799       1000           5      24165
                   1061            20986 90340 0.037652      750       1000           5      24165
                   1062            20676 89972 0.037652      818       1000           5      24165
                   1063            20275 89520 0.037652      724       1000           5      24165
                   1064            20270 89514 0.037643      776       1000           5      24165
                   1065            20873 90206 0.037637      816       1000           5      24165
                   1066            22971 92686 0.037636      830       1000           5      24165
                   1067            22633 92288 0.037618      746       1000           5      24165
                   1068            20645 89934 0.037617      787       1000           5      24165
                   1069            20981 90335 0.037604      789       1000           5      24165
                   1070            23018 92743 0.037602      709       1000           5      24165
                   1071            21615 91069 0.037599      812       1000           5      24165
                   1072            22428 92052 0.037593      796       1000           5      24165
                   1073            22412 92033 0.037588      805       1000           5      24165
                   1074            23055 92783 0.037584      799       1000           5      24165
                   1075            20602 89887 0.037576      818       1000           5      24165
                   1076            22968 92683 0.037576      811       1000           5      24165
                   1077            20995 90351 0.037569      797       1000           5      24165
                   1078            21970 91503 0.037565      817       1000           5      24165
                   1079            21795 91288 0.037564      806       1000           5      24165
                   1080            20234 89468 0.037557      729       1000           5      24165
                   1081            22146 91715 0.037549      798       1000           5      24165
                   1082            20875 90208 0.037548      796       1000           5      24165
                   1083            22163 91734 0.037531      741       1000           5      24165
                   1084            21022 90383 0.037519      812       1000           5      24165
                   1085            23274 93023 0.037517      798       1000           5      24165
                   1086            22999 92719 0.037512      725       1000           5      24165
                   1087            22902 92600 0.037508      793       1000           5      24165
                   1088            20309 89555 0.037506      819       1000           5      24165
                   1089            20865 90198 0.037504      789       1000           5      24165
                   1090            20523 89799 0.037499      778       1000           5      24165
                   1091            20947 90298 0.037493      737       1000           5      24165
                   1092            22989 92707 0.037491      699       1000           5      24165
                   1093            22188 91764 0.037487      798       1000           5      24165
                   1094            20591 89875 0.037482      788       1000           5      24165
                   1095            20985 90339 0.037482      827       1000           5      24165
                   1096            20236 89470 0.037481      705       1000           5      24165
                   1097            23309 93062 0.037478      813       1000           5      24165
                   1098            20337 89587 0.037465      788       1000           5      24165
                   1099            21851 91355 0.037463      801       1000           5      24165
                   1100            20401 89660 0.037458      811       1000           5      24165
                   1101            21201 90592 0.037457      803       1000           5      24165
                   1102            21078 90445 0.037450      803       1000           5      24165
                   1103            23052 92780 0.037444      811       1000           5      24165
                   1104            20288 89533 0.037443      801       1000           5      24165
                   1105            22274 91870 0.037443      798       1000           5      24165
                   1106            20480 89751 0.037428      801       1000           5      24165
                   1107            21315 90719 0.037426      748       1000           5      24165
                   1108            21488 90921 0.037425      795       1000           5      24165
                   1109            20325 89573 0.037421      814       1000           5      24165
                   1110            22578 92222 0.037417      816       1000           5      24165
                   1111            22094 91659 0.037416      817       1000           5      24165
                   1112            20525 89801 0.037408      781       1000           5      24165
                   1113            20528 89804 0.037406      794       1000           5      24165
                   1114            20861 90193 0.037398      795       1000           5      24165
                   1115            20736 90039 0.037397      724       1000           5      24165
                   1116            21441 90867 0.037393      801       1000           5      24165
                   1117            21736 91216 0.037386      808       1000           5      24165
                   1118            21105 90478 0.037384      796       1000           5      24165
                   1119            22564 92206 0.037379      728       1000           5      24165
                   1120            20340 89591 0.037377      796       1000           5      24165
                   1121            22421 92043 0.037377      825       1000           5      24165
                   1122            20880 90213 0.037376      743       1000           5      24165
                   1123            23022 92747 0.037375      826       1000           5      24165
                   1124            22839 92531 0.037371      788       1000           5      24165
                   1125            20658 89950 0.037371      801       1000           5      24165
                   1126            23249 92998 0.037367      818       1000           5      24165
                   1127            21051 90415 0.037363      792       1000           5      24165
                   1128            23025 92750 0.037354      819       1000           5      24165
                   1129            21751 91234 0.037342      790       1000           5      24165
                   1130            20441 89706 0.037339      794       1000           5      24165
                   1131            22584 92228 0.037333      701       1000           5      24165
                   1132            22409 92030 0.037324      719       1000           5      24165
                   1133            22053 91606 0.037319      774       1000           5      24165
                   1134            23221 92968 0.037301      801       1000           5      24165
                   1135            22000 91542 0.037297      797       1000           5      24165
                   1136            20213 89442 0.037297      716       1000           5      24165
                   1137            20624 89911 0.037293      797       1000           5      24165
                   1138            21188 90575 0.037293      727       1000           5      24165
                   1139            20781 90093 0.037288      790       1000           5      24165
                   1140            21888 91403 0.037281      818       1000           5      24165
                   1141            21457 90887 0.037274      717       1000           5      24165
                   1142            22161 91732 0.037269      736       1000           5      24165
                   1143            20742 90047 0.037268      804       1000           5      24165
                   1144            20674 89970 0.037257      778       1000           5      24165
                   1145            23286 93036 0.037252      808       1000           5      24165
                   1146            21850 91354 0.037243      790       1000           5      24165
                   1147            20459 89725 0.037240      789       1000           5      24165
                   1148            23178 92920 0.037240      810       1000           5      24165
                   1149            22880 92576 0.037237      814       1000           5      24165
                   1150            21899 91417 0.037235      738       1000           5      24165
                   1151            21312 90716 0.037229      807       1000           5      24165
                   1152            22606 92253 0.037227      818       1000           5      24165
                   1153            21731 91210 0.037225      727       1000           5      24165
                   1154            21723 91199 0.037225      804       1000           5      24165
                   1155            20426 89689 0.037223      783       1000           5      24165
                   1156            21491 90925 0.037215      785       1000           5      24165
                   1157            20749 90055 0.037211      803       1000           5      24165
                   1158            20521 89796 0.037203      726       1000           5      24165
                   1159            20767 90078 0.037197      808       1000           5      24165
                   1160            20560 89843 0.037196      804       1000           5      24165
                   1161            21459 90889 0.037195      815       1000           5      24165
                   1162            20343 89594 0.037190      830       1000           5      24165
                   1163            21524 90964 0.037189      814       1000           5      24165
                   1164            20800 90117 0.037187      776       1000           5      24165
                   1165            21554 91000 0.037185      801       1000           5      24165
                   1166            20293 89538 0.037184      804       1000           5      24165
                   1167            20644 89933 0.037177      818       1000           5      24165
                   1168            21889 91404 0.037174      790       1000           5      24165
                   1169            21940 91465 0.037174      796       1000           5      24165
                   1170            22389 92006 0.037172      696       1000           5      24165
                   1171            22127 91693 0.037170      788       1000           5      24165
                   1172            22907 92606 0.037167      801       1000           5      24165
                   1173            20496 89769 0.037157      736       1000           5      24165
                   1174            22597 92243 0.037155      799       1000           5      24165
                   1175            22472 92103 0.037151      797       1000           5      24165
                   1176            20809 90127 0.037144      823       1000           5      24165
                   1177            23017 92742 0.037133      703       1000           5      24165
                   1178            20804 90121 0.037118      797       1000           5      24165
                   1179            21873 91385 0.037117      806       1000           5      24165
                   1180            22568 92211 0.037114      785       1000           5      24165
                   1181            21429 90853 0.037112      784       1000           5      24165
                   1182            21439 90865 0.037110      794       1000           5      24165
                   1183            22469 92100 0.037102      795       1000           5      24165
                   1184            21109 90482 0.037102      731       1000           5      24165
                   1185            20877 90210 0.037101      811       1000           5      24165
                   1186            20837 90163 0.037084      806       1000           5      24165
                   1187            23262 93011 0.037080      820       1000           5      24165
                   1188            23024 92749 0.037079      792       1000           5      24165
                   1189            22363 91977 0.037070      793       1000           5      24165
                   1190            20384 89641 0.037059      800       1000           5      24165
                   1191            23255 93004 0.037057      803       1000           5      24165
                   1192            23314 93068 0.037054      796       1000           5      24165
                   1193            23383 93144 0.037046      696       1000           5      24165
                   1194            22170 91742 0.037045      813       1000           5      24165
                   1195            21771 91259 0.037038      809       1000           5      24165
                   1196            20813 90131 0.037035      802       1000           5      24165
                   1197            21609 91062 0.037025      787       1000           5      24165
                   1198            23173 92915 0.037014      800       1000           5      24165
                   1199            20984 90338 0.037013      825       1000           5      24165
                   1200            20900 90237 0.036988      797       1000           5      24165
                   1201            22324 91931 0.036977      791       1000           5      24165
                   1202            22663 92321 0.036975      792       1000           5      24165
                   1203            23107 92842 0.036967      789       1000           5      24165
                   1204            23305 93058 0.036959      811       1000           5      24165
                   1205            22444 92071 0.036953      788       1000           5      24165
                   1206            23216 92963 0.036949      800       1000           5      24165
                   1207            22096 91661 0.036949      787       1000           5      24165
                   1208            21509 90945 0.036939      786       1000           5      24165
                   1209            22529 92169 0.036932      714       1000           5      24165
                   1210            21523 90963 0.036921      807       1000           5      24165
                   1211            22513 92150 0.036899      829       1000           5      24165
                   1212            20599 89883 0.036894      731       1000           5      24165
                   1213            20505 89778 0.036875      829       1000           5      24165
                   1214            20411 89674 0.036873      787       1000           5      24165
                   1215            21244 90640 0.036857      782       1000           5      24165
                   1216            22189 91765 0.036835      791       1000           5      24165
                   1217            21349 90765 0.036835      729       1000           5      24165
                   1218            21948 91479 0.036832      714       1000           5      24165
                   1219            21261 90657 0.036831      804       1000           5      24165
                   1220            22468 92099 0.036824      795       1000           5      24165
                   1221            21014 90373 0.036824      798       1000           5      24165
                   1222            22700 92366 0.036814      829       1000           5      24165
                   1223            22385 92000 0.036804      790       1000           5      24165
                   1224            21687 91158 0.036801      825       1000           5      24165
                   1225            21113 90487 0.036799      784       1000           5      24165
                   1226            21240 90635 0.036799      808       1000           5      24165
                   1227            22312 91919 0.036793      725       1000           5      24165
                   1228            21863 91371 0.036791      778       1000           5      24165
                   1229            23208 92955 0.036785      813       1000           5      24165
                   1230            22635 92290 0.036785      808       1000           5      24165
                   1231            22993 92713 0.036776      808       1000           5      24165
                   1232            21844 91348 0.036776      805       1000           5      24165
                   1233            21933 91456 0.036766      805       1000           5      24165
                   1234            21001 90358 0.036760      824       1000           5      24165
                   1235            23121 92860 0.036759      809       1000           5      24165
                   1236            21317 90721 0.036758      787       1000           5      24165
                   1237            22097 91662 0.036754      789       1000           5      24165
                   1238            21673 91137 0.036749      796       1000           5      24165
                   1239            22820 92508 0.036746      798       1000           5      24165
                   1240            20561 89844 0.036746      802       1000           5      24165
                   1241            22555 92196 0.036742      783       1000           5      24165
                   1242            21642 91102 0.036741      819       1000           5      24165
                   1243            20201 89429 0.036741      807       1000           5      24165
                   1244            23256 93005 0.036724      791       1000           5      24165
                   1245            21848 91352 0.036722      792       1000           5      24165
                   1246            22353 91966 0.036718      790       1000           5      24165
                   1247            21746 91228 0.036715      795       1000           5      24165
                   1248            20987 90341 0.036710      790       1000           5      24165
                   1249            21195 90583 0.036709      809       1000           5      24165
                   1250            21487 90920 0.036701      716       1000           5      24165
                   1251            21321 90725 0.036696      695       1000           5      24165
                   1252            20492 89765 0.036695      799       1000           5      24165
                   1253            20516 89789 0.036693      795       1000           5      24165
                   1254            22947 92653 0.036692      793       1000           5      24165
                   1255            20369 89623 0.036678      796       1000           5      24165
                   1256            21099 90470 0.036678      797       1000           5      24165
                   1257            21415 90837 0.036674      740       1000           5      24165
                   1258            23158 92899 0.036669      790       1000           5      24165
                   1259            21990 91531 0.036668      800       1000           5      24165
                   1260            21431 90856 0.036660      792       1000           5      24165
                   1261            20868 90201 0.036660      805       1000           5      24165
                   1262            20766 90077 0.036648      813       1000           5      24165
                   1263            20650 89941 0.036647      805       1000           5      24165
                   1264            20721 90024 0.036647      808       1000           5      24165
                   1265            22611 92260 0.036644      806       1000           5      24165
                   1266            21330 90739 0.036638      803       1000           5      24165
                   1267            21136 90514 0.036635      795       1000           5      24165
                   1268            20215 89444 0.036634      797       1000           5      24165
                   1269            20449 89715 0.036634      716       1000           5      24165
                   1270            23284 93034 0.036626      787       1000           5      24165
                   1271            20893 90228 0.036624      789       1000           5      24165
                   1272            20258 89498 0.036623      787       1000           5      24165
                   1273            23343 93100 0.036601      712       1000           5      24165
                   1274            22705 92372 0.036592      788       1000           5      24165
                   1275            22674 92335 0.036588      807       1000           5      24165
                   1276            21362 90778 0.036583      813       1000           5      24165
                   1277            21308 90711 0.036577      780       1000           5      24165
                   1278            21926 91449 0.036575      736       1000           5      24165
                   1279            21981 91520 0.036570      722       1000           5      24165
                   1280            22278 91875 0.036555      751       1000           5      24165
                   1281            21558 91004 0.036549      798       1000           5      24165
                   1282            22676 92338 0.036544      799       1000           5      24165
                   1283            20905 90243 0.036543      800       1000           5      24165
                   1284            21440 90866 0.036536      819       1000           5      24165
                   1285            22764 92445 0.036535      810       1000           5      24165
                   1286            22791 92476 0.036533      808       1000           5      24165
                   1287            20627 89915 0.036529      798       1000           5      24165
                   1288            21969 91502 0.036522      797       1000           5      24165
                   1289            21808 91303 0.036519      732       1000           5      24165
                   1290            20482 89753 0.036516      812       1000           5      24165
                   1291            20380 89637 0.036507      787       1000           5      24165
                   1292            20477 89745 0.036504      779       1000           5      24165
                   1293            22055 91608 0.036500      801       1000           5      24165
                   1294            21773 91262 0.036492      717       1000           5      24165
                   1295            20934 90282 0.036488      786       1000           5      24165
                   1296            21347 90761 0.036487      803       1000           5      24165
                   1297            20982 90336 0.036473      798       1000           5      24165
                   1298            22284 91884 0.036472      801       1000           5      24165
                   1299            22619 92270 0.036471      810       1000           5      24165
                   1300            22538 92179 0.036471      793       1000           5      24165
                   1301            22974 92689 0.036469      795       1000           5      24165
                   1302            22144 91713 0.036469      744       1000           5      24165
                   1303            21163 90546 0.036464      805       1000           5      24165
                   1304            22201 91780 0.036459      733       1000           5      24165
                   1305            20963 90315 0.036452      800       1000           5      24165
                   1306            20514 89787 0.036444      810       1000           5      24165
                   1307            21363 90779 0.036443      797       1000           5      24165
                   1308            21583 91034 0.036420      791       1000           5      24165
                   1309            21147 90527 0.036414      722       1000           5      24165
                   1310            21322 90728 0.036412      800       1000           5      24165
                   1311            20352 89605 0.036412      785       1000           5      24165
                   1312            22023 91568 0.036409      724       1000           5      24165
                   1313            22464 92094 0.036403      804       1000           5      24165
                   1314            20595 89879 0.036402      786       1000           5      24165
                   1315            21130 90507 0.036388      716       1000           5      24165
                   1316            23048 92775 0.036385      805       1000           5      24165
                   1317            22511 92148 0.036384      824       1000           5      24165
                   1318            21551 90996 0.036382      698       1000           5      24165
                   1319            20362 89615 0.036372      805       1000           5      24165
                   1320            22195 91772 0.036372      804       1000           5      24165
                   1321            21498 90932 0.036366      729       1000           5      24165
                   1322            20241 89478 0.036357      797       1000           5      24165
                   1323            23337 93092 0.036348      793       1000           5      24165
                   1324            21335 90745 0.036344      733       1000           5      24165
                   1325            20365 89618 0.036340      820       1000           5      24165
                   1326            21739 91219 0.036337      804       1000           5      24165
                   1327            23320 93074 0.036331      815       1000           5      24165
                   1328            21327 90735 0.036328      790       1000           5      24165
                   1329            21821 91319 0.036324      790       1000           5      24165
                   1330            21525 90966 0.036313      780       1000           5      24165
                   1331            21957 91490 0.036310      795       1000           5      24165
                   1332            23078 92811 0.036308      833       1000           5      24165
                   1333            21537 90980 0.036302      744       1000           5      24165
                   1334            23046 92773 0.036300      787       1000           5      24165
                   1335            20705 90006 0.036299      721       1000           5      24165
                   1336            22038 91590 0.036295      816       1000           5      24165
                   1337            21748 91230 0.036295      820       1000           5      24165
                   1338            20555 89835 0.036284      810       1000           5      24165
                   1339            21453 90883 0.036278      830       1000           5      24165
                   1340            23016 92739 0.036277      800       1000           5      24165
                   1341            21401 90822 0.036275      799       1000           5      24165
                   1342            22608 92257 0.036273      803       1000           5      24165
                   1343            22259 91855 0.036266      797       1000           5      24165
                   1344            22934 92638 0.036261      814       1000           5      24165
                   1345            20733 90036 0.036260      805       1000           5      24165
                   1346            22807 92495 0.036258      800       1000           5      24165
                   1347            20704 90005 0.036241      803       1000           5      24165
                   1348            20609 89896 0.036237      797       1000           5      24165
                   1349            21721 91197 0.036233      790       1000           5      24165
                   1350            21395 90816 0.036232      784       1000           5      24165
                   1351            21800 91293 0.036226      712       1000           5      24165
                   1352            22810 92498 0.036224      830       1000           5      24165
                   1353            23132 92872 0.036214      800       1000           5      24165
                   1354            21971 91505 0.036208      736       1000           5      24165
                   1355            22930 92634 0.036200      808       1000           5      24165
                   1356            21206 90597 0.036193      814       1000           5      24165
                   1357            22725 92393 0.036191      805       1000           5      24165
                   1358            22771 92454 0.036189      796       1000           5      24165
                   1359            21030 90392 0.036188      804       1000           5      24165
                   1360            22649 92305 0.036185      709       1000           5      24165
                   1361            22681 92344 0.036184      737       1000           5      24165
                   1362            23227 92975 0.036175      719       1000           5      24165
                   1363            21742 91222 0.036172      812       1000           5      24165
                   1364            23079 92812 0.036164      810       1000           5      24165
                   1365            20619 89906 0.036164      803       1000           5      24165
                   1366            22357 91970 0.036160      806       1000           5      24165
                   1367            22184 91759 0.036158      814       1000           5      24165
                   1368            20218 89447 0.036153      810       1000           5      24165
                   1369            21484 90917 0.036149      712       1000           5      24165
                   1370            20349 89601 0.036147      703       1000           5      24165
                   1371            23235 92984 0.036147      742       1000           5      24165
                   1372            21539 90982 0.036142      802       1000           5      24165
                   1373            20977 90331 0.036142      798       1000           5      24165
                   1374            20198 89426 0.036141      784       1000           5      24165
                   1375            22474 92105 0.036140      802       1000           5      24165
                   1376            20400 89659 0.036135      742       1000           5      24165
                   1377            20219 89449 0.036121      788       1000           5      24165
                   1378            23015 92738 0.036114      712       1000           5      24165
                   1379            21560 91006 0.036114      796       1000           5      24165
                   1380            21592 91043 0.036113      786       1000           5      24165
                   1381            22429 92054 0.036110      732       1000           5      24165
                   1382            20769 90080 0.036106      706       1000           5      24165
                   1383            23350 93108 0.036105      793       1000           5      24165
                   1384            21694 91167 0.036104      814       1000           5      24165
                   1385            21936 91459 0.036099      798       1000           5      24165
                   1386            21449 90877 0.036087      797       1000           5      24165
                   1387            22487 92120 0.036080      800       1000           5      24165
                   1388            21839 91342 0.036077      808       1000           5      24165
                   1389            22471 92102 0.036072      810       1000           5      24165
                   1390            23212 92959 0.036064      806       1000           5      24165
                   1391            20739 90044 0.036061      808       1000           5      24165
                   1392            22858 92552 0.036059      797       1000           5      24165
                   1393            22217 91804 0.036054      713       1000           5      24165
                   1394            23042 92768 0.036050      807       1000           5      24165
                   1395            20960 90312 0.036049      800       1000           5      24165
                   1396            21150 90531 0.036041      746       1000           5      24165
                   1397            22220 91809 0.036036      724       1000           5      24165
                   1398            22914 92616 0.036032      802       1000           5      24165
                   1399            21297 90698 0.036031      796       1000           5      24165
                   1400            22395 92013 0.036028      815       1000           5      24165
                   1401            21759 91243 0.036025      742       1000           5      24165
                   1402            23369 93128 0.036020      719       1000           5      24165
                   1403            22336 91946 0.036015      718       1000           5      24165
                   1404            22906 92604 0.036013      728       1000           5      24165
                   1405            22066 91623 0.036007      781       1000           5      24165
                   1406            21688 91161 0.036005      713       1000           5      24165
                   1407            21468 90899 0.035995      724       1000           5      24165
                   1408            22059 91613 0.035986      735       1000           5      24165
                   1409            21941 91466 0.035984      811       1000           5      24165
                   1410            21009 90366 0.035982      808       1000           5      24165
                   1411            21676 91142 0.035978      725       1000           5      24165
                   1412            22131 91697 0.035972      794       1000           5      24165
                   1413            22935 92639 0.035970      802       1000           5      24165
                   1414            21585 91036 0.035969      738       1000           5      24165
                   1415            20748 90054 0.035960      808       1000           5      24165
                   1416            23251 93000 0.035955      807       1000           5      24165
                   1417            22631 92285 0.035955      804       1000           5      24165
                   1418            21579 91030 0.035955      781       1000           5      24165
                   1419            23118 92857 0.035921      808       1000           5      24165
                   1420            20630 89918 0.035907      806       1000           5      24165
                   1421            22298 91899 0.035906      707       1000           5      24165
                   1422            23294 93045 0.035905      796       1000           5      24165
                   1423            21428 90852 0.035903      796       1000           5      24165
                   1424            23361 93120 0.035897      728       1000           5      24165
                   1425            21267 90664 0.035894      796       1000           5      24165
                   1426            21976 91514 0.035892      804       1000           5      24165
                   1427            20925 90269 0.035886      800       1000           5      24165
                   1428            21091 90462 0.035886      806       1000           5      24165
                   1429            22765 92448 0.035881      811       1000           5      24165
                   1430            22625 92277 0.035877      729       1000           5      24165
                   1431            21544 90987 0.035875      789       1000           5      24165
                   1432            22789 92473 0.035873      807       1000           5      24165
                   1433            21662 91126 0.035868      781       1000           5      24165
                   1434            22391 92008 0.035862      809       1000           5      24165
                   1435            20803 90120 0.035855      780       1000           5      24165
                   1436            22868 92564 0.035854      803       1000           5      24165
                   1437            22828 92517 0.035853      798       1000           5      24165
                   1438            20785 90099 0.035849      716       1000           5      24165
                   1439            20300 89546 0.035844      795       1000           5      24165
                   1440            22254 91849 0.035839      804       1000           5      24165
                   1441            23096 92830 0.035832      810       1000           5      24165
                   1442            22580 92224 0.035824      797       1000           5      24165
                   1443            20953 90304 0.035800      801       1000           5      24165
                   1444            21269 90666 0.035794      787       1000           5      24165
                   1445            23115 92851 0.035791      803       1000           5      24165
                   1446            21768 91254 0.035787      800       1000           5      24165
                   1447            23363 93122 0.035772      795       1000           5      24165
                   1448            20570 89854 0.035767      796       1000           5      24165
                   1449            22348 91960 0.035753      833       1000           5      24165
                   1450            20670 89966 0.035747      733       1000           5      24165
                   1451            22397 92015 0.035734      808       1000           5      24165
                   1452            23141 92881 0.035732      718       1000           5      24165
                   1453            22396 92014 0.035725      791       1000           5      24165
                   1454            21389 90806 0.035720      716       1000           5      24165
                   1455            21123 90497 0.035708      807       1000           5      24165
                   1456            22955 92666 0.035701      778       1000           5      24165
                   1457            21702 91175 0.035689      798       1000           5      24165
                   1458            20646 89935 0.035671      810       1000           5      24165
                   1459            20351 89603 0.035668      797       1000           5      24165
                   1460            21460 90890 0.035665      805       1000           5      24165
                   1461            21157 90540 0.035665      805       1000           5      24165
                   1462            21168 90551 0.035663      729       1000           5      24165
                   1463            22393 92011 0.035663      810       1000           5      24165
                   1464            22002 91544 0.035662      746       1000           5      24165
                   1465            21701 91174 0.035657      788       1000           5      24165
                   1466            21197 90585 0.035652      791       1000           5      24165
                   1467            20613 89900 0.035651      805       1000           5      24165
                   1468            22250 91845 0.035648      794       1000           5      24165
                   1469            22671 92332 0.035646      768       1000           5      24165
                   1470            20538 89814 0.035632      803       1000           5      24165
                   1471            21122 90496 0.035624      707       1000           5      24165
                   1472            22652 92309 0.035612      797       1000           5      24165
                   1473            22735 92407 0.035612      811       1000           5      24165
                   1474            23182 92924 0.035607      798       1000           5      24165
                   1475            20773 90085 0.035602      830       1000           5      24165
                   1476            23265 93014 0.035600      791       1000           5      24165
                   1477            22732 92404 0.035597      793       1000           5      24165
                   1478            20929 90276 0.035596      808       1000           5      24165
                   1479            21185 90572 0.035591      796       1000           5      24165
                   1480            20396 89654 0.035590      818       1000           5      24165
                   1481            21677 91143 0.035568      791       1000           5      24165
                   1482            22093 91658 0.035563      800       1000           5      24165
                   1483            22637 92292 0.035560      739       1000           5      24165
                   1484            22845 92538 0.035560      805       1000           5      24165
                   1485            20668 89964 0.035547      799       1000           5      24165
                   1486            22982 92699 0.035547      793       1000           5      24165
                   1487            22689 92353 0.035547      813       1000           5      24165
                   1488            20844 90171 0.035547      819       1000           5      24165
                   1489            21212 90603 0.035538      778       1000           5      24165
                   1490            20588 89872 0.035521      804       1000           5      24165
                   1491            21700 91173 0.035520      806       1000           5      24165
                   1492            23063 92791 0.035513      803       1000           5      24165
                   1493            23085 92819 0.035512      799       1000           5      24165
                   1494            20780 90092 0.035506      798       1000           5      24165
                   1495            22024 91569 0.035505      815       1000           5      24165
                   1496            22261 91857 0.035504      729       1000           5      24165
                   1497            21325 90731 0.035504      774       1000           5      24165
                   1498            20506 89779 0.035496      721       1000           5      24165
                   1499            22416 92038 0.035493      806       1000           5      24165
                   1500            22035 91587 0.035489      801       1000           5      24165
                   1501            21881 91395 0.035487      797       1000           5      24165
                   1502            20508 89781 0.035486      814       1000           5      24165
                   1503            21087 90457 0.035479      793       1000           5      24165
                   1504            22280 91879 0.035465      814       1000           5      24165
                   1505            23254 93003 0.035465      708       1000           5      24165
                   1506            23026 92751 0.035464      722       1000           5      24165
                   1507            22243 91834 0.035456      736       1000           5      24165
                   1508            22455 92083 0.035455      730       1000           5      24165
                   1509            20990 90345 0.035455      820       1000           5      24165
                   1510            22683 92347 0.035442      791       1000           5      24165
                   1511            21578 91029 0.035427      719       1000           5      24165
                   1512            20612 89899 0.035423      713       1000           5      24165
                   1513            21210 90601 0.035418      790       1000           5      24165
                   1514            20289 89534 0.035408      713       1000           5      24165
                   1515            22380 91995 0.035408      819       1000           5      24165
                   1516            22126 91692 0.035407      784       1000           5      24165
                   1517            22436 92063 0.035405      776       1000           5      24165
                   1518            22304 91907 0.035397      791       1000           5      24165
                   1519            22904 92602 0.035397      776       1000           5      24165
                   1520            23076 92809 0.035397      788       1000           5      24165
                   1521            20368 89622 0.035390      788       1000           5      24165
                   1522            22262 91858 0.035386      782       1000           5      24165
                   1523            23069 92799 0.035386      821       1000           5      24165
                   1524            20747 90053 0.035381      798       1000           5      24165
                   1525            20788 90103 0.035380      800       1000           5      24165
                   1526            21172 90558 0.035377      787       1000           5      24165
                   1527            22986 92704 0.035376      791       1000           5      24165
                   1528            22431 92056 0.035375      746       1000           5      24165
                   1529            20585 89869 0.035374      809       1000           5      24165
                   1530            21669 91133 0.035371      790       1000           5      24165
                   1531            21974 91512 0.035360      806       1000           5      24165
                   1532            20701 90001 0.035356      732       1000           5      24165
                   1533            21921 91443 0.035355      725       1000           5      24165
                   1534            20622 89909 0.035355      696       1000           5      24165
                   1535            22162 91733 0.035354      799       1000           5      24165
                   1536            21766 91252 0.035352      824       1000           5      24165
                   1537            21986 91526 0.035352      786       1000           5      24165
                   1538            22367 91981 0.035350      797       1000           5      24165
                   1539            22743 92419 0.035349      724       1000           5      24165
                   1540            21891 91407 0.035335      803       1000           5      24165
                   1541            20317 89563 0.035331      712       1000           5      24165
                   1542            21712 91186 0.035323      788       1000           5      24165
                   1543            21020 90381 0.035320      783       1000           5      24165
                   1544            22308 91913 0.035292      809       1000           5      24165
                   1545            20740 90045 0.035284      792       1000           5      24165
                   1546            20469 89736 0.035280      723       1000           5      24165
                   1547            21093 90464 0.035275      715       1000           5      24165
                   1548            21199 90588 0.035270      795       1000           5      24165
                   1549            23348 93105 0.035270      819       1000           5      24165
                   1550            23035 92761 0.035269      740       1000           5      24165
                   1551            20344 89595 0.035258      821       1000           5      24165
                   1552            20515 89788 0.035257      806       1000           5      24165
                   1553            22136 91702 0.035255      792       1000           5      24165
                   1554            22890 92588 0.035254      832       1000           5      24165
                   1555            20596 89880 0.035253      789       1000           5      24165
                   1556            20564 89847 0.035244      798       1000           5      24165
                   1557            21402 90823 0.035240      801       1000           5      24165
                   1558            22089 91654 0.035235      807       1000           5      24165
                   1559            22806 92494 0.035228      820       1000           5      24165
                   1560            22817 92505 0.035228      781       1000           5      24165
                   1561            20647 89936 0.035223      808       1000           5      24165
                   1562            22080 91641 0.035221      780       1000           5      24165
                   1563            21735 91215 0.035218      806       1000           5      24165
                   1564            21446 90874 0.035217      792       1000           5      24165
                   1565            22785 92469 0.035205      760       1000           5      24165
                   1566            22376 91991 0.035205      813       1000           5      24165
                   1567            21369 90785 0.035200      804       1000           5      24165
                   1568            22265 91861 0.035199      806       1000           5      24165
                   1569            20714 90017 0.035198      831       1000           5      24165
                   1570            21605 91057 0.035197      797       1000           5      24165
                   1571            20553 89832 0.035195      804       1000           5      24165
                   1572            20746 90052 0.035182      779       1000           5      24165
                   1573            21504 90939 0.035180      744       1000           5      24165
                   1574            23133 92873 0.035177      788       1000           5      24165
                   1575            22885 92581 0.035175      805       1000           5      24165
                   1576            20203 89432 0.035173      816       1000           5      24165
                   1577            23138 92878 0.035156      814       1000           5      24165
                   1578            20519 89793 0.035151      813       1000           5      24165
                   1579            21586 91037 0.035150      787       1000           5      24165
                   1580            22862 92558 0.035148      804       1000           5      24165
                   1581            21305 90706 0.035145      780       1000           5      24165
                   1582            20372 89627 0.035143      777       1000           5      24165
                   1583            21656 91120 0.035138      770       1000           5      24165
                   1584            23012 92734 0.035136      826       1000           5      24165
                   1585            21183 90570 0.035132      715       1000           5      24165
                   1586            21898 91415 0.035129      768       1000           5      24165
                   1587            21392 90812 0.035129      812       1000           5      24165
                   1588            21556 91002 0.035121      806       1000           5      24165
                   1589            22643 92298 0.035116      810       1000           5      24165
                   1590            21893 91410 0.035111      803       1000           5      24165
                   1591            23269 93018 0.035110      815       1000           5      24165
                   1592            20454 89720 0.035109      812       1000           5      24165
                   1593            21877 91391 0.035105      828       1000           5      24165
                   1594            22836 92527 0.035103      795       1000           5      24165
                   1595            22875 92571 0.035100      697       1000           5      24165
                   1596            21958 91491 0.035094      788       1000           5      24165
                   1597            21180 90567 0.035088      812       1000           5      24165
                   1598            20248 89485 0.035087      730       1000           5      24165
                   1599            21703 91176 0.035085      793       1000           5      24165
                   1600            23130 92870 0.035082      807       1000           5      24165
                   1601            20924 90268 0.035059      799       1000           5      24165
                   1602            22255 91850 0.035058      795       1000           5      24165
                   1603            20750 90056 0.035055      802       1000           5      24165
                   1604            20422 89685 0.035051      770       1000           5      24165
                   1605            20328 89576 0.035041      817       1000           5      24165
                   1606            20303 89549 0.035040      776       1000           5      24165
                   1607            21947 91478 0.035034      821       1000           5      24165
                   1608            21090 90461 0.035033      803       1000           5      24165
                   1609            23264 93013 0.035016      784       1000           5      24165
                   1610            20395 89653 0.035015      805       1000           5      24165
                   1611            20896 90231 0.035010      793       1000           5      24165
                   1612            21807 91302 0.035008      791       1000           5      24165
                   1613            21860 91368 0.035007      806       1000           5      24165
                   1614            21648 91110 0.035005      804       1000           5      24165
                   1615            22553 92194 0.035004      802       1000           5      24165
                   1616            21559 91005 0.035001      798       1000           5      24165
                   1617            22495 92130 0.034993      795       1000           5      24165
                   1618            21886 91401 0.034992      801       1000           5      24165
                   1619            22054 91607 0.034992      732       1000           5      24165
                   1620            21644 91104 0.034985      740       1000           5      24165
                   1621            21928 91451 0.034984      781       1000           5      24165
                   1622            20840 90167 0.034980      802       1000           5      24165
                   1623            21728 91205 0.034979      788       1000           5      24165
                   1624            22712 92379 0.034977      777       1000           5      24165
                   1625            21847 91351 0.034976      782       1000           5      24165
                   1626            20754 90062 0.034971      721       1000           5      24165
                   1627            20333 89582 0.034964      780       1000           5      24165
                   1628            22031 91581 0.034962      810       1000           5      24165
                   1629            23201 92946 0.034955      780       1000           5      24165
                   1630            20730 90033 0.034955      815       1000           5      24165
                   1631            20601 89886 0.034952      794       1000           5      24165
                   1632            20702 90002 0.034947      806       1000           5      24165
                   1633            21447 90875 0.034943      822       1000           5      24165
                   1634            21834 91333 0.034940      720       1000           5      24165
                   1635            22639 92294 0.034939      731       1000           5      24165
                   1636            20898 90235 0.034937      787       1000           5      24165
                   1637            21018 90379 0.034934      796       1000           5      24165
                   1638            22355 91968 0.034932      802       1000           5      24165
                   1639            23136 92876 0.034930      801       1000           5      24165
                   1640            21088 90458 0.034928      796       1000           5      24165
                   1641            21155 90538 0.034928      717       1000           5      24165
                   1642            20992 90348 0.034920      778       1000           5      24165
                   1643            22554 92195 0.034911      797       1000           5      24165
                   1644            20238 89472 0.034911      797       1000           5      24165
                   1645            21295 90696 0.034907      701       1000           5      24165
                   1646            20491 89764 0.034898      702       1000           5      24165
                   1647            21258 90654 0.034889      810       1000           5      24165
                   1648            21458 90888 0.034880      775       1000           5      24165
                   1649            23165 92907 0.034861      796       1000           5      24165
                   1650            22085 91647 0.034858      807       1000           5      24165
                   1651            22321 91928 0.034851      731       1000           5      24165
                   1652            23237 92986 0.034839      793       1000           5      24165
                   1653            21230 90623 0.034837      795       1000           5      24165
                   1654            22335 91945 0.034830      728       1000           5      24165
                   1655            21833 91331 0.034830      797       1000           5      24165
                   1656            21475 90907 0.034826      803       1000           5      24165
                   1657            22717 92385 0.034806      779       1000           5      24165
                   1658            22769 92452 0.034800      730       1000           5      24165
                   1659            21545 90989 0.034796      793       1000           5      24165
                   1660            22056 91609 0.034794      805       1000           5      24165
                   1661            21517 90954 0.034787      698       1000           5      24165
                   1662            22684 92348 0.034768      711       1000           5      24165
                   1663            20823 90143 0.034768      803       1000           5      24165
                   1664            22441 92068 0.034765      798       1000           5      24165
                   1665            23060 92788 0.034763      811       1000           5      24165
                   1666            20860 90192 0.034759      736       1000           5      24165
                   1667            22572 92215 0.034758      797       1000           5      24165
                   1668            20205 89434 0.034756      817       1000           5      24165
                   1669            21360 90776 0.034750      704       1000           5      24165
                   1670            21304 90705 0.034745      807       1000           5      24165
                   1671            20237 89471 0.034745      710       1000           5      24165
                   1672            20801 90118 0.034741      799       1000           5      24165
                   1673            20575 89859 0.034735      798       1000           5      24165
                   1674            21874 91386 0.034734      737       1000           5      24165
                   1675            22960 92674 0.034732      814       1000           5      24165
                   1676            21445 90873 0.034728      794       1000           5      24165
                   1677            21761 91245 0.034727      799       1000           5      24165
                   1678            22182 91757 0.034724      794       1000           5      24165
                   1679            22851 92544 0.034717      787       1000           5      24165
                   1680            21139 90517 0.034715      794       1000           5      24165
                   1681            21405 90826 0.034715      807       1000           5      24165
                   1682            20214 89443 0.034712      794       1000           5      24165
                   1683            22045 91597 0.034712      804       1000           5      24165
                   1684            20727 90030 0.034708      705       1000           5      24165
                   1685            22490 92123 0.034705      793       1000           5      24165
                   1686            21565 91012 0.034701      807       1000           5      24165
                   1687            20260 89503 0.034697      788       1000           5      24165
                   1688            22614 92265 0.034693      715       1000           5      24165
                   1689            22679 92341 0.034686      807       1000           5      24165
                   1690            22129 91695 0.034672      810       1000           5      24165
                   1691            23145 92885 0.034669      790       1000           5      24165
                   1692            20975 90329 0.034664      814       1000           5      24165
                   1693            21646 91108 0.034651      785       1000           5      24165
                   1694            22950 92661 0.034648      812       1000           5      24165
                   1695            20462 89728 0.034647      800       1000           5      24165
                   1696            22677 92339 0.034644      715       1000           5      24165
                   1697            23142 92882 0.034642      809       1000           5      24165
                   1698            23062 92790 0.034639      802       1000           5      24165
                   1699            22018 91561 0.034637      802       1000           5      24165
                   1700            22476 92108 0.034633      740       1000           5      24165
                   1701            23217 92964 0.034630      733       1000           5      24165
                   1702            22260 91856 0.034629      822       1000           5      24165
                   1703            21951 91483 0.034627      806       1000           5      24165
                   1704            21801 91294 0.034626      805       1000           5      24165
                   1705            22270 91866 0.034619      774       1000           5      24165
                   1706            21309 90712 0.034617      717       1000           5      24165
                   1707            22797 92482 0.034611      803       1000           5      24165
                   1708            22913 92615 0.034596      708       1000           5      24165
                   1709            21131 90508 0.034588      812       1000           5      24165
                   1710            21435 90860 0.034585      813       1000           5      24165
                   1711            22120 91686 0.034585      818       1000           5      24165
                   1712            20494 89767 0.034581      801       1000           5      24165
                   1713            23002 92723 0.034581      791       1000           5      24165
                   1714            23257 93006 0.034569      800       1000           5      24165
                   1715            21397 90818 0.034552      812       1000           5      24165
                   1716            20631 89919 0.034549      804       1000           5      24165
                   1717            20232 89464 0.034545      810       1000           5      24165
                   1718            21115 90489 0.034542      778       1000           5      24165
                   1719            21128 90504 0.034541      784       1000           5      24165
                   1720            21939 91464 0.034538      799       1000           5      24165
                   1721            21710 91184 0.034538      735       1000           5      24165
                   1722            22623 92275 0.034538      801       1000           5      24165
                   1723            20366 89619 0.034535      792       1000           5      24165
                   1724            22323 91930 0.034534      784       1000           5      24165
                   1725            21705 91178 0.034533      799       1000           5      24165
                   1726            20672 89968 0.034531      809       1000           5      24165
                   1727            21856 91362 0.034531      777       1000           5      24165
                   1728            22792 92477 0.034528      785       1000           5      24165
                   1729            20502 89775 0.034522      799       1000           5      24165
                   1730            20997 90354 0.034518      807       1000           5      24165
                   1731            23007 92728 0.034512      796       1000           5      24165
                   1732            20324 89571 0.034510      724       1000           5      24165
                   1733            21233 90626 0.034510      826       1000           5      24165
                   1734            22325 91933 0.034507      787       1000           5      24165
                   1735            20413 89676 0.034506      752       1000           5      24165
                   1736            22647 92303 0.034493      799       1000           5      24165
                   1737            23243 92992 0.034490      811       1000           5      24165
                   1738            21788 91279 0.034478      801       1000           5      24165
                   1739            20428 89692 0.034472      797       1000           5      24165
                   1740            22824 92512 0.034470      798       1000           5      24165
                   1741            22106 91672 0.034463      818       1000           5      24165
                   1742            22457 92087 0.034461      786       1000           5      24165
                   1743            20552 89831 0.034456      814       1000           5      24165
                   1744            20543 89820 0.034454      776       1000           5      24165
                   1745            21417 90839 0.034451      794       1000           5      24165
                   1746            23231 92980 0.034450      778       1000           5      24165
                   1747            22970 92685 0.034444      813       1000           5      24165
                   1748            21407 90828 0.034443      690       1000           5      24165
                   1749            21900 91418 0.034437      733       1000           5      24165
                   1750            20846 90173 0.034433      814       1000           5      24165
                   1751            20826 90146 0.034430      815       1000           5      24165
                   1752            22865 92561 0.034428      753       1000           5      24165
                   1753            23209 92956 0.034428      796       1000           5      24165
                   1754            20675 89971 0.034418      772       1000           5      24165
                   1755            22985 92703 0.034412      797       1000           5      24165
                   1756            21384 90800 0.034402      810       1000           5      24165
                   1757            21209 90600 0.034402      787       1000           5      24165
                   1758            22573 92216 0.034400      723       1000           5      24165
                   1759            20814 90132 0.034400      799       1000           5      24165
                   1760            21775 91264 0.034394      802       1000           5      24165
                   1761            22897 92595 0.034392      722       1000           5      24165
                   1762            21871 91382 0.034384      816       1000           5      24165
                   1763            21744 91225 0.034381      798       1000           5      24165
                   1764            20319 89566 0.034379      748       1000           5      24165
                   1765            22309 91916 0.034378      796       1000           5      24165
                   1766            21670 91134 0.034374      808       1000           5      24165
                   1767            21984 91524 0.034373      804       1000           5      24165
                   1768            20467 89733 0.034370      802       1000           5      24165
                   1769            21189 90576 0.034363      734       1000           5      24165
                   1770            20221 89453 0.034356      795       1000           5      24165
                   1771            21854 91360 0.034349      722       1000           5      24165
                   1772            23324 93078 0.034344      780       1000           5      24165
                   1773            22209 91791 0.034343      802       1000           5      24165
                   1774            20594 89878 0.034343      742       1000           5      24165
                   1775            21612 91065 0.034336      805       1000           5      24165
                   1776            21101 90472 0.034332      826       1000           5      24165
                   1777            22196 91774 0.034331      805       1000           5      24165
                   1778            20712 90015 0.034327      779       1000           5      24165
                   1779            20828 90150 0.034325      796       1000           5      24165
                   1780            20246 89483 0.034325      716       1000           5      24165
                   1781            22898 92596 0.034318      804       1000           5      24165
                   1782            22978 92694 0.034313      792       1000           5      24165
                   1783            20451 89717 0.034310      741       1000           5      24165
                   1784            22804 92492 0.034310      789       1000           5      24165
                   1785            23306 93059 0.034310      779       1000           5      24165
                   1786            22404 92024 0.034306      711       1000           5      24165
                   1787            22803 92491 0.034305      696       1000           5      24165
                   1788            21391 90811 0.034305      811       1000           5      24165
                   1789            21270 90667 0.034299      796       1000           5      24165
                   1790            20859 90191 0.034294      784       1000           5      24165
                   1791            22588 92232 0.034293      803       1000           5      24165
                   1792            21332 90741 0.034286      786       1000           5      24165
                   1793            21056 90420 0.034279      728       1000           5      24165
                   1794            22879 92575 0.034279      798       1000           5      24165
                   1795            21717 91191 0.034265      806       1000           5      24165
                   1796            23332 93086 0.034263      798       1000           5      24165
                   1797            20902 90240 0.034252      815       1000           5      24165
                   1798            22823 92511 0.034248      778       1000           5      24165
                   1799            21666 91130 0.034247      746       1000           5      24165
                   1800            21994 91535 0.034236      711       1000           5      24165
                   1801            22831 92521 0.034234      792       1000           5      24165
                   1802            22536 92176 0.034233      714       1000           5      24165
                   1803            20472 89739 0.034233      737       1000           5      24165
                   1804            21903 91422 0.034229      818       1000           5      24165
                   1805            22562 92204 0.034228      706       1000           5      24165
                   1806            23054 92782 0.034227      782       1000           5      24165
                   1807            23070 92802 0.034225      790       1000           5      24165
                   1808            22338 91949 0.034221      728       1000           5      24165
                   1809            21727 91204 0.034216      803       1000           5      24165
                   1810            20955 90306 0.034215      788       1000           5      24165
                   1811            20768 90079 0.034208      792       1000           5      24165
                   1812            20353 89606 0.034203      795       1000           5      24165
                   1813            21713 91187 0.034201      792       1000           5      24165
                   1814            22546 92187 0.034199      719       1000           5      24165
                   1815            23111 92846 0.034199      791       1000           5      24165
                   1816            22060 91614 0.034195      790       1000           5      24165
                   1817            22664 92322 0.034191      724       1000           5      24165
                   1818            22479 92111 0.034180      791       1000           5      24165
                   1819            21386 90802 0.034176      808       1000           5      24165
                   1820            20970 90324 0.034176      746       1000           5      24165
                   1821            22713 92380 0.034176      811       1000           5      24165
                   1822            22665 92323 0.034176      787       1000           5      24165
                   1823            21311 90715 0.034169      729       1000           5      24165
                   1824            21783 91272 0.034168      804       1000           5      24165
                   1825            22399 92017 0.034167      729       1000           5      24165
                   1826            21366 90782 0.034165      786       1000           5      24165
                   1827            21972 91507 0.034164      800       1000           5      24165
                   1828            22816 92504 0.034163      695       1000           5      24165
                   1829            20408 89670 0.034161      724       1000           5      24165
                   1830            20311 89557 0.034160      769       1000           5      24165
                   1831            22756 92435 0.034157      804       1000           5      24165
                   1832            20285 89530 0.034155      791       1000           5      24165
                   1833            22537 92178 0.034150      747       1000           5      24165
                   1834            22543 92184 0.034147      796       1000           5      24165
                   1835            23100 92835 0.034146      788       1000           5      24165
                   1836            22065 91622 0.034141      765       1000           5      24165
                   1837            22707 92374 0.034140      816       1000           5      24165
                   1838            21426 90849 0.034138      734       1000           5      24165
                   1839            23261 93010 0.034137      718       1000           5      24165
                   1840            21170 90556 0.034129      811       1000           5      24165
                   1841            21779 91268 0.034127      715       1000           5      24165
                   1842            23379 93139 0.034122      808       1000           5      24165
                   1843            22223 91813 0.034115      803       1000           5      24165
                   1844            21999 91540 0.034107      700       1000           5      24165
                   1845            22417 92039 0.034107      816       1000           5      24165
                   1846            20468 89734 0.034098      800       1000           5      24165
                   1847            22730 92399 0.034097      791       1000           5      24165
                   1848            21264 90661 0.034097      796       1000           5      24165
                   1849            21164 90547 0.034092      813       1000           5      24165
                   1850            21480 90913 0.034091      780       1000           5      24165
                   1851            22675 92336 0.034091      800       1000           5      24165
                   1852            22927 92631 0.034090      693       1000           5      24165
                   1853            21689 91162 0.034089      801       1000           5      24165
                   1854            21915 91435 0.034065      728       1000           5      24165
                   1855            22850 92543 0.034063      801       1000           5      24165
                   1856            22744 92420 0.034062      826       1000           5      24165
                   1857            21724 91201 0.034060      792       1000           5      24165
                   1858            21820 91318 0.034059      739       1000           5      24165
                   1859            21003 90360 0.034052      780       1000           5      24165
                   1860            21661 91125 0.034051      793       1000           5      24165
                   1861            22311 91918 0.034047      784       1000           5      24165
                   1862            23134 92874 0.034040      807       1000           5      24165
                   1863            20711 90014 0.034037      803       1000           5      24165
                   1864            23083 92816 0.034032      797       1000           5      24165
                   1865            20851 90182 0.034023      811       1000           5      24165
                   1866            21875 91389 0.034022      808       1000           5      24165
                   1867            21574 91025 0.034021      788       1000           5      24165
                   1868            20718 90021 0.034020      782       1000           5      24165
                   1869            20862 90195 0.034018      808       1000           5      24165
                   1870            22966 92681 0.034011      806       1000           5      24165
                   1871            22767 92450 0.034006      810       1000           5      24165
                   1872            22394 92012 0.034001      806       1000           5      24165
                   1873            22992 92711 0.034000      783       1000           5      24165
                   1874            20485 89756 0.033999      803       1000           5      24165
                   1875            22079 91640 0.033990      783       1000           5      24165
                   1876            21869 91379 0.033986      798       1000           5      24165
                   1877            22953 92664 0.033984      727       1000           5      24165
                   1878            20196 89424 0.033983      798       1000           5      24165
                   1879            21542 90985 0.033976      784       1000           5      24165
                   1880            22942 92647 0.033976      784       1000           5      24165
                   1881            22780 92463 0.033974      810       1000           5      24165
                   1882            20455 89721 0.033973      783       1000           5      24165
                   1883            23041 92767 0.033970      738       1000           5      24165
                   1884            23355 93113 0.033963      799       1000           5      24165
                   1885            20471 89738 0.033960      794       1000           5      24165
                   1886            21301 90702 0.033948      793       1000           5      24165
                   1887            22599 92246 0.033945      806       1000           5      24165
                   1888            21049 90413 0.033945      781       1000           5      24165
                   1889            21135 90513 0.033942      821       1000           5      24165
                   1890            21055 90419 0.033937      785       1000           5      24165
                   1891            21177 90564 0.033932      800       1000           5      24165
                   1892            22692 92356 0.033930      721       1000           5      24165
                   1893            20592 89876 0.033929      790       1000           5      24165
                   1894            21443 90870 0.033924      704       1000           5      24165
                   1895            20323 89570 0.033923      816       1000           5      24165
                   1896            22297 91898 0.033922      821       1000           5      24165
                   1897            22314 91921 0.033913      827       1000           5      24165
                   1898            22624 92276 0.033911      794       1000           5      24165
                   1899            21482 90915 0.033910      815       1000           5      24165
                   1900            20698 89998 0.033892      790       1000           5      24165
                   1901            20932 90280 0.033891      823       1000           5      24165
                   1902            21268 90665 0.033884      809       1000           5      24165
                   1903            21651 91114 0.033882      725       1000           5      24165
                   1904            21709 91182 0.033864      735       1000           5      24165
                   1905            20211 89440 0.033864      805       1000           5      24165
                   1906            21747 91229 0.033860      737       1000           5      24165
                   1907            22075 91635 0.033856      794       1000           5      24165
                   1908            21465 90895 0.033855      800       1000           5      24165
                   1909            21966 91499 0.033852      813       1000           5      24165
                   1910            20842 90169 0.033848      820       1000           5      24165
                   1911            21253 90649 0.033847      803       1000           5      24165
                   1912            23303 93056 0.033843      795       1000           5      24165
                   1913            21596 91047 0.033842      796       1000           5      24165
                   1914            20973 90327 0.033840      807       1000           5      24165
                   1915            23339 93095 0.033838      717       1000           5      24165
                   1916            21794 91287 0.033834      820       1000           5      24165
                   1917            22460 92090 0.033822      810       1000           5      24165
                   1918            20688 89985 0.033818      799       1000           5      24165
                   1919            20533 89809 0.033818      827       1000           5      24165
                   1920            22786 92470 0.033816      807       1000           5      24165
                   1921            22996 92716 0.033812      794       1000           5      24165
                   1922            21887 91402 0.033812      718       1000           5      24165
                   1923            23224 92971 0.033809      803       1000           5      24165
                   1924            21686 91156 0.033807      730       1000           5      24165
                   1925            22795 92480 0.033807      787       1000           5      24165
                   1926            21080 90447 0.033805      803       1000           5      24165
                   1927            21467 90898 0.033803      807       1000           5      24165
                   1928            23203 92948 0.033801      736       1000           5      24165
                   1929            22954 92665 0.033795      797       1000           5      24165
                   1930            22701 92367 0.033795      794       1000           5      24165
                   1931            21729 91207 0.033794      714       1000           5      24165
                   1932            22641 92296 0.033792      800       1000           5      24165
                   1933            22667 92327 0.033792      806       1000           5      24165
                   1934            22339 91950 0.033786      735       1000           5      24165
                   1935            20534 89810 0.033780      799       1000           5      24165
                   1936            23099 92834 0.033771      784       1000           5      24165
                   1937            20918 90261 0.033761      808       1000           5      24165
                   1938            23291 93042 0.033760      725       1000           5      24165
                   1939            20637 89925 0.033755      715       1000           5      24165
                   1940            21753 91237 0.033752      812       1000           5      24165
                   1941            23341 93097 0.033749      783       1000           5      24165
                   1942            21810 91305 0.033744      730       1000           5      24165
                   1943            20367 89620 0.033738      730       1000           5      24165
                   1944            21995 91536 0.033737      818       1000           5      24165
                   1945            21756 91240 0.033729      717       1000           5      24165
                   1946            21127 90503 0.033728      813       1000           5      24165
                   1947            22654 92311 0.033723      784       1000           5      24165
                   1948            23267 93016 0.033716      796       1000           5      24165
                   1949            20217 89446 0.033713      787       1000           5      24165
                   1950            22577 92221 0.033709      813       1000           5      24165
                   1951            22967 92682 0.033701      817       1000           5      24165
                   1952            22622 92274 0.033698      716       1000           5      24165
                   1953            23374 93134 0.033697      805       1000           5      24165
                   1954            21566 91013 0.033687      727       1000           5      24165
                   1955            22440 92067 0.033685      813       1000           5      24165
                   1956            23352 93110 0.033677      724       1000           5      24165
                   1957            22288 91888 0.033666      793       1000           5      24165
                   1958            21081 90448 0.033663      792       1000           5      24165
                   1959            22516 92153 0.033663      775       1000           5      24165
                   1960            22039 91591 0.033660      791       1000           5      24165
                   1961            21346 90760 0.033659      811       1000           5      24165
                   1962            23293 93044 0.033657      797       1000           5      24165
                   1963            22154 91724 0.033653      700       1000           5      24165
                   1964            20894 90229 0.033652      807       1000           5      24165
                   1965            21352 90768 0.033648      812       1000           5      24165
                   1966            22160 91730 0.033646      804       1000           5      24165
                   1967            20776 90088 0.033641      811       1000           5      24165
                   1968            21227 90619 0.033636      810       1000           5      24165
                   1969            23220 92967 0.033636      807       1000           5      24165
                   1970            20598 89882 0.033625      790       1000           5      24165
                   1971            22801 92489 0.033624      701       1000           5      24165
                   1972            22569 92212 0.033619      809       1000           5      24165
                   1973            21161 90544 0.033617      793       1000           5      24165
                   1974            22825 92513 0.033606      806       1000           5      24165
                   1975            20789 90104 0.033605      801       1000           5      24165
                   1976            22749 92427 0.033598      797       1000           5      24165
                   1977            21248 90644 0.033597      794       1000           5      24165
                   1978            21561 91007 0.033596      797       1000           5      24165
                   1979            20220 89450 0.033593      787       1000           5      24165
                   1980            22549 92190 0.033592      819       1000           5      24165
                   1981            23195 92938 0.033589      717       1000           5      24165
                   1982            22493 92126 0.033584      804       1000           5      24165
                   1983            21015 90375 0.033575      724       1000           5      24165
                   1984            23232 92981 0.033570      773       1000           5      24165
                   1985            22805 92493 0.033566      807       1000           5      24165
                   1986            20764 90074 0.033563      720       1000           5      24165
                   1987            22448 92076 0.033560      801       1000           5      24165
                   1988            23045 92772 0.033553      790       1000           5      24165
                   1989            20805 90122 0.033551      727       1000           5      24165
                   1990            20888 90222 0.033551      730       1000           5      24165
                   1991            22467 92098 0.033545      811       1000           5      24165
                   1992            21944 91475 0.033543      731       1000           5      24165
                   1993            21532 90974 0.033541      802       1000           5      24165
                   1994            20334 89583 0.033536      811       1000           5      24165
                   1995            20623 89910 0.033535      790       1000           5      24165
                   1996            20797 90113 0.033533      721       1000           5      24165
                   1997            21980 91519 0.033533      809       1000           5      24165
                   1998            22818 92506 0.033530      775       1000           5      24165
                   1999            23362 93121 0.033526      794       1000           5      24165
                   2000            23135 92875 0.033526      702       1000           5      24165
                   2001            22167 91738 0.033525      813       1000           5      24165
                   2002            21675 91140 0.033524      783       1000           5      24165
                   2003            22724 92392 0.033513      799       1000           5      24165
                   2004            21176 90563 0.033506      728       1000           5      24165
                   2005            21616 91070 0.033502      806       1000           5      24165
                   2006            20437 89702 0.033499      797       1000           5      24165
                   2007            22766 92449 0.033498      710       1000           5      24165
                   2008            20425 89688 0.033492      796       1000           5      24165
                   2009            20389 89647 0.033492      780       1000           5      24165
                   2010            20849 90178 0.033490      676       1000           5      24165
                   2011            22917 92619 0.033489      804       1000           5      24165
                   2012            22604 92251 0.033488      715       1000           5      24165
                   2013            22373 91988 0.033487      794       1000           5      24165
                   2014            21485 90918 0.033485      791       1000           5      24165
                   2015            21950 91482 0.033483      806       1000           5      24165
                   2016            20832 90154 0.033479      800       1000           5      24165
                   2017            22948 92654 0.033478      797       1000           5      24165
                   2018            20531 89807 0.033478      795       1000           5      24165
                   2019            23313 93066 0.033475      788       1000           5      24165
                   2020            22342 91953 0.033473      739       1000           5      24165
                   2021            20673 89969 0.033463      793       1000           5      24165
                   2022            22345 91956 0.033463      708       1000           5      24165
                   2023            21635 91094 0.033461      818       1000           5      24165
                   2024            21998 91539 0.033459      818       1000           5      24165
                   2025            23164 92906 0.033455      710       1000           5      24165
                   2026            21329 90738 0.033450      807       1000           5      24165
                   2027            23219 92966 0.033450      805       1000           5      24165
                   2028            21590 91041 0.033450      801       1000           5      24165
                   2029            20802 90119 0.033449      749       1000           5      24165
                   2030            20363 89616 0.033449      724       1000           5      24165
                   2031            20489 89762 0.033447      800       1000           5      24165
                   2032            21954 91486 0.033442      797       1000           5      24165
                   2033            22648 92304 0.033435      789       1000           5      24165
                   2034            21638 91097 0.033425      807       1000           5      24165
                   2035            22910 92611 0.033421      796       1000           5      24165
                   2036            21599 91050 0.033421      728       1000           5      24165
                   2037            20586 89870 0.033414      788       1000           5      24165
                   2038            21420 90842 0.033413      810       1000           5      24165
                   2039            22499 92134 0.033411      816       1000           5      24165
                   2040            23187 92929 0.033408      816       1000           5      24165
                   2041            22748 92426 0.033408      796       1000           5      24165
                   2042            21752 91236 0.033398      819       1000           5      24165
                   2043            23010 92732 0.033398      800       1000           5      24165
                   2044            20944 90294 0.033392      795       1000           5      24165
                   2045            22796 92481 0.033388      786       1000           5      24165
                   2046            21506 90941 0.033385      811       1000           5      24165
                   2047            21679 91146 0.033379      807       1000           5      24165
                   2048            21868 91378 0.033376      808       1000           5      24165
                   2049            22013 91555 0.033365      772       1000           5      24165
                   2050            23112 92848 0.033363      798       1000           5      24165
                   2051            21732 91211 0.033362      819       1000           5      24165
                   2052            22177 91749 0.033361      783       1000           5      24165
                   2053            22186 91761 0.033360      809       1000           5      24165
                   2054            23030 92755 0.033360      722       1000           5      24165
                   2055            20501 89774 0.033359      779       1000           5      24165
                   2056            21089 90459 0.033357      816       1000           5      24165
                   2057            22379 91994 0.033354      822       1000           5      24165
                   2058            23372 93131 0.033347      790       1000           5      24165
                   2059            22752 92431 0.033345      718       1000           5      24165
                   2060            22939 92643 0.033342      809       1000           5      24165
                   2061            22844 92537 0.033341      727       1000           5      24165
                   2062            21013 90372 0.033340      800       1000           5      24165
                   2063            20261 89505 0.033336      779       1000           5      24165
                   2064            22998 92718 0.033332      783       1000           5      24165
                   2065            23040 92766 0.033324      786       1000           5      24165
                   2066            21842 91346 0.033321      804       1000           5      24165
                   2067            20312 89558 0.033318      813       1000           5      24165
                   2068            20539 89816 0.033318      795       1000           5      24165
                   2069            21942 91469 0.033315      777       1000           5      24165
                   2070            23321 93075 0.033313      805       1000           5      24165
                   2071            23357 93115 0.033299      782       1000           5      24165
                   2072            21518 90957 0.033286      808       1000           5      24165
                   2073            21433 90858 0.033286      713       1000           5      24165
                   2074            20360 89613 0.033284      799       1000           5      24165
                   2075            20724 90027 0.033283      811       1000           5      24165
                   2076            22551 92192 0.033278      728       1000           5      24165
                   2077            22071 91630 0.033275      811       1000           5      24165
                   2078            20350 89602 0.033275      740       1000           5      24165
                   2079            22124 91690 0.033263      706       1000           5      24165
                   2080            23075 92807 0.033252      806       1000           5      24165
                   2081            21597 91048 0.033249      774       1000           5      24165
                   2082            20784 90098 0.033247      740       1000           5      24165
                   2083            21054 90418 0.033239      797       1000           5      24165
                   2084            21408 90830 0.033238      801       1000           5      24165
                   2085            22903 92601 0.033236      821       1000           5      24165
                   2086            20373 89628 0.033232      786       1000           5      24165
                   2087            23043 92769 0.033228      788       1000           5      24165
                   2088            23192 92934 0.033220      804       1000           5      24165
                   2089            22190 91766 0.033214      806       1000           5      24165
                   2090            20433 89698 0.033212      817       1000           5      24165
                   2091            20316 89562 0.033209      801       1000           5      24165
                   2092            23331 93085 0.033207      804       1000           5      24165
                   2093            20582 89866 0.033200      796       1000           5      24165
                   2094            21388 90804 0.033195      782       1000           5      24165
                   2095            23356 93114 0.033194      798       1000           5      24165
                   2096            22688 92352 0.033191      801       1000           5      24165
                   2097            21079 90446 0.033183      794       1000           5      24165
                   2098            22048 91600 0.033177      799       1000           5      24165
                   2099            22517 92154 0.033172      737       1000           5      24165
                   2100            22283 91883 0.033172      799       1000           5      24165
                   2101            21165 90548 0.033169      807       1000           5      24165
                   2102            21444 90872 0.033166      712       1000           5      24165
                   2103            23206 92951 0.033164      782       1000           5      24165
                   2104            22113 91679 0.033163      822       1000           5      24165
                   2105            22020 91564 0.033158      784       1000           5      24165
                   2106            20633 89921 0.033157      799       1000           5      24165
                   2107            20292 89537 0.033157      806       1000           5      24165
                   2108            20649 89940 0.033150      803       1000           5      24165
                   2109            22155 91725 0.033141      813       1000           5      24165
                   2110            20483 89754 0.033141      700       1000           5      24165
                   2111            20752 90058 0.033135      805       1000           5      24165
                   2112            20434 89699 0.033135      781       1000           5      24165
                   2113            21450 90878 0.033133      805       1000           5      24165
                   2114            21036 90398 0.033132      811       1000           5      24165
                   2115            21422 90844 0.033130      797       1000           5      24165
                   2116            23120 92859 0.033129      797       1000           5      24165
                   2117            21486 90919 0.033126      812       1000           5      24165
                   2118            22249 91844 0.033122      811       1000           5      24165
                   2119            21008 90365 0.033121      785       1000           5      24165
                   2120            21555 91001 0.033118      798       1000           5      24165
                   2121            20847 90174 0.033112      801       1000           5      24165
                   2122            20291 89536 0.033103      825       1000           5      24165
                   2123            23094 92828 0.033101      801       1000           5      24165
                   2124            21622 91078 0.033097      788       1000           5      24165
                   2125            21333 90742 0.033095      817       1000           5      24165
                   2126            22760 92439 0.033089      726       1000           5      24165
                   2127            22646 92302 0.033086      815       1000           5      24165
                   2128            20681 89977 0.033076      799       1000           5      24165
                   2129            23157 92898 0.033076      796       1000           5      24165
                   2130            23268 93017 0.033075      807       1000           5      24165
                   2131            21236 90629 0.033074      804       1000           5      24165
                   2132            20833 90155 0.033073      701       1000           5      24165
                   2133            21276 90676 0.033072      778       1000           5      24165
                   2134            21215 90606 0.033051      714       1000           5      24165
                   2135            20715 90018 0.033049      778       1000           5      24165
                   2136            20318 89564 0.033048      814       1000           5      24165
                   2137            20899 90236 0.033045      802       1000           5      24165
                   2138            21430 90854 0.033042      816       1000           5      24165
                   2139            23330 93084 0.033041      794       1000           5      24165
                   2140            22594 92239 0.033039      800       1000           5      24165
                   2141            20751 90057 0.033038      785       1000           5      24165
                   2142            23161 92903 0.033037      774       1000           5      24165
                   2143            22235 91826 0.033034      723       1000           5      24165
                   2144            20264 89508 0.033027      806       1000           5      24165
                   2145            22829 92518 0.033025      797       1000           5      24165
                   2146            22503 92139 0.033016      796       1000           5      24165
                   2147            21229 90621 0.033016      819       1000           5      24165
                   2148            20700 90000 0.033013      800       1000           5      24165
                   2149            21569 91016 0.033013      813       1000           5      24165
                   2150            21825 91323 0.033005      791       1000           5      24165
                   2151            21547 90992 0.033002      810       1000           5      24165
                   2152            20572 89856 0.032999      770       1000           5      24165
                   2153            22695 92360 0.032998      806       1000           5      24165
                   2154            20830 90152 0.032996      817       1000           5      24165
                   2155            20315 89561 0.032994      784       1000           5      24165
                   2156            22808 92496 0.032992      787       1000           5      24165
                   2157            23281 93030 0.032990      803       1000           5      24165
                   2158            22887 92583 0.032984      817       1000           5      24165
                   2159            22119 91685 0.032983      776       1000           5      24165
                   2160            20243 89480 0.032974      788       1000           5      24165
                   2161            20430 89694 0.032966      808       1000           5      24165
                   2162            20417 89680 0.032966      794       1000           5      24165
                   2163            21608 91061 0.032962      790       1000           5      24165
                   2164            22232 91823 0.032961      796       1000           5      24165
                   2165            23148 92888 0.032952      806       1000           5      24165
                   2166            21890 91405 0.032950      797       1000           5      24165
                   2167            23263 93012 0.032949      799       1000           5      24165
                   2168            23014 92736 0.032948      815       1000           5      24165
                   2169            22977 92692 0.032927      799       1000           5      24165
                   2170            20321 89568 0.032918      810       1000           5      24165
                   2171            21224 90616 0.032917      784       1000           5      24165
                   2172            22602 92249 0.032906      711       1000           5      24165
                   2173            21472 90904 0.032902      811       1000           5      24165
                   2174            21882 91396 0.032901      723       1000           5      24165
                   2175            21738 91218 0.032897      784       1000           5      24165
                   2176            22465 92095 0.032884      829       1000           5      24165
                   2177            22661 92319 0.032881      789       1000           5      24165
                   2178            22867 92563 0.032881      788       1000           5      24165
                   2179            21026 90387 0.032880      738       1000           5      24165
                   2180            22983 92700 0.032876      802       1000           5      24165
                   2181            22708 92375 0.032872      775       1000           5      24165
                   2182            22881 92577 0.032866      804       1000           5      24165
                   2183            21353 90769 0.032862      807       1000           5      24165
                   2184            23207 92953 0.032860      792       1000           5      24165
                   2185            20994 90350 0.032860      784       1000           5      24165
                   2186            22211 91794 0.032855      803       1000           5      24165
                   2187            23171 92913 0.032852      799       1000           5      24165
                   2188            22723 92391 0.032846      784       1000           5      24165
                   2189            21837 91337 0.032845      720       1000           5      24165
                   2190            22716 92384 0.032838      812       1000           5      24165
                   2191            21611 91064 0.032837      735       1000           5      24165
                   2192            21062 90426 0.032830      771       1000           5      24165
                   2193            21300 90701 0.032823      723       1000           5      24165
                   2194            22750 92428 0.032821      788       1000           5      24165
                   2195            21855 91361 0.032817      799       1000           5      24165
                   2196            21213 90604 0.032811      802       1000           5      24165
                   2197            20342 89593 0.032809      726       1000           5      24165
                   2198            23072 92804 0.032808      721       1000           5      24165
                   2199            22722 92390 0.032807      800       1000           5      24165
                   2200            23176 92918 0.032797      804       1000           5      24165
                   2201            22365 91979 0.032791      724       1000           5      24165
                   2202            22758 92437 0.032787      804       1000           5      24165
                   2203            22874 92570 0.032786      805       1000           5      24165
                   2204            20443 89708 0.032782      797       1000           5      24165
                   2205            22888 92585 0.032781      831       1000           5      24165
                   2206            21493 90927 0.032781      806       1000           5      24165
                   2207            22811 92499 0.032779      798       1000           5      24165
                   2208            20693 89992 0.032768      808       1000           5      24165
                   2209            21259 90655 0.032766      712       1000           5      24165
                   2210            20885 90218 0.032763      796       1000           5      24165
                   2211            22627 92279 0.032760      791       1000           5      24165
                   2212            21371 90787 0.032759      802       1000           5      24165
                   2213            20391 89649 0.032756      734       1000           5      24165
                   2214            21796 91289 0.032753      724       1000           5      24165
                   2215            20593 89877 0.032749      798       1000           5      24165
                   2216            21864 91372 0.032748      791       1000           5      24165
                   2217            21318 90722 0.032746      798       1000           5      24165
                   2218            21044 90407 0.032743      805       1000           5      24165
                   2219            23151 92892 0.032740      727       1000           5      24165
                   2220            20423 89686 0.032739      709       1000           5      24165
                   2221            20763 90073 0.032738      811       1000           5      24165
                   2222            20723 90026 0.032736      781       1000           5      24165
                   2223            21598 91049 0.032735      718       1000           5      24165
                   2224            23246 92995 0.032728      796       1000           5      24165
                   2225            21282 90683 0.032722      792       1000           5      24165
                   2226            20606 89891 0.032711      795       1000           5      24165
                   2227            21228 90620 0.032711      802       1000           5      24165
                   2228            21251 90647 0.032711      716       1000           5      24165
                   2229            22434 92061 0.032707      790       1000           5      24165
                   2230            21595 91046 0.032704      799       1000           5      24165
                   2231            21283 90684 0.032702      800       1000           5      24165
                   2232            21631 91089 0.032699      802       1000           5      24165
                   2233            21490 90923 0.032691      794       1000           5      24165
                   2234            22267 91863 0.032690      787       1000           5      24165
                   2235            23088 92822 0.032688      806       1000           5      24165
                   2236            22061 91615 0.032683      724       1000           5      24165
                   2237            23038 92764 0.032681      809       1000           5      24165
                   2238            21867 91377 0.032679      780       1000           5      24165
                   2239            23185 92927 0.032676      792       1000           5      24165
                   2240            21357 90773 0.032676      722       1000           5      24165
                   2241            22941 92645 0.032672      728       1000           5      24165
                   2242            21263 90659 0.032669      805       1000           5      24165
                   2243            20916 90258 0.032665      797       1000           5      24165
                   2244            23117 92853 0.032665      797       1000           5      24165
                   2245            21273 90671 0.032651      805       1000           5      24165
                   2246            22702 92368 0.032630      799       1000           5      24165
                   2247            23193 92935 0.032625      745       1000           5      24165
                   2248            22697 92363 0.032613      809       1000           5      24165
                   2249            20629 89917 0.032612      801       1000           5      24165
                   2250            22214 91800 0.032608      715       1000           5      24165
                   2251            21028 90389 0.032607      794       1000           5      24165
                   2252            22773 92456 0.032604      806       1000           5      24165
                   2253            21041 90403 0.032601      805       1000           5      24165
                   2254            21196 90584 0.032599      797       1000           5      24165
                   2255            22228 91819 0.032599      756       1000           5      24165
                   2256            21975 91513 0.032598      803       1000           5      24165
                   2257            20557 89837 0.032594      738       1000           5      24165
                   2258            21730 91209 0.032589      809       1000           5      24165
                   2259            23166 92908 0.032587      793       1000           5      24165
                   2260            22245 91840 0.032560      828       1000           5      24165
                   2261            22275 91872 0.032549      797       1000           5      24165
                   2262            23271 93020 0.032549      770       1000           5      24165
                   2263            21320 90724 0.032536      798       1000           5      24165
                   2264            22644 92299 0.032535      775       1000           5      24165
                   2265            23101 92836 0.032528      718       1000           5      24165
                   2266            20841 90168 0.032525      793       1000           5      24165
                   2267            20756 90065 0.032523      806       1000           5      24165
                   2268            22603 92250 0.032522      805       1000           5      24165
                   2269            20616 89903 0.032513      798       1000           5      24165
                   2270            22926 92630 0.032500      782       1000           5      24165
                   2271            22192 91769 0.032499      800       1000           5      24165
                   2272            21289 90690 0.032495      788       1000           5      24165
                   2273            21293 90694 0.032493      801       1000           5      24165
                   2274            22009 91551 0.032491      715       1000           5      24165
                   2275            20587 89871 0.032484      713       1000           5      24165
                   2276            21697 91170 0.032477      816       1000           5      24165
                   2277            23066 92794 0.032466      817       1000           5      24165
                   2278            23247 92996 0.032452      811       1000           5      24165
                   2279            20488 89761 0.032451      752       1000           5      24165
                   2280            21339 90752 0.032445      781       1000           5      24165
                   2281            22044 91596 0.032432      779       1000           5      24165
                   2282            21052 90416 0.032422      797       1000           5      24165
                   2283            20551 89830 0.032421      704       1000           5      24165
                   2284            22541 92182 0.032419      804       1000           5      24165
                   2285            20504 89777 0.032417      795       1000           5      24165
                   2286            22519 92156 0.032408      710       1000           5      24165
                   2287            21698 91171 0.032407      804       1000           5      24165
                   2288            22962 92677 0.032396      778       1000           5      24165
                   2289            22463 92093 0.032395      794       1000           5      24165
                   2290            22320 91927 0.032395      801       1000           5      24165
                   2291            21540 90983 0.032393      713       1000           5      24165
                   2292            20836 90162 0.032389      718       1000           5      24165
                   2293            21058 90422 0.032387      799       1000           5      24165
                   2294            22937 92641 0.032380      803       1000           5      24165
                   2295            22559 92200 0.032380      793       1000           5      24165
                   2296            22656 92313 0.032380      724       1000           5      24165
                   2297            20890 90224 0.032372      777       1000           5      24165
                   2298            23211 92958 0.032368      820       1000           5      24165
                   2299            20254 89493 0.032362      747       1000           5      24165
                   2300            20956 90307 0.032356      799       1000           5      24165
                   2301            21256 90652 0.032356      808       1000           5      24165
                   2302            22480 92112 0.032350      835       1000           5      24165
                   2303            22660 92318 0.032340      805       1000           5      24165
                   2304            20563 89846 0.032340      780       1000           5      24165
                   2305            23285 93035 0.032338      718       1000           5      24165
                   2306            20379 89636 0.032337      796       1000           5      24165
                   2307            22860 92555 0.032337      799       1000           5      24165
                   2308            20348 89599 0.032334      813       1000           5      24165
                   2309            20641 89930 0.032329      803       1000           5      24165
                   2310            22257 91853 0.032313      788       1000           5      24165
                   2311            21924 91447 0.032308      723       1000           5      24165
                   2312            20871 90204 0.032303      791       1000           5      24165
                   2313            21830 91328 0.032301      792       1000           5      24165
                   2314            22173 91745 0.032288      727       1000           5      24165
                   2315            21625 91082 0.032288      819       1000           5      24165
                   2316            21640 91099 0.032281      808       1000           5      24165
                   2317            21111 90485 0.032272      778       1000           5      24165
                   2318            22349 91961 0.032266      798       1000           5      24165
                   2319            21344 90757 0.032266      724       1000           5      24165
                   2320            21780 91269 0.032243      792       1000           5      24165
                   2321            23167 92909 0.032235      818       1000           5      24165
                   2322            22893 92591 0.032229      793       1000           5      24165
                   2323            21194 90582 0.032229      801       1000           5      24165
                   2324            22933 92637 0.032223      805       1000           5      24165
                   2325            22377 91992 0.032221      791       1000           5      24165
                   2326            22843 92536 0.032217      817       1000           5      24165
                   2327            23089 92823 0.032216      743       1000           5      24165
                   2328            22445 92072 0.032212      795       1000           5      24165
                   2329            22194 91771 0.032201      708       1000           5      24165
                   2330            22244 91837 0.032201      818       1000           5      24165
                   2331            22248 91843 0.032193      803       1000           5      24165
                   2332            21337 90748 0.032192      775       1000           5      24165
                   2333            20251 89488 0.032187      722       1000           5      24165
                   2334            20355 89608 0.032185      779       1000           5      24165
                   2335            22482 92115 0.032183      780       1000           5      24165
                   2336            22264 91860 0.032170      729       1000           5      24165
                   2337            22229 91820 0.032165      806       1000           5      24165
                   2338            22929 92633 0.032156      711       1000           5      24165
                   2339            22068 91626 0.032155      805       1000           5      24165
                   2340            22726 92394 0.032154      709       1000           5      24165
                   2341            22815 92503 0.032154      797       1000           5      24165
                   2342            22204 91785 0.032152      780       1000           5      24165
                   2343            20257 89497 0.032149      818       1000           5      24165
                   2344            20412 89675 0.032149      787       1000           5      24165
                   2345            20503 89776 0.032148      814       1000           5      24165
                   2346            22427 92051 0.032146      811       1000           5      24165
                   2347            22125 91691 0.032143      807       1000           5      24165
                   2348            20279 89524 0.032142      804       1000           5      24165
                   2349            21286 90687 0.032140      818       1000           5      24165
                   2350            20710 90013 0.032139      799       1000           5      24165
                   2351            20915 90256 0.032137      712       1000           5      24165
                   2352            21162 90545 0.032129      718       1000           5      24165
                   2353            22651 92308 0.032125      721       1000           5      24165
                   2354            22694 92359 0.032123      816       1000           5      24165
                   2355            21725 91202 0.032117      721       1000           5      24165
                   2356            21186 90573 0.032112      786       1000           5      24165
                   2357            22402 92021 0.032108      707       1000           5      24165
                   2358            23061 92789 0.032108      797       1000           5      24165
                   2359            21140 90518 0.032093      799       1000           5      24165
                   2360            20889 90223 0.032084      723       1000           5      24165
                   2361            22041 91593 0.032083      805       1000           5      24165
                   2362            22741 92415 0.032080      784       1000           5      24165
                   2363            23202 92947 0.032080      698       1000           5      24165
                   2364            20744 90050 0.032078      812       1000           5      24165
                   2365            21781 91270 0.032074      824       1000           5      24165
                   2366            20481 89752 0.032073      793       1000           5      24165
                   2367            21174 90560 0.032066      726       1000           5      24165
                   2368            20404 89664 0.032065      796       1000           5      24165
                   2369            21581 91032 0.032052      811       1000           5      24165
                   2370            22207 91788 0.032046      805       1000           5      24165
                   2371            22462 92092 0.032041      804       1000           5      24165
                   2372            20250 89487 0.032041      796       1000           5      24165
                   2373            21959 91492 0.032031      790       1000           5      24165
                   2374            21536 90979 0.032016      729       1000           5      24165
                   2375            22925 92629 0.032015      787       1000           5      24165
                   2376            20269 89513 0.032015      793       1000           5      24165
                   2377            22784 92467 0.032011      826       1000           5      24165
                   2378            21931 91454 0.032006      804       1000           5      24165
                   2379            22896 92594 0.032005      726       1000           5      24165
                   2380            21452 90881 0.032005      745       1000           5      24165
                   2381            21379 90795 0.032002      717       1000           5      24165
                   2382            20216 89445 0.032001      804       1000           5      24165
                   2383            21298 90699 0.031995      789       1000           5      24165
                   2384            22005 91547 0.031972      809       1000           5      24165
                   2385            22202 91781 0.031969      802       1000           5      24165
                   2386            20335 89584 0.031968      778       1000           5      24165
                   2387            23106 92841 0.031960      810       1000           5      24165
                   2388            22616 92267 0.031960      778       1000           5      24165
                   2389            22521 92159 0.031959      831       1000           5      24165
                   2390            20940 90289 0.031958      814       1000           5      24165
                   2391            22991 92709 0.031956      814       1000           5      24165
                   2392            21221 90613 0.031951      790       1000           5      24165
                   2393            20549 89828 0.031949      799       1000           5      24165
                   2394            21358 90774 0.031946      803       1000           5      24165
                   2395            20427 89691 0.031945      790       1000           5      24165
                   2396            22426 92050 0.031943      800       1000           5      24165
                   2397            21016 90376 0.031935      831       1000           5      24165
                   2398            20791 90106 0.031927      783       1000           5      24165
                   2399            20818 90138 0.031923      736       1000           5      24165
                   2400            21073 90438 0.031923      798       1000           5      24165
                   2401            22015 91557 0.031914      722       1000           5      24165
                   2402            21722 91198 0.031907      787       1000           5      24165
                   2403            21045 90408 0.031906      816       1000           5      24165
                   2404            22016 91558 0.031905      795       1000           5      24165
                   2405            22133 91699 0.031904      715       1000           5      24165
                   2406            21396 90817 0.031891      814       1000           5      24165
                   2407            21469 90901 0.031891      782       1000           5      24165
                   2408            21454 90884 0.031889      792       1000           5      24165
                   2409            21696 91169 0.031884      782       1000           5      24165
                   2410            20829 90151 0.031882      785       1000           5      24165
                   2411            22693 92357 0.031868      719       1000           5      24165
                   2412            22301 91903 0.031863      819       1000           5      24165
                   2413            20618 89905 0.031852      778       1000           5      24165
                   2414            21471 90903 0.031851      806       1000           5      24165
                   2415            22253 91848 0.031845      793       1000           5      24165
                   2416            20520 89794 0.031836      810       1000           5      24165
                   2417            21038 90400 0.031831      796       1000           5      24165
                   2418            21097 90468 0.031830      736       1000           5      24165
                   2419            22302 91904 0.031827      794       1000           5      24165
                   2420            20283 89528 0.031826      798       1000           5      24165
                   2421            20796 90112 0.031821      801       1000           5      24165
                   2422            22442 92069 0.031817      817       1000           5      24165
                   2423            21938 91463 0.031814      721       1000           5      24165
                   2424            22108 91674 0.031810      819       1000           5      24165
                   2425            21878 91392 0.031809      788       1000           5      24165
                   2426            21541 90984 0.031804      715       1000           5      24165
                   2427            22485 92118 0.031803      809       1000           5      24165
                   2428            20336 89585 0.031789      798       1000           5      24165
                   2429            20983 90337 0.031781      804       1000           5      24165
                   2430            22437 92064 0.031781      803       1000           5      24165
                   2431            20687 89984 0.031780      809       1000           5      24165
                   2432            22074 91633 0.031769      781       1000           5      24165
                   2433            21387 90803 0.031762      808       1000           5      24165
                   2434            22346 91957 0.031757      804       1000           5      24165
                   2435            21167 90550 0.031753      784       1000           5      24165
                   2436            20392 89650 0.031752      783       1000           5      24165
                   2437            22873 92569 0.031752      797       1000           5      24165
                   2438            21861 91369 0.031741      801       1000           5      24165
                   2439            22946 92652 0.031740      813       1000           5      24165
                   2440            21002 90359 0.031724      826       1000           5      24165
                   2441            23050 92777 0.031717      791       1000           5      24165
                   2442            22156 91726 0.031714      791       1000           5      24165
                   2443            22956 92667 0.031711      798       1000           5      24165
                   2444            22690 92354 0.031704      806       1000           5      24165
                   2445            22239 91830 0.031702      783       1000           5      24165
                   2446            21706 91179 0.031698      779       1000           5      24165
                   2447            20225 89457 0.031697      703       1000           5      24165
                   2448            22149 91719 0.031695      784       1000           5      24165
                   2449            23290 93041 0.031686      731       1000           5      24165
                   2450            22287 91887 0.031685      798       1000           5      24165
                   2451            21373 90789 0.031683      716       1000           5      24165
                   2452            20656 89948 0.031680      800       1000           5      24165
                   2453            21151 90532 0.031672      803       1000           5      24165
                   2454            23147 92887 0.031665      719       1000           5      24165
                   2455            20608 89895 0.031659      797       1000           5      24165
                   2456            20456 89722 0.031659      807       1000           5      24165
                   2457            23047 92774 0.031655      802       1000           5      24165
                   2458            21399 90820 0.031653      723       1000           5      24165
                   2459            20387 89644 0.031646      719       1000           5      24165
                   2460            22329 91938 0.031646      806       1000           5      24165
                   2461            21672 91136 0.031642      702       1000           5      24165
                   2462            22171 91743 0.031634      725       1000           5      24165
                   2463            20964 90317 0.031627      817       1000           5      24165
                   2464            22928 92632 0.031626      699       1000           5      24165
                   2465            21024 90385 0.031623      794       1000           5      24165
                   2466            20968 90321 0.031622      800       1000           5      24165
                   2467            23039 92765 0.031619      815       1000           5      24165
                   2468            21814 91310 0.031613      821       1000           5      24165
                   2469            21149 90530 0.031601      720       1000           5      24165
                   2470            22848 92541 0.031591      710       1000           5      24165
                   2471            22375 91990 0.031589      811       1000           5      24165
                   2472            21510 90946 0.031579      798       1000           5      24165
                   2473            22570 92213 0.031558      808       1000           5      24165
                   2474            22152 91722 0.031556      721       1000           5      24165
                   2475            21027 90388 0.031550      708       1000           5      24165
                   2476            20910 90250 0.031549      805       1000           5      24165
                   2477            22481 92114 0.031549      787       1000           5      24165
                   2478            21992 91533 0.031544      791       1000           5      24165
                   2479            22098 91663 0.031543      704       1000           5      24165
                   2480            20765 90075 0.031539      809       1000           5      24165
                   2481            21832 91330 0.031537      818       1000           5      24165
                   2482            20240 89476 0.031535      795       1000           5      24165
                   2483            21809 91304 0.031535      803       1000           5      24165
                   2484            20448 89714 0.031533      710       1000           5      24165
                   2485            21021 90382 0.031530      792       1000           5      24165
                   2486            21911 91431 0.031520      795       1000           5      24165
                   2487            20979 90333 0.031513      815       1000           5      24165
                   2488            21019 90380 0.031511      795       1000           5      24165
                   2489            23184 92926 0.031507      793       1000           5      24165
                   2490            22351 91964 0.031499      787       1000           5      24165
                   2491            21743 91224 0.031495      803       1000           5      24165
                   2492            21181 90568 0.031481      723       1000           5      24165
                   2493            23347 93104 0.031477      802       1000           5      24165
                   2494            21797 91290 0.031469      828       1000           5      24165
                   2495            22082 91643 0.031467      783       1000           5      24165
                   2496            21092 90463 0.031467      794       1000           5      24165
                   2497            22819 92507 0.031464      784       1000           5      24165
                   2498            21035 90397 0.031450      746       1000           5      24165
                   2499            22963 92678 0.031441      806       1000           5      24165
                   2500            21193 90581 0.031433      786       1000           5      24165
                   2501            20546 89823 0.031427      735       1000           5      24165
                   2502            22216 91803 0.031424      818       1000           5      24165
                   2503            21350 90766 0.031424      710       1000           5      24165
                   2504            20378 89635 0.031422      721       1000           5      24165
                   2505            20313 89559 0.031419      793       1000           5      24165
                   2506            23086 92820 0.031415      813       1000           5      24165
                   2507            20204 89433 0.031412      811       1000           5      24165
                   2508            20339 89590 0.031408      806       1000           5      24165
                   2509            21601 91052 0.031397      823       1000           5      24165
                   2510            20569 89852 0.031396      716       1000           5      24165
                   2511            22969 92684 0.031396      797       1000           5      24165
                   2512            20393 89651 0.031388      805       1000           5      24165
                   2513            22122 91688 0.031373      797       1000           5      24165
                   2514            22221 91811 0.031364      790       1000           5      24165
                   2515            22046 91598 0.031358      792       1000           5      24165
                   2516            23327 93081 0.031342      786       1000           5      24165
                   2517            20989 90344 0.031338      799       1000           5      24165
                   2518            20887 90220 0.031334      701       1000           5      24165
                   2519            21436 90861 0.031330      804       1000           5      24165
                   2520            21171 90557 0.031326      718       1000           5      24165
                   2521            21843 91347 0.031306      807       1000           5      24165
                   2522            23090 92824 0.031306      713       1000           5      24165
                   2523            21364 90780 0.031298      793       1000           5      24165
                   2524            20537 89813 0.031297      802       1000           5      24165
                   2525            20276 89521 0.031295      812       1000           5      24165
                   2526            22706 92373 0.031295      708       1000           5      24165
                   2527            20447 89713 0.031293      815       1000           5      24165
                   2528            22343 91954 0.031287      736       1000           5      24165
                   2529            21819 91317 0.031287      807       1000           5      24165
                   2530            21489 90922 0.031283      791       1000           5      24165
                   2531            21132 90510 0.031280      785       1000           5      24165
                   2532            21179 90566 0.031275      804       1000           5      24165
                   2533            22587 92231 0.031274      794       1000           5      24165
                   2534            23200 92945 0.031273      728       1000           5      24165
                   2535            23032 92758 0.031268      787       1000           5      24165
                   2536            22645 92301 0.031266      780       1000           5      24165
                   2537            21048 90412 0.031257      788       1000           5      24165
                   2538            21824 91322 0.031254      791       1000           5      24165
                   2539            23273 93022 0.031245      731       1000           5      24165
                   2540            21314 90718 0.031245      714       1000           5      24165
                   2541            22218 91805 0.031243      794       1000           5      24165
                   2542            21085 90455 0.031232      721       1000           5      24165
                   2543            22327 91935 0.031227      775       1000           5      24165
                   2544            23160 92902 0.031221      806       1000           5      24165
                   2545            22040 91592 0.031219      786       1000           5      24165
                   2546            21603 91054 0.031207      803       1000           5      24165
                   2547            22832 92522 0.031206      788       1000           5      24165
                   2548            22626 92278 0.031194      719       1000           5      24165
                   2549            23292 93043 0.031191      806       1000           5      24165
                   2550            21291 90692 0.031182      804       1000           5      24165
                   2551            22827 92515 0.031169      795       1000           5      24165
                   2552            23384 93145 0.031164      799       1000           5      24165
                   2553            20358 89611 0.031129      781       1000           5      24165
                   2554            21040 90402 0.031123      801       1000           5      24165
                   2555            21375 90791 0.031117      714       1000           5      24165
                   2556            21118 90492 0.031106      805       1000           5      24165
                   2557            22751 92429 0.031101      798       1000           5      24165
                   2558            21884 91398 0.031092      797       1000           5      24165
                   2559            23322 93076 0.031091      809       1000           5      24165
                   2560            20858 90190 0.031077      799       1000           5      24165
                   2561            22101 91666 0.031074      787       1000           5      24165
                   2562            22740 92413 0.031057      714       1000           5      24165
                   2563            20345 89596 0.031055      816       1000           5      24165
                   2564            22449 92077 0.031046      723       1000           5      24165
                   2565            20628 89916 0.031039      716       1000           5      24165
                   2566            23077 92810 0.031026      784       1000           5      24165
                   2567            20822 90142 0.031021      792       1000           5      24165
                   2568            22579 92223 0.031007      725       1000           5      24165
                   2569            21225 90617 0.030986      740       1000           5      24165
                   2570            21033 90395 0.030980      804       1000           5      24165
                   2571            21138 90516 0.030976      790       1000           5      24165
                   2572            23013 92735 0.030976      788       1000           5      24165
                   2573            23122 92861 0.030971      757       1000           5      24165
                   2574            21011 90369 0.030957      804       1000           5      24165
                   2575            22475 92106 0.030928      803       1000           5      24165
                   2576            21914 91434 0.030927      795       1000           5      24165
                   2577            22877 92573 0.030881      707       1000           5      24165
                   2578            20783 90097 0.030880      736       1000           5      24165
                   2579            22450 92078 0.030866      779       1000           5      24165
                   2580            23092 92826 0.030864      773       1000           5      24165
                   2581            20695 89995 0.030850      779       1000           5      24165
                   2582            20331 89579 0.030849      786       1000           5      24165
                   2583            23144 92884 0.030841      809       1000           5      24165
                   2584            22557 92198 0.030839      720       1000           5      24165
                   2585            21211 90602 0.030839      793       1000           5      24165
                   2586            20720 90023 0.030811      826       1000           5      24165
                   2587            20475 89742 0.030802      798       1000           5      24165
                   2588            22134 91700 0.030800      734       1000           5      24165
                   2589            21348 90762 0.030799      801       1000           5      24165
                   2590            22420 92042 0.030798      816       1000           5      24165
                   2591            23005 92726 0.030791      800       1000           5      24165
                   2592            21069 90434 0.030768      824       1000           5      24165
                   2593            21338 90750 0.030764      807       1000           5      24165
                   2594            20741 90046 0.030740      808       1000           5      24165
                   2595            22754 92433 0.030735      793       1000           5      24165
                   2596            21082 90450 0.030731      728       1000           5      24165
                   2597            21521 90960 0.030718      819       1000           5      24165
                   2598            22419 92041 0.030718      808       1000           5      24165
                   2599            23174 92916 0.030711      701       1000           5      24165
                   2600            21791 91282 0.030704      815       1000           5      24165
                   2601            21292 90693 0.030704      816       1000           5      24165
                   2602            21577 91028 0.030700      708       1000           5      24165
                   2603            21681 91149 0.030695      803       1000           5      24165
                   2604            22634 92289 0.030694      836       1000           5      24165
                   2605            23103 92838 0.030676      794       1000           5      24165
                   2606            21324 90730 0.030665      780       1000           5      24165
                   2607            23260 93009 0.030661      802       1000           5      24165
                   2608            20478 89748 0.030650      744       1000           5      24165
                   2609            20544 89821 0.030643      699       1000           5      24165
                   2610            20845 90172 0.030637      723       1000           5      24165
                   2611            22718 92386 0.030627      797       1000           5      24165
                   2612            23317 93071 0.030623      795       1000           5      24165
                   2613            21763 91248 0.030621      816       1000           5      24165
                   2614            21254 90650 0.030611      807       1000           5      24165
                   2615            20510 89783 0.030605      790       1000           5      24165
                   2616            21216 90607 0.030571      779       1000           5      24165
                   2617            22763 92444 0.030567      817       1000           5      24165
                   2618            20816 90135 0.030565      717       1000           5      24165
                   2619            21988 91529 0.030560      788       1000           5      24165
                   2620            22352 91965 0.030555      817       1000           5      24165
                   2621            22866 92562 0.030542      784       1000           5      24165
                   2622            20753 90059 0.030541      824       1000           5      24165
                   2623            23288 93038 0.030525      784       1000           5      24165
                   2624            20310 89556 0.030522      820       1000           5      24165
                   2625            20255 89494 0.030518      781       1000           5      24165
                   2626            21910 91430 0.030515      725       1000           5      24165
                   2627            20659 89952 0.030511      785       1000           5      24165
                   2628            22407 92028 0.030505      785       1000           5      24165
                   2629            21733 91212 0.030503      802       1000           5      24165
                   2630            23129 92869 0.030490      788       1000           5      24165
                   2631            22892 92590 0.030485      809       1000           5      24165
                   2632            20266 89510 0.030466      717       1000           5      24165
                   2633            20242 89479 0.030457      775       1000           5      24165
                   2634            20399 89658 0.030440      785       1000           5      24165
                   2635            21792 91283 0.030437      796       1000           5      24165
                   2636            22411 92032 0.030423      726       1000           5      24165
                   2637            23153 92894 0.030420      785       1000           5      24165
                   2638            22582 92226 0.030419      810       1000           5      24165
                   2639            21047 90411 0.030417      810       1000           5      24165
                   2640            20775 90087 0.030416      802       1000           5      24165
                   2641            23239 92988 0.030413      806       1000           5      24165
                   2642            23354 93112 0.030407      734       1000           5      24165
                   2643            20642 89931 0.030392      784       1000           5      24165
                   2644            21663 91127 0.030369      806       1000           5      24165
                   2645            20971 90325 0.030336      822       1000           5      24165
                   2646            21798 91291 0.030326      794       1000           5      24165
                   2647            23280 93029 0.030306      780       1000           5      24165
                   2648            20364 89617 0.030298      728       1000           5      24165
                   2649            21870 91381 0.030298      789       1000           5      24165
                   2650            22863 92559 0.030293      806       1000           5      24165
                   2651            22166 91737 0.030290      798       1000           5      24165
                   2652            22159 91729 0.030287      806       1000           5      24165
                   2653            21505 90940 0.030279      808       1000           5      24165
                   2654            23250 92999 0.030271      792       1000           5      24165
                   2655            21778 91267 0.030269      792       1000           5      24165
                   2656            22172 91744 0.030268      805       1000           5      24165
                   2657            22658 92315 0.030260      788       1000           5      24165
                   2658            20320 89567 0.030259      798       1000           5      24165
                   2659            22285 91885 0.030226      801       1000           5      24165
                   2660            22997 92717 0.030209      800       1000           5      24165
                   2661            20354 89607 0.030201      737       1000           5      24165
                   2662            20529 89805 0.030185      796       1000           5      24165
                   2663            22384 91999 0.030183      710       1000           5      24165
                   2664            21310 90714 0.030171      795       1000           5      24165
                   2665            22281 91880 0.030152      795       1000           5      24165
                   2666            22852 92546 0.030146      808       1000           5      24165
                   2667            22672 92333 0.030146      805       1000           5      24165
                   2668            21481 90914 0.030099      770       1000           5      24165
                   2669            20682 89978 0.030088      810       1000           5      24165
                   2670            22078 91638 0.030084      791       1000           5      24165
                   2671            20245 89482 0.030054      799       1000           5      24165
                   2672            23365 93124 0.030054      815       1000           5      24165
                   2673            20793 90108 0.030025      802       1000           5      24165
                   2674            22382 91997 0.030022      780       1000           5      24165
                   2675            22864 92560 0.029952      791       1000           5      24165
                   2676            20274 89519 0.029933      771       1000           5      24165
                   2677            21382 90798 0.029865      800       1000           5      24165
                   2678            22326 91934 0.029854      707       1000           5      24165
                   2679            23370 93129 0.029848      796       1000           5      24165
                   2680            20912 90252 0.029808      715       1000           5      24165
                   2681            21294 90695 0.029796      791       1000           5      24165
                   2682            22502 92138 0.029795      771       1000           5      24165
                   2683            22183 91758 0.029789      796       1000           5      24165
                   2684            20273 89518 0.029784      724       1000           5      24165
                   2685            22368 91982 0.029778      807       1000           5      24165
                   2686            21287 90688 0.029753      788       1000           5      24165
                   2687            22026 91571 0.029743      804       1000           5      24165
                   2688            23023 92748 0.029735      794       1000           5      24165
                   2689            23277 93026 0.029691      773       1000           5      24165
                   2690            23177 92919 0.029684      792       1000           5      24165
                   2691            21849 91353 0.029666      803       1000           5      24165
                   2692            22943 92648 0.029665      806       1000           5      24165
                   2693            20933 90281 0.029659      776       1000           5      24165
                   2694            21483 90916 0.029658      790       1000           5      24165
                   2695            20420 89683 0.029578      718       1000           5      24165
                   2696            20347 89598 0.029572      811       1000           5      24165
                   2697            21005 90362 0.029511      816       1000           5      24165
                   2698            20191 89417 0.029495      778       1000           5      24165
                   2699            21102 90473 0.029354      829       1000           5      24165
                   2700            20661 89955 0.029343      789       1000           5      24165
                   2701            22452 92080 0.029139      806       1000           5      24165
                   2702            23143 92883 0.029121      738       1000           5      24165
                   2703            21964 91497 0.029113      812       1000           5      24165
                   2704            22762 92443 0.029040      742       1000           5      24165
                   2705            23057 92785 0.028908      801       1000           5      24165
                   2706            20914 90254 0.028766      792       1000           5      24165
                   2707            20892 90227 0.028512      770       1000           5      24165
                   2708            23295 93046 0.028485      735       1000           5      24165
                   2709            21063 90427 0.028477      706       1000           5      24165
                   2710            20193 89421      NaN        0       1000           0      24165
                   2711            20195 89423      NaN        0       1000           0      24165
                   2712            20199 89427      NaN        0       1000           0      24165
                   2713            20206 89435      NaN        0       1000           0      24165
                   2714            20212 89441      NaN        0       1000           0      24165
                   2715            20229 89461      NaN        0       1000           0      24165
                   2716            20230 89462      NaN        0       1000           0      24165
                   2717            20231 89463      NaN        0       1000           0      24165
                   2718            20233 89467      NaN        0       1000           0      24165
                   2719            20235 89469      NaN        0       1000           0      24165
                   2720            20239 89474      NaN        0       1000           0      24165
                   2721            20253 89492      NaN        0       1000           0      24165
                   2722            20259 89500      NaN        0       1000           0      24165
                   2723            20272 89517      NaN        0       1000           0      24165
                   2724            20284 89529      NaN        0       1000           0      24165
                   2725            20286 89531      NaN        0       1000           0      24165
                   2726            20290 89535      NaN        0       1000           0      24165
                   2727            20295 89540      NaN        0       1000           0      24165
                   2728            20298 89543      NaN        0       1000           0      24165
                   2729            20299 89545      NaN        0       1000           0      24165
                   2730            20301 89547      NaN        0       1000           0      24165
                   2731            20306 89552      NaN        0       1000           0      24165
                   2732            20322 89569      NaN        0       1000           0      24165
                   2733            20326 89574      NaN        0       1000           0      24165
                   2734            20338 89589      NaN        0       1000           0      24165
                   2735            20370 89625      NaN        0       1000           0      24165
                   2736            20375 89630      NaN        0       1000           0      24165
                   2737            20376 89631      NaN        0       1000           0      24165
                   2738            20385 89642      NaN        0       1000           0      24165
                   2739            20388 89645      NaN        0       1000           0      24165
                   2740            20394 89652      NaN        0       1000           0      24165
                   2741            20397 89656      NaN        0       1000           0      24165
                   2742            20398 89657      NaN        0       1000           0      24165
                   2743            20402 89661      NaN        0       1000           0      24165
                   2744            20406 89667      NaN        0       1000           0      24165
                   2745            20421 89684      NaN        0       1000           0      24165
                   2746            20429 89693      NaN        0       1000           0      24165
                   2747            20436 89701      NaN        0       1000           0      24165
                   2748            20445 89711      NaN        0       1000           0      24165
                   2749            20452 89718      NaN        0       1000           0      24165
                   2750            20453 89719      NaN        0       1000           0      24165
                   2751            20460 89726      NaN        0       1000           0      24165
                   2752            20474 89741      NaN        0       1000           0      24165
                   2753            20476 89744      NaN        0       1000           0      24165
                   2754            20479 89749      NaN        0       1000           0      24165
                   2755            20487 89758      NaN        0       1000           0      24165
                   2756            20498 89771      NaN        0       1000           0      24165
                   2757            20507 89780      NaN        0       1000           0      24165
                   2758            20511 89784      NaN        0       1000           0      24165
                   2759            20512 89785      NaN        0       1000           0      24165
                   2760            20513 89786      NaN        0       1000           0      24165
                   2761            20518 89792      NaN        0       1000           0      24165
                   2762            20522 89798      NaN        0       1000           0      24165
                   2763            20527 89803      NaN        0       1000           0      24165
                   2764            20532 89808      NaN        0       1000           0      24165
                   2765            20535 89811      NaN        0       1000           0      24165
                   2766            20541 89818      NaN        0       1000           0      24165
                   2767            20542 89819      NaN        0       1000           0      24165
                   2768            20545 89822      NaN        0       1000           0      24165
                   2769            20558 89840      NaN        0       1000           0      24165
                   2770            20565 89848      NaN        0       1000           0      24165
                   2771            20576 89860      NaN        0       1000           0      24165
                   2772            20590 89874      NaN        0       1000           0      24165
                   2773            20615 89902      NaN        0       1000           0      24165
                   2774            20625 89912      NaN        0       1000           0      24165
                   2775            20626 89914      NaN        0       1000           0      24165
                   2776            20634 89922      NaN        0       1000           0      24165
                   2777            20638 89927      NaN        0       1000           0      24165
                   2778            20643 89932      NaN        0       1000           0      24165
                   2779            20651 89942      NaN        0       1000           0      24165
                   2780            20654 89945      NaN        0       1000           0      24165
                   2781            20663 89958      NaN        0       1000           0      24165
                   2782            20667 89963      NaN        0       1000           0      24165
                   2783            20669 89965      NaN        0       1000           0      24165
                   2784            20685 89982      NaN        0       1000           0      24165
                   2785            20690 89987      NaN        0       1000           0      24165
                   2786            20692 89991      NaN        0       1000           0      24165
                   2787            20694 89994      NaN        0       1000           0      24165
                   2788            20696 89996      NaN        0       1000           0      24165
                   2789            20697 89997      NaN        0       1000           0      24165
                   2790            20699 89999      NaN        0       1000           0      24165
                   2791            20707 90010      NaN        0       1000           0      24165
                   2792            20719 90022      NaN        0       1000           0      24165
                   2793            20732 90035      NaN        0       1000           0      24165
                   2794            20737 90041      NaN        0       1000           0      24165
                   2795            20738 90043      NaN        0       1000           0      24165
                   2796            20758 90067      NaN        0       1000           0      24165
                   2797            20770 90081      NaN        0       1000           0      24165
                   2798            20771 90082      NaN        0       1000           0      24165
                   2799            20777 90089      NaN        0       1000           0      24165
                   2800            20779 90091      NaN        0       1000           0      24165
                   2801            20782 90095      NaN        0       1000           0      24165
                   2802            20792 90107      NaN        0       1000           0      24165
                   2803            20799 90116      NaN        0       1000           0      24165
                   2804            20808 90125      NaN        0       1000           0      24165
                   2805            20811 90129      NaN        0       1000           0      24165
                   2806            20820 90140      NaN        0       1000           0      24165
                   2807            20821 90141      NaN        0       1000           0      24165
                   2808            20827 90148      NaN        0       1000           0      24165
                   2809            20839 90165      NaN        0       1000           0      24165
                   2810            20843 90170      NaN        0       1000           0      24165
                   2811            20850 90179      NaN        0       1000           0      24165
                   2812            20852 90183      NaN        0       1000           0      24165
                   2813            20853 90184      NaN        0       1000           0      24165
                   2814            20855 90186      NaN        0       1000           0      24165
                   2815            20864 90197      NaN        0       1000           0      24165
                   2816            20867 90200      NaN        0       1000           0      24165
                   2817            20876 90209      NaN        0       1000           0      24165
                   2818            20879 90212      NaN        0       1000           0      24165
                   2819            20913 90253      NaN        0       1000           0      24165
                   2820            20917 90260      NaN        0       1000           0      24165
                   2821            20922 90266      NaN        0       1000           0      24165
                   2822            20928 90275      NaN        0       1000           0      24165
                   2823            20931 90278      NaN        0       1000           0      24165
                   2824            20943 90292      NaN        0       1000           0      24165
                   2825            20945 90295      NaN        0       1000           0      24165
                   2826            20950 90301      NaN        0       1000           0      24165
                   2827            20951 90302      NaN        0       1000           0      24165
                   2828            20957 90309      NaN        0       1000           0      24165
                   2829            20959 90311      NaN        0       1000           0      24165
                   2830            20962 90314      NaN        0       1000           0      24165
                   2831            20966 90319      NaN        0       1000           0      24165
                   2832            20969 90322      NaN        0       1000           0      24165
                   2833            20972 90326      NaN        0       1000           0      24165
                   2834            20976 90330      NaN        0       1000           0      24165
                   2835            20978 90332      NaN        0       1000           0      24165
                   2836            21006 90363      NaN        0       1000           0      24165
                   2837            21010 90367      NaN        0       1000           0      24165
                   2838            21032 90394      NaN        0       1000           0      24165
                   2839            21042 90404      NaN        0       1000           0      24165
                   2840            21043 90406      NaN        0       1000           0      24165
                   2841            21074 90440      NaN        0       1000           0      24165
                   2842            21107 90480      NaN        0       1000           0      24165
                   2843            21108 90481      NaN        0       1000           0      24165
                   2844            21121 90495      NaN        0       1000           0      24165
                   2845            21137 90515      NaN        0       1000           0      24165
                   2846            21144 90524      NaN        0       1000           0      24165
                   2847            21145 90525      NaN        0       1000           0      24165
                   2848            21153 90534      NaN        0       1000           0      24165
                   2849            21160 90543      NaN        0       1000           0      24165
                   2850            21166 90549      NaN        0       1000           0      24165
                   2851            21192 90580      NaN        0       1000           0      24165
                   2852            21200 90589      NaN        0       1000           0      24165
                   2853            21202 90593      NaN        0       1000           0      24165
                   2854            21204 90595      NaN        0       1000           0      24165
                   2855            21207 90598      NaN        0       1000           0      24165
                   2856            21208 90599      NaN        0       1000           0      24165
                   2857            21214 90605      NaN        0       1000           0      24165
                   2858            21222 90614      NaN        0       1000           0      24165
                   2859            21231 90624      NaN        0       1000           0      24165
                   2860            21235 90628      NaN        0       1000           0      24165
                   2861            21237 90630      NaN        0       1000           0      24165
                   2862            21238 90632      NaN        0       1000           0      24165
                   2863            21257 90653      NaN        0       1000           0      24165
                   2864            21265 90662      NaN        0       1000           0      24165
                   2865            21271 90669      NaN        0       1000           0      24165
                   2866            21277 90678      NaN        0       1000           0      24165
                   2867            21279 90680      NaN        0       1000           0      24165
                   2868            21280 90681      NaN        0       1000           0      24165
                   2869            21307 90710      NaN        0       1000           0      24165
                   2870            21313 90717      NaN        0       1000           0      24165
                   2871            21319 90723      NaN        0       1000           0      24165
                   2872            21331 90740      NaN        0       1000           0      24165
                   2873            21341 90754      NaN        0       1000           0      24165
                   2874            21342 90755      NaN        0       1000           0      24165
                   2875            21343 90756      NaN        0       1000           0      24165
                   2876            21345 90759      NaN        0       1000           0      24165
                   2877            21356 90772      NaN        0       1000           0      24165
                   2878            21361 90777      NaN        0       1000           0      24165
                   2879            21367 90783      NaN        0       1000           0      24165
                   2880            21374 90790      NaN        0       1000           0      24165
                   2881            21377 90793      NaN        0       1000           0      24165
                   2882            21378 90794      NaN        0       1000           0      24165
                   2883            21380 90796      NaN        0       1000           0      24165
                   2884            21383 90799      NaN        0       1000           0      24165
                   2885            21385 90801      NaN        0       1000           0      24165
                   2886            21393 90813      NaN        0       1000           0      24165
                   2887            21394 90814      NaN        0       1000           0      24165
                   2888            21398 90819      NaN        0       1000           0      24165
                   2889            21412 90834      NaN        0       1000           0      24165
                   2890            21416 90838      NaN        0       1000           0      24165
                   2891            21432 90857      NaN        0       1000           0      24165
                   2892            21456 90886      NaN        0       1000           0      24165
                   2893            21462 90892      NaN        0       1000           0      24165
                   2894            21463 90893      NaN        0       1000           0      24165
                   2895            21464 90894      NaN        0       1000           0      24165
                   2896            21470 90902      NaN        0       1000           0      24165
                   2897            21473 90905      NaN        0       1000           0      24165
                   2898            21477 90909      NaN        0       1000           0      24165
                   2899            21479 90912      NaN        0       1000           0      24165
                   2900            21492 90926      NaN        0       1000           0      24165
                   2901            21495 90929      NaN        0       1000           0      24165
                   2902            21496 90930      NaN        0       1000           0      24165
                   2903            21511 90947      NaN        0       1000           0      24165
                   2904            21513 90949      NaN        0       1000           0      24165
                   2905            21528 90969      NaN        0       1000           0      24165
                   2906            21530 90971      NaN        0       1000           0      24165
                   2907            21531 90973      NaN        0       1000           0      24165
                   2908            21534 90976      NaN        0       1000           0      24165
                   2909            21535 90978      NaN        0       1000           0      24165
                   2910            21549 90994      NaN        0       1000           0      24165
                   2911            21562 91008      NaN        0       1000           0      24165
                   2912            21572 91020      NaN        0       1000           0      24165
                   2913            21573 91023      NaN        0       1000           0      24165
                   2914            21576 91027      NaN        0       1000           0      24165
                   2915            21584 91035      NaN        0       1000           0      24165
                   2916            21587 91038      NaN        0       1000           0      24165
                   2917            21591 91042      NaN        0       1000           0      24165
                   2918            21614 91068      NaN        0       1000           0      24165
                   2919            21619 91075      NaN        0       1000           0      24165
                   2920            21620 91076      NaN        0       1000           0      24165
                   2921            21621 91077      NaN        0       1000           0      24165
                   2922            21637 91096      NaN        0       1000           0      24165
                   2923            21647 91109      NaN        0       1000           0      24165
                   2924            21650 91113      NaN        0       1000           0      24165
                   2925            21657 91121      NaN        0       1000           0      24165
                   2926            21680 91148      NaN        0       1000           0      24165
                   2927            21682 91150      NaN        0       1000           0      24165
                   2928            21684 91153      NaN        0       1000           0      24165
                   2929            21693 91166      NaN        0       1000           0      24165
                   2930            21708 91181      NaN        0       1000           0      24165
                   2931            21714 91188      NaN        0       1000           0      24165
                   2932            21715 91189      NaN        0       1000           0      24165
                   2933            21716 91190      NaN        0       1000           0      24165
                   2934            21719 91193      NaN        0       1000           0      24165
                   2935            21734 91213      NaN        0       1000           0      24165
                   2936            21745 91226      NaN        0       1000           0      24165
                   2937            21749 91232      NaN        0       1000           0      24165
                   2938            21755 91239      NaN        0       1000           0      24165
                   2939            21769 91255      NaN        0       1000           0      24165
                   2940            21776 91265      NaN        0       1000           0      24165
                   2941            21777 91266      NaN        0       1000           0      24165
                   2942            21785 91274      NaN        0       1000           0      24165
                   2943            21787 91276      NaN        0       1000           0      24165
                   2944            21790 91281      NaN        0       1000           0      24165
                   2945            21799 91292      NaN        0       1000           0      24165
                   2946            21804 91299      NaN        0       1000           0      24165
                   2947            21813 91309      NaN        0       1000           0      24165
                   2948            21835 91334      NaN        0       1000           0      24165
                   2949            21836 91335      NaN        0       1000           0      24165
                   2950            21840 91343      NaN        0       1000           0      24165
                   2951            21845 91349      NaN        0       1000           0      24165
                   2952            21853 91357      NaN        0       1000           0      24165
                   2953            21857 91363      NaN        0       1000           0      24165
                   2954            21859 91366      NaN        0       1000           0      24165
                   2955            21862 91370      NaN        0       1000           0      24165
                   2956            21865 91373      NaN        0       1000           0      24165
                   2957            21872 91383      NaN        0       1000           0      24165
                   2958            21879 91393      NaN        0       1000           0      24165
                   2959            21895 91412      NaN        0       1000           0      24165
                   2960            21897 91414      NaN        0       1000           0      24165
                   2961            21904 91423      NaN        0       1000           0      24165
                   2962            21905 91424      NaN        0       1000           0      24165
                   2963            21920 91441      NaN        0       1000           0      24165
                   2964            21922 91444      NaN        0       1000           0      24165
                   2965            21929 91452      NaN        0       1000           0      24165
                   2966            21935 91458      NaN        0       1000           0      24165
                   2967            21949 91481      NaN        0       1000           0      24165
                   2968            21953 91485      NaN        0       1000           0      24165
                   2969            21962 91495      NaN        0       1000           0      24165
                   2970            21968 91501      NaN        0       1000           0      24165
                   2971            21983 91523      NaN        0       1000           0      24165
                   2972            21989 91530      NaN        0       1000           0      24165
                   2973            22008 91550      NaN        0       1000           0      24165
                   2974            22022 91566      NaN        0       1000           0      24165
                   2975            22025 91570      NaN        0       1000           0      24165
                   2976            22028 91576      NaN        0       1000           0      24165
                   2977            22030 91580      NaN        0       1000           0      24165
                   2978            22032 91583      NaN        0       1000           0      24165
                   2979            22034 91586      NaN        0       1000           0      24165
                   2980            22042 91594      NaN        0       1000           0      24165
                   2981            22049 91601      NaN        0       1000           0      24165
                   2982            22050 91602      NaN        0       1000           0      24165
                   2983            22052 91604      NaN        0       1000           0      24165
                   2984            22057 91610      NaN        0       1000           0      24165
                   2985            22070 91628      NaN        0       1000           0      24165
                   2986            22073 91632      NaN        0       1000           0      24165
                   2987            22086 91649      NaN        0       1000           0      24165
                   2988            22088 91653      NaN        0       1000           0      24165
                   2989            22099 91664      NaN        0       1000           0      24165
                   2990            22102 91667      NaN        0       1000           0      24165
                   2991            22103 91668      NaN        0       1000           0      24165
                   2992            22104 91669      NaN        0       1000           0      24165
                   2993            22105 91670      NaN        0       1000           0      24165
                   2994            22115 91681      NaN        0       1000           0      24165
                   2995            22116 91682      NaN        0       1000           0      24165
                   2996            22137 91705      NaN        0       1000           0      24165
                   2997            22140 91708      NaN        0       1000           0      24165
                   2998            22143 91711      NaN        0       1000           0      24165
                   2999            22145 91714      NaN        0       1000           0      24165
                   3000            22150 91720      NaN        0       1000           0      24165
                   3001            22169 91740      NaN        0       1000           0      24165
                   3002            22174 91746      NaN        0       1000           0      24165
                   3003            22175 91747      NaN        0       1000           0      24165
                   3004            22180 91753      NaN        0       1000           0      24165
                   3005            22187 91762      NaN        0       1000           0      24165
                   3006            22197 91776      NaN        0       1000           0      24165
                   3007            22199 91778      NaN        0       1000           0      24165
                   3008            22212 91797      NaN        0       1000           0      24165
                   3009            22224 91814      NaN        0       1000           0      24165
                   3010            22236 91827      NaN        0       1000           0      24165
                   3011            22242 91833      NaN        0       1000           0      24165
                   3012            22247 91842      NaN        0       1000           0      24165
                   3013            22251 91846      NaN        0       1000           0      24165
                   3014            22256 91852      NaN        0       1000           0      24165
                   3015            22258 91854      NaN        0       1000           0      24165
                   3016            22263 91859      NaN        0       1000           0      24165
                   3017            22291 91891      NaN        0       1000           0      24165
                   3018            22303 91905      NaN        0       1000           0      24165
                   3019            22305 91909      NaN        0       1000           0      24165
                   3020            22313 91920      NaN        0       1000           0      24165
                   3021            22316 91923      NaN        0       1000           0      24165
                   3022            22318 91925      NaN        0       1000           0      24165
                   3023            22319 91926      NaN        0       1000           0      24165
                   3024            22334 91944      NaN        0       1000           0      24165
                   3025            22341 91952      NaN        0       1000           0      24165
                   3026            22356 91969      NaN        0       1000           0      24165
                   3027            22358 91971      NaN        0       1000           0      24165
                   3028            22360 91974      NaN        0       1000           0      24165
                   3029            22371 91986      NaN        0       1000           0      24165
                   3030            22374 91989      NaN        0       1000           0      24165
                   3031            22378 91993      NaN        0       1000           0      24165
                   3032            22383 91998      NaN        0       1000           0      24165
                   3033            22387 92003      NaN        0       1000           0      24165
                   3034            22388 92005      NaN        0       1000           0      24165
                   3035            22392 92010      NaN        0       1000           0      24165
                   3036            22405 92025      NaN        0       1000           0      24165
                   3037            22408 92029      NaN        0       1000           0      24165
                   3038            22413 92034      NaN        0       1000           0      24165
                   3039            22423 92047      NaN        0       1000           0      24165
                   3040            22425 92049      NaN        0       1000           0      24165
                   3041            22430 92055      NaN        0       1000           0      24165
                   3042            22433 92060      NaN        0       1000           0      24165
                   3043            22443 92070      NaN        0       1000           0      24165
                   3044            22453 92081      NaN        0       1000           0      24165
                   3045            22461 92091      NaN        0       1000           0      24165
                   3046            22477 92109      NaN        0       1000           0      24165
                   3047            22486 92119      NaN        0       1000           0      24165
                   3048            22488 92121      NaN        0       1000           0      24165
                   3049            22489 92122      NaN        0       1000           0      24165
                   3050            22494 92128      NaN        0       1000           0      24165
                   3051            22501 92137      NaN        0       1000           0      24165
                   3052            22504 92141      NaN        0       1000           0      24165
                   3053            22508 92145      NaN        0       1000           0      24165
                   3054            22514 92151      NaN        0       1000           0      24165
                   3055            22515 92152      NaN        0       1000           0      24165
                   3056            22522 92160      NaN        0       1000           0      24165
                   3057            22523 92161      NaN        0       1000           0      24165
                   3058            22524 92163      NaN        0       1000           0      24165
                   3059            22531 92171      NaN        0       1000           0      24165
                   3060            22534 92174      NaN        0       1000           0      24165
                   3061            22540 92181      NaN        0       1000           0      24165
                   3062            22545 92186      NaN        0       1000           0      24165
                   3063            22548 92189      NaN        0       1000           0      24165
                   3064            22552 92193      NaN        0       1000           0      24165
                   3065            22561 92202      NaN        0       1000           0      24165
                   3066            22563 92205      NaN        0       1000           0      24165
                   3067            22565 92207      NaN        0       1000           0      24165
                   3068            22567 92209      NaN        0       1000           0      24165
                   3069            22596 92242      NaN        0       1000           0      24165
                   3070            22601 92248      NaN        0       1000           0      24165
                   3071            22607 92256      NaN        0       1000           0      24165
                   3072            22612 92263      NaN        0       1000           0      24165
                   3073            22615 92266      NaN        0       1000           0      24165
                   3074            22621 92272      NaN        0       1000           0      24165
                   3075            22628 92280      NaN        0       1000           0      24165
                   3076            22629 92281      NaN        0       1000           0      24165
                   3077            22640 92295      NaN        0       1000           0      24165
                   3078            22653 92310      NaN        0       1000           0      24165
                   3079            22657 92314      NaN        0       1000           0      24165
                   3080            22666 92325      NaN        0       1000           0      24165
                   3081            22673 92334      NaN        0       1000           0      24165
                   3082            22678 92340      NaN        0       1000           0      24165
                   3083            22687 92351      NaN        0       1000           0      24165
                   3084            22691 92355      NaN        0       1000           0      24165
                   3085            22696 92361      NaN        0       1000           0      24165
                   3086            22709 92376      NaN        0       1000           0      24165
                   3087            22715 92383      NaN        0       1000           0      24165
                   3088            22721 92389      NaN        0       1000           0      24165
                   3089            22734 92406      NaN        0       1000           0      24165
                   3090            22736 92408      NaN        0       1000           0      24165
                   3091            22737 92409      NaN        0       1000           0      24165
                   3092            22739 92412      NaN        0       1000           0      24165
                   3093            22747 92425      NaN        0       1000           0      24165
                   3094            22757 92436      NaN        0       1000           0      24165
                   3095            22761 92441      NaN        0       1000           0      24165
                   3096            22770 92453      NaN        0       1000           0      24165
                   3097            22772 92455      NaN        0       1000           0      24165
                   3098            22775 92458      NaN        0       1000           0      24165
                   3099            22778 92461      NaN        0       1000           0      24165
                   3100            22782 92465      NaN        0       1000           0      24165
                   3101            22783 92466      NaN        0       1000           0      24165
                   3102            22787 92471      NaN        0       1000           0      24165
                   3103            22788 92472      NaN        0       1000           0      24165
                   3104            22790 92475      NaN        0       1000           0      24165
                   3105            22794 92479      NaN        0       1000           0      24165
                   3106            22798 92483      NaN        0       1000           0      24165
                   3107            22799 92485      NaN        0       1000           0      24165
                   3108            22802 92490      NaN        0       1000           0      24165
                   3109            22809 92497      NaN        0       1000           0      24165
                   3110            22822 92510      NaN        0       1000           0      24165
                   3111            22833 92523      NaN        0       1000           0      24165
                   3112            22842 92535      NaN        0       1000           0      24165
                   3113            22846 92539      NaN        0       1000           0      24165
                   3114            22853 92547      NaN        0       1000           0      24165
                   3115            22869 92565      NaN        0       1000           0      24165
                   3116            22876 92572      NaN        0       1000           0      24165
                   3117            22882 92578      NaN        0       1000           0      24165
                   3118            22883 92579      NaN        0       1000           0      24165
                   3119            22891 92589      NaN        0       1000           0      24165
                   3120            22894 92592      NaN        0       1000           0      24165
                   3121            22899 92597      NaN        0       1000           0      24165
                   3122            22900 92598      NaN        0       1000           0      24165
                   3123            22912 92614      NaN        0       1000           0      24165
                   3124            22918 92620      NaN        0       1000           0      24165
                   3125            22920 92623      NaN        0       1000           0      24165
                   3126            22921 92625      NaN        0       1000           0      24165
                   3127            22924 92628      NaN        0       1000           0      24165
                   3128            22931 92635      NaN        0       1000           0      24165
                   3129            22932 92636      NaN        0       1000           0      24165
                   3130            22949 92660      NaN        0       1000           0      24165
                   3131            22952 92663      NaN        0       1000           0      24165
                   3132            22973 92688      NaN        0       1000           0      24165
                   3133            22979 92696      NaN        0       1000           0      24165
                   3134            22980 92697      NaN        0       1000           0      24165
                   3135            22981 92698      NaN        0       1000           0      24165
                   3136            22987 92705      NaN        0       1000           0      24165
                   3137            22994 92714      NaN        0       1000           0      24165
                   3138            23003 92724      NaN        0       1000           0      24165
                   3139            23006 92727      NaN        0       1000           0      24165
                   3140            23008 92729      NaN        0       1000           0      24165
                   3141            23027 92752      NaN        0       1000           0      24165
                   3142            23031 92757      NaN        0       1000           0      24165
                   3143            23053 92781      NaN        0       1000           0      24165
                   3144            23065 92793      NaN        0       1000           0      24165
                   3145            23073 92805      NaN        0       1000           0      24165
                   3146            23074 92806      NaN        0       1000           0      24165
                   3147            23080 92813      NaN        0       1000           0      24165
                   3148            23084 92818      NaN        0       1000           0      24165
                   3149            23093 92827      NaN        0       1000           0      24165
                   3150            23098 92832      NaN        0       1000           0      24165
                   3151            23104 92839      NaN        0       1000           0      24165
                   3152            23108 92843      NaN        0       1000           0      24165
                   3153            23116 92852      NaN        0       1000           0      24165
                   3154            23123 92862      NaN        0       1000           0      24165
                   3155            23124 92863      NaN        0       1000           0      24165
                   3156            23154 92895      NaN        0       1000           0      24165
                   3157            23170 92912      NaN        0       1000           0      24165
                   3158            23175 92917      NaN        0       1000           0      24165
                   3159            23180 92922      NaN        0       1000           0      24165
                   3160            23181 92923      NaN        0       1000           0      24165
                   3161            23183 92925      NaN        0       1000           0      24165
                   3162            23186 92928      NaN        0       1000           0      24165
                   3163            23194 92937      NaN        0       1000           0      24165
                   3164            23199 92944      NaN        0       1000           0      24165
                   3165            23205 92950      NaN        0       1000           0      24165
                   3166            23215 92962      NaN        0       1000           0      24165
                   3167            23228 92976      NaN        0       1000           0      24165
                   3168            23229 92977      NaN        0       1000           0      24165
                   3169            23234 92983      NaN        0       1000           0      24165
                   3170            23240 92989      NaN        0       1000           0      24165
                   3171            23241 92990      NaN        0       1000           0      24165
                   3172            23245 92994      NaN        0       1000           0      24165
                   3173            23248 92997      NaN        0       1000           0      24165
                   3174            23253 93002      NaN        0       1000           0      24165
                   3175            23259 93008      NaN        0       1000           0      24165
                   3176            23279 93028      NaN        0       1000           0      24165
                   3177            23289 93039      NaN        0       1000           0      24165
                   3178            23301 93053      NaN        0       1000           0      24165
                   3179            23304 93057      NaN        0       1000           0      24165
                   3180            23307 93060      NaN        0       1000           0      24165
                   3181            23308 93061      NaN        0       1000           0      24165
                   3182            23310 93063      NaN        0       1000           0      24165
                   3183            23312 93065      NaN        0       1000           0      24165
                   3184            23333 93087      NaN        0       1000           0      24165
                   3185            23334 93089      NaN        0       1000           0      24165
                   3186            23338 93093      NaN        0       1000           0      24165
                   3187            23344 93101      NaN        0       1000           0      24165
                   3188            23345 93102      NaN        0       1000           0      24165
                   3189            23346 93103      NaN        0       1000           0      24165
                   3190            23351 93109      NaN        0       1000           0      24165
                   3191            23353 93111      NaN        0       1000           0      24165
                   3192            23358 93117      NaN        0       1000           0      24165
                   3193            23359 93118      NaN        0       1000           0      24165
                   3194            23373 93132      NaN        0       1000           0      24165
                   3195            23375 93135      NaN        0       1000           0      24165
                   3196            23376 93136      NaN        0       1000           0      24165
                   3197            23380 93141      NaN        0       1000           0      24165
                   3198            23381 93142      NaN        0       1000           0      24165
                   3199            23385 93146      NaN        0       1000           0      24165
                   3200            23390 93153      NaN        0       1000           0      24165
