======================================================================
A-COMPONENT COST RANKING — rxn_id=2
Processed:    20190 / 83307 components
Elapsed:      27977.5s
Sample size:  random 1000 raw candidates tested per A component (invalid ones dropped before scoring)
Top-k:        5 (cost = mean of top-5 surrogate scores among the valid survivors)
Generated:    2026-07-16 14:08:02.331521
======================================================================

 rank  a_id  n_sampled  n_valid     cost
    1 73951       1000      824 0.081121
    2 78534       1000      833 0.079083
    3 80811       1000      818 0.078674
    4 79778       1000      712 0.078559
    5 81001       1000      792 0.078435
    6 84590       1000      813 0.078129
    7 88844       1000      776 0.077952
    8 68337       1000      819 0.077534
    9 73334       1000      813 0.077290
   10 73540       1000      791 0.077275
   11 76489       1000      801 0.076830
   12 76420       1000      799 0.076330
   13 81992       1000      835 0.075855
   14 88679       1000      801 0.074333
   15 77397       1000      718 0.074156
   16 78847       1000      793 0.074091
   17 69457       1000      804 0.073781
   18 68115       1000      800 0.073685
   19 85230       1000      804 0.073631
   20 84545       1000      780 0.073620
   21 66261       1000      788 0.073166
   22 74550       1000      797 0.073155
   23 76492       1000      823 0.073052
   24 73199       1000      803 0.072807
   25 68226       1000      793 0.072708
   26 87304       1000      796 0.072600
   27 82155       1000      804 0.072576
   28 84120       1000      820 0.072336
   29 70496       1000      803 0.072052
   30 68344       1000      806 0.071819
   31 84454       1000      798 0.071715
   32 70292       1000      804 0.071572
   33 72526       1000      740 0.071447
   34 66312       1000      806 0.071355
   35 89035       1000      794 0.071188
   36 73211       1000      808 0.070842
   37 70702       1000      791 0.070772
   38 67928       1000      806 0.070627
   39 78601       1000      777 0.070497
   40 73834       1000      798 0.070435
   41 81011       1000      790 0.070401
   42 69010       1000      806 0.069701
   43 76899       1000      720 0.069353
   44 71293       1000      800 0.069178
   45 74414       1000      790 0.068635
   46 86758       1000      815 0.068208
   47 88118       1000      703 0.067981
   48 65996       1000      808 0.067969
   49 68258       1000      785 0.067838
   50 88511       1000      804 0.067599
   51 75526       1000      807 0.066529
   52 87535       1000      802 0.066451
   53 70058       1000      733 0.066084
   54 73303       1000      806 0.065998
   55 79858       1000      820 0.065803
   56 69640       1000      793 0.065795
   57 84714       1000      807 0.065788
   58 81723       1000      808 0.065689
   59 86889       1000      809 0.065608
   60 82523       1000      711 0.065582
   61 84554       1000      805 0.065478
   62 67887       1000      738 0.065362
   63 79676       1000      816 0.065247
   64 75936       1000      811 0.065122
   65 88894       1000      696 0.064977
   66 72554       1000      788 0.064759
   67 85554       1000      804 0.064714
   68 79572       1000      816 0.064593
   69 74187       1000      801 0.064408
   70 69752       1000      808 0.064354
   71 68425       1000      792 0.064219
   72 84136       1000      799 0.064097
   73 67952       1000      815 0.063912
   74 83623       1000      796 0.063886
   75 76265       1000      817 0.063710
   76 74034       1000      789 0.063705
   77 85330       1000      805 0.063673
   78 78400       1000      804 0.063617
   79 72140       1000      805 0.063574
   80 74615       1000      804 0.063443
   81 81586       1000      803 0.063370
   82 69639       1000      725 0.063369
   83 71917       1000      731 0.063311
   84 79426       1000      817 0.063309
   85 89293       1000      816 0.063301
   86 66803       1000      811 0.063193
   87 66468       1000      830 0.063188
   88 81446       1000      725 0.063182
   89 73501       1000      813 0.063180
   90 68492       1000      796 0.063102
   91 88687       1000      819 0.062996
   92 80386       1000      797 0.062994
   93 78386       1000      801 0.062851
   94 86684       1000      799 0.062827
   95 81205       1000      709 0.062760
   96 80372       1000      786 0.062758
   97 86247       1000      799 0.062693
   98 66056       1000      795 0.062669
   99 88152       1000      802 0.062649
  100 89243       1000      798 0.062642
  101 86663       1000      817 0.062575
  102 69228       1000      801 0.062574
  103 85607       1000      809 0.062460
  104 87941       1000      804 0.062215
  105 66491       1000      806 0.062151
  106 87076       1000      758 0.062107
  107 80273       1000      805 0.062083
  108 79948       1000      793 0.062045
  109 89292       1000      732 0.062040
  110 74204       1000      812 0.062028
  111 86135       1000      785 0.061987
  112 68443       1000      798 0.061918
  113 70203       1000      786 0.061890
  114 67078       1000      701 0.061801
  115 68143       1000      794 0.061726
  116 83627       1000      808 0.061725
  117 81177       1000      806 0.061715
  118 87682       1000      808 0.061568
  119 88069       1000      785 0.061385
  120 84522       1000      801 0.061370
  121 82128       1000      805 0.061318
  122 82344       1000      809 0.061306
  123 84583       1000      779 0.061241
  124 85526       1000      790 0.061163
  125 81581       1000      801 0.061129
  126 77934       1000      789 0.061102
  127 66586       1000      810 0.061076
  128 66123       1000      776 0.061071
  129 85415       1000      819 0.061067
  130 78906       1000      808 0.061067
  131 78282       1000      828 0.061063
  132 74395       1000      809 0.061027
  133 83511       1000      819 0.060992
  134 74433       1000      717 0.060856
  135 67378       1000      809 0.060842
  136 72657       1000      786 0.060829
  137 69026       1000      713 0.060823
  138 73723       1000      816 0.060765
  139 80848       1000      782 0.060728
  140 70908       1000      710 0.060685
  141 79418       1000      801 0.060682
  142 67063       1000      801 0.060634
  143 77133       1000      808 0.060620
  144 76434       1000      776 0.060610
  145 68450       1000      710 0.060588
  146 82236       1000      802 0.060575
  147 81505       1000      798 0.060468
  148 78964       1000      812 0.060251
  149 74208       1000      813 0.060219
  150 79359       1000      724 0.060193
  151 89312       1000      712 0.060167
  152 77860       1000      782 0.060099
  153 75246       1000      803 0.060087
  154 77813       1000      789 0.060051
  155 76114       1000      789 0.060045
  156 88974       1000      806 0.060001
  157 72248       1000      807 0.059985
  158 81242       1000      785 0.059944
  159 70531       1000      805 0.059942
  160 87545       1000      810 0.059937
  161 71203       1000      776 0.059829
  162 70302       1000      808 0.059816
  163 73451       1000      795 0.059815
  164 84342       1000      777 0.059807
  165 84455       1000      806 0.059802
  166 70675       1000      823 0.059794
  167 69027       1000      814 0.059784
  168 79938       1000      739 0.059776
  169 75898       1000      800 0.059767
  170 84056       1000      797 0.059762
  171 78718       1000      803 0.059760
  172 89305       1000      799 0.059716
  173 71808       1000      792 0.059711
  174 82975       1000      720 0.059688
  175 84969       1000      796 0.059649
  176 73662       1000      817 0.059630
  177 68232       1000      777 0.059627
  178 67183       1000      793 0.059610
  179 77517       1000      802 0.059604
  180 68034       1000      784 0.059599
  181 72294       1000      803 0.059575
  182 68407       1000      798 0.059538
  183 78835       1000      793 0.059523
  184 74961       1000      792 0.059516
  185 75165       1000      794 0.059497
  186 81760       1000      793 0.059475
  187 67992       1000      806 0.059371
  188 87257       1000      792 0.059368
  189 75293       1000      716 0.059337
  190 82297       1000      790 0.059299
  191 83171       1000      713 0.059299
  192 68772       1000      778 0.059272
  193 81532       1000      730 0.059270
  194 73370       1000      823 0.059266
  195 87209       1000      796 0.059239
  196 83226       1000      814 0.059229
  197 88218       1000      807 0.059218
  198 66326       1000      801 0.059216
  199 78097       1000      812 0.059164
  200 72310       1000      804 0.059153
  201 89399       1000      808 0.059140
  202 85713       1000      787 0.059135
  203 75151       1000      723 0.059131
  204 88215       1000      805 0.059119
  205 71711       1000      780 0.059107
  206 84438       1000      805 0.059090
  207 67906       1000      699 0.059045
  208 87871       1000      801 0.059040
  209 67810       1000      805 0.059010
  210 78206       1000      719 0.058994
  211 78748       1000      786 0.058958
  212 75961       1000      790 0.058945
  213 74467       1000      788 0.058944
  214 68274       1000      824 0.058943
  215 87642       1000      822 0.058926
  216 71881       1000      803 0.058911
  217 68908       1000      806 0.058899
  218 78583       1000      783 0.058891
  219 71025       1000      794 0.058889
  220 85438       1000      775 0.058874
  221 75180       1000      812 0.058867
  222 83851       1000      809 0.058857
  223 81521       1000      812 0.058818
  224 66416       1000      811 0.058787
  225 75177       1000      794 0.058774
  226 72847       1000      810 0.058770
  227 82305       1000      789 0.058767
  228 87085       1000      807 0.058760
  229 67921       1000      827 0.058757
  230 84762       1000      705 0.058746
  231 88141       1000      803 0.058742
  232 66689       1000      800 0.058738
  233 83832       1000      778 0.058735
  234 77708       1000      795 0.058727
  235 70396       1000      724 0.058727
  236 88407       1000      784 0.058721
  237 84677       1000      800 0.058719
  238 88652       1000      728 0.058714
  239 79945       1000      815 0.058701
  240 73358       1000      791 0.058693
  241 85737       1000      817 0.058691
  242 86149       1000      799 0.058688
  243 75264       1000      710 0.058665
  244 80259       1000      801 0.058665
  245 89025       1000      794 0.058657
  246 76344       1000      807 0.058638
  247 73417       1000      798 0.058630
  248 76927       1000      788 0.058622
  249 82957       1000      746 0.058609
  250 87850       1000      810 0.058590
  251 83436       1000      802 0.058570
  252 65933       1000      786 0.058563
  253 82461       1000      726 0.058559
  254 83619       1000      802 0.058549
  255 79151       1000      809 0.058549
  256 79836       1000      800 0.058537
  257 68737       1000      777 0.058533
  258 77069       1000      813 0.058523
  259 81091       1000      792 0.058479
  260 89272       1000      804 0.058479
  261 84391       1000      787 0.058476
  262 80598       1000      715 0.058434
  263 75837       1000      821 0.058417
  264 76671       1000      747 0.058410
  265 78292       1000      797 0.058409
  266 83740       1000      802 0.058396
  267 85762       1000      799 0.058391
  268 72066       1000      784 0.058387
  269 81082       1000      810 0.058377
  270 74160       1000      807 0.058374
  271 84125       1000      776 0.058373
  272 81601       1000      729 0.058358
  273 67053       1000      802 0.058349
  274 74312       1000      818 0.058324
  275 81094       1000      694 0.058313
  276 70832       1000      710 0.058311
  277 79332       1000      781 0.058310
  278 87317       1000      808 0.058293
  279 80539       1000      786 0.058271
  280 80990       1000      806 0.058271
  281 86785       1000      801 0.058220
  282 80780       1000      738 0.058218
  283 65929       1000      806 0.058210
  284 74871       1000      791 0.058204
  285 87219       1000      787 0.058204
  286 83499       1000      716 0.058191
  287 68747       1000      807 0.058189
  288 71523       1000      814 0.058189
  289 83486       1000      789 0.058188
  290 87634       1000      814 0.058158
  291 77007       1000      802 0.058153
  292 68812       1000      795 0.058143
  293 82163       1000      737 0.058123
  294 69320       1000      806 0.058090
  295 69557       1000      726 0.058081
  296 69121       1000      814 0.058060
  297 75642       1000      781 0.058023
  298 69763       1000      790 0.057995
  299 77243       1000      799 0.057993
  300 66227       1000      811 0.057959
  301 69466       1000      809 0.057935
  302 81620       1000      789 0.057934
  303 86212       1000      790 0.057921
  304 79440       1000      826 0.057919
  305 76841       1000      791 0.057915
  306 73912       1000      818 0.057895
  307 67841       1000      794 0.057880
  308 87973       1000      789 0.057841
  309 79563       1000      810 0.057809
  310 70017       1000      804 0.057793
  311 83428       1000      786 0.057782
  312 74896       1000      785 0.057728
  313 66509       1000      795 0.057726
  314 83826       1000      795 0.057724
  315 82903       1000      795 0.057713
  316 70886       1000      798 0.057709
  317 71753       1000      788 0.057701
  318 68960       1000      820 0.057698
  319 77455       1000      723 0.057687
  320 67803       1000      782 0.057657
  321 72580       1000      782 0.057631
  322 80297       1000      799 0.057618
  323 74498       1000      802 0.057610
  324 80735       1000      804 0.057573
  325 81611       1000      793 0.057565
  326 77090       1000      708 0.057564
  327 84651       1000      801 0.057556
  328 72528       1000      805 0.057552
  329 74006       1000      815 0.057548
  330 66487       1000      716 0.057544
  331 72217       1000      803 0.057541
  332 70595       1000      800 0.057538
  333 68857       1000      744 0.057532
  334 87955       1000      807 0.057528
  335 80478       1000      788 0.057519
  336 74237       1000      793 0.057496
  337 84202       1000      813 0.057489
  338 66794       1000      792 0.057488
  339 71232       1000      799 0.057482
  340 70481       1000      786 0.057466
  341 85404       1000      792 0.057464
  342 82994       1000      782 0.057454
  343 72056       1000      783 0.057450
  344 76037       1000      796 0.057432
  345 85017       1000      810 0.057409
  346 87512       1000      806 0.057409
  347 85985       1000      777 0.057402
  348 76852       1000      819 0.057399
  349 81406       1000      811 0.057397
  350 77890       1000      779 0.057391
  351 86801       1000      800 0.057385
  352 79395       1000      781 0.057370
  353 83521       1000      788 0.057359
  354 66665       1000      822 0.057355
  355 78306       1000      795 0.057352
  356 70225       1000      810 0.057347
  357 69885       1000      768 0.057347
  358 78141       1000      789 0.057338
  359 82608       1000      811 0.057330
  360 74950       1000      801 0.057294
  361 75916       1000      770 0.057284
  362 68615       1000      821 0.057279
  363 69968       1000      802 0.057246
  364 89282       1000      807 0.057227
  365 84437       1000      815 0.057225
  366 87058       1000      786 0.057197
  367 67864       1000      794 0.057192
  368 78098       1000      777 0.057181
  369 89335       1000      817 0.057178
  370 69564       1000      795 0.057173
  371 86414       1000      699 0.057169
  372 86032       1000      816 0.057160
  373 83078       1000      789 0.057154
  374 69845       1000      805 0.057146
  375 70182       1000      803 0.057145
  376 75733       1000      795 0.057141
  377 82793       1000      796 0.057123
  378 82759       1000      807 0.057114
  379 66467       1000      781 0.057110
  380 74300       1000      734 0.057085
  381 71051       1000      801 0.057062
  382 87113       1000      801 0.057059
  383 77323       1000      808 0.057059
  384 84512       1000      814 0.057027
  385 74096       1000      794 0.057024
  386 72252       1000      797 0.057017
  387 89013       1000      815 0.057007
  388 85343       1000      790 0.057003
  389 87427       1000      805 0.057000
  390 82926       1000      818 0.057000
  391 89158       1000      805 0.056981
  392 74163       1000      804 0.056980
  393 78592       1000      803 0.056968
  394 67442       1000      796 0.056945
  395 77732       1000      789 0.056937
  396 77454       1000      795 0.056929
  397 69200       1000      791 0.056923
  398 83844       1000      809 0.056911
  399 85378       1000      785 0.056898
  400 82850       1000      800 0.056884
  401 68870       1000      798 0.056851
  402 87989       1000      791 0.056849
  403 70511       1000      808 0.056846
  404 82067       1000      787 0.056846
  405 68063       1000      820 0.056841
  406 79680       1000      801 0.056838
  407 81259       1000      807 0.056835
  408 85109       1000      797 0.056833
  409 86636       1000      811 0.056802
  410 75476       1000      815 0.056792
  411 82261       1000      788 0.056789
  412 76918       1000      808 0.056780
  413 67257       1000      819 0.056776
  414 80317       1000      798 0.056771
  415 66894       1000      790 0.056770
  416 70028       1000      715 0.056763
  417 78725       1000      786 0.056739
  418 88983       1000      724 0.056736
  419 77551       1000      804 0.056736
  420 73166       1000      803 0.056736
  421 80239       1000      732 0.056725
  422 83094       1000      790 0.056722
  423 79081       1000      811 0.056718
  424 70463       1000      800 0.056709
  425 74953       1000      749 0.056699
  426 76807       1000      728 0.056681
  427 85597       1000      796 0.056654
  428 77722       1000      795 0.056653
  429 74257       1000      814 0.056635
  430 66612       1000      788 0.056628
  431 76827       1000      804 0.056622
  432 85619       1000      784 0.056622
  433 72539       1000      809 0.056611
  434 81830       1000      808 0.056610
  435 68584       1000      796 0.056580
  436 78153       1000      818 0.056563
  437 67929       1000      800 0.056557
  438 68571       1000      816 0.056547
  439 79980       1000      800 0.056540
  440 72892       1000      717 0.056540
  441 83596       1000      805 0.056539
  442 77421       1000      788 0.056528
  443 81556       1000      803 0.056524
  444 73853       1000      785 0.056520
  445 66596       1000      729 0.056513
  446 77622       1000      793 0.056511
  447 77129       1000      786 0.056511
  448 67618       1000      810 0.056505
  449 75024       1000      816 0.056500
  450 67111       1000      799 0.056482
  451 87215       1000      800 0.056478
  452 76335       1000      800 0.056455
  453 87878       1000      817 0.056437
  454 77580       1000      797 0.056433
  455 70365       1000      782 0.056414
  456 67181       1000      806 0.056400
  457 76036       1000      803 0.056393
  458 66351       1000      819 0.056389
  459 85430       1000      806 0.056380
  460 83552       1000      814 0.056379
  461 79619       1000      812 0.056347
  462 79486       1000      791 0.056340
  463 79394       1000      814 0.056333
  464 76775       1000      798 0.056324
  465 78121       1000      821 0.056316
  466 68693       1000      788 0.056315
  467 71346       1000      796 0.056314
  468 80561       1000      782 0.056313
  469 68686       1000      795 0.056305
  470 83611       1000      792 0.056304
  471 71671       1000      802 0.056304
  472 73745       1000      784 0.056294
  473 85454       1000      810 0.056289
  474 83312       1000      813 0.056282
  475 85405       1000      828 0.056282
  476 83434       1000      796 0.056280
  477 71770       1000      786 0.056266
  478 69535       1000      730 0.056255
  479 80321       1000      799 0.056250
  480 84219       1000      803 0.056248
  481 77342       1000      807 0.056246
  482 83046       1000      796 0.056230
  483 71624       1000      808 0.056230
  484 88686       1000      803 0.056222
  485 71396       1000      731 0.056219
  486 83276       1000      704 0.056206
  487 85808       1000      785 0.056202
  488 86484       1000      799 0.056197
  489 72460       1000      805 0.056192
  490 87533       1000      804 0.056165
  491 66603       1000      730 0.056152
  492 73122       1000      805 0.056149
  493 82936       1000      792 0.056149
  494 75430       1000      774 0.056143
  495 81594       1000      800 0.056139
  496 83634       1000      790 0.056139
  497 78254       1000      815 0.056137
  498 89010       1000      802 0.056136
  499 66120       1000      775 0.056131
  500 66320       1000      798 0.056124
  501 67542       1000      792 0.056103
  502 71360       1000      791 0.056091
  503 79995       1000      779 0.056084
  504 83144       1000      781 0.056082
  505 78763       1000      806 0.056081
  506 80899       1000      827 0.056059
  507 68224       1000      798 0.056055
  508 75351       1000      814 0.056055
  509 88936       1000      802 0.056046
  510 70791       1000      798 0.056044
  511 72524       1000      807 0.056043
  512 82559       1000      795 0.056028
  513 80624       1000      797 0.056027
  514 89412       1000      785 0.056025
  515 78314       1000      811 0.056017
  516 79487       1000      775 0.056003
  517 86011       1000      787 0.056001
  518 77074       1000      795 0.055980
  519 72900       1000      801 0.055973
  520 83207       1000      735 0.055966
  521 80229       1000      806 0.055934
  522 85005       1000      798 0.055930
  523 74098       1000      778 0.055923
  524 75387       1000      780 0.055907
  525 70548       1000      783 0.055906
  526 86635       1000      712 0.055904
  527 83401       1000      802 0.055889
  528 83162       1000      818 0.055887
  529 77773       1000      779 0.055885
  530 80092       1000      803 0.055884
  531 84065       1000      795 0.055869
  532 87121       1000      806 0.055858
  533 73302       1000      708 0.055845
  534 76102       1000      804 0.055833
  535 85270       1000      810 0.055833
  536 78498       1000      807 0.055828
  537 74548       1000      805 0.055826
  538 83149       1000      789 0.055823
  539 73547       1000      803 0.055819
  540 88750       1000      808 0.055816
  541 66749       1000      795 0.055813
  542 78551       1000      753 0.055809
  543 79162       1000      821 0.055807
  544 68578       1000      701 0.055776
  545 74154       1000      796 0.055775
  546 88678       1000      802 0.055774
  547 88921       1000      802 0.055771
  548 72113       1000      815 0.055771
  549 89108       1000      808 0.055766
  550 68810       1000      798 0.055766
  551 77586       1000      780 0.055760
  552 82645       1000      821 0.055756
  553 82295       1000      794 0.055753
  554 80636       1000      789 0.055735
  555 82466       1000      781 0.055726
  556 82503       1000      800 0.055722
  557 71371       1000      825 0.055690
  558 75146       1000      801 0.055689
  559 73727       1000      822 0.055688
  560 77351       1000      806 0.055682
  561 69898       1000      803 0.055681
  562 86828       1000      801 0.055674
  563 78949       1000      799 0.055667
  564 67236       1000      804 0.055657
  565 80120       1000      784 0.055650
  566 88806       1000      733 0.055648
  567 85066       1000      804 0.055646
  568 78198       1000      812 0.055641
  569 85732       1000      787 0.055635
  570 69590       1000      801 0.055633
  571 70114       1000      799 0.055626
  572 78298       1000      801 0.055618
  573 73852       1000      818 0.055613
  574 72549       1000      802 0.055602
  575 71372       1000      803 0.055600
  576 81063       1000      797 0.055595
  577 87269       1000      812 0.055595
  578 68012       1000      818 0.055581
  579 88754       1000      793 0.055578
  580 72494       1000      804 0.055572
  581 81929       1000      783 0.055569
  582 83792       1000      720 0.055561
  583 86656       1000      765 0.055560
  584 66675       1000      794 0.055557
  585 88661       1000      799 0.055549
  586 71807       1000      752 0.055545
  587 83161       1000      719 0.055539
  588 70771       1000      783 0.055532
  589 73355       1000      811 0.055513
  590 71605       1000      819 0.055501
  591 88626       1000      788 0.055496
  592 68728       1000      798 0.055490
  593 73972       1000      822 0.055489
  594 88068       1000      804 0.055466
  595 69328       1000      732 0.055454
  596 79974       1000      796 0.055454
  597 78137       1000      804 0.055444
  598 79662       1000      797 0.055442
  599 81168       1000      807 0.055439
  600 74802       1000      798 0.055436
  601 85564       1000      793 0.055423
  602 74295       1000      801 0.055418
  603 80104       1000      794 0.055415
  604 71694       1000      731 0.055403
  605 85734       1000      783 0.055398
  606 74590       1000      752 0.055397
  607 80018       1000      806 0.055395
  608 86738       1000      824 0.055386
  609 74508       1000      801 0.055378
  610 87841       1000      822 0.055372
  611 78840       1000      805 0.055367
  612 85751       1000      812 0.055363
  613 82812       1000      804 0.055362
  614 77968       1000      825 0.055359
  615 85696       1000      812 0.055357
  616 77970       1000      804 0.055352
  617 77554       1000      805 0.055348
  618 80437       1000      795 0.055348
  619 82796       1000      793 0.055336
  620 82737       1000      815 0.055333
  621 87944       1000      803 0.055324
  622 86162       1000      807 0.055322
  623 88074       1000      787 0.055314
  624 88351       1000      792 0.055302
  625 69056       1000      715 0.055301
  626 70062       1000      799 0.055294
  627 81743       1000      823 0.055293
  628 80819       1000      808 0.055285
  629 66345       1000      712 0.055266
  630 82761       1000      791 0.055265
  631 85616       1000      810 0.055263
  632 84639       1000      725 0.055254
  633 76268       1000      806 0.055251
  634 77798       1000      806 0.055250
  635 78023       1000      805 0.055250
  636 73325       1000      815 0.055250
  637 84417       1000      805 0.055248
  638 78610       1000      799 0.055247
  639 78663       1000      811 0.055237
  640 81692       1000      715 0.055230
  641 69973       1000      792 0.055224
  642 70885       1000      792 0.055223
  643 79849       1000      807 0.055213
  644 78225       1000      801 0.055205
  645 66984       1000      793 0.055199
  646 69113       1000      784 0.055197
  647 72714       1000      712 0.055184
  648 79840       1000      809 0.055180
  649 87590       1000      812 0.055180
  650 70279       1000      736 0.055178
  651 74588       1000      810 0.055175
  652 68178       1000      818 0.055173
  653 66046       1000      733 0.055168
  654 88578       1000      830 0.055167
  655 80375       1000      791 0.055165
  656 78616       1000      817 0.055162
  657 81381       1000      697 0.055162
  658 73950       1000      819 0.055160
  659 82030       1000      786 0.055156
  660 80396       1000      821 0.055152
  661 74798       1000      780 0.055151
  662 74504       1000      789 0.055150
  663 81458       1000      800 0.055147
  664 66835       1000      816 0.055137
  665 83522       1000      790 0.055108
  666 77827       1000      798 0.055101
  667 75431       1000      807 0.055081
  668 70963       1000      796 0.055079
  669 78466       1000      790 0.055079
  670 82389       1000      804 0.055070
  671 68855       1000      810 0.055064
  672 88545       1000      808 0.055062
  673 86852       1000      806 0.055061
  674 68093       1000      802 0.055056
  675 70923       1000      807 0.055054
  676 81384       1000      801 0.055053
  677 85093       1000      806 0.055050
  678 71999       1000      702 0.055050
  679 88962       1000      810 0.055044
  680 79107       1000      778 0.055037
  681 77849       1000      812 0.055033
  682 85402       1000      798 0.055029
  683 83114       1000      781 0.055009
  684 83587       1000      808 0.055007
  685 84543       1000      792 0.055005
  686 78873       1000      719 0.054995
  687 78192       1000      802 0.054964
  688 67716       1000      811 0.054954
  689 66679       1000      804 0.054946
  690 66346       1000      796 0.054943
  691 77870       1000      795 0.054938
  692 80861       1000      786 0.054937
  693 88318       1000      783 0.054929
  694 70288       1000      795 0.054926
  695 74274       1000      802 0.054889
  696 85710       1000      815 0.054880
  697 68930       1000      798 0.054874
  698 71057       1000      799 0.054861
  699 70001       1000      806 0.054850
  700 77136       1000      776 0.054850
  701 68626       1000      786 0.054836
  702 71361       1000      808 0.054832
  703 68042       1000      792 0.054830
  704 75365       1000      811 0.054829
  705 83199       1000      818 0.054827
  706 75609       1000      797 0.054822
  707 80785       1000      709 0.054816
  708 88846       1000      788 0.054811
  709 84032       1000      727 0.054800
  710 77033       1000      715 0.054797
  711 75879       1000      810 0.054794
  712 69828       1000      812 0.054784
  713 81826       1000      814 0.054772
  714 73526       1000      796 0.054769
  715 79219       1000      736 0.054769
  716 82162       1000      798 0.054764
  717 76333       1000      812 0.054764
  718 67011       1000      791 0.054762
  719 70142       1000      798 0.054758
  720 85207       1000      791 0.054721
  721 80769       1000      827 0.054698
  722 76600       1000      816 0.054683
  723 76626       1000      786 0.054668
  724 75300       1000      785 0.054665
  725 86366       1000      773 0.054659
  726 80979       1000      807 0.054652
  727 79918       1000      796 0.054651
  728 84842       1000      806 0.054636
  729 79826       1000      812 0.054635
  730 84601       1000      787 0.054605
  731 73900       1000      787 0.054597
  732 72695       1000      715 0.054596
  733 69109       1000      799 0.054586
  734 69354       1000      803 0.054582
  735 79356       1000      793 0.054579
  736 84155       1000      785 0.054572
  737 69736       1000      784 0.054568
  738 70690       1000      811 0.054568
  739 71936       1000      697 0.054566
  740 79237       1000      799 0.054566
  741 77672       1000      789 0.054562
  742 89141       1000      789 0.054556
  743 76042       1000      808 0.054556
  744 75928       1000      804 0.054550
  745 77953       1000      739 0.054546
  746 68302       1000      801 0.054544
  747 74698       1000      798 0.054540
  748 85668       1000      794 0.054536
  749 89142       1000      816 0.054526
  750 69877       1000      800 0.054523
  751 66437       1000      804 0.054511
  752 83503       1000      817 0.054499
  753 78788       1000      719 0.054485
  754 71951       1000      782 0.054475
  755 79153       1000      776 0.054465
  756 71569       1000      725 0.054465
  757 84682       1000      796 0.054462
  758 80253       1000      787 0.054459
  759 76461       1000      817 0.054449
  760 86909       1000      798 0.054445
  761 71268       1000      722 0.054438
  762 68110       1000      727 0.054435
  763 67913       1000      724 0.054431
  764 85844       1000      726 0.054427
  765 73882       1000      817 0.054427
  766 83757       1000      803 0.054426
  767 88202       1000      735 0.054419
  768 80145       1000      798 0.054411
  769 84283       1000      711 0.054403
  770 76727       1000      773 0.054403
  771 76107       1000      793 0.054402
  772 77471       1000      812 0.054390
  773 67024       1000      789 0.054390
  774 75033       1000      788 0.054386
  775 75933       1000      784 0.054384
  776 80303       1000      810 0.054382
  777 70999       1000      797 0.054382
  778 89200       1000      717 0.054380
  779 80717       1000      787 0.054370
  780 73506       1000      796 0.054360
  781 81892       1000      812 0.054360
  782 84017       1000      797 0.054357
  783 82976       1000      703 0.054353
  784 78795       1000      807 0.054349
  785 79670       1000      803 0.054343
  786 86335       1000      805 0.054340
  787 71889       1000      809 0.054339
  788 80165       1000      775 0.054339
  789 78320       1000      796 0.054337
  790 84177       1000      790 0.054335
  791 79025       1000      792 0.054326
  792 76562       1000      800 0.054326
  793 88719       1000      805 0.054324
  794 68429       1000      810 0.054322
  795 73734       1000      794 0.054319
  796 66179       1000      811 0.054317
  797 79305       1000      808 0.054304
  798 82867       1000      715 0.054301
  799 78226       1000      784 0.054295
  800 74229       1000      806 0.054293
  801 79860       1000      797 0.054290
  802 70117       1000      793 0.054286
  803 84284       1000      803 0.054274
  804 83953       1000      832 0.054267
  805 82787       1000      820 0.054261
  806 71746       1000      787 0.054255
  807 78909       1000      804 0.054251
  808 67373       1000      814 0.054249
  809 89300       1000      811 0.054247
  810 84692       1000      796 0.054242
  811 71403       1000      798 0.054242
  812 82661       1000      815 0.054241
  813 69617       1000      734 0.054239
  814 80315       1000      786 0.054233
  815 70044       1000      803 0.054228
  816 79096       1000      717 0.054226
  817 84393       1000      792 0.054215
  818 88711       1000      812 0.054214
  819 87351       1000      815 0.054211
  820 72527       1000      787 0.054203
  821 78151       1000      776 0.054201
  822 68018       1000      782 0.054199
  823 79393       1000      727 0.054196
  824 70610       1000      795 0.054195
  825 69941       1000      788 0.054190
  826 86105       1000      807 0.054181
  827 72285       1000      795 0.054176
  828 74763       1000      789 0.054172
  829 88614       1000      802 0.054170
  830 88791       1000      705 0.054163
  831 68980       1000      804 0.054162
  832 77592       1000      701 0.054161
  833 79099       1000      787 0.054155
  834 79447       1000      798 0.054149
  835 75906       1000      775 0.054148
  836 72247       1000      735 0.054146
  837 72769       1000      811 0.054137
  838 71975       1000      781 0.054131
  839 83919       1000      814 0.054128
  840 79250       1000      783 0.054127
  841 84280       1000      790 0.054110
  842 78942       1000      800 0.054110
  843 74121       1000      782 0.054106
  844 85725       1000      797 0.054104
  845 71200       1000      834 0.054104
  846 88470       1000      801 0.054094
  847 72336       1000      813 0.054092
  848 72313       1000      816 0.054086
  849 76397       1000      814 0.054081
  850 82708       1000      738 0.054080
  851 81862       1000      782 0.054070
  852 81417       1000      708 0.054069
  853 86183       1000      802 0.054066
  854 71528       1000      813 0.054062
  855 67562       1000      798 0.054060
  856 73908       1000      796 0.054060
  857 71882       1000      790 0.054058
  858 83838       1000      814 0.054058
  859 80954       1000      791 0.054055
  860 80872       1000      800 0.054039
  861 88925       1000      795 0.054038
  862 69989       1000      785 0.054030
  863 75751       1000      784 0.054029
  864 70309       1000      819 0.054022
  865 67966       1000      810 0.054021
  866 72208       1000      802 0.054020
  867 88645       1000      815 0.054019
  868 84821       1000      791 0.054016
  869 72116       1000      808 0.054012
  870 82324       1000      771 0.054007
  871 73546       1000      807 0.054004
  872 87145       1000      809 0.053999
  873 84096       1000      795 0.053998
  874 70527       1000      820 0.053994
  875 77678       1000      804 0.053990
  876 70240       1000      811 0.053985
  877 79286       1000      802 0.053984
  878 80520       1000      774 0.053977
  879 85748       1000      805 0.053972
  880 75245       1000      821 0.053964
  881 72245       1000      795 0.053963
  882 85566       1000      812 0.053963
  883 71804       1000      789 0.053954
  884 72301       1000      813 0.053947
  885 89026       1000      806 0.053945
  886 78806       1000      773 0.053945
  887 83485       1000      819 0.053935
  888 77424       1000      795 0.053931
  889 87362       1000      694 0.053929
  890 78646       1000      799 0.053929
  891 81103       1000      797 0.053928
  892 72743       1000      810 0.053927
  893 82068       1000      800 0.053921
  894 86299       1000      808 0.053919
  895 79375       1000      820 0.053909
  896 83299       1000      794 0.053893
  897 72338       1000      797 0.053887
  898 83084       1000      803 0.053885
  899 82132       1000      804 0.053882
  900 84963       1000      746 0.053876
  901 87025       1000      697 0.053876
  902 85722       1000      801 0.053876
  903 79961       1000      799 0.053874
  904 81484       1000      712 0.053871
  905 88631       1000      785 0.053871
  906 85397       1000      737 0.053869
  907 76715       1000      800 0.053865
  908 84209       1000      793 0.053864
  909 86321       1000      807 0.053862
  910 77228       1000      794 0.053861
  911 87787       1000      808 0.053853
  912 78686       1000      791 0.053847
  913 77308       1000      711 0.053846
  914 73604       1000      799 0.053841
  915 87975       1000      805 0.053840
  916 87030       1000      812 0.053837
  917 81528       1000      717 0.053828
  918 67902       1000      772 0.053823
  919 85843       1000      800 0.053818
  920 77341       1000      806 0.053810
  921 74831       1000      808 0.053805
  922 72675       1000      783 0.053804
  923 74501       1000      799 0.053804
  924 67881       1000      791 0.053794
  925 77040       1000      793 0.053790
  926 78302       1000      795 0.053789
  927 72221       1000      735 0.053784
  928 85797       1000      813 0.053783
  929 83066       1000      798 0.053780
  930 74817       1000      809 0.053780
  931 70993       1000      797 0.053770
  932 80576       1000      819 0.053766
  933 86925       1000      809 0.053759
  934 77271       1000      787 0.053751
  935 68562       1000      778 0.053750
  936 68742       1000      812 0.053744
  937 75512       1000      797 0.053744
  938 79699       1000      801 0.053743
  939 79492       1000      713 0.053740
  940 81080       1000      797 0.053740
  941 78774       1000      789 0.053731
  942 73115       1000      781 0.053722
  943 77727       1000      807 0.053713
  944 81731       1000      802 0.053709
  945 87034       1000      816 0.053706
  946 72626       1000      795 0.053703
  947 71508       1000      815 0.053700
  948 76019       1000      819 0.053698
  949 82174       1000      718 0.053698
  950 85519       1000      717 0.053696
  951 72411       1000      806 0.053693
  952 86942       1000      820 0.053676
  953 86905       1000      798 0.053673
  954 76021       1000      815 0.053662
  955 73393       1000      800 0.053657
  956 75884       1000      817 0.053654
  957 84423       1000      814 0.053652
  958 80884       1000      793 0.053637
  959 79842       1000      811 0.053635
  960 84322       1000      799 0.053618
  961 74559       1000      786 0.053616
  962 73221       1000      784 0.053612
  963 81126       1000      795 0.053607
  964 74807       1000      800 0.053598
  965 65865       1000      797 0.053595
  966 67706       1000      808 0.053590
  967 71573       1000      807 0.053589
  968 73073       1000      798 0.053579
  969 78799       1000      791 0.053577
  970 75554       1000      780 0.053576
  971 77023       1000      782 0.053575
  972 74533       1000      811 0.053570
  973 71843       1000      775 0.053570
  974 72878       1000      775 0.053568
  975 72422       1000      793 0.053568
  976 86350       1000      707 0.053566
  977 75497       1000      799 0.053564
  978 67247       1000      718 0.053563
  979 66032       1000      780 0.053563
  980 85528       1000      801 0.053560
  981 82905       1000      785 0.053557
  982 66482       1000      802 0.053556
  983 77006       1000      794 0.053554
  984 83738       1000      789 0.053553
  985 72858       1000      809 0.053552
  986 86679       1000      708 0.053552
  987 84634       1000      734 0.053551
  988 74607       1000      813 0.053541
  989 72126       1000      717 0.053533
  990 73402       1000      724 0.053528
  991 67424       1000      793 0.053526
  992 82611       1000      808 0.053524
  993 79720       1000      775 0.053524
  994 68173       1000      707 0.053523
  995 89315       1000      794 0.053519
  996 68105       1000      807 0.053518
  997 81835       1000      807 0.053510
  998 75262       1000      811 0.053509
  999 80198       1000      799 0.053507
 1000 72120       1000      714 0.053505
 1001 78702       1000      791 0.053499
 1002 84920       1000      815 0.053498
 1003 76242       1000      795 0.053496
 1004 66530       1000      815 0.053493
 1005 76047       1000      792 0.053486
 1006 67626       1000      785 0.053480
 1007 73246       1000      803 0.053478
 1008 76061       1000      785 0.053473
 1009 81570       1000      808 0.053466
 1010 67742       1000      828 0.053466
 1011 73534       1000      730 0.053456
 1012 85802       1000      786 0.053445
 1013 69389       1000      798 0.053441
 1014 85637       1000      781 0.053436
 1015 88422       1000      815 0.053433
 1016 67278       1000      731 0.053432
 1017 76399       1000      809 0.053426
 1018 81869       1000      802 0.053423
 1019 83646       1000      797 0.053418
 1020 75803       1000      792 0.053415
 1021 67823       1000      803 0.053413
 1022 88045       1000      801 0.053401
 1023 79108       1000      812 0.053400
 1024 85156       1000      739 0.053397
 1025 82419       1000      803 0.053387
 1026 78495       1000      791 0.053383
 1027 67558       1000      818 0.053376
 1028 67300       1000      708 0.053374
 1029 82822       1000      800 0.053373
 1030 84343       1000      786 0.053367
 1031 69394       1000      796 0.053362
 1032 76963       1000      809 0.053356
 1033 78998       1000      782 0.053347
 1034 88394       1000      785 0.053344
 1035 76528       1000      789 0.053344
 1036 80179       1000      798 0.053339
 1037 83529       1000      779 0.053339
 1038 87791       1000      803 0.053328
 1039 84627       1000      740 0.053327
 1040 86520       1000      810 0.053326
 1041 67318       1000      793 0.053325
 1042 82883       1000      795 0.053322
 1043 70764       1000      787 0.053318
 1044 82809       1000      788 0.053317
 1045 79777       1000      810 0.053312
 1046 80159       1000      810 0.053295
 1047 69421       1000      799 0.053284
 1048 73320       1000      814 0.053281
 1049 67494       1000      795 0.053278
 1050 87861       1000      780 0.053275
 1051 74226       1000      805 0.053271
 1052 89065       1000      792 0.053270
 1053 75499       1000      786 0.053268
 1054 71281       1000      800 0.053261
 1055 78545       1000      793 0.053260
 1056 75128       1000      810 0.053258
 1057 65875       1000      799 0.053250
 1058 87507       1000      805 0.053247
 1059 79225       1000      715 0.053241
 1060 68716       1000      788 0.053239
 1061 71737       1000      809 0.053233
 1062 81860       1000      788 0.053231
 1063 72928       1000      781 0.053225
 1064 83635       1000      812 0.053222
 1065 66828       1000      784 0.053217
 1066 88073       1000      811 0.053211
 1067 75056       1000      799 0.053202
 1068 75899       1000      808 0.053195
 1069 84497       1000      794 0.053192
 1070 75419       1000      732 0.053189
 1071 89388       1000      782 0.053189
 1072 78118       1000      801 0.053180
 1073 70976       1000      718 0.053176
 1074 82920       1000      801 0.053164
 1075 87899       1000      808 0.053160
 1076 79277       1000      797 0.053152
 1077 80771       1000      709 0.053148
 1078 80822       1000      802 0.053147
 1079 81617       1000      806 0.053146
 1080 87675       1000      808 0.053142
 1081 78159       1000      777 0.053141
 1082 73830       1000      789 0.053134
 1083 84168       1000      788 0.053134
 1084 68539       1000      791 0.053131
 1085 76094       1000      788 0.053121
 1086 68188       1000      804 0.053117
 1087 75253       1000      801 0.053111
 1088 70242       1000      794 0.053096
 1089 85775       1000      775 0.053093
 1090 84611       1000      790 0.053090
 1091 72898       1000      803 0.053088
 1092 84091       1000      783 0.053087
 1093 81200       1000      817 0.053086
 1094 76245       1000      730 0.053081
 1095 67059       1000      793 0.053079
 1096 73458       1000      789 0.053078
 1097 71160       1000      805 0.053077
 1098 67168       1000      801 0.053070
 1099 79967       1000      800 0.053068
 1100 84257       1000      807 0.053064
 1101 77018       1000      798 0.053064
 1102 87240       1000      810 0.053054
 1103 76423       1000      712 0.053041
 1104 77644       1000      806 0.053039
 1105 79360       1000      700 0.053031
 1106 77470       1000      785 0.053031
 1107 88895       1000      806 0.053029
 1108 82642       1000      803 0.053028
 1109 87390       1000      814 0.053017
 1110 71790       1000      819 0.053016
 1111 81362       1000      789 0.053007
 1112 77624       1000      816 0.052998
 1113 83051       1000      806 0.052997
 1114 67722       1000      797 0.052981
 1115 72324       1000      804 0.052981
 1116 80458       1000      817 0.052981
 1117 78175       1000      794 0.052977
 1118 69888       1000      811 0.052974
 1119 71670       1000      783 0.052973
 1120 76884       1000      795 0.052971
 1121 80546       1000      809 0.052966
 1122 79576       1000      801 0.052953
 1123 66638       1000      825 0.052949
 1124 89130       1000      788 0.052946
 1125 83160       1000      785 0.052945
 1126 70440       1000      743 0.052938
 1127 68972       1000      793 0.052932
 1128 70386       1000      802 0.052931
 1129 67383       1000      790 0.052927
 1130 82884       1000      776 0.052916
 1131 88654       1000      802 0.052915
 1132 83665       1000      798 0.052915
 1133 85475       1000      820 0.052914
 1134 67604       1000      790 0.052907
 1135 68633       1000      798 0.052896
 1136 67355       1000      793 0.052889
 1137 72951       1000      788 0.052886
 1138 66953       1000      794 0.052884
 1139 65885       1000      825 0.052879
 1140 71606       1000      761 0.052878
 1141 82171       1000      795 0.052878
 1142 88390       1000      791 0.052878
 1143 73689       1000      788 0.052868
 1144 65927       1000      812 0.052865
 1145 79815       1000      794 0.052864
 1146 80318       1000      820 0.052846
 1147 80674       1000      785 0.052845
 1148 77131       1000      807 0.052844
 1149 85261       1000      812 0.052840
 1150 82148       1000      811 0.052837
 1151 84328       1000      825 0.052835
 1152 71620       1000      789 0.052828
 1153 71732       1000      790 0.052821
 1154 81267       1000      794 0.052819
 1155 84360       1000      729 0.052814
 1156 88996       1000      780 0.052803
 1157 82470       1000      793 0.052803
 1158 84844       1000      826 0.052803
 1159 71146       1000      816 0.052799
 1160 81704       1000      726 0.052792
 1161 73367       1000      779 0.052790
 1162 75475       1000      794 0.052789
 1163 74033       1000      783 0.052788
 1164 66626       1000      817 0.052784
 1165 66515       1000      778 0.052784
 1166 79289       1000      783 0.052771
 1167 79259       1000      788 0.052771
 1168 86121       1000      798 0.052771
 1169 87047       1000      771 0.052768
 1170 85893       1000      810 0.052768
 1171 77483       1000      741 0.052766
 1172 80903       1000      804 0.052766
 1173 86647       1000      782 0.052763
 1174 83643       1000      816 0.052758
 1175 89273       1000      811 0.052751
 1176 77594       1000      789 0.052745
 1177 72674       1000      778 0.052739
 1178 72036       1000      804 0.052737
 1179 86352       1000      798 0.052732
 1180 77886       1000      829 0.052732
 1181 68053       1000      791 0.052725
 1182 71199       1000      823 0.052724
 1183 85767       1000      792 0.052723
 1184 82355       1000      820 0.052719
 1185 84945       1000      801 0.052718
 1186 75565       1000      786 0.052710
 1187 82610       1000      808 0.052704
 1188 66653       1000      798 0.052700
 1189 77889       1000      784 0.052696
 1190 87395       1000      814 0.052695
 1191 71647       1000      778 0.052694
 1192 68131       1000      800 0.052692
 1193 80688       1000      804 0.052689
 1194 75460       1000      795 0.052685
 1195 84732       1000      791 0.052681
 1196 87853       1000      798 0.052679
 1197 84754       1000      786 0.052677
 1198 74707       1000      806 0.052676
 1199 87364       1000      785 0.052676
 1200 86418       1000      816 0.052675
 1201 82203       1000      700 0.052674
 1202 67991       1000      819 0.052672
 1203 70156       1000      781 0.052670
 1204 77935       1000      788 0.052667
 1205 69317       1000      800 0.052666
 1206 81102       1000      810 0.052665
 1207 68717       1000      816 0.052660
 1208 77373       1000      793 0.052651
 1209 88620       1000      815 0.052649
 1210 71101       1000      814 0.052644
 1211 85483       1000      806 0.052642
 1212 72114       1000      780 0.052641
 1213 86081       1000      793 0.052640
 1214 70067       1000      804 0.052638
 1215 77932       1000      799 0.052636
 1216 84680       1000      800 0.052631
 1217 78297       1000      724 0.052619
 1218 77499       1000      697 0.052618
 1219 72979       1000      804 0.052618
 1220 78639       1000      780 0.052608
 1221 81276       1000      722 0.052607
 1222 79688       1000      793 0.052606
 1223 82497       1000      782 0.052605
 1224 69986       1000      800 0.052597
 1225 68071       1000      807 0.052595
 1226 73578       1000      820 0.052584
 1227 73059       1000      812 0.052580
 1228 86196       1000      814 0.052569
 1229 66976       1000      816 0.052569
 1230 88720       1000      721 0.052568
 1231 88690       1000      813 0.052562
 1232 75158       1000      783 0.052559
 1233 74947       1000      805 0.052553
 1234 84824       1000      799 0.052552
 1235 74329       1000      813 0.052551
 1236 86804       1000      785 0.052551
 1237 80280       1000      803 0.052544
 1238 85676       1000      794 0.052543
 1239 83126       1000      798 0.052540
 1240 77005       1000      794 0.052539
 1241 67460       1000      823 0.052539
 1242 87394       1000      809 0.052535
 1243 78975       1000      790 0.052533
 1244 85411       1000      745 0.052532
 1245 84983       1000      790 0.052524
 1246 72243       1000      800 0.052519
 1247 79679       1000      797 0.052518
 1248 73568       1000      790 0.052515
 1249 82706       1000      808 0.052515
 1250 65856       1000      720 0.052514
 1251 73850       1000      798 0.052506
 1252 79026       1000      810 0.052497
 1253 77268       1000      797 0.052496
 1254 65954       1000      801 0.052494
 1255 66488       1000      783 0.052490
 1256 88658       1000      792 0.052489
 1257 78644       1000      801 0.052487
 1258 82894       1000      796 0.052483
 1259 70371       1000      818 0.052478
 1260 73771       1000      795 0.052478
 1261 67751       1000      801 0.052471
 1262 68157       1000      718 0.052465
 1263 72995       1000      817 0.052461
 1264 76989       1000      796 0.052458
 1265 67205       1000      789 0.052456
 1266 76751       1000      802 0.052453
 1267 76718       1000      796 0.052451
 1268 74356       1000      812 0.052449
 1269 76389       1000      793 0.052446
 1270 80082       1000      790 0.052440
 1271 68844       1000      766 0.052435
 1272 74502       1000      800 0.052435
 1273 83558       1000      794 0.052434
 1274 78363       1000      808 0.052433
 1275 87706       1000      812 0.052410
 1276 67821       1000      799 0.052408
 1277 65989       1000      809 0.052404
 1278 69422       1000      797 0.052393
 1279 77532       1000      793 0.052388
 1280 85733       1000      796 0.052382
 1281 72772       1000      801 0.052381
 1282 84103       1000      799 0.052378
 1283 71312       1000      815 0.052376
 1284 82006       1000      803 0.052369
 1285 77524       1000      813 0.052369
 1286 82860       1000      797 0.052364
 1287 67501       1000      808 0.052363
 1288 82045       1000      811 0.052360
 1289 74249       1000      816 0.052348
 1290 68148       1000      807 0.052347
 1291 79526       1000      807 0.052344
 1292 88322       1000      798 0.052343
 1293 66026       1000      783 0.052342
 1294 84271       1000      788 0.052342
 1295 72620       1000      790 0.052341
 1296 85492       1000      804 0.052340
 1297 86040       1000      806 0.052339
 1298 79503       1000      807 0.052336
 1299 80738       1000      792 0.052336
 1300 83240       1000      816 0.052334
 1301 68476       1000      803 0.052332
 1302 66561       1000      790 0.052331
 1303 68746       1000      826 0.052322
 1304 87502       1000      803 0.052321
 1305 73978       1000      799 0.052309
 1306 66476       1000      790 0.052288
 1307 70714       1000      814 0.052285
 1308 74745       1000      791 0.052281
 1309 87657       1000      773 0.052280
 1310 79732       1000      800 0.052280
 1311 69685       1000      799 0.052279
 1312 69905       1000      789 0.052276
 1313 79085       1000      791 0.052273
 1314 73594       1000      807 0.052271
 1315 77147       1000      799 0.052271
 1316 66734       1000      789 0.052270
 1317 79001       1000      799 0.052265
 1318 76141       1000      816 0.052264
 1319 87303       1000      800 0.052261
 1320 87970       1000      810 0.052256
 1321 84998       1000      799 0.052254
 1322 81776       1000      803 0.052246
 1323 80238       1000      806 0.052242
 1324 76454       1000      797 0.052242
 1325 68230       1000      820 0.052240
 1326 78543       1000      785 0.052233
 1327 70724       1000      809 0.052230
 1328 83567       1000      723 0.052229
 1329 84411       1000      805 0.052226
 1330 74627       1000      797 0.052223
 1331 66962       1000      801 0.052221
 1332 75459       1000      802 0.052210
 1333 80573       1000      794 0.052210
 1334 86495       1000      798 0.052209
 1335 70091       1000      820 0.052207
 1336 72850       1000      797 0.052205
 1337 70738       1000      816 0.052200
 1338 71883       1000      786 0.052199
 1339 82788       1000      803 0.052198
 1340 69598       1000      799 0.052192
 1341 74491       1000      805 0.052190
 1342 72297       1000      816 0.052188
 1343 81816       1000      722 0.052174
 1344 87293       1000      783 0.052173
 1345 78687       1000      816 0.052171
 1346 66369       1000      810 0.052165
 1347 67532       1000      740 0.052165
 1348 84450       1000      717 0.052160
 1349 66862       1000      778 0.052158
 1350 84380       1000      793 0.052158
 1351 77198       1000      813 0.052157
 1352 68296       1000      731 0.052154
 1353 85049       1000      811 0.052144
 1354 85133       1000      811 0.052141
 1355 86313       1000      791 0.052123
 1356 74102       1000      720 0.052123
 1357 66433       1000      808 0.052123
 1358 77533       1000      786 0.052121
 1359 70053       1000      707 0.052111
 1360 74547       1000      789 0.052108
 1361 66269       1000      817 0.052105
 1362 74742       1000      787 0.052100
 1363 81546       1000      776 0.052097
 1364 83021       1000      792 0.052092
 1365 69298       1000      783 0.052088
 1366 84962       1000      799 0.052087
 1367 89370       1000      802 0.052085
 1368 69442       1000      811 0.052084
 1369 84766       1000      795 0.052083
 1370 71409       1000      801 0.052082
 1371 85021       1000      813 0.052076
 1372 81194       1000      728 0.052076
 1373 86731       1000      778 0.052075
 1374 72456       1000      799 0.052073
 1375 83092       1000      803 0.052071
 1376 66883       1000      812 0.052066
 1377 76010       1000      817 0.052047
 1378 75905       1000      774 0.052047
 1379 75638       1000      800 0.052039
 1380 76331       1000      787 0.052032
 1381 69972       1000      808 0.052020
 1382 70349       1000      807 0.052020
 1383 80245       1000      778 0.052019
 1384 87077       1000      781 0.052014
 1385 82309       1000      798 0.052013
 1386 67437       1000      810 0.052008
 1387 78234       1000      718 0.052006
 1388 79729       1000      796 0.052005
 1389 77523       1000      786 0.052000
 1390 87192       1000      781 0.051999
 1391 87516       1000      792 0.051989
 1392 69924       1000      733 0.051987
 1393 76689       1000      825 0.051975
 1394 71988       1000      800 0.051970
 1395 74413       1000      787 0.051965
 1396 72777       1000      723 0.051959
 1397 66357       1000      733 0.051959
 1398 80613       1000      785 0.051957
 1399 66023       1000      787 0.051957
 1400 86760       1000      787 0.051956
 1401 87406       1000      807 0.051954
 1402 87184       1000      779 0.051953
 1403 83012       1000      787 0.051952
 1404 76244       1000      798 0.051948
 1405 74887       1000      713 0.051942
 1406 84181       1000      803 0.051942
 1407 87576       1000      807 0.051941
 1408 67714       1000      736 0.051941
 1409 85306       1000      793 0.051941
 1410 67661       1000      786 0.051934
 1411 85937       1000      779 0.051934
 1412 78883       1000      788 0.051931
 1413 73743       1000      807 0.051923
 1414 81018       1000      822 0.051921
 1415 70134       1000      716 0.051919
 1416 86874       1000      795 0.051918
 1417 81759       1000      727 0.051913
 1418 79320       1000      809 0.051909
 1419 66652       1000      820 0.051908
 1420 83456       1000      766 0.051903
 1421 70311       1000      814 0.051897
 1422 82050       1000      784 0.051888
 1423 74596       1000      780 0.051879
 1424 83824       1000      792 0.051879
 1425 84223       1000      812 0.051872
 1426 69429       1000      814 0.051865
 1427 87482       1000      800 0.051862
 1428 70065       1000      743 0.051861
 1429 80797       1000      798 0.051857
 1430 84613       1000      779 0.051849
 1431 75422       1000      728 0.051842
 1432 80215       1000      804 0.051842
 1433 76205       1000      807 0.051841
 1434 78531       1000      804 0.051841
 1435 88092       1000      790 0.051840
 1436 66218       1000      799 0.051840
 1437 73966       1000      805 0.051838
 1438 73530       1000      788 0.051835
 1439 75833       1000      794 0.051831
 1440 84166       1000      793 0.051818
 1441 74935       1000      785 0.051818
 1442 82956       1000      807 0.051817
 1443 85580       1000      725 0.051815
 1444 67126       1000      807 0.051808
 1445 71300       1000      797 0.051804
 1446 84608       1000      742 0.051804
 1447 69967       1000      828 0.051804
 1448 67209       1000      791 0.051779
 1449 75832       1000      789 0.051779
 1450 75920       1000      787 0.051777
 1451 79535       1000      795 0.051776
 1452 71533       1000      779 0.051774
 1453 76753       1000      727 0.051772
 1454 80384       1000      793 0.051771
 1455 81192       1000      786 0.051771
 1456 74538       1000      709 0.051769
 1457 76084       1000      803 0.051768
 1458 71652       1000      807 0.051761
 1459 72477       1000      736 0.051761
 1460 85975       1000      816 0.051761
 1461 78278       1000      794 0.051760
 1462 82101       1000      810 0.051757
 1463 79790       1000      711 0.051741
 1464 78500       1000      801 0.051740
 1465 67802       1000      809 0.051737
 1466 67231       1000      792 0.051730
 1467 82406       1000      721 0.051722
 1468 82546       1000      823 0.051720
 1469 77084       1000      793 0.051718
 1470 82474       1000      784 0.051716
 1471 75396       1000      809 0.051713
 1472 86306       1000      811 0.051711
 1473 79810       1000      781 0.051701
 1474 74844       1000      810 0.051694
 1475 83022       1000      723 0.051691
 1476 66457       1000      811 0.051684
 1477 82566       1000      804 0.051681
 1478 79354       1000      793 0.051677
 1479 78235       1000      817 0.051675
 1480 70220       1000      814 0.051675
 1481 86763       1000      808 0.051674
 1482 70686       1000      791 0.051671
 1483 69122       1000      790 0.051666
 1484 70588       1000      809 0.051664
 1485 77871       1000      792 0.051664
 1486 73755       1000      726 0.051662
 1487 86931       1000      797 0.051659
 1488 66059       1000      816 0.051655
 1489 70936       1000      787 0.051655
 1490 85785       1000      807 0.051649
 1491 69676       1000      806 0.051646
 1492 85447       1000      820 0.051646
 1493 69631       1000      775 0.051642
 1494 75414       1000      790 0.051641
 1495 76372       1000      806 0.051638
 1496 89213       1000      716 0.051634
 1497 75878       1000      823 0.051625
 1498 68994       1000      699 0.051623
 1499 67857       1000      800 0.051622
 1500 83327       1000      790 0.051620
 1501 69679       1000      786 0.051619
 1502 73226       1000      798 0.051609
 1503 78330       1000      823 0.051606
 1504 87075       1000      722 0.051606
 1505 76837       1000      796 0.051606
 1506 83487       1000      804 0.051603
 1507 80377       1000      807 0.051600
 1508 81004       1000      812 0.051600
 1509 66047       1000      817 0.051598
 1510 76897       1000      739 0.051597
 1511 87939       1000      799 0.051591
 1512 88669       1000      795 0.051589
 1513 66200       1000      713 0.051589
 1514 69987       1000      714 0.051587
 1515 67665       1000      803 0.051586
 1516 81236       1000      822 0.051581
 1517 76868       1000      807 0.051580
 1518 87548       1000      808 0.051580
 1519 80643       1000      816 0.051580
 1520 82550       1000      731 0.051574
 1521 81132       1000      807 0.051574
 1522 88779       1000      779 0.051572
 1523 87717       1000      786 0.051571
 1524 87602       1000      790 0.051565
 1525 80424       1000      813 0.051565
 1526 77514       1000      783 0.051562
 1527 84191       1000      777 0.051555
 1528 79423       1000      711 0.051554
 1529 71439       1000      797 0.051546
 1530 74025       1000      790 0.051543
 1531 71190       1000      798 0.051541
 1532 86323       1000      805 0.051540
 1533 77332       1000      810 0.051539
 1534 81206       1000      795 0.051536
 1535 74561       1000      803 0.051530
 1536 66799       1000      807 0.051523
 1537 83673       1000      788 0.051522
 1538 86271       1000      780 0.051521
 1539 73655       1000      794 0.051520
 1540 72975       1000      796 0.051519
 1541 85042       1000      825 0.051511
 1542 70261       1000      799 0.051510
 1543 76557       1000      784 0.051502
 1544 69732       1000      722 0.051496
 1545 87890       1000      819 0.051492
 1546 76923       1000      806 0.051490
 1547 80595       1000      802 0.051487
 1548 72614       1000      805 0.051483
 1549 87324       1000      720 0.051481
 1550 76888       1000      820 0.051481
 1551 68016       1000      791 0.051473
 1552 83379       1000      789 0.051470
 1553 66701       1000      795 0.051470
 1554 77082       1000      738 0.051470
 1555 86015       1000      775 0.051467
 1556 84348       1000      799 0.051464
 1557 79775       1000      831 0.051463
 1558 66127       1000      803 0.051453
 1559 82541       1000      794 0.051451
 1560 81879       1000      795 0.051448
 1561 68099       1000      810 0.051433
 1562 65839       1000      788 0.051425
 1563 87073       1000      792 0.051422
 1564 66660       1000      807 0.051420
 1565 73428       1000      807 0.051420
 1566 66772       1000      729 0.051418
 1567 81438       1000      802 0.051417
 1568 88776       1000      801 0.051414
 1569 87865       1000      805 0.051414
 1570 74022       1000      801 0.051413
 1571 65846       1000      780 0.051413
 1572 81467       1000      795 0.051412
 1573 87316       1000      791 0.051410
 1574 78005       1000      809 0.051403
 1575 82180       1000      807 0.051401
 1576 89049       1000      803 0.051399
 1577 76370       1000      716 0.051397
 1578 79602       1000      715 0.051396
 1579 86066       1000      790 0.051395
 1580 72049       1000      788 0.051394
 1581 83652       1000      790 0.051394
 1582 84197       1000      797 0.051390
 1583 77434       1000      700 0.051387
 1584 88813       1000      790 0.051380
 1585 82037       1000      794 0.051377
 1586 85768       1000      783 0.051371
 1587 76002       1000      795 0.051370
 1588 69139       1000      774 0.051365
 1589 79505       1000      798 0.051359
 1590 88186       1000      823 0.051354
 1591 84208       1000      798 0.051354
 1592 69072       1000      799 0.051352
 1593 70555       1000      788 0.051352
 1594 81345       1000      726 0.051349
 1595 80059       1000      820 0.051348
 1596 82820       1000      793 0.051345
 1597 75168       1000      794 0.051344
 1598 80127       1000      804 0.051335
 1599 80513       1000      710 0.051333
 1600 77288       1000      776 0.051332
 1601 71451       1000      803 0.051330
 1602 80068       1000      792 0.051328
 1603 70367       1000      826 0.051328
 1604 87200       1000      817 0.051316
 1605 71516       1000      783 0.051316
 1606 75131       1000      798 0.051315
 1607 86699       1000      797 0.051314
 1608 77451       1000      803 0.051309
 1609 84524       1000      776 0.051308
 1610 78752       1000      804 0.051306
 1611 85057       1000      820 0.051300
 1612 87513       1000      779 0.051298
 1613 73952       1000      775 0.051296
 1614 79198       1000      800 0.051294
 1615 68606       1000      796 0.051292
 1616 85849       1000      785 0.051290
 1617 79185       1000      791 0.051285
 1618 74386       1000      795 0.051284
 1619 84047       1000      780 0.051280
 1620 69411       1000      797 0.051277
 1621 77214       1000      789 0.051275
 1622 75617       1000      793 0.051274
 1623 73802       1000      731 0.051272
 1624 78491       1000      769 0.051264
 1625 66008       1000      793 0.051261
 1626 81845       1000      780 0.051260
 1627 88570       1000      778 0.051255
 1628 69137       1000      776 0.051254
 1629 70164       1000      795 0.051250
 1630 66644       1000      818 0.051249
 1631 82349       1000      813 0.051240
 1632 88815       1000      728 0.051238
 1633 68936       1000      810 0.051234
 1634 69199       1000      810 0.051231
 1635 67927       1000      734 0.051227
 1636 84996       1000      792 0.051224
 1637 69131       1000      811 0.051224
 1638 80344       1000      787 0.051223
 1639 80953       1000      796 0.051218
 1640 79992       1000      808 0.051216
 1641 74266       1000      761 0.051215
 1642 71580       1000      814 0.051214
 1643 87781       1000      707 0.051211
 1644 81905       1000      764 0.051201
 1645 78138       1000      798 0.051201
 1646 80370       1000      793 0.051199
 1647 69980       1000      789 0.051198
 1648 74893       1000      793 0.051197
 1649 84212       1000      793 0.051197
 1650 84588       1000      777 0.051195
 1651 86194       1000      786 0.051183
 1652 71720       1000      768 0.051180
 1653 71817       1000      792 0.051180
 1654 72818       1000      814 0.051176
 1655 70972       1000      806 0.051172
 1656 84338       1000      798 0.051166
 1657 77681       1000      797 0.051164
 1658 87714       1000      793 0.051159
 1659 78963       1000      817 0.051154
 1660 83039       1000      795 0.051153
 1661 86705       1000      799 0.051150
 1662 81661       1000      792 0.051149
 1663 87607       1000      801 0.051146
 1664 87332       1000      806 0.051145
 1665 73272       1000      806 0.051145
 1666 65915       1000      795 0.051144
 1667 87270       1000      820 0.051142
 1668 77191       1000      714 0.051141
 1669 67448       1000      790 0.051140
 1670 86462       1000      802 0.051139
 1671 74423       1000      807 0.051138
 1672 69287       1000      791 0.051128
 1673 66667       1000      795 0.051128
 1674 71774       1000      710 0.051127
 1675 71904       1000      796 0.051127
 1676 80687       1000      809 0.051116
 1677 86144       1000      821 0.051113
 1678 75739       1000      795 0.051107
 1679 67684       1000      821 0.051103
 1680 73280       1000      788 0.051099
 1681 76826       1000      788 0.051098
 1682 71941       1000      819 0.051096
 1683 83680       1000      809 0.051089
 1684 74043       1000      806 0.051078
 1685 76525       1000      822 0.051071
 1686 80003       1000      710 0.051066
 1687 86860       1000      793 0.051066
 1688 83344       1000      805 0.051060
 1689 69085       1000      798 0.051060
 1690 69102       1000      806 0.051055
 1691 83550       1000      803 0.051053
 1692 77842       1000      770 0.051052
 1693 77515       1000      713 0.051051
 1694 73332       1000      788 0.051045
 1695 77599       1000      795 0.051045
 1696 67315       1000      786 0.051036
 1697 76136       1000      823 0.051033
 1698 86604       1000      825 0.051029
 1699 81531       1000      788 0.051028
 1700 77413       1000      816 0.051027
 1701 78064       1000      794 0.051022
 1702 84621       1000      783 0.051021
 1703 79805       1000      809 0.051018
 1704 83941       1000      799 0.051014
 1705 74287       1000      775 0.051013
 1706 83560       1000      796 0.051004
 1707 70643       1000      811 0.051004
 1708 88140       1000      812 0.050999
 1709 69419       1000      825 0.050998
 1710 76277       1000      807 0.050992
 1711 82701       1000      787 0.050992
 1712 67341       1000      804 0.050992
 1713 80791       1000      798 0.050992
 1714 82814       1000      784 0.050991
 1715 83986       1000      814 0.050987
 1716 83710       1000      727 0.050984
 1717 72064       1000      804 0.050984
 1718 72100       1000      776 0.050983
 1719 85916       1000      816 0.050983
 1720 80269       1000      815 0.050981
 1721 70708       1000      797 0.050981
 1722 73341       1000      805 0.050979
 1723 74921       1000      811 0.050979
 1724 76203       1000      791 0.050979
 1725 79207       1000      807 0.050978
 1726 82582       1000      794 0.050977
 1727 84082       1000      786 0.050976
 1728 79299       1000      794 0.050975
 1729 80594       1000      798 0.050974
 1730 77739       1000      804 0.050973
 1731 76801       1000      815 0.050964
 1732 76132       1000      788 0.050953
 1733 84204       1000      818 0.050943
 1734 78790       1000      808 0.050933
 1735 81898       1000      818 0.050932
 1736 76760       1000      793 0.050931
 1737 73757       1000      827 0.050924
 1738 78477       1000      797 0.050922
 1739 77029       1000      693 0.050919
 1740 87774       1000      792 0.050919
 1741 87206       1000      798 0.050916
 1742 67211       1000      803 0.050915
 1743 73934       1000      799 0.050912
 1744 79191       1000      797 0.050910
 1745 73382       1000      819 0.050901
 1746 87461       1000      810 0.050898
 1747 86004       1000      811 0.050892
 1748 70441       1000      804 0.050891
 1749 76698       1000      811 0.050888
 1750 67007       1000      825 0.050887
 1751 88851       1000      791 0.050885
 1752 81960       1000      815 0.050881
 1753 66428       1000      789 0.050879
 1754 80367       1000      802 0.050878
 1755 77202       1000      806 0.050877
 1756 69912       1000      812 0.050877
 1757 75043       1000      776 0.050876
 1758 82588       1000      800 0.050872
 1759 73893       1000      805 0.050870
 1760 86197       1000      713 0.050869
 1761 74814       1000      805 0.050867
 1762 74939       1000      801 0.050856
 1763 85252       1000      779 0.050849
 1764 72251       1000      801 0.050842
 1765 78078       1000      691 0.050842
 1766 73464       1000      814 0.050836
 1767 72739       1000      779 0.050832
 1768 69586       1000      796 0.050828
 1769 78899       1000      794 0.050828
 1770 80338       1000      787 0.050826
 1771 81961       1000      782 0.050823
 1772 78940       1000      743 0.050812
 1773 86696       1000      815 0.050807
 1774 72511       1000      797 0.050806
 1775 80069       1000      799 0.050805
 1776 76653       1000      775 0.050804
 1777 79160       1000      796 0.050801
 1778 77573       1000      820 0.050800
 1779 83267       1000      814 0.050794
 1780 66484       1000      800 0.050790
 1781 79877       1000      821 0.050786
 1782 74002       1000      818 0.050786
 1783 72026       1000      807 0.050784
 1784 84698       1000      797 0.050783
 1785 83368       1000      817 0.050783
 1786 68283       1000      813 0.050777
 1787 83353       1000      796 0.050777
 1788 78935       1000      799 0.050769
 1789 72589       1000      787 0.050767
 1790 83839       1000      711 0.050763
 1791 68423       1000      819 0.050760
 1792 80538       1000      818 0.050754
 1793 73895       1000      797 0.050749
 1794 73317       1000      790 0.050747
 1795 66941       1000      800 0.050744
 1796 82458       1000      794 0.050742
 1797 74774       1000      807 0.050737
 1798 70224       1000      731 0.050737
 1799 82581       1000      808 0.050731
 1800 89307       1000      794 0.050727
 1801 74253       1000      791 0.050726
 1802 67990       1000      831 0.050725
 1803 79419       1000      733 0.050724
 1804 77779       1000      794 0.050723
 1805 71712       1000      793 0.050722
 1806 81416       1000      713 0.050716
 1807 73765       1000      794 0.050715
 1808 76185       1000      790 0.050714
 1809 81452       1000      799 0.050711
 1810 66681       1000      718 0.050706
 1811 70893       1000      791 0.050705
 1812 76694       1000      815 0.050704
 1813 81818       1000      796 0.050696
 1814 79257       1000      788 0.050695
 1815 84750       1000      801 0.050690
 1816 75102       1000      697 0.050689
 1817 80882       1000      799 0.050688
 1818 81143       1000      809 0.050687
 1819 71739       1000      768 0.050684
 1820 76347       1000      777 0.050683
 1821 72495       1000      797 0.050681
 1822 65824       1000      811 0.050676
 1823 75665       1000      800 0.050672
 1824 69704       1000      814 0.050669
 1825 79409       1000      795 0.050659
 1826 76453       1000      808 0.050651
 1827 80368       1000      809 0.050650
 1828 82890       1000      777 0.050650
 1829 75021       1000      809 0.050650
 1830 73953       1000      801 0.050644
 1831 84980       1000      802 0.050640
 1832 74867       1000      732 0.050639
 1833 80391       1000      796 0.050638
 1834 74542       1000      784 0.050634
 1835 81421       1000      806 0.050633
 1836 84229       1000      821 0.050629
 1837 85487       1000      737 0.050627
 1838 87260       1000      805 0.050622
 1839 89250       1000      791 0.050622
 1840 68533       1000      824 0.050620
 1841 83496       1000      819 0.050619
 1842 77668       1000      804 0.050618
 1843 71952       1000      791 0.050616
 1844 74784       1000      731 0.050616
 1845 70835       1000      741 0.050609
 1846 68067       1000      804 0.050608
 1847 74347       1000      809 0.050600
 1848 82724       1000      799 0.050599
 1849 72925       1000      800 0.050596
 1850 88187       1000      794 0.050595
 1851 79760       1000      804 0.050594
 1852 72693       1000      799 0.050591
 1853 74214       1000      807 0.050590
 1854 70592       1000      808 0.050590
 1855 66121       1000      814 0.050589
 1856 69174       1000      808 0.050587
 1857 71043       1000      800 0.050584
 1858 80929       1000      800 0.050584
 1859 73984       1000      827 0.050580
 1860 81469       1000      806 0.050568
 1861 69306       1000      813 0.050561
 1862 78978       1000      778 0.050561
 1863 78743       1000      714 0.050555
 1864 89059       1000      724 0.050554
 1865 86386       1000      807 0.050553
 1866 83670       1000      805 0.050548
 1867 84833       1000      803 0.050547
 1868 77564       1000      787 0.050539
 1869 88738       1000      800 0.050538
 1870 74258       1000      792 0.050534
 1871 86365       1000      805 0.050531
 1872 77633       1000      818 0.050530
 1873 74670       1000      816 0.050530
 1874 72496       1000      798 0.050525
 1875 66207       1000      795 0.050525
 1876 81703       1000      796 0.050518
 1877 74783       1000      812 0.050511
 1878 75888       1000      803 0.050511
 1879 83569       1000      730 0.050510
 1880 72868       1000      796 0.050509
 1881 70562       1000      802 0.050505
 1882 69379       1000      800 0.050503
 1883 87393       1000      817 0.050503
 1884 75870       1000      798 0.050502
 1885 68696       1000      737 0.050499
 1886 69528       1000      783 0.050498
 1887 77137       1000      735 0.050498
 1888 70042       1000      804 0.050497
 1889 81340       1000      824 0.050495
 1890 88963       1000      800 0.050491
 1891 83357       1000      801 0.050491
 1892 80901       1000      819 0.050486
 1893 77138       1000      786 0.050485
 1894 73433       1000      787 0.050484
 1895 68294       1000      833 0.050482
 1896 71136       1000      806 0.050481
 1897 87478       1000      808 0.050480
 1898 80910       1000      795 0.050477
 1899 82459       1000      734 0.050477
 1900 86566       1000      809 0.050473
 1901 66451       1000      806 0.050473
 1902 71202       1000      808 0.050468
 1903 81019       1000      807 0.050466
 1904 73473       1000      802 0.050465
 1905 68069       1000      813 0.050460
 1906 75525       1000      803 0.050457
 1907 78581       1000      798 0.050457
 1908 68861       1000      781 0.050457
 1909 71577       1000      794 0.050451
 1910 78685       1000      800 0.050448
 1911 78521       1000      825 0.050444
 1912 83080       1000      789 0.050439
 1913 88397       1000      786 0.050431
 1914 76173       1000      801 0.050429
 1915 76264       1000      801 0.050428
 1916 77365       1000      796 0.050428
 1917 84442       1000      801 0.050427
 1918 75968       1000      811 0.050426
 1919 69353       1000      811 0.050425
 1920 69002       1000      802 0.050423
 1921 72705       1000      801 0.050420
 1922 73610       1000      798 0.050418
 1923 67329       1000      729 0.050416
 1924 88859       1000      809 0.050416
 1925 77991       1000      802 0.050414
 1926 74660       1000      794 0.050414
 1927 72759       1000      708 0.050412
 1928 73678       1000      813 0.050412
 1929 72433       1000      805 0.050411
 1930 84690       1000      793 0.050408
 1931 75316       1000      802 0.050407
 1932 85097       1000      787 0.050404
 1933 79142       1000      823 0.050396
 1934 80749       1000      804 0.050393
 1935 69484       1000      782 0.050388
 1936 82343       1000      823 0.050386
 1937 74424       1000      792 0.050384
 1938 89037       1000      821 0.050383
 1939 79199       1000      727 0.050379
 1940 66900       1000      808 0.050375
 1941 87326       1000      781 0.050375
 1942 76916       1000      812 0.050367
 1943 80757       1000      802 0.050365
 1944 87716       1000      782 0.050357
 1945 73571       1000      811 0.050356
 1946 84614       1000      814 0.050353
 1947 66876       1000      792 0.050352
 1948 86168       1000      783 0.050351
 1949 84452       1000      803 0.050351
 1950 67472       1000      799 0.050348
 1951 78824       1000      813 0.050347
 1952 74353       1000      815 0.050347
 1953 68022       1000      785 0.050344
 1954 71333       1000      790 0.050339
 1955 74842       1000      807 0.050337
 1956 71832       1000      802 0.050337
 1957 77402       1000      773 0.050336
 1958 84893       1000      792 0.050334
 1959 84679       1000      815 0.050332
 1960 70933       1000      812 0.050331
 1961 82992       1000      734 0.050328
 1962 72011       1000      795 0.050326
 1963 73100       1000      720 0.050326
 1964 72639       1000      721 0.050326
 1965 67763       1000      804 0.050324
 1966 69075       1000      809 0.050319
 1967 81792       1000      811 0.050316
 1968 74167       1000      784 0.050312
 1969 72765       1000      794 0.050311
 1970 77639       1000      811 0.050311
 1971 74259       1000      787 0.050311
 1972 87411       1000      807 0.050302
 1973 80256       1000      712 0.050302
 1974 67545       1000      779 0.050299
 1975 69568       1000      800 0.050299
 1976 83351       1000      728 0.050298
 1977 74041       1000      812 0.050296
 1978 69883       1000      698 0.050290
 1979 71244       1000      806 0.050290
 1980 87213       1000      807 0.050289
 1981 88623       1000      802 0.050287
 1982 79844       1000      727 0.050286
 1983 88834       1000      811 0.050285
 1984 83216       1000      791 0.050285
 1985 88946       1000      813 0.050284
 1986 86474       1000      809 0.050278
 1987 88862       1000      800 0.050276
 1988 69087       1000      788 0.050275
 1989 84481       1000      827 0.050275
 1990 81535       1000      800 0.050274
 1991 81978       1000      809 0.050268
 1992 75881       1000      715 0.050266
 1993 81320       1000      799 0.050259
 1994 71490       1000      799 0.050258
 1995 86667       1000      794 0.050254
 1996 87848       1000      793 0.050252
 1997 85654       1000      784 0.050252
 1998 79795       1000      805 0.050250
 1999 72230       1000      732 0.050232
 2000 74808       1000      796 0.050227
 2001 81489       1000      809 0.050227
 2002 67576       1000      792 0.050224
 2003 87866       1000      764 0.050224
 2004 86146       1000      797 0.050215
 2005 87097       1000      787 0.050210
 2006 84727       1000      804 0.050209
 2007 67153       1000      797 0.050205
 2008 89255       1000      699 0.050205
 2009 87239       1000      800 0.050202
 2010 75248       1000      769 0.050195
 2011 74514       1000      803 0.050192
 2012 78489       1000      808 0.050190
 2013 74786       1000      794 0.050182
 2014 84564       1000      795 0.050180
 2015 66283       1000      788 0.050180
 2016 76183       1000      801 0.050176
 2017 70426       1000      797 0.050173
 2018 66427       1000      805 0.050172
 2019 69231       1000      801 0.050171
 2020 74656       1000      711 0.050169
 2021 73738       1000      802 0.050164
 2022 77907       1000      792 0.050164
 2023 79799       1000      791 0.050163
 2024 84270       1000      780 0.050161
 2025 77835       1000      800 0.050158
 2026 83323       1000      796 0.050157
 2027 72708       1000      777 0.050141
 2028 66126       1000      812 0.050136
 2029 82216       1000      813 0.050135
 2030 80166       1000      786 0.050135
 2031 78334       1000      800 0.050133
 2032 78739       1000      808 0.050131
 2033 76216       1000      797 0.050128
 2034 66527       1000      803 0.050127
 2035 85166       1000      714 0.050124
 2036 66537       1000      800 0.050124
 2037 75561       1000      801 0.050122
 2038 78345       1000      737 0.050121
 2039 66385       1000      806 0.050121
 2040 72059       1000      810 0.050115
 2041 78855       1000      808 0.050115
 2042 85193       1000      792 0.050115
 2043 69356       1000      723 0.050113
 2044 83217       1000      799 0.050110
 2045 66639       1000      807 0.050108
 2046 86849       1000      782 0.050108
 2047 65815       1000      802 0.050108
 2048 80174       1000      813 0.050104
 2049 74376       1000      818 0.050103
 2050 88727       1000      799 0.050097
 2051 83810       1000      793 0.050096
 2052 67997       1000      800 0.050094
 2053 81887       1000      823 0.050093
 2054 84652       1000      802 0.050090
 2055 68440       1000      822 0.050090
 2056 72352       1000      810 0.050089
 2057 80417       1000      791 0.050088
 2058 86818       1000      794 0.050088
 2059 71083       1000      730 0.050086
 2060 81964       1000      803 0.050086
 2061 89241       1000      812 0.050076
 2062 67241       1000      819 0.050074
 2063 71489       1000      789 0.050070
 2064 72171       1000      800 0.050068
 2065 77775       1000      800 0.050063
 2066 86348       1000      731 0.050062
 2067 71099       1000      801 0.050058
 2068 67756       1000      804 0.050055
 2069 85876       1000      795 0.050045
 2070 68543       1000      797 0.050037
 2071 81603       1000      804 0.050035
 2072 72249       1000      745 0.050032
 2073 80552       1000      801 0.050031
 2074 70868       1000      794 0.050031
 2075 83491       1000      788 0.050028
 2076 81697       1000      806 0.050025
 2077 79767       1000      789 0.050024
 2078 70072       1000      804 0.050022
 2079 67066       1000      809 0.050015
 2080 73497       1000      773 0.050010
 2081 74545       1000      800 0.050001
 2082 67444       1000      791 0.050000
 2083 67303       1000      717 0.049999
 2084 68331       1000      813 0.049998
 2085 84721       1000      808 0.049998
 2086 78591       1000      717 0.049994
 2087 71956       1000      824 0.049991
 2088 86898       1000      815 0.049986
 2089 68366       1000      783 0.049980
 2090 87724       1000      794 0.049978
 2091 74647       1000      729 0.049977
 2092 83013       1000      793 0.049974
 2093 82318       1000      739 0.049974
 2094 67149       1000      785 0.049969
 2095 88168       1000      694 0.049961
 2096 80524       1000      718 0.049957
 2097 73885       1000      803 0.049956
 2098 72234       1000      773 0.049953
 2099 71120       1000      799 0.049953
 2100 77906       1000      784 0.049942
 2101 69362       1000      790 0.049938
 2102 66297       1000      807 0.049937
 2103 86070       1000      779 0.049935
 2104 88406       1000      785 0.049931
 2105 83422       1000      812 0.049928
 2106 75411       1000      813 0.049928
 2107 67253       1000      815 0.049924
 2108 69155       1000      798 0.049919
 2109 89220       1000      795 0.049918
 2110 73704       1000      807 0.049918
 2111 78758       1000      791 0.049909
 2112 70101       1000      812 0.049909
 2113 70099       1000      812 0.049908
 2114 85142       1000      796 0.049907
 2115 74975       1000      754 0.049906
 2116 81424       1000      807 0.049906
 2117 76438       1000      794 0.049906
 2118 82578       1000      804 0.049904
 2119 71491       1000      797 0.049903
 2120 80719       1000      794 0.049903
 2121 87960       1000      805 0.049897
 2122 88639       1000      814 0.049894
 2123 67286       1000      790 0.049892
 2124 67192       1000      701 0.049892
 2125 72855       1000      802 0.049890
 2126 76450       1000      728 0.049890
 2127 73915       1000      801 0.049889
 2128 77576       1000      809 0.049888
 2129 86314       1000      806 0.049883
 2130 73747       1000      785 0.049879
 2131 83968       1000      782 0.049877
 2132 78079       1000      804 0.049871
 2133 66562       1000      829 0.049870
 2134 78459       1000      776 0.049868
 2135 79726       1000      803 0.049867
 2136 76818       1000      808 0.049864
 2137 68002       1000      789 0.049859
 2138 76679       1000      717 0.049857
 2139 87182       1000      806 0.049857
 2140 67559       1000      806 0.049856
 2141 73042       1000      775 0.049856
 2142 67077       1000      792 0.049855
 2143 85071       1000      813 0.049849
 2144 74885       1000      790 0.049849
 2145 66323       1000      777 0.049845
 2146 67431       1000      712 0.049843
 2147 78607       1000      797 0.049839
 2148 84474       1000      806 0.049838
 2149 88493       1000      800 0.049838
 2150 71795       1000      795 0.049836
 2151 69084       1000      800 0.049834
 2152 88013       1000      825 0.049834
 2153 83237       1000      802 0.049833
 2154 69636       1000      790 0.049831
 2155 67847       1000      813 0.049829
 2156 85301       1000      781 0.049827
 2157 78734       1000      800 0.049825
 2158 67279       1000      794 0.049825
 2159 67215       1000      814 0.049823
 2160 67739       1000      814 0.049820
 2161 66909       1000      802 0.049818
 2162 72952       1000      771 0.049812
 2163 69542       1000      813 0.049805
 2164 78249       1000      789 0.049803
 2165 71226       1000      798 0.049800
 2166 72915       1000      701 0.049798
 2167 82712       1000      717 0.049796
 2168 80033       1000      794 0.049790
 2169 78568       1000      799 0.049789
 2170 88032       1000      792 0.049785
 2171 88853       1000      800 0.049781
 2172 79951       1000      807 0.049777
 2173 78313       1000      806 0.049777
 2174 81339       1000      818 0.049775
 2175 75987       1000      781 0.049768
 2176 82133       1000      818 0.049766
 2177 76521       1000      708 0.049758
 2178 80335       1000      801 0.049757
 2179 72634       1000      795 0.049756
 2180 81475       1000      818 0.049749
 2181 75240       1000      795 0.049748
 2182 75408       1000      806 0.049747
 2183 83283       1000      800 0.049747
 2184 67563       1000      720 0.049742
 2185 74652       1000      748 0.049739
 2186 87033       1000      802 0.049731
 2187 70006       1000      804 0.049726
 2188 69176       1000      779 0.049725
 2189 72320       1000      828 0.049718
 2190 85223       1000      802 0.049713
 2191 78535       1000      791 0.049709
 2192 79822       1000      798 0.049708
 2193 87580       1000      816 0.049705
 2194 68705       1000      768 0.049703
 2195 77903       1000      795 0.049703
 2196 88882       1000      835 0.049702
 2197 74569       1000      728 0.049701
 2198 75649       1000      795 0.049701
 2199 78162       1000      722 0.049700
 2200 78961       1000      821 0.049700
 2201 81619       1000      795 0.049698
 2202 87413       1000      813 0.049697
 2203 74124       1000      821 0.049696
 2204 67036       1000      784 0.049690
 2205 75048       1000      809 0.049687
 2206 70004       1000      805 0.049686
 2207 70031       1000      777 0.049683
 2208 87801       1000      825 0.049681
 2209 83076       1000      800 0.049680
 2210 79772       1000      790 0.049679
 2211 73405       1000      809 0.049678
 2212 80846       1000      800 0.049677
 2213 67270       1000      807 0.049671
 2214 66342       1000      719 0.049670
 2215 82108       1000      800 0.049665
 2216 73435       1000      790 0.049665
 2217 70412       1000      812 0.049664
 2218 80703       1000      812 0.049664
 2219 79612       1000      816 0.049662
 2220 88519       1000      806 0.049661
 2221 86694       1000      788 0.049659
 2222 76961       1000      812 0.049658
 2223 73243       1000      803 0.049658
 2224 85273       1000      811 0.049654
 2225 67488       1000      813 0.049653
 2226 82079       1000      788 0.049653
 2227 82683       1000      816 0.049652
 2228 83074       1000      797 0.049649
 2229 86999       1000      805 0.049647
 2230 72280       1000      788 0.049646
 2231 84718       1000      813 0.049643
 2232 87067       1000      792 0.049639
 2233 75742       1000      789 0.049638
 2234 76232       1000      792 0.049638
 2235 79594       1000      781 0.049637
 2236 81240       1000      784 0.049630
 2237 67363       1000      783 0.049628
 2238 85425       1000      779 0.049627
 2239 69208       1000      809 0.049624
 2240 85873       1000      826 0.049622
 2241 78502       1000      738 0.049619
 2242 75947       1000      777 0.049618
 2243 79373       1000      815 0.049616
 2244 88590       1000      789 0.049616
 2245 78737       1000      797 0.049611
 2246 70821       1000      784 0.049611
 2247 71461       1000      807 0.049607
 2248 83446       1000      812 0.049606
 2249 75155       1000      796 0.049605
 2250 73874       1000      784 0.049603
 2251 72585       1000      791 0.049602
 2252 82284       1000      800 0.049591
 2253 78680       1000      740 0.049590
 2254 79476       1000      765 0.049588
 2255 86899       1000      782 0.049587
 2256 71465       1000      800 0.049585
 2257 68959       1000      804 0.049585
 2258 74651       1000      794 0.049577
 2259 69771       1000      804 0.049571
 2260 69325       1000      798 0.049569
 2261 87826       1000      819 0.049562
 2262 69922       1000      815 0.049562
 2263 83075       1000      709 0.049558
 2264 74806       1000      807 0.049556
 2265 72164       1000      786 0.049555
 2266 79140       1000      792 0.049553
 2267 80747       1000      797 0.049552
 2268 66105       1000      791 0.049551
 2269 85570       1000      787 0.049548
 2270 82331       1000      805 0.049546
 2271 88449       1000      807 0.049542
 2272 78188       1000      790 0.049541
 2273 82170       1000      792 0.049540
 2274 71414       1000      812 0.049539
 2275 85237       1000      789 0.049538
 2276 69096       1000      826 0.049535
 2277 79702       1000      813 0.049535
 2278 85183       1000      720 0.049532
 2279 87680       1000      796 0.049531
 2280 84346       1000      780 0.049527
 2281 68010       1000      799 0.049527
 2282 79686       1000      809 0.049525
 2283 66588       1000      704 0.049525
 2284 86505       1000      791 0.049521
 2285 71065       1000      807 0.049517
 2286 72557       1000      777 0.049515
 2287 81039       1000      803 0.049507
 2288 74739       1000      735 0.049506
 2289 88479       1000      800 0.049501
 2290 77721       1000      797 0.049499
 2291 69046       1000      801 0.049495
 2292 68513       1000      788 0.049495
 2293 68164       1000      796 0.049489
 2294 75930       1000      804 0.049485
 2295 85141       1000      810 0.049484
 2296 70556       1000      793 0.049481
 2297 89189       1000      795 0.049478
 2298 68763       1000      734 0.049478
 2299 87727       1000      797 0.049475
 2300 80452       1000      804 0.049471
 2301 69531       1000      791 0.049469
 2302 80700       1000      811 0.049468
 2303 69206       1000      783 0.049468
 2304 72556       1000      810 0.049465
 2305 70354       1000      803 0.049463
 2306 82308       1000      809 0.049460
 2307 72385       1000      798 0.049458
 2308 78757       1000      795 0.049458
 2309 83176       1000      799 0.049458
 2310 70083       1000      794 0.049457
 2311 77429       1000      818 0.049456
 2312 86961       1000      766 0.049455
 2313 89039       1000      787 0.049447
 2314 71158       1000      807 0.049439
 2315 73967       1000      804 0.049436
 2316 74990       1000      797 0.049434
 2317 82484       1000      733 0.049431
 2318 80357       1000      792 0.049431
 2319 77508       1000      816 0.049430
 2320 71858       1000      804 0.049430
 2321 75395       1000      794 0.049419
 2322 79878       1000      803 0.049418
 2323 72746       1000      813 0.049418
 2324 70997       1000      799 0.049415
 2325 71585       1000      813 0.049413
 2326 86193       1000      795 0.049410
 2327 80459       1000      787 0.049408
 2328 66601       1000      780 0.049406
 2329 80529       1000      796 0.049401
 2330 84691       1000      788 0.049398
 2331 77225       1000      813 0.049397
 2332 85726       1000      791 0.049396
 2333 76214       1000      811 0.049395
 2334 65904       1000      808 0.049390
 2335 69728       1000      805 0.049389
 2336 73030       1000      778 0.049388
 2337 88011       1000      812 0.049387
 2338 66422       1000      796 0.049374
 2339 79793       1000      806 0.049369
 2340 77039       1000      771 0.049357
 2341 72312       1000      792 0.049357
 2342 86825       1000      808 0.049355
 2343 78943       1000      819 0.049352
 2344 87441       1000      801 0.049348
 2345 65859       1000      810 0.049344
 2346 86583       1000      796 0.049338
 2347 76773       1000      787 0.049336
 2348 88276       1000      799 0.049335
 2349 81732       1000      794 0.049330
 2350 77568       1000      798 0.049327
 2351 66514       1000      803 0.049327
 2352 71388       1000      810 0.049322
 2353 82131       1000      785 0.049320
 2354 72553       1000      783 0.049312
 2355 87921       1000      797 0.049311
 2356 88504       1000      804 0.049311
 2357 75416       1000      794 0.049308
 2358 80001       1000      815 0.049307
 2359 70599       1000      792 0.049305
 2360 89284       1000      804 0.049297
 2361 65903       1000      776 0.049296
 2362 73241       1000      789 0.049295
 2363 66143       1000      812 0.049292
 2364 74493       1000      791 0.049292
 2365 70066       1000      800 0.049289
 2366 81849       1000      800 0.049287
 2367 73070       1000      808 0.049286
 2368 77459       1000      695 0.049281
 2369 86085       1000      796 0.049280
 2370 71060       1000      804 0.049275
 2371 74116       1000      815 0.049275
 2372 82739       1000      753 0.049273
 2373 73047       1000      806 0.049272
 2374 83595       1000      816 0.049269
 2375 70678       1000      806 0.049266
 2376 72683       1000      800 0.049264
 2377 74317       1000      804 0.049264
 2378 72226       1000      792 0.049263
 2379 79654       1000      777 0.049260
 2380 77064       1000      803 0.049260
 2381 74605       1000      797 0.049256
 2382 88705       1000      745 0.049250
 2383 80816       1000      789 0.049249
 2384 70122       1000      800 0.049243
 2385 69672       1000      796 0.049242
 2386 81383       1000      808 0.049241
 2387 84538       1000      820 0.049241
 2388 86406       1000      798 0.049239
 2389 73527       1000      800 0.049237
 2390 78238       1000      812 0.049232
 2391 74754       1000      825 0.049231
 2392 73256       1000      796 0.049227
 2393 87092       1000      786 0.049226
 2394 68013       1000      806 0.049221
 2395 88704       1000      777 0.049215
 2396 76162       1000      809 0.049215
 2397 74466       1000      814 0.049212
 2398 77444       1000      819 0.049207
 2399 77175       1000      806 0.049207
 2400 70779       1000      805 0.049206
 2401 79062       1000      778 0.049204
 2402 78050       1000      796 0.049198
 2403 87710       1000      809 0.049196
 2404 76080       1000      807 0.049195
 2405 66240       1000      702 0.049194
 2406 67436       1000      797 0.049191
 2407 78740       1000      778 0.049191
 2408 88881       1000      795 0.049189
 2409 71812       1000      727 0.049187
 2410 80109       1000      809 0.049184
 2411 80510       1000      794 0.049180
 2412 82613       1000      813 0.049180
 2413 82257       1000      798 0.049178
 2414 87424       1000      793 0.049174
 2415 84006       1000      711 0.049173
 2416 67537       1000      801 0.049172
 2417 73614       1000      782 0.049171
 2418 67131       1000      813 0.049169
 2419 70408       1000      774 0.049169
 2420 72513       1000      698 0.049169
 2421 73841       1000      825 0.049168
 2422 81895       1000      797 0.049166
 2423 74880       1000      795 0.049165
 2424 69367       1000      803 0.049159
 2425 80678       1000      794 0.049158
 2426 87026       1000      797 0.049158
 2427 82056       1000      794 0.049155
 2428 80945       1000      711 0.049153
 2429 82300       1000      817 0.049149
 2430 71810       1000      806 0.049147
 2431 69594       1000      809 0.049145
 2432 87559       1000      785 0.049142
 2433 70364       1000      808 0.049141
 2434 80658       1000      782 0.049139
 2435 80898       1000      730 0.049136
 2436 79195       1000      809 0.049134
 2437 78753       1000      799 0.049128
 2438 85221       1000      807 0.049127
 2439 75325       1000      719 0.049123
 2440 82224       1000      803 0.049121
 2441 76006       1000      814 0.049118
 2442 74468       1000      829 0.049116
 2443 86799       1000      746 0.049115
 2444 72790       1000      798 0.049115
 2445 73027       1000      715 0.049113
 2446 68963       1000      793 0.049111
 2447 89081       1000      777 0.049109
 2448 66164       1000      786 0.049107
 2449 88307       1000      809 0.049104
 2450 75243       1000      811 0.049103
 2451 68058       1000      798 0.049101
 2452 71262       1000      809 0.049100
 2453 89366       1000      778 0.049097
 2454 89128       1000      815 0.049092
 2455 84971       1000      789 0.049091
 2456 88229       1000      789 0.049086
 2457 89317       1000      809 0.049084
 2458 88735       1000      793 0.049084
 2459 74974       1000      807 0.049082
 2460 82912       1000      796 0.049082
 2461 85770       1000      786 0.049082
 2462 86959       1000      799 0.049076
 2463 86221       1000      788 0.049073
 2464 66438       1000      795 0.049072
 2465 79304       1000      800 0.049071
 2466 84019       1000      719 0.049070
 2467 71691       1000      782 0.049070
 2468 88553       1000      800 0.049070
 2469 86209       1000      817 0.049068
 2470 75347       1000      802 0.049068
 2471 74404       1000      796 0.049066
 2472 71716       1000      810 0.049059
 2473 83892       1000      816 0.049056
 2474 75786       1000      801 0.049056
 2475 80227       1000      798 0.049054
 2476 72844       1000      776 0.049053
 2477 71271       1000      794 0.049052
 2478 66752       1000      710 0.049046
 2479 72582       1000      808 0.049046
 2480 81758       1000      792 0.049046
 2481 69753       1000      806 0.049045
 2482 80208       1000      784 0.049043
 2483 65993       1000      795 0.049035
 2484 73008       1000      817 0.049034
 2485 88804       1000      783 0.049034
 2486 80743       1000      813 0.049032
 2487 77883       1000      795 0.049030
 2488 69440       1000      815 0.049028
 2489 80371       1000      796 0.049025
 2490 83352       1000      801 0.049025
 2491 88253       1000      817 0.049023
 2492 87442       1000      829 0.049022
 2493 75062       1000      803 0.049020
 2494 72707       1000      799 0.049017
 2495 77922       1000      800 0.049016
 2496 84318       1000      786 0.049015
 2497 81159       1000      806 0.049013
 2498 84057       1000      797 0.049008
 2499 65937       1000      795 0.049007
 2500 68906       1000      802 0.049004
 2501 84769       1000      819 0.048999
 2502 82513       1000      810 0.048987
 2503 83523       1000      709 0.048985
 2504 70799       1000      738 0.048984
 2505 87926       1000      816 0.048981
 2506 77646       1000      800 0.048981
 2507 72197       1000      829 0.048981
 2508 77333       1000      797 0.048977
 2509 82974       1000      809 0.048976
 2510 67550       1000      809 0.048974
 2511 66887       1000      821 0.048974
 2512 84424       1000      715 0.048970
 2513 77997       1000      784 0.048966
 2514 75956       1000      801 0.048964
 2515 67464       1000      818 0.048960
 2516 81202       1000      793 0.048958
 2517 88852       1000      787 0.048958
 2518 85416       1000      800 0.048957
 2519 88506       1000      791 0.048954
 2520 67143       1000      790 0.048951
 2521 80802       1000      722 0.048951
 2522 79632       1000      803 0.048944
 2523 74142       1000      797 0.048943
 2524 86706       1000      710 0.048941
 2525 80508       1000      815 0.048940
 2526 85047       1000      795 0.048933
 2527 87308       1000      790 0.048933
 2528 72514       1000      739 0.048930
 2529 68586       1000      796 0.048911
 2530 83321       1000      805 0.048911
 2531 79159       1000      790 0.048903
 2532 66084       1000      781 0.048900
 2533 84293       1000      710 0.048897
 2534 79872       1000      792 0.048894
 2535 66668       1000      795 0.048891
 2536 81652       1000      799 0.048889
 2537 66992       1000      803 0.048887
 2538 70023       1000      800 0.048882
 2539 79281       1000      806 0.048879
 2540 79404       1000      784 0.048879
 2541 88290       1000      797 0.048876
 2542 69436       1000      806 0.048876
 2543 77654       1000      807 0.048874
 2544 67672       1000      780 0.048873
 2545 88312       1000      811 0.048872
 2546 79035       1000      788 0.048871
 2547 77189       1000      732 0.048871
 2548 83291       1000      794 0.048866
 2549 65975       1000      788 0.048865
 2550 72343       1000      802 0.048863
 2551 79816       1000      785 0.048862
 2552 86937       1000      802 0.048862
 2553 66215       1000      813 0.048860
 2554 72959       1000      793 0.048860
 2555 84744       1000      792 0.048859
 2556 85466       1000      806 0.048855
 2557 81571       1000      790 0.048852
 2558 85604       1000      818 0.048847
 2559 76187       1000      797 0.048846
 2560 85926       1000      809 0.048843
 2561 81717       1000      793 0.048841
 2562 86080       1000      789 0.048838
 2563 83672       1000      805 0.048837
 2564 81671       1000      811 0.048837
 2565 82150       1000      789 0.048833
 2566 81643       1000      809 0.048833
 2567 75455       1000      806 0.048831
 2568 84187       1000      794 0.048828
 2569 79241       1000      691 0.048822
 2570 84341       1000      810 0.048821
 2571 80553       1000      792 0.048818
 2572 87932       1000      800 0.048816
 2573 67439       1000      807 0.048814
 2574 67827       1000      802 0.048813
 2575 69337       1000      703 0.048811
 2576 73480       1000      800 0.048809
 2577 78362       1000      779 0.048807
 2578 84036       1000      785 0.048805
 2579 76269       1000      793 0.048804
 2580 70550       1000      747 0.048801
 2581 74519       1000      804 0.048794
 2582 82640       1000      808 0.048794
 2583 85555       1000      789 0.048792
 2584 84814       1000      798 0.048787
 2585 70061       1000      797 0.048779
 2586 83965       1000      804 0.048778
 2587 71128       1000      725 0.048776
 2588 69668       1000      801 0.048776
 2589 82736       1000      716 0.048775
 2590 78819       1000      777 0.048773
 2591 81875       1000      784 0.048773
 2592 78061       1000      796 0.048770
 2593 75493       1000      795 0.048768
 2594 84422       1000      802 0.048762
 2595 66473       1000      800 0.048754
 2596 70208       1000      799 0.048753
 2597 75740       1000      801 0.048753
 2598 66580       1000      805 0.048752
 2599 85137       1000      811 0.048751
 2600 83188       1000      811 0.048751
 2601 70032       1000      803 0.048748
 2602 85941       1000      781 0.048745
 2603 72246       1000      790 0.048739
 2604 70589       1000      802 0.048733
 2605 79149       1000      798 0.048732
 2606 67768       1000      806 0.048732
 2607 81639       1000      803 0.048729
 2608 82002       1000      785 0.048727
 2609 80154       1000      795 0.048725
 2610 73749       1000      791 0.048724
 2611 71717       1000      812 0.048721
 2612 66593       1000      783 0.048716
 2613 65909       1000      812 0.048712
 2614 80497       1000      734 0.048711
 2615 81605       1000      778 0.048707
 2616 82522       1000      831 0.048703
 2617 80545       1000      798 0.048700
 2618 85187       1000      800 0.048700
 2619 77640       1000      715 0.048699
 2620 87028       1000      805 0.048698
 2621 69266       1000      725 0.048698
 2622 73040       1000      799 0.048697
 2623 85289       1000      810 0.048696
 2624 77521       1000      782 0.048696
 2625 81630       1000      802 0.048696
 2626 87877       1000      795 0.048694
 2627 79262       1000      805 0.048688
 2628 85431       1000      805 0.048687
 2629 69622       1000      807 0.048681
 2630 79629       1000      754 0.048680
 2631 82780       1000      778 0.048673
 2632 87497       1000      804 0.048672
 2633 75950       1000      806 0.048671
 2634 65936       1000      803 0.048665
 2635 71693       1000      805 0.048658
 2636 81036       1000      818 0.048657
 2637 72267       1000      801 0.048654
 2638 82606       1000      810 0.048654
 2639 68732       1000      814 0.048650
 2640 79253       1000      787 0.048650
 2641 78039       1000      738 0.048644
 2642 79516       1000      798 0.048644
 2643 72349       1000      816 0.048641
 2644 80734       1000      801 0.048638
 2645 88807       1000      799 0.048636
 2646 81432       1000      815 0.048626
 2647 67277       1000      796 0.048623
 2648 78364       1000      799 0.048623
 2649 75134       1000      710 0.048623
 2650 79746       1000      814 0.048621
 2651 85858       1000      780 0.048621
 2652 85473       1000      788 0.048620
 2653 80107       1000      804 0.048620
 2654 88775       1000      792 0.048616
 2655 77247       1000      781 0.048613
 2656 69260       1000      795 0.048613
 2657 72317       1000      797 0.048611
 2658 72802       1000      790 0.048609
 2659 85294       1000      814 0.048609
 2660 86533       1000      825 0.048608
 2661 84196       1000      791 0.048607
 2662 84088       1000      773 0.048606
 2663 87056       1000      788 0.048606
 2664 75723       1000      807 0.048605
 2665 68642       1000      808 0.048605
 2666 72505       1000      800 0.048604
 2667 78195       1000      783 0.048604
 2668 68723       1000      780 0.048599
 2669 77058       1000      795 0.048599
 2670 68590       1000      805 0.048599
 2671 85248       1000      807 0.048597
 2672 81283       1000      790 0.048597
 2673 74562       1000      779 0.048589
 2674 77374       1000      803 0.048587
 2675 74822       1000      809 0.048584
 2676 74993       1000      808 0.048578
 2677 80089       1000      800 0.048577
 2678 70180       1000      734 0.048576
 2679 82405       1000      720 0.048575
 2680 74369       1000      694 0.048575
 2681 83928       1000      798 0.048573
 2682 75083       1000      783 0.048569
 2683 72491       1000      714 0.048567
 2684 67362       1000      800 0.048567
 2685 83501       1000      791 0.048565
 2686 89194       1000      805 0.048563
 2687 87503       1000      811 0.048562
 2688 75763       1000      822 0.048561
 2689 86154       1000      802 0.048560
 2690 77480       1000      824 0.048559
 2691 66779       1000      800 0.048558
 2692 69091       1000      789 0.048558
 2693 79635       1000      820 0.048556
 2694 88223       1000      807 0.048555
 2695 83979       1000      809 0.048554
 2696 75758       1000      795 0.048550
 2697 71596       1000      797 0.048549
 2698 82874       1000      795 0.048546
 2699 70609       1000      812 0.048545
 2700 86523       1000      810 0.048544
 2701 79483       1000      783 0.048542
 2702 66358       1000      717 0.048541
 2703 83125       1000      718 0.048540
 2704 67793       1000      790 0.048537
 2705 79645       1000      810 0.048530
 2706 74055       1000      803 0.048529
 2707 86107       1000      811 0.048523
 2708 73648       1000      799 0.048521
 2709 89252       1000      805 0.048518
 2710 88876       1000      790 0.048516
 2711 66108       1000      799 0.048514
 2712 87636       1000      822 0.048512
 2713 69414       1000      717 0.048509
 2714 75892       1000      730 0.048507
 2715 70916       1000      798 0.048507
 2716 74855       1000      784 0.048502
 2717 75743       1000      811 0.048501
 2718 78590       1000      718 0.048500
 2719 81055       1000      711 0.048500
 2720 81366       1000      791 0.048498
 2721 76891       1000      781 0.048495
 2722 82691       1000      813 0.048493
 2723 82269       1000      809 0.048492
 2724 85219       1000      797 0.048491
 2725 80543       1000      803 0.048488
 2726 85777       1000      800 0.048487
 2727 77959       1000      772 0.048486
 2728 88576       1000      799 0.048485
 2729 70982       1000      816 0.048482
 2730 69196       1000      804 0.048481
 2731 66824       1000      714 0.048480
 2732 83970       1000      802 0.048479
 2733 67389       1000      781 0.048473
 2734 76504       1000      789 0.048469
 2735 78566       1000      800 0.048465
 2736 79100       1000      815 0.048463
 2737 82751       1000      799 0.048461
 2738 78180       1000      808 0.048458
 2739 86702       1000      806 0.048457
 2740 74181       1000      790 0.048455
 2741 83840       1000      737 0.048455
 2742 75762       1000      788 0.048449
 2743 83803       1000      796 0.048448
 2744 84243       1000      791 0.048448
 2745 74755       1000      793 0.048447
 2746 68267       1000      787 0.048443
 2747 82483       1000      795 0.048441
 2748 83564       1000      724 0.048435
 2749 81224       1000      803 0.048435
 2750 76986       1000      791 0.048435
 2751 86145       1000      804 0.048430
 2752 86530       1000      806 0.048429
 2753 87252       1000      794 0.048428
 2754 67631       1000      792 0.048422
 2755 71331       1000      793 0.048421
 2756 87477       1000      724 0.048418
 2757 82082       1000      792 0.048415
 2758 86417       1000      803 0.048409
 2759 82887       1000      785 0.048408
 2760 82173       1000      811 0.048407
 2761 86585       1000      728 0.048407
 2762 79634       1000      817 0.048405
 2763 70082       1000      806 0.048403
 2764 71983       1000      804 0.048399
 2765 79123       1000      803 0.048393
 2766 88647       1000      794 0.048390
 2767 80116       1000      798 0.048387
 2768 80438       1000      816 0.048387
 2769 69582       1000      785 0.048386
 2770 76796       1000      791 0.048378
 2771 77751       1000      785 0.048377
 2772 84255       1000      793 0.048376
 2773 70008       1000      786 0.048374
 2774 67783       1000      802 0.048372
 2775 72750       1000      803 0.048372
 2776 80234       1000      806 0.048370
 2777 78605       1000      767 0.048370
 2778 66471       1000      811 0.048369
 2779 66001       1000      815 0.048369
 2780 69308       1000      728 0.048367
 2781 89192       1000      716 0.048366
 2782 69462       1000      810 0.048362
 2783 89023       1000      815 0.048362
 2784 72124       1000      802 0.048359
 2785 85145       1000      717 0.048357
 2786 80803       1000      717 0.048353
 2787 75627       1000      795 0.048347
 2788 70549       1000      780 0.048341
 2789 67702       1000      719 0.048341
 2790 83576       1000      790 0.048341
 2791 84463       1000      795 0.048339
 2792 81557       1000      777 0.048337
 2793 69108       1000      735 0.048337
 2794 85875       1000      724 0.048336
 2795 87022       1000      822 0.048335
 2796 88062       1000      812 0.048335
 2797 87707       1000      791 0.048334
 2798 71704       1000      818 0.048330
 2799 80736       1000      815 0.048328
 2800 85784       1000      799 0.048328
 2801 70895       1000      831 0.048326
 2802 71629       1000      805 0.048326
 2803 71493       1000      795 0.048326
 2804 65880       1000      796 0.048325
 2805 69035       1000      817 0.048318
 2806 81700       1000      799 0.048317
 2807 68211       1000      724 0.048315
 2808 86926       1000      793 0.048313
 2809 66815       1000      806 0.048308
 2810 73455       1000      804 0.048307
 2811 81598       1000      796 0.048307
 2812 83481       1000      753 0.048305
 2813 85288       1000      812 0.048300
 2814 74781       1000      808 0.048298
 2815 72760       1000      806 0.048297
 2816 81971       1000      813 0.048294
 2817 80293       1000      751 0.048293
 2818 67779       1000      800 0.048290
 2819 71552       1000      787 0.048289
 2820 75941       1000      770 0.048288
 2821 87355       1000      796 0.048288
 2822 80722       1000      810 0.048286
 2823 78744       1000      783 0.048286
 2824 85478       1000      800 0.048283
 2825 73661       1000      800 0.048274
 2826 85510       1000      781 0.048271
 2827 68354       1000      815 0.048270
 2828 75669       1000      800 0.048268
 2829 86791       1000      798 0.048266
 2830 77391       1000      801 0.048264
 2831 78989       1000      786 0.048262
 2832 72144       1000      833 0.048260
 2833 75469       1000      728 0.048257
 2834 77380       1000      817 0.048256
 2835 87964       1000      779 0.048253
 2836 66380       1000      782 0.048249
 2837 68866       1000      792 0.048249
 2838 85010       1000      804 0.048248
 2839 82227       1000      769 0.048242
 2840 73321       1000      820 0.048240
 2841 69727       1000      780 0.048237
 2842 72410       1000      795 0.048232
 2843 65821       1000      807 0.048230
 2844 75697       1000      797 0.048230
 2845 89311       1000      817 0.048224
 2846 86660       1000      821 0.048223
 2847 66960       1000      814 0.048220
 2848 71649       1000      770 0.048219
 2849 66458       1000      737 0.048211
 2850 69596       1000      795 0.048209
 2851 86883       1000      788 0.048204
 2852 79052       1000      793 0.048204
 2853 77467       1000      797 0.048200
 2854 72196       1000      810 0.048199
 2855 70773       1000      720 0.048196
 2856 66033       1000      731 0.048193
 2857 80557       1000      808 0.048190
 2858 83318       1000      800 0.048190
 2859 87958       1000      728 0.048188
 2860 68355       1000      791 0.048181
 2861 77825       1000      737 0.048181
 2862 74421       1000      810 0.048178
 2863 69849       1000      777 0.048171
 2864 81139       1000      797 0.048170
 2865 73232       1000      795 0.048166
 2866 74604       1000      805 0.048164
 2867 86958       1000      801 0.048163
 2868 71070       1000      802 0.048158
 2869 67201       1000      807 0.048157
 2870 67104       1000      707 0.048156
 2871 73871       1000      809 0.048156
 2872 85455       1000      805 0.048156
 2873 67175       1000      819 0.048150
 2874 70522       1000      717 0.048148
 2875 82635       1000      806 0.048148
 2876 80972       1000      807 0.048142
 2877 82869       1000      795 0.048142
 2878 73894       1000      816 0.048141
 2879 78546       1000      802 0.048137
 2880 79240       1000      823 0.048136
 2881 82032       1000      805 0.048128
 2882 76068       1000      816 0.048125
 2883 86188       1000      811 0.048123
 2884 77707       1000      801 0.048122
 2885 77642       1000      724 0.048120
 2886 70819       1000      801 0.048119
 2887 69573       1000      730 0.048118
 2888 74472       1000      741 0.048118
 2889 78911       1000      801 0.048111
 2890 83195       1000      804 0.048110
 2891 81016       1000      790 0.048108
 2892 77863       1000      797 0.048106
 2893 83429       1000      787 0.048106
 2894 69678       1000      811 0.048105
 2895 82719       1000      778 0.048101
 2896 81392       1000      798 0.048100
 2897 87811       1000      796 0.048096
 2898 76211       1000      816 0.048094
 2899 70009       1000      778 0.048091
 2900 79935       1000      796 0.048078
 2901 83223       1000      799 0.048077
 2902 80454       1000      805 0.048075
 2903 69803       1000      807 0.048069
 2904 81548       1000      827 0.048066
 2905 76039       1000      789 0.048065
 2906 75377       1000      796 0.048064
 2907 69902       1000      795 0.048062
 2908 67894       1000      809 0.048058
 2909 73200       1000      810 0.048057
 2910 77020       1000      772 0.048057
 2911 67415       1000      796 0.048056
 2912 73766       1000      722 0.048053
 2913 73438       1000      797 0.048050
 2914 79172       1000      718 0.048049
 2915 87486       1000      808 0.048047
 2916 74872       1000      812 0.048045
 2917 74633       1000      800 0.048044
 2918 79023       1000      705 0.048043
 2919 75141       1000      807 0.048036
 2920 65923       1000      779 0.048025
 2921 66155       1000      799 0.048023
 2922 88677       1000      798 0.048020
 2923 80251       1000      813 0.048019
 2924 82120       1000      796 0.048017
 2925 81506       1000      793 0.048016
 2926 79045       1000      796 0.048014
 2927 86273       1000      788 0.048013
 2928 81631       1000      780 0.048009
 2929 87930       1000      803 0.048008
 2930 85272       1000      786 0.048007
 2931 83702       1000      795 0.048004
 2932 82870       1000      799 0.048004
 2933 84853       1000      808 0.048000
 2934 66088       1000      795 0.047997
 2935 75328       1000      804 0.047997
 2936 72567       1000      815 0.047996
 2937 66871       1000      788 0.047989
 2938 81955       1000      803 0.047986
 2939 74417       1000      801 0.047986
 2940 76252       1000      814 0.047985
 2941 89111       1000      799 0.047984
 2942 72264       1000      811 0.047984
 2943 82138       1000      810 0.047981
 2944 79534       1000      804 0.047980
 2945 74579       1000      811 0.047978
 2946 87284       1000      783 0.047978
 2947 72216       1000      818 0.047978
 2948 74122       1000      724 0.047972
 2949 70366       1000      795 0.047972
 2950 78157       1000      788 0.047971
 2951 86594       1000      819 0.047969
 2952 70470       1000      821 0.047968
 2953 72492       1000      799 0.047968
 2954 68903       1000      808 0.047964
 2955 82014       1000      713 0.047961
 2956 66125       1000      800 0.047961
 2957 67938       1000      796 0.047959
 2958 76017       1000      803 0.047958
 2959 72054       1000      809 0.047958
 2960 84508       1000      808 0.047957
 2961 72957       1000      810 0.047954
 2962 76316       1000      825 0.047951
 2963 86234       1000      716 0.047949
 2964 66135       1000      722 0.047947
 2965 72360       1000      792 0.047943
 2966 85818       1000      810 0.047941
 2967 71375       1000      709 0.047939
 2968 88473       1000      800 0.047938
 2969 77894       1000      761 0.047937
 2970 82722       1000      793 0.047936
 2971 88038       1000      794 0.047935
 2972 79048       1000      789 0.047932
 2973 71818       1000      790 0.047929
 2974 84022       1000      722 0.047928
 2975 76463       1000      807 0.047928
 2976 67309       1000      808 0.047925
 2977 85008       1000      801 0.047923
 2978 70274       1000      793 0.047922
 2979 89378       1000      803 0.047921
 2980 84211       1000      810 0.047920
 2981 73479       1000      783 0.047919
 2982 77128       1000      782 0.047918
 2983 86208       1000      822 0.047916
 2984 79984       1000      805 0.047915
 2985 67533       1000      794 0.047914
 2986 78473       1000      797 0.047910
 2987 69242       1000      811 0.047909
 2988 78667       1000      759 0.047909
 2989 69536       1000      822 0.047909
 2990 84856       1000      718 0.047905
 2991 78196       1000      796 0.047905
 2992 73338       1000      712 0.047903
 2993 76032       1000      787 0.047900
 2994 75210       1000      784 0.047900
 2995 81610       1000      803 0.047894
 2996 82413       1000      808 0.047893
 2997 70100       1000      794 0.047887
 2998 69656       1000      793 0.047886
 2999 84898       1000      806 0.047884
 3000 69136       1000      801 0.047880
 3001 75241       1000      779 0.047878
 3002 70143       1000      787 0.047877
 3003 81459       1000      784 0.047874
 3004 78882       1000      802 0.047874
 3005 84738       1000      798 0.047874
 3006 73822       1000      732 0.047873
 3007 79543       1000      808 0.047869
 3008 82827       1000      743 0.047868
 3009 85933       1000      770 0.047867
 3010 80506       1000      801 0.047864
 3011 82658       1000      819 0.047861
 3012 86090       1000      788 0.047860
 3013 68007       1000      788 0.047860
 3014 67593       1000      795 0.047854
 3015 74919       1000      804 0.047853
 3016 73684       1000      809 0.047850
 3017 73010       1000      789 0.047850
 3018 84070       1000      794 0.047848
 3019 78829       1000      720 0.047848
 3020 88911       1000      794 0.047845
 3021 72797       1000      792 0.047845
 3022 68609       1000      722 0.047842
 3023 82853       1000      733 0.047839
 3024 78375       1000      778 0.047838
 3025 88695       1000      794 0.047838
 3026 68988       1000      823 0.047832
 3027 83090       1000      792 0.047832
 3028 78251       1000      811 0.047830
 3029 82450       1000      791 0.047829
 3030 83041       1000      787 0.047828
 3031 66161       1000      809 0.047823
 3032 76474       1000      793 0.047821
 3033 78922       1000      819 0.047820
 3034 78376       1000      786 0.047816
 3035 84156       1000      784 0.047815
 3036 70375       1000      786 0.047814
 3037 76742       1000      800 0.047810
 3038 68364       1000      808 0.047809
 3039 69058       1000      801 0.047803
 3040 71864       1000      731 0.047800
 3041 66977       1000      819 0.047799
 3042 81948       1000      828 0.047795
 3043 88225       1000      806 0.047793
 3044 67167       1000      781 0.047789
 3045 80942       1000      805 0.047788
 3046 82682       1000      832 0.047787
 3047 69037       1000      811 0.047786
 3048 71842       1000      794 0.047786
 3049 71986       1000      791 0.047785
 3050 67473       1000      793 0.047784
 3051 88712       1000      803 0.047784
 3052 84375       1000      805 0.047783
 3053 85386       1000      801 0.047783
 3054 88224       1000      801 0.047782
 3055 78285       1000      802 0.047782
 3056 77724       1000      801 0.047781
 3057 75154       1000      820 0.047781
 3058 75297       1000      791 0.047780
 3059 74292       1000      800 0.047774
 3060 88210       1000      782 0.047773
 3061 71934       1000      737 0.047771
 3062 87986       1000      728 0.047771
 3063 72209       1000      816 0.047770
 3064 71111       1000      780 0.047769
 3065 71284       1000      784 0.047769
 3066 81277       1000      805 0.047762
 3067 70507       1000      814 0.047759
 3068 87013       1000      790 0.047750
 3069 81402       1000      798 0.047750
 3070 72905       1000      722 0.047748
 3071 84654       1000      801 0.047746
 3072 87130       1000      796 0.047734
 3073 87732       1000      790 0.047734
 3074 72849       1000      812 0.047733
 3075 73062       1000      812 0.047730
 3076 74553       1000      803 0.047727
 3077 75218       1000      796 0.047721
 3078 89324       1000      795 0.047718
 3079 84287       1000      787 0.047716
 3080 74310       1000      800 0.047713
 3081 82592       1000      797 0.047711
 3082 80306       1000      805 0.047710
 3083 66251       1000      777 0.047710
 3084 88442       1000      810 0.047710
 3085 86235       1000      806 0.047710
 3086 80031       1000      735 0.047709
 3087 82072       1000      796 0.047708
 3088 85339       1000      814 0.047708
 3089 73085       1000      791 0.047707
 3090 77433       1000      798 0.047706
 3091 86486       1000      814 0.047704
 3092 77575       1000      813 0.047702
 3093 69463       1000      783 0.047702
 3094 77788       1000      820 0.047701
 3095 78340       1000      784 0.047697
 3096 67850       1000      800 0.047696
 3097 76640       1000      800 0.047695
 3098 75053       1000      805 0.047693
 3099 73886       1000      802 0.047691
 3100 71581       1000      705 0.047691
 3101 86407       1000      811 0.047689
 3102 69675       1000      795 0.047687
 3103 78947       1000      797 0.047684
 3104 81295       1000      794 0.047682
 3105 70883       1000      810 0.047681
 3106 78220       1000      809 0.047679
 3107 78382       1000      777 0.047678
 3108 70756       1000      814 0.047675
 3109 82877       1000      815 0.047675
 3110 89343       1000      791 0.047675
 3111 78488       1000      793 0.047668
 3112 85326       1000      806 0.047667
 3113 72713       1000      784 0.047667
 3114 73426       1000      789 0.047661
 3115 88707       1000      806 0.047661
 3116 82671       1000      795 0.047660
 3117 73732       1000      744 0.047657
 3118 67780       1000      779 0.047657
 3119 79928       1000      784 0.047656
 3120 86018       1000      804 0.047652
 3121 77876       1000      788 0.047651
 3122 77395       1000      800 0.047651
 3123 67901       1000      801 0.047648
 3124 67735       1000      790 0.047642
 3125 68934       1000      777 0.047640
 3126 71788       1000      773 0.047638
 3127 81382       1000      811 0.047637
 3128 71696       1000      786 0.047634
 3129 71634       1000      806 0.047632
 3130 88252       1000      771 0.047628
 3131 84612       1000      805 0.047627
 3132 87863       1000      806 0.047626
 3133 68206       1000      774 0.047622
 3134 88412       1000      720 0.047615
 3135 73539       1000      786 0.047614
 3136 89215       1000      804 0.047613
 3137 74263       1000      736 0.047613
 3138 75824       1000      794 0.047612
 3139 79398       1000      802 0.047611
 3140 79104       1000      790 0.047608
 3141 87481       1000      788 0.047602
 3142 66274       1000      790 0.047601
 3143 75494       1000      802 0.047601
 3144 85394       1000      786 0.047601
 3145 83755       1000      703 0.047600
 3146 86465       1000      778 0.047596
 3147 86920       1000      802 0.047596
 3148 69572       1000      813 0.047593
 3149 75508       1000      799 0.047593
 3150 81653       1000      825 0.047592
 3151 70696       1000      795 0.047591
 3152 79433       1000      806 0.047589
 3153 83397       1000      801 0.047588
 3154 67794       1000      812 0.047586
 3155 83332       1000      812 0.047585
 3156 77091       1000      802 0.047583
 3157 70763       1000      806 0.047580
 3158 79049       1000      797 0.047576
 3159 79122       1000      793 0.047573
 3160 80465       1000      814 0.047571
 3161 84478       1000      780 0.047570
 3162 77518       1000      743 0.047569
 3163 85521       1000      799 0.047568
 3164 87334       1000      804 0.047568
 3165 80469       1000      796 0.047555
 3166 81207       1000      781 0.047555
 3167 72654       1000      795 0.047552
 3168 65971       1000      698 0.047550
 3169 73948       1000      695 0.047549
 3170 84388       1000      729 0.047548
 3171 84866       1000      785 0.047547
 3172 88438       1000      800 0.047544
 3173 78864       1000      808 0.047542
 3174 89193       1000      804 0.047534
 3175 79894       1000      817 0.047533
 3176 86556       1000      776 0.047530
 3177 68205       1000      808 0.047524
 3178 76515       1000      808 0.047524
 3179 86075       1000      800 0.047518
 3180 73693       1000      800 0.047515
 3181 68898       1000      799 0.047513
 3182 83193       1000      814 0.047502
 3183 67158       1000      806 0.047502
 3184 83315       1000      816 0.047492
 3185 85831       1000      788 0.047490
 3186 73819       1000      809 0.047486
 3187 89009       1000      815 0.047486
 3188 82897       1000      776 0.047485
 3189 71301       1000      810 0.047485
 3190 83072       1000      809 0.047484
 3191 67079       1000      776 0.047481
 3192 83825       1000      789 0.047476
 3193 83783       1000      807 0.047476
 3194 80132       1000      819 0.047475
 3195 86560       1000      772 0.047475
 3196 82730       1000      800 0.047474
 3197 75027       1000      805 0.047470
 3198 66703       1000      814 0.047470
 3199 78959       1000      779 0.047469
 3200 69262       1000      793 0.047465
 3201 87562       1000      810 0.047457
 3202 87286       1000      737 0.047456
 3203 88389       1000      810 0.047454
 3204 72284       1000      810 0.047452
 3205 70962       1000      802 0.047450
 3206 65962       1000      814 0.047447
 3207 84048       1000      803 0.047445
 3208 69380       1000      796 0.047443
 3209 88247       1000      790 0.047441
 3210 82317       1000      812 0.047438
 3211 67766       1000      768 0.047437
 3212 80148       1000      808 0.047437
 3213 73160       1000      792 0.047435
 3214 87819       1000      799 0.047434
 3215 83925       1000      797 0.047433
 3216 70089       1000      794 0.047432
 3217 75672       1000      789 0.047431
 3218 72875       1000      799 0.047431
 3219 89122       1000      805 0.047424
 3220 86570       1000      730 0.047423
 3221 76164       1000      794 0.047423
 3222 79954       1000      803 0.047423
 3223 66956       1000      809 0.047418
 3224 79103       1000      814 0.047417
 3225 76975       1000      803 0.047417
 3226 86292       1000      808 0.047417
 3227 83654       1000      722 0.047417
 3228 77251       1000      804 0.047416
 3229 69244       1000      688 0.047416
 3230 84647       1000      789 0.047416
 3231 84663       1000      792 0.047412
 3232 87726       1000      777 0.047410
 3233 78811       1000      729 0.047410
 3234 71734       1000      801 0.047409
 3235 85736       1000      778 0.047404
 3236 75707       1000      725 0.047400
 3237 85932       1000      789 0.047399
 3238 70760       1000      727 0.047398
 3239 73352       1000      796 0.047397
 3240 85704       1000      720 0.047394
 3241 82423       1000      797 0.047392
 3242 86786       1000      800 0.047392
 3243 69521       1000      806 0.047390
 3244 66538       1000      701 0.047382
 3245 74674       1000      811 0.047382
 3246 83098       1000      789 0.047381
 3247 72552       1000      792 0.047380
 3248 81197       1000      794 0.047379
 3249 80934       1000      788 0.047374
 3250 73089       1000      810 0.047366
 3251 80263       1000      800 0.047365
 3252 73177       1000      794 0.047363
 3253 74029       1000      798 0.047361
 3254 67728       1000      778 0.047356
 3255 72800       1000      800 0.047356
 3256 88123       1000      793 0.047353
 3257 66381       1000      812 0.047351
 3258 88923       1000      813 0.047350
 3259 85759       1000      818 0.047349
 3260 76680       1000      775 0.047348
 3261 80413       1000      784 0.047347
 3262 86233       1000      781 0.047347
 3263 74272       1000      727 0.047346
 3264 72094       1000      783 0.047340
 3265 83265       1000      785 0.047339
 3266 72110       1000      810 0.047339
 3267 83004       1000      787 0.047336
 3268 78230       1000      721 0.047334
 3269 84557       1000      815 0.047334
 3270 82336       1000      783 0.047329
 3271 83367       1000      788 0.047326
 3272 81520       1000      802 0.047323
 3273 76850       1000      806 0.047322
 3274 88646       1000      808 0.047322
 3275 84194       1000      805 0.047315
 3276 86782       1000      805 0.047310
 3277 84909       1000      778 0.047309
 3278 86041       1000      803 0.047307
 3279 84260       1000      808 0.047306
 3280 88150       1000      801 0.047301
 3281 79074       1000      808 0.047298
 3282 84090       1000      796 0.047293
 3283 70691       1000      800 0.047293
 3284 75208       1000      789 0.047293
 3285 66990       1000      820 0.047293
 3286 73511       1000      792 0.047291
 3287 78450       1000      808 0.047288
 3288 85123       1000      797 0.047283
 3289 76901       1000      725 0.047276
 3290 67939       1000      779 0.047276
 3291 82444       1000      802 0.047273
 3292 71686       1000      817 0.047269
 3293 69265       1000      802 0.047266
 3294 86220       1000      790 0.047266
 3295 83948       1000      796 0.047261
 3296 84098       1000      788 0.047260
 3297 72479       1000      802 0.047259
 3298 78997       1000      817 0.047258
 3299 85150       1000      805 0.047255
 3300 85437       1000      807 0.047255
 3301 78033       1000      787 0.047251
 3302 88057       1000      781 0.047251
 3303 74330       1000      811 0.047250
 3304 72686       1000      819 0.047246
 3305 77831       1000      800 0.047243
 3306 74166       1000      818 0.047242
 3307 67196       1000      746 0.047241
 3308 71338       1000      832 0.047239
 3309 77073       1000      804 0.047234
 3310 89221       1000      737 0.047233
 3311 76577       1000      801 0.047232
 3312 88157       1000      717 0.047232
 3313 71683       1000      807 0.047231
 3314 74999       1000      802 0.047227
 3315 69982       1000      807 0.047226
 3316 80172       1000      798 0.047224
 3317 85913       1000      794 0.047220
 3318 66162       1000      792 0.047217
 3319 86550       1000      751 0.047216
 3320 80597       1000      800 0.047215
 3321 77289       1000      809 0.047215
 3322 83894       1000      823 0.047215
 3323 67916       1000      811 0.047210
 3324 83063       1000      789 0.047210
 3325 83071       1000      795 0.047209
 3326 82208       1000      810 0.047207
 3327 80462       1000      781 0.047205
 3328 72520       1000      806 0.047201
 3329 73289       1000      728 0.047200
 3330 73436       1000      814 0.047198
 3331 67326       1000      794 0.047198
 3332 74690       1000      802 0.047195
 3333 86941       1000      700 0.047194
 3334 82228       1000      811 0.047192
 3335 85362       1000      782 0.047192
 3336 86670       1000      786 0.047191
 3337 72627       1000      810 0.047186
 3338 85233       1000      795 0.047184
 3339 68620       1000      792 0.047183
 3340 88968       1000      821 0.047179
 3341 70701       1000      794 0.047178
 3342 72558       1000      818 0.047177
 3343 73821       1000      807 0.047175
 3344 83960       1000      809 0.047174
 3345 77441       1000      809 0.047173
 3346 71590       1000      728 0.047171
 3347 86409       1000      803 0.047170
 3348 86833       1000      800 0.047170
 3349 74319       1000      813 0.047166
 3350 83430       1000      771 0.047159
 3351 82303       1000      827 0.047158
 3352 79660       1000      803 0.047157
 3353 72104       1000      794 0.047156
 3354 85868       1000      799 0.047155
 3355 82590       1000      787 0.047154
 3356 77408       1000      805 0.047152
 3357 77537       1000      815 0.047151
 3358 87114       1000      825 0.047150
 3359 66712       1000      804 0.047150
 3360 69532       1000      772 0.047150
 3361 86688       1000      720 0.047145
 3362 82930       1000      805 0.047144
 3363 73434       1000      836 0.047143
 3364 74934       1000      791 0.047143
 3365 81808       1000      810 0.047143
 3366 78143       1000      813 0.047142
 3367 68386       1000      805 0.047140
 3368 69981       1000      797 0.047138
 3369 66396       1000      803 0.047137
 3370 67349       1000      792 0.047133
 3371 84643       1000      719 0.047132
 3372 89256       1000      824 0.047130
 3373 71307       1000      789 0.047129
 3374 87771       1000      803 0.047121
 3375 81246       1000      797 0.047118
 3376 83445       1000      740 0.047116
 3377 84330       1000      782 0.047113
 3378 71655       1000      790 0.047112
 3379 85105       1000      802 0.047107
 3380 77207       1000      795 0.047105
 3381 86375       1000      788 0.047105
 3382 83157       1000      811 0.047103
 3383 86044       1000      784 0.047100
 3384 66661       1000      821 0.047097
 3385 73913       1000      791 0.047096
 3386 68181       1000      799 0.047094
 3387 70304       1000      794 0.047093
 3388 78706       1000      815 0.047092
 3389 66547       1000      802 0.047090
 3390 85061       1000      797 0.047089
 3391 80141       1000      781 0.047086
 3392 66878       1000      790 0.047082
 3393 78815       1000      801 0.047078
 3394 71438       1000      783 0.047078
 3395 88354       1000      779 0.047077
 3396 83183       1000      808 0.047076
 3397 71885       1000      794 0.047076
 3398 69083       1000      815 0.047074
 3399 74364       1000      809 0.047068
 3400 72789       1000      719 0.047066
 3401 67256       1000      711 0.047065
 3402 82986       1000      813 0.047065
 3403 82803       1000      788 0.047059
 3404 82254       1000      801 0.047059
 3405 84894       1000      788 0.047056
 3406 79874       1000      808 0.047053
 3407 84140       1000      800 0.047050
 3408 68967       1000      798 0.047046
 3409 77348       1000      791 0.047040
 3410 68146       1000      793 0.047032
 3411 83664       1000      736 0.047026
 3412 74103       1000      812 0.047025
 3413 72420       1000      827 0.047020
 3414 70569       1000      791 0.047018
 3415 78966       1000      798 0.047013
 3416 80411       1000      799 0.047012
 3417 71297       1000      802 0.047009
 3418 69451       1000      804 0.047007
 3419 88524       1000      727 0.047006
 3420 84276       1000      805 0.047000
 3421 86519       1000      780 0.046998
 3422 89260       1000      814 0.046994
 3423 87111       1000      793 0.046994
 3424 66904       1000      804 0.046993
 3425 89018       1000      789 0.046991
 3426 81076       1000      810 0.046991
 3427 79413       1000      820 0.046990
 3428 79990       1000      819 0.046989
 3429 79834       1000      804 0.046984
 3430 74884       1000      785 0.046983
 3431 69148       1000      824 0.046981
 3432 83133       1000      800 0.046980
 3433 81774       1000      799 0.046977
 3434 76373       1000      806 0.046975
 3435 82112       1000      746 0.046974
 3436 83402       1000      787 0.046973
 3437 83566       1000      787 0.046971
 3438 84626       1000      787 0.046970
 3439 85738       1000      792 0.046969
 3440 73043       1000      793 0.046965
 3441 82530       1000      745 0.046963
 3442 86383       1000      822 0.046962
 3443 85889       1000      801 0.046959
 3444 67715       1000      801 0.046957
 3445 67026       1000      783 0.046956
 3446 69574       1000      802 0.046952
 3447 83371       1000      795 0.046951
 3448 77657       1000      797 0.046945
 3449 75674       1000      804 0.046944
 3450 87956       1000      813 0.046943
 3451 83239       1000      800 0.046940
 3452 73212       1000      782 0.046937
 3453 81739       1000      794 0.046936
 3454 78536       1000      814 0.046936
 3455 80474       1000      731 0.046936
 3456 87501       1000      805 0.046934
 3457 89209       1000      809 0.046932
 3458 75885       1000      791 0.046932
 3459 73553       1000      731 0.046926
 3460 87647       1000      801 0.046924
 3461 78250       1000      803 0.046924
 3462 82289       1000      738 0.046921
 3463 88190       1000      788 0.046920
 3464 75164       1000      781 0.046920
 3465 66384       1000      808 0.046917
 3466 71008       1000      802 0.046915
 3467 82713       1000      787 0.046915
 3468 82921       1000      805 0.046914
 3469 70899       1000      795 0.046914
 3470 76944       1000      801 0.046910
 3471 74933       1000      722 0.046909
 3472 87619       1000      803 0.046908
 3473 84511       1000      798 0.046907
 3474 78887       1000      811 0.046906
 3475 80800       1000      809 0.046904
 3476 66599       1000      796 0.046904
 3477 74915       1000      808 0.046900
 3478 70698       1000      782 0.046898
 3479 66214       1000      815 0.046897
 3480 81109       1000      793 0.046891
 3481 78623       1000      801 0.046890
 3482 81116       1000      802 0.046882
 3483 69541       1000      708 0.046879
 3484 71532       1000      765 0.046876
 3485 76364       1000      744 0.046875
 3486 74092       1000      781 0.046874
 3487 67601       1000      819 0.046872
 3488 72666       1000      803 0.046872
 3489 89416       1000      722 0.046871
 3490 82824       1000      793 0.046866
 3491 78816       1000      823 0.046864
 3492 76096       1000      780 0.046864
 3493 76912       1000      797 0.046860
 3494 89084       1000      819 0.046860
 3495 75441       1000      823 0.046860
 3496 70425       1000      783 0.046857
 3497 78152       1000      800 0.046855
 3498 81105       1000      807 0.046855
 3499 89333       1000      809 0.046852
 3500 65901       1000      812 0.046851
 3501 84985       1000      724 0.046851
 3502 82791       1000      798 0.046848
 3503 86574       1000      794 0.046847
 3504 67295       1000      792 0.046844
 3505 72930       1000      799 0.046844
 3506 87568       1000      801 0.046842
 3507 84350       1000      795 0.046841
 3508 83780       1000      800 0.046841
 3509 87098       1000      823 0.046841
 3510 81119       1000      783 0.046836
 3511 77486       1000      802 0.046835
 3512 70855       1000      773 0.046834
 3513 71444       1000      809 0.046831
 3514 69438       1000      827 0.046830
 3515 80285       1000      797 0.046824
 3516 83578       1000      813 0.046819
 3517 66284       1000      706 0.046818
 3518 82521       1000      811 0.046812
 3519 69233       1000      797 0.046807
 3520 85012       1000      711 0.046802
 3521 87397       1000      776 0.046801
 3522 78565       1000      788 0.046800
 3523 74205       1000      806 0.046799
 3524 87423       1000      793 0.046799
 3525 81029       1000      711 0.046796
 3526 70526       1000      802 0.046793
 3527 66115       1000      756 0.046792
 3528 74080       1000      790 0.046791
 3529 72147       1000      806 0.046785
 3530 70034       1000      787 0.046781
 3531 73333       1000      809 0.046781
 3532 75113       1000      701 0.046779
 3533 84404       1000      813 0.046778
 3534 86458       1000      802 0.046777
 3535 66713       1000      741 0.046777
 3536 78558       1000      810 0.046777
 3537 82574       1000      792 0.046777
 3538 75236       1000      728 0.046775
 3539 70881       1000      797 0.046774
 3540 77161       1000      809 0.046773
 3541 84944       1000      795 0.046772
 3542 83898       1000      816 0.046771
 3543 69834       1000      796 0.046768
 3544 68551       1000      781 0.046767
 3545 78031       1000      775 0.046765
 3546 71849       1000      789 0.046762
 3547 74839       1000      787 0.046759
 3548 66232       1000      821 0.046754
 3549 81629       1000      796 0.046746
 3550 68031       1000      801 0.046745
 3551 66726       1000      808 0.046745
 3552 70945       1000      813 0.046736
 3553 77032       1000      793 0.046732
 3554 89056       1000      797 0.046731
 3555 73846       1000      718 0.046729
 3556 87204       1000      807 0.046727
 3557 73078       1000      811 0.046726
 3558 78269       1000      811 0.046725
 3559 69703       1000      788 0.046724
 3560 71723       1000      794 0.046719
 3561 67322       1000      729 0.046716
 3562 72977       1000      735 0.046713
 3563 71056       1000      793 0.046710
 3564 79690       1000      797 0.046708
 3565 79414       1000      787 0.046708
 3566 79288       1000      808 0.046707
 3567 87581       1000      792 0.046706
 3568 67330       1000      807 0.046705
 3569 81810       1000      810 0.046703
 3570 80787       1000      796 0.046702
 3571 78773       1000      717 0.046701
 3572 87749       1000      785 0.046699
 3573 86983       1000      801 0.046698
 3574 72032       1000      806 0.046697
 3575 68612       1000      820 0.046695
 3576 75283       1000      798 0.046694
 3577 68893       1000      817 0.046694
 3578 86968       1000      804 0.046692
 3579 81133       1000      817 0.046688
 3580 79666       1000      723 0.046688
 3581 73445       1000      759 0.046688
 3582 72732       1000      815 0.046686
 3583 85804       1000      729 0.046685
 3584 78540       1000      713 0.046684
 3585 88272       1000      778 0.046683
 3586 79479       1000      822 0.046683
 3587 68008       1000      805 0.046682
 3588 75976       1000      804 0.046681
 3589 82485       1000      777 0.046680
 3590 75734       1000      802 0.046678
 3591 72856       1000      803 0.046677
 3592 83037       1000      820 0.046674
 3593 73091       1000      805 0.046674
 3594 66839       1000      801 0.046673
 3595 69465       1000      808 0.046672
 3596 82231       1000      818 0.046672
 3597 68362       1000      796 0.046670
 3598 78231       1000      811 0.046669
 3599 85761       1000      797 0.046664
 3600 68941       1000      794 0.046662
 3601 88693       1000      783 0.046659
 3602 89290       1000      715 0.046657
 3603 68915       1000      811 0.046656
 3604 77212       1000      821 0.046656
 3605 66978       1000      820 0.046645
 3606 75446       1000      801 0.046641
 3607 84897       1000      793 0.046634
 3608 83866       1000      785 0.046633
 3609 69388       1000      731 0.046632
 3610 79279       1000      793 0.046629
 3611 66727       1000      797 0.046629
 3612 68610       1000      712 0.046627
 3613 86444       1000      801 0.046627
 3614 87202       1000      792 0.046626
 3615 82902       1000      801 0.046624
 3616 80733       1000      789 0.046622
 3617 73023       1000      802 0.046621
 3618 75553       1000      800 0.046620
 3619 83865       1000      800 0.046618
 3620 82172       1000      791 0.046618
 3621 79226       1000      807 0.046617
 3622 68319       1000      806 0.046616
 3623 88268       1000      787 0.046614
 3624 70051       1000      787 0.046613
 3625 69456       1000      779 0.046613
 3626 83873       1000      805 0.046612
 3627 72345       1000      776 0.046608
 3628 73669       1000      802 0.046608
 3629 79950       1000      807 0.046608
 3630 70927       1000      820 0.046604
 3631 71916       1000      794 0.046604
 3632 69522       1000      809 0.046603
 3633 80833       1000      779 0.046603
 3634 79316       1000      796 0.046602
 3635 69802       1000      800 0.046599
 3636 77068       1000      725 0.046598
 3637 81445       1000      792 0.046595
 3638 66728       1000      776 0.046592
 3639 77844       1000      825 0.046591
 3640 76648       1000      771 0.046577
 3641 77368       1000      802 0.046574
 3642 81235       1000      802 0.046574
 3643 88657       1000      818 0.046573
 3644 72444       1000      773 0.046573
 3645 76112       1000      825 0.046573
 3646 67154       1000      793 0.046572
 3647 74568       1000      792 0.046564
 3648 86662       1000      797 0.046561
 3649 76605       1000      787 0.046560
 3650 84157       1000      722 0.046560
 3651 66100       1000      792 0.046559
 3652 82402       1000      799 0.046554
 3653 83030       1000      790 0.046554
 3654 72148       1000      721 0.046553
 3655 83319       1000      804 0.046551
 3656 70958       1000      815 0.046549
 3657 71040       1000      812 0.046548
 3658 66099       1000      785 0.046544
 3659 87060       1000      806 0.046541
 3660 78352       1000      799 0.046538
 3661 69934       1000      818 0.046538
 3662 69645       1000      713 0.046534
 3663 78814       1000      816 0.046532
 3664 87713       1000      819 0.046532
 3665 76165       1000      804 0.046532
 3666 76913       1000      820 0.046530
 3667 83908       1000      816 0.046530
 3668 89354       1000      787 0.046529
 3669 87010       1000      789 0.046528
 3670 73849       1000      776 0.046527
 3671 76311       1000      788 0.046526
 3672 87536       1000      803 0.046526
 3673 78454       1000      795 0.046522
 3674 83427       1000      804 0.046521
 3675 66812       1000      788 0.046520
 3676 72472       1000      786 0.046518
 3677 67122       1000      807 0.046515
 3678 69955       1000      806 0.046515
 3679 80376       1000      797 0.046513
 3680 80228       1000      813 0.046512
 3681 81797       1000      806 0.046510
 3682 68191       1000      717 0.046508
 3683 72050       1000      799 0.046507
 3684 69520       1000      811 0.046506
 3685 81937       1000      735 0.046505
 3686 81994       1000      726 0.046504
 3687 67942       1000      792 0.046501
 3688 82311       1000      799 0.046500
 3689 66850       1000      799 0.046498
 3690 70086       1000      805 0.046498
 3691 83904       1000      778 0.046495
 3692 82916       1000      786 0.046492
 3693 70484       1000      714 0.046489
 3694 78424       1000      818 0.046488
 3695 82473       1000      794 0.046488
 3696 71033       1000      792 0.046485
 3697 66305       1000      797 0.046484
 3698 87189       1000      793 0.046482
 3699 68900       1000      806 0.046479
 3700 84216       1000      784 0.046478
 3701 75468       1000      804 0.046477
 3702 66109       1000      741 0.046476
 3703 71945       1000      811 0.046475
 3704 68510       1000      791 0.046475
 3705 81777       1000      803 0.046475
 3706 82900       1000      805 0.046474
 3707 74500       1000      806 0.046473
 3708 87577       1000      822 0.046469
 3709 66795       1000      797 0.046467
 3710 72384       1000      807 0.046467
 3711 73590       1000      743 0.046465
 3712 76120       1000      798 0.046462
 3713 85090       1000      808 0.046462
 3714 86334       1000      805 0.046454
 3715 82865       1000      682 0.046453
 3716 73013       1000      721 0.046452
 3717 66594       1000      811 0.046448
 3718 84248       1000      780 0.046442
 3719 86086       1000      806 0.046442
 3720 66275       1000      806 0.046441
 3721 81584       1000      782 0.046436
 3722 85296       1000      816 0.046436
 3723 68089       1000      813 0.046433
 3724 77386       1000      746 0.046432
 3725 77587       1000      771 0.046430
 3726 66808       1000      789 0.046429
 3727 86053       1000      789 0.046424
 3728 77683       1000      791 0.046417
 3729 83684       1000      816 0.046417
 3730 71050       1000      743 0.046417
 3731 78018       1000      721 0.046416
 3732 76054       1000      816 0.046410
 3733 68401       1000      776 0.046408
 3734 81353       1000      793 0.046406
 3735 87541       1000      787 0.046405
 3736 70604       1000      801 0.046405
 3737 70998       1000      801 0.046404
 3738 83821       1000      717 0.046403
 3739 67663       1000      791 0.046403
 3740 68524       1000      793 0.046403
 3741 80183       1000      825 0.046400
 3742 75252       1000      808 0.046395
 3743 65930       1000      731 0.046392
 3744 75166       1000      817 0.046391
 3745 71319       1000      802 0.046390
 3746 88227       1000      806 0.046388
 3747 83410       1000      822 0.046386
 3748 79235       1000      788 0.046385
 3749 66622       1000      715 0.046385
 3750 71767       1000      721 0.046384
 3751 66264       1000      786 0.046384
 3752 73954       1000      806 0.046383
 3753 78851       1000      716 0.046381
 3754 81908       1000      793 0.046380
 3755 67815       1000      788 0.046375
 3756 84726       1000      844 0.046373
 3757 86599       1000      789 0.046372
 3758 80834       1000      793 0.046369
 3759 77100       1000      784 0.046368
 3760 68381       1000      817 0.046366
 3761 85120       1000      808 0.046366
 3762 76816       1000      812 0.046365
 3763 85545       1000      813 0.046365
 3764 81351       1000      804 0.046364
 3765 76904       1000      710 0.046364
 3766 68876       1000      714 0.046362
 3767 82510       1000      790 0.046358
 3768 82721       1000      783 0.046358
 3769 88425       1000      708 0.046356
 3770 67299       1000      779 0.046353
 3771 78504       1000      802 0.046353
 3772 84502       1000      828 0.046353
 3773 65988       1000      787 0.046351
 3774 76645       1000      798 0.046347
 3775 84372       1000      815 0.046340
 3776 80612       1000      806 0.046340
 3777 85673       1000      792 0.046335
 3778 75536       1000      807 0.046334
 3779 84605       1000      785 0.046331
 3780 69587       1000      803 0.046331
 3781 84650       1000      796 0.046327
 3782 87345       1000      801 0.046326
 3783 81372       1000      700 0.046326
 3784 74220       1000      772 0.046324
 3785 86766       1000      804 0.046321
 3786 89076       1000      784 0.046320
 3787 89060       1000      807 0.046318
 3788 82806       1000      811 0.046316
 3789 72755       1000      811 0.046316
 3790 66927       1000      799 0.046314
 3791 70162       1000      801 0.046308
 3792 79136       1000      793 0.046307
 3793 76585       1000      785 0.046306
 3794 81756       1000      801 0.046302
 3795 86447       1000      805 0.046299
 3796 78088       1000      798 0.046296
 3797 67799       1000      805 0.046296
 3798 75474       1000      813 0.046295
 3799 73973       1000      784 0.046294
 3800 82190       1000      800 0.046294
 3801 88485       1000      790 0.046293
 3802 84061       1000      799 0.046293
 3803 67754       1000      701 0.046293
 3804 76761       1000      736 0.046293
 3805 87431       1000      793 0.046292
 3806 70433       1000      705 0.046291
 3807 81410       1000      816 0.046291
 3808 67037       1000      810 0.046291
 3809 79533       1000      777 0.046287
 3810 76362       1000      797 0.046287
 3811 82710       1000      807 0.046286
 3812 72464       1000      736 0.046285
 3813 89344       1000      800 0.046282
 3814 69509       1000      792 0.046281
 3815 79754       1000      788 0.046280
 3816 71938       1000      814 0.046276
 3817 88783       1000      806 0.046275
 3818 70455       1000      820 0.046275
 3819 82825       1000      806 0.046273
 3820 75307       1000      787 0.046272
 3821 68284       1000      805 0.046272
 3822 78807       1000      802 0.046269
 3823 68798       1000      781 0.046267
 3824 72353       1000      805 0.046266
 3825 85559       1000      791 0.046265
 3826 78396       1000      810 0.046265
 3827 69470       1000      802 0.046265
 3828 82742       1000      782 0.046263
 3829 84982       1000      816 0.046259
 3830 86587       1000      805 0.046255
 3831 79537       1000      814 0.046255
 3832 73018       1000      739 0.046254
 3833 67767       1000      800 0.046253
 3834 75710       1000      808 0.046252
 3835 86854       1000      779 0.046252
 3836 76651       1000      802 0.046251
 3837 80489       1000      811 0.046250
 3838 82741       1000      791 0.046250
 3839 69038       1000      797 0.046247
 3840 72741       1000      813 0.046246
 3841 68859       1000      797 0.046246
 3842 65890       1000      787 0.046245
 3843 69296       1000      793 0.046245
 3844 80067       1000      826 0.046241
 3845 87555       1000      798 0.046240
 3846 85463       1000      817 0.046240
 3847 78342       1000      815 0.046237
 3848 76693       1000      778 0.046236
 3849 76159       1000      797 0.046235
 3850 74764       1000      740 0.046235
 3851 80025       1000      801 0.046231
 3852 69166       1000      797 0.046231
 3853 88336       1000      800 0.046229
 3854 87186       1000      804 0.046223
 3855 76744       1000      791 0.046222
 3856 73475       1000      796 0.046222
 3857 87160       1000      796 0.046220
 3858 87667       1000      814 0.046220
 3859 73983       1000      717 0.046216
 3860 74074       1000      776 0.046213
 3861 65894       1000      796 0.046213
 3862 65931       1000      799 0.046211
 3863 78693       1000      791 0.046211
 3864 81140       1000      808 0.046211
 3865 83769       1000      805 0.046210
 3866 68200       1000      807 0.046210
 3867 74420       1000      715 0.046208
 3868 88458       1000      826 0.046208
 3869 88573       1000      802 0.046204
 3870 84221       1000      808 0.046203
 3871 86735       1000      741 0.046201
 3872 76661       1000      814 0.046200
 3873 81231       1000      784 0.046198
 3874 69399       1000      811 0.046198
 3875 87004       1000      800 0.046195
 3876 66025       1000      799 0.046194
 3877 85143       1000      746 0.046192
 3878 82200       1000      819 0.046190
 3879 77490       1000      780 0.046185
 3880 71584       1000      793 0.046185
 3881 74285       1000      764 0.046182
 3882 83789       1000      818 0.046182
 3883 77634       1000      797 0.046180
 3884 82733       1000      808 0.046179
 3885 75381       1000      794 0.046175
 3886 69960       1000      780 0.046175
 3887 67165       1000      802 0.046168
 3888 80475       1000      811 0.046166
 3889 69843       1000      792 0.046162
 3890 68968       1000      801 0.046162
 3891 78338       1000      788 0.046161
 3892 78557       1000      782 0.046161
 3893 66648       1000      790 0.046161
 3894 67689       1000      791 0.046159
 3895 74239       1000      812 0.046155
 3896 70846       1000      788 0.046155
 3897 82982       1000      815 0.046151
 3898 77612       1000      798 0.046144
 3899 85484       1000      785 0.046143
 3900 68976       1000      787 0.046140
 3901 79335       1000      798 0.046139
 3902 72419       1000      791 0.046137
 3903 87711       1000      804 0.046132
 3904 76053       1000      801 0.046132
 3905 67187       1000      797 0.046129
 3906 78560       1000      807 0.046127
 3907 74503       1000      743 0.046114
 3908 81378       1000      816 0.046107
 3909 69461       1000      817 0.046105
 3910 71486       1000      801 0.046104
 3911 75868       1000      810 0.046103
 3912 81249       1000      776 0.046100
 3913 89002       1000      733 0.046100
 3914 87704       1000      796 0.046099
 3915 89373       1000      824 0.046094
 3916 79693       1000      823 0.046093
 3917 83518       1000      794 0.046091
 3918 75073       1000      725 0.046091
 3919 77536       1000      703 0.046089
 3920 72290       1000      808 0.046088
 3921 83854       1000      779 0.046086
 3922 68831       1000      824 0.046084
 3923 87437       1000      816 0.046084
 3924 70188       1000      707 0.046082
 3925 77196       1000      811 0.046081
 3926 76543       1000      809 0.046080
 3927 88356       1000      798 0.046078
 3928 85901       1000      781 0.046077
 3929 88072       1000      783 0.046075
 3930 66974       1000      798 0.046069
 3931 75505       1000      807 0.046069
 3932 88980       1000      806 0.046068
 3933 71426       1000      784 0.046066
 3934 79135       1000      823 0.046066
 3935 79921       1000      771 0.046065
 3936 74012       1000      796 0.046063
 3937 85232       1000      790 0.046062
 3938 66080       1000      797 0.046059
 3939 84336       1000      796 0.046059
 3940 83720       1000      782 0.046058
 3941 80387       1000      822 0.046054
 3942 87969       1000      801 0.046053
 3943 85986       1000      796 0.046052
 3944 82586       1000      808 0.046051
 3945 72678       1000      807 0.046050
 3946 69548       1000      796 0.046044
 3947 76429       1000      787 0.046042
 3948 86912       1000      776 0.046041
 3949 78958       1000      818 0.046040
 3950 81486       1000      794 0.046039
 3951 79510       1000      808 0.046039
 3952 77750       1000      712 0.046039
 3953 69702       1000      804 0.046039
 3954 88812       1000      792 0.046037
 3955 68410       1000      808 0.046035
 3956 74496       1000      779 0.046031
 3957 69682       1000      732 0.046030
 3958 79210       1000      781 0.046025
 3959 81496       1000      748 0.046018
 3960 88535       1000      696 0.046018
 3961 87587       1000      827 0.046017
 3962 86161       1000      773 0.046016
 3963 68617       1000      715 0.046014
 3964 71117       1000      736 0.046013
 3965 68135       1000      778 0.046008
 3966 67471       1000      835 0.046007
 3967 86969       1000      736 0.046005
 3968 79109       1000      792 0.046004
 3969 78850       1000      822 0.045999
 3970 75197       1000      716 0.045995
 3971 67698       1000      800 0.045994
 3972 76262       1000      805 0.045987
 3973 68389       1000      790 0.045984
 3974 67427       1000      814 0.045983
 3975 78072       1000      746 0.045980
 3976 68872       1000      731 0.045980
 3977 86435       1000      809 0.045977
 3978 87140       1000      797 0.045974
 3979 65994       1000      737 0.045972
 3980 88197       1000      783 0.045972
 3981 74273       1000      793 0.045969
 3982 73555       1000      799 0.045969
 3983 88522       1000      714 0.045966
 3984 85332       1000      797 0.045964
 3985 77753       1000      809 0.045963
 3986 68253       1000      731 0.045962
 3987 85821       1000      825 0.045960
 3988 79605       1000      777 0.045960
 3989 72395       1000      800 0.045959
 3990 82966       1000      802 0.045958
 3991 71702       1000      770 0.045950
 3992 82197       1000      792 0.045948
 3993 75550       1000      799 0.045947
 3994 87144       1000      725 0.045947
 3995 79884       1000      739 0.045945
 3996 87467       1000      779 0.045939
 3997 72315       1000      726 0.045938
 3998 83985       1000      803 0.045932
 3999 72876       1000      798 0.045931
 4000 68485       1000      803 0.045929
 4001 85539       1000      801 0.045927
 4002 76396       1000      794 0.045926
 4003 71659       1000      816 0.045924
 4004 84546       1000      790 0.045923
 4005 83622       1000      798 0.045921
 4006 69799       1000      797 0.045919
 4007 72499       1000      813 0.045908
 4008 66256       1000      793 0.045907
 4009 88172       1000      792 0.045907
 4010 81767       1000      734 0.045906
 4011 80653       1000      797 0.045903
 4012 66528       1000      802 0.045902
 4013 66383       1000      794 0.045897
 4014 68703       1000      801 0.045896
 4015 78619       1000      814 0.045896
 4016 83377       1000      778 0.045895
 4017 68359       1000      729 0.045892
 4018 69663       1000      795 0.045892
 4019 79111       1000      795 0.045891
 4020 80667       1000      813 0.045891
 4021 88431       1000      799 0.045890
 4022 66820       1000      796 0.045890
 4023 88414       1000      783 0.045888
 4024 87451       1000      805 0.045884
 4025 85033       1000      791 0.045878
 4026 78574       1000      806 0.045877
 4027 69163       1000      795 0.045875
 4028 83113       1000      796 0.045873
 4029 75498       1000      799 0.045868
 4030 66319       1000      733 0.045867
 4031 65914       1000      734 0.045865
 4032 73808       1000      816 0.045865
 4033 77114       1000      818 0.045865
 4034 71707       1000      724 0.045863
 4035 84693       1000      723 0.045863
 4036 78796       1000      779 0.045862
 4037 67281       1000      791 0.045862
 4038 81536       1000      794 0.045861
 4039 79038       1000      779 0.045860
 4040 76930       1000      830 0.045859
 4041 87746       1000      690 0.045856
 4042 66782       1000      796 0.045856
 4043 80709       1000      790 0.045856
 4044 72841       1000      728 0.045855
 4045 73696       1000      799 0.045850
 4046 81822       1000      792 0.045848
 4047 71166       1000      732 0.045844
 4048 75348       1000      802 0.045844
 4049 75623       1000      786 0.045843
 4050 66170       1000      813 0.045841
 4051 86665       1000      810 0.045838
 4052 71978       1000      817 0.045832
 4053 71555       1000      767 0.045828
 4054 82562       1000      792 0.045828
 4055 72031       1000      728 0.045828
 4056 72563       1000      735 0.045826
 4057 83271       1000      807 0.045826
 4058 76458       1000      810 0.045825
 4059 84045       1000      799 0.045824
 4060 84100       1000      793 0.045822
 4061 70191       1000      726 0.045820
 4062 66157       1000      813 0.045819
 4063 67308       1000      815 0.045818
 4064 73595       1000      815 0.045817
 4065 72723       1000      812 0.045817
 4066 87005       1000      810 0.045815
 4067 80705       1000      791 0.045812
 4068 76169       1000      808 0.045811
 4069 78012       1000      800 0.045809
 4070 70014       1000      793 0.045806
 4071 72613       1000      793 0.045804
 4072 80102       1000      793 0.045802
 4073 70858       1000      810 0.045801
 4074 84566       1000      779 0.045800
 4075 78442       1000      817 0.045799
 4076 70049       1000      787 0.045799
 4077 71305       1000      793 0.045798
 4078 79004       1000      795 0.045797
 4079 73233       1000      810 0.045797
 4080 69303       1000      698 0.045795
 4081 86513       1000      799 0.045794
 4082 83799       1000      793 0.045793
 4083 86031       1000      784 0.045792
 4084 76943       1000      815 0.045789
 4085 72250       1000      702 0.045788
 4086 84064       1000      798 0.045786
 4087 73774       1000      801 0.045784
 4088 72551       1000      821 0.045776
 4089 86399       1000      704 0.045772
 4090 69173       1000      789 0.045770
 4091 67457       1000      802 0.045769
 4092 68080       1000      791 0.045767
 4093 71176       1000      768 0.045767
 4094 73326       1000      795 0.045767
 4095 71343       1000      787 0.045764
 4096 70284       1000      790 0.045762
 4097 74051       1000      716 0.045761
 4098 86888       1000      796 0.045759
 4099 84711       1000      813 0.045755
 4100 81359       1000      805 0.045754
 4101 82054       1000      801 0.045753
 4102 79998       1000      789 0.045752
 4103 72840       1000      779 0.045745
 4104 77828       1000      799 0.045744
 4105 71233       1000      795 0.045742
 4106 66614       1000      720 0.045741
 4107 86466       1000      815 0.045739
 4108 79092       1000      797 0.045737
 4109 74873       1000      788 0.045733
 4110 70148       1000      788 0.045729
 4111 79228       1000      802 0.045729
 4112 89359       1000      728 0.045727
 4113 75440       1000      786 0.045725
 4114 71283       1000      781 0.045724
 4115 78613       1000      787 0.045720
 4116 66074       1000      783 0.045719
 4117 82564       1000      792 0.045717
 4118 70124       1000      812 0.045716
 4119 69662       1000      822 0.045714
 4120 79824       1000      797 0.045711
 4121 66241       1000      813 0.045711
 4122 81668       1000      743 0.045710
 4123 89249       1000      810 0.045709
 4124 88401       1000      779 0.045709
 4125 70910       1000      800 0.045708
 4126 74070       1000      795 0.045707
 4127 71017       1000      796 0.045707
 4128 79461       1000      805 0.045707
 4129 75449       1000      800 0.045704
 4130 82315       1000      737 0.045703
 4131 66472       1000      793 0.045703
 4132 87740       1000      814 0.045701
 4133 71851       1000      801 0.045701
 4134 77141       1000      712 0.045700
 4135 87333       1000      801 0.045698
 4136 70703       1000      792 0.045697
 4137 67588       1000      798 0.045697
 4138 80226       1000      805 0.045697
 4139 68475       1000      816 0.045696
 4140 82813       1000      797 0.045696
 4141 73123       1000      817 0.045695
 4142 84917       1000      806 0.045693
 4143 77014       1000      791 0.045690
 4144 70827       1000      713 0.045689
 4145 79165       1000      802 0.045689
 4146 68683       1000      806 0.045688
 4147 72082       1000      798 0.045687
 4148 75487       1000      797 0.045686
 4149 86493       1000      788 0.045683
 4150 67339       1000      787 0.045681
 4151 74955       1000      796 0.045681
 4152 87238       1000      764 0.045679
 4153 83107       1000      817 0.045677
 4154 74110       1000      796 0.045672
 4155 88555       1000      829 0.045671
 4156 75058       1000      791 0.045668
 4157 65916       1000      813 0.045664
 4158 67651       1000      828 0.045660
 4159 76001       1000      804 0.045653
 4160 78732       1000      733 0.045652
 4161 66376       1000      799 0.045648
 4162 79125       1000      780 0.045648
 4163 79900       1000      714 0.045646
 4164 76607       1000      804 0.045642
 4165 68121       1000      805 0.045641
 4166 70901       1000      807 0.045641
 4167 76081       1000      803 0.045639
 4168 72223       1000      815 0.045639
 4169 88497       1000      780 0.045639
 4170 73356       1000      787 0.045638
 4171 69975       1000      807 0.045637
 4172 83920       1000      800 0.045635
 4173 68711       1000      813 0.045635
 4174 69999       1000      811 0.045632
 4175 83983       1000      819 0.045631
 4176 71835       1000      814 0.045630
 4177 66691       1000      809 0.045630
 4178 75834       1000      789 0.045626
 4179 78265       1000      720 0.045625
 4180 81497       1000      817 0.045621
 4181 78480       1000      752 0.045617
 4182 82062       1000      714 0.045615
 4183 70554       1000      806 0.045615
 4184 72193       1000      793 0.045609
 4185 68395       1000      811 0.045609
 4186 66165       1000      779 0.045608
 4187 69496       1000      736 0.045606
 4188 85877       1000      794 0.045605
 4189 87368       1000      795 0.045605
 4190 74168       1000      809 0.045604
 4191 83325       1000      797 0.045603
 4192 83709       1000      791 0.045603
 4193 79421       1000      802 0.045601
 4194 67568       1000      795 0.045597
 4195 86361       1000      727 0.045597
 4196 70608       1000      707 0.045595
 4197 72949       1000      793 0.045593
 4198 80921       1000      808 0.045590
 4199 77194       1000      802 0.045589
 4200 67955       1000      812 0.045585
 4201 77369       1000      821 0.045584
 4202 84279       1000      826 0.045579
 4203 70918       1000      804 0.045577
 4204 70632       1000      809 0.045574
 4205 86762       1000      812 0.045573
 4206 80169       1000      723 0.045571
 4207 75358       1000      792 0.045571
 4208 77313       1000      791 0.045570
 4209 78147       1000      810 0.045567
 4210 78415       1000      812 0.045566
 4211 86697       1000      815 0.045565
 4212 86821       1000      780 0.045565
 4213 82756       1000      809 0.045565
 4214 87857       1000      816 0.045563
 4215 71104       1000      807 0.045562
 4216 70159       1000      804 0.045562
 4217 68290       1000      800 0.045561
 4218 84397       1000      794 0.045557
 4219 75295       1000      795 0.045554
 4220 78798       1000      794 0.045553
 4221 67949       1000      775 0.045551
 4222 68177       1000      811 0.045551
 4223 82785       1000      792 0.045550
 4224 74224       1000      809 0.045549
 4225 66881       1000      794 0.045549
 4226 89287       1000      814 0.045548
 4227 86277       1000      820 0.045546
 4228 72757       1000      800 0.045545
 4229 78181       1000      735 0.045544
 4230 83143       1000      798 0.045543
 4231 80449       1000      787 0.045538
 4232 70098       1000      790 0.045538
 4233 79879       1000      806 0.045537
 4234 76917       1000      803 0.045529
 4235 68449       1000      729 0.045525
 4236 74678       1000      781 0.045524
 4237 73586       1000      801 0.045523
 4238 86192       1000      816 0.045521
 4239 79425       1000      801 0.045520
 4240 72852       1000      811 0.045518
 4241 78649       1000      779 0.045518
 4242 72700       1000      720 0.045517
 4243 66266       1000      788 0.045517
 4244 68889       1000      803 0.045516
 4245 70331       1000      822 0.045513
 4246 89274       1000      798 0.045513
 4247 86938       1000      797 0.045511
 4248 66534       1000      733 0.045511
 4249 68888       1000      779 0.045508
 4250 87927       1000      808 0.045507
 4251 81915       1000      798 0.045507
 4252 67499       1000      809 0.045507
 4253 78268       1000      797 0.045504
 4254 69404       1000      808 0.045496
 4255 72659       1000      707 0.045495
 4256 67495       1000      805 0.045493
 4257 86468       1000      792 0.045492
 4258 76567       1000      805 0.045492
 4259 66823       1000      803 0.045490
 4260 88221       1000      795 0.045490
 4261 89093       1000      788 0.045489
 4262 76864       1000      791 0.045489
 4263 82369       1000      838 0.045488
 4264 68789       1000      804 0.045485
 4265 76330       1000      815 0.045485
 4266 66783       1000      776 0.045483
 4267 71598       1000      793 0.045482
 4268 80219       1000      811 0.045481
 4269 81323       1000      787 0.045479
 4270 73617       1000      797 0.045474
 4271 72902       1000      713 0.045473
 4272 72175       1000      816 0.045472
 4273 74740       1000      814 0.045472
 4274 80421       1000      722 0.045471
 4275 80476       1000      740 0.045470
 4276 88207       1000      809 0.045464
 4277 78009       1000      790 0.045464
 4278 72522       1000      798 0.045463
 4279 79374       1000      789 0.045462
 4280 80287       1000      789 0.045461
 4281 85855       1000      715 0.045460
 4282 77704       1000      809 0.045460
 4283 69226       1000      807 0.045458
 4284 84004       1000      805 0.045457
 4285 87808       1000      796 0.045454
 4286 70494       1000      797 0.045453
 4287 67320       1000      801 0.045453
 4288 70537       1000      817 0.045452
 4289 86249       1000      786 0.045451
 4290 66327       1000      818 0.045448
 4291 80628       1000      774 0.045447
 4292 77764       1000      809 0.045443
 4293 70146       1000      814 0.045443
 4294 69549       1000      800 0.045442
 4295 71044       1000      781 0.045441
 4296 70957       1000      804 0.045440
 4297 88349       1000      791 0.045437
 4298 81003       1000      808 0.045434
 4299 72091       1000      792 0.045428
 4300 74014       1000      809 0.045428
 4301 69289       1000      743 0.045427
 4302 83884       1000      803 0.045424
 4303 88194       1000      815 0.045424
 4304 72978       1000      792 0.045423
 4305 72468       1000      719 0.045421
 4306 70265       1000      821 0.045421
 4307 76789       1000      804 0.045421
 4308 86111       1000      799 0.045419
 4309 72966       1000      733 0.045416
 4310 76555       1000      806 0.045416
 4311 78924       1000      729 0.045416
 4312 79362       1000      818 0.045416
 4313 87419       1000      798 0.045415
 4314 89145       1000      801 0.045413
 4315 88164       1000      741 0.045413
 4316 72052       1000      793 0.045411
 4317 71501       1000      788 0.045410
 4318 87567       1000      728 0.045410
 4319 72860       1000      801 0.045410
 4320 75555       1000      816 0.045407
 4321 71551       1000      805 0.045403
 4322 80551       1000      804 0.045403
 4323 80150       1000      719 0.045402
 4324 73705       1000      797 0.045399
 4325 85474       1000      743 0.045399
 4326 76247       1000      809 0.045396
 4327 83751       1000      810 0.045393
 4328 81962       1000      814 0.045384
 4329 68801       1000      798 0.045384
 4330 70388       1000      806 0.045384
 4331 70597       1000      798 0.045382
 4332 78854       1000      792 0.045379
 4333 78150       1000      783 0.045377
 4334 82255       1000      816 0.045376
 4335 78168       1000      807 0.045375
 4336 74054       1000      792 0.045372
 4337 85640       1000      812 0.045370
 4338 86646       1000      808 0.045367
 4339 66335       1000      799 0.045367
 4340 87019       1000      768 0.045366
 4341 70765       1000      788 0.045366
 4342 74976       1000      734 0.045364
 4343 89095       1000      708 0.045363
 4344 66429       1000      803 0.045359
 4345 83187       1000      804 0.045357
 4346 68171       1000      813 0.045357
 4347 71167       1000      803 0.045357
 4348 72323       1000      747 0.045356
 4349 77784       1000      793 0.045355
 4350 80843       1000      788 0.045354
 4351 67140       1000      718 0.045354
 4352 88142       1000      811 0.045353
 4353 83776       1000      788 0.045352
 4354 82596       1000      722 0.045351
 4355 86573       1000      804 0.045350
 4356 72017       1000      782 0.045350
 4357 74443       1000      794 0.045347
 4358 76286       1000      798 0.045346
 4359 83666       1000      736 0.045344
 4360 70317       1000      817 0.045341
 4361 74130       1000      797 0.045336
 4362 69635       1000      798 0.045333
 4363 68743       1000      779 0.045331
 4364 84734       1000      796 0.045330
 4365 73297       1000      798 0.045328
 4366 80940       1000      804 0.045326
 4367 67106       1000      798 0.045326
 4368 88508       1000      797 0.045325
 4369 82622       1000      809 0.045323
 4370 88418       1000      805 0.045321
 4371 71943       1000      805 0.045319
 4372 76893       1000      692 0.045314
 4373 88904       1000      794 0.045313
 4374 84881       1000      734 0.045311
 4375 75383       1000      814 0.045310
 4376 67226       1000      734 0.045310
 4377 87038       1000      800 0.045310
 4378 73219       1000      805 0.045309
 4379 68585       1000      779 0.045309
 4380 67895       1000      809 0.045307
 4381 89362       1000      802 0.045306
 4382 66719       1000      820 0.045305
 4383 88992       1000      800 0.045296
 4384 68050       1000      804 0.045295
 4385 73528       1000      802 0.045293
 4386 81048       1000      812 0.045291
 4387 82768       1000      791 0.045290
 4388 69097       1000      715 0.045288
 4389 72121       1000      712 0.045287
 4390 71457       1000      789 0.045284
 4391 76952       1000      814 0.045282
 4392 68447       1000      818 0.045281
 4393 81959       1000      732 0.045280
 4394 88208       1000      788 0.045279
 4395 75097       1000      800 0.045278
 4396 82885       1000      778 0.045270
 4397 72413       1000      804 0.045267
 4398 67517       1000      790 0.045265
 4399 86109       1000      802 0.045261
 4400 82567       1000      795 0.045259
 4401 76821       1000      799 0.045259
 4402 76859       1000      808 0.045258
 4403 77829       1000      802 0.045258
 4404 76739       1000      817 0.045258
 4405 78782       1000      796 0.045256
 4406 87549       1000      785 0.045252
 4407 69236       1000      817 0.045251
 4408 87693       1000      786 0.045250
 4409 67174       1000      800 0.045246
 4410 80924       1000      782 0.045244
 4411 77571       1000      784 0.045243
 4412 74813       1000      735 0.045243
 4413 68699       1000      793 0.045241
 4414 83753       1000      785 0.045241
 4415 66071       1000      793 0.045241
 4416 82104       1000      779 0.045237
 4417 86402       1000      804 0.045237
 4418 72728       1000      814 0.045235
 4419 86006       1000      790 0.045231
 4420 70214       1000      782 0.045227
 4421 84924       1000      780 0.045226
 4422 88629       1000      699 0.045224
 4423 82598       1000      788 0.045224
 4424 83563       1000      788 0.045222
 4425 87208       1000      821 0.045222
 4426 70573       1000      804 0.045217
 4427 69743       1000      785 0.045216
 4428 72703       1000      817 0.045216
 4429 81087       1000      711 0.045211
 4430 79114       1000      794 0.045210
 4431 84494       1000      776 0.045204
 4432 71981       1000      827 0.045204
 4433 67511       1000      798 0.045202
 4434 83214       1000      796 0.045201
 4435 66917       1000      735 0.045199
 4436 87928       1000      807 0.045198
 4437 81210       1000      837 0.045197
 4438 81526       1000      794 0.045193
 4439 82527       1000      791 0.045191
 4440 78438       1000      818 0.045188
 4441 79188       1000      726 0.045187
 4442 86304       1000      818 0.045183
 4443 67979       1000      791 0.045179
 4444 75502       1000      804 0.045178
 4445 81956       1000      818 0.045174
 4446 78029       1000      723 0.045164
 4447 70635       1000      805 0.045164
 4448 84987       1000      790 0.045163
 4449 67087       1000      804 0.045163
 4450 78842       1000      800 0.045161
 4451 76681       1000      801 0.045161
 4452 80453       1000      724 0.045160
 4453 81946       1000      796 0.045160
 4454 83978       1000      778 0.045159
 4455 80320       1000      795 0.045159
 4456 70264       1000      801 0.045158
 4457 77673       1000      808 0.045158
 4458 88543       1000      794 0.045157
 4459 83779       1000      803 0.045155
 4460 69030       1000      806 0.045154
 4461 87330       1000      766 0.045154
 4462 76800       1000      806 0.045152
 4463 68048       1000      725 0.045150
 4464 68472       1000      726 0.045149
 4465 89021       1000      814 0.045149
 4466 76339       1000      807 0.045143
 4467 80436       1000      803 0.045142
 4468 65861       1000      808 0.045141
 4469 79857       1000      716 0.045140
 4470 67930       1000      801 0.045135
 4471 82767       1000      798 0.045135
 4472 72326       1000      800 0.045133
 4473 70163       1000      813 0.045132
 4474 66860       1000      805 0.045132
 4475 81878       1000      797 0.045132
 4476 71892       1000      799 0.045131
 4477 67390       1000      789 0.045127
 4478 68929       1000      787 0.045124
 4479 84973       1000      816 0.045124
 4480 80461       1000      792 0.045123
 4481 89227       1000      814 0.045123
 4482 88426       1000      809 0.045118
 4483 76938       1000      790 0.045117
 4484 78360       1000      747 0.045117
 4485 75355       1000      809 0.045116
 4486 83372       1000      820 0.045116
 4487 69473       1000      793 0.045113
 4488 71072       1000      800 0.045112
 4489 68175       1000      792 0.045110
 4490 67121       1000      817 0.045110
 4491 74277       1000      804 0.045106
 4492 69627       1000      826 0.045102
 4493 81135       1000      811 0.045102
 4494 78441       1000      801 0.045100
 4495 83962       1000      736 0.045099
 4496 80247       1000      795 0.045097
 4497 69493       1000      788 0.045097
 4498 68015       1000      794 0.045086
 4499 81034       1000      805 0.045084
 4500 87993       1000      798 0.045083
 4501 74255       1000      712 0.045082
 4502 83727       1000      807 0.045082
 4503 75980       1000      779 0.045081
 4504 83105       1000      787 0.045078
 4505 80202       1000      781 0.045077
 4506 66370       1000      816 0.045077
 4507 68273       1000      806 0.045074
 4508 82758       1000      809 0.045074
 4509 86191       1000      815 0.045072
 4510 87844       1000      798 0.045069
 4511 88063       1000      798 0.045067
 4512 84460       1000      799 0.045063
 4513 81616       1000      799 0.045063
 4514 75949       1000      801 0.045061
 4515 83788       1000      786 0.045060
 4516 66177       1000      791 0.045059
 4517 77263       1000      712 0.045059
 4518 80952       1000      795 0.045058
 4519 72015       1000      802 0.045058
 4520 79347       1000      808 0.045057
 4521 73186       1000      791 0.045055
 4522 71705       1000      796 0.045054
 4523 84549       1000      822 0.045053
 4524 79737       1000      810 0.045052
 4525 73005       1000      811 0.045052
 4526 88258       1000      797 0.045052
 4527 82158       1000      797 0.045049
 4528 87263       1000      720 0.045048
 4529 88385       1000      792 0.045048
 4530 87615       1000      776 0.045048
 4531 83167       1000      792 0.045047
 4532 89222       1000      797 0.045045
 4533 76743       1000      805 0.045041
 4534 85850       1000      776 0.045040
 4535 80961       1000      802 0.045040
 4536 67319       1000      811 0.045039
 4537 67657       1000      737 0.045039
 4538 66134       1000      798 0.045039
 4539 67816       1000      734 0.045039
 4540 76398       1000      723 0.045036
 4541 88114       1000      796 0.045034
 4542 69314       1000      815 0.045032
 4543 88165       1000      737 0.045028
 4544 78421       1000      728 0.045025
 4545 76046       1000      779 0.045022
 4546 77309       1000      785 0.045022
 4547 80168       1000      802 0.045021
 4548 87402       1000      819 0.045020
 4549 81589       1000      818 0.045015
 4550 82716       1000      790 0.045012
 4551 75782       1000      793 0.045012
 4552 73292       1000      715 0.045012
 4553 83200       1000      802 0.045010
 4554 70663       1000      789 0.045009
 4555 74731       1000      800 0.045009
 4556 78632       1000      808 0.045007
 4557 88153       1000      708 0.045005
 4558 86712       1000      787 0.045003
 4559 83754       1000      785 0.045002
 4560 66721       1000      778 0.045000
 4561 79584       1000      770 0.044998
 4562 88547       1000      716 0.044998
 4563 80250       1000      814 0.044997
 4564 88341       1000      833 0.044996
 4565 73642       1000      728 0.044995
 4566 82199       1000      712 0.044993
 4567 82821       1000      798 0.044988
 4568 66340       1000      801 0.044987
 4569 74864       1000      819 0.044982
 4570 79231       1000      724 0.044982
 4571 72427       1000      827 0.044980
 4572 83739       1000      807 0.044978
 4573 80004       1000      796 0.044977
 4574 86337       1000      782 0.044976
 4575 86176       1000      798 0.044975
 4576 71901       1000      720 0.044973
 4577 85257       1000      780 0.044967
 4578 66461       1000      813 0.044966
 4579 66945       1000      804 0.044965
 4580 67093       1000      820 0.044965
 4581 88321       1000      795 0.044964
 4582 85860       1000      804 0.044962
 4583 73048       1000      795 0.044962
 4584 79722       1000      821 0.044959
 4585 73647       1000      823 0.044959
 4586 66950       1000      721 0.044958
 4587 85791       1000      809 0.044954
 4588 78803       1000      801 0.044953
 4589 77370       1000      792 0.044950
 4590 79904       1000      809 0.044947
 4591 80970       1000      724 0.044946
 4592 74727       1000      780 0.044941
 4593 83934       1000      806 0.044940
 4594 77303       1000      731 0.044939
 4595 70448       1000      818 0.044939
 4596 76630       1000      817 0.044939
 4597 76547       1000      704 0.044938
 4598 73167       1000      789 0.044937
 4599 85391       1000      799 0.044937
 4600 67900       1000      782 0.044936
 4601 66632       1000      828 0.044936
 4602 79344       1000      816 0.044936
 4603 86198       1000      788 0.044933
 4604 87468       1000      808 0.044932
 4605 72635       1000      808 0.044932
 4606 83005       1000      808 0.044931
 4607 76280       1000      807 0.044928
 4608 85835       1000      824 0.044927
 4609 77409       1000      795 0.044926
 4610 72035       1000      803 0.044924
 4611 85504       1000      797 0.044923
 4612 72270       1000      802 0.044921
 4613 73179       1000      795 0.044920
 4614 84936       1000      809 0.044920
 4615 80714       1000      804 0.044920
 4616 79458       1000      810 0.044918
 4617 71325       1000      797 0.044916
 4618 81545       1000      776 0.044916
 4619 84002       1000      805 0.044915
 4620 76296       1000      810 0.044910
 4621 77164       1000      747 0.044907
 4622 77088       1000      811 0.044906
 4623 79648       1000      805 0.044906
 4624 82752       1000      816 0.044906
 4625 73000       1000      800 0.044904
 4626 71879       1000      821 0.044903
 4627 79963       1000      791 0.044902
 4628 88369       1000      724 0.044901
 4629 85461       1000      751 0.044900
 4630 73636       1000      786 0.044898
 4631 65991       1000      784 0.044895
 4632 87937       1000      796 0.044894
 4633 78528       1000      791 0.044894
 4634 88423       1000      794 0.044892
 4635 87868       1000      791 0.044891
 4636 86551       1000      728 0.044891
 4637 89048       1000      720 0.044889
 4638 88649       1000      824 0.044888
 4639 74123       1000      805 0.044884
 4640 72870       1000      801 0.044883
 4641 82452       1000      741 0.044882
 4642 75477       1000      794 0.044881
 4643 71572       1000      799 0.044874
 4644 68358       1000      807 0.044874
 4645 68761       1000      776 0.044874
 4646 78729       1000      725 0.044870
 4647 87665       1000      722 0.044869
 4648 76410       1000      802 0.044868
 4649 88476       1000      753 0.044866
 4650 83841       1000      793 0.044866
 4651 72503       1000      791 0.044866
 4652 83455       1000      788 0.044866
 4653 68516       1000      803 0.044865
 4654 81128       1000      806 0.044864
 4655 77017       1000      807 0.044864
 4656 87155       1000      748 0.044862
 4657 86754       1000      812 0.044854
 4658 70380       1000      727 0.044852
 4659 71059       1000      801 0.044848
 4660 72873       1000      794 0.044847
 4661 87579       1000      740 0.044847
 4662 77442       1000      803 0.044846
 4663 73034       1000      792 0.044845
 4664 69751       1000      801 0.044844
 4665 70081       1000      791 0.044840
 4666 65959       1000      792 0.044840
 4667 67551       1000      811 0.044840
 4668 88475       1000      796 0.044839
 4669 80938       1000      713 0.044839
 4670 88831       1000      804 0.044838
 4671 71006       1000      809 0.044832
 4672 80373       1000      790 0.044832
 4673 81415       1000      791 0.044830
 4674 72593       1000      806 0.044828
 4675 86451       1000      787 0.044828
 4676 77061       1000      811 0.044827
 4677 86945       1000      790 0.044827
 4678 75311       1000      787 0.044826
 4679 78270       1000      802 0.044824
 4680 70813       1000      792 0.044823
 4681 76098       1000      820 0.044821
 4682 84250       1000      809 0.044821
 4683 79991       1000      807 0.044821
 4684 80748       1000      807 0.044820
 4685 78437       1000      745 0.044820
 4686 70946       1000      792 0.044818
 4687 70787       1000      797 0.044818
 4688 86536       1000      724 0.044816
 4689 68808       1000      808 0.044816
 4690 84646       1000      810 0.044814
 4691 73622       1000      776 0.044814
 4692 85968       1000      814 0.044809
 4693 66647       1000      784 0.044809
 4694 87763       1000      793 0.044804
 4695 85883       1000      799 0.044804
 4696 88512       1000      796 0.044804
 4697 83883       1000      805 0.044803
 4698 83708       1000      798 0.044801
 4699 79095       1000      802 0.044798
 4700 72065       1000      808 0.044795
 4701 73955       1000      780 0.044794
 4702 72254       1000      815 0.044793
 4703 76992       1000      812 0.044792
 4704 88468       1000      717 0.044787
 4705 69754       1000      808 0.044786
 4706 66767       1000      793 0.044785
 4707 66636       1000      797 0.044784
 4708 87756       1000      778 0.044780
 4709 77761       1000      810 0.044778
 4710 88372       1000      797 0.044778
 4711 84042       1000      795 0.044777
 4712 85210       1000      797 0.044776
 4713 68733       1000      775 0.044771
 4714 71846       1000      717 0.044770
 4715 80115       1000      817 0.044768
 4716 80682       1000      814 0.044767
 4717 69427       1000      738 0.044767
 4718 77679       1000      780 0.044764
 4719 82272       1000      795 0.044764
 4720 70260       1000      793 0.044762
 4721 80352       1000      772 0.044761
 4722 67146       1000      795 0.044760
 4723 84020       1000      796 0.044759
 4724 66642       1000      817 0.044758
 4725 70077       1000      796 0.044757
 4726 69134       1000      799 0.044756
 4727 88156       1000      789 0.044756
 4728 88010       1000      786 0.044753
 4729 68005       1000      794 0.044752
 4730 83177       1000      787 0.044752
 4731 71836       1000      715 0.044751
 4732 76720       1000      823 0.044751
 4733 88978       1000      800 0.044749
 4734 66411       1000      782 0.044747
 4735 72993       1000      791 0.044746
 4736 74252       1000      822 0.044746
 4737 74391       1000      773 0.044744
 4738 69195       1000      789 0.044744
 4739 70672       1000      803 0.044743
 4740 82718       1000      799 0.044743
 4741 87126       1000      719 0.044743
 4742 78823       1000      802 0.044742
 4743 78081       1000      801 0.044739
 4744 81054       1000      813 0.044738
 4745 85308       1000      808 0.044738
 4746 85648       1000      793 0.044738
 4747 85465       1000      790 0.044736
 4748 84859       1000      738 0.044735
 4749 67451       1000      801 0.044734
 4750 66423       1000      815 0.044732
 4751 68552       1000      728 0.044732
 4752 76990       1000      724 0.044732
 4753 89007       1000      785 0.044731
 4754 67679       1000      805 0.044728
 4755 67575       1000      809 0.044727
 4756 80162       1000      812 0.044726
 4757 80604       1000      720 0.044725
 4758 87007       1000      814 0.044724
 4759 84480       1000      726 0.044723
 4760 86555       1000      731 0.044721
 4761 80028       1000      810 0.044720
 4762 75571       1000      794 0.044720
 4763 76965       1000      725 0.044719
 4764 69162       1000      743 0.044718
 4765 72555       1000      812 0.044714
 4766 77213       1000      815 0.044714
 4767 69261       1000      796 0.044712
 4768 83484       1000      810 0.044711
 4769 72454       1000      775 0.044708
 4770 88243       1000      807 0.044703
 4771 88284       1000      794 0.044700
 4772 88436       1000      801 0.044698
 4773 68517       1000      805 0.044698
 4774 73949       1000      800 0.044698
 4775 79753       1000      809 0.044697
 4776 88672       1000      816 0.044695
 4777 68377       1000      815 0.044695
 4778 71894       1000      704 0.044695
 4779 73431       1000      814 0.044695
 4780 84063       1000      776 0.044694
 4781 69373       1000      807 0.044693
 4782 81813       1000      808 0.044691
 4783 73220       1000      824 0.044689
 4784 77569       1000      799 0.044684
 4785 69170       1000      700 0.044683
 4786 83159       1000      810 0.044682
 4787 74435       1000      814 0.044681
 4788 88930       1000      727 0.044680
 4789 82028       1000      779 0.044679
 4790 69408       1000      731 0.044678
 4791 77423       1000      784 0.044677
 4792 71251       1000      805 0.044675
 4793 84300       1000      808 0.044673
 4794 68740       1000      744 0.044673
 4795 68897       1000      712 0.044671
 4796 73266       1000      792 0.044667
 4797 65829       1000      780 0.044666
 4798 80237       1000      807 0.044664
 4799 68537       1000      710 0.044664
 4800 84585       1000      804 0.044664
 4801 76769       1000      806 0.044663
 4802 84309       1000      789 0.044662
 4803 84840       1000      795 0.044662
 4804 86266       1000      816 0.044661
 4805 76103       1000      805 0.044659
 4806 80314       1000      796 0.044658
 4807 87748       1000      807 0.044657
 4808 68714       1000      805 0.044657
 4809 67627       1000      792 0.044654
 4810 87053       1000      800 0.044653
 4811 83358       1000      778 0.044652
 4812 71878       1000      711 0.044652
 4813 69534       1000      801 0.044651
 4814 76766       1000      812 0.044651
 4815 80651       1000      796 0.044650
 4816 75071       1000      805 0.044648
 4817 85035       1000      698 0.044647
 4818 77192       1000      810 0.044647
 4819 74535       1000      789 0.044644
 4820 75952       1000      804 0.044644
 4821 81413       1000      806 0.044643
 4822 66036       1000      783 0.044642
 4823 68111       1000      791 0.044642
 4824 70552       1000      795 0.044641
 4825 75897       1000      793 0.044639
 4826 81261       1000      831 0.044639
 4827 77945       1000      782 0.044637
 4828 83553       1000      809 0.044636
 4829 67177       1000      790 0.044633
 4830 74076       1000      800 0.044632
 4831 66447       1000      805 0.044631
 4832 79083       1000      804 0.044629
 4833 83520       1000      832 0.044627
 4834 67962       1000      808 0.044624
 4835 78754       1000      699 0.044622
 4836 70677       1000      815 0.044621
 4837 72096       1000      795 0.044620
 4838 71194       1000      786 0.044619
 4839 88605       1000      808 0.044619
 4840 79403       1000      800 0.044618
 4841 68725       1000      794 0.044617
 4842 69737       1000      800 0.044617
 4843 70135       1000      813 0.044616
 4844 79523       1000      808 0.044615
 4845 68400       1000      806 0.044614
 4846 84008       1000      716 0.044611
 4847 79907       1000      806 0.044611
 4848 74382       1000      772 0.044611
 4849 75504       1000      706 0.044610
 4850 70488       1000      732 0.044609
 4851 84007       1000      778 0.044609
 4852 74613       1000      807 0.044609
 4853 81425       1000      788 0.044609
 4854 83108       1000      784 0.044606
 4855 74078       1000      784 0.044605
 4856 74373       1000      785 0.044605
 4857 68291       1000      798 0.044604
 4858 76174       1000      790 0.044602
 4859 83918       1000      815 0.044601
 4860 70862       1000      816 0.044601
 4861 75805       1000      786 0.044598
 4862 80158       1000      800 0.044596
 4863 77048       1000      808 0.044595
 4864 85413       1000      810 0.044594
 4865 87446       1000      809 0.044593
 4866 74876       1000      806 0.044591
 4867 87835       1000      774 0.044590
 4868 67119       1000      717 0.044590
 4869 88071       1000      813 0.044589
 4870 76034       1000      831 0.044585
 4871 72519       1000      798 0.044583
 4872 72761       1000      791 0.044576
 4873 88835       1000      818 0.044575
 4874 72508       1000      809 0.044573
 4875 70471       1000      797 0.044567
 4876 86136       1000      801 0.044566
 4877 82711       1000      712 0.044566
 4878 88551       1000      812 0.044565
 4879 82010       1000      798 0.044562
 4880 67963       1000      765 0.044560
 4881 71379       1000      710 0.044558
 4882 86152       1000      806 0.044558
 4883 84490       1000      760 0.044556
 4884 68645       1000      803 0.044554
 4885 85672       1000      729 0.044553
 4886 89374       1000      808 0.044553
 4887 77154       1000      751 0.044551
 4888 78980       1000      808 0.044548
 4889 72644       1000      789 0.044547
 4890 87856       1000      805 0.044547
 4891 81996       1000      785 0.044547
 4892 83285       1000      812 0.044547
 4893 82382       1000      740 0.044546
 4894 86993       1000      798 0.044546
 4895 79575       1000      764 0.044544
 4896 88879       1000      716 0.044544
 4897 67713       1000      801 0.044543
 4898 88802       1000      825 0.044540
 4899 84798       1000      802 0.044535
 4900 77992       1000      711 0.044533
 4901 70046       1000      795 0.044531
 4902 72237       1000      814 0.044531
 4903 66973       1000      791 0.044530
 4904 76920       1000      740 0.044528
 4905 80425       1000      796 0.044525
 4906 84919       1000      799 0.044523
 4907 79283       1000      791 0.044523
 4908 83387       1000      688 0.044522
 4909 82603       1000      802 0.044518
 4910 68969       1000      783 0.044518
 4911 87998       1000      828 0.044516
 4912 74450       1000      799 0.044513
 4913 79488       1000      799 0.044513
 4914 86483       1000      716 0.044513
 4915 71254       1000      792 0.044509
 4916 87733       1000      807 0.044507
 4917 84492       1000      793 0.044504
 4918 67893       1000      795 0.044503
 4919 86913       1000      693 0.044503
 4920 88037       1000      793 0.044503
 4921 73304       1000      794 0.044501
 4922 75572       1000      795 0.044501
 4923 85533       1000      735 0.044498
 4924 72006       1000      794 0.044497
 4925 68350       1000      809 0.044494
 4926 76559       1000      798 0.044493
 4927 74912       1000      737 0.044490
 4928 87048       1000      801 0.044490
 4929 88769       1000      783 0.044487
 4930 82017       1000      790 0.044487
 4931 87169       1000      742 0.044487
 4932 68446       1000      803 0.044486
 4933 68431       1000      804 0.044484
 4934 73825       1000      791 0.044484
 4935 66463       1000      725 0.044480
 4936 79144       1000      807 0.044479
 4937 79771       1000      796 0.044479
 4938 79761       1000      810 0.044477
 4939 71354       1000      698 0.044475
 4940 85352       1000      803 0.044474
 4941 85041       1000      814 0.044473
 4942 73364       1000      807 0.044470
 4943 88261       1000      794 0.044469
 4944 72404       1000      802 0.044467
 4945 82081       1000      799 0.044467
 4946 82233       1000      775 0.044465
 4947 87645       1000      785 0.044464
 4948 75418       1000      813 0.044464
 4949 77056       1000      791 0.044462
 4950 77001       1000      800 0.044461
 4951 71929       1000      785 0.044460
 4952 68285       1000      806 0.044460
 4953 67705       1000      778 0.044455
 4954 71247       1000      775 0.044453
 4955 83444       1000      771 0.044449
 4956 72611       1000      798 0.044448
 4957 72619       1000      790 0.044447
 4958 81588       1000      807 0.044446
 4959 68495       1000      821 0.044444
 4960 80244       1000      837 0.044441
 4961 66773       1000      812 0.044440
 4962 71243       1000      736 0.044439
 4963 75330       1000      814 0.044435
 4964 84503       1000      822 0.044435
 4965 74128       1000      803 0.044435
 4966 71689       1000      788 0.044434
 4967 68494       1000      829 0.044433
 4968 67354       1000      789 0.044431
 4969 79796       1000      795 0.044430
 4970 75386       1000      754 0.044429
 4971 71112       1000      802 0.044429
 4972 76960       1000      799 0.044428
 4973 75683       1000      782 0.044428
 4974 78266       1000      787 0.044428
 4975 86148       1000      798 0.044426
 4976 76148       1000      810 0.044424
 4977 80710       1000      744 0.044424
 4978 71958       1000      800 0.044422
 4979 81585       1000      816 0.044422
 4980 87089       1000      803 0.044421
 4981 88860       1000      805 0.044420
 4982 71764       1000      821 0.044417
 4983 73756       1000      798 0.044416
 4984 78164       1000      804 0.044415
 4985 72886       1000      824 0.044413
 4986 73228       1000      791 0.044412
 4987 84413       1000      745 0.044412
 4988 77216       1000      721 0.044408
 4989 74979       1000      792 0.044407
 4990 85626       1000      811 0.044405
 4991 84072       1000      738 0.044405
 4992 83957       1000      797 0.044404
 4993 85350       1000      788 0.044402
 4994 80896       1000      812 0.044399
 4995 84523       1000      801 0.044398
 4996 81566       1000      812 0.044398
 4997 86248       1000      731 0.044396
 4998 88600       1000      791 0.044396
 4999 77763       1000      794 0.044395
 5000 87065       1000      720 0.044393
 5001 78185       1000      805 0.044391
 5002 69709       1000      738 0.044389
 5003 72231       1000      696 0.044386
 5004 85147       1000      722 0.044381
 5005 65825       1000      817 0.044379
 5006 73397       1000      800 0.044378
 5007 77987       1000      774 0.044372
 5008 84415       1000      812 0.044371
 5009 86864       1000      811 0.044370
 5010 76746       1000      810 0.044368
 5011 87617       1000      780 0.044366
 5012 68721       1000      809 0.044364
 5013 68347       1000      767 0.044363
 5014 74962       1000      825 0.044362
 5015 67017       1000      775 0.044352
 5016 80863       1000      813 0.044350
 5017 68622       1000      811 0.044349
 5018 88740       1000      800 0.044349
 5019 72458       1000      714 0.044347
 5020 75212       1000      810 0.044346
 5021 74537       1000      715 0.044346
 5022 65945       1000      802 0.044346
 5023 83870       1000      803 0.044345
 5024 75847       1000      782 0.044341
 5025 65928       1000      824 0.044339
 5026 79545       1000      784 0.044336
 5027 82418       1000      741 0.044334
 5028 75267       1000      807 0.044331
 5029 85060       1000      708 0.044331
 5030 81628       1000      765 0.044329
 5031 71175       1000      808 0.044325
 5032 77530       1000      811 0.044324
 5033 81504       1000      810 0.044323
 5034 70005       1000      724 0.044322
 5035 82604       1000      810 0.044316
 5036 84533       1000      816 0.044316
 5037 68917       1000      737 0.044315
 5038 73235       1000      717 0.044314
 5039 73956       1000      730 0.044314
 5040 67786       1000      806 0.044314
 5041 77347       1000      806 0.044312
 5042 83645       1000      794 0.044311
 5043 81499       1000      808 0.044308
 5044 77819       1000      800 0.044305
 5045 72961       1000      800 0.044303
 5046 67872       1000      804 0.044302
 5047 72950       1000      813 0.044302
 5048 86509       1000      795 0.044301
 5049 84811       1000      713 0.044299
 5050 66929       1000      815 0.044298
 5051 84329       1000      814 0.044298
 5052 72469       1000      782 0.044297
 5053 69340       1000      795 0.044297
 5054 74109       1000      731 0.044295
 5055 78135       1000      811 0.044294
 5056 69953       1000      798 0.044290
 5057 73012       1000      801 0.044289
 5058 79763       1000      809 0.044288
 5059 72325       1000      727 0.044287
 5060 85951       1000      792 0.044287
 5061 76996       1000      743 0.044285
 5062 76578       1000      804 0.044285
 5063 73157       1000      728 0.044282
 5064 73390       1000      780 0.044281
 5065 76340       1000      803 0.044279
 5066 82414       1000      770 0.044277
 5067 67880       1000      814 0.044274
 5068 81602       1000      789 0.044273
 5069 87193       1000      826 0.044272
 5070 72854       1000      795 0.044270
 5071 71530       1000      805 0.044270
 5072 66796       1000      831 0.044267
 5073 75670       1000      817 0.044266
 5074 87259       1000      812 0.044265
 5075 76908       1000      785 0.044260
 5076 81169       1000      820 0.044260
 5077 88538       1000      810 0.044258
 5078 80570       1000      814 0.044257
 5079 72689       1000      715 0.044254
 5080 67189       1000      784 0.044252
 5081 82278       1000      720 0.044250
 5082 71632       1000      781 0.044246
 5083 67115       1000      790 0.044244
 5084 85158       1000      812 0.044244
 5085 72190       1000      806 0.044242
 5086 77951       1000      807 0.044241
 5087 84137       1000      723 0.044240
 5088 76881       1000      802 0.044233
 5089 81059       1000      789 0.044231
 5090 88373       1000      802 0.044230
 5091 81894       1000      768 0.044228
 5092 87388       1000      813 0.044228
 5093 68818       1000      742 0.044228
 5094 77897       1000      768 0.044226
 5095 66657       1000      800 0.044225
 5096 80185       1000      811 0.044224
 5097 75901       1000      794 0.044224
 5098 85772       1000      781 0.044223
 5099 73116       1000      805 0.044220
 5100 74908       1000      798 0.044219
 5101 73045       1000      741 0.044218
 5102 89211       1000      744 0.044217
 5103 72880       1000      818 0.044217
 5104 81712       1000      827 0.044212
 5105 66656       1000      786 0.044211
 5106 84958       1000      794 0.044211
 5107 68323       1000      785 0.044207
 5108 73679       1000      810 0.044206
 5109 68977       1000      716 0.044204
 5110 78469       1000      735 0.044203
 5111 88528       1000      784 0.044202
 5112 75687       1000      814 0.044202
 5113 72989       1000      808 0.044201
 5114 82294       1000      798 0.044198
 5115 82879       1000      771 0.044198
 5116 69874       1000      799 0.044193
 5117 67245       1000      794 0.044188
 5118 81517       1000      795 0.044188
 5119 68546       1000      800 0.044186
 5120 69252       1000      790 0.044186
 5121 66988       1000      789 0.044183
 5122 72391       1000      757 0.044183
 5123 78094       1000      810 0.044181
 5124 76377       1000      794 0.044178
 5125 80911       1000      722 0.044178
 5126 66683       1000      811 0.044177
 5127 81083       1000      809 0.044176
 5128 77815       1000      784 0.044175
 5129 70376       1000      792 0.044174
 5130 73087       1000      809 0.044174
 5131 88453       1000      819 0.044172
 5132 84206       1000      795 0.044170
 5133 86535       1000      737 0.044168
 5134 78163       1000      816 0.044167
 5135 85494       1000      821 0.044167
 5136 75660       1000      794 0.044164
 5137 83905       1000      797 0.044163
 5138 86590       1000      811 0.044163
 5139 79368       1000      798 0.044158
 5140 71714       1000      788 0.044157
 5141 80121       1000      809 0.044156
 5142 69043       1000      795 0.044155
 5143 71230       1000      746 0.044153
 5144 72328       1000      802 0.044150
 5145 67096       1000      795 0.044149
 5146 81727       1000      813 0.044146
 5147 72901       1000      789 0.044143
 5148 82219       1000      810 0.044140
 5149 88315       1000      774 0.044140
 5150 66011       1000      796 0.044140
 5151 81193       1000      804 0.044139
 5152 86471       1000      814 0.044138
 5153 67712       1000      791 0.044137
 5154 85991       1000      799 0.044136
 5155 86372       1000      810 0.044136
 5156 85211       1000      796 0.044136
 5157 65956       1000      748 0.044135
 5158 73274       1000      817 0.044135
 5159 77221       1000      819 0.044135
 5160 75658       1000      794 0.044132
 5161 82932       1000      803 0.044131
 5162 82491       1000      798 0.044127
 5163 81157       1000      778 0.044126
 5164 78383       1000      784 0.044126
 5165 74775       1000      799 0.044124
 5166 87475       1000      794 0.044124
 5167 74836       1000      802 0.044123
 5168 83369       1000      790 0.044122
 5169 69588       1000      817 0.044122
 5170 74294       1000      804 0.044121
 5171 82151       1000      798 0.044119
 5172 76865       1000      826 0.044118
 5173 66009       1000      807 0.044117
 5174 82441       1000      732 0.044115
 5175 79555       1000      790 0.044113
 5176 82782       1000      804 0.044113
 5177 72830       1000      783 0.044111
 5178 80602       1000      804 0.044110
 5179 74906       1000      787 0.044106
 5180 78299       1000      793 0.044106
 5181 75675       1000      814 0.044103
 5182 74777       1000      818 0.044102
 5183 88383       1000      808 0.044100
 5184 66673       1000      720 0.044100
 5185 79450       1000      789 0.044099
 5186 83000       1000      730 0.044097
 5187 77664       1000      827 0.044095
 5188 80875       1000      798 0.044095
 5189 69205       1000      719 0.044094
 5190 84323       1000      798 0.044093
 5191 75865       1000      816 0.044092
 5192 66095       1000      787 0.044092
 5193 79222       1000      795 0.044091
 5194 81085       1000      783 0.044090
 5195 86063       1000      717 0.044087
 5196 85724       1000      804 0.044087
 5197 87836       1000      701 0.044087
 5198 69851       1000      791 0.044086
 5199 86395       1000      787 0.044085
 5200 70804       1000      806 0.044085
 5201 67240       1000      794 0.044084
 5202 71920       1000      805 0.044083
 5203 73072       1000      809 0.044082
 5204 70534       1000      828 0.044079
 5205 71266       1000      715 0.044077
 5206 68227       1000      797 0.044075
 5207 81812       1000      810 0.044071
 5208 74044       1000      790 0.044068
 5209 69000       1000      814 0.044063
 5210 85500       1000      716 0.044062
 5211 89401       1000      788 0.044060
 5212 76388       1000      790 0.044059
 5213 80177       1000      778 0.044058
 5214 67185       1000      736 0.044057
 5215 80807       1000      800 0.044057
 5216 67018       1000      803 0.044057
 5217 88786       1000      798 0.044055
 5218 69067       1000      819 0.044053
 5219 70158       1000      801 0.044053
 5220 79482       1000      814 0.044051
 5221 80584       1000      788 0.044051
 5222 77728       1000      800 0.044051
 5223 79613       1000      785 0.044051
 5224 70316       1000      699 0.044050
 5225 77157       1000      827 0.044050
 5226 80732       1000      740 0.044050
 5227 84389       1000      792 0.044048
 5228 69335       1000      790 0.044047
 5229 69755       1000      788 0.044046
 5230 88391       1000      817 0.044045
 5231 85698       1000      792 0.044044
 5232 73620       1000      804 0.044042
 5233 88502       1000      798 0.044041
 5234 81419       1000      792 0.044037
 5235 81243       1000      803 0.044036
 5236 77926       1000      810 0.044035
 5237 68085       1000      785 0.044031
 5238 67124       1000      701 0.044030
 5239 78503       1000      805 0.044029
 5240 72501       1000      788 0.044028
 5241 77463       1000      788 0.044028
 5242 87601       1000      724 0.044027
 5243 85914       1000      797 0.044027
 5244 69775       1000      715 0.044026
 5245 70210       1000      799 0.044025
 5246 86986       1000      797 0.044024
 5247 89182       1000      786 0.044022
 5248 73003       1000      787 0.044022
 5249 73293       1000      819 0.044014
 5250 84354       1000      715 0.044007
 5251 71724       1000      794 0.044006
 5252 82800       1000      721 0.044004
 5253 74882       1000      794 0.044002
 5254 77550       1000      789 0.044001
 5255 78630       1000      722 0.044001
 5256 68506       1000      797 0.044000
 5257 67718       1000      722 0.043999
 5258 69256       1000      774 0.043996
 5259 76172       1000      735 0.043996
 5260 71141       1000      800 0.043995
 5261 78859       1000      708 0.043994
 5262 73128       1000      727 0.043992
 5263 71341       1000      791 0.043991
 5264 74378       1000      817 0.043990
 5265 66607       1000      797 0.043989
 5266 86639       1000      802 0.043987
 5267 85429       1000      829 0.043986
 5268 77274       1000      783 0.043985
 5269 75313       1000      733 0.043985
 5270 72286       1000      796 0.043985
 5271 73550       1000      801 0.043984
 5272 72127       1000      800 0.043980
 5273 76309       1000      729 0.043980
 5274 84128       1000      796 0.043979
 5275 76622       1000      781 0.043979
 5276 81335       1000      799 0.043979
 5277 85847       1000      823 0.043979
 5278 77281       1000      781 0.043977
 5279 88625       1000      796 0.043977
 5280 69272       1000      708 0.043976
 5281 69007       1000      806 0.043976
 5282 84591       1000      816 0.043974
 5283 70981       1000      797 0.043973
 5284 77927       1000      787 0.043973
 5285 82323       1000      801 0.043972
 5286 74790       1000      801 0.043969
 5287 83459       1000      740 0.043969
 5288 77420       1000      802 0.043967
 5289 75766       1000      711 0.043966
 5290 88689       1000      824 0.043962
 5291 85507       1000      810 0.043960
 5292 74000       1000      803 0.043960
 5293 82293       1000      811 0.043959
 5294 75594       1000      817 0.043958
 5295 88400       1000      791 0.043957
 5296 74650       1000      721 0.043957
 5297 72679       1000      710 0.043957
 5298 82055       1000      796 0.043956
 5299 74840       1000      778 0.043954
 5300 72373       1000      796 0.043952
 5301 75656       1000      738 0.043952
 5302 76108       1000      774 0.043951
 5303 74967       1000      808 0.043947
 5304 81315       1000      798 0.043947
 5305 70161       1000      790 0.043945
 5306 79888       1000      809 0.043943
 5307 79094       1000      705 0.043942
 5308 88002       1000      791 0.043940
 5309 71914       1000      809 0.043939
 5310 68640       1000      836 0.043938
 5311 71448       1000      812 0.043936
 5312 65838       1000      804 0.043935
 5313 72590       1000      800 0.043935
 5314 86547       1000      808 0.043935
 5315 79007       1000      804 0.043933
 5316 74077       1000      787 0.043932
 5317 80775       1000      813 0.043931
 5318 86554       1000      722 0.043931
 5319 74316       1000      727 0.043930
 5320 67406       1000      801 0.043929
 5321 85432       1000      796 0.043928
 5322 80528       1000      818 0.043925
 5323 79906       1000      824 0.043925
 5324 79087       1000      814 0.043922
 5325 84789       1000      794 0.043921
 5326 69277       1000      810 0.043921
 5327 85149       1000      809 0.043921
 5328 75192       1000      805 0.043918
 5329 74705       1000      803 0.043917
 5330 75545       1000      790 0.043916
 5331 66564       1000      798 0.043916
 5332 67565       1000      803 0.043916
 5333 78793       1000      789 0.043916
 5334 80511       1000      737 0.043912
 5335 88154       1000      788 0.043912
 5336 73776       1000      809 0.043911
 5337 79551       1000      800 0.043909
 5338 88381       1000      802 0.043908
 5339 75401       1000      781 0.043908
 5340 78529       1000      802 0.043908
 5341 70465       1000      722 0.043906
 5342 72239       1000      807 0.043906
 5343 88265       1000      825 0.043906
 5344 80444       1000      800 0.043905
 5345 68219       1000      719 0.043899
 5346 82670       1000      788 0.043899
 5347 86901       1000      711 0.043898
 5348 83248       1000      700 0.043898
 5349 78427       1000      803 0.043897
 5350 81924       1000      793 0.043896
 5351 89247       1000      806 0.043893
 5352 87729       1000      791 0.043891
 5353 67282       1000      793 0.043887
 5354 71656       1000      808 0.043886
 5355 88078       1000      794 0.043885
 5356 75771       1000      802 0.043884
 5357 76845       1000      811 0.043882
 5358 83801       1000      733 0.043882
 5359 76750       1000      804 0.043882
 5360 72581       1000      799 0.043881
 5361 80878       1000      731 0.043880
 5362 76949       1000      710 0.043879
 5363 71698       1000      784 0.043876
 5364 68192       1000      795 0.043870
 5365 77106       1000      738 0.043869
 5366 71124       1000      817 0.043868
 5367 86025       1000      812 0.043862
 5368 69180       1000      804 0.043862
 5369 76518       1000      749 0.043861
 5370 79392       1000      713 0.043860
 5371 84573       1000      815 0.043855
 5372 77305       1000      805 0.043854
 5373 82648       1000      789 0.043853
 5374 72885       1000      735 0.043852
 5375 85627       1000      807 0.043850
 5376 70392       1000      809 0.043850
 5377 73234       1000      809 0.043850
 5378 83049       1000      782 0.043849
 5379 70723       1000      795 0.043847
 5380 80838       1000      797 0.043847
 5381 68805       1000      806 0.043847
 5382 74539       1000      735 0.043847
 5383 66337       1000      785 0.043844
 5384 73903       1000      804 0.043843
 5385 82179       1000      797 0.043842
 5386 85134       1000      684 0.043841
 5387 79731       1000      826 0.043839
 5388 88785       1000      809 0.043838
 5389 82995       1000      802 0.043837
 5390 86479       1000      781 0.043837
 5391 88298       1000      796 0.043837
 5392 72532       1000      804 0.043836
 5393 85522       1000      783 0.043834
 5394 73222       1000      797 0.043831
 5395 88927       1000      803 0.043827
 5396 70699       1000      798 0.043827
 5397 67133       1000      783 0.043827
 5398 68074       1000      804 0.043826
 5399 80142       1000      793 0.043825
 5400 67103       1000      813 0.043825
 5401 79383       1000      791 0.043824
 5402 86260       1000      782 0.043824
 5403 80071       1000      813 0.043823
 5404 78374       1000      813 0.043820
 5405 67676       1000      807 0.043820
 5406 87557       1000      791 0.043819
 5407 83457       1000      785 0.043819
 5408 85108       1000      820 0.043818
 5409 72044       1000      786 0.043817
 5410 77208       1000      791 0.043817
 5411 83603       1000      807 0.043816
 5412 74440       1000      724 0.043815
 5413 83196       1000      804 0.043814
 5414 84947       1000      723 0.043813
 5415 66902       1000      716 0.043813
 5416 81515       1000      803 0.043812
 5417 81510       1000      735 0.043811
 5418 81096       1000      804 0.043810
 5419 70983       1000      773 0.043809
 5420 70389       1000      820 0.043808
 5421 80889       1000      812 0.043806
 5422 76516       1000      739 0.043806
 5423 71195       1000      768 0.043804
 5424 81165       1000      733 0.043804
 5425 73563       1000      806 0.043804
 5426 74722       1000      783 0.043803
 5427 65849       1000      803 0.043803
 5428 80483       1000      807 0.043799
 5429 87684       1000      804 0.043799
 5430 80915       1000      799 0.043797
 5431 89098       1000      794 0.043796
 5432 83834       1000      791 0.043795
 5433 70593       1000      825 0.043794
 5434 76369       1000      801 0.043790
 5435 79110       1000      807 0.043790
 5436 67634       1000      804 0.043788
 5437 67204       1000      801 0.043787
 5438 88127       1000      792 0.043787
 5439 67829       1000      807 0.043785
 5440 81782       1000      799 0.043785
 5441 89159       1000      776 0.043784
 5442 70118       1000      796 0.043783
 5443 84644       1000      806 0.043782
 5444 89113       1000      801 0.043782
 5445 75044       1000      806 0.043779
 5446 82707       1000      736 0.043779
 5447 72652       1000      811 0.043776
 5448 87127       1000      805 0.043775
 5449 82439       1000      776 0.043775
 5450 87227       1000      796 0.043774
 5451 88736       1000      703 0.043772
 5452 66874       1000      780 0.043771
 5453 79294       1000      781 0.043768
 5454 67252       1000      805 0.043768
 5455 76596       1000      787 0.043766
 5456 78322       1000      720 0.043764
 5457 76847       1000      738 0.043761
 5458 74655       1000      785 0.043758
 5459 88993       1000      793 0.043757
 5460 72987       1000      787 0.043755
 5461 72717       1000      817 0.043755
 5462 88463       1000      749 0.043753
 5463 84921       1000      806 0.043752
 5464 79983       1000      711 0.043747
 5465 72158       1000      785 0.043744
 5466 88824       1000      816 0.043744
 5467 86771       1000      799 0.043743
 5468 70369       1000      797 0.043742
 5469 87952       1000      807 0.043741
 5470 75844       1000      807 0.043740
 5471 76035       1000      797 0.043737
 5472 85234       1000      791 0.043737
 5473 85631       1000      808 0.043735
 5474 67128       1000      822 0.043734
 5475 71037       1000      792 0.043734
 5476 82121       1000      793 0.043733
 5477 83774       1000      806 0.043732
 5478 88286       1000      815 0.043732
 5479 69009       1000      785 0.043730
 5480 79692       1000      810 0.043730
 5481 75461       1000      798 0.043729
 5482 85305       1000      818 0.043729
 5483 77264       1000      803 0.043729
 5484 77793       1000      717 0.043728
 5485 70256       1000      701 0.043727
 5486 80000       1000      765 0.043726
 5487 67489       1000      723 0.043726
 5488 82143       1000      790 0.043725
 5489 74307       1000      796 0.043722
 5490 76427       1000      814 0.043720
 5491 67660       1000      770 0.043718
 5492 73250       1000      807 0.043716
 5493 72339       1000      712 0.043713
 5494 79031       1000      724 0.043713
 5495 88970       1000      790 0.043712
 5496 84779       1000      716 0.043710
 5497 82659       1000      789 0.043709
 5498 66065       1000      794 0.043708
 5499 78075       1000      811 0.043708
 5500 75543       1000      782 0.043708
 5501 74133       1000      804 0.043706
 5502 72596       1000      718 0.043704
 5503 79507       1000      824 0.043703
 5504 67417       1000      774 0.043703
 5505 73004       1000      723 0.043703
 5506 68904       1000      818 0.043702
 5507 76662       1000      732 0.043702
 5508 83649       1000      800 0.043700
 5509 84143       1000      816 0.043697
 5510 70667       1000      802 0.043696
 5511 77181       1000      772 0.043696
 5512 83396       1000      773 0.043694
 5513 76634       1000      803 0.043694
 5514 73095       1000      741 0.043694
 5515 79183       1000      805 0.043693
 5516 84185       1000      818 0.043688
 5517 85329       1000      729 0.043687
 5518 82114       1000      701 0.043686
 5519 76628       1000      802 0.043686
 5520 66122       1000      791 0.043685
 5521 70333       1000      791 0.043685
 5522 79707       1000      819 0.043680
 5523 68147       1000      719 0.043678
 5524 75439       1000      783 0.043678
 5525 82943       1000      720 0.043677
 5526 72474       1000      719 0.043676
 5527 67753       1000      818 0.043671
 5528 86973       1000      814 0.043670
 5529 75918       1000      713 0.043670
 5530 75932       1000      803 0.043670
 5531 78337       1000      808 0.043664
 5532 74920       1000      786 0.043663
 5533 68573       1000      797 0.043663
 5534 78594       1000      768 0.043662
 5535 85935       1000      798 0.043662
 5536 75667       1000      734 0.043660
 5537 79859       1000      700 0.043658
 5538 66392       1000      800 0.043658
 5539 81871       1000      803 0.043657
 5540 84748       1000      816 0.043656
 5541 66330       1000      810 0.043656
 5542 81769       1000      809 0.043655
 5543 71505       1000      794 0.043653
 5544 73029       1000      826 0.043653
 5545 85048       1000      799 0.043652
 5546 88872       1000      736 0.043650
 5547 66353       1000      715 0.043647
 5548 86996       1000      785 0.043647
 5549 84513       1000      786 0.043643
 5550 85577       1000      788 0.043643
 5551 67268       1000      779 0.043642
 5552 69086       1000      826 0.043642
 5553 71214       1000      798 0.043642
 5554 72780       1000      788 0.043636
 5555 87954       1000      747 0.043636
 5556 76621       1000      793 0.043635
 5557 80164       1000      812 0.043635
 5558 88778       1000      795 0.043635
 5559 74286       1000      797 0.043635
 5560 69644       1000      789 0.043635
 5561 66948       1000      816 0.043635
 5562 77816       1000      808 0.043630
 5563 89350       1000      790 0.043629
 5564 72471       1000      736 0.043629
 5565 77676       1000      803 0.043628
 5566 82985       1000      794 0.043627
 5567 73646       1000      794 0.043627
 5568 66563       1000      810 0.043626
 5569 88342       1000      791 0.043624
 5570 78990       1000      797 0.043623
 5571 77176       1000      713 0.043622
 5572 76233       1000      807 0.043620
 5573 88987       1000      817 0.043618
 5574 74470       1000      796 0.043618
 5575 75877       1000      810 0.043616
 5576 88162       1000      734 0.043616
 5577 79565       1000      716 0.043614
 5578 81136       1000      776 0.043612
 5579 87951       1000      733 0.043612
 5580 84671       1000      795 0.043611
 5581 84339       1000      703 0.043611
 5582 79944       1000      782 0.043609
 5583 78979       1000      798 0.043608
 5584 81709       1000      812 0.043608
 5585 88763       1000      797 0.043605
 5586 79620       1000      823 0.043603
 5587 68017       1000      800 0.043602
 5588 87396       1000      799 0.043599
 5589 66016       1000      786 0.043598
 5590 86518       1000      734 0.043597
 5591 82490       1000      782 0.043597
 5592 70464       1000      725 0.043596
 5593 66160       1000      797 0.043595
 5594 71974       1000      718 0.043594
 5595 66408       1000      778 0.043594
 5596 69338       1000      701 0.043593
 5597 86709       1000      802 0.043592
 5598 73687       1000      793 0.043592
 5599 79189       1000      786 0.043591
 5600 73031       1000      792 0.043590
 5601 82472       1000      802 0.043590
 5602 78580       1000      785 0.043586
 5603 71824       1000      796 0.043586
 5604 84035       1000      825 0.043583
 5605 70654       1000      773 0.043582
 5606 71919       1000      742 0.043579
 5607 69838       1000      734 0.043579
 5608 72367       1000      792 0.043577
 5609 68724       1000      827 0.043577
 5610 81884       1000      787 0.043576
 5611 78134       1000      710 0.043575
 5612 67468       1000      808 0.043575
 5613 69494       1000      815 0.043572
 5614 79770       1000      777 0.043572
 5615 77735       1000      817 0.043571
 5616 83836       1000      806 0.043568
 5617 74890       1000      795 0.043567
 5618 87509       1000      812 0.043567
 5619 85316       1000      811 0.043565
 5620 84147       1000      792 0.043564
 5621 88784       1000      792 0.043563
 5622 86800       1000      802 0.043561
 5623 87922       1000      798 0.043561
 5624 82899       1000      793 0.043560
 5625 89068       1000      801 0.043559
 5626 72061       1000      797 0.043559
 5627 83556       1000      805 0.043558
 5628 70843       1000      793 0.043556
 5629 73348       1000      792 0.043551
 5630 72198       1000      788 0.043549
 5631 79819       1000      780 0.043545
 5632 83138       1000      797 0.043543
 5633 70541       1000      797 0.043543
 5634 79157       1000      798 0.043541
 5635 68004       1000      809 0.043539
 5636 80480       1000      795 0.043539
 5637 81031       1000      786 0.043536
 5638 85479       1000      808 0.043533
 5639 74799       1000      796 0.043532
 5640 76467       1000      809 0.043531
 5641 73278       1000      818 0.043530
 5642 77377       1000      793 0.043529
 5643 67261       1000      815 0.043529
 5644 76589       1000      801 0.043529
 5645 89150       1000      778 0.043528
 5646 67477       1000      804 0.043527
 5647 77466       1000      792 0.043527
 5648 78946       1000      722 0.043525
 5649 82942       1000      797 0.043522
 5650 84106       1000      805 0.043521
 5651 86424       1000      785 0.043521
 5652 88456       1000      811 0.043520
 5653 82242       1000      808 0.043519
 5654 66949       1000      795 0.043519
 5655 73224       1000      792 0.043518
 5656 85427       1000      796 0.043518
 5657 76226       1000      817 0.043516
 5658 77287       1000      795 0.043512
 5659 72936       1000      740 0.043511
 5660 71401       1000      810 0.043510
 5661 71772       1000      797 0.043509
 5662 89334       1000      800 0.043504
 5663 66995       1000      815 0.043503
 5664 85395       1000      798 0.043502
 5665 67909       1000      800 0.043502
 5666 78295       1000      712 0.043499
 5667 71131       1000      713 0.043498
 5668 82931       1000      812 0.043498
 5669 83433       1000      794 0.043497
 5670 87869       1000      807 0.043497
 5671 67629       1000      813 0.043495
 5672 71201       1000      788 0.043495
 5673 88773       1000      815 0.043493
 5674 86301       1000      778 0.043493
 5675 77611       1000      726 0.043493
 5676 78170       1000      810 0.043490
 5677 70430       1000      799 0.043490
 5678 76294       1000      707 0.043490
 5679 78397       1000      721 0.043487
 5680 69378       1000      723 0.043484
 5681 74738       1000      797 0.043479
 5682 73101       1000      796 0.043479
 5683 70387       1000      792 0.043475
 5684 85195       1000      805 0.043475
 5685 82375       1000      707 0.043474
 5686 74826       1000      787 0.043470
 5687 73847       1000      795 0.043468
 5688 83538       1000      812 0.043467
 5689 84915       1000      809 0.043466
 5690 80891       1000      813 0.043466
 5691 80283       1000      808 0.043461
 5692 69790       1000      815 0.043460
 5693 66606       1000      777 0.043459
 5694 76707       1000      790 0.043458
 5695 76092       1000      793 0.043458
 5696 87273       1000      795 0.043458
 5697 72525       1000      804 0.043457
 5698 66813       1000      824 0.043456
 5699 86774       1000      772 0.043452
 5700 71603       1000      800 0.043451
 5701 77912       1000      798 0.043450
 5702 72668       1000      711 0.043448
 5703 72633       1000      793 0.043448
 5704 66736       1000      784 0.043446
 5705 66678       1000      736 0.043444
 5706 88891       1000      815 0.043444
 5707 67752       1000      790 0.043442
 5708 68500       1000      798 0.043442
 5709 88594       1000      803 0.043442
 5710 75990       1000      797 0.043441
 5711 81437       1000      746 0.043439
 5712 72799       1000      834 0.043438
 5713 86768       1000      823 0.043436
 5714 67741       1000      820 0.043436
 5715 71335       1000      802 0.043433
 5716 70243       1000      800 0.043428
 5717 88792       1000      793 0.043424
 5718 79076       1000      791 0.043422
 5719 79571       1000      790 0.043421
 5720 88203       1000      768 0.043420
 5721 87237       1000      794 0.043419
 5722 85684       1000      796 0.043419
 5723 66611       1000      807 0.043417
 5724 73792       1000      798 0.043414
 5725 71270       1000      793 0.043414
 5726 72241       1000      728 0.043413
 5727 76158       1000      793 0.043413
 5728 88732       1000      783 0.043412
 5729 82271       1000      722 0.043412
 5730 71814       1000      815 0.043411
 5731 85574       1000      794 0.043410
 5732 83101       1000      794 0.043409
 5733 78634       1000      822 0.043409
 5734 88630       1000      817 0.043407
 5735 74288       1000      810 0.043404
 5736 88079       1000      810 0.043404
 5737 81423       1000      775 0.043404
 5738 70110       1000      800 0.043404
 5739 78370       1000      791 0.043400
 5740 85529       1000      811 0.043398
 5741 71715       1000      790 0.043398
 5742 82619       1000      812 0.043397
 5743 86691       1000      796 0.043393
 5744 81304       1000      739 0.043391
 5745 70502       1000      790 0.043390
 5746 86377       1000      796 0.043390
 5747 84014       1000      809 0.043389
 5748 72794       1000      718 0.043387
 5749 77855       1000      809 0.043387
 5750 72624       1000      801 0.043385
 5751 85902       1000      806 0.043383
 5752 74787       1000      816 0.043381
 5753 68637       1000      804 0.043379
 5754 73110       1000      788 0.043378
 5755 75671       1000      775 0.043378
 5756 75007       1000      741 0.043372
 5757 88997       1000      790 0.043371
 5758 70149       1000      778 0.043370
 5759 85903       1000      791 0.043369
 5760 73558       1000      783 0.043367
 5761 78726       1000      790 0.043365
 5762 70515       1000      720 0.043365
 5763 79717       1000      819 0.043365
 5764 67461       1000      796 0.043365
 5765 83766       1000      723 0.043364
 5766 84807       1000      794 0.043364
 5767 74706       1000      783 0.043364
 5768 75716       1000      800 0.043363
 5769 78058       1000      798 0.043362
 5770 86830       1000      706 0.043353
 5771 66715       1000      750 0.043352
 5772 69197       1000      786 0.043350
 5773 69944       1000      801 0.043349
 5774 88211       1000      714 0.043349
 5775 68435       1000      815 0.043348
 5776 70824       1000      776 0.043348
 5777 67110       1000      800 0.043348
 5778 84729       1000      819 0.043347
 5779 86692       1000      804 0.043347
 5780 67515       1000      722 0.043346
 5781 81664       1000      788 0.043345
 5782 86400       1000      812 0.043344
 5783 79192       1000      812 0.043341
 5784 81313       1000      800 0.043340
 5785 69767       1000      724 0.043339
 5786 81902       1000      805 0.043336
 5787 83909       1000      794 0.043335
 5788 71432       1000      732 0.043334
 5789 86640       1000      729 0.043334
 5790 69165       1000      778 0.043332
 5791 76748       1000      784 0.043329
 5792 76197       1000      823 0.043328
 5793 77715       1000      715 0.043323
 5794 74978       1000      802 0.043319
 5795 79509       1000      786 0.043316
 5796 73641       1000      804 0.043316
 5797 72177       1000      732 0.043315
 5798 77158       1000      808 0.043315
 5799 75423       1000      799 0.043314
 5800 86994       1000      822 0.043313
 5801 82757       1000      728 0.043313
 5802 83016       1000      742 0.043311
 5803 66629       1000      805 0.043311
 5804 69005       1000      809 0.043311
 5805 72185       1000      792 0.043310
 5806 68894       1000      801 0.043309
 5807 69041       1000      776 0.043308
 5808 71593       1000      826 0.043306
 5809 87339       1000      797 0.043306
 5810 79129       1000      798 0.043305
 5811 73561       1000      795 0.043303
 5812 82267       1000      785 0.043303
 5813 67809       1000      749 0.043300
 5814 78944       1000      818 0.043300
 5815 89330       1000      803 0.043298
 5816 70712       1000      818 0.043297
 5817 87638       1000      792 0.043296
 5818 74923       1000      804 0.043295
 5819 83590       1000      803 0.043294
 5820 67076       1000      801 0.043291
 5821 66604       1000      794 0.043291
 5822 70326       1000      822 0.043291
 5823 89238       1000      821 0.043290
 5824 69970       1000      794 0.043290
 5825 76220       1000      790 0.043290
 5826 75130       1000      720 0.043289
 5827 79312       1000      786 0.043289
 5828 66985       1000      795 0.043288
 5829 73343       1000      799 0.043286
 5830 70967       1000      814 0.043285
 5831 79293       1000      787 0.043285
 5832 85896       1000      804 0.043284
 5833 87768       1000      731 0.043283
 5834 71768       1000      736 0.043281
 5835 67842       1000      739 0.043281
 5836 81950       1000      798 0.043280
 5837 72084       1000      742 0.043279
 5838 82427       1000      812 0.043278
 5839 86783       1000      787 0.043278
 5840 73938       1000      799 0.043274
 5841 72756       1000      804 0.043270
 5842 76660       1000      793 0.043269
 5843 74149       1000      723 0.043268
 5844 68305       1000      806 0.043264
 5845 69637       1000      804 0.043262
 5846 66295       1000      787 0.043259
 5847 66650       1000      782 0.043256
 5848 74082       1000      791 0.043254
 5849 84256       1000      797 0.043251
 5850 86482       1000      805 0.043249
 5851 87660       1000      776 0.043248
 5852 70991       1000      825 0.043248
 5853 69310       1000      796 0.043244
 5854 68978       1000      798 0.043241
 5855 79167       1000      806 0.043241
 5856 71436       1000      797 0.043240
 5857 73068       1000      811 0.043239
 5858 69028       1000      791 0.043238
 5859 87882       1000      798 0.043238
 5860 87821       1000      819 0.043236
 5861 77878       1000      781 0.043236
 5862 67611       1000      729 0.043232
 5863 89078       1000      797 0.043232
 5864 79443       1000      701 0.043232
 5865 86487       1000      807 0.043232
 5866 82656       1000      743 0.043232
 5867 81280       1000      721 0.043228
 5868 73986       1000      793 0.043219
 5869 72814       1000      815 0.043218
 5870 80267       1000      814 0.043216
 5871 88462       1000      723 0.043215
 5872 85068       1000      798 0.043214
 5873 66455       1000      711 0.043212
 5874 81287       1000      803 0.043212
 5875 71227       1000      780 0.043211
 5876 67976       1000      794 0.043207
 5877 75101       1000      804 0.043205
 5878 75163       1000      799 0.043205
 5879 65978       1000      796 0.043201
 5880 78202       1000      809 0.043199
 5881 80894       1000      807 0.043197
 5882 85125       1000      815 0.043197
 5883 65897       1000      804 0.043197
 5884 76890       1000      808 0.043197
 5885 67251       1000      797 0.043196
 5886 88949       1000      780 0.043196
 5887 88021       1000      796 0.043196
 5888 67014       1000      808 0.043195
 5889 80712       1000      818 0.043194
 5890 78281       1000      784 0.043194
 5891 85245       1000      797 0.043192
 5892 66045       1000      811 0.043192
 5893 84272       1000      734 0.043192
 5894 69348       1000      800 0.043191
 5895 79678       1000      783 0.043190
 5896 86010       1000      807 0.043190
 5897 82612       1000      797 0.043187
 5898 70729       1000      783 0.043187
 5899 74047       1000      804 0.043186
 5900 72768       1000      816 0.043186
 5901 81204       1000      788 0.043183
 5902 78839       1000      796 0.043183
 5903 78197       1000      834 0.043182
 5904 73349       1000      804 0.043182
 5905 82321       1000      788 0.043179
 5906 80892       1000      744 0.043176
 5907 66027       1000      723 0.043176
 5908 76948       1000      835 0.043175
 5909 73744       1000      795 0.043173
 5910 83360       1000      743 0.043172
 5911 77436       1000      807 0.043169
 5912 79724       1000      820 0.043167
 5913 81764       1000      782 0.043166
 5914 81843       1000      796 0.043165
 5915 83598       1000      786 0.043163
 5916 73957       1000      792 0.043161
 5917 86643       1000      800 0.043160
 5918 75694       1000      711 0.043160
 5919 77118       1000      811 0.043160
 5920 85957       1000      794 0.043160
 5921 76876       1000      794 0.043157
 5922 77487       1000      802 0.043157
 5923 73991       1000      788 0.043155
 5924 78874       1000      787 0.043154
 5925 79854       1000      779 0.043154
 5926 66374       1000      795 0.043152
 5927 86287       1000      720 0.043152
 5928 82135       1000      801 0.043150
 5929 68730       1000      708 0.043149
 5930 66880       1000      784 0.043148
 5931 79661       1000      790 0.043146
 5932 85251       1000      818 0.043145
 5933 65946       1000      819 0.043145
 5934 67862       1000      804 0.043144
 5935 70378       1000      699 0.043143
 5936 70512       1000      802 0.043142
 5937 68209       1000      707 0.043140
 5938 83443       1000      768 0.043140
 5939 88905       1000      799 0.043139
 5940 82851       1000      744 0.043139
 5941 87054       1000      704 0.043137
 5942 89121       1000      789 0.043137
 5943 75039       1000      793 0.043136
 5944 85118       1000      727 0.043134
 5945 69836       1000      796 0.043134
 5946 88607       1000      816 0.043133
 5947 74857       1000      807 0.043132
 5948 84067       1000      794 0.043131
 5949 86052       1000      802 0.043129
 5950 77757       1000      797 0.043128
 5951 70823       1000      723 0.043128
 5952 73867       1000      805 0.043126
 5953 74965       1000      734 0.043122
 5954 82576       1000      773 0.043121
 5955 86879       1000      790 0.043121
 5956 87264       1000      705 0.043119
 5957 71137       1000      708 0.043119
 5958 81632       1000      791 0.043119
 5959 79346       1000      729 0.043118
 5960 71222       1000      725 0.043115
 5961 88710       1000      731 0.043111
 5962 77915       1000      816 0.043111
 5963 82657       1000      710 0.043111
 5964 77233       1000      797 0.043106
 5965 73746       1000      727 0.043105
 5966 74001       1000      815 0.043103
 5967 83933       1000      782 0.043102
 5968 86163       1000      800 0.043100
 5969 69562       1000      796 0.043100
 5970 69786       1000      795 0.043099
 5971 66364       1000      807 0.043096
 5972 76011       1000      799 0.043095
 5973 87832       1000      803 0.043091
 5974 82492       1000      711 0.043091
 5975 76758       1000      789 0.043090
 5976 75302       1000      723 0.043088
 5977 72827       1000      724 0.043087
 5978 65899       1000      799 0.043085
 5979 88357       1000      718 0.043085
 5980 70727       1000      793 0.043084
 5981 83663       1000      773 0.043084
 5982 88811       1000      802 0.043084
 5983 80909       1000      731 0.043081
 5984 78794       1000      797 0.043080
 5985 73597       1000      796 0.043080
 5986 89086       1000      809 0.043076
 5987 84458       1000      805 0.043075
 5988 78343       1000      710 0.043075
 5989 66847       1000      738 0.043072
 5990 76231       1000      792 0.043071
 5991 78186       1000      804 0.043068
 5992 75653       1000      810 0.043068
 5993 85313       1000      785 0.043067
 5994 83848       1000      782 0.043066
 5995 73425       1000      807 0.043066
 5996 76604       1000      786 0.043065
 5997 67092       1000      817 0.043064
 5998 74792       1000      798 0.043064
 5999 82141       1000      811 0.043063
 6000 67690       1000      818 0.043063
 6001 78530       1000      727 0.043063
 6002 80614       1000      808 0.043062
 6003 79802       1000      792 0.043061
 6004 70615       1000      730 0.043061
 6005 76534       1000      793 0.043060
 6006 73454       1000      820 0.043057
 6007 86951       1000      806 0.043056
 6008 80537       1000      802 0.043055
 6009 77734       1000      794 0.043054
 6010 88611       1000      819 0.043052
 6011 75310       1000      801 0.043051
 6012 69089       1000      781 0.043047
 6013 79010       1000      797 0.043046
 6014 79278       1000      786 0.043045
 6015 85175       1000      818 0.043045
 6016 67493       1000      806 0.043045
 6017 71574       1000      794 0.043043
 6018 78307       1000      808 0.043041
 6019 75434       1000      802 0.043041
 6020 71386       1000      736 0.043040
 6021 69382       1000      815 0.043039
 6022 73314       1000      795 0.043038
 6023 84800       1000      814 0.043038
 6024 74863       1000      800 0.043037
 6025 67479       1000      805 0.043037
 6026 88244       1000      787 0.043033
 6027 79876       1000      801 0.043031
 6028 79143       1000      721 0.043030
 6029 67957       1000      735 0.043028
 6030 74578       1000      815 0.043028
 6031 84809       1000      779 0.043028
 6032 66348       1000      828 0.043025
 6033 75437       1000      810 0.043024
 6034 89239       1000      800 0.043023
 6035 72945       1000      797 0.043021
 6036 78853       1000      792 0.043020
 6037 76517       1000      798 0.043019
 6038 67025       1000      794 0.043019
 6039 76181       1000      823 0.043017
 6040 77482       1000      721 0.043017
 6041 82760       1000      804 0.043016
 6042 85275       1000      731 0.043015
 6043 74490       1000      710 0.043015
 6044 75160       1000      742 0.043011
 6045 75726       1000      816 0.043010
 6046 84010       1000      808 0.043009
 6047 78369       1000      813 0.043009
 6048 73362       1000      800 0.043007
 6049 83203       1000      803 0.043006
 6050 68324       1000      797 0.043005
 6051 83786       1000      743 0.043004
 6052 83864       1000      726 0.043004
 6053 81464       1000      808 0.043003
 6054 81255       1000      799 0.043001
 6055 68158       1000      800 0.043000
 6056 73917       1000      721 0.042999
 6057 86592       1000      831 0.042998
 6058 72418       1000      810 0.042998
 6059 75608       1000      787 0.042998
 6060 88200       1000      803 0.042991
 6061 71311       1000      794 0.042991
 6062 87540       1000      802 0.042990
 6063 67944       1000      799 0.042987
 6064 81363       1000      798 0.042986
 6065 79176       1000      717 0.042985
 6066 83591       1000      784 0.042985
 6067 81097       1000      801 0.042985
 6068 79806       1000      810 0.042983
 6069 70423       1000      796 0.042981
 6070 79682       1000      792 0.042980
 6071 88065       1000      797 0.042980
 6072 68056       1000      823 0.042978
 6073 81268       1000      796 0.042977
 6074 89207       1000      803 0.042977
 6075 67393       1000      709 0.042977
 6076 69018       1000      806 0.042975
 6077 79282       1000      777 0.042975
 6078 67831       1000      796 0.042975
 6079 69347       1000      806 0.042973
 6080 87755       1000      794 0.042972
 6081 75583       1000      816 0.042972
 6082 88352       1000      792 0.042971
 6083 69431       1000      792 0.042971
 6084 80450       1000      735 0.042970
 6085 66765       1000      730 0.042969
 6086 66971       1000      803 0.042968
 6087 73947       1000      742 0.042966
 6088 84968       1000      814 0.042964
 6089 69329       1000      789 0.042964
 6090 77055       1000      789 0.042961
 6091 70334       1000      728 0.042961
 6092 73203       1000      811 0.042960
 6093 73607       1000      805 0.042959
 6094 75770       1000      808 0.042957
 6095 81516       1000      800 0.042956
 6096 71862       1000      712 0.042954
 6097 77012       1000      820 0.042954
 6098 71014       1000      803 0.042953
 6099 88374       1000      803 0.042952
 6100 72275       1000      799 0.042951
 6101 83386       1000      715 0.042950
 6102 85046       1000      792 0.042948
 6103 82677       1000      706 0.042948
 6104 80077       1000      815 0.042946
 6105 81500       1000      731 0.042946
 6106 78661       1000      780 0.042943
 6107 70036       1000      795 0.042943
 6108 85038       1000      802 0.042941
 6109 81000       1000      790 0.042941
 6110 70040       1000      783 0.042939
 6111 82129       1000      807 0.042937
 6112 80163       1000      796 0.042936
 6113 83209       1000      819 0.042936
 6114 71815       1000      795 0.042936
 6115 72415       1000      806 0.042934
 6116 73653       1000      718 0.042934
 6117 78016       1000      804 0.042934
 6118 68095       1000      712 0.042933
 6119 75628       1000      794 0.042933
 6120 85226       1000      790 0.042933
 6121 73400       1000      728 0.042931
 6122 76261       1000      733 0.042930
 6123 83257       1000      818 0.042929
 6124 66151       1000      800 0.042929
 6125 79464       1000      719 0.042928
 6126 66199       1000      795 0.042925
 6127 86072       1000      800 0.042923
 6128 74345       1000      782 0.042922
 6129 65917       1000      791 0.042921
 6130 66066       1000      801 0.042921
 6131 68084       1000      744 0.042919
 6132 70769       1000      811 0.042917
 6133 66775       1000      811 0.042917
 6134 74794       1000      782 0.042915
 6135 79202       1000      794 0.042914
 6136 81836       1000      794 0.042914
 6137 72687       1000      792 0.042912
 6138 84176       1000      795 0.042909
 6139 85853       1000      792 0.042908
 6140 81051       1000      767 0.042908
 6141 79168       1000      791 0.042906
 6142 84834       1000      787 0.042905
 6143 70535       1000      797 0.042905
 6144 82528       1000      724 0.042902
 6145 87064       1000      797 0.042900
 6146 78539       1000      796 0.042899
 6147 83472       1000      808 0.042897
 6148 84291       1000      740 0.042897
 6149 81110       1000      712 0.042895
 6150 65963       1000      711 0.042894
 6151 87544       1000      798 0.042894
 6152 88746       1000      751 0.042894
 6153 89237       1000      779 0.042893
 6154 65813       1000      798 0.042892
 6155 80976       1000      795 0.042890
 6156 83467       1000      784 0.042889
 6157 67982       1000      780 0.042889
 6158 77780       1000      810 0.042888
 6159 71756       1000      827 0.042888
 6160 88257       1000      791 0.042887
 6161 70088       1000      789 0.042887
 6162 75486       1000      800 0.042886
 6163 68800       1000      795 0.042885
 6164 71113       1000      723 0.042884
 6165 76026       1000      802 0.042884
 6166 70276       1000      730 0.042881
 6167 78852       1000      790 0.042878
 6168 87156       1000      726 0.042876
 6169 74497       1000      783 0.042876
 6170 80650       1000      799 0.042876
 6171 74455       1000      795 0.042875
 6172 88308       1000      804 0.042873
 6173 86318       1000      808 0.042872
 6174 85806       1000      807 0.042870
 6175 78133       1000      726 0.042870
 6176 88012       1000      797 0.042870
 6177 68792       1000      797 0.042869
 6178 83885       1000      723 0.042869
 6179 87872       1000      796 0.042869
 6180 78595       1000      799 0.042868
 6181 66103       1000      792 0.042868
 6182 78830       1000      712 0.042867
 6183 80064       1000      795 0.042867
 6184 70538       1000      802 0.042867
 6185 80182       1000      798 0.042863
 6186 68014       1000      819 0.042861
 6187 74367       1000      790 0.042859
 6188 74474       1000      780 0.042857
 6189 79337       1000      716 0.042853
 6190 85428       1000      804 0.042852
 6191 77426       1000      784 0.042852
 6192 77217       1000      824 0.042851
 6193 89153       1000      809 0.042848
 6194 85119       1000      791 0.042848
 6195 71668       1000      800 0.042848
 6196 72041       1000      792 0.042848
 6197 69547       1000      786 0.042847
 6198 87596       1000      774 0.042847
 6199 73600       1000      730 0.042846
 6200 69401       1000      789 0.042846
 6201 84515       1000      796 0.042845
 6202 80036       1000      801 0.042842
 6203 88333       1000      739 0.042842
 6204 87948       1000      804 0.042840
 6205 67813       1000      787 0.042837
 6206 85040       1000      736 0.042836
 6207 78957       1000      789 0.042836
 6208 77549       1000      747 0.042831
 6209 75172       1000      815 0.042830
 6210 81399       1000      792 0.042830
 6211 74471       1000      775 0.042830
 6212 75094       1000      794 0.042829
 6213 72782       1000      803 0.042829
 6214 67859       1000      735 0.042828
 6215 88319       1000      799 0.042828
 6216 73592       1000      809 0.042827
 6217 79633       1000      802 0.042826
 6218 72836       1000      705 0.042826
 6219 68070       1000      792 0.042825
 6220 77112       1000      737 0.042824
 6221 83946       1000      800 0.042824
 6222 82934       1000      792 0.042824
 6223 79181       1000      798 0.042823
 6224 67456       1000      707 0.042823
 6225 78645       1000      809 0.042823
 6226 84493       1000      722 0.042823
 6227 72277       1000      775 0.042823
 6228 75979       1000      797 0.042822
 6229 67796       1000      704 0.042822
 6230 69633       1000      706 0.042821
 6231 84467       1000      800 0.042816
 6232 72798       1000      725 0.042813
 6233 69984       1000      786 0.042811
 6234 87449       1000      821 0.042811
 6235 69931       1000      798 0.042809
 6236 79912       1000      804 0.042807
 6237 83249       1000      794 0.042807
 6238 88067       1000      724 0.042807
 6239 68035       1000      706 0.042807
 6240 89109       1000      787 0.042805
 6241 76649       1000      797 0.042804
 6242 82027       1000      791 0.042801
 6243 84234       1000      812 0.042800
 6244 84610       1000      808 0.042799
 6245 82835       1000      802 0.042799
 6246 80339       1000      785 0.042798
 6247 77929       1000      783 0.042797
 6248 85039       1000      829 0.042796
 6249 81507       1000      808 0.042796
 6250 83531       1000      795 0.042794
 6251 69560       1000      813 0.042793
 6252 74695       1000      774 0.042793
 6253 81599       1000      799 0.042793
 6254 84379       1000      790 0.042792
 6255 82287       1000      806 0.042791
 6256 73439       1000      782 0.042791
 6257 82662       1000      789 0.042791
 6258 67610       1000      799 0.042790
 6259 66686       1000      802 0.042789
 6260 66753       1000      795 0.042788
 6261 71932       1000      795 0.042785
 6262 72616       1000      795 0.042784
 6263 81010       1000      727 0.042784
 6264 70937       1000      814 0.042782
 6265 69088       1000      735 0.042781
 6266 69234       1000      809 0.042780
 6267 88371       1000      805 0.042780
 6268 87366       1000      708 0.042779
 6269 74061       1000      718 0.042775
 6270 84462       1000      806 0.042772
 6271 69823       1000      787 0.042770
 6272 73422       1000      803 0.042770
 6273 83082       1000      782 0.042768
 6274 87793       1000      707 0.042767
 6275 74866       1000      793 0.042766
 6276 86021       1000      817 0.042766
 6277 75026       1000      718 0.042765
 6278 71592       1000      788 0.042762
 6279 67856       1000      800 0.042762
 6280 79484       1000      724 0.042758
 6281 79979       1000      786 0.042757
 6282 88177       1000      799 0.042753
 6283 82260       1000      810 0.042751
 6284 80119       1000      787 0.042751
 6285 72942       1000      726 0.042747
 6286 84055       1000      789 0.042747
 6287 81674       1000      797 0.042742
 6288 87752       1000      804 0.042742
 6289 73270       1000      783 0.042741
 6290 68341       1000      784 0.042741
 6291 68176       1000      782 0.042741
 6292 77431       1000      706 0.042736
 6293 81622       1000      831 0.042735
 6294 81219       1000      809 0.042735
 6295 86713       1000      805 0.042733
 6296 76987       1000      810 0.042732
 6297 83204       1000      805 0.042731
 6298 82547       1000      807 0.042729
 6299 69792       1000      800 0.042729
 6300 80525       1000      719 0.042728
 6301 77469       1000      788 0.042727
 6302 89376       1000      788 0.042727
 6303 82964       1000      708 0.042727
 6304 74888       1000      731 0.042724
 6305 77016       1000      805 0.042724
 6306 78321       1000      793 0.042722
 6307 77418       1000      780 0.042722
 6308 84112       1000      799 0.042721
 6309 83460       1000      789 0.042719
 6310 68754       1000      709 0.042717
 6311 87463       1000      738 0.042716
 6312 70171       1000      808 0.042715
 6313 66882       1000      797 0.042715
 6314 82222       1000      794 0.042714
 6315 87933       1000      791 0.042713
 6316 79646       1000      815 0.042712
 6317 83800       1000      788 0.042711
 6318 69426       1000      820 0.042711
 6319 69251       1000      796 0.042711
 6320 67598       1000      721 0.042710
 6321 83863       1000      723 0.042708
 6322 86364       1000      818 0.042706
 6323 78838       1000      804 0.042705
 6324 73392       1000      822 0.042704
 6325 85224       1000      796 0.042703
 6326 69813       1000      786 0.042701
 6327 67614       1000      733 0.042700
 6328 88737       1000      787 0.042700
 6329 82161       1000      794 0.042697
 6330 85534       1000      793 0.042697
 6331 82886       1000      785 0.042696
 6332 70322       1000      731 0.042696
 6333 76318       1000      778 0.042695
 6334 81651       1000      725 0.042695
 6335 80122       1000      792 0.042694
 6336 72988       1000      800 0.042694
 6337 88967       1000      709 0.042692
 6338 76709       1000      777 0.042688
 6339 73608       1000      738 0.042686
 6340 87622       1000      803 0.042684
 6341 73549       1000      809 0.042682
 6342 78439       1000      814 0.042681
 6343 70221       1000      795 0.042679
 6344 69167       1000      796 0.042679
 6345 78995       1000      808 0.042678
 6346 68474       1000      803 0.042678
 6347 71264       1000      813 0.042678
 6348 71982       1000      800 0.042676
 6349 66692       1000      812 0.042675
 6350 69483       1000      798 0.042675
 6351 73707       1000      786 0.042675
 6352 83819       1000      789 0.042675
 6353 67249       1000      787 0.042674
 6354 75124       1000      808 0.042674
 6355 88928       1000      804 0.042672
 6356 75611       1000      792 0.042670
 6357 85493       1000      801 0.042667
 6358 72184       1000      799 0.042665
 6359 80225       1000      785 0.042663
 6360 78288       1000      783 0.042660
 6361 73140       1000      720 0.042660
 6362 75911       1000      725 0.042658
 6363 83887       1000      789 0.042656
 6364 67688       1000      792 0.042656
 6365 83859       1000      814 0.042654
 6366 83695       1000      797 0.042652
 6367 79787       1000      788 0.042651
 6368 79381       1000      791 0.042651
 6369 89041       1000      784 0.042651
 6370 81761       1000      786 0.042651
 6371 75926       1000      793 0.042650
 6372 81656       1000      804 0.042648
 6373 82333       1000      730 0.042647
 6374 87279       1000      805 0.042645
 6375 70255       1000      809 0.042642
 6376 85546       1000      793 0.042638
 6377 85810       1000      812 0.042638
 6378 80101       1000      729 0.042637
 6379 79719       1000      805 0.042636
 6380 68938       1000      814 0.042636
 6381 81973       1000      732 0.042636
 6382 68076       1000      809 0.042635
 6383 77440       1000      795 0.042631
 6384 71240       1000      824 0.042630
 6385 70358       1000      799 0.042630
 6386 79895       1000      799 0.042629
 6387 88674       1000      793 0.042628
 6388 74449       1000      816 0.042627
 6389 83541       1000      740 0.042627
 6390 83704       1000      785 0.042623
 6391 88204       1000      804 0.042623
 6392 67223       1000      817 0.042621
 6393 83288       1000      793 0.042621
 6394 71641       1000      785 0.042620
 6395 85503       1000      727 0.042619
 6396 83492       1000      724 0.042619
 6397 88947       1000      791 0.042613
 6398 73067       1000      786 0.042612
 6399 74996       1000      802 0.042610
 6400 80423       1000      728 0.042610
 6401 83233       1000      788 0.042608
 6402 66704       1000      768 0.042607
 6403 72236       1000      726 0.042607
 6404 78931       1000      815 0.042602
 6405 74987       1000      792 0.042602
 6406 83594       1000      819 0.042598
 6407 82262       1000      800 0.042596
 6408 70473       1000      797 0.042596
 6409 89259       1000      822 0.042596
 6410 77505       1000      790 0.042596
 6411 86759       1000      812 0.042595
 6412 88755       1000      796 0.042594
 6413 74593       1000      816 0.042593
 6414 69343       1000      821 0.042590
 6415 70879       1000      809 0.042588
 6416 73730       1000      787 0.042584
 6417 81932       1000      819 0.042584
 6418 75363       1000      813 0.042582
 6419 81941       1000      819 0.042581
 6420 69158       1000      788 0.042580
 6421 88217       1000      796 0.042578
 6422 81568       1000      798 0.042577
 6423 75886       1000      729 0.042575
 6424 75866       1000      800 0.042575
 6425 79993       1000      793 0.042574
 6426 85633       1000      710 0.042573
 6427 86147       1000      736 0.042570
 6428 69472       1000      821 0.042568
 6429 88301       1000      779 0.042566
 6430 88160       1000      724 0.042564
 6431 68777       1000      790 0.042564
 6432 72711       1000      794 0.042563
 6433 69352       1000      812 0.042563
 6434 78572       1000      805 0.042562
 6435 85744       1000      722 0.042559
 6436 79437       1000      801 0.042558
 6437 71609       1000      784 0.042553
 6438 85349       1000      807 0.042553
 6439 75822       1000      723 0.042550
 6440 87453       1000      786 0.042547
 6441 89352       1000      690 0.042546
 6442 77338       1000      719 0.042545
 6443 70104       1000      731 0.042542
 6444 81404       1000      800 0.042540
 6445 77343       1000      727 0.042540
 6446 69274       1000      787 0.042539
 6447 82857       1000      821 0.042538
 6448 71679       1000      714 0.042538
 6449 72948       1000      788 0.042538
 6450 84910       1000      791 0.042536
 6451 67401       1000      787 0.042535
 6452 88494       1000      798 0.042534
 6453 85943       1000      796 0.042532
 6454 75030       1000      782 0.042531
 6455 84416       1000      837 0.042530
 6456 88355       1000      740 0.042530
 6457 86538       1000      790 0.042529
 6458 69519       1000      789 0.042526
 6459 71735       1000      711 0.042526
 6460 81113       1000      769 0.042525
 6461 68424       1000      805 0.042523
 6462 87769       1000      781 0.042522
 6463 85235       1000      714 0.042518
 6464 73238       1000      808 0.042517
 6465 79966       1000      773 0.042516
 6466 85582       1000      786 0.042515
 6467 80683       1000      805 0.042515
 6468 77577       1000      809 0.042514
 6469 74199       1000      803 0.042512
 6470 82147       1000      797 0.042510
 6471 72428       1000      793 0.042510
 6472 73360       1000      826 0.042506
 6473 75854       1000      799 0.042505
 6474 84285       1000      736 0.042505
 6475 77290       1000      808 0.042505
 6476 75215       1000      804 0.042501
 6477 71955       1000      804 0.042499
 6478 79043       1000      800 0.042499
 6479 75294       1000      782 0.042499
 6480 68229       1000      699 0.042498
 6481 71189       1000      808 0.042498
 6482 72958       1000      708 0.042496
 6483 88958       1000      795 0.042495
 6484 80992       1000      804 0.042495
 6485 79091       1000      819 0.042490
 6486 86634       1000      797 0.042490
 6487 72081       1000      809 0.042490
 6488 87905       1000      806 0.042490
 6489 69016       1000      713 0.042485
 6490 88087       1000      692 0.042484
 6491 81685       1000      800 0.042484
 6492 67333       1000      787 0.042482
 6493 83582       1000      780 0.042482
 6494 69929       1000      797 0.042478
 6495 85078       1000      798 0.042474
 6496 66055       1000      806 0.042474
 6497 67725       1000      806 0.042474
 6498 84172       1000      800 0.042474
 6499 68245       1000      796 0.042474
 6500 81174       1000      733 0.042473
 6501 74066       1000      805 0.042473
 6502 80983       1000      708 0.042471
 6503 68540       1000      802 0.042471
 6504 89136       1000      712 0.042471
 6505 84579       1000      722 0.042470
 6506 85239       1000      777 0.042469
 6507 71475       1000      806 0.042468
 6508 68124       1000      829 0.042461
 6509 78246       1000      704 0.042459
 6510 77756       1000      791 0.042459
 6511 65950       1000      793 0.042459
 6512 86394       1000      792 0.042458
 6513 71291       1000      724 0.042458
 6514 83963       1000      800 0.042456
 6515 85997       1000      812 0.042455
 6516 67987       1000      696 0.042451
 6517 71873       1000      802 0.042451
 6518 67719       1000      777 0.042450
 6519 74597       1000      708 0.042447
 6520 75489       1000      805 0.042446
 6521 80779       1000      790 0.042445
 6522 74145       1000      729 0.042445
 6523 76288       1000      785 0.042445
 6524 73151       1000      724 0.042445
 6525 88432       1000      812 0.042444
 6526 75894       1000      798 0.042443
 6527 81842       1000      719 0.042443
 6528 86610       1000      802 0.042443
 6529 72390       1000      792 0.042441
 6530 79952       1000      733 0.042440
 6531 76101       1000      785 0.042436
 6532 71900       1000      817 0.042436
 6533 88515       1000      796 0.042435
 6534 69489       1000      735 0.042435
 6535 66567       1000      799 0.042434
 6536 68353       1000      806 0.042434
 6537 70474       1000      790 0.042433
 6538 66873       1000      799 0.042432
 6539 77315       1000      697 0.042431
 6540 86648       1000      806 0.042431
 6541 66404       1000      779 0.042430
 6542 84609       1000      739 0.042430
 6543 77941       1000      784 0.042429
 6544 87228       1000      809 0.042429
 6545 86059       1000      794 0.042428
 6546 87818       1000      719 0.042426
 6547 68260       1000      801 0.042423
 6548 68387       1000      779 0.042423
 6549 74362       1000      795 0.042422
 6550 67885       1000      788 0.042422
 6551 78776       1000      720 0.042421
 6552 88683       1000      796 0.042418
 6553 88090       1000      770 0.042412
 6554 70285       1000      707 0.042410
 6555 66344       1000      796 0.042406
 6556 77260       1000      783 0.042402
 6557 80056       1000      813 0.042401
 6558 77685       1000      790 0.042401
 6559 86806       1000      718 0.042400
 6560 83164       1000      798 0.042400
 6561 68197       1000      782 0.042398
 6562 87681       1000      809 0.042397
 6563 74587       1000      793 0.042397
 6564 81746       1000      744 0.042392
 6565 85911       1000      809 0.042391
 6566 69516       1000      769 0.042391
 6567 76970       1000      728 0.042390
 6568 87881       1000      808 0.042390
 6569 75589       1000      794 0.042389
 6570 69068       1000      695 0.042388
 6571 75577       1000      725 0.042386
 6572 68679       1000      791 0.042384
 6573 88444       1000      802 0.042383
 6574 86985       1000      806 0.042383
 6575 84715       1000      801 0.042381
 6576 85709       1000      788 0.042378
 6577 83065       1000      754 0.042377
 6578 78264       1000      804 0.042376
 6579 82514       1000      814 0.042375
 6580 83977       1000      799 0.042375
 6581 74067       1000      751 0.042375
 6582 67372       1000      801 0.042375
 6583 80290       1000      818 0.042374
 6584 68397       1000      715 0.042374
 6585 71471       1000      805 0.042374
 6586 85984       1000      789 0.042371
 6587 70517       1000      745 0.042371
 6588 86725       1000      745 0.042370
 6589 76337       1000      708 0.042368
 6590 70213       1000      804 0.042367
 6591 85433       1000      780 0.042367
 6592 86690       1000      808 0.042362
 6593 84451       1000      793 0.042362
 6594 68618       1000      801 0.042361
 6595 78445       1000      722 0.042361
 6596 69301       1000      802 0.042360
 6597 80329       1000      804 0.042360
 6598 76332       1000      698 0.042359
 6599 70603       1000      798 0.042357
 6600 87268       1000      725 0.042356
 6601 76984       1000      798 0.042355
 6602 75238       1000      787 0.042355
 6603 83350       1000      784 0.042355
 6604 69281       1000      789 0.042354
 6605 70070       1000      809 0.042353
 6606 72276       1000      814 0.042352
 6607 67973       1000      746 0.042352
 6608 88238       1000      740 0.042349
 6609 76902       1000      722 0.042348
 6610 82285       1000      811 0.042347
 6611 68436       1000      811 0.042346
 6612 74203       1000      822 0.042346
 6613 89058       1000      725 0.042345
 6614 69744       1000      826 0.042345
 6615 81607       1000      731 0.042340
 6616 66979       1000      787 0.042340
 6617 73378       1000      800 0.042340
 6618 66053       1000      785 0.042338
 6619 76606       1000      796 0.042334
 6620 69646       1000      713 0.042333
 6621 87040       1000      798 0.042331
 6622 72308       1000      809 0.042330
 6623 78387       1000      796 0.042328
 6624 72106       1000      802 0.042326
 6625 68511       1000      791 0.042325
 6626 69445       1000      723 0.042322
 6627 78361       1000      787 0.042320
 6628 88871       1000      804 0.042319
 6629 72688       1000      833 0.042319
 6630 70395       1000      807 0.042317
 6631 83802       1000      716 0.042315
 6632 76015       1000      792 0.042315
 6633 84121       1000      804 0.042315
 6634 70133       1000      816 0.042312
 6635 74010       1000      805 0.042307
 6636 84688       1000      704 0.042307
 6637 81641       1000      748 0.042306
 6638 88435       1000      794 0.042306
 6639 88019       1000      819 0.042306
 6640 85953       1000      794 0.042303
 6641 67507       1000      828 0.042301
 6642 73631       1000      799 0.042300
 6643 82449       1000      807 0.042298
 6644 78677       1000      725 0.042297
 6645 79817       1000      813 0.042297
 6646 89137       1000      802 0.042296
 6647 85990       1000      808 0.042294
 6648 74153       1000      824 0.042292
 6649 86500       1000      805 0.042286
 6650 89306       1000      717 0.042285
 6651 75169       1000      723 0.042284
 6652 84865       1000      788 0.042280
 6653 72609       1000      806 0.042280
 6654 68162       1000      793 0.042278
 6655 80346       1000      792 0.042277
 6656 67449       1000      803 0.042276
 6657 82811       1000      806 0.042276
 6658 66755       1000      792 0.042275
 6659 72298       1000      802 0.042274
 6660 70718       1000      808 0.042272
 6661 76051       1000      808 0.042271
 6662 73265       1000      803 0.042269
 6663 82783       1000      778 0.042269
 6664 83723       1000      801 0.042266
 6665 83952       1000      793 0.042266
 6666 75662       1000      732 0.042264
 6667 88503       1000      728 0.042264
 6668 68651       1000      810 0.042262
 6669 77853       1000      796 0.042261
 6670 80866       1000      811 0.042260
 6671 74445       1000      725 0.042260
 6672 70374       1000      807 0.042259
 6673 69017       1000      812 0.042259
 6674 82680       1000      818 0.042259
 6675 89165       1000      795 0.042258
 6676 76842       1000      745 0.042258
 6677 81026       1000      767 0.042257
 6678 76449       1000      794 0.042256
 6679 82188       1000      716 0.042255
 6680 68125       1000      803 0.042254
 6681 83901       1000      813 0.042254
 6682 77337       1000      778 0.042254
 6683 70563       1000      801 0.042254
 6684 81552       1000      804 0.042253
 6685 74008       1000      804 0.042253
 6686 73837       1000      825 0.042251
 6687 73449       1000      820 0.042249
 6688 67969       1000      813 0.042248
 6689 80362       1000      800 0.042245
 6690 85067       1000      757 0.042245
 6691 85842       1000      816 0.042244
 6692 77917       1000      795 0.042243
 6693 74152       1000      814 0.042242
 6694 89004       1000      798 0.042242
 6695 66859       1000      789 0.042241
 6696 74526       1000      794 0.042240
 6697 69120       1000      788 0.042236
 6698 86294       1000      796 0.042236
 6699 72227       1000      807 0.042235
 6700 69368       1000      791 0.042232
 6701 74653       1000      716 0.042232
 6702 83736       1000      806 0.042231
 6703 78688       1000      801 0.042231
 6704 76590       1000      824 0.042229
 6705 79224       1000      778 0.042229
 6706 81928       1000      722 0.042228
 6707 73121       1000      806 0.042228
 6708 69299       1000      768 0.042227
 6709 72274       1000      794 0.042226
 6710 73443       1000      792 0.042222
 6711 82663       1000      689 0.042222
 6712 68947       1000      719 0.042221
 6713 71472       1000      705 0.042221
 6714 80470       1000      806 0.042219
 6715 73097       1000      735 0.042219
 6716 81041       1000      709 0.042218
 6717 78405       1000      809 0.042218
 6718 68046       1000      797 0.042216
 6719 81690       1000      785 0.042215
 6720 86741       1000      811 0.042215
 6721 88296       1000      795 0.042214
 6722 67746       1000      720 0.042213
 6723 77874       1000      797 0.042213
 6724 70199       1000      798 0.042213
 6725 78204       1000      808 0.042213
 6726 78172       1000      812 0.042211
 6727 77606       1000      790 0.042211
 6728 85436       1000      792 0.042211
 6729 81974       1000      741 0.042209
 6730 73764       1000      796 0.042209
 6731 86098       1000      799 0.042209
 6732 66572       1000      737 0.042208
 6733 82078       1000      713 0.042207
 6734 69312       1000      820 0.042207
 6735 73965       1000      731 0.042205
 6736 81547       1000      805 0.042205
 6737 86238       1000      739 0.042204
 6738 76971       1000      798 0.042204
 6739 81801       1000      788 0.042202
 6740 71653       1000      738 0.042199
 6741 66273       1000      785 0.042199
 6742 85220       1000      742 0.042198
 6743 79030       1000      810 0.042196
 6744 67070       1000      809 0.042196
 6745 84685       1000      796 0.042194
 6746 69020       1000      806 0.042190
 6747 74465       1000      809 0.042190
 6748 68654       1000      815 0.042189
 6749 85906       1000      812 0.042189
 6750 74459       1000      731 0.042188
 6751 76552       1000      791 0.042186
 6752 66061       1000      809 0.042186
 6753 77322       1000      801 0.042185
 6754 66222       1000      814 0.042184
 6755 70730       1000      821 0.042183
 6756 66517       1000      799 0.042182
 6757 76417       1000      821 0.042180
 6758 85256       1000      792 0.042179
 6759 74946       1000      733 0.042179
 6760 84874       1000      807 0.042179
 6761 88541       1000      802 0.042179
 6762 87609       1000      801 0.042175
 6763 75511       1000      800 0.042174
 6764 82634       1000      801 0.042174
 6765 82034       1000      804 0.042172
 6766 72109       1000      804 0.042171
 6767 85755       1000      758 0.042170
 6768 85213       1000      802 0.042170
 6769 66851       1000      826 0.042170
 6770 88181       1000      718 0.042169
 6771 66243       1000      796 0.042168
 6772 82946       1000      797 0.042167
 6773 75613       1000      790 0.042166
 6774 66350       1000      786 0.042164
 6775 80305       1000      781 0.042163
 6776 76243       1000      812 0.042163
 6777 77542       1000      797 0.042162
 6778 68953       1000      809 0.042162
 6779 76538       1000      782 0.042162
 6780 77031       1000      813 0.042161
 6781 86129       1000      795 0.042157
 6782 73544       1000      809 0.042156
 6783 71156       1000      726 0.042154
 6784 77404       1000      720 0.042153
 6785 88415       1000      804 0.042153
 6786 79745       1000      783 0.042151
 6787 73960       1000      790 0.042150
 6788 67989       1000      716 0.042148
 6789 67169       1000      802 0.042148
 6790 87959       1000      724 0.042147
 6791 81555       1000      797 0.042147
 6792 83722       1000      788 0.042147
 6793 87997       1000      808 0.042146
 6794 84964       1000      779 0.042146
 6795 85366       1000      823 0.042146
 6796 74189       1000      726 0.042144
 6797 68480       1000      715 0.042144
 6798 84916       1000      800 0.042143
 6799 88230       1000      788 0.042143
 6800 85007       1000      815 0.042143
 6801 68117       1000      803 0.042142
 6802 73786       1000      799 0.042141
 6803 67263       1000      796 0.042141
 6804 81391       1000      798 0.042140
 6805 69784       1000      807 0.042136
 6806 83554       1000      720 0.042135
 6807 76307       1000      795 0.042135
 6808 75542       1000      813 0.042133
 6809 86374       1000      804 0.042133
 6810 80190       1000      725 0.042132
 6811 66788       1000      788 0.042131
 6812 85148       1000      792 0.042129
 6813 66201       1000      827 0.042126
 6814 76682       1000      790 0.042126
 6815 70596       1000      803 0.042125
 6816 72888       1000      732 0.042123
 6817 66817       1000      797 0.042123
 6818 86935       1000      720 0.042122
 6819 78755       1000      720 0.042122
 6820 73517       1000      788 0.042120
 6821 83995       1000      794 0.042120
 6822 76684       1000      797 0.042119
 6823 79607       1000      723 0.042119
 6824 82463       1000      792 0.042119
 6825 68786       1000      805 0.042118
 6826 76441       1000      785 0.042117
 6827 74176       1000      727 0.042116
 6828 78208       1000      803 0.042116
 6829 67073       1000      722 0.042114
 6830 80980       1000      784 0.042113
 6831 74752       1000      797 0.042113
 6832 75540       1000      701 0.042112
 6833 70050       1000      729 0.042112
 6834 68222       1000      801 0.042111
 6835 70942       1000      793 0.042111
 6836 81115       1000      790 0.042111
 6837 71123       1000      797 0.042111
 6838 70939       1000      801 0.042110
 6839 76894       1000      826 0.042109
 6840 89387       1000      799 0.042109
 6841 83647       1000      794 0.042108
 6842 84882       1000      741 0.042107
 6843 81795       1000      740 0.042107
 6844 70125       1000      798 0.042107
 6845 77148       1000      820 0.042104
 6846 75603       1000      794 0.042103
 6847 75889       1000      798 0.042103
 6848 82651       1000      799 0.042101
 6849 74629       1000      807 0.042100
 6850 86071       1000      806 0.042096
 6851 66579       1000      712 0.042096
 6852 89406       1000      731 0.042096
 6853 88761       1000      809 0.042095
 6854 75695       1000      815 0.042094
 6855 88668       1000      786 0.042093
 6856 69185       1000      719 0.042092
 6857 88633       1000      814 0.042091
 6858 73606       1000      720 0.042090
 6859 75182       1000      721 0.042088
 6860 79057       1000      801 0.042086
 6861 74929       1000      717 0.042086
 6862 73198       1000      716 0.042082
 6863 70460       1000      721 0.042081
 6864 72255       1000      799 0.042081
 6865 85135       1000      803 0.042080
 6866 70469       1000      813 0.042080
 6867 67795       1000      816 0.042079
 6868 77205       1000      729 0.042078
 6869 85742       1000      806 0.042077
 6870 74485       1000      733 0.042076
 6871 77448       1000      805 0.042075
 6872 70887       1000      805 0.042075
 6873 68632       1000      799 0.042075
 6874 70994       1000      719 0.042075
 6875 78060       1000      810 0.042073
 6876 70521       1000      790 0.042072
 6877 77060       1000      809 0.042069
 6878 80948       1000      716 0.042068
 6879 73482       1000      822 0.042068
 6880 72774       1000      808 0.042066
 6881 71415       1000      810 0.042065
 6882 67582       1000      781 0.042064
 6883 68943       1000      797 0.042064
 6884 71422       1000      803 0.042062
 6885 68261       1000      812 0.042061
 6886 84368       1000      704 0.042061
 6887 67206       1000      803 0.042060
 6888 77875       1000      810 0.042060
 6889 85255       1000      772 0.042059
 6890 80621       1000      798 0.042058
 6891 79477       1000      805 0.042057
 6892 84628       1000      713 0.042056
 6893 77026       1000      822 0.042056
 6894 78719       1000      798 0.042055
 6895 78478       1000      792 0.042055
 6896 68877       1000      797 0.042054
 6897 66052       1000      800 0.042054
 6898 87526       1000      704 0.042054
 6899 84559       1000      794 0.042052
 6900 72200       1000      777 0.042049
 6901 80640       1000      793 0.042049
 6902 69222       1000      807 0.042047
 6903 81341       1000      801 0.042046
 6904 71477       1000      805 0.042046
 6905 84073       1000      806 0.042044
 6906 68802       1000      715 0.042044
 6907 65985       1000      817 0.042044
 6908 84666       1000      798 0.042043
 6909 70231       1000      803 0.042042
 6910 67696       1000      800 0.042042
 6911 84972       1000      731 0.042038
 6912 76156       1000      806 0.042037
 6913 73691       1000      800 0.042036
 6914 80765       1000      789 0.042034
 6915 66600       1000      789 0.042032
 6916 77585       1000      806 0.042032
 6917 69164       1000      725 0.042032
 6918 69671       1000      794 0.042032
 6919 73784       1000      808 0.042031
 6920 72463       1000      804 0.042031
 6921 66500       1000      776 0.042030
 6922 80264       1000      819 0.042030
 6923 68426       1000      785 0.042028
 6924 81975       1000      719 0.042025
 6925 69212       1000      757 0.042025
 6926 66178       1000      783 0.042024
 6927 86028       1000      789 0.042023
 6928 84230       1000      718 0.042023
 6929 77565       1000      726 0.042022
 6930 88288       1000      803 0.042021
 6931 80009       1000      733 0.042021
 6932 67491       1000      793 0.042021
 6933 84475       1000      801 0.042019
 6934 72416       1000      794 0.042018
 6935 75067       1000      802 0.042017
 6936 88384       1000      826 0.042016
 6937 84123       1000      690 0.042016
 6938 81349       1000      800 0.042013
 6939 84979       1000      789 0.042011
 6940 84662       1000      785 0.042010
 6941 68538       1000      808 0.042010
 6942 70582       1000      796 0.042008
 6943 85471       1000      712 0.042005
 6944 73290       1000      711 0.042005
 6945 70183       1000      796 0.042004
 6946 86730       1000      780 0.042004
 6947 75874       1000      712 0.042003
 6948 75895       1000      802 0.042003
 6949 84617       1000      793 0.042002
 6950 76695       1000      734 0.042002
 6951 82175       1000      804 0.041999
 6952 87982       1000      805 0.041997
 6953 71781       1000      811 0.041997
 6954 81038       1000      817 0.041997
 6955 79792       1000      783 0.041996
 6956 74599       1000      797 0.041995
 6957 85774       1000      765 0.041992
 6958 76153       1000      789 0.041989
 6959 83270       1000      801 0.041988
 6960 74600       1000      783 0.041988
 6961 81148       1000      730 0.041986
 6962 71650       1000      811 0.041986
 6963 78515       1000      809 0.041984
 6964 78255       1000      799 0.041984
 6965 70103       1000      794 0.041984
 6966 85276       1000      783 0.041982
 6967 83317       1000      790 0.041980
 6968 74793       1000      723 0.041979
 6969 89173       1000      796 0.041979
 6970 75375       1000      787 0.041979
 6971 73634       1000      721 0.041978
 6972 79751       1000      791 0.041978
 6973 83383       1000      699 0.041975
 6974 70404       1000      793 0.041975
 6975 83917       1000      731 0.041974
 6976 84868       1000      809 0.041973
 6977 89411       1000      804 0.041973
 6978 87719       1000      797 0.041972
 6979 82914       1000      796 0.041972
 6980 80984       1000      812 0.041971
 6981 83393       1000      796 0.041969
 6982 75777       1000      803 0.041968
 6983 83711       1000      804 0.041967
 6984 75315       1000      796 0.041967
 6985 80607       1000      725 0.041967
 6986 85488       1000      812 0.041966
 6987 72168       1000      787 0.041965
 6988 73285       1000      803 0.041963
 6989 82703       1000      754 0.041962
 6990 84822       1000      786 0.041958
 6991 87896       1000      783 0.041958
 6992 83597       1000      799 0.041957
 6993 77367       1000      801 0.041956
 6994 69961       1000      788 0.041955
 6995 67113       1000      774 0.041953
 6996 86223       1000      807 0.041952
 6997 80144       1000      728 0.041951
 6998 66855       1000      772 0.041949
 6999 82288       1000      723 0.041949
 7000 76192       1000      816 0.041947
 7001 79372       1000      799 0.041944
 7002 80342       1000      739 0.041944
 7003 65816       1000      784 0.041943
 7004 82373       1000      776 0.041943
 7005 71512       1000      799 0.041942
 7006 67352       1000      794 0.041942
 7007 70628       1000      817 0.041941
 7008 75759       1000      717 0.041940
 7009 67117       1000      807 0.041939
 7010 74046       1000      826 0.041937
 7011 77984       1000      764 0.041936
 7012 70147       1000      811 0.041933
 7013 81737       1000      789 0.041933
 7014 70706       1000      808 0.041933
 7015 73812       1000      689 0.041932
 7016 76833       1000      780 0.041930
 7017 73788       1000      719 0.041929
 7018 77609       1000      817 0.041928
 7019 82196       1000      813 0.041926
 7020 79018       1000      791 0.041926
 7021 75959       1000      709 0.041926
 7022 84117       1000      729 0.041925
 7023 74144       1000      699 0.041924
 7024 85561       1000      804 0.041921
 7025 87906       1000      789 0.041919
 7026 73580       1000      812 0.041918
 7027 89235       1000      790 0.041918
 7028 78066       1000      809 0.041918
 7029 70808       1000      807 0.041917
 7030 78657       1000      799 0.041916
 7031 82276       1000      816 0.041916
 7032 76784       1000      689 0.041914
 7033 81130       1000      792 0.041914
 7034 73327       1000      797 0.041912
 7035 73924       1000      773 0.041912
 7036 82437       1000      786 0.041911
 7037 75271       1000      792 0.041911
 7038 76509       1000      805 0.041911
 7039 77024       1000      814 0.041910
 7040 68809       1000      825 0.041910
 7041 80620       1000      754 0.041907
 7042 74675       1000      731 0.041907
 7043 74221       1000      789 0.041906
 7044 82370       1000      792 0.041904
 7045 81226       1000      788 0.041901
 7046 66154       1000      790 0.041901
 7047 78775       1000      806 0.041898
 7048 74894       1000      801 0.041897
 7049 69847       1000      703 0.041896
 7050 80084       1000      816 0.041895
 7051 72155       1000      804 0.041895
 7052 83050       1000      800 0.041894
 7053 66525       1000      708 0.041892
 7054 85905       1000      777 0.041892
 7055 77805       1000      782 0.041891
 7056 88577       1000      799 0.041891
 7057 79564       1000      718 0.041890
 7058 77880       1000      826 0.041889
 7059 84263       1000      803 0.041887
 7060 67371       1000      728 0.041885
 7061 72498       1000      786 0.041885
 7062 72796       1000      796 0.041884
 7063 81331       1000      812 0.041883
 7064 68166       1000      787 0.041881
 7065 73485       1000      789 0.041879
 7066 80770       1000      792 0.041878
 7067 87606       1000      744 0.041878
 7068 80697       1000      806 0.041875
 7069 75712       1000      782 0.041874
 7070 72311       1000      802 0.041873
 7071 80207       1000      803 0.041872
 7072 85176       1000      796 0.041869
 7073 70815       1000      812 0.041868
 7074 77009       1000      790 0.041868
 7075 68720       1000      803 0.041867
 7076 68832       1000      810 0.041867
 7077 78242       1000      796 0.041865
 7078 76947       1000      814 0.041865
 7079 76967       1000      797 0.041864
 7080 77519       1000      719 0.041864
 7081 69681       1000      820 0.041864
 7082 77430       1000      777 0.041863
 7083 69178       1000      797 0.041861
 7084 81487       1000      788 0.041859
 7085 75988       1000      794 0.041858
 7086 69545       1000      807 0.041855
 7087 79825       1000      739 0.041855
 7088 71579       1000      735 0.041854
 7089 79351       1000      810 0.041854
 7090 71699       1000      809 0.041853
 7091 83129       1000      797 0.041853
 7092 87827       1000      723 0.041853
 7093 77300       1000      778 0.041851
 7094 81161       1000      804 0.041851
 7095 83421       1000      806 0.041850
 7096 80260       1000      793 0.041849
 7097 72696       1000      796 0.041849
 7098 66582       1000      810 0.041847
 7099 88562       1000      743 0.041846
 7100 76124       1000      797 0.041846
 7101 83770       1000      806 0.041845
 7102 77914       1000      796 0.041839
 7103 69295       1000      789 0.041839
 7104 75964       1000      795 0.041836
 7105 75938       1000      804 0.041836
 7106 86166       1000      819 0.041833
 7107 74147       1000      813 0.041831
 7108 66366       1000      741 0.041831
 7109 80262       1000      801 0.041831
 7110 86773       1000      815 0.041829
 7111 85959       1000      800 0.041828
 7112 71628       1000      783 0.041827
 7113 82192       1000      782 0.041826
 7114 77115       1000      810 0.041824
 7115 72896       1000      723 0.041824
 7116 69288       1000      816 0.041824
 7117 85981       1000      813 0.041823
 7118 85809       1000      808 0.041823
 7119 87688       1000      735 0.041823
 7120 72363       1000      797 0.041821
 7121 74834       1000      805 0.041819
 7122 77548       1000      794 0.041818
 7123 78800       1000      735 0.041815
 7124 89064       1000      804 0.041814
 7125 69789       1000      727 0.041813
 7126 72605       1000      791 0.041813
 7127 86870       1000      800 0.041811
 7128 68345       1000      805 0.041811
 7129 88029       1000      793 0.041810
 7130 83768       1000      814 0.041809
 7131 78827       1000      795 0.041808
 7132 80136       1000      794 0.041807
 7133 67967       1000      805 0.041806
 7134 78704       1000      787 0.041804
 7135 75530       1000      741 0.041803
 7136 70126       1000      796 0.041803
 7137 80460       1000      802 0.041803
 7138 85355       1000      800 0.041802
 7139 81744       1000      816 0.041801
 7140 73777       1000      810 0.041800
 7141 81762       1000      732 0.041799
 7142 88510       1000      711 0.041799
 7143 89309       1000      724 0.041796
 7144 84687       1000      815 0.041796
 7145 88486       1000      809 0.041795
 7146 75371       1000      708 0.041794
 7147 72542       1000      803 0.041791
 7148 67123       1000      828 0.041789
 7149 79453       1000      799 0.041788
 7150 86737       1000      795 0.041786
 7151 75483       1000      808 0.041785
 7152 70964       1000      795 0.041785
 7153 88409       1000      737 0.041784
 7154 71135       1000      786 0.041783
 7155 71742       1000      785 0.041782
 7156 75082       1000      713 0.041782
 7157 67012       1000      777 0.041781
 7158 70616       1000      823 0.041781
 7159 86975       1000      810 0.041780
 7160 88757       1000      796 0.041779
 7161 85565       1000      783 0.041778
 7162 79438       1000      791 0.041777
 7163 75095       1000      786 0.041777
 7164 78895       1000      714 0.041776
 7165 88916       1000      788 0.041774
 7166 85312       1000      836 0.041772
 7167 77830       1000      782 0.041772
 7168 66843       1000      792 0.041771
 7169 75481       1000      802 0.041771
 7170 69712       1000      804 0.041771
 7171 82380       1000      819 0.041769
 7172 85420       1000      806 0.041769
 7173 74426       1000      801 0.041768
 7174 82843       1000      796 0.041768
 7175 69161       1000      833 0.041765
 7176 78272       1000      722 0.041765
 7177 78792       1000      801 0.041761
 7178 74023       1000      786 0.041761
 7179 65832       1000      805 0.041760
 7180 67388       1000      807 0.041760
 7181 67323       1000      774 0.041759
 7182 72039       1000      800 0.041758
 7183 75258       1000      803 0.041757
 7184 67382       1000      818 0.041756
 7185 80920       1000      724 0.041756
 7186 72327       1000      724 0.041756
 7187 66184       1000      777 0.041756
 7188 87531       1000      716 0.041753
 7189 73295       1000      808 0.041753
 7190 74634       1000      807 0.041752
 7191 85161       1000      793 0.041752
 7192 89051       1000      796 0.041751
 7193 81187       1000      801 0.041750
 7194 66239       1000      803 0.041749
 7195 86012       1000      805 0.041748
 7196 72843       1000      797 0.041747
 7197 65893       1000      779 0.041747
 7198 86649       1000      788 0.041747
 7199 71207       1000      815 0.041746
 7200 86778       1000      791 0.041746
 7201 80218       1000      800 0.041745
 7202 81144       1000      738 0.041745
 7203 77866       1000      807 0.041743
 7204 68594       1000      792 0.041743
 7205 71441       1000      780 0.041743
 7206 84506       1000      818 0.041742
 7207 86023       1000      750 0.041742
 7208 75175       1000      792 0.041742
 7209 81820       1000      733 0.041742
 7210 78932       1000      807 0.041741
 7211 69994       1000      727 0.041741
 7212 75420       1000      791 0.041740
 7213 70181       1000      804 0.041737
 7214 77714       1000      780 0.041736
 7215 84028       1000      805 0.041736
 7216 78239       1000      781 0.041734
 7217 79150       1000      789 0.041734
 7218 77598       1000      803 0.041732
 7219 85887       1000      803 0.041730
 7220 71295       1000      787 0.041730
 7221 78020       1000      790 0.041730
 7222 76873       1000      790 0.041728
 7223 72803       1000      790 0.041725
 7224 66086       1000      789 0.041724
 7225 74891       1000      724 0.041724
 7226 75280       1000      724 0.041723
 7227 84505       1000      809 0.041722
 7228 69602       1000      817 0.041721
 7229 82808       1000      743 0.041719
 7230 78140       1000      796 0.041715
 7231 68542       1000      726 0.041715
 7232 86430       1000      798 0.041715
 7233 75334       1000      815 0.041714
 7234 66195       1000      793 0.041714
 7235 71406       1000      771 0.041714
 7236 89118       1000      806 0.041713
 7237 68887       1000      788 0.041713
 7238 84068       1000      779 0.041712
 7239 72510       1000      810 0.041712
 7240 79302       1000      793 0.041711
 7241 72725       1000      801 0.041710
 7242 80999       1000      795 0.041710
 7243 73703       1000      797 0.041710
 7244 83027       1000      796 0.041710
 7245 85927       1000      726 0.041708
 7246 75788       1000      802 0.041707
 7247 87174       1000      765 0.041705
 7248 74049       1000      808 0.041704
 7249 73711       1000      819 0.041703
 7250 83533       1000      811 0.041701
 7251 67964       1000      781 0.041700
 7252 68825       1000      803 0.041700
 7253 80808       1000      814 0.041698
 7254 80173       1000      788 0.041698
 7255 83881       1000      800 0.041697
 7256 71965       1000      819 0.041697
 7257 74970       1000      701 0.041696
 7258 76473       1000      812 0.041695
 7259 86743       1000      781 0.041692
 7260 78262       1000      806 0.041692
 7261 74667       1000      781 0.041690
 7262 75484       1000      783 0.041690
 7263 78110       1000      813 0.041690
 7264 74963       1000      798 0.041690
 7265 68259       1000      800 0.041689
 7266 83620       1000      804 0.041688
 7267 67888       1000      700 0.041687
 7268 66230       1000      804 0.041686
 7269 79626       1000      812 0.041686
 7270 84577       1000      828 0.041684
 7271 80973       1000      797 0.041684
 7272 68060       1000      797 0.041683
 7273 74454       1000      789 0.041681
 7274 79271       1000      811 0.041680
 7275 74589       1000      806 0.041680
 7276 72640       1000      715 0.041678
 7277 71412       1000      705 0.041678
 7278 68856       1000      713 0.041678
 7279 69580       1000      792 0.041677
 7280 70205       1000      823 0.041675
 7281 70674       1000      812 0.041672
 7282 68102       1000      794 0.041671
 7283 87350       1000      812 0.041671
 7284 87761       1000      811 0.041669
 7285 81958       1000      796 0.041666
 7286 69879       1000      708 0.041665
 7287 76121       1000      793 0.041664
 7288 73495       1000      784 0.041662
 7289 70011       1000      786 0.041662
 7290 85024       1000      795 0.041662
 7291 77762       1000      814 0.041661
 7292 79614       1000      792 0.041661
 7293 76349       1000      802 0.041661
 7294 66684       1000      791 0.041661
 7295 85458       1000      703 0.041660
 7296 68702       1000      811 0.041659
 7297 73385       1000      811 0.041657
 7298 83694       1000      736 0.041656
 7299 88059       1000      810 0.041656
 7300 71400       1000      792 0.041655
 7301 89381       1000      711 0.041654
 7302 77749       1000      810 0.041654
 7303 66424       1000      815 0.041654
 7304 82876       1000      822 0.041653
 7305 72628       1000      826 0.041653
 7306 87236       1000      812 0.041652
 7307 87911       1000      797 0.041651
 7308 81713       1000      792 0.041651
 7309 85032       1000      811 0.041650
 7310 76690       1000      793 0.041649
 7311 84377       1000      809 0.041648
 7312 80398       1000      813 0.041648
 7313 67049       1000      809 0.041648
 7314 68097       1000      814 0.041646
 7315 81957       1000      729 0.041646
 7316 83771       1000      801 0.041645
 7317 77204       1000      811 0.041645
 7318 68614       1000      806 0.041642
 7319 66912       1000      791 0.041641
 7320 78428       1000      794 0.041640
 7321 67677       1000      814 0.041636
 7322 76182       1000      810 0.041634
 7323 76575       1000      813 0.041634
 7324 71619       1000      801 0.041634
 7325 77511       1000      796 0.041633
 7326 88034       1000      799 0.041632
 7327 74560       1000      814 0.041630
 7328 77165       1000      820 0.041630
 7329 73144       1000      724 0.041629
 7330 79785       1000      808 0.041629
 7331 85760       1000      821 0.041626
 7332 86957       1000      718 0.041625
 7333 75341       1000      806 0.041624
 7334 81274       1000      815 0.041624
 7335 81269       1000      812 0.041623
 7336 78626       1000      784 0.041623
 7337 79252       1000      815 0.041622
 7338 83916       1000      715 0.041620
 7339 72929       1000      790 0.041620
 7340 71672       1000      720 0.041620
 7341 74235       1000      807 0.041618
 7342 67892       1000      790 0.041616
 7343 81778       1000      713 0.041615
 7344 83038       1000      820 0.041614
 7345 72043       1000      784 0.041614
 7346 74090       1000      796 0.041613
 7347 87840       1000      823 0.041613
 7348 73281       1000      815 0.041610
 7349 68210       1000      798 0.041610
 7350 87137       1000      794 0.041609
 7351 82240       1000      795 0.041608
 7352 75447       1000      717 0.041608
 7353 82223       1000      734 0.041607
 7354 75237       1000      797 0.041606
 7355 75580       1000      806 0.041606
 7356 84584       1000      794 0.041606
 7357 87800       1000      801 0.041604
 7358 82110       1000      789 0.041604
 7359 89310       1000      775 0.041604
 7360 71571       1000      816 0.041603
 7361 87068       1000      812 0.041599
 7362 88028       1000      809 0.041599
 7363 69842       1000      740 0.041595
 7364 72694       1000      798 0.041595
 7365 72516       1000      829 0.041593
 7366 75472       1000      797 0.041592
 7367 68697       1000      799 0.041592
 7368 69307       1000      782 0.041591
 7369 73466       1000      799 0.041590
 7370 70175       1000      710 0.041589
 7371 69051       1000      793 0.041589
 7372 78836       1000      732 0.041586
 7373 70345       1000      808 0.041586
 7374 70826       1000      796 0.041586
 7375 66365       1000      797 0.041585
 7376 77931       1000      793 0.041585
 7377 76533       1000      723 0.041583
 7378 67107       1000      741 0.041582
 7379 75855       1000      786 0.041582
 7380 81147       1000      786 0.041582
 7381 80740       1000      800 0.041579
 7382 81645       1000      788 0.041578
 7383 76732       1000      739 0.041578
 7384 69896       1000      814 0.041576
 7385 84697       1000      755 0.041575
 7386 88513       1000      796 0.041575
 7387 71616       1000      783 0.041574
 7388 77312       1000      792 0.041574
 7389 87538       1000      792 0.041574
 7390 78908       1000      736 0.041573
 7391 77255       1000      809 0.041572
 7392 72005       1000      794 0.041571
 7393 81893       1000      705 0.041570
 7394 76041       1000      804 0.041570
 7395 82698       1000      778 0.041569
 7396 87583       1000      783 0.041566
 7397 68163       1000      797 0.041566
 7398 75501       1000      797 0.041564
 7399 79203       1000      814 0.041564
 7400 85263       1000      824 0.041564
 7401 86061       1000      786 0.041563
 7402 66206       1000      803 0.041559
 7403 81997       1000      740 0.041556
 7404 74833       1000      804 0.041556
 7405 67334       1000      781 0.041556
 7406 84896       1000      798 0.041556
 7407 79851       1000      793 0.041555
 7408 86816       1000      792 0.041555
 7409 79611       1000      731 0.041555
 7410 85531       1000      717 0.041554
 7411 77767       1000      784 0.041553
 7412 75379       1000      722 0.041553
 7413 71381       1000      792 0.041552
 7414 74507       1000      706 0.041552
 7415 70642       1000      816 0.041549
 7416 75220       1000      711 0.041548
 7417 83068       1000      799 0.041548
 7418 79485       1000      789 0.041545
 7419 81623       1000      788 0.041545
 7420 80155       1000      795 0.041545
 7421 74998       1000      808 0.041544
 7422 73962       1000      791 0.041544
 7423 69921       1000      794 0.041541
 7424 68123       1000      803 0.041538
 7425 81131       1000      807 0.041538
 7426 81300       1000      767 0.041537
 7427 77278       1000      790 0.041536
 7428 76123       1000      740 0.041535
 7429 82959       1000      784 0.041535
 7430 73361       1000      725 0.041535
 7431 88167       1000      731 0.041535
 7432 79511       1000      806 0.041535
 7433 70438       1000      809 0.041534
 7434 67109       1000      774 0.041533
 7435 66174       1000      790 0.041533
 7436 73980       1000      717 0.041533
 7437 84529       1000      784 0.041532
 7438 83990       1000      794 0.041532
 7439 73376       1000      808 0.041532
 7440 89079       1000      809 0.041531
 7441 66540       1000      726 0.041529
 7442 73006       1000      811 0.041528
 7443 81841       1000      796 0.041527
 7444 76959       1000      814 0.041526
 7445 76691       1000      802 0.041525
 7446 74282       1000      721 0.041525
 7447 77955       1000      745 0.041520
 7448 87572       1000      719 0.041520
 7449 81511       1000      810 0.041519
 7450 74717       1000      785 0.041519
 7451 88659       1000      782 0.041515
 7452 77468       1000      812 0.041515
 7453 83384       1000      795 0.041515
 7454 66321       1000      820 0.041514
 7455 74744       1000      720 0.041513
 7456 70796       1000      809 0.041513
 7457 79217       1000      788 0.041510
 7458 87900       1000      802 0.041506
 7459 75721       1000      790 0.041506
 7460 71102       1000      792 0.041505
 7461 88566       1000      715 0.041505
 7462 78562       1000      785 0.041505
 7463 82493       1000      740 0.041504
 7464 73968       1000      811 0.041503
 7465 70649       1000      797 0.041502
 7466 76284       1000      792 0.041502
 7467 76310       1000      746 0.041502
 7468 66362       1000      800 0.041502
 7469 81657       1000      705 0.041497
 7470 88350       1000      794 0.041497
 7471 84828       1000      822 0.041495
 7472 83047       1000      729 0.041495
 7473 73017       1000      815 0.041494
 7474 82340       1000      796 0.041494
 7475 72720       1000      812 0.041493
 7476 86922       1000      808 0.041492
 7477 69040       1000      830 0.041490
 7478 66070       1000      770 0.041490
 7479 72490       1000      708 0.041489
 7480 71087       1000      791 0.041488
 7481 72718       1000      793 0.041488
 7482 70416       1000      796 0.041487
 7483 87902       1000      778 0.041487
 7484 68198       1000      776 0.041486
 7485 82529       1000      797 0.041486
 7486 72775       1000      780 0.041481
 7487 71782       1000      809 0.041481
 7488 81370       1000      808 0.041481
 7489 71089       1000      823 0.041480
 7490 76018       1000      787 0.041480
 7491 86269       1000      789 0.041479
 7492 81179       1000      818 0.041478
 7493 82001       1000      796 0.041477
 7494 72631       1000      810 0.041476
 7495 83282       1000      785 0.041475
 7496 88939       1000      811 0.041475
 7497 72399       1000      715 0.041472
 7498 79560       1000      781 0.041472
 7499 79310       1000      776 0.041471
 7500 76675       1000      799 0.041471
 7501 76614       1000      798 0.041470
 7502 79072       1000      807 0.041469
 7503 81360       1000      717 0.041469
 7504 78923       1000      799 0.041468
 7505 79431       1000      792 0.041468
 7506 78812       1000      746 0.041468
 7507 77741       1000      811 0.041467
 7508 85172       1000      711 0.041467
 7509 69735       1000      809 0.041466
 7510 80588       1000      808 0.041465
 7511 79804       1000      821 0.041464
 7512 66352       1000      810 0.041464
 7513 71306       1000      731 0.041463
 7514 74352       1000      807 0.041462
 7515 83423       1000      704 0.041462
 7516 72935       1000      791 0.041462
 7517 77292       1000      824 0.041460
 7518 72842       1000      732 0.041460
 7519 87653       1000      795 0.041459
 7520 84903       1000      801 0.041459
 7521 79677       1000      795 0.041459
 7522 87052       1000      815 0.041457
 7523 71519       1000      791 0.041455
 7524 66939       1000      822 0.041455
 7525 72029       1000      788 0.041452
 7526 74741       1000      815 0.041449
 7527 71235       1000      815 0.041447
 7528 68399       1000      788 0.041447
 7529 87099       1000      797 0.041445
 7530 73319       1000      799 0.041444
 7531 73881       1000      782 0.041444
 7532 69279       1000      725 0.041444
 7533 83296       1000      802 0.041443
 7534 75634       1000      728 0.041443
 7535 76263       1000      817 0.041441
 7536 75084       1000      809 0.041441
 7537 78986       1000      818 0.041440
 7538 78476       1000      733 0.041439
 7539 86805       1000      799 0.041438
 7540 73468       1000      804 0.041438
 7541 66224       1000      819 0.041438
 7542 79981       1000      700 0.041436
 7543 84141       1000      803 0.041434
 7544 77461       1000      802 0.041433
 7545 71946       1000      785 0.041431
 7546 75184       1000      806 0.041430
 7547 67061       1000      794 0.041430
 7548 82532       1000      804 0.041429
 7549 76586       1000      797 0.041429
 7550 67422       1000      773 0.041428
 7551 68563       1000      797 0.041428
 7552 72014       1000      814 0.041427
 7553 76594       1000      832 0.041426
 7554 86064       1000      792 0.041426
 7555 68961       1000      744 0.041424
 7556 72926       1000      707 0.041421
 7557 70745       1000      786 0.041418
 7558 73576       1000      800 0.041418
 7559 86206       1000      808 0.041417
 7560 72568       1000      804 0.041417
 7561 72647       1000      717 0.041416
 7562 65921       1000      795 0.041416
 7563 83508       1000      809 0.041416
 7564 73214       1000      794 0.041416
 7565 67687       1000      775 0.041415
 7566 66854       1000      726 0.041414
 7567 74038       1000      707 0.041413
 7568 85072       1000      782 0.041412
 7569 67643       1000      815 0.041411
 7570 78652       1000      822 0.041410
 7571 87599       1000      745 0.041410
 7572 87640       1000      811 0.041410
 7573 86908       1000      805 0.041409
 7574 72262       1000      810 0.041408
 7575 84093       1000      810 0.041406
 7576 74581       1000      802 0.041406
 7577 86182       1000      796 0.041406
 7578 82669       1000      796 0.041405
 7579 87274       1000      827 0.041405
 7580 76075       1000      726 0.041403
 7581 69103       1000      784 0.041403
 7582 81648       1000      793 0.041402
 7583 81122       1000      799 0.041402
 7584 89392       1000      707 0.041401
 7585 80763       1000      792 0.041401
 7586 86903       1000      784 0.041400
 7587 85988       1000      809 0.041398
 7588 82516       1000      810 0.041398
 7589 86545       1000      790 0.041397
 7590 66464       1000      790 0.041397
 7591 79669       1000      808 0.041394
 7592 76592       1000      782 0.041394
 7593 74703       1000      736 0.041393
 7594 77541       1000      794 0.041392
 7595 72534       1000      782 0.041391
 7596 87908       1000      798 0.041389
 7597 67233       1000      780 0.041389
 7598 86076       1000      802 0.041387
 7599 79714       1000      791 0.041387
 7600 69926       1000      775 0.041384
 7601 71086       1000      793 0.041384
 7602 82410       1000      808 0.041382
 7603 74609       1000      810 0.041382
 7604 76448       1000      794 0.041382
 7605 88241       1000      812 0.041382
 7606 75002       1000      792 0.041381
 7607 79340       1000      794 0.041381
 7608 80374       1000      809 0.041378
 7609 68029       1000      812 0.041377
 7610 68153       1000      799 0.041376
 7611 78486       1000      799 0.041376
 7612 73311       1000      811 0.041373
 7613 69868       1000      723 0.041373
 7614 70166       1000      740 0.041372
 7615 79323       1000      711 0.041372
 7616 85285       1000      715 0.041372
 7617 73713       1000      739 0.041371
 7618 85994       1000      801 0.041371
 7619 74684       1000      802 0.041371
 7620 66303       1000      789 0.041370
 7621 78089       1000      805 0.041369
 7622 72891       1000      713 0.041367
 7623 70043       1000      771 0.041367
 7624 84839       1000      823 0.041367
 7625 70814       1000      791 0.041366
 7626 82848       1000      786 0.041366
 7627 73577       1000      799 0.041365
 7628 74862       1000      788 0.041364
 7629 82337       1000      815 0.041364
 7630 79367       1000      800 0.041364
 7631 71588       1000      791 0.041363
 7632 79886       1000      732 0.041363
 7633 67008       1000      794 0.041363
 7634 68196       1000      729 0.041362
 7635 74291       1000      793 0.041360
 7636 86151       1000      791 0.041360
 7637 85287       1000      710 0.041360
 7638 77619       1000      792 0.041359
 7639 71435       1000      809 0.041357
 7640 85776       1000      799 0.041356
 7641 87378       1000      798 0.041353
 7642 72387       1000      793 0.041353
 7643 66246       1000      802 0.041351
 7644 76988       1000      725 0.041351
 7645 82087       1000      795 0.041350
 7646 70705       1000      806 0.041347
 7647 79706       1000      721 0.041347
 7648 82849       1000      781 0.041347
 7649 81037       1000      715 0.041346
 7650 86501       1000      801 0.041346
 7651 72638       1000      788 0.041345
 7652 76530       1000      795 0.041345
 7653 79863       1000      722 0.041344
 7654 80427       1000      749 0.041341
 7655 84717       1000      804 0.041341
 7656 86704       1000      713 0.041340
 7657 77649       1000      767 0.041340
 7658 88751       1000      803 0.041339
 7659 70010       1000      719 0.041337
 7660 77177       1000      797 0.041335
 7661 76482       1000      808 0.041334
 7662 69365       1000      774 0.041334
 7663 69538       1000      810 0.041334
 7664 87630       1000      808 0.041332
 7665 69840       1000      805 0.041332
 7666 74210       1000      787 0.041331
 7667 82116       1000      786 0.041331
 7668 75814       1000      813 0.041331
 7669 75625       1000      788 0.041330
 7670 78349       1000      786 0.041329
 7671 75688       1000      798 0.041329
 7672 72001       1000      796 0.041329
 7673 69872       1000      740 0.041328
 7674 86102       1000      792 0.041327
 7675 79290       1000      797 0.041326
 7676 86790       1000      802 0.041325
 7677 87305       1000      807 0.041324
 7678 65812       1000      802 0.041324
 7679 77516       1000      790 0.041324
 7680 78325       1000      742 0.041323
 7681 78509       1000      802 0.041323
 7682 88392       1000      775 0.041323
 7683 85246       1000      806 0.041322
 7684 67579       1000      797 0.041321
 7685 70542       1000      779 0.041320
 7686 75369       1000      745 0.041320
 7687 88199       1000      802 0.041319
 7688 77593       1000      775 0.041319
 7689 89216       1000      733 0.041316
 7690 89062       1000      706 0.041316
 7691 87558       1000      807 0.041315
 7692 89280       1000      817 0.041314
 7693 84731       1000      737 0.041313
 7694 69204       1000      794 0.041311
 7695 79923       1000      804 0.041309
 7696 71241       1000      805 0.041308
 7697 74020       1000      720 0.041308
 7698 87701       1000      825 0.041307
 7699 73683       1000      804 0.041304
 7700 89304       1000      767 0.041301
 7701 88716       1000      827 0.041301
 7702 72882       1000      791 0.041300
 7703 78598       1000      786 0.041293
 7704 75008       1000      798 0.041293
 7705 84049       1000      740 0.041293
 7706 68804       1000      792 0.041290
 7707 70774       1000      775 0.041290
 7708 67293       1000      795 0.041290
 7709 88443       1000      800 0.041289
 7710 76116       1000      793 0.041286
 7711 86956       1000      710 0.041285
 7712 82229       1000      815 0.041284
 7713 68638       1000      804 0.041282
 7714 87261       1000      786 0.041282
 7715 82243       1000      809 0.041281
 7716 78455       1000      799 0.041281
 7717 88708       1000      802 0.041281
 7718 68796       1000      810 0.041278
 7719 66083       1000      817 0.041276
 7720 79184       1000      778 0.041276
 7721 77232       1000      725 0.041275
 7722 84376       1000      726 0.041274
 7723 75757       1000      819 0.041274
 7724 74027       1000      808 0.041273
 7725 69556       1000      726 0.041273
 7726 72076       1000      786 0.041272
 7727 77149       1000      782 0.041272
 7728 72092       1000      791 0.041271
 7729 67267       1000      724 0.041270
 7730 80698       1000      785 0.041269
 7731 82861       1000      718 0.041267
 7732 71407       1000      808 0.041267
 7733 72990       1000      816 0.041267
 7734 67937       1000      809 0.041264
 7735 88300       1000      790 0.041264
 7736 86514       1000      786 0.041264
 7737 87376       1000      739 0.041262
 7738 78154       1000      811 0.041262
 7739 73374       1000      807 0.041261
 7740 71838       1000      805 0.041261
 7741 78160       1000      803 0.041260
 7742 84266       1000      807 0.041260
 7743 83018       1000      827 0.041260
 7744 74732       1000      717 0.041259
 7745 75099       1000      817 0.041256
 7746 78286       1000      741 0.041255
 7747 68330       1000      811 0.041255
 7748 71827       1000      811 0.041251
 7749 74765       1000      818 0.041250
 7750 83345       1000      806 0.041250
 7751 78232       1000      817 0.041247
 7752 76478       1000      825 0.041246
 7753 87128       1000      806 0.041245
 7754 78475       1000      800 0.041245
 7755 82478       1000      717 0.041243
 7756 66393       1000      796 0.041241
 7757 83761       1000      807 0.041239
 7758 82649       1000      758 0.041238
 7759 73469       1000      784 0.041237
 7760 81427       1000      783 0.041236
 7761 79521       1000      797 0.041236
 7762 77422       1000      699 0.041234
 7763 77921       1000      794 0.041233
 7764 70420       1000      787 0.041232
 7765 69529       1000      799 0.041230
 7766 88249       1000      814 0.041230
 7767 67755       1000      797 0.041230
 7768 81198       1000      790 0.041229
 7769 67360       1000      714 0.041229
 7770 79145       1000      790 0.041229
 7771 85962       1000      786 0.041229
 7772 74372       1000      811 0.041228
 7773 85169       1000      800 0.041227
 7774 89251       1000      772 0.041227
 7775 81537       1000      804 0.041227
 7776 82591       1000      818 0.041225
 7777 83659       1000      782 0.041224
 7778 74021       1000      804 0.041224
 7779 65841       1000      810 0.041221
 7780 70282       1000      727 0.041221
 7781 88729       1000      805 0.041218
 7782 76729       1000      775 0.041216
 7783 82769       1000      799 0.041215
 7784 81407       1000      787 0.041214
 7785 70905       1000      800 0.041211
 7786 78991       1000      709 0.041211
 7787 71067       1000      808 0.041210
 7788 81327       1000      799 0.041210
 7789 74393       1000      783 0.041209
 7790 85568       1000      828 0.041208
 7791 70137       1000      716 0.041208
 7792 74248       1000      792 0.041206
 7793 84114       1000      805 0.041205
 7794 67497       1000      790 0.041205
 7795 74592       1000      805 0.041203
 7796 85924       1000      821 0.041203
 7797 84970       1000      791 0.041203
 7798 80886       1000      794 0.041202
 7799 88627       1000      788 0.041202
 7800 69117       1000      786 0.041200
 7801 70377       1000      801 0.041200
 7802 88039       1000      735 0.041197
 7803 84347       1000      799 0.041196
 7804 88724       1000      807 0.041195
 7805 66117       1000      802 0.041195
 7806 78287       1000      750 0.041195
 7807 67668       1000      699 0.041195
 7808 84757       1000      805 0.041192
 7809 72013       1000      819 0.041191
 7810 82496       1000      810 0.041191
 7811 89188       1000      733 0.041189
 7812 83329       1000      804 0.041189
 7813 77868       1000      796 0.041189
 7814 80223       1000      776 0.041187
 7815 67637       1000      808 0.041186
 7816 84918       1000      789 0.041186
 7817 82083       1000      797 0.041186
 7818 88855       1000      701 0.041185
 7819 67271       1000      790 0.041184
 7820 71250       1000      720 0.041183
 7821 82555       1000      796 0.041180
 7822 70949       1000      776 0.041179
 7823 82978       1000      800 0.041175
 7824 67798       1000      808 0.041175
 7825 74088       1000      687 0.041174
 7826 79947       1000      796 0.041174
 7827 88601       1000      804 0.041172
 7828 87777       1000      806 0.041172
 7829 68986       1000      782 0.041172
 7830 70586       1000      725 0.041171
 7831 85368       1000      790 0.041171
 7832 80134       1000      730 0.041170
 7833 77376       1000      795 0.041170
 7834 88408       1000      733 0.041167
 7835 83087       1000      735 0.041166
 7836 87782       1000      778 0.041165
 7837 74576       1000      802 0.041165
 7838 70612       1000      781 0.041162
 7839 68263       1000      784 0.041162
 7840 77848       1000      804 0.041161
 7841 69661       1000      828 0.041161
 7842 83336       1000      815 0.041160
 7843 75680       1000      799 0.041158
 7844 70618       1000      728 0.041157
 7845 80258       1000      800 0.041157
 7846 82391       1000      823 0.041156
 7847 80046       1000      792 0.041156
 7848 87592       1000      776 0.041155
 7849 77544       1000      791 0.041154
 7850 76117       1000      797 0.041154
 7851 83498       1000      795 0.041153
 7852 73282       1000      811 0.041153
 7853 86672       1000      795 0.041153
 7854 80271       1000      734 0.041151
 7855 74473       1000      802 0.041151
 7856 77500       1000      826 0.041151
 7857 76206       1000      805 0.041151
 7858 75765       1000      825 0.041150
 7859 83111       1000      805 0.041148
 7860 73806       1000      800 0.041147
 7861 80768       1000      715 0.041146
 7862 84232       1000      789 0.041146
 7863 71669       1000      802 0.041145
 7864 71933       1000      726 0.041145
 7865 67522       1000      789 0.041145
 7866 83555       1000      804 0.041145
 7867 85084       1000      810 0.041144
 7868 81358       1000      726 0.041143
 7869 69385       1000      808 0.041139
 7870 87517       1000      791 0.041139
 7871 76946       1000      795 0.041138
 7872 86177       1000      796 0.041137
 7873 83426       1000      805 0.041135
 7874 71134       1000      697 0.041134
 7875 79585       1000      827 0.041132
 7876 85140       1000      722 0.041130
 7877 89329       1000      808 0.041128
 7878 73353       1000      737 0.041128
 7879 71992       1000      789 0.041123
 7880 88875       1000      797 0.041123
 7881 80918       1000      812 0.041122
 7882 73677       1000      779 0.041121
 7883 78972       1000      817 0.041118
 7884 86132       1000      779 0.041116
 7885 71178       1000      789 0.041114
 7886 74477       1000      819 0.041113
 7887 85617       1000      715 0.041111
 7888 72071       1000      820 0.041110
 7889 72982       1000      799 0.041109
 7890 82896       1000      785 0.041109
 7891 77043       1000      804 0.041108
 7892 66031       1000      793 0.041107
 7893 83035       1000      791 0.041107
 7894 88591       1000      810 0.041106
 7895 87663       1000      779 0.041104
 7896 83717       1000      734 0.041102
 7897 74241       1000      738 0.041102
 7898 74625       1000      722 0.041099
 7899 72030       1000      722 0.041097
 7900 81199       1000      797 0.041097
 7901 66432       1000      812 0.041094
 7902 73459       1000      799 0.041094
 7903 75676       1000      715 0.041094
 7904 70840       1000      732 0.041093
 7905 70341       1000      740 0.041092
 7906 76444       1000      792 0.041092
 7907 77547       1000      794 0.041091
 7908 82837       1000      820 0.041089
 7909 80200       1000      789 0.041089
 7910 85186       1000      788 0.041089
 7911 80030       1000      709 0.041088
 7912 79882       1000      784 0.041087
 7913 66410       1000      827 0.041086
 7914 79420       1000      819 0.041086
 7915 73118       1000      813 0.041086
 7916 82091       1000      794 0.041084
 7917 84689       1000      798 0.041083
 7918 84357       1000      802 0.041083
 7919 75769       1000      796 0.041083
 7920 71430       1000      799 0.041083
 7921 66554       1000      801 0.041082
 7922 74663       1000      807 0.041079
 7923 79205       1000      792 0.041077
 7924 69561       1000      712 0.041077
 7925 74927       1000      783 0.041076
 7926 71224       1000      808 0.041075
 7927 79582       1000      732 0.041075
 7928 74875       1000      821 0.041075
 7929 73001       1000      793 0.041075
 7930 74924       1000      802 0.041074
 7931 75596       1000      786 0.041073
 7932 71229       1000      808 0.041072
 7933 77950       1000      697 0.041069
 7934 67636       1000      803 0.041067
 7935 71852       1000      734 0.041067
 7936 69045       1000      798 0.041067
 7937 66098       1000      799 0.041066
 7938 81435       1000      789 0.041066
 7939 84777       1000      708 0.041062
 7940 66044       1000      719 0.041061
 7941 78762       1000      810 0.041059
 7942 87889       1000      808 0.041058
 7943 74476       1000      720 0.041057
 7944 81182       1000      795 0.041056
 7945 79892       1000      723 0.041056
 7946 86775       1000      785 0.041055
 7947 67136       1000      801 0.041055
 7948 88193       1000      788 0.041054
 7949 80406       1000      814 0.041054
 7950 74081       1000      806 0.041053
 7951 68459       1000      814 0.041052
 7952 77240       1000      794 0.041051
 7953 73827       1000      798 0.041051
 7954 68116       1000      794 0.041051
 7955 86437       1000      704 0.041050
 7956 71466       1000      807 0.041050
 7957 87543       1000      810 0.041049
 7958 69225       1000      788 0.041049
 7959 79244       1000      807 0.041048
 7960 89154       1000      811 0.041048
 7961 89336       1000      786 0.041047
 7962 76646       1000      806 0.041047
 7963 75922       1000      806 0.041044
 7964 70035       1000      791 0.041042
 7965 79327       1000      709 0.041042
 7966 71718       1000      716 0.041041
 7967 72098       1000      783 0.041039
 7968 74941       1000      719 0.041038
 7969 74207       1000      795 0.041037
 7970 76554       1000      794 0.041036
 7971 76130       1000      792 0.041035
 7972 87002       1000      823 0.041034
 7973 70676       1000      800 0.041032
 7974 66169       1000      829 0.041032
 7975 78073       1000      807 0.041032
 7976 69454       1000      792 0.041032
 7977 70015       1000      796 0.041031
 7978 77999       1000      801 0.041029
 7979 71541       1000      802 0.041029
 7980 87100       1000      807 0.041026
 7981 77686       1000      822 0.041025
 7982 80054       1000      728 0.041024
 7983 81450       1000      797 0.041024
 7984 70212       1000      801 0.041022
 7985 69052       1000      802 0.041021
 7986 73242       1000      788 0.041021
 7987 86562       1000      796 0.041021
 7988 82728       1000      730 0.041020
 7989 75637       1000      724 0.041020
 7990 84635       1000      812 0.041020
 7991 68491       1000      824 0.041019
 7992 80463       1000      792 0.041018
 7993 86340       1000      800 0.041018
 7994 81874       1000      787 0.041018
 7995 75143       1000      793 0.041017
 7996 89003       1000      792 0.041016
 7997 71397       1000      796 0.041016
 7998 73054       1000      799 0.041015
 7999 89127       1000      792 0.041014
 8000 86178       1000      722 0.041012
 8001 70508       1000      806 0.041012
 8002 80097       1000      814 0.041012
 8003 69648       1000      814 0.041011
 8004 78611       1000      796 0.041010
 8005 80467       1000      799 0.041010
 8006 78614       1000      797 0.041010
 8007 76724       1000      796 0.041009
 8008 69821       1000      808 0.041009
 8009 85944       1000      727 0.041009
 8010 65864       1000      801 0.041008
 8011 85206       1000      796 0.041008
 8012 79388       1000      725 0.041007
 8013 89083       1000      804 0.041006
 8014 89386       1000      799 0.041006
 8015 88263       1000      811 0.041003
 8016 76328       1000      803 0.041003
 8017 81952       1000      745 0.041002
 8018 84053       1000      807 0.041002
 8019 70327       1000      784 0.041001
 8020 85642       1000      786 0.040998
 8021 84927       1000      784 0.040997
 8022 87258       1000      810 0.040996
 8023 84541       1000      793 0.040996
 8024 84477       1000      715 0.040995
 8025 82996       1000      802 0.040994
 8026 75427       1000      813 0.040994
 8027 71688       1000      788 0.040993
 8028 77770       1000      796 0.040993
 8029 81482       1000      785 0.040992
 8030 73470       1000      828 0.040992
 8031 68621       1000      810 0.040990
 8032 87387       1000      741 0.040989
 8033 78668       1000      799 0.040987
 8034 81872       1000      820 0.040986
 8035 88046       1000      718 0.040986
 8036 71273       1000      730 0.040984
 8037 77648       1000      778 0.040984
 8038 74925       1000      791 0.040984
 8039 78401       1000      800 0.040984
 8040 73421       1000      788 0.040983
 8041 72603       1000      802 0.040980
 8042 68951       1000      832 0.040980
 8043 73079       1000      808 0.040980
 8044 80547       1000      800 0.040979
 8045 81164       1000      815 0.040975
 8046 70900       1000      782 0.040975
 8047 76143       1000      800 0.040975
 8048 69654       1000      713 0.040973
 8049 68752       1000      799 0.040970
 8050 77862       1000      789 0.040968
 8051 68932       1000      697 0.040968
 8052 73162       1000      750 0.040968
 8053 67649       1000      724 0.040967
 8054 74910       1000      809 0.040966
 8055 70641       1000      806 0.040965
 8056 80813       1000      726 0.040963
 8057 85898       1000      801 0.040961
 8058 83703       1000      796 0.040961
 8059 88466       1000      804 0.040960
 8060 78674       1000      814 0.040959
 8061 86101       1000      805 0.040958
 8062 73719       1000      793 0.040957
 8063 78451       1000      806 0.040955
 8064 72933       1000      733 0.040954
 8065 67302       1000      808 0.040954
 8066 84298       1000      713 0.040953
 8067 69880       1000      794 0.040952
 8068 81530       1000      807 0.040952
 8069 86470       1000      721 0.040952
 8070 70711       1000      783 0.040951
 8071 68910       1000      797 0.040950
 8072 79820       1000      737 0.040949
 8073 86919       1000      816 0.040949
 8074 84994       1000      799 0.040948
 8075 69919       1000      805 0.040948
 8076 79410       1000      804 0.040948
 8077 84630       1000      726 0.040947
 8078 87851       1000      744 0.040947
 8079 88093       1000      786 0.040946
 8080 87963       1000      785 0.040946
 8081 86452       1000      784 0.040945
 8082 69854       1000      812 0.040945
 8083 76643       1000      798 0.040941
 8084 67541       1000      725 0.040940
 8085 76135       1000      800 0.040939
 8086 76432       1000      721 0.040939
 8087 67609       1000      800 0.040939
 8088 86359       1000      805 0.040938
 8089 73171       1000      780 0.040937
 8090 68036       1000      807 0.040936
 8091 79466       1000      724 0.040936
 8092 66555       1000      738 0.040935
 8093 66498       1000      796 0.040934
 8094 87703       1000      817 0.040934
 8095 70335       1000      802 0.040933
 8096 87420       1000      813 0.040931
 8097 83617       1000      791 0.040930
 8098 82211       1000      802 0.040930
 8099 88009       1000      704 0.040929
 8100 69485       1000      790 0.040927
 8101 84314       1000      782 0.040924
 8102 78620       1000      787 0.040923
 8103 68753       1000      805 0.040923
 8104 80224       1000      811 0.040922
 8105 87626       1000      814 0.040922
 8106 83053       1000      818 0.040921
 8107 72169       1000      808 0.040921
 8108 77352       1000      719 0.040920
 8109 87662       1000      782 0.040919
 8110 70160       1000      796 0.040918
 8111 72927       1000      797 0.040918
 8112 86686       1000      738 0.040916
 8113 82771       1000      802 0.040915
 8114 81793       1000      726 0.040915
 8115 83726       1000      802 0.040915
 8116 74509       1000      799 0.040914
 8117 86490       1000      790 0.040912
 8118 77388       1000      805 0.040911
 8119 66402       1000      711 0.040911
 8120 73460       1000      802 0.040910
 8121 86829       1000      799 0.040910
 8122 84694       1000      808 0.040910
 8123 84083       1000      808 0.040909
 8124 75110       1000      744 0.040909
 8125 69374       1000      820 0.040907
 8126 78028       1000      802 0.040904
 8127 78440       1000      793 0.040904
 8128 75624       1000      743 0.040904
 8129 66997       1000      739 0.040904
 8130 80126       1000      732 0.040903
 8131 76408       1000      798 0.040902
 8132 86989       1000      785 0.040902
 8133 76610       1000      794 0.040902
 8134 81634       1000      802 0.040902
 8135 85689       1000      720 0.040901
 8136 66223       1000      804 0.040900
 8137 67873       1000      727 0.040900
 8138 73071       1000      779 0.040899
 8139 67664       1000      819 0.040897
 8140 88143       1000      804 0.040896
 8141 81112       1000      814 0.040896
 8142 88097       1000      819 0.040896
 8143 79807       1000      807 0.040895
 8144 74789       1000      736 0.040894
 8145 68444       1000      731 0.040891
 8146 89345       1000      792 0.040890
 8147 84843       1000      788 0.040888
 8148 75470       1000      793 0.040887
 8149 67844       1000      812 0.040887
 8150 86170       1000      801 0.040886
 8151 78913       1000      717 0.040886
 8152 74250       1000      808 0.040885
 8153 87380       1000      803 0.040884
 8154 67458       1000      795 0.040883
 8155 72863       1000      795 0.040883
 8156 73092       1000      797 0.040880
 8157 80571       1000      750 0.040880
 8158 87266       1000      809 0.040879
 8159 71639       1000      812 0.040878
 8160 89115       1000      813 0.040878
 8161 71107       1000      804 0.040877
 8162 89302       1000      804 0.040876
 8163 83348       1000      825 0.040873
 8164 77183       1000      795 0.040873
 8165 72872       1000      793 0.040872
 8166 79708       1000      736 0.040871
 8167 73351       1000      811 0.040871
 8168 73851       1000      706 0.040870
 8169 74480       1000      798 0.040867
 8170 69430       1000      810 0.040864
 8171 86133       1000      718 0.040861
 8172 71556       1000      800 0.040860
 8173 76602       1000      804 0.040860
 8174 74573       1000      795 0.040857
 8175 73131       1000      794 0.040857
 8176 70759       1000      726 0.040855
 8177 71279       1000      805 0.040854
 8178 70230       1000      787 0.040852
 8179 80389       1000      785 0.040852
 8180 82408       1000      800 0.040852
 8181 78537       1000      793 0.040852
 8182 88517       1000      778 0.040851
 8183 67298       1000      806 0.040849
 8184 76469       1000      798 0.040848
 8185 69345       1000      793 0.040848
 8186 84041       1000      727 0.040848
 8187 83342       1000      729 0.040848
 8188 87605       1000      789 0.040847
 8189 70753       1000      749 0.040846
 8190 78391       1000      775 0.040846
 8191 86755       1000      770 0.040845
 8192 74725       1000      807 0.040842
 8193 86962       1000      786 0.040841
 8194 82774       1000      817 0.040841
 8195 88960       1000      803 0.040841
 8196 67328       1000      819 0.040838
 8197 78368       1000      794 0.040838
 8198 88429       1000      788 0.040836
 8199 71760       1000      790 0.040835
 8200 84808       1000      806 0.040835
 8201 76951       1000      827 0.040834
 8202 73057       1000      779 0.040833
 8203 88472       1000      739 0.040833
 8204 86184       1000      788 0.040832
 8205 76934       1000      743 0.040832
 8206 75096       1000      825 0.040829
 8207 88132       1000      800 0.040827
 8208 66034       1000      800 0.040827
 8209 77613       1000      811 0.040826
 8210 73959       1000      810 0.040826
 8211 66989       1000      813 0.040825
 8212 72068       1000      779 0.040824
 8213 72205       1000      814 0.040824
 8214 75760       1000      813 0.040823
 8215 79175       1000      810 0.040822
 8216 71820       1000      815 0.040822
 8217 88565       1000      726 0.040822
 8218 83181       1000      805 0.040821
 8219 79459       1000      787 0.040821
 8220 69696       1000      783 0.040819
 8221 88789       1000      791 0.040819
 8222 81951       1000      797 0.040817
 8223 83896       1000      785 0.040816
 8224 82273       1000      821 0.040816
 8225 77814       1000      731 0.040816
 8226 88965       1000      792 0.040815
 8227 85315       1000      783 0.040814
 8228 83399       1000      808 0.040812
 8229 68244       1000      790 0.040812
 8230 83922       1000      799 0.040812
 8231 82159       1000      809 0.040811
 8232 78516       1000      781 0.040811
 8233 84875       1000      781 0.040810
 8234 79079       1000      810 0.040810
 8235 72815       1000      760 0.040809
 8236 69490       1000      728 0.040809
 8237 82927       1000      718 0.040808
 8238 67013       1000      812 0.040807
 8239 70069       1000      731 0.040807
 8240 74683       1000      696 0.040806
 8241 67555       1000      792 0.040806
 8242 70838       1000      798 0.040804
 8243 66980       1000      790 0.040803
 8244 72947       1000      800 0.040803
 8245 78526       1000      794 0.040802
 8246 70060       1000      720 0.040801
 8247 74251       1000      791 0.040800
 8248 66801       1000      812 0.040800
 8249 85675       1000      787 0.040799
 8250 68983       1000      810 0.040798
 8251 69100       1000      805 0.040796
 8252 70968       1000      809 0.040796
 8253 66845       1000      810 0.040795
 8254 79266       1000      779 0.040794
 8255 77663       1000      812 0.040794
 8256 79452       1000      801 0.040794
 8257 88595       1000      811 0.040791
 8258 72716       1000      790 0.040791
 8259 84183       1000      802 0.040790
 8260 66507       1000      809 0.040787
 8261 79887       1000      709 0.040787
 8262 65845       1000      811 0.040782
 8263 66903       1000      797 0.040781
 8264 87459       1000      715 0.040780
 8265 68587       1000      786 0.040779
 8266 84031       1000      813 0.040779
 8267 84752       1000      800 0.040777
 8268 89224       1000      788 0.040775
 8269 80933       1000      804 0.040775
 8270 87812       1000      717 0.040775
 8271 74432       1000      821 0.040773
 8272 68239       1000      818 0.040773
 8273 66910       1000      810 0.040772
 8274 75981       1000      778 0.040770
 8275 87974       1000      792 0.040770
 8276 72734       1000      786 0.040769
 8277 88487       1000      771 0.040769
 8278 79412       1000      784 0.040769
 8279 81321       1000      788 0.040769
 8280 84950       1000      711 0.040768
 8281 81903       1000      782 0.040767
 8282 84251       1000      824 0.040766
 8283 66446       1000      785 0.040766
 8284 77403       1000      804 0.040766
 8285 66685       1000      800 0.040766
 8286 73108       1000      707 0.040766
 8287 68372       1000      705 0.040765
 8288 65940       1000      776 0.040763
 8289 72033       1000      776 0.040763
 8290 81394       1000      806 0.040761
 8291 89318       1000      704 0.040760
 8292 66761       1000      814 0.040759
 8293 88931       1000      790 0.040758
 8294 74977       1000      804 0.040756
 8295 83473       1000      693 0.040756
 8296 76186       1000      728 0.040755
 8297 77806       1000      795 0.040754
 8298 83420       1000      783 0.040754
 8299 67426       1000      803 0.040754
 8300 71657       1000      772 0.040753
 8301 71526       1000      819 0.040751
 8302 67961       1000      787 0.040750
 8303 71687       1000      823 0.040750
 8304 71913       1000      798 0.040750
 8305 87712       1000      708 0.040749
 8306 87699       1000      789 0.040748
 8307 70551       1000      789 0.040746
 8308 84576       1000      794 0.040745
 8309 75558       1000      803 0.040745
 8310 83139       1000      810 0.040741
 8311 74856       1000      748 0.040739
 8312 83959       1000      803 0.040738
 8313 82668       1000      801 0.040738
 8314 78026       1000      722 0.040738
 8315 81075       1000      797 0.040737
 8316 73722       1000      819 0.040736
 8317 89234       1000      797 0.040735
 8318 75610       1000      736 0.040734
 8319 77948       1000      784 0.040733
 8320 74338       1000      797 0.040732
 8321 89110       1000      706 0.040732
 8322 80601       1000      799 0.040732
 8323 68023       1000      784 0.040731
 8324 68664       1000      754 0.040728
 8325 82754       1000      804 0.040727
 8326 74243       1000      725 0.040726
 8327 69413       1000      794 0.040725
 8328 74350       1000      781 0.040724
 8329 86309       1000      780 0.040723
 8330 72321       1000      802 0.040722
 8331 80947       1000      818 0.040722
 8332 83229       1000      792 0.040720
 8333 76271       1000      805 0.040720
 8334 69514       1000      780 0.040718
 8335 71800       1000      810 0.040718
 8336 85344       1000      790 0.040717
 8337 88096       1000      724 0.040716
 8338 83001       1000      804 0.040716
 8339 81523       1000      793 0.040715
 8340 76228       1000      807 0.040715
 8341 82951       1000      787 0.040714
 8342 87480       1000      813 0.040712
 8343 71026       1000      793 0.040711
 8344 76007       1000      784 0.040711
 8345 88115       1000      822 0.040710
 8346 82359       1000      795 0.040710
 8347 79744       1000      826 0.040709
 8348 82687       1000      796 0.040708
 8349 73633       1000      798 0.040707
 8350 85581       1000      821 0.040707
 8351 72258       1000      793 0.040706
 8352 83579       1000      784 0.040705
 8353 68061       1000      741 0.040705
 8354 77291       1000      801 0.040704
 8355 82207       1000      796 0.040704
 8356 72225       1000      805 0.040704
 8357 85881       1000      800 0.040703
 8358 86892       1000      708 0.040701
 8359 86716       1000      795 0.040701
 8360 67490       1000      808 0.040699
 8361 71966       1000      705 0.040699
 8362 83042       1000      804 0.040699
 8363 74523       1000      787 0.040697
 8364 84872       1000      786 0.040696
 8365 82187       1000      810 0.040694
 8366 82306       1000      728 0.040693
 8367 72361       1000      804 0.040692
 8368 75144       1000      804 0.040692
 8369 87283       1000      780 0.040691
 8370 73437       1000      793 0.040690
 8371 78715       1000      796 0.040690
 8372 75703       1000      784 0.040688
 8373 85795       1000      803 0.040684
 8374 76285       1000      816 0.040684
 8375 84192       1000      806 0.040682
 8376 80442       1000      800 0.040681
 8377 70045       1000      814 0.040681
 8378 84021       1000      770 0.040679
 8379 79869       1000      796 0.040678
 8380 77743       1000      805 0.040678
 8381 83326       1000      716 0.040676
 8382 71443       1000      808 0.040675
 8383 82136       1000      797 0.040675
 8384 66356       1000      812 0.040675
 8385 67512       1000      791 0.040674
 8386 76060       1000      730 0.040673
 8387 65881       1000      801 0.040673
 8388 79498       1000      797 0.040673
 8389 70715       1000      809 0.040672
 8390 74185       1000      703 0.040672
 8391 68457       1000      795 0.040671
 8392 85058       1000      813 0.040669
 8393 71867       1000      799 0.040669
 8394 74909       1000      732 0.040668
 8395 71374       1000      788 0.040667
 8396 79759       1000      810 0.040664
 8397 72518       1000      799 0.040663
 8398 71991       1000      775 0.040663
 8399 85159       1000      808 0.040661
 8400 71701       1000      708 0.040660
 8401 78129       1000      719 0.040660
 8402 85632       1000      708 0.040660
 8403 80341       1000      715 0.040660
 8404 73861       1000      796 0.040659
 8405 83479       1000      814 0.040659
 8406 88650       1000      708 0.040659
 8407 84869       1000      821 0.040657
 8408 72405       1000      815 0.040656
 8409 72417       1000      796 0.040656
 8410 83085       1000      799 0.040655
 8411 69104       1000      799 0.040654
 8412 75935       1000      793 0.040653
 8413 81817       1000      803 0.040653
 8414 68289       1000      824 0.040651
 8415 66598       1000      793 0.040650
 8416 68996       1000      807 0.040650
 8417 87830       1000      724 0.040650
 8418 84629       1000      798 0.040649
 8419 80950       1000      722 0.040648
 8420 76376       1000      695 0.040647
 8421 81409       1000      787 0.040646
 8422 67138       1000      805 0.040645
 8423 71863       1000      785 0.040644
 8424 68349       1000      792 0.040644
 8425 68580       1000      797 0.040643
 8426 67094       1000      780 0.040643
 8427 78124       1000      788 0.040642
 8428 66150       1000      820 0.040640
 8429 76993       1000      738 0.040640
 8430 66987       1000      782 0.040639
 8431 79307       1000      728 0.040639
 8432 72074       1000      801 0.040638
 8433 72266       1000      732 0.040638
 8434 81718       1000      725 0.040638
 8435 71789       1000      786 0.040637
 8436 67259       1000      794 0.040636
 8437 82789       1000      798 0.040636
 8438 66857       1000      704 0.040635
 8439 81936       1000      734 0.040635
 8440 69124       1000      802 0.040632
 8441 71664       1000      781 0.040630
 8442 75196       1000      798 0.040630
 8443 81092       1000      816 0.040628
 8444 67072       1000      702 0.040625
 8445 75259       1000      791 0.040625
 8446 81443       1000      833 0.040622
 8447 69804       1000      812 0.040619
 8448 86582       1000      723 0.040619
 8449 87220       1000      790 0.040617
 8450 77645       1000      804 0.040616
 8451 84278       1000      794 0.040615
 8452 78388       1000      798 0.040614
 8453 69965       1000      804 0.040613
 8454 69428       1000      813 0.040609
 8455 86595       1000      688 0.040608
 8456 76511       1000      706 0.040608
 8457 72566       1000      804 0.040607
 8458 81786       1000      800 0.040606
 8459 76299       1000      781 0.040606
 8460 74035       1000      718 0.040605
 8461 87897       1000      808 0.040605
 8462 66751       1000      811 0.040605
 8463 77297       1000      800 0.040604
 8464 71393       1000      814 0.040604
 8465 74724       1000      782 0.040604
 8466 68065       1000      807 0.040604
 8467 84772       1000      799 0.040604
 8468 85743       1000      818 0.040603
 8469 82290       1000      750 0.040602
 8470 68411       1000      721 0.040602
 8471 65987       1000      813 0.040601
 8472 86082       1000      798 0.040600
 8473 86954       1000      789 0.040600
 8474 66768       1000      806 0.040599
 8475 80647       1000      808 0.040597
 8476 81925       1000      837 0.040596
 8477 82456       1000      806 0.040596
 8478 77667       1000      796 0.040596
 8479 70915       1000      809 0.040595
 8480 71075       1000      793 0.040595
 8481 79716       1000      803 0.040593
 8482 77864       1000      800 0.040593
 8483 84363       1000      810 0.040592
 8484 82048       1000      832 0.040592
 8485 83014       1000      810 0.040591
 8486 71261       1000      794 0.040591
 8487 66670       1000      801 0.040589
 8488 70660       1000      799 0.040588
 8489 78711       1000      810 0.040587
 8490 79578       1000      824 0.040584
 8491 69011       1000      720 0.040583
 8492 74135       1000      778 0.040582
 8493 84925       1000      724 0.040581
 8494 77150       1000      719 0.040579
 8495 81742       1000      803 0.040579
 8496 77054       1000      804 0.040578
 8497 82372       1000      785 0.040578
 8498 69626       1000      795 0.040578
 8499 80138       1000      798 0.040578
 8500 68020       1000      817 0.040576
 8501 72656       1000      796 0.040576
 8502 84170       1000      792 0.040576
 8503 73053       1000      788 0.040575
 8504 70168       1000      706 0.040574
 8505 70355       1000      783 0.040573
 8506 79586       1000      796 0.040571
 8507 73306       1000      795 0.040570
 8508 86478       1000      817 0.040570
 8509 82125       1000      813 0.040567
 8510 82259       1000      796 0.040565
 8511 77958       1000      814 0.040564
 8512 87759       1000      797 0.040562
 8513 85025       1000      822 0.040560
 8514 76194       1000      774 0.040560
 8515 73329       1000      807 0.040558
 8516 76008       1000      786 0.040558
 8517 82029       1000      808 0.040557
 8518 80850       1000      810 0.040557
 8519 76808       1000      804 0.040556
 8520 69669       1000      816 0.040556
 8521 71839       1000      799 0.040556
 8522 78280       1000      822 0.040554
 8523 70393       1000      813 0.040554
 8524 85089       1000      805 0.040553
 8525 71488       1000      812 0.040553
 8526 72334       1000      798 0.040550
 8527 68937       1000      798 0.040550
 8528 87731       1000      787 0.040549
 8529 79194       1000      806 0.040549
 8530 73386       1000      806 0.040549
 8531 89267       1000      808 0.040546
 8532 70931       1000      772 0.040545
 8533 73096       1000      704 0.040545
 8534 73180       1000      809 0.040544
 8535 79112       1000      789 0.040544
 8536 69742       1000      805 0.040542
 8537 75778       1000      810 0.040542
 8538 74321       1000      803 0.040540
 8539 68899       1000      794 0.040540
 8540 86113       1000      808 0.040539
 8541 74928       1000      730 0.040537
 8542 74340       1000      724 0.040533
 8543 80565       1000      812 0.040533
 8544 76561       1000      805 0.040533
 8545 83737       1000      799 0.040532
 8546 79932       1000      811 0.040531
 8547 79456       1000      804 0.040531
 8548 81600       1000      810 0.040531
 8549 89175       1000      724 0.040530
 8550 87356       1000      820 0.040530
 8551 86939       1000      788 0.040528
 8552 87898       1000      720 0.040527
 8553 69125       1000      805 0.040527
 8554 76387       1000      816 0.040523
 8555 69435       1000      792 0.040521
 8556 69979       1000      724 0.040521
 8557 74846       1000      807 0.040520
 8558 84792       1000      810 0.040518
 8559 83475       1000      790 0.040518
 8560 72697       1000      733 0.040517
 8561 80012       1000      716 0.040517
 8562 69783       1000      784 0.040516
 8563 78461       1000      802 0.040515
 8564 72650       1000      819 0.040515
 8565 76212       1000      724 0.040514
 8566 83355       1000      734 0.040513
 8567 81953       1000      711 0.040513
 8568 72983       1000      816 0.040511
 8569 82209       1000      798 0.040511
 8570 75644       1000      720 0.040510
 8571 88025       1000      790 0.040509
 8572 79695       1000      744 0.040509
 8573 86750       1000      797 0.040507
 8574 73104       1000      786 0.040505
 8575 80019       1000      813 0.040505
 8576 87992       1000      795 0.040503
 8577 78090       1000      792 0.040502
 8578 82339       1000      806 0.040502
 8579 86172       1000      729 0.040501
 8580 73516       1000      807 0.040500
 8581 83939       1000      822 0.040498
 8582 85651       1000      793 0.040497
 8583 75813       1000      774 0.040496
 8584 86521       1000      733 0.040494
 8585 84604       1000      746 0.040493
 8586 78846       1000      795 0.040492
 8587 86637       1000      715 0.040492
 8588 80737       1000      783 0.040489
 8589 77692       1000      780 0.040487
 8590 68698       1000      715 0.040487
 8591 86809       1000      708 0.040486
 8592 80533       1000      729 0.040482
 8593 75359       1000      825 0.040482
 8594 79366       1000      812 0.040481
 8595 68648       1000      790 0.040480
 8596 87014       1000      770 0.040480
 8597 70668       1000      715 0.040480
 8598 74719       1000      786 0.040479
 8599 82881       1000      800 0.040479
 8600 86346       1000      784 0.040479
 8601 73659       1000      800 0.040479
 8602 70576       1000      810 0.040479
 8603 81923       1000      720 0.040478
 8604 83532       1000      814 0.040477
 8605 79929       1000      781 0.040476
 8606 68608       1000      746 0.040476
 8607 73119       1000      698 0.040476
 8608 85217       1000      725 0.040476
 8609 77355       1000      789 0.040475
 8610 69776       1000      788 0.040475
 8611 83681       1000      788 0.040474
 8612 74914       1000      725 0.040473
 8613 65951       1000      794 0.040473
 8614 85477       1000      790 0.040472
 8615 76089       1000      696 0.040472
 8616 89346       1000      727 0.040471
 8617 85886       1000      732 0.040468
 8618 76198       1000      730 0.040468
 8619 77650       1000      723 0.040467
 8620 69402       1000      787 0.040466
 8621 80679       1000      808 0.040465
 8622 85872       1000      791 0.040465
 8623 74019       1000      786 0.040465
 8624 85151       1000      804 0.040464
 8625 71949       1000      807 0.040464
 8626 66058       1000      717 0.040464
 8627 87633       1000      798 0.040463
 8628 66152       1000      790 0.040462
 8629 65882       1000      787 0.040462
 8630 66412       1000      814 0.040459
 8631 76115       1000      821 0.040459
 8632 70622       1000      811 0.040457
 8633 88546       1000      717 0.040456
 8634 73602       1000      721 0.040456
 8635 72453       1000      825 0.040456
 8636 67348       1000      724 0.040453
 8637 89217       1000      795 0.040452
 8638 78190       1000      813 0.040451
 8639 88920       1000      796 0.040451
 8640 82859       1000      794 0.040448
 8641 75234       1000      809 0.040448
 8642 76839       1000      742 0.040446
 8643 75602       1000      717 0.040445
 8644 78564       1000      797 0.040443
 8645 69990       1000      733 0.040442
 8646 74036       1000      726 0.040439
 8647 88951       1000      704 0.040437
 8648 78933       1000      788 0.040436
 8649 66539       1000      793 0.040436
 8650 77852       1000      800 0.040435
 8651 85445       1000      792 0.040434
 8652 86175       1000      728 0.040434
 8653 79597       1000      744 0.040434
 8654 88030       1000      806 0.040432
 8655 74971       1000      800 0.040430
 8656 71738       1000      824 0.040430
 8657 84419       1000      790 0.040430
 8658 67088       1000      816 0.040430
 8659 69701       1000      805 0.040429
 8660 75304       1000      818 0.040429
 8661 89415       1000      794 0.040428
 8662 72449       1000      820 0.040427
 8663 76038       1000      717 0.040427
 8664 77293       1000      802 0.040427
 8665 88961       1000      795 0.040426
 8666 79343       1000      836 0.040425
 8667 78125       1000      759 0.040425
 8668 79821       1000      805 0.040425
 8669 68885       1000      791 0.040424
 8670 73585       1000      793 0.040424
 8671 82904       1000      779 0.040423
 8672 89134       1000      817 0.040423
 8673 83040       1000      794 0.040423
 8674 76338       1000      781 0.040423
 8675 85863       1000      732 0.040422
 8676 69552       1000      811 0.040421
 8677 72970       1000      797 0.040420
 8678 72831       1000      806 0.040419
 8679 83238       1000      707 0.040417
 8680 82322       1000      792 0.040417
 8681 85578       1000      802 0.040416
 8682 76219       1000      784 0.040416
 8683 78867       1000      808 0.040414
 8684 81355       1000      806 0.040414
 8685 72299       1000      741 0.040413
 8686 79587       1000      819 0.040412
 8687 74269       1000      824 0.040412
 8688 70605       1000      798 0.040412
 8689 68432       1000      794 0.040410
 8690 75965       1000      802 0.040409
 8691 76548       1000      726 0.040409
 8692 84802       1000      732 0.040409
 8693 67993       1000      779 0.040408
 8694 73793       1000      738 0.040408
 8695 80281       1000      801 0.040407
 8696 75188       1000      792 0.040406
 8697 89391       1000      800 0.040404
 8698 77383       1000      819 0.040404
 8699 89203       1000      812 0.040404
 8700 85900       1000      803 0.040403
 8701 81733       1000      792 0.040403
 8702 76921       1000      731 0.040403
 8703 69729       1000      817 0.040402
 8704 88094       1000      797 0.040402
 8705 66466       1000      790 0.040401
 8706 75034       1000      812 0.040401
 8707 88509       1000      806 0.040401
 8708 71296       1000      800 0.040401
 8709 84525       1000      727 0.040400
 8710 82038       1000      803 0.040400
 8711 88173       1000      800 0.040399
 8712 82251       1000      826 0.040399
 8713 74233       1000      799 0.040398
 8714 84560       1000      795 0.040396
 8715 88681       1000      778 0.040394
 8716 73254       1000      809 0.040394
 8717 79267       1000      788 0.040393
 8718 75574       1000      807 0.040392
 8719 81078       1000      793 0.040392
 8720 78659       1000      798 0.040391
 8721 74315       1000      797 0.040390
 8722 78520       1000      785 0.040390
 8723 83262       1000      818 0.040389
 8724 85441       1000      823 0.040389
 8725 86014       1000      802 0.040388
 8726 80689       1000      716 0.040386
 8727 66631       1000      801 0.040386
 8728 82115       1000      811 0.040385
 8729 82638       1000      805 0.040384
 8730 80656       1000      793 0.040383
 8731 74015       1000      801 0.040382
 8732 74141       1000      800 0.040380
 8733 88752       1000      743 0.040380
 8734 70421       1000      730 0.040379
 8735 81460       1000      786 0.040379
 8736 79794       1000      823 0.040379
 8737 76343       1000      736 0.040379
 8738 84110       1000      807 0.040375
 8739 73783       1000      693 0.040374
 8740 66278       1000      818 0.040374
 8741 74773       1000      774 0.040373
 8742 85446       1000      798 0.040372
 8743 72291       1000      716 0.040371
 8744 70323       1000      735 0.040371
 8745 76686       1000      774 0.040366
 8746 87845       1000      786 0.040366
 8747 84603       1000      805 0.040364
 8748 83815       1000      797 0.040363
 8749 80282       1000      801 0.040363
 8750 74048       1000      796 0.040361
 8751 80310       1000      803 0.040361
 8752 87805       1000      817 0.040361
 8753 77834       1000      723 0.040360
 8754 69595       1000      804 0.040359
 8755 71769       1000      700 0.040356
 8756 82868       1000      789 0.040353
 8757 70741       1000      743 0.040352
 8758 71575       1000      752 0.040351
 8759 86645       1000      799 0.040350
 8760 70841       1000      815 0.040349
 8761 85780       1000      781 0.040349
 8762 77478       1000      819 0.040348
 8763 71706       1000      822 0.040348
 8764 86680       1000      814 0.040347
 8765 68790       1000      804 0.040346
 8766 73021       1000      742 0.040346
 8767 80409       1000      790 0.040345
 8768 69171       1000      806 0.040345
 8769 73189       1000      786 0.040344
 8770 69004       1000      722 0.040343
 8771 70789       1000      838 0.040341
 8772 74566       1000      799 0.040339
 8773 67229       1000      784 0.040339
 8774 76609       1000      801 0.040338
 8775 78554       1000      810 0.040337
 8776 88101       1000      805 0.040337
 8777 79683       1000      716 0.040336
 8778 85360       1000      788 0.040336
 8779 85764       1000      811 0.040336
 8780 81722       1000      806 0.040336
 8781 73637       1000      708 0.040335
 8782 69660       1000      804 0.040335
 8783 85267       1000      721 0.040335
 8784 83391       1000      781 0.040331
 8785 85512       1000      807 0.040330
 8786 83906       1000      819 0.040329
 8787 79314       1000      806 0.040328
 8788 77296       1000      799 0.040328
 8789 83967       1000      780 0.040327
 8790 72189       1000      784 0.040327
 8791 77497       1000      794 0.040325
 8792 79609       1000      816 0.040324
 8793 70519       1000      793 0.040324
 8794 83131       1000      796 0.040324
 8795 84710       1000      725 0.040323
 8796 72025       1000      809 0.040323
 8797 86933       1000      800 0.040322
 8798 82539       1000      807 0.040321
 8799 72999       1000      745 0.040321
 8800 81070       1000      801 0.040320
 8801 79163       1000      794 0.040316
 8802 77301       1000      812 0.040316
 8803 85505       1000      815 0.040316
 8804 67038       1000      712 0.040315
 8805 74267       1000      779 0.040315
 8806 77702       1000      809 0.040312
 8807 77435       1000      735 0.040312
 8808 66853       1000      751 0.040311
 8809 85683       1000      814 0.040310
 8810 79747       1000      736 0.040309
 8811 68629       1000      729 0.040307
 8812 79868       1000      716 0.040307
 8813 73205       1000      796 0.040307
 8814 88358       1000      803 0.040306
 8815 87943       1000      805 0.040305
 8816 77241       1000      799 0.040305
 8817 73395       1000      712 0.040303
 8818 86497       1000      785 0.040303
 8819 88731       1000      781 0.040302
 8820 72515       1000      787 0.040302
 8821 83062       1000      812 0.040302
 8822 76573       1000      782 0.040299
 8823 72075       1000      707 0.040296
 8824 83637       1000      783 0.040295
 8825 86363       1000      797 0.040292
 8826 68251       1000      714 0.040292
 8827 85054       1000      799 0.040291
 8828 83958       1000      702 0.040289
 8829 81804       1000      734 0.040289
 8830 67500       1000      790 0.040289
 8831 68498       1000      812 0.040288
 8832 67830       1000      784 0.040288
 8833 79700       1000      797 0.040286
 8834 66448       1000      824 0.040285
 8835 84645       1000      730 0.040285
 8836 79255       1000      777 0.040285
 8837 82235       1000      778 0.040284
 8838 85014       1000      817 0.040283
 8839 81922       1000      811 0.040282
 8840 74770       1000      812 0.040281
 8841 84281       1000      815 0.040281
 8842 68520       1000      714 0.040278
 8843 78167       1000      808 0.040278
 8844 72432       1000      795 0.040277
 8845 83945       1000      809 0.040276
 8846 72763       1000      804 0.040276
 8847 87344       1000      801 0.040275
 8848 78084       1000      715 0.040275
 8849 83442       1000      817 0.040275
 8850 81565       1000      809 0.040272
 8851 85114       1000      815 0.040271
 8852 66754       1000      783 0.040271
 8853 70536       1000      813 0.040270
 8854 67039       1000      735 0.040270
 8855 86882       1000      729 0.040270
 8856 87758       1000      811 0.040269
 8857 72680       1000      796 0.040267
 8858 67262       1000      729 0.040267
 8859 86240       1000      714 0.040267
 8860 78625       1000      790 0.040267
 8861 80081       1000      779 0.040266
 8862 77411       1000      795 0.040266
 8863 73899       1000      746 0.040265
 8864 71710       1000      798 0.040265
 8865 87212       1000      720 0.040264
 8866 87614       1000      796 0.040263
 8867 73216       1000      794 0.040263
 8868 83742       1000      794 0.040263
 8869 86576       1000      796 0.040262
 8870 74730       1000      805 0.040262
 8871 70996       1000      806 0.040260
 8872 80844       1000      798 0.040260
 8873 88329       1000      807 0.040260
 8874 87604       1000      793 0.040259
 8875 81368       1000      801 0.040258
 8876 89233       1000      785 0.040258
 8877 78423       1000      744 0.040255
 8878 77311       1000      781 0.040252
 8879 69946       1000      814 0.040252
 8880 86127       1000      827 0.040251
 8881 80926       1000      709 0.040250
 8882 66434       1000      792 0.040250
 8883 79965       1000      717 0.040248
 8884 84386       1000      727 0.040248
 8885 69502       1000      793 0.040247
 8886 83889       1000      786 0.040246
 8887 78636       1000      815 0.040246
 8888 79818       1000      726 0.040245
 8889 80823       1000      799 0.040245
 8890 77259       1000      805 0.040244
 8891 68771       1000      784 0.040243
 8892 71161       1000      804 0.040243
 8893 70297       1000      800 0.040242
 8894 72265       1000      730 0.040242
 8895 69945       1000      791 0.040242
 8896 85679       1000      785 0.040242
 8897 82579       1000      792 0.040240
 8898 80928       1000      785 0.040239
 8899 82753       1000      790 0.040239
 8900 69357       1000      811 0.040238
 8901 75314       1000      742 0.040238
 8902 80016       1000      795 0.040235
 8903 85890       1000      795 0.040235
 8904 74276       1000      799 0.040230
 8905 75537       1000      781 0.040230
 8906 73135       1000      806 0.040229
 8907 78747       1000      729 0.040229
 8908 86914       1000      804 0.040228
 8909 83395       1000      806 0.040225
 8910 88694       1000      711 0.040225
 8911 85243       1000      722 0.040223
 8912 73782       1000      803 0.040222
 8913 77836       1000      796 0.040221
 8914 81866       1000      737 0.040220
 8915 88991       1000      779 0.040220
 8916 82953       1000      820 0.040220
 8917 84308       1000      826 0.040219
 8918 86034       1000      799 0.040218
 8919 66700       1000      740 0.040218
 8920 77002       1000      811 0.040217
 8921 88262       1000      735 0.040215
 8922 86442       1000      792 0.040215
 8923 88003       1000      773 0.040214
 8924 77458       1000      812 0.040214
 8925 77837       1000      802 0.040214
 8926 68627       1000      801 0.040212
 8927 87833       1000      787 0.040212
 8928 88055       1000      813 0.040210
 8929 78692       1000      806 0.040209
 8930 72939       1000      806 0.040208
 8931 70295       1000      801 0.040208
 8932 74668       1000      807 0.040208
 8933 78948       1000      809 0.040207
 8934 74301       1000      792 0.040206
 8935 86878       1000      815 0.040205
 8936 73582       1000      797 0.040203
 8937 75998       1000      791 0.040202
 8938 77070       1000      799 0.040201
 8939 79673       1000      784 0.040201
 8940 70127       1000      806 0.040198
 8941 71937       1000      727 0.040198
 8942 71871       1000      803 0.040195
 8943 79475       1000      786 0.040194
 8944 66897       1000      723 0.040194
 8945 72622       1000      733 0.040194
 8946 81550       1000      712 0.040194
 8947 68114       1000      736 0.040194
 8948 87223       1000      807 0.040194
 8949 69053       1000      804 0.040193
 8950 66142       1000      793 0.040193
 8951 82363       1000      728 0.040192
 8952 71674       1000      806 0.040192
 8953 81896       1000      791 0.040191
 8954 76597       1000      713 0.040187
 8955 83452       1000      718 0.040186
 8956 82156       1000      785 0.040184
 8957 79432       1000      818 0.040184
 8958 77266       1000      805 0.040183
 8959 73477       1000      732 0.040181
 8960 78971       1000      816 0.040181
 8961 76058       1000      800 0.040181
 8962 75839       1000      783 0.040180
 8963 77427       1000      705 0.040180
 8964 78083       1000      802 0.040180
 8965 87910       1000      797 0.040178
 8966 88673       1000      814 0.040176
 8967 80752       1000      787 0.040175
 8968 77774       1000      804 0.040174
 8969 73195       1000      823 0.040173
 8970 83984       1000      781 0.040171
 8971 76587       1000      795 0.040171
 8972 66716       1000      790 0.040170
 8973 82660       1000      719 0.040168
 8974 74938       1000      774 0.040168
 8975 75368       1000      790 0.040168
 8976 69708       1000      731 0.040167
 8977 82650       1000      801 0.040167
 8978 87428       1000      796 0.040165
 8979 66838       1000      794 0.040165
 8980 84012       1000      723 0.040163
 8981 71757       1000      799 0.040163
 8982 85746       1000      802 0.040163
 8983 87598       1000      729 0.040162
 8984 66186       1000      810 0.040161
 8985 85192       1000      807 0.040161
 8986 70792       1000      727 0.040160
 8987 66373       1000      788 0.040158
 8988 83969       1000      818 0.040156
 8989 85369       1000      794 0.040155
 8990 71922       1000      725 0.040154
 8991 85934       1000      801 0.040154
 8992 71866       1000      796 0.040154
 8993 69571       1000      805 0.040153
 8994 76476       1000      808 0.040153
 8995 85321       1000      788 0.040152
 8996 73398       1000      727 0.040151
 8997 88975       1000      802 0.040151
 8998 79841       1000      791 0.040149
 8999 75201       1000      818 0.040148
 9000 79599       1000      770 0.040148
 9001 85516       1000      796 0.040147
 9002 82633       1000      796 0.040147
 9003 67897       1000      785 0.040146
 9004 73992       1000      799 0.040145
 9005 70119       1000      803 0.040143
 9006 89323       1000      791 0.040142
 9007 86425       1000      804 0.040142
 9008 77769       1000      790 0.040142
 9009 71237       1000      793 0.040141
 9010 79391       1000      792 0.040139
 9011 69699       1000      794 0.040137
 9012 88856       1000      805 0.040135
 9013 87860       1000      808 0.040135
 9014 73898       1000      800 0.040134
 9015 70447       1000      711 0.040134
 9016 77965       1000      790 0.040133
 9017 68422       1000      762 0.040132
 9018 81462       1000      785 0.040128
 9019 71944       1000      784 0.040128
 9020 75549       1000      722 0.040127
 9021 88561       1000      798 0.040126
 9022 67198       1000      718 0.040126
 9023 78120       1000      820 0.040126
 9024 69278       1000      781 0.040126
 9025 83760       1000      813 0.040125
 9026 85328       1000      797 0.040124
 9027 86792       1000      795 0.040124
 9028 77705       1000      792 0.040124
 9029 71568       1000      805 0.040124
 9030 82310       1000      784 0.040123
 9031 76300       1000      802 0.040122
 9032 71108       1000      802 0.040121
 9033 74851       1000      825 0.040121
 9034 78100       1000      800 0.040121
 9035 80045       1000      787 0.040119
 9036 66111       1000      742 0.040118
 9037 66139       1000      804 0.040118
 9038 72866       1000      802 0.040117
 9039 75149       1000      730 0.040114
 9040 71886       1000      804 0.040114
 9041 70094       1000      796 0.040114
 9042 66003       1000      807 0.040114
 9043 68901       1000      800 0.040114
 9044 71483       1000      794 0.040113
 9045 68228       1000      816 0.040112
 9046 83463       1000      800 0.040111
 9047 71578       1000      803 0.040110
 9048 73218       1000      806 0.040110
 9049 77731       1000      788 0.040110
 9050 68862       1000      710 0.040110
 9051 74457       1000      802 0.040108
 9052 74448       1000      701 0.040107
 9053 85027       1000      806 0.040107
 9054 67364       1000      801 0.040106
 9055 80468       1000      823 0.040105
 9056 80968       1000      812 0.040104
 9057 82134       1000      817 0.040104
 9058 87739       1000      794 0.040102
 9059 66182       1000      718 0.040100
 9060 88536       1000      793 0.040098
 9061 86682       1000      800 0.040097
 9062 72992       1000      797 0.040096
 9063 74100       1000      780 0.040096
 9064 89279       1000      741 0.040096
 9065 71149       1000      813 0.040096
 9066 87247       1000      797 0.040096
 9067 89184       1000      750 0.040095
 9068 79407       1000      782 0.040094
 9069 86542       1000      807 0.040092
 9070 88459       1000      798 0.040092
 9071 82320       1000      780 0.040091
 9072 79017       1000      796 0.040091
 9073 84965       1000      794 0.040089
 9074 66359       1000      778 0.040087
 9075 87398       1000      779 0.040086
 9076 86324       1000      805 0.040086
 9077 81636       1000      812 0.040085
 9078 70019       1000      790 0.040085
 9079 84384       1000      800 0.040083
 9080 78449       1000      790 0.040083
 9081 87194       1000      795 0.040080
 9082 82962       1000      812 0.040080
 9083 86009       1000      799 0.040080
 9084 86840       1000      727 0.040079
 9085 74419       1000      788 0.040079
 9086 69249       1000      793 0.040078
 9087 77919       1000      793 0.040077
 9088 81120       1000      795 0.040076
 9089 81222       1000      803 0.040075
 9090 66288       1000      797 0.040074
 9091 73025       1000      803 0.040074
 9092 80432       1000      806 0.040072
 9093 78548       1000      800 0.040072
 9094 80308       1000      795 0.040071
 9095 72229       1000      785 0.040071
 9096 72588       1000      790 0.040071
 9097 74268       1000      824 0.040070
 9098 69505       1000      808 0.040069
 9099 89149       1000      791 0.040069
 9100 73880       1000      778 0.040068
 9101 66787       1000      810 0.040068
 9102 84706       1000      800 0.040067
 9103 83626       1000      780 0.040066
 9104 68647       1000      798 0.040065
 9105 85715       1000      791 0.040061
 9106 78462       1000      730 0.040061
 9107 87458       1000      817 0.040059
 9108 72618       1000      811 0.040057
 9109 84200       1000      804 0.040057
 9110 67875       1000      794 0.040056
 9111 67370       1000      796 0.040054
 9112 74682       1000      792 0.040052
 9113 71898       1000      730 0.040052
 9114 80414       1000      800 0.040052
 9115 86420       1000      812 0.040050
 9116 87363       1000      792 0.040049
 9117 85284       1000      803 0.040047
 9118 82167       1000      783 0.040046
 9119 68392       1000      811 0.040046
 9120 87443       1000      797 0.040045
 9121 84926       1000      797 0.040044
 9122 80393       1000      758 0.040043
 9123 88017       1000      721 0.040043
 9124 84578       1000      796 0.040040
 9125 67275       1000      811 0.040039
 9126 67432       1000      714 0.040037
 9127 80361       1000      822 0.040035
 9128 82963       1000      786 0.040035
 9129 71440       1000      799 0.040035
 9130 67178       1000      724 0.040033
 9131 70299       1000      802 0.040033
 9132 86603       1000      791 0.040033
 9133 72974       1000      801 0.040033
 9134 88849       1000      794 0.040032
 9135 76799       1000      792 0.040032
 9136 77861       1000      800 0.040032
 9137 83874       1000      800 0.040032
 9138 83765       1000      782 0.040032
 9139 70267       1000      808 0.040031
 9140 73902       1000      724 0.040031
 9141 78699       1000      749 0.040031
 9142 87569       1000      774 0.040030
 9143 73340       1000      807 0.040030
 9144 80778       1000      793 0.040028
 9145 80085       1000      825 0.040028
 9146 84735       1000      817 0.040028
 9147 67974       1000      797 0.040026
 9148 83218       1000      797 0.040025
 9149 89116       1000      699 0.040025
 9150 87671       1000      734 0.040025
 9151 74284       1000      789 0.040025
 9152 74003       1000      801 0.040025
 9153 83141       1000      819 0.040024
 9154 84620       1000      810 0.040022
 9155 89382       1000      817 0.040022
 9156 86930       1000      716 0.040022
 9157 71275       1000      721 0.040021
 9158 80446       1000      731 0.040021
 9159 72824       1000      811 0.040020
 9160 83413       1000      758 0.040019
 9161 79044       1000      813 0.040019
 9162 86467       1000      800 0.040019
 9163 79430       1000      806 0.040018
 9164 74768       1000      806 0.040017
 9165 70198       1000      794 0.040017
 9166 70598       1000      798 0.040017
 9167 66110       1000      783 0.040016
 9168 81290       1000      800 0.040013
 9169 80149       1000      786 0.040012
 9170 76584       1000      792 0.040012
 9171 86405       1000      792 0.040011
 9172 69871       1000      798 0.040010
 9173 79264       1000      801 0.040010
 9174 71208       1000      801 0.040009
 9175 80558       1000      803 0.040008
 9176 83926       1000      739 0.040008
 9177 80750       1000      791 0.040007
 9178 77327       1000      797 0.040007
 9179 88313       1000      814 0.040005
 9180 83735       1000      780 0.040005
 9181 74649       1000      794 0.040003
 9182 73141       1000      796 0.040002
 9183 89398       1000      725 0.040002
 9184 76704       1000      790 0.040002
 9185 70289       1000      776 0.040002
 9186 85714       1000      781 0.040000
 9187 81940       1000      796 0.039999
 9188 72998       1000      804 0.039999
 9189 73389       1000      801 0.039999
 9190 82471       1000      803 0.039998
 9191 70320       1000      803 0.039998
 9192 72070       1000      818 0.039998
 9193 82972       1000      820 0.039997
 9194 83279       1000      813 0.039996
 9195 74865       1000      800 0.039995
 9196 84171       1000      815 0.039995
 9197 80135       1000      738 0.039995
 9198 72440       1000      791 0.039995
 9199 67374       1000      805 0.039995
 9200 86049       1000      808 0.039994
 9201 73288       1000      811 0.039993
 9202 71355       1000      795 0.039991
 9203 88521       1000      719 0.039990
 9204 89321       1000      727 0.039990
 9205 80188       1000      736 0.039990
 9206 70128       1000      801 0.039987
 9207 77125       1000      788 0.039987
 9208 67670       1000      795 0.039986
 9209 85003       1000      794 0.039986
 9210 66731       1000      824 0.039985
 9211 81824       1000      741 0.039985
 9212 68306       1000      811 0.039983
 9213 68795       1000      817 0.039982
 9214 70681       1000      806 0.039980
 9215 88864       1000      786 0.039979
 9216 85599       1000      807 0.039979
 9217 86602       1000      786 0.039979
 9218 79850       1000      816 0.039978
 9219 82047       1000      801 0.039978
 9220 68000       1000      812 0.039977
 9221 86270       1000      800 0.039977
 9222 66578       1000      796 0.039976
 9223 73347       1000      819 0.039975
 9224 86461       1000      795 0.039973
 9225 75492       1000      802 0.039973
 9226 73247       1000      797 0.039971
 9227 73213       1000      808 0.039970
 9228 77410       1000      774 0.039970
 9229 85164       1000      768 0.039969
 9230 79273       1000      794 0.039969
 9231 87272       1000      808 0.039969
 9232 74173       1000      784 0.039968
 9233 87444       1000      792 0.039968
 9234 76942       1000      814 0.039968
 9235 66311       1000      801 0.039967
 9236 65999       1000      808 0.039967
 9237 80856       1000      806 0.039967
 9238 81056       1000      793 0.039967
 9239 83259       1000      803 0.039965
 9240 81066       1000      722 0.039964
 9241 87434       1000      808 0.039964
 9242 67890       1000      793 0.039964
 9243 82142       1000      732 0.039963
 9244 67996       1000      802 0.039962
 9245 82381       1000      739 0.039962
 9246 74632       1000      780 0.039962
 9247 81492       1000      794 0.039962
 9248 72263       1000      802 0.039960
 9249 71286       1000      808 0.039960
 9250 66568       1000      784 0.039960
 9251 73625       1000      811 0.039960
 9252 67653       1000      794 0.039959
 9253 77588       1000      725 0.039958
 9254 68011       1000      803 0.039958
 9255 82511       1000      811 0.039957
 9256 83256       1000      794 0.039956
 9257 87588       1000      756 0.039956
 9258 86084       1000      809 0.039956
 9259 68840       1000      786 0.039953
 9260 67398       1000      801 0.039953
 9261 71660       1000      806 0.039953
 9262 68416       1000      716 0.039950
 9263 78544       1000      704 0.039949
 9264 72318       1000      802 0.039949
 9265 84922       1000      784 0.039949
 9266 70157       1000      811 0.039948
 9267 66430       1000      796 0.039947
 9268 88320       1000      817 0.039947
 9269 76239       1000      798 0.039947
 9270 69625       1000      731 0.039947
 9271 75654       1000      816 0.039947
 9272 68068       1000      764 0.039943
 9273 84321       1000      814 0.039942
 9274 77227       1000      812 0.039941
 9275 76774       1000      800 0.039940
 9276 88644       1000      722 0.039940
 9277 72053       1000      695 0.039940
 9278 76905       1000      809 0.039939
 9279 79949       1000      738 0.039939
 9280 74948       1000      791 0.039938
 9281 83335       1000      819 0.039938
 9282 80022       1000      801 0.039937
 9283 84105       1000      799 0.039937
 9284 66792       1000      806 0.039937
 9285 89033       1000      840 0.039936
 9286 81679       1000      821 0.039936
 9287 86558       1000      819 0.039933
 9288 70941       1000      790 0.039931
 9289 79358       1000      784 0.039931
 9290 88491       1000      818 0.039931
 9291 82165       1000      695 0.039931
 9292 82464       1000      797 0.039930
 9293 82597       1000      798 0.039929
 9294 81451       1000      819 0.039929
 9295 71479       1000      729 0.039928
 9296 77381       1000      801 0.039928
 9297 75438       1000      729 0.039928
 9298 83281       1000      801 0.039927
 9299 80792       1000      796 0.039927
 9300 77690       1000      808 0.039926
 9301 72268       1000      709 0.039925
 9302 72489       1000      812 0.039925
 9303 82600       1000      813 0.039925
 9304 85209       1000      737 0.039924
 9305 73060       1000      803 0.039924
 9306 79180       1000      799 0.039924
 9307 68865       1000      798 0.039923
 9308 88913       1000      706 0.039923
 9309 86077       1000      807 0.039920
 9310 76278       1000      806 0.039919
 9311 66017       1000      792 0.039918
 9312 84956       1000      734 0.039918
 9313 86000       1000      797 0.039917
 9314 68204       1000      734 0.039916
 9315 74064       1000      788 0.039915
 9316 73261       1000      784 0.039915
 9317 67792       1000      782 0.039915
 9318 73016       1000      798 0.039915
 9319 67137       1000      809 0.039914
 9320 71079       1000      797 0.039912
 9321 71681       1000      780 0.039912
 9322 67443       1000      727 0.039912
 9323 74964       1000      802 0.039912
 9324 75233       1000      806 0.039912
 9325 70121       1000      801 0.039911
 9326 72967       1000      733 0.039911
 9327 87831       1000      797 0.039909
 9328 79955       1000      799 0.039908
 9329 76638       1000      808 0.039907
 9330 83835       1000      792 0.039906
 9331 87383       1000      800 0.039904
 9332 68962       1000      817 0.039903
 9333 71621       1000      793 0.039902
 9334 79448       1000      804 0.039901
 9335 67669       1000      824 0.039900
 9336 88428       1000      796 0.039898
 9337 66242       1000      803 0.039897
 9338 74042       1000      795 0.039896
 9339 74225       1000      806 0.039896
 9340 83698       1000      728 0.039895
 9341 88006       1000      718 0.039895
 9342 85439       1000      814 0.039893
 9343 71931       1000      795 0.039893
 9344 87404       1000      695 0.039893
 9345 76129       1000      726 0.039893
 9346 75578       1000      807 0.039892
 9347 77248       1000      707 0.039892
 9348 68488       1000      803 0.039891
 9349 78103       1000      807 0.039887
 9350 78395       1000      797 0.039886
 9351 83219       1000      730 0.039886
 9352 67556       1000      804 0.039884
 9353 72877       1000      802 0.039883
 9354 72481       1000      783 0.039882
 9355 77049       1000      811 0.039881
 9356 88615       1000      794 0.039880
 9357 83997       1000      794 0.039880
 9358 78767       1000      802 0.039879
 9359 82462       1000      803 0.039876
 9360 80246       1000      812 0.039876
 9361 82319       1000      791 0.039875
 9362 71939       1000      801 0.039874
 9363 85153       1000      706 0.039872
 9364 84193       1000      796 0.039872
 9365 75014       1000      786 0.039869
 9366 82169       1000      790 0.039869
 9367 70961       1000      778 0.039868
 9368 75214       1000      817 0.039868
 9369 70828       1000      805 0.039867
 9370 70692       1000      811 0.039867
 9371 68064       1000      809 0.039867
 9372 81852       1000      792 0.039866
 9373 67311       1000      808 0.039865
 9374 69271       1000      798 0.039865
 9375 77188       1000      781 0.039864
 9376 81241       1000      800 0.039863
 9377 84414       1000      801 0.039863
 9378 77159       1000      800 0.039862
 9379 72154       1000      810 0.039862
 9380 87514       1000      736 0.039862
 9381 81540       1000      773 0.039861
 9382 75848       1000      792 0.039861
 9383 74994       1000      802 0.039861
 9384 86822       1000      741 0.039860
 9385 78300       1000      735 0.039859
 9386 87648       1000      788 0.039858
 9387 75162       1000      800 0.039858
 9388 66228       1000      772 0.039858
 9389 85596       1000      826 0.039853
 9390 66371       1000      816 0.039853
 9391 86507       1000      817 0.039851
 9392 68528       1000      799 0.039848
 9393 83163       1000      724 0.039848
 9394 76342       1000      813 0.039848
 9395 67646       1000      820 0.039847
 9396 75651       1000      714 0.039846
 9397 76703       1000      788 0.039846
 9398 75775       1000      785 0.039845
 9399 79133       1000      800 0.039845
 9400 84992       1000      796 0.039844
 9401 88489       1000      801 0.039844
 9402 67044       1000      796 0.039844
 9403 67853       1000      797 0.039843
 9404 87839       1000      794 0.039843
 9405 70874       1000      818 0.039842
 9406 75050       1000      803 0.039842
 9407 85334       1000      785 0.039842
 9408 70903       1000      820 0.039841
 9409 88915       1000      815 0.039840
 9410 82518       1000      808 0.039839
 9411 73928       1000      727 0.039839
 9412 79641       1000      711 0.039839
 9413 81043       1000      802 0.039838
 9414 76254       1000      796 0.039838
 9415 66277       1000      795 0.039838
 9416 87691       1000      722 0.039838
 9417 84313       1000      793 0.039837
 9418 76735       1000      719 0.039836
 9419 74244       1000      799 0.039836
 9420 85674       1000      733 0.039835
 9421 86673       1000      817 0.039833
 9422 67819       1000      777 0.039833
 9423 81306       1000      792 0.039833
 9424 85987       1000      825 0.039832
 9425 84699       1000      826 0.039830
 9426 66118       1000      801 0.039830
 9427 86798       1000      805 0.039829
 9428 69770       1000      798 0.039827
 9429 71098       1000      731 0.039827
 9430 80906       1000      795 0.039826
 9431 77186       1000      709 0.039826
 9432 83250       1000      716 0.039826
 9433 72535       1000      809 0.039825
 9434 84150       1000      738 0.039825
 9435 83054       1000      824 0.039824
 9436 84593       1000      731 0.039824
 9437 78460       1000      799 0.039824
 9438 85830       1000      805 0.039823
 9439 70720       1000      807 0.039823
 9440 78082       1000      723 0.039823
 9441 87745       1000      801 0.039823
 9442 82274       1000      790 0.039822
 9443 75773       1000      800 0.039821
 9444 72273       1000      703 0.039820
 9445 76416       1000      719 0.039819
 9446 68054       1000      792 0.039819
 9447 67410       1000      809 0.039818
 9448 68338       1000      804 0.039818
 9449 66616       1000      710 0.039817
 9450 76870       1000      785 0.039817
 9451 82168       1000      810 0.039815
 9452 88770       1000      761 0.039814
 9453 76360       1000      783 0.039814
 9454 84292       1000      778 0.039814
 9455 69154       1000      721 0.039812
 9456 67118       1000      745 0.039812
 9457 79451       1000      788 0.039810
 9458 79953       1000      814 0.039810
 9459 71976       1000      804 0.039807
 9460 65968       1000      807 0.039807
 9461 67911       1000      797 0.039805
 9462 73076       1000      804 0.039804
 9463 66431       1000      799 0.039803
 9464 69798       1000      714 0.039802
 9465 73618       1000      801 0.039800
 9466 77746       1000      808 0.039799
 9467 73589       1000      797 0.039798
 9468 81329       1000      814 0.039796
 9469 74756       1000      798 0.039795
 9470 82810       1000      721 0.039795
 9471 74641       1000      782 0.039794
 9472 77604       1000      788 0.039793
 9473 84851       1000      812 0.039792
 9474 80029       1000      802 0.039792
 9475 80605       1000      813 0.039791
 9476 80043       1000      831 0.039790
 9477 67035       1000      808 0.039790
 9478 83686       1000      796 0.039790
 9479 85410       1000      813 0.039788
 9480 87965       1000      804 0.039787
 9481 87205       1000      785 0.039786
 9482 79893       1000      799 0.039782
 9483 69471       1000      817 0.039781
 9484 81322       1000      771 0.039781
 9485 66481       1000      803 0.039781
 9486 79342       1000      806 0.039778
 9487 74662       1000      810 0.039778
 9488 82630       1000      725 0.039777
 9489 79468       1000      788 0.039776
 9490 77562       1000      747 0.039776
 9491 77019       1000      729 0.039774
 9492 76768       1000      704 0.039774
 9493 88621       1000      787 0.039773
 9494 77464       1000      786 0.039772
 9495 79242       1000      786 0.039771
 9496 73277       1000      816 0.039770
 9497 69909       1000      799 0.039770
 9498 73575       1000      809 0.039770
 9499 72202       1000      805 0.039769
 9500 81285       1000      813 0.039769
 9501 80874       1000      800 0.039769
 9502 68217       1000      795 0.039769
 9503 77457       1000      732 0.039768
 9504 66474       1000      802 0.039768
 9505 70106       1000      731 0.039768
 9506 67948       1000      813 0.039766
 9507 77140       1000      724 0.039765
 9508 88237       1000      813 0.039764
 9509 78999       1000      732 0.039762
 9510 68428       1000      789 0.039762
 9511 84486       1000      801 0.039762
 9512 76737       1000      787 0.039762
 9513 72931       1000      795 0.039760
 9514 75821       1000      799 0.039760
 9515 73570       1000      810 0.039760
 9516 76088       1000      799 0.039759
 9517 86578       1000      816 0.039757
 9518 82935       1000      795 0.039755
 9519 88226       1000      814 0.039752
 9520 80774       1000      736 0.039751
 9521 70985       1000      794 0.039750
 9522 69114       1000      809 0.039749
 9523 77771       1000      801 0.039748
 9524 78617       1000      829 0.039746
 9525 69688       1000      770 0.039746
 9526 76919       1000      805 0.039745
 9527 79138       1000      789 0.039745
 9528 82086       1000      805 0.039745
 9529 67234       1000      799 0.039744
 9530 77504       1000      807 0.039743
 9531 66583       1000      791 0.039742
 9532 69710       1000      798 0.039741
 9533 89129       1000      804 0.039741
 9534 79059       1000      782 0.039741
 9535 71856       1000      808 0.039741
 9536 77075       1000      806 0.039740
 9537 67954       1000      805 0.039739
 9538 74388       1000      804 0.039739
 9539 77034       1000      798 0.039739
 9540 76678       1000      788 0.039738
 9541 83064       1000      786 0.039737
 9542 84759       1000      795 0.039735
 9543 73567       1000      801 0.039735
 9544 69605       1000      796 0.039735
 9545 82913       1000      795 0.039735
 9546 72180       1000      814 0.039734
 9547 81907       1000      714 0.039733
 9548 86065       1000      812 0.039732
 9549 85856       1000      733 0.039732
 9550 68667       1000      791 0.039731
 9551 79897       1000      802 0.039729
 9552 80637       1000      791 0.039728
 9553 67482       1000      747 0.039728
 9554 75339       1000      787 0.039727
 9555 75424       1000      785 0.039727
 9556 85303       1000      726 0.039727
 9557 72289       1000      807 0.039726
 9558 78068       1000      806 0.039726
 9559 80206       1000      818 0.039725
 9560 89071       1000      797 0.039723
 9561 67506       1000      795 0.039723
 9562 78217       1000      792 0.039721
 9563 67051       1000      796 0.039720
 9564 80334       1000      779 0.039720
 9565 85417       1000      709 0.039719
 9566 87328       1000      796 0.039719
 9567 72806       1000      796 0.039719
 9568 67365       1000      798 0.039715
 9569 69223       1000      741 0.039715
 9570 77695       1000      797 0.039715
 9571 68303       1000      802 0.039710
 9572 72531       1000      817 0.039710
 9573 79171       1000      797 0.039710
 9574 89351       1000      727 0.039710
 9575 80504       1000      781 0.039709
 9576 73174       1000      803 0.039705
 9577 79689       1000      820 0.039704
 9578 86970       1000      735 0.039703
 9579 70487       1000      728 0.039702
 9580 84695       1000      815 0.039701
 9581 68223       1000      799 0.039700
 9582 77895       1000      712 0.039700
 9583 78768       1000      792 0.039698
 9584 67612       1000      816 0.039698
 9585 82744       1000      808 0.039697
 9586 88031       1000      780 0.039697
 9587 74780       1000      732 0.039694
 9588 73724       1000      799 0.039690
 9589 69747       1000      819 0.039690
 9590 65920       1000      791 0.039689
 9591 81227       1000      810 0.039689
 9592 82126       1000      814 0.039689
 9593 70491       1000      782 0.039687
 9594 85293       1000      791 0.039687
 9595 76641       1000      824 0.039685
 9596 80380       1000      705 0.039684
 9597 84205       1000      801 0.039684
 9598 76499       1000      721 0.039683
 9599 71039       1000      708 0.039683
 9600 70951       1000      798 0.039683
 9601 86279       1000      701 0.039683
 9602 66039       1000      809 0.039682
 9603 86389       1000      811 0.039680
 9604 82895       1000      795 0.039680
 9605 89254       1000      800 0.039679
 9606 84242       1000      831 0.039679
 9607 68665       1000      784 0.039678
 9608 66643       1000      813 0.039678
 9609 74832       1000      802 0.039675
 9610 78898       1000      804 0.039675
 9611 76593       1000      830 0.039674
 9612 87170       1000      804 0.039672
 9613 69203       1000      777 0.039670
 9614 84632       1000      824 0.039668
 9615 87806       1000      790 0.039668
 9616 84173       1000      805 0.039667
 9617 87082       1000      788 0.039667
 9618 85354       1000      720 0.039667
 9619 89261       1000      787 0.039666
 9620 77659       1000      731 0.039666
 9621 88898       1000      802 0.039666
 9622 75904       1000      795 0.039665
 9623 77298       1000      816 0.039665
 9624 67222       1000      798 0.039664
 9625 75329       1000      797 0.039664
 9626 85530       1000      719 0.039663
 9627 75618       1000      722 0.039662
 9628 87084       1000      816 0.039661
 9629 75510       1000      797 0.039661
 9630 79885       1000      806 0.039659
 9631 79755       1000      799 0.039659
 9632 75647       1000      817 0.039658
 9633 77628       1000      733 0.039657
 9634 85919       1000      802 0.039656
 9635 88703       1000      786 0.039655
 9636 84402       1000      802 0.039654
 9637 88403       1000      807 0.039654
 9638 68883       1000      795 0.039654
 9639 70293       1000      800 0.039654
 9640 82689       1000      802 0.039652
 9641 67846       1000      796 0.039652
 9642 84099       1000      799 0.039651
 9643 75319       1000      797 0.039650
 9644 68768       1000      733 0.039649
 9645 78216       1000      730 0.039648
 9646 68729       1000      788 0.039648
 9647 84820       1000      805 0.039646
 9648 77334       1000      802 0.039644
 9649 80118       1000      812 0.039644
 9650 77603       1000      791 0.039643
 9651 77800       1000      801 0.039642
 9652 76128       1000      808 0.039641
 9653 88235       1000      732 0.039641
 9654 77353       1000      727 0.039641
 9655 72337       1000      799 0.039640
 9656 72709       1000      723 0.039640
 9657 76166       1000      708 0.039640
 9658 81677       1000      708 0.039638
 9659 74478       1000      818 0.039638
 9660 67224       1000      802 0.039638
 9661 67666       1000      814 0.039637
 9662 83488       1000      811 0.039637
 9663 83972       1000      816 0.039637
 9664 75239       1000      721 0.039636
 9665 84751       1000      797 0.039636
 9666 87979       1000      797 0.039636
 9667 71255       1000      733 0.039636
 9668 84111       1000      800 0.039635
 9669 73623       1000      807 0.039632
 9670 72968       1000      820 0.039632
 9671 69592       1000      790 0.039632
 9672 82494       1000      802 0.039631
 9673 82950       1000      794 0.039630
 9674 71010       1000      796 0.039629
 9675 67396       1000      800 0.039626
 9676 81374       1000      812 0.039624
 9677 75417       1000      811 0.039624
 9678 72956       1000      711 0.039622
 9679 79411       1000      795 0.039621
 9680 80349       1000      791 0.039617
 9681 66248       1000      799 0.039617
 9682 71558       1000      803 0.039615
 9683 69610       1000      810 0.039614
 9684 70777       1000      746 0.039614
 9685 70661       1000      797 0.039614
 9686 79581       1000      800 0.039613
 9687 83478       1000      802 0.039612
 9688 68190       1000      700 0.039612
 9689 78017       1000      806 0.039611
 9690 75787       1000      790 0.039610
 9691 84954       1000      816 0.039610
 9692 84066       1000      786 0.039609
 9693 67745       1000      795 0.039608
 9694 70413       1000      826 0.039608
 9695 67654       1000      801 0.039608
 9696 66625       1000      806 0.039606
 9697 73403       1000      812 0.039605
 9698 82989       1000      736 0.039603
 9699 86512       1000      798 0.039603
 9700 78654       1000      707 0.039602
 9701 85782       1000      791 0.039602
 9702 84849       1000      801 0.039602
 9703 88302       1000      789 0.039601
 9704 81142       1000      731 0.039601
 9705 71003       1000      719 0.039598
 9706 72368       1000      727 0.039598
 9707 81927       1000      802 0.039597
 9708 76218       1000      732 0.039595
 9709 86051       1000      728 0.039595
 9710 84189       1000      820 0.039591
 9711 74394       1000      781 0.039591
 9712 88326       1000      804 0.039591
 9713 82548       1000      818 0.039590
 9714 73997       1000      804 0.039590
 9715 70296       1000      797 0.039586
 9716 86093       1000      706 0.039583
 9717 66913       1000      820 0.039582
 9718 82533       1000      818 0.039581
 9719 87849       1000      813 0.039579
 9720 85667       1000      786 0.039578
 9721 67090       1000      699 0.039577
 9722 76849       1000      792 0.039576
 9723 71012       1000      823 0.039575
 9724 72259       1000      805 0.039574
 9725 86215       1000      822 0.039572
 9726 87901       1000      784 0.039571
 9727 68588       1000      800 0.039569
 9728 75836       1000      796 0.039569
 9729 85253       1000      742 0.039569
 9730 67544       1000      799 0.039568
 9731 89050       1000      792 0.039567
 9732 82549       1000      804 0.039567
 9733 85825       1000      814 0.039566
 9734 78918       1000      785 0.039566
 9735 80026       1000      727 0.039566
 9736 83852       1000      792 0.039566
 9737 78941       1000      800 0.039566
 9738 76049       1000      812 0.039565
 9739 73300       1000      799 0.039565
 9740 79311       1000      801 0.039564
 9741 74571       1000      716 0.039564
 9742 69837       1000      806 0.039563
 9743 79463       1000      798 0.039563
 9744 68920       1000      753 0.039562
 9745 77178       1000      704 0.039562
 9746 87820       1000      726 0.039562
 9747 75349       1000      789 0.039561
 9748 67527       1000      817 0.039560
 9749 74219       1000      774 0.039559
 9750 79465       1000      785 0.039558
 9751 72235       1000      776 0.039557
 9752 86653       1000      813 0.039556
 9753 86678       1000      785 0.039556
 9754 78474       1000      734 0.039555
 9755 89036       1000      787 0.039555
 9756 86067       1000      804 0.039554
 9757 71636       1000      802 0.039554
 9758 77097       1000      813 0.039553
 9759 73564       1000      803 0.039553
 9760 71745       1000      785 0.039552
 9761 76954       1000      815 0.039551
 9762 86376       1000      804 0.039550
 9763 66002       1000      805 0.039550
 9764 78953       1000      803 0.039549
 9765 77658       1000      813 0.039548
 9766 85836       1000      776 0.039548
 9767 75597       1000      811 0.039548
 9768 67288       1000      790 0.039545
 9769 88461       1000      789 0.039545
 9770 69939       1000      783 0.039545
 9771 73941       1000      818 0.039545
 9772 66443       1000      807 0.039545
 9773 85331       1000      787 0.039544
 9774 89088       1000      692 0.039544
 9775 69371       1000      780 0.039543
 9776 80586       1000      804 0.039540
 9777 70629       1000      766 0.039539
 9778 87104       1000      807 0.039539
 9779 67723       1000      750 0.039538
 9780 77491       1000      793 0.039538
 9781 68136       1000      718 0.039536
 9782 86867       1000      793 0.039535
 9783 65827       1000      801 0.039534
 9784 71869       1000      810 0.039533
 9785 87079       1000      785 0.039533
 9786 89371       1000      822 0.039533
 9787 82118       1000      800 0.039532
 9788 87584       1000      802 0.039532
 9789 80788       1000      784 0.039532
 9790 78849       1000      791 0.039530
 9791 86855       1000      793 0.039527
 9792 70132       1000      789 0.039526
 9793 72007       1000      798 0.039526
 9794 76016       1000      789 0.039526
 9795 72595       1000      823 0.039525
 9796 87635       1000      812 0.039524
 9797 85121       1000      783 0.039523
 9798 73831       1000      726 0.039523
 9799 70169       1000      802 0.039523
 9800 70922       1000      718 0.039522
 9801 71168       1000      840 0.039521
 9802 78886       1000      796 0.039521
 9803 68922       1000      786 0.039519
 9804 72592       1000      729 0.039517
 9805 79489       1000      815 0.039517
 9806 79131       1000      739 0.039515
 9807 86565       1000      817 0.039514
 9808 69882       1000      721 0.039514
 9809 82212       1000      793 0.039511
 9810 75211       1000      811 0.039510
 9811 83008       1000      809 0.039510
 9812 69239       1000      744 0.039510
 9813 87916       1000      743 0.039508
 9814 68581       1000      721 0.039508
 9815 75969       1000      798 0.039507
 9816 84366       1000      798 0.039505
 9817 78145       1000      807 0.039504
 9818 67496       1000      821 0.039504
 9819 86749       1000      782 0.039503
 9820 83088       1000      720 0.039501
 9821 68442       1000      797 0.039501
 9822 87824       1000      797 0.039501
 9823 70337       1000      830 0.039500
 9824 67287       1000      793 0.039500
 9825 78179       1000      792 0.039500
 9826 81334       1000      796 0.039499
 9827 71607       1000      722 0.039499
 9828 72601       1000      771 0.039499
 9829 71648       1000      744 0.039499
 9830 87670       1000      817 0.039498
 9831 68242       1000      794 0.039498
 9832 80048       1000      815 0.039498
 9833 81377       1000      743 0.039498
 9834 87679       1000      777 0.039497
 9835 73626       1000      797 0.039495
 9836 69405       1000      799 0.039494
 9837 73658       1000      791 0.039494
 9838 69246       1000      779 0.039493
 9839 76962       1000      801 0.039493
 9840 67596       1000      746 0.039493
 9841 70485       1000      780 0.039493
 9842 88709       1000      793 0.039492
 9843 71729       1000      800 0.039491
 9844 68567       1000      785 0.039491
 9845 76778       1000      807 0.039490
 9846 80331       1000      782 0.039490
 9847 80908       1000      782 0.039488
 9848 66732       1000      826 0.039488
 9849 79903       1000      792 0.039487
 9850 75405       1000      724 0.039487
 9851 85641       1000      791 0.039487
 9852 87440       1000      819 0.039485
 9853 74172       1000      791 0.039485
 9854 74303       1000      786 0.039485
 9855 82435       1000      814 0.039485
 9856 84304       1000      716 0.039484
 9857 78586       1000      816 0.039483
 9858 80397       1000      806 0.039481
 9859 66654       1000      823 0.039481
 9860 74486       1000      812 0.039481
 9861 77729       1000      801 0.039480
 9862 76991       1000      796 0.039479
 9863 70977       1000      817 0.039479
 9864 70078       1000      806 0.039477
 9865 79349       1000      793 0.039474
 9866 87301       1000      816 0.039473
 9867 72923       1000      789 0.039473
 9868 69680       1000      807 0.039472
 9869 84900       1000      813 0.039471
 9870 82686       1000      812 0.039470
 9871 70849       1000      787 0.039469
 9872 81788       1000      806 0.039469
 9873 85925       1000      715 0.039469
 9874 73373       1000      786 0.039469
 9875 78511       1000      816 0.039468
 9876 86787       1000      795 0.039465
 9877 89356       1000      794 0.039464
 9878 79864       1000      824 0.039464
 9879 71924       1000      791 0.039463
 9880 75702       1000      803 0.039462
 9881 80625       1000      739 0.039461
 9882 86092       1000      734 0.039461
 9883 87078       1000      809 0.039461
 9884 88388       1000      810 0.039460
 9885 66219       1000      792 0.039459
 9886 74995       1000      798 0.039458
 9887 70884       1000      787 0.039458
 9888 66048       1000      815 0.039458
 9889 74230       1000      801 0.039458
 9890 87652       1000      821 0.039458
 9891 86717       1000      799 0.039457
 9892 81178       1000      774 0.039455
 9893 84582       1000      783 0.039454
 9894 82923       1000      794 0.039452
 9895 76608       1000      796 0.039452
 9896 77823       1000      784 0.039452
 9897 70064       1000      810 0.039451
 9898 87751       1000      809 0.039451
 9899 75909       1000      717 0.039450
 9900 71157       1000      817 0.039450
 9901 68735       1000      791 0.039449
 9902 86525       1000      787 0.039448
 9903 71504       1000      805 0.039447
 9904 88884       1000      803 0.039447
 9905 68045       1000      792 0.039446
 9906 75235       1000      792 0.039446
 9907 77560       1000      797 0.039446
 9908 79909       1000      707 0.039445
 9909 82469       1000      811 0.039444
 9910 70211       1000      794 0.039444
 9911 80184       1000      799 0.039443
 9912 82794       1000      810 0.039443
 9913 79364       1000      819 0.039442
 9914 72069       1000      791 0.039441
 9915 68681       1000      801 0.039441
 9916 68970       1000      803 0.039440
 9917 79655       1000      787 0.039439
 9918 82571       1000      798 0.039438
 9919 83261       1000      800 0.039438
 9920 87750       1000      803 0.039436
 9921 67080       1000      796 0.039436
 9922 67933       1000      816 0.039435
 9923 82653       1000      800 0.039434
 9924 76658       1000      820 0.039433
 9925 84310       1000      783 0.039432
 9926 87343       1000      816 0.039432
 9927 82993       1000      790 0.039430
 9928 82915       1000      815 0.039429
 9929 77854       1000      795 0.039429
 9930 75735       1000      809 0.039429
 9931 79996       1000      797 0.039428
 9932 83853       1000      719 0.039426
 9933 87120       1000      786 0.039425
 9934 86722       1000      794 0.039425
 9935 75992       1000      800 0.039424
 9936 72544       1000      786 0.039423
 9937 80343       1000      821 0.039422
 9938 71362       1000      798 0.039422
 9939 87788       1000      798 0.039421
 9940 83845       1000      809 0.039418
 9941 75087       1000      783 0.039416
 9942 74848       1000      787 0.039416
 9943 76290       1000      779 0.039415
 9944 68484       1000      805 0.039415
 9945 74736       1000      809 0.039415
 9946 88133       1000      802 0.039414
 9947 84816       1000      804 0.039414
 9948 69793       1000      814 0.039413
 9949 88945       1000      786 0.039412
 9950 66822       1000      715 0.039412
 9951 89353       1000      779 0.039410
 9952 72166       1000      799 0.039410
 9953 88964       1000      828 0.039409
 9954 68247       1000      726 0.039407
 9955 82421       1000      803 0.039407
 9956 82746       1000      795 0.039405
 9957 67583       1000      704 0.039405
 9958 72218       1000      784 0.039404
 9959 66807       1000      771 0.039404
 9960 82623       1000      796 0.039403
 9961 80890       1000      780 0.039403
 9962 66361       1000      817 0.039403
 9963 82778       1000      807 0.039403
 9964 74958       1000      796 0.039403
 9965 68137       1000      809 0.039402
 9966 69135       1000      818 0.039402
 9967 82407       1000      818 0.039401
 9968 66760       1000      804 0.039398
 9969 67435       1000      721 0.039396
 9970 65822       1000      700 0.039395
 9971 71278       1000      712 0.039394
 9972 87042       1000      813 0.039393
 9973 83346       1000      789 0.039393
 9974 66526       1000      706 0.039393
 9975 68907       1000      799 0.039392
 9976 71322       1000      712 0.039392
 9977 88820       1000      785 0.039391
 9978 69066       1000      808 0.039391
 9979 84349       1000      788 0.039391
 9980 66244       1000      798 0.039390
 9981 85625       1000      745 0.039389
 9982 68464       1000      785 0.039389
 9983 69575       1000      782 0.039388
 9984 66630       1000      734 0.039388
 9985 86387       1000      800 0.039385
 9986 75517       1000      798 0.039384
 9987 87586       1000      810 0.039383
 9988 84625       1000      799 0.039382
 9989 79768       1000      789 0.039382
 9990 67734       1000      798 0.039382
 9991 79233       1000      788 0.039382
 9992 71692       1000      731 0.039382
 9993 84399       1000      799 0.039381
 9994 84024       1000      801 0.039380
 9995 74771       1000      801 0.039379
 9996 78095       1000      724 0.039379
 9997 86445       1000      708 0.039379
 9998 86157       1000      789 0.039378
 9999 84805       1000      810 0.039375
10000 75057       1000      696 0.039374
10001 86274       1000      782 0.039373
10002 77957       1000      716 0.039373
10003 74900       1000      800 0.039373
10004 66315       1000      799 0.039372
10005 83334       1000      790 0.039371
10006 73366       1000      822 0.039371
10007 81379       1000      721 0.039370
10008 85899       1000      812 0.039370
10009 75085       1000      737 0.039369
10010 67095       1000      793 0.039368
10011 75861       1000      814 0.039368
10012 69048       1000      808 0.039366
10013 67176       1000      717 0.039365
10014 83247       1000      740 0.039365
10015 69156       1000      799 0.039362
10016 68623       1000      803 0.039362
10017 74186       1000      832 0.039360
10018 81414       1000      725 0.039360
10019 70973       1000      783 0.039360
10020 76672       1000      742 0.039358
10021 85070       1000      745 0.039357
10022 75055       1000      795 0.039356
10023 65866       1000      806 0.039354
10024 86911       1000      797 0.039353
10025 85658       1000      798 0.039351
10026 80464       1000      793 0.039350
10027 69297       1000      738 0.039349
10028 76493       1000      792 0.039349
10029 65979       1000      777 0.039348
10030 68975       1000      796 0.039348
10031 76560       1000      728 0.039348
10032 84507       1000      806 0.039348
10033 83891       1000      814 0.039347
10034 71617       1000      807 0.039346
10035 86580       1000      801 0.039345
10036 78640       1000      823 0.039345
10037 81587       1000      781 0.039345
10038 73145       1000      792 0.039344
10039 76537       1000      784 0.039343
10040 70055       1000      728 0.039343
10041 75698       1000      823 0.039343
10042 74016       1000      791 0.039338
10043 76618       1000      724 0.039337
10044 73809       1000      781 0.039337
10045 66503       1000      749 0.039335
10046 75506       1000      814 0.039335
10047 86950       1000      791 0.039333
10048 71324       1000      794 0.039333
10049 83546       1000      826 0.039332
10050 75972       1000      773 0.039327
10051 87222       1000      793 0.039327
10052 72530       1000      795 0.039326
10053 82601       1000      801 0.039326
10054 67750       1000      798 0.039324
10055 65809       1000      803 0.039323
10056 71058       1000      820 0.039323
10057 67030       1000      779 0.039322
10058 81057       1000      804 0.039322
10059 79097       1000      781 0.039319
10060 87230       1000      793 0.039319
10061 72141       1000      784 0.039317
10062 68122       1000      807 0.039316
10063 68519       1000      796 0.039315
10064 77937       1000      799 0.039315
10065 83024       1000      794 0.039315
10066 75689       1000      787 0.039315
10067 88944       1000      802 0.039314
10068 83339       1000      799 0.039314
10069 82599       1000      728 0.039311
10070 73804       1000      792 0.039309
10071 72575       1000      790 0.039306
10072 86224       1000      726 0.039304
10073 83697       1000      803 0.039302
10074 76301       1000      803 0.039301
10075 67481       1000      688 0.039301
10076 86971       1000      741 0.039301
10077 80332       1000      808 0.039301
10078 82862       1000      714 0.039301
10079 88972       1000      797 0.039300
10080 66889       1000      821 0.039299
10081 81934       1000      809 0.039299
10082 67920       1000      805 0.039298
10083 86600       1000      725 0.039298
10084 79399       1000      707 0.039297
10085 75010       1000      811 0.039297
10086 87278       1000      795 0.039294
10087 67265       1000      804 0.039293
10088 84267       1000      793 0.039293
10089 86281       1000      780 0.039292
10090 79216       1000      785 0.039290
10091 72583       1000      805 0.039286
10092 85055       1000      808 0.039285
10093 76471       1000      732 0.039285
10094 84730       1000      794 0.039284
10095 72649       1000      828 0.039284
10096 80781       1000      779 0.039283
10097 84793       1000      802 0.039283
10098 71327       1000      788 0.039281
10099 88809       1000      735 0.039280
10100 69904       1000      722 0.039279
10101 67266       1000      808 0.039278
10102 75005       1000      741 0.039278
10103 80946       1000      788 0.039278
10104 67310       1000      811 0.039276
10105 82891       1000      796 0.039274
10106 83500       1000      824 0.039274
10107 87207       1000      811 0.039274
10108 86167       1000      778 0.039273
10109 70646       1000      786 0.039272
10110 68512       1000      812 0.039271
10111 71049       1000      795 0.039271
10112 75931       1000      809 0.039271
10113 82898       1000      816 0.039270
10114 73593       1000      725 0.039269
10115 87255       1000      806 0.039269
10116 80554       1000      806 0.039265
10117 70518       1000      797 0.039265
10118 85677       1000      808 0.039264
10119 74531       1000      818 0.039264
10120 86016       1000      719 0.039262
10121 75068       1000      802 0.039261
10122 66294       1000      720 0.039259
10123 76209       1000      787 0.039259
10124 87276       1000      795 0.039259
10125 79941       1000      804 0.039258
10126 66511       1000      725 0.039256
10127 84555       1000      810 0.039255
10128 74400       1000      707 0.039254
10129 85496       1000      705 0.039253
10130 87525       1000      789 0.039253
10131 78741       1000      803 0.039252
10132 88613       1000      789 0.039251
10133 73187       1000      817 0.039251
10134 80864       1000      792 0.039251
10135 72762       1000      804 0.039250
10136 72358       1000      734 0.039247
10137 83932       1000      785 0.039246
10138 77350       1000      804 0.039246
10139 82352       1000      801 0.039245
10140 81861       1000      804 0.039245
10141 81840       1000      812 0.039244
10142 82425       1000      708 0.039243
10143 85228       1000      793 0.039243
10144 79913       1000      812 0.039241
10145 75471       1000      796 0.039241
10146 79773       1000      782 0.039240
10147 73206       1000      719 0.039239
10148 83010       1000      797 0.039239
10149 88121       1000      783 0.039239
10150 82605       1000      806 0.039238
10151 70131       1000      808 0.039237
10152 67283       1000      780 0.039236
10153 78510       1000      783 0.039236
10154 75872       1000      800 0.039236
10155 76683       1000      802 0.039235
10156 85091       1000      803 0.039233
10157 66513       1000      824 0.039229
10158 73720       1000      805 0.039228
10159 84320       1000      797 0.039228
10160 70030       1000      813 0.039227
10161 69258       1000      733 0.039226
10162 82734       1000      801 0.039226
10163 81040       1000      791 0.039226
10164 82616       1000      710 0.039225
10165 81988       1000      805 0.039221
10166 83186       1000      693 0.039221
10167 71829       1000      815 0.039221
10168 84400       1000      782 0.039219
10169 85912       1000      755 0.039218
10170 75362       1000      726 0.039218
10171 78501       1000      810 0.039218
10172 77245       1000      791 0.039217
10173 81455       1000      743 0.039216
10174 84453       1000      737 0.039216
10175 79987       1000      699 0.039215
10176 81916       1000      786 0.039215
10177 76225       1000      794 0.039214
10178 75260       1000      824 0.039214
10179 85749       1000      792 0.039213
10180 69491       1000      718 0.039213
10181 72586       1000      786 0.039212
10182 82383       1000      786 0.039212
10183 69810       1000      812 0.039211
10184 66867       1000      778 0.039209
10185 76721       1000      799 0.039208
10186 77465       1000      803 0.039208
10187 77720       1000      794 0.039207
10188 83871       1000      807 0.039207
10189 68751       1000      784 0.039207
10190 74603       1000      812 0.039206
10191 77143       1000      801 0.039204
10192 76519       1000      781 0.039204
10193 88158       1000      796 0.039204
10194 74879       1000      799 0.039203
10195 88622       1000      722 0.039203
10196 78552       1000      821 0.039203
10197 85867       1000      803 0.039201
10198 84214       1000      799 0.039199
10199 72829       1000      805 0.039195
10200 75852       1000      710 0.039193
10201 88903       1000      790 0.039193
10202 76508       1000      808 0.039192
10203 66208       1000      718 0.039191
10204 75254       1000      793 0.039191
10205 68141       1000      795 0.039190
10206 71891       1000      807 0.039189
10207 80466       1000      790 0.039189
10208 70896       1000      774 0.039186
10209 83109       1000      808 0.039186
10210 87217       1000      797 0.039185
10211 72753       1000      803 0.039185
10212 79528       1000      783 0.039184
10213 73918       1000      805 0.039184
10214 70747       1000      811 0.039183
10215 73673       1000      806 0.039183
10216 86449       1000      786 0.039183
10217 85390       1000      817 0.039182
10218 81376       1000      803 0.039179
10219 68134       1000      725 0.039179
10220 86403       1000      814 0.039179
10221 77226       1000      718 0.039178
10222 76749       1000      715 0.039178
10223 66247       1000      709 0.039177
10224 73845       1000      798 0.039177
10225 72397       1000      804 0.039176
10226 81286       1000      798 0.039176
10227 86963       1000      821 0.039176
10228 81624       1000      798 0.039175
10229 70845       1000      800 0.039175
10230 71872       1000      786 0.039175
10231 81006       1000      789 0.039174
10232 83044       1000      717 0.039173
10233 67788       1000      792 0.039172
10234 85341       1000      818 0.039172
10235 66574       1000      798 0.039172
10236 69950       1000      790 0.039171
10237 82572       1000      713 0.039166
10238 75796       1000      806 0.039165
10239 77546       1000      823 0.039164
10240 74918       1000      794 0.039164
10241 83333       1000      725 0.039164
10242 85970       1000      788 0.039163
10243 72080       1000      784 0.039162
10244 70795       1000      790 0.039161
10245 68940       1000      779 0.039160
10246 82296       1000      796 0.039160
10247 68658       1000      778 0.039160
10248 85082       1000      793 0.039160
10249 71265       1000      776 0.039158
10250 81573       1000      734 0.039158
10251 69515       1000      722 0.039158
10252 76392       1000      785 0.039157
10253 86814       1000      781 0.039157
10254 71159       1000      782 0.039157
10255 81798       1000      789 0.039155
10256 84094       1000      819 0.039153
10257 84340       1000      795 0.039153
10258 72455       1000      797 0.039151
10259 85165       1000      781 0.039151
10260 79401       1000      785 0.039151
10261 86659       1000      832 0.039150
10262 87981       1000      749 0.039150
10263 69474       1000      784 0.039150
10264 88370       1000      720 0.039147
10265 74314       1000      793 0.039147
10266 72048       1000      778 0.039146
10267 67316       1000      716 0.039146
10268 75070       1000      789 0.039145
10269 89180       1000      711 0.039145
10270 68905       1000      797 0.039144
10271 67487       1000      827 0.039144
10272 79328       1000      808 0.039142
10273 86259       1000      729 0.039139
10274 74004       1000      739 0.039138
10275 88676       1000      831 0.039137
10276 84240       1000      779 0.039135
10277 77745       1000      800 0.039134
10278 82644       1000      796 0.039134
10279 75035       1000      776 0.039134
10280 84127       1000      813 0.039132
10281 68869       1000      778 0.039132
10282 79386       1000      707 0.039131
10283 67736       1000      816 0.039129
10284 74525       1000      821 0.039129
10285 84733       1000      790 0.039127
10286 67273       1000      719 0.039126
10287 83376       1000      717 0.039125
10288 83982       1000      810 0.039124
10289 85163       1000      800 0.039124
10290 72153       1000      721 0.039124
10291 79697       1000      713 0.039124
10292 69899       1000      800 0.039122
10293 80304       1000      809 0.039121
10294 87385       1000      735 0.039120
10295 88985       1000      803 0.039120
10296 68954       1000      793 0.039120
10297 67599       1000      790 0.039119
10298 88399       1000      803 0.039118
10299 79622       1000      788 0.039118
10300 73717       1000      784 0.039117
10301 69873       1000      803 0.039116
10302 71216       1000      814 0.039115
10303 75756       1000      814 0.039115
10304 70286       1000      790 0.039110
10305 73976       1000      798 0.039110
10306 84528       1000      718 0.039108
10307 65912       1000      795 0.039107
10308 89066       1000      805 0.039106
10309 87435       1000      703 0.039106
10310 67470       1000      819 0.039106
10311 76815       1000      732 0.039105
10312 70429       1000      723 0.039104
10313 66504       1000      780 0.039103
10314 72055       1000      788 0.039101
10315 82941       1000      792 0.039100
10316 85712       1000      814 0.039097
10317 77961       1000      742 0.039097
10318 67159       1000      804 0.039095
10319 71994       1000      824 0.039094
10320 83823       1000      800 0.039094
10321 75350       1000      788 0.039092
10322 77456       1000      813 0.039091
10323 83731       1000      793 0.039091
10324 74693       1000      786 0.039090
10325 79221       1000      821 0.039089
10326 68297       1000      794 0.039089
10327 79220       1000      782 0.039089
10328 67228       1000      796 0.039089
10329 74968       1000      805 0.039088
10330 86715       1000      812 0.039088
10331 87708       1000      788 0.039087
10332 80845       1000      793 0.039085
10333 65896       1000      806 0.039084
10334 74045       1000      799 0.039083
10335 74188       1000      792 0.039083
10336 66818       1000      798 0.039082
10337 88430       1000      699 0.039080
10338 77752       1000      815 0.039080
10339 79749       1000      791 0.039078
10340 68916       1000      804 0.039076
10341 73624       1000      804 0.039074
10342 77123       1000      796 0.039074
10343 77993       1000      736 0.039073
10344 78457       1000      786 0.039072
10345 80356       1000      799 0.039071
10346 80336       1000      804 0.039070
10347 82543       1000      809 0.039069
10348 76229       1000      814 0.039069
10349 82279       1000      735 0.039069
10350 69694       1000      790 0.039068
10351 78712       1000      806 0.039067
10352 69741       1000      804 0.039067
10353 78760       1000      789 0.039066
10354 76803       1000      810 0.039066
10355 66425       1000      698 0.039065
10356 75482       1000      736 0.039064
10357 83304       1000      797 0.039064
10358 86601       1000      739 0.039063
10359 68835       1000      711 0.039062
10360 66906       1000      720 0.039061
10361 68527       1000      804 0.039061
10362 86134       1000      730 0.039060
10363 81221       1000      707 0.039060
10364 86421       1000      809 0.039060
10365 75136       1000      705 0.039060
10366 81397       1000      790 0.039059
10367 79012       1000      713 0.039059
10368 73890       1000      797 0.039058
10369 88886       1000      741 0.039058
10370 77711       1000      819 0.039057
10371 77893       1000      794 0.039056
10372 71544       1000      820 0.039055
10373 85620       1000      793 0.039054
10374 72909       1000      702 0.039053
10375 78296       1000      788 0.039053
10376 83961       1000      785 0.039052
10377 71947       1000      797 0.039051
10378 88725       1000      708 0.039051
10379 82268       1000      791 0.039051
10380 69168       1000      799 0.039050
10381 89331       1000      795 0.039049
10382 77924       1000      724 0.039047
10383 83658       1000      797 0.039047
10384 79506       1000      729 0.039046
10385 76422       1000      719 0.039046
10386 81023       1000      730 0.039045
10387 73146       1000      748 0.039044
10388 70803       1000      796 0.039044
10389 82477       1000      799 0.039044
10390 80727       1000      815 0.039043
10391 87216       1000      813 0.039043
10392 87499       1000      807 0.039039
10393 88437       1000      708 0.039037
10394 80129       1000      790 0.039036
10395 83899       1000      809 0.039036
10396 78463       1000      790 0.039035
10397 81897       1000      788 0.039034
10398 69001       1000      802 0.039032
10399 70725       1000      795 0.039032
10400 75652       1000      778 0.039032
10401 75107       1000      805 0.039031
10402 75063       1000      710 0.039029
10403 85083       1000      690 0.039028
10404 88099       1000      803 0.039027
10405 83132       1000      817 0.039027
10406 77986       1000      802 0.039026
10407 86371       1000      819 0.039025
10408 76814       1000      720 0.039025
10409 71347       1000      820 0.039024
10410 86729       1000      800 0.039024
10411 88251       1000      791 0.039021
10412 83507       1000      808 0.039021
10413 77944       1000      819 0.039019
10414 78318       1000      792 0.039018
10415 70959       1000      803 0.039018
10416 88404       1000      740 0.039017
10417 76844       1000      830 0.039015
10418 67625       1000      813 0.039014
10419 87123       1000      818 0.039013
10420 78398       1000      806 0.039012
10421 67597       1000      778 0.039011
10422 71391       1000      810 0.039011
10423 70235       1000      728 0.039011
10424 79797       1000      724 0.039011
10425 86885       1000      834 0.039010
10426 73970       1000      816 0.039010
10427 80827       1000      795 0.039008
10428 72191       1000      792 0.039007
10429 66147       1000      734 0.039006
10430 70268       1000      810 0.039005
10431 87563       1000      808 0.039004
10432 78916       1000      814 0.039004
10433 66212       1000      689 0.039004
10434 76615       1000      807 0.039003
10435 69275       1000      804 0.039002
10436 85073       1000      811 0.039000
10437 66585       1000      816 0.038999
10438 70857       1000      814 0.038999
10439 67602       1000      812 0.038998
10440 75126       1000      793 0.038997
10441 88367       1000      742 0.038997
10442 76178       1000      797 0.038996
10443 80242       1000      728 0.038996
10444 67509       1000      715 0.038996
10445 75923       1000      798 0.038996
10446 73046       1000      818 0.038994
10447 80301       1000      748 0.038993
10448 85403       1000      815 0.038993
10449 73795       1000      779 0.038993
10450 80706       1000      801 0.038992
10451 75690       1000      795 0.038991
10452 68999       1000      805 0.038989
10453 76846       1000      794 0.038988
10454 88941       1000      808 0.038988
10455 67379       1000      821 0.038986
10456 81171       1000      805 0.038986
10457 68913       1000      786 0.038986
10458 67960       1000      802 0.038985
10459 66255       1000      796 0.038985
10460 65836       1000      794 0.038985
10461 87620       1000      746 0.038985
10462 74661       1000      815 0.038984
10463 74820       1000      797 0.038984
10464 88901       1000      727 0.038980
10465 72037       1000      714 0.038978
10466 71404       1000      804 0.038977
10467 86106       1000      725 0.038977
10468 75546       1000      793 0.038977
10469 80486       1000      736 0.038976
10470 74586       1000      704 0.038974
10471 84084       1000      810 0.038972
10472 70250       1000      791 0.038972
10473 81466       1000      803 0.038971
10474 83509       1000      795 0.038971
10475 67060       1000      800 0.038970
10476 77103       1000      818 0.038969
10477 67350       1000      791 0.038968
10478 86681       1000      796 0.038967
10479 82873       1000      809 0.038966
10480 78893       1000      808 0.038965
10481 85200       1000      814 0.038965
10482 77453       1000      805 0.038964
10483 78472       1000      718 0.038962
10484 88842       1000      805 0.038961
10485 66566       1000      811 0.038961
10486 79187       1000      802 0.038961
10487 87297       1000      793 0.038960
10488 79835       1000      788 0.038960
10489 81104       1000      820 0.038958
10490 68700       1000      807 0.038958
10491 85556       1000      806 0.038957
10492 74132       1000      814 0.038957
10493 73178       1000      803 0.038956
10494 70800       1000      792 0.038955
10495 87644       1000      804 0.038954
10496 86947       1000      794 0.038954
10497 84262       1000      728 0.038954
10498 66531       1000      784 0.038953
10499 78764       1000      782 0.038953
10500 78876       1000      796 0.038952
10501 86358       1000      731 0.038951
10502 84131       1000      729 0.038950
10503 75357       1000      719 0.038948
10504 87966       1000      792 0.038948
10505 80593       1000      797 0.038947
10506 78493       1000      802 0.038947
10507 78703       1000      820 0.038945
10508 72136       1000      794 0.038945
10509 68596       1000      728 0.038945
10510 82672       1000      771 0.038943
10511 83454       1000      795 0.038943
10512 73816       1000      826 0.038943
10513 79334       1000      812 0.038942
10514 84823       1000      788 0.038942
10515 81772       1000      810 0.038941
10516 84768       1000      799 0.038940
10517 85697       1000      691 0.038938
10518 85043       1000      808 0.038937
10519 77173       1000      788 0.038937
10520 70012       1000      724 0.038936
10521 79285       1000      798 0.038935
10522 85495       1000      722 0.038935
10523 69513       1000      820 0.038934
10524 78981       1000      773 0.038933
10525 67805       1000      720 0.038932
10526 71253       1000      807 0.038932
10527 76282       1000      805 0.038932
10528 85622       1000      721 0.038931
10529 71021       1000      780 0.038930
10530 78749       1000      809 0.038929
10531 86616       1000      805 0.038928
10532 69537       1000      794 0.038926
10533 84428       1000      806 0.038926
10534 74883       1000      793 0.038924
10535 88421       1000      701 0.038924
10536 76110       1000      771 0.038924
10537 80435       1000      801 0.038923
10538 70414       1000      783 0.038921
10539 79972       1000      715 0.038921
10540 69105       1000      817 0.038920
10541 78487       1000      783 0.038920
10542 66946       1000      716 0.038919
10543 76193       1000      773 0.038918
10544 84470       1000      720 0.038917
10545 88523       1000      809 0.038916
10546 82071       1000      809 0.038916
10547 88083       1000      785 0.038915
10548 72890       1000      726 0.038914
10549 81155       1000      703 0.038912
10550 79748       1000      804 0.038911
10551 83116       1000      777 0.038909
10552 69313       1000      735 0.038909
10553 87280       1000      746 0.038909
10554 87408       1000      782 0.038908
10555 74759       1000      808 0.038906
10556 80993       1000      812 0.038906
10557 66872       1000      731 0.038906
10558 85753       1000      730 0.038906
10559 82955       1000      799 0.038905
10560 66280       1000      795 0.038904
10561 84425       1000      722 0.038903
10562 84598       1000      785 0.038903
10563 86890       1000      786 0.038902
10564 73667       1000      796 0.038900
10565 79200       1000      717 0.038899
10566 79211       1000      752 0.038899
10567 80883       1000      733 0.038897
10568 73448       1000      804 0.038896
10569 87262       1000      811 0.038895
10570 84471       1000      812 0.038895
10571 82909       1000      777 0.038894
10572 69718       1000      736 0.038893
10573 88520       1000      808 0.038893
10574 74283       1000      797 0.038892
10575 87874       1000      795 0.038891
10576 71786       1000      811 0.038889
10577 73487       1000      804 0.038889
10578 74616       1000      817 0.038888
10579 66444       1000      803 0.038887
10580 76040       1000      721 0.038886
10581 74246       1000      743 0.038885
10582 82709       1000      812 0.038885
10583 76856       1000      780 0.038884
10584 79333       1000      795 0.038884
10585 75364       1000      806 0.038882
10586 74397       1000      788 0.038882
10587 68312       1000      804 0.038878
10588 83513       1000      808 0.038878
10589 68094       1000      794 0.038877
10590 80294       1000      730 0.038877
10591 81741       1000      732 0.038876
10592 80959       1000      812 0.038876
10593 82245       1000      787 0.038875
10594 69467       1000      803 0.038875
10595 80213       1000      722 0.038873
10596 67514       1000      727 0.038872
10597 88256       1000      801 0.038872
10598 73542       1000      725 0.038872
10599 80199       1000      736 0.038871
10600 74402       1000      806 0.038871
10601 69221       1000      787 0.038871
10602 68322       1000      802 0.038869
10603 66299       1000      730 0.038868
10604 71100       1000      807 0.038867
10605 74079       1000      794 0.038867
10606 77211       1000      809 0.038867
10607 80390       1000      810 0.038867
10608 85177       1000      777 0.038867
10609 68430       1000      742 0.038866
10610 81970       1000      813 0.038863
10611 87331       1000      789 0.038863
10612 66569       1000      806 0.038862
10613 66911       1000      805 0.038861
10614 86019       1000      725 0.038860
10615 73404       1000      802 0.038860
10616 84367       1000      795 0.038860
10617 81027       1000      735 0.038859
10618 82475       1000      785 0.038859
10619 85347       1000      745 0.038859
10620 74095       1000      722 0.038858
10621 78844       1000      798 0.038857
10622 86438       1000      810 0.038857
10623 82842       1000      810 0.038855
10624 84403       1000      818 0.038855
10625 70443       1000      710 0.038854
10626 73533       1000      716 0.038853
10627 84198       1000      796 0.038853
10628 86796       1000      715 0.038853
10629 86591       1000      812 0.038853
10630 66043       1000      797 0.038852
10631 74529       1000      795 0.038852
10632 87265       1000      804 0.038852
10633 87454       1000      796 0.038852
10634 78420       1000      791 0.038851
10635 80482       1000      724 0.038849
10636 77946       1000      789 0.038848
10637 68765       1000      810 0.038848
10638 69305       1000      747 0.038847
10639 74328       1000      820 0.038846
10640 86588       1000      741 0.038846
10641 79643       1000      808 0.038845
10642 83630       1000      798 0.038845
10643 89285       1000      817 0.038844
10644 88255       1000      733 0.038843
10645 86232       1000      729 0.038842
10646 71091       1000      799 0.038841
10647 75640       1000      810 0.038839
10648 81855       1000      800 0.038839
10649 72578       1000      793 0.038837
10650 74624       1000      804 0.038835
10651 71792       1000      804 0.038834
10652 84165       1000      786 0.038834
10653 74889       1000      806 0.038832
10654 71272       1000      794 0.038832
10655 70762       1000      794 0.038832
10656 88058       1000      777 0.038831
10657 79704       1000      801 0.038830
10658 87775       1000      789 0.038829
10659 83208       1000      795 0.038829
10660 74555       1000      792 0.038828
10661 82666       1000      718 0.038826
10662 86118       1000      823 0.038825
10663 72786       1000      810 0.038825
10664 68785       1000      793 0.038824
10665 67891       1000      824 0.038824
10666 84371       1000      800 0.038823
10667 74261       1000      799 0.038823
10668 85543       1000      769 0.038822
10669 70752       1000      743 0.038822
10670 83762       1000      798 0.038822
10671 89332       1000      798 0.038820
10672 74216       1000      795 0.038819
10673 69749       1000      729 0.038816
10674 77142       1000      790 0.038815
10675 78900       1000      809 0.038815
10676 88060       1000      804 0.038814
10677 75445       1000      795 0.038814
10678 83061       1000      787 0.038814
10679 88469       1000      718 0.038813
10680 74439       1000      782 0.038812
10681 76168       1000      734 0.038812
10682 81539       1000      719 0.038812
10683 75873       1000      800 0.038812
10684 79249       1000      807 0.038812
10685 81949       1000      815 0.038811
10686 79663       1000      734 0.038810
10687 81980       1000      797 0.038810
10688 88714       1000      802 0.038810
10689 69942       1000      720 0.038808
10690 78628       1000      712 0.038808
10691 79029       1000      727 0.038807
10692 86415       1000      794 0.038803
10693 73419       1000      808 0.038801
10694 70987       1000      787 0.038801
10695 71921       1000      806 0.038801
10696 88880       1000      735 0.038798
10697 73640       1000      804 0.038798
10698 76699       1000      784 0.038798
10699 69667       1000      713 0.038796
10700 69674       1000      815 0.038796
10701 80105       1000      825 0.038794
10702 68745       1000      796 0.038794
10703 67048       1000      724 0.038793
10704 82049       1000      776 0.038789
10705 77286       1000      807 0.038788
10706 76836       1000      793 0.038787
10707 69021       1000      720 0.038786
10708 76762       1000      809 0.038784
10709 75135       1000      810 0.038784
10710 71263       1000      797 0.038784
10711 71531       1000      785 0.038783
10712 85023       1000      736 0.038783
10713 72314       1000      784 0.038782
10714 81149       1000      793 0.038782
10715 65944       1000      811 0.038781
10716 69807       1000      802 0.038779
10717 86290       1000      808 0.038779
10718 77822       1000      799 0.038778
10719 89069       1000      734 0.038778
10720 73372       1000      795 0.038777
10721 86308       1000      801 0.038777
10722 68471       1000      798 0.038777
10723 86091       1000      808 0.038777
10724 78996       1000      810 0.038776
10725 67503       1000      793 0.038775
10726 71957       1000      740 0.038773
10727 70497       1000      710 0.038771
10728 69958       1000      805 0.038769
10729 65941       1000      722 0.038768
10730 81299       1000      808 0.038768
10731 78805       1000      798 0.038768
10732 70613       1000      799 0.038767
10733 87242       1000      721 0.038766
10734 75251       1000      825 0.038766
10735 86668       1000      789 0.038764
10736 69815       1000      801 0.038764
10737 73509       1000      806 0.038760
10738 89338       1000      806 0.038760
10739 68502       1000      830 0.038759
10740 75996       1000      724 0.038759
10741 83390       1000      809 0.038757
10742 80095       1000      793 0.038757
10743 76009       1000      792 0.038757
10744 81647       1000      809 0.038756
10745 72914       1000      803 0.038755
10746 72381       1000      800 0.038754
10747 84876       1000      786 0.038752
10748 85922       1000      721 0.038751
10749 84562       1000      797 0.038749
10750 78008       1000      807 0.038749
10751 77326       1000      795 0.038746
10752 66983       1000      802 0.038746
10753 88201       1000      705 0.038746
10754 82052       1000      805 0.038744
10755 83764       1000      815 0.038742
10756 88066       1000      794 0.038742
10757 73134       1000      798 0.038742
10758 79500       1000      796 0.038741
10759 75049       1000      729 0.038740
10760 87915       1000      784 0.038739
10761 79776       1000      800 0.038738
10762 81637       1000      812 0.038738
10763 84500       1000      805 0.038737
10764 67042       1000      726 0.038737
10765 69673       1000      798 0.038736
10766 66236       1000      798 0.038736
10767 69210       1000      798 0.038734
10768 66746       1000      821 0.038733
10769 69395       1000      790 0.038731
10770 88527       1000      796 0.038730
10771 81071       1000      727 0.038730
10772 67837       1000      700 0.038729
10773 71462       1000      804 0.038729
10774 86095       1000      806 0.038728
10775 77888       1000      720 0.038725
10776 76253       1000      782 0.038723
10777 77076       1000      802 0.038723
10778 81858       1000      799 0.038723
10779 78868       1000      801 0.038721
10780 72487       1000      793 0.038720
10781 89349       1000      800 0.038719
10782 67474       1000      786 0.038717
10783 74434       1000      695 0.038717
10784 75103       1000      797 0.038716
10785 85958       1000      801 0.038715
10786 86469       1000      748 0.038714
10787 74949       1000      726 0.038713
10788 88233       1000      714 0.038712
10789 80433       1000      808 0.038712
10790 86201       1000      812 0.038712
10791 73815       1000      795 0.038712
10792 67605       1000      791 0.038711
10793 67758       1000      731 0.038711
10794 68776       1000      798 0.038710
10795 80728       1000      793 0.038709
10796 75700       1000      810 0.038708
10797 81477       1000      806 0.038707
10798 71069       1000      796 0.038707
10799 76024       1000      787 0.038706
10800 83309       1000      728 0.038706
10801 68579       1000      780 0.038704
10802 86813       1000      802 0.038702
10803 77539       1000      789 0.038700
10804 85476       1000      805 0.038699
10805 67947       1000      800 0.038699
10806 85845       1000      777 0.038698
10807 73838       1000      794 0.038696
10808 73083       1000      798 0.038696
10809 78778       1000      779 0.038694
10810 71977       1000      719 0.038694
10811 75745       1000      716 0.038693
10812 83007       1000      786 0.038692
10813 86141       1000      735 0.038692
10814 69911       1000      723 0.038692
10815 71667       1000      804 0.038692
10816 69112       1000      810 0.038692
10817 70422       1000      742 0.038692
10818 75808       1000      813 0.038692
10819 83026       1000      815 0.038692
10820 80542       1000      810 0.038688
10821 76935       1000      812 0.038686
10822 84129       1000      826 0.038685
10823 80716       1000      789 0.038684
10824 87430       1000      816 0.038683
10825 80965       1000      694 0.038683
10826 80756       1000      705 0.038683
10827 78789       1000      800 0.038682
10828 72712       1000      807 0.038681
10829 73919       1000      814 0.038679
10830 73832       1000      798 0.038679
10831 78621       1000      816 0.038678
10832 87489       1000      721 0.038676
10833 87659       1000      799 0.038675
10834 86022       1000      731 0.038675
10835 75462       1000      802 0.038675
10836 75604       1000      749 0.038671
10837 68133       1000      793 0.038670
10838 71766       1000      804 0.038670
10839 73933       1000      787 0.038670
10840 73009       1000      812 0.038670
10841 81123       1000      776 0.038667
10842 68404       1000      787 0.038667
10843 77094       1000      793 0.038667
10844 78165       1000      800 0.038666
10845 69841       1000      740 0.038665
10846 87382       1000      794 0.038665
10847 66905       1000      797 0.038664
10848 85848       1000      812 0.038663
10849 81189       1000      812 0.038663
10850 82330       1000      792 0.038663
10851 81373       1000      791 0.038663
10852 83559       1000      727 0.038663
10853 82237       1000      809 0.038662
10854 86869       1000      798 0.038662
10855 73739       1000      791 0.038661
10856 82952       1000      816 0.038660
10857 67701       1000      819 0.038660
10858 71651       1000      810 0.038659
10859 66081       1000      810 0.038659
10860 82584       1000      819 0.038658
10861 71553       1000      705 0.038657
10862 80254       1000      808 0.038657
10863 79681       1000      794 0.038656
10864 81844       1000      820 0.038654
10865 76146       1000      800 0.038654
10866 86845       1000      808 0.038653
10867 85693       1000      699 0.038653
10868 77269       1000      793 0.038653
10869 88107       1000      708 0.038652
10870 84003       1000      802 0.038652
10871 85486       1000      717 0.038652
10872 81673       1000      789 0.038651
10873 77839       1000      799 0.038651
10874 81211       1000      784 0.038651
10875 78341       1000      801 0.038650
10876 70444       1000      789 0.038650
10877 84149       1000      805 0.038650
10878 68949       1000      831 0.038648
10879 87191       1000      787 0.038648
10880 88640       1000      798 0.038648
10881 74430       1000      713 0.038648
10882 73944       1000      809 0.038646
10883 76113       1000      783 0.038646
10884 69933       1000      779 0.038645
10885 78561       1000      806 0.038645
10886 68365       1000      795 0.038644
10887 83950       1000      790 0.038642
10888 84054       1000      717 0.038642
10889 80815       1000      736 0.038642
10890 81153       1000      779 0.038642
10891 74838       1000      806 0.038641
10892 85624       1000      789 0.038638
10893 76569       1000      821 0.038638
10894 73255       1000      786 0.038638
10895 68593       1000      806 0.038637
10896 76752       1000      789 0.038637
10897 69869       1000      805 0.038637
10898 78485       1000      806 0.038637
10899 66744       1000      804 0.038636
10900 78691       1000      706 0.038636
10901 78000       1000      800 0.038635
10902 80897       1000      800 0.038635
10903 68843       1000      701 0.038635
10904 81218       1000      803 0.038635
10905 75122       1000      808 0.038634
10906 84890       1000      802 0.038633
10907 87935       1000      784 0.038632
10908 81663       1000      745 0.038631
10909 67108       1000      797 0.038631
10910 80051       1000      812 0.038629
10911 74945       1000      729 0.038628
10912 74991       1000      727 0.038628
10913 68841       1000      822 0.038627
10914 86940       1000      829 0.038627
10915 71799       1000      799 0.038626
10916 88908       1000      744 0.038626
10917 69183       1000      784 0.038623
10918 81563       1000      791 0.038623
10919 75929       1000      740 0.038622
10920 76151       1000      798 0.038622
10921 87919       1000      812 0.038621
10922 79308       1000      795 0.038620
10923 86108       1000      814 0.038619
10924 85242       1000      802 0.038617
10925 88184       1000      789 0.038616
10926 77071       1000      729 0.038615
10927 67543       1000      794 0.038615
10928 77643       1000      747 0.038614
10929 65984       1000      737 0.038613
10930 85205       1000      792 0.038612
10931 89248       1000      804 0.038612
10932 68187       1000      793 0.038611
10933 79270       1000      789 0.038610
10934 86189       1000      792 0.038610
10935 83856       1000      806 0.038608
10936 77276       1000      787 0.038608
10937 74574       1000      727 0.038606
10938 66834       1000      796 0.038606
10939 78818       1000      806 0.038604
10940 86886       1000      733 0.038604
10941 73699       1000      732 0.038601
10942 75326       1000      790 0.038600
10943 83375       1000      787 0.038600
10944 86803       1000      805 0.038600
10945 70970       1000      800 0.038598
10946 84312       1000      808 0.038598
10947 81612       1000      806 0.038596
10948 80912       1000      706 0.038596
10949 86125       1000      712 0.038595
10950 72143       1000      797 0.038595
10951 81408       1000      802 0.038593
10952 75908       1000      728 0.038593
10953 88306       1000      816 0.038586
10954 79218       1000      799 0.038585
10955 67641       1000      801 0.038585
10956 87506       1000      799 0.038585
10957 81079       1000      784 0.038584
10958 69976       1000      815 0.038583
10959 75121       1000      721 0.038583
10960 74743       1000      798 0.038583
10961 74646       1000      789 0.038582
10962 82626       1000      716 0.038581
10963 78578       1000      792 0.038580
10964 78378       1000      769 0.038579
10965 77621       1000      796 0.038579
10966 79556       1000      821 0.038579
10967 81093       1000      727 0.038578
10968 77425       1000      734 0.038578
10969 86617       1000      797 0.038577
10970 77360       1000      723 0.038576
10971 88589       1000      701 0.038575
10972 78011       1000      737 0.038575
10973 70694       1000      792 0.038574
10974 69543       1000      688 0.038574
10975 74827       1000      787 0.038574
10976 85229       1000      798 0.038573
10977 80644       1000      707 0.038572
10978 83636       1000      794 0.038571
10979 81072       1000      793 0.038567
10980 73249       1000      791 0.038567
10981 87838       1000      813 0.038565
10982 80721       1000      818 0.038565
10983 86398       1000      788 0.038564
10984 80988       1000      771 0.038564
10985 69893       1000      808 0.038562
10986 71045       1000      776 0.038562
10987 81982       1000      814 0.038560
10988 77495       1000      722 0.038559
10989 76786       1000      702 0.038558
10990 88295       1000      821 0.038558
10991 71170       1000      819 0.038557
10992 86526       1000      819 0.038556
10993 65902       1000      793 0.038554
10994 76273       1000      710 0.038554
10995 71700       1000      790 0.038554
10996 86943       1000      777 0.038553
10997 76045       1000      793 0.038551
10998 69947       1000      718 0.038551
10999 76027       1000      820 0.038550
11000 86872       1000      731 0.038550
11001 87810       1000      801 0.038550
11002 74217       1000      716 0.038550
11003 72441       1000      804 0.038549
11004 74583       1000      799 0.038549
11005 87243       1000      783 0.038546
11006 77045       1000      819 0.038545
11007 76950       1000      793 0.038544
11008 79379       1000      732 0.038542
11009 77052       1000      809 0.038542
11010 88743       1000      801 0.038539
11011 74769       1000      713 0.038539
11012 67744       1000      798 0.038539
11013 88064       1000      807 0.038537
11014 76248       1000      802 0.038535
11015 79562       1000      793 0.038535
11016 85351       1000      739 0.038534
11017 84819       1000      803 0.038534
11018 79021       1000      788 0.038534
11019 78014       1000      677 0.038534
11020 76298       1000      785 0.038534
11021 78177       1000      697 0.038532
11022 82445       1000      788 0.038532
11023 77901       1000      775 0.038530
11024 72579       1000      711 0.038528
11025 86360       1000      804 0.038527
11026 72737       1000      807 0.038525
11027 72461       1000      810 0.038524
11028 80603       1000      792 0.038524
11029 88950       1000      776 0.038522
11030 74591       1000      796 0.038521
11031 73789       1000      804 0.038520
11032 73093       1000      758 0.038520
11033 88112       1000      803 0.038519
11034 67377       1000      804 0.038519
11035 79589       1000      733 0.038518
11036 67166       1000      717 0.038518
11037 74691       1000      787 0.038517
11038 72319       1000      719 0.038516
11039 79958       1000      797 0.038516
11040 66485       1000      722 0.038516
11041 85711       1000      736 0.038515
11042 81191       1000      808 0.038513
11043 80272       1000      814 0.038512
11044 73170       1000      768 0.038512
11045 85908       1000      802 0.038511
11046 79694       1000      813 0.038508
11047 69336       1000      803 0.038506
11048 72848       1000      782 0.038505
11049 76199       1000      793 0.038505
11050 77615       1000      796 0.038503
11051 84981       1000      793 0.038502
11052 87734       1000      780 0.038502
11053 83089       1000      807 0.038501
11054 89022       1000      798 0.038501
11055 73682       1000      785 0.038500
11056 80880       1000      727 0.038498
11057 82065       1000      738 0.038498
11058 78260       1000      806 0.038497
11059 84599       1000      791 0.038496
11060 80284       1000      743 0.038495
11061 89308       1000      736 0.038493
11062 75573       1000      801 0.038493
11063 68186       1000      783 0.038493
11064 70739       1000      818 0.038493
11065 69177       1000      801 0.038493
11066 79357       1000      803 0.038492
11067 85506       1000      800 0.038490
11068 72672       1000      806 0.038490
11069 78542       1000      793 0.038490
11070 81721       1000      799 0.038488
11071 67808       1000      824 0.038487
11072 80195       1000      777 0.038484
11073 81471       1000      813 0.038484
11074 72034       1000      728 0.038483
11075 81888       1000      807 0.038482
11076 74666       1000      746 0.038482
11077 68113       1000      784 0.038481
11078 71030       1000      792 0.038481
11079 84352       1000      798 0.038479
11080 82365       1000      709 0.038478
11081 85162       1000      807 0.038476
11082 65898       1000      801 0.038475
11083 69540       1000      794 0.038474
11084 70932       1000      808 0.038472
11085 78804       1000      775 0.038472
11086 83604       1000      801 0.038472
11087 83347       1000      806 0.038471
11088 84445       1000      788 0.038470
11089 80744       1000      779 0.038470
11090 82368       1000      789 0.038470
11091 82291       1000      792 0.038470
11092 85184       1000      818 0.038469
11093 78713       1000      749 0.038468
11094 84763       1000      808 0.038468
11095 87338       1000      795 0.038468
11096 80147       1000      799 0.038467
11097 80704       1000      721 0.038466
11098 73781       1000      777 0.038466
11099 86856       1000      794 0.038465
11100 71221       1000      806 0.038465
11101 86918       1000      798 0.038465
11102 81707       1000      731 0.038465
11103 86997       1000      807 0.038464
11104 80935       1000      740 0.038464
11105 79037       1000      723 0.038463
11106 68414       1000      777 0.038463
11107 75106       1000      763 0.038462
11108 80106       1000      798 0.038462
11109 81891       1000      801 0.038458
11110 74572       1000      817 0.038458
11111 89291       1000      805 0.038458
11112 86628       1000      714 0.038458
11113 73505       1000      826 0.038456
11114 82852       1000      727 0.038456
11115 74355       1000      780 0.038454
11116 87977       1000      818 0.038454
11117 78417       1000      716 0.038453
11118 67220       1000      810 0.038453
11119 75392       1000      727 0.038451
11120 69740       1000      807 0.038450
11121 66349       1000      731 0.038450
11122 71743       1000      716 0.038450
11123 77036       1000      806 0.038449
11124 71661       1000      814 0.038448
11125 76383       1000      790 0.038448
11126 65876       1000      791 0.038446
11127 67064       1000      792 0.038446
11128 71299       1000      809 0.038445
11129 85613       1000      776 0.038445
11130 74442       1000      743 0.038443
11131 74075       1000      797 0.038441
11132 79047       1000      728 0.038441
11133 87210       1000      808 0.038439
11134 88387       1000      729 0.038436
11135 68848       1000      807 0.038434
11136 73301       1000      795 0.038434
11137 87095       1000      804 0.038432
11138 80197       1000      797 0.038431
11139 86624       1000      808 0.038431
11140 88584       1000      803 0.038429
11141 72913       1000      790 0.038429
11142 84102       1000      790 0.038428
11143 88026       1000      789 0.038426
11144 78109       1000      800 0.038423
11145 71962       1000      720 0.038422
11146 82589       1000      807 0.038421
11147 85069       1000      799 0.038421
11148 65823       1000      816 0.038421
11149 72681       1000      815 0.038419
11150 72889       1000      829 0.038418
11151 77947       1000      802 0.038418
11152 83571       1000      797 0.038418
11153 73298       1000      707 0.038415
11154 85376       1000      804 0.038414
11155 68398       1000      807 0.038414
11156 83337       1000      826 0.038414
11157 78962       1000      792 0.038413
11158 72546       1000      796 0.038413
11159 86251       1000      793 0.038412
11160 89061       1000      820 0.038411
11161 89020       1000      817 0.038410
11162 70867       1000      733 0.038408
11163 84749       1000      804 0.038407
11164 71725       1000      802 0.038407
11165 87248       1000      799 0.038406
11166 87218       1000      807 0.038404
11167 81476       1000      807 0.038402
11168 76933       1000      792 0.038401
11169 72837       1000      769 0.038399
11170 84778       1000      797 0.038399
11171 80582       1000      798 0.038398
11172 78289       1000      756 0.038395
11173 81361       1000      812 0.038395
11174 68879       1000      788 0.038395
11175 72292       1000      802 0.038393
11176 66552       1000      811 0.038390
11177 81911       1000      791 0.038390
11178 67619       1000      811 0.038389
11179 68039       1000      721 0.038388
11180 80837       1000      798 0.038388
11181 71610       1000      798 0.038387
11182 86410       1000      808 0.038384
11183 81880       1000      794 0.038382
11184 69641       1000      737 0.038382
11185 70398       1000      747 0.038381
11186 71177       1000      799 0.038381
11187 86897       1000      792 0.038380
11188 67769       1000      784 0.038379
11189 80146       1000      795 0.038379
11190 68281       1000      797 0.038379
11191 83306       1000      798 0.038378
11192 71018       1000      805 0.038378
11193 72256       1000      696 0.038377
11194 78647       1000      800 0.038377
11195 72170       1000      799 0.038376
11196 87043       1000      792 0.038375
11197 82152       1000      797 0.038375
11198 71525       1000      795 0.038374
11199 66148       1000      774 0.038374
11200 76824       1000      827 0.038374
11201 72305       1000      814 0.038374
11202 65831       1000      809 0.038373
11203 66575       1000      789 0.038372
11204 66533       1000      697 0.038372
11205 86995       1000      804 0.038371
11206 87766       1000      810 0.038370
11207 68185       1000      741 0.038370
11208 83793       1000      792 0.038366
11209 70141       1000      785 0.038365
11210 71855       1000      729 0.038365
11211 88297       1000      818 0.038364
11212 71967       1000      740 0.038363
11213 70057       1000      803 0.038363
11214 84040       1000      774 0.038362
11215 72550       1000      744 0.038360
11216 68418       1000      699 0.038360
11217 71741       1000      807 0.038360
11218 85198       1000      798 0.038359
11219 73982       1000      788 0.038358
11220 81909       1000      796 0.038358
11221 72107       1000      814 0.038357
11222 70590       1000      809 0.038357
11223 74114       1000      707 0.038356
11224 66267       1000      790 0.038356
11225 71969       1000      768 0.038355
11226 84704       1000      808 0.038354
11227 88854       1000      725 0.038353
11228 76402       1000      793 0.038352
11229 77601       1000      741 0.038352
11230 79504       1000      815 0.038352
11231 85691       1000      802 0.038350
11232 83729       1000      803 0.038349
11233 83124       1000      811 0.038349
11234 88049       1000      697 0.038348
11235 69928       1000      796 0.038347
11236 84395       1000      818 0.038344
11237 66085       1000      726 0.038344
11238 87754       1000      804 0.038344
11239 84282       1000      802 0.038343
11240 82908       1000      811 0.038343
11241 73467       1000      804 0.038341
11242 75586       1000      805 0.038341
11243 86419       1000      736 0.038340
11244 79898       1000      808 0.038340
11245 75963       1000      795 0.038339
11246 77879       1000      794 0.038339
11247 67531       1000      799 0.038337
11248 67595       1000      802 0.038336
11249 65820       1000      813 0.038336
11250 82316       1000      709 0.038335
11251 82379       1000      807 0.038334
11252 75157       1000      820 0.038334
11253 68575       1000      810 0.038334
11254 88086       1000      811 0.038333
11255 72740       1000      800 0.038333
11256 71709       1000      804 0.038332
11257 71682       1000      806 0.038332
11258 87188       1000      806 0.038331
11259 68707       1000      728 0.038330
11260 67019       1000      800 0.038330
11261 85606       1000      801 0.038329
11262 67586       1000      769 0.038329
11263 66710       1000      789 0.038328
11264 89206       1000      801 0.038328
11265 83689       1000      716 0.038327
11266 86047       1000      706 0.038326
11267 70362       1000      789 0.038326
11268 67899       1000      797 0.038325
11269 84484       1000      787 0.038325
11270 79377       1000      775 0.038325
11271 76611       1000      803 0.038324
11272 80277       1000      719 0.038322
11273 71320       1000      812 0.038322
11274 79330       1000      799 0.038322
11275 69133       1000      782 0.038320
11276 71155       1000      803 0.038318
11277 73721       1000      805 0.038317
11278 68508       1000      786 0.038316
11279 85659       1000      783 0.038315
11280 66994       1000      720 0.038314
11281 82327       1000      802 0.038314
11282 70966       1000      748 0.038313
11283 80578       1000      792 0.038313
11284 80448       1000      792 0.038312
11285 65998       1000      781 0.038311
11286 72994       1000      785 0.038310
11287 75631       1000      792 0.038310
11288 75301       1000      796 0.038308
11289 66659       1000      798 0.038306
11290 71020       1000      801 0.038305
11291 71703       1000      691 0.038304
11292 83936       1000      791 0.038303
11293 79000       1000      792 0.038300
11294 73842       1000      795 0.038300
11295 80619       1000      795 0.038299
11296 73148       1000      795 0.038299
11297 68757       1000      782 0.038298
11298 66861       1000      792 0.038297
11299 72564       1000      789 0.038296
11300 66094       1000      794 0.038296
11301 84390       1000      795 0.038296
11302 83122       1000      717 0.038295
11303 71765       1000      789 0.038295
11304 76097       1000      800 0.038294
11305 80286       1000      793 0.038294
11306 66462       1000      808 0.038294
11307 88446       1000      729 0.038293
11308 76160       1000      806 0.038293
11309 79390       1000      803 0.038293
11310 87575       1000      808 0.038293
11311 84787       1000      730 0.038292
11312 69450       1000      794 0.038292
11313 67452       1000      701 0.038292
11314 73182       1000      800 0.038291
11315 79691       1000      715 0.038291
11316 78710       1000      791 0.038290
11317 85240       1000      796 0.038290
11318 75337       1000      803 0.038290
11319 75464       1000      801 0.038288
11320 66915       1000      787 0.038288
11321 72677       1000      790 0.038288
11322 84109       1000      799 0.038287
11323 79204       1000      795 0.038287
11324 76210       1000      794 0.038286
11325 70477       1000      808 0.038286
11326 85079       1000      816 0.038284
11327 87522       1000      800 0.038284
11328 85857       1000      783 0.038284
11329 77596       1000      703 0.038284
11330 85099       1000      814 0.038283
11331 72412       1000      775 0.038283
11332 70955       1000      799 0.038283
11333 66233       1000      717 0.038281
11334 76126       1000      803 0.038281
11335 82100       1000      806 0.038280
11336 70768       1000      776 0.038280
11337 88474       1000      786 0.038279
11338 85769       1000      743 0.038278
11339 84325       1000      803 0.038277
11340 74577       1000      810 0.038277
11341 84990       1000      810 0.038276
11342 89143       1000      810 0.038276
11343 66249       1000      784 0.038275
11344 80669       1000      735 0.038275
11345 80240       1000      807 0.038274
11346 75046       1000      800 0.038274
11347 81698       1000      798 0.038274
11348 73979       1000      787 0.038273
11349 88294       1000      719 0.038273
11350 84159       1000      730 0.038273
11351 78259       1000      729 0.038272
11352 67274       1000      730 0.038271
11353 88054       1000      739 0.038271
11354 86575       1000      797 0.038270
11355 78227       1000      808 0.038270
11356 73702       1000      791 0.038270
11357 76591       1000      708 0.038269
11358 70882       1000      790 0.038269
11359 71085       1000      694 0.038268
11360 67840       1000      720 0.038267
11361 83732       1000      810 0.038265
11362 68568       1000      813 0.038265
11363 75242       1000      803 0.038264
11364 86316       1000      803 0.038264
11365 71497       1000      797 0.038264
11366 67865       1000      808 0.038262
11367 79832       1000      808 0.038261
11368 84572       1000      726 0.038261
11369 83601       1000      812 0.038261
11370 77371       1000      782 0.038260
11371 88753       1000      808 0.038259
11372 79493       1000      791 0.038259
11373 79164       1000      730 0.038258
11374 67621       1000      777 0.038258
11375 88056       1000      791 0.038257
11376 69759       1000      793 0.038257
11377 76155       1000      794 0.038256
11378 67190       1000      814 0.038256
11379 86174       1000      804 0.038255
11380 84289       1000      809 0.038255
11381 76359       1000      818 0.038253
11382 73494       1000      722 0.038253
11383 85866       1000      800 0.038252
11384 76513       1000      807 0.038251
11385 67351       1000      714 0.038250
11386 80695       1000      808 0.038248
11387 69003       1000      725 0.038245
11388 79789       1000      778 0.038244
11389 80404       1000      815 0.038244
11390 80040       1000      792 0.038244
11391 83588       1000      804 0.038243
11392 79014       1000      808 0.038243
11393 85524       1000      780 0.038241
11394 83988       1000      801 0.038239
11395 86055       1000      792 0.038239
11396 72212       1000      798 0.038239
11397 75465       1000      730 0.038238
11398 86862       1000      793 0.038238
11399 83937       1000      799 0.038236
11400 71559       1000      794 0.038235
11401 66770       1000      804 0.038234
11402 81783       1000      825 0.038233
11403 88427       1000      764 0.038231
11404 66688       1000      786 0.038231
11405 73026       1000      800 0.038230
11406 71633       1000      714 0.038230
11407 73105       1000      725 0.038230
11408 81754       1000      808 0.038230
11409 74481       1000      804 0.038229
11410 66194       1000      724 0.038229
11411 83888       1000      814 0.038229
11412 75891       1000      809 0.038228
11413 88411       1000      791 0.038227
11414 85701       1000      797 0.038226
11415 79740       1000      810 0.038226
11416 85666       1000      793 0.038226
11417 87612       1000      802 0.038226
11418 81775       1000      751 0.038225
11419 87483       1000      787 0.038222
11420 78967       1000      801 0.038221
11421 89409       1000      808 0.038220
11422 68554       1000      738 0.038220
11423 85973       1000      714 0.038220
11424 78116       1000      794 0.038220
11425 78187       1000      801 0.038219
11426 85269       1000      813 0.038219
11427 88129       1000      699 0.038219
11428 77179       1000      828 0.038216
11429 81781       1000      803 0.038215
11430 82392       1000      806 0.038215
11431 70797       1000      788 0.038214
11432 71148       1000      803 0.038214
11433 78045       1000      808 0.038213
11434 76973       1000      777 0.038213
11435 72187       1000      800 0.038213
11436 83955       1000      806 0.038212
11437 69324       1000      801 0.038211
11438 89379       1000      789 0.038209
11439 74296       1000      807 0.038208
11440 86812       1000      786 0.038208
11441 86187       1000      698 0.038208
11442 72615       1000      803 0.038206
11443 77237       1000      734 0.038205
11444 77209       1000      809 0.038204
11445 85459       1000      801 0.038204
11446 81935       1000      800 0.038203
11447 78707       1000      777 0.038203
11448 84852       1000      790 0.038200
11449 82364       1000      795 0.038200
11450 88800       1000      789 0.038198
11451 69495       1000      732 0.038197
11452 74845       1000      738 0.038195
11453 77339       1000      701 0.038195
11454 84602       1000      717 0.038194
11455 87631       1000      790 0.038192
11456 75074       1000      718 0.038191
11457 75523       1000      762 0.038189
11458 76275       1000      789 0.038188
11459 84938       1000      794 0.038187
11460 80860       1000      768 0.038186
11461 83561       1000      799 0.038186
11462 80825       1000      819 0.038183
11463 81945       1000      795 0.038182
11464 85258       1000      784 0.038181
11465 74492       1000      810 0.038180
11466 70033       1000      815 0.038177
11467 88405       1000      805 0.038176
11468 81088       1000      715 0.038176
11469 71013       1000      706 0.038176
11470 71828       1000      806 0.038175
11471 70432       1000      744 0.038173
11472 74869       1000      802 0.038173
11473 87931       1000      766 0.038173
11474 69778       1000      794 0.038172
11475 67824       1000      783 0.038171
11476 77108       1000      818 0.038171
11477 69047       1000      792 0.038170
11478 88756       1000      829 0.038169
11479 78447       1000      796 0.038169
11480 71918       1000      790 0.038169
11481 68770       1000      800 0.038168
11482 79118       1000      807 0.038167
11483 74384       1000      724 0.038166
11484 88910       1000      690 0.038166
11485 81684       1000      810 0.038164
11486 70251       1000      737 0.038162
11487 79593       1000      806 0.038161
11488 86629       1000      797 0.038160
11489 82077       1000      803 0.038160
11490 85467       1000      801 0.038159
11491 76667       1000      739 0.038158
11492 71853       1000      805 0.038157
11493 71643       1000      792 0.038156
11494 81316       1000      797 0.038156
11495 70109       1000      800 0.038156
11496 88836       1000      806 0.038155
11497 86880       1000      786 0.038155
11498 71011       1000      793 0.038154
11499 74334       1000      810 0.038154
11500 77318       1000      814 0.038153
11501 79494       1000      817 0.038153
11502 66306       1000      785 0.038151
11503 71358       1000      781 0.038151
11504 71384       1000      812 0.038150
11505 68367       1000      817 0.038149
11506 71570       1000      731 0.038149
11507 82095       1000      742 0.038149
11508 84509       1000      810 0.038148
11509 77153       1000      792 0.038146
11510 87370       1000      725 0.038145
11511 72934       1000      814 0.038145
11512 80764       1000      811 0.038145
11513 75940       1000      787 0.038144
11514 80196       1000      809 0.038143
11515 69632       1000      775 0.038143
11516 84892       1000      790 0.038143
11517 66934       1000      788 0.038143
11518 84955       1000      787 0.038142
11519 74084       1000      790 0.038142
11520 85670       1000      796 0.038140
11521 86571       1000      716 0.038140
11522 86272       1000      787 0.038140
11523 80668       1000      803 0.038137
11524 67434       1000      804 0.038136
11525 84118       1000      796 0.038136
11526 88309       1000      793 0.038135
11527 88544       1000      790 0.038135
11528 68534       1000      799 0.038134
11529 72727       1000      712 0.038133
11530 71591       1000      791 0.038132
11531 66329       1000      787 0.038130
11532 86005       1000      795 0.038130
11533 81614       1000      808 0.038130
11534 80760       1000      705 0.038129
11535 87600       1000      782 0.038129
11536 78828       1000      710 0.038126
11537 68948       1000      817 0.038125
11538 86807       1000      799 0.038125
11539 67546       1000      809 0.038124
11540 87235       1000      785 0.038124
11541 70300       1000      796 0.038124
11542 74085       1000      801 0.038122
11543 71860       1000      715 0.038121
11544 74374       1000      809 0.038120
11545 66922       1000      814 0.038120
11546 68781       1000      788 0.038120
11547 72115       1000      688 0.038118
11548 77520       1000      785 0.038118
11549 80216       1000      778 0.038118
11550 74672       1000      796 0.038117
11551 67822       1000      810 0.038116
11552 76900       1000      797 0.038116
11553 83878       1000      793 0.038116
11554 81885       1000      803 0.038114
11555 75200       1000      796 0.038113
11556 84595       1000      731 0.038112
11557 84871       1000      793 0.038112
11558 76468       1000      728 0.038109
11559 85019       1000      789 0.038109
11560 81839       1000      798 0.038108
11561 67642       1000      795 0.038108
11562 86130       1000      742 0.038108
11563 87870       1000      795 0.038107
11564 70761       1000      717 0.038106
11565 85793       1000      813 0.038105
11566 72801       1000      796 0.038105
11567 72462       1000      720 0.038105
11568 71092       1000      817 0.038104
11569 67003       1000      819 0.038103
11570 80957       1000      804 0.038102
11571 69202       1000      798 0.038102
11572 87961       1000      795 0.038102
11573 72023       1000      799 0.038096
11574 86669       1000      785 0.038095
11575 85832       1000      814 0.038094
11576 80481       1000      762 0.038089
11577 82594       1000      804 0.038088
11578 88994       1000      800 0.038088
11579 70817       1000      796 0.038088
11580 83814       1000      716 0.038087
11581 73258       1000      799 0.038087
11582 82749       1000      797 0.038086
11583 84097       1000      798 0.038085
11584 80997       1000      801 0.038085
11585 72698       1000      741 0.038085
11586 75706       1000      760 0.038084
11587 88278       1000      801 0.038082
11588 68675       1000      815 0.038081
11589 88232       1000      795 0.038080
11590 67021       1000      812 0.038080
11591 67570       1000      793 0.038079
11592 74785       1000      731 0.038078
11593 79387       1000      766 0.038078
11594 72131       1000      722 0.038078
11595 72376       1000      816 0.038077
11596 88125       1000      707 0.038077
11597 71478       1000      801 0.038077
11598 70748       1000      788 0.038076
11599 76020       1000      798 0.038076
11600 74757       1000      799 0.038075
11601 87281       1000      802 0.038074
11602 69412       1000      796 0.038074
11603 70385       1000      800 0.038072
11604 67951       1000      774 0.038071
11605 89240       1000      714 0.038071
11606 74712       1000      823 0.038070
11607 66935       1000      794 0.038070
11608 68984       1000      812 0.038069
11609 78076       1000      802 0.038068
11610 67139       1000      814 0.038068
11611 80871       1000      793 0.038067
11612 71370       1000      800 0.038066
11613 72764       1000      815 0.038063
11614 85392       1000      810 0.038063
11615 75812       1000      775 0.038061
11616 72303       1000      783 0.038061
11617 71950       1000      819 0.038060
11618 80960       1000      812 0.038059
11619 76770       1000      819 0.038057
11620 89187       1000      790 0.038056
11621 87574       1000      791 0.038055
11622 77744       1000      784 0.038054
11623 68393       1000      796 0.038054
11624 77719       1000      794 0.038052
11625 69826       1000      797 0.038052
11626 75557       1000      783 0.038051
11627 66964       1000      797 0.038051
11628 73937       1000      791 0.038051
11629 72881       1000      815 0.038051
11630 68391       1000      800 0.038051
11631 79931       1000      775 0.038050
11632 77393       1000      797 0.038050
11633 86508       1000      820 0.038049
11634 89397       1000      736 0.038049
11635 68536       1000      819 0.038049
11636 75378       1000      807 0.038049
11637 72861       1000      777 0.038048
11638 80702       1000      799 0.038047
11639 74499       1000      791 0.038047
11640 89103       1000      794 0.038046
11641 88726       1000      795 0.038046
11642 67376       1000      807 0.038043
11643 72009       1000      801 0.038042
11644 81186       1000      813 0.038041
11645 67584       1000      803 0.038041
11646 75150       1000      791 0.038040
11647 74408       1000      820 0.038039
11648 69831       1000      797 0.038039
11649 68448       1000      800 0.038039
11650 87044       1000      780 0.038038
11651 73859       1000      801 0.038038
11652 78897       1000      824 0.038037
11653 87321       1000      719 0.038037
11654 83415       1000      807 0.038037
11655 87196       1000      711 0.038037
11656 67699       1000      808 0.038037
11657 67058       1000      800 0.038037
11658 69512       1000      808 0.038036
11659 88838       1000      802 0.038036
11660 88698       1000      721 0.038034
11661 83290       1000      819 0.038032
11662 72150       1000      800 0.038032
11663 71713       1000      801 0.038030
11664 73529       1000      782 0.038030
11665 71548       1000      804 0.038029
11666 78631       1000      817 0.038029
11667 85138       1000      747 0.038028
11668 84108       1000      806 0.038027
11669 68145       1000      737 0.038026
11670 74108       1000      798 0.038026
11671 85846       1000      817 0.038025
11672 70734       1000      706 0.038024
11673 80761       1000      718 0.038022
11674 72379       1000      815 0.038021
11675 65818       1000      810 0.038020
11676 76997       1000      795 0.038020
11677 72242       1000      727 0.038019
11678 67778       1000      802 0.038018
11679 70539       1000      719 0.038016
11680 73681       1000      806 0.038016
11681 79730       1000      805 0.038015
11682 68971       1000      796 0.038014
11683 85022       1000      792 0.038013
11684 81073       1000      800 0.038012
11685 67232       1000      791 0.038011
11686 68172       1000      696 0.038011
11687 67284       1000      770 0.038010
11688 68931       1000      805 0.038009
11689 80720       1000      740 0.038007
11690 82454       1000      811 0.038007
11691 78914       1000      800 0.038006
11692 74157       1000      702 0.038005
11693 84619       1000      800 0.038004
11694 66589       1000      721 0.038004
11695 89040       1000      706 0.038004
11696 70394       1000      806 0.038003
11697 88124       1000      722 0.038003
11698 70851       1000      800 0.038003
11699 72085       1000      811 0.038003
11700 87090       1000      806 0.038002
11701 86165       1000      806 0.038001
11702 78901       1000      788 0.038001
11703 84182       1000      803 0.038000
11704 69264       1000      792 0.038000
11705 68515       1000      801 0.038000
11706 89112       1000      798 0.037999
11707 67530       1000      733 0.037997
11708 76293       1000      729 0.037997
11709 86048       1000      716 0.037996
11710 83469       1000      763 0.037995
11711 84845       1000      809 0.037995
11712 77572       1000      807 0.037995
11713 68001       1000      787 0.037995
11714 89114       1000      787 0.037994
11715 87112       1000      807 0.037993
11716 79445       1000      818 0.037992
11717 89265       1000      735 0.037991
11718 81890       1000      727 0.037991
11719 76524       1000      795 0.037990
11720 87093       1000      816 0.037990
11721 70024       1000      799 0.037989
11722 86345       1000      788 0.037989
11723 73628       1000      802 0.037988
11724 67194       1000      736 0.037987
11725 85076       1000      784 0.037987
11726 79050       1000      799 0.037986
11727 81579       1000      809 0.037986
11728 74892       1000      800 0.037985
11729 83791       1000      816 0.037984
11730 70120       1000      799 0.037983
11731 74565       1000      796 0.037982
11732 75114       1000      787 0.037979
11733 89166       1000      795 0.037977
11734 66354       1000      784 0.037976
11735 80186       1000      778 0.037975
11736 65958       1000      810 0.037974
11737 80412       1000      791 0.037970
11738 86343       1000      798 0.037970
11739 75041       1000      816 0.037969
11740 77981       1000      809 0.037969
11741 71246       1000      785 0.037968
11742 84210       1000      804 0.037963
11743 69339       1000      787 0.037961
11744 87741       1000      804 0.037960
11745 86330       1000      793 0.037958
11746 85801       1000      804 0.037958
11747 86037       1000      798 0.037957
11748 87767       1000      691 0.037957
11749 71031       1000      740 0.037956
11750 65970       1000      774 0.037956
11751 68101       1000      795 0.037953
11752 85116       1000      757 0.037953
11753 76312       1000      726 0.037951
11754 83412       1000      801 0.037949
11755 75882       1000      777 0.037945
11756 83545       1000      737 0.037945
11757 86124       1000      792 0.037943
11758 87115       1000      802 0.037942
11759 75018       1000      821 0.037942
11760 79338       1000      801 0.037941
11761 70330       1000      813 0.037940
11762 86861       1000      808 0.037939
11763 87008       1000      803 0.037938
11764 80052       1000      798 0.037938
11765 84161       1000      801 0.037938
11766 66077       1000      797 0.037937
11767 77206       1000      786 0.037937
11768 76237       1000      810 0.037935
11769 88574       1000      713 0.037935
11770 88798       1000      740 0.037934
11771 80995       1000      805 0.037934
11772 79009       1000      809 0.037933
11773 76224       1000      797 0.037932
11774 82434       1000      801 0.037931
11775 65843       1000      788 0.037931
11776 74489       1000      786 0.037931
11777 70561       1000      735 0.037931
11778 77238       1000      813 0.037931
11779 79592       1000      757 0.037929
11780 70919       1000      721 0.037929
11781 85721       1000      798 0.037928
11782 77407       1000      788 0.037928
11783 70839       1000      813 0.037927
11784 81702       1000      802 0.037924
11785 84238       1000      760 0.037924
11786 86589       1000      792 0.037924
11787 85489       1000      789 0.037923
11788 71456       1000      803 0.037923
11789 70275       1000      813 0.037923
11790 74886       1000      715 0.037922
11791 76012       1000      795 0.037922
11792 80340       1000      803 0.037921
11793 71984       1000      803 0.037919
11794 79636       1000      794 0.037918
11795 78627       1000      732 0.037918
11796 80015       1000      721 0.037918
11797 78414       1000      786 0.037916
11798 83615       1000      822 0.037915
11799 85077       1000      811 0.037914
11800 85244       1000      802 0.037914
11801 85907       1000      812 0.037911
11802 80167       1000      788 0.037910
11803 66132       1000      797 0.037910
11804 75713       1000      691 0.037910
11805 76911       1000      786 0.037909
11806 80877       1000      820 0.037906
11807 79637       1000      734 0.037906
11808 86204       1000      797 0.037906
11809 87129       1000      811 0.037905
11810 78615       1000      800 0.037905
11811 86342       1000      815 0.037904
11812 74341       1000      709 0.037902
11813 68803       1000      722 0.037901
11814 87161       1000      785 0.037901
11815 84709       1000      710 0.037900
11816 75342       1000      796 0.037899
11817 82925       1000      796 0.037899
11818 69757       1000      819 0.037898
11819 79709       1000      809 0.037898
11820 73525       1000      797 0.037897
11821 81886       1000      824 0.037895
11822 83996       1000      789 0.037894
11823 78191       1000      721 0.037891
11824 68376       1000      756 0.037890
11825 85485       1000      718 0.037889
11826 86765       1000      785 0.037889
11827 73813       1000      782 0.037888
11828 86030       1000      807 0.037886
11829 76953       1000      799 0.037886
11830 69756       1000      793 0.037886
11831 79553       1000      802 0.037885
11832 84178       1000      807 0.037885
11833 66332       1000      798 0.037884
11834 81926       1000      819 0.037884
11835 80556       1000      715 0.037883
11836 71329       1000      717 0.037882
11837 69063       1000      814 0.037881
11838 75570       1000      814 0.037880
11839 86991       1000      789 0.037880
11840 83152       1000      717 0.037879
11841 67230       1000      816 0.037878
11842 80664       1000      787 0.037878
11843 81389       1000      748 0.037877
11844 85513       1000      815 0.037877
11845 69098       1000      722 0.037877
11846 69101       1000      806 0.037877
11847 82832       1000      781 0.037875
11848 66493       1000      819 0.037873
11849 83805       1000      745 0.037873
11850 68241       1000      756 0.037872
11851 69769       1000      801 0.037871
11852 66271       1000      786 0.037871
11853 71376       1000      782 0.037871
11854 71959       1000      787 0.037869
11855 81012       1000      812 0.037869
11856 77230       1000      780 0.037868
11857 78785       1000      806 0.037868
11858 74677       1000      785 0.037868
11859 74972       1000      802 0.037867
11860 84378       1000      720 0.037867
11861 75552       1000      728 0.037867
11862 70096       1000      809 0.037866
11863 78934       1000      787 0.037864
11864 81371       1000      792 0.037864
11865 89161       1000      793 0.037863
11866 83872       1000      792 0.037863
11867 79625       1000      719 0.037863
11868 69293       1000      721 0.037861
11869 84550       1000      715 0.037861
11870 81755       1000      807 0.037861
11871 74766       1000      721 0.037861
11872 82618       1000      718 0.037859
11873 80490       1000      723 0.037858
11874 89163       1000      721 0.037858
11875 74366       1000      770 0.037856
11876 86972       1000      788 0.037855
11877 83431       1000      794 0.037854
11878 66666       1000      808 0.037853
11879 82376       1000      778 0.037853
11880 80549       1000      714 0.037851
11881 69059       1000      799 0.037849
11882 86641       1000      781 0.037848
11883 83275       1000      804 0.037848
11884 77885       1000      732 0.037848
11885 86613       1000      799 0.037847
11886 76794       1000      791 0.037847
11887 78801       1000      785 0.037844
11888 87448       1000      744 0.037840
11889 77507       1000      711 0.037839
11890 73099       1000      715 0.037839
11891 82356       1000      821 0.037838
11892 66078       1000      742 0.037838
11893 78492       1000      790 0.037837
11894 71114       1000      776 0.037836
11895 84912       1000      802 0.037836
11896 69012       1000      801 0.037835
11897 88810       1000      810 0.037834
11898 68214       1000      751 0.037833
11899 70673       1000      700 0.037832
11900 69106       1000      787 0.037831
11901 77933       1000      784 0.037830
11902 77050       1000      812 0.037830
11903 81253       1000      813 0.037828
11904 76295       1000      816 0.037828
11905 85358       1000      813 0.037828
11906 85015       1000      817 0.037828
11907 66757       1000      812 0.037822
11908 75809       1000      808 0.037822
11909 73461       1000      816 0.037822
11910 70431       1000      785 0.037822
11911 65847       1000      797 0.037821
11912 73557       1000      811 0.037821
11913 65905       1000      808 0.037819
11914 72173       1000      791 0.037816
11915 87439       1000      816 0.037815
11916 67958       1000      790 0.037815
11917 69857       1000      816 0.037814
11918 70947       1000      789 0.037813
11919 66202       1000      799 0.037811
11920 67817       1000      714 0.037811
11921 77891       1000      800 0.037811
11922 75991       1000      711 0.037811
11923 71529       1000      716 0.037810
11924 75305       1000      784 0.037810
11925 82535       1000      734 0.037809
11926 81151       1000      810 0.037808
11927 66836       1000      803 0.037808
11928 73824       1000      792 0.037805
11929 89146       1000      802 0.037805
11930 82090       1000      750 0.037804
11931 77062       1000      816 0.037804
11932 71731       1000      819 0.037804
11933 69923       1000      804 0.037803
11934 78576       1000      814 0.037799
11935 68550       1000      794 0.037799
11936 70836       1000      818 0.037799
11937 82302       1000      786 0.037795
11938 81518       1000      788 0.037794
11939 88213       1000      715 0.037794
11940 81596       1000      803 0.037792
11941 71095       1000      801 0.037792
11942 67242       1000      730 0.037792
11943 76909       1000      804 0.037791
11944 76642       1000      799 0.037791
11945 72133       1000      721 0.037791
11946 74056       1000      719 0.037791
11947 77390       1000      810 0.037790
11948 78770       1000      802 0.037789
11949 71538       1000      817 0.037789
11950 78891       1000      799 0.037788
11951 68813       1000      740 0.037788
11952 68107       1000      809 0.037786
11953 83225       1000      781 0.037785
11954 86073       1000      726 0.037785
11955 84461       1000      785 0.037784
11956 84857       1000      800 0.037784
11957 74313       1000      710 0.037784
11958 80501       1000      810 0.037783
11959 84838       1000      809 0.037782
11960 71165       1000      797 0.037782
11961 88464       1000      797 0.037779
11962 73407       1000      824 0.037779
11963 85965       1000      802 0.037779
11964 86671       1000      742 0.037778
11965 66863       1000      809 0.037778
11966 75118       1000      791 0.037777
11967 83184       1000      818 0.037777
11968 79579       1000      740 0.037776
11969 77389       1000      784 0.037776
11970 82232       1000      816 0.037776
11971 86143       1000      816 0.037775
11972 66173       1000      815 0.037775
11973 88691       1000      724 0.037774
11974 80471       1000      793 0.037774
11975 87166       1000      816 0.037773
11976 89394       1000      780 0.037772
11977 66920       1000      811 0.037772
11978 84569       1000      715 0.037770
11979 65879       1000      823 0.037770
11980 84756       1000      790 0.037770
11981 77691       1000      793 0.037769
11982 73674       1000      750 0.037769
11983 73418       1000      812 0.037769
11984 86411       1000      809 0.037769
11985 82329       1000      814 0.037767
11986 66809       1000      729 0.037766
11987 80654       1000      803 0.037765
11988 79082       1000      794 0.037764
11989 73471       1000      786 0.037764
11990 88850       1000      809 0.037764
11991 68408       1000      817 0.037763
11992 89301       1000      808 0.037763
11993 81220       1000      722 0.037762
11994 67193       1000      808 0.037762
11995 67291       1000      796 0.037761
11996 73503       1000      720 0.037761
11997 86896       1000      719 0.037761
11998 81387       1000      809 0.037760
11999 71142       1000      783 0.037760
12000 77053       1000      804 0.037760
12001 66711       1000      717 0.037759
12002 82013       1000      810 0.037759
12003 69304       1000      803 0.037758
12004 88718       1000      823 0.037757
12005 82508       1000      813 0.037756
12006 70234       1000      740 0.037756
12007 72138       1000      814 0.037755
12008 66957       1000      794 0.037754
12009 83260       1000      784 0.037754
12010 72079       1000      737 0.037753
12011 81608       1000      726 0.037751
12012 69119       1000      807 0.037749
12013 78256       1000      787 0.037749
12014 75841       1000      789 0.037747
12015 86608       1000      806 0.037747
12016 72179       1000      816 0.037746
12017 75064       1000      804 0.037745
12018 75612       1000      797 0.037745
12019 74510       1000      788 0.037744
12020 75556       1000      813 0.037743
12021 71344       1000      812 0.037743
12022 74621       1000      803 0.037741
12023 72488       1000      797 0.037738
12024 78622       1000      812 0.037737
12025 70545       1000      736 0.037735
12026 74931       1000      807 0.037735
12027 67557       1000      738 0.037735
12028 81303       1000      776 0.037734
12029 78063       1000      778 0.037733
12030 86564       1000      730 0.037732
12031 73690       1000      796 0.037731
12032 77538       1000      782 0.037730
12033 75582       1000      800 0.037729
12034 68657       1000      789 0.037728
12035 65830       1000      780 0.037727
12036 75261       1000      808 0.037726
12037 68293       1000      801 0.037726
12038 69634       1000      721 0.037725
12039 79339       1000      791 0.037724
12040 88585       1000      722 0.037724
12041 89395       1000      792 0.037724
12042 81440       1000      773 0.037723
12043 88275       1000      802 0.037722
12044 67340       1000      724 0.037722
12045 66680       1000      788 0.037721
12046 81534       1000      809 0.037721
12047 70700       1000      806 0.037721
12048 82720       1000      787 0.037716
12049 69344       1000      795 0.037715
12050 70854       1000      781 0.037714
12051 83227       1000      804 0.037714
12052 79077       1000      802 0.037709
12053 86362       1000      792 0.037709
12054 77359       1000      808 0.037707
12055 68072       1000      785 0.037707
12056 73457       1000      800 0.037707
12057 66013       1000      802 0.037706
12058 86753       1000      806 0.037704
12059 81293       1000      798 0.037703
12060 82732       1000      803 0.037703
12061 67385       1000      788 0.037702
12062 88198       1000      804 0.037702
12063 75025       1000      733 0.037701
12064 71188       1000      788 0.037701
12065 83464       1000      813 0.037700
12066 70116       1000      787 0.037699
12067 69095       1000      794 0.037699
12068 88805       1000      720 0.037698
12069 73264       1000      794 0.037698
12070 74819       1000      799 0.037697
12071 82747       1000      693 0.037696
12072 88362       1000      775 0.037696
12073 70071       1000      787 0.037696
12074 69194       1000      810 0.037696
12075 81638       1000      794 0.037695
12076 82641       1000      783 0.037694
12077 84396       1000      737 0.037693
12078 73176       1000      801 0.037692
12079 82076       1000      782 0.037691
12080 78563       1000      737 0.037690
12081 84596       1000      808 0.037689
12082 85514       1000      703 0.037689
12083 73275       1000      801 0.037688
12084 66695       1000      800 0.037687
12085 76336       1000      797 0.037687
12086 73731       1000      793 0.037687
12087 86225       1000      710 0.037687
12088 86391       1000      690 0.037686
12089 80662       1000      795 0.037686
12090 72078       1000      795 0.037684
12091 66709       1000      795 0.037682
12092 80606       1000      732 0.037682
12093 85470       1000      811 0.037682
12094 67632       1000      824 0.037681
12095 83115       1000      708 0.037680
12096 73654       1000      816 0.037677
12097 77869       1000      737 0.037677
12098 79260       1000      803 0.037676
12099 68300       1000      817 0.037676
12100 78903       1000      740 0.037676
12101 82519       1000      794 0.037675
12102 66672       1000      737 0.037675
12103 72572       1000      810 0.037674
12104 80581       1000      735 0.037673
12105 67144       1000      722 0.037672
12106 84153       1000      816 0.037672
12107 73184       1000      777 0.037672
12108 79803       1000      800 0.037671
12109 83494       1000      731 0.037670
12110 88219       1000      809 0.037668
12111 79078       1000      774 0.037667
12112 70138       1000      818 0.037666
12113 76152       1000      816 0.037665
12114 89325       1000      797 0.037665
12115 71417       1000      807 0.037665
12116 80509       1000      706 0.037663
12117 86291       1000      747 0.037663
12118 73548       1000      802 0.037663
12119 83625       1000      778 0.037663
12120 87550       1000      747 0.037661
12121 78389       1000      706 0.037660
12122 80010       1000      809 0.037660
12123 74126       1000      800 0.037660
12124 68041       1000      806 0.037659
12125 83382       1000      726 0.037659
12126 75147       1000      698 0.037659
12127 76329       1000      800 0.037659
12128 78276       1000      720 0.037659
12129 81794       1000      786 0.037658
12130 87873       1000      792 0.037657
12131 65925       1000      713 0.037657
12132 71819       1000      809 0.037656
12133 66272       1000      789 0.037656
12134 68924       1000      801 0.037656
12135 86877       1000      831 0.037655
12136 78379       1000      805 0.037653
12137 66107       1000      779 0.037652
12138 65863       1000      785 0.037651
12139 77555       1000      718 0.037649
12140 65878       1000      801 0.037648
12141 81968       1000      822 0.037647
12142 79019       1000      808 0.037645
12143 88285       1000      773 0.037645
12144 78608       1000      787 0.037644
12145 72576       1000      815 0.037643
12146 67782       1000      795 0.037643
12147 83510       1000      789 0.037642
12148 80063       1000      810 0.037642
12149 85318       1000      719 0.037641
12150 73109       1000      798 0.037641
12151 66518       1000      797 0.037640
12152 69738       1000      820 0.037639
12153 68412       1000      795 0.037639
12154 86150       1000      721 0.037639
12155 77733       1000      730 0.037638
12156 83086       1000      717 0.037637
12157 81621       1000      791 0.037635
12158 67272       1000      782 0.037634
12159 67290       1000      716 0.037632
12160 82044       1000      797 0.037631
12161 86427       1000      811 0.037630
12162 74636       1000      790 0.037628
12163 67075       1000      816 0.037627
12164 76788       1000      791 0.037627
12165 70115       1000      792 0.037627
12166 74516       1000      784 0.037626
12167 81251       1000      815 0.037625
12168 76782       1000      791 0.037625
12169 69745       1000      787 0.037625
12170 85364       1000      803 0.037624
12171 69152       1000      790 0.037624
12172 73733       1000      793 0.037623
12173 66375       1000      809 0.037623
12174 78656       1000      720 0.037622
12175 78497       1000      800 0.037621
12176 74073       1000      718 0.037621
12177 72594       1000      788 0.037620
12178 77802       1000      713 0.037619
12179 80385       1000      779 0.037618
12180 68057       1000      720 0.037618
12181 75619       1000      704 0.037617
12182 70382       1000      726 0.037616
12183 84943       1000      817 0.037615
12184 71719       1000      809 0.037615
12185 68982       1000      829 0.037615
12186 87721       1000      815 0.037613
12187 86203       1000      787 0.037613
12188 74549       1000      825 0.037613
12189 67453       1000      790 0.037613
12190 85569       1000      729 0.037612
12191 88841       1000      712 0.037611
12192 68278       1000      791 0.037608
12193 83530       1000      785 0.037608
12194 72300       1000      694 0.037606
12195 88781       1000      795 0.037605
12196 76755       1000      815 0.037605
12197 71554       1000      798 0.037603
12198 66955       1000      800 0.037603
12199 81045       1000      806 0.037600
12200 78939       1000      791 0.037599
12201 68025       1000      728 0.037598
12202 81590       1000      778 0.037598
12203 65873       1000      801 0.037597
12204 78099       1000      825 0.037597
12205 68863       1000      785 0.037597
12206 68363       1000      773 0.037597
12207 72917       1000      815 0.037596
12208 80617       1000      789 0.037596
12209 78155       1000      731 0.037595
12210 67200       1000      807 0.037593
12211 70509       1000      811 0.037593
12212 67617       1000      711 0.037592
12213 88343       1000      810 0.037591
12214 68257       1000      728 0.037587
12215 68052       1000      796 0.037587
12216 78091       1000      791 0.037586
12217 87410       1000      816 0.037586
12218 86630       1000      713 0.037584
12219 69392       1000      806 0.037584
12220 75198       1000      790 0.037583
12221 66041       1000      740 0.037583
12222 87290       1000      800 0.037583
12223 71509       1000      792 0.037581
12224 69730       1000      721 0.037580
12225 89094       1000      740 0.037579
12226 88682       1000      809 0.037579
12227 69294       1000      821 0.037578
12228 84504       1000      725 0.037577
12229 74612       1000      774 0.037577
12230 68385       1000      825 0.037576
12231 76599       1000      712 0.037576
12232 87498       1000      807 0.037573
12233 84773       1000      822 0.037572
12234 87091       1000      794 0.037571
12235 73406       1000      781 0.037569
12236 76512       1000      797 0.037569
12237 88706       1000      739 0.037568
12238 66459       1000      796 0.037567
12239 83951       1000      802 0.037566
12240 83536       1000      796 0.037563
12241 83182       1000      822 0.037562
12242 72466       1000      811 0.037561
12243 68096       1000      783 0.037561
12244 68419       1000      785 0.037560
12245 85373       1000      788 0.037560
12246 70020       1000      795 0.037560
12247 78820       1000      807 0.037559
12248 76656       1000      801 0.037559
12249 76022       1000      803 0.037558
12250 69860       1000      727 0.037556
12251 82797       1000      786 0.037555
12252 82145       1000      733 0.037554
12253 76411       1000      791 0.037553
12254 73663       1000      796 0.037552
12255 70342       1000      811 0.037552
12256 74859       1000      795 0.037552
12257 80806       1000      710 0.037551
12258 71721       1000      791 0.037551
12259 67369       1000      798 0.037549
12260 69978       1000      782 0.037549
12261 85383       1000      812 0.037549
12262 81042       1000      812 0.037549
12263 82726       1000      803 0.037548
12264 82345       1000      815 0.037548
12265 78136       1000      825 0.037547
12266 77590       1000      786 0.037547
12267 77656       1000      811 0.037546
12268 66550       1000      804 0.037545
12269 87039       1000      803 0.037545
12270 74767       1000      792 0.037544
12271 66623       1000      811 0.037544
12272 68332       1000      791 0.037543
12273 77443       1000      770 0.037540
12274 78956       1000      810 0.037540
12275 74050       1000      825 0.037539
12276 77340       1000      798 0.037538
12277 72571       1000      687 0.037538
12278 79197       1000      812 0.037536
12279 72916       1000      725 0.037536
12280 67675       1000      803 0.037535
12281 66452       1000      777 0.037535
12282 78714       1000      729 0.037535
12283 83562       1000      793 0.037534
12284 87542       1000      813 0.037534
12285 79870       1000      816 0.037533
12286 86718       1000      805 0.037533
12287 83763       1000      768 0.037532
12288 85602       1000      793 0.037532
12289 89390       1000      793 0.037532
12290 88051       1000      799 0.037531
12291 70583       1000      799 0.037531
12292 85682       1000      799 0.037530
12293 72386       1000      696 0.037530
12294 75354       1000      719 0.037530
12295 75374       1000      731 0.037530
12296 70875       1000      804 0.037530
12297 84374       1000      805 0.037529
12298 75797       1000      739 0.037528
12299 72816       1000      797 0.037527
12300 76270       1000      798 0.037527
12301 84203       1000      789 0.037527
12302 88376       1000      805 0.037527
12303 76440       1000      725 0.037526
12304 75119       1000      724 0.037525
12305 88552       1000      793 0.037525
12306 71434       1000      798 0.037524
12307 73142       1000      799 0.037524
12308 80857       1000      812 0.037523
12309 82636       1000      790 0.037523
12310 68044       1000      738 0.037523
12311 70409       1000      788 0.037522
12312 75127       1000      845 0.037521
12313 73227       1000      800 0.037521
12314 79881       1000      787 0.037517
12315 76202       1000      779 0.037514
12316 86046       1000      803 0.037513
12317 83548       1000      786 0.037513
12318 86837       1000      804 0.037513
12319 73536       1000      794 0.037512
12320 78669       1000      797 0.037512
12321 69116       1000      814 0.037510
12322 86038       1000      807 0.037510
12323 67789       1000      796 0.037509
12324 82961       1000      793 0.037509
12325 74401       1000      806 0.037508
12326 69092       1000      786 0.037507
12327 87649       1000      813 0.037506
12328 88159       1000      707 0.037506
12329 85160       1000      726 0.037505
12330 89176       1000      806 0.037504
12331 82003       1000      801 0.037504
12332 76200       1000      814 0.037504
12333 81708       1000      800 0.037502
12334 77627       1000      787 0.037501
12335 82230       1000      802 0.037501
12336 68280       1000      728 0.037500
12337 78609       1000      796 0.037498
12338 67936       1000      805 0.037498
12339 73489       1000      812 0.037497
12340 80355       1000      739 0.037495
12341 67971       1000      735 0.037495
12342 83790       1000      811 0.037495
12343 85382       1000      797 0.037493
12344 82830       1000      706 0.037491
12345 72162       1000      714 0.037491
12346 70241       1000      799 0.037490
12347 65872       1000      788 0.037490
12348 87573       1000      806 0.037489
12349 84831       1000      792 0.037489
12350 76346       1000      793 0.037488
12351 82341       1000      807 0.037485
12352 87416       1000      794 0.037483
12353 86312       1000      811 0.037483
12354 85036       1000      729 0.037483
12355 70350       1000      818 0.037483
12356 72204       1000      725 0.037482
12357 74723       1000      805 0.037481
12358 74140       1000      790 0.037478
12359 66388       1000      810 0.037477
12360 72261       1000      799 0.037476
12361 76532       1000      726 0.037476
12362 77030       1000      794 0.037476
12363 84794       1000      720 0.037475
12364 67743       1000      788 0.037475
12365 69390       1000      796 0.037475
12366 81017       1000      803 0.037474
12367 83031       1000      797 0.037473
12368 78917       1000      798 0.037469
12369 80711       1000      739 0.037469
12370 81770       1000      811 0.037468
12371 78130       1000      813 0.037468
12372 74989       1000      775 0.037466
12373 70308       1000      789 0.037466
12374 67467       1000      790 0.037466
12375 71064       1000      791 0.037464
12376 88061       1000      716 0.037464
12377 69375       1000      799 0.037463
12378 83356       1000      802 0.037463
12379 80657       1000      781 0.037462
12380 69894       1000      803 0.037461
12381 67683       1000      708 0.037459
12382 89232       1000      802 0.037457
12383 69387       1000      786 0.037456
12384 80023       1000      805 0.037456
12385 84848       1000      815 0.037455
12386 77372       1000      805 0.037454
12387 87686       1000      823 0.037451
12388 70909       1000      804 0.037449
12389 78532       1000      804 0.037449
12390 76274       1000      732 0.037447
12391 79532       1000      786 0.037447
12392 74411       1000      754 0.037447
12393 79652       1000      805 0.037446
12394 74692       1000      808 0.037444
12395 82301       1000      808 0.037443
12396 76358       1000      819 0.037443
12397 88774       1000      803 0.037441
12398 79363       1000      722 0.037441
12399 75412       1000      722 0.037439
12400 73210       1000      816 0.037439
12401 69570       1000      797 0.037438
12402 71899       1000      796 0.037438
12403 70048       1000      818 0.037437
12404 76465       1000      793 0.037436
12405 81264       1000      810 0.037435
12406 88185       1000      747 0.037434
12407 87764       1000      788 0.037434
12408 88001       1000      748 0.037432
12409 82390       1000      741 0.037432
12410 65955       1000      757 0.037432
12411 83180       1000      784 0.037432
12412 66718       1000      799 0.037431
12413 85731       1000      810 0.037431
12414 85998       1000      800 0.037430
12415 83744       1000      791 0.037428
12416 80312       1000      714 0.037426
12417 78771       1000      776 0.037426
12418 81606       1000      807 0.037424
12419 84948       1000      790 0.037424
12420 82506       1000      785 0.037422
12421 73860       1000      798 0.037420
12422 75457       1000      808 0.037420
12423 71298       1000      815 0.037419
12424 78523       1000      810 0.037418
12425 73936       1000      808 0.037417
12426 78660       1000      738 0.037416
12427 80587       1000      737 0.037415
12428 79591       1000      705 0.037415
12429 82016       1000      791 0.037414
12430 79232       1000      714 0.037414
12431 67523       1000      825 0.037413
12432 86876       1000      809 0.037413
12433 73237       1000      801 0.037413
12434 80862       1000      789 0.037412
12435 84995       1000      801 0.037412
12436 74360       1000      791 0.037411
12437 85796       1000      819 0.037410
12438 67784       1000      809 0.037410
12439 77614       1000      807 0.037409
12440 69630       1000      798 0.037409
12441 78331       1000      787 0.037409
12442 82987       1000      787 0.037409
12443 69959       1000      781 0.037409
12444 78458       1000      703 0.037407
12445 82799       1000      780 0.037406
12446 79875       1000      820 0.037405
12447 75480       1000      801 0.037405
12448 70574       1000      812 0.037404
12449 72910       1000      785 0.037403
12450 72821       1000      806 0.037402
12451 76497       1000      776 0.037402
12452 77531       1000      713 0.037401
12453 84616       1000      801 0.037398
12454 79508       1000      811 0.037398
12455 73943       1000      734 0.037397
12456 73587       1000      740 0.037397
12457 67336       1000      809 0.037396
12458 85650       1000      802 0.037396
12459 68764       1000      811 0.037394
12460 82198       1000      779 0.037394
12461 87608       1000      821 0.037393
12462 74151       1000      801 0.037393
12463 67838       1000      790 0.037392
12464 66158       1000      801 0.037392
12465 79687       1000      804 0.037390
12466 76802       1000      796 0.037390
12467 72903       1000      810 0.037388
12468 89283       1000      810 0.037388
12469 78301       1000      795 0.037388
12470 69044       1000      809 0.037385
12471 77566       1000      786 0.037385
12472 71893       1000      821 0.037384
12473 82819       1000      713 0.037383
12474 78332       1000      802 0.037381
12475 75509       1000      784 0.037380
12476 80895       1000      754 0.037380
12477 74389       1000      742 0.037379
12478 67553       1000      788 0.037379
12479 85587       1000      809 0.037379
12480 84658       1000      716 0.037379
12481 77481       1000      799 0.037378
12482 78034       1000      780 0.037377
12483 73694       1000      801 0.037377
12484 68854       1000      798 0.037376
12485 70301       1000      726 0.037376
12486 83676       1000      820 0.037375
12487 85591       1000      788 0.037375
12488 69897       1000      811 0.037375
12489 82046       1000      815 0.037374
12490 70638       1000      788 0.037373
12491 84959       1000      785 0.037373
12492 84433       1000      736 0.037372
12493 79639       1000      806 0.037372
12494 81146       1000      786 0.037372
12495 68433       1000      726 0.037371
12496 71445       1000      783 0.037370
12497 86853       1000      715 0.037370
12498 73113       1000      780 0.037367
12499 70007       1000      786 0.037366
12500 70710       1000      805 0.037366
12501 80713       1000      804 0.037365
12502 83330       1000      795 0.037365
12503 79287       1000      696 0.037361
12504 71097       1000      816 0.037361
12505 81574       1000      791 0.037360
12506 76632       1000      725 0.037360
12507 82428       1000      735 0.037359
12508 85319       1000      804 0.037359
12509 70758       1000      819 0.037357
12510 72811       1000      813 0.037357
12511 66012       1000      729 0.037356
12512 71133       1000      813 0.037356
12513 78047       1000      813 0.037355
12514 71762       1000      785 0.037354
12515 66551       1000      819 0.037352
12516 77680       1000      739 0.037352
12517 76941       1000      722 0.037352
12518 67217       1000      794 0.037352
12519 70584       1000      796 0.037350
12520 72483       1000      810 0.037349
12521 70636       1000      726 0.037348
12522 67935       1000      786 0.037347
12523 74997       1000      799 0.037346
12524 79385       1000      804 0.037346
12525 80725       1000      816 0.037345
12526 84286       1000      797 0.037345
12527 85646       1000      792 0.037344
12528 88022       1000      794 0.037344
12529 79865       1000      742 0.037344
12530 68403       1000      719 0.037343
12531 67147       1000      803 0.037343
12532 79630       1000      799 0.037342
12533 76475       1000      734 0.037340
12534 66403       1000      803 0.037339
12535 67835       1000      780 0.037338
12536 78326       1000      790 0.037338
12537 82731       1000      814 0.037337
12538 72401       1000      795 0.037337
12539 86537       1000      814 0.037337
12540 88328       1000      786 0.037336
12541 83292       1000      820 0.037335
12542 69566       1000      800 0.037335
12543 85063       1000      815 0.037335
12544 80434       1000      789 0.037334
12545 68179       1000      828 0.037334
12546 81228       1000      720 0.037334
12547 72306       1000      780 0.037333
12548 75324       1000      791 0.037332
12549 83117       1000      789 0.037331
12550 71535       1000      737 0.037331
12551 82755       1000      770 0.037330
12552 83091       1000      828 0.037330
12553 68964       1000      821 0.037329
12554 69248       1000      801 0.037328
12555 72086       1000      797 0.037328
12556 85443       1000      792 0.037327
12557 84600       1000      795 0.037327
12558 73666       1000      719 0.037326
12559 67726       1000      801 0.037326
12560 70047       1000      791 0.037326
12561 84233       1000      808 0.037325
12562 73152       1000      802 0.037325
12563 69132       1000      816 0.037323
12564 68250       1000      814 0.037323
12565 70873       1000      729 0.037321
12566 84581       1000      723 0.037320
12567 70206       1000      797 0.037319
12568 70620       1000      800 0.037317
12569 80235       1000      808 0.037317
12570 68427       1000      810 0.037317
12571 85222       1000      806 0.037315
12572 86397       1000      800 0.037315
12573 85921       1000      810 0.037314
12574 69795       1000      812 0.037313
12575 87234       1000      798 0.037313
12576 67854       1000      816 0.037312
12577 81480       1000      805 0.037311
12578 72090       1000      724 0.037310
12579 81693       1000      782 0.037309
12580 81779       1000      784 0.037309
12581 81559       1000      723 0.037308
12582 75986       1000      717 0.037308
12583 73240       1000      805 0.037308
12584 80527       1000      821 0.037307
12585 85136       1000      818 0.037307
12586 75693       1000      822 0.037306
12587 81583       1000      790 0.037302
12588 83252       1000      782 0.037302
12589 82097       1000      771 0.037302
12590 77595       1000      790 0.037299
12591 83151       1000      828 0.037299
12592 84188       1000      804 0.037297
12593 75137       1000      742 0.037296
12594 68128       1000      817 0.037296
12595 85271       1000      792 0.037296
12596 78010       1000      717 0.037295
12597 66405       1000      725 0.037295
12598 74584       1000      785 0.037295
12599 71228       1000      707 0.037295
12600 82735       1000      800 0.037294
12601 75402       1000      714 0.037294
12602 75902       1000      742 0.037294
12603 68895       1000      805 0.037293
12604 81367       1000      800 0.037291
12605 70504       1000      711 0.037290
12606 69309       1000      813 0.037289
12607 70165       1000      798 0.037288
12608 67700       1000      785 0.037288
12609 77976       1000      815 0.037287
12610 70478       1000      826 0.037287
12611 87433       1000      818 0.037286
12612 78856       1000      691 0.037285
12613 66837       1000      806 0.037284
12614 87003       1000      796 0.037281
12615 76056       1000      811 0.037281
12616 84122       1000      805 0.037280
12617 67806       1000      795 0.037279
12618 85946       1000      728 0.037277
12619 77873       1000      789 0.037277
12620 85588       1000      800 0.037277
12621 66397       1000      796 0.037277
12622 86228       1000      792 0.037276
12623 86841       1000      725 0.037275
12624 67221       1000      814 0.037275
12625 69539       1000      708 0.037274
12626 70811       1000      792 0.037272
12627 85811       1000      791 0.037272
12628 67345       1000      803 0.037272
12629 87116       1000      727 0.037271
12630 74385       1000      791 0.037271
12631 77432       1000      796 0.037268
12632 73718       1000      799 0.037266
12633 67703       1000      723 0.037266
12634 79988       1000      813 0.037266
12635 85730       1000      788 0.037264
12636 86826       1000      733 0.037264
12637 77330       1000      728 0.037262
12638 78085       1000      783 0.037261
12639 71733       1000      791 0.037260
12640 66778       1000      796 0.037260
12641 69319       1000      822 0.037258
12642 80665       1000      789 0.037258
12643 65870       1000      775 0.037258
12644 65869       1000      797 0.037257
12645 75714       1000      798 0.037255
12646 77608       1000      728 0.037254
12647 73975       1000      809 0.037254
12648 76415       1000      788 0.037251
12649 80299       1000      789 0.037251
12650 76510       1000      794 0.037250
12651 77392       1000      818 0.037250
12652 83599       1000      789 0.037250
12653 69418       1000      737 0.037249
12654 68935       1000      795 0.037249
12655 67648       1000      806 0.037248
12656 73818       1000      815 0.037248
12657 77526       1000      720 0.037248
12658 85379       1000      726 0.037245
12659 71642       1000      780 0.037244
12660 70219       1000      799 0.037244
12661 67235       1000      812 0.037243
12662 67356       1000      812 0.037242
12663 77011       1000      719 0.037242
12664 80672       1000      776 0.037242
12665 79178       1000      801 0.037240
12666 84901       1000      804 0.037240
12667 79934       1000      775 0.037239
12668 81278       1000      798 0.037239
12669 88816       1000      796 0.037238
12670 70935       1000      788 0.037237
12671 66908       1000      803 0.037236
12672 68481       1000      812 0.037235
12673 73207       1000      797 0.037235
12674 86503       1000      718 0.037234
12675 66825       1000      724 0.037233
12676 84092       1000      779 0.037232
12677 72194       1000      792 0.037231
12678 69123       1000      786 0.037230
12679 84160       1000      801 0.037229
12680 81710       1000      825 0.037229
12681 78057       1000      784 0.037226
12682 83476       1000      804 0.037226
12683 88353       1000      800 0.037226
12684 69188       1000      791 0.037225
12685 88907       1000      783 0.037224
12686 85799       1000      805 0.037224
12687 77867       1000      797 0.037224
12688 88586       1000      819 0.037223
12689 79982       1000      727 0.037223
12690 85687       1000      719 0.037222
12691 76043       1000      793 0.037222
12692 70384       1000      722 0.037222
12693 69579       1000      798 0.037220
12694 87311       1000      791 0.037218
12695 67306       1000      804 0.037218
12696 88386       1000      807 0.037218
12697 70246       1000      816 0.037218
12698 73572       1000      812 0.037218
12699 66087       1000      725 0.037217
12700 75915       1000      788 0.037217
12701 72357       1000      725 0.037216
12702 71460       1000      736 0.037216
12703 70547       1000      711 0.037215
12704 75705       1000      795 0.037215
12705 82745       1000      794 0.037215
12706 71433       1000      737 0.037214
12707 72636       1000      788 0.037214
12708 87282       1000      787 0.037213
12709 67041       1000      804 0.037211
12710 71614       1000      798 0.037210
12711 78905       1000      774 0.037209
12712 84087       1000      823 0.037209
12713 69381       1000      807 0.037208
12714 72791       1000      824 0.037205
12715 78024       1000      808 0.037205
12716 77321       1000      732 0.037204
12717 80359       1000      804 0.037204
12718 76879       1000      810 0.037203
12719 85923       1000      808 0.037202
12720 68797       1000      811 0.037201
12721 76240       1000      822 0.037200
12722 76647       1000      802 0.037200
12723 81876       1000      731 0.037199
12724 83060       1000      793 0.037199
12725 69553       1000      766 0.037198
12726 72157       1000      723 0.037198
12727 77394       1000      779 0.037197
12728 77346       1000      820 0.037195
12729 70266       1000      758 0.037195
12730 76995       1000      801 0.037192
12731 80180       1000      716 0.037190
12732 77109       1000      802 0.037189
12733 80530       1000      799 0.037186
12734 76070       1000      807 0.037183
12735 81129       1000      744 0.037183
12736 76883       1000      798 0.037181
12737 69090       1000      800 0.037179
12738 71234       1000      798 0.037179
12739 80175       1000      791 0.037178
12740 71139       1000      815 0.037178
12741 82537       1000      797 0.037177
12742 85080       1000      724 0.037176
12743 81047       1000      723 0.037175
12744 77557       1000      795 0.037175
12745 76772       1000      721 0.037174
12746 71022       1000      812 0.037173
12747 81472       1000      816 0.037173
12748 82019       1000      821 0.037172
12749 68750       1000      800 0.037171
12750 82906       1000      793 0.037171
12751 77989       1000      803 0.037171
12752 74162       1000      729 0.037170
12753 68558       1000      718 0.037170
12754 67476       1000      712 0.037170
12755 87632       1000      798 0.037168
12756 87125       1000      783 0.037168
12757 82012       1000      799 0.037167
12758 67638       1000      780 0.037167
12759 75717       1000      727 0.037167
12760 74853       1000      799 0.037166
12761 80364       1000      732 0.037166
12762 86263       1000      727 0.037164
12763 84747       1000      806 0.037164
12764 80360       1000      796 0.037164
12765 87893       1000      717 0.037161
12766 67046       1000      798 0.037161
12767 73665       1000      816 0.037161
12768 69638       1000      819 0.037161
12769 73573       1000      799 0.037160
12770 81509       1000      810 0.037157
12771 71121       1000      799 0.037157
12772 82248       1000      793 0.037156
12773 66465       1000      793 0.037155
12774 66281       1000      779 0.037154
12775 83707       1000      805 0.037150
12776 81853       1000      817 0.037150
12777 87066       1000      710 0.037150
12778 75764       1000      698 0.037147
12779 66096       1000      797 0.037147
12780 80622       1000      799 0.037146
12781 76566       1000      777 0.037145
12782 74552       1000      723 0.037145
12783 75661       1000      801 0.037144
12784 88734       1000      803 0.037142
12785 72661       1000      779 0.037140
12786 89219       1000      777 0.037139
12787 88556       1000      825 0.037139
12788 81429       1000      787 0.037138
12789 81245       1000      705 0.037137
12790 71032       1000      748 0.037137
12791 69693       1000      806 0.037134
12792 76457       1000      795 0.037134
12793 67029       1000      790 0.037134
12794 81314       1000      807 0.037132
12795 85605       1000      791 0.037132
12796 72232       1000      775 0.037132
12797 71024       1000      804 0.037131
12798 69511       1000      723 0.037131
12799 72330       1000      726 0.037131
12800 70111       1000      801 0.037129
12801 70657       1000      721 0.037129
12802 71736       1000      798 0.037128
12803 81501       1000      802 0.037128
12804 86310       1000      776 0.037128
12805 80645       1000      786 0.037126
12806 85643       1000      723 0.037125
12807 72965       1000      712 0.037124
12808 83671       1000      807 0.037123
12809 65986       1000      811 0.037121
12810 84712       1000      797 0.037120
12811 75614       1000      731 0.037119
12812 67635       1000      807 0.037119
12813 83721       1000      806 0.037117
12814 80419       1000      732 0.037115
12815 70952       1000      790 0.037114
12816 84479       1000      742 0.037112
12817 72955       1000      799 0.037112
12818 86572       1000      798 0.037112
12819 81101       1000      811 0.037110
12820 79032       1000      807 0.037110
12821 75332       1000      808 0.037110
12822 74956       1000      784 0.037109
12823 75012       1000      799 0.037108
12824 77625       1000      805 0.037107
12825 78444       1000      732 0.037107
12826 67581       1000      808 0.037106
12827 79957       1000      794 0.037106
12828 83923       1000      791 0.037106
12829 79997       1000      815 0.037100
12830 88477       1000      805 0.037100
12831 66553       1000      814 0.037099
12832 73598       1000      813 0.037099
12833 66010       1000      788 0.037098
12834 74111       1000      765 0.037097
12835 68592       1000      824 0.037096
12836 79798       1000      794 0.037095
12837 75450       1000      738 0.037094
12838 73758       1000      784 0.037092
12839 70594       1000      805 0.037092
12840 84071       1000      720 0.037091
12841 76759       1000      803 0.037089
12842 87295       1000      794 0.037087
12843 85086       1000      800 0.037087
12844 87450       1000      820 0.037086
12845 88959       1000      793 0.037084
12846 72210       1000      795 0.037082
12847 88196       1000      795 0.037081
12848 66140       1000      728 0.037080
12849 77104       1000      727 0.037080
12850 72980       1000      798 0.037079
12851 67836       1000      795 0.037078
12852 87418       1000      806 0.037078
12853 79495       1000      813 0.037076
12854 67720       1000      827 0.037075
12855 77670       1000      782 0.037075
12856 84589       1000      805 0.037074
12857 74192       1000      811 0.037074
12858 68390       1000      786 0.037072
12859 68325       1000      793 0.037071
12860 88024       1000      701 0.037071
12861 77581       1000      780 0.037070
12862 70571       1000      803 0.037069
12863 73496       1000      738 0.037067
12864 78209       1000      800 0.037066
12865 70381       1000      797 0.037066
12866 65997       1000      787 0.037064
12867 86056       1000      714 0.037063
12868 81513       1000      778 0.037061
12869 87296       1000      699 0.037058
12870 70992       1000      821 0.037058
12871 69503       1000      792 0.037056
12872 66811       1000      732 0.037056
12873 67010       1000      722 0.037056
12874 77882       1000      795 0.037055
12875 81625       1000      821 0.037054
12876 84531       1000      725 0.037053
12877 72907       1000      719 0.037052
12878 72482       1000      806 0.037051
12879 71985       1000      824 0.037050
12880 84657       1000      800 0.037050
12881 67438       1000      812 0.037049
12882 86460       1000      790 0.037048
12883 74926       1000      735 0.037048
12884 71380       1000      732 0.037048
12885 71549       1000      789 0.037046
12886 81114       1000      726 0.037046
12887 86895       1000      810 0.037045
12888 79480       1000      791 0.037045
12889 87229       1000      787 0.037045
12890 87519       1000      795 0.037044
12891 86463       1000      776 0.037044
12892 86496       1000      786 0.037042
12893 82866       1000      821 0.037042
12894 72883       1000      845 0.037041
12895 88782       1000      727 0.037041
12896 69766       1000      713 0.037041
12897 76639       1000      803 0.037037
12898 71638       1000      789 0.037036
12899 78052       1000      818 0.037036
12900 67615       1000      824 0.037034
12901 76765       1000      799 0.037033
12902 72997       1000      747 0.037033
12903 79956       1000      807 0.037033
12904 73493       1000      800 0.037033
12905 80252       1000      731 0.037032
12906 74333       1000      802 0.037030
12907 66777       1000      793 0.037029
12908 67152       1000      813 0.037029
12909 70902       1000      727 0.037028
12910 68382       1000      808 0.037028
12911 84755       1000      727 0.037026
12912 77925       1000      818 0.037025
12913 79070       1000      720 0.037022
12914 75133       1000      747 0.037022
12915 70406       1000      796 0.037021
12916 84489       1000      800 0.037021
12917 70888       1000      787 0.037020
12918 81943       1000      799 0.037019
12919 65939       1000      821 0.037019
12920 67970       1000      811 0.037018
12921 73149       1000      778 0.037016
12922 72145       1000      811 0.037016
12923 87069       1000      793 0.037015
12924 73985       1000      715 0.037015
12925 74696       1000      778 0.037014
12926 89096       1000      813 0.037014
12927 82137       1000      801 0.037014
12928 68043       1000      734 0.037013
12929 72963       1000      737 0.037012
12930 67218       1000      814 0.037012
12931 68851       1000      787 0.037012
12932 85283       1000      734 0.037011
12933 71449       1000      783 0.037010
12934 76840       1000      807 0.037010
12935 82457       1000      714 0.037010
12936 83280       1000      708 0.037009
12937 81233       1000      788 0.037009
12938 87888       1000      793 0.037008
12939 86431       1000      800 0.037008
12940 79813       1000      704 0.037006
12941 73429       1000      749 0.037005
12942 67659       1000      715 0.037005
12943 83293       1000      783 0.037005
12944 71518       1000      805 0.037005
12945 70860       1000      794 0.037004
12946 70226       1000      788 0.037004
12947 77872       1000      739 0.037004
12948 67940       1000      805 0.037001
12949 76937       1000      716 0.037001
12950 74399       1000      788 0.037000
12951 76823       1000      807 0.036999
12952 89375       1000      703 0.036999
12953 84570       1000      792 0.036999
12954 77610       1000      806 0.036999
12955 69071       1000      783 0.036997
12956 82889       1000      808 0.036997
12957 66898       1000      773 0.036996
12958 69726       1000      793 0.036995
12959 77231       1000      800 0.036995
12960 70920       1000      812 0.036995
12961 74129       1000      796 0.036994
12962 77638       1000      791 0.036992
12963 78344       1000      797 0.036992
12964 74068       1000      715 0.036991
12965 75037       1000      730 0.036991
12966 72944       1000      808 0.036990
12967 81644       1000      793 0.036990
12968 74381       1000      803 0.036990
12969 75273       1000      802 0.036988
12970 89019       1000      809 0.036987
12971 73779       1000      814 0.036987
12972 75984       1000      782 0.036987
12973 83301       1000      726 0.036984
12974 74952       1000      797 0.036983
12975 68499       1000      799 0.036983
12976 88314       1000      810 0.036983
12977 70938       1000      797 0.036983
12978 80422       1000      806 0.036982
12979 79638       1000      702 0.036982
12980 76866       1000      817 0.036981
12981 78059       1000      818 0.036981
12982 77472       1000      799 0.036980
12983 84495       1000      814 0.036980
12984 86944       1000      803 0.036980
12985 88339       1000      829 0.036980
12986 70232       1000      806 0.036979
12987 80810       1000      794 0.036979
12988 70825       1000      805 0.036978
12989 86457       1000      799 0.036978
12990 82740       1000      801 0.036977
12991 71350       1000      784 0.036977
12992 76334       1000      799 0.036975
12993 85803       1000      787 0.036975
12994 71546       1000      731 0.036974
12995 80630       1000      786 0.036974
12996 79075       1000      807 0.036973
12997 75827       1000      798 0.036973
12998 77415       1000      793 0.036972
12999 75257       1000      796 0.036972
13000 86923       1000      787 0.036972
13001 83992       1000      800 0.036971
13002 82700       1000      808 0.036970
13003 76932       1000      780 0.036970
13004 83015       1000      810 0.036968
13005 80333       1000      800 0.036968
13006 69954       1000      817 0.036968
13007 87815       1000      791 0.036967
13008 72569       1000      728 0.036966
13009 70807       1000      803 0.036965
13010 79212       1000      798 0.036965
13011 83568       1000      808 0.036964
13012 67407       1000      814 0.036963
13013 76292       1000      778 0.036962
13014 85295       1000      792 0.036961
13015 82348       1000      797 0.036961
13016 88922       1000      792 0.036960
13017 68073       1000      807 0.036960
13018 88529       1000      790 0.036959
13019 74318       1000      804 0.036957
13020 72400       1000      807 0.036956
13021 88973       1000      811 0.036955
13022 72392       1000      786 0.036954
13023 67898       1000      715 0.036954
13024 72685       1000      817 0.036954
13025 70254       1000      801 0.036951
13026 70670       1000      738 0.036951
13027 87405       1000      793 0.036950
13028 69321       1000      805 0.036950
13029 77597       1000      797 0.036949
13030 87142       1000      783 0.036948
13031 72073       1000      719 0.036944
13032 83914       1000      787 0.036943
13033 85388       1000      810 0.036943
13034 88827       1000      731 0.036936
13035 71785       1000      808 0.036935
13036 66106       1000      812 0.036935
13037 68644       1000      812 0.036934
13038 65957       1000      798 0.036932
13039 66674       1000      740 0.036931
13040 85822       1000      796 0.036931
13041 88655       1000      777 0.036930
13042 77913       1000      735 0.036930
13043 86598       1000      780 0.036930
13044 75115       1000      781 0.036930
13045 71184       1000      782 0.036929
13046 76629       1000      801 0.036927
13047 67738       1000      806 0.036926
13048 66262       1000      782 0.036925
13049 89257       1000      736 0.036925
13050 73194       1000      792 0.036924
13051 78328       1000      798 0.036924
13052 71363       1000      805 0.036923
13053 66890       1000      795 0.036923
13054 80456       1000      804 0.036923
13055 87650       1000      768 0.036922
13056 68159       1000      824 0.036921
13057 66226       1000      800 0.036919
13058 80024       1000      811 0.036919
13059 87976       1000      730 0.036919
13060 78772       1000      802 0.036917
13061 69791       1000      802 0.036917
13062 73063       1000      721 0.036916
13063 72669       1000      736 0.036915
13064 82983       1000      748 0.036915
13065 79627       1000      790 0.036915
13066 79520       1000      811 0.036911
13067 69715       1000      803 0.036910
13068 88986       1000      799 0.036909
13069 81768       1000      802 0.036908
13070 77990       1000      792 0.036908
13071 73909       1000      811 0.036908
13072 88971       1000      720 0.036907
13073 86104       1000      777 0.036907
13074 66512       1000      823 0.036906
13075 76945       1000      809 0.036905
13076 83313       1000      714 0.036905
13077 81533       1000      794 0.036904
13078 74412       1000      785 0.036903
13079 82107       1000      807 0.036902
13080 86393       1000      804 0.036902
13081 73339       1000      787 0.036901
13082 84623       1000      790 0.036900
13083 86539       1000      788 0.036899
13084 79006       1000      795 0.036897
13085 83483       1000      813 0.036896
13086 87436       1000      699 0.036896
13087 72632       1000      789 0.036896
13088 79986       1000      718 0.036896
13089 66499       1000      808 0.036894
13090 71038       1000      802 0.036894
13091 87804       1000      809 0.036893
13092 76697       1000      797 0.036892
13093 72287       1000      801 0.036890
13094 80143       1000      792 0.036890
13095 86303       1000      811 0.036889
13096 78040       1000      800 0.036888
13097 81825       1000      718 0.036887
13098 83424       1000      718 0.036886
13099 74325       1000      803 0.036885
13100 74828       1000      819 0.036885
13101 82443       1000      817 0.036884
13102 86296       1000      804 0.036883
13103 75673       1000      723 0.036883
13104 86843       1000      797 0.036882
13105 77354       1000      786 0.036882
13106 86137       1000      715 0.036882
13107 68878       1000      792 0.036880
13108 74966       1000      723 0.036879
13109 82210       1000      805 0.036878
13110 82178       1000      811 0.036876
13111 73173       1000      715 0.036876
13112 70140       1000      804 0.036875
13113 82286       1000      798 0.036874
13114 74324       1000      801 0.036874
13115 86242       1000      737 0.036874
13116 78470       1000      777 0.036873
13117 69618       1000      810 0.036873
13118 87472       1000      739 0.036872
13119 81821       1000      816 0.036872
13120 66784       1000      806 0.036871
13121 80632       1000      790 0.036869
13122 85282       1000      786 0.036869
13123 84785       1000      737 0.036868
13124 75425       1000      804 0.036867
13125 77979       1000      793 0.036866
13126 87291       1000      814 0.036865
13127 81659       1000      791 0.036865
13128 72332       1000      789 0.036865
13129 73935       1000      716 0.036865
13130 82750       1000      788 0.036864
13131 77998       1000      820 0.036864
13132 69809       1000      720 0.036863
13133 74567       1000      810 0.036863
13134 78871       1000      787 0.036862
13135 84345       1000      801 0.036862
13136 74390       1000      818 0.036862
13137 85931       1000      802 0.036861
13138 72123       1000      803 0.036860
13139 66916       1000      803 0.036856
13140 82840       1000      759 0.036854
13141 84672       1000      796 0.036854
13142 74654       1000      794 0.036853
13143 86443       1000      701 0.036852
13144 71751       1000      818 0.036851
13145 80981       1000      779 0.036851
13146 83570       1000      796 0.036851
13147 80966       1000      801 0.036851
13148 72476       1000      807 0.036850
13149 83642       1000      804 0.036849
13150 67034       1000      820 0.036847
13151 81127       1000      798 0.036845
13152 70107       1000      817 0.036845
13153 68653       1000      780 0.036843
13154 68811       1000      786 0.036842
13155 72448       1000      810 0.036841
13156 71989       1000      790 0.036840
13157 73735       1000      809 0.036840
13158 65848       1000      703 0.036839
13159 77687       1000      742 0.036837
13160 71061       1000      811 0.036837
13161 84989       1000      783 0.036837
13162 82283       1000      828 0.036836
13163 69670       1000      803 0.036836
13164 70913       1000      797 0.036835
13165 68379       1000      806 0.036834
13166 67447       1000      788 0.036833
13167 73998       1000      794 0.036831
13168 72676       1000      751 0.036830
13169 66440       1000      807 0.036829
13170 80840       1000      799 0.036828
13171 74180       1000      810 0.036827
13172 78709       1000      779 0.036826
13173 67671       1000      821 0.036825
13174 85377       1000      781 0.036825
13175 73988       1000      757 0.036825
13176 87360       1000      787 0.036825
13177 83580       1000      710 0.036824
13178 77768       1000      776 0.036824
13179 79727       1000      802 0.036823
13180 88317       1000      812 0.036823
13181 85208       1000      780 0.036823
13182 66489       1000      801 0.036823
13183 88195       1000      798 0.036823
13184 84966       1000      809 0.036821
13185 66826       1000      792 0.036821
13186 68083       1000      798 0.036820
13187 86412       1000      806 0.036819
13188 69974       1000      806 0.036816
13189 83527       1000      792 0.036814
13190 78878       1000      814 0.036814
13191 83816       1000      808 0.036814
13192 84737       1000      803 0.036813
13193 68555       1000      779 0.036813
13194 89054       1000      806 0.036811
13195 72388       1000      811 0.036810
13196 85963       1000      799 0.036810
13197 83258       1000      724 0.036809
13198 84539       1000      803 0.036807
13199 87050       1000      798 0.036807
13200 71106       1000      734 0.036807
13201 69887       1000      798 0.036805
13202 89032       1000      786 0.036803
13203 73891       1000      784 0.036803
13204 86900       1000      823 0.036803
13205 87471       1000      712 0.036802
13206 73410       1000      811 0.036802
13207 74776       1000      708 0.036802
13208 87610       1000      800 0.036802
13209 69597       1000      816 0.036801
13210 78465       1000      766 0.036801
13211 73286       1000      798 0.036800
13212 81247       1000      810 0.036800
13213 86283       1000      704 0.036799
13214 70273       1000      808 0.036799
13215 68874       1000      720 0.036798
13216 71597       1000      790 0.036797
13217 86528       1000      792 0.036795
13218 79325       1000      784 0.036793
13219 84825       1000      812 0.036793
13220 76664       1000      721 0.036792
13221 80681       1000      808 0.036792
13222 87198       1000      826 0.036789
13223 65906       1000      800 0.036789
13224 76326       1000      798 0.036788
13225 82277       1000      784 0.036788
13226 68784       1000      725 0.036787
13227 75391       1000      794 0.036787
13228 87949       1000      790 0.036786
13229 82480       1000      808 0.036785
13230 86865       1000      818 0.036785
13231 87244       1000      806 0.036785
13232 68077       1000      799 0.036785
13233 69209       1000      809 0.036784
13234 67999       1000      743 0.036784
13235 86752       1000      798 0.036784
13236 67492       1000      782 0.036783
13237 82875       1000      742 0.036783
13238 70794       1000      738 0.036783
13239 73396       1000      803 0.036781
13240 88147       1000      796 0.036780
13241 78885       1000      731 0.036779
13242 72354       1000      796 0.036776
13243 82524       1000      798 0.036775
13244 80221       1000      812 0.036775
13245 87375       1000      714 0.036772
13246 71884       1000      787 0.036772
13247 87361       1000      799 0.036771
13248 83123       1000      810 0.036771
13249 86795       1000      787 0.036770
13250 71342       1000      726 0.036770
13251 81256       1000      802 0.036769
13252 69453       1000      798 0.036769
13253 88102       1000      795 0.036767
13254 86261       1000      811 0.036766
13255 68881       1000      790 0.036765
13256 76394       1000      798 0.036765
13257 88692       1000      801 0.036764
13258 75772       1000      790 0.036764
13259 75335       1000      814 0.036764
13260 75170       1000      799 0.036760
13261 69241       1000      742 0.036760
13262 70407       1000      787 0.036760
13263 84553       1000      802 0.036759
13264 87802       1000      796 0.036759
13265 70898       1000      811 0.036755
13266 75125       1000      791 0.036755
13267 85928       1000      828 0.036754
13268 82918       1000      794 0.036753
13269 72682       1000      785 0.036753
13270 83324       1000      792 0.036752
13271 89262       1000      811 0.036752
13272 85317       1000      725 0.036751
13273 87310       1000      784 0.036750
13274 84797       1000      721 0.036748
13275 80210       1000      788 0.036748
13276 66895       1000      794 0.036748
13277 87784       1000      792 0.036747
13278 76405       1000      802 0.036746
13279 80440       1000      800 0.036740
13280 87307       1000      815 0.036740
13281 74801       1000      810 0.036740
13282 69147       1000      816 0.036740
13283 86236       1000      792 0.036739
13284 80292       1000      810 0.036738
13285 88398       1000      794 0.036738
13286 84483       1000      812 0.036738
13287 88889       1000      807 0.036737
13288 80854       1000      793 0.036735
13289 71809       1000      799 0.036733
13290 83096       1000      784 0.036732
13291 75045       1000      792 0.036732
13292 83380       1000      811 0.036731
13293 72309       1000      791 0.036731
13294 66205       1000      802 0.036730
13295 71257       1000      802 0.036729
13296 85573       1000      795 0.036729
13297 77982       1000      728 0.036728
13298 83448       1000      821 0.036727
13299 78650       1000      707 0.036726
13300 72812       1000      806 0.036725
13301 69300       1000      824 0.036725
13302 84771       1000      792 0.036724
13303 71502       1000      752 0.036723
13304 85763       1000      701 0.036722
13305 74053       1000      708 0.036721
13306 79828       1000      766 0.036721
13307 76142       1000      807 0.036719
13308 80794       1000      801 0.036718
13309 87011       1000      788 0.036717
13310 83405       1000      717 0.036717
13311 71463       1000      705 0.036717
13312 86844       1000      784 0.036716
13313 79946       1000      805 0.036715
13314 88334       1000      777 0.036713
13315 76926       1000      816 0.036712
13316 70467       1000      802 0.036712
13317 76931       1000      811 0.036712
13318 66196       1000      796 0.036711
13319 79657       1000      702 0.036711
13320 85451       1000      731 0.036710
13321 80655       1000      829 0.036710
13322 83316       1000      716 0.036709
13323 75478       1000      810 0.036706
13324 77172       1000      822 0.036706
13325 86650       1000      728 0.036705
13326 85201       1000      806 0.036705
13327 78902       1000      819 0.036704
13328 87639       1000      694 0.036704
13329 78786       1000      781 0.036702
13330 77787       1000      806 0.036702
13331 83134       1000      800 0.036700
13332 85945       1000      813 0.036699
13333 67065       1000      800 0.036699
13334 78514       1000      785 0.036699
13335 70585       1000      808 0.036698
13336 73761       1000      797 0.036697
13337 85004       1000      790 0.036697
13338 74580       1000      712 0.036696
13339 69884       1000      797 0.036695
13340 79297       1000      790 0.036694
13341 68827       1000      789 0.036693
13342 69666       1000      798 0.036693
13343 86326       1000      788 0.036693
13344 81337       1000      777 0.036693
13345 87929       1000      798 0.036691
13346 72845       1000      804 0.036691
13347 75541       1000      811 0.036689
13348 87967       1000      792 0.036688
13349 80971       1000      803 0.036687
13350 73150       1000      809 0.036687
13351 86789       1000      796 0.036686
13352 83542       1000      691 0.036686
13353 68184       1000      794 0.036685
13354 82004       1000      796 0.036684
13355 88175       1000      736 0.036683
13356 71971       1000      802 0.036682
13357 76838       1000      729 0.036682
13358 81294       1000      804 0.036681
13359 77552       1000      800 0.036681
13360 69862       1000      773 0.036679
13361 81176       1000      791 0.036678
13362 87991       1000      723 0.036678
13363 66640       1000      790 0.036677
13364 67519       1000      777 0.036676
13365 85262       1000      802 0.036675
13366 88490       1000      799 0.036674
13367 76078       1000      792 0.036674
13368 73922       1000      691 0.036671
13369 76998       1000      816 0.036671
13370 84999       1000      799 0.036671
13371 76484       1000      806 0.036671
13372 71964       1000      814 0.036671
13373 78413       1000      784 0.036670
13374 75275       1000      811 0.036668
13375 78912       1000      805 0.036668
13376 81474       1000      790 0.036667
13377 88906       1000      739 0.036667
13378 70621       1000      822 0.036667
13379 75232       1000      783 0.036666
13380 68993       1000      786 0.036666
13381 82617       1000      787 0.036663
13382 84144       1000      685 0.036663
13383 76795       1000      793 0.036663
13384 88833       1000      796 0.036662
13385 80266       1000      737 0.036662
13386 71640       1000      805 0.036661
13387 89080       1000      739 0.036661
13388 66445       1000      802 0.036661
13389 73432       1000      803 0.036661
13390 70897       1000      815 0.036661
13391 85703       1000      799 0.036660
13392 70988       1000      728 0.036658
13393 70784       1000      736 0.036658
13394 69748       1000      788 0.036658
13395 70052       1000      793 0.036657
13396 80090       1000      776 0.036657
13397 71336       1000      792 0.036655
13398 79027       1000      792 0.036654
13399 76191       1000      727 0.036654
13400 67361       1000      788 0.036654
13401 86802       1000      799 0.036654
13402 88433       1000      716 0.036652
13403 86307       1000      787 0.036651
13404 69082       1000      777 0.036651
13405 76105       1000      723 0.036650
13406 71172       1000      796 0.036646
13407 88848       1000      811 0.036644
13408 69925       1000      800 0.036643
13409 82409       1000      816 0.036642
13410 75816       1000      725 0.036642
13411 83924       1000      821 0.036641
13412 66114       1000      789 0.036641
13413 82681       1000      725 0.036639
13414 82226       1000      810 0.036637
13415 85302       1000      790 0.036635
13416 78508       1000      821 0.036635
13417 78422       1000      725 0.036634
13418 80817       1000      813 0.036633
13419 72335       1000      790 0.036633
13420 71887       1000      793 0.036632
13421 78201       1000      818 0.036630
13422 79756       1000      803 0.036629
13423 76256       1000      800 0.036629
13424 81564       1000      813 0.036628
13425 83417       1000      711 0.036625
13426 76050       1000      709 0.036623
13427 85361       1000      789 0.036622
13428 81008       1000      806 0.036621
13429 83409       1000      798 0.036621
13430 76352       1000      785 0.036620
13431 85816       1000      783 0.036619
13432 70437       1000      789 0.036618
13433 74751       1000      793 0.036617
13434 68650       1000      814 0.036617
13435 76138       1000      810 0.036616
13436 87072       1000      816 0.036615
13437 75279       1000      691 0.036614
13438 75032       1000      773 0.036613
13439 75421       1000      793 0.036611
13440 76858       1000      747 0.036608
13441 72940       1000      810 0.036607
13442 70684       1000      800 0.036607
13443 82602       1000      718 0.036607
13444 79608       1000      799 0.036605
13445 76582       1000      729 0.036604
13446 77013       1000      797 0.036604
13447 68783       1000      793 0.036602
13448 75343       1000      810 0.036602
13449 69230       1000      814 0.036601
13450 84753       1000      815 0.036601
13451 79517       1000      793 0.036601
13452 78848       1000      793 0.036601
13453 71446       1000      796 0.036601
13454 77042       1000      793 0.036599
13455 67358       1000      815 0.036598
13456 71332       1000      777 0.036598
13457 83973       1000      791 0.036598
13458 72088       1000      789 0.036598
13459 69665       1000      790 0.036598
13460 83170       1000      804 0.036597
13461 75090       1000      781 0.036597
13462 76217       1000      741 0.036596
13463 70529       1000      779 0.036593
13464 76501       1000      793 0.036591
13465 79280       1000      799 0.036591
13466 76677       1000      721 0.036590
13467 75606       1000      722 0.036589
13468 70003       1000      746 0.036589
13469 82684       1000      812 0.036587
13470 85225       1000      781 0.036586
13471 70666       1000      819 0.036583
13472 82246       1000      791 0.036582
13473 81386       1000      807 0.036579
13474 82960       1000      796 0.036578
13475 74750       1000      778 0.036577
13476 73267       1000      804 0.036576
13477 79371       1000      796 0.036575
13478 83120       1000      720 0.036573
13479 74711       1000      793 0.036573
13480 84465       1000      786 0.036573
13481 80325       1000      789 0.036571
13482 75303       1000      750 0.036570
13483 68489       1000      728 0.036569
13484 76144       1000      801 0.036569
13485 78044       1000      793 0.036569
13486 79823       1000      745 0.036568
13487 82253       1000      792 0.036568
13488 75289       1000      797 0.036567
13489 69734       1000      806 0.036567
13490 73621       1000      780 0.036567
13491 79301       1000      789 0.036567
13492 85788       1000      801 0.036565
13493 68479       1000      771 0.036564
13494 76260       1000      704 0.036564
13495 68256       1000      806 0.036563
13496 79034       1000      694 0.036563
13497 69023       1000      798 0.036563
13498 73698       1000      811 0.036561
13499 66166       1000      799 0.036560
13500 87018       1000      723 0.036558
13501 85029       1000      801 0.036558
13502 73794       1000      708 0.036557
13503 77121       1000      783 0.036555
13504 68453       1000      787 0.036555
13505 74594       1000      794 0.036553
13506 77113       1000      791 0.036552
13507 75194       1000      730 0.036551
13508 65834       1000      705 0.036549
13509 75285       1000      776 0.036549
13510 77740       1000      794 0.036548
13511 77832       1000      788 0.036547
13512 74052       1000      797 0.036547
13513 70847       1000      796 0.036547
13514 84311       1000      795 0.036546
13515 80814       1000      779 0.036545
13516 79774       1000      738 0.036542
13517 66919       1000      793 0.036542
13518 69175       1000      773 0.036538
13519 83999       1000      813 0.036538
13520 79910       1000      790 0.036538
13521 73391       1000      786 0.036536
13522 75078       1000      806 0.036535
13523 82092       1000      722 0.036534
13524 67359       1000      729 0.036534
13525 66188       1000      795 0.036531
13526 86651       1000      792 0.036530
13527 82967       1000      781 0.036529
13528 67387       1000      698 0.036529
13529 67184       1000      810 0.036528
13530 88460       1000      797 0.036527
13531 69991       1000      823 0.036527
13532 66875       1000      731 0.036527
13533 73905       1000      812 0.036526
13534 82353       1000      792 0.036524
13535 78629       1000      707 0.036523
13536 67260       1000      775 0.036523
13537 76754       1000      809 0.036522
13538 73371       1000      775 0.036521
13539 75859       1000      805 0.036521
13540 81350       1000      802 0.036521
13541 67186       1000      722 0.036521
13542 77059       1000      710 0.036520
13543 82938       1000      815 0.036519
13544 85708       1000      790 0.036518
13545 86761       1000      793 0.036517
13546 85707       1000      786 0.036517
13547 69448       1000      722 0.036516
13548 79106       1000      808 0.036516
13549 75954       1000      798 0.036515
13550 76787       1000      793 0.036515
13551 83235       1000      707 0.036515
13552 66307       1000      793 0.036514
13553 66886       1000      798 0.036514
13554 79073       1000      797 0.036512
13555 78735       1000      793 0.036512
13556 71339       1000      720 0.036512
13557 87342       1000      788 0.036511
13558 76366       1000      788 0.036510
13559 84887       1000      734 0.036510
13560 67869       1000      793 0.036508
13561 82531       1000      788 0.036508
13562 80919       1000      795 0.036508
13563 72621       1000      824 0.036507
13564 79193       1000      801 0.036506
13565 82026       1000      716 0.036506
13566 66049       1000      720 0.036506
13567 81217       1000      794 0.036503
13568 65980       1000      726 0.036503
13569 71583       1000      820 0.036503
13570 84521       1000      818 0.036503
13571 72932       1000      787 0.036501
13572 79685       1000      798 0.036498
13573 78678       1000      804 0.036498
13574 69996       1000      795 0.036497
13575 78411       1000      781 0.036496
13576 78618       1000      707 0.036495
13577 76583       1000      820 0.036495
13578 75815       1000      796 0.036493
13579 85000       1000      794 0.036493
13580 72623       1000      800 0.036491
13581 66475       1000      798 0.036489
13582 67874       1000      786 0.036489
13583 69286       1000      792 0.036488
13584 86385       1000      805 0.036486
13585 69416       1000      799 0.036485
13586 71615       1000      789 0.036483
13587 69370       1000      816 0.036483
13588 83660       1000      781 0.036482
13589 75711       1000      721 0.036482
13590 79061       1000      788 0.036481
13591 71416       1000      784 0.036480
13592 70280       1000      792 0.036480
13593 66401       1000      810 0.036480
13594 79975       1000      792 0.036480
13595 82185       1000      800 0.036478
13596 76445       1000      817 0.036478
13597 84864       1000      793 0.036478
13598 78976       1000      803 0.036472
13599 79653       1000      812 0.036472
13600 68600       1000      727 0.036470
13601 77314       1000      786 0.036469
13602 89196       1000      810 0.036468
13603 87566       1000      810 0.036468
13604 77485       1000      784 0.036467
13605 80399       1000      713 0.036467
13606 83759       1000      737 0.036465
13607 81343       1000      745 0.036465
13608 66655       1000      776 0.036465
13609 72606       1000      780 0.036463
13610 79839       1000      784 0.036462
13611 82505       1000      716 0.036461
13612 86977       1000      708 0.036461
13613 87309       1000      810 0.036460
13614 67125       1000      705 0.036460
13615 85823       1000      737 0.036459
13616 88120       1000      800 0.036458
13617 80943       1000      781 0.036458
13618 73554       1000      819 0.036457
13619 70356       1000      727 0.036455
13620 69593       1000      782 0.036455
13621 87923       1000      818 0.036455
13622 75222       1000      735 0.036454
13623 83515       1000      790 0.036453
13624 82583       1000      803 0.036453
13625 75741       1000      704 0.036453
13626 73033       1000      734 0.036452
13627 86210       1000      782 0.036452
13628 88579       1000      798 0.036452
13629 76403       1000      796 0.036447
13630 73728       1000      814 0.036447
13631 86698       1000      777 0.036446
13632 74992       1000      796 0.036446
13633 78412       1000      820 0.036445
13634 85608       1000      717 0.036445
13635 79866       1000      832 0.036445
13636 74460       1000      732 0.036444
13637 73019       1000      743 0.036441
13638 74515       1000      800 0.036441
13639 78027       1000      780 0.036440
13640 87529       1000      797 0.036440
13641 68465       1000      792 0.036440
13642 88799       1000      786 0.036437
13643 81615       1000      796 0.036436
13644 74495       1000      726 0.036436
13645 87971       1000      804 0.036436
13646 69397       1000      803 0.036435
13647 74383       1000      804 0.036434
13648 79152       1000      722 0.036433
13649 69498       1000      798 0.036433
13650 80635       1000      791 0.036432
13651 69599       1000      812 0.036432
13652 84175       1000      790 0.036431
13653 85969       1000      792 0.036430
13654 76915       1000      769 0.036430
13655 89347       1000      777 0.036426
13656 88231       1000      814 0.036425
13657 80585       1000      803 0.036425
13658 81669       1000      795 0.036423
13659 88095       1000      723 0.036422
13660 82105       1000      807 0.036422
13661 87074       1000      813 0.036421
13662 85168       1000      733 0.036421
13663 86847       1000      781 0.036418
13664 79933       1000      706 0.036418
13665 74546       1000      807 0.036417
13666 66131       1000      737 0.036417
13667 87199       1000      790 0.036416
13668 83606       1000      786 0.036416
13669 71016       1000      806 0.036414
13670 68183       1000      811 0.036414
13671 70410       1000      785 0.036411
13672 85702       1000      790 0.036411
13673 66981       1000      793 0.036411
13674 74099       1000      790 0.036410
13675 88518       1000      778 0.036410
13676 73657       1000      789 0.036406
13677 82654       1000      796 0.036406
13678 78926       1000      715 0.036402
13679 79370       1000      793 0.036402
13680 88269       1000      802 0.036401
13681 85342       1000      797 0.036401
13682 75567       1000      778 0.036400
13683 82440       1000      715 0.036399
13684 81448       1000      785 0.036398
13685 70785       1000      755 0.036397
13686 78004       1000      811 0.036397
13687 71775       1000      819 0.036397
13688 82020       1000      784 0.036397
13689 80600       1000      783 0.036396
13690 68370       1000      790 0.036395
13691 86577       1000      704 0.036393
13692 70461       1000      740 0.036392
13693 81527       1000      785 0.036391
13694 69652       1000      787 0.036391
13695 67054       1000      729 0.036391
13696 70193       1000      794 0.036391
13697 83618       1000      805 0.036390
13698 70871       1000      797 0.036389
13699 74118       1000      811 0.036388
13700 78717       1000      721 0.036385
13701 69446       1000      711 0.036384
13702 69283       1000      736 0.036382
13703 68368       1000      785 0.036380
13704 80540       1000      801 0.036380
13705 79937       1000      753 0.036379
13706 70039       1000      803 0.036378
13707 66972       1000      789 0.036376
13708 80759       1000      803 0.036375
13709 79843       1000      813 0.036373
13710 77200       1000      795 0.036372
13711 84199       1000      729 0.036372
13712 66868       1000      791 0.036371
13713 76981       1000      821 0.036370
13714 70338       1000      804 0.036370
13715 84913       1000      797 0.036370
13716 78329       1000      789 0.036369
13717 66197       1000      803 0.036369
13718 77364       1000      822 0.036366
13719 79146       1000      719 0.036364
13720 66947       1000      795 0.036364
13721 83067       1000      776 0.036364
13722 79530       1000      803 0.036363
13723 84724       1000      818 0.036363
13724 81827       1000      810 0.036362
13725 77725       1000      817 0.036359
13726 75065       1000      790 0.036358
13727 75701       1000      801 0.036358
13728 66931       1000      811 0.036357
13729 84107       1000      789 0.036356
13730 85964       1000      810 0.036355
13731 69779       1000      784 0.036355
13732 70419       1000      804 0.036354
13733 77336       1000      806 0.036351
13734 80805       1000      801 0.036350
13735 69785       1000      729 0.036350
13736 72587       1000      785 0.036350
13737 85110       1000      727 0.036349
13738 85812       1000      784 0.036347
13739 69546       1000      792 0.036347
13740 78506       1000      724 0.036347
13741 78115       1000      807 0.036345
13742 83781       1000      792 0.036345
13743 89063       1000      790 0.036344
13744 70325       1000      816 0.036342
13745 86836       1000      807 0.036342
13746 71001       1000      797 0.036342
13747 69907       1000      825 0.036340
13748 81208       1000      732 0.036339
13749 84305       1000      794 0.036339
13750 69649       1000      741 0.036338
13751 77439       1000      787 0.036334
13752 86153       1000      803 0.036334
13753 86756       1000      785 0.036334
13754 83192       1000      808 0.036332
13755 75105       1000      787 0.036331
13756 85636       1000      790 0.036330
13757 77723       1000      809 0.036328
13758 67084       1000      785 0.036327
13759 86884       1000      735 0.036325
13760 74761       1000      810 0.036325
13761 75479       1000      787 0.036324
13762 75323       1000      715 0.036324
13763 75060       1000      796 0.036322
13764 71503       1000      798 0.036321
13765 73870       1000      733 0.036321
13766 69957       1000      797 0.036320
13767 67055       1000      821 0.036319
13768 73840       1000      818 0.036319
13769 68582       1000      803 0.036318
13770 69563       1000      725 0.036318
13771 87358       1000      705 0.036317
13772 73354       1000      793 0.036317
13773 81292       1000      794 0.036316
13774 80354       1000      714 0.036316
13775 77718       1000      790 0.036316
13776 71613       1000      795 0.036315
13777 68342       1000      790 0.036314
13778 67860       1000      803 0.036314
13779 86083       1000      712 0.036314
13780 66764       1000      717 0.036314
13781 76093       1000      771 0.036312
13782 76086       1000      720 0.036312
13783 72744       1000      778 0.036310
13784 77803       1000      794 0.036310
13785 66806       1000      805 0.036308
13786 74337       1000      725 0.036307
13787 76409       1000      805 0.036306
13788 80358       1000      805 0.036305
13789 83236       1000      714 0.036305
13790 88569       1000      818 0.036304
13791 73752       1000      796 0.036304
13792 80832       1000      793 0.036304
13793 78443       1000      821 0.036303
13794 89186       1000      734 0.036301
13795 87983       1000      800 0.036300
13796 86243       1000      782 0.036300
13797 76535       1000      803 0.036300
13798 68009       1000      752 0.036299
13799 84412       1000      780 0.036297
13800 89297       1000      736 0.036296
13801 86156       1000      796 0.036296
13802 87978       1000      783 0.036295
13803 84130       1000      733 0.036294
13804 77785       1000      811 0.036294
13805 72478       1000      784 0.036294
13806 80400       1000      789 0.036293
13807 71514       1000      798 0.036293
13808 73799       1000      720 0.036292
13809 78113       1000      781 0.036291
13810 88492       1000      714 0.036290
13811 87037       1000      791 0.036290
13812 72859       1000      807 0.036289
13813 82621       1000      801 0.036289
13814 81461       1000      817 0.036289
13815 66395       1000      801 0.036287
13816 75129       1000      788 0.036286
13817 68718       1000      805 0.036285
13818 74726       1000      805 0.036285
13819 68680       1000      725 0.036284
13820 79056       1000      686 0.036282
13821 79254       1000      799 0.036281
13822 83869       1000      725 0.036281
13823 72828       1000      787 0.036281
13824 69878       1000      793 0.036280
13825 89228       1000      794 0.036279
13826 86734       1000      811 0.036277
13827 67932       1000      818 0.036276
13828 79251       1000      802 0.036276
13829 82465       1000      788 0.036275
13830 88926       1000      800 0.036273
13831 81857       1000      828 0.036273
13832 71034       1000      774 0.036273
13833 73769       1000      779 0.036270
13834 80879       1000      788 0.036269
13835 75678       1000      804 0.036269
13836 74709       1000      814 0.036268
13837 85102       1000      806 0.036268
13838 78205       1000      813 0.036268
13839 67005       1000      781 0.036267
13840 75793       1000      718 0.036267
13841 84220       1000      791 0.036267
13842 70446       1000      729 0.036267
13843 80203       1000      813 0.036266
13844 88016       1000      814 0.036266
13845 83284       1000      809 0.036266
13846 85839       1000      804 0.036265
13847 67797       1000      723 0.036265
13848 85947       1000      796 0.036265
13849 76067       1000      807 0.036265
13850 74534       1000      786 0.036263
13851 86199       1000      724 0.036263
13852 81682       1000      713 0.036262
13853 84633       1000      810 0.036262
13854 78968       1000      795 0.036261
13855 84215       1000      802 0.036260
13856 68452       1000      835 0.036259
13857 85551       1000      812 0.036259
13858 79102       1000      794 0.036258
13859 84586       1000      807 0.036258
13860 71727       1000      798 0.036258
13861 66409       1000      795 0.036257
13862 85664       1000      790 0.036256
13863 68788       1000      791 0.036255
13864 69118       1000      810 0.036255
13865 73175       1000      792 0.036254
13866 85408       1000      700 0.036253
13867 80249       1000      816 0.036253
13868 84631       1000      789 0.036253
13869 84758       1000      811 0.036253
13870 72134       1000      810 0.036252
13871 71197       1000      809 0.036251
13872 83750       1000      817 0.036251
13873 77358       1000      801 0.036250
13874 79621       1000      815 0.036250
13875 74211       1000      815 0.036249
13876 74037       1000      795 0.036247
13877 65886       1000      781 0.036246
13878 78316       1000      727 0.036244
13879 77246       1000      804 0.036242
13880 75599       1000      717 0.036240
13881 67733       1000      808 0.036240
13882 66884       1000      785 0.036239
13883 69159       1000      784 0.036239
13884 78705       1000      804 0.036238
13885 86373       1000      807 0.036235
13886 75003       1000      698 0.036234
13887 80231       1000      786 0.036234
13888 80569       1000      819 0.036232
13889 69765       1000      807 0.036232
13890 78843       1000      820 0.036231
13891 75404       1000      709 0.036231
13892 71912       1000      825 0.036231
13893 85215       1000      731 0.036230
13894 77077       1000      798 0.036230
13895 83191       1000      719 0.036229
13896 69604       1000      818 0.036228
13897 89100       1000      805 0.036228
13898 68473       1000      837 0.036226
13899 67681       1000      791 0.036226
13900 77865       1000      780 0.036224
13901 71802       1000      723 0.036224
13902 81388       1000      803 0.036223
13903 71318       1000      799 0.036219
13904 73132       1000      814 0.036216
13905 84294       1000      722 0.036215
13906 66263       1000      718 0.036214
13907 65964       1000      792 0.036214
13908 75040       1000      799 0.036213
13909 69816       1000      700 0.036210
13910 84725       1000      812 0.036209
13911 74380       1000      803 0.036208
13912 68062       1000      784 0.036206
13913 87306       1000      728 0.036205
13914 83504       1000      719 0.036204
13915 74809       1000      792 0.036203
13916 85909       1000      794 0.036203
13917 84891       1000      783 0.036202
13918 76104       1000      828 0.036202
13919 83489       1000      803 0.036200
13920 70863       1000      812 0.036200
13921 81791       1000      772 0.036199
13922 71601       1000      792 0.036198
13923 72470       1000      809 0.036197
13924 70253       1000      809 0.036196
13925 80021       1000      798 0.036195
13926 81787       1000      791 0.036194
13927 77417       1000      795 0.036194
13928 69240       1000      804 0.036194
13929 77857       1000      809 0.036194
13930 82360       1000      809 0.036193
13931 66322       1000      805 0.036193
13932 83328       1000      794 0.036192
13933 81279       1000      812 0.036192
13934 88887       1000      807 0.036192
13935 72736       1000      803 0.036191
13936 79762       1000      798 0.036190
13937 87765       1000      779 0.036189
13938 66587       1000      796 0.036188
13939 67317       1000      779 0.036188
13940 79292       1000      809 0.036188
13941 69992       1000      801 0.036186
13942 71481       1000      721 0.036186
13943 86123       1000      731 0.036186
13944 72077       1000      792 0.036186
13945 87953       1000      799 0.036186
13946 82818       1000      756 0.036185
13947 87637       1000      786 0.036184
13948 75209       1000      792 0.036183
13949 69901       1000      798 0.036183
13950 70513       1000      792 0.036183
13951 66022       1000      796 0.036182
13952 83043       1000      808 0.036180
13953 86245       1000      795 0.036180
13954 76728       1000      810 0.036179
13955 82446       1000      823 0.036179
13956 85740       1000      766 0.036179
13957 73538       1000      804 0.036178
13958 80516       1000      800 0.036178
13959 84295       1000      730 0.036177
13960 66421       1000      796 0.036175
13961 70113       1000      815 0.036175
13962 68309       1000      775 0.036174
13963 67292       1000      791 0.036174
13964 88138       1000      802 0.036173
13965 82501       1000      789 0.036173
13966 79424       1000      828 0.036173
13967 85779       1000      722 0.036170
13968 86685       1000      802 0.036169
13969 72296       1000      799 0.036169
13970 87325       1000      787 0.036169
13971 85299       1000      707 0.036168
13972 81984       1000      790 0.036167
13973 71420       1000      820 0.036166
13974 84761       1000      724 0.036166
13975 67419       1000      811 0.036165
13976 69216       1000      740 0.036165
13977 81805       1000      788 0.036164
13978 78513       1000      787 0.036162
13979 74544       1000      722 0.036161
13980 79830       1000      807 0.036160
13981 75983       1000      796 0.036158
13982 85995       1000      806 0.036157
13983 66296       1000      798 0.036156
13984 67006       1000      819 0.036156
13985 72435       1000      807 0.036155
13986 81049       1000      800 0.036154
13987 77051       1000      714 0.036154
13988 83466       1000      791 0.036154
13989 80987       1000      820 0.036153
13990 66739       1000      709 0.036151
13991 74815       1000      793 0.036151
13992 77637       1000      834 0.036150
13993 87702       1000      785 0.036148
13994 80326       1000      728 0.036148
13995 81162       1000      817 0.036148
13996 69774       1000      717 0.036147
13997 85720       1000      734 0.036147
13998 80536       1000      801 0.036147
13999 71500       1000      706 0.036146
14000 72016       1000      810 0.036145
14001 83912       1000      780 0.036145
14002 80904       1000      780 0.036143
14003 80835       1000      790 0.036143
14004 82970       1000      790 0.036142
14005 75807       1000      818 0.036142
14006 80061       1000      777 0.036141
14007 78496       1000      790 0.036141
14008 83172       1000      802 0.036140
14009 81828       1000      779 0.036140
14010 76395       1000      781 0.036140
14011 67023       1000      813 0.036139
14012 72625       1000      785 0.036139
14013 66030       1000      719 0.036138
14014 80311       1000      777 0.036137
14015 69892       1000      788 0.036135
14016 78877       1000      804 0.036135
14017 73612       1000      796 0.036135
14018 70503       1000      741 0.036133
14019 79098       1000      798 0.036133
14020 66460       1000      734 0.036131
14021 70607       1000      791 0.036130
14022 76390       1000      810 0.036130
14023 77387       1000      788 0.036128
14024 86733       1000      816 0.036128
14025 88264       1000      773 0.036128
14026 68577       1000      723 0.036128
14027 77930       1000      729 0.036124
14028 74332       1000      743 0.036123
14029 80130       1000      796 0.036122
14030 70402       1000      805 0.036121
14031 66722       1000      814 0.036121
14032 78101       1000      780 0.036120
14033 85680       1000      708 0.036119
14034 71897       1000      812 0.036119
14035 84895       1000      803 0.036119
14036 74083       1000      810 0.036119
14037 77821       1000      793 0.036119
14038 68599       1000      801 0.036119
14039 70717       1000      790 0.036118
14040 75029       1000      799 0.036117
14041 82177       1000      801 0.036117
14042 75967       1000      800 0.036116
14043 81551       1000      715 0.036116
14044 83365       1000      785 0.036116
14045 80472       1000      785 0.036115
14046 67225       1000      790 0.036114
14047 65967       1000      741 0.036114
14048 70332       1000      803 0.036113
14049 72502       1000      712 0.036112
14050 88471       1000      796 0.036111
14051 81514       1000      814 0.036110
14052 78347       1000      715 0.036108
14053 70079       1000      781 0.036108
14054 71054       1000      738 0.036107
14055 89148       1000      806 0.036106
14056 80583       1000      805 0.036105
14057 66333       1000      803 0.036104
14058 72099       1000      819 0.036104
14059 88592       1000      810 0.036103
14060 87162       1000      723 0.036101
14061 83175       1000      816 0.036100
14062 76676       1000      818 0.036099
14063 72986       1000      786 0.036098
14064 70736       1000      776 0.036094
14065 83287       1000      784 0.036093
14066 71162       1000      697 0.036092
14067 80931       1000      799 0.036091
14068 76091       1000      813 0.036091
14069 82679       1000      723 0.036089
14070 69761       1000      803 0.036089
14071 67227       1000      714 0.036088
14072 87371       1000      796 0.036088
14073 67099       1000      714 0.036087
14074 87017       1000      797 0.036087
14075 76404       1000      811 0.036087
14076 85130       1000      803 0.036086
14077 75290       1000      751 0.036086
14078 79985       1000      805 0.036085
14079 89067       1000      809 0.036085
14080 78765       1000      794 0.036085
14081 80037       1000      808 0.036083
14082 85549       1000      808 0.036082
14083 73671       1000      795 0.036081
14084 74969       1000      718 0.036079
14085 73024       1000      800 0.036078
14086 79408       1000      803 0.036076
14087 87655       1000      801 0.036076
14088 87177       1000      808 0.036074
14089 77809       1000      808 0.036074
14090 89006       1000      807 0.036073
14091 86068       1000      788 0.036073
14092 80867       1000      774 0.036073
14093 66921       1000      805 0.036072
14094 76809       1000      798 0.036071
14095 72894       1000      786 0.036070
14096 78896       1000      719 0.036069
14097 80074       1000      797 0.036065
14098 72302       1000      804 0.036065
14099 77280       1000      812 0.036063
14100 73165       1000      721 0.036062
14101 66907       1000      804 0.036061
14102 76673       1000      793 0.036058
14103 82214       1000      804 0.036058
14104 84862       1000      790 0.036058
14105 86300       1000      732 0.036057
14106 77239       1000      711 0.036053
14107 70911       1000      809 0.036053
14108 72439       1000      778 0.036052
14109 70624       1000      780 0.036050
14110 89403       1000      814 0.036050
14111 77085       1000      778 0.036049
14112 66785       1000      816 0.036048
14113 75256       1000      802 0.036047
14114 67811       1000      810 0.036045
14115 83956       1000      799 0.036042
14116 84190       1000      789 0.036041
14117 82265       1000      820 0.036040
14118 81470       1000      775 0.036040
14119 66293       1000      805 0.036039
14120 83440       1000      806 0.036039
14121 67834       1000      809 0.036039
14122 80923       1000      731 0.036038
14123 82280       1000      801 0.036037
14124 77843       1000      798 0.036036
14125 74028       1000      802 0.036035
14126 68334       1000      784 0.036034
14127 67069       1000      787 0.036033
14128 80991       1000      806 0.036031
14129 72097       1000      806 0.036030
14130 66069       1000      802 0.036028
14131 71806       1000      739 0.036028
14132 73159       1000      724 0.036027
14133 85297       1000      795 0.036023
14134 73904       1000      773 0.036023
14135 86693       1000      794 0.036022
14136 73897       1000      811 0.036022
14137 79227       1000      789 0.036021
14138 67889       1000      797 0.036021
14139 87520       1000      721 0.036020
14140 67748       1000      801 0.036019
14141 69930       1000      743 0.036018
14142 74877       1000      719 0.036016
14143 86246       1000      795 0.036015
14144 82558       1000      826 0.036015
14145 86747       1000      828 0.036013
14146 86033       1000      824 0.036011
14147 71366       1000      784 0.036009
14148 87185       1000      805 0.036008
14149 81141       1000      795 0.036008
14150 87858       1000      803 0.036007
14151 78928       1000      812 0.036006
14152 85611       1000      803 0.036006
14153 70778       1000      804 0.036005
14154 71563       1000      721 0.036001
14155 86054       1000      746 0.035999
14156 79837       1000      777 0.035999
14157 80128       1000      794 0.035998
14158 87668       1000      800 0.035998
14159 72536       1000      825 0.035998
14160 79329       1000      793 0.035997
14161 74184       1000      811 0.035996
14162 81694       1000      742 0.035996
14163 74843       1000      802 0.035995
14164 71236       1000      760 0.035994
14165 87551       1000      787 0.035994
14166 72118       1000      798 0.035993
14167 81281       1000      803 0.035991
14168 66102       1000      794 0.035988
14169 72924       1000      810 0.035987
14170 81013       1000      785 0.035983
14171 81814       1000      805 0.035983
14172 73643       1000      801 0.035983
14173 76613       1000      800 0.035982
14174 75226       1000      778 0.035977
14175 80049       1000      778 0.035977
14176 82779       1000      780 0.035976
14177 69245       1000      810 0.035974
14178 69817       1000      799 0.035973
14179 81919       1000      816 0.035972
14180 70837       1000      797 0.035972
14181 70401       1000      801 0.035972
14182 69750       1000      793 0.035971
14183 71695       1000      805 0.035971
14184 66858       1000      800 0.035970
14185 79896       1000      813 0.035970
14186 71238       1000      810 0.035969
14187 83414       1000      815 0.035968
14188 77294       1000      817 0.035967
14189 82863       1000      688 0.035966
14190 71980       1000      789 0.035966
14191 68572       1000      795 0.035965
14192 73452       1000      808 0.035963
14193 74628       1000      793 0.035961
14194 76616       1000      723 0.035960
14195 71547       1000      794 0.035959
14196 73971       1000      827 0.035954
14197 84911       1000      807 0.035953
14198 66040       1000      805 0.035951
14199 80592       1000      801 0.035951
14200 74242       1000      726 0.035949
14201 73447       1000      709 0.035949
14202 80685       1000      806 0.035949
14203 78960       1000      804 0.035949
14204 76829       1000      785 0.035947
14205 74694       1000      794 0.035946
14206 86848       1000      803 0.035946
14207 67785       1000      724 0.035943
14208 66490       1000      802 0.035942
14209 67879       1000      721 0.035942
14210 71594       1000      712 0.035941
14211 82790       1000      782 0.035939
14212 85829       1000      792 0.035939
14213 86910       1000      797 0.035939
14214 78357       1000      820 0.035937
14215 68701       1000      800 0.035937
14216 68287       1000      784 0.035937
14217 83145       1000      787 0.035936
14218 68925       1000      805 0.035936
14219 67640       1000      801 0.035935
14220 66542       1000      806 0.035935
14221 80922       1000      790 0.035933
14222 68243       1000      780 0.035932
14223 75514       1000      728 0.035932
14224 73778       1000      806 0.035931
14225 86924       1000      820 0.035930
14226 80691       1000      781 0.035930
14227 71750       1000      795 0.035929
14228 83631       1000      787 0.035928
14229 76363       1000      714 0.035922
14230 75995       1000      796 0.035917
14231 67589       1000      729 0.035917
14232 71274       1000      807 0.035917
14233 88540       1000      827 0.035916
14234 71345       1000      799 0.035916
14235 79497       1000      816 0.035914
14236 67191       1000      812 0.035911
14237 88363       1000      816 0.035911
14238 84932       1000      777 0.035910
14239 78802       1000      796 0.035910
14240 78291       1000      737 0.035907
14241 79086       1000      718 0.035907
14242 75415       1000      786 0.035906
14243 85557       1000      702 0.035906
14244 68652       1000      776 0.035905
14245 71521       1000      795 0.035904
14246 77416       1000      811 0.035903
14247 79769       1000      769 0.035903
14248 73888       1000      795 0.035902
14249 88084       1000      788 0.035902
14250 76792       1000      811 0.035901
14251 66536       1000      789 0.035900
14252 82358       1000      783 0.035897
14253 72213       1000      799 0.035895
14254 76506       1000      800 0.035894
14255 73069       1000      783 0.035894
14256 78219       1000      708 0.035894
14257 83581       1000      793 0.035893
14258 85717       1000      766 0.035893
14259 74425       1000      790 0.035892
14260 78780       1000      795 0.035892
14261 75576       1000      793 0.035891
14262 81401       1000      795 0.035890
14263 74907       1000      790 0.035890
14264 76869       1000      801 0.035890
14265 79846       1000      792 0.035889
14266 77378       1000      785 0.035888
14267 84174       1000      790 0.035885
14268 72322       1000      733 0.035885
14269 82675       1000      803 0.035885
14270 78142       1000      727 0.035880
14271 71138       1000      797 0.035877
14272 72178       1000      730 0.035876
14273 80062       1000      801 0.035876
14274 76655       1000      792 0.035873
14275 88696       1000      796 0.035871
14276 86214       1000      730 0.035870
14277 75120       1000      730 0.035868
14278 68340       1000      816 0.035868
14279 87646       1000      791 0.035868
14280 76877       1000      697 0.035867
14281 75887       1000      804 0.035867
14282 81346       1000      801 0.035867
14283 73155       1000      809 0.035866
14284 74134       1000      720 0.035865
14285 73127       1000      795 0.035865
14286 82332       1000      824 0.035865
14287 71854       1000      793 0.035864
14288 85380       1000      803 0.035864
14289 87654       1000      798 0.035864
14290 83470       1000      801 0.035861
14291 86164       1000      778 0.035861
14292 87957       1000      789 0.035858
14293 69318       1000      713 0.035858
14294 86633       1000      788 0.035857
14295 67825       1000      821 0.035855
14296 66548       1000      793 0.035853
14297 69781       1000      795 0.035852
14298 80876       1000      799 0.035852
14299 69284       1000      723 0.035852
14300 88027       1000      798 0.035851
14301 82971       1000      800 0.035851
14302 66483       1000      718 0.035851
14303 81398       1000      732 0.035850
14304 82164       1000      737 0.035849
14305 70575       1000      705 0.035847
14306 73287       1000      816 0.035847
14307 70340       1000      808 0.035847
14308 81765       1000      777 0.035847
14309 87914       1000      796 0.035841
14310 87912       1000      823 0.035840
14311 81156       1000      703 0.035840
14312 84940       1000      807 0.035840
14313 70390       1000      806 0.035838
14314 69434       1000      796 0.035837
14315 67980       1000      783 0.035836
14316 85157       1000      816 0.035836
14317 65973       1000      778 0.035835
14318 80977       1000      780 0.035834
14319 87180       1000      788 0.035834
14320 86732       1000      796 0.035833
14321 72019       1000      787 0.035832
14322 74644       1000      813 0.035830
14323 87723       1000      831 0.035829
14324 71164       1000      816 0.035827
14325 76460       1000      812 0.035826
14326 74392       1000      789 0.035826
14327 80731       1000      727 0.035825
14328 73644       1000      786 0.035825
14329 74899       1000      721 0.035825
14330 79011       1000      798 0.035825
14331 80353       1000      797 0.035822
14332 67116       1000      801 0.035822
14333 72192       1000      800 0.035820
14334 78599       1000      789 0.035818
14335 85509       1000      789 0.035816
14336 78809       1000      803 0.035816
14337 68144       1000      810 0.035814
14338 83975       1000      730 0.035814
14339 88020       1000      784 0.035813
14340 85449       1000      815 0.035811
14341 73204       1000      781 0.035810
14342 71861       1000      804 0.035810
14343 80515       1000      798 0.035809
14344 72565       1000      726 0.035808
14345 73086       1000      789 0.035808
14346 78484       1000      800 0.035807
14347 75023       1000      795 0.035807
14348 80493       1000      730 0.035806
14349 78111       1000      788 0.035806
14350 74524       1000      812 0.035805
14351 68625       1000      800 0.035804
14352 75028       1000      808 0.035800
14353 80288       1000      793 0.035800
14354 69330       1000      784 0.035799
14355 69191       1000      794 0.035799
14356 79268       1000      805 0.035798
14357 66682       1000      811 0.035798
14358 73066       1000      720 0.035797
14359 78182       1000      733 0.035797
14360 81667       1000      701 0.035796
14361 81158       1000      798 0.035796
14362 83687       1000      800 0.035795
14363 66419       1000      809 0.035795
14364 82545       1000      811 0.035795
14365 86222       1000      804 0.035795
14366 78728       1000      794 0.035794
14367 77197       1000      808 0.035794
14368 67560       1000      731 0.035793
14369 83477       1000      804 0.035793
14370 72010       1000      801 0.035793
14371 82160       1000      698 0.035793
14372 82834       1000      808 0.035792
14373 65952       1000      784 0.035791
14374 83947       1000      801 0.035791
14375 88819       1000      790 0.035791
14376 74196       1000      793 0.035791
14377 81998       1000      809 0.035790
14378 70580       1000      809 0.035789
14379 80831       1000      723 0.035789
14380 86976       1000      802 0.035789
14381 68981       1000      709 0.035788
14382 69432       1000      788 0.035788
14383 70215       1000      811 0.035786
14384 69846       1000      808 0.035786
14385 69169       1000      813 0.035785
14386 77850       1000      812 0.035784
14387 88869       1000      804 0.035783
14388 73196       1000      740 0.035782
14389 68156       1000      767 0.035781
14390 67771       1000      723 0.035777
14391 69870       1000      807 0.035776
14392 86707       1000      721 0.035776
14393 72884       1000      806 0.035776
14394 73716       1000      772 0.035776
14395 80500       1000      811 0.035775
14396 70238       1000      797 0.035774
14397 77799       1000      811 0.035774
14398 76914       1000      798 0.035773
14399 89104       1000      790 0.035772
14400 69611       1000      813 0.035770
14401 70307       1000      777 0.035768
14402 88174       1000      800 0.035767
14403 68104       1000      814 0.035767
14404 81312       1000      783 0.035765
14405 79039       1000      791 0.035765
14406 74648       1000      807 0.035764
14407 66621       1000      815 0.035764
14408 75282       1000      783 0.035764
14409 73848       1000      729 0.035761
14410 73143       1000      715 0.035759
14411 77503       1000      818 0.035758
14412 81591       1000      790 0.035758
14413 68760       1000      716 0.035758
14414 77331       1000      798 0.035757
14415 88259       1000      784 0.035754
14416 72838       1000      829 0.035754
14417 80094       1000      795 0.035753
14418 84394       1000      699 0.035752
14419 68902       1000      787 0.035752
14420 67428       1000      797 0.035752
14421 86965       1000      801 0.035752
14422 76266       1000      794 0.035751
14423 66802       1000      797 0.035750
14424 84408       1000      805 0.035749
14425 83385       1000      707 0.035748
14426 78032       1000      789 0.035747
14427 73615       1000      793 0.035746
14428 84933       1000      798 0.035745
14429 73032       1000      806 0.035745
14430 83137       1000      793 0.035744
14431 77066       1000      810 0.035744
14432 80796       1000      730 0.035743
14433 83877       1000      787 0.035743
14434 69825       1000      711 0.035741
14435 77826       1000      771 0.035741
14436 68402       1000      803 0.035740
14437 70436       1000      793 0.035739
14438 69464       1000      783 0.035738
14439 84501       1000      808 0.035738
14440 67772       1000      732 0.035737
14441 84334       1000      824 0.035736
14442 88733       1000      748 0.035735
14443 84418       1000      792 0.035734
14444 68674       1000      789 0.035732
14445 76356       1000      724 0.035731
14446 66619       1000      797 0.035731
14447 74812       1000      715 0.035730
14448 70306       1000      726 0.035729
14449 73399       1000      725 0.035729
14450 77080       1000      807 0.035728
14451 74206       1000      785 0.035728
14452 79930       1000      702 0.035728
14453 66879       1000      813 0.035727
14454 73632       1000      804 0.035726
14455 72186       1000      706 0.035726
14456 80629       1000      696 0.035725
14457 74700       1000      803 0.035725
14458 67203       1000      781 0.035723
14459 85298       1000      800 0.035722
14460 76526       1000      793 0.035722
14461 71334       1000      784 0.035722
14462 67057       1000      778 0.035721
14463 78573       1000      785 0.035721
14464 71796       1000      802 0.035720
14465 75632       1000      709 0.035720
14466 69469       1000      782 0.035720
14467 79382       1000      781 0.035719
14468 78312       1000      740 0.035717
14469 75850       1000      814 0.035716
14470 77700       1000      813 0.035714
14471 74606       1000      796 0.035713
14472 84269       1000      793 0.035713
14473 68271       1000      835 0.035713
14474 87457       1000      809 0.035711
14475 67384       1000      804 0.035710
14476 71840       1000      801 0.035709
14477 68307       1000      813 0.035709
14478 70453       1000      792 0.035707
14479 85389       1000      792 0.035706
14480 81046       1000      799 0.035705
14481 87178       1000      788 0.035704
14482 75268       1000      800 0.035703
14483 65977       1000      806 0.035702
14484 71685       1000      808 0.035702
14485 75792       1000      809 0.035702
14486 66865       1000      814 0.035699
14487 80812       1000      809 0.035699
14488 68957       1000      801 0.035698
14489 87918       1000      807 0.035694
14490 73889       1000      796 0.035693
14491 77329       1000      800 0.035692
14492 77253       1000      801 0.035692
14493 78559       1000      800 0.035692
14494 74944       1000      814 0.035692
14495 87173       1000      811 0.035691
14496 82882       1000      793 0.035690
14497 83052       1000      791 0.035689
14498 89077       1000      712 0.035688
14499 84457       1000      795 0.035688
14500 82807       1000      757 0.035687
14501 82595       1000      811 0.035686
14502 68405       1000      743 0.035686
14503 78416       1000      778 0.035685
14504 69714       1000      803 0.035685
14505 82919       1000      780 0.035685
14506 86779       1000      798 0.035684
14507 67020       1000      782 0.035683
14508 82639       1000      810 0.035681
14509 71506       1000      798 0.035678
14510 67344       1000      808 0.035676
14511 71153       1000      799 0.035675
14512 73787       1000      799 0.035675
14513 73106       1000      735 0.035674
14514 70411       1000      827 0.035673
14515 76777       1000      746 0.035671
14516 79182       1000      702 0.035670
14517 75650       1000      697 0.035670
14518 76825       1000      794 0.035670
14519 79959       1000      799 0.035668
14520 66168       1000      795 0.035668
14521 89126       1000      788 0.035666
14522 74937       1000      782 0.035666
14523 85178       1000      794 0.035663
14524 67408       1000      786 0.035663
14525 79728       1000      782 0.035663
14526 70630       1000      821 0.035663
14527 73259       1000      797 0.035662
14528 81597       1000      797 0.035662
14529 78353       1000      769 0.035661
14530 74275       1000      805 0.035661
14531 74601       1000      803 0.035661
14532 73931       1000      729 0.035661
14533 77636       1000      798 0.035660
14534 86100       1000      800 0.035660
14535 69420       1000      808 0.035659
14536 80661       1000      776 0.035659
14537 77553       1000      803 0.035659
14538 88990       1000      773 0.035659
14539 80659       1000      726 0.035658
14540 82098       1000      812 0.035658
14541 84723       1000      803 0.035657
14542 85961       1000      808 0.035657
14543 83308       1000      741 0.035656
14544 87909       1000      796 0.035655
14545 84532       1000      798 0.035654
14546 88365       1000      693 0.035653
14547 69110       1000      795 0.035653
14548 71357       1000      723 0.035652
14549 76907       1000      795 0.035651
14550 71830       1000      827 0.035650
14551 82901       1000      800 0.035650
14552 70449       1000      804 0.035650
14553 72108       1000      800 0.035649
14554 82015       1000      814 0.035648
14555 67765       1000      798 0.035646
14556 68292       1000      804 0.035646
14557 71042       1000      801 0.035646
14558 69684       1000      801 0.035646
14559 83903       1000      819 0.035644
14560 79647       1000      756 0.035644
14561 77092       1000      717 0.035641
14562 73172       1000      696 0.035641
14563 69034       1000      714 0.035640
14564 86757       1000      802 0.035638
14565 75657       1000      794 0.035638
14566 67697       1000      795 0.035636
14567 79570       1000      793 0.035634
14568 85833       1000      787 0.035634
14569 70329       1000      810 0.035633
14570 71402       1000      802 0.035632
14571 76302       1000      805 0.035632
14572 86139       1000      725 0.035632
14573 81250       1000      802 0.035631
14574 70189       1000      804 0.035631
14575 68574       1000      808 0.035630
14576 76361       1000      822 0.035629
14577 77540       1000      730 0.035628
14578 74988       1000      782 0.035628
14579 70557       1000      789 0.035627
14580 73513       1000      796 0.035627
14581 72684       1000      727 0.035627
14582 70244       1000      790 0.035626
14583 83438       1000      780 0.035625
14584 86426       1000      791 0.035625
14585 77022       1000      784 0.035624
14586 82217       1000      788 0.035623
14587 74608       1000      726 0.035623
14588 85502       1000      808 0.035621
14589 80505       1000      729 0.035621
14590 74156       1000      793 0.035620
14591 77840       1000      747 0.035618
14592 88571       1000      734 0.035616
14593 80521       1000      798 0.035616
14594 78244       1000      809 0.035616
14595 67988       1000      807 0.035615
14596 80642       1000      754 0.035615
14597 83069       1000      811 0.035614
14598 85212       1000      822 0.035613
14599 75406       1000      720 0.035613
14600 76317       1000      823 0.035611
14601 79173       1000      746 0.035611
14602 79089       1000      817 0.035608
14603 70076       1000      818 0.035607
14604 77119       1000      811 0.035607
14605 86966       1000      805 0.035606
14606 68806       1000      802 0.035606
14607 73344       1000      801 0.035606
14608 81412       1000      713 0.035602
14609 71794       1000      716 0.035601
14610 80590       1000      716 0.035601
14611 66367       1000      799 0.035601
14612 71458       1000      793 0.035600
14613 86620       1000      766 0.035599
14614 74631       1000      810 0.035599
14615 70995       1000      826 0.035597
14616 68458       1000      736 0.035597
14617 69290       1000      789 0.035593
14618 77489       1000      796 0.035593
14619 73650       1000      808 0.035592
14620 75725       1000      746 0.035589
14621 85424       1000      800 0.035589
14622 68830       1000      724 0.035587
14623 87603       1000      722 0.035586
14624 73075       1000      787 0.035586
14625 79117       1000      798 0.035585
14626 77349       1000      797 0.035585
14627 71309       1000      805 0.035585
14628 85426       1000      804 0.035584
14629 70865       1000      791 0.035583
14630 85861       1000      723 0.035581
14631 69062       1000      800 0.035581
14632 77144       1000      734 0.035581
14633 68091       1000      805 0.035580
14634 83032       1000      806 0.035580
14635 88161       1000      805 0.035580
14636 82122       1000      799 0.035579
14637 89314       1000      794 0.035578
14638 66696       1000      785 0.035578
14639 83674       1000      805 0.035575
14640 84667       1000      821 0.035574
14641 87359       1000      700 0.035572
14642 82182       1000      788 0.035571
14643 69501       1000      796 0.035570
14644 69032       1000      754 0.035570
14645 72973       1000      745 0.035568
14646 80809       1000      822 0.035568
14647 80914       1000      736 0.035567
14648 86615       1000      730 0.035566
14649 68852       1000      741 0.035565
14650 71993       1000      785 0.035564
14651 76928       1000      790 0.035563
14652 67486       1000      770 0.035562
14653 80415       1000      795 0.035562
14654 85678       1000      802 0.035561
14655 74620       1000      813 0.035561
14656 76540       1000      804 0.035560
14657 80309       1000      798 0.035559
14658 80772       1000      730 0.035557
14659 89286       1000      805 0.035555
14660 68100       1000      809 0.035554
14661 81899       1000      783 0.035554
14662 76380       1000      812 0.035554
14663 79891       1000      821 0.035554
14664 89242       1000      781 0.035553
14665 77493       1000      712 0.035552
14666 66841       1000      755 0.035551
14667 85757       1000      810 0.035551
14668 82347       1000      794 0.035550
14669 86586       1000      800 0.035547
14670 89230       1000      790 0.035547
14671 70553       1000      792 0.035546
14672 85550       1000      742 0.035545
14673 66398       1000      812 0.035542
14674 67480       1000      805 0.035542
14675 77035       1000      791 0.035540
14676 87096       1000      783 0.035540
14677 71928       1000      802 0.035539
14678 81850       1000      808 0.035539
14679 73090       1000      785 0.035539
14680 69015       1000      797 0.035539
14681 86553       1000      799 0.035538
14682 83638       1000      801 0.035538
14683 83418       1000      731 0.035537
14684 89405       1000      793 0.035535
14685 71779       1000      705 0.035533
14686 79644       1000      772 0.035533
14687 84928       1000      781 0.035529
14688 71587       1000      799 0.035529
14689 68778       1000      820 0.035529
14690 88135       1000      818 0.035528
14691 77384       1000      818 0.035528
14692 78006       1000      799 0.035527
14693 75189       1000      785 0.035527
14694 75636       1000      798 0.035525
14695 76426       1000      728 0.035525
14696 83006       1000      791 0.035525
14697 88593       1000      814 0.035524
14698 79999       1000      821 0.035524
14699 73596       1000      787 0.035523
14700 77602       1000      789 0.035523
14701 74870       1000      799 0.035522
14702 76522       1000      813 0.035522
14703 89001       1000      788 0.035521
14704 67983       1000      730 0.035521
14705 77399       1000      732 0.035521
14706 74760       1000      785 0.035518
14707 88917       1000      793 0.035517
14708 81829       1000      801 0.035516
14709 81592       1000      715 0.035514
14710 82499       1000      819 0.035514
14711 88697       1000      808 0.035512
14712 74007       1000      787 0.035511
14713 67085       1000      800 0.035507
14714 73736       1000      795 0.035507
14715 75704       1000      814 0.035504
14716 65972       1000      811 0.035503
14717 69655       1000      795 0.035502
14718 84791       1000      808 0.035500
14719 71144       1000      809 0.035500
14720 76074       1000      789 0.035498
14721 69966       1000      808 0.035497
14722 88845       1000      810 0.035496
14723 72766       1000      806 0.035496
14724 86708       1000      709 0.035494
14725 75296       1000      784 0.035494
14726 69143       1000      802 0.035493
14727 72403       1000      806 0.035490
14728 85422       1000      791 0.035489
14729 67248       1000      750 0.035489
14730 71352       1000      809 0.035488
14731 66301       1000      787 0.035487
14732 70816       1000      793 0.035487
14733 74165       1000      819 0.035486
14734 78323       1000      796 0.035486
14735 76857       1000      734 0.035485
14736 83699       1000      778 0.035484
14737 66413       1000      826 0.035484
14738 67031       1000      803 0.035484
14739 69049       1000      787 0.035483
14740 78212       1000      788 0.035483
14741 66442       1000      798 0.035483
14742 88454       1000      799 0.035483
14743 86472       1000      788 0.035482
14744 80517       1000      826 0.035480
14745 85204       1000      731 0.035480
14746 75730       1000      782 0.035479
14747 89299       1000      809 0.035477
14748 73478       1000      788 0.035473
14749 73252       1000      806 0.035472
14750 71773       1000      709 0.035471
14751 74297       1000      795 0.035466
14752 75367       1000      782 0.035464
14753 88896       1000      739 0.035464
14754 75291       1000      789 0.035463
14755 82553       1000      819 0.035463
14756 76498       1000      798 0.035463
14757 67156       1000      715 0.035462
14758 82678       1000      797 0.035460
14759 66641       1000      738 0.035460
14760 88874       1000      784 0.035456
14761 65934       1000      808 0.035456
14762 84044       1000      804 0.035455
14763 69079       1000      801 0.035455
14764 72214       1000      797 0.035455
14765 83453       1000      788 0.035454
14766 87277       1000      821 0.035452
14767 69914       1000      782 0.035451
14768 87287       1000      798 0.035448
14769 84464       1000      782 0.035446
14770 80044       1000      812 0.035446
14771 69081       1000      796 0.035445
14772 65908       1000      812 0.035444
14773 84473       1000      718 0.035444
14774 79101       1000      776 0.035443
14775 79890       1000      784 0.035443
14776 87312       1000      696 0.035442
14777 66124       1000      723 0.035442
14778 86652       1000      730 0.035440
14779 77270       1000      806 0.035439
14780 77162       1000      779 0.035439
14781 76179       1000      707 0.035439
14782 75919       1000      819 0.035437
14783 80873       1000      783 0.035434
14784 86404       1000      773 0.035434
14785 68182       1000      803 0.035433
14786 67478       1000      812 0.035432
14787 69192       1000      791 0.035431
14788 76722       1000      803 0.035430
14789 73476       1000      724 0.035430
14790 86720       1000      832 0.035430
14791 74031       1000      794 0.035429
14792 86626       1000      813 0.035428
14793 73409       1000      825 0.035426
14794 81789       1000      722 0.035426
14795 79711       1000      804 0.035425
14796 89197       1000      712 0.035425
14797 83693       1000      813 0.035424
14798 73760       1000      788 0.035422
14799 88098       1000      825 0.035422
14800 74847       1000      799 0.035422
14801 84681       1000      811 0.035421
14802 70190       1000      795 0.035421
14803 70940       1000      794 0.035421
14804 74686       1000      718 0.035420
14805 73260       1000      810 0.035420
14806 76565       1000      730 0.035418
14807 83543       1000      777 0.035416
14808 79733       1000      794 0.035415
14809 83713       1000      797 0.035413
14810 69276       1000      792 0.035413
14811 86380       1000      796 0.035413
14812 88122       1000      737 0.035413
14813 66146       1000      825 0.035412
14814 78418       1000      805 0.035409
14815 78673       1000      783 0.035409
14816 86131       1000      805 0.035409
14817 70185       1000      728 0.035408
14818 74681       1000      794 0.035408
14819 74527       1000      715 0.035408
14820 84247       1000      730 0.035407
14821 76696       1000      739 0.035407
14822 81180       1000      813 0.035405
14823 70472       1000      783 0.035405
14824 69551       1000      784 0.035404
14825 74511       1000      830 0.035403
14826 68220       1000      801 0.035402
14827 71063       1000      790 0.035402
14828 73253       1000      806 0.035401
14829 81062       1000      817 0.035400
14830 69444       1000      780 0.035400
14831 77474       1000      702 0.035400
14832 83547       1000      796 0.035400
14833 86477       1000      790 0.035399
14834 68339       1000      780 0.035398
14835 83003       1000      789 0.035398
14836 77361       1000      813 0.035396
14837 76564       1000      806 0.035396
14838 80151       1000      732 0.035393
14839 71116       1000      813 0.035392
14840 86241       1000      711 0.035392
14841 69069       1000      794 0.035391
14842 69772       1000      704 0.035391
14843 82176       1000      791 0.035391
14844 68167       1000      794 0.035390
14845 83980       1000      791 0.035389
14846 73635       1000      809 0.035389
14847 75442       1000      807 0.035386
14848 71740       1000      798 0.035384
14849 81670       1000      797 0.035383
14850 67179       1000      808 0.035380
14851 81686       1000      797 0.035380
14852 82624       1000      702 0.035380
14853 67380       1000      813 0.035378
14854 74193       1000      790 0.035378
14855 69995       1000      812 0.035377
14856 66698       1000      822 0.035377
14857 79499       1000      816 0.035376
14858 66050       1000      787 0.035376
14859 84846       1000      770 0.035376
14860 69867       1000      789 0.035375
14861 78106       1000      794 0.035374
14862 74585       1000      806 0.035374
14863 70239       1000      793 0.035374
14864 68168       1000      807 0.035373
14865 88375       1000      730 0.035372
14866 78505       1000      819 0.035370
14867 73154       1000      730 0.035370
14868 86216       1000      815 0.035369
14869 85705       1000      815 0.035368
14870 71925       1000      803 0.035367
14871 77283       1000      740 0.035362
14872 76725       1000      798 0.035361
14873 88583       1000      785 0.035358
14874 77966       1000      785 0.035356
14875 77772       1000      766 0.035353
14876 85854       1000      808 0.035353
14877 81099       1000      779 0.035353
14878 73251       1000      745 0.035352
14879 69257       1000      813 0.035352
14880 84236       1000      816 0.035351
14881 72394       1000      793 0.035347
14882 82202       1000      792 0.035345
14883 84132       1000      794 0.035345
14884 71071       1000      741 0.035344
14885 71249       1000      786 0.035344
14886 88648       1000      725 0.035344
14887 85122       1000      794 0.035343
14888 79601       1000      804 0.035343
14889 88005       1000      786 0.035341
14890 75978       1000      799 0.035338
14891 75298       1000      808 0.035337
14892 78346       1000      712 0.035337
14893 69997       1000      821 0.035337
14894 76974       1000      806 0.035334
14895 67516       1000      803 0.035333
14896 85538       1000      793 0.035333
14897 76994       1000      782 0.035332
14898 79801       1000      798 0.035330
14899 66581       1000      823 0.035326
14900 87527       1000      795 0.035325
14901 78724       1000      789 0.035323
14902 74422       1000      801 0.035323
14903 67547       1000      824 0.035319
14904 75467       1000      801 0.035318
14905 69153       1000      801 0.035316
14906 68549       1000      797 0.035316
14907 84656       1000      697 0.035315
14908 70218       1000      717 0.035315
14909 82676       1000      813 0.035314
14910 78002       1000      809 0.035314
14911 87346       1000      816 0.035309
14912 89178       1000      791 0.035307
14913 87962       1000      716 0.035306
14914 66018       1000      785 0.035305
14915 84184       1000      820 0.035304
14916 70466       1000      780 0.035303
14917 83245       1000      805 0.035303
14918 75975       1000      718 0.035303
14919 81947       1000      803 0.035303
14920 68038       1000      810 0.035302
14921 88624       1000      804 0.035302
14922 69269       1000      799 0.035299
14923 68441       1000      810 0.035298
14924 75539       1000      822 0.035298
14925 67710       1000      802 0.035297
14926 66733       1000      780 0.035296
14927 75054       1000      706 0.035294
14928 77295       1000      687 0.035292
14929 85384       1000      802 0.035291
14930 79376       1000      784 0.035290
14931 75747       1000      826 0.035289
14932 70200       1000      814 0.035289
14933 83777       1000      777 0.035288
14934 81626       1000      797 0.035288
14935 84837       1000      710 0.035287
14936 85456       1000      786 0.035286
14937 72867       1000      796 0.035285
14938 74254       1000      797 0.035284
14939 83185       1000      787 0.035284
14940 87055       1000      798 0.035283
14941 80291       1000      790 0.035282
14942 66926       1000      784 0.035281
14943 71676       1000      780 0.035279
14944 72423       1000      794 0.035276
14945 73541       1000      720 0.035275
14946 70934       1000      800 0.035275
14947 67180       1000      782 0.035274
14948 82512       1000      800 0.035274
14949 70639       1000      795 0.035274
14950 85638       1000      767 0.035273
14951 78585       1000      800 0.035270
14952 68914       1000      799 0.035269
14953 82338       1000      693 0.035268
14954 77446       1000      697 0.035268
14955 85540       1000      725 0.035267
14956 84655       1000      745 0.035267
14957 71127       1000      804 0.035265
14958 73444       1000      817 0.035264
14959 77111       1000      785 0.035263
14960 75738       1000      714 0.035263
14961 85309       1000      815 0.035262
14962 75563       1000      725 0.035261
14963 77169       1000      806 0.035259
14964 69218       1000      718 0.035259
14965 76321       1000      803 0.035258
14966 75398       1000      823 0.035256
14967 81166       1000      725 0.035254
14968 76507       1000      714 0.035253
14969 71130       1000      795 0.035253
14970 75633       1000      791 0.035252
14971 78228       1000      703 0.035251
14972 77578       1000      805 0.035250
14973 82239       1000      805 0.035248
14974 73748       1000      803 0.035246
14975 72450       1000      797 0.035245
14976 85508       1000      806 0.035245
14977 78467       1000      782 0.035245
14978 82096       1000      798 0.035245
14979 70177       1000      810 0.035245
14980 76793       1000      807 0.035244
14981 80473       1000      809 0.035241
14982 76028       1000      803 0.035241
14983 88929       1000      731 0.035239
14984 81175       1000      808 0.035239
14985 66560       1000      812 0.035238
14986 79512       1000      816 0.035237
14987 82917       1000      793 0.035237
14988 73463       1000      791 0.035236
14989 89276       1000      792 0.035234
14990 69951       1000      795 0.035233
14991 74072       1000      720 0.035233
14992 89147       1000      793 0.035232
14993 86020       1000      815 0.035232
14994 87031       1000      735 0.035229
14995 79105       1000      794 0.035229
14996 68078       1000      801 0.035224
14997 77804       1000      790 0.035224
14998 88424       1000      823 0.035223
14999 86422       1000      801 0.035221
15000 81297       1000      785 0.035221
15001 66324       1000      803 0.035220
15002 76885       1000      791 0.035219
15003 84152       1000      819 0.035219
15004 80663       1000      814 0.035218
15005 73268       1000      789 0.035217
15006 70520       1000      810 0.035217
15007 77525       1000      719 0.035215
15008 74904       1000      807 0.035213
15009 77661       1000      805 0.035209
15010 88890       1000      728 0.035205
15011 84574       1000      799 0.035205
15012 70290       1000      817 0.035204
15013 66469       1000      784 0.035204
15014 67400       1000      817 0.035200
15015 76617       1000      792 0.035199
15016 68814       1000      742 0.035199
15017 75093       1000      724 0.035199
15018 76085       1000      793 0.035198
15019 82089       1000      791 0.035196
15020 70178       1000      807 0.035196
15021 69377       1000      784 0.035196
15022 87940       1000      725 0.035195
15023 77808       1000      836 0.035194
15024 68288       1000      739 0.035193
15025 80753       1000      792 0.035189
15026 80568       1000      783 0.035188
15027 68985       1000      797 0.035187
15028 88043       1000      796 0.035187
15029 77859       1000      817 0.035187
15030 79422       1000      809 0.035187
15031 80125       1000      802 0.035187
15032 88741       1000      740 0.035186
15033 71005       1000      811 0.035183
15034 68758       1000      700 0.035182
15035 79552       1000      799 0.035181
15036 87179       1000      803 0.035180
15037 84669       1000      791 0.035175
15038 70776       1000      810 0.035174
15039 86811       1000      808 0.035172
15040 74797       1000      808 0.035172
15041 79550       1000      781 0.035169
15042 75265       1000      821 0.035169
15043 77563       1000      807 0.035166
15044 66285       1000      817 0.035164
15045 66975       1000      807 0.035163
15046 65983       1000      821 0.035161
15047 84050       1000      792 0.035161
15048 88075       1000      804 0.035161
15049 82018       1000      707 0.035157
15050 71418       1000      786 0.035156
15051 69350       1000      789 0.035151
15052 67704       1000      805 0.035151
15053 79554       1000      807 0.035151
15054 72733       1000      823 0.035151
15055 68826       1000      807 0.035148
15056 73566       1000      789 0.035148
15057 69739       1000      790 0.035146
15058 85131       1000      790 0.035145
15059 72570       1000      791 0.035142
15060 79940       1000      717 0.035140
15061 88563       1000      785 0.035139
15062 80818       1000      794 0.035139
15063 73294       1000      804 0.035138
15064 88745       1000      817 0.035135
15065 80330       1000      775 0.035134
15066 86736       1000      786 0.035132
15067 74039       1000      811 0.035131
15068 77412       1000      752 0.035131
15069 78426       1000      796 0.035130
15070 66217       1000      789 0.035130
15071 72431       1000      825 0.035129
15072 72149       1000      707 0.035128
15073 69172       1000      824 0.035128
15074 80096       1000      828 0.035127
15075 81689       1000      798 0.035127
15076 68952       1000      793 0.035125
15077 76447       1000      794 0.035124
15078 89205       1000      803 0.035123
15079 85044       1000      791 0.035122
15080 72648       1000      808 0.035121
15081 79710       1000      741 0.035119
15082 77134       1000      792 0.035118
15083 70864       1000      708 0.035117
15084 72002       1000      813 0.035114
15085 67876       1000      714 0.035114
15086 85236       1000      730 0.035113
15087 76033       1000      780 0.035112
15088 69782       1000      772 0.035112
15089 78938       1000      806 0.035111
15090 68695       1000      722 0.035109
15091 73430       1000      782 0.035108
15092 85790       1000      795 0.035108
15093 75436       1000      806 0.035106
15094 82398       1000      809 0.035106
15095 71910       1000      766 0.035106
15096 84213       1000      802 0.035106
15097 84027       1000      813 0.035105
15098 89140       1000      811 0.035104
15099 75072       1000      794 0.035103
15100 66758       1000      790 0.035103
15101 67305       1000      811 0.035101
15102 66967       1000      801 0.035101
15103 66743       1000      795 0.035101
15104 82144       1000      812 0.035101
15105 76925       1000      733 0.035101
15106 86280       1000      800 0.035099
15107 81033       1000      804 0.035099
15108 82189       1000      786 0.035097
15109 88080       1000      783 0.035096
15110 83730       1000      790 0.035094
15111 80544       1000      819 0.035092
15112 84567       1000      778 0.035091
15113 77591       1000      795 0.035091
15114 82193       1000      781 0.035088
15115 70080       1000      725 0.035088
15116 77324       1000      790 0.035087
15117 70579       1000      733 0.035086
15118 79417       1000      810 0.035085
15119 67877       1000      790 0.035083
15120 88998       1000      799 0.035082
15121 78372       1000      719 0.035081
15122 84885       1000      796 0.035080
15123 80211       1000      802 0.035079
15124 71968       1000      809 0.035076
15125 76853       1000      803 0.035075
15126 86473       1000      785 0.035075
15127 66254       1000      805 0.035073
15128 76756       1000      745 0.035072
15129 77758       1000      778 0.035070
15130 80170       1000      735 0.035070
15131 83677       1000      789 0.035068
15132 86285       1000      719 0.035068
15133 79457       1000      792 0.035067
15134 73499       1000      818 0.035067
15135 88052       1000      813 0.035062
15136 74536       1000      805 0.035061
15137 68434       1000      829 0.035060
15138 81715       1000      801 0.035060
15139 82939       1000      800 0.035059
15140 85002       1000      760 0.035058
15141 67086       1000      716 0.035057
15142 71831       1000      776 0.035053
15143 88587       1000      789 0.035053
15144 70269       1000      772 0.035052
15145 73185       1000      728 0.035051
15146 84674       1000      788 0.035050
15147 75204       1000      783 0.035050
15148 81680       1000      796 0.035049
15149 78872       1000      801 0.035047
15150 82748       1000      802 0.035044
15151 86675       1000      783 0.035044
15152 79624       1000      726 0.035040
15153 81553       1000      785 0.035039
15154 80801       1000      806 0.035039
15155 71567       1000      804 0.035036
15156 68262       1000      792 0.035035
15157 80392       1000      804 0.035033
15158 76711       1000      821 0.035032
15159 71880       1000      793 0.035031
15160 78985       1000      800 0.035031
15161 73440       1000      787 0.035031
15162 81050       1000      801 0.035031
15163 66479       1000      804 0.035030
15164 88267       1000      817 0.035029
15165 82204       1000      790 0.035027
15166 83692       1000      805 0.035026
15167 68254       1000      827 0.035026
15168 74354       1000      812 0.035025
15169 72541       1000      814 0.035025
15170 88790       1000      781 0.035022
15171 72117       1000      779 0.035021
15172 80782       1000      817 0.035020
15173 80652       1000      789 0.035016
15174 69211       1000      809 0.035015
15175 72347       1000      797 0.035014
15176 86322       1000      714 0.035011
15177 84870       1000      806 0.035011
15178 73129       1000      816 0.035010
15179 82215       1000      705 0.035009
15180 80707       1000      695 0.035009
15181 79610       1000      799 0.035008
15182 80230       1000      723 0.035007
15183 77543       1000      804 0.035006
15184 67337       1000      810 0.035003
15185 65961       1000      796 0.035002
15186 73826       1000      727 0.035001
15187 68643       1000      786 0.035001
15188 67904       1000      791 0.034999
15189 81983       1000      805 0.034999
15190 84074       1000      794 0.034997
15191 77182       1000      796 0.034997
15192 89085       1000      800 0.034997
15193 78655       1000      794 0.034997
15194 81965       1000      805 0.034996
15195 66932       1000      781 0.034995
15196 82166       1000      793 0.034994
15197 66532       1000      796 0.034993
15198 80420       1000      795 0.034992
15199 68252       1000      802 0.034989
15200 66849       1000      798 0.034989
15201 71911       1000      713 0.034987
15202 79604       1000      805 0.034986
15203 67534       1000      718 0.034985
15204 79161       1000      734 0.034982
15205 68548       1000      821 0.034981
15206 73117       1000      795 0.034980
15207 85824       1000      805 0.034979
15208 69818       1000      792 0.034977
15209 88765       1000      792 0.034977
15210 81920       1000      802 0.034975
15211 79779       1000      816 0.034972
15212 81999       1000      786 0.034969
15213 66020       1000      818 0.034968
15214 89014       1000      720 0.034964
15215 71805       1000      777 0.034964
15216 73077       1000      788 0.034963
15217 81203       1000      775 0.034962
15218 79502       1000      807 0.034962
15219 88919       1000      794 0.034960
15220 89105       1000      796 0.034958
15221 67112       1000      714 0.034957
15222 84660       1000      811 0.034956
15223 88277       1000      799 0.034954
15224 71783       1000      787 0.034953
15225 82438       1000      727 0.034950
15226 70770       1000      820 0.034949
15227 83512       1000      721 0.034949
15228 68497       1000      775 0.034948
15229 87392       1000      784 0.034947
15230 86655       1000      714 0.034946
15231 66454       1000      791 0.034946
15232 78936       1000      810 0.034946
15233 86254       1000      809 0.034945
15234 82817       1000      798 0.034945
15235 70728       1000      812 0.034943
15236 67173       1000      788 0.034942
15237 77261       1000      810 0.034940
15238 73835       1000      798 0.034940
15239 77265       1000      810 0.034939
15240 86831       1000      796 0.034938
15241 67423       1000      823 0.034937
15242 79134       1000      703 0.034933
15243 75820       1000      784 0.034928
15244 86721       1000      797 0.034928
15245 87984       1000      791 0.034926
15246 79054       1000      783 0.034926
15247 76180       1000      783 0.034924
15248 79071       1000      783 0.034923
15249 69207       1000      713 0.034921
15250 72329       1000      800 0.034920
15251 77509       1000      810 0.034916
15252 69787       1000      706 0.034915
15253 77249       1000      794 0.034914
15254 80381       1000      725 0.034912
15255 81854       1000      796 0.034912
15256 69569       1000      799 0.034911
15257 66441       1000      779 0.034909
15258 75318       1000      772 0.034908
15259 73456       1000      718 0.034908
15260 67730       1000      817 0.034908
15261 87709       1000      777 0.034907
15262 85983       1000      789 0.034907
15263 77215       1000      704 0.034907
15264 66724       1000      797 0.034906
15265 73892       1000      789 0.034906
15266 88918       1000      788 0.034906
15267 73523       1000      807 0.034905
15268 78643       1000      789 0.034903
15269 66969       1000      795 0.034903
15270 65990       1000      797 0.034903
15271 80865       1000      793 0.034899
15272 79674       1000      797 0.034898
15273 75213       1000      805 0.034898
15274 82831       1000      798 0.034896
15275 76023       1000      716 0.034896
15276 67658       1000      790 0.034895
15277 78662       1000      790 0.034895
15278 77908       1000      805 0.034895
15279 66426       1000      812 0.034894
15280 77201       1000      770 0.034894
15281 77684       1000      703 0.034892
15282 69687       1000      784 0.034892
15283 75428       1000      821 0.034889
15284 67594       1000      795 0.034889
15285 68630       1000      719 0.034888
15286 67732       1000      780 0.034888
15287 76556       1000      798 0.034888
15288 75278       1000      752 0.034887
15289 76831       1000      710 0.034886
15290 73800       1000      808 0.034886
15291 81488       1000      794 0.034884
15292 87744       1000      809 0.034884
15293 71996       1000      779 0.034883
15294 87226       1000      804 0.034882
15295 88560       1000      783 0.034881
15296 68834       1000      787 0.034875
15297 66005       1000      819 0.034874
15298 68662       1000      802 0.034872
15299 69449       1000      819 0.034871
15300 87148       1000      796 0.034870
15301 86676       1000      793 0.034870
15302 66436       1000      808 0.034869
15303 84307       1000      722 0.034868
15304 73741       1000      809 0.034867
15305 83081       1000      783 0.034865
15306 85018       1000      793 0.034863
15307 66786       1000      806 0.034862
15308 69820       1000      709 0.034861
15309 70510       1000      822 0.034861
15310 83370       1000      796 0.034858
15311 82149       1000      809 0.034858
15312 85837       1000      718 0.034857
15313 80241       1000      800 0.034857
15314 86347       1000      800 0.034856
15315 81307       1000      817 0.034856
15316 88364       1000      796 0.034855
15317 83668       1000      739 0.034853
15318 70343       1000      797 0.034851
15319 84986       1000      804 0.034851
15320 77660       1000      720 0.034849
15321 74183       1000      791 0.034848
15322 68849       1000      736 0.034846
15323 78522       1000      737 0.034845
15324 71995       1000      784 0.034845
15325 88618       1000      775 0.034844
15326 77778       1000      813 0.034841
15327 68766       1000      796 0.034841
15328 85789       1000      813 0.034838
15329 76249       1000      816 0.034837
15330 70953       1000      731 0.034835
15331 67446       1000      797 0.034835
15332 73064       1000      804 0.034833
15333 80793       1000      802 0.034832
15334 70567       1000      729 0.034831
15335 87864       1000      776 0.034831
15336 89201       1000      809 0.034831
15337 67977       1000      751 0.034831
15338 89214       1000      809 0.034829
15339 69577       1000      807 0.034829
15340 84888       1000      806 0.034828
15341 79003       1000      798 0.034828
15342 79442       1000      796 0.034826
15343 85694       1000      791 0.034820
15344 78468       1000      792 0.034820
15345 68003       1000      782 0.034820
15346 70984       1000      800 0.034820
15347 76428       1000      806 0.034820
15348 69943       1000      806 0.034819
15349 76862       1000      797 0.034816
15350 71140       1000      778 0.034815
15351 87843       1000      708 0.034814
15352 87399       1000      803 0.034814
15353 70038       1000      718 0.034814
15354 78884       1000      795 0.034813
15355 82184       1000      711 0.034812
15356 78385       1000      790 0.034812
15357 80967       1000      791 0.034812
15358 70495       1000      789 0.034810
15359 77589       1000      797 0.034810
15360 71576       1000      797 0.034807
15361 78053       1000      811 0.034807
15362 86060       1000      779 0.034804
15363 69723       1000      774 0.034803
15364 66480       1000      811 0.034802
15365 72063       1000      801 0.034801
15366 70150       1000      791 0.034800
15367 85117       1000      809 0.034800
15368 85104       1000      800 0.034798
15369 79926       1000      706 0.034796
15370 71424       1000      804 0.034796
15371 77107       1000      809 0.034795
15372 80157       1000      794 0.034793
15373 87024       1000      726 0.034793
15374 71496       1000      802 0.034793
15375 89179       1000      793 0.034792
15376 73169       1000      801 0.034792
15377 66520       1000      786 0.034791
15378 80512       1000      793 0.034789
15379 75384       1000      820 0.034789
15380 87337       1000      791 0.034788
15381 73656       1000      805 0.034787
15382 87676       1000      808 0.034783
15383 66378       1000      802 0.034782
15384 87447       1000      713 0.034781
15385 71492       1000      739 0.034781
15386 88533       1000      801 0.034780
15387 87556       1000      792 0.034779
15388 87381       1000      785 0.034778
15389 71285       1000      810 0.034777
15390 67910       1000      729 0.034777
15391 83927       1000      789 0.034776
15392 85586       1000      790 0.034775
15393 88814       1000      809 0.034773
15394 67520       1000      822 0.034772
15395 89358       1000      799 0.034771
15396 66470       1000      729 0.034770
15397 76505       1000      784 0.034770
15398 74138       1000      797 0.034769
15399 76354       1000      773 0.034768
15400 83648       1000      797 0.034768
15401 82764       1000      798 0.034766
15402 74057       1000      803 0.034766
15403 74735       1000      810 0.034764
15404 71260       1000      786 0.034760
15405 77960       1000      797 0.034760
15406 74201       1000      721 0.034759
15407 78146       1000      808 0.034759
15408 85491       1000      805 0.034758
15409 82476       1000      825 0.034757
15410 83230       1000      810 0.034757
15411 84316       1000      829 0.034755
15412 66407       1000      831 0.034754
15413 78093       1000      702 0.034753
15414 78448       1000      813 0.034752
15415 77791       1000      753 0.034752
15416 84575       1000      787 0.034750
15417 78821       1000      789 0.034748
15418 67644       1000      796 0.034747
15419 81326       1000      781 0.034747
15420 86058       1000      789 0.034746
15421 69093       1000      812 0.034744
15422 87246       1000      716 0.034743
15423 87336       1000      812 0.034743
15424 75761       1000      798 0.034743
15425 70090       1000      775 0.034743
15426 73363       1000      809 0.034743
15427 69333       1000      801 0.034743
15428 71389       1000      804 0.034742
15429 79389       1000      784 0.034741
15430 87547       1000      788 0.034738
15431 72402       1000      811 0.034738
15432 67150       1000      800 0.034737
15433 72020       1000      834 0.034736
15434 71028       1000      807 0.034736
15435 75159       1000      799 0.034734
15436 81576       1000      788 0.034733
15437 67781       1000      807 0.034730
15438 73231       1000      791 0.034727
15439 79713       1000      791 0.034726
15440 77582       1000      809 0.034724
15441 68033       1000      807 0.034724
15442 71602       1000      722 0.034724
15443 84517       1000      795 0.034723
15444 71077       1000      802 0.034722
15445 74311       1000      804 0.034721
15446 68193       1000      797 0.034720
15447 85418       1000      811 0.034720
15448 78606       1000      794 0.034717
15449 67953       1000      801 0.034716
15450 86607       1000      802 0.034715
15451 77382       1000      816 0.034713
15452 88723       1000      782 0.034712
15453 67009       1000      803 0.034712
15454 85665       1000      720 0.034711
15455 73921       1000      720 0.034710
15456 78892       1000      799 0.034709
15457 73929       1000      801 0.034709
15458 85081       1000      795 0.034708
15459 87938       1000      810 0.034705
15460 68351       1000      783 0.034705
15461 84544       1000      813 0.034705
15462 85688       1000      807 0.034704
15463 87664       1000      794 0.034703
15464 86644       1000      723 0.034702
15465 83628       1000      800 0.034702
15466 78248       1000      802 0.034700
15467 81938       1000      802 0.034697
15468 70129       1000      717 0.034696
15469 71902       1000      800 0.034695
15470 78690       1000      795 0.034695
15471 74618       1000      718 0.034694
15472 70152       1000      802 0.034692
15473 71405       1000      727 0.034692
15474 80766       1000      708 0.034691
15475 88144       1000      810 0.034691
15476 81064       1000      803 0.034690
15477 73797       1000      801 0.034689
15478 76776       1000      813 0.034687
15479 76863       1000      805 0.034682
15480 73942       1000      790 0.034678
15481 74898       1000      736 0.034678
15482 73415       1000      704 0.034677
15483 87254       1000      724 0.034677
15484 66524       1000      778 0.034677
15485 81257       1000      807 0.034676
15486 77790       1000      797 0.034676
15487 75551       1000      810 0.034676
15488 79460       1000      718 0.034673
15489 71126       1000      817 0.034670
15490 79326       1000      792 0.034670
15491 72784       1000      724 0.034669
15492 83678       1000      801 0.034667
15493 76714       1000      796 0.034667
15494 78252       1000      720 0.034667
15495 75287       1000      770 0.034667
15496 72735       1000      829 0.034666
15497 69146       1000      805 0.034660
15498 86050       1000      797 0.034656
15499 70184       1000      805 0.034656
15500 85452       1000      722 0.034656
15501 77344       1000      791 0.034654
15502 78596       1000      816 0.034653
15503 75522       1000      805 0.034652
15504 85179       1000      788 0.034652
15505 88178       1000      806 0.034651
15506 84951       1000      805 0.034648
15507 68032       1000      706 0.034647
15508 80978       1000      803 0.034645
15509 70197       1000      800 0.034645
15510 82404       1000      795 0.034644
15511 73697       1000      707 0.034642
15512 84407       1000      812 0.034640
15513 86122       1000      804 0.034639
15514 85773       1000      781 0.034639
15515 66816       1000      784 0.034638
15516 73811       1000      802 0.034637
15517 87621       1000      777 0.034635
15518 73751       1000      804 0.034635
15519 80666       1000      799 0.034633
15520 82060       1000      809 0.034633
15521 67843       1000      804 0.034632
15522 66869       1000      805 0.034631
15523 68853       1000      830 0.034631
15524 88843       1000      805 0.034630
15525 72438       1000      722 0.034629
15526 66092       1000      812 0.034629
15527 69315       1000      799 0.034628
15528 89268       1000      785 0.034626
15529 87690       1000      819 0.034626
15530 88304       1000      800 0.034625
15531 67082       1000      789 0.034625
15532 87822       1000      784 0.034624
15533 81009       1000      799 0.034622
15534 85448       1000      804 0.034621
15535 67028       1000      790 0.034621
15536 65844       1000      795 0.034621
15537 87837       1000      797 0.034620
15538 86341       1000      804 0.034620
15539 81298       1000      798 0.034619
15540 80649       1000      797 0.034618
15541 81877       1000      815 0.034614
15542 74729       1000      798 0.034614
15543 72691       1000      781 0.034611
15544 88282       1000      796 0.034611
15545 81726       1000      798 0.034610
15546 79201       1000      719 0.034610
15547 85655       1000      796 0.034609
15548 73520       1000      801 0.034609
15549 76688       1000      819 0.034607
15550 70671       1000      794 0.034606
15551 74679       1000      792 0.034605
15552 82655       1000      808 0.034603
15553 75746       1000      783 0.034600
15554 89393       1000      795 0.034599
15555 72188       1000      784 0.034597
15556 67914       1000      815 0.034593
15557 77856       1000      804 0.034593
15558 72808       1000      803 0.034587
15559 77710       1000      794 0.034587
15560 85692       1000      778 0.034586
15561 72617       1000      798 0.034585
15562 75800       1000      800 0.034584
15563 78837       1000      795 0.034582
15564 69150       1000      821 0.034582
15565 70749       1000      830 0.034582
15566 78810       1000      790 0.034582
15567 76783       1000      792 0.034581
15568 69219       1000      799 0.034579
15569 74222       1000      802 0.034576
15570 81811       1000      803 0.034576
15571 75331       1000      819 0.034576
15572 83577       1000      791 0.034575
15573 81991       1000      781 0.034574
15574 67995       1000      809 0.034574
15575 81695       1000      731 0.034570
15576 81025       1000      767 0.034569
15577 85050       1000      784 0.034569
15578 87138       1000      789 0.034568
15579 88572       1000      707 0.034568
15580 85862       1000      810 0.034568
15581 89132       1000      789 0.034566
15582 86120       1000      795 0.034565
15583 68378       1000      795 0.034564
15584 66101       1000      814 0.034564
15585 84355       1000      788 0.034563
15586 85241       1000      734 0.034563
15587 71220       1000      798 0.034561
15588 89278       1000      797 0.034560
15589 84535       1000      793 0.034559
15590 87241       1000      803 0.034557
15591 74643       1000      825 0.034557
15592 78988       1000      783 0.034557
15593 87809       1000      810 0.034553
15594 69393       1000      773 0.034552
15595 76627       1000      795 0.034552
15596 75272       1000      698 0.034550
15597 82468       1000      731 0.034547
15598 80907       1000      782 0.034547
15599 77282       1000      812 0.034546
15600 87773       1000      729 0.034546
15601 87613       1000      806 0.034544
15602 67740       1000      742 0.034544
15603 68958       1000      797 0.034543
15604 75720       1000      732 0.034542
15605 66658       1000      820 0.034540
15606 89229       1000      822 0.034540
15607 85661       1000      738 0.034540
15608 88861       1000      792 0.034540
15609 84813       1000      794 0.034540
15610 81420       1000      717 0.034538
15611 76122       1000      795 0.034538
15612 77476       1000      801 0.034534
15613 73188       1000      798 0.034534
15614 69700       1000      802 0.034530
15615 69157       1000      806 0.034530
15616 86516       1000      793 0.034529
15617 66343       1000      709 0.034526
15618 72346       1000      787 0.034525
15619 81519       1000      789 0.034525
15620 83746       1000      793 0.034522
15621 83407       1000      818 0.034522
15622 73556       1000      799 0.034521
15623 71522       1000      810 0.034520
15624 67440       1000      821 0.034519
15625 88954       1000      799 0.034517
15626 76025       1000      812 0.034517
15627 67692       1000      796 0.034515
15628 81666       1000      797 0.034515
15629 89253       1000      729 0.034513
15630 66763       1000      708 0.034511
15631 72839       1000      797 0.034511
15632 71468       1000      749 0.034510
15633 73785       1000      796 0.034509
15634 67731       1000      803 0.034509
15635 67747       1000      796 0.034505
15636 87534       1000      789 0.034505
15637 78689       1000      814 0.034505
15638 72912       1000      807 0.034505
15639 65974       1000      798 0.034503
15640 75569       1000      775 0.034503
15641 66068       1000      785 0.034502
15642 84228       1000      698 0.034502
15643 74520       1000      819 0.034502
15644 87618       1000      795 0.034499
15645 66389       1000      790 0.034499
15646 78019       1000      804 0.034499
15647 72406       1000      723 0.034497
15648 68799       1000      810 0.034497
15649 74161       1000      810 0.034497
15650 66338       1000      785 0.034493
15651 71722       1000      804 0.034492
15652 80347       1000      795 0.034491
15653 70653       1000      804 0.034491
15654 68541       1000      797 0.034487
15655 83268       1000      811 0.034485
15656 84571       1000      800 0.034483
15657 76455       1000      811 0.034482
15658 88287       1000      785 0.034480
15659 86159       1000      735 0.034477
15660 81044       1000      822 0.034476
15661 74532       1000      795 0.034476
15662 84879       1000      804 0.034476
15663 68082       1000      790 0.034475
15664 76625       1000      793 0.034475
15665 82220       1000      781 0.034474
15666 79939       1000      740 0.034474
15667 71383       1000      795 0.034472
15668 87476       1000      772 0.034468
15669 65860       1000      808 0.034467
15670 69853       1000      806 0.034467
15671 81289       1000      806 0.034466
15672 77561       1000      787 0.034466
15673 78860       1000      785 0.034463
15674 83930       1000      813 0.034463
15675 87365       1000      808 0.034461
15676 72176       1000      806 0.034458
15677 82401       1000      798 0.034457
15678 77310       1000      792 0.034457
15679 80160       1000      792 0.034456
15680 67590       1000      803 0.034455
15681 76553       1000      775 0.034453
15682 84485       1000      800 0.034452
15683 80383       1000      699 0.034451
15684 70525       1000      796 0.034451
15685 68040       1000      794 0.034450
15686 66414       1000      808 0.034449
15687 87813       1000      804 0.034448
15688 87730       1000      740 0.034448
15689 67538       1000      724 0.034445
15690 74009       1000      720 0.034445
15691 76579       1000      789 0.034444
15692 74403       1000      784 0.034443
15693 81400       1000      728 0.034441
15694 73613       1000      808 0.034441
15695 77629       1000      796 0.034440
15696 84817       1000      777 0.034439
15697 81688       1000      803 0.034437
15698 68301       1000      790 0.034435
15699 88948       1000      816 0.034434
15700 77905       1000      803 0.034432
15701 84273       1000      701 0.034431
15702 82307       1000      730 0.034430
15703 80410       1000      809 0.034429
15704 68860       1000      777 0.034428
15705 84931       1000      798 0.034427
15706 69517       1000      799 0.034427
15707 69437       1000      795 0.034425
15708 87214       1000      796 0.034424
15709 72834       1000      803 0.034423
15710 72442       1000      798 0.034422
15711 69232       1000      768 0.034420
15712 69567       1000      809 0.034420
15713 85948       1000      814 0.034416
15714 78731       1000      802 0.034415
15715 73472       1000      786 0.034414
15716 83862       1000      814 0.034413
15717 70029       1000      738 0.034411
15718 81913       1000      719 0.034411
15719 81870       1000      709 0.034411
15720 82723       1000      723 0.034410
15721 67312       1000      730 0.034406
15722 85264       1000      728 0.034405
15723 84810       1000      785 0.034404
15724 89204       1000      819 0.034402
15725 78056       1000      699 0.034401
15726 65949       1000      813 0.034399
15727 78036       1000      806 0.034399
15728 79623       1000      776 0.034398
15729 68816       1000      806 0.034397
15730 68269       1000      775 0.034393
15731 84957       1000      798 0.034393
15732 66833       1000      795 0.034392
15733 81751       1000      716 0.034392
15734 66172       1000      814 0.034391
15735 70108       1000      715 0.034388
15736 70445       1000      788 0.034386
15737 70482       1000      797 0.034385
15738 75810       1000      821 0.034383
15739 75858       1000      785 0.034382
15740 76488       1000      779 0.034381
15741 86502       1000      799 0.034380
15742 66072       1000      774 0.034379
15743 73996       1000      736 0.034378
15744 81185       1000      788 0.034377
15745 89135       1000      811 0.034377
15746 81124       1000      810 0.034377
15747 78549       1000      807 0.034373
15748 72911       1000      802 0.034370
15749 88766       1000      704 0.034369
15750 87335       1000      797 0.034369
15751 83833       1000      812 0.034368
15752 89270       1000      790 0.034367
15753 85359       1000      807 0.034365
15754 67934       1000      791 0.034363
15755 72279       1000      833 0.034363
15756 85045       1000      806 0.034362
15757 69993       1000      802 0.034361
15758 75400       1000      785 0.034360
15759 81074       1000      706 0.034358
15760 85639       1000      790 0.034358
15761 69559       1000      819 0.034353
15762 86625       1000      717 0.034352
15763 83655       1000      802 0.034351
15764 68024       1000      775 0.034349
15765 68155       1000      718 0.034347
15766 66966       1000      791 0.034346
15767 83525       1000      818 0.034345
15768 82191       1000      785 0.034344
15769 76644       1000      806 0.034343
15770 73039       1000      803 0.034342
15771 85828       1000      798 0.034342
15772 72024       1000      812 0.034339
15773 86441       1000      791 0.034339
15774 66729       1000      789 0.034338
15775 68706       1000      792 0.034338
15776 84741       1000      801 0.034337
15777 76669       1000      787 0.034337
15778 66664       1000      792 0.034336
15779 66259       1000      794 0.034333
15780 68561       1000      730 0.034332
15781 65883       1000      779 0.034331
15782 71930       1000      804 0.034330
15783 65811       1000      794 0.034330
15784 75917       1000      814 0.034330
15785 67297       1000      727 0.034330
15786 79215       1000      792 0.034328
15787 73163       1000      816 0.034327
15788 87429       1000      783 0.034327
15789 72879       1000      790 0.034327
15790 88777       1000      804 0.034326
15791 76906       1000      715 0.034325
15792 73855       1000      785 0.034324
15793 77405       1000      809 0.034321
15794 74983       1000      718 0.034320
15795 88966       1000      789 0.034320
15796 69584       1000      792 0.034318
15797 73858       1000      809 0.034318
15798 87994       1000      820 0.034318
15799 76687       1000      812 0.034318
15800 78507       1000      807 0.034317
15801 67450       1000      819 0.034315
15802 73335       1000      793 0.034311
15803 70669       1000      793 0.034311
15804 86767       1000      790 0.034310
15805 78366       1000      804 0.034309
15806 65935       1000      719 0.034308
15807 83295       1000      812 0.034302
15808 68726       1000      799 0.034302
15809 82944       1000      793 0.034299
15810 66991       1000      790 0.034299
15811 84516       1000      719 0.034297
15812 89131       1000      807 0.034297
15813 75818       1000      792 0.034296
15814 78910       1000      795 0.034296
15815 89410       1000      799 0.034296
15816 81512       1000      808 0.034295
15817 84722       1000      728 0.034294
15818 72701       1000      842 0.034294
15819 74441       1000      751 0.034294
15820 89361       1000      793 0.034293
15821 75826       1000      813 0.034289
15822 68822       1000      807 0.034289
15823 88182       1000      712 0.034289
15824 76563       1000      724 0.034289
15825 70637       1000      823 0.034288
15826 72485       1000      802 0.034287
15827 67616       1000      786 0.034282
15828 77473       1000      712 0.034282
15829 68335       1000      822 0.034280
15830 71223       1000      793 0.034278
15831 68150       1000      790 0.034278
15832 77117       1000      794 0.034278
15833 83055       1000      707 0.034275
15834 88303       1000      746 0.034274
15835 76004       1000      741 0.034272
15836 69832       1000      792 0.034271
15837 87176       1000      808 0.034269
15838 70647       1000      807 0.034267
15839 75019       1000      784 0.034267
15840 73884       1000      770 0.034267
15841 83135       1000      786 0.034265
15842 69875       1000      775 0.034263
15843 84563       1000      813 0.034262
15844 77375       1000      791 0.034261
15845 87357       1000      804 0.034261
15846 68867       1000      802 0.034253
15847 86416       1000      695 0.034251
15848 66399       1000      820 0.034251
15849 76351       1000      813 0.034248
15850 69856       1000      801 0.034247
15851 77044       1000      785 0.034246
15852 86315       1000      801 0.034245
15853 85859       1000      807 0.034244
15854 81196       1000      793 0.034244
15855 68216       1000      814 0.034244
15856 80777       1000      742 0.034243
15857 85107       1000      794 0.034240
15858 75380       1000      784 0.034239
15859 80574       1000      801 0.034236
15860 81364       1000      804 0.034232
15861 72351       1000      735 0.034231
15862 87249       1000      785 0.034230
15863 88847       1000      786 0.034230
15864 85888       1000      806 0.034229
15865 84668       1000      809 0.034227
15866 66210       1000      776 0.034226
15867 78642       1000      811 0.034223
15868 86982       1000      786 0.034222
15869 87700       1000      794 0.034222
15870 73583       1000      725 0.034218
15871 66225       1000      810 0.034218
15872 88081       1000      815 0.034217
15873 78086       1000      798 0.034217
15874 72135       1000      804 0.034215
15875 79766       1000      789 0.034214
15876 87884       1000      832 0.034213
15877 87164       1000      804 0.034210
15878 68396       1000      819 0.034210
15879 75595       1000      814 0.034207
15880 83366       1000      803 0.034207
15881 81106       1000      819 0.034206
15882 86974       1000      806 0.034205
15883 81338       1000      811 0.034205
15884 73098       1000      783 0.034205
15885 68466       1000      795 0.034204
15886 66360       1000      773 0.034201
15887 83128       1000      798 0.034198
15888 75729       1000      795 0.034197
15889 83359       1000      739 0.034193
15890 85621       1000      810 0.034189
15891 73126       1000      803 0.034187
15892 82878       1000      808 0.034187
15893 74772       1000      767 0.034185
15894 68478       1000      814 0.034184
15895 71890       1000      807 0.034184
15896 86540       1000      790 0.034183
15897 71684       1000      818 0.034181
15898 72895       1000      797 0.034181
15899 87789       1000      789 0.034180
15900 77320       1000      795 0.034180
15901 81522       1000      803 0.034177
15902 81773       1000      798 0.034177
15903 88131       1000      804 0.034176
15904 86561       1000      807 0.034175
15905 83772       1000      788 0.034174
15906 67620       1000      809 0.034173
15907 74215       1000      709 0.034173
15908 87582       1000      805 0.034171
15909 75798       1000      717 0.034170
15910 66725       1000      777 0.034170
15911 76999       1000      819 0.034168
15912 73315       1000      800 0.034164
15913 80641       1000      795 0.034164
15914 83439       1000      792 0.034162
15915 75970       1000      797 0.034159
15916 69311       1000      813 0.034158
15917 75681       1000      722 0.034158
15918 69628       1000      724 0.034156
15919 83471       1000      791 0.034155
15920 77795       1000      790 0.034155
15921 81325       1000      803 0.034153
15922 79064       1000      722 0.034153
15923 67540       1000      715 0.034153
15924 68420       1000      806 0.034152
15925 84324       1000      809 0.034149
15926 78756       1000      800 0.034147
15927 81569       1000      814 0.034147
15928 84799       1000      789 0.034146
15929 75648       1000      814 0.034146
15930 74483       1000      729 0.034145
15931 83213       1000      812 0.034145
15932 83921       1000      796 0.034143
15933 88867       1000      793 0.034143
15934 71748       1000      807 0.034142
15935 79269       1000      721 0.034140
15936 86689       1000      807 0.034139
15937 77366       1000      815 0.034139
15938 75857       1000      821 0.034138
15939 68817       1000      808 0.034138
15940 85155       1000      824 0.034138
15941 72908       1000      702 0.034137
15942 72389       1000      792 0.034137
15943 70172       1000      791 0.034136
15944 88340       1000      796 0.034135
15945 73416       1000      809 0.034135
15946 67172       1000      797 0.034131
15947 83667       1000      829 0.034126
15948 88634       1000      787 0.034119
15949 80171       1000      808 0.034117
15950 78309       1000      805 0.034113
15951 80858       1000      718 0.034112
15952 75753       1000      813 0.034111
15953 86781       1000      720 0.034111
15954 75925       1000      789 0.034106
15955 67925       1000      785 0.034104
15956 76003       1000      808 0.034103
15957 69977       1000      797 0.034101
15958 79905       1000      798 0.034099
15959 77127       1000      783 0.034098
15960 78315       1000      728 0.034097
15961 75641       1000      805 0.034097
15962 85614       1000      805 0.034092
15963 75668       1000      811 0.034092
15964 80255       1000      788 0.034090
15965 89380       1000      715 0.034086
15966 77450       1000      797 0.034081
15967 69629       1000      785 0.034080
15968 70560       1000      809 0.034080
15969 85075       1000      794 0.034077
15970 81418       1000      794 0.034075
15971 69050       1000      780 0.034072
15972 74930       1000      816 0.034070
15973 69407       1000      789 0.034069
15974 84387       1000      795 0.034069
15975 68417       1000      798 0.034068
15976 69255       1000      805 0.034067
15977 86001       1000      802 0.034066
15978 80969       1000      787 0.034066
15979 67132       1000      820 0.034065
15980 68756       1000      819 0.034065
15981 82525       1000      774 0.034062
15982 78722       1000      806 0.034061
15983 77170       1000      802 0.034060
15984 70227       1000      724 0.034059
15985 68149       1000      796 0.034057
15986 73887       1000      815 0.034056
15987 78087       1000      807 0.034055
15988 72537       1000      786 0.034055
15989 82420       1000      811 0.034054
15990 78171       1000      815 0.034054
15991 80066       1000      795 0.034054
15992 86857       1000      802 0.034053
15993 70462       1000      788 0.034053
15994 81676       1000      714 0.034049
15995 83025       1000      800 0.034048
15996 77630       1000      694 0.034048
15997 82429       1000      818 0.034047
15998 82607       1000      799 0.034045
15999 73559       1000      811 0.034044
16000 77057       1000      804 0.034041
16001 66191       1000      781 0.034039
16002 73876       1000      796 0.034039
16003 73225       1000      800 0.034038
16004 69149       1000      801 0.034036
16005 83752       1000      784 0.034035
16006 71394       1000      805 0.034035
16007 74697       1000      799 0.034034
16008 86096       1000      714 0.034029
16009 72706       1000      795 0.034026
16010 79703       1000      810 0.034023
16011 76830       1000      791 0.034022
16012 71082       1000      802 0.034021
16013 70852       1000      788 0.034020
16014 71507       1000      788 0.034020
16015 79911       1000      793 0.034020
16016 73408       1000      789 0.034019
16017 83657       1000      697 0.034018
16018 76374       1000      799 0.034018
16019 84274       1000      802 0.034017
16020 86332       1000      806 0.034015
16021 79527       1000      819 0.034014
16022 73308       1000      724 0.034011
16023 83392       1000      807 0.034010
16024 73767       1000      728 0.034010
16025 75728       1000      796 0.034008
16026 80345       1000      804 0.034008
16027 86160       1000      803 0.034006
16028 82573       1000      812 0.034005
16029 89157       1000      812 0.034003
16030 88772       1000      726 0.034003
16031 88344       1000      801 0.033997
16032 76867       1000      805 0.033995
16033 85630       1000      724 0.033993
16034 80623       1000      786 0.033993
16035 75883       1000      792 0.033990
16036 75533       1000      794 0.033989
16037 67068       1000      818 0.033989
16038 70925       1000      806 0.033988
16039 76546       1000      696 0.033986
16040 89244       1000      833 0.033984
16041 85453       1000      796 0.033983
16042 80730       1000      799 0.033983
16043 74298       1000      812 0.033982
16044 78524       1000      789 0.033982
16045 69733       1000      801 0.033982
16046 88934       1000      804 0.033982
16047 67142       1000      807 0.033982
16048 80868       1000      791 0.033980
16049 81188       1000      789 0.033979
16050 85196       1000      742 0.033978
16051 74617       1000      798 0.033974
16052 82395       1000      803 0.033973
16053 71822       1000      789 0.033973
16054 70428       1000      810 0.033972
16055 77851       1000      793 0.033970
16056 68689       1000      768 0.033968
16057 76832       1000      775 0.033965
16058 67685       1000      787 0.033965
16059 72142       1000      792 0.033961
16060 69273       1000      793 0.033960
16061 71330       1000      768 0.033959
16062 84886       1000      804 0.033947
16063 83662       1000      799 0.033945
16064 84207       1000      806 0.033943
16065 87807       1000      730 0.033943
16066 68127       1000      802 0.033939
16067 88730       1000      810 0.033938
16068 66827       1000      792 0.033934
16069 69127       1000      791 0.033934
16070 76798       1000      790 0.033932
16071 78390       1000      801 0.033932
16072 67098       1000      717 0.033932
16073 69247       1000      786 0.033932
16074 69698       1000      721 0.033931
16075 79833       1000      838 0.033930
16076 67975       1000      702 0.033930
16077 78253       1000      729 0.033930
16078 79005       1000      814 0.033930
16079 76612       1000      759 0.033930
16080 86524       1000      709 0.033922
16081 85851       1000      779 0.033920
16082 66805       1000      816 0.033917
16083 68566       1000      740 0.033917
16084 86024       1000      791 0.033913
16085 87187       1000      804 0.033913
16086 70353       1000      789 0.033912
16087 81966       1000      799 0.033911
16088 68055       1000      788 0.033911
16089 65981       1000      830 0.033910
16090 80887       1000      771 0.033908
16091 73022       1000      802 0.033908
16092 69142       1000      797 0.033908
16093 73007       1000      790 0.033907
16094 72899       1000      797 0.033907
16095 82481       1000      786 0.033905
16096 70731       1000      792 0.033900
16097 81344       1000      802 0.033893
16098 82507       1000      767 0.033891
16099 82637       1000      782 0.033888
16100 85982       1000      825 0.033886
16101 67135       1000      734 0.033883
16102 82628       1000      803 0.033882
16103 68329       1000      715 0.033879
16104 70347       1000      800 0.033877
16105 78404       1000      808 0.033875
16106 66231       1000      802 0.033875
16107 76624       1000      785 0.033874
16108 74737       1000      791 0.033870
16109 74716       1000      794 0.033869
16110 73481       1000      801 0.033869
16111 75971       1000      804 0.033866
16112 73930       1000      726 0.033863
16113 83437       1000      785 0.033861
16114 70524       1000      725 0.033860
16115 78888       1000      744 0.033859
16116 76241       1000      802 0.033858
16117 67071       1000      788 0.033857
16118 89073       1000      784 0.033856
16119 84265       1000      829 0.033852
16120 72424       1000      808 0.033850
16121 72437       1000      806 0.033849
16122 81714       1000      725 0.033847
16123 81678       1000      739 0.033846
16124 88484       1000      809 0.033841
16125 88345       1000      799 0.033840
16126 80366       1000      785 0.033840
16127 73873       1000      809 0.033840
16128 85372       1000      826 0.033838
16129 81212       1000      811 0.033837
16130 78407       1000      807 0.033836
16131 71780       1000      812 0.033835
16132 72215       1000      727 0.033833
16133 86987       1000      771 0.033831
16134 71646       1000      808 0.033831
16135 66707       1000      804 0.033830
16136 87661       1000      800 0.033830
16137 66982       1000      692 0.033827
16138 77317       1000      781 0.033825
16139 72719       1000      766 0.033821
16140 68439       1000      795 0.033821
16141 71498       1000      814 0.033819
16142 70505       1000      787 0.033812
16143 71245       1000      810 0.033811
16144 85976       1000      790 0.033811
16145 80692       1000      775 0.033807
16146 67678       1000      790 0.033803
16147 69591       1000      814 0.033803
16148 76717       1000      799 0.033802
16149 87233       1000      779 0.033797
16150 76100       1000      817 0.033795
16151 69844       1000      783 0.033792
16152 80491       1000      803 0.033792
16153 84935       1000      780 0.033789
16154 68655       1000      799 0.033787
16155 80123       1000      742 0.033785
16156 77698       1000      811 0.033784
16157 88839       1000      812 0.033783
16158 75185       1000      825 0.033781
16159 71292       1000      817 0.033778
16160 87479       1000      804 0.033778
16161 77302       1000      736 0.033777
16162 82181       1000      808 0.033776
16163 80038       1000      796 0.033772
16164 69677       1000      793 0.033770
16165 86522       1000      794 0.033768
16166 75957       1000      778 0.033766
16167 77824       1000      725 0.033765
16168 66331       1000      808 0.033765
16169 68468       1000      803 0.033764
16170 66450       1000      733 0.033760
16171 78512       1000      796 0.033756
16172 87197       1000      798 0.033756
16173 83480       1000      793 0.033756
16174 67727       1000      821 0.033756
16175 72710       1000      786 0.033755
16176 67729       1000      723 0.033753
16177 81439       1000      810 0.033752
16178 86244       1000      774 0.033752
16179 66831       1000      788 0.033744
16180 66597       1000      805 0.033744
16181 85062       1000      701 0.033743
16182 77027       1000      795 0.033743
16183 71821       1000      793 0.033742
16184 67258       1000      806 0.033741
16185 80563       1000      803 0.033740
16186 66386       1000      779 0.033736
16187 81209       1000      798 0.033735
16188 78131       1000      815 0.033735
16189 84907       1000      795 0.033734
16190 83059       1000      711 0.033731
16191 77641       1000      744 0.033729
16192 77736       1000      815 0.033727
16193 81150       1000      780 0.033725
16194 86169       1000      786 0.033725
16195 67381       1000      824 0.033723
16196 84701       1000      781 0.033723
16197 80189       1000      812 0.033722
16198 67680       1000      767 0.033720
16199 75519       1000      788 0.033717
16200 88166       1000      721 0.033716
16201 80080       1000      788 0.033715
16202 80302       1000      750 0.033713
16203 87275       1000      815 0.033712
16204 83607       1000      729 0.033710
16205 87611       1000      778 0.033707
16206 69070       1000      800 0.033704
16207 86559       1000      812 0.033702
16208 65837       1000      728 0.033700
16209 79213       1000      793 0.033699
16210 68684       1000      813 0.033699
16211 68780       1000      797 0.033696
16212 73483       1000      811 0.033696
16213 76150       1000      789 0.033695
16214 82140       1000      775 0.033695
16215 87203       1000      707 0.033692
16216 78723       1000      797 0.033692
16217 73052       1000      783 0.033692
16218 74702       1000      800 0.033690
16219 69692       1000      778 0.033688
16220 85583       1000      787 0.033680
16221 75399       1000      796 0.033680
16222 78258       1000      768 0.033678
16223 78380       1000      817 0.033677
16224 70315       1000      797 0.033675
16225 79548       1000      795 0.033674
16226 83354       1000      816 0.033672
16227 75292       1000      807 0.033671
16228 78015       1000      805 0.033669
16229 76966       1000      818 0.033669
16230 67105       1000      787 0.033668
16231 69014       1000      725 0.033667
16232 80723       1000      802 0.033664
16233 84009       1000      712 0.033663
16234 89027       1000      800 0.033660
16235 67097       1000      794 0.033658
16236 72747       1000      800 0.033657
16237 77783       1000      788 0.033654
16238 78994       1000      722 0.033652
16239 82009       1000      796 0.033649
16240 88338       1000      802 0.033647
16241 71421       1000      733 0.033640
16242 78207       1000      806 0.033636
16243 83820       1000      787 0.033636
16244 68509       1000      728 0.033636
16245 67645       1000      796 0.033635
16246 77250       1000      812 0.033632
16247 88557       1000      817 0.033632
16248 74543       1000      820 0.033629
16249 85520       1000      728 0.033627
16250 78051       1000      790 0.033625
16251 80032       1000      779 0.033621
16252 68713       1000      734 0.033620
16253 85440       1000      794 0.033620
16254 74040       1000      787 0.033619
16255 69425       1000      779 0.033616
16256 86293       1000      795 0.033612
16257 72484       1000      784 0.033612
16258 80939       1000      803 0.033611
16259 84804       1000      805 0.033611
16260 82205       1000      785 0.033604
16261 86609       1000      703 0.033604
16262 66558       1000      769 0.033602
16263 76073       1000      781 0.033602
16264 68607       1000      816 0.033601
16265 88104       1000      807 0.033600
16266 70577       1000      799 0.033599
16267 84364       1000      795 0.033596
16268 69360       1000      792 0.033596
16269 68669       1000      794 0.033595
16270 87950       1000      784 0.033594
16271 75584       1000      773 0.033593
16272 68671       1000      710 0.033591
16273 76896       1000      806 0.033590
16274 75518       1000      793 0.033585
16275 79665       1000      738 0.033583
16276 73796       1000      740 0.033581
16277 67807       1000      804 0.033580
16278 86746       1000      708 0.033579
16279 83253       1000      793 0.033575
16280 66942       1000      794 0.033575
16281 77098       1000      802 0.033574
16282 67776       1000      792 0.033571
16283 79247       1000      820 0.033565
16284 66697       1000      817 0.033564
16285 75284       1000      712 0.033562
16286 72430       1000      717 0.033562
16287 85374       1000      816 0.033557
16288 83544       1000      701 0.033556
16289 75006       1000      782 0.033556
16290 78584       1000      775 0.033555
16291 73946       1000      720 0.033553
16292 86392       1000      793 0.033551
16293 80916       1000      806 0.033541
16294 78727       1000      819 0.033541
16295 80784       1000      806 0.033541
16296 72943       1000      808 0.033540
16297 71027       1000      780 0.033539
16298 88868       1000      789 0.033538
16299 82802       1000      781 0.033532
16300 68956       1000      807 0.033531
16301 84086       1000      807 0.033527
16302 81311       1000      788 0.033527
16303 69796       1000      782 0.033526
16304 68299       1000      787 0.033526
16305 85013       1000      813 0.033524
16306 87071       1000      786 0.033524
16307 75744       1000      810 0.033519
16308 79701       1000      813 0.033514
16309 70614       1000      795 0.033514
16310 77534       1000      808 0.033513
16311 73107       1000      798 0.033511
16312 77185       1000      801 0.033510
16313 65892       1000      717 0.033510
16314 66529       1000      802 0.033509
16315 85977       1000      806 0.033508
16316 88242       1000      716 0.033508
16317 88236       1000      715 0.033507
16318 70312       1000      806 0.033506
16319 69861       1000      739 0.033506
16320 69019       1000      797 0.033503
16321 74954       1000      725 0.033499
16322 88702       1000      721 0.033498
16323 67673       1000      792 0.033498
16324 83675       1000      780 0.033497
16325 68522       1000      814 0.033491
16326 66286       1000      724 0.033489
16327 69554       1000      828 0.033488
16328 72602       1000      829 0.033485
16329 79295       1000      801 0.033477
16330 85336       1000      809 0.033473
16331 77755       1000      691 0.033471
16332 87070       1000      815 0.033471
16333 73490       1000      827 0.033468
16334 78698       1000      792 0.033467
16335 74932       1000      794 0.033463
16336 66418       1000      811 0.033463
16337 75722       1000      806 0.033463
16338 75473       1000      787 0.033462
16339 77401       1000      794 0.033460
16340 74710       1000      811 0.033458
16341 75444       1000      781 0.033455
16342 70820       1000      687 0.033455
16343 86658       1000      819 0.033451
16344 66810       1000      800 0.033447
16345 70403       1000      794 0.033446
16346 79415       1000      790 0.033443
16347 73368       1000      777 0.033440
16348 75229       1000      797 0.033434
16349 83616       1000      798 0.033434
16350 66113       1000      805 0.033433
16351 80108       1000      803 0.033433
16352 78880       1000      812 0.033431
16353 68998       1000      731 0.033431
16354 89389       1000      783 0.033425
16355 68321       1000      807 0.033422
16356 66951       1000      795 0.033421
16357 68631       1000      791 0.033421
16358 88635       1000      783 0.033420
16359 71870       1000      804 0.033418
16360 66549       1000      820 0.033411
16361 83867       1000      718 0.033410
16362 80773       1000      802 0.033408
16363 74713       1000      798 0.033404
16364 83976       1000      715 0.033400
16365 73829       1000      800 0.033400
16366 76665       1000      795 0.033399
16367 80248       1000      818 0.033399
16368 82560       1000      733 0.033398
16369 87735       1000      724 0.033398
16370 81265       1000      809 0.033398
16371 70969       1000      738 0.033393
16372 86824       1000      792 0.033391
16373 66180       1000      722 0.033389
16374 78759       1000      812 0.033387
16375 75529       1000      815 0.033386
16376 69724       1000      788 0.033385
16377 71369       1000      788 0.033384
16378 70688       1000      800 0.033383
16379 71385       1000      809 0.033380
16380 73388       1000      797 0.033378
16381 80684       1000      793 0.033370
16382 70631       1000      785 0.033367
16383 82763       1000      811 0.033364
16384 79968       1000      801 0.033363
16385 71122       1000      808 0.033362
16386 73197       1000      798 0.033362
16387 66300       1000      769 0.033360
16388 85706       1000      714 0.033357
16389 78527       1000      801 0.033357
16390 79155       1000      821 0.033357
16391 72548       1000      730 0.033355
16392 84670       1000      798 0.033354
16393 78915       1000      798 0.033350
16394 84978       1000      784 0.033349
16395 68248       1000      809 0.033348
16396 88981       1000      783 0.033346
16397 80394       1000      811 0.033345
16398 68529       1000      796 0.033343
16399 67244       1000      784 0.033340
16400 84832       1000      797 0.033339
16401 68709       1000      807 0.033338
16402 74558       1000      724 0.033338
16403 74451       1000      786 0.033333
16404 86838       1000      823 0.033332
16405 70073       1000      806 0.033330
16406 87298       1000      793 0.033330
16407 71658       1000      829 0.033329
16408 81288       1000      793 0.033328
16409 75036       1000      810 0.033327
16410 66394       1000      806 0.033326
16411 66292       1000      796 0.033323
16412 85754       1000      801 0.033322
16413 75173       1000      786 0.033322
16414 80212       1000      821 0.033321
16415 67867       1000      811 0.033320
16416 87023       1000      793 0.033319
16417 87643       1000      791 0.033318
16418 80820       1000      790 0.033312
16419 80495       1000      793 0.033309
16420 66245       1000      770 0.033309
16421 73989       1000      796 0.033304
16422 87009       1000      792 0.033301
16423 89236       1000      739 0.033300
16424 70025       1000      736 0.033297
16425 67571       1000      802 0.033288
16426 68921       1000      784 0.033286
16427 76541       1000      801 0.033286
16428 68672       1000      803 0.033285
16429 82762       1000      811 0.033282
16430 88325       1000      698 0.033278
16431 79861       1000      721 0.033278
16432 78456       1000      818 0.033276
16433 74753       1000      816 0.033274
16434 68564       1000      789 0.033271
16435 85576       1000      798 0.033269
16436 65918       1000      798 0.033268
16437 88260       1000      801 0.033268
16438 74327       1000      813 0.033268
16439 75456       1000      803 0.033264
16440 66211       1000      799 0.033263
16441 76791       1000      816 0.033263
16442 68950       1000      809 0.033262
16443 80209       1000      763 0.033260
16444 74494       1000      803 0.033259
16445 81740       1000      715 0.033257
16446 88662       1000      812 0.033257
16447 66144       1000      770 0.033254
16448 75309       1000      781 0.033251
16449 76733       1000      781 0.033250
16450 86534       1000      778 0.033250
16451 76258       1000      801 0.033246
16452 80917       1000      795 0.033244
16453 83575       1000      715 0.033244
16454 88575       1000      826 0.033241
16455 79712       1000      806 0.033241
16456 86510       1000      807 0.033239
16457 80243       1000      805 0.033237
16458 83705       1000      795 0.033236
16459 88170       1000      801 0.033235
16460 87131       1000      714 0.033235
16461 87318       1000      813 0.033234
16462 72795       1000      803 0.033231
16463 74407       1000      779 0.033231
16464 69725       1000      788 0.033227
16465 74236       1000      714 0.033226
16466 71545       1000      821 0.033222
16467 70417       1000      802 0.033219
16468 78665       1000      813 0.033217
16469 72269       1000      795 0.033217
16470 65852       1000      705 0.033216
16471 70662       1000      807 0.033216
16472 80278       1000      730 0.033214
16473 67762       1000      803 0.033213
16474 75985       1000      808 0.033212
16475 70682       1000      795 0.033211
16476 74444       1000      826 0.033203
16477 73191       1000      798 0.033202
16478 75531       1000      734 0.033201
16479 87020       1000      799 0.033200
16480 68649       1000      800 0.033199
16481 81138       1000      803 0.033191
16482 78950       1000      806 0.033190
16483 75863       1000      770 0.033189
16484 78233       1000      779 0.033185
16485 68030       1000      728 0.033180
16486 88656       1000      793 0.033178
16487 86967       1000      811 0.033177
16488 67004       1000      713 0.033172
16489 85199       1000      796 0.033170
16490 72421       1000      713 0.033169
16491 84649       1000      799 0.033161
16492 71215       1000      733 0.033159
16493 84133       1000      812 0.033156
16494 83028       1000      805 0.033156
16495 89055       1000      806 0.033154
16496 87673       1000      815 0.033152
16497 76745       1000      748 0.033152
16498 76982       1000      784 0.033150
16499 72865       1000      796 0.033146
16500 85009       1000      803 0.033142
16501 71282       1000      752 0.033140
16502 68673       1000      805 0.033131
16503 69346       1000      797 0.033130
16504 84476       1000      777 0.033126
16505 77132       1000      808 0.033125
16506 70532       1000      718 0.033122
16507 87778       1000      801 0.033122
16508 69578       1000      807 0.033118
16509 81333       1000      779 0.033113
16510 66747       1000      800 0.033111
16511 81577       1000      789 0.033105
16512 67402       1000      801 0.033105
16513 70719       1000      797 0.033104
16514 74673       1000      802 0.033104
16515 80824       1000      770 0.033101
16516 70093       1000      798 0.033101
16517 70818       1000      793 0.033096
16518 73701       1000      796 0.033094
16519 77617       1000      799 0.033093
16520 68794       1000      820 0.033092
16521 87384       1000      799 0.033084
16522 82509       1000      786 0.033083
16523 77938       1000      801 0.033081
16524 85786       1000      776 0.033081
16525 72340       1000      795 0.033081
16526 69621       1000      784 0.033079
16527 81270       1000      773 0.033076
16528 78399       1000      798 0.033074
16529 76443       1000      784 0.033072
16530 87462       1000      805 0.033071
16531 79416       1000      806 0.033068
16532 66439       1000      812 0.033067
16533 82798       1000      802 0.033066
16534 65960       1000      739 0.033063
16535 80648       1000      806 0.033058
16536 74986       1000      791 0.033056
16537 67430       1000      808 0.033055
16538 76118       1000      803 0.033055
16539 69263       1000      817 0.033053
16540 69711       1000      797 0.033047
16541 88767       1000      806 0.033047
16542 70876       1000      788 0.033044
16543 70391       1000      815 0.033042
16544 78666       1000      778 0.033040
16545 83246       1000      822 0.033038
16546 84179       1000      808 0.033038
16547 78861       1000      776 0.033034
16548 86062       1000      798 0.033030
16549 88892       1000      810 0.033025
16550 66565       1000      790 0.033025
16551 72008       1000      795 0.033023
16552 76215       1000      734 0.033022
16553 76431       1000      810 0.033020
16554 83747       1000      719 0.033017
16555 75639       1000      782 0.033016
16556 78517       1000      800 0.033015
16557 79008       1000      717 0.033013
16558 70259       1000      731 0.033013
16559 73383       1000      810 0.033013
16560 69022       1000      701 0.033007
16561 84434       1000      821 0.033003
16562 67033       1000      807 0.032998
16563 85457       1000      804 0.032997
16564 71080       1000      803 0.032996
16565 70755       1000      795 0.032979
16566 73245       1000      724 0.032978
16567 75876       1000      797 0.032973
16568 70830       1000      807 0.032973
16569 86331       1000      803 0.032971
16570 75344       1000      740 0.032963
16571 69410       1000      729 0.032956
16572 70283       1000      825 0.032955
16573 66864       1000      784 0.032954
16574 76747       1000      819 0.032951
16575 69971       1000      711 0.032948
16576 84510       1000      809 0.032945
16577 67863       1000      781 0.032938
16578 75142       1000      716 0.032937
16579 78822       1000      790 0.032934
16580 69952       1000      784 0.032932
16581 81580       1000      781 0.032932
16582 85292       1000      786 0.032929
16583 81271       1000      801 0.032919
16584 88451       1000      809 0.032918
16585 80559       1000      809 0.032917
16586 79750       1000      735 0.032916
16587 85260       1000      812 0.032910
16588 67120       1000      786 0.032909
16589 80852       1000      789 0.032908
16590 66627       1000      817 0.032902
16591 70313       1000      819 0.032900
16592 79331       1000      707 0.032900
16593 76820       1000      784 0.032899
16594 77203       1000      701 0.032898
16595 80893       1000      798 0.032897
16596 81987       1000      813 0.032896
16597 72295       1000      792 0.032894
16598 68847       1000      789 0.032894
16599 85250       1000      794 0.032891
16600 75452       1000      789 0.032890
16601 89024       1000      791 0.032889
16602 87000       1000      808 0.032887
16603 76977       1000      804 0.032882
16604 87683       1000      771 0.032880
16605 84530       1000      809 0.032879
16606 86181       1000      789 0.032877
16607 89288       1000      797 0.032876
16608 74778       1000      804 0.032875
16609 88040       1000      805 0.032874
16610 78483       1000      808 0.032866
16611 75410       1000      820 0.032863
16612 85603       1000      725 0.032862
16613 75532       1000      783 0.032861
16614 86569       1000      729 0.032860
16615 77747       1000      798 0.032857
16616 84827       1000      821 0.032851
16617 72341       1000      796 0.032843
16618 86327       1000      813 0.032841
16619 83812       1000      792 0.032840
16620 72111       1000      795 0.032829
16621 77093       1000      809 0.032822
16622 70802       1000      800 0.032819
16623 80137       1000      788 0.032819
16624 77988       1000      804 0.032794
16625 70878       1000      806 0.032789
16626 80388       1000      822 0.032779
16627 76843       1000      800 0.032776
16628 74351       1000      795 0.032774
16629 68454       1000      780 0.032773
16630 81457       1000      785 0.032771
16631 84382       1000      714 0.032769
16632 82998       1000      787 0.032759
16633 89164       1000      720 0.032754
16634 69441       1000      804 0.032747
16635 79902       1000      792 0.032746
16636 72480       1000      792 0.032744
16637 88878       1000      794 0.032743
16638 73780       1000      795 0.032741
16639 87904       1000      785 0.032738
16640 68919       1000      791 0.032736
16641 79536       1000      810 0.032733
16642 76327       1000      788 0.032723
16643 83804       1000      793 0.032718
16644 75677       1000      795 0.032718
16645 69076       1000      791 0.032713
16646 67342       1000      783 0.032711
16647 72393       1000      798 0.032710
16648 88530       1000      798 0.032710
16649 87570       1000      817 0.032706
16650 77877       1000      794 0.032705
16651 68944       1000      805 0.032694
16652 86239       1000      726 0.032693
16653 86367       1000      802 0.032692
16654 89377       1000      806 0.032691
16655 82063       1000      805 0.032690
16656 85291       1000      790 0.032675
16657 86173       1000      803 0.032675
16658 74637       1000      783 0.032675
16659 88780       1000      786 0.032674
16660 86700       1000      740 0.032669
16661 71564       1000      701 0.032668
16662 86921       1000      803 0.032663
16663 81069       1000      814 0.032660
16664 65924       1000      801 0.032653
16665 88914       1000      808 0.032647
16666 76726       1000      793 0.032646
16667 88793       1000      792 0.032644
16668 82631       1000      793 0.032644
16669 66265       1000      796 0.032643
16670 66829       1000      805 0.032638
16671 69903       1000      816 0.032636
16672 81426       1000      729 0.032633
16673 69760       1000      797 0.032633
16674 85367       1000      822 0.032622
16675 83557       1000      809 0.032620
16676 80057       1000      781 0.032619
16677 85396       1000      723 0.032617
16678 72645       1000      793 0.032615
16679 83714       1000      819 0.032613
16680 76421       1000      801 0.032600
16681 72653       1000      814 0.032593
16682 88665       1000      801 0.032592
16683 70790       1000      795 0.032591
16684 73147       1000      807 0.032591
16685 87564       1000      789 0.032581
16686 69797       1000      725 0.032581
16687 82910       1000      809 0.032576
16688 84860       1000      807 0.032576
16689 85227       1000      795 0.032575
16690 72662       1000      806 0.032575
16691 84167       1000      777 0.032566
16692 78700       1000      792 0.032563
16693 87913       1000      794 0.032560
16694 74398       1000      799 0.032556
16695 70370       1000      792 0.032553
16696 87105       1000      788 0.032544
16697 80176       1000      795 0.032543
16698 87942       1000      807 0.032542
16699 73668       1000      801 0.032542
16700 79190       1000      801 0.032537
16701 67397       1000      705 0.032537
16702 80395       1000      814 0.032527
16703 74247       1000      775 0.032522
16704 81735       1000      802 0.032518
16705 69705       1000      820 0.032513
16706 75346       1000      798 0.032508
16707 79847       1000      806 0.032507
16708 74664       1000      786 0.032505
16709 75944       1000      803 0.032503
16710 66573       1000      797 0.032497
16711 67414       1000      713 0.032494
16712 85723       1000      742 0.032484
16713 85719       1000      816 0.032478
16714 76848       1000      794 0.032477
16715 81330       1000      822 0.032469
16716 81357       1000      791 0.032467
16717 77616       1000      793 0.032456
16718 67462       1000      818 0.032455
16719 78132       1000      782 0.032444
16720 87880       1000      791 0.032440
16721 77242       1000      799 0.032437
16722 86333       1000      836 0.032429
16723 77777       1000      804 0.032423
16724 76623       1000      804 0.032421
16725 75581       1000      807 0.032419
16726 73074       1000      690 0.032409
16727 74701       1000      798 0.032409
16728 77847       1000      791 0.032404
16729 86723       1000      803 0.032399
16730 81266       1000      721 0.032392
16731 83837       1000      785 0.032385
16732 77858       1000      774 0.032376
16733 70458       1000      752 0.032364
16734 87372       1000      821 0.032360
16735 79261       1000      817 0.032355
16736 75206       1000      803 0.032349
16737 66663       1000      814 0.032338
16738 76479       1000      794 0.032331
16739 76780       1000      802 0.032329
16740 68688       1000      796 0.032315
16741 85783       1000      798 0.032303
16742 69481       1000      806 0.032296
16743 88525       1000      809 0.032294
16744 70514       1000      790 0.032289
16745 77272       1000      783 0.032289
16746 66676       1000      797 0.032284
16747 77655       1000      737 0.032277
16748 81465       1000      786 0.032271
16749 69078       1000      797 0.032266
16750 88192       1000      753 0.032256
16751 86489       1000      805 0.032250
16752 66519       1000      791 0.032248
16753 76481       1000      784 0.032234
16754 67056       1000      799 0.032225
16755 66986       1000      778 0.032209
16756 79743       1000      781 0.032208
16757 75997       1000      789 0.032199
16758 67624       1000      802 0.032199
16759 77273       1000      791 0.032195
16760 75011       1000      799 0.032195
16761 77972       1000      722 0.032191
16762 84703       1000      720 0.032189
16763 76854       1000      807 0.032185
16764 81444       1000      811 0.032184
16765 79471       1000      819 0.032173
16766 87021       1000      719 0.032161
16767 70740       1000      821 0.032158
16768 69619       1000      811 0.032153
16769 73843       1000      798 0.032141
16770 87464       1000      796 0.032139
16771 85197       1000      771 0.032125
16772 86229       1000      793 0.032124
16773 74260       1000      801 0.032117
16774 89414       1000      714 0.032116
16775 75819       1000      814 0.032112
16776 83940       1000      809 0.032108
16777 84622       1000      707 0.032102
16778 72103       1000      784 0.032100
16779 69006       1000      798 0.032096
16780 86436       1000      814 0.032092
16781 86710       1000      797 0.032092
16782 83057       1000      818 0.032080
16783 85700       1000      818 0.032074
16784 66750       1000      751 0.032069
16785 82111       1000      729 0.032068
16786 86810       1000      824 0.032060
16787 82696       1000      791 0.032047
16788 79318       1000      765 0.032033
16789 74791       1000      798 0.032003
16790 79742       1000      735 0.032002
16791 82991       1000      796 0.031999
16792 71314       1000      699 0.031996
16793 69477       1000      815 0.031995
16794 72897       1000      787 0.031960
16795 69768       1000      805 0.031954
16796 66521       1000      794 0.031946
16797 78745       1000      791 0.031921
16798 66634       1000      792 0.031908
16799 68927       1000      802 0.031903
16800 67866       1000      809 0.031891
16801 78432       1000      725 0.031880
16802 80161       1000      792 0.031875
16803 88728       1000      734 0.031871
16804 80042       1000      782 0.031870
16805 89339       1000      729 0.031862
16806 73762       1000      799 0.031862
16807 86794       1000      802 0.031846
16808 66541       1000      718 0.031838
16809 82585       1000      784 0.031834
16810 73531       1000      804 0.031830
16811 75994       1000      797 0.031822
16812 78126       1000      781 0.031810
16813 84410       1000      801 0.031808
16814 82399       1000      770 0.031789
16815 76871       1000      802 0.031778
16816 82021       1000      821 0.031766
16817 87742       1000      707 0.031763
16818 72125       1000      778 0.031762
16819 84835       1000      809 0.031755
16820 73130       1000      805 0.031737
16821 80932       1000      704 0.031730
16822 75373       1000      793 0.031687
16823 67195       1000      799 0.031683
16824 70194       1000      735 0.031677
16825 76154       1000      725 0.031656
16826 87627       1000      823 0.031636
16827 69614       1000      805 0.031631
16828 89277       1000      812 0.031627
16829 89144       1000      778 0.031620
16830 77146       1000      804 0.031610
16831 87698       1000      801 0.031606
16832 79223       1000      744 0.031605
16833 74800       1000      796 0.031603
16834 78481       1000      807 0.031601
16835 75592       1000      789 0.031582
16836 86597       1000      804 0.031580
16837 70679       1000      798 0.031568
16838 82041       1000      792 0.031547
16839 77400       1000      789 0.031529
16840 67749       1000      797 0.031511
16841 88271       1000      779 0.031502
16842 89011       1000      813 0.031489
16843 88548       1000      761 0.031480
16844 72220       1000      808 0.031455
16845 67368       1000      798 0.031437
16846 84499       1000      695 0.031433
16847 86074       1000      791 0.031432
16848 78945       1000      716 0.031421
16849 65862       1000      787 0.031416
16850 67280       1000      785 0.031395
16851 71680       1000      812 0.031336
16852 70310       1000      810 0.031323
16853 70486       1000      783 0.031303
16854 80487       1000      812 0.031276
16855 87102       1000      785 0.031275
16856 86381       1000      798 0.031247
16857 88641       1000      798 0.031196
16858 83882       1000      808 0.031172
16859 74917       1000      820 0.031081
16860 82692       1000      791 0.031036
16861 87669       1000      824 0.031015
16862 85357       1000      804 0.030979
16863 68213       1000      835 0.030979
16864 81493       1000      816 0.030936
16865 72372       1000      811 0.030805
16866 65807       1000      778 0.030802
16867 87386       1000      806 0.030782
16868 72813       1000      806 0.030759
16869 77607       1000      811 0.030733
16870 74279       1000      784 0.030667
16871 66798       1000      785 0.030615
16872 70606       1000      810 0.030598
16873 83640       1000      786 0.030555
16874 86329       1000      788 0.030481
16875 71267       1000      782 0.030452
16876 88837       1000      801 0.030445
16877 77180       1000      785 0.030441
16878 69969       1000      790 0.030335
16879 76204       1000      807 0.030185
16880 89384       1000      733 0.030135
16881 76071       1000      818 0.030024
16882 87245       1000      784 0.029398
16883 65810       1000        0      NaN
16884 65828       1000        0      NaN
16885 65835       1000        0      NaN
16886 65842       1000        0      NaN
16887 65855       1000        0      NaN
16888 65857       1000        0      NaN
16889 65858       1000        0      NaN
16890 65867       1000        0      NaN
16891 65877       1000        0      NaN
16892 65887       1000        0      NaN
16893 65888       1000        0      NaN
16894 65891       1000        0      NaN
16895 65895       1000        0      NaN
16896 65907       1000        0      NaN
16897 65910       1000        0      NaN
16898 65919       1000        0      NaN
16899 65932       1000        0      NaN
16900 65938       1000        0      NaN
16901 65942       1000        0      NaN
16902 65943       1000        0      NaN
16903 65947       1000        0      NaN
16904 65948       1000        0      NaN
16905 65953       1000        0      NaN
16906 65965       1000        0      NaN
16907 65969       1000        0      NaN
16908 65976       1000        0      NaN
16909 65995       1000        0      NaN
16910 66000       1000        0      NaN
16911 66004       1000        0      NaN
16912 66015       1000        0      NaN
16913 66019       1000        0      NaN
16914 66021       1000        0      NaN
16915 66024       1000        0      NaN
16916 66028       1000        0      NaN
16917 66029       1000        0      NaN
16918 66038       1000        0      NaN
16919 66042       1000        0      NaN
16920 66051       1000        0      NaN
16921 66057       1000        0      NaN
16922 66062       1000        0      NaN
16923 66063       1000        0      NaN
16924 66067       1000        0      NaN
16925 66073       1000        0      NaN
16926 66075       1000        0      NaN
16927 66079       1000        0      NaN
16928 66093       1000        0      NaN
16929 66112       1000        0      NaN
16930 66130       1000        0      NaN
16931 66133       1000        0      NaN
16932 66137       1000        0      NaN
16933 66138       1000        0      NaN
16934 66149       1000        0      NaN
16935 66159       1000        0      NaN
16936 66163       1000        0      NaN
16937 66167       1000        0      NaN
16938 66171       1000        0      NaN
16939 66176       1000        0      NaN
16940 66183       1000        0      NaN
16941 66185       1000        0      NaN
16942 66187       1000        0      NaN
16943 66189       1000        0      NaN
16944 66190       1000        0      NaN
16945 66193       1000        0      NaN
16946 66203       1000        0      NaN
16947 66204       1000        0      NaN
16948 66213       1000        0      NaN
16949 66216       1000        0      NaN
16950 66221       1000        0      NaN
16951 66229       1000        0      NaN
16952 66238       1000        0      NaN
16953 66250       1000        0      NaN
16954 66257       1000        0      NaN
16955 66258       1000        0      NaN
16956 66260       1000        0      NaN
16957 66268       1000        0      NaN
16958 66276       1000        0      NaN
16959 66289       1000        0      NaN
16960 66291       1000        0      NaN
16961 66298       1000        0      NaN
16962 66304       1000        0      NaN
16963 66308       1000        0      NaN
16964 66309       1000        0      NaN
16965 66314       1000        0      NaN
16966 66316       1000        0      NaN
16967 66317       1000        0      NaN
16968 66318       1000        0      NaN
16969 66325       1000        0      NaN
16970 66334       1000        0      NaN
16971 66336       1000        0      NaN
16972 66339       1000        0      NaN
16973 66341       1000        0      NaN
16974 66355       1000        0      NaN
16975 66387       1000        0      NaN
16976 66391       1000        0      NaN
16977 66400       1000        0      NaN
16978 66417       1000        0      NaN
16979 66420       1000        0      NaN
16980 66449       1000        0      NaN
16981 66453       1000        0      NaN
16982 66456       1000        0      NaN
16983 66478       1000        0      NaN
16984 66494       1000        0      NaN
16985 66496       1000        0      NaN
16986 66501       1000        0      NaN
16987 66506       1000        0      NaN
16988 66510       1000        0      NaN
16989 66516       1000        0      NaN
16990 66523       1000        0      NaN
16991 66543       1000        0      NaN
16992 66546       1000        0      NaN
16993 66559       1000        0      NaN
16994 66571       1000        0      NaN
16995 66584       1000        0      NaN
16996 66590       1000        0      NaN
16997 66595       1000        0      NaN
16998 66608       1000        0      NaN
16999 66609       1000        0      NaN
17000 66613       1000        0      NaN
17001 66617       1000        0      NaN
17002 66620       1000        0      NaN
17003 66624       1000        0      NaN
17004 66628       1000        0      NaN
17005 66635       1000        0      NaN
17006 66645       1000        0      NaN
17007 66646       1000        0      NaN
17008 66651       1000        0      NaN
17009 66677       1000        0      NaN
17010 66690       1000        0      NaN
17011 66694       1000        0      NaN
17012 66699       1000        0      NaN
17013 66705       1000        0      NaN
17014 66708       1000        0      NaN
17015 66714       1000        0      NaN
17016 66717       1000        0      NaN
17017 66720       1000        0      NaN
17018 66723       1000        0      NaN
17019 66735       1000        0      NaN
17020 66740       1000        0      NaN
17021 66742       1000        0      NaN
17022 66748       1000        0      NaN
17023 66759       1000        0      NaN
17024 66766       1000        0      NaN
17025 66780       1000        0      NaN
17026 66781       1000        0      NaN
17027 66789       1000        0      NaN
17028 66797       1000        0      NaN
17029 66814       1000        0      NaN
17030 66819       1000        0      NaN
17031 66821       1000        0      NaN
17032 66832       1000        0      NaN
17033 66842       1000        0      NaN
17034 66856       1000        0      NaN
17035 66870       1000        0      NaN
17036 66877       1000        0      NaN
17037 66891       1000        0      NaN
17038 66899       1000        0      NaN
17039 66901       1000        0      NaN
17040 66914       1000        0      NaN
17041 66924       1000        0      NaN
17042 66925       1000        0      NaN
17043 66937       1000        0      NaN
17044 66940       1000        0      NaN
17045 66952       1000        0      NaN
17046 66959       1000        0      NaN
17047 66961       1000        0      NaN
17048 66963       1000        0      NaN
17049 66970       1000        0      NaN
17050 66993       1000        0      NaN
17051 66996       1000        0      NaN
17052 66998       1000        0      NaN
17053 67043       1000        0      NaN
17054 67047       1000        0      NaN
17055 67050       1000        0      NaN
17056 67052       1000        0      NaN
17057 67067       1000        0      NaN
17058 67089       1000        0      NaN
17059 67101       1000        0      NaN
17060 67114       1000        0      NaN
17061 67127       1000        0      NaN
17062 67129       1000        0      NaN
17063 67130       1000        0      NaN
17064 67134       1000        0      NaN
17065 67145       1000        0      NaN
17066 67148       1000        0      NaN
17067 67155       1000        0      NaN
17068 67157       1000        0      NaN
17069 67160       1000        0      NaN
17070 67161       1000        0      NaN
17071 67164       1000        0      NaN
17072 67170       1000        0      NaN
17073 67171       1000        0      NaN
17074 67197       1000        0      NaN
17075 67207       1000        0      NaN
17076 67208       1000        0      NaN
17077 67216       1000        0      NaN
17078 67219       1000        0      NaN
17079 67237       1000        0      NaN
17080 67238       1000        0      NaN
17081 67243       1000        0      NaN
17082 67246       1000        0      NaN
17083 67254       1000        0      NaN
17084 67255       1000        0      NaN
17085 67264       1000        0      NaN
17086 67276       1000        0      NaN
17087 67285       1000        0      NaN
17088 67289       1000        0      NaN
17089 67294       1000        0      NaN
17090 67301       1000        0      NaN
17091 67304       1000        0      NaN
17092 67307       1000        0      NaN
17093 67321       1000        0      NaN
17094 67324       1000        0      NaN
17095 67325       1000        0      NaN
17096 67331       1000        0      NaN
17097 67332       1000        0      NaN
17098 67338       1000        0      NaN
17099 67343       1000        0      NaN
17100 67346       1000        0      NaN
17101 67357       1000        0      NaN
17102 67366       1000        0      NaN
17103 67367       1000        0      NaN
17104 67391       1000        0      NaN
17105 67394       1000        0      NaN
17106 67404       1000        0      NaN
17107 67405       1000        0      NaN
17108 67409       1000        0      NaN
17109 67420       1000        0      NaN
17110 67429       1000        0      NaN
17111 67433       1000        0      NaN
17112 67455       1000        0      NaN
17113 67463       1000        0      NaN
17114 67465       1000        0      NaN
17115 67469       1000        0      NaN
17116 67484       1000        0      NaN
17117 67485       1000        0      NaN
17118 67502       1000        0      NaN
17119 67513       1000        0      NaN
17120 67521       1000        0      NaN
17121 67524       1000        0      NaN
17122 67525       1000        0      NaN
17123 67528       1000        0      NaN
17124 67535       1000        0      NaN
17125 67536       1000        0      NaN
17126 67552       1000        0      NaN
17127 67561       1000        0      NaN
17128 67564       1000        0      NaN
17129 67567       1000        0      NaN
17130 67573       1000        0      NaN
17131 67574       1000        0      NaN
17132 67577       1000        0      NaN
17133 67578       1000        0      NaN
17134 67580       1000        0      NaN
17135 67592       1000        0      NaN
17136 67603       1000        0      NaN
17137 67606       1000        0      NaN
17138 67607       1000        0      NaN
17139 67608       1000        0      NaN
17140 67613       1000        0      NaN
17141 67622       1000        0      NaN
17142 67623       1000        0      NaN
17143 67633       1000        0      NaN
17144 67656       1000        0      NaN
17145 67662       1000        0      NaN
17146 67674       1000        0      NaN
17147 67682       1000        0      NaN
17148 67693       1000        0      NaN
17149 67694       1000        0      NaN
17150 67708       1000        0      NaN
17151 67709       1000        0      NaN
17152 67737       1000        0      NaN
17153 67757       1000        0      NaN
17154 67761       1000        0      NaN
17155 67773       1000        0      NaN
17156 67775       1000        0      NaN
17157 67787       1000        0      NaN
17158 67812       1000        0      NaN
17159 67818       1000        0      NaN
17160 67826       1000        0      NaN
17161 67828       1000        0      NaN
17162 67832       1000        0      NaN
17163 67852       1000        0      NaN
17164 67858       1000        0      NaN
17165 67868       1000        0      NaN
17166 67882       1000        0      NaN
17167 67883       1000        0      NaN
17168 67884       1000        0      NaN
17169 67886       1000        0      NaN
17170 67896       1000        0      NaN
17171 67903       1000        0      NaN
17172 67905       1000        0      NaN
17173 67908       1000        0      NaN
17174 67912       1000        0      NaN
17175 67922       1000        0      NaN
17176 67924       1000        0      NaN
17177 67926       1000        0      NaN
17178 67931       1000        0      NaN
17179 67943       1000        0      NaN
17180 67950       1000        0      NaN
17181 67956       1000        0      NaN
17182 67959       1000        0      NaN
17183 67978       1000        0      NaN
17184 67985       1000        0      NaN
17185 67986       1000        0      NaN
17186 68019       1000        0      NaN
17187 68027       1000        0      NaN
17188 68028       1000        0      NaN
17189 68087       1000        0      NaN
17190 68090       1000        0      NaN
17191 68092       1000        0      NaN
17192 68103       1000        0      NaN
17193 68108       1000        0      NaN
17194 68112       1000        0      NaN
17195 68126       1000        0      NaN
17196 68130       1000        0      NaN
17197 68138       1000        0      NaN
17198 68139       1000        0      NaN
17199 68154       1000        0      NaN
17200 68161       1000        0      NaN
17201 68165       1000        0      NaN
17202 68170       1000        0      NaN
17203 68180       1000        0      NaN
17204 68189       1000        0      NaN
17205 68194       1000        0      NaN
17206 68199       1000        0      NaN
17207 68201       1000        0      NaN
17208 68202       1000        0      NaN
17209 68207       1000        0      NaN
17210 68208       1000        0      NaN
17211 68212       1000        0      NaN
17212 68215       1000        0      NaN
17213 68218       1000        0      NaN
17214 68231       1000        0      NaN
17215 68233       1000        0      NaN
17216 68235       1000        0      NaN
17217 68236       1000        0      NaN
17218 68237       1000        0      NaN
17219 68238       1000        0      NaN
17220 68246       1000        0      NaN
17221 68249       1000        0      NaN
17222 68255       1000        0      NaN
17223 68265       1000        0      NaN
17224 68268       1000        0      NaN
17225 68276       1000        0      NaN
17226 68277       1000        0      NaN
17227 68279       1000        0      NaN
17228 68286       1000        0      NaN
17229 68304       1000        0      NaN
17230 68310       1000        0      NaN
17231 68315       1000        0      NaN
17232 68317       1000        0      NaN
17233 68318       1000        0      NaN
17234 68320       1000        0      NaN
17235 68326       1000        0      NaN
17236 68343       1000        0      NaN
17237 68352       1000        0      NaN
17238 68357       1000        0      NaN
17239 68361       1000        0      NaN
17240 68371       1000        0      NaN
17241 68373       1000        0      NaN
17242 68374       1000        0      NaN
17243 68380       1000        0      NaN
17244 68383       1000        0      NaN
17245 68394       1000        0      NaN
17246 68413       1000        0      NaN
17247 68438       1000        0      NaN
17248 68455       1000        0      NaN
17249 68460       1000        0      NaN
17250 68462       1000        0      NaN
17251 68467       1000        0      NaN
17252 68470       1000        0      NaN
17253 68487       1000        0      NaN
17254 68490       1000        0      NaN
17255 68496       1000        0      NaN
17256 68501       1000        0      NaN
17257 68503       1000        0      NaN
17258 68504       1000        0      NaN
17259 68507       1000        0      NaN
17260 68525       1000        0      NaN
17261 68526       1000        0      NaN
17262 68530       1000        0      NaN
17263 68531       1000        0      NaN
17264 68532       1000        0      NaN
17265 68544       1000        0      NaN
17266 68547       1000        0      NaN
17267 68553       1000        0      NaN
17268 68559       1000        0      NaN
17269 68565       1000        0      NaN
17270 68583       1000        0      NaN
17271 68589       1000        0      NaN
17272 68591       1000        0      NaN
17273 68601       1000        0      NaN
17274 68616       1000        0      NaN
17275 68619       1000        0      NaN
17276 68628       1000        0      NaN
17277 68634       1000        0      NaN
17278 68639       1000        0      NaN
17279 68660       1000        0      NaN
17280 68663       1000        0      NaN
17281 68666       1000        0      NaN
17282 68677       1000        0      NaN
17283 68691       1000        0      NaN
17284 68704       1000        0      NaN
17285 68710       1000        0      NaN
17286 68712       1000        0      NaN
17287 68722       1000        0      NaN
17288 68727       1000        0      NaN
17289 68734       1000        0      NaN
17290 68736       1000        0      NaN
17291 68738       1000        0      NaN
17292 68739       1000        0      NaN
17293 68749       1000        0      NaN
17294 68755       1000        0      NaN
17295 68759       1000        0      NaN
17296 68769       1000        0      NaN
17297 68773       1000        0      NaN
17298 68775       1000        0      NaN
17299 68779       1000        0      NaN
17300 68782       1000        0      NaN
17301 68787       1000        0      NaN
17302 68791       1000        0      NaN
17303 68820       1000        0      NaN
17304 68824       1000        0      NaN
17305 68828       1000        0      NaN
17306 68836       1000        0      NaN
17307 68839       1000        0      NaN
17308 68845       1000        0      NaN
17309 68850       1000        0      NaN
17310 68871       1000        0      NaN
17311 68875       1000        0      NaN
17312 68880       1000        0      NaN
17313 68882       1000        0      NaN
17314 68884       1000        0      NaN
17315 68890       1000        0      NaN
17316 68928       1000        0      NaN
17317 68939       1000        0      NaN
17318 68955       1000        0      NaN
17319 68965       1000        0      NaN
17320 68966       1000        0      NaN
17321 68979       1000        0      NaN
17322 68989       1000        0      NaN
17323 68990       1000        0      NaN
17324 68995       1000        0      NaN
17325 68997       1000        0      NaN
17326 69013       1000        0      NaN
17327 69024       1000        0      NaN
17328 69025       1000        0      NaN
17329 69029       1000        0      NaN
17330 69033       1000        0      NaN
17331 69039       1000        0      NaN
17332 69042       1000        0      NaN
17333 69054       1000        0      NaN
17334 69060       1000        0      NaN
17335 69064       1000        0      NaN
17336 69074       1000        0      NaN
17337 69077       1000        0      NaN
17338 69080       1000        0      NaN
17339 69094       1000        0      NaN
17340 69099       1000        0      NaN
17341 69128       1000        0      NaN
17342 69129       1000        0      NaN
17343 69141       1000        0      NaN
17344 69144       1000        0      NaN
17345 69145       1000        0      NaN
17346 69179       1000        0      NaN
17347 69182       1000        0      NaN
17348 69190       1000        0      NaN
17349 69193       1000        0      NaN
17350 69214       1000        0      NaN
17351 69217       1000        0      NaN
17352 69220       1000        0      NaN
17353 69224       1000        0      NaN
17354 69227       1000        0      NaN
17355 69229       1000        0      NaN
17356 69237       1000        0      NaN
17357 69238       1000        0      NaN
17358 69250       1000        0      NaN
17359 69253       1000        0      NaN
17360 69282       1000        0      NaN
17361 69291       1000        0      NaN
17362 69292       1000        0      NaN
17363 69302       1000        0      NaN
17364 69323       1000        0      NaN
17365 69327       1000        0      NaN
17366 69332       1000        0      NaN
17367 69355       1000        0      NaN
17368 69358       1000        0      NaN
17369 69359       1000        0      NaN
17370 69361       1000        0      NaN
17371 69364       1000        0      NaN
17372 69369       1000        0      NaN
17373 69372       1000        0      NaN
17374 69386       1000        0      NaN
17375 69396       1000        0      NaN
17376 69403       1000        0      NaN
17377 69406       1000        0      NaN
17378 69409       1000        0      NaN
17379 69415       1000        0      NaN
17380 69423       1000        0      NaN
17381 69424       1000        0      NaN
17382 69439       1000        0      NaN
17383 69443       1000        0      NaN
17384 69447       1000        0      NaN
17385 69459       1000        0      NaN
17386 69460       1000        0      NaN
17387 69468       1000        0      NaN
17388 69479       1000        0      NaN
17389 69482       1000        0      NaN
17390 69486       1000        0      NaN
17391 69492       1000        0      NaN
17392 69497       1000        0      NaN
17393 69506       1000        0      NaN
17394 69507       1000        0      NaN
17395 69510       1000        0      NaN
17396 69518       1000        0      NaN
17397 69523       1000        0      NaN
17398 69524       1000        0      NaN
17399 69525       1000        0      NaN
17400 69527       1000        0      NaN
17401 69550       1000        0      NaN
17402 69565       1000        0      NaN
17403 69576       1000        0      NaN
17404 69581       1000        0      NaN
17405 69589       1000        0      NaN
17406 69600       1000        0      NaN
17407 69601       1000        0      NaN
17408 69609       1000        0      NaN
17409 69612       1000        0      NaN
17410 69613       1000        0      NaN
17411 69616       1000        0      NaN
17412 69620       1000        0      NaN
17413 69623       1000        0      NaN
17414 69642       1000        0      NaN
17415 69647       1000        0      NaN
17416 69653       1000        0      NaN
17417 69658       1000        0      NaN
17418 69659       1000        0      NaN
17419 69686       1000        0      NaN
17420 69689       1000        0      NaN
17421 69695       1000        0      NaN
17422 69707       1000        0      NaN
17423 69713       1000        0      NaN
17424 69716       1000        0      NaN
17425 69717       1000        0      NaN
17426 69719       1000        0      NaN
17427 69721       1000        0      NaN
17428 69722       1000        0      NaN
17429 69731       1000        0      NaN
17430 69758       1000        0      NaN
17431 69764       1000        0      NaN
17432 69773       1000        0      NaN
17433 69794       1000        0      NaN
17434 69800       1000        0      NaN
17435 69801       1000        0      NaN
17436 69819       1000        0      NaN
17437 69822       1000        0      NaN
17438 69824       1000        0      NaN
17439 69827       1000        0      NaN
17440 69830       1000        0      NaN
17441 69859       1000        0      NaN
17442 69863       1000        0      NaN
17443 69881       1000        0      NaN
17444 69886       1000        0      NaN
17445 69891       1000        0      NaN
17446 69900       1000        0      NaN
17447 69910       1000        0      NaN
17448 69920       1000        0      NaN
17449 69932       1000        0      NaN
17450 69935       1000        0      NaN
17451 69936       1000        0      NaN
17452 69937       1000        0      NaN
17453 69938       1000        0      NaN
17454 69940       1000        0      NaN
17455 69956       1000        0      NaN
17456 69963       1000        0      NaN
17457 69964       1000        0      NaN
17458 70002       1000        0      NaN
17459 70013       1000        0      NaN
17460 70016       1000        0      NaN
17461 70018       1000        0      NaN
17462 70021       1000        0      NaN
17463 70026       1000        0      NaN
17464 70041       1000        0      NaN
17465 70054       1000        0      NaN
17466 70063       1000        0      NaN
17467 70068       1000        0      NaN
17468 70075       1000        0      NaN
17469 70084       1000        0      NaN
17470 70092       1000        0      NaN
17471 70095       1000        0      NaN
17472 70105       1000        0      NaN
17473 70123       1000        0      NaN
17474 70130       1000        0      NaN
17475 70136       1000        0      NaN
17476 70144       1000        0      NaN
17477 70145       1000        0      NaN
17478 70153       1000        0      NaN
17479 70155       1000        0      NaN
17480 70167       1000        0      NaN
17481 70176       1000        0      NaN
17482 70179       1000        0      NaN
17483 70195       1000        0      NaN
17484 70201       1000        0      NaN
17485 70207       1000        0      NaN
17486 70229       1000        0      NaN
17487 70233       1000        0      NaN
17488 70248       1000        0      NaN
17489 70263       1000        0      NaN
17490 70272       1000        0      NaN
17491 70277       1000        0      NaN
17492 70278       1000        0      NaN
17493 70291       1000        0      NaN
17494 70298       1000        0      NaN
17495 70305       1000        0      NaN
17496 70318       1000        0      NaN
17497 70319       1000        0      NaN
17498 70328       1000        0      NaN
17499 70336       1000        0      NaN
17500 70339       1000        0      NaN
17501 70344       1000        0      NaN
17502 70346       1000        0      NaN
17503 70348       1000        0      NaN
17504 70352       1000        0      NaN
17505 70361       1000        0      NaN
17506 70363       1000        0      NaN
17507 70372       1000        0      NaN
17508 70383       1000        0      NaN
17509 70397       1000        0      NaN
17510 70400       1000        0      NaN
17511 70405       1000        0      NaN
17512 70418       1000        0      NaN
17513 70427       1000        0      NaN
17514 70435       1000        0      NaN
17515 70442       1000        0      NaN
17516 70451       1000        0      NaN
17517 70452       1000        0      NaN
17518 70457       1000        0      NaN
17519 70476       1000        0      NaN
17520 70480       1000        0      NaN
17521 70492       1000        0      NaN
17522 70493       1000        0      NaN
17523 70498       1000        0      NaN
17524 70499       1000        0      NaN
17525 70500       1000        0      NaN
17526 70501       1000        0      NaN
17527 70506       1000        0      NaN
17528 70516       1000        0      NaN
17529 70528       1000        0      NaN
17530 70530       1000        0      NaN
17531 70533       1000        0      NaN
17532 70543       1000        0      NaN
17533 70544       1000        0      NaN
17534 70558       1000        0      NaN
17535 70559       1000        0      NaN
17536 70564       1000        0      NaN
17537 70572       1000        0      NaN
17538 70578       1000        0      NaN
17539 70581       1000        0      NaN
17540 70602       1000        0      NaN
17541 70611       1000        0      NaN
17542 70617       1000        0      NaN
17543 70623       1000        0      NaN
17544 70625       1000        0      NaN
17545 70627       1000        0      NaN
17546 70633       1000        0      NaN
17547 70634       1000        0      NaN
17548 70644       1000        0      NaN
17549 70650       1000        0      NaN
17550 70651       1000        0      NaN
17551 70658       1000        0      NaN
17552 70664       1000        0      NaN
17553 70683       1000        0      NaN
17554 70689       1000        0      NaN
17555 70704       1000        0      NaN
17556 70707       1000        0      NaN
17557 70716       1000        0      NaN
17558 70722       1000        0      NaN
17559 70742       1000        0      NaN
17560 70744       1000        0      NaN
17561 70746       1000        0      NaN
17562 70754       1000        0      NaN
17563 70757       1000        0      NaN
17564 70766       1000        0      NaN
17565 70767       1000        0      NaN
17566 70780       1000        0      NaN
17567 70781       1000        0      NaN
17568 70786       1000        0      NaN
17569 70788       1000        0      NaN
17570 70793       1000        0      NaN
17571 70798       1000        0      NaN
17572 70805       1000        0      NaN
17573 70806       1000        0      NaN
17574 70809       1000        0      NaN
17575 70810       1000        0      NaN
17576 70829       1000        0      NaN
17577 70833       1000        0      NaN
17578 70842       1000        0      NaN
17579 70844       1000        0      NaN
17580 70848       1000        0      NaN
17581 70853       1000        0      NaN
17582 70859       1000        0      NaN
17583 70869       1000        0      NaN
17584 70889       1000        0      NaN
17585 70890       1000        0      NaN
17586 70891       1000        0      NaN
17587 70904       1000        0      NaN
17588 70906       1000        0      NaN
17589 70912       1000        0      NaN
17590 70914       1000        0      NaN
17591 70921       1000        0      NaN
17592 70924       1000        0      NaN
17593 70926       1000        0      NaN
17594 70928       1000        0      NaN
17595 70943       1000        0      NaN
17596 70944       1000        0      NaN
17597 70948       1000        0      NaN
17598 70954       1000        0      NaN
17599 70960       1000        0      NaN
17600 70965       1000        0      NaN
17601 70974       1000        0      NaN
17602 70979       1000        0      NaN
17603 70989       1000        0      NaN
17604 70990       1000        0      NaN
17605 71000       1000        0      NaN
17606 71002       1000        0      NaN
17607 71007       1000        0      NaN
17608 71023       1000        0      NaN
17609 71035       1000        0      NaN
17610 71041       1000        0      NaN
17611 71046       1000        0      NaN
17612 71048       1000        0      NaN
17613 71053       1000        0      NaN
17614 71062       1000        0      NaN
17615 71066       1000        0      NaN
17616 71076       1000        0      NaN
17617 71081       1000        0      NaN
17618 71084       1000        0      NaN
17619 71090       1000        0      NaN
17620 71093       1000        0      NaN
17621 71096       1000        0      NaN
17622 71103       1000        0      NaN
17623 71105       1000        0      NaN
17624 71109       1000        0      NaN
17625 71118       1000        0      NaN
17626 71119       1000        0      NaN
17627 71129       1000        0      NaN
17628 71132       1000        0      NaN
17629 71143       1000        0      NaN
17630 71145       1000        0      NaN
17631 71147       1000        0      NaN
17632 71151       1000        0      NaN
17633 71163       1000        0      NaN
17634 71169       1000        0      NaN
17635 71182       1000        0      NaN
17636 71191       1000        0      NaN
17637 71192       1000        0      NaN
17638 71204       1000        0      NaN
17639 71211       1000        0      NaN
17640 71212       1000        0      NaN
17641 71225       1000        0      NaN
17642 71231       1000        0      NaN
17643 71252       1000        0      NaN
17644 71258       1000        0      NaN
17645 71287       1000        0      NaN
17646 71288       1000        0      NaN
17647 71290       1000        0      NaN
17648 71304       1000        0      NaN
17649 71308       1000        0      NaN
17650 71310       1000        0      NaN
17651 71313       1000        0      NaN
17652 71316       1000        0      NaN
17653 71317       1000        0      NaN
17654 71326       1000        0      NaN
17655 71328       1000        0      NaN
17656 71340       1000        0      NaN
17657 71353       1000        0      NaN
17658 71356       1000        0      NaN
17659 71359       1000        0      NaN
17660 71367       1000        0      NaN
17661 71373       1000        0      NaN
17662 71378       1000        0      NaN
17663 71387       1000        0      NaN
17664 71390       1000        0      NaN
17665 71392       1000        0      NaN
17666 71411       1000        0      NaN
17667 71425       1000        0      NaN
17668 71427       1000        0      NaN
17669 71428       1000        0      NaN
17670 71431       1000        0      NaN
17671 71447       1000        0      NaN
17672 71452       1000        0      NaN
17673 71453       1000        0      NaN
17674 71454       1000        0      NaN
17675 71455       1000        0      NaN
17676 71459       1000        0      NaN
17677 71467       1000        0      NaN
17678 71469       1000        0      NaN
17679 71470       1000        0      NaN
17680 71473       1000        0      NaN
17681 71474       1000        0      NaN
17682 71482       1000        0      NaN
17683 71499       1000        0      NaN
17684 71510       1000        0      NaN
17685 71511       1000        0      NaN
17686 71517       1000        0      NaN
17687 71524       1000        0      NaN
17688 71534       1000        0      NaN
17689 71537       1000        0      NaN
17690 71539       1000        0      NaN
17691 71543       1000        0      NaN
17692 71550       1000        0      NaN
17693 71562       1000        0      NaN
17694 71565       1000        0      NaN
17695 71582       1000        0      NaN
17696 71595       1000        0      NaN
17697 71600       1000        0      NaN
17698 71608       1000        0      NaN
17699 71618       1000        0      NaN
17700 71625       1000        0      NaN
17701 71637       1000        0      NaN
17702 71644       1000        0      NaN
17703 71663       1000        0      NaN
17704 71665       1000        0      NaN
17705 71673       1000        0      NaN
17706 71675       1000        0      NaN
17707 71678       1000        0      NaN
17708 71690       1000        0      NaN
17709 71730       1000        0      NaN
17710 71744       1000        0      NaN
17711 71754       1000        0      NaN
17712 71755       1000        0      NaN
17713 71759       1000        0      NaN
17714 71763       1000        0      NaN
17715 71771       1000        0      NaN
17716 71776       1000        0      NaN
17717 71777       1000        0      NaN
17718 71791       1000        0      NaN
17719 71797       1000        0      NaN
17720 71801       1000        0      NaN
17721 71813       1000        0      NaN
17722 71816       1000        0      NaN
17723 71834       1000        0      NaN
17724 71837       1000        0      NaN
17725 71841       1000        0      NaN
17726 71844       1000        0      NaN
17727 71845       1000        0      NaN
17728 71848       1000        0      NaN
17729 71868       1000        0      NaN
17730 71874       1000        0      NaN
17731 71875       1000        0      NaN
17732 71888       1000        0      NaN
17733 71895       1000        0      NaN
17734 71896       1000        0      NaN
17735 71903       1000        0      NaN
17736 71905       1000        0      NaN
17737 71906       1000        0      NaN
17738 71907       1000        0      NaN
17739 71923       1000        0      NaN
17740 71926       1000        0      NaN
17741 71935       1000        0      NaN
17742 71942       1000        0      NaN
17743 71963       1000        0      NaN
17744 71970       1000        0      NaN
17745 71972       1000        0      NaN
17746 71973       1000        0      NaN
17747 71987       1000        0      NaN
17748 71990       1000        0      NaN
17749 71997       1000        0      NaN
17750 72003       1000        0      NaN
17751 72021       1000        0      NaN
17752 72027       1000        0      NaN
17753 72038       1000        0      NaN
17754 72045       1000        0      NaN
17755 72046       1000        0      NaN
17756 72047       1000        0      NaN
17757 72057       1000        0      NaN
17758 72058       1000        0      NaN
17759 72062       1000        0      NaN
17760 72067       1000        0      NaN
17761 72072       1000        0      NaN
17762 72083       1000        0      NaN
17763 72089       1000        0      NaN
17764 72105       1000        0      NaN
17765 72119       1000        0      NaN
17766 72122       1000        0      NaN
17767 72128       1000        0      NaN
17768 72132       1000        0      NaN
17769 72137       1000        0      NaN
17770 72139       1000        0      NaN
17771 72151       1000        0      NaN
17772 72152       1000        0      NaN
17773 72163       1000        0      NaN
17774 72172       1000        0      NaN
17775 72201       1000        0      NaN
17776 72203       1000        0      NaN
17777 72207       1000        0      NaN
17778 72211       1000        0      NaN
17779 72224       1000        0      NaN
17780 72233       1000        0      NaN
17781 72238       1000        0      NaN
17782 72244       1000        0      NaN
17783 72253       1000        0      NaN
17784 72257       1000        0      NaN
17785 72260       1000        0      NaN
17786 72288       1000        0      NaN
17787 72293       1000        0      NaN
17788 72307       1000        0      NaN
17789 72316       1000        0      NaN
17790 72348       1000        0      NaN
17791 72350       1000        0      NaN
17792 72355       1000        0      NaN
17793 72356       1000        0      NaN
17794 72359       1000        0      NaN
17795 72362       1000        0      NaN
17796 72364       1000        0      NaN
17797 72365       1000        0      NaN
17798 72371       1000        0      NaN
17799 72375       1000        0      NaN
17800 72396       1000        0      NaN
17801 72414       1000        0      NaN
17802 72425       1000        0      NaN
17803 72436       1000        0      NaN
17804 72447       1000        0      NaN
17805 72452       1000        0      NaN
17806 72457       1000        0      NaN
17807 72467       1000        0      NaN
17808 72500       1000        0      NaN
17809 72507       1000        0      NaN
17810 72512       1000        0      NaN
17811 72529       1000        0      NaN
17812 72540       1000        0      NaN
17813 72543       1000        0      NaN
17814 72560       1000        0      NaN
17815 72561       1000        0      NaN
17816 72562       1000        0      NaN
17817 72573       1000        0      NaN
17818 72597       1000        0      NaN
17819 72599       1000        0      NaN
17820 72629       1000        0      NaN
17821 72630       1000        0      NaN
17822 72641       1000        0      NaN
17823 72642       1000        0      NaN
17824 72643       1000        0      NaN
17825 72655       1000        0      NaN
17826 72660       1000        0      NaN
17827 72664       1000        0      NaN
17828 72670       1000        0      NaN
17829 72671       1000        0      NaN
17830 72690       1000        0      NaN
17831 72699       1000        0      NaN
17832 72702       1000        0      NaN
17833 72721       1000        0      NaN
17834 72724       1000        0      NaN
17835 72726       1000        0      NaN
17836 72729       1000        0      NaN
17837 72730       1000        0      NaN
17838 72738       1000        0      NaN
17839 72742       1000        0      NaN
17840 72748       1000        0      NaN
17841 72751       1000        0      NaN
17842 72758       1000        0      NaN
17843 72778       1000        0      NaN
17844 72781       1000        0      NaN
17845 72785       1000        0      NaN
17846 72807       1000        0      NaN
17847 72810       1000        0      NaN
17848 72820       1000        0      NaN
17849 72822       1000        0      NaN
17850 72832       1000        0      NaN
17851 72833       1000        0      NaN
17852 72835       1000        0      NaN
17853 72846       1000        0      NaN
17854 72857       1000        0      NaN
17855 72862       1000        0      NaN
17856 72864       1000        0      NaN
17857 72904       1000        0      NaN
17858 72919       1000        0      NaN
17859 72937       1000        0      NaN
17860 72946       1000        0      NaN
17861 72954       1000        0      NaN
17862 72962       1000        0      NaN
17863 72964       1000        0      NaN
17864 72971       1000        0      NaN
17865 72972       1000        0      NaN
17866 72976       1000        0      NaN
17867 72981       1000        0      NaN
17868 72991       1000        0      NaN
17869 73011       1000        0      NaN
17870 73014       1000        0      NaN
17871 73015       1000        0      NaN
17872 73035       1000        0      NaN
17873 73037       1000        0      NaN
17874 73044       1000        0      NaN
17875 73051       1000        0      NaN
17876 73080       1000        0      NaN
17877 73081       1000        0      NaN
17878 73082       1000        0      NaN
17879 73084       1000        0      NaN
17880 73094       1000        0      NaN
17881 73102       1000        0      NaN
17882 73103       1000        0      NaN
17883 73114       1000        0      NaN
17884 73120       1000        0      NaN
17885 73136       1000        0      NaN
17886 73138       1000        0      NaN
17887 73158       1000        0      NaN
17888 73168       1000        0      NaN
17889 73190       1000        0      NaN
17890 73193       1000        0      NaN
17891 73201       1000        0      NaN
17892 73208       1000        0      NaN
17893 73209       1000        0      NaN
17894 73223       1000        0      NaN
17895 73230       1000        0      NaN
17896 73244       1000        0      NaN
17897 73248       1000        0      NaN
17898 73257       1000        0      NaN
17899 73262       1000        0      NaN
17900 73269       1000        0      NaN
17901 73273       1000        0      NaN
17902 73284       1000        0      NaN
17903 73291       1000        0      NaN
17904 73305       1000        0      NaN
17905 73307       1000        0      NaN
17906 73310       1000        0      NaN
17907 73316       1000        0      NaN
17908 73322       1000        0      NaN
17909 73346       1000        0      NaN
17910 73359       1000        0      NaN
17911 73365       1000        0      NaN
17912 73369       1000        0      NaN
17913 73379       1000        0      NaN
17914 73384       1000        0      NaN
17915 73387       1000        0      NaN
17916 73412       1000        0      NaN
17917 73413       1000        0      NaN
17918 73414       1000        0      NaN
17919 73420       1000        0      NaN
17920 73423       1000        0      NaN
17921 73424       1000        0      NaN
17922 73446       1000        0      NaN
17923 73450       1000        0      NaN
17924 73453       1000        0      NaN
17925 73462       1000        0      NaN
17926 73492       1000        0      NaN
17927 73500       1000        0      NaN
17928 73504       1000        0      NaN
17929 73510       1000        0      NaN
17930 73514       1000        0      NaN
17931 73518       1000        0      NaN
17932 73521       1000        0      NaN
17933 73524       1000        0      NaN
17934 73535       1000        0      NaN
17935 73537       1000        0      NaN
17936 73543       1000        0      NaN
17937 73545       1000        0      NaN
17938 73551       1000        0      NaN
17939 73552       1000        0      NaN
17940 73565       1000        0      NaN
17941 73569       1000        0      NaN
17942 73574       1000        0      NaN
17943 73591       1000        0      NaN
17944 73603       1000        0      NaN
17945 73605       1000        0      NaN
17946 73609       1000        0      NaN
17947 73611       1000        0      NaN
17948 73639       1000        0      NaN
17949 73651       1000        0      NaN
17950 73652       1000        0      NaN
17951 73664       1000        0      NaN
17952 73676       1000        0      NaN
17953 73680       1000        0      NaN
17954 73695       1000        0      NaN
17955 73706       1000        0      NaN
17956 73708       1000        0      NaN
17957 73709       1000        0      NaN
17958 73712       1000        0      NaN
17959 73714       1000        0      NaN
17960 73737       1000        0      NaN
17961 73742       1000        0      NaN
17962 73750       1000        0      NaN
17963 73754       1000        0      NaN
17964 73759       1000        0      NaN
17965 73763       1000        0      NaN
17966 73790       1000        0      NaN
17967 73801       1000        0      NaN
17968 73805       1000        0      NaN
17969 73807       1000        0      NaN
17970 73814       1000        0      NaN
17971 73817       1000        0      NaN
17972 73836       1000        0      NaN
17973 73839       1000        0      NaN
17974 73844       1000        0      NaN
17975 73857       1000        0      NaN
17976 73862       1000        0      NaN
17977 73863       1000        0      NaN
17978 73868       1000        0      NaN
17979 73869       1000        0      NaN
17980 73872       1000        0      NaN
17981 73877       1000        0      NaN
17982 73896       1000        0      NaN
17983 73910       1000        0      NaN
17984 73914       1000        0      NaN
17985 73920       1000        0      NaN
17986 73925       1000        0      NaN
17987 73926       1000        0      NaN
17988 73927       1000        0      NaN
17989 73932       1000        0      NaN
17990 73939       1000        0      NaN
17991 73945       1000        0      NaN
17992 73958       1000        0      NaN
17993 73987       1000        0      NaN
17994 73994       1000        0      NaN
17995 73995       1000        0      NaN
17996 73999       1000        0      NaN
17997 74011       1000        0      NaN
17998 74017       1000        0      NaN
17999 74032       1000        0      NaN
18000 74058       1000        0      NaN
18001 74059       1000        0      NaN
18002 74060       1000        0      NaN
18003 74062       1000        0      NaN
18004 74063       1000        0      NaN
18005 74069       1000        0      NaN
18006 74086       1000        0      NaN
18007 74087       1000        0      NaN
18008 74091       1000        0      NaN
18009 74106       1000        0      NaN
18010 74113       1000        0      NaN
18011 74115       1000        0      NaN
18012 74119       1000        0      NaN
18013 74131       1000        0      NaN
18014 74136       1000        0      NaN
18015 74139       1000        0      NaN
18016 74148       1000        0      NaN
18017 74158       1000        0      NaN
18018 74164       1000        0      NaN
18019 74169       1000        0      NaN
18020 74171       1000        0      NaN
18021 74177       1000        0      NaN
18022 74178       1000        0      NaN
18023 74179       1000        0      NaN
18024 74182       1000        0      NaN
18025 74194       1000        0      NaN
18026 74197       1000        0      NaN
18027 74212       1000        0      NaN
18028 74234       1000        0      NaN
18029 74238       1000        0      NaN
18030 74256       1000        0      NaN
18031 74262       1000        0      NaN
18032 74264       1000        0      NaN
18033 74265       1000        0      NaN
18034 74271       1000        0      NaN
18035 74290       1000        0      NaN
18036 74299       1000        0      NaN
18037 74302       1000        0      NaN
18038 74308       1000        0      NaN
18039 74322       1000        0      NaN
18040 74323       1000        0      NaN
18041 74335       1000        0      NaN
18042 74342       1000        0      NaN
18043 74343       1000        0      NaN
18044 74348       1000        0      NaN
18045 74349       1000        0      NaN
18046 74357       1000        0      NaN
18047 74358       1000        0      NaN
18048 74359       1000        0      NaN
18049 74361       1000        0      NaN
18050 74363       1000        0      NaN
18051 74365       1000        0      NaN
18052 74368       1000        0      NaN
18053 74370       1000        0      NaN
18054 74371       1000        0      NaN
18055 74377       1000        0      NaN
18056 74379       1000        0      NaN
18057 74405       1000        0      NaN
18058 74406       1000        0      NaN
18059 74410       1000        0      NaN
18060 74415       1000        0      NaN
18061 74418       1000        0      NaN
18062 74427       1000        0      NaN
18063 74436       1000        0      NaN
18064 74437       1000        0      NaN
18065 74446       1000        0      NaN
18066 74452       1000        0      NaN
18067 74453       1000        0      NaN
18068 74456       1000        0      NaN
18069 74461       1000        0      NaN
18070 74475       1000        0      NaN
18071 74482       1000        0      NaN
18072 74488       1000        0      NaN
18073 74506       1000        0      NaN
18074 74512       1000        0      NaN
18075 74513       1000        0      NaN
18076 74517       1000        0      NaN
18077 74521       1000        0      NaN
18078 74541       1000        0      NaN
18079 74554       1000        0      NaN
18080 74556       1000        0      NaN
18081 74557       1000        0      NaN
18082 74563       1000        0      NaN
18083 74564       1000        0      NaN
18084 74610       1000        0      NaN
18085 74611       1000        0      NaN
18086 74619       1000        0      NaN
18087 74626       1000        0      NaN
18088 74635       1000        0      NaN
18089 74639       1000        0      NaN
18090 74640       1000        0      NaN
18091 74657       1000        0      NaN
18092 74659       1000        0      NaN
18093 74676       1000        0      NaN
18094 74680       1000        0      NaN
18095 74685       1000        0      NaN
18096 74687       1000        0      NaN
18097 74699       1000        0      NaN
18098 74714       1000        0      NaN
18099 74718       1000        0      NaN
18100 74720       1000        0      NaN
18101 74746       1000        0      NaN
18102 74758       1000        0      NaN
18103 74782       1000        0      NaN
18104 74788       1000        0      NaN
18105 74796       1000        0      NaN
18106 74810       1000        0      NaN
18107 74818       1000        0      NaN
18108 74821       1000        0      NaN
18109 74823       1000        0      NaN
18110 74830       1000        0      NaN
18111 74835       1000        0      NaN
18112 74837       1000        0      NaN
18113 74841       1000        0      NaN
18114 74849       1000        0      NaN
18115 74852       1000        0      NaN
18116 74858       1000        0      NaN
18117 74860       1000        0      NaN
18118 74868       1000        0      NaN
18119 74878       1000        0      NaN
18120 74897       1000        0      NaN
18121 74902       1000        0      NaN
18122 74905       1000        0      NaN
18123 74916       1000        0      NaN
18124 74922       1000        0      NaN
18125 74940       1000        0      NaN
18126 74980       1000        0      NaN
18127 74981       1000        0      NaN
18128 74982       1000        0      NaN
18129 74985       1000        0      NaN
18130 75015       1000        0      NaN
18131 75016       1000        0      NaN
18132 75020       1000        0      NaN
18133 75022       1000        0      NaN
18134 75042       1000        0      NaN
18135 75047       1000        0      NaN
18136 75051       1000        0      NaN
18137 75052       1000        0      NaN
18138 75061       1000        0      NaN
18139 75066       1000        0      NaN
18140 75069       1000        0      NaN
18141 75076       1000        0      NaN
18142 75081       1000        0      NaN
18143 75088       1000        0      NaN
18144 75089       1000        0      NaN
18145 75091       1000        0      NaN
18146 75092       1000        0      NaN
18147 75098       1000        0      NaN
18148 75100       1000        0      NaN
18149 75109       1000        0      NaN
18150 75116       1000        0      NaN
18151 75132       1000        0      NaN
18152 75139       1000        0      NaN
18153 75148       1000        0      NaN
18154 75153       1000        0      NaN
18155 75156       1000        0      NaN
18156 75161       1000        0      NaN
18157 75167       1000        0      NaN
18158 75176       1000        0      NaN
18159 75179       1000        0      NaN
18160 75181       1000        0      NaN
18161 75193       1000        0      NaN
18162 75195       1000        0      NaN
18163 75202       1000        0      NaN
18164 75203       1000        0      NaN
18165 75207       1000        0      NaN
18166 75219       1000        0      NaN
18167 75227       1000        0      NaN
18168 75230       1000        0      NaN
18169 75231       1000        0      NaN
18170 75244       1000        0      NaN
18171 75249       1000        0      NaN
18172 75250       1000        0      NaN
18173 75263       1000        0      NaN
18174 75266       1000        0      NaN
18175 75269       1000        0      NaN
18176 75274       1000        0      NaN
18177 75276       1000        0      NaN
18178 75281       1000        0      NaN
18179 75299       1000        0      NaN
18180 75306       1000        0      NaN
18181 75308       1000        0      NaN
18182 75317       1000        0      NaN
18183 75321       1000        0      NaN
18184 75322       1000        0      NaN
18185 75327       1000        0      NaN
18186 75353       1000        0      NaN
18187 75360       1000        0      NaN
18188 75366       1000        0      NaN
18189 75376       1000        0      NaN
18190 75382       1000        0      NaN
18191 75388       1000        0      NaN
18192 75389       1000        0      NaN
18193 75390       1000        0      NaN
18194 75393       1000        0      NaN
18195 75394       1000        0      NaN
18196 75407       1000        0      NaN
18197 75409       1000        0      NaN
18198 75429       1000        0      NaN
18199 75443       1000        0      NaN
18200 75448       1000        0      NaN
18201 75451       1000        0      NaN
18202 75454       1000        0      NaN
18203 75458       1000        0      NaN
18204 75463       1000        0      NaN
18205 75491       1000        0      NaN
18206 75495       1000        0      NaN
18207 75503       1000        0      NaN
18208 75515       1000        0      NaN
18209 75516       1000        0      NaN
18210 75520       1000        0      NaN
18211 75524       1000        0      NaN
18212 75527       1000        0      NaN
18213 75534       1000        0      NaN
18214 75535       1000        0      NaN
18215 75562       1000        0      NaN
18216 75575       1000        0      NaN
18217 75588       1000        0      NaN
18218 75598       1000        0      NaN
18219 75605       1000        0      NaN
18220 75607       1000        0      NaN
18221 75615       1000        0      NaN
18222 75616       1000        0      NaN
18223 75620       1000        0      NaN
18224 75621       1000        0      NaN
18225 75622       1000        0      NaN
18226 75626       1000        0      NaN
18227 75635       1000        0      NaN
18228 75645       1000        0      NaN
18229 75646       1000        0      NaN
18230 75655       1000        0      NaN
18231 75663       1000        0      NaN
18232 75666       1000        0      NaN
18233 75679       1000        0      NaN
18234 75682       1000        0      NaN
18235 75684       1000        0      NaN
18236 75686       1000        0      NaN
18237 75699       1000        0      NaN
18238 75719       1000        0      NaN
18239 75724       1000        0      NaN
18240 75732       1000        0      NaN
18241 75737       1000        0      NaN
18242 75749       1000        0      NaN
18243 75750       1000        0      NaN
18244 75767       1000        0      NaN
18245 75776       1000        0      NaN
18246 75783       1000        0      NaN
18247 75789       1000        0      NaN
18248 75790       1000        0      NaN
18249 75794       1000        0      NaN
18250 75799       1000        0      NaN
18251 75802       1000        0      NaN
18252 75804       1000        0      NaN
18253 75806       1000        0      NaN
18254 75817       1000        0      NaN
18255 75825       1000        0      NaN
18256 75830       1000        0      NaN
18257 75831       1000        0      NaN
18258 75835       1000        0      NaN
18259 75840       1000        0      NaN
18260 75842       1000        0      NaN
18261 75843       1000        0      NaN
18262 75845       1000        0      NaN
18263 75849       1000        0      NaN
18264 75856       1000        0      NaN
18265 75864       1000        0      NaN
18266 75869       1000        0      NaN
18267 75871       1000        0      NaN
18268 75890       1000        0      NaN
18269 75893       1000        0      NaN
18270 75896       1000        0      NaN
18271 75900       1000        0      NaN
18272 75903       1000        0      NaN
18273 75912       1000        0      NaN
18274 75913       1000        0      NaN
18275 75914       1000        0      NaN
18276 75921       1000        0      NaN
18277 75924       1000        0      NaN
18278 75934       1000        0      NaN
18279 75939       1000        0      NaN
18280 75942       1000        0      NaN
18281 75943       1000        0      NaN
18282 75945       1000        0      NaN
18283 75948       1000        0      NaN
18284 75953       1000        0      NaN
18285 75955       1000        0      NaN
18286 75958       1000        0      NaN
18287 75977       1000        0      NaN
18288 75982       1000        0      NaN
18289 76000       1000        0      NaN
18290 76005       1000        0      NaN
18291 76029       1000        0      NaN
18292 76030       1000        0      NaN
18293 76044       1000        0      NaN
18294 76057       1000        0      NaN
18295 76059       1000        0      NaN
18296 76062       1000        0      NaN
18297 76063       1000        0      NaN
18298 76066       1000        0      NaN
18299 76069       1000        0      NaN
18300 76072       1000        0      NaN
18301 76076       1000        0      NaN
18302 76083       1000        0      NaN
18303 76087       1000        0      NaN
18304 76095       1000        0      NaN
18305 76106       1000        0      NaN
18306 76109       1000        0      NaN
18307 76119       1000        0      NaN
18308 76131       1000        0      NaN
18309 76133       1000        0      NaN
18310 76139       1000        0      NaN
18311 76145       1000        0      NaN
18312 76147       1000        0      NaN
18313 76157       1000        0      NaN
18314 76161       1000        0      NaN
18315 76170       1000        0      NaN
18316 76171       1000        0      NaN
18317 76176       1000        0      NaN
18318 76177       1000        0      NaN
18319 76184       1000        0      NaN
18320 76201       1000        0      NaN
18321 76208       1000        0      NaN
18322 76223       1000        0      NaN
18323 76227       1000        0      NaN
18324 76235       1000        0      NaN
18325 76236       1000        0      NaN
18326 76246       1000        0      NaN
18327 76250       1000        0      NaN
18328 76251       1000        0      NaN
18329 76259       1000        0      NaN
18330 76272       1000        0      NaN
18331 76283       1000        0      NaN
18332 76287       1000        0      NaN
18333 76297       1000        0      NaN
18334 76303       1000        0      NaN
18335 76304       1000        0      NaN
18336 76313       1000        0      NaN
18337 76315       1000        0      NaN
18338 76320       1000        0      NaN
18339 76322       1000        0      NaN
18340 76325       1000        0      NaN
18341 76348       1000        0      NaN
18342 76350       1000        0      NaN
18343 76355       1000        0      NaN
18344 76357       1000        0      NaN
18345 76365       1000        0      NaN
18346 76367       1000        0      NaN
18347 76368       1000        0      NaN
18348 76371       1000        0      NaN
18349 76384       1000        0      NaN
18350 76385       1000        0      NaN
18351 76386       1000        0      NaN
18352 76400       1000        0      NaN
18353 76401       1000        0      NaN
18354 76407       1000        0      NaN
18355 76412       1000        0      NaN
18356 76413       1000        0      NaN
18357 76418       1000        0      NaN
18358 76425       1000        0      NaN
18359 76430       1000        0      NaN
18360 76433       1000        0      NaN
18361 76435       1000        0      NaN
18362 76436       1000        0      NaN
18363 76439       1000        0      NaN
18364 76451       1000        0      NaN
18365 76452       1000        0      NaN
18366 76456       1000        0      NaN
18367 76462       1000        0      NaN
18368 76466       1000        0      NaN
18369 76470       1000        0      NaN
18370 76472       1000        0      NaN
18371 76486       1000        0      NaN
18372 76487       1000        0      NaN
18373 76490       1000        0      NaN
18374 76494       1000        0      NaN
18375 76496       1000        0      NaN
18376 76500       1000        0      NaN
18377 76502       1000        0      NaN
18378 76503       1000        0      NaN
18379 76514       1000        0      NaN
18380 76527       1000        0      NaN
18381 76529       1000        0      NaN
18382 76531       1000        0      NaN
18383 76542       1000        0      NaN
18384 76544       1000        0      NaN
18385 76545       1000        0      NaN
18386 76550       1000        0      NaN
18387 76558       1000        0      NaN
18388 76568       1000        0      NaN
18389 76571       1000        0      NaN
18390 76580       1000        0      NaN
18391 76588       1000        0      NaN
18392 76595       1000        0      NaN
18393 76598       1000        0      NaN
18394 76619       1000        0      NaN
18395 76637       1000        0      NaN
18396 76650       1000        0      NaN
18397 76652       1000        0      NaN
18398 76657       1000        0      NaN
18399 76663       1000        0      NaN
18400 76666       1000        0      NaN
18401 76674       1000        0      NaN
18402 76700       1000        0      NaN
18403 76701       1000        0      NaN
18404 76705       1000        0      NaN
18405 76706       1000        0      NaN
18406 76710       1000        0      NaN
18407 76713       1000        0      NaN
18408 76723       1000        0      NaN
18409 76734       1000        0      NaN
18410 76767       1000        0      NaN
18411 76771       1000        0      NaN
18412 76781       1000        0      NaN
18413 76790       1000        0      NaN
18414 76797       1000        0      NaN
18415 76804       1000        0      NaN
18416 76805       1000        0      NaN
18417 76812       1000        0      NaN
18418 76817       1000        0      NaN
18419 76822       1000        0      NaN
18420 76834       1000        0      NaN
18421 76861       1000        0      NaN
18422 76872       1000        0      NaN
18423 76887       1000        0      NaN
18424 76892       1000        0      NaN
18425 76895       1000        0      NaN
18426 76898       1000        0      NaN
18427 76924       1000        0      NaN
18428 76929       1000        0      NaN
18429 76936       1000        0      NaN
18430 76939       1000        0      NaN
18431 76955       1000        0      NaN
18432 76957       1000        0      NaN
18433 76964       1000        0      NaN
18434 76968       1000        0      NaN
18435 76969       1000        0      NaN
18436 76972       1000        0      NaN
18437 76976       1000        0      NaN
18438 76978       1000        0      NaN
18439 76980       1000        0      NaN
18440 76985       1000        0      NaN
18441 77000       1000        0      NaN
18442 77008       1000        0      NaN
18443 77010       1000        0      NaN
18444 77021       1000        0      NaN
18445 77037       1000        0      NaN
18446 77046       1000        0      NaN
18447 77063       1000        0      NaN
18448 77078       1000        0      NaN
18449 77079       1000        0      NaN
18450 77083       1000        0      NaN
18451 77086       1000        0      NaN
18452 77102       1000        0      NaN
18453 77110       1000        0      NaN
18454 77116       1000        0      NaN
18455 77122       1000        0      NaN
18456 77126       1000        0      NaN
18457 77130       1000        0      NaN
18458 77145       1000        0      NaN
18459 77151       1000        0      NaN
18460 77152       1000        0      NaN
18461 77156       1000        0      NaN
18462 77160       1000        0      NaN
18463 77166       1000        0      NaN
18464 77167       1000        0      NaN
18465 77168       1000        0      NaN
18466 77171       1000        0      NaN
18467 77174       1000        0      NaN
18468 77184       1000        0      NaN
18469 77219       1000        0      NaN
18470 77222       1000        0      NaN
18471 77229       1000        0      NaN
18472 77234       1000        0      NaN
18473 77252       1000        0      NaN
18474 77254       1000        0      NaN
18475 77256       1000        0      NaN
18476 77257       1000        0      NaN
18477 77262       1000        0      NaN
18478 77285       1000        0      NaN
18479 77299       1000        0      NaN
18480 77304       1000        0      NaN
18481 77306       1000        0      NaN
18482 77319       1000        0      NaN
18483 77325       1000        0      NaN
18484 77335       1000        0      NaN
18485 77345       1000        0      NaN
18486 77357       1000        0      NaN
18487 77363       1000        0      NaN
18488 77379       1000        0      NaN
18489 77414       1000        0      NaN
18490 77419       1000        0      NaN
18491 77428       1000        0      NaN
18492 77437       1000        0      NaN
18493 77447       1000        0      NaN
18494 77452       1000        0      NaN
18495 77460       1000        0      NaN
18496 77462       1000        0      NaN
18497 77477       1000        0      NaN
18498 77479       1000        0      NaN
18499 77484       1000        0      NaN
18500 77488       1000        0      NaN
18501 77492       1000        0      NaN
18502 77494       1000        0      NaN
18503 77496       1000        0      NaN
18504 77498       1000        0      NaN
18505 77501       1000        0      NaN
18506 77512       1000        0      NaN
18507 77522       1000        0      NaN
18508 77527       1000        0      NaN
18509 77529       1000        0      NaN
18510 77556       1000        0      NaN
18511 77558       1000        0      NaN
18512 77559       1000        0      NaN
18513 77574       1000        0      NaN
18514 77579       1000        0      NaN
18515 77584       1000        0      NaN
18516 77600       1000        0      NaN
18517 77605       1000        0      NaN
18518 77631       1000        0      NaN
18519 77632       1000        0      NaN
18520 77635       1000        0      NaN
18521 77647       1000        0      NaN
18522 77651       1000        0      NaN
18523 77653       1000        0      NaN
18524 77669       1000        0      NaN
18525 77674       1000        0      NaN
18526 77675       1000        0      NaN
18527 77677       1000        0      NaN
18528 77682       1000        0      NaN
18529 77694       1000        0      NaN
18530 77697       1000        0      NaN
18531 77701       1000        0      NaN
18532 77703       1000        0      NaN
18533 77706       1000        0      NaN
18534 77712       1000        0      NaN
18535 77713       1000        0      NaN
18536 77717       1000        0      NaN
18537 77726       1000        0      NaN
18538 77730       1000        0      NaN
18539 77737       1000        0      NaN
18540 77738       1000        0      NaN
18541 77765       1000        0      NaN
18542 77776       1000        0      NaN
18543 77781       1000        0      NaN
18544 77789       1000        0      NaN
18545 77797       1000        0      NaN
18546 77807       1000        0      NaN
18547 77810       1000        0      NaN
18548 77811       1000        0      NaN
18549 77818       1000        0      NaN
18550 77820       1000        0      NaN
18551 77838       1000        0      NaN
18552 77884       1000        0      NaN
18553 77887       1000        0      NaN
18554 77892       1000        0      NaN
18555 77896       1000        0      NaN
18556 77898       1000        0      NaN
18557 77900       1000        0      NaN
18558 77904       1000        0      NaN
18559 77909       1000        0      NaN
18560 77916       1000        0      NaN
18561 77920       1000        0      NaN
18562 77923       1000        0      NaN
18563 77939       1000        0      NaN
18564 77942       1000        0      NaN
18565 77949       1000        0      NaN
18566 77952       1000        0      NaN
18567 77954       1000        0      NaN
18568 77956       1000        0      NaN
18569 77962       1000        0      NaN
18570 77967       1000        0      NaN
18571 77971       1000        0      NaN
18572 77975       1000        0      NaN
18573 77977       1000        0      NaN
18574 77980       1000        0      NaN
18575 77983       1000        0      NaN
18576 77985       1000        0      NaN
18577 77996       1000        0      NaN
18578 78021       1000        0      NaN
18579 78025       1000        0      NaN
18580 78035       1000        0      NaN
18581 78038       1000        0      NaN
18582 78041       1000        0      NaN
18583 78042       1000        0      NaN
18584 78043       1000        0      NaN
18585 78046       1000        0      NaN
18586 78048       1000        0      NaN
18587 78055       1000        0      NaN
18588 78067       1000        0      NaN
18589 78069       1000        0      NaN
18590 78070       1000        0      NaN
18591 78071       1000        0      NaN
18592 78074       1000        0      NaN
18593 78080       1000        0      NaN
18594 78096       1000        0      NaN
18595 78107       1000        0      NaN
18596 78112       1000        0      NaN
18597 78114       1000        0      NaN
18598 78119       1000        0      NaN
18599 78123       1000        0      NaN
18600 78127       1000        0      NaN
18601 78128       1000        0      NaN
18602 78144       1000        0      NaN
18603 78149       1000        0      NaN
18604 78158       1000        0      NaN
18605 78161       1000        0      NaN
18606 78166       1000        0      NaN
18607 78169       1000        0      NaN
18608 78174       1000        0      NaN
18609 78176       1000        0      NaN
18610 78189       1000        0      NaN
18611 78194       1000        0      NaN
18612 78203       1000        0      NaN
18613 78210       1000        0      NaN
18614 78213       1000        0      NaN
18615 78221       1000        0      NaN
18616 78223       1000        0      NaN
18617 78229       1000        0      NaN
18618 78236       1000        0      NaN
18619 78240       1000        0      NaN
18620 78243       1000        0      NaN
18621 78245       1000        0      NaN
18622 78261       1000        0      NaN
18623 78271       1000        0      NaN
18624 78273       1000        0      NaN
18625 78275       1000        0      NaN
18626 78277       1000        0      NaN
18627 78283       1000        0      NaN
18628 78290       1000        0      NaN
18629 78293       1000        0      NaN
18630 78303       1000        0      NaN
18631 78317       1000        0      NaN
18632 78319       1000        0      NaN
18633 78327       1000        0      NaN
18634 78333       1000        0      NaN
18635 78336       1000        0      NaN
18636 78339       1000        0      NaN
18637 78355       1000        0      NaN
18638 78356       1000        0      NaN
18639 78358       1000        0      NaN
18640 78365       1000        0      NaN
18641 78373       1000        0      NaN
18642 78377       1000        0      NaN
18643 78381       1000        0      NaN
18644 78384       1000        0      NaN
18645 78393       1000        0      NaN
18646 78403       1000        0      NaN
18647 78406       1000        0      NaN
18648 78409       1000        0      NaN
18649 78410       1000        0      NaN
18650 78419       1000        0      NaN
18651 78430       1000        0      NaN
18652 78431       1000        0      NaN
18653 78453       1000        0      NaN
18654 78464       1000        0      NaN
18655 78479       1000        0      NaN
18656 78494       1000        0      NaN
18657 78518       1000        0      NaN
18658 78533       1000        0      NaN
18659 78541       1000        0      NaN
18660 78547       1000        0      NaN
18661 78553       1000        0      NaN
18662 78555       1000        0      NaN
18663 78556       1000        0      NaN
18664 78571       1000        0      NaN
18665 78579       1000        0      NaN
18666 78582       1000        0      NaN
18667 78587       1000        0      NaN
18668 78588       1000        0      NaN
18669 78597       1000        0      NaN
18670 78600       1000        0      NaN
18671 78602       1000        0      NaN
18672 78612       1000        0      NaN
18673 78624       1000        0      NaN
18674 78633       1000        0      NaN
18675 78638       1000        0      NaN
18676 78648       1000        0      NaN
18677 78653       1000        0      NaN
18678 78664       1000        0      NaN
18679 78671       1000        0      NaN
18680 78672       1000        0      NaN
18681 78676       1000        0      NaN
18682 78682       1000        0      NaN
18683 78694       1000        0      NaN
18684 78695       1000        0      NaN
18685 78708       1000        0      NaN
18686 78716       1000        0      NaN
18687 78721       1000        0      NaN
18688 78730       1000        0      NaN
18689 78738       1000        0      NaN
18690 78742       1000        0      NaN
18691 78746       1000        0      NaN
18692 78750       1000        0      NaN
18693 78761       1000        0      NaN
18694 78779       1000        0      NaN
18695 78781       1000        0      NaN
18696 78783       1000        0      NaN
18697 78784       1000        0      NaN
18698 78787       1000        0      NaN
18699 78797       1000        0      NaN
18700 78808       1000        0      NaN
18701 78813       1000        0      NaN
18702 78833       1000        0      NaN
18703 78862       1000        0      NaN
18704 78865       1000        0      NaN
18705 78869       1000        0      NaN
18706 78870       1000        0      NaN
18707 78881       1000        0      NaN
18708 78889       1000        0      NaN
18709 78890       1000        0      NaN
18710 78921       1000        0      NaN
18711 78929       1000        0      NaN
18712 78930       1000        0      NaN
18713 78937       1000        0      NaN
18714 78955       1000        0      NaN
18715 78970       1000        0      NaN
18716 78973       1000        0      NaN
18717 78974       1000        0      NaN
18718 78977       1000        0      NaN
18719 78983       1000        0      NaN
18720 79002       1000        0      NaN
18721 79013       1000        0      NaN
18722 79024       1000        0      NaN
18723 79028       1000        0      NaN
18724 79051       1000        0      NaN
18725 79055       1000        0      NaN
18726 79060       1000        0      NaN
18727 79066       1000        0      NaN
18728 79067       1000        0      NaN
18729 79068       1000        0      NaN
18730 79069       1000        0      NaN
18731 79080       1000        0      NaN
18732 79088       1000        0      NaN
18733 79119       1000        0      NaN
18734 79124       1000        0      NaN
18735 79126       1000        0      NaN
18736 79128       1000        0      NaN
18737 79132       1000        0      NaN
18738 79156       1000        0      NaN
18739 79158       1000        0      NaN
18740 79169       1000        0      NaN
18741 79174       1000        0      NaN
18742 79179       1000        0      NaN
18743 79206       1000        0      NaN
18744 79214       1000        0      NaN
18745 79229       1000        0      NaN
18746 79230       1000        0      NaN
18747 79234       1000        0      NaN
18748 79236       1000        0      NaN
18749 79238       1000        0      NaN
18750 79243       1000        0      NaN
18751 79248       1000        0      NaN
18752 79256       1000        0      NaN
18753 79258       1000        0      NaN
18754 79263       1000        0      NaN
18755 79265       1000        0      NaN
18756 79272       1000        0      NaN
18757 79274       1000        0      NaN
18758 79275       1000        0      NaN
18759 79276       1000        0      NaN
18760 79291       1000        0      NaN
18761 79300       1000        0      NaN
18762 79303       1000        0      NaN
18763 79319       1000        0      NaN
18764 79321       1000        0      NaN
18765 79322       1000        0      NaN
18766 79341       1000        0      NaN
18767 79345       1000        0      NaN
18768 79352       1000        0      NaN
18769 79353       1000        0      NaN
18770 79369       1000        0      NaN
18771 79397       1000        0      NaN
18772 79428       1000        0      NaN
18773 79429       1000        0      NaN
18774 79434       1000        0      NaN
18775 79436       1000        0      NaN
18776 79441       1000        0      NaN
18777 79444       1000        0      NaN
18778 79446       1000        0      NaN
18779 79449       1000        0      NaN
18780 79454       1000        0      NaN
18781 79455       1000        0      NaN
18782 79469       1000        0      NaN
18783 79473       1000        0      NaN
18784 79478       1000        0      NaN
18785 79490       1000        0      NaN
18786 79496       1000        0      NaN
18787 79501       1000        0      NaN
18788 79513       1000        0      NaN
18789 79515       1000        0      NaN
18790 79529       1000        0      NaN
18791 79531       1000        0      NaN
18792 79538       1000        0      NaN
18793 79539       1000        0      NaN
18794 79557       1000        0      NaN
18795 79561       1000        0      NaN
18796 79573       1000        0      NaN
18797 79580       1000        0      NaN
18798 79588       1000        0      NaN
18799 79598       1000        0      NaN
18800 79600       1000        0      NaN
18801 79606       1000        0      NaN
18802 79615       1000        0      NaN
18803 79618       1000        0      NaN
18804 79628       1000        0      NaN
18805 79631       1000        0      NaN
18806 79642       1000        0      NaN
18807 79649       1000        0      NaN
18808 79650       1000        0      NaN
18809 79659       1000        0      NaN
18810 79664       1000        0      NaN
18811 79667       1000        0      NaN
18812 79671       1000        0      NaN
18813 79684       1000        0      NaN
18814 79739       1000        0      NaN
18815 79741       1000        0      NaN
18816 79758       1000        0      NaN
18817 79764       1000        0      NaN
18818 79786       1000        0      NaN
18819 79800       1000        0      NaN
18820 79809       1000        0      NaN
18821 79811       1000        0      NaN
18822 79829       1000        0      NaN
18823 79831       1000        0      NaN
18824 79838       1000        0      NaN
18825 79845       1000        0      NaN
18826 79848       1000        0      NaN
18827 79852       1000        0      NaN
18828 79853       1000        0      NaN
18829 79855       1000        0      NaN
18830 79871       1000        0      NaN
18831 79880       1000        0      NaN
18832 79883       1000        0      NaN
18833 79899       1000        0      NaN
18834 79908       1000        0      NaN
18835 79922       1000        0      NaN
18836 79925       1000        0      NaN
18837 79927       1000        0      NaN
18838 79962       1000        0      NaN
18839 79964       1000        0      NaN
18840 79970       1000        0      NaN
18841 79976       1000        0      NaN
18842 79978       1000        0      NaN
18843 80005       1000        0      NaN
18844 80006       1000        0      NaN
18845 80007       1000        0      NaN
18846 80014       1000        0      NaN
18847 80017       1000        0      NaN
18848 80020       1000        0      NaN
18849 80027       1000        0      NaN
18850 80053       1000        0      NaN
18851 80055       1000        0      NaN
18852 80060       1000        0      NaN
18853 80065       1000        0      NaN
18854 80072       1000        0      NaN
18855 80073       1000        0      NaN
18856 80075       1000        0      NaN
18857 80076       1000        0      NaN
18858 80078       1000        0      NaN
18859 80079       1000        0      NaN
18860 80086       1000        0      NaN
18861 80087       1000        0      NaN
18862 80098       1000        0      NaN
18863 80117       1000        0      NaN
18864 80131       1000        0      NaN
18865 80139       1000        0      NaN
18866 80140       1000        0      NaN
18867 80153       1000        0      NaN
18868 80156       1000        0      NaN
18869 80178       1000        0      NaN
18870 80181       1000        0      NaN
18871 80187       1000        0      NaN
18872 80192       1000        0      NaN
18873 80193       1000        0      NaN
18874 80201       1000        0      NaN
18875 80214       1000        0      NaN
18876 80232       1000        0      NaN
18877 80233       1000        0      NaN
18878 80236       1000        0      NaN
18879 80257       1000        0      NaN
18880 80261       1000        0      NaN
18881 80265       1000        0      NaN
18882 80268       1000        0      NaN
18883 80289       1000        0      NaN
18884 80307       1000        0      NaN
18885 80316       1000        0      NaN
18886 80328       1000        0      NaN
18887 80337       1000        0      NaN
18888 80363       1000        0      NaN
18889 80378       1000        0      NaN
18890 80382       1000        0      NaN
18891 80401       1000        0      NaN
18892 80405       1000        0      NaN
18893 80407       1000        0      NaN
18894 80408       1000        0      NaN
18895 80418       1000        0      NaN
18896 80426       1000        0      NaN
18897 80428       1000        0      NaN
18898 80429       1000        0      NaN
18899 80430       1000        0      NaN
18900 80439       1000        0      NaN
18901 80443       1000        0      NaN
18902 80477       1000        0      NaN
18903 80488       1000        0      NaN
18904 80494       1000        0      NaN
18905 80499       1000        0      NaN
18906 80502       1000        0      NaN
18907 80519       1000        0      NaN
18908 80522       1000        0      NaN
18909 80531       1000        0      NaN
18910 80535       1000        0      NaN
18911 80560       1000        0      NaN
18912 80562       1000        0      NaN
18913 80564       1000        0      NaN
18914 80577       1000        0      NaN
18915 80579       1000        0      NaN
18916 80591       1000        0      NaN
18917 80599       1000        0      NaN
18918 80609       1000        0      NaN
18919 80626       1000        0      NaN
18920 80627       1000        0      NaN
18921 80633       1000        0      NaN
18922 80638       1000        0      NaN
18923 80639       1000        0      NaN
18924 80646       1000        0      NaN
18925 80670       1000        0      NaN
18926 80673       1000        0      NaN
18927 80675       1000        0      NaN
18928 80686       1000        0      NaN
18929 80690       1000        0      NaN
18930 80694       1000        0      NaN
18931 80696       1000        0      NaN
18932 80699       1000        0      NaN
18933 80701       1000        0      NaN
18934 80708       1000        0      NaN
18935 80715       1000        0      NaN
18936 80726       1000        0      NaN
18937 80739       1000        0      NaN
18938 80742       1000        0      NaN
18939 80754       1000        0      NaN
18940 80755       1000        0      NaN
18941 80758       1000        0      NaN
18942 80776       1000        0      NaN
18943 80783       1000        0      NaN
18944 80789       1000        0      NaN
18945 80790       1000        0      NaN
18946 80795       1000        0      NaN
18947 80798       1000        0      NaN
18948 80804       1000        0      NaN
18949 80826       1000        0      NaN
18950 80828       1000        0      NaN
18951 80830       1000        0      NaN
18952 80836       1000        0      NaN
18953 80839       1000        0      NaN
18954 80841       1000        0      NaN
18955 80855       1000        0      NaN
18956 80900       1000        0      NaN
18957 80902       1000        0      NaN
18958 80905       1000        0      NaN
18959 80936       1000        0      NaN
18960 80937       1000        0      NaN
18961 80941       1000        0      NaN
18962 80944       1000        0      NaN
18963 80949       1000        0      NaN
18964 80963       1000        0      NaN
18965 80974       1000        0      NaN
18966 80985       1000        0      NaN
18967 80989       1000        0      NaN
18968 80994       1000        0      NaN
18969 80996       1000        0      NaN
18970 81005       1000        0      NaN
18971 81007       1000        0      NaN
18972 81020       1000        0      NaN
18973 81022       1000        0      NaN
18974 81024       1000        0      NaN
18975 81032       1000        0      NaN
18976 81052       1000        0      NaN
18977 81058       1000        0      NaN
18978 81061       1000        0      NaN
18979 81065       1000        0      NaN
18980 81089       1000        0      NaN
18981 81098       1000        0      NaN
18982 81100       1000        0      NaN
18983 81107       1000        0      NaN
18984 81108       1000        0      NaN
18985 81118       1000        0      NaN
18986 81121       1000        0      NaN
18987 81145       1000        0      NaN
18988 81160       1000        0      NaN
18989 81163       1000        0      NaN
18990 81170       1000        0      NaN
18991 81172       1000        0      NaN
18992 81173       1000        0      NaN
18993 81181       1000        0      NaN
18994 81183       1000        0      NaN
18995 81195       1000        0      NaN
18996 81201       1000        0      NaN
18997 81213       1000        0      NaN
18998 81215       1000        0      NaN
18999 81223       1000        0      NaN
19000 81225       1000        0      NaN
19001 81229       1000        0      NaN
19002 81234       1000        0      NaN
19003 81237       1000        0      NaN
19004 81244       1000        0      NaN
19005 81252       1000        0      NaN
19006 81263       1000        0      NaN
19007 81273       1000        0      NaN
19008 81275       1000        0      NaN
19009 81296       1000        0      NaN
19010 81301       1000        0      NaN
19011 81302       1000        0      NaN
19012 81305       1000        0      NaN
19013 81308       1000        0      NaN
19014 81309       1000        0      NaN
19015 81310       1000        0      NaN
19016 81317       1000        0      NaN
19017 81332       1000        0      NaN
19018 81347       1000        0      NaN
19019 81354       1000        0      NaN
19020 81356       1000        0      NaN
19021 81369       1000        0      NaN
19022 81375       1000        0      NaN
19023 81390       1000        0      NaN
19024 81395       1000        0      NaN
19025 81411       1000        0      NaN
19026 81422       1000        0      NaN
19027 81431       1000        0      NaN
19028 81434       1000        0      NaN
19029 81442       1000        0      NaN
19030 81447       1000        0      NaN
19031 81463       1000        0      NaN
19032 81473       1000        0      NaN
19033 81478       1000        0      NaN
19034 81479       1000        0      NaN
19035 81483       1000        0      NaN
19036 81491       1000        0      NaN
19037 81494       1000        0      NaN
19038 81495       1000        0      NaN
19039 81502       1000        0      NaN
19040 81508       1000        0      NaN
19041 81525       1000        0      NaN
19042 81529       1000        0      NaN
19043 81542       1000        0      NaN
19044 81543       1000        0      NaN
19045 81544       1000        0      NaN
19046 81558       1000        0      NaN
19047 81560       1000        0      NaN
19048 81561       1000        0      NaN
19049 81567       1000        0      NaN
19050 81572       1000        0      NaN
19051 81575       1000        0      NaN
19052 81593       1000        0      NaN
19053 81595       1000        0      NaN
19054 81609       1000        0      NaN
19055 81618       1000        0      NaN
19056 81633       1000        0      NaN
19057 81635       1000        0      NaN
19058 81640       1000        0      NaN
19059 81649       1000        0      NaN
19060 81650       1000        0      NaN
19061 81655       1000        0      NaN
19062 81658       1000        0      NaN
19063 81660       1000        0      NaN
19064 81662       1000        0      NaN
19065 81675       1000        0      NaN
19066 81681       1000        0      NaN
19067 81683       1000        0      NaN
19068 81687       1000        0      NaN
19069 81691       1000        0      NaN
19070 81699       1000        0      NaN
19071 81701       1000        0      NaN
19072 81711       1000        0      NaN
19073 81725       1000        0      NaN
19074 81728       1000        0      NaN
19075 81734       1000        0      NaN
19076 81736       1000        0      NaN
19077 81738       1000        0      NaN
19078 81747       1000        0      NaN
19079 81748       1000        0      NaN
19080 81750       1000        0      NaN
19081 81753       1000        0      NaN
19082 81763       1000        0      NaN
19083 81785       1000        0      NaN
19084 81799       1000        0      NaN
19085 81807       1000        0      NaN
19086 81815       1000        0      NaN
19087 81823       1000        0      NaN
19088 81831       1000        0      NaN
19089 81847       1000        0      NaN
19090 81848       1000        0      NaN
19091 81851       1000        0      NaN
19092 81865       1000        0      NaN
19093 81867       1000        0      NaN
19094 81868       1000        0      NaN
19095 81873       1000        0      NaN
19096 81883       1000        0      NaN
19097 81901       1000        0      NaN
19098 81904       1000        0      NaN
19099 81910       1000        0      NaN
19100 81914       1000        0      NaN
19101 81917       1000        0      NaN
19102 81918       1000        0      NaN
19103 81931       1000        0      NaN
19104 81933       1000        0      NaN
19105 81939       1000        0      NaN
19106 81942       1000        0      NaN
19107 81969       1000        0      NaN
19108 81972       1000        0      NaN
19109 81976       1000        0      NaN
19110 81977       1000        0      NaN
19111 81979       1000        0      NaN
19112 81990       1000        0      NaN
19113 82000       1000        0      NaN
19114 82005       1000        0      NaN
19115 82023       1000        0      NaN
19116 82024       1000        0      NaN
19117 82025       1000        0      NaN
19118 82036       1000        0      NaN
19119 82043       1000        0      NaN
19120 82057       1000        0      NaN
19121 82061       1000        0      NaN
19122 82064       1000        0      NaN
19123 82069       1000        0      NaN
19124 82084       1000        0      NaN
19125 82085       1000        0      NaN
19126 82088       1000        0      NaN
19127 82093       1000        0      NaN
19128 82103       1000        0      NaN
19129 82106       1000        0      NaN
19130 82109       1000        0      NaN
19131 82113       1000        0      NaN
19132 82117       1000        0      NaN
19133 82119       1000        0      NaN
19134 82127       1000        0      NaN
19135 82130       1000        0      NaN
19136 82146       1000        0      NaN
19137 82153       1000        0      NaN
19138 82154       1000        0      NaN
19139 82186       1000        0      NaN
19140 82194       1000        0      NaN
19141 82201       1000        0      NaN
19142 82218       1000        0      NaN
19143 82244       1000        0      NaN
19144 82252       1000        0      NaN
19145 82256       1000        0      NaN
19146 82258       1000        0      NaN
19147 82275       1000        0      NaN
19148 82281       1000        0      NaN
19149 82282       1000        0      NaN
19150 82299       1000        0      NaN
19151 82313       1000        0      NaN
19152 82326       1000        0      NaN
19153 82335       1000        0      NaN
19154 82342       1000        0      NaN
19155 82346       1000        0      NaN
19156 82357       1000        0      NaN
19157 82374       1000        0      NaN
19158 82378       1000        0      NaN
19159 82385       1000        0      NaN
19160 82386       1000        0      NaN
19161 82394       1000        0      NaN
19162 82396       1000        0      NaN
19163 82397       1000        0      NaN
19164 82403       1000        0      NaN
19165 82417       1000        0      NaN
19166 82426       1000        0      NaN
19167 82430       1000        0      NaN
19168 82433       1000        0      NaN
19169 82436       1000        0      NaN
19170 82448       1000        0      NaN
19171 82451       1000        0      NaN
19172 82453       1000        0      NaN
19173 82455       1000        0      NaN
19174 82460       1000        0      NaN
19175 82467       1000        0      NaN
19176 82479       1000        0      NaN
19177 82486       1000        0      NaN
19178 82498       1000        0      NaN
19179 82500       1000        0      NaN
19180 82502       1000        0      NaN
19181 82515       1000        0      NaN
19182 82517       1000        0      NaN
19183 82526       1000        0      NaN
19184 82534       1000        0      NaN
19185 82540       1000        0      NaN
19186 82542       1000        0      NaN
19187 82544       1000        0      NaN
19188 82551       1000        0      NaN
19189 82556       1000        0      NaN
19190 82557       1000        0      NaN
19191 82563       1000        0      NaN
19192 82575       1000        0      NaN
19193 82587       1000        0      NaN
19194 82614       1000        0      NaN
19195 82615       1000        0      NaN
19196 82625       1000        0      NaN
19197 82629       1000        0      NaN
19198 82632       1000        0      NaN
19199 82646       1000        0      NaN
19200 82647       1000        0      NaN
19201 82664       1000        0      NaN
19202 82667       1000        0      NaN
19203 82674       1000        0      NaN
19204 82702       1000        0      NaN
19205 82705       1000        0      NaN
19206 82717       1000        0      NaN
19207 82727       1000        0      NaN
19208 82729       1000        0      NaN
19209 82773       1000        0      NaN
19210 82777       1000        0      NaN
19211 82781       1000        0      NaN
19212 82792       1000        0      NaN
19213 82795       1000        0      NaN
19214 82801       1000        0      NaN
19215 82815       1000        0      NaN
19216 82823       1000        0      NaN
19217 82833       1000        0      NaN
19218 82836       1000        0      NaN
19219 82838       1000        0      NaN
19220 82839       1000        0      NaN
19221 82841       1000        0      NaN
19222 82844       1000        0      NaN
19223 82845       1000        0      NaN
19224 82847       1000        0      NaN
19225 82854       1000        0      NaN
19226 82856       1000        0      NaN
19227 82858       1000        0      NaN
19228 82871       1000        0      NaN
19229 82880       1000        0      NaN
19230 82888       1000        0      NaN
19231 82892       1000        0      NaN
19232 82893       1000        0      NaN
19233 82907       1000        0      NaN
19234 82911       1000        0      NaN
19235 82924       1000        0      NaN
19236 82929       1000        0      NaN
19237 82940       1000        0      NaN
19238 82947       1000        0      NaN
19239 82948       1000        0      NaN
19240 82949       1000        0      NaN
19241 82954       1000        0      NaN
19242 82965       1000        0      NaN
19243 82969       1000        0      NaN
19244 82973       1000        0      NaN
19245 82977       1000        0      NaN
19246 82988       1000        0      NaN
19247 82999       1000        0      NaN
19248 83020       1000        0      NaN
19249 83023       1000        0      NaN
19250 83029       1000        0      NaN
19251 83033       1000        0      NaN
19252 83034       1000        0      NaN
19253 83045       1000        0      NaN
19254 83048       1000        0      NaN
19255 83070       1000        0      NaN
19256 83095       1000        0      NaN
19257 83099       1000        0      NaN
19258 83100       1000        0      NaN
19259 83103       1000        0      NaN
19260 83106       1000        0      NaN
19261 83112       1000        0      NaN
19262 83119       1000        0      NaN
19263 83130       1000        0      NaN
19264 83147       1000        0      NaN
19265 83150       1000        0      NaN
19266 83153       1000        0      NaN
19267 83155       1000        0      NaN
19268 83156       1000        0      NaN
19269 83158       1000        0      NaN
19270 83165       1000        0      NaN
19271 83168       1000        0      NaN
19272 83173       1000        0      NaN
19273 83178       1000        0      NaN
19274 83179       1000        0      NaN
19275 83194       1000        0      NaN
19276 83205       1000        0      NaN
19277 83211       1000        0      NaN
19278 83215       1000        0      NaN
19279 83220       1000        0      NaN
19280 83221       1000        0      NaN
19281 83231       1000        0      NaN
19282 83232       1000        0      NaN
19283 83234       1000        0      NaN
19284 83244       1000        0      NaN
19285 83264       1000        0      NaN
19286 83266       1000        0      NaN
19287 83269       1000        0      NaN
19288 83272       1000        0      NaN
19289 83274       1000        0      NaN
19290 83277       1000        0      NaN
19291 83294       1000        0      NaN
19292 83297       1000        0      NaN
19293 83300       1000        0      NaN
19294 83303       1000        0      NaN
19295 83310       1000        0      NaN
19296 83340       1000        0      NaN
19297 83341       1000        0      NaN
19298 83343       1000        0      NaN
19299 83349       1000        0      NaN
19300 83362       1000        0      NaN
19301 83364       1000        0      NaN
19302 83378       1000        0      NaN
19303 83388       1000        0      NaN
19304 83389       1000        0      NaN
19305 83394       1000        0      NaN
19306 83416       1000        0      NaN
19307 83432       1000        0      NaN
19308 83435       1000        0      NaN
19309 83461       1000        0      NaN
19310 83462       1000        0      NaN
19311 83482       1000        0      NaN
19312 83493       1000        0      NaN
19313 83497       1000        0      NaN
19314 83506       1000        0      NaN
19315 83514       1000        0      NaN
19316 83517       1000        0      NaN
19317 83537       1000        0      NaN
19318 83540       1000        0      NaN
19319 83549       1000        0      NaN
19320 83551       1000        0      NaN
19321 83565       1000        0      NaN
19322 83583       1000        0      NaN
19323 83589       1000        0      NaN
19324 83593       1000        0      NaN
19325 83600       1000        0      NaN
19326 83609       1000        0      NaN
19327 83612       1000        0      NaN
19328 83621       1000        0      NaN
19329 83624       1000        0      NaN
19330 83629       1000        0      NaN
19331 83632       1000        0      NaN
19332 83633       1000        0      NaN
19333 83639       1000        0      NaN
19334 83641       1000        0      NaN
19335 83661       1000        0      NaN
19336 83685       1000        0      NaN
19337 83688       1000        0      NaN
19338 83691       1000        0      NaN
19339 83696       1000        0      NaN
19340 83706       1000        0      NaN
19341 83712       1000        0      NaN
19342 83718       1000        0      NaN
19343 83724       1000        0      NaN
19344 83725       1000        0      NaN
19345 83728       1000        0      NaN
19346 83734       1000        0      NaN
19347 83743       1000        0      NaN
19348 83748       1000        0      NaN
19349 83749       1000        0      NaN
19350 83756       1000        0      NaN
19351 83758       1000        0      NaN
19352 83767       1000        0      NaN
19353 83773       1000        0      NaN
19354 83775       1000        0      NaN
19355 83778       1000        0      NaN
19356 83784       1000        0      NaN
19357 83785       1000        0      NaN
19358 83787       1000        0      NaN
19359 83794       1000        0      NaN
19360 83796       1000        0      NaN
19361 83797       1000        0      NaN
19362 83808       1000        0      NaN
19363 83811       1000        0      NaN
19364 83822       1000        0      NaN
19365 83828       1000        0      NaN
19366 83829       1000        0      NaN
19367 83830       1000        0      NaN
19368 83831       1000        0      NaN
19369 83846       1000        0      NaN
19370 83847       1000        0      NaN
19371 83855       1000        0      NaN
19372 83858       1000        0      NaN
19373 83860       1000        0      NaN
19374 83861       1000        0      NaN
19375 83868       1000        0      NaN
19376 83875       1000        0      NaN
19377 83886       1000        0      NaN
19378 83890       1000        0      NaN
19379 83897       1000        0      NaN
19380 83902       1000        0      NaN
19381 83907       1000        0      NaN
19382 83913       1000        0      NaN
19383 83929       1000        0      NaN
19384 83931       1000        0      NaN
19385 83942       1000        0      NaN
19386 83954       1000        0      NaN
19387 83971       1000        0      NaN
19388 83987       1000        0      NaN
19389 83994       1000        0      NaN
19390 83998       1000        0      NaN
19391 84011       1000        0      NaN
19392 84013       1000        0      NaN
19393 84023       1000        0      NaN
19394 84026       1000        0      NaN
19395 84034       1000        0      NaN
19396 84037       1000        0      NaN
19397 84043       1000        0      NaN
19398 84051       1000        0      NaN
19399 84059       1000        0      NaN
19400 84062       1000        0      NaN
19401 84075       1000        0      NaN
19402 84076       1000        0      NaN
19403 84078       1000        0      NaN
19404 84089       1000        0      NaN
19405 84101       1000        0      NaN
19406 84104       1000        0      NaN
19407 84113       1000        0      NaN
19408 84119       1000        0      NaN
19409 84124       1000        0      NaN
19410 84138       1000        0      NaN
19411 84139       1000        0      NaN
19412 84146       1000        0      NaN
19413 84148       1000        0      NaN
19414 84151       1000        0      NaN
19415 84158       1000        0      NaN
19416 84162       1000        0      NaN
19417 84164       1000        0      NaN
19418 84169       1000        0      NaN
19419 84180       1000        0      NaN
19420 84186       1000        0      NaN
19421 84195       1000        0      NaN
19422 84201       1000        0      NaN
19423 84217       1000        0      NaN
19424 84218       1000        0      NaN
19425 84224       1000        0      NaN
19426 84226       1000        0      NaN
19427 84237       1000        0      NaN
19428 84241       1000        0      NaN
19429 84244       1000        0      NaN
19430 84252       1000        0      NaN
19431 84254       1000        0      NaN
19432 84258       1000        0      NaN
19433 84261       1000        0      NaN
19434 84277       1000        0      NaN
19435 84290       1000        0      NaN
19436 84297       1000        0      NaN
19437 84302       1000        0      NaN
19438 84303       1000        0      NaN
19439 84315       1000        0      NaN
19440 84326       1000        0      NaN
19441 84331       1000        0      NaN
19442 84332       1000        0      NaN
19443 84344       1000        0      NaN
19444 84351       1000        0      NaN
19445 84353       1000        0      NaN
19446 84356       1000        0      NaN
19447 84358       1000        0      NaN
19448 84359       1000        0      NaN
19449 84362       1000        0      NaN
19450 84369       1000        0      NaN
19451 84381       1000        0      NaN
19452 84383       1000        0      NaN
19453 84385       1000        0      NaN
19454 84392       1000        0      NaN
19455 84398       1000        0      NaN
19456 84401       1000        0      NaN
19457 84405       1000        0      NaN
19458 84420       1000        0      NaN
19459 84427       1000        0      NaN
19460 84429       1000        0      NaN
19461 84430       1000        0      NaN
19462 84439       1000        0      NaN
19463 84441       1000        0      NaN
19464 84444       1000        0      NaN
19465 84446       1000        0      NaN
19466 84449       1000        0      NaN
19467 84468       1000        0      NaN
19468 84469       1000        0      NaN
19469 84472       1000        0      NaN
19470 84487       1000        0      NaN
19471 84491       1000        0      NaN
19472 84496       1000        0      NaN
19473 84514       1000        0      NaN
19474 84518       1000        0      NaN
19475 84520       1000        0      NaN
19476 84527       1000        0      NaN
19477 84534       1000        0      NaN
19478 84537       1000        0      NaN
19479 84540       1000        0      NaN
19480 84547       1000        0      NaN
19481 84556       1000        0      NaN
19482 84565       1000        0      NaN
19483 84618       1000        0      NaN
19484 84637       1000        0      NaN
19485 84641       1000        0      NaN
19486 84642       1000        0      NaN
19487 84648       1000        0      NaN
19488 84653       1000        0      NaN
19489 84659       1000        0      NaN
19490 84664       1000        0      NaN
19491 84665       1000        0      NaN
19492 84675       1000        0      NaN
19493 84676       1000        0      NaN
19494 84683       1000        0      NaN
19495 84684       1000        0      NaN
19496 84696       1000        0      NaN
19497 84700       1000        0      NaN
19498 84702       1000        0      NaN
19499 84707       1000        0      NaN
19500 84728       1000        0      NaN
19501 84736       1000        0      NaN
19502 84740       1000        0      NaN
19503 84743       1000        0      NaN
19504 84764       1000        0      NaN
19505 84767       1000        0      NaN
19506 84780       1000        0      NaN
19507 84781       1000        0      NaN
19508 84783       1000        0      NaN
19509 84795       1000        0      NaN
19510 84796       1000        0      NaN
19511 84801       1000        0      NaN
19512 84850       1000        0      NaN
19513 84858       1000        0      NaN
19514 84861       1000        0      NaN
19515 84867       1000        0      NaN
19516 84873       1000        0      NaN
19517 84877       1000        0      NaN
19518 84878       1000        0      NaN
19519 84880       1000        0      NaN
19520 84884       1000        0      NaN
19521 84889       1000        0      NaN
19522 84902       1000        0      NaN
19523 84906       1000        0      NaN
19524 84908       1000        0      NaN
19525 84929       1000        0      NaN
19526 84934       1000        0      NaN
19527 84939       1000        0      NaN
19528 84946       1000        0      NaN
19529 84949       1000        0      NaN
19530 84960       1000        0      NaN
19531 84961       1000        0      NaN
19532 84967       1000        0      NaN
19533 84974       1000        0      NaN
19534 84975       1000        0      NaN
19535 84976       1000        0      NaN
19536 84977       1000        0      NaN
19537 84984       1000        0      NaN
19538 84988       1000        0      NaN
19539 84993       1000        0      NaN
19540 85001       1000        0      NaN
19541 85011       1000        0      NaN
19542 85026       1000        0      NaN
19543 85030       1000        0      NaN
19544 85053       1000        0      NaN
19545 85056       1000        0      NaN
19546 85059       1000        0      NaN
19547 85064       1000        0      NaN
19548 85065       1000        0      NaN
19549 85074       1000        0      NaN
19550 85085       1000        0      NaN
19551 85088       1000        0      NaN
19552 85096       1000        0      NaN
19553 85098       1000        0      NaN
19554 85101       1000        0      NaN
19555 85106       1000        0      NaN
19556 85113       1000        0      NaN
19557 85126       1000        0      NaN
19558 85127       1000        0      NaN
19559 85129       1000        0      NaN
19560 85146       1000        0      NaN
19561 85152       1000        0      NaN
19562 85167       1000        0      NaN
19563 85170       1000        0      NaN
19564 85174       1000        0      NaN
19565 85180       1000        0      NaN
19566 85190       1000        0      NaN
19567 85191       1000        0      NaN
19568 85214       1000        0      NaN
19569 85216       1000        0      NaN
19570 85218       1000        0      NaN
19571 85247       1000        0      NaN
19572 85249       1000        0      NaN
19573 85259       1000        0      NaN
19574 85266       1000        0      NaN
19575 85277       1000        0      NaN
19576 85307       1000        0      NaN
19577 85310       1000        0      NaN
19578 85322       1000        0      NaN
19579 85323       1000        0      NaN
19580 85325       1000        0      NaN
19581 85340       1000        0      NaN
19582 85345       1000        0      NaN
19583 85346       1000        0      NaN
19584 85356       1000        0      NaN
19585 85381       1000        0      NaN
19586 85387       1000        0      NaN
19587 85401       1000        0      NaN
19588 85407       1000        0      NaN
19589 85419       1000        0      NaN
19590 85421       1000        0      NaN
19591 85442       1000        0      NaN
19592 85450       1000        0      NaN
19593 85460       1000        0      NaN
19594 85462       1000        0      NaN
19595 85469       1000        0      NaN
19596 85472       1000        0      NaN
19597 85481       1000        0      NaN
19598 85490       1000        0      NaN
19599 85497       1000        0      NaN
19600 85499       1000        0      NaN
19601 85511       1000        0      NaN
19602 85515       1000        0      NaN
19603 85517       1000        0      NaN
19604 85518       1000        0      NaN
19605 85523       1000        0      NaN
19606 85525       1000        0      NaN
19607 85535       1000        0      NaN
19608 85536       1000        0      NaN
19609 85537       1000        0      NaN
19610 85541       1000        0      NaN
19611 85542       1000        0      NaN
19612 85553       1000        0      NaN
19613 85558       1000        0      NaN
19614 85560       1000        0      NaN
19615 85563       1000        0      NaN
19616 85571       1000        0      NaN
19617 85572       1000        0      NaN
19618 85575       1000        0      NaN
19619 85579       1000        0      NaN
19620 85585       1000        0      NaN
19621 85592       1000        0      NaN
19622 85593       1000        0      NaN
19623 85598       1000        0      NaN
19624 85600       1000        0      NaN
19625 85601       1000        0      NaN
19626 85609       1000        0      NaN
19627 85610       1000        0      NaN
19628 85612       1000        0      NaN
19629 85615       1000        0      NaN
19630 85618       1000        0      NaN
19631 85647       1000        0      NaN
19632 85649       1000        0      NaN
19633 85657       1000        0      NaN
19634 85660       1000        0      NaN
19635 85663       1000        0      NaN
19636 85695       1000        0      NaN
19637 85718       1000        0      NaN
19638 85727       1000        0      NaN
19639 85728       1000        0      NaN
19640 85729       1000        0      NaN
19641 85741       1000        0      NaN
19642 85745       1000        0      NaN
19643 85765       1000        0      NaN
19644 85787       1000        0      NaN
19645 85792       1000        0      NaN
19646 85800       1000        0      NaN
19647 85807       1000        0      NaN
19648 85813       1000        0      NaN
19649 85826       1000        0      NaN
19650 85840       1000        0      NaN
19651 85864       1000        0      NaN
19652 85865       1000        0      NaN
19653 85869       1000        0      NaN
19654 85882       1000        0      NaN
19655 85895       1000        0      NaN
19656 85917       1000        0      NaN
19657 85929       1000        0      NaN
19658 85930       1000        0      NaN
19659 85936       1000        0      NaN
19660 85939       1000        0      NaN
19661 85952       1000        0      NaN
19662 85954       1000        0      NaN
19663 85956       1000        0      NaN
19664 85966       1000        0      NaN
19665 85972       1000        0      NaN
19666 85979       1000        0      NaN
19667 85980       1000        0      NaN
19668 85993       1000        0      NaN
19669 85996       1000        0      NaN
19670 86007       1000        0      NaN
19671 86008       1000        0      NaN
19672 86017       1000        0      NaN
19673 86026       1000        0      NaN
19674 86035       1000        0      NaN
19675 86036       1000        0      NaN
19676 86039       1000        0      NaN
19677 86057       1000        0      NaN
19678 86088       1000        0      NaN
19679 86089       1000        0      NaN
19680 86097       1000        0      NaN
19681 86112       1000        0      NaN
19682 86114       1000        0      NaN
19683 86115       1000        0      NaN
19684 86119       1000        0      NaN
19685 86171       1000        0      NaN
19686 86180       1000        0      NaN
19687 86185       1000        0      NaN
19688 86190       1000        0      NaN
19689 86195       1000        0      NaN
19690 86200       1000        0      NaN
19691 86202       1000        0      NaN
19692 86211       1000        0      NaN
19693 86219       1000        0      NaN
19694 86226       1000        0      NaN
19695 86227       1000        0      NaN
19696 86231       1000        0      NaN
19697 86250       1000        0      NaN
19698 86252       1000        0      NaN
19699 86253       1000        0      NaN
19700 86256       1000        0      NaN
19701 86257       1000        0      NaN
19702 86258       1000        0      NaN
19703 86262       1000        0      NaN
19704 86264       1000        0      NaN
19705 86265       1000        0      NaN
19706 86268       1000        0      NaN
19707 86275       1000        0      NaN
19708 86276       1000        0      NaN
19709 86282       1000        0      NaN
19710 86284       1000        0      NaN
19711 86286       1000        0      NaN
19712 86297       1000        0      NaN
19713 86302       1000        0      NaN
19714 86305       1000        0      NaN
19715 86311       1000        0      NaN
19716 86317       1000        0      NaN
19717 86320       1000        0      NaN
19718 86325       1000        0      NaN
19719 86339       1000        0      NaN
19720 86344       1000        0      NaN
19721 86349       1000        0      NaN
19722 86351       1000        0      NaN
19723 86353       1000        0      NaN
19724 86354       1000        0      NaN
19725 86355       1000        0      NaN
19726 86368       1000        0      NaN
19727 86378       1000        0      NaN
19728 86379       1000        0      NaN
19729 86384       1000        0      NaN
19730 86396       1000        0      NaN
19731 86401       1000        0      NaN
19732 86423       1000        0      NaN
19733 86429       1000        0      NaN
19734 86432       1000        0      NaN
19735 86433       1000        0      NaN
19736 86434       1000        0      NaN
19737 86440       1000        0      NaN
19738 86450       1000        0      NaN
19739 86455       1000        0      NaN
19740 86459       1000        0      NaN
19741 86464       1000        0      NaN
19742 86476       1000        0      NaN
19743 86480       1000        0      NaN
19744 86481       1000        0      NaN
19745 86485       1000        0      NaN
19746 86494       1000        0      NaN
19747 86504       1000        0      NaN
19748 86506       1000        0      NaN
19749 86511       1000        0      NaN
19750 86517       1000        0      NaN
19751 86529       1000        0      NaN
19752 86531       1000        0      NaN
19753 86532       1000        0      NaN
19754 86541       1000        0      NaN
19755 86543       1000        0      NaN
19756 86552       1000        0      NaN
19757 86563       1000        0      NaN
19758 86568       1000        0      NaN
19759 86581       1000        0      NaN
19760 86584       1000        0      NaN
19761 86593       1000        0      NaN
19762 86596       1000        0      NaN
19763 86606       1000        0      NaN
19764 86612       1000        0      NaN
19765 86619       1000        0      NaN
19766 86621       1000        0      NaN
19767 86622       1000        0      NaN
19768 86623       1000        0      NaN
19769 86631       1000        0      NaN
19770 86632       1000        0      NaN
19771 86642       1000        0      NaN
19772 86657       1000        0      NaN
19773 86674       1000        0      NaN
19774 86687       1000        0      NaN
19775 86711       1000        0      NaN
19776 86714       1000        0      NaN
19777 86719       1000        0      NaN
19778 86727       1000        0      NaN
19779 86728       1000        0      NaN
19780 86739       1000        0      NaN
19781 86740       1000        0      NaN
19782 86742       1000        0      NaN
19783 86745       1000        0      NaN
19784 86751       1000        0      NaN
19785 86770       1000        0      NaN
19786 86772       1000        0      NaN
19787 86780       1000        0      NaN
19788 86784       1000        0      NaN
19789 86793       1000        0      NaN
19790 86797       1000        0      NaN
19791 86808       1000        0      NaN
19792 86815       1000        0      NaN
19793 86817       1000        0      NaN
19794 86820       1000        0      NaN
19795 86827       1000        0      NaN
19796 86832       1000        0      NaN
19797 86834       1000        0      NaN
19798 86835       1000        0      NaN
19799 86842       1000        0      NaN
19800 86846       1000        0      NaN
19801 86850       1000        0      NaN
19802 86851       1000        0      NaN
19803 86863       1000        0      NaN
19804 86887       1000        0      NaN
19805 86891       1000        0      NaN
19806 86894       1000        0      NaN
19807 86902       1000        0      NaN
19808 86904       1000        0      NaN
19809 86906       1000        0      NaN
19810 86929       1000        0      NaN
19811 86934       1000        0      NaN
19812 86946       1000        0      NaN
19813 86948       1000        0      NaN
19814 86952       1000        0      NaN
19815 86953       1000        0      NaN
19816 86955       1000        0      NaN
19817 86960       1000        0      NaN
19818 86978       1000        0      NaN
19819 86988       1000        0      NaN
19820 86990       1000        0      NaN
19821 86992       1000        0      NaN
19822 86998       1000        0      NaN
19823 87001       1000        0      NaN
19824 87006       1000        0      NaN
19825 87012       1000        0      NaN
19826 87015       1000        0      NaN
19827 87016       1000        0      NaN
19828 87027       1000        0      NaN
19829 87035       1000        0      NaN
19830 87041       1000        0      NaN
19831 87045       1000        0      NaN
19832 87046       1000        0      NaN
19833 87051       1000        0      NaN
19834 87062       1000        0      NaN
19835 87063       1000        0      NaN
19836 87080       1000        0      NaN
19837 87081       1000        0      NaN
19838 87083       1000        0      NaN
19839 87086       1000        0      NaN
19840 87088       1000        0      NaN
19841 87101       1000        0      NaN
19842 87106       1000        0      NaN
19843 87107       1000        0      NaN
19844 87108       1000        0      NaN
19845 87110       1000        0      NaN
19846 87117       1000        0      NaN
19847 87119       1000        0      NaN
19848 87124       1000        0      NaN
19849 87132       1000        0      NaN
19850 87133       1000        0      NaN
19851 87134       1000        0      NaN
19852 87136       1000        0      NaN
19853 87141       1000        0      NaN
19854 87146       1000        0      NaN
19855 87152       1000        0      NaN
19856 87154       1000        0      NaN
19857 87158       1000        0      NaN
19858 87159       1000        0      NaN
19859 87163       1000        0      NaN
19860 87165       1000        0      NaN
19861 87167       1000        0      NaN
19862 87171       1000        0      NaN
19863 87181       1000        0      NaN
19864 87190       1000        0      NaN
19865 87195       1000        0      NaN
19866 87211       1000        0      NaN
19867 87221       1000        0      NaN
19868 87224       1000        0      NaN
19869 87225       1000        0      NaN
19870 87232       1000        0      NaN
19871 87251       1000        0      NaN
19872 87253       1000        0      NaN
19873 87285       1000        0      NaN
19874 87288       1000        0      NaN
19875 87292       1000        0      NaN
19876 87294       1000        0      NaN
19877 87299       1000        0      NaN
19878 87314       1000        0      NaN
19879 87320       1000        0      NaN
19880 87322       1000        0      NaN
19881 87323       1000        0      NaN
19882 87327       1000        0      NaN
19883 87329       1000        0      NaN
19884 87347       1000        0      NaN
19885 87348       1000        0      NaN
19886 87349       1000        0      NaN
19887 87352       1000        0      NaN
19888 87353       1000        0      NaN
19889 87354       1000        0      NaN
19890 87369       1000        0      NaN
19891 87374       1000        0      NaN
19892 87377       1000        0      NaN
19893 87379       1000        0      NaN
19894 87391       1000        0      NaN
19895 87400       1000        0      NaN
19896 87403       1000        0      NaN
19897 87415       1000        0      NaN
19898 87417       1000        0      NaN
19899 87421       1000        0      NaN
19900 87425       1000        0      NaN
19901 87426       1000        0      NaN
19902 87432       1000        0      NaN
19903 87438       1000        0      NaN
19904 87445       1000        0      NaN
19905 87455       1000        0      NaN
19906 87456       1000        0      NaN
19907 87460       1000        0      NaN
19908 87465       1000        0      NaN
19909 87466       1000        0      NaN
19910 87474       1000        0      NaN
19911 87484       1000        0      NaN
19912 87485       1000        0      NaN
19913 87487       1000        0      NaN
19914 87492       1000        0      NaN
19915 87495       1000        0      NaN
19916 87500       1000        0      NaN
19917 87504       1000        0      NaN
19918 87518       1000        0      NaN
19919 87521       1000        0      NaN
19920 87523       1000        0      NaN
19921 87528       1000        0      NaN
19922 87537       1000        0      NaN
19923 87554       1000        0      NaN
19924 87560       1000        0      NaN
19925 87561       1000        0      NaN
19926 87565       1000        0      NaN
19927 87571       1000        0      NaN
19928 87585       1000        0      NaN
19929 87589       1000        0      NaN
19930 87595       1000        0      NaN
19931 87597       1000        0      NaN
19932 87624       1000        0      NaN
19933 87625       1000        0      NaN
19934 87641       1000        0      NaN
19935 87658       1000        0      NaN
19936 87666       1000        0      NaN
19937 87674       1000        0      NaN
19938 87677       1000        0      NaN
19939 87678       1000        0      NaN
19940 87695       1000        0      NaN
19941 87705       1000        0      NaN
19942 87715       1000        0      NaN
19943 87725       1000        0      NaN
19944 87737       1000        0      NaN
19945 87743       1000        0      NaN
19946 87757       1000        0      NaN
19947 87762       1000        0      NaN
19948 87776       1000        0      NaN
19949 87780       1000        0      NaN
19950 87783       1000        0      NaN
19951 87786       1000        0      NaN
19952 87794       1000        0      NaN
19953 87797       1000        0      NaN
19954 87798       1000        0      NaN
19955 87799       1000        0      NaN
19956 87814       1000        0      NaN
19957 87816       1000        0      NaN
19958 87825       1000        0      NaN
19959 87829       1000        0      NaN
19960 87834       1000        0      NaN
19961 87842       1000        0      NaN
19962 87847       1000        0      NaN
19963 87852       1000        0      NaN
19964 87855       1000        0      NaN
19965 87862       1000        0      NaN
19966 87867       1000        0      NaN
19967 87876       1000        0      NaN
19968 87891       1000        0      NaN
19969 87894       1000        0      NaN
19970 87895       1000        0      NaN
19971 87903       1000        0      NaN
19972 87907       1000        0      NaN
19973 87925       1000        0      NaN
19974 87936       1000        0      NaN
19975 87945       1000        0      NaN
19976 87972       1000        0      NaN
19977 87980       1000        0      NaN
19978 87985       1000        0      NaN
19979 87987       1000        0      NaN
19980 87990       1000        0      NaN
19981 87995       1000        0      NaN
19982 87996       1000        0      NaN
19983 88000       1000        0      NaN
19984 88004       1000        0      NaN
19985 88008       1000        0      NaN
19986 88014       1000        0      NaN
19987 88018       1000        0      NaN
19988 88033       1000        0      NaN
19989 88035       1000        0      NaN
19990 88042       1000        0      NaN
19991 88044       1000        0      NaN
19992 88048       1000        0      NaN
19993 88077       1000        0      NaN
19994 88085       1000        0      NaN
19995 88088       1000        0      NaN
19996 88100       1000        0      NaN
19997 88105       1000        0      NaN
19998 88108       1000        0      NaN
19999 88109       1000        0      NaN
20000 88110       1000        0      NaN
20001 88111       1000        0      NaN
20002 88116       1000        0      NaN
20003 88119       1000        0      NaN
20004 88128       1000        0      NaN
20005 88134       1000        0      NaN
20006 88137       1000        0      NaN
20007 88148       1000        0      NaN
20008 88149       1000        0      NaN
20009 88163       1000        0      NaN
20010 88180       1000        0      NaN
20011 88188       1000        0      NaN
20012 88189       1000        0      NaN
20013 88205       1000        0      NaN
20014 88206       1000        0      NaN
20015 88209       1000        0      NaN
20016 88212       1000        0      NaN
20017 88234       1000        0      NaN
20018 88239       1000        0      NaN
20019 88245       1000        0      NaN
20020 88246       1000        0      NaN
20021 88248       1000        0      NaN
20022 88254       1000        0      NaN
20023 88266       1000        0      NaN
20024 88270       1000        0      NaN
20025 88279       1000        0      NaN
20026 88283       1000        0      NaN
20027 88289       1000        0      NaN
20028 88291       1000        0      NaN
20029 88292       1000        0      NaN
20030 88299       1000        0      NaN
20031 88310       1000        0      NaN
20032 88311       1000        0      NaN
20033 88316       1000        0      NaN
20034 88323       1000        0      NaN
20035 88331       1000        0      NaN
20036 88332       1000        0      NaN
20037 88335       1000        0      NaN
20038 88337       1000        0      NaN
20039 88347       1000        0      NaN
20040 88360       1000        0      NaN
20041 88361       1000        0      NaN
20042 88377       1000        0      NaN
20043 88378       1000        0      NaN
20044 88380       1000        0      NaN
20045 88382       1000        0      NaN
20046 88393       1000        0      NaN
20047 88402       1000        0      NaN
20048 88419       1000        0      NaN
20049 88434       1000        0      NaN
20050 88439       1000        0      NaN
20051 88440       1000        0      NaN
20052 88445       1000        0      NaN
20053 88465       1000        0      NaN
20054 88467       1000        0      NaN
20055 88483       1000        0      NaN
20056 88488       1000        0      NaN
20057 88495       1000        0      NaN
20058 88496       1000        0      NaN
20059 88500       1000        0      NaN
20060 88505       1000        0      NaN
20061 88516       1000        0      NaN
20062 88526       1000        0      NaN
20063 88537       1000        0      NaN
20064 88542       1000        0      NaN
20065 88567       1000        0      NaN
20066 88568       1000        0      NaN
20067 88588       1000        0      NaN
20068 88596       1000        0      NaN
20069 88597       1000        0      NaN
20070 88599       1000        0      NaN
20071 88602       1000        0      NaN
20072 88603       1000        0      NaN
20073 88609       1000        0      NaN
20074 88610       1000        0      NaN
20075 88616       1000        0      NaN
20076 88617       1000        0      NaN
20077 88619       1000        0      NaN
20078 88628       1000        0      NaN
20079 88632       1000        0      NaN
20080 88637       1000        0      NaN
20081 88638       1000        0      NaN
20082 88642       1000        0      NaN
20083 88643       1000        0      NaN
20084 88651       1000        0      NaN
20085 88660       1000        0      NaN
20086 88667       1000        0      NaN
20087 88671       1000        0      NaN
20088 88680       1000        0      NaN
20089 88684       1000        0      NaN
20090 88685       1000        0      NaN
20091 88713       1000        0      NaN
20092 88717       1000        0      NaN
20093 88722       1000        0      NaN
20094 88739       1000        0      NaN
20095 88758       1000        0      NaN
20096 88759       1000        0      NaN
20097 88760       1000        0      NaN
20098 88764       1000        0      NaN
20099 88771       1000        0      NaN
20100 88794       1000        0      NaN
20101 88796       1000        0      NaN
20102 88801       1000        0      NaN
20103 88817       1000        0      NaN
20104 88821       1000        0      NaN
20105 88825       1000        0      NaN
20106 88829       1000        0      NaN
20107 88840       1000        0      NaN
20108 88858       1000        0      NaN
20109 88863       1000        0      NaN
20110 88865       1000        0      NaN
20111 88866       1000        0      NaN
20112 88885       1000        0      NaN
20113 88888       1000        0      NaN
20114 88893       1000        0      NaN
20115 88897       1000        0      NaN
20116 88902       1000        0      NaN
20117 88909       1000        0      NaN
20118 88912       1000        0      NaN
20119 88935       1000        0      NaN
20120 88940       1000        0      NaN
20121 88942       1000        0      NaN
20122 88943       1000        0      NaN
20123 88953       1000        0      NaN
20124 88969       1000        0      NaN
20125 88977       1000        0      NaN
20126 88982       1000        0      NaN
20127 88989       1000        0      NaN
20128 88999       1000        0      NaN
20129 89000       1000        0      NaN
20130 89016       1000        0      NaN
20131 89017       1000        0      NaN
20132 89030       1000        0      NaN
20133 89034       1000        0      NaN
20134 89038       1000        0      NaN
20135 89042       1000        0      NaN
20136 89046       1000        0      NaN
20137 89053       1000        0      NaN
20138 89057       1000        0      NaN
20139 89070       1000        0      NaN
20140 89074       1000        0      NaN
20141 89075       1000        0      NaN
20142 89089       1000        0      NaN
20143 89090       1000        0      NaN
20144 89092       1000        0      NaN
20145 89097       1000        0      NaN
20146 89099       1000        0      NaN
20147 89101       1000        0      NaN
20148 89123       1000        0      NaN
20149 89125       1000        0      NaN
20150 89133       1000        0      NaN
20151 89139       1000        0      NaN
20152 89152       1000        0      NaN
20153 89155       1000        0      NaN
20154 89156       1000        0      NaN
20155 89162       1000        0      NaN
20156 89169       1000        0      NaN
20157 89171       1000        0      NaN
20158 89172       1000        0      NaN
20159 89177       1000        0      NaN
20160 89181       1000        0      NaN
20161 89183       1000        0      NaN
20162 89185       1000        0      NaN
20163 89190       1000        0      NaN
20164 89195       1000        0      NaN
20165 89202       1000        0      NaN
20166 89210       1000        0      NaN
20167 89218       1000        0      NaN
20168 89223       1000        0      NaN
20169 89225       1000        0      NaN
20170 89231       1000        0      NaN
20171 89246       1000        0      NaN
20172 89263       1000        0      NaN
20173 89266       1000        0      NaN
20174 89294       1000        0      NaN
20175 89298       1000        0      NaN
20176 89303       1000        0      NaN
20177 89319       1000        0      NaN
20178 89322       1000        0      NaN
20179 89328       1000        0      NaN
20180 89340       1000        0      NaN
20181 89355       1000        0      NaN
20182 89357       1000        0      NaN
20183 89365       1000        0      NaN
20184 89369       1000        0      NaN
20185 89372       1000        0      NaN
20186 89385       1000        0      NaN
20187 89396       1000        0      NaN
20188 89404       1000        0      NaN
20189 89407       1000        0      NaN
20190 89413       1000        0      NaN
