============================================================
 REACTION 2 — UNDISCOVERED COMPONENT REPORT
 Generated at: 2026-07-14 21:50:36
============================================================
 Full pool sizes   →  A: 83307   B: 24165
 Discovered so far →  A: 6279   B: 2970
------------------------------------------------------------
 Component A :  77028 undiscovered / 83307 total
 Component B :  21195 undiscovered / 24165 total
============================================================


--- Undiscovered A ids ---
65807, 65809, 65810, 65811, 65812, 65813, 65815, 65816, 65818, 65820, 65822, 65823, 65824, 65825, 65827, 65828, 65829, 65830, 65831, 65832, 65834, 65835, 65836, 65837, 65838, 65839, 65841, 65842, 65843, 65844, 65845, 65846, 65847, 65849, 65852, 65855, 65856, 65857, 65858, 65859, 65861, 65863, 65864, 65865, 65866, 65867, 65869, 65870, 65872, 65873, 65875, 65876, 65877, 65878, 65879, 65880, 65881, 65882, 65883, 65885, 65886, 65887, 65888, 65890, 65891, 65892, 65893, 65894, 65895, 65896, 65897, 65898, 65899, 65901, 65902, 65903, 65904, 65905, 65906, 65907, 65908, 65909, 65910, 65915, 65916, 65917, 65918, 65919, 65921, 65923, 65924, 65925, 65927, 65928, 65929, 65930, 65931, 65932, 65933, 65934, 65935, 65936, 65937, 65938, 65939, 65940, 65941, 65942, 65943, 65944, 65945, 65946, 65947, 65948, 65949, 65950, 65951, 65952, 65953, 65954, 65955, 65957, 65958, 65959, 65960, 65961, 65962, 65964, 65967, 65968, 65969, 65970, 65971, 65972, 65973, 65974, 65975, 65976, 65977, 65978, 65980, 65981, 65983, 65984, 65985, 65986, 65987, 65988, 65990, 65991, 65993, 65994, 65995, 65996, 65997, 65998, 65999, 66000, 66001, 66002, 66003, 66004, 66005, 66008, 66009, 66010, 66011, 66012, 66013, 66016, 66017, 66018, 66019, 66020, 66021, 66022, 66023, 66024, 66025, 66027, 66028, 66029, 66030, 66031, 66032, 66033, 66034, 66036, 66038, 66039, 66040, 66041, 66043, 66044, 66045, 66046, 66047, 66048, 66049, 66050, 66051, 66052, 66053, 66055, 66056, 66057, 66058, 66059, 66061, 66062, 66063, 66065, 66066, 66067, 66068, 66069, 66070, 66071, 66072, 66073, 66074, 66075, 66077, 66078, 66079, 66080, 66081, 66083, 66084, 66085, 66086, 66087, 66088, 66092, 66093, 66094, 66095, 66096, 66098, 66099, 66101, 66103, 66106, 66107, 66108, 66109, 66110, 66111, 66112, 66115, 66117, 66118, 66120, 66121, 66122, 66123, 66124, 66125, 66126, 66127, 66130, 66131, 66132, 66133, 66134, 66135, 66137, 66138, 66139, 66140, 66142, 66143, 66144, 66146, 66148, 66149, 66150, 66151, 66152, 66154, 66155, 66157, 66159, 66160, 66161, 66162, 66163, 66164, 66165, 66166, 66168, 66170, 66171, 66172, 66173, 66174, 66176, 66178, 66179, 66180, 66182, 66183, 66184, 66185, 66186, 66187, 66188, 66189, 66190, 66191, 66193, 66195, 66196, 66197, 66199, 66200, 66201, 66202, 66203, 66205, 66206, 66207, 66208, 66210, 66211, 66212, 66214, 66215, 66216, 66217, 66219, 66221, 66222, 66223, 66224, 66225, 66227, 66228, 66229, 66230, 66231, 66232, 66233, 66236, 66238, 66239, 66240, 66241, 66242, 66243, 66244, 66245, 66246, 66247, 66248, 66249, 66250, 66251, 66254, 66255, 66256, 66258, 66259, 66260, 66261, 66262, 66263, 66265, 66266, 66267, 66268, 66269, 66271, 66273, 66274, 66275, 66276, 66277, 66278, 66280, 66281, 66283, 66284, 66285, 66286, 66288, 66291, 66292, 66293, 66294, 66295, 66296, 66297, 66298, 66299, 66300, 66301, 66303, 66304, 66305, 66306, 66307, 66308, 66309, 66311, 66312, 66314, 66315, 66316, 66317, 66318, 66319, 66320, 66321, 66322, 66323, 66324, 66325, 66326, 66327, 66329, 66330, 66331, 66332, 66333, 66334, 66335, 66336, 66338, 66339, 66340, 66341, 66342, 66343, 66344, 66345, 66346, 66348, 66349, 66350, 66351, 66352, 66353, 66354, 66355, 66356, 66358, 66359, 66360, 66361, 66362, 66364, 66365, 66366, 66367, 66369, 66370, 66371, 66373, 66374, 66375, 66376, 66378, 66380, 66381, 66383, 66384, 66385, 66386, 66387, 66388, 66389, 66391, 66392, 66393, 66394, 66395, 66396, 66397, 66398, 66399, 66400, 66401, 66402, 66403, 66404, 66405, 66407, 66408, 66409, 66410, 66411, 66412, 66413, 66414, 66417, 66418, 66419, 66420, 66421, 66422, 66423, 66424, 66425, 66427, 66429, 66430, 66431, 66432, 66433, 66434, 66436, 66438, 66439, 66440, 66441, 66442, 66443, 66444, 66445, 66447, 66448, 66449, 66450, 66451, 66452, 66453, 66454, 66455, 66456, 66457, 66458, 66460, 66461, 66463, 66464, 66465, 66466, 66467, 66468, 66469, 66470, 66471, 66472, 66473, 66475, 66476, 66478, 66479, 66480, 66481, 66482, 66483, 66484, 66485, 66487, 66488, 66489, 66490, 66491, 66493, 66494, 66496, 66498, 66499, 66500, 66501, 66503, 66504, 66506, 66507, 66510, 66511, 66512, 66513, 66515, 66516, 66517, 66518, 66519, 66520, 66521, 66523, 66524, 66525, 66526, 66528, 66529, 66532, 66533, 66534, 66536, 66537, 66538, 66540, 66541, 66542, 66543, 66546, 66547, 66548, 66549, 66550, 66551, 66552, 66553, 66554, 66555, 66558, 66560, 66561, 66562, 66563, 66564, 66565, 66566, 66567, 66568, 66569, 66572, 66573, 66574, 66575, 66578, 66579, 66580, 66581, 66582, 66583, 66585, 66586, 66587, 66588, 66589, 66590, 66593, 66597, 66598, 66599, 66600, 66603, 66604, 66606, 66607, 66608, 66611, 66613, 66614, 66616, 66617, 66619, 66620, 66621, 66622, 66623, 66625, 66626, 66627, 66628, 66629, 66630, 66631, 66632, 66634, 66635, 66636, 66638, 66639, 66640, 66641, 66642, 66643, 66645, 66646, 66647, 66648, 66650, 66652, 66653, 66654, 66655, 66658, 66660, 66661, 66663, 66664, 66665, 66666, 66670, 66672, 66673, 66674, 66675, 66676, 66677, 66678, 66680, 66681, 66682, 66683, 66685, 66689, 66690, 66691, 66692, 66694, 66695, 66696, 66697, 66698, 66700, 66701, 66703, 66704, 66705, 66707, 66709, 66710, 66711, 66712, 66713, 66714, 66715, 66717, 66718, 66719, 66720, 66721, 66722, 66723, 66724, 66725, 66727, 66728, 66729, 66731, 66732, 66733, 66734, 66735, 66736, 66739, 66742, 66743, 66744, 66746, 66747, 66748, 66749, 66750, 66751, 66752, 66753, 66754, 66755, 66757, 66758, 66759, 66760, 66761, 66763, 66764, 66765, 66766, 66767, 66768, 66772, 66773, 66775, 66777, 66778, 66780, 66781, 66782, 66783, 66784, 66785, 66786, 66787, 66788, 66789, 66792, 66794, 66795, 66796, 66797, 66798, 66799, 66801, 66802, 66803, 66805, 66806, 66807, 66808, 66809, 66810, 66811, 66812, 66813, 66814, 66815, 66816, 66817, 66818, 66819, 66820, 66821, 66822, 66823, 66824, 66825, 66826, 66827, 66828, 66829, 66832, 66833, 66835, 66836, 66837, 66838, 66839, 66841, 66842, 66843, 66845, 66847, 66849, 66850, 66851, 66853, 66854, 66855, 66856, 66857, 66858, 66860, 66861, 66862, 66863, 66864, 66865, 66867, 66868, 66869, 66870, 66871, 66872, 66873, 66874, 66875, 66876, 66877, 66879, 66880, 66881, 66882, 66883, 66884, 66886, 66887, 66889, 66890, 66891, 66894, 66895, 66897, 66898, 66899, 66900, 66901, 66902, 66903, 66904, 66905, 66908, 66909, 66910, 66911, 66913, 66916, 66917, 66919, 66920, 66921, 66922, 66924, 66925, 66926, 66927, 66929, 66931, 66932, 66934, 66935, 66937, 66939, 66940, 66941, 66942, 66945, 66946, 66947, 66948, 66949, 66950, 66951, 66952, 66953, 66955, 66956, 66957, 66960, 66961, 66962, 66963, 66964, 66966, 66967, 66969, 66970, 66971, 66972, 66973, 66974, 66975, 66976, 66977, 66978, 66979, 66980, 66981, 66982, 66983, 66984, 66985, 66986, 66987, 66988, 66990, 66991, 66993, 66994, 66995, 66996, 66997, 66998, 67004, 67005, 67006, 67007, 67008, 67009, 67011, 67013, 67014, 67017, 67018, 67019, 67020, 67021, 67023, 67024, 67025, 67026, 67028, 67029, 67030, 67033, 67034, 67035, 67036, 67037, 67038, 67039, 67041, 67042, 67043, 67044, 67046, 67048, 67049, 67050, 67051, 67052, 67053, 67054, 67055, 67056, 67057, 67058, 67059, 67060, 67061, 67063, 67064, 67065, 67066, 67067, 67068, 67069, 67070, 67071, 67072, 67073, 67075, 67076, 67077, 67078, 67079, 67080, 67082, 67084, 67085, 67086, 67087, 67088, 67089, 67090, 67092, 67093, 67094, 67095, 67096, 67097, 67098, 67099, 67101, 67103, 67104, 67105, 67106, 67107, 67108, 67109, 67110, 67111, 67112, 67113, 67114, 67115, 67116, 67117, 67118, 67119, 67120, 67121, 67122, 67123, 67124, 67125, 67126, 67127, 67128, 67129, 67130, 67131, 67132, 67133, 67134, 67135, 67136, 67137, 67138, 67139, 67140, 67142, 67143, 67144, 67145, 67146, 67147, 67148, 67149, 67150, 67152, 67153, 67154, 67155, 67156, 67158, 67159, 67161, 67164, 67166, 67167, 67168, 67169, 67170, 67171, 67172, 67173, 67174, 67175, 67176, 67177, 67178, 67179, 67180, 67181, 67183, 67184, 67185, 67186, 67187, 67189, 67190, 67191, 67193, 67194, 67195, 67196, 67198, 67200, 67201, 67203, 67204, 67205, 67206, 67207, 67209, 67211, 67215, 67216, 67217, 67218, 67219, 67220, 67221, 67222, 67223, 67224, 67225, 67226, 67227, 67228, 67230, 67231, 67232, 67233, 67234, 67235, 67236, 67237, 67238, 67240, 67241, 67242, 67243, 67244, 67245, 67246, 67247, 67248, 67249, 67251, 67252, 67253, 67254, 67255, 67256, 67257, 67258, 67260, 67261, 67262, 67263, 67264, 67265, 67266, 67267, 67268, 67270, 67271, 67272, 67273, 67274, 67275, 67276, 67277, 67278, 67279, 67280, 67281, 67282, 67284, 67285, 67286, 67287, 67288, 67289, 67290, 67292, 67293, 67294, 67297, 67298, 67299, 67300, 67302, 67303, 67304, 67305, 67306, 67307, 67308, 67309, 67310, 67311, 67315, 67316, 67317, 67318, 67319, 67320, 67321, 67322, 67323, 67324, 67325, 67326, 67328, 67329, 67330, 67331, 67332, 67333, 67334, 67337, 67338, 67339, 67340, 67341, 67342, 67343, 67344, 67345, 67346, 67348, 67349, 67350, 67351, 67352, 67354, 67355, 67356, 67357, 67358, 67359, 67360, 67361, 67362, 67363, 67364, 67365, 67367, 67368, 67369, 67370, 67371, 67372, 67373, 67374, 67377, 67378, 67379, 67380, 67381, 67382, 67383, 67384, 67385, 67387, 67388, 67390, 67391, 67393, 67394, 67396, 67397, 67398, 67400, 67401, 67402, 67404, 67405, 67406, 67407, 67408, 67409, 67410, 67414, 67415, 67417, 67419, 67420, 67422, 67423, 67424, 67426, 67427, 67428, 67429, 67430, 67431, 67432, 67433, 67434, 67435, 67437, 67438, 67439, 67440, 67442, 67443, 67444, 67446, 67447, 67448, 67449, 67450, 67451, 67452, 67453, 67455, 67456, 67457, 67458, 67460, 67461, 67462, 67463, 67464, 67465, 67467, 67468, 67470, 67471, 67472, 67473, 67474, 67476, 67477, 67478, 67479, 67480, 67481, 67482, 67484, 67485, 67486, 67487, 67488, 67489, 67490, 67491, 67492, 67493, 67494, 67495, 67496, 67497, 67499, 67500, 67501, 67502, 67503, 67506, 67507, 67509, 67511, 67512, 67513, 67514, 67515, 67516, 67517, 67519, 67520, 67521, 67522, 67523, 67524, 67525, 67527, 67528, 67530, 67531, 67532, 67534, 67535, 67537, 67538, 67540, 67541, 67542, 67543, 67544, 67545, 67546, 67547, 67550, 67551, 67552, 67553, 67555, 67556, 67557, 67558, 67559, 67560, 67562, 67563, 67564, 67565, 67567, 67568, 67570, 67571, 67573, 67574, 67575, 67576, 67577, 67578, 67579, 67582, 67583, 67584, 67586, 67588, 67589, 67590, 67592, 67594, 67595, 67596, 67597, 67598, 67599, 67601, 67602, 67603, 67604, 67605, 67606, 67608, 67611, 67612, 67613, 67614, 67615, 67616, 67617, 67618, 67619, 67620, 67621, 67622, 67623, 67624, 67625, 67626, 67629, 67631, 67632, 67633, 67634, 67635, 67636, 67637, 67638, 67640, 67641, 67642, 67643, 67644, 67645, 67646, 67648, 67649, 67651, 67653, 67656, 67657, 67658, 67659, 67660, 67661, 67662, 67663, 67664, 67665, 67668, 67669, 67670, 67671, 67672, 67673, 67674, 67675, 67676, 67677, 67678, 67679, 67680, 67681, 67682, 67683, 67685, 67687, 67688, 67689, 67690, 67692, 67693, 67694, 67696, 67697, 67698, 67700, 67701, 67702, 67703, 67704, 67705, 67706, 67709, 67710, 67712, 67713, 67714, 67715, 67716, 67718, 67719, 67720, 67722, 67725, 67726, 67727, 67728, 67729, 67730, 67731, 67733, 67734, 67735, 67737, 67738, 67740, 67741, 67742, 67743, 67744, 67745, 67746, 67747, 67748, 67750, 67751, 67752, 67753, 67754, 67755, 67756, 67757, 67758, 67761, 67762, 67763, 67765, 67766, 67767, 67768, 67769, 67771, 67772, 67773, 67775, 67776, 67778, 67779, 67780, 67781, 67782, 67783, 67784, 67786, 67787, 67789, 67792, 67793, 67794, 67795, 67796, 67797, 67798, 67799, 67802, 67803, 67805, 67806, 67807, 67808, 67809, 67810, 67811, 67813, 67815, 67816, 67818, 67819, 67821, 67822, 67823, 67824, 67825, 67826, 67827, 67828, 67829, 67830, 67831, 67832, 67834, 67835, 67836, 67837, 67838, 67840, 67841, 67842, 67843, 67844, 67846, 67847, 67852, 67853, 67854, 67856, 67857, 67858, 67859, 67860, 67862, 67863, 67864, 67865, 67866, 67867, 67869, 67872, 67873, 67874, 67875, 67876, 67880, 67881, 67882, 67884, 67885, 67886, 67887, 67888, 67889, 67890, 67891, 67892, 67893, 67894, 67895, 67897, 67899, 67900, 67901, 67902, 67903, 67904, 67905, 67906, 67908, 67909, 67910, 67911, 67912, 67913, 67914, 67916, 67920, 67921, 67922, 67924, 67925, 67926, 67927, 67928, 67929, 67931, 67932, 67933, 67934, 67935, 67936, 67937, 67938, 67939, 67940, 67942, 67943, 67944, 67947, 67948, 67949, 67950, 67951, 67953, 67954, 67955, 67956, 67957, 67958, 67959, 67960, 67961, 67962, 67963, 67964, 67966, 67967, 67969, 67970, 67971, 67973, 67974, 67975, 67976, 67977, 67978, 67979, 67980, 67982, 67983, 67985, 67986, 67987, 67988, 67989, 67990, 67991, 67992, 67993, 67995, 67996, 67997, 67999, 68000, 68001, 68002, 68003, 68004, 68005, 68009, 68010, 68011, 68012, 68013, 68014, 68015, 68016, 68017, 68018, 68019, 68020, 68022, 68023, 68024, 68025, 68027, 68028, 68029, 68030, 68031, 68032, 68033, 68034, 68035, 68036, 68038, 68039, 68040, 68041, 68042, 68043, 68044, 68045, 68046, 68048, 68050, 68052, 68053, 68054, 68055, 68056, 68057, 68058, 68060, 68061, 68062, 68064, 68065, 68067, 68068, 68071, 68072, 68073, 68074, 68076, 68077, 68078, 68080, 68082, 68083, 68084, 68085, 68087, 68089, 68090, 68091, 68092, 68093, 68094, 68095, 68096, 68097, 68099, 68100, 68101, 68102, 68103, 68104, 68105, 68107, 68108, 68110, 68111, 68112, 68113, 68115, 68116, 68117, 68121, 68122, 68123, 68124, 68125, 68126, 68127, 68128, 68130, 68131, 68133, 68134, 68135, 68136, 68138, 68139, 68141, 68143, 68144, 68145, 68146, 68147, 68148, 68149, 68150, 68153, 68154, 68155, 68156, 68157, 68158, 68159, 68161, 68162, 68163, 68164, 68165, 68166, 68167, 68168, 68170, 68171, 68172, 68173, 68175, 68176, 68177, 68178, 68179, 68180, 68181, 68182, 68183, 68184, 68185, 68186, 68187, 68188, 68189, 68190, 68191, 68193, 68194, 68196, 68197, 68198, 68199, 68200, 68201, 68202, 68204, 68205, 68206, 68207, 68208, 68209, 68210, 68211, 68212, 68213, 68214, 68215, 68216, 68218, 68219, 68220, 68222, 68224, 68226, 68227, 68228, 68229, 68230, 68231, 68232, 68233, 68235, 68236, 68237, 68238, 68239, 68241, 68242, 68243, 68244, 68245, 68246, 68247, 68248, 68249, 68250, 68251, 68252, 68253, 68254, 68255, 68257, 68258, 68259, 68260, 68261, 68262, 68265, 68267, 68268, 68269, 68271, 68273, 68276, 68277, 68278, 68279, 68280, 68281, 68285, 68286, 68287, 68288, 68289, 68290, 68291, 68292, 68293, 68294, 68296, 68297, 68299, 68301, 68302, 68303, 68304, 68305, 68306, 68307, 68309, 68310, 68312, 68315, 68317, 68319, 68320, 68321, 68323, 68324, 68325, 68326, 68329, 68330, 68331, 68332, 68334, 68335, 68337, 68338, 68339, 68340, 68341, 68342, 68343, 68344, 68345, 68347, 68349, 68350, 68351, 68352, 68353, 68354, 68355, 68357, 68358, 68359, 68361, 68362, 68363, 68364, 68365, 68366, 68368, 68370, 68371, 68372, 68373, 68374, 68376, 68377, 68378, 68379, 68380, 68381, 68382, 68383, 68385, 68386, 68387, 68389, 68390, 68391, 68392, 68393, 68394, 68395, 68396, 68397, 68398, 68399, 68400, 68402, 68403, 68404, 68405, 68407, 68408, 68410, 68411, 68412, 68413, 68414, 68416, 68417, 68418, 68419, 68420, 68422, 68423, 68424, 68426, 68427, 68429, 68430, 68431, 68432, 68433, 68434, 68435, 68436, 68438, 68439, 68441, 68442, 68443, 68444, 68446, 68447, 68448, 68449, 68450, 68452, 68453, 68454, 68455, 68457, 68458, 68459, 68460, 68462, 68464, 68465, 68466, 68467, 68468, 68470, 68471, 68472, 68473, 68474, 68475, 68476, 68479, 68480, 68481, 68484, 68485, 68488, 68489, 68490, 68491, 68492, 68494, 68496, 68497, 68498, 68499, 68500, 68501, 68502, 68503, 68504, 68506, 68508, 68509, 68510, 68511, 68512, 68513, 68515, 68516, 68517, 68519, 68520, 68522, 68524, 68525, 68526, 68527, 68528, 68529, 68530, 68531, 68532, 68534, 68536, 68537, 68538, 68539, 68540, 68541, 68542, 68543, 68544, 68546, 68547, 68548, 68549, 68550, 68552, 68553, 68554, 68558, 68559, 68561, 68562, 68563, 68564, 68565, 68566, 68567, 68571, 68572, 68573, 68574, 68575, 68577, 68578, 68580, 68581, 68582, 68583, 68584, 68585, 68586, 68587, 68588, 68589, 68591, 68592, 68593, 68594, 68596, 68599, 68600, 68601, 68606, 68607, 68608, 68609, 68610, 68612, 68615, 68616, 68617, 68618, 68619, 68620, 68621, 68622, 68623, 68625, 68626, 68627, 68628, 68630, 68631, 68632, 68633, 68634, 68637, 68638, 68639, 68640, 68642, 68643, 68644, 68645, 68647, 68648, 68649, 68650, 68651, 68652, 68653, 68654, 68655, 68658, 68660, 68662, 68663, 68664, 68665, 68666, 68667, 68669, 68671, 68672, 68673, 68674, 68675, 68677, 68679, 68680, 68681, 68683, 68684, 68686, 68688, 68689, 68691, 68693, 68695, 68697, 68698, 68699, 68700, 68701, 68702, 68703, 68704, 68705, 68706, 68707, 68709, 68710, 68711, 68712, 68713, 68714, 68716, 68717, 68718, 68720, 68721, 68722, 68723, 68724, 68725, 68726, 68728, 68730, 68732, 68733, 68734, 68735, 68736, 68737, 68738, 68739, 68740, 68742, 68743, 68745, 68746, 68747, 68749, 68750, 68751, 68752, 68754, 68755, 68756, 68757, 68758, 68759, 68760, 68761, 68763, 68764, 68765, 68766, 68768, 68769, 68770, 68771, 68772, 68773, 68776, 68778, 68779, 68780, 68781, 68782, 68783, 68784, 68785, 68786, 68787, 68788, 68789, 68790, 68791, 68792, 68794, 68795, 68796, 68797, 68798, 68799, 68800, 68801, 68802, 68803, 68804, 68805, 68806, 68808, 68810, 68811, 68812, 68813, 68814, 68816, 68817, 68820, 68822, 68824, 68825, 68827, 68828, 68830, 68831, 68832, 68834, 68835, 68836, 68839, 68840, 68841, 68843, 68844, 68845, 68847, 68848, 68849, 68850, 68851, 68852, 68853, 68854, 68855, 68856, 68857, 68860, 68861, 68862, 68863, 68865, 68866, 68867, 68869, 68870, 68871, 68872, 68874, 68875, 68876, 68877, 68878, 68879, 68880, 68881, 68882, 68883, 68884, 68885, 68887, 68888, 68889, 68890, 68893, 68894, 68895, 68897, 68898, 68899, 68900, 68901, 68902, 68903, 68904, 68905, 68906, 68907, 68908, 68910, 68913, 68914, 68915, 68916, 68917, 68919, 68920, 68921, 68922, 68924, 68925, 68927, 68928, 68929, 68930, 68931, 68932, 68934, 68935, 68936, 68937, 68938, 68939, 68940, 68941, 68943, 68944, 68947, 68948, 68949, 68950, 68951, 68952, 68953, 68954, 68955, 68956, 68957, 68958, 68961, 68963, 68964, 68965, 68966, 68967, 68968, 68969, 68970, 68971, 68972, 68976, 68977, 68978, 68979, 68980, 68981, 68983, 68984, 68985, 68986, 68988, 68989, 68990, 68993, 68994, 68995, 68996, 68997, 68998, 68999, 69000, 69001, 69002, 69003, 69004, 69005, 69009, 69010, 69011, 69012, 69013, 69014, 69015, 69016, 69017, 69019, 69020, 69021, 69022, 69023, 69024, 69025, 69026, 69027, 69028, 69029, 69030, 69032, 69033, 69034, 69035, 69037, 69038, 69039, 69040, 69042, 69043, 69044, 69045, 69046, 69047, 69048, 69049, 69050, 69051, 69052, 69053, 69054, 69058, 69059, 69060, 69062, 69063, 69064, 69066, 69067, 69068, 69069, 69070, 69071, 69072, 69074, 69075, 69076, 69077, 69078, 69079, 69080, 69081, 69082, 69084, 69085, 69086, 69087, 69088, 69089, 69090, 69091, 69092, 69093, 69095, 69096, 69097, 69098, 69099, 69100, 69101, 69102, 69103, 69104, 69105, 69106, 69108, 69109, 69110, 69112, 69113, 69114, 69116, 69117, 69118, 69119, 69120, 69121, 69122, 69123, 69124, 69125, 69127, 69128, 69129, 69131, 69132, 69133, 69134, 69135, 69136, 69137, 69139, 69141, 69142, 69143, 69144, 69146, 69147, 69148, 69149, 69150, 69152, 69154, 69155, 69156, 69157, 69158, 69159, 69161, 69162, 69163, 69164, 69165, 69166, 69167, 69168, 69169, 69170, 69171, 69173, 69174, 69175, 69176, 69177, 69178, 69182, 69183, 69185, 69188, 69190, 69192, 69193, 69194, 69195, 69196, 69197, 69199, 69200, 69202, 69203, 69204, 69205, 69206, 69207, 69208, 69209, 69210, 69211, 69212, 69214, 69216, 69217, 69218, 69219, 69220, 69221, 69222, 69223, 69224, 69225, 69226, 69227, 69228, 69229, 69230, 69231, 69233, 69234, 69236, 69237, 69238, 69239, 69240, 69241, 69242, 69244, 69245, 69247, 69248, 69249, 69250, 69251, 69252, 69253, 69255, 69256, 69257, 69258, 69260, 69261, 69262, 69263, 69264, 69265, 69266, 69269, 69271, 69272, 69273, 69275, 69276, 69277, 69278, 69279, 69281, 69282, 69283, 69284, 69286, 69287, 69288, 69289, 69290, 69292, 69293, 69294, 69295, 69296, 69297, 69298, 69299, 69300, 69301, 69302, 69303, 69304, 69305, 69306, 69307, 69308, 69309, 69310, 69311, 69312, 69313, 69314, 69315, 69317, 69318, 69319, 69320, 69321, 69323, 69324, 69325, 69327, 69328, 69329, 69330, 69332, 69333, 69335, 69337, 69338, 69339, 69343, 69344, 69345, 69346, 69348, 69350, 69352, 69353, 69354, 69355, 69356, 69357, 69358, 69359, 69360, 69361, 69362, 69364, 69365, 69367, 69369, 69370, 69371, 69372, 69373, 69374, 69375, 69377, 69378, 69379, 69380, 69381, 69382, 69385, 69386, 69387, 69390, 69392, 69393, 69394, 69395, 69396, 69397, 69399, 69401, 69402, 69404, 69405, 69406, 69407, 69408, 69409, 69412, 69413, 69414, 69415, 69416, 69418, 69419, 69420, 69421, 69422, 69423, 69424, 69425, 69426, 69427, 69428, 69429, 69430, 69431, 69432, 69434, 69435, 69436, 69437, 69438, 69439, 69440, 69441, 69442, 69444, 69445, 69446, 69447, 69448, 69449, 69450, 69451, 69453, 69454, 69456, 69457, 69459, 69460, 69461, 69462, 69463, 69464, 69465, 69466, 69467, 69468, 69469, 69470, 69471, 69472, 69474, 69477, 69479, 69481, 69482, 69483, 69484, 69485, 69486, 69489, 69490, 69491, 69492, 69493, 69494, 69495, 69496, 69497, 69498, 69501, 69502, 69503, 69505, 69507, 69509, 69510, 69512, 69513, 69514, 69515, 69517, 69518, 69519, 69520, 69522, 69523, 69524, 69525, 69527, 69528, 69529, 69532, 69534, 69535, 69536, 69537, 69538, 69539, 69540, 69541, 69543, 69545, 69546, 69547, 69548, 69549, 69550, 69551, 69552, 69553, 69554, 69556, 69557, 69559, 69561, 69562, 69563, 69564, 69565, 69566, 69567, 69568, 69569, 69570, 69571, 69572, 69573, 69574, 69575, 69576, 69577, 69578, 69579, 69580, 69581, 69582, 69584, 69586, 69587, 69588, 69589, 69590, 69592, 69593, 69594, 69595, 69598, 69599, 69600, 69601, 69602, 69604, 69605, 69609, 69610, 69611, 69612, 69613, 69614, 69616, 69617, 69619, 69620, 69621, 69622, 69623, 69625, 69626, 69627, 69628, 69629, 69630, 69631, 69632, 69633, 69634, 69635, 69636, 69637, 69638, 69639, 69640, 69641, 69642, 69644, 69645, 69646, 69647, 69648, 69649, 69652, 69653, 69654, 69655, 69656, 69658, 69659, 69660, 69661, 69662, 69663, 69665, 69666, 69667, 69669, 69670, 69671, 69672, 69673, 69674, 69675, 69677, 69678, 69679, 69680, 69682, 69684, 69685, 69686, 69687, 69689, 69692, 69693, 69695, 69696, 69698, 69700, 69701, 69702, 69703, 69704, 69705, 69707, 69708, 69709, 69710, 69711, 69712, 69713, 69714, 69715, 69716, 69717, 69718, 69719, 69721, 69722, 69723, 69724, 69725, 69726, 69727, 69728, 69729, 69730, 69731, 69732, 69733, 69734, 69735, 69737, 69738, 69739, 69740, 69741, 69742, 69743, 69745, 69747, 69748, 69749, 69750, 69751, 69752, 69753, 69754, 69755, 69756, 69758, 69759, 69760, 69761, 69763, 69764, 69765, 69766, 69767, 69768, 69769, 69770, 69771, 69772, 69773, 69774, 69775, 69776, 69778, 69779, 69781, 69782, 69783, 69784, 69785, 69786, 69787, 69789, 69790, 69791, 69792, 69793, 69794, 69796, 69797, 69798, 69799, 69800, 69801, 69802, 69804, 69807, 69809, 69813, 69815, 69816, 69817, 69818, 69819, 69820, 69821, 69822, 69823, 69824, 69825, 69826, 69827, 69828, 69830, 69831, 69832, 69834, 69836, 69837, 69838, 69840, 69841, 69842, 69843, 69844, 69845, 69846, 69847, 69849, 69851, 69853, 69854, 69856, 69857, 69859, 69860, 69861, 69862, 69863, 69867, 69868, 69869, 69870, 69871, 69872, 69874, 69875, 69877, 69878, 69879, 69880, 69881, 69882, 69883, 69884, 69886, 69887, 69888, 69891, 69892, 69893, 69894, 69896, 69897, 69898, 69899, 69900, 69901, 69902, 69903, 69904, 69905, 69907, 69909, 69910, 69911, 69912, 69914, 69919, 69920, 69921, 69922, 69923, 69924, 69925, 69926, 69928, 69929, 69930, 69931, 69932, 69933, 69934, 69936, 69937, 69938, 69939, 69941, 69942, 69943, 69944, 69946, 69947, 69950, 69951, 69952, 69954, 69955, 69956, 69957, 69958, 69959, 69960, 69961, 69963, 69964, 69966, 69967, 69968, 69969, 69970, 69971, 69972, 69973, 69974, 69975, 69976, 69977, 69978, 69979, 69980, 69981, 69982, 69984, 69986, 69987, 69989, 69990, 69991, 69992, 69993, 69994, 69995, 69996, 69997, 69999, 70001, 70002, 70003, 70004, 70005, 70007, 70008, 70010, 70011, 70012, 70013, 70014, 70015, 70016, 70017, 70019, 70020, 70021, 70023, 70024, 70025, 70026, 70028, 70029, 70030, 70031, 70033, 70034, 70035, 70036, 70038, 70039, 70040, 70041, 70042, 70043, 70044, 70045, 70046, 70047, 70048, 70049, 70050, 70051, 70052, 70053, 70054, 70057, 70058, 70060, 70062, 70063, 70064, 70065, 70066, 70067, 70068, 70069, 70070, 70071, 70072, 70073, 70075, 70077, 70078, 70079, 70080, 70081, 70082, 70083, 70088, 70089, 70090, 70091, 70092, 70093, 70094, 70095, 70096, 70098, 70099, 70100, 70101, 70103, 70104, 70105, 70106, 70107, 70108, 70109, 70110, 70111, 70113, 70114, 70115, 70116, 70118, 70119, 70120, 70121, 70122, 70123, 70124, 70125, 70126, 70127, 70128, 70129, 70130, 70131, 70132, 70133, 70134, 70135, 70136, 70137, 70138, 70140, 70141, 70142, 70143, 70144, 70145, 70147, 70148, 70149, 70150, 70152, 70153, 70155, 70156, 70157, 70158, 70159, 70160, 70161, 70162, 70163, 70164, 70165, 70166, 70167, 70168, 70169, 70171, 70172, 70175, 70176, 70177, 70178, 70179, 70180, 70181, 70182, 70183, 70184, 70185, 70188, 70189, 70191, 70193, 70194, 70195, 70197, 70198, 70199, 70200, 70201, 70203, 70205, 70206, 70207, 70208, 70210, 70211, 70212, 70213, 70214, 70215, 70218, 70219, 70221, 70224, 70225, 70226, 70227, 70229, 70230, 70231, 70232, 70233, 70234, 70235, 70238, 70239, 70240, 70241, 70242, 70243, 70244, 70246, 70248, 70250, 70251, 70253, 70254, 70255, 70256, 70259, 70260, 70263, 70264, 70265, 70266, 70267, 70268, 70269, 70272, 70273, 70274, 70275, 70276, 70277, 70278, 70279, 70280, 70283, 70284, 70285, 70286, 70288, 70289, 70290, 70291, 70292, 70293, 70296, 70297, 70298, 70299, 70300, 70301, 70302, 70304, 70305, 70306, 70307, 70308, 70309, 70310, 70311, 70312, 70313, 70315, 70316, 70317, 70318, 70319, 70320, 70322, 70323, 70325, 70327, 70328, 70329, 70330, 70331, 70332, 70333, 70334, 70335, 70336, 70337, 70338, 70339, 70340, 70341, 70343, 70344, 70345, 70346, 70347, 70348, 70349, 70350, 70352, 70353, 70354, 70355, 70356, 70358, 70361, 70363, 70364, 70365, 70366, 70367, 70369, 70370, 70371, 70372, 70374, 70375, 70376, 70377, 70378, 70380, 70381, 70382, 70383, 70384, 70385, 70386, 70387, 70388, 70389, 70390, 70391, 70392, 70393, 70394, 70395, 70396, 70397, 70398, 70400, 70401, 70402, 70403, 70404, 70405, 70406, 70407, 70408, 70409, 70410, 70411, 70412, 70413, 70414, 70416, 70417, 70419, 70420, 70421, 70422, 70423, 70425, 70426, 70427, 70428, 70429, 70430, 70431, 70433, 70436, 70437, 70438, 70440, 70441, 70442, 70443, 70445, 70446, 70447, 70448, 70449, 70451, 70452, 70453, 70455, 70457, 70458, 70460, 70461, 70462, 70464, 70465, 70466, 70467, 70469, 70470, 70471, 70472, 70473, 70474, 70476, 70477, 70478, 70480, 70481, 70482, 70484, 70485, 70486, 70487, 70488, 70491, 70492, 70493, 70494, 70495, 70496, 70497, 70498, 70499, 70500, 70502, 70503, 70504, 70506, 70507, 70508, 70509, 70510, 70511, 70512, 70513, 70514, 70515, 70516, 70517, 70518, 70519, 70520, 70521, 70522, 70524, 70525, 70526, 70529, 70530, 70531, 70532, 70533, 70534, 70535, 70536, 70537, 70538, 70539, 70541, 70542, 70543, 70545, 70549, 70550, 70551, 70552, 70553, 70555, 70556, 70557, 70558, 70559, 70560, 70561, 70562, 70564, 70567, 70569, 70571, 70572, 70574, 70575, 70577, 70578, 70579, 70580, 70581, 70582, 70583, 70584, 70585, 70586, 70588, 70589, 70592, 70593, 70594, 70595, 70596, 70597, 70598, 70599, 70602, 70603, 70604, 70605, 70606, 70607, 70608, 70609, 70610, 70612, 70613, 70614, 70615, 70616, 70618, 70620, 70621, 70622, 70623, 70624, 70625, 70627, 70628, 70629, 70630, 70631, 70632, 70633, 70634, 70635, 70636, 70637, 70638, 70639, 70641, 70642, 70643, 70644, 70646, 70647, 70649, 70650, 70651, 70653, 70654, 70657, 70658, 70661, 70662, 70663, 70664, 70666, 70667, 70668, 70670, 70671, 70672, 70673, 70674, 70675, 70676, 70677, 70678, 70679, 70681, 70682, 70683, 70684, 70686, 70688, 70689, 70690, 70691, 70692, 70694, 70696, 70698, 70700, 70701, 70702, 70703, 70704, 70705, 70706, 70707, 70708, 70710, 70711, 70712, 70714, 70716, 70717, 70718, 70719, 70720, 70722, 70724, 70725, 70727, 70728, 70731, 70734, 70736, 70738, 70739, 70740, 70741, 70742, 70745, 70746, 70747, 70748, 70749, 70752, 70753, 70754, 70755, 70756, 70757, 70758, 70759, 70760, 70761, 70762, 70764, 70765, 70767, 70768, 70769, 70770, 70771, 70773, 70774, 70776, 70777, 70778, 70779, 70780, 70781, 70784, 70786, 70788, 70789, 70790, 70791, 70792, 70793, 70794, 70795, 70796, 70797, 70798, 70799, 70800, 70802, 70803, 70804, 70805, 70806, 70807, 70808, 70809, 70810, 70811, 70813, 70814, 70815, 70816, 70817, 70818, 70819, 70820, 70821, 70823, 70824, 70825, 70826, 70827, 70828, 70829, 70830, 70832, 70833, 70835, 70836, 70837, 70838, 70839, 70840, 70841, 70842, 70844, 70846, 70847, 70849, 70851, 70852, 70853, 70854, 70855, 70857, 70858, 70859, 70862, 70863, 70864, 70865, 70867, 70868, 70871, 70873, 70874, 70875, 70876, 70878, 70879, 70882, 70883, 70884, 70887, 70888, 70889, 70890, 70891, 70893, 70895, 70896, 70897, 70898, 70899, 70900, 70901, 70903, 70904, 70905, 70908, 70909, 70910, 70911, 70912, 70914, 70915, 70916, 70918, 70919, 70920, 70921, 70922, 70923, 70924, 70925, 70926, 70927, 70928, 70931, 70932, 70933, 70934, 70935, 70936, 70937, 70938, 70939, 70941, 70942, 70943, 70944, 70945, 70946, 70948, 70949, 70951, 70952, 70953, 70954, 70955, 70957, 70958, 70959, 70960, 70961, 70963, 70964, 70965, 70966, 70967, 70968, 70969, 70970, 70972, 70973, 70974, 70976, 70977, 70979, 70981, 70982, 70983, 70984, 70985, 70987, 70988, 70989, 70990, 70991, 70992, 70993, 70994, 70995, 70996, 70997, 70998, 70999, 71000, 71001, 71003, 71005, 71007, 71008, 71010, 71011, 71012, 71013, 71016, 71017, 71018, 71020, 71021, 71022, 71025, 71026, 71027, 71028, 71030, 71031, 71032, 71033, 71034, 71035, 71037, 71038, 71039, 71040, 71041, 71042, 71043, 71044, 71045, 71046, 71048, 71049, 71050, 71051, 71053, 71054, 71057, 71058, 71059, 71060, 71061, 71062, 71063, 71064, 71065, 71066, 71067, 71069, 71070, 71071, 71076, 71077, 71079, 71080, 71081, 71082, 71083, 71084, 71085, 71086, 71087, 71089, 71090, 71091, 71092, 71093, 71095, 71096, 71097, 71099, 71100, 71102, 71104, 71105, 71106, 71107, 71108, 71109, 71111, 71112, 71113, 71114, 71116, 71117, 71118, 71119, 71120, 71121, 71122, 71123, 71124, 71126, 71127, 71129, 71130, 71131, 71132, 71133, 71134, 71135, 71136, 71137, 71138, 71139, 71140, 71141, 71142, 71143, 71144, 71145, 71146, 71148, 71149, 71151, 71153, 71156, 71157, 71158, 71159, 71160, 71161, 71162, 71163, 71165, 71166, 71167, 71168, 71169, 71170, 71172, 71175, 71176, 71177, 71178, 71182, 71184, 71188, 71189, 71190, 71191, 71194, 71195, 71197, 71199, 71200, 71201, 71203, 71204, 71207, 71208, 71211, 71212, 71214, 71215, 71216, 71220, 71221, 71222, 71223, 71224, 71225, 71226, 71227, 71228, 71229, 71230, 71231, 71233, 71234, 71235, 71236, 71237, 71238, 71240, 71241, 71243, 71244, 71245, 71246, 71247, 71249, 71250, 71251, 71252, 71253, 71254, 71255, 71257, 71258, 71260, 71261, 71262, 71264, 71265, 71266, 71267, 71268, 71270, 71271, 71272, 71273, 71274, 71275, 71278, 71279, 71281, 71282, 71283, 71284, 71285, 71286, 71287, 71288, 71290, 71291, 71292, 71293, 71295, 71296, 71297, 71298, 71300, 71301, 71304, 71305, 71306, 71307, 71308, 71309, 71310, 71311, 71312, 71314, 71316, 71317, 71318, 71319, 71320, 71322, 71324, 71325, 71326, 71327, 71328, 71329, 71330, 71331, 71332, 71333, 71334, 71336, 71338, 71339, 71340, 71341, 71342, 71343, 71344, 71345, 71346, 71347, 71350, 71352, 71353, 71354, 71355, 71356, 71358, 71359, 71360, 71361, 71362, 71363, 71366, 71367, 71369, 71370, 71371, 71372, 71373, 71374, 71375, 71376, 71379, 71380, 71381, 71384, 71385, 71386, 71387, 71388, 71389, 71390, 71391, 71393, 71394, 71396, 71397, 71400, 71401, 71402, 71403, 71404, 71405, 71407, 71411, 71412, 71414, 71415, 71416, 71417, 71418, 71420, 71421, 71422, 71424, 71426, 71427, 71428, 71430, 71431, 71432, 71433, 71434, 71435, 71436, 71438, 71439, 71440, 71441, 71443, 71444, 71446, 71447, 71448, 71449, 71451, 71452, 71453, 71454, 71455, 71456, 71457, 71458, 71459, 71460, 71461, 71462, 71463, 71465, 71466, 71467, 71468, 71471, 71472, 71473, 71474, 71475, 71477, 71478, 71479, 71481, 71482, 71483, 71486, 71488, 71489, 71490, 71491, 71492, 71496, 71497, 71498, 71499, 71500, 71501, 71502, 71503, 71504, 71505, 71506, 71507, 71508, 71510, 71511, 71512, 71514, 71516, 71517, 71518, 71519, 71521, 71524, 71525, 71526, 71528, 71529, 71530, 71531, 71532, 71533, 71534, 71535, 71537, 71538, 71539, 71541, 71543, 71544, 71545, 71546, 71547, 71548, 71549, 71550, 71551, 71552, 71553, 71554, 71555, 71556, 71558, 71559, 71562, 71563, 71564, 71565, 71567, 71568, 71569, 71570, 71571, 71572, 71573, 71575, 71576, 71577, 71578, 71579, 71582, 71583, 71585, 71587, 71588, 71590, 71591, 71592, 71593, 71594, 71595, 71596, 71597, 71598, 71600, 71601, 71602, 71603, 71605, 71606, 71607, 71608, 71609, 71610, 71613, 71614, 71615, 71616, 71617, 71618, 71619, 71620, 71621, 71624, 71625, 71628, 71629, 71632, 71633, 71634, 71636, 71637, 71638, 71639, 71640, 71641, 71642, 71643, 71644, 71646, 71648, 71649, 71650, 71651, 71652, 71653, 71655, 71656, 71657, 71658, 71659, 71660, 71661, 71663, 71664, 71665, 71667, 71668, 71669, 71670, 71671, 71672, 71674, 71675, 71676, 71678, 71679, 71680, 71681, 71682, 71683, 71684, 71685, 71687, 71688, 71689, 71690, 71691, 71692, 71693, 71694, 71695, 71696, 71698, 71699, 71700, 71701, 71702, 71703, 71704, 71705, 71706, 71707, 71709, 71710, 71711, 71712, 71713, 71714, 71715, 71716, 71717, 71718, 71719, 71720, 71722, 71723, 71724, 71725, 71727, 71729, 71730, 71731, 71732, 71733, 71734, 71735, 71737, 71739, 71740, 71741, 71742, 71743, 71744, 71745, 71746, 71748, 71750, 71751, 71753, 71754, 71755, 71756, 71757, 71759, 71760, 71762, 71763, 71764, 71765, 71766, 71767, 71768, 71769, 71770, 71771, 71772, 71773, 71774, 71775, 71776, 71777, 71779, 71780, 71781, 71782, 71783, 71785, 71786, 71788, 71789, 71790, 71791, 71792, 71794, 71795, 71796, 71797, 71799, 71800, 71801, 71802, 71804, 71805, 71806, 71807, 71808, 71809, 71810, 71812, 71813, 71814, 71815, 71816, 71818, 71819, 71820, 71821, 71824, 71827, 71828, 71829, 71830, 71831, 71832, 71834, 71835, 71836, 71837, 71838, 71839, 71840, 71841, 71843, 71844, 71845, 71846, 71849, 71851, 71852, 71853, 71854, 71855, 71856, 71858, 71860, 71861, 71862, 71863, 71864, 71867, 71868, 71869, 71870, 71871, 71872, 71873, 71874, 71875, 71878, 71879, 71880, 71881, 71882, 71883, 71884, 71885, 71886, 71887, 71888, 71890, 71891, 71892, 71893, 71894, 71895, 71896, 71897, 71898, 71899, 71900, 71901, 71902, 71903, 71904, 71905, 71906, 71907, 71910, 71911, 71912, 71913, 71914, 71916, 71918, 71919, 71920, 71923, 71924, 71926, 71928, 71929, 71930, 71931, 71932, 71933, 71934, 71935, 71936, 71937, 71938, 71939, 71941, 71942, 71943, 71944, 71945, 71946, 71947, 71949, 71950, 71951, 71952, 71955, 71956, 71957, 71958, 71959, 71962, 71963, 71964, 71965, 71966, 71967, 71968, 71969, 71970, 71971, 71972, 71973, 71975, 71976, 71977, 71978, 71981, 71982, 71983, 71984, 71985, 71986, 71987, 71988, 71989, 71990, 71991, 71992, 71993, 71994, 71995, 71996, 71997, 71999, 72001, 72003, 72005, 72006, 72007, 72008, 72009, 72010, 72011, 72013, 72014, 72015, 72016, 72017, 72019, 72020, 72023, 72025, 72026, 72027, 72030, 72031, 72032, 72033, 72034, 72035, 72036, 72037, 72038, 72039, 72041, 72043, 72044, 72046, 72048, 72049, 72050, 72052, 72053, 72054, 72055, 72056, 72057, 72058, 72059, 72061, 72062, 72063, 72064, 72065, 72067, 72068, 72069, 72070, 72071, 72073, 72074, 72075, 72076, 72077, 72078, 72079, 72080, 72081, 72082, 72083, 72084, 72085, 72086, 72088, 72090, 72091, 72092, 72094, 72096, 72097, 72098, 72100, 72103, 72104, 72105, 72106, 72107, 72108, 72109, 72110, 72113, 72114, 72115, 72116, 72117, 72118, 72119, 72121, 72122, 72123, 72124, 72125, 72126, 72127, 72128, 72131, 72132, 72133, 72134, 72135, 72136, 72137, 72138, 72139, 72140, 72141, 72142, 72143, 72144, 72145, 72147, 72148, 72149, 72150, 72151, 72152, 72153, 72154, 72155, 72157, 72158, 72162, 72163, 72164, 72166, 72168, 72169, 72170, 72171, 72172, 72173, 72175, 72176, 72178, 72179, 72180, 72184, 72185, 72186, 72187, 72188, 72189, 72190, 72192, 72193, 72194, 72196, 72197, 72198, 72200, 72201, 72202, 72203, 72204, 72207, 72208, 72209, 72210, 72211, 72212, 72213, 72214, 72215, 72216, 72217, 72218, 72220, 72221, 72223, 72226, 72227, 72229, 72230, 72231, 72232, 72233, 72234, 72235, 72236, 72237, 72238, 72239, 72241, 72242, 72243, 72244, 72245, 72246, 72247, 72248, 72250, 72251, 72252, 72253, 72254, 72255, 72256, 72257, 72258, 72259, 72260, 72261, 72262, 72263, 72264, 72265, 72266, 72267, 72268, 72269, 72270, 72273, 72274, 72275, 72277, 72279, 72280, 72284, 72285, 72286, 72287, 72288, 72289, 72290, 72291, 72293, 72294, 72295, 72296, 72298, 72299, 72300, 72301, 72302, 72303, 72305, 72306, 72307, 72308, 72309, 72310, 72311, 72312, 72313, 72314, 72315, 72316, 72317, 72318, 72319, 72320, 72321, 72323, 72324, 72325, 72326, 72327, 72328, 72329, 72330, 72332, 72334, 72335, 72337, 72339, 72340, 72341, 72343, 72345, 72346, 72347, 72348, 72349, 72350, 72351, 72352, 72353, 72354, 72355, 72357, 72358, 72359, 72360, 72361, 72362, 72363, 72364, 72365, 72367, 72368, 72371, 72372, 72373, 72375, 72376, 72379, 72381, 72384, 72385, 72386, 72387, 72388, 72389, 72390, 72391, 72392, 72393, 72394, 72395, 72396, 72397, 72399, 72400, 72401, 72402, 72403, 72404, 72406, 72410, 72411, 72413, 72415, 72416, 72417, 72418, 72419, 72420, 72421, 72422, 72423, 72424, 72425, 72427, 72428, 72430, 72431, 72432, 72433, 72435, 72436, 72437, 72438, 72439, 72440, 72441, 72442, 72444, 72447, 72448, 72449, 72450, 72452, 72453, 72454, 72456, 72457, 72458, 72460, 72461, 72462, 72463, 72466, 72467, 72468, 72469, 72470, 72471, 72472, 72474, 72476, 72478, 72479, 72480, 72481, 72482, 72483, 72484, 72485, 72487, 72488, 72489, 72490, 72492, 72494, 72495, 72496, 72498, 72499, 72501, 72502, 72503, 72505, 72508, 72510, 72511, 72512, 72513, 72514, 72516, 72518, 72519, 72520, 72522, 72524, 72525, 72526, 72527, 72528, 72529, 72532, 72534, 72535, 72536, 72537, 72539, 72540, 72541, 72542, 72543, 72544, 72546, 72548, 72549, 72550, 72551, 72552, 72553, 72554, 72555, 72556, 72557, 72558, 72560, 72562, 72563, 72564, 72565, 72566, 72567, 72568, 72569, 72570, 72571, 72572, 72573, 72575, 72576, 72578, 72579, 72580, 72581, 72582, 72583, 72585, 72586, 72587, 72589, 72590, 72592, 72593, 72596, 72597, 72599, 72601, 72602, 72603, 72606, 72609, 72611, 72614, 72615, 72616, 72617, 72619, 72620, 72621, 72622, 72623, 72624, 72625, 72626, 72627, 72629, 72630, 72631, 72632, 72634, 72635, 72636, 72638, 72639, 72640, 72641, 72643, 72644, 72645, 72648, 72649, 72650, 72652, 72653, 72654, 72655, 72656, 72657, 72659, 72660, 72661, 72662, 72664, 72666, 72668, 72669, 72670, 72672, 72674, 72676, 72677, 72678, 72679, 72680, 72681, 72682, 72683, 72684, 72685, 72686, 72687, 72688, 72689, 72690, 72691, 72693, 72694, 72695, 72696, 72697, 72698, 72699, 72700, 72701, 72702, 72703, 72705, 72706, 72707, 72708, 72709, 72710, 72711, 72712, 72713, 72714, 72716, 72717, 72718, 72719, 72720, 72721, 72723, 72724, 72725, 72726, 72727, 72728, 72729, 72730, 72732, 72733, 72734, 72735, 72736, 72737, 72738, 72739, 72740, 72741, 72742, 72744, 72746, 72747, 72748, 72750, 72751, 72753, 72757, 72758, 72759, 72760, 72761, 72762, 72763, 72764, 72765, 72768, 72769, 72772, 72774, 72775, 72777, 72780, 72781, 72782, 72784, 72785, 72786, 72789, 72791, 72794, 72795, 72796, 72797, 72798, 72800, 72801, 72802, 72803, 72806, 72807, 72808, 72810, 72811, 72813, 72814, 72815, 72816, 72818, 72820, 72821, 72822, 72824, 72827, 72828, 72829, 72830, 72831, 72832, 72833, 72834, 72835, 72836, 72837, 72838, 72839, 72841, 72842, 72843, 72844, 72845, 72846, 72847, 72848, 72849, 72850, 72852, 72854, 72855, 72856, 72857, 72858, 72859, 72860, 72861, 72862, 72863, 72864, 72865, 72866, 72867, 72868, 72870, 72872, 72873, 72875, 72876, 72877, 72878, 72879, 72880, 72881, 72882, 72883, 72884, 72885, 72886, 72888, 72889, 72890, 72891, 72892, 72894, 72895, 72896, 72897, 72898, 72899, 72900, 72901, 72902, 72903, 72904, 72905, 72907, 72908, 72909, 72910, 72911, 72912, 72913, 72914, 72915, 72916, 72917, 72919, 72923, 72926, 72927, 72928, 72929, 72930, 72931, 72932, 72933, 72934, 72935, 72936, 72939, 72940, 72942, 72943, 72944, 72945, 72946, 72947, 72948, 72949, 72950, 72951, 72952, 72954, 72955, 72956, 72957, 72958, 72959, 72961, 72962, 72963, 72964, 72966, 72967, 72970, 72971, 72972, 72974, 72975, 72976, 72977, 72978, 72979, 72980, 72981, 72982, 72983, 72986, 72987, 72988, 72989, 72990, 72991, 72992, 72993, 72995, 72997, 72998, 72999, 73000, 73001, 73003, 73004, 73005, 73006, 73007, 73008, 73009, 73010, 73011, 73012, 73013, 73014, 73015, 73016, 73017, 73018, 73019, 73021, 73022, 73023, 73024, 73025, 73026, 73027, 73029, 73030, 73031, 73032, 73033, 73034, 73035, 73039, 73040, 73042, 73043, 73044, 73045, 73046, 73047, 73048, 73051, 73052, 73053, 73054, 73057, 73060, 73062, 73063, 73064, 73066, 73067, 73068, 73069, 73070, 73072, 73073, 73074, 73075, 73076, 73077, 73078, 73079, 73080, 73081, 73082, 73083, 73084, 73085, 73086, 73087, 73090, 73091, 73092, 73093, 73094, 73095, 73096, 73097, 73098, 73099, 73100, 73101, 73102, 73103, 73104, 73105, 73106, 73107, 73108, 73109, 73110, 73113, 73114, 73115, 73117, 73118, 73119, 73120, 73122, 73123, 73126, 73127, 73128, 73129, 73130, 73131, 73134, 73135, 73136, 73138, 73140, 73141, 73143, 73144, 73145, 73146, 73147, 73148, 73149, 73150, 73151, 73152, 73154, 73155, 73157, 73158, 73160, 73162, 73163, 73165, 73166, 73167, 73168, 73169, 73170, 73171, 73172, 73173, 73174, 73175, 73176, 73177, 73178, 73179, 73180, 73182, 73184, 73185, 73186, 73187, 73188, 73189, 73190, 73191, 73193, 73194, 73195, 73196, 73197, 73198, 73200, 73203, 73204, 73205, 73206, 73207, 73208, 73209, 73210, 73211, 73212, 73213, 73214, 73216, 73219, 73220, 73221, 73222, 73224, 73225, 73226, 73227, 73228, 73230, 73231, 73232, 73233, 73234, 73235, 73237, 73238, 73240, 73241, 73242, 73243, 73244, 73245, 73246, 73247, 73248, 73249, 73250, 73251, 73252, 73253, 73254, 73255, 73257, 73258, 73259, 73260, 73261, 73262, 73264, 73265, 73266, 73267, 73268, 73269, 73270, 73272, 73274, 73275, 73277, 73278, 73280, 73281, 73282, 73285, 73286, 73287, 73288, 73289, 73290, 73291, 73292, 73293, 73294, 73295, 73297, 73298, 73300, 73302, 73303, 73304, 73305, 73306, 73307, 73308, 73310, 73311, 73314, 73316, 73317, 73320, 73321, 73325, 73326, 73327, 73329, 73332, 73334, 73335, 73338, 73340, 73341, 73343, 73344, 73346, 73347, 73348, 73349, 73351, 73352, 73353, 73356, 73358, 73359, 73360, 73361, 73362, 73363, 73364, 73365, 73366, 73367, 73368, 73370, 73371, 73372, 73373, 73374, 73376, 73379, 73382, 73383, 73384, 73385, 73387, 73388, 73389, 73390, 73391, 73392, 73393, 73395, 73396, 73397, 73398, 73399, 73400, 73402, 73403, 73404, 73405, 73406, 73407, 73408, 73409, 73410, 73412, 73413, 73414, 73415, 73417, 73418, 73419, 73421, 73422, 73423, 73424, 73425, 73426, 73428, 73430, 73431, 73432, 73433, 73434, 73435, 73436, 73437, 73438, 73439, 73440, 73443, 73444, 73445, 73446, 73447, 73448, 73449, 73450, 73451, 73452, 73453, 73455, 73456, 73457, 73458, 73459, 73460, 73461, 73462, 73463, 73464, 73466, 73467, 73468, 73469, 73470, 73471, 73472, 73473, 73475, 73476, 73477, 73478, 73479, 73480, 73481, 73482, 73483, 73485, 73487, 73489, 73490, 73492, 73493, 73494, 73495, 73496, 73497, 73499, 73500, 73501, 73503, 73504, 73505, 73506, 73509, 73510, 73511, 73513, 73514, 73516, 73517, 73518, 73521, 73523, 73524, 73525, 73526, 73527, 73528, 73529, 73530, 73531, 73533, 73534, 73535, 73536, 73537, 73538, 73539, 73540, 73541, 73542, 73543, 73544, 73545, 73546, 73547, 73548, 73549, 73550, 73551, 73552, 73553, 73554, 73555, 73556, 73558, 73559, 73561, 73563, 73564, 73565, 73566, 73568, 73569, 73570, 73571, 73572, 73573, 73574, 73575, 73576, 73577, 73578, 73580, 73582, 73583, 73585, 73586, 73587, 73589, 73590, 73591, 73592, 73593, 73594, 73595, 73597, 73598, 73600, 73602, 73603, 73604, 73605, 73606, 73607, 73608, 73609, 73610, 73612, 73613, 73614, 73617, 73618, 73620, 73621, 73622, 73623, 73624, 73625, 73626, 73628, 73631, 73632, 73633, 73634, 73635, 73636, 73637, 73639, 73641, 73642, 73643, 73644, 73646, 73647, 73648, 73650, 73651, 73652, 73653, 73654, 73655, 73656, 73657, 73661, 73662, 73663, 73664, 73665, 73666, 73667, 73668, 73669, 73671, 73673, 73674, 73676, 73677, 73678, 73679, 73680, 73682, 73683, 73689, 73690, 73691, 73693, 73694, 73696, 73697, 73698, 73699, 73701, 73702, 73703, 73705, 73706, 73708, 73709, 73711, 73712, 73713, 73714, 73716, 73717, 73718, 73719, 73720, 73721, 73722, 73723, 73724, 73727, 73728, 73730, 73731, 73732, 73733, 73734, 73735, 73736, 73737, 73738, 73741, 73742, 73743, 73744, 73745, 73746, 73747, 73748, 73750, 73751, 73752, 73754, 73755, 73756, 73757, 73758, 73759, 73760, 73761, 73762, 73763, 73764, 73765, 73766, 73767, 73769, 73771, 73774, 73776, 73778, 73779, 73780, 73781, 73782, 73783, 73784, 73785, 73786, 73787, 73788, 73789, 73790, 73792, 73793, 73794, 73795, 73796, 73797, 73799, 73800, 73801, 73804, 73806, 73808, 73809, 73811, 73812, 73813, 73814, 73815, 73816, 73817, 73818, 73819, 73821, 73822, 73824, 73825, 73826, 73827, 73829, 73830, 73831, 73832, 73834, 73835, 73836, 73837, 73838, 73839, 73840, 73841, 73842, 73843, 73844, 73845, 73846, 73847, 73848, 73849, 73850, 73851, 73852, 73853, 73855, 73857, 73858, 73859, 73860, 73861, 73862, 73863, 73867, 73868, 73869, 73870, 73871, 73872, 73873, 73874, 73876, 73877, 73880, 73881, 73882, 73884, 73885, 73886, 73887, 73888, 73889, 73890, 73891, 73892, 73893, 73894, 73895, 73897, 73898, 73899, 73900, 73902, 73903, 73904, 73905, 73908, 73909, 73910, 73912, 73913, 73914, 73915, 73917, 73918, 73919, 73920, 73921, 73922, 73924, 73925, 73926, 73927, 73928, 73929, 73930, 73931, 73933, 73934, 73935, 73936, 73937, 73939, 73941, 73943, 73945, 73946, 73947, 73948, 73949, 73950, 73953, 73954, 73956, 73957, 73958, 73959, 73960, 73962, 73965, 73968, 73970, 73971, 73972, 73973, 73975, 73976, 73978, 73979, 73980, 73982, 73983, 73984, 73985, 73986, 73987, 73988, 73989, 73991, 73992, 73994, 73995, 73996, 73997, 73998, 73999, 74000, 74001, 74002, 74003, 74004, 74007, 74008, 74009, 74010, 74011, 74012, 74015, 74016, 74017, 74019, 74020, 74021, 74022, 74023, 74025, 74027, 74028, 74029, 74031, 74032, 74033, 74035, 74037, 74038, 74039, 74040, 74041, 74042, 74043, 74044, 74046, 74047, 74049, 74050, 74051, 74052, 74053, 74055, 74056, 74057, 74058, 74059, 74060, 74061, 74062, 74063, 74064, 74066, 74068, 74069, 74070, 74072, 74073, 74074, 74075, 74076, 74077, 74078, 74079, 74080, 74081, 74082, 74083, 74084, 74085, 74086, 74087, 74088, 74090, 74091, 74092, 74095, 74096, 74098, 74099, 74100, 74102, 74103, 74106, 74108, 74109, 74110, 74111, 74113, 74114, 74115, 74116, 74118, 74119, 74121, 74122, 74123, 74124, 74126, 74128, 74129, 74132, 74133, 74134, 74135, 74136, 74140, 74141, 74142, 74144, 74145, 74147, 74148, 74149, 74151, 74152, 74153, 74154, 74156, 74157, 74158, 74160, 74161, 74162, 74163, 74164, 74165, 74166, 74167, 74168, 74169, 74171, 74172, 74173, 74176, 74177, 74178, 74179, 74180, 74181, 74182, 74183, 74184, 74185, 74186, 74187, 74188, 74189, 74192, 74193, 74194, 74196, 74197, 74199, 74201, 74203, 74204, 74205, 74206, 74207, 74210, 74211, 74212, 74214, 74215, 74216, 74217, 74220, 74221, 74222, 74224, 74225, 74226, 74229, 74230, 74233, 74234, 74235, 74236, 74237, 74238, 74239, 74241, 74242, 74243, 74244, 74246, 74247, 74248, 74249, 74250, 74251, 74252, 74254, 74255, 74256, 74258, 74259, 74261, 74262, 74263, 74264, 74265, 74266, 74267, 74268, 74269, 74271, 74272, 74273, 74274, 74277, 74279, 74282, 74283, 74285, 74286, 74288, 74290, 74291, 74292, 74294, 74295, 74296, 74297, 74299, 74300, 74301, 74302, 74303, 74307, 74308, 74310, 74311, 74312, 74313, 74314, 74315, 74316, 74318, 74319, 74321, 74322, 74323, 74324, 74325, 74328, 74330, 74332, 74333, 74334, 74335, 74337, 74338, 74340, 74341, 74342, 74343, 74345, 74347, 74348, 74349, 74350, 74351, 74352, 74353, 74354, 74355, 74356, 74357, 74358, 74359, 74360, 74361, 74362, 74363, 74364, 74365, 74367, 74368, 74369, 74370, 74371, 74373, 74374, 74377, 74378, 74379, 74380, 74383, 74384, 74385, 74386, 74388, 74389, 74390, 74391, 74392, 74394, 74395, 74397, 74398, 74399, 74400, 74401, 74402, 74403, 74404, 74405, 74406, 74407, 74408, 74410, 74411, 74412, 74413, 74414, 74415, 74417, 74418, 74419, 74420, 74421, 74422, 74423, 74424, 74425, 74426, 74427, 74430, 74432, 74433, 74434, 74435, 74437, 74439, 74440, 74441, 74442, 74443, 74444, 74445, 74448, 74449, 74450, 74451, 74452, 74453, 74454, 74455, 74456, 74457, 74459, 74460, 74461, 74465, 74466, 74468, 74470, 74471, 74472, 74473, 74474, 74476, 74477, 74478, 74480, 74481, 74482, 74483, 74485, 74486, 74488, 74489, 74490, 74491, 74492, 74494, 74495, 74496, 74497, 74498, 74499, 74500, 74501, 74502, 74503, 74504, 74506, 74507, 74508, 74509, 74510, 74511, 74512, 74513, 74514, 74515, 74516, 74517, 74519, 74520, 74521, 74523, 74524, 74526, 74527, 74529, 74531, 74532, 74534, 74535, 74536, 74537, 74538, 74539, 74541, 74542, 74543, 74544, 74545, 74546, 74547, 74548, 74549, 74550, 74552, 74553, 74554, 74555, 74556, 74557, 74558, 74559, 74560, 74561, 74562, 74563, 74564, 74565, 74566, 74567, 74568, 74569, 74571, 74572, 74573, 74574, 74576, 74577, 74579, 74580, 74581, 74583, 74584, 74585, 74586, 74587, 74589, 74590, 74591, 74592, 74593, 74594, 74596, 74599, 74600, 74603, 74604, 74605, 74606, 74607, 74608, 74609, 74610, 74611, 74612, 74613, 74615, 74616, 74617, 74618, 74619, 74620, 74621, 74624, 74625, 74626, 74627, 74628, 74629, 74631, 74633, 74634, 74635, 74636, 74637, 74639, 74640, 74641, 74643, 74644, 74646, 74647, 74649, 74650, 74651, 74652, 74653, 74654, 74655, 74656, 74657, 74660, 74661, 74662, 74663, 74664, 74666, 74667, 74668, 74670, 74673, 74674, 74675, 74676, 74677, 74678, 74679, 74680, 74682, 74683, 74684, 74685, 74686, 74690, 74691, 74692, 74693, 74694, 74695, 74696, 74697, 74698, 74699, 74700, 74701, 74702, 74703, 74705, 74706, 74707, 74709, 74710, 74711, 74712, 74713, 74714, 74716, 74717, 74718, 74719, 74722, 74723, 74724, 74725, 74726, 74727, 74729, 74730, 74731, 74732, 74735, 74736, 74737, 74738, 74739, 74740, 74741, 74743, 74744, 74745, 74746, 74750, 74751, 74752, 74753, 74754, 74755, 74756, 74758, 74759, 74760, 74761, 74763, 74764, 74765, 74766, 74767, 74768, 74769, 74770, 74771, 74772, 74773, 74776, 74777, 74778, 74780, 74781, 74782, 74783, 74784, 74785, 74786, 74787, 74788, 74789, 74790, 74791, 74792, 74793, 74794, 74796, 74797, 74798, 74799, 74800, 74801, 74802, 74806, 74807, 74808, 74809, 74810, 74812, 74813, 74814, 74815, 74817, 74818, 74819, 74820, 74821, 74822, 74823, 74826, 74827, 74828, 74830, 74831, 74832, 74833, 74834, 74836, 74837, 74838, 74839, 74840, 74841, 74842, 74843, 74844, 74845, 74846, 74847, 74848, 74849, 74851, 74852, 74855, 74856, 74857, 74858, 74859, 74860, 74862, 74863, 74864, 74865, 74866, 74867, 74868, 74869, 74870, 74871, 74872, 74873, 74875, 74876, 74877, 74878, 74880, 74882, 74883, 74884, 74885, 74886, 74887, 74888, 74889, 74890, 74891, 74892, 74893, 74894, 74896, 74897, 74898, 74899, 74900, 74902, 74904, 74905, 74906, 74907, 74908, 74909, 74910, 74912, 74914, 74915, 74916, 74917, 74919, 74920, 74922, 74923, 74924, 74925, 74926, 74927, 74928, 74929, 74930, 74932, 74933, 74934, 74935, 74937, 74938, 74939, 74940, 74941, 74944, 74945, 74946, 74947, 74948, 74949, 74950, 74952, 74953, 74954, 74955, 74956, 74958, 74961, 74963, 74965, 74966, 74967, 74968, 74969, 74970, 74971, 74974, 74975, 74976, 74977, 74978, 74979, 74981, 74982, 74983, 74985, 74986, 74987, 74989, 74990, 74991, 74992, 74993, 74994, 74995, 74997, 74998, 75002, 75003, 75005, 75006, 75007, 75008, 75010, 75011, 75012, 75014, 75018, 75019, 75020, 75021, 75022, 75023, 75024, 75025, 75026, 75027, 75028, 75029, 75030, 75032, 75033, 75034, 75036, 75039, 75040, 75041, 75043, 75044, 75045, 75046, 75047, 75048, 75049, 75050, 75051, 75052, 75053, 75054, 75055, 75056, 75058, 75060, 75062, 75063, 75064, 75065, 75066, 75068, 75069, 75071, 75072, 75073, 75074, 75076, 75078, 75081, 75082, 75083, 75084, 75085, 75087, 75088, 75090, 75091, 75092, 75093, 75094, 75095, 75096, 75097, 75098, 75099, 75100, 75101, 75102, 75103, 75105, 75106, 75107, 75110, 75113, 75115, 75116, 75118, 75119, 75120, 75121, 75122, 75124, 75125, 75126, 75127, 75128, 75129, 75130, 75131, 75132, 75133, 75134, 75135, 75137, 75139, 75141, 75142, 75143, 75144, 75146, 75147, 75148, 75149, 75150, 75151, 75153, 75154, 75155, 75156, 75157, 75158, 75159, 75160, 75161, 75162, 75163, 75164, 75165, 75166, 75167, 75168, 75169, 75170, 75172, 75173, 75175, 75176, 75177, 75179, 75180, 75181, 75182, 75185, 75188, 75189, 75192, 75193, 75194, 75195, 75196, 75197, 75198, 75200, 75201, 75202, 75203, 75204, 75206, 75207, 75208, 75209, 75210, 75211, 75213, 75214, 75215, 75218, 75219, 75220, 75222, 75226, 75227, 75229, 75230, 75231, 75232, 75233, 75234, 75235, 75236, 75237, 75238, 75239, 75240, 75241, 75242, 75243, 75244, 75245, 75246, 75248, 75249, 75250, 75251, 75252, 75253, 75254, 75256, 75257, 75258, 75259, 75260, 75261, 75262, 75263, 75264, 75266, 75267, 75268, 75269, 75271, 75272, 75274, 75275, 75276, 75278, 75279, 75280, 75282, 75283, 75284, 75285, 75287, 75289, 75290, 75291, 75292, 75293, 75294, 75295, 75296, 75297, 75298, 75299, 75300, 75301, 75302, 75303, 75304, 75305, 75306, 75307, 75308, 75309, 75310, 75311, 75314, 75315, 75316, 75317, 75318, 75319, 75322, 75323, 75324, 75325, 75326, 75327, 75328, 75329, 75330, 75331, 75332, 75334, 75335, 75337, 75339, 75341, 75342, 75343, 75344, 75346, 75347, 75348, 75350, 75351, 75353, 75354, 75355, 75357, 75358, 75359, 75360, 75362, 75363, 75364, 75365, 75366, 75367, 75368, 75369, 75371, 75373, 75374, 75375, 75376, 75377, 75378, 75379, 75380, 75381, 75382, 75383, 75384, 75386, 75387, 75388, 75389, 75390, 75391, 75392, 75393, 75394, 75395, 75396, 75398, 75399, 75400, 75401, 75402, 75404, 75405, 75408, 75409, 75410, 75411, 75412, 75415, 75416, 75417, 75418, 75419, 75420, 75421, 75422, 75423, 75424, 75427, 75431, 75434, 75436, 75437, 75438, 75439, 75440, 75441, 75442, 75443, 75444, 75445, 75446, 75447, 75448, 75449, 75450, 75451, 75452, 75454, 75456, 75457, 75458, 75459, 75460, 75461, 75462, 75463, 75464, 75465, 75468, 75469, 75470, 75471, 75472, 75473, 75474, 75475, 75477, 75478, 75479, 75480, 75481, 75482, 75483, 75484, 75486, 75487, 75489, 75491, 75492, 75493, 75494, 75495, 75497, 75498, 75499, 75501, 75502, 75503, 75504, 75505, 75506, 75508, 75509, 75510, 75512, 75514, 75515, 75516, 75517, 75518, 75519, 75520, 75522, 75523, 75524, 75525, 75527, 75529, 75530, 75531, 75532, 75533, 75534, 75535, 75536, 75537, 75540, 75541, 75542, 75543, 75545, 75546, 75549, 75550, 75551, 75552, 75553, 75554, 75555, 75556, 75558, 75561, 75562, 75563, 75565, 75567, 75569, 75570, 75571, 75572, 75573, 75574, 75575, 75576, 75577, 75578, 75580, 75581, 75582, 75583, 75584, 75586, 75588, 75589, 75592, 75594, 75595, 75596, 75597, 75598, 75599, 75602, 75603, 75604, 75605, 75606, 75607, 75608, 75609, 75610, 75611, 75612, 75613, 75614, 75615, 75616, 75617, 75618, 75619, 75620, 75621, 75622, 75623, 75624, 75626, 75627, 75628, 75631, 75632, 75633, 75634, 75635, 75636, 75637, 75638, 75639, 75640, 75641, 75642, 75644, 75645, 75647, 75648, 75649, 75650, 75651, 75652, 75653, 75654, 75655, 75656, 75657, 75658, 75660, 75661, 75662, 75663, 75665, 75666, 75667, 75668, 75669, 75670, 75671, 75672, 75673, 75675, 75676, 75677, 75678, 75679, 75680, 75681, 75682, 75683, 75686, 75687, 75688, 75693, 75694, 75695, 75697, 75698, 75699, 75700, 75701, 75702, 75703, 75704, 75705, 75706, 75707, 75710, 75711, 75712, 75713, 75714, 75716, 75717, 75719, 75720, 75721, 75723, 75724, 75725, 75726, 75728, 75730, 75732, 75733, 75734, 75738, 75739, 75740, 75741, 75742, 75743, 75744, 75745, 75746, 75747, 75749, 75750, 75751, 75753, 75756, 75758, 75759, 75760, 75761, 75762, 75763, 75764, 75765, 75766, 75767, 75769, 75770, 75771, 75772, 75773, 75775, 75777, 75778, 75782, 75783, 75786, 75787, 75788, 75789, 75790, 75792, 75793, 75794, 75796, 75797, 75798, 75799, 75800, 75802, 75804, 75805, 75807, 75809, 75812, 75813, 75814, 75815, 75816, 75817, 75818, 75819, 75820, 75821, 75825, 75826, 75827, 75830, 75831, 75832, 75833, 75834, 75835, 75836, 75837, 75839, 75840, 75841, 75842, 75843, 75844, 75845, 75847, 75848, 75849, 75850, 75852, 75854, 75855, 75856, 75857, 75858, 75859, 75861, 75865, 75866, 75868, 75869, 75870, 75871, 75872, 75873, 75874, 75876, 75877, 75878, 75879, 75881, 75882, 75883, 75884, 75885, 75886, 75887, 75888, 75889, 75890, 75891, 75892, 75893, 75894, 75897, 75898, 75899, 75900, 75901, 75902, 75903, 75904, 75905, 75906, 75908, 75909, 75911, 75912, 75913, 75914, 75915, 75917, 75918, 75919, 75920, 75921, 75922, 75923, 75924, 75925, 75926, 75928, 75929, 75930, 75931, 75932, 75933, 75934, 75935, 75936, 75938, 75939, 75940, 75941, 75942, 75943, 75945, 75947, 75948, 75949, 75950, 75952, 75953, 75954, 75955, 75956, 75957, 75958, 75959, 75961, 75963, 75964, 75967, 75968, 75970, 75971, 75972, 75975, 75976, 75977, 75978, 75979, 75981, 75982, 75983, 75984, 75985, 75986, 75987, 75988, 75990, 75991, 75992, 75994, 75995, 75996, 75997, 75998, 76000, 76001, 76002, 76003, 76004, 76005, 76006, 76007, 76008, 76009, 76010, 76011, 76015, 76016, 76017, 76018, 76020, 76021, 76022, 76023, 76024, 76025, 76026, 76027, 76028, 76029, 76032, 76033, 76034, 76035, 76037, 76038, 76039, 76040, 76041, 76042, 76043, 76044, 76045, 76046, 76047, 76049, 76050, 76051, 76053, 76054, 76056, 76057, 76058, 76059, 76060, 76061, 76063, 76066, 76067, 76068, 76069, 76070, 76071, 76072, 76073, 76075, 76076, 76078, 76081, 76083, 76084, 76085, 76086, 76087, 76088, 76091, 76092, 76093, 76094, 76095, 76096, 76097, 76098, 76100, 76101, 76102, 76103, 76104, 76105, 76106, 76107, 76108, 76109, 76110, 76112, 76113, 76114, 76115, 76116, 76117, 76118, 76119, 76120, 76121, 76122, 76123, 76124, 76126, 76128, 76129, 76130, 76131, 76132, 76133, 76135, 76136, 76138, 76139, 76141, 76142, 76143, 76144, 76145, 76146, 76147, 76148, 76150, 76151, 76152, 76153, 76154, 76155, 76156, 76157, 76158, 76159, 76160, 76161, 76162, 76164, 76165, 76166, 76168, 76169, 76170, 76171, 76172, 76173, 76174, 76176, 76177, 76178, 76179, 76180, 76181, 76182, 76183, 76184, 76185, 76186, 76187, 76191, 76192, 76193, 76194, 76197, 76198, 76199, 76200, 76201, 76202, 76205, 76206, 76208, 76210, 76211, 76212, 76214, 76215, 76216, 76217, 76218, 76219, 76220, 76223, 76224, 76225, 76226, 76227, 76228, 76229, 76231, 76232, 76233, 76236, 76237, 76239, 76241, 76242, 76243, 76244, 76245, 76246, 76247, 76248, 76249, 76250, 76251, 76252, 76253, 76254, 76256, 76258, 76260, 76261, 76262, 76263, 76264, 76265, 76266, 76268, 76269, 76270, 76271, 76272, 76273, 76274, 76275, 76277, 76278, 76280, 76282, 76283, 76284, 76285, 76287, 76288, 76290, 76292, 76293, 76294, 76295, 76296, 76297, 76298, 76299, 76300, 76301, 76302, 76304, 76307, 76309, 76310, 76311, 76312, 76313, 76316, 76317, 76318, 76321, 76322, 76325, 76326, 76327, 76328, 76329, 76330, 76331, 76333, 76334, 76335, 76336, 76337, 76338, 76339, 76340, 76342, 76343, 76344, 76346, 76347, 76348, 76349, 76350, 76351, 76352, 76354, 76355, 76356, 76357, 76358, 76359, 76360, 76361, 76362, 76363, 76364, 76365, 76366, 76367, 76368, 76369, 76370, 76371, 76372, 76373, 76374, 76376, 76377, 76383, 76384, 76385, 76386, 76387, 76388, 76389, 76390, 76392, 76394, 76395, 76396, 76397, 76398, 76399, 76400, 76401, 76402, 76403, 76404, 76405, 76407, 76408, 76409, 76411, 76412, 76416, 76417, 76418, 76420, 76421, 76422, 76425, 76426, 76427, 76428, 76429, 76430, 76431, 76432, 76433, 76434, 76435, 76436, 76438, 76440, 76441, 76443, 76444, 76445, 76447, 76448, 76449, 76450, 76451, 76452, 76453, 76454, 76455, 76456, 76457, 76458, 76460, 76462, 76463, 76465, 76466, 76467, 76468, 76470, 76471, 76472, 76473, 76474, 76475, 76476, 76478, 76479, 76481, 76482, 76484, 76487, 76488, 76490, 76492, 76494, 76496, 76497, 76498, 76499, 76502, 76503, 76504, 76505, 76506, 76507, 76508, 76509, 76510, 76511, 76512, 76513, 76514, 76516, 76517, 76519, 76521, 76522, 76525, 76526, 76529, 76530, 76531, 76532, 76533, 76534, 76535, 76537, 76538, 76540, 76541, 76542, 76543, 76544, 76545, 76546, 76547, 76548, 76552, 76553, 76554, 76555, 76556, 76557, 76558, 76559, 76560, 76561, 76562, 76563, 76564, 76565, 76566, 76567, 76568, 76569, 76571, 76573, 76575, 76577, 76578, 76580, 76582, 76583, 76584, 76585, 76586, 76587, 76588, 76589, 76590, 76591, 76592, 76593, 76594, 76595, 76597, 76598, 76599, 76600, 76602, 76604, 76605, 76606, 76607, 76608, 76609, 76610, 76611, 76612, 76613, 76614, 76615, 76616, 76617, 76618, 76619, 76621, 76622, 76623, 76624, 76625, 76626, 76627, 76628, 76630, 76632, 76634, 76637, 76638, 76639, 76640, 76641, 76642, 76643, 76644, 76645, 76646, 76647, 76648, 76649, 76650, 76651, 76652, 76653, 76655, 76656, 76657, 76658, 76660, 76661, 76662, 76663, 76664, 76665, 76666, 76667, 76669, 76671, 76672, 76673, 76674, 76675, 76676, 76677, 76678, 76679, 76680, 76681, 76682, 76683, 76684, 76686, 76688, 76689, 76690, 76691, 76693, 76694, 76695, 76696, 76697, 76699, 76701, 76703, 76704, 76706, 76707, 76709, 76710, 76711, 76714, 76715, 76717, 76718, 76720, 76721, 76722, 76723, 76724, 76725, 76726, 76728, 76729, 76732, 76733, 76734, 76735, 76737, 76739, 76742, 76743, 76744, 76745, 76746, 76747, 76748, 76749, 76750, 76751, 76753, 76754, 76755, 76756, 76758, 76759, 76760, 76761, 76762, 76765, 76766, 76767, 76768, 76769, 76770, 76771, 76772, 76773, 76774, 76776, 76777, 76778, 76780, 76781, 76783, 76786, 76787, 76788, 76789, 76790, 76791, 76792, 76793, 76794, 76795, 76796, 76797, 76798, 76799, 76800, 76801, 76802, 76803, 76804, 76805, 76807, 76808, 76809, 76812, 76814, 76815, 76816, 76817, 76818, 76820, 76821, 76822, 76823, 76825, 76826, 76827, 76829, 76830, 76831, 76832, 76833, 76834, 76836, 76837, 76838, 76839, 76840, 76841, 76842, 76843, 76846, 76847, 76848, 76849, 76850, 76852, 76853, 76856, 76857, 76858, 76859, 76861, 76862, 76864, 76865, 76866, 76867, 76868, 76869, 76870, 76871, 76872, 76873, 76876, 76877, 76879, 76881, 76883, 76884, 76885, 76890, 76892, 76893, 76894, 76895, 76896, 76897, 76898, 76899, 76900, 76901, 76902, 76904, 76905, 76906, 76907, 76908, 76909, 76911, 76912, 76913, 76914, 76915, 76916, 76917, 76918, 76919, 76920, 76921, 76923, 76924, 76925, 76926, 76927, 76928, 76930, 76931, 76932, 76933, 76934, 76935, 76937, 76938, 76941, 76942, 76943, 76944, 76946, 76947, 76948, 76949, 76950, 76951, 76952, 76953, 76954, 76955, 76957, 76959, 76960, 76961, 76962, 76963, 76964, 76965, 76966, 76967, 76968, 76969, 76970, 76971, 76973, 76974, 76975, 76976, 76977, 76978, 76980, 76981, 76982, 76984, 76985, 76986, 76987, 76988, 76989, 76990, 76991, 76992, 76993, 76994, 76995, 76996, 76997, 77000, 77001, 77005, 77006, 77007, 77008, 77009, 77011, 77012, 77013, 77014, 77016, 77017, 77018, 77019, 77020, 77021, 77022, 77026, 77027, 77029, 77030, 77032, 77033, 77034, 77036, 77037, 77039, 77040, 77042, 77043, 77045, 77046, 77048, 77049, 77050, 77051, 77052, 77053, 77054, 77055, 77056, 77057, 77058, 77059, 77060, 77061, 77062, 77063, 77064, 77066, 77068, 77069, 77070, 77071, 77073, 77074, 77075, 77076, 77077, 77078, 77079, 77080, 77082, 77083, 77084, 77085, 77086, 77088, 77090, 77091, 77092, 77093, 77094, 77097, 77098, 77100, 77102, 77103, 77104, 77106, 77107, 77108, 77110, 77111, 77112, 77113, 77114, 77115, 77116, 77117, 77118, 77119, 77121, 77122, 77123, 77125, 77126, 77127, 77128, 77129, 77130, 77131, 77132, 77133, 77134, 77136, 77137, 77138, 77140, 77141, 77142, 77143, 77144, 77145, 77147, 77148, 77149, 77150, 77151, 77153, 77154, 77156, 77157, 77158, 77159, 77161, 77162, 77164, 77165, 77168, 77169, 77170, 77171, 77174, 77175, 77176, 77177, 77178, 77180, 77181, 77182, 77183, 77184, 77185, 77186, 77188, 77189, 77191, 77194, 77196, 77197, 77198, 77200, 77203, 77204, 77205, 77207, 77208, 77209, 77211, 77212, 77213, 77214, 77215, 77216, 77219, 77221, 77222, 77226, 77227, 77228, 77230, 77231, 77232, 77233, 77234, 77237, 77238, 77239, 77240, 77241, 77242, 77245, 77246, 77247, 77248, 77249, 77250, 77251, 77252, 77253, 77254, 77255, 77257, 77259, 77260, 77261, 77262, 77263, 77265, 77266, 77268, 77269, 77270, 77271, 77272, 77273, 77274, 77276, 77282, 77283, 77285, 77286, 77287, 77288, 77289, 77290, 77291, 77292, 77293, 77294, 77295, 77296, 77297, 77298, 77299, 77300, 77301, 77302, 77303, 77304, 77305, 77306, 77308, 77309, 77310, 77311, 77312, 77314, 77315, 77317, 77318, 77319, 77320, 77321, 77322, 77323, 77324, 77325, 77326, 77327, 77329, 77330, 77331, 77332, 77333, 77334, 77335, 77337, 77338, 77339, 77340, 77341, 77342, 77343, 77344, 77346, 77347, 77349, 77350, 77351, 77353, 77354, 77355, 77357, 77358, 77359, 77360, 77361, 77363, 77364, 77365, 77366, 77367, 77368, 77369, 77370, 77371, 77373, 77374, 77375, 77376, 77378, 77379, 77380, 77381, 77382, 77383, 77384, 77387, 77388, 77390, 77391, 77392, 77393, 77394, 77395, 77399, 77400, 77403, 77404, 77405, 77407, 77408, 77409, 77410, 77411, 77412, 77413, 77414, 77415, 77416, 77417, 77418, 77419, 77420, 77421, 77422, 77423, 77424, 77425, 77426, 77427, 77429, 77430, 77431, 77432, 77434, 77435, 77436, 77437, 77439, 77440, 77441, 77442, 77443, 77444, 77446, 77447, 77448, 77450, 77451, 77453, 77454, 77456, 77457, 77458, 77460, 77461, 77462, 77463, 77464, 77465, 77466, 77467, 77468, 77469, 77471, 77472, 77473, 77474, 77476, 77478, 77479, 77480, 77481, 77482, 77483, 77485, 77486, 77487, 77488, 77489, 77491, 77492, 77493, 77494, 77495, 77496, 77497, 77498, 77499, 77500, 77501, 77504, 77505, 77507, 77508, 77509, 77511, 77512, 77514, 77515, 77518, 77519, 77520, 77521, 77523, 77524, 77525, 77526, 77527, 77529, 77530, 77531, 77532, 77533, 77534, 77536, 77537, 77538, 77539, 77540, 77542, 77543, 77544, 77546, 77547, 77548, 77549, 77550, 77551, 77552, 77553, 77554, 77555, 77556, 77557, 77558, 77560, 77561, 77562, 77563, 77564, 77565, 77566, 77568, 77571, 77572, 77573, 77574, 77575, 77576, 77577, 77578, 77579, 77580, 77581, 77582, 77585, 77587, 77588, 77589, 77590, 77591, 77593, 77594, 77596, 77597, 77598, 77599, 77600, 77601, 77602, 77603, 77604, 77605, 77606, 77608, 77609, 77610, 77611, 77612, 77613, 77614, 77615, 77616, 77617, 77619, 77621, 77622, 77624, 77625, 77627, 77628, 77629, 77630, 77631, 77632, 77633, 77634, 77635, 77636, 77637, 77638, 77639, 77640, 77641, 77642, 77643, 77644, 77645, 77646, 77647, 77648, 77649, 77650, 77651, 77653, 77654, 77655, 77656, 77657, 77658, 77659, 77660, 77661, 77663, 77664, 77667, 77668, 77669, 77670, 77672, 77673, 77674, 77675, 77676, 77677, 77679, 77680, 77681, 77682, 77683, 77684, 77685, 77686, 77687, 77690, 77691, 77692, 77694, 77695, 77698, 77700, 77701, 77702, 77703, 77704, 77705, 77706, 77707, 77708, 77710, 77711, 77712, 77713, 77714, 77715, 77717, 77718, 77720, 77721, 77722, 77723, 77724, 77725, 77726, 77727, 77728, 77729, 77730, 77731, 77732, 77733, 77734, 77735, 77736, 77737, 77738, 77739, 77740, 77741, 77743, 77744, 77745, 77746, 77747, 77749, 77750, 77751, 77752, 77753, 77755, 77756, 77757, 77758, 77761, 77763, 77764, 77765, 77767, 77768, 77769, 77770, 77771, 77772, 77773, 77774, 77775, 77776, 77777, 77778, 77779, 77781, 77783, 77785, 77787, 77788, 77789, 77790, 77791, 77793, 77795, 77797, 77799, 77800, 77802, 77803, 77804, 77805, 77806, 77807, 77808, 77809, 77811, 77813, 77814, 77815, 77818, 77819, 77821, 77822, 77823, 77824, 77825, 77826, 77828, 77829, 77830, 77831, 77832, 77834, 77835, 77836, 77837, 77838, 77839, 77840, 77842, 77843, 77844, 77847, 77848, 77849, 77850, 77851, 77852, 77853, 77854, 77855, 77856, 77857, 77858, 77860, 77861, 77862, 77864, 77865, 77866, 77867, 77868, 77869, 77870, 77871, 77872, 77873, 77874, 77875, 77876, 77877, 77878, 77879, 77880, 77883, 77884, 77885, 77886, 77887, 77888, 77889, 77890, 77891, 77892, 77893, 77894, 77895, 77896, 77897, 77898, 77901, 77903, 77904, 77905, 77906, 77907, 77908, 77909, 77912, 77913, 77914, 77915, 77916, 77917, 77919, 77920, 77921, 77923, 77924, 77925, 77927, 77929, 77930, 77931, 77932, 77933, 77934, 77935, 77937, 77938, 77939, 77941, 77944, 77945, 77946, 77947, 77948, 77949, 77950, 77951, 77952, 77953, 77954, 77955, 77956, 77957, 77958, 77959, 77960, 77961, 77962, 77965, 77966, 77967, 77971, 77972, 77975, 77977, 77979, 77980, 77981, 77982, 77983, 77984, 77985, 77986, 77988, 77989, 77990, 77991, 77992, 77993, 77997, 77998, 77999, 78000, 78002, 78004, 78005, 78006, 78008, 78010, 78011, 78012, 78014, 78015, 78016, 78017, 78018, 78019, 78020, 78021, 78023, 78024, 78025, 78026, 78027, 78028, 78029, 78031, 78032, 78033, 78034, 78035, 78036, 78038, 78039, 78041, 78042, 78044, 78045, 78046, 78048, 78050, 78051, 78052, 78053, 78056, 78057, 78058, 78059, 78060, 78061, 78063, 78064, 78066, 78067, 78068, 78069, 78070, 78071, 78072, 78073, 78074, 78075, 78076, 78078, 78080, 78081, 78082, 78083, 78084, 78085, 78086, 78087, 78088, 78089, 78090, 78091, 78093, 78094, 78095, 78096, 78097, 78098, 78099, 78100, 78101, 78103, 78106, 78107, 78109, 78110, 78111, 78112, 78113, 78115, 78116, 78118, 78119, 78120, 78121, 78124, 78125, 78126, 78127, 78128, 78129, 78130, 78131, 78132, 78133, 78134, 78135, 78136, 78137, 78138, 78141, 78142, 78143, 78144, 78145, 78146, 78147, 78149, 78150, 78151, 78152, 78153, 78154, 78155, 78157, 78158, 78159, 78160, 78161, 78162, 78163, 78164, 78165, 78166, 78167, 78168, 78169, 78170, 78171, 78172, 78174, 78175, 78176, 78177, 78179, 78180, 78181, 78182, 78185, 78186, 78187, 78188, 78189, 78190, 78191, 78192, 78194, 78195, 78196, 78198, 78201, 78202, 78204, 78205, 78206, 78207, 78208, 78209, 78210, 78212, 78213, 78216, 78217, 78219, 78220, 78223, 78225, 78226, 78227, 78228, 78229, 78230, 78231, 78232, 78233, 78234, 78235, 78236, 78238, 78239, 78240, 78242, 78244, 78245, 78246, 78248, 78249, 78250, 78251, 78252, 78253, 78254, 78255, 78256, 78258, 78259, 78260, 78261, 78262, 78264, 78265, 78266, 78268, 78270, 78272, 78273, 78275, 78276, 78277, 78278, 78280, 78281, 78282, 78283, 78285, 78286, 78288, 78289, 78290, 78291, 78292, 78293, 78295, 78296, 78297, 78298, 78299, 78300, 78301, 78302, 78303, 78306, 78307, 78309, 78312, 78313, 78314, 78315, 78316, 78317, 78318, 78319, 78320, 78321, 78322, 78323, 78325, 78326, 78327, 78328, 78329, 78330, 78331, 78332, 78333, 78334, 78336, 78337, 78339, 78340, 78341, 78342, 78343, 78345, 78346, 78347, 78349, 78352, 78353, 78355, 78356, 78357, 78360, 78361, 78362, 78363, 78364, 78365, 78366, 78368, 78369, 78370, 78372, 78373, 78374, 78375, 78376, 78377, 78378, 78379, 78380, 78381, 78382, 78383, 78384, 78385, 78386, 78387, 78389, 78390, 78391, 78393, 78395, 78396, 78397, 78398, 78399, 78400, 78401, 78403, 78404, 78405, 78406, 78407, 78409, 78410, 78411, 78412, 78413, 78414, 78415, 78416, 78417, 78418, 78419, 78421, 78422, 78423, 78426, 78427, 78428, 78430, 78431, 78432, 78437, 78438, 78440, 78441, 78442, 78443, 78444, 78445, 78447, 78450, 78451, 78453, 78454, 78455, 78456, 78457, 78458, 78459, 78460, 78461, 78462, 78463, 78464, 78465, 78466, 78467, 78468, 78469, 78470, 78472, 78473, 78474, 78475, 78476, 78478, 78479, 78480, 78483, 78484, 78485, 78486, 78487, 78488, 78489, 78491, 78492, 78493, 78494, 78497, 78498, 78500, 78501, 78502, 78503, 78504, 78505, 78506, 78507, 78509, 78510, 78511, 78512, 78513, 78514, 78515, 78516, 78517, 78518, 78520, 78521, 78522, 78523, 78524, 78526, 78527, 78528, 78529, 78530, 78531, 78532, 78533, 78535, 78536, 78537, 78539, 78540, 78541, 78542, 78543, 78544, 78545, 78546, 78547, 78548, 78549, 78552, 78553, 78554, 78555, 78556, 78557, 78558, 78559, 78560, 78561, 78562, 78563, 78564, 78565, 78566, 78568, 78572, 78573, 78574, 78576, 78578, 78579, 78580, 78581, 78582, 78583, 78584, 78585, 78586, 78587, 78590, 78591, 78592, 78594, 78595, 78596, 78597, 78598, 78599, 78600, 78601, 78605, 78606, 78607, 78608, 78609, 78610, 78611, 78612, 78613, 78614, 78616, 78617, 78618, 78620, 78621, 78622, 78623, 78624, 78626, 78627, 78629, 78630, 78631, 78632, 78634, 78636, 78639, 78640, 78642, 78643, 78644, 78645, 78646, 78647, 78648, 78649, 78650, 78652, 78653, 78655, 78656, 78659, 78660, 78661, 78662, 78663, 78664, 78665, 78666, 78667, 78668, 78669, 78671, 78672, 78673, 78674, 78677, 78678, 78680, 78682, 78685, 78686, 78687, 78688, 78689, 78690, 78691, 78692, 78693, 78694, 78695, 78698, 78699, 78700, 78702, 78703, 78704, 78705, 78706, 78707, 78708, 78709, 78710, 78711, 78712, 78713, 78715, 78716, 78718, 78719, 78721, 78722, 78723, 78724, 78726, 78727, 78728, 78729, 78730, 78731, 78732, 78734, 78735, 78737, 78738, 78739, 78740, 78742, 78743, 78745, 78746, 78747, 78748, 78749, 78750, 78752, 78753, 78754, 78755, 78756, 78757, 78758, 78759, 78760, 78761, 78762, 78763, 78764, 78765, 78767, 78768, 78770, 78771, 78772, 78773, 78774, 78775, 78776, 78778, 78779, 78780, 78781, 78782, 78783, 78784, 78785, 78786, 78787, 78788, 78789, 78790, 78792, 78793, 78794, 78795, 78796, 78798, 78799, 78800, 78801, 78802, 78803, 78804, 78805, 78807, 78808, 78809, 78810, 78811, 78812, 78813, 78814, 78815, 78816, 78818, 78819, 78820, 78821, 78822, 78823, 78824, 78827, 78828, 78830, 78835, 78836, 78837, 78838, 78839, 78840, 78843, 78844, 78846, 78847, 78848, 78849, 78850, 78851, 78852, 78853, 78854, 78855, 78856, 78859, 78860, 78861, 78862, 78865, 78868, 78869, 78870, 78871, 78872, 78873, 78874, 78876, 78877, 78878, 78880, 78881, 78882, 78884, 78885, 78886, 78887, 78888, 78889, 78890, 78891, 78892, 78893, 78895, 78896, 78897, 78898, 78899, 78900, 78901, 78902, 78903, 78906, 78909, 78911, 78912, 78913, 78914, 78916, 78917, 78918, 78921, 78922, 78923, 78924, 78926, 78928, 78929, 78930, 78931, 78932, 78933, 78936, 78937, 78938, 78940, 78941, 78942, 78943, 78944, 78945, 78946, 78947, 78950, 78953, 78955, 78956, 78957, 78958, 78959, 78960, 78961, 78962, 78963, 78964, 78967, 78968, 78970, 78971, 78972, 78973, 78974, 78975, 78976, 78977, 78978, 78979, 78980, 78981, 78983, 78985, 78986, 78988, 78989, 78990, 78991, 78994, 78995, 78996, 78997, 78998, 78999, 79000, 79001, 79002, 79003, 79004, 79005, 79007, 79008, 79009, 79010, 79012, 79013, 79014, 79017, 79018, 79019, 79021, 79023, 79024, 79025, 79026, 79027, 79028, 79029, 79030, 79031, 79032, 79034, 79035, 79037, 79038, 79039, 79043, 79044, 79045, 79047, 79048, 79049, 79051, 79054, 79055, 79056, 79057, 79059, 79060, 79061, 79062, 79064, 79066, 79067, 79068, 79069, 79070, 79071, 79072, 79074, 79075, 79076, 79077, 79078, 79079, 79080, 79081, 79082, 79085, 79086, 79087, 79088, 79089, 79091, 79094, 79095, 79096, 79097, 79098, 79099, 79100, 79101, 79102, 79103, 79104, 79105, 79106, 79107, 79108, 79109, 79110, 79111, 79112, 79117, 79118, 79119, 79122, 79123, 79124, 79126, 79128, 79129, 79131, 79132, 79133, 79134, 79135, 79136, 79138, 79140, 79142, 79143, 79144, 79145, 79146, 79149, 79150, 79151, 79152, 79153, 79155, 79157, 79158, 79159, 79160, 79161, 79162, 79163, 79164, 79165, 79167, 79168, 79169, 79171, 79172, 79173, 79174, 79175, 79176, 79178, 79179, 79182, 79183, 79184, 79185, 79187, 79188, 79189, 79190, 79191, 79192, 79193, 79194, 79195, 79197, 79198, 79199, 79200, 79201, 79202, 79204, 79205, 79206, 79207, 79210, 79211, 79212, 79213, 79214, 79215, 79216, 79217, 79218, 79219, 79220, 79221, 79222, 79223, 79225, 79226, 79227, 79228, 79229, 79230, 79231, 79232, 79233, 79235, 79236, 79237, 79238, 79240, 79241, 79242, 79243, 79244, 79248, 79249, 79250, 79251, 79252, 79253, 79254, 79255, 79256, 79257, 79258, 79259, 79260, 79261, 79262, 79263, 79264, 79266, 79267, 79268, 79269, 79271, 79272, 79273, 79274, 79275, 79276, 79277, 79278, 79279, 79280, 79282, 79283, 79285, 79286, 79287, 79288, 79289, 79290, 79291, 79292, 79293, 79294, 79295, 79297, 79299, 79300, 79301, 79302, 79303, 79304, 79305, 79307, 79308, 79310, 79311, 79312, 79314, 79318, 79319, 79320, 79321, 79322, 79323, 79325, 79326, 79327, 79328, 79330, 79331, 79332, 79335, 79337, 79338, 79339, 79340, 79341, 79343, 79344, 79345, 79346, 79347, 79349, 79351, 79352, 79353, 79354, 79356, 79358, 79359, 79360, 79362, 79363, 79364, 79366, 79367, 79368, 79369, 79370, 79371, 79372, 79373, 79374, 79375, 79376, 79377, 79379, 79381, 79382, 79383, 79385, 79386, 79387, 79388, 79389, 79390, 79391, 79393, 79394, 79395, 79397, 79398, 79399, 79401, 79403, 79404, 79407, 79408, 79409, 79410, 79411, 79412, 79413, 79414, 79415, 79416, 79417, 79418, 79419, 79420, 79421, 79423, 79424, 79425, 79426, 79428, 79429, 79430, 79431, 79432, 79433, 79434, 79436, 79437, 79440, 79442, 79443, 79444, 79445, 79447, 79448, 79449, 79450, 79451, 79452, 79453, 79454, 79455, 79456, 79457, 79458, 79459, 79460, 79461, 79463, 79464, 79465, 79466, 79468, 79469, 79471, 79473, 79475, 79477, 79478, 79479, 79480, 79482, 79483, 79484, 79485, 79486, 79488, 79489, 79490, 79492, 79493, 79495, 79496, 79497, 79498, 79499, 79500, 79501, 79502, 79503, 79504, 79505, 79506, 79507, 79508, 79509, 79510, 79511, 79512, 79513, 79515, 79517, 79520, 79526, 79527, 79528, 79529, 79530, 79531, 79532, 79533, 79534, 79535, 79536, 79537, 79538, 79539, 79543, 79545, 79548, 79550, 79551, 79552, 79553, 79554, 79555, 79556, 79557, 79561, 79562, 79563, 79564, 79565, 79570, 79571, 79572, 79573, 79575, 79578, 79579, 79580, 79582, 79584, 79585, 79586, 79587, 79589, 79591, 79592, 79593, 79594, 79597, 79598, 79599, 79600, 79601, 79602, 79604, 79605, 79606, 79607, 79609, 79611, 79612, 79613, 79614, 79615, 79618, 79619, 79620, 79621, 79622, 79623, 79625, 79626, 79627, 79628, 79629, 79630, 79631, 79632, 79633, 79634, 79635, 79636, 79637, 79638, 79639, 79641, 79642, 79643, 79644, 79645, 79646, 79647, 79648, 79649, 79650, 79652, 79653, 79654, 79655, 79657, 79659, 79660, 79661, 79662, 79663, 79664, 79666, 79667, 79669, 79670, 79671, 79673, 79674, 79676, 79677, 79678, 79679, 79680, 79682, 79683, 79684, 79686, 79687, 79688, 79689, 79690, 79691, 79692, 79693, 79694, 79695, 79697, 79699, 79700, 79701, 79702, 79703, 79706, 79707, 79708, 79709, 79710, 79711, 79712, 79713, 79714, 79716, 79717, 79722, 79724, 79726, 79727, 79728, 79729, 79731, 79732, 79733, 79737, 79739, 79740, 79742, 79743, 79744, 79745, 79746, 79747, 79748, 79749, 79750, 79751, 79753, 79755, 79756, 79758, 79759, 79760, 79761, 79762, 79763, 79764, 79766, 79767, 79768, 79769, 79770, 79771, 79773, 79774, 79776, 79777, 79778, 79779, 79785, 79786, 79787, 79789, 79790, 79792, 79794, 79795, 79796, 79797, 79798, 79800, 79801, 79803, 79804, 79805, 79806, 79807, 79809, 79810, 79813, 79816, 79817, 79818, 79819, 79820, 79821, 79822, 79823, 79824, 79825, 79826, 79828, 79829, 79830, 79831, 79832, 79833, 79834, 79835, 79836, 79837, 79838, 79839, 79840, 79841, 79842, 79843, 79844, 79845, 79846, 79847, 79848, 79849, 79851, 79852, 79853, 79854, 79855, 79857, 79858, 79859, 79860, 79861, 79863, 79864, 79866, 79868, 79869, 79870, 79871, 79872, 79874, 79875, 79876, 79877, 79878, 79879, 79880, 79881, 79882, 79883, 79884, 79885, 79886, 79887, 79888, 79890, 79891, 79892, 79893, 79894, 79895, 79896, 79897, 79898, 79899, 79902, 79903, 79904, 79905, 79906, 79907, 79908, 79909, 79910, 79911, 79912, 79913, 79918, 79921, 79922, 79923, 79925, 79926, 79927, 79928, 79929, 79930, 79931, 79932, 79933, 79934, 79935, 79937, 79938, 79939, 79941, 79944, 79945, 79946, 79947, 79949, 79950, 79952, 79953, 79954, 79955, 79956, 79957, 79958, 79959, 79961, 79962, 79963, 79964, 79965, 79966, 79967, 79968, 79972, 79974, 79975, 79976, 79978, 79979, 79980, 79981, 79982, 79983, 79984, 79985, 79986, 79987, 79988, 79991, 79993, 79995, 79996, 79997, 79998, 79999, 80000, 80001, 80005, 80006, 80007, 80009, 80010, 80012, 80014, 80015, 80016, 80017, 80018, 80019, 80020, 80021, 80022, 80023, 80024, 80025, 80026, 80027, 80028, 80030, 80031, 80032, 80033, 80036, 80037, 80038, 80040, 80042, 80043, 80044, 80045, 80046, 80048, 80049, 80051, 80052, 80053, 80055, 80056, 80057, 80059, 80060, 80061, 80062, 80063, 80064, 80065, 80066, 80068, 80069, 80071, 80072, 80073, 80074, 80075, 80076, 80077, 80078, 80079, 80080, 80081, 80082, 80084, 80085, 80086, 80089, 80090, 80094, 80095, 80096, 80097, 80098, 80102, 80105, 80107, 80108, 80109, 80115, 80116, 80117, 80118, 80119, 80120, 80122, 80123, 80125, 80126, 80127, 80128, 80130, 80132, 80134, 80135, 80136, 80137, 80138, 80139, 80140, 80141, 80142, 80143, 80144, 80145, 80146, 80147, 80148, 80149, 80150, 80151, 80153, 80154, 80155, 80156, 80157, 80158, 80159, 80161, 80162, 80164, 80165, 80166, 80167, 80168, 80169, 80170, 80171, 80172, 80173, 80174, 80175, 80176, 80178, 80179, 80180, 80181, 80182, 80183, 80184, 80185, 80186, 80187, 80188, 80189, 80190, 80192, 80193, 80195, 80196, 80197, 80198, 80200, 80201, 80202, 80203, 80206, 80207, 80208, 80209, 80210, 80212, 80213, 80214, 80216, 80218, 80219, 80221, 80223, 80224, 80226, 80227, 80228, 80229, 80231, 80232, 80233, 80234, 80235, 80237, 80238, 80239, 80240, 80241, 80242, 80243, 80244, 80245, 80246, 80247, 80248, 80249, 80250, 80251, 80252, 80253, 80254, 80255, 80256, 80257, 80258, 80259, 80260, 80261, 80262, 80263, 80264, 80266, 80268, 80269, 80271, 80273, 80277, 80278, 80280, 80281, 80282, 80283, 80284, 80285, 80286, 80288, 80290, 80291, 80293, 80294, 80297, 80299, 80301, 80302, 80303, 80304, 80305, 80306, 80307, 80309, 80310, 80311, 80312, 80315, 80316, 80317, 80320, 80321, 80326, 80328, 80329, 80330, 80331, 80333, 80334, 80335, 80336, 80337, 80338, 80339, 80340, 80341, 80342, 80343, 80344, 80345, 80346, 80347, 80349, 80352, 80353, 80354, 80355, 80356, 80357, 80358, 80359, 80361, 80362, 80363, 80364, 80366, 80367, 80368, 80370, 80371, 80373, 80375, 80376, 80377, 80380, 80381, 80382, 80384, 80385, 80387, 80388, 80389, 80390, 80391, 80392, 80393, 80394, 80395, 80396, 80397, 80398, 80399, 80400, 80401, 80404, 80406, 80407, 80408, 80409, 80410, 80411, 80412, 80413, 80414, 80415, 80417, 80418, 80419, 80420, 80421, 80422, 80423, 80424, 80425, 80426, 80427, 80428, 80429, 80430, 80432, 80433, 80434, 80435, 80436, 80438, 80439, 80440, 80442, 80443, 80444, 80446, 80448, 80449, 80450, 80452, 80453, 80454, 80456, 80458, 80459, 80460, 80461, 80462, 80463, 80464, 80465, 80466, 80468, 80469, 80470, 80471, 80472, 80473, 80474, 80475, 80476, 80477, 80480, 80481, 80482, 80483, 80486, 80487, 80489, 80490, 80491, 80493, 80494, 80495, 80497, 80499, 80500, 80501, 80502, 80504, 80505, 80506, 80508, 80509, 80510, 80511, 80512, 80513, 80515, 80516, 80517, 80519, 80521, 80522, 80524, 80525, 80527, 80528, 80529, 80530, 80531, 80533, 80535, 80536, 80537, 80538, 80539, 80540, 80542, 80543, 80544, 80545, 80546, 80547, 80549, 80551, 80552, 80554, 80556, 80557, 80558, 80559, 80560, 80561, 80562, 80563, 80564, 80568, 80569, 80570, 80571, 80573, 80574, 80577, 80578, 80579, 80581, 80582, 80583, 80584, 80585, 80586, 80587, 80588, 80590, 80591, 80592, 80593, 80594, 80595, 80597, 80598, 80599, 80600, 80601, 80603, 80604, 80605, 80606, 80607, 80609, 80613, 80614, 80617, 80619, 80620, 80621, 80622, 80623, 80624, 80625, 80626, 80627, 80628, 80629, 80630, 80632, 80633, 80635, 80636, 80637, 80638, 80639, 80640, 80641, 80642, 80643, 80644, 80645, 80646, 80647, 80648, 80649, 80650, 80651, 80652, 80653, 80654, 80655, 80656, 80657, 80658, 80659, 80661, 80663, 80664, 80665, 80666, 80667, 80668, 80669, 80670, 80672, 80673, 80674, 80675, 80678, 80679, 80681, 80682, 80683, 80684, 80685, 80686, 80687, 80688, 80689, 80690, 80691, 80692, 80694, 80695, 80696, 80697, 80698, 80699, 80700, 80701, 80703, 80704, 80705, 80706, 80707, 80708, 80709, 80710, 80711, 80712, 80713, 80714, 80716, 80717, 80719, 80720, 80721, 80723, 80725, 80726, 80727, 80728, 80730, 80731, 80732, 80733, 80734, 80735, 80736, 80737, 80738, 80739, 80740, 80742, 80743, 80744, 80747, 80748, 80749, 80750, 80752, 80753, 80754, 80755, 80756, 80757, 80758, 80759, 80760, 80761, 80763, 80764, 80765, 80766, 80768, 80769, 80770, 80771, 80772, 80773, 80774, 80775, 80776, 80777, 80778, 80779, 80780, 80781, 80782, 80783, 80785, 80787, 80788, 80789, 80790, 80791, 80792, 80793, 80794, 80795, 80796, 80797, 80798, 80800, 80801, 80802, 80803, 80804, 80805, 80806, 80807, 80808, 80809, 80810, 80811, 80812, 80813, 80814, 80815, 80816, 80817, 80818, 80819, 80820, 80823, 80824, 80825, 80826, 80827, 80828, 80830, 80831, 80832, 80833, 80834, 80835, 80836, 80837, 80838, 80839, 80840, 80841, 80843, 80844, 80845, 80846, 80850, 80852, 80854, 80855, 80856, 80857, 80858, 80860, 80861, 80862, 80863, 80864, 80865, 80866, 80867, 80868, 80871, 80872, 80874, 80875, 80876, 80877, 80879, 80880, 80882, 80883, 80884, 80886, 80887, 80889, 80890, 80891, 80892, 80893, 80895, 80896, 80897, 80898, 80899, 80900, 80901, 80902, 80903, 80904, 80906, 80907, 80908, 80909, 80910, 80911, 80912, 80914, 80915, 80916, 80917, 80918, 80919, 80920, 80921, 80922, 80923, 80924, 80926, 80928, 80931, 80932, 80933, 80934, 80935, 80936, 80937, 80938, 80939, 80940, 80941, 80942, 80944, 80945, 80946, 80947, 80948, 80949, 80950, 80952, 80953, 80957, 80959, 80960, 80961, 80963, 80965, 80966, 80967, 80968, 80969, 80970, 80971, 80972, 80973, 80974, 80976, 80977, 80979, 80980, 80981, 80984, 80985, 80987, 80988, 80989, 80990, 80991, 80992, 80993, 80994, 80995, 80996, 80997, 80999, 81001, 81003, 81004, 81005, 81006, 81007, 81008, 81010, 81011, 81012, 81013, 81016, 81017, 81018, 81019, 81020, 81022, 81024, 81025, 81026, 81027, 81029, 81031, 81032, 81033, 81034, 81037, 81038, 81041, 81042, 81043, 81044, 81045, 81046, 81047, 81048, 81049, 81050, 81051, 81052, 81054, 81055, 81056, 81057, 81058, 81059, 81061, 81062, 81063, 81064, 81065, 81066, 81069, 81070, 81071, 81072, 81073, 81074, 81075, 81076, 81078, 81079, 81080, 81082, 81083, 81085, 81087, 81088, 81089, 81091, 81093, 81094, 81096, 81097, 81098, 81099, 81100, 81101, 81102, 81103, 81104, 81106, 81107, 81108, 81109, 81110, 81112, 81113, 81114, 81115, 81116, 81118, 81119, 81120, 81121, 81122, 81123, 81124, 81126, 81127, 81129, 81130, 81131, 81132, 81133, 81136, 81138, 81139, 81140, 81141, 81142, 81143, 81144, 81145, 81146, 81147, 81149, 81150, 81151, 81153, 81155, 81156, 81157, 81158, 81159, 81160, 81161, 81162, 81163, 81164, 81165, 81166, 81168, 81169, 81170, 81171, 81172, 81173, 81174, 81175, 81176, 81177, 81178, 81179, 81180, 81181, 81182, 81183, 81185, 81186, 81187, 81189, 81191, 81192, 81193, 81194, 81196, 81197, 81198, 81199, 81200, 81201, 81202, 81203, 81204, 81205, 81206, 81207, 81208, 81209, 81210, 81211, 81213, 81215, 81217, 81218, 81219, 81220, 81221, 81222, 81223, 81224, 81225, 81226, 81227, 81228, 81229, 81231, 81233, 81234, 81235, 81236, 81240, 81241, 81242, 81244, 81245, 81246, 81247, 81249, 81250, 81251, 81252, 81253, 81255, 81256, 81257, 81259, 81261, 81263, 81264, 81265, 81266, 81268, 81269, 81270, 81271, 81273, 81274, 81275, 81276, 81277, 81278, 81279, 81280, 81281, 81283, 81285, 81286, 81287, 81288, 81289, 81290, 81292, 81293, 81294, 81295, 81296, 81297, 81298, 81299, 81300, 81301, 81302, 81303, 81304, 81306, 81307, 81308, 81309, 81311, 81312, 81313, 81314, 81315, 81316, 81317, 81320, 81321, 81322, 81323, 81325, 81326, 81327, 81329, 81330, 81331, 81332, 81334, 81335, 81337, 81338, 81341, 81343, 81344, 81345, 81346, 81347, 81349, 81350, 81351, 81353, 81355, 81356, 81357, 81358, 81359, 81360, 81362, 81363, 81364, 81366, 81367, 81368, 81369, 81370, 81371, 81373, 81374, 81375, 81376, 81377, 81378, 81379, 81381, 81382, 81383, 81384, 81386, 81387, 81388, 81390, 81391, 81392, 81394, 81395, 81397, 81398, 81399, 81400, 81401, 81402, 81404, 81406, 81407, 81408, 81409, 81410, 81411, 81412, 81413, 81415, 81416, 81418, 81419, 81420, 81421, 81422, 81423, 81424, 81425, 81426, 81427, 81429, 81431, 81432, 81434, 81435, 81437, 81438, 81439, 81440, 81442, 81443, 81444, 81445, 81446, 81447, 81450, 81451, 81455, 81457, 81458, 81459, 81460, 81461, 81462, 81463, 81464, 81465, 81467, 81469, 81471, 81472, 81473, 81474, 81475, 81476, 81478, 81479, 81482, 81483, 81484, 81487, 81488, 81489, 81491, 81492, 81493, 81494, 81495, 81496, 81497, 81499, 81500, 81501, 81502, 81504, 81506, 81507, 81508, 81509, 81510, 81511, 81512, 81513, 81514, 81515, 81516, 81517, 81518, 81519, 81520, 81521, 81522, 81523, 81525, 81526, 81527, 81528, 81530, 81531, 81532, 81533, 81534, 81535, 81536, 81539, 81540, 81542, 81543, 81544, 81545, 81546, 81548, 81550, 81551, 81552, 81555, 81557, 81559, 81560, 81561, 81563, 81564, 81565, 81566, 81567, 81568, 81569, 81570, 81571, 81572, 81573, 81574, 81575, 81576, 81577, 81579, 81580, 81581, 81583, 81585, 81586, 81587, 81589, 81591, 81592, 81593, 81594, 81596, 81597, 81599, 81600, 81603, 81605, 81606, 81607, 81608, 81609, 81610, 81611, 81612, 81614, 81615, 81616, 81617, 81618, 81619, 81621, 81622, 81623, 81624, 81625, 81626, 81628, 81629, 81630, 81631, 81632, 81633, 81634, 81635, 81636, 81637, 81638, 81639, 81640, 81641, 81643, 81644, 81645, 81647, 81648, 81649, 81650, 81651, 81652, 81653, 81655, 81656, 81657, 81658, 81659, 81660, 81661, 81662, 81663, 81664, 81666, 81667, 81668, 81670, 81671, 81674, 81675, 81676, 81677, 81678, 81679, 81680, 81681, 81682, 81683, 81684, 81685, 81686, 81687, 81688, 81689, 81690, 81691, 81692, 81693, 81695, 81697, 81700, 81701, 81702, 81703, 81704, 81707, 81708, 81709, 81710, 81711, 81712, 81714, 81715, 81718, 81721, 81722, 81725, 81726, 81727, 81728, 81731, 81732, 81733, 81735, 81736, 81737, 81738, 81739, 81740, 81741, 81742, 81743, 81744, 81746, 81747, 81748, 81750, 81751, 81753, 81754, 81755, 81756, 81758, 81759, 81760, 81761, 81762, 81763, 81764, 81765, 81767, 81768, 81769, 81770, 81772, 81773, 81774, 81775, 81776, 81777, 81778, 81779, 81781, 81782, 81783, 81785, 81786, 81787, 81788, 81789, 81791, 81792, 81793, 81794, 81795, 81797, 81798, 81799, 81801, 81804, 81805, 81807, 81808, 81810, 81811, 81812, 81813, 81814, 81815, 81816, 81817, 81820, 81821, 81822, 81823, 81824, 81825, 81826, 81827, 81828, 81830, 81831, 81835, 81836, 81839, 81840, 81841, 81842, 81843, 81844, 81845, 81847, 81848, 81849, 81850, 81851, 81852, 81853, 81854, 81855, 81857, 81858, 81861, 81862, 81865, 81866, 81867, 81868, 81869, 81870, 81871, 81872, 81873, 81874, 81875, 81876, 81877, 81878, 81879, 81880, 81883, 81884, 81885, 81886, 81887, 81888, 81890, 81891, 81893, 81894, 81895, 81896, 81897, 81898, 81899, 81901, 81902, 81903, 81904, 81905, 81907, 81908, 81909, 81910, 81911, 81913, 81914, 81916, 81917, 81918, 81919, 81920, 81922, 81923, 81924, 81925, 81926, 81927, 81928, 81929, 81932, 81933, 81934, 81935, 81936, 81937, 81938, 81939, 81940, 81941, 81942, 81943, 81945, 81946, 81947, 81948, 81949, 81950, 81951, 81952, 81953, 81956, 81957, 81958, 81959, 81960, 81961, 81962, 81964, 81965, 81966, 81968, 81970, 81971, 81972, 81973, 81974, 81975, 81976, 81977, 81978, 81979, 81980, 81982, 81983, 81984, 81987, 81988, 81990, 81991, 81992, 81994, 81996, 81997, 81998, 81999, 82001, 82002, 82003, 82004, 82005, 82006, 82009, 82010, 82012, 82013, 82014, 82015, 82016, 82017, 82018, 82019, 82020, 82021, 82023, 82024, 82026, 82027, 82028, 82029, 82030, 82032, 82034, 82036, 82037, 82038, 82041, 82043, 82044, 82045, 82046, 82047, 82049, 82050, 82052, 82054, 82055, 82056, 82057, 82060, 82061, 82062, 82063, 82065, 82067, 82068, 82069, 82071, 82072, 82076, 82077, 82079, 82081, 82082, 82083, 82084, 82085, 82086, 82087, 82088, 82089, 82090, 82091, 82092, 82093, 82095, 82096, 82097, 82098, 82100, 82103, 82104, 82105, 82106, 82107, 82108, 82109, 82110, 82111, 82112, 82114, 82115, 82116, 82117, 82119, 82120, 82121, 82125, 82126, 82127, 82128, 82129, 82130, 82131, 82132, 82133, 82134, 82135, 82136, 82137, 82138, 82142, 82143, 82144, 82145, 82146, 82147, 82148, 82149, 82150, 82151, 82152, 82153, 82154, 82155, 82156, 82158, 82159, 82161, 82162, 82163, 82164, 82165, 82166, 82167, 82168, 82169, 82170, 82171, 82172, 82173, 82174, 82175, 82177, 82178, 82179, 82180, 82181, 82182, 82184, 82185, 82186, 82187, 82188, 82189, 82190, 82191, 82192, 82193, 82194, 82196, 82197, 82198, 82199, 82200, 82201, 82202, 82203, 82204, 82205, 82207, 82208, 82209, 82211, 82212, 82214, 82215, 82216, 82217, 82219, 82220, 82222, 82223, 82224, 82226, 82227, 82228, 82229, 82230, 82231, 82232, 82233, 82235, 82236, 82237, 82239, 82240, 82242, 82243, 82244, 82245, 82248, 82251, 82253, 82255, 82256, 82257, 82258, 82259, 82260, 82261, 82262, 82267, 82268, 82269, 82271, 82272, 82273, 82274, 82275, 82276, 82277, 82278, 82279, 82280, 82281, 82283, 82286, 82287, 82288, 82289, 82290, 82291, 82293, 82294, 82296, 82297, 82299, 82300, 82301, 82302, 82303, 82305, 82306, 82307, 82308, 82309, 82310, 82311, 82313, 82315, 82316, 82317, 82318, 82319, 82320, 82321, 82322, 82323, 82324, 82326, 82327, 82329, 82330, 82331, 82332, 82333, 82335, 82336, 82337, 82338, 82339, 82340, 82341, 82342, 82344, 82345, 82346, 82348, 82352, 82353, 82355, 82356, 82357, 82358, 82359, 82360, 82363, 82364, 82365, 82368, 82369, 82370, 82372, 82373, 82374, 82375, 82379, 82380, 82381, 82382, 82383, 82385, 82386, 82390, 82391, 82392, 82394, 82395, 82396, 82397, 82398, 82399, 82401, 82402, 82404, 82405, 82406, 82407, 82408, 82409, 82410, 82413, 82414, 82417, 82418, 82419, 82420, 82423, 82425, 82426, 82427, 82428, 82429, 82430, 82433, 82434, 82435, 82436, 82437, 82438, 82439, 82440, 82443, 82444, 82445, 82446, 82448, 82449, 82450, 82451, 82452, 82454, 82455, 82456, 82457, 82458, 82459, 82460, 82461, 82462, 82463, 82464, 82465, 82466, 82467, 82468, 82469, 82470, 82471, 82472, 82473, 82475, 82476, 82477, 82478, 82479, 82480, 82483, 82484, 82485, 82486, 82490, 82491, 82492, 82493, 82494, 82496, 82497, 82498, 82499, 82500, 82501, 82502, 82503, 82505, 82506, 82507, 82508, 82509, 82510, 82511, 82512, 82513, 82514, 82515, 82516, 82517, 82518, 82519, 82521, 82522, 82523, 82524, 82525, 82526, 82527, 82528, 82529, 82530, 82531, 82532, 82533, 82534, 82535, 82537, 82540, 82541, 82542, 82543, 82544, 82545, 82546, 82547, 82548, 82549, 82550, 82551, 82553, 82555, 82556, 82557, 82558, 82559, 82560, 82562, 82563, 82564, 82566, 82571, 82572, 82573, 82574, 82575, 82576, 82578, 82579, 82581, 82582, 82583, 82584, 82585, 82586, 82587, 82588, 82589, 82590, 82591, 82592, 82594, 82595, 82596, 82597, 82598, 82599, 82600, 82601, 82602, 82603, 82604, 82605, 82606, 82607, 82608, 82610, 82611, 82612, 82613, 82614, 82615, 82616, 82617, 82618, 82619, 82621, 82622, 82623, 82624, 82625, 82626, 82628, 82629, 82630, 82631, 82632, 82633, 82634, 82636, 82638, 82639, 82640, 82641, 82642, 82644, 82645, 82647, 82648, 82649, 82650, 82651, 82653, 82654, 82655, 82656, 82658, 82659, 82660, 82661, 82662, 82663, 82664, 82666, 82667, 82668, 82669, 82670, 82671, 82672, 82674, 82675, 82677, 82678, 82679, 82680, 82681, 82682, 82683, 82684, 82686, 82687, 82689, 82691, 82692, 82696, 82701, 82702, 82703, 82706, 82707, 82709, 82710, 82711, 82712, 82713, 82716, 82717, 82718, 82719, 82720, 82721, 82722, 82723, 82724, 82726, 82727, 82728, 82729, 82731, 82732, 82733, 82734, 82735, 82736, 82739, 82740, 82742, 82744, 82745, 82746, 82747, 82748, 82749, 82751, 82752, 82753, 82754, 82755, 82756, 82757, 82758, 82759, 82760, 82761, 82762, 82763, 82767, 82768, 82769, 82771, 82773, 82774, 82777, 82778, 82779, 82780, 82781, 82782, 82783, 82785, 82787, 82788, 82789, 82790, 82791, 82792, 82794, 82795, 82796, 82797, 82798, 82799, 82800, 82801, 82802, 82803, 82806, 82807, 82808, 82809, 82810, 82811, 82813, 82814, 82815, 82817, 82818, 82819, 82820, 82821, 82822, 82824, 82825, 82827, 82830, 82832, 82833, 82834, 82835, 82836, 82837, 82838, 82839, 82840, 82842, 82844, 82845, 82847, 82848, 82849, 82850, 82851, 82852, 82853, 82854, 82856, 82857, 82858, 82859, 82860, 82861, 82862, 82863, 82865, 82866, 82867, 82868, 82869, 82870, 82871, 82873, 82874, 82875, 82876, 82877, 82878, 82879, 82880, 82881, 82882, 82883, 82884, 82885, 82886, 82887, 82888, 82889, 82890, 82891, 82892, 82893, 82894, 82895, 82896, 82897, 82898, 82899, 82900, 82901, 82902, 82903, 82904, 82905, 82906, 82907, 82908, 82909, 82910, 82911, 82912, 82913, 82914, 82915, 82916, 82917, 82919, 82923, 82925, 82926, 82927, 82929, 82932, 82934, 82938, 82939, 82940, 82941, 82942, 82943, 82944, 82946, 82947, 82948, 82949, 82950, 82951, 82952, 82953, 82954, 82955, 82956, 82957, 82959, 82960, 82961, 82962, 82963, 82964, 82965, 82966, 82967, 82969, 82970, 82971, 82972, 82974, 82975, 82976, 82977, 82978, 82982, 82983, 82985, 82986, 82987, 82988, 82989, 82991, 82992, 82993, 82995, 82996, 82998, 82999, 83000, 83001, 83003, 83004, 83005, 83006, 83007, 83008, 83010, 83012, 83013, 83014, 83015, 83016, 83020, 83021, 83022, 83023, 83024, 83025, 83026, 83027, 83028, 83029, 83030, 83031, 83032, 83034, 83037, 83038, 83039, 83040, 83042, 83043, 83044, 83045, 83046, 83047, 83048, 83049, 83050, 83051, 83052, 83053, 83054, 83055, 83057, 83059, 83060, 83061, 83062, 83063, 83064, 83065, 83066, 83067, 83068, 83069, 83070, 83071, 83072, 83076, 83078, 83080, 83081, 83082, 83085, 83086, 83087, 83088, 83089, 83090, 83091, 83094, 83095, 83096, 83098, 83099, 83100, 83101, 83105, 83106, 83107, 83108, 83109, 83111, 83112, 83113, 83114, 83115, 83116, 83117, 83120, 83122, 83123, 83124, 83125, 83126, 83128, 83129, 83130, 83131, 83132, 83133, 83134, 83135, 83137, 83138, 83139, 83141, 83143, 83144, 83145, 83147, 83150, 83151, 83152, 83153, 83155, 83156, 83157, 83159, 83160, 83161, 83162, 83163, 83164, 83165, 83167, 83168, 83170, 83171, 83172, 83173, 83175, 83177, 83178, 83179, 83180, 83181, 83182, 83183, 83184, 83185, 83186, 83187, 83188, 83191, 83192, 83193, 83194, 83195, 83196, 83199, 83200, 83203, 83204, 83207, 83208, 83209, 83211, 83213, 83214, 83215, 83216, 83217, 83218, 83219, 83220, 83221, 83223, 83225, 83227, 83229, 83230, 83232, 83233, 83234, 83235, 83236, 83237, 83238, 83240, 83244, 83245, 83246, 83247, 83248, 83249, 83250, 83252, 83253, 83256, 83258, 83259, 83260, 83261, 83262, 83264, 83265, 83266, 83267, 83268, 83269, 83270, 83271, 83274, 83275, 83276, 83277, 83279, 83280, 83281, 83283, 83284, 83285, 83287, 83288, 83290, 83291, 83292, 83293, 83294, 83295, 83296, 83297, 83299, 83300, 83301, 83303, 83304, 83306, 83308, 83309, 83310, 83312, 83313, 83315, 83316, 83317, 83318, 83319, 83321, 83323, 83324, 83325, 83326, 83327, 83328, 83330, 83332, 83333, 83334, 83335, 83336, 83337, 83339, 83340, 83341, 83342, 83343, 83344, 83345, 83346, 83347, 83348, 83349, 83350, 83351, 83352, 83353, 83354, 83355, 83356, 83357, 83358, 83359, 83360, 83362, 83364, 83365, 83368, 83369, 83370, 83371, 83375, 83376, 83377, 83378, 83379, 83380, 83382, 83383, 83384, 83385, 83386, 83387, 83389, 83390, 83391, 83392, 83393, 83394, 83395, 83396, 83397, 83399, 83401, 83402, 83405, 83407, 83409, 83410, 83412, 83413, 83414, 83415, 83416, 83417, 83418, 83420, 83421, 83423, 83424, 83426, 83427, 83429, 83430, 83431, 83434, 83435, 83437, 83438, 83439, 83440, 83442, 83443, 83444, 83445, 83446, 83448, 83452, 83453, 83454, 83455, 83457, 83459, 83463, 83464, 83466, 83467, 83469, 83470, 83471, 83472, 83473, 83475, 83476, 83477, 83478, 83480, 83481, 83482, 83483, 83485, 83487, 83488, 83489, 83491, 83492, 83493, 83494, 83496, 83498, 83499, 83500, 83501, 83504, 83506, 83507, 83508, 83510, 83511, 83513, 83514, 83515, 83517, 83518, 83521, 83522, 83523, 83525, 83527, 83529, 83530, 83531, 83532, 83533, 83536, 83537, 83538, 83540, 83541, 83542, 83543, 83544, 83545, 83546, 83547, 83548, 83549, 83550, 83551, 83552, 83553, 83554, 83555, 83556, 83557, 83558, 83559, 83560, 83561, 83562, 83563, 83564, 83565, 83566, 83567, 83568, 83569, 83570, 83571, 83575, 83576, 83578, 83580, 83581, 83582, 83587, 83588, 83589, 83590, 83591, 83593, 83594, 83595, 83596, 83598, 83599, 83600, 83601, 83603, 83604, 83606, 83607, 83609, 83612, 83615, 83616, 83618, 83619, 83620, 83622, 83623, 83624, 83625, 83626, 83627, 83628, 83629, 83630, 83631, 83632, 83633, 83634, 83635, 83636, 83637, 83638, 83639, 83640, 83641, 83642, 83643, 83645, 83646, 83647, 83648, 83649, 83652, 83654, 83655, 83657, 83658, 83659, 83660, 83661, 83662, 83663, 83664, 83665, 83666, 83667, 83668, 83670, 83673, 83674, 83675, 83676, 83677, 83678, 83680, 83681, 83684, 83685, 83686, 83687, 83688, 83689, 83691, 83692, 83693, 83694, 83695, 83696, 83697, 83698, 83699, 83702, 83703, 83704, 83705, 83706, 83707, 83708, 83709, 83710, 83711, 83712, 83713, 83714, 83717, 83718, 83720, 83721, 83722, 83723, 83725, 83726, 83727, 83728, 83729, 83730, 83731, 83732, 83734, 83735, 83736, 83737, 83738, 83739, 83742, 83743, 83744, 83746, 83747, 83748, 83749, 83750, 83751, 83752, 83753, 83754, 83755, 83756, 83757, 83758, 83759, 83760, 83761, 83762, 83763, 83764, 83765, 83766, 83767, 83769, 83770, 83771, 83772, 83773, 83774, 83775, 83776, 83777, 83778, 83779, 83780, 83781, 83783, 83784, 83785, 83786, 83787, 83788, 83789, 83790, 83791, 83792, 83793, 83794, 83796, 83797, 83799, 83800, 83801, 83802, 83804, 83805, 83808, 83810, 83811, 83812, 83814, 83816, 83819, 83820, 83821, 83822, 83823, 83824, 83825, 83826, 83828, 83829, 83830, 83831, 83833, 83834, 83835, 83836, 83837, 83838, 83839, 83840, 83841, 83844, 83845, 83846, 83847, 83848, 83851, 83852, 83853, 83854, 83855, 83856, 83858, 83859, 83860, 83861, 83862, 83863, 83864, 83865, 83866, 83867, 83868, 83869, 83870, 83871, 83872, 83873, 83874, 83875, 83877, 83878, 83881, 83883, 83884, 83885, 83886, 83887, 83888, 83889, 83890, 83891, 83892, 83894, 83896, 83897, 83898, 83899, 83901, 83902, 83903, 83904, 83905, 83906, 83907, 83908, 83909, 83913, 83916, 83917, 83918, 83919, 83920, 83921, 83922, 83923, 83924, 83925, 83926, 83927, 83928, 83929, 83930, 83931, 83932, 83933, 83934, 83936, 83937, 83939, 83940, 83941, 83942, 83945, 83946, 83948, 83950, 83951, 83952, 83953, 83954, 83955, 83956, 83957, 83958, 83959, 83960, 83961, 83962, 83963, 83965, 83967, 83968, 83969, 83970, 83971, 83972, 83973, 83975, 83976, 83977, 83978, 83979, 83980, 83983, 83984, 83985, 83986, 83987, 83988, 83990, 83992, 83994, 83995, 83996, 83997, 83998, 83999, 84003, 84006, 84008, 84009, 84010, 84011, 84012, 84013, 84014, 84019, 84020, 84021, 84022, 84023, 84024, 84026, 84027, 84028, 84031, 84032, 84034, 84035, 84036, 84037, 84040, 84042, 84043, 84044, 84047, 84049, 84050, 84051, 84054, 84055, 84056, 84057, 84059, 84061, 84062, 84063, 84064, 84065, 84066, 84067, 84068, 84070, 84071, 84072, 84073, 84074, 84075, 84076, 84078, 84082, 84084, 84086, 84087, 84088, 84089, 84090, 84091, 84092, 84093, 84094, 84096, 84097, 84098, 84099, 84100, 84101, 84102, 84103, 84105, 84106, 84107, 84108, 84109, 84110, 84111, 84112, 84113, 84117, 84118, 84119, 84120, 84121, 84123, 84124, 84125, 84127, 84128, 84129, 84130, 84131, 84132, 84136, 84137, 84138, 84139, 84140, 84141, 84143, 84144, 84146, 84147, 84148, 84149, 84150, 84151, 84152, 84153, 84155, 84156, 84157, 84158, 84159, 84161, 84162, 84164, 84165, 84166, 84167, 84168, 84169, 84170, 84171, 84172, 84173, 84174, 84175, 84176, 84177, 84178, 84179, 84180, 84181, 84182, 84183, 84184, 84185, 84186, 84187, 84188, 84189, 84191, 84192, 84193, 84194, 84195, 84196, 84197, 84198, 84199, 84200, 84201, 84202, 84203, 84204, 84205, 84206, 84207, 84209, 84210, 84211, 84212, 84213, 84214, 84215, 84216, 84217, 84218, 84219, 84220, 84221, 84223, 84224, 84226, 84228, 84229, 84230, 84232, 84233, 84234, 84236, 84237, 84238, 84240, 84241, 84242, 84243, 84244, 84247, 84248, 84250, 84251, 84252, 84254, 84255, 84257, 84258, 84260, 84261, 84262, 84265, 84266, 84267, 84271, 84272, 84273, 84274, 84276, 84277, 84278, 84279, 84280, 84281, 84283, 84284, 84285, 84286, 84287, 84289, 84290, 84291, 84292, 84293, 84294, 84295, 84297, 84298, 84300, 84302, 84303, 84304, 84305, 84307, 84308, 84309, 84310, 84311, 84312, 84313, 84314, 84315, 84316, 84318, 84321, 84322, 84323, 84324, 84325, 84326, 84328, 84329, 84330, 84331, 84332, 84334, 84336, 84339, 84340, 84342, 84343, 84344, 84345, 84346, 84347, 84348, 84349, 84350, 84351, 84352, 84353, 84354, 84355, 84356, 84357, 84358, 84359, 84360, 84362, 84363, 84364, 84367, 84368, 84369, 84371, 84372, 84374, 84375, 84376, 84377, 84378, 84379, 84380, 84381, 84382, 84383, 84384, 84386, 84387, 84388, 84389, 84390, 84392, 84393, 84394, 84395, 84396, 84397, 84398, 84399, 84400, 84401, 84402, 84403, 84408, 84410, 84411, 84412, 84413, 84414, 84416, 84417, 84418, 84419, 84420, 84422, 84423, 84424, 84425, 84427, 84428, 84430, 84433, 84434, 84437, 84438, 84441, 84442, 84444, 84445, 84446, 84449, 84450, 84451, 84452, 84453, 84454, 84455, 84458, 84460, 84461, 84463, 84464, 84465, 84467, 84468, 84469, 84470, 84471, 84472, 84473, 84474, 84475, 84476, 84477, 84478, 84479, 84480, 84481, 84483, 84484, 84485, 84486, 84487, 84489, 84490, 84491, 84492, 84493, 84494, 84495, 84496, 84499, 84500, 84501, 84504, 84505, 84506, 84507, 84508, 84510, 84513, 84514, 84516, 84517, 84518, 84520, 84521, 84522, 84523, 84524, 84525, 84528, 84529, 84530, 84531, 84532, 84533, 84534, 84535, 84537, 84538, 84539, 84541, 84543, 84544, 84545, 84546, 84547, 84549, 84550, 84553, 84554, 84555, 84556, 84557, 84559, 84560, 84562, 84563, 84564, 84565, 84566, 84567, 84569, 84570, 84572, 84573, 84574, 84575, 84576, 84577, 84578, 84579, 84581, 84582, 84583, 84584, 84585, 84586, 84589, 84590, 84591, 84593, 84595, 84596, 84598, 84600, 84601, 84602, 84603, 84604, 84605, 84608, 84609, 84610, 84611, 84612, 84613, 84614, 84616, 84617, 84618, 84619, 84620, 84621, 84622, 84623, 84625, 84626, 84627, 84628, 84629, 84630, 84631, 84632, 84633, 84634, 84635, 84637, 84639, 84641, 84642, 84643, 84644, 84645, 84647, 84648, 84649, 84650, 84651, 84652, 84654, 84655, 84656, 84657, 84658, 84659, 84660, 84662, 84663, 84665, 84666, 84667, 84669, 84670, 84671, 84672, 84674, 84675, 84676, 84679, 84680, 84681, 84682, 84683, 84684, 84685, 84687, 84688, 84689, 84690, 84691, 84692, 84693, 84694, 84695, 84696, 84697, 84698, 84699, 84700, 84702, 84703, 84704, 84707, 84709, 84710, 84711, 84712, 84714, 84715, 84717, 84718, 84721, 84722, 84723, 84724, 84725, 84726, 84727, 84728, 84729, 84730, 84731, 84732, 84733, 84734, 84735, 84736, 84737, 84738, 84741, 84743, 84744, 84747, 84748, 84749, 84750, 84751, 84752, 84753, 84754, 84755, 84756, 84757, 84758, 84759, 84761, 84762, 84763, 84764, 84766, 84767, 84768, 84769, 84772, 84773, 84777, 84778, 84779, 84780, 84781, 84783, 84785, 84787, 84789, 84792, 84793, 84794, 84795, 84796, 84797, 84798, 84800, 84801, 84802, 84804, 84805, 84807, 84808, 84809, 84810, 84811, 84813, 84814, 84816, 84817, 84819, 84820, 84821, 84822, 84823, 84824, 84825, 84827, 84828, 84831, 84832, 84833, 84834, 84835, 84837, 84838, 84839, 84840, 84842, 84843, 84845, 84846, 84848, 84849, 84850, 84851, 84852, 84853, 84856, 84857, 84858, 84859, 84860, 84862, 84864, 84865, 84866, 84867, 84868, 84869, 84870, 84871, 84872, 84873, 84874, 84875, 84876, 84877, 84878, 84879, 84880, 84881, 84882, 84884, 84885, 84886, 84887, 84888, 84889, 84890, 84891, 84892, 84894, 84895, 84896, 84897, 84898, 84900, 84901, 84902, 84903, 84906, 84907, 84908, 84909, 84910, 84911, 84912, 84913, 84915, 84916, 84917, 84918, 84919, 84920, 84921, 84922, 84925, 84926, 84927, 84928, 84931, 84932, 84933, 84934, 84935, 84936, 84938, 84939, 84940, 84943, 84944, 84945, 84946, 84947, 84948, 84949, 84950, 84951, 84954, 84955, 84956, 84959, 84960, 84961, 84962, 84963, 84964, 84965, 84966, 84967, 84968, 84969, 84970, 84971, 84972, 84973, 84974, 84975, 84976, 84977, 84978, 84979, 84980, 84981, 84982, 84983, 84985, 84986, 84987, 84988, 84990, 84992, 84993, 84994, 84995, 84996, 84998, 84999, 85000, 85001, 85002, 85003, 85004, 85007, 85008, 85009, 85010, 85011, 85012, 85013, 85014, 85015, 85017, 85018, 85019, 85021, 85022, 85023, 85025, 85026, 85029, 85030, 85032, 85033, 85035, 85036, 85038, 85039, 85040, 85041, 85042, 85043, 85045, 85046, 85047, 85048, 85049, 85050, 85053, 85054, 85055, 85056, 85057, 85058, 85059, 85062, 85063, 85064, 85065, 85067, 85068, 85069, 85070, 85071, 85073, 85075, 85076, 85077, 85078, 85079, 85080, 85081, 85082, 85085, 85086, 85088, 85089, 85090, 85091, 85093, 85096, 85097, 85098, 85099, 85101, 85102, 85104, 85105, 85106, 85107, 85108, 85109, 85110, 85113, 85114, 85116, 85117, 85118, 85119, 85120, 85121, 85123, 85125, 85126, 85127, 85129, 85130, 85131, 85133, 85134, 85135, 85136, 85137, 85138, 85140, 85142, 85143, 85145, 85146, 85147, 85148, 85149, 85150, 85151, 85153, 85155, 85157, 85158, 85159, 85160, 85161, 85162, 85164, 85165, 85166, 85167, 85168, 85169, 85170, 85172, 85174, 85175, 85176, 85177, 85178, 85179, 85180, 85183, 85184, 85186, 85187, 85190, 85191, 85193, 85196, 85197, 85198, 85199, 85200, 85201, 85204, 85205, 85206, 85207, 85208, 85209, 85210, 85211, 85213, 85214, 85215, 85216, 85217, 85218, 85219, 85220, 85222, 85223, 85224, 85225, 85226, 85227, 85228, 85229, 85233, 85234, 85235, 85236, 85237, 85239, 85240, 85241, 85243, 85244, 85245, 85246, 85247, 85248, 85249, 85250, 85251, 85252, 85253, 85255, 85256, 85259, 85260, 85261, 85262, 85263, 85264, 85266, 85267, 85269, 85270, 85271, 85272, 85273, 85275, 85276, 85277, 85282, 85284, 85285, 85287, 85288, 85289, 85291, 85292, 85293, 85295, 85296, 85297, 85298, 85299, 85301, 85302, 85303, 85306, 85307, 85308, 85309, 85310, 85312, 85313, 85315, 85316, 85317, 85318, 85321, 85322, 85323, 85325, 85326, 85328, 85329, 85330, 85331, 85332, 85334, 85336, 85339, 85340, 85341, 85342, 85343, 85344, 85345, 85346, 85347, 85349, 85350, 85351, 85352, 85354, 85355, 85356, 85357, 85358, 85359, 85360, 85361, 85362, 85364, 85366, 85367, 85368, 85369, 85373, 85374, 85376, 85377, 85378, 85379, 85380, 85381, 85382, 85383, 85384, 85386, 85387, 85388, 85389, 85390, 85391, 85392, 85396, 85397, 85401, 85402, 85403, 85404, 85405, 85407, 85408, 85410, 85411, 85413, 85415, 85416, 85417, 85418, 85419, 85420, 85421, 85422, 85424, 85425, 85426, 85427, 85428, 85429, 85430, 85431, 85432, 85433, 85436, 85437, 85438, 85439, 85440, 85442, 85443, 85445, 85446, 85447, 85448, 85449, 85450, 85451, 85452, 85453, 85454, 85455, 85456, 85457, 85458, 85459, 85460, 85461, 85462, 85463, 85465, 85466, 85467, 85469, 85470, 85471, 85472, 85473, 85474, 85475, 85476, 85477, 85478, 85479, 85481, 85483, 85484, 85485, 85486, 85487, 85488, 85489, 85490, 85491, 85493, 85494, 85495, 85496, 85497, 85499, 85500, 85502, 85503, 85504, 85505, 85506, 85507, 85508, 85509, 85510, 85511, 85512, 85513, 85514, 85516, 85517, 85518, 85519, 85520, 85521, 85522, 85523, 85524, 85525, 85526, 85528, 85529, 85530, 85531, 85533, 85534, 85535, 85536, 85537, 85538, 85539, 85540, 85541, 85542, 85543, 85545, 85546, 85549, 85550, 85551, 85553, 85554, 85555, 85556, 85557, 85558, 85559, 85560, 85561, 85563, 85564, 85565, 85566, 85568, 85569, 85570, 85571, 85572, 85573, 85574, 85576, 85577, 85578, 85579, 85580, 85581, 85582, 85583, 85585, 85586, 85587, 85588, 85591, 85592, 85593, 85596, 85597, 85598, 85599, 85600, 85601, 85602, 85603, 85604, 85605, 85606, 85607, 85608, 85609, 85610, 85611, 85612, 85613, 85614, 85615, 85616, 85617, 85618, 85619, 85620, 85622, 85624, 85626, 85627, 85630, 85631, 85632, 85633, 85636, 85637, 85638, 85639, 85640, 85641, 85642, 85643, 85646, 85647, 85648, 85649, 85650, 85651, 85654, 85655, 85657, 85658, 85659, 85660, 85661, 85663, 85664, 85665, 85666, 85667, 85668, 85673, 85674, 85675, 85676, 85677, 85678, 85679, 85680, 85682, 85683, 85684, 85687, 85688, 85689, 85691, 85692, 85693, 85694, 85695, 85697, 85698, 85700, 85701, 85702, 85703, 85704, 85705, 85706, 85707, 85708, 85709, 85710, 85711, 85712, 85713, 85714, 85715, 85717, 85718, 85719, 85720, 85721, 85722, 85723, 85724, 85725, 85726, 85727, 85728, 85730, 85731, 85732, 85733, 85734, 85736, 85737, 85738, 85740, 85741, 85743, 85744, 85745, 85746, 85748, 85749, 85751, 85753, 85754, 85755, 85757, 85759, 85760, 85761, 85762, 85763, 85764, 85765, 85768, 85769, 85770, 85772, 85773, 85774, 85775, 85776, 85777, 85779, 85780, 85782, 85783, 85784, 85785, 85786, 85787, 85788, 85789, 85790, 85791, 85792, 85793, 85795, 85796, 85797, 85799, 85800, 85801, 85802, 85803, 85804, 85806, 85807, 85808, 85809, 85810, 85811, 85812, 85813, 85818, 85821, 85822, 85823, 85824, 85825, 85826, 85828, 85829, 85830, 85831, 85832, 85833, 85835, 85836, 85837, 85839, 85840, 85843, 85844, 85845, 85846, 85847, 85848, 85849, 85850, 85851, 85853, 85854, 85855, 85856, 85857, 85858, 85859, 85860, 85861, 85862, 85863, 85864, 85865, 85866, 85867, 85868, 85869, 85872, 85873, 85875, 85876, 85877, 85881, 85882, 85883, 85886, 85887, 85888, 85889, 85890, 85893, 85895, 85896, 85898, 85899, 85900, 85901, 85902, 85903, 85905, 85906, 85907, 85909, 85913, 85914, 85916, 85917, 85919, 85921, 85922, 85923, 85924, 85925, 85926, 85927, 85929, 85930, 85931, 85932, 85933, 85937, 85939, 85941, 85943, 85944, 85945, 85946, 85947, 85948, 85951, 85953, 85954, 85956, 85957, 85958, 85959, 85961, 85962, 85963, 85964, 85965, 85966, 85968, 85969, 85970, 85972, 85973, 85975, 85976, 85977, 85980, 85981, 85982, 85985, 85986, 85987, 85990, 85991, 85993, 85994, 85995, 85996, 85997, 85998, 86000, 86001, 86004, 86005, 86006, 86007, 86009, 86010, 86011, 86012, 86014, 86015, 86016, 86017, 86018, 86019, 86020, 86022, 86023, 86024, 86025, 86026, 86030, 86031, 86032, 86033, 86034, 86035, 86036, 86037, 86038, 86039, 86040, 86041, 86044, 86046, 86047, 86048, 86049, 86050, 86051, 86052, 86053, 86054, 86056, 86057, 86058, 86059, 86060, 86061, 86062, 86063, 86064, 86065, 86066, 86067, 86068, 86070, 86071, 86072, 86073, 86074, 86075, 86077, 86080, 86081, 86083, 86084, 86085, 86088, 86089, 86090, 86091, 86092, 86093, 86095, 86096, 86098, 86100, 86101, 86102, 86104, 86105, 86106, 86107, 86108, 86109, 86111, 86112, 86113, 86114, 86115, 86118, 86119, 86120, 86121, 86122, 86123, 86124, 86125, 86127, 86129, 86130, 86131, 86132, 86133, 86134, 86135, 86136, 86137, 86139, 86141, 86143, 86144, 86146, 86147, 86148, 86149, 86150, 86151, 86152, 86153, 86154, 86156, 86157, 86159, 86160, 86161, 86162, 86163, 86164, 86165, 86166, 86167, 86168, 86171, 86172, 86173, 86174, 86175, 86176, 86177, 86178, 86180, 86181, 86182, 86183, 86184, 86185, 86187, 86188, 86189, 86190, 86191, 86192, 86194, 86195, 86196, 86197, 86198, 86199, 86200, 86201, 86202, 86203, 86204, 86208, 86209, 86211, 86212, 86214, 86216, 86219, 86220, 86221, 86222, 86223, 86224, 86225, 86226, 86227, 86228, 86229, 86231, 86232, 86233, 86234, 86235, 86236, 86238, 86239, 86240, 86241, 86242, 86243, 86244, 86245, 86246, 86247, 86248, 86249, 86251, 86252, 86253, 86254, 86256, 86257, 86258, 86259, 86260, 86262, 86263, 86264, 86265, 86266, 86268, 86269, 86270, 86271, 86272, 86273, 86274, 86275, 86276, 86277, 86279, 86280, 86281, 86282, 86283, 86284, 86285, 86286, 86287, 86290, 86291, 86292, 86293, 86294, 86299, 86300, 86301, 86302, 86303, 86304, 86305, 86306, 86307, 86308, 86309, 86310, 86312, 86314, 86315, 86316, 86317, 86318, 86320, 86322, 86324, 86325, 86326, 86329, 86330, 86331, 86332, 86333, 86334, 86335, 86337, 86339, 86340, 86341, 86342, 86343, 86344, 86345, 86346, 86347, 86349, 86350, 86351, 86352, 86353, 86354, 86355, 86358, 86359, 86360, 86361, 86362, 86363, 86364, 86365, 86366, 86367, 86368, 86371, 86372, 86373, 86374, 86375, 86376, 86378, 86379, 86380, 86381, 86383, 86384, 86386, 86387, 86389, 86391, 86392, 86393, 86394, 86395, 86396, 86397, 86399, 86400, 86401, 86403, 86404, 86405, 86406, 86407, 86410, 86412, 86414, 86415, 86416, 86417, 86419, 86420, 86421, 86422, 86423, 86424, 86425, 86426, 86429, 86430, 86431, 86433, 86434, 86435, 86436, 86437, 86438, 86440, 86441, 86442, 86443, 86445, 86447, 86449, 86451, 86452, 86455, 86457, 86458, 86459, 86460, 86461, 86462, 86463, 86465, 86466, 86467, 86468, 86469, 86470, 86471, 86472, 86473, 86474, 86476, 86477, 86478, 86479, 86480, 86481, 86482, 86483, 86485, 86486, 86487, 86489, 86490, 86493, 86494, 86495, 86496, 86497, 86500, 86501, 86502, 86503, 86504, 86505, 86506, 86507, 86508, 86509, 86510, 86511, 86512, 86513, 86514, 86516, 86517, 86518, 86519, 86521, 86522, 86523, 86524, 86525, 86526, 86528, 86529, 86530, 86531, 86532, 86534, 86535, 86536, 86537, 86538, 86539, 86540, 86541, 86542, 86543, 86545, 86547, 86550, 86551, 86552, 86553, 86554, 86555, 86556, 86558, 86559, 86560, 86561, 86562, 86563, 86564, 86565, 86566, 86568, 86569, 86570, 86571, 86572, 86573, 86574, 86575, 86576, 86577, 86578, 86580, 86581, 86582, 86583, 86584, 86585, 86586, 86587, 86588, 86589, 86590, 86591, 86592, 86593, 86594, 86595, 86596, 86597, 86598, 86599, 86600, 86601, 86602, 86603, 86607, 86608, 86609, 86610, 86612, 86613, 86615, 86616, 86617, 86619, 86620, 86621, 86622, 86623, 86624, 86625, 86626, 86628, 86629, 86630, 86631, 86632, 86633, 86634, 86635, 86636, 86637, 86640, 86641, 86643, 86644, 86645, 86648, 86649, 86650, 86651, 86652, 86653, 86655, 86656, 86657, 86658, 86659, 86660, 86662, 86665, 86667, 86668, 86669, 86671, 86672, 86673, 86674, 86675, 86676, 86678, 86679, 86680, 86681, 86682, 86684, 86685, 86686, 86687, 86689, 86692, 86693, 86694, 86696, 86697, 86698, 86699, 86700, 86702, 86704, 86705, 86706, 86707, 86708, 86709, 86710, 86712, 86715, 86716, 86717, 86718, 86719, 86720, 86721, 86722, 86723, 86727, 86728, 86729, 86730, 86731, 86732, 86733, 86734, 86735, 86736, 86737, 86738, 86739, 86740, 86741, 86742, 86743, 86745, 86746, 86747, 86749, 86750, 86752, 86753, 86754, 86755, 86756, 86757, 86758, 86759, 86760, 86761, 86762, 86763, 86765, 86766, 86767, 86768, 86770, 86771, 86772, 86773, 86774, 86775, 86779, 86780, 86781, 86782, 86783, 86784, 86785, 86786, 86787, 86789, 86790, 86793, 86794, 86795, 86796, 86797, 86798, 86799, 86800, 86801, 86802, 86803, 86805, 86806, 86807, 86808, 86809, 86810, 86811, 86812, 86813, 86814, 86815, 86816, 86817, 86818, 86820, 86821, 86822, 86826, 86827, 86828, 86829, 86830, 86831, 86832, 86833, 86834, 86835, 86836, 86837, 86838, 86840, 86841, 86842, 86843, 86844, 86845, 86846, 86847, 86848, 86850, 86851, 86852, 86853, 86854, 86855, 86856, 86857, 86860, 86861, 86862, 86863, 86864, 86865, 86867, 86869, 86870, 86872, 86874, 86876, 86877, 86879, 86880, 86882, 86883, 86884, 86885, 86886, 86888, 86889, 86890, 86891, 86892, 86894, 86895, 86896, 86898, 86899, 86900, 86901, 86902, 86903, 86904, 86905, 86906, 86908, 86909, 86910, 86911, 86912, 86913, 86914, 86918, 86919, 86920, 86921, 86922, 86923, 86924, 86926, 86929, 86930, 86933, 86934, 86935, 86937, 86939, 86940, 86941, 86942, 86944, 86945, 86946, 86947, 86948, 86950, 86951, 86952, 86953, 86954, 86955, 86956, 86957, 86958, 86959, 86960, 86961, 86962, 86963, 86965, 86966, 86967, 86968, 86969, 86970, 86971, 86972, 86974, 86975, 86976, 86977, 86978, 86983, 86985, 86986, 86987, 86988, 86989, 86990, 86991, 86992, 86993, 86994, 86995, 86996, 86997, 86999, 87000, 87001, 87002, 87003, 87004, 87005, 87006, 87007, 87008, 87011, 87012, 87013, 87015, 87016, 87017, 87018, 87019, 87020, 87021, 87022, 87023, 87024, 87025, 87026, 87027, 87028, 87030, 87031, 87035, 87037, 87038, 87039, 87040, 87041, 87042, 87043, 87044, 87045, 87046, 87047, 87048, 87051, 87052, 87054, 87058, 87060, 87062, 87063, 87064, 87066, 87067, 87068, 87069, 87071, 87073, 87074, 87075, 87076, 87077, 87078, 87079, 87080, 87082, 87083, 87084, 87085, 87086, 87088, 87089, 87090, 87091, 87092, 87093, 87095, 87096, 87097, 87098, 87099, 87100, 87101, 87102, 87104, 87105, 87107, 87108, 87110, 87111, 87112, 87113, 87114, 87115, 87116, 87117, 87119, 87120, 87121, 87124, 87125, 87126, 87127, 87128, 87129, 87130, 87131, 87132, 87133, 87134, 87136, 87137, 87138, 87140, 87141, 87142, 87144, 87145, 87146, 87148, 87152, 87154, 87155, 87156, 87158, 87159, 87160, 87161, 87162, 87163, 87164, 87165, 87166, 87167, 87169, 87170, 87171, 87173, 87174, 87176, 87177, 87178, 87179, 87180, 87181, 87182, 87184, 87185, 87186, 87187, 87188, 87189, 87190, 87191, 87193, 87194, 87195, 87196, 87197, 87198, 87199, 87200, 87203, 87204, 87205, 87206, 87207, 87208, 87209, 87210, 87211, 87212, 87213, 87214, 87215, 87216, 87217, 87218, 87219, 87222, 87223, 87224, 87225, 87228, 87229, 87230, 87232, 87233, 87234, 87235, 87236, 87237, 87238, 87239, 87240, 87241, 87242, 87243, 87244, 87245, 87246, 87247, 87248, 87249, 87252, 87253, 87254, 87255, 87257, 87258, 87259, 87260, 87261, 87262, 87264, 87265, 87266, 87268, 87269, 87270, 87272, 87274, 87275, 87276, 87277, 87278, 87279, 87280, 87281, 87282, 87283, 87284, 87285, 87286, 87287, 87288, 87290, 87291, 87292, 87293, 87294, 87295, 87296, 87297, 87298, 87299, 87301, 87303, 87304, 87305, 87306, 87307, 87308, 87309, 87310, 87312, 87314, 87316, 87317, 87318, 87321, 87322, 87323, 87324, 87325, 87326, 87327, 87328, 87329, 87330, 87331, 87333, 87334, 87335, 87337, 87338, 87339, 87342, 87343, 87344, 87345, 87347, 87348, 87349, 87350, 87351, 87352, 87353, 87355, 87356, 87357, 87358, 87359, 87360, 87361, 87362, 87363, 87364, 87368, 87369, 87370, 87371, 87372, 87374, 87375, 87376, 87377, 87378, 87379, 87380, 87381, 87382, 87383, 87384, 87385, 87386, 87387, 87388, 87390, 87391, 87393, 87394, 87395, 87396, 87397, 87399, 87400, 87402, 87403, 87404, 87405, 87406, 87408, 87410, 87411, 87413, 87415, 87416, 87417, 87418, 87419, 87420, 87421, 87423, 87424, 87425, 87426, 87427, 87428, 87429, 87430, 87431, 87433, 87434, 87435, 87436, 87437, 87438, 87439, 87440, 87441, 87442, 87443, 87444, 87445, 87446, 87447, 87448, 87449, 87450, 87451, 87453, 87454, 87455, 87457, 87458, 87460, 87461, 87462, 87463, 87464, 87465, 87466, 87467, 87468, 87471, 87472, 87475, 87477, 87478, 87479, 87480, 87481, 87482, 87483, 87484, 87487, 87489, 87492, 87495, 87497, 87498, 87499, 87500, 87501, 87502, 87503, 87504, 87506, 87507, 87509, 87512, 87513, 87514, 87516, 87517, 87518, 87519, 87520, 87521, 87522, 87523, 87525, 87526, 87527, 87528, 87529, 87531, 87533, 87534, 87536, 87537, 87538, 87540, 87541, 87542, 87543, 87544, 87547, 87548, 87549, 87550, 87551, 87554, 87555, 87556, 87557, 87558, 87559, 87560, 87562, 87563, 87564, 87565, 87566, 87567, 87568, 87569, 87570, 87571, 87572, 87573, 87574, 87575, 87576, 87577, 87580, 87581, 87582, 87583, 87584, 87585, 87586, 87587, 87589, 87590, 87595, 87596, 87598, 87599, 87600, 87601, 87602, 87603, 87604, 87605, 87606, 87607, 87608, 87609, 87610, 87611, 87612, 87613, 87614, 87615, 87617, 87618, 87619, 87620, 87621, 87622, 87624, 87625, 87626, 87627, 87630, 87631, 87632, 87633, 87634, 87635, 87636, 87637, 87638, 87639, 87641, 87642, 87643, 87644, 87645, 87646, 87647, 87648, 87649, 87650, 87652, 87653, 87654, 87655, 87657, 87658, 87659, 87660, 87661, 87662, 87663, 87664, 87665, 87666, 87667, 87669, 87670, 87671, 87673, 87674, 87675, 87676, 87677, 87678, 87679, 87680, 87681, 87682, 87683, 87684, 87686, 87688, 87691, 87693, 87695, 87698, 87699, 87700, 87701, 87702, 87703, 87704, 87705, 87707, 87708, 87709, 87710, 87711, 87712, 87713, 87714, 87715, 87716, 87717, 87719, 87721, 87723, 87724, 87725, 87726, 87727, 87730, 87731, 87732, 87733, 87734, 87737, 87739, 87740, 87741, 87742, 87743, 87744, 87745, 87746, 87748, 87749, 87750, 87751, 87752, 87754, 87756, 87757, 87758, 87759, 87761, 87763, 87764, 87765, 87766, 87767, 87768, 87771, 87773, 87774, 87775, 87776, 87778, 87780, 87781, 87782, 87783, 87784, 87786, 87787, 87788, 87789, 87791, 87793, 87794, 87799, 87800, 87801, 87802, 87804, 87805, 87806, 87807, 87808, 87809, 87811, 87812, 87813, 87814, 87816, 87818, 87819, 87820, 87821, 87822, 87824, 87825, 87826, 87827, 87829, 87830, 87831, 87832, 87833, 87834, 87836, 87837, 87838, 87839, 87840, 87841, 87842, 87843, 87844, 87845, 87847, 87850, 87851, 87852, 87853, 87855, 87856, 87857, 87858, 87860, 87861, 87862, 87863, 87864, 87865, 87868, 87869, 87870, 87871, 87872, 87873, 87874, 87876, 87877, 87878, 87880, 87881, 87884, 87888, 87889, 87890, 87891, 87893, 87894, 87895, 87896, 87897, 87898, 87899, 87900, 87901, 87902, 87903, 87904, 87905, 87906, 87907, 87908, 87909, 87910, 87911, 87912, 87913, 87914, 87915, 87916, 87918, 87919, 87921, 87922, 87923, 87925, 87926, 87927, 87928, 87929, 87930, 87931, 87932, 87933, 87935, 87937, 87938, 87939, 87940, 87941, 87942, 87943, 87944, 87945, 87948, 87949, 87950, 87951, 87952, 87953, 87954, 87956, 87957, 87958, 87959, 87960, 87961, 87962, 87963, 87964, 87965, 87966, 87967, 87969, 87970, 87971, 87972, 87974, 87976, 87978, 87980, 87981, 87982, 87983, 87984, 87985, 87986, 87987, 87989, 87990, 87991, 87994, 87995, 87996, 87997, 88001, 88002, 88003, 88004, 88005, 88008, 88009, 88010, 88011, 88012, 88013, 88014, 88016, 88017, 88018, 88019, 88020, 88021, 88022, 88024, 88025, 88026, 88027, 88028, 88029, 88030, 88031, 88033, 88034, 88037, 88038, 88039, 88040, 88042, 88043, 88044, 88045, 88048, 88049, 88051, 88052, 88054, 88055, 88056, 88057, 88059, 88061, 88062, 88063, 88064, 88066, 88067, 88068, 88071, 88072, 88073, 88074, 88075, 88077, 88078, 88079, 88080, 88081, 88083, 88084, 88085, 88086, 88087, 88088, 88090, 88092, 88093, 88094, 88095, 88096, 88097, 88098, 88099, 88101, 88102, 88104, 88105, 88107, 88108, 88109, 88110, 88112, 88115, 88116, 88118, 88119, 88120, 88121, 88122, 88123, 88124, 88125, 88127, 88128, 88129, 88131, 88134, 88135, 88137, 88138, 88140, 88141, 88142, 88143, 88144, 88147, 88148, 88149, 88150, 88152, 88153, 88154, 88156, 88157, 88158, 88159, 88160, 88161, 88162, 88163, 88164, 88165, 88166, 88167, 88168, 88170, 88172, 88173, 88174, 88175, 88177, 88178, 88180, 88181, 88182, 88185, 88186, 88187, 88188, 88189, 88190, 88192, 88193, 88194, 88195, 88196, 88197, 88198, 88199, 88200, 88201, 88202, 88203, 88204, 88205, 88206, 88207, 88208, 88209, 88210, 88211, 88212, 88213, 88215, 88217, 88219, 88221, 88223, 88225, 88226, 88227, 88229, 88230, 88231, 88232, 88233, 88235, 88236, 88237, 88238, 88239, 88241, 88242, 88243, 88244, 88245, 88246, 88247, 88248, 88249, 88251, 88252, 88253, 88254, 88255, 88256, 88258, 88259, 88260, 88261, 88262, 88263, 88264, 88265, 88266, 88268, 88269, 88270, 88271, 88272, 88275, 88276, 88277, 88278, 88279, 88282, 88283, 88284, 88285, 88286, 88287, 88288, 88289, 88290, 88291, 88292, 88294, 88295, 88296, 88297, 88298, 88300, 88301, 88302, 88303, 88304, 88306, 88308, 88309, 88310, 88311, 88312, 88313, 88314, 88315, 88316, 88317, 88318, 88319, 88320, 88321, 88322, 88323, 88325, 88326, 88328, 88329, 88331, 88333, 88334, 88335, 88336, 88337, 88338, 88339, 88340, 88341, 88342, 88343, 88344, 88345, 88347, 88349, 88350, 88351, 88352, 88353, 88354, 88355, 88357, 88358, 88360, 88361, 88362, 88363, 88364, 88365, 88367, 88369, 88370, 88371, 88373, 88374, 88375, 88376, 88378, 88381, 88382, 88383, 88384, 88385, 88386, 88387, 88388, 88389, 88390, 88392, 88393, 88394, 88397, 88398, 88399, 88400, 88401, 88402, 88403, 88404, 88405, 88406, 88407, 88408, 88409, 88411, 88412, 88414, 88415, 88421, 88424, 88425, 88426, 88427, 88428, 88429, 88430, 88431, 88432, 88433, 88434, 88435, 88436, 88437, 88438, 88439, 88440, 88443, 88444, 88446, 88449, 88454, 88456, 88458, 88459, 88460, 88462, 88463, 88464, 88465, 88466, 88467, 88468, 88469, 88470, 88471, 88472, 88473, 88474, 88475, 88476, 88477, 88479, 88483, 88484, 88485, 88487, 88488, 88489, 88490, 88491, 88492, 88493, 88494, 88495, 88496, 88497, 88500, 88502, 88503, 88504, 88506, 88508, 88509, 88510, 88511, 88513, 88516, 88517, 88518, 88519, 88520, 88521, 88522, 88523, 88524, 88525, 88526, 88527, 88528, 88529, 88530, 88533, 88535, 88536, 88537, 88538, 88540, 88541, 88542, 88543, 88544, 88545, 88546, 88547, 88548, 88551, 88552, 88553, 88556, 88557, 88560, 88561, 88562, 88563, 88565, 88566, 88567, 88568, 88569, 88570, 88571, 88572, 88573, 88574, 88575, 88576, 88577, 88578, 88579, 88583, 88584, 88585, 88586, 88587, 88588, 88589, 88590, 88591, 88592, 88593, 88594, 88595, 88596, 88600, 88601, 88602, 88603, 88605, 88607, 88609, 88610, 88611, 88613, 88614, 88615, 88617, 88618, 88619, 88620, 88621, 88622, 88623, 88624, 88625, 88626, 88627, 88628, 88629, 88630, 88631, 88632, 88633, 88634, 88635, 88637, 88638, 88639, 88640, 88641, 88642, 88643, 88644, 88645, 88646, 88648, 88649, 88651, 88652, 88654, 88656, 88657, 88658, 88659, 88660, 88661, 88665, 88667, 88668, 88669, 88671, 88672, 88673, 88674, 88676, 88677, 88678, 88679, 88680, 88681, 88682, 88683, 88684, 88685, 88686, 88687, 88689, 88690, 88691, 88692, 88693, 88694, 88695, 88696, 88697, 88698, 88702, 88703, 88704, 88705, 88706, 88707, 88708, 88709, 88710, 88711, 88713, 88714, 88716, 88717, 88719, 88720, 88722, 88723, 88724, 88725, 88726, 88727, 88728, 88729, 88730, 88732, 88733, 88734, 88735, 88736, 88737, 88738, 88739, 88740, 88741, 88743, 88745, 88746, 88750, 88751, 88752, 88753, 88754, 88755, 88756, 88757, 88758, 88759, 88760, 88761, 88763, 88764, 88765, 88766, 88767, 88769, 88770, 88772, 88773, 88774, 88775, 88776, 88778, 88779, 88780, 88781, 88784, 88785, 88786, 88789, 88790, 88791, 88792, 88793, 88794, 88796, 88798, 88799, 88800, 88801, 88802, 88805, 88806, 88807, 88809, 88810, 88811, 88812, 88813, 88814, 88815, 88816, 88817, 88819, 88820, 88821, 88824, 88825, 88827, 88829, 88831, 88833, 88834, 88835, 88836, 88837, 88838, 88839, 88840, 88841, 88842, 88843, 88844, 88845, 88846, 88847, 88848, 88849, 88850, 88852, 88854, 88855, 88856, 88858, 88859, 88860, 88861, 88862, 88863, 88864, 88865, 88866, 88867, 88868, 88869, 88871, 88872, 88874, 88875, 88876, 88878, 88879, 88880, 88882, 88884, 88885, 88886, 88887, 88888, 88889, 88890, 88891, 88892, 88893, 88894, 88895, 88896, 88897, 88898, 88901, 88902, 88904, 88905, 88906, 88907, 88908, 88909, 88910, 88911, 88912, 88913, 88915, 88916, 88917, 88918, 88919, 88920, 88922, 88923, 88927, 88928, 88929, 88930, 88931, 88934, 88935, 88936, 88939, 88940, 88941, 88942, 88943, 88944, 88945, 88946, 88947, 88948, 88949, 88950, 88951, 88953, 88954, 88958, 88959, 88960, 88961, 88962, 88964, 88965, 88966, 88967, 88968, 88969, 88970, 88971, 88972, 88973, 88974, 88975, 88977, 88978, 88980, 88981, 88982, 88983, 88985, 88986, 88987, 88989, 88990, 88991, 88992, 88993, 88994, 88997, 88998, 88999, 89000, 89001, 89002, 89003, 89004, 89006, 89007, 89009, 89010, 89011, 89013, 89014, 89016, 89017, 89018, 89019, 89020, 89021, 89022, 89024, 89026, 89027, 89030, 89032, 89033, 89034, 89035, 89036, 89037, 89038, 89039, 89040, 89041, 89042, 89046, 89048, 89049, 89050, 89051, 89053, 89054, 89055, 89056, 89057, 89058, 89059, 89060, 89061, 89062, 89063, 89064, 89065, 89066, 89067, 89069, 89070, 89071, 89073, 89074, 89075, 89076, 89077, 89078, 89080, 89081, 89083, 89084, 89085, 89086, 89088, 89089, 89090, 89092, 89093, 89094, 89096, 89097, 89098, 89099, 89100, 89101, 89103, 89104, 89105, 89108, 89109, 89110, 89111, 89112, 89113, 89114, 89116, 89118, 89121, 89122, 89123, 89125, 89126, 89127, 89128, 89129, 89131, 89132, 89133, 89134, 89135, 89136, 89137, 89139, 89140, 89142, 89143, 89144, 89145, 89146, 89147, 89148, 89149, 89150, 89152, 89153, 89154, 89155, 89156, 89157, 89158, 89159, 89161, 89162, 89163, 89164, 89166, 89169, 89171, 89172, 89173, 89175, 89176, 89177, 89179, 89180, 89181, 89182, 89183, 89184, 89185, 89186, 89187, 89188, 89190, 89192, 89193, 89194, 89195, 89196, 89197, 89200, 89201, 89202, 89203, 89204, 89205, 89206, 89207, 89209, 89210, 89211, 89213, 89214, 89215, 89216, 89217, 89218, 89219, 89220, 89221, 89223, 89224, 89225, 89228, 89229, 89230, 89231, 89232, 89233, 89234, 89237, 89238, 89239, 89240, 89241, 89242, 89244, 89246, 89247, 89248, 89249, 89250, 89251, 89252, 89253, 89254, 89255, 89257, 89259, 89261, 89262, 89263, 89265, 89266, 89267, 89268, 89270, 89272, 89273, 89274, 89276, 89277, 89278, 89279, 89280, 89282, 89283, 89284, 89285, 89286, 89287, 89290, 89291, 89292, 89293, 89294, 89297, 89299, 89300, 89301, 89302, 89303, 89304, 89305, 89307, 89308, 89309, 89310, 89312, 89315, 89317, 89318, 89323, 89324, 89325, 89328, 89330, 89331, 89332, 89333, 89334, 89335, 89338, 89339, 89340, 89343, 89344, 89345, 89346, 89347, 89349, 89351, 89352, 89353, 89354, 89355, 89356, 89357, 89358, 89359, 89361, 89362, 89365, 89366, 89369, 89370, 89371, 89372, 89373, 89374, 89375, 89377, 89378, 89379, 89380, 89381, 89382, 89384, 89385, 89386, 89387, 89388, 89389, 89390, 89391, 89392, 89393, 89394, 89395, 89396, 89397, 89398, 89399, 89401, 89403, 89404, 89405, 89406, 89407, 89411, 89412, 89413, 89414, 89415, 89416, 89417, 89421, 89422, 89423, 89424, 89425, 89426, 89427, 89428, 89429, 89432, 89433, 89434, 89436, 89437, 89438, 89440, 89441, 89442, 89443, 89444, 89445, 89446, 89447, 89449, 89450, 89453, 89454, 89457, 89458, 89459, 89461, 89463, 89464, 89467, 89468, 89469, 89470, 89471, 89472, 89474, 89476, 89478, 89479, 89480, 89481, 89482, 89483, 89484, 89485, 89486, 89488, 89491, 89492, 89493, 89494, 89496, 89497, 89498, 89500, 89503, 89505, 89506, 89507, 89508, 89510, 89511, 89512, 89513, 89514, 89515, 89517, 89518, 89519, 89520, 89521, 89522, 89523, 89524, 89525, 89526, 89527, 89528, 89529, 89530, 89533, 89534, 89536, 89537, 89538, 89539, 89540, 89541, 89542, 89543, 89545, 89546, 89547, 89548, 89550, 89551, 89552, 89553, 89554, 89555, 89556, 89557, 89558, 89559, 89560, 89561, 89562, 89563, 89564, 89566, 89567, 89568, 89569, 89570, 89571, 89573, 89574, 89575, 89576, 89577, 89578, 89579, 89580, 89582, 89583, 89584, 89585, 89587, 89589, 89591, 89592, 89593, 89594, 89595, 89597, 89598, 89599, 89601, 89602, 89603, 89605, 89606, 89607, 89608, 89609, 89610, 89611, 89612, 89613, 89614, 89615, 89616, 89617, 89618, 89619, 89620, 89622, 89623, 89625, 89626, 89627, 89628, 89630, 89631, 89632, 89635, 89636, 89637, 89638, 89639, 89640, 89641, 89642, 89644, 89645, 89647, 89648, 89649, 89650, 89651, 89652, 89653, 89654, 89656, 89657, 89658, 89659, 89661, 89663, 89664, 89666, 89667, 89669, 89670, 89671, 89672, 89674, 89675, 89676, 89677, 89678, 89679, 89680, 89681, 89682, 89683, 89684, 89685, 89686, 89687, 89688, 89689, 89691, 89692, 89693, 89694, 89696, 89698, 89699, 89700, 89701, 89702, 89703, 89704, 89705, 89706, 89707, 89708, 89710, 89711, 89712, 89713, 89714, 89715, 89716, 89717, 89718, 89719, 89720, 89721, 89722, 89723, 89724, 89725, 89726, 89727, 89728, 89729, 89730, 89731, 89732, 89733, 89734, 89736, 89737, 89740, 89741, 89742, 89744, 89748, 89749, 89753, 89754, 89755, 89756, 89757, 89758, 89761, 89762, 89763, 89764, 89766, 89767, 89768, 89769, 89770, 89771, 89773, 89774, 89776, 89777, 89779, 89780, 89781, 89782, 89783, 89784, 89785, 89786, 89787, 89788, 89789, 89790, 89793, 89794, 89796, 89798, 89799, 89800, 89802, 89803, 89804, 89805, 89806, 89808, 89809, 89810, 89811, 89812, 89813, 89814, 89816, 89817, 89818, 89819, 89820, 89821, 89822, 89823, 89825, 89827, 89828, 89829, 89832, 89835, 89836, 89837, 89840, 89841, 89843, 89844, 89846, 89847, 89848, 89849, 89850, 89851, 89852, 89854, 89855, 89856, 89857, 89858, 89859, 89860, 89861, 89862, 89863, 89864, 89866, 89867, 89868, 89869, 89870, 89871, 89872, 89873, 89874, 89875, 89876, 89877, 89878, 89879, 89880, 89881, 89882, 89883, 89885, 89886, 89887, 89888, 89889, 89890, 89891, 89893, 89896, 89897, 89898, 89900, 89901, 89902, 89903, 89904, 89905, 89906, 89907, 89908, 89909, 89910, 89912, 89914, 89915, 89916, 89917, 89919, 89920, 89921, 89922, 89923, 89924, 89925, 89927, 89928, 89929, 89930, 89931, 89932, 89933, 89934, 89935, 89936, 89939, 89940, 89941, 89942, 89943, 89944, 89945, 89947, 89948, 89949, 89950, 89952, 89953, 89955, 89957, 89958, 89959, 89960, 89961, 89963, 89964, 89965, 89966, 89968, 89969, 89970, 89971, 89972, 89973, 89974, 89975, 89976, 89977, 89978, 89979, 89981, 89982, 89983, 89984, 89985, 89987, 89988, 89991, 89992, 89994, 89995, 89996, 89997, 89998, 89999, 90000, 90001, 90002, 90004, 90005, 90006, 90009, 90010, 90011, 90012, 90014, 90016, 90017, 90018, 90019, 90020, 90021, 90022, 90023, 90024, 90025, 90026, 90027, 90028, 90029, 90030, 90032, 90033, 90034, 90035, 90036, 90037, 90038, 90039, 90041, 90043, 90044, 90045, 90046, 90047, 90048, 90050, 90051, 90052, 90053, 90055, 90056, 90057, 90058, 90059, 90062, 90064, 90065, 90066, 90067, 90068, 90070, 90071, 90072, 90073, 90074, 90075, 90077, 90078, 90079, 90080, 90081, 90083, 90085, 90086, 90087, 90088, 90090, 90091, 90092, 90093, 90095, 90097, 90098, 90099, 90100, 90101, 90103, 90104, 90105, 90106, 90107, 90108, 90109, 90110, 90112, 90113, 90114, 90116, 90117, 90118, 90119, 90120, 90121, 90122, 90123, 90124, 90125, 90127, 90128, 90129, 90130, 90132, 90133, 90135, 90137, 90138, 90139, 90140, 90141, 90142, 90143, 90144, 90145, 90148, 90150, 90151, 90152, 90153, 90154, 90155, 90159, 90161, 90162, 90163, 90164, 90165, 90167, 90168, 90169, 90171, 90172, 90173, 90174, 90177, 90178, 90179, 90182, 90183, 90184, 90185, 90186, 90188, 90189, 90192, 90193, 90195, 90196, 90197, 90198, 90199, 90200, 90201, 90202, 90203, 90204, 90205, 90206, 90207, 90208, 90209, 90211, 90212, 90213, 90214, 90215, 90216, 90217, 90218, 90219, 90220, 90222, 90223, 90224, 90226, 90227, 90228, 90229, 90231, 90233, 90235, 90236, 90237, 90240, 90241, 90242, 90244, 90247, 90248, 90250, 90251, 90252, 90254, 90256, 90258, 90260, 90261, 90262, 90263, 90264, 90266, 90267, 90268, 90269, 90274, 90275, 90276, 90277, 90278, 90280, 90281, 90282, 90283, 90284, 90286, 90287, 90288, 90289, 90290, 90292, 90294, 90295, 90297, 90298, 90299, 90301, 90302, 90303, 90304, 90305, 90306, 90307, 90309, 90310, 90311, 90312, 90313, 90314, 90315, 90317, 90318, 90319, 90320, 90321, 90322, 90324, 90325, 90326, 90327, 90328, 90329, 90330, 90331, 90332, 90333, 90334, 90335, 90336, 90337, 90338, 90339, 90340, 90341, 90342, 90345, 90346, 90349, 90350, 90351, 90353, 90354, 90355, 90356, 90357, 90359, 90360, 90361, 90362, 90363, 90364, 90365, 90366, 90369, 90370, 90372, 90373, 90375, 90376, 90378, 90379, 90380, 90381, 90382, 90383, 90384, 90385, 90386, 90387, 90388, 90389, 90391, 90392, 90393, 90395, 90396, 90397, 90398, 90399, 90400, 90401, 90402, 90403, 90404, 90406, 90407, 90408, 90409, 90411, 90412, 90413, 90414, 90415, 90416, 90417, 90418, 90419, 90420, 90421, 90422, 90423, 90427, 90429, 90430, 90431, 90434, 90435, 90436, 90437, 90438, 90443, 90445, 90446, 90447, 90448, 90450, 90452, 90454, 90455, 90456, 90457, 90458, 90459, 90461, 90462, 90463, 90464, 90465, 90466, 90467, 90468, 90469, 90470, 90471, 90472, 90473, 90474, 90477, 90478, 90479, 90480, 90481, 90482, 90483, 90485, 90487, 90488, 90489, 90490, 90491, 90492, 90493, 90494, 90495, 90496, 90497, 90498, 90500, 90502, 90507, 90508, 90510, 90511, 90512, 90513, 90514, 90515, 90516, 90517, 90518, 90519, 90521, 90522, 90524, 90526, 90527, 90529, 90530, 90531, 90532, 90533, 90534, 90538, 90540, 90541, 90542, 90543, 90544, 90545, 90546, 90547, 90548, 90549, 90550, 90551, 90554, 90556, 90557, 90558, 90559, 90560, 90562, 90563, 90564, 90565, 90567, 90568, 90570, 90571, 90572, 90573, 90574, 90575, 90576, 90577, 90579, 90580, 90581, 90582, 90583, 90584, 90585, 90587, 90588, 90589, 90592, 90593, 90595, 90596, 90597, 90598, 90599, 90600, 90601, 90602, 90603, 90604, 90605, 90606, 90607, 90608, 90610, 90611, 90612, 90613, 90614, 90615, 90616, 90617, 90618, 90619, 90620, 90621, 90623, 90625, 90626, 90627, 90628, 90629, 90632, 90633, 90635, 90636, 90637, 90638, 90640, 90641, 90642, 90643, 90644, 90645, 90647, 90648, 90649, 90650, 90651, 90652, 90654, 90655, 90656, 90657, 90658, 90661, 90662, 90663, 90664, 90665, 90666, 90667, 90669, 90670, 90671, 90672, 90673, 90676, 90678, 90679, 90680, 90681, 90682, 90683, 90684, 90685, 90686, 90687, 90688, 90689, 90690, 90691, 90692, 90693, 90694, 90695, 90696, 90697, 90698, 90699, 90700, 90701, 90702, 90703, 90704, 90705, 90706, 90709, 90710, 90712, 90714, 90715, 90718, 90719, 90720, 90721, 90722, 90723, 90724, 90725, 90728, 90729, 90730, 90731, 90733, 90735, 90736, 90738, 90739, 90740, 90741, 90742, 90743, 90745, 90747, 90748, 90750, 90753, 90754, 90757, 90759, 90760, 90761, 90762, 90765, 90766, 90767, 90768, 90769, 90770, 90771, 90772, 90773, 90774, 90775, 90776, 90777, 90778, 90779, 90780, 90781, 90782, 90784, 90785, 90787, 90788, 90789, 90790, 90791, 90792, 90793, 90795, 90796, 90797, 90798, 90799, 90800, 90801, 90802, 90803, 90806, 90807, 90811, 90813, 90814, 90816, 90817, 90818, 90819, 90820, 90821, 90822, 90823, 90824, 90825, 90826, 90828, 90830, 90831, 90832, 90833, 90834, 90835, 90837, 90838, 90839, 90840, 90841, 90842, 90843, 90844, 90845, 90846, 90847, 90849, 90850, 90852, 90853, 90854, 90857, 90858, 90859, 90860, 90861, 90862, 90863, 90865, 90866, 90867, 90870, 90872, 90873, 90874, 90876, 90877, 90878, 90880, 90883, 90884, 90885, 90886, 90887, 90889, 90890, 90891, 90892, 90893, 90894, 90895, 90897, 90898, 90899, 90901, 90902, 90903, 90904, 90906, 90907, 90908, 90909, 90911, 90912, 90913, 90914, 90915, 90916, 90917, 90918, 90919, 90920, 90921, 90922, 90923, 90925, 90926, 90927, 90928, 90929, 90930, 90931, 90932, 90933, 90935, 90936, 90937, 90939, 90940, 90941, 90943, 90944, 90945, 90946, 90948, 90949, 90950, 90951, 90952, 90954, 90957, 90959, 90960, 90962, 90963, 90964, 90966, 90967, 90968, 90969, 90971, 90973, 90974, 90975, 90976, 90978, 90979, 90980, 90981, 90982, 90983, 90984, 90985, 90986, 90987, 90989, 90990, 90992, 90993, 90994, 90995, 90996, 90997, 90998, 91000, 91002, 91003, 91004, 91005, 91006, 91007, 91008, 91009, 91011, 91012, 91013, 91014, 91015, 91016, 91017, 91020, 91023, 91025, 91027, 91028, 91029, 91030, 91031, 91032, 91033, 91034, 91035, 91036, 91037, 91039, 91040, 91041, 91042, 91043, 91044, 91047, 91048, 91049, 91050, 91051, 91052, 91053, 91054, 91055, 91057, 91058, 91060, 91061, 91062, 91063, 91064, 91067, 91068, 91069, 91070, 91072, 91074, 91075, 91076, 91077, 91081, 91082, 91083, 91084, 91085, 91087, 91088, 91089, 91091, 91092, 91093, 91094, 91095, 91096, 91097, 91098, 91099, 91101, 91102, 91103, 91104, 91106, 91108, 91109, 91110, 91112, 91113, 91114, 91115, 91117, 91118, 91119, 91120, 91121, 91122, 91123, 91124, 91125, 91126, 91127, 91128, 91129, 91130, 91131, 91132, 91134, 91135, 91136, 91137, 91139, 91140, 91142, 91143, 91144, 91146, 91148, 91149, 91150, 91151, 91153, 91154, 91156, 91161, 91162, 91163, 91165, 91166, 91167, 91169, 91170, 91171, 91172, 91173, 91174, 91175, 91176, 91177, 91178, 91179, 91180, 91181, 91182, 91184, 91185, 91186, 91187, 91188, 91189, 91190, 91191, 91193, 91194, 91197, 91198, 91199, 91201, 91202, 91203, 91205, 91207, 91209, 91210, 91211, 91212, 91213, 91215, 91216, 91217, 91218, 91219, 91220, 91221, 91222, 91224, 91225, 91228, 91229, 91230, 91233, 91234, 91236, 91237, 91238, 91239, 91240, 91241, 91242, 91243, 91244, 91245, 91247, 91248, 91249, 91250, 91252, 91253, 91254, 91255, 91256, 91259, 91263, 91264, 91265, 91266, 91267, 91268, 91269, 91270, 91271, 91272, 91273, 91274, 91275, 91276, 91279, 91280, 91281, 91282, 91283, 91285, 91287, 91289, 91290, 91291, 91292, 91293, 91294, 91299, 91300, 91301, 91302, 91303, 91304, 91305, 91306, 91307, 91309, 91310, 91312, 91313, 91314, 91317, 91318, 91319, 91320, 91321, 91322, 91323, 91324, 91325, 91326, 91327, 91328, 91329, 91331, 91333, 91334, 91337, 91339, 91342, 91343, 91344, 91346, 91348, 91349, 91350, 91351, 91352, 91353, 91354, 91355, 91357, 91360, 91361, 91362, 91363, 91365, 91366, 91368, 91369, 91370, 91371, 91373, 91376, 91377, 91378, 91379, 91381, 91382, 91383, 91385, 91386, 91389, 91391, 91392, 91393, 91394, 91395, 91396, 91397, 91398, 91399, 91401, 91402, 91403, 91404, 91405, 91407, 91410, 91411, 91412, 91413, 91414, 91415, 91417, 91418, 91419, 91420, 91422, 91423, 91424, 91426, 91427, 91428, 91430, 91431, 91432, 91433, 91434, 91435, 91436, 91437, 91438, 91439, 91441, 91443, 91445, 91447, 91448, 91449, 91450, 91451, 91452, 91453, 91454, 91456, 91457, 91459, 91463, 91464, 91465, 91466, 91469, 91474, 91475, 91476, 91477, 91478, 91479, 91481, 91482, 91483, 91484, 91485, 91486, 91488, 91489, 91490, 91491, 91492, 91493, 91494, 91495, 91496, 91497, 91498, 91499, 91500, 91501, 91502, 91503, 91505, 91507, 91510, 91512, 91513, 91514, 91516, 91517, 91518, 91520, 91521, 91523, 91524, 91525, 91526, 91528, 91529, 91530, 91532, 91533, 91534, 91535, 91536, 91537, 91538, 91539, 91540, 91542, 91543, 91544, 91545, 91546, 91548, 91549, 91550, 91551, 91553, 91554, 91555, 91556, 91557, 91558, 91561, 91562, 91564, 91566, 91568, 91569, 91570, 91571, 91573, 91576, 91578, 91581, 91583, 91585, 91586, 91587, 91588, 91589, 91590, 91592, 91593, 91594, 91595, 91596, 91597, 91598, 91600, 91601, 91602, 91603, 91604, 91606, 91607, 91608, 91609, 91610, 91611, 91613, 91615, 91617, 91618, 91620, 91622, 91625, 91626, 91627, 91630, 91631, 91632, 91633, 91635, 91637, 91638, 91640, 91641, 91642, 91643, 91645, 91646, 91647, 91653, 91654, 91655, 91656, 91657, 91658, 91659, 91660, 91661, 91662, 91663, 91664, 91665, 91666, 91667, 91668, 91669, 91672, 91673, 91675, 91677, 91678, 91679, 91680, 91681, 91682, 91685, 91686, 91687, 91688, 91689, 91690, 91691, 91692, 91693, 91694, 91695, 91696, 91697, 91698, 91699, 91700, 91701, 91702, 91705, 91706, 91707, 91708, 91709, 91710, 91711, 91713, 91714, 91715, 91718, 91719, 91720, 91721, 91722, 91723, 91724, 91725, 91726, 91727, 91728, 91729, 91730, 91732, 91733, 91734, 91735, 91736, 91737, 91738, 91739, 91740, 91742, 91743, 91744, 91746, 91747, 91748, 91749, 91751, 91752, 91753, 91755, 91757, 91758, 91759, 91760, 91761, 91762, 91764, 91765, 91766, 91767, 91769, 91770, 91771, 91772, 91774, 91776, 91777, 91778, 91779, 91780, 91781, 91783, 91785, 91786, 91787, 91788, 91790, 91791, 91793, 91794, 91797, 91798, 91800, 91802, 91803, 91804, 91805, 91808, 91809, 91811, 91813, 91815, 91817, 91819, 91820, 91822, 91823, 91824, 91825, 91826, 91827, 91828, 91829, 91830, 91831, 91832, 91833, 91834, 91837, 91840, 91841, 91843, 91844, 91845, 91846, 91847, 91848, 91850, 91852, 91853, 91854, 91855, 91856, 91857, 91858, 91860, 91861, 91862, 91863, 91864, 91865, 91866, 91867, 91868, 91869, 91870, 91872, 91873, 91874, 91875, 91876, 91879, 91880, 91881, 91883, 91884, 91886, 91887, 91888, 91889, 91890, 91891, 91892, 91893, 91895, 91896, 91897, 91899, 91900, 91902, 91903, 91904, 91905, 91907, 91909, 91911, 91912, 91913, 91916, 91917, 91919, 91920, 91922, 91924, 91925, 91927, 91928, 91929, 91930, 91931, 91933, 91934, 91935, 91937, 91940, 91941, 91942, 91943, 91944, 91945, 91946, 91949, 91950, 91951, 91952, 91953, 91954, 91955, 91956, 91957, 91960, 91961, 91963, 91964, 91965, 91966, 91967, 91968, 91970, 91971, 91972, 91974, 91976, 91977, 91978, 91979, 91980, 91981, 91982, 91983, 91985, 91986, 91987, 91988, 91989, 91990, 91991, 91992, 91993, 91994, 91995, 91996, 91997, 91998, 91999, 92000, 92002, 92003, 92005, 92006, 92007, 92008, 92010, 92011, 92012, 92013, 92014, 92015, 92016, 92017, 92018, 92019, 92021, 92022, 92024, 92025, 92026, 92028, 92029, 92030, 92031, 92032, 92033, 92034, 92036, 92037, 92038, 92039, 92040, 92041, 92042, 92043, 92046, 92047, 92048, 92049, 92050, 92051, 92054, 92055, 92056, 92057, 92060, 92061, 92062, 92063, 92065, 92066, 92067, 92068, 92069, 92071, 92072, 92075, 92076, 92077, 92078, 92080, 92081, 92082, 92083, 92085, 92087, 92088, 92089, 92090, 92091, 92092, 92093, 92094, 92095, 92097, 92098, 92099, 92101, 92102, 92103, 92105, 92106, 92108, 92109, 92110, 92111, 92112, 92114, 92115, 92116, 92117, 92118, 92119, 92121, 92122, 92124, 92125, 92126, 92128, 92130, 92131, 92132, 92133, 92134, 92136, 92137, 92138, 92139, 92141, 92143, 92144, 92145, 92146, 92147, 92148, 92149, 92150, 92151, 92152, 92153, 92154, 92155, 92156, 92157, 92159, 92160, 92163, 92167, 92169, 92170, 92171, 92172, 92173, 92174, 92175, 92176, 92178, 92179, 92180, 92181, 92182, 92183, 92184, 92186, 92187, 92188, 92189, 92190, 92191, 92192, 92193, 92194, 92195, 92197, 92199, 92200, 92201, 92202, 92204, 92205, 92206, 92207, 92208, 92209, 92211, 92212, 92213, 92214, 92215, 92216, 92217, 92218, 92219, 92221, 92222, 92223, 92224, 92225, 92228, 92229, 92230, 92231, 92232, 92233, 92235, 92236, 92237, 92238, 92239, 92240, 92242, 92246, 92247, 92248, 92249, 92250, 92251, 92252, 92253, 92256, 92257, 92258, 92259, 92260, 92264, 92265, 92266, 92267, 92268, 92269, 92270, 92271, 92274, 92275, 92277, 92278, 92279, 92280, 92281, 92284, 92285, 92287, 92288, 92289, 92290, 92291, 92292, 92294, 92295, 92296, 92297, 92298, 92299, 92301, 92302, 92303, 92304, 92305, 92308, 92310, 92312, 92313, 92314, 92315, 92317, 92318, 92319, 92320, 92321, 92322, 92323, 92325, 92327, 92328, 92330, 92331, 92332, 92333, 92334, 92335, 92336, 92338, 92339, 92340, 92341, 92342, 92344, 92345, 92347, 92348, 92349, 92350, 92351, 92352, 92353, 92354, 92355, 92356, 92357, 92359, 92360, 92361, 92363, 92364, 92365, 92366, 92367, 92368, 92370, 92371, 92372, 92373, 92374, 92375, 92376, 92377, 92378, 92379, 92380, 92383, 92384, 92385, 92386, 92387, 92388, 92389, 92390, 92391, 92392, 92393, 92394, 92395, 92396, 92398, 92399, 92403, 92404, 92406, 92407, 92408, 92409, 92410, 92412, 92413, 92415, 92416, 92419, 92420, 92423, 92424, 92425, 92426, 92427, 92428, 92429, 92431, 92432, 92433, 92435, 92436, 92437, 92438, 92439, 92441, 92443, 92444, 92445, 92448, 92450, 92451, 92452, 92454, 92455, 92456, 92457, 92458, 92459, 92460, 92461, 92462, 92463, 92464, 92465, 92466, 92467, 92469, 92470, 92471, 92475, 92476, 92478, 92479, 92480, 92481, 92482, 92483, 92485, 92487, 92489, 92490, 92491, 92492, 92493, 92497, 92498, 92499, 92500, 92501, 92502, 92503, 92504, 92506, 92508, 92509, 92510, 92511, 92512, 92513, 92514, 92515, 92517, 92518, 92520, 92521, 92522, 92524, 92526, 92527, 92528, 92529, 92531, 92532, 92534, 92535, 92536, 92537, 92538, 92539, 92540, 92541, 92542, 92543, 92544, 92546, 92547, 92549, 92550, 92551, 92552, 92554, 92555, 92556, 92558, 92559, 92560, 92561, 92562, 92564, 92566, 92567, 92568, 92569, 92570, 92571, 92572, 92573, 92574, 92575, 92577, 92578, 92579, 92580, 92581, 92585, 92587, 92588, 92589, 92591, 92592, 92593, 92594, 92595, 92596, 92597, 92598, 92599, 92600, 92601, 92602, 92603, 92604, 92606, 92610, 92611, 92612, 92614, 92615, 92616, 92617, 92619, 92620, 92621, 92623, 92625, 92626, 92627, 92628, 92629, 92630, 92631, 92632, 92633, 92635, 92636, 92637, 92638, 92639, 92640, 92641, 92642, 92643, 92644, 92645, 92647, 92648, 92650, 92651, 92652, 92653, 92654, 92660, 92661, 92662, 92663, 92664, 92665, 92666, 92671, 92672, 92673, 92674, 92676, 92677, 92678, 92679, 92680, 92681, 92682, 92683, 92684, 92685, 92686, 92687, 92689, 92690, 92691, 92692, 92694, 92696, 92697, 92698, 92699, 92700, 92701, 92703, 92704, 92705, 92706, 92707, 92708, 92709, 92711, 92713, 92714, 92715, 92716, 92717, 92718, 92719, 92722, 92723, 92724, 92726, 92727, 92728, 92729, 92730, 92732, 92733, 92734, 92735, 92738, 92739, 92742, 92744, 92745, 92746, 92747, 92748, 92750, 92751, 92752, 92753, 92754, 92755, 92757, 92758, 92759, 92760, 92761, 92762, 92763, 92765, 92766, 92767, 92768, 92769, 92771, 92773, 92774, 92775, 92776, 92777, 92779, 92780, 92782, 92783, 92784, 92785, 92786, 92787, 92788, 92789, 92790, 92791, 92792, 92793, 92794, 92795, 92798, 92799, 92802, 92803, 92804, 92805, 92806, 92807, 92809, 92810, 92811, 92812, 92813, 92814, 92815, 92816, 92818, 92820, 92821, 92822, 92823, 92824, 92825, 92826, 92827, 92828, 92829, 92830, 92831, 92832, 92834, 92835, 92836, 92837, 92838, 92839, 92841, 92842, 92843, 92844, 92845, 92848, 92849, 92850, 92851, 92852, 92853, 92857, 92858, 92859, 92860, 92861, 92862, 92863, 92864, 92865, 92866, 92867, 92869, 92870, 92871, 92872, 92873, 92874, 92875, 92876, 92877, 92878, 92879, 92880, 92881, 92882, 92883, 92884, 92885, 92886, 92887, 92888, 92889, 92891, 92892, 92893, 92894, 92895, 92896, 92897, 92898, 92899, 92900, 92902, 92903, 92904, 92905, 92906, 92907, 92908, 92909, 92910, 92911, 92912, 92913, 92914, 92915, 92916, 92917, 92918, 92919, 92920, 92921, 92922, 92923, 92924, 92925, 92926, 92927, 92928, 92929, 92930, 92931, 92932, 92933, 92935, 92937, 92938, 92939, 92943, 92944, 92945, 92946, 92947, 92948, 92949, 92950, 92951, 92953, 92955, 92956, 92957, 92959, 92960, 92961, 92962, 92963, 92964, 92965, 92966, 92967, 92968, 92969, 92970, 92971, 92973, 92974, 92975, 92976, 92977, 92978, 92980, 92981, 92982, 92983, 92984, 92985, 92986, 92987, 92988, 92989, 92990, 92992, 92993, 92994, 92995, 92996, 92997, 92998, 92999, 93000, 93001, 93002, 93003, 93004, 93005, 93006, 93007, 93008, 93009, 93010, 93011, 93012, 93013, 93014, 93015, 93016, 93017, 93018, 93019, 93020, 93021, 93022, 93023, 93024, 93026, 93027, 93028, 93029, 93030, 93032, 93033, 93034, 93035, 93036, 93037, 93038, 93039, 93041, 93042, 93043, 93044, 93045, 93046, 93047, 93048, 93049, 93050, 93052, 93053, 93055, 93056, 93057, 93058, 93059, 93060, 93061, 93062, 93063, 93064, 93065, 93066, 93068, 93070, 93072, 93073, 93074, 93075, 93076, 93077, 93078, 93079, 93081, 93082, 93083, 93084, 93085, 93086, 93087, 93089, 93090, 93091, 93092, 93093, 93095, 93096, 93097, 93099, 93100, 93101, 93102, 93103, 93104, 93105, 93107, 93108, 93109, 93110, 93111, 93112, 93113, 93114, 93115, 93118, 93119, 93120, 93121, 93122, 93123, 93124, 93125, 93126, 93127, 93128, 93129, 93130, 93131, 93132, 93134, 93135, 93136, 93137, 93138, 93141, 93142, 93143, 93145, 93146, 93147, 93149, 93150, 93153, 93154, 93155, 93157, 93158, 93160, 93161, 93162, 93164, 93165, 93166, 93167, 93168, 93169, 93171, 93172, 93173, 93174, 93177, 93178, 93179, 93180, 93181, 93182, 93183, 93184, 93185, 93186, 93188, 93189, 93190, 93191, 93192, 93193, 93194, 93195, 93196, 93197, 93199, 93201, 93202, 93203, 93204, 93205, 93206, 93208, 93209, 93211, 93212, 93213, 93214, 93216, 93217, 93218, 93219, 93220, 93221, 93222, 93223, 93225, 93229, 93230, 93231, 93232, 93233, 93235, 93236, 93237, 93238, 93239, 93241, 93242, 93244, 93245, 93246, 93247, 93248, 93249, 93253, 93254, 93255, 93256, 93258, 93260, 93261, 93262, 93263, 93264, 93265, 93266, 93267, 93268, 93269, 93270, 93271, 93273, 93274, 93275, 93276, 93277, 93279, 93280, 93281, 93282, 93283, 93284, 93285, 93286, 93287, 93288, 93289, 93290, 93292, 93293, 93294, 93295, 93296, 93298, 93301, 93302, 93303, 93307, 93308, 93309, 93310, 93311, 93312, 93313, 93314, 93315, 93316, 93317, 93318, 93319, 93320, 93321, 93322, 93323, 93324, 93325, 93327, 93328, 93329, 93331, 93332, 93333, 93334, 93335, 93336, 93338, 93339, 93340, 93341, 93342, 93343, 93344, 93345, 93346, 93347, 93348, 93351, 93352, 93353, 93354, 93355, 93356, 93357, 93358, 93359, 93360, 93361, 93362, 93365, 93366, 93367, 93368, 93369, 93370, 93372, 93373, 93374, 93376, 93377, 93378, 93379, 93381, 93382, 93383, 93384, 93385, 93386, 93387, 93389, 93391, 93392, 93394, 93395, 93396, 93397, 93398, 93399, 93401, 93402, 93403, 93404, 93405, 93406, 93407, 93408, 93411, 93413, 93415, 93416, 93417, 93418, 93419, 93420, 93422, 93423, 93424, 93425, 93427, 93428, 93429, 93430, 93431, 93432, 93433, 93434, 93435, 93436, 93437, 93438, 93439, 93440, 93441, 93442, 93443, 93444, 93446, 93447, 93448, 93449, 93450, 93452, 93453, 93454, 93455, 93456, 93457, 93458, 93459, 93461, 93462, 93463, 93464, 93465, 93466, 93467, 93468, 93470, 93471, 93472, 93473, 93474, 93475, 93476, 93478, 93479, 93482, 93483, 93484, 93485, 93486, 93487, 93488, 93489, 93490, 93494, 93495, 93498, 93499, 93500, 93501, 93502, 93504, 93505, 93507, 93510, 93511, 93512, 93514, 93517, 93518, 93519, 93521, 93523, 93524, 93525, 93528, 93529, 93531, 93532, 93534, 93535, 93536, 93537, 93538, 93539, 93542, 93543, 93544, 93545, 93547, 93548, 93549, 93550, 93551, 93552, 93553, 93555, 93556, 93558, 93559, 93560, 93561, 93563, 93564, 93565, 93566, 93567, 93568, 93569, 93570, 93571, 93572, 93573, 93574, 93575, 93577, 93579, 93580, 93581, 93582, 93583, 93586, 93587, 93588, 93589, 93590, 93593, 93595, 93596, 93597, 93599, 93600, 93601, 93602, 93603, 93605, 93606, 93607, 93608, 93609, 93610, 93613, 93614, 93615, 93616, 93617, 93618, 93619, 93621, 93622, 93623, 93624, 93625, 93626, 93627, 93629, 93632, 93633, 93634, 93635, 93636, 93637, 93638, 93640, 93642, 93645, 93648, 93649, 93650, 93651, 93652, 93653, 93654, 93655, 93656, 93657, 93659, 93661, 93662, 93663, 93664, 93666, 93667, 93669, 93670, 93671, 93672, 93673, 93674, 93676, 93677, 93678, 93679, 93680, 93681, 93682, 93683, 93685, 93686, 93687, 93689, 93690, 93691, 93694, 93696, 93697, 93698, 93699, 93700, 93701, 93702, 93703, 93704, 93705, 93706, 93709, 93710, 93711, 93713, 93714, 93715, 93717, 93718, 93719, 93720, 93721, 93722, 93723, 93724, 93725, 93726, 93727, 93728, 93729, 93731, 93732, 93733, 93734, 93735, 93736, 93737, 93739, 93740, 93741, 93742, 93743, 93745, 93746, 93747, 93748, 93750, 93753, 93756, 93757, 93759, 93760, 93764, 93765, 93766, 93767, 93769, 93771, 93772, 93773, 93774, 93775, 93776, 93777, 93779, 93780, 93781, 93782, 93783, 93784, 93785, 93787, 93788, 93792, 93793, 93795, 93797, 93798, 93799, 93800, 93801, 93802, 93803, 93804, 93806, 93807, 93808, 93809, 93811, 93812, 93814, 93815, 93816, 93817, 93818, 93819, 93820, 93822, 93824, 93825, 93826, 93828, 93829, 93830, 93831, 93835, 93836, 93837, 93839, 93840, 93841, 93842, 93844, 93845, 93846, 93847, 93849, 93850, 93851, 93852, 93853, 93855, 93856, 93857, 93859, 93860, 93863, 93865, 93866, 93869, 93871, 93873, 93874, 93875, 93876, 93877, 93878, 93880, 93882, 93883, 93884, 93886, 93888, 93889, 93890, 93891, 93892, 93893, 93895, 93896, 93898, 93899, 93900, 93902, 93903, 93904, 93905, 93906, 93907, 93910, 93911, 93912, 93914, 93915, 93917, 93918, 93921, 93922, 93923, 93924, 93925, 93926, 93927, 93928, 93929, 93930, 93931, 93932, 93933, 93934, 93935, 93937, 93938, 93939, 93940, 93941, 93942, 93943, 93944, 93945, 93948, 93949, 93950, 93952, 93955, 93956, 93957, 93958, 93959, 93960, 93961, 93962, 93963, 93964, 93967, 93970, 93971, 93974, 93976, 93977, 93978, 93979, 93980, 93981, 93982, 93983, 93986, 93987, 93989, 93990, 93991, 93993, 93994, 93995, 93997, 93998, 93999, 94000, 94001, 94002, 94004, 94005, 94006, 94007, 94009, 94010, 94011, 94013, 94014, 94015, 94016, 94017, 94018, 94019, 94020, 94021, 94022, 94023, 94024, 94026, 94027, 94028, 94029, 94030, 94032, 94033, 94034, 94035, 94036, 94037, 94038, 94039, 94040, 94042, 94043, 94044, 94046, 94047, 94048, 94049, 94050, 94051, 94052, 94053, 94054, 94055, 94056, 94057, 94058, 94060, 94061, 94062, 94063, 94066, 94067, 94069, 94070, 94071, 94073, 94074, 94075, 94076, 94077, 94082, 94083, 94084, 94085, 94087, 94089, 94090, 94091, 94092, 94094, 94096, 94097, 94098, 94099, 94100, 94101, 94102, 94103, 94104, 94105, 94106, 94107, 94108, 94109, 94110, 94111, 94112, 94113, 94114, 94115, 94116, 94117, 94118, 94119, 94120, 94122, 94123, 94124, 94125, 94126, 94128, 94130, 94131, 94133, 94134, 94135, 94136, 94137, 94138, 94139, 94140, 94143, 94145, 94147, 94150, 94151, 94152, 94153, 94154, 94156, 94158, 94160, 94162, 94163, 94164, 94165, 94167, 94168, 94169, 94170, 94171, 94172, 94173, 94174, 94175, 94177, 94178, 94179, 94180, 94181, 94182, 94185, 94186, 94188, 94189, 94190, 94191, 94192, 94194, 94195, 94196, 94197, 94198, 94199, 94200, 94201, 94203, 94204, 94205, 94207, 94208, 94209, 94210, 94212, 94213, 94214, 94215, 94216, 94217, 94219, 94220, 94223, 94224, 94225, 94226, 94229, 94230, 94231, 94233, 94236, 94237, 94238, 94239, 94240, 94241, 94242, 94243, 94244, 94245, 94246, 94247, 94248, 94250, 94251, 94252, 94254, 94255, 94257, 94258, 94259, 94260, 94261, 94262, 94266, 94267, 94269, 94270, 94271, 94273, 94274, 94275, 94278, 94279, 94281, 94282, 94283, 94284, 94285, 94287, 94289, 94290, 94291, 94294, 94295, 94296, 94298, 94299, 94301, 94302, 94303, 94304, 94305, 94306, 94307, 94308, 94309, 94310, 94312, 94313, 94315, 94316, 94317, 94318, 94319, 94320, 94321, 94322, 94323, 94324, 94325, 94326, 94328, 94329, 94330, 94331, 94334, 94337, 94339, 94340, 94341, 94342, 94343, 94344, 94345, 94346, 94347, 94348, 94349, 94350, 94351, 94352, 94353, 94354, 94355, 94356, 94357, 94359, 94360, 94361, 94362, 94364, 94365, 94366, 94368, 94369, 94370, 94371, 94372, 94373, 94376, 94377, 94378, 94379, 94380, 94381, 94382, 94383, 94385, 94387, 94388, 94389, 94390, 94391, 94392, 94396, 94397, 94398, 94399, 94400, 94402, 94405, 94407, 94412, 94414, 94415, 94416, 94417, 94418, 94419, 94420, 94421, 94422, 94423, 94424, 94425, 94426, 94427, 94428, 94429, 94430, 94432, 94433, 94434, 94435, 94436, 94438, 94439, 94442, 94443, 94444, 94446, 94447, 94448, 94449, 94451, 94452, 94453, 94455, 94456, 94457, 94461, 94463, 94464, 94465, 94466, 94468, 94469, 94470, 94471, 94472, 94473, 94474, 94475, 94476, 94477, 94478, 94479, 94480, 94481, 94483, 94484, 94486, 94488, 94489, 94490, 94491, 94492, 94493, 94494, 94495, 94496, 94497, 94498, 94499, 94500, 94501, 94502, 94503, 94504, 94506, 94507, 94508, 94511, 94512, 94513, 94514, 94515, 94516, 94518, 94519, 94520, 94521, 94525, 94526, 94527, 94528, 94531, 94535, 94536, 94537, 94538, 94539, 94540, 94541, 94542, 94545, 94546, 94547, 94548, 94549, 94550, 94551, 94552, 94553, 94555, 94557, 94558, 94559, 94560, 94561, 94562, 94564, 94566, 94567, 94568, 94569, 94571, 94572, 94573, 94575, 94576, 94578, 94579, 94580, 94581, 94582, 94583, 94585, 94586, 94588, 94589, 94590, 94591, 94593, 94594, 94596, 94597, 94598, 94600, 94601, 94602, 94603, 94604, 94605, 94606, 94607, 94608, 94609, 94611, 94612, 94613, 94614, 94615, 94616, 94617, 94618, 94620, 94621, 94622, 94623, 94625, 94626, 94629, 94630, 94631, 94632, 94633, 94634, 94635, 94636, 94637, 94640, 94641, 94642, 94645, 94646, 94647, 94649, 94650, 94651, 94652, 94653, 94655, 94657, 94659, 94660, 94662, 94664, 94665, 94666, 94667, 94668, 94671, 94673, 94674, 94675, 94676, 94677, 94678, 94679, 94680, 94681, 94682, 94683, 94684, 94685, 94687, 94688, 94690, 94691, 94693, 94694, 94695, 94696, 94697, 94698, 94699, 94700, 94701, 94703, 94704, 94705, 94706, 94707, 94708, 94709, 94710, 94711, 94712, 94713, 94714, 94716, 94717, 94718, 94719, 94720, 94722, 94723, 94724, 94725, 94727, 94728, 94729, 94730, 94731, 94732, 94733, 94735, 94736, 94737, 94738, 94740, 94741, 94742, 94743, 94744, 94745, 94748, 94750, 94753, 94754, 94755, 94757, 94758, 94759, 94761, 94762, 94763, 94764, 94765, 94766, 94767, 94768, 94769, 94770, 94772, 94773, 94774, 94775, 94776, 94777, 94778, 94779, 94780, 94781, 94782, 94785, 94786, 94787, 94788, 94789, 94790, 94791, 94793, 94794, 94796, 94797, 94798, 94801, 94802, 94803, 94805, 94806, 94807, 94809, 94810, 94811, 94812, 94813, 94814, 94815, 94816, 94817, 94818, 94819, 94820, 94822, 94823, 94825, 94826, 94827, 94828, 94830, 94831, 94832, 94835, 94837, 94839, 94840, 94841, 94842, 94844, 94845, 94847, 94848, 94849, 94852, 94853, 94854, 94856, 94858, 94859, 94860, 94861, 94863, 94864, 94865, 94866, 94867, 94869, 94870, 94871, 94872, 94873, 94874, 94875, 94876, 94877, 94878, 94879, 94880, 94881, 94883, 94884, 94885, 94886, 94888, 94890, 94891, 94892, 94895, 94896, 94897, 94898, 94899, 94900, 94901, 94902, 94903, 94904, 94905, 94906, 94907, 94908, 94909, 94910, 94911, 94912, 94913, 94915, 94918, 94919, 94920, 94922, 94923, 94924, 94926, 94927, 94928, 94929, 94932, 94933, 94934, 94935, 94936, 94937, 94938, 94939, 94940, 94941, 94942, 94943, 94945, 94946, 94948, 94949, 94951, 94953, 94955, 94956, 94957, 94958, 94959, 94961, 94962, 94963, 94964, 94966, 94967, 94969, 94970, 94972, 94973, 94974, 94975, 94976, 94977, 94978, 94979, 94980, 94981, 94982, 94983, 94984, 94986, 94987, 94989, 94990, 94991, 94992, 94993, 94994, 94995, 94996, 94997, 94998, 94999, 95000, 95001, 95002, 95003, 95005, 95006, 95007, 95008, 95009, 95010, 95012, 95013, 95015, 95016, 95017, 95018, 95019, 95020, 95021, 95023, 95024, 95026, 95027, 95029, 95031, 95032, 95033, 95034, 95035, 95036, 95037, 95038, 95039, 95042, 95043, 95044, 95045, 95046, 95047, 95048, 95049, 95050, 95051, 95052, 95053, 95054, 95055, 95056, 95057, 95059, 95060, 95061, 95063, 95064, 95065, 95066, 95067, 95069, 95070, 95071, 95073, 95074, 95076, 95077, 95078, 95079, 95080, 95081, 95082, 95084, 95086, 95087, 95088, 95089, 95091, 95092, 95093, 95094, 95095, 95096, 95097, 95098, 95099, 95100, 95101, 95102, 95103, 95104, 95105, 95106, 95108, 95109, 95110, 95111, 95113, 95114, 95115, 95118, 95120, 95121, 95122, 95123, 95124, 95125, 95127, 95129, 95130, 95132, 95133, 95134, 95135, 95136, 95137, 95138, 95140, 95141, 95142, 95143, 95144, 95145, 95146, 95147, 95149, 95152, 95153, 95154, 95155, 95156, 95157, 95158, 95159, 95160, 95163, 95164, 95166, 95167, 95168, 95170, 95171, 95172, 95173, 95174, 95175, 95176, 95177, 95178, 95182, 95183, 95184, 95185, 95186, 95189, 95190, 95191, 95193, 95194, 95195, 95196, 95197, 95199, 95202, 95204, 95206, 95209, 95210, 95211, 95212, 95215, 95216, 95219, 95220, 95221, 95222, 95223, 95224, 95225, 95227, 95228, 95229, 95230, 95231, 95232, 95233, 95234, 95235, 95236, 95237, 95238, 95239, 95240, 95241, 95242, 95243, 95244, 95245, 95246, 95247, 95248, 95249, 95250, 95251, 95252, 95253, 95254, 95257, 95259, 95260, 95261, 95263, 95264, 95265, 95266, 95267, 95268, 95269, 95270, 95272, 95273, 95274, 95275, 95276, 95278, 95279, 95280, 95282, 95283, 95284, 95285, 95286, 95287, 95289, 95290, 95291, 95292, 95295, 95296, 95297, 95298, 95299, 95300, 95301, 95302, 95303, 95304, 95305, 95306, 95307, 95308, 95310, 95311, 95312, 95313, 95314, 95315, 95316, 95319, 95320, 95321, 95322, 95323, 95324, 95325, 95326, 95327, 95328, 95329, 95330, 95331, 95332, 95333, 95334, 95335, 95336, 95337, 95338, 95339, 95341, 95342, 95343, 95344, 95345, 95346, 95347, 95348, 95349, 95350, 95353, 95354, 95355, 95356, 95358, 95359, 95360, 95361, 95362, 95363, 95366, 95367, 95368, 95369, 95371, 95372, 95373, 95374, 95377, 95378, 95381, 95382, 95385, 95386, 95387, 95391, 95392, 95394, 95395, 95396, 95398, 95399, 95400, 95402, 95403, 95404, 95406, 95407, 95408, 95410, 95411, 95412, 95413, 95414, 95415, 95416, 95417, 95418, 95419, 95421, 95424, 95425, 95427, 95428, 95429, 95430, 95431, 95432, 95433, 95434, 95436, 95438, 95440, 95442, 95443, 95444, 95445, 95447, 95448, 95449, 95450, 95451, 95453, 95454, 95455, 95456, 95457, 95458, 95459, 95460, 95461, 95463, 95464, 95465, 95466, 95467, 95468, 95469, 95470, 95471, 95472, 95474, 95475, 95477, 95478, 95480, 95481, 95482, 95483, 95485, 95486, 95487, 95488, 95489, 95490, 95491, 95492, 95493, 95495, 95496, 95497, 95498, 95499, 95500, 95501, 95505, 95506, 95507, 95508, 95510, 95512, 95513, 95514, 95515, 95516, 95517, 95518, 95519, 95524, 95525, 95526, 95527, 95528, 95530, 95533, 95535, 95536, 95537, 95538, 95539, 95540, 95541, 95542, 95543, 95545, 95547, 95549, 95551, 95552, 95553, 95555, 95556, 95557, 95558, 95560, 95561, 95562, 95563, 95564, 95565, 95566, 95567, 95568, 95569, 95570, 95571, 95572, 95573, 95575, 95576, 95577, 95578, 95579, 95583, 95584, 95585, 95586, 95587, 95588, 95589, 95590, 95591, 95592, 95593, 95594, 95595, 95596, 95599, 95600, 95601, 95602, 95603, 95604, 95605, 95606, 95607, 95608, 95610, 95611, 95613, 95614, 95621, 95622, 95624, 95626, 95628, 95629, 95630, 95631, 95632, 95633, 95636, 95637, 95640, 95641, 95643, 95644, 95645, 95646, 95647, 95648, 95649, 95650, 95651, 95652, 95653, 95655, 95657, 95659, 95660, 95661, 95662, 95663, 95665, 95666, 95667, 95668, 95669, 95670, 95671, 95672, 95674, 95675, 95677, 95678, 95679, 95680, 95681, 95683, 95684, 95685, 95686, 95688, 95690, 95691, 95692, 95693, 95694, 95695, 95696, 95697, 95698, 95699, 95700, 95701, 95703, 95704, 95705, 95706, 95707, 95708, 95709, 95710, 95711, 95712, 95713, 95714, 95715, 95716, 95717, 95718, 95719, 95720, 95721, 95722, 95723, 95724, 95728, 95731, 95732, 95734, 95735, 95736, 95737, 95740, 95741, 95743, 95744, 95745, 95748, 95749, 95750, 95751, 95752, 95753, 95754, 95755, 95756, 95757, 95758, 95759, 95760, 95761, 95762, 95763, 95764, 95765, 95766, 95768, 95769, 95770, 95771, 95772, 95773, 95774, 95775, 95776, 95777, 95778, 95779, 95780, 95782, 95785, 95786, 95787, 95788, 95789, 95790, 95792, 95793, 95794, 95795, 95796, 95797, 95798, 95799, 95800, 95802, 95803, 95804, 95805, 95807, 95808, 95809, 95810, 95813, 95814, 95815, 95816, 95817, 95818, 95820, 95821, 95822, 95823, 95824, 95825, 95826, 95827, 95828, 95829, 95830, 95832, 95833, 95834, 95835, 95837, 95840, 95841, 95842, 95844, 95845, 95848, 95849, 95851, 95852, 95853, 95854, 95856, 95859, 95861, 95862, 95863, 95864, 95865, 95866, 95867, 95868, 95870, 95871, 95872, 95874, 95875, 95876, 95877, 95878, 95879, 95880, 95881, 95882, 95883, 95884, 95885, 95887, 95888, 95889, 95890, 95891, 95893, 95894, 95895, 95896, 95897, 95898, 95899, 95900, 95901, 95903, 95904, 95905, 95906, 95907, 95909, 95910, 95911, 95912, 95913, 95915, 95916, 95917, 95918, 95919, 95921, 95922, 95923, 95924, 95925, 95926, 95927, 95928, 95930, 95931, 95932, 95934, 95935, 95936, 95937, 95938, 95939, 95940, 95941, 95943, 95944, 95946, 95948, 95949, 95950, 95951, 95952, 95953, 95956, 95957, 95958, 95959, 95961, 95962, 95963, 95964, 95965, 95966, 95967, 95968, 95969, 95970, 95971, 95972, 95973, 95974, 95976, 95977, 95978, 95979, 95982, 95983, 95984, 95985, 95986, 95987, 95990, 95992, 95993, 95994, 95995, 95996, 95997, 95998, 95999, 96001, 96004, 96005, 96007, 96008, 96009, 96011, 96014, 96016, 96017, 96019, 96020, 96021, 96022, 96024, 96025, 96026, 96027, 96030, 96031, 96032, 96034, 96035, 96036, 96037, 96039, 96040, 96041, 96043, 96044, 96045, 96046, 96047, 96048, 96051, 96052, 96053, 96054, 96056, 96057, 96058, 96059, 96060, 96061, 96062, 96064, 96065, 96067, 96070, 96071, 96072, 96073, 96074, 96075, 96076, 96077, 96079, 96080, 96081, 96082, 96083, 96084, 96085, 96087, 96088, 96090, 96091, 96092, 96093, 96096, 96097, 96098, 96099, 96100, 96101, 96102, 96103, 96104, 96105, 96107, 96108, 96109, 96110, 96111, 96112, 96113, 96114, 96115, 96116, 96118, 96119, 96120, 96121, 96122, 96123, 96125, 96126, 96127, 96128, 96131, 96132, 96133, 96134, 96136, 96137, 96138, 96139, 96140, 96142, 96143, 96144, 96145, 96146, 96147, 96148, 96150, 96151, 96153, 96154, 96156, 96157, 96158, 96159, 96160, 96161, 96162, 96164, 96165, 96168, 96169, 96170, 96171, 96172, 96173, 96174, 96176, 96178, 96179, 96180, 96181, 96182, 96183, 96184, 96185, 96188, 96189, 96190, 96191, 96192, 96193, 96194, 96196, 96197, 96198, 96199, 96203, 96204, 96206, 96207, 96210, 96211, 96212, 96213, 96214, 96215, 96216, 96217, 96218, 96219, 96220, 96221, 96222, 96223, 96224, 96225, 96226, 96229, 96230, 96231, 96232, 96233, 96235, 96236, 96237, 96238, 96239, 96240, 96241, 96242, 96244, 96246, 96247, 96248, 96249, 96251, 96252, 96253, 96255, 96256, 96257, 96258, 96259, 96260, 96261, 96262, 96263, 96264, 96266, 96267, 96268, 96269, 96270, 96272, 96273, 96274, 96275, 96276, 96277, 96278, 96280, 96281, 96282, 96283, 96284, 96285, 96286, 96287, 96288, 96289, 96290, 96291, 96292, 96293, 96296, 96297, 96298, 96299, 96300, 96301, 96302, 96303, 96304, 96305, 96306, 96308, 96310, 96311, 96312, 96313, 96314, 96315, 96316, 96318, 96319, 96320, 96322, 96323, 96324, 96325, 96326, 96328, 96329, 96330, 96331, 96332, 96333, 96335, 96337, 96338, 96339, 96340, 96341, 96342, 96343, 96344, 96345, 96347, 96349, 96350, 96352, 96353, 96354, 96356, 96357, 96359, 96360, 96361, 96362, 96363, 96364, 96365, 96366, 96367, 96372, 96374, 96377, 96378, 96379, 96380, 96381, 96384, 96385, 96386, 96387, 96388, 96389, 96390, 96391, 96393, 96394, 96395, 96398, 96399, 96401, 96402, 96403, 96404, 96406, 96407, 96408, 96411, 96413, 96414, 96415, 96416, 96417, 96418, 96419, 96421, 96422, 96423, 96426, 96427, 96428, 96429, 96430, 96431, 96432, 96433, 96434, 96435, 96436, 96437, 96438, 96439, 96440, 96444, 96446, 96447, 96448, 96451, 96452, 96453, 96454, 96457, 96458, 96459, 96463, 96464, 96465, 96466, 96469, 96470, 96472, 96473, 96474, 96475, 96476, 96478, 96479, 96480, 96481, 96482, 96483, 96484, 96485, 96486, 96487, 96490, 96491, 96492, 96493, 96494, 96495, 96496, 96497, 96498, 96499, 96502, 96503, 96504, 96506, 96509, 96510, 96511, 96513, 96515, 96517, 96518, 96519, 96520, 96521, 96522, 96523, 96524, 96525, 96526, 96527, 96530, 96531, 96533, 96534, 96535, 96536, 96538, 96539, 96541, 96542, 96544, 96548, 96555, 96557, 96558, 96560, 96561, 96562, 96563, 96564, 96565, 96566, 96567, 96568, 96569, 96570, 96571, 96573, 96574, 96575, 96576, 96578, 96580, 96581, 96582, 96583, 96584, 96585, 96587, 96588, 96589, 96591, 96592, 96593, 96595, 96596, 96599, 96600, 96602, 96604, 96605, 96606, 96607, 96609, 96610, 96611, 96614, 96615, 96616, 96617, 96618, 96619, 96621, 96623, 96625, 96626, 96627, 96628, 96630, 96631, 96632, 96633, 96635, 96636, 96638, 96640, 96643, 96644, 96645, 96646, 96647, 96648, 96649, 96650, 96651, 96652, 96653, 96654, 96656, 96658, 96659, 96660, 96661, 96663, 96664, 96666, 96667, 96669, 96670, 96672, 96673, 96675, 96676, 96677, 96680, 96683, 96685, 96686, 96687, 96688, 96689, 96690, 96691, 96692, 96693, 96694, 96695, 96696, 96697, 96698, 96699, 96700, 96701, 96702, 96703, 96704, 96705, 96707, 96708, 96710, 96712, 96713, 96714, 96715, 96716, 96717, 96718, 96719, 96720, 96721, 96722, 96724, 96725, 96727, 96728, 96729, 96730, 96731, 96732, 96733, 96734, 96735, 96736, 96738, 96739, 96740, 96741, 96742, 96743, 96745, 96746, 96747, 96748, 96750, 96752, 96753, 96754, 96755, 96756, 96758, 96759, 96760, 96761, 96762, 96763, 96764, 96765, 96766, 96767, 96768, 96769, 96770, 96771, 96772, 96773, 96774, 96775, 96776, 96777, 96778, 96781, 96782, 96783, 96785, 96786, 96788, 96789, 96790, 96791, 96792, 96793, 96794, 96795, 96799, 96801, 96802, 96803, 96804, 96806, 96808, 96809, 96810, 96811, 96815, 96816, 96817, 96818, 96819, 96820, 96821, 96822, 96823, 96824, 96825, 96826, 96827, 96828, 96829, 96830, 96831, 96832, 96833, 96834, 96835, 96836, 96837, 96838, 96839, 96841, 96842, 96843, 96845, 96846, 96848, 96849, 96850, 96852, 96853, 96854, 96855, 96856, 96857, 96858, 96860, 96861, 96862, 96863, 96864, 96865, 96866, 96867, 96868, 96869, 96870, 96871, 96872, 96873, 96875, 96876, 96877, 96878, 96880, 96881, 96882, 96883, 96884, 96885, 96886, 96887, 96888, 96889, 96890, 96891, 96892, 96893, 96894, 96895, 96896, 96897, 96898, 96899, 96901, 96904, 96905, 96907, 96908, 96910, 96911, 96913, 96914, 96915, 96916, 96917, 96918, 96919, 96920, 96921, 96922, 96924, 96925, 96926, 96927, 96928, 96929, 96931, 96932, 96933, 96935, 96936, 96938, 96939, 96940, 96941, 96943, 96944, 96945, 96946, 96948, 96949, 96952, 96953, 96954, 96956, 96957, 96958, 96959, 96960, 96963, 96964, 96965, 96966, 96967, 96968, 96970, 96971, 96973, 96974, 96976, 96977, 96978, 96979, 96980, 96981, 96982, 96983, 96984, 96985, 96986, 96987, 96989, 96990, 96991, 96992, 96993, 96994, 96996, 96997, 96998, 97000, 97001, 97002, 97003, 97005, 97006, 97007, 97008, 97009, 97010, 97012, 97013, 97014, 97016, 97017, 97018, 97019, 97020, 97021, 97022, 97023, 97024, 97025, 97026, 97027, 97028, 97029, 97032, 97033, 97034, 97035, 97038, 97039, 97040, 97042, 97043, 97044, 97045, 97046, 97047, 97048, 97049, 97050, 97051, 97052, 97053, 97054, 97055, 97057, 97058, 97059, 97060, 97061, 97062, 97064, 97065, 97066, 97069, 97070, 97071, 97072, 97073, 97074, 97075, 97076, 97077, 97078, 97079, 97080, 97081, 97082, 97088, 97089, 97091, 97092, 97093, 97094, 97095, 97096, 97098, 97099, 97100, 97101, 97102, 97103, 97104, 97105, 97107, 97108, 97109, 97110, 97111, 97112, 97113, 97117, 97118, 97120, 97122, 97123, 97124, 97125, 97127, 97128, 97130, 97131, 97133, 97134, 97135, 97136, 97137, 97138, 97139, 97141, 97143, 97144, 97145, 97146, 97147, 97148, 97149, 97150, 97151, 97152, 97154, 97155, 97156, 97157, 97158, 97159, 97160, 97162, 97165, 97166, 97168, 97169, 97170, 97173, 97174, 97175, 97176, 97178, 97179, 97180, 97181, 97183, 97184, 97185, 97187, 97188, 97189, 97190, 97191, 97192, 97193, 97194, 97196, 97197, 97199, 97200, 97204, 97206, 97207, 97208, 97210, 97211, 97212, 97213, 97214, 97215, 97216, 97217, 97218, 97219, 97220, 97221, 97222, 97224, 97225, 97227, 97229, 97230, 97231, 97232, 97233, 97234, 97235, 97236, 97237, 97238, 97239, 97240, 97241, 97243, 97244, 97245, 97246, 97247, 97248, 97250, 97254, 97255, 97256, 97257, 97258, 97259, 97260, 97262, 97263, 97265, 97266, 97267, 97268, 97269, 97272, 97274, 97275, 97277, 97278, 97279, 97280, 97282, 97283, 97284, 97286, 97287, 97288, 97289, 97291, 97292, 97293, 97294, 97295, 97296, 97297, 97298, 97299, 97300, 97301, 97302, 97303, 97305, 97306, 97307, 97308, 97309, 97310, 97313, 97315, 97316, 97317, 97318, 97319, 97320, 97321, 97322, 97323, 97324, 97326, 97330, 97332, 97333, 97335, 97336, 97337, 97338, 97339, 97342, 97343, 97344, 97345, 97347, 97349, 97350, 97352, 97353, 97354, 97355, 97357, 97358, 97361, 97362, 97363, 97364, 97365, 97367, 97368, 97369, 97370, 97371, 97372, 97373, 97374, 97376, 97377, 97378, 97379, 97380, 97381, 97383, 97384, 97385, 97386, 97387, 97389, 97390, 97391, 97392, 97393, 97394, 97395, 97399, 97400, 97401, 97402, 97403, 97404, 97405, 97406, 97407, 97408, 97409, 97410, 97411, 97412, 97413, 97416, 97417, 97419, 97421, 97422, 97423, 97424, 97427, 97431, 97432, 97435, 97436, 97437, 97438, 97439, 97440, 97441, 97445, 97447, 97448, 97449, 97450, 97451, 97452, 97453, 97454, 97455, 97456, 97458, 97460, 97461, 97462, 97463, 97464, 97465, 97466, 97467, 97468, 97470, 97471, 97472, 97473, 97474, 97475, 97476, 97477, 97478, 97479, 97481, 97482, 97483, 97485, 97486, 97487, 97488, 97489, 97490, 97491, 97492, 97493, 97494, 97495, 97496, 97497, 97499, 97501, 97502, 97503, 97504, 97505, 97506, 97507, 97509, 97510, 97511, 97512, 97513, 97514, 97515, 97516, 97517, 97518, 97519, 97520, 97522, 97523, 97525, 97526, 97527, 97529, 97530, 97531, 97532, 97533, 97534, 97535, 97536, 97538, 97539, 97541, 97542, 97545, 97546, 97547, 97548, 97550, 97551, 97552, 97553, 97554, 97555, 97556, 97557, 97558, 97559, 97560, 97561, 97562, 97564, 97565, 97566, 97567, 97568, 97570, 97571, 97572, 97573, 97575, 97576, 97577, 97578, 97579, 97581, 97583, 97585, 97587, 97588, 97589, 97590, 97591, 97592, 97593, 97594, 97595, 97596, 97597, 97598, 97599, 97601, 97602, 97603, 97605, 97606, 97607, 97610, 97611, 97613, 97614, 97616, 97617, 97619, 97621, 97622, 97623, 97624, 97625, 97626, 97627, 97628, 97629, 97630, 97631, 97632, 97633, 97634, 97635, 97637, 97639, 97640, 97641, 97642, 97643, 97644, 97645, 97646, 97647, 97648, 97649, 97651, 97652, 97653, 97654, 97655, 97656, 97657, 97658, 97659, 97660, 97662, 97663, 97664, 97665, 97667, 97668, 97669, 97670, 97671, 97672, 97673, 97674, 97675, 97676, 97677, 97678, 97679, 97680, 97681, 97682, 97685, 97686, 97687, 97688, 97689, 97691, 97692, 97693, 97694, 97695, 97696, 97697, 97699, 97700, 97701, 97703, 97705, 97706, 97707, 97708, 97709, 97711, 97712, 97713, 97715, 97716, 97717, 97718, 97720, 97721, 97722, 97723, 97724, 97725, 97726, 97727, 97729, 97731, 97732, 97736, 97738, 97739, 97740, 97741, 97742, 97743, 97744, 97745, 97746, 97748, 97749, 97750, 97753, 97754, 97755, 97756, 97757, 97758, 97759, 97760, 97761, 97762, 97764, 97765, 97766, 97767, 97768, 97769, 97770, 97771, 97772, 97773, 97774, 97775, 97776, 97778, 97779, 97780, 97781, 97782, 97783, 97784, 97785, 97786, 97787, 97788, 97789, 97790, 97791, 97792, 97793, 97794, 97795, 97796, 97797, 97799, 97801, 97802, 97803, 97804, 97805, 97806, 97807, 97811, 97812, 97813, 97814, 97815, 97816, 97817, 97819, 97820, 97822, 97823, 97824, 97825, 97826, 97827, 97829, 97830, 97832, 97834, 97835, 97836, 97837, 97838, 97839, 97840, 97841, 97842, 97843, 97844, 97845, 97846, 97847, 97849, 97850, 97851, 97852, 97853, 97854, 97855, 97856, 97857, 97858, 97859, 97861, 97862, 97864, 97865, 97866, 97867, 97869, 97870, 97872, 97873, 97874, 97875, 97876, 97878, 97879, 97880, 97881, 97882, 97883, 97884, 97885, 97886, 97887, 97888, 97889, 97890, 97891, 97892, 97893, 97894, 97895, 97897, 97898, 97902, 97903, 97905, 97907, 97908, 97909, 97910, 97911, 97912, 97913, 97916, 97917, 97918, 97919, 97920, 97922, 97923, 97924, 97925, 97926, 97927, 97928, 97929, 97930, 97931, 97932, 97933, 97934, 97935, 97936, 97937, 97938, 97939, 97940, 97941, 97942, 97943, 97944, 97946, 97948, 97949, 97951, 97952, 97953, 97955, 97956, 97957, 97958, 97960, 97962, 97965, 97966, 97967, 97968, 97969, 97970, 97972, 97973, 97974, 97975, 97976, 97978, 97979, 97982, 97983, 97984, 97985, 97986, 97987, 97988, 97990, 97991, 97992, 97993, 97995, 97996, 97997, 98001, 98002, 98004, 98005, 98007, 98008, 98009, 98010, 98011, 98012, 98014, 98015, 98016, 98017, 98020, 98022, 98023, 98024, 98026, 98027, 98028, 98030, 98031, 98032, 98033, 98034, 98035, 98036, 98037, 98038, 98039, 98040, 98043, 98044, 98046, 98047, 98048, 98049, 98050, 98051, 98052, 98053, 98054, 98055, 98056, 98057, 98058, 98061, 98063, 98064, 98065, 98066, 98067, 98068, 98071, 98072, 98073, 98074, 98075, 98076, 98078, 98079, 98080, 98081, 98082, 98084, 98085, 98086, 98087, 98088, 98089, 98090, 98091, 98092, 98093, 98095, 98096, 98097, 98099, 98100, 98101, 98102, 98103, 98104, 98109, 98110, 98111, 98112, 98113, 98114, 98115, 98117, 98118, 98119, 98120, 98121, 98123, 98124, 98125, 98127, 98128, 98129, 98133, 98134, 98135, 98136, 98137, 98138, 98139, 98140, 98142, 98143, 98144, 98145, 98146, 98148, 98152, 98153, 98154, 98156, 98157, 98158, 98159, 98160, 98161, 98162, 98163, 98164, 98165, 98166, 98167, 98168, 98169, 98171, 98172, 98173, 98174, 98175, 98177, 98178, 98179, 98180, 98181, 98182, 98183, 98184, 98185, 98186, 98188, 98189, 98190, 98191, 98192, 98193, 98194, 98196, 98197, 98199, 98200, 98201, 98202, 98203, 98204, 98205, 98206, 98207, 98208, 98209, 98210, 98211, 98214, 98215, 98216, 98217, 98218, 98219, 98221, 98222, 98227, 98228, 98230, 98231, 98232, 98233, 98235, 98236, 98237, 98238, 98239, 98241, 98242, 98243, 98245, 98247, 98248, 98249, 98252, 98253, 98255, 98256, 98257, 98258, 98260, 98261, 98262, 98263, 98264, 98265, 98267, 98269, 98270, 98271, 98272, 98273, 98276, 98277, 98278, 98279, 98281, 98282, 98283, 98284, 98286, 98287, 98288, 98291, 98292, 98293, 98295, 98296, 98300, 98301, 98304, 98305, 98307, 98308, 98309, 98310, 98311, 98312, 98313, 98314, 98315, 98316, 98317, 98318, 98319, 98320, 98324, 98325, 98327, 98328, 98330, 98331, 98333, 98335, 98336, 98337, 98338, 98339, 98340, 98341, 98342, 98343, 98345, 98347, 98349, 98350, 98351, 98352, 98353, 98354, 98355, 98357, 98358, 98360, 98362, 98363, 98364, 98365, 98368, 98369, 98370, 98372, 98373, 98374, 98375, 98377, 98378, 98380, 98381, 98383, 98384, 98386, 98387, 98388, 98389, 98390, 98391, 98393, 98394, 98395, 98396, 98397, 98398, 98401, 98402, 98403, 98405, 98406, 98408, 98409, 98410, 98411, 98412, 98413, 98414, 98415, 98416, 98417, 98418, 98419, 98420, 98421, 98422, 98423, 98426, 98428, 98429, 98430, 98431, 98432, 98433, 98434, 98435, 98437, 98438, 98439, 98441, 98442, 98443, 98444, 98445, 98446, 98453, 98455, 98457, 98458, 98459, 98460, 98461, 98462, 98463, 98464, 98465, 98466, 98467, 98468, 98469, 98471, 98472, 98474, 98475, 98476, 98479, 98480, 98482, 98483, 98486, 98487, 98488, 98489, 98490, 98491, 98492, 98493, 98494, 98495, 98496, 98497, 98498, 98499, 98500, 98501, 98502, 98503, 98505, 98507, 98508, 98509, 98510, 98511, 98513, 98515, 98516, 98519, 98520, 98521, 98524, 98525, 98528, 98530, 98531, 98532, 98533, 98534, 98535, 98536, 98538, 98539, 98540, 98541, 98542, 98543, 98544, 98545, 98546, 98547, 98549, 98550, 98551, 98552, 98553, 98554, 98555, 98556, 98557, 98560, 98561, 98562, 98563, 98564, 98565, 98566, 98567, 98568, 98569, 98570, 98571, 98573, 98574, 98575, 98576, 98577, 98578, 98579, 98581, 98582, 98584, 98585, 98586, 98587, 98588, 98589, 98591, 98593, 98594, 98595, 98596, 98597, 98598, 98599, 98600, 98601, 98602, 98603, 98604, 98606, 98607, 98608, 98609, 98610, 98611, 98614, 98615, 98616, 98617, 98618, 98619, 98620, 98621, 98622, 98623, 98624, 98625, 98626, 98627, 98628, 98631, 98632, 98633, 98634, 98635, 98637, 98638, 98639, 98641, 98642, 98644, 98645, 98646, 98647, 98648, 98649, 98650, 98651, 98652, 98653, 98654, 98655, 98656, 98657, 98658, 98660, 98662, 98663, 98664, 98665, 98666, 98667, 98668, 98669, 98670, 98671, 98672, 98673, 98674, 98676, 98678, 98680, 98681, 98682, 98683, 98684, 98688, 98689, 98690, 98691, 98694, 98695, 98696, 98699, 98700, 98701, 98702, 98703, 98704, 98705, 98706, 98707, 98708, 98710, 98711, 98712, 98713, 98715, 98716, 98717, 98718, 98721, 98723, 98724, 98725, 98727, 98728, 98729, 98730, 98731, 98732, 98733, 98734, 98735, 98736, 98738, 98740, 98742, 98743, 98745, 98746, 98749, 98750, 98752, 98753, 98754, 98755, 98756, 98757, 98758, 98759, 98760, 98761, 98762, 98765, 98766, 98769, 98770, 98771, 98772, 98773, 98774, 98775, 98776, 98778, 98779, 98780, 98781, 98782, 98783, 98784, 98785, 98786, 98787, 98789, 98790, 98792, 98793, 98794, 98795, 98796, 98797, 98798, 98800, 98802, 98803, 98805, 98806, 98807, 98810, 98812, 98814, 98816, 98817, 98818, 98819, 98820, 98821, 98823, 98825, 98826, 98827, 98828, 98829, 98830, 98831, 98832, 98835, 98837, 98839, 98840, 98842, 98844, 98845, 98846, 98847, 98848, 98849, 98850, 98851, 98852, 98853, 98854, 98855, 98857, 98859, 98860, 98861, 98862, 98863, 98864, 98865, 98868, 98869, 98870, 98872, 98875, 98876, 98877, 98879, 98881, 98882, 98883, 98884, 98885, 98887, 98888, 98889, 98890, 98891, 98892, 98893, 98894, 98896, 98897, 98898, 98901, 98902, 98903, 98904, 98905, 98906, 98908, 98909, 98910, 98911, 98912, 98913, 98914, 98915, 98916, 98918, 98919, 98921, 98922, 98923, 98924, 98926, 98930, 98932, 98933, 98934, 98935, 98936, 98937, 98939, 98940, 98941, 98942, 98944, 98945, 98947, 98949, 98952, 98953, 98954, 98955, 98957, 98959, 98961, 98962, 98963, 98964, 98965, 98967, 98968, 98969, 98971, 98973, 98974, 98975, 98976, 98977, 98978, 98979, 98980, 98981, 98982, 98983, 98984, 98985, 98987, 98988, 98990, 98991, 98993, 98995, 98996, 98997, 98998, 98999, 99000, 99001, 99002, 99003, 99005, 99006, 99007, 99008, 99009, 99010, 99011, 99012, 99013, 99014, 99016, 99017, 99018, 99019, 99020, 99021, 99023, 99024, 99025, 99026, 99028, 99029, 99031, 99033, 99034, 99035, 99036, 99037, 99039, 99040, 99041, 99042, 99043, 99044, 99047, 99048, 99049, 99050, 99051, 99052, 99054, 99055, 99056, 99057, 99058, 99059, 99060, 99061, 99062, 99063, 99064, 99065, 99067, 99068, 99069, 99070, 99071, 99072, 99074, 99075, 99076, 99077, 99078, 99079, 99080, 99081, 99082, 99083, 99085, 99086, 99087, 99088, 99089, 99090, 99092, 99093, 99094, 99095, 99096, 99097, 99098, 99100, 99101, 99102, 99103, 99105, 99106, 99108, 99110, 99111, 99113, 99115, 99116, 99117, 99118, 99119, 99120, 99121, 99123, 99125, 99126, 99127, 99128, 99130, 99131, 99132, 99133, 99134, 99135, 99136, 99137, 99138, 99139, 99140, 99142, 99143, 99145, 99146, 99147, 99149, 99150, 99151, 99152, 99153, 99155, 99156, 99157, 99159, 99160, 99161, 99162, 99163, 99166, 99167, 99168, 99169, 99170, 99171, 99172, 99173, 99174, 99175, 99176, 99177, 99178, 99179, 99181, 99182, 99184, 99185, 99186, 99187, 99188, 99189, 99190, 99192, 99193, 99194, 99195, 99196, 99198, 99199, 99200, 99205, 99206, 99207, 99208, 99209, 99210, 99211, 99212, 99213, 99214, 99216, 99218, 99220, 99221, 99223, 99224, 99225, 99226, 99227, 99229, 99230, 99231, 99234, 99236, 99237, 99238, 99240, 99241, 99242, 99243, 99245, 99246, 99247, 99248, 99249, 99250, 99251, 99253, 99254, 99257, 99259, 99261, 99262, 99263, 99264, 99265, 99266, 99268, 99269, 99270, 99271, 99272, 99273, 99274, 99275, 99276, 99277, 99278, 99279, 99280, 99281, 99282, 99283, 99284, 99285, 99286, 99287, 99288, 99289, 99290, 99292, 99293, 99295, 99296, 99297, 99298, 99299, 99301, 99302, 99303, 99304, 99305, 99306, 99307, 99308, 99309, 99310, 99311, 99312, 99313, 99315, 99316, 99317, 99318, 99320, 99321, 99322, 99323, 99324, 99325, 99326, 99328, 99329, 99330, 99331, 99332, 99333, 99334, 99335, 99336, 99337, 99338, 99339, 99340, 99341, 99342, 99343, 99345, 99346, 99347, 99348, 99349, 99351, 99353, 99354, 99355, 99357, 99358, 99359, 99360, 99362, 99363, 99364, 99365, 99366, 99367, 99369, 99372, 99373, 99374, 99375, 99376, 99380, 99381, 99382, 99383, 99384, 99385, 99386, 99387, 99388, 99389, 99390, 99391, 99392, 99394, 99395, 99396, 99397, 99399, 99400, 99401, 99402, 99403, 99404, 99405, 99411, 99412, 99414, 99417, 99420, 99421, 99422, 99423, 99424, 99425, 99426, 99428, 99430, 99431, 99432, 99433, 99434, 99435, 99436, 99437, 99438, 99439, 99440, 99441, 99442, 99444, 99445, 99446, 99447, 99448, 99449, 99450, 99451, 99452, 99453, 99454, 99455, 99456, 99457, 99458, 99460, 99463, 99465, 99468, 99469, 99471, 99474, 99475, 99479, 99480, 99482, 99484, 99485, 99486, 99487, 99488, 99489, 99491, 99492, 99493, 99494, 99495, 99497, 99498, 99499, 99500, 99503, 99504, 99505, 99506, 99508, 99509, 99510, 99511, 99512, 99513, 99517, 99519, 99521, 99522, 99523, 99524, 99525, 99527, 99528, 99530, 99532, 99533, 99534, 99535, 99536, 99537, 99538, 99539, 99540, 99541, 99542, 99543, 99544, 99545, 99546, 99547, 99548, 99549, 99551, 99552, 99553, 99554, 99555, 99557, 99558, 99559, 99560, 99561, 99562, 99563, 99566, 99567, 99568, 99569, 99570, 99571, 99572, 99573, 99574, 99575, 99576, 99577, 99578, 99579, 99580, 99581, 99582, 99584, 99585, 99586, 99587, 99589, 99590, 99592, 99595, 99596, 99598, 99599, 99600, 99601, 99602, 99605, 99607, 99609, 99610, 99611, 99613, 99614, 99615, 99617, 99618, 99620, 99621, 99622, 99623, 99624, 99626, 99627, 99628, 99629, 99630, 99631, 99633, 99634, 99635, 99637, 99640, 99641, 99642, 99643, 99644, 99645, 99646, 99647, 99648, 99649, 99650, 99652, 99653, 99654, 99655, 99656, 99657, 99659, 99660, 99661, 99662, 99663, 99665, 99666, 99667, 99668, 99669, 99670, 99671, 99672, 99673, 99674, 99675, 99676, 99677, 99678, 99679, 99680, 99681, 99683, 99684, 99685, 99686, 99687, 99691, 99692, 99695, 99698, 99700, 99701, 99703, 99704, 99705, 99706, 99707, 99709, 99711, 99712, 99713, 99714, 99715, 99716, 99718, 99719, 99720, 99721, 99722, 99723, 99724, 99725, 99726, 99727, 99728, 99730, 99732, 99733, 99734, 99735, 99736, 99739, 99740, 99741, 99742, 99743, 99744, 99745, 99746, 99747, 99748, 99750, 99751, 99753, 99754, 99756, 99757, 99758, 99759, 99760, 99761, 99762, 99763, 99764, 99767, 99768, 99769, 99770, 99773, 99774, 99775, 99776, 99777, 99778, 99779, 99780, 99781, 99782, 99784, 99785, 99788, 99790, 99791, 99793, 99794, 99795, 99797, 99798, 99799, 99800, 99801, 99802, 99803, 99804, 99806, 99807, 99809, 99810, 99811, 99812, 99813, 99814, 99815, 99816, 99817, 99818, 99819, 99823, 99824, 99826, 99827, 99828, 99829, 99830, 99831, 99832, 99833, 99836, 99837, 99838, 99840, 99841, 99842, 99843, 99845, 99846, 99847, 99848, 99850, 99851, 99853, 99854, 99855, 99856, 99857, 99858, 99859, 99860, 99861, 99862, 99864, 99865, 99866, 99867, 99868, 99869, 99870, 99871, 99872, 99873, 99874, 99875, 99876, 99877, 99878, 99879, 99880, 99882, 99883, 99884, 99888, 99890, 99891, 99892, 99893, 99894, 99896, 99897, 99898, 99899, 99900, 99901, 99902, 99903, 99904, 99905, 99906, 99908, 99909, 99910, 99911, 99912, 99913, 99914, 99915, 99916, 99917, 99918, 99919, 99920, 99921, 99922, 99923, 99924, 99925, 99926, 99927, 99928, 99929, 99930, 99931, 99932, 99933, 99934, 99936, 99937, 99938, 99939, 99940, 99941, 99943, 99944, 99945, 99946, 99947, 99949, 99950, 99951, 99952, 99953, 99954, 99956, 99957, 99959, 99960, 99961, 99962, 99965, 99966, 99967, 99968, 99969, 99971, 99973, 99974, 99975, 99976, 99977, 99978, 99979, 99981, 99982, 99983, 99984, 99985, 99986, 99987, 99989, 99990, 99993, 99994, 99995, 99996, 99999, 100000, 100001, 100002, 100003, 100004, 100005, 100007, 100008, 100009, 100010, 100011, 100012, 100013, 100014, 100016, 100017, 100018, 100019, 100020, 100023, 100024, 100026, 100027, 100028, 100030, 100031, 100032, 100033, 100036, 100037, 100038, 100039, 100040, 100041, 100042, 100043, 100044, 100045, 100046, 100047, 100048, 100051, 100052, 100053, 100054, 100055, 100056, 100057, 100058, 100059, 100060, 100064, 100065, 100066, 100067, 100069, 100070, 100071, 100073, 100074, 100075, 100076, 100077, 100078, 100080, 100081, 100082, 100083, 100084, 100085, 100086, 100087, 100088, 100089, 100090, 100091, 100092, 100094, 100096, 100097, 100100, 100101, 100102, 100104, 100106, 100107, 100108, 100109, 100111, 100112, 100113, 100114, 100115, 100116, 100117, 100120, 100121, 100124, 100125, 100126, 100127, 100128, 100131, 100132, 100133, 100135, 100136, 100137, 100139, 100140, 100141, 100143, 100144, 100145, 100146, 100148, 100149, 100150, 100151, 100152, 100153, 100154, 100155, 100156, 100157, 100158, 100159, 100160, 100161, 100162, 100163, 100164, 100166, 100167, 100168, 100169, 100171, 100172, 100173, 100174, 100176, 100177, 100178, 100180, 100181, 100182, 100183, 100184, 100185, 100186, 100187, 100188, 100189, 100190, 100191, 100193, 100194, 100195, 100196, 100197, 100199, 100200, 100201, 100202, 100203, 100204, 100206, 100207, 100208, 100212, 100213, 100214, 100215, 100216, 100217, 100218, 100220, 100221, 100222, 100223, 100229, 100230, 100231, 100232, 100234, 100236, 100237, 100238, 100239, 100240, 100241, 100243, 100244, 100246, 100247, 100248, 100249, 100250, 100254, 100255, 100258, 100259, 100261, 100262, 100263, 100264, 100265, 100266, 100267, 100268, 100269, 100270, 100272, 100274, 100275, 100276, 100277, 100278, 100279, 100280, 100281, 100282, 100283, 100284, 100285, 100286, 100290, 100291, 100292, 100293, 100294, 100295, 100296, 100297, 100298, 100299, 100300, 100301, 100303, 100304, 100305, 100306, 100307, 100308, 100309, 100310, 100311, 100313, 100314, 100315, 100317, 100319, 100320, 100321, 100322, 100323, 100325, 100326, 100328, 100330, 100331, 100332, 100333, 100334, 100335, 100337, 100339, 100340, 100342, 100344, 100345, 100346, 100347, 100349, 100350, 100352, 100353, 100355, 100359, 100360, 100361, 100362, 100363, 100364, 100365, 100366, 100367, 100369, 100370, 100371, 100372, 100373, 100374, 100375, 100376, 100378, 100379, 100380, 100383, 100384, 100385, 100386, 100388, 100389, 100391, 100393, 100394, 100395, 100396, 100397, 100398, 100400, 100401, 100402, 100403, 100404, 100405, 100406, 100407, 100409, 100410, 100413, 100414, 100415, 100416, 100417, 100419, 100420, 100421, 100423, 100424, 100426, 100427, 100428, 100430, 100431, 100433, 100434, 100436, 100437, 100438, 100439, 100441, 100442, 100445, 100446, 100447, 100448, 100449, 100451, 100452, 100453, 100454, 100455, 100456, 100457, 100458, 100459, 100460, 100461, 100463, 100464, 100465, 100466, 100467, 100468, 100469, 100470, 100471, 100472, 100473, 100476, 100477, 100478, 100479, 100480, 100481, 100483, 100484, 100485, 100486, 100487, 100489, 100490, 100491, 100492, 100494, 100496, 100497, 100499, 100500, 100501, 100502, 100503, 100505, 100506, 100507, 100508, 100510, 100511, 100512, 100513, 100514, 100515, 100516, 100517, 100519, 100520, 100521, 100522, 100524, 100525, 100527, 100529, 100531, 100532, 100534, 100535, 100536, 100537, 100538, 100539, 100540, 100542, 100543, 100544, 100545, 100546, 100547, 100551, 100552, 100553, 100554, 100556, 100557, 100558, 100559, 100561, 100562, 100563, 100565, 100566, 100567, 100568, 100569, 100571, 100572, 100573, 100575, 100576, 100579, 100580, 100581, 100582, 100584, 100585, 100586, 100587, 100588, 100589, 100590, 100591, 100592, 100594, 100595, 100598, 100600, 100602, 100603, 100604, 100605, 100607, 100608, 100609, 100610, 100611, 100612, 100614, 100616, 100617, 100618, 100619, 100621, 100623, 100624, 100625, 100626, 100627, 100628, 100629, 100630, 100631, 100635, 100636, 100637, 100638, 100639, 100640, 100641, 100642, 100643, 100644, 100646, 100647, 100648, 100650, 100651, 100653, 100654, 100655, 100656, 100657, 100659, 100660, 100661, 100662, 100664, 100666, 100667, 100670, 100671, 100672, 100673, 100674, 100675, 100676, 100678, 100679, 100680, 100681, 100682, 100683, 100685, 100686, 100688, 100689, 100690, 100691, 100692, 100693, 100694, 100696, 100698, 100699, 100700, 100701, 100703, 100704, 100705, 100706, 100707, 100708, 100709, 100710, 100713, 100714, 100717, 100718, 100720, 100723, 100725, 100727, 100728, 100729, 100730, 100731, 100732, 100733, 100736, 100738, 100739, 100740, 100742, 100744, 100745, 100746, 100747, 100748, 100749, 100750, 100751, 100753, 100754, 100755, 100756, 100757, 100759, 100760, 100761, 100762, 100763, 100764, 100765, 100766, 100767, 100768, 100769, 100770, 100771, 100773, 100774, 100775, 100777, 100779, 100780, 100784, 100785, 100786, 100787, 100788, 100790, 100791, 100792, 100793, 100794, 100795, 100796, 100797, 100798, 100799, 100800, 100801, 100802, 100803, 100804, 100805, 100806, 100809, 100810, 100811, 100812, 100813, 100814, 100815, 100816, 100817, 100820, 100821, 100822, 100824, 100826, 100828, 100829, 100831, 100832, 100833, 100835, 100836, 100839, 100840, 100842, 100843, 100844, 100845, 100846, 100847, 100848, 100851, 100852, 100854, 100855, 100856, 100857, 100858, 100859, 100860, 100861, 100863, 100864, 100865, 100866, 100867, 100868, 100869, 100870, 100872, 100873, 100874, 100875, 100877, 100878, 100879, 100880, 100881, 100882, 100883, 100884, 100885, 100887, 100889, 100891, 100892, 100893, 100894, 100895, 100896, 100897, 100899, 100900, 100901, 100902, 100903, 100905, 100906, 100908, 100909, 100910, 100911, 100912, 100913, 100914, 100915, 100916, 100917, 100919, 100922, 100923, 100924, 100925, 100927, 100928, 100931, 100932, 100933, 100934, 100935, 100936, 100937, 100938, 100939, 100941, 100943, 100944, 100946, 100947, 100948, 100949, 100950, 100951, 100953, 100954, 100955, 100956, 100957, 100958, 100959, 100961, 100963, 100964, 100965, 100966, 100967, 100969, 100972, 100973, 100974, 100975, 100977, 100978, 100979, 100981, 100982, 100983, 100984, 100985, 100986, 100987, 100988, 100989, 100991, 100992, 100993, 100994, 100995, 100996, 100997, 100999, 101000, 101003, 101004, 101005, 101008, 101009, 101010, 101011, 101013, 101015, 101018, 101020, 101021, 101022, 101023, 101024, 101025, 101026, 101027, 101028, 101029, 101030, 101031, 101032, 101033, 101034, 101035, 101036, 101037, 101038, 101039, 101040, 101041, 101042, 101044, 101045, 101047, 101048, 101049, 101050, 101051, 101052, 101053, 101054, 101056, 101057, 101058, 101059, 101060, 101061, 101062, 101063, 101066, 101067, 101068, 101069, 101070, 101071, 101072, 101073, 101074, 101075, 101076, 101078, 101079, 101080, 101083, 101084, 101085, 101086, 101087, 101088, 101089, 101090, 101092, 101093, 101094, 101095, 101096, 101097, 101098, 101099, 101101, 101103, 101104, 101105, 101106, 101108, 101109, 101110, 101111, 101112, 101113, 101114, 101115, 101116, 101117, 101118, 101119, 101120, 101121, 101122, 101123, 101124, 101125, 101126, 101127, 101130, 101131, 101133, 101134, 101135, 101136, 101137, 101138, 101139, 101140, 101141, 101143, 101144, 101146, 101147, 101148, 101149, 101150, 101152, 101154, 101155, 101157, 101158, 101159, 101160, 101161, 101162, 101163, 101164, 101166, 101167, 101168, 101170, 101171, 101172, 101173, 101174, 101175, 101176, 101177, 101178, 101179, 101180, 101181, 101182, 101183, 101184, 101186, 101189, 101190, 101192, 101194, 101195, 101196, 101197, 101198, 101199, 101200, 101201, 101202, 101204, 101205, 101206, 101207, 101208, 101209, 101210, 101211, 101212, 101213, 101214, 101215, 101217, 101218, 101219, 101220, 101222, 101224, 101225, 101226, 101227, 101229, 101230, 101231, 101233, 101234, 101236, 101238, 101240, 101241, 101243, 101244, 101245, 101247, 101248, 101249, 101251, 101254, 101255, 101256, 101257, 101258, 101259, 101260, 101261, 101262, 101263, 101266, 101267, 101268, 101269, 101270, 101272, 101273, 101275, 101278, 101279, 101281, 101282, 101284, 101286, 101287, 101288, 101289, 101291, 101292, 101293, 101294, 101295, 101297, 101299, 101300, 101301, 101302, 101303, 101304, 101306, 101307, 101308, 101309, 101310, 101311, 101313, 101314, 101315, 101316, 101317, 101318, 101320, 101321, 101322, 101323, 101327, 101328, 101329, 101331, 101332, 101334, 101335, 101336, 101339, 101340, 101341, 101342, 101343, 101344, 101345, 101346, 101347, 101348, 101349, 101350, 101351, 101352, 101353, 101354, 101355, 101356, 101357, 101358, 101359, 101362, 101363, 101364, 101365, 101366, 101367, 101368, 101369, 101370, 101371, 101372, 101373, 101374, 101375, 101376, 101378, 101379, 101380, 101381, 101382, 101383, 101385, 101386, 101389, 101390, 101391, 101392, 101393, 101394, 101395, 101396, 101397, 101398, 101400, 101401, 101402, 101403, 101404, 101405, 101406, 101407, 101408, 101410, 101412, 101413, 101414, 101415, 101418, 101420, 101421, 101424, 101425, 101427, 101428, 101431, 101432, 101433, 101434, 101435, 101436, 101437, 101438, 101439, 101440, 101442, 101444, 101445, 101447, 101448, 101449, 101451, 101453, 101456, 101457, 101458, 101459, 101460, 101461, 101462, 101465, 101468, 101469, 101470, 101471, 101472, 101473, 101474, 101475, 101476, 101478, 101480, 101481, 101482, 101483, 101486, 101489, 101490, 101492, 101493, 101495, 101498, 101499, 101500, 101501, 101502, 101504, 101505, 101507, 101509, 101510, 101511, 101512, 101513, 101515, 101516, 101517, 101518, 101519, 101521, 101522, 101523, 101524, 101526, 101527, 101528, 101530, 101532, 101533, 101534, 101535, 101536, 101537, 101538, 101539, 101540, 101541, 101542, 101543, 101545, 101546, 101547, 101548, 101549, 101550, 101551, 101552, 101553, 101554, 101555, 101556, 101557, 101559, 101560, 101561, 101562, 101564, 101568, 101569, 101571, 101572, 101573, 101574, 101575, 101576, 101577, 101579, 101580, 101581, 101582, 101583, 101584, 101585, 101586, 101587, 101588, 101589, 101590, 101591, 101592, 101593, 101594, 101595, 101596, 101597, 101598, 101599, 101600, 101601, 101602, 101603, 101604, 101605, 101607, 101608, 101609, 101610, 101613, 101614, 101616, 101618, 101619, 101623, 101624, 101625, 101626, 101627, 101628, 101630, 101631, 101633, 101634, 101635, 101636, 101637, 101638, 101639, 101640, 101641, 101642, 101643, 101645, 101646, 101649, 101650, 101651, 101653, 101655, 101656, 101657, 101658, 101659, 101660, 101663, 101665, 101666, 101667, 101668, 101669, 101672, 101673, 101674, 101675, 101676, 101677, 101678, 101680, 101681, 101682, 101683, 101685, 101686, 101688, 101690, 101692, 101694, 101697, 101698, 101699, 101700, 101702, 101703, 101704, 101705, 101706, 101711, 101713, 101714, 101717, 101718, 101719, 101721, 101724, 101725, 101726, 101727, 101728, 101731, 101732, 101733, 101734, 101739, 101740, 101741, 101745, 101746, 101747, 101748, 101749, 101750, 101751, 101752, 101753, 101755, 101757, 101759, 101760, 101761, 101762, 101763, 101764, 101765, 101766, 101768, 101769, 101770, 101771, 101772, 101773, 101775, 101776, 101778, 101779, 101780, 101781, 101782, 101783, 101785, 101786, 101787, 101789, 101790, 101791, 101792, 101793, 101794, 101795, 101796, 101797, 101798, 101801, 101802, 101803, 101805, 101808, 101809, 101810, 101811, 101812, 101813, 101814, 101816, 101818, 101822, 101823, 101824, 101825, 101826, 101827, 101828, 101829, 101830, 101832, 101834, 101835, 101836, 101838, 101839, 101840, 101841, 101842, 101843, 101844, 101846, 101847, 101848, 101849, 101850, 101853, 101854, 101855, 101856, 101857, 101858, 101859, 101860, 101861, 101862, 101863, 101864, 101865, 101867, 101868, 101869, 101870, 101871, 101872, 101873, 101874, 101875, 101876, 101878, 101879, 101880, 101882, 101883, 101884, 101885, 101886, 101887, 101890, 101892, 101893, 101894, 101895, 101896, 101898, 101899, 101900, 101901, 101902, 101903, 101904, 101905, 101907, 101908, 101910, 101911, 101913, 101914, 101916, 101918, 101919, 101920, 101921, 101922, 101923, 101924, 101925, 101926, 101927, 101929, 101930, 101931, 101932, 101935, 101936, 101937, 101938, 101939, 101940, 101941, 101942, 101944, 101945, 101946, 101947, 101948, 101949, 101950, 101951, 101952, 101953, 101954, 101955, 101956, 101959, 101960, 101961, 101962, 101963, 101964, 101966, 101967, 101968, 101969, 101970, 101972, 101973, 101974, 101975, 101976, 101978, 101979, 101980, 101981, 101982, 101983, 101984, 101985, 101986, 101987, 101988, 101989, 101990, 101991, 101992, 101993, 101994, 101995, 101996, 101997, 101998, 102000, 102001, 102002, 102003, 102005, 102006, 102007, 102009, 102011, 102012, 102013, 102014, 102017, 102018, 102019, 102020, 102021, 102022, 102023, 102025, 102027, 102028, 102029, 102030, 102031, 102032, 102033, 102035, 102036, 102037, 102038, 102039, 102041, 102042, 102044, 102045, 102046, 102047, 102048, 102049, 102050, 102051, 102052, 102053, 102054, 102055, 102056, 102057, 102059, 102062, 102063, 102064, 102065, 102066, 102068, 102069, 102070, 102072, 102073, 102075, 102078, 102080, 102083, 102084, 102085, 102086, 102088, 102089, 102091, 102092, 102094, 102095, 102096, 102097, 102098, 102099, 102101, 102102, 102103, 102104, 102106, 102107, 102108, 102109, 102110, 102112, 102113, 102114, 102115, 102117, 102118, 102119, 102120, 102121, 102122, 102124, 102125, 102126, 102127, 102128, 102129, 102131, 102132, 102133, 102134, 102135, 102136, 102137, 102139, 102140, 102141, 102142, 102143, 102145, 102147, 102148, 102149, 102150, 102151, 102154, 102156, 102157, 102158, 102159, 102160, 102161, 102162, 102163, 102164, 102165, 102166, 102167, 102168, 102170, 102171, 102173, 102174, 102175, 102176, 102177, 102178, 102179, 102180, 102182, 102184, 102186, 102187, 102188, 102189, 102190, 102191, 102193, 102194, 102197, 102198, 102199, 102200, 102203, 102204, 102205, 102206, 102207, 102208, 102209, 102210, 102211, 102212, 102213, 102214, 102215, 102216, 102217, 102218, 102219, 102221, 102223, 102224, 102226, 102229, 102231, 102232, 102235, 102236, 102237, 102238, 102239, 102240, 102241, 102242, 102243, 102244, 102245, 102246, 102247, 102248, 102250, 102252, 102253, 102254, 102255, 102256, 102257, 102258, 102259, 102260, 102261, 102263, 102264, 102265, 102266, 102267, 102268, 102271, 102272, 102273, 102274, 102275, 102276, 102277, 102279, 102280, 102281, 102283, 102284, 102285, 102286, 102288, 102289, 102291, 102292, 102293, 102294, 102295, 102296, 102297, 102298, 102300, 102301, 102303, 102305, 102306, 102307, 102308, 102311, 102313, 102315, 102317, 102318, 102319, 102320, 102322, 102324, 102326, 102327, 102328, 102329, 102331, 102332, 102334, 102338, 102339, 102340, 102341, 102342, 102343, 102345, 102347, 102348, 102350, 102351, 102352, 102353, 102355, 102356, 102357, 102358, 102359, 102360, 102361, 102362, 102363, 102364, 102365, 102366, 102367, 102368, 102370, 102371, 102372, 102375, 102376, 102377, 102378, 102379, 102380, 102381, 102383, 102384, 102385, 102386, 102387, 102388, 102389, 102390, 102391, 102392, 102393, 102394, 102395, 102397, 102398, 102399, 102400, 102403, 102404, 102405, 102406, 102407, 102411, 102412, 102413, 102414, 102416, 102417, 102418, 102420, 102421, 102422, 102425, 102426, 102428, 102429, 102431, 102433, 102435, 102436, 102439, 102441, 102443, 102444, 102445, 102446, 102447, 102448, 102449, 102450, 102451, 102452, 102453, 102454, 102455, 102456, 102457, 102459, 102460, 102462, 102465, 102466, 102467, 102468, 102469, 102471, 102472, 102474, 102475, 102476, 102477, 102478, 102480, 102481, 102482, 102484, 102486, 102487, 102488, 102489, 102490, 102491, 102492, 102493, 102494, 102495, 102496, 102497, 102498, 102500, 102501, 102502, 102503, 102506, 102507, 102508, 102509, 102510, 102511, 102512, 102513, 102514, 102515, 102516, 102517, 102519, 102521, 102522, 102523, 102524, 102526, 102527, 102528, 102529, 102530, 102531, 102532, 102533, 102534, 102535, 102536, 102537, 102538, 102540, 102543, 102544, 102545, 102546, 102548, 102549, 102550, 102551, 102552, 102553, 102554, 102555, 102556, 102557, 102558, 102559, 102563, 102567, 102568, 102569, 102570, 102571, 102574, 102575, 102576, 102577, 102578, 102579, 102580, 102581, 102582, 102583, 102584, 102586, 102587, 102588, 102589, 102590, 102591, 102595, 102596, 102597, 102598, 102601, 102603, 102604, 102605, 102606, 102607, 102608, 102609, 102610, 102611, 102612, 102613, 102614, 102616, 102618, 102619, 102621, 102622, 102623, 102624, 102625, 102626, 102627, 102629, 102630, 102631, 102632, 102633, 102634, 102635, 102636, 102637, 102638, 102640, 102641, 102642, 102643, 102644, 102645, 102646, 102647, 102648, 102649, 102650, 102651, 102653, 102654, 102655, 102656, 102657, 102658, 102659, 102660, 102661, 102662, 102663, 102664, 102665, 102666, 102667, 102668, 102669, 102670, 102671, 102672, 102674, 102675, 102676, 102678, 102679, 102680, 102681, 102682, 102683, 102684, 102685, 102687, 102688, 102689, 102690, 102691, 102692, 102693, 102694, 102695, 102696, 102697, 102698, 102699, 102700, 102701, 102703, 102704, 102705, 102706, 102709, 102710, 102711, 102713, 102715, 102716, 102717, 102718, 102719, 102720, 102721, 102724, 102725, 102726, 102727, 102729, 102731, 102732, 102733, 102735, 102736, 102737, 102738, 102739, 102740, 102741, 102742, 102743, 102744, 102745, 102746, 102747, 102748, 102749, 102750, 102751, 102752, 102753, 102754, 102755, 102757, 102758, 102759, 102760, 102761, 102762, 102763, 102764, 102765, 102767, 102768, 102769, 102770, 102772, 102775, 102776, 102777, 102778, 102779, 102781, 102782, 102783, 102784, 102785, 102786, 102787, 102788, 102789, 102791, 102792, 102794, 102796, 102797, 102798, 102799, 102800, 102801, 102803, 102804, 102805, 102807, 102808, 102810, 102811, 102812, 102813, 102814, 102815, 102817, 102819, 102820, 102821, 102822, 102824, 102825, 102826, 102827, 102828, 102829, 102830, 102831, 102832, 102833, 102835, 102836, 102837, 102838, 102839, 102843, 102844, 102845, 102846, 102847, 102848, 102849, 102850, 102851, 102852, 102853, 102854, 102855, 102856, 102857, 102858, 102859, 102860, 102861, 102862, 102863, 102864, 102865, 102866, 102869, 102870, 102871, 102872, 102873, 102874, 102875, 102876, 102877, 102878, 102880, 102881, 102882, 102883, 102884, 102885, 102889, 102890, 102892, 102893, 102894, 102895, 102896, 102897, 102898, 102899, 102900, 102901, 102902, 102904, 102905, 102906, 102907, 102908, 102910, 102911, 102912, 102913, 102914, 102915, 102916, 102922, 102924, 102925, 102926, 102928, 102929, 102930, 102931, 102932, 102933, 102934, 102935, 102936, 102938, 102941, 102943, 102944, 102945, 102946, 102947, 102948, 102949, 102950, 102951, 102952, 102953, 102954, 102955, 102956, 102957, 102958, 102959, 102960, 102962, 102963, 102964, 102965, 102967, 102969, 102970, 102971, 102972, 102973, 102974, 102975, 102976, 102977, 102978, 102979, 102981, 102982, 102983, 102984, 102985, 102986, 102987, 102989, 102990, 102992, 102993, 102994, 102995, 102996, 102997, 102998, 103000, 103001, 103002, 103003, 103005, 103006, 103007, 103009, 103011, 103012, 103013, 103014, 103015, 103017, 103018, 103019, 103020, 103023, 103025, 103026, 103028, 103029, 103030, 103031, 103032, 103033, 103036, 103037, 103038, 103039, 103040, 103041, 103042, 103043, 103046, 103048, 103050, 103052, 103053, 103054, 103056, 103057, 103058, 103059, 103060, 103063, 103064, 103065, 103066, 103067, 103070, 103071, 103072, 103074, 103075, 103076, 103077, 103078, 103079, 103082, 103084, 103085, 103086, 103087, 103088, 103089, 103090, 103091, 103092, 103093, 103094, 103096, 103097, 103098, 103100, 103101, 103102, 103103, 103106, 103109, 103110, 103111, 103113, 103114, 103115, 103116, 103117, 103118, 103119, 103120, 103121, 103124, 103125, 103127, 103128, 103129, 103130, 103131, 103132, 103133, 103134, 103135, 103137, 103138, 103139, 103142, 103143, 103144, 103145, 103146, 103148, 103150, 103151, 103152, 103153, 103154, 103155, 103156, 103157, 103158, 103160, 103162, 103163, 103164, 103165, 103166, 103167, 103168, 103169, 103173, 103174, 103177, 103178, 103179, 103180, 103182, 103183, 103184, 103185, 103188, 103189, 103190, 103191, 103192, 103193, 103194, 103196, 103197, 103198, 103199, 103200, 103203, 103204, 103205, 103207, 103208, 103209, 103210, 103211, 103212, 103213, 103214, 103215, 103219, 103220, 103221, 103222, 103225, 103226, 103227, 103229, 103230, 103231, 103232, 103233, 103234, 103235, 103236, 103238, 103239, 103240, 103241, 103243, 103244, 103245, 103246, 103247, 103248, 103249, 103251, 103252, 103253, 103254, 103255, 103256, 103257, 103259, 103260, 103261, 103262, 103263, 103264, 103265, 103266, 103267, 103268, 103270, 103271, 103273, 103274, 103275, 103276, 103277, 103278, 103279, 103280, 103281, 103283, 103284, 103285, 103286, 103287, 103288, 103289, 103291, 103292, 103293, 103294, 103295, 103296, 103297, 103299, 103300, 103303, 103304, 103305, 103306, 103307, 103308, 103309, 103310, 103311, 103313, 103314, 103315, 103316, 103319, 103321, 103322, 103323, 103324, 103325, 103326, 103327, 103328, 103330, 103331, 103332, 103333, 103334, 103335, 103337, 103338, 103340, 103342, 103343, 103344, 103346, 103347, 103348, 103349, 103350, 103351, 103353, 103355, 103359, 103360, 103361, 103362, 103365, 103366, 103367, 103368, 103369, 103370, 103372, 103373, 103374, 103375, 103376, 103377, 103378, 103381, 103382, 103383, 103384, 103385, 103386, 103389, 103390, 103391, 103392, 103393, 103394, 103395, 103396, 103397, 103399, 103400, 103402, 103405, 103406, 103408, 103409, 103410, 103411, 103412, 103413, 103414, 103415, 103416, 103418, 103419, 103420, 103422, 103423, 103424, 103425, 103426, 103427, 103428, 103429, 103430, 103432, 103433, 103435, 103436, 103438, 103439, 103440, 103441, 103442, 103443, 103445, 103446, 103448, 103449, 103450, 103452, 103453, 103454, 103456, 103457, 103458, 103459, 103460, 103461, 103463, 103465, 103467, 103468, 103469, 103470, 103471, 103472, 103474, 103475, 103476, 103477, 103478, 103479, 103480, 103481, 103482, 103483, 103484, 103485, 103486, 103489, 103490, 103491, 103492, 103493, 103494, 103495, 103496, 103497, 103499, 103500, 103501, 103502, 103503, 103506, 103508, 103509, 103510, 103511, 103512, 103513, 103516, 103517, 103518, 103519, 103521, 103522, 103523, 103524, 103525, 103526, 103527, 103528, 103529, 103530, 103531, 103532, 103533, 103534, 103535, 103536, 103538, 103539, 103541, 103542, 103543, 103544, 103545, 103546, 103547, 103548, 103549, 103552, 103553, 103554, 103555, 103556, 103557, 103558, 103559, 103560, 103561, 103562, 103563, 103564, 103565, 103566, 103567, 103568, 103570, 103572, 103574, 103575, 103576, 103577, 103578, 103579, 103580, 103581, 103583, 103584, 103585, 103586, 103588, 103590, 103591, 103592, 103593, 103594, 103595, 103596, 103597, 103598, 103599, 103600, 103601, 103602, 103603, 103604, 103605, 103606, 103607, 103608, 103609, 103610, 103612, 103618, 103619, 103620, 103621, 103622, 103623, 103625, 103626, 103628, 103630, 103631, 103632, 103634, 103635, 103636, 103637, 103639, 103640, 103643, 103644, 103645, 103648, 103649, 103650, 103651, 103653, 103654, 103655, 103656, 103658, 103659, 103660, 103661, 103663, 103664, 103667, 103668, 103669, 103670, 103671, 103672, 103673, 103674, 103676, 103677, 103678, 103679, 103680, 103682, 103683, 103684, 103685, 103687, 103688, 103690, 103692, 103693, 103694, 103695, 103696, 103697, 103698, 103700, 103701, 103702, 103703, 103704, 103706, 103707, 103708, 103709, 103711, 103712, 103715, 103716, 103717, 103721, 103722, 103723, 103724, 103725, 103726, 103727, 103728, 103729, 103730, 103731, 103732, 103734, 103735, 103736, 103737, 103738, 103739, 103742, 103743, 103745, 103746, 103747, 103748, 103749, 103750, 103751, 103755, 103756, 103757, 103758, 103761, 103763, 103764, 103765, 103767, 103769, 103770, 103771, 103773, 103774, 103775, 103777, 103778, 103779, 103780, 103781, 103782, 103783, 103784, 103785, 103786, 103787, 103788, 103789, 103791, 103792, 103793, 103794, 103796, 103797, 103798, 103799, 103800, 103802, 103803, 103804, 103805, 103807, 103808, 103809, 103811, 103812, 103813, 103814, 103815, 103816, 103817, 103818, 103819, 103820, 103821, 103822, 103824, 103825, 103827, 103828, 103829, 103830, 103832, 103833, 103834, 103835, 103836, 103837, 103838, 103839, 103840, 103842, 103843, 103845, 103846, 103847, 103849, 103850, 103851, 103852, 103853, 103857, 103859, 103861, 103862, 103863, 103864, 103865, 103866, 103867, 103869, 103870, 103876, 103877, 103878, 103879, 103880, 103882, 103883, 103884, 103885, 103886, 103888, 103889, 103890, 103891, 103892, 103893, 103894, 103895, 103896, 103898, 103899, 103901, 103903, 103904, 103905, 103906, 103909, 103910, 103911, 103912, 103913, 103914, 103916, 103917, 103918, 103919, 103920, 103921, 103922, 103923, 103924, 103925, 103926, 103927, 103929, 103930, 103931, 103932, 103934, 103935, 103936, 103937, 103938, 103939, 103941, 103942, 103943, 103944, 103945, 103946, 103948, 103949, 103950, 103953, 103954, 103955, 103956, 103957, 103958, 103960, 103961, 103962, 103963, 103964, 103967, 103968, 103969, 103970, 103971, 103972, 103973, 103975, 103976, 103977, 103978, 103979, 103980, 103981, 103982, 103983, 103984, 103985, 103987, 103988, 103989, 103990, 103993, 103994, 103996, 103998, 103999, 104000, 104001, 104002, 104005, 104006, 104007, 104008, 104011, 104012, 104013, 104014, 104015, 104016, 104017, 104018, 104019, 104020, 104021, 104022, 104023, 104024, 104027, 104028, 104029, 104030, 104031, 104032, 104033, 104035, 104036, 104037, 104038, 104039, 104042, 104043, 104046, 104047, 104049, 104050, 104051, 104052, 104053, 104054, 104055, 104056, 104057, 104059, 104060, 104062, 104063, 104064, 104065, 104066, 104067, 104068, 104069, 104070, 104071, 104072, 104073, 104074, 104075, 104076, 104077, 104078, 104079, 104080, 104082, 104084, 104085, 104086, 104087, 104088, 104089, 104092, 104093, 104094, 104095, 104096, 104098, 104099, 104100, 104101, 104102, 104103, 104106, 104108, 104109, 104110, 104111, 104112, 104114, 104115, 104116, 104117, 104118, 104119, 104120, 104121, 104122, 104124, 104125, 104126, 104127, 104128, 104130, 104131, 104133, 104134, 104137, 104139, 104140, 104141, 104143, 104144, 104145, 104146, 104147, 104148, 104149, 104150, 104153, 104154, 104155, 104157, 104158, 104159, 104164, 104166, 104167, 104168, 104169, 104170, 104171, 104172, 104173, 104174, 104175, 104176, 104177, 104179, 104180, 104181, 104182, 104183, 104185, 104186, 104187, 104188, 104189, 104191, 104192, 104194, 104195, 104200, 104201, 104202, 104204, 104205, 104207, 104208, 104209, 104210, 104211, 104212, 104213, 104214, 104215, 104216, 104218, 104219, 104220, 104224, 104226, 104227, 104228, 104229, 104231, 104232, 104233, 104234, 104235, 104236, 104237, 104238, 104239, 104240, 104241, 104242, 104243, 104244, 104245, 104246, 104247, 104248, 104249, 104250, 104251, 104253, 104254, 104255, 104256, 104257, 104258, 104260, 104261, 104262, 104263, 104264, 104265, 104266, 104267, 104268, 104269, 104270, 104271, 104274, 104275, 104276, 104277, 104278, 104279, 104281, 104282, 104283, 104284, 104285, 104287, 104289, 104291, 104292, 104293, 104294, 104298, 104300, 104301, 104302, 104303, 104304, 104305, 104306, 104307, 104309, 104311, 104312, 104313, 104316, 104317, 104319, 104320, 104321, 104322, 104323, 104327, 104328, 104329, 104331, 104333, 104334, 104335, 104336, 104337, 104338, 104339, 104340, 104341, 104342, 104345, 104346, 104347, 104348, 104351, 104354, 104355, 104356, 104357, 104358, 104360, 104361, 104362, 104363, 104364, 104365, 104366, 104367, 104368, 104370, 104371, 104372, 104375, 104376, 104378, 104379, 104381, 104382, 104383, 104384, 104385, 104386, 104387, 104389, 104391, 104392, 104393, 104394, 104395, 104396, 104398, 104400, 104401, 104402, 104404, 104405, 104406, 104407, 104408, 104409, 104410, 104411, 104412, 104413, 104414, 104415, 104416, 104418, 104420, 104421, 104422, 104423, 104424, 104425, 104426, 104428, 104429, 104430, 104431, 104432, 104434, 104435, 104437, 104438, 104439, 104440, 104442, 104443, 104444, 104445, 104447, 104450, 104453, 104455, 104456, 104457, 104459, 104460, 104462, 104465, 104466, 104468, 104469, 104471, 104472, 104473, 104475, 104477, 104479, 104480, 104481, 104482, 104483, 104484, 104485, 104486, 104487, 104488, 104490, 104492, 104493, 104494, 104495, 104496, 104497, 104498, 104499, 104500, 104501, 104502, 104503, 104504, 104507, 104509, 104510, 104511, 104512, 104513, 104515, 104516, 104517, 104518, 104520, 104521, 104522, 104524, 104525, 104526, 104528, 104529, 104530, 104531, 104532, 104535, 104536, 104537, 104539, 104540, 104541, 104542, 104543, 104544, 104545, 104547, 104548, 104549, 104550, 104551, 104554, 104555, 104556, 104557, 104558, 104560, 104561, 104562, 104563, 104564, 104565, 104566, 104567, 104569, 104570, 104571, 104572, 104574, 104575, 104576, 104577, 104578, 104579, 104580, 104582, 104583, 104584, 104585, 104586, 104587, 104588, 104590, 104592, 104593, 104594, 104595, 104596, 104597, 104598, 104599, 104600, 104603, 104604, 104605, 104606, 104607, 104608, 104609, 104610, 104611, 104612, 104613, 104616, 104617, 104619, 104620, 104621, 104622, 104623, 104624, 104625, 104626, 104628, 104630, 104632, 104633, 104634, 104635, 104636, 104638, 104639, 104640, 104641, 104642, 104643, 104644, 104648, 104649, 104650, 104651, 104652, 104653, 104654, 104656, 104657, 104658, 104659, 104660, 104661, 104663, 104664, 104665, 104666, 104667, 104668, 104669, 104670, 104671, 104672, 104674, 104675, 104676, 104677, 104678, 104679, 104680, 104681, 104682, 104683, 104685, 104686, 104687, 104688, 104689, 104690, 104691, 104692, 104693, 104694, 104696, 104698, 104699, 104701, 104702, 104703, 104704, 104706, 104707, 104708, 104709, 104711, 104713, 104714, 104716, 104717, 104719, 104720, 104721, 104722, 104723, 104724, 104725, 104726, 104727, 104728, 104730, 104731, 104733, 104734, 104735, 104738, 104739, 104740, 104741, 104744, 104745, 104747, 104748, 104749, 104750, 104752, 104754, 104755, 104756, 104757, 104758, 104759, 104760, 104761, 104762, 104765, 104767, 104768, 104770, 104772, 104773, 104774, 104775, 104776, 104777, 104778, 104779, 104780, 104781, 104782, 104783, 104786, 104787, 104789, 104790, 104793, 104795, 104796, 104797, 104798, 104799, 104800, 104801, 104802, 104803, 104804, 104805, 104806, 104807, 104811, 104812, 104813, 104814, 104815, 104816, 104818, 104819, 104820, 104821, 104823, 104824, 104826, 104827, 104829, 104831, 104832, 104833, 104834, 104835, 104836, 104837, 104838, 104839, 104840, 104841, 104842, 104843, 104844, 104845, 104846, 104847, 104849, 104852, 104853, 104854, 104856, 104857, 104859, 104860, 104862, 104863, 104864, 104865, 104867, 104868, 104869, 104870, 104872, 104873, 104874, 104875, 104876, 104877, 104880, 104881, 104882, 104883, 104884, 104885, 104886, 104887, 104888, 104889, 104890, 104891, 104893, 104894, 104895, 104896, 104897, 104898, 104899, 104900, 104901, 104903, 104904, 104906, 104908, 104909, 104910, 104911, 104912, 104913, 104916, 104917, 104919, 104920, 104922, 104923, 104925, 104926, 104928, 104929, 104930, 104931, 104932, 104937, 104938, 104939, 104941, 104942, 104945, 104946, 104947, 104948, 104949, 104950, 104951, 104952, 104953, 104955, 104957, 104959, 104960, 104961, 104962, 104966, 104967, 104968, 104969, 104970, 104971, 104973, 104974, 104975, 104976, 104977, 104978, 104980, 104982, 104984, 104985, 104986, 104987, 104988, 104989, 104990, 104991, 104994, 104996, 104997, 104998, 104999, 105000, 105001, 105002, 105003, 105004, 105006, 105007, 105008, 105009, 105010, 105011, 105012, 105014, 105015, 105017, 105018, 105020, 105021, 105022, 105023, 105024, 105025, 105026, 105027, 105030, 105031, 105032, 105033, 105035, 105036, 105038, 105039, 105040, 105041, 105042, 105043, 105044, 105045, 105046, 105047, 105048, 105049, 105050, 105052, 105053, 105055, 105056, 105057, 105058, 105059, 105060, 105061, 105063, 105065, 105067, 105069, 105070, 105071, 105072, 105073, 105074, 105075, 105076, 105077, 105078, 105079, 105080, 105081, 105082, 105083, 105084, 105085, 105086, 105087, 105088, 105090, 105091, 105092, 105093, 105095, 105096, 105097, 105098, 105099, 105103, 105104, 105106, 105107, 105108, 105109, 105111, 105112, 105114, 105115, 105116, 105117, 105118, 105120, 105121, 105122, 105123, 105125, 105126, 105127, 105128, 105129, 105130, 105132, 105133, 105134, 105136, 105137, 105138, 105139, 105141, 105142, 105143, 105144, 105146, 105147, 105148, 105149, 105150, 105151, 105153, 105154, 105155, 105156, 105157, 105158, 105159, 105160, 105161, 105162, 105163, 105166, 105167, 105168, 105169, 105170, 105171, 105172, 105173, 105174, 105175, 105176, 105177, 105178, 105179, 105181, 105182, 105183, 105184, 105185, 105186, 105187, 105188, 105189, 105190, 105191, 105192, 105193, 105194, 105195, 105196, 105198, 105199, 105200, 105201, 105202, 105205, 105206, 105207, 105208, 105209, 105210, 105211, 105212, 105213, 105214, 105215, 105216, 105217, 105218, 105219, 105220, 105221, 105223, 105224, 105225, 105226, 105227, 105228, 105232, 105233, 105234, 105235, 105237, 105238, 105239, 105240, 105242, 105244, 105245, 105246, 105247, 105248, 105250, 105252, 105253, 105254, 105255, 105257, 105258, 105259, 105260, 105262, 105263, 105265, 105266, 105268, 105270, 105271, 105272, 105274, 105275, 105276, 105278, 105280, 105281, 105284, 105285, 105286, 105287, 105288, 105289, 105291, 105292, 105294, 105295, 105296, 105297, 105298, 105299, 105300, 105301, 105302, 105303, 105304, 105305, 105306, 105309, 105310, 105311, 105312, 105314, 105315, 105316, 105317, 105318, 105319, 105320, 105322, 105323, 105325, 105327, 105328, 105329, 105330, 105332, 105333, 105335, 105336, 105337, 105338, 105339, 105340, 105341, 105342, 105343, 105344, 105345, 105346, 105347, 105348, 105349, 105350, 105353, 105354, 105355, 105356, 105357, 105358, 105359, 105360, 105361, 105363, 105364, 105365, 105366, 105367, 105368, 105369, 105372, 105373, 105374, 105375, 105377, 105378, 105379, 105380, 105382, 105384, 105385, 105386, 105387, 105388, 105389, 105390, 105391, 105392, 105393, 105394, 105395, 105399, 105400, 105401, 105402, 105403, 105404, 105407, 105410, 105411, 105412, 105413, 105414, 105415, 105416, 105417, 105418, 105419, 105420, 105422, 105423, 105424, 105425, 105426, 105428, 105429, 105430, 105431, 105432, 105434, 105435, 105436, 105437, 105439, 105440, 105441, 105442, 105443, 105444, 105445, 105446, 105447, 105448, 105449, 105450, 105451, 105452, 105453, 105454, 105455, 105456, 105457, 105458, 105459, 105460, 105461, 105462, 105463, 105464, 105465, 105466, 105467, 105468, 105469, 105471, 105472, 105473, 105474, 105478, 105479, 105480, 105481, 105482, 105483, 105484, 105485, 105487, 105488, 105489, 105490, 105491, 105492, 105493, 105494, 105495, 105496, 105497, 105498, 105499, 105500, 105501, 105502, 105503, 105504, 105506, 105507, 105508, 105509, 105510, 105511, 105512, 105513, 105514, 105515, 105517, 105518, 105519, 105520, 105521, 105523, 105524, 105525, 105526, 105527, 105528, 105529, 105530, 105531, 105532, 105533, 105534, 105535, 105536, 105537, 105538, 105539, 105540, 105541, 105543, 105544, 105545, 105547, 105548, 105549, 105550, 105551, 105554, 105555, 105556, 105557, 105558, 105559, 105561, 105563, 105564, 105565, 105566, 105567, 105568, 105570, 105572, 105573, 105575, 105576, 105577, 105578, 105579, 105580, 105581, 105583, 105584, 105585, 105586, 105587, 105588, 105589, 105591, 105592, 105593, 105594, 105595, 105596, 105597, 105598, 105599, 105600, 105601, 105602, 105603, 105604, 105606, 105607, 105608, 105609, 105610, 105611, 105612, 105613, 105614, 105615, 105616, 105617, 105618, 105619, 105620, 105622, 105623, 105624, 105625, 105626, 105627, 105629, 105630, 105631, 105632, 105633, 105635, 105636, 105637, 105638, 105639, 105640, 105641, 105642, 105643, 105644, 105645, 105646, 105647, 105648, 105650, 105651, 105652, 105653, 105654, 105655, 105656, 105659, 105661, 105662, 105664, 105665, 105666, 105667, 105669, 105670, 105671, 105676, 105677, 105678, 105679, 105680, 105681, 105682, 105683, 105684, 105685, 105687, 105688, 105689, 105690, 105691, 105692, 105693, 105694, 105695, 105696, 105697, 105698, 105699, 105700, 105701, 105703, 105704, 105705, 105706, 105708, 105710, 105711, 105712, 105713, 105714, 105715, 105716, 105717, 105718, 105719, 105720, 105721, 105722, 105723, 105724, 105726, 105728, 105729, 105730, 105731, 105733, 105734, 105735, 105736, 105737, 105739, 105741, 105742, 105743, 105744, 105745, 105746, 105747, 105748, 105750, 105751, 105752, 105753, 105754, 105755, 105756, 105757, 105758, 105759, 105761, 105762, 105763, 105765, 105766, 105767, 105768, 105771, 105772, 105773, 105774, 105775, 105777, 105778, 105781, 105782, 105783, 105784, 105787, 105788, 105789, 105790, 105791, 105792, 105793, 105794, 105795, 105797, 105798, 105799, 105800, 105801, 105802, 105803, 105804, 105805, 105807, 105808, 105809, 105811, 105812, 105813, 105814, 105815, 105816, 105817, 105818, 105819, 105820, 105821, 105823, 105826, 105827, 105828, 105831, 105832, 105833, 105834, 105835, 105837, 105838, 105839, 105840, 105844, 105845, 105847, 105849, 105850, 105851, 105852, 105853, 105855, 105858, 105860, 105861, 105862, 105863, 105865, 105866, 105867, 105868, 105869, 105870, 105871, 105872, 105873, 105874, 105875, 105876, 105877, 105878, 105879, 105880, 105882, 105883, 105884, 105885, 105886, 105887, 105888, 105889, 105890, 105891, 105893, 105895, 105896, 105897, 105899, 105900, 105901, 105902, 105904, 105908, 105909, 105910, 105911, 105912, 105913, 105914, 105915, 105917, 105918, 105921, 105922, 105923, 105924, 105925, 105928, 105929, 105930, 105931, 105932, 105933, 105934, 105935, 105936, 105937, 105938, 105939, 105940, 105942, 105943, 105944, 105945, 105946, 105947, 105949, 105950, 105951, 105952, 105953, 105954, 105955, 105956, 105957, 105958, 105959, 105960, 105962, 105963, 105964, 105965, 105966, 105967, 105968, 105969, 105970, 105971, 105972, 105974, 105975, 105976, 105977, 105978, 105979, 105980, 105981, 105983, 105984, 105985, 105987, 105988, 105989, 105990, 105991, 105992, 105993, 105995, 105996, 105997, 105998, 105999, 106000, 106001, 106002, 106003, 106004, 106006, 106007, 106008, 106009, 106010, 106011, 106013, 106015, 106017, 106018, 106019, 106021, 106022, 106023, 106027, 106028, 106029, 106030, 106032, 106033, 106034, 106035, 106036, 106038, 106039, 106041, 106043, 106044, 106045, 106046, 106047, 106049, 106050, 106052, 106053, 106054, 106055, 106056, 106057, 106058, 106061, 106062, 106063, 106064, 106065, 106066, 106067, 106068, 106070, 106072, 106073, 106074, 106075, 106076, 106077, 106078, 106079, 106080, 106081, 106082, 106083, 106084, 106085, 106087, 106088, 106089, 106090, 106092, 106093, 106094, 106096, 106098, 106099, 106100, 106101, 106102, 106103, 106104, 106105, 106107, 106108, 106109, 106110, 106111, 106112, 106113, 106114, 106115, 106116, 106118, 106120, 106121, 106122, 106123, 106124, 106128, 106129, 106130, 106131, 106132, 106133, 106136, 106137, 106138, 106139, 106140, 106142, 106143, 106144, 106145, 106146, 106148, 106149, 106150, 106151, 106152, 106154, 106155, 106156, 106158, 106160, 106163, 106166, 106170, 106171, 106172, 106173, 106174, 106175, 106176, 106177, 106178, 106179, 106180, 106181, 106182, 106184, 106186, 106188, 106189, 106190, 106192, 106193, 106194, 106195, 106198, 106199, 106200, 106201, 106202, 106203, 106204, 106205, 106206, 106207, 106208, 106209, 106210, 106211, 106212, 106213, 106215, 106216, 106217, 106218, 106219, 106220, 106221, 106222, 106224, 106225, 106227, 106228, 106230, 106231, 106233, 106234, 106237, 106239, 106240, 106241, 106242, 106243, 106244, 106245, 106247, 106248, 106249, 106250, 106251, 106252, 106253, 106254, 106258, 106263, 106264, 106266, 106267, 106268, 106269, 106270, 106273, 106278, 106279, 106285, 106286, 106288, 106289, 106290, 106291, 106292, 106293, 106294, 106296, 106297, 106298, 106300, 106303, 106304, 106305, 106306, 106307, 106308, 106311, 106312, 106313, 106314, 106315, 106317, 106318, 106319, 106320, 106321, 106322, 106323, 106324, 106325, 106327, 106328, 106330, 106331, 106332, 106333, 106334, 106335, 106337, 106338, 106339, 106340, 106341, 106342, 106344, 106345, 106346, 106348, 106350, 106351, 106352, 106353, 106355, 106356, 106357, 106359, 106360, 106361, 106362, 106363, 106365, 106368, 106369, 106370, 106372, 106373, 106375, 106376, 106377, 106378, 106379, 106380, 106381, 106382, 106383, 106387, 106388, 106389, 106390, 106391, 106392, 106393, 106395, 106396, 106397, 106398, 106399, 106401, 106402, 106403, 106404, 106406, 106407, 106408, 106410, 106411, 106412, 106413, 106414, 106415, 106417, 106418, 106420, 106421, 106422, 106424, 106426, 106427, 106428, 106429, 106430, 106431, 106432, 106433, 106434, 106435, 106436, 106437, 106438, 106439, 106440, 106441, 106442, 106443, 106444, 106445, 106447, 106449, 106450, 106453, 106454, 106455, 106456, 106457, 106458, 106460, 106461, 106464, 106465, 106466, 106470, 106471, 106472, 106474, 106475, 106476, 106477, 106478, 106479, 106480, 106482, 106483, 106487, 106488, 106489, 106490, 106491, 106492, 106493, 106494, 106495, 106497, 106498, 106499, 106500, 106502, 106503, 106504, 106507, 106509, 106510, 106511, 106512, 106513, 106515, 106516, 106517, 106518, 106519, 106520, 106525, 106526, 106527, 106528, 106529, 106530, 106531, 106533, 106535, 106536, 106537, 106539, 106540, 106541, 106542, 106543, 106544, 106545, 106546, 106547, 106548, 106549, 106550, 106551, 106552, 106553, 106554, 106555, 106560, 106561, 106562, 106563, 106564, 106565, 106567, 106569, 106570, 106572, 106573, 106574, 106575, 106576, 106577, 106578, 106579, 106580, 106581, 106582, 106583, 106584, 106589, 106590, 106591, 106592, 106593, 106595, 106598, 106599, 106600, 106601, 106602, 106603, 106604, 106605, 106606, 106607, 106608, 106609, 106610, 106611, 106612, 106613, 106614, 106615, 106616, 106618, 106619, 106620, 106621, 106622, 106623, 106624, 106625, 106626, 106627, 106628, 106629, 106631, 106632, 106633, 106634, 106636, 106637, 106639, 106641, 106642, 106643, 106645, 106647, 106648, 106649, 106650, 106651, 106652, 106653, 106654, 106655, 106656, 106657, 106658, 106659, 106660, 106661, 106664, 106665, 106666, 106667, 106668, 106669, 106670, 106671, 106672, 106673, 106674, 106675, 106676, 106678, 106679, 106680, 106681, 106682, 106685, 106686, 106688, 106689, 106690, 106691, 106695, 106696, 106697, 106698, 106699, 106700, 106701, 106703, 106704, 106705, 106706, 106707, 106708, 106710, 106711, 106712, 106713, 106714, 106716, 106717, 106718, 106719, 106720, 106721, 106723, 106724, 106725, 106728, 106731, 106732, 106733, 106734, 106735, 106736, 106737, 106738, 106739, 106740, 106741, 106743, 106744, 106745, 106746, 106747, 106748, 106750, 106751, 106752, 106753, 106754, 106756, 106757, 106758, 106759, 106760, 106761, 106762, 106764, 106765, 106767, 106768, 106769, 106772, 106773, 106774, 106775, 106776, 106777, 106779, 106783, 106784, 106785, 106786, 106787, 106788, 106789, 106790, 106791, 106792, 106793, 106794, 106795, 106796, 106798, 106799, 106800, 106802, 106803, 106804, 106805, 106806, 106807, 106808, 106810, 106811, 106812, 106813, 106814, 106815, 106816, 106818, 106819, 106820, 106821, 106823, 106824, 106826, 106827, 106830, 106831, 106832, 106833, 106834, 106836, 106837, 106838, 106840, 106841, 106842, 106843, 106844, 106845, 106847, 106848, 106849, 106850, 106851, 106852, 106854, 106855, 106856, 106857, 106859, 106861, 106862, 106863, 106864, 106865, 106866, 106868, 106869, 106871, 106872, 106873, 106874, 106875, 106878, 106879, 106880, 106881, 106882, 106883, 106885, 106886, 106887, 106888, 106889, 106891, 106892, 106893, 106894, 106895, 106897, 106898, 106899, 106901, 106902, 106903, 106904, 106905, 106907, 106908, 106909, 106911, 106912, 106913, 106914, 106915, 106916, 106917, 106918, 106919, 106920, 106921, 106922, 106923, 106924, 106925, 106926, 106927, 106928, 106929, 106930, 106931, 106932, 106933, 106935, 106936, 106937, 106938, 106939, 106940, 106941, 106942, 106943, 106944, 106945, 106946, 106947, 106949, 106953, 106954, 106955, 106956, 106957, 106959, 106960, 106962, 106963, 106964, 106965, 106966, 106967, 106968, 106969, 106971, 106972, 106973, 106974, 106975, 106979, 106980, 106981, 106982, 106984, 106985, 106986, 106987, 106988, 106989, 106990, 106992, 106993, 106995, 106996, 106997, 106998, 107001, 107002, 107004, 107006, 107007, 107008, 107009, 107010, 107011, 107012, 107014, 107015, 107016, 107017, 107018, 107020, 107021, 107024, 107025, 107026, 107027, 107028, 107031, 107033, 107034, 107035, 107036, 107038, 107039, 107040, 107041, 107042, 107043, 107044, 107045, 107047, 107048, 107049, 107050, 107051, 107054, 107057, 107058, 107060, 107062, 107063, 107064, 107065, 107066, 107070, 107071, 107073, 107077, 107078, 107080, 107083, 107084, 107086, 107089, 107090, 107091, 107093, 107094, 107095, 107096, 107097, 107099, 107100, 107101, 107102, 107103, 107104, 107105, 107109, 107110, 107111, 107112, 107113, 107114, 107115, 107116, 107117, 107118, 107119, 107121, 107122, 107123, 107124, 107125, 107126, 107127, 107130, 107133, 107134, 107135, 107136, 107139, 107141, 107142, 107143, 107145, 107146, 107147, 107148, 107150, 107151, 107152, 107154, 107155, 107158, 107162, 107163, 107166, 107167, 107168, 107169, 107170, 107171, 107172, 107174, 107175, 107176, 107177, 107178, 107179, 107180, 107181, 107182, 107184, 107187, 107188, 107190, 107191, 107192, 107193, 107194, 107195, 107196, 107198, 107199, 107201, 107202, 107205, 107206, 107207, 107208, 107209, 107210, 107211, 107212, 107213, 107214, 107215, 107216, 107217, 107218, 107219, 107220, 107221, 107222, 107223, 107224, 107225, 107226, 107228, 107229, 107230, 107231, 107232, 107234, 107235, 107237, 107238, 107239, 107240, 107241, 107242, 107243, 107244, 107245, 107246, 107247, 107248, 107249, 107250, 107251, 107252, 107253, 107254, 107256, 107258, 107259, 107260, 107264, 107265, 107266, 107268, 107269, 107272, 107273, 107274, 107275, 107276, 107278, 107279, 107280, 107282, 107283, 107284, 107285, 107286, 107288, 107289, 107290, 107291, 107292, 107293, 107294, 107296, 107299, 107300, 107301, 107302, 107303, 107305, 107306, 107308, 107309, 107310, 107311, 107313, 107314, 107315, 107316, 107317, 107318, 107319, 107320, 107321, 107323, 107324, 107325, 107326, 107327, 107328, 107329, 107330, 107332, 107334, 107335, 107336, 107337, 107338, 107339, 107341, 107342, 107343, 107344, 107345, 107347, 107350, 107351, 107352, 107353, 107355, 107356, 107358, 107361, 107362, 107363, 107364, 107366, 107367, 107368, 107369, 107370, 107371, 107372, 107373, 107374, 107375, 107378, 107379, 107382, 107383, 107384, 107385, 107387, 107388, 107389, 107390, 107391, 107392, 107394, 107395, 107397, 107398, 107399, 107400, 107402, 107403, 107404, 107406, 107407, 107410, 107411, 107413, 107414, 107415, 107416, 107417, 107418, 107419, 107420, 107421, 107422, 107423, 107424, 107425, 107426, 107427, 107428, 107429, 107430, 107431, 107432, 107433, 107434, 107435, 107436, 107437, 107438, 107439, 107441, 107442, 107443, 107446, 107447, 107448, 107449, 107450, 107451, 107452, 107453, 107454, 107455, 107456, 107457, 107458, 107459, 107460, 107461, 107462, 107463, 107464, 107465, 107466, 107467, 107468, 107469, 107471, 107472, 107473, 107474, 107475, 107476, 107477, 107478, 107479, 107480, 107481, 107484, 107485, 107486, 107487, 107488, 107489, 107490, 107491, 107493, 107494, 107495, 107496, 107497, 107498, 107499, 107501, 107502, 107503, 107504, 107505, 107506, 107507, 107508, 107509, 107510, 107511, 107512, 107513, 107515, 107517, 107518, 107519, 107520, 107521, 107523, 107524, 107525, 107526, 107527, 107528, 107529, 107530, 107532, 107533, 107534, 107535, 107537, 107538, 107542, 107543, 107544, 107545, 107546, 107547, 107548, 107549, 107550, 107551, 107552, 107554, 107555, 107556, 107557, 107558, 107560, 107561, 107562, 107563, 107565, 107566, 107568, 107570, 107571, 107572, 107574, 107575, 107578, 107579, 107580, 107581, 107582, 107583, 107584, 107586, 107587, 107588, 107589, 107591, 107593, 107594, 107595, 107596, 107597, 107598, 107599, 107600, 107601, 107602, 107603, 107604, 107606, 107607, 107608, 107609, 107610, 107611, 107613, 107614, 107615, 107616, 107617, 107619, 107620, 107621, 107622, 107625, 107626, 107631, 107635, 107636, 107637, 107638, 107639, 107640, 107642, 107643, 107644, 107647, 107648, 107649, 107650, 107651, 107652, 107653, 107654, 107655, 107658, 107659, 107660, 107661, 107662, 107663, 107664, 107665, 107667, 107668, 107670, 107671, 107674, 107675, 107678, 107680, 107681, 107682, 107684, 107685, 107687, 107688, 107689, 107690, 107691, 107692, 107693, 107694, 107695, 107697, 107699, 107701, 107705, 107706, 107707, 107708, 107709, 107712, 107713, 107714, 107715, 107717, 107718, 107719, 107720, 107722, 107723, 107724, 107725, 107726, 107727, 107728, 107729, 107730, 107732, 107734, 107735, 107737, 107738, 107739, 107740, 107742, 107743, 107744, 107745, 107747, 107748, 107749, 107750, 107751, 107752, 107753, 107754, 107757, 107762, 107763, 107764, 107765, 107766, 107767, 107768, 107769, 107770, 107771, 107772, 107774, 107775, 107777, 107778, 107780, 107782, 107783, 107784, 107785, 107786, 107787, 107788, 107789, 107790, 107791, 107792, 107793, 107794, 107795, 107796, 107798, 107801, 107802, 107803, 107804, 107805, 107806, 107807, 107808, 107809, 107810, 107811, 107812, 107813, 107814, 107815, 107816, 107817, 107818, 107820, 107822, 107823, 107824, 107825, 107826, 107827, 107828, 107829, 107831, 107833, 107834, 107835, 107836, 107837, 107838, 107839, 107841, 107843, 107844, 107845, 107846, 107847, 107848, 107850, 107851, 107853, 107854, 107856, 107857, 107858, 107859, 107860, 107861, 107863, 107864, 107865, 107867, 107868, 107869, 107870, 107872, 107873, 107874, 107875, 107876, 107877, 107880, 107881, 107882, 107883, 107884, 107885, 107886, 107887, 107888, 107889, 107890, 107891, 107892, 107894, 107895, 107896, 107898, 107900, 107901, 107902, 107903, 107904, 107905, 107907, 107908, 107909, 107910, 107911, 107912, 107915, 107917, 107918, 107919, 107921, 107923, 107925, 107926, 107927, 107928, 107929, 107930, 107931, 107932, 107933, 107934, 107936, 107938, 107939, 107940, 107941, 107942, 107944, 107945, 107946, 107948, 107950, 107952, 107953, 107954, 107955, 107958, 107959, 107960, 107961, 107962, 107964, 107965, 107967, 107968, 107970, 107971, 107972, 107974, 107975, 107976, 107978, 107979, 107980, 107981, 107984, 107985, 107986, 107988, 107989, 107991, 107992, 107993, 107995, 107997, 107998, 107999, 108000, 108001, 108003, 108004, 108005, 108006, 108007, 108008, 108009, 108011, 108012, 108013, 108014, 108015, 108016, 108017, 108018, 108019, 108022, 108023, 108024, 108025, 108026, 108027, 108028, 108029, 108030, 108031, 108033, 108034, 108035, 108037, 108038, 108040, 108044, 108045, 108046, 108047, 108048, 108050, 108051, 108052, 108053, 108055, 108056, 108057, 108059, 108060, 108061, 108062, 108064, 108065, 108066, 108067, 108068, 108069, 108070, 108071, 108073, 108075, 108076, 108077, 108078, 108079, 108080, 108081, 108082, 108084, 108085, 108086, 108087, 108088, 108089, 108090, 108092, 108094, 108095, 108096, 108098, 108101, 108102, 108103, 108105, 108106, 108107, 108110, 108111, 108112, 108113, 108114, 108115, 108116, 108117, 108119, 108120, 108121, 108123, 108125, 108126, 108128, 108129, 108130, 108132, 108133, 108134, 108135, 108136, 108138, 108139, 108140, 108141, 108142, 108143, 108144, 108145, 108146, 108147, 108148, 108150, 108151, 108152, 108153, 108155, 108156, 108157, 108160, 108161, 108162, 108163, 108164, 108165, 108166, 108167, 108168, 108169, 108171, 108172, 108173, 108174, 108176, 108177, 108178, 108179, 108180, 108181, 108182, 108183, 108184, 108185, 108186, 108187, 108191, 108192, 108193, 108195, 108196, 108197, 108198, 108199, 108200, 108202, 108203, 108205, 108206, 108207, 108208, 108209, 108210, 108212, 108214, 108215, 108216, 108217, 108218, 108219, 108220, 108221, 108222, 108224, 108225, 108226, 108227, 108228, 108230, 108231, 108233, 108234, 108235, 108236, 108237, 108238, 108240, 108241, 108243, 108246, 108247, 108249, 108250, 108251, 108252, 108253, 108254, 108256, 108258, 108260, 108261, 108262, 108263, 108264, 108265, 108266, 108267, 108268, 108270, 108271, 108272, 108273, 108274, 108275, 108276, 108277, 108279, 108280, 108281, 108282, 108283, 108284, 108286, 108288, 108290, 108291, 108292, 108293, 108294, 108295, 108296, 108298, 108299, 108300, 108301, 108302, 108303, 108305, 108306, 108307, 108309, 108310, 108311, 108312, 108314, 108316, 108317, 108319, 108320, 108321, 108322, 108323, 108324, 108325, 108326, 108327, 108328, 108329, 108330, 108332, 108333, 108334, 108335, 108337, 108340, 108342, 108343, 108345, 108346, 108347, 108348, 108349, 108350, 108351, 108352, 108355, 108357, 108358, 108359, 108360, 108361, 108362, 108363, 108364, 108366, 108367, 108368, 108369, 108370, 108371, 108372, 108373, 108374, 108378, 108379, 108381, 108382, 108383, 108384, 108385, 108389, 108390, 108391, 108392, 108393, 108395, 108396, 108397, 108399, 108401, 108402, 108403, 108404, 108405, 108406, 108407, 108408, 108410, 108411, 108412, 108413, 108414, 108416, 108417, 108418, 108420, 108421, 108422, 108423, 108424, 108425, 108426, 108427, 108428, 108430, 108431, 108432, 108433, 108434, 108435, 108436, 108437, 108438, 108441, 108442, 108443, 108444, 108445, 108446, 108448, 108449, 108450, 108451, 108452, 108453, 108454, 108455, 108458, 108459, 108460, 108461, 108463, 108464, 108465, 108466, 108467, 108468, 108469, 108470, 108471, 108472, 108473, 108474, 108476, 108477, 108479, 108480, 108482, 108483, 108485, 108486, 108487, 108488, 108490, 108491, 108492, 108493, 108494, 108495, 108497, 108499, 108500, 108501, 108502, 108503, 108504, 108505, 108506, 108507, 108508, 108510, 108511, 108513, 108514, 108515, 108516, 108517, 108518, 108519, 108520, 108521, 108522, 108523, 108525, 108526, 108527, 108528, 108530, 108531, 108532, 108533, 108534, 108535, 108537, 108538, 108540, 108542, 108544, 108545, 108547, 108548, 108549, 108550, 108551, 108552, 108554, 108557, 108559, 108560, 108561, 108562, 108564, 108566, 108567, 108568, 108569, 108570, 108572, 108574, 108575, 108576, 108577, 108578, 108579, 108580, 108581, 108582, 108583, 108584, 108585, 108586, 108587, 108590, 108591, 108592, 108593, 108594, 108595, 108598, 108599, 108601, 108602, 108603, 108604, 108605, 108606, 108607, 108608, 108609, 108610, 108611, 108612, 108613, 108614, 108615, 108616, 108617, 108618, 108619, 108620, 108621, 108622, 108623, 108624, 108625, 108626, 108627, 108628, 108630, 108631, 108634, 108636, 108639, 108640, 108641, 108642, 108643, 108644, 108645, 108647, 108648, 108649, 108650, 108651, 108652, 108653, 108655, 108656, 108658, 108659, 108660, 108661, 108662, 108663, 108664, 108665, 108666, 108667, 108668, 108669, 108670, 108672, 108673, 108674, 108675, 108676, 108677, 108678, 108679, 108681, 108682, 108683, 108684, 108685, 108686, 108688, 108689, 108690, 108692, 108693, 108694, 108695, 108696, 108697, 108698, 108699, 108700, 108701, 108702, 108703, 108705, 108706, 108707, 108708, 108709, 108710, 108711, 108712, 108714, 108715, 108716, 108717, 108719, 108720, 108722, 108724, 108725, 108726, 108729, 108730, 108731, 108732, 108733, 108734, 108736, 108737, 108738, 108739, 108740, 108741, 108742, 108743, 108744, 108745, 108746, 108747, 108748, 108749, 108750, 108751, 108752, 108753, 108754, 108756, 108758, 108759, 108760, 108761, 108762, 108763, 108764, 108766, 108767, 108770, 108773, 108774, 108775, 108776, 108777, 108779, 108780, 108781, 108782, 108783, 108785, 108787, 108791, 108793, 108795, 108796, 108797, 108798, 108800, 108802, 108803, 108804, 108805, 108806, 108807, 108808, 108810, 108811, 108812, 108813, 108814, 108815, 108817, 108818, 108819, 108820, 108822, 108824, 108826, 108828, 108829, 108830, 108832, 108833, 108834, 108835, 108836, 108838, 108839, 108840, 108841, 108842, 108843, 108844, 108845, 108846, 108847, 108848, 108849, 108851, 108852, 108853, 108855, 108856, 108857, 108859, 108860, 108861, 108862, 108863, 108864, 108865, 108866, 108868, 108869, 108870, 108871, 108872, 108874, 108875, 108876, 108877, 108878, 108879, 108880, 108881, 108882, 108883, 108884, 108885, 108886, 108888, 108889, 108890, 108891, 108892, 108893, 108894, 108895, 108896, 108898, 108899, 108900, 108901, 108903, 108904, 108907, 108908, 108910, 108911, 108912, 108913, 108914, 108915, 108917, 108918, 108919, 108920, 108921, 108922, 108923, 108924, 108925, 108926, 108928, 108929, 108930, 108932, 108933, 108934, 108935, 108936, 108937, 108938, 108939, 108941, 108942, 108944, 108945, 108946, 108947, 108948, 108949, 108950, 108951, 108952, 108955, 108956, 108957, 108958, 108961, 108962, 108963, 108964, 108965, 108966, 108967, 108969, 108970, 108971, 108972, 108975, 108976, 108977, 108979, 108980, 108981, 108982, 108983, 108984, 108985, 108986, 108987, 108988, 108989, 108990, 108991, 108992, 108993, 108994, 108995, 108996, 108997, 108998, 108999, 109002, 109004, 109005, 109007, 109008, 109009, 109010, 109012, 109013, 109014, 109015, 109016, 109017, 109019, 109020, 109021, 109022, 109023, 109024, 109026, 109027, 109028, 109029, 109030, 109031, 109032, 109034, 109035, 109036, 109038, 109039, 109041, 109042, 109043, 109044, 109045, 109046, 109047, 109048, 109049, 109050, 109051, 109052, 109053, 109054, 109055, 109056, 109057, 109058, 109059, 109060, 109064, 109067, 109068, 109069, 109070, 109071, 109072, 109073, 109074, 109075, 109076, 109078, 109079, 109080, 109081, 109082, 109083, 109086, 109087, 109089, 109090, 109091, 109092, 109093, 109095, 109096, 109099, 109100, 109101, 109102, 109103, 109104, 109105, 109107, 109109, 109110, 109111, 109112, 109113, 109114, 109115, 109116, 109117, 109118, 109119, 109120, 109121, 109123, 109125, 109126, 109128, 109129, 109130, 109133, 109134, 109135, 109136, 109138, 109139, 109141, 109143, 109144, 109145, 109147, 109148, 109149, 109150, 109151, 109153, 109154, 109156, 109157, 109158, 109159, 109160, 109162, 109164, 109165, 109166, 109168, 109169, 109170, 109171, 109172, 109173, 109174, 109175, 109176, 109178, 109179, 109181, 109182, 109183, 109184, 109185, 109186, 109188, 109189, 109190, 109192, 109193, 109194, 109195, 109196, 109198, 109199, 109200, 109201, 109202, 109203, 109204, 109205, 109206, 109207, 109209, 109210, 109211, 109212, 109213, 109214, 109215, 109217, 109219, 109220, 109222, 109223, 109224, 109225, 109226, 109228, 109230, 109231, 109232, 109233, 109234, 109235, 109237, 109238, 109239, 109240, 109241, 109242, 109245, 109249, 109250, 109251, 109253, 109254, 109255, 109257, 109259, 109260, 109261, 109262, 109263, 109264, 109265, 109266, 109267, 109268, 109269, 109270, 109272, 109273, 109274, 109275, 109276, 109277, 109278, 109279, 109280, 109281, 109282, 109283, 109284, 109285, 109286, 109287, 109288, 109289, 109291, 109292, 109293, 109294, 109295, 109296, 109297, 109299, 109300, 109302, 109303, 109306, 109308, 109309, 109310, 109311, 109312, 109313, 109314, 109316, 109317, 109318, 109319, 109320, 109321, 109322, 109323, 109326, 109327, 109328, 109329, 109330, 109331, 109332, 109333, 109334, 109335, 109336, 109337, 109338, 109339, 109340, 109341, 109342, 109343, 109344, 109345, 109346, 109348, 109349, 109350, 109351, 109352, 109353, 109354, 109356, 109357, 109358, 109359, 109360, 109361, 109364, 109365, 109366, 109367, 109368, 109369, 109370, 109372, 109373, 109376, 109380, 109381, 109383, 109384, 109385, 109387, 109388, 109389, 109390, 109391, 109392, 109394, 109395, 109396, 109397, 109398, 109399, 109402, 109404, 109405, 109406, 109407, 109408, 109409, 109410, 109411, 109412, 109413, 109414, 109416, 109417, 109418, 109419, 109420, 109421, 109424, 109425, 109426, 109427, 109429, 109430, 109431, 109432, 109433, 109434, 109435, 109436, 109437, 109439, 109440, 109443, 109445, 109446, 109447, 109448, 109449, 109450, 109451, 109452, 109453, 109456, 109457, 109458, 109460, 109461, 109464, 109465, 109466, 109467, 109471, 109472, 109473, 109474, 109475, 109476, 109478, 109479, 109480, 109481, 109482, 109483, 109484, 109485, 109489, 109490, 109491, 109492, 109494, 109495, 109496, 109497, 109498, 109499, 109500, 109501, 109503, 109504, 109505, 109507, 109508, 109509, 109510, 109512, 109513, 109514, 109515, 109517, 109518, 109519, 109521, 109522, 109523, 109524, 109525, 109526, 109528, 109529, 109530, 109531, 109532, 109533, 109534, 109535, 109537, 109539, 109540, 109541, 109542, 109543, 109544, 109546, 109547, 109550, 109552, 109553, 109554, 109555, 109556, 109557, 109558, 109559, 109560, 109561, 109562, 109563, 109564, 109565, 109566, 109569, 109570, 109571, 109572, 109573, 109574, 109575, 109576, 109578, 109579, 109580, 109581, 109582, 109583, 109584, 109585, 109586, 109587, 109589, 109591, 109592, 109593, 109594, 109597, 109598, 109599, 109600, 109601, 109603, 109606, 109608, 109609, 109610, 109611, 109612, 109615, 109616, 109617, 109618, 109619, 109620, 109621, 109623, 109624, 109625, 109628, 109630, 109632, 109633, 109634, 109636, 109637, 109638, 109639, 109640, 109641, 109642, 109643, 109644, 109645, 109646, 109647, 109648, 109649, 109650, 109652, 109653, 109655, 109656, 109657, 109658, 109659, 109660, 109661, 109663, 109664, 109665, 109666, 109667, 109668, 109670, 109671, 109673, 109674, 109675, 109676, 109677, 109678, 109679, 109680, 109681, 109682, 109683, 109684, 109685, 109686, 109687, 109688, 109689, 109690, 109692, 109693, 109694, 109695, 109696, 109697, 109699, 109700, 109701, 109703, 109704, 109705, 109706, 109707, 109708, 109710, 109715, 109716, 109717, 109719, 109720, 109721, 109722, 109723, 109724, 109726, 109728, 109729, 109730, 109731, 109732, 109733, 109734, 109735, 109736, 109737, 109738, 109739, 109740, 109741, 109742, 109743, 109744, 109745, 109746, 109747, 109749, 109750, 109752, 109753, 109754, 109755, 109756, 109757, 109759, 109760, 109763, 109764, 109765, 109766, 109767, 109771, 109772, 109773, 109774, 109775, 109776, 109777, 109778, 109779, 109780, 109781, 109783, 109785, 109786, 109787, 109788, 109789, 109790, 109791, 109792, 109793, 109795, 109796, 109797, 109798, 109801, 109803, 109804, 109806, 109808, 109809, 109810, 109811, 109812, 109814, 109815, 109817, 109818, 109819, 109823, 109824, 109825, 109826, 109827, 109829, 109830, 109831, 109832, 109833, 109834, 109835, 109836, 109838, 109839, 109840, 109841, 109842, 109843, 109844, 109845, 109847, 109848, 109850, 109851, 109853, 109854, 109855, 109856, 109857, 109858, 109859, 109860, 109861, 109862, 109865, 109867, 109868, 109869, 109870, 109873, 109874, 109875, 109876, 109877, 109878, 109880, 109881, 109882, 109884, 109885, 109886, 109887, 109891, 109892, 109893, 109894, 109895, 109896, 109897, 109898, 109899, 109901, 109902, 109903, 109904, 109905, 109906, 109908, 109909, 109911, 109912, 109913, 109915, 109916, 109917, 109918, 109920, 109921, 109922, 109923, 109924, 109925, 109927, 109928, 109929, 109930, 109931, 109933, 109935, 109936, 109938, 109939, 109940, 109942, 109943, 109945, 109946, 109947, 109948, 109949, 109950, 109951, 109952, 109953, 109955, 109956, 109957, 109958, 109959, 109960, 109962, 109963, 109964, 109965, 109967, 109968, 109969, 109971, 109972, 109974, 109975, 109977, 109980, 109981, 109982, 109983, 109984, 109985, 109986, 109987, 109988, 109989, 109991, 109992, 109993, 109994, 109995, 109996, 109997, 109998, 109999, 110000, 110002, 110003, 110005, 110006, 110007, 110008, 110009, 110010, 110013, 110016, 110018, 110019, 110020, 110021, 110022, 110023, 110024, 110025, 110027, 110028, 110029, 110030, 110031, 110032, 110035, 110036, 110037, 110038, 110039, 110040, 110042, 110043, 110044, 110045, 110046, 110047, 110048, 110049, 110050, 110052, 110054, 110055, 110056, 110057, 110058, 110060, 110061, 110063, 110064, 110066, 110067, 110068, 110069, 110071, 110073, 110075, 110076, 110077, 110078, 110079, 110080, 110081, 110082, 110083, 110084, 110088, 110089, 110090, 110091, 110092, 110093, 110094, 110095, 110096, 110098, 110099, 110100, 110101, 110103, 110104, 110105, 110106, 110107, 110108, 110109, 110110, 110111, 110112, 110113, 110114, 110115, 110116, 110117, 110118, 110119, 110121, 110122, 110124, 110125, 110126, 110128, 110129, 110132, 110133, 110134, 110135, 110136, 110137, 110139, 110141, 110142, 110143, 110144, 110145, 110146, 110150, 110151, 110152, 110153, 110154, 110155, 110156, 110157, 110158, 110160, 110161, 110162, 110163, 110164, 110165, 110166, 110167, 110168, 110169, 110170, 110172, 110173, 110175, 110176, 110177, 110178, 110179, 110180, 110181, 110183, 110185, 110186, 110187, 110188, 110189, 110190, 110191, 110192, 110193, 110194, 110195, 110197, 110198, 110199, 110200, 110201, 110202, 110203, 110204, 110205, 110206, 110207, 110208, 110209, 110210, 110211, 110212, 110213, 110214, 110215, 110216, 110217, 110218, 110219, 110221, 110222, 110223, 110226, 110227, 110228, 110229, 110230, 110231, 110233, 110234, 110236, 110237, 110239, 110241, 110242, 110243, 110244, 110246, 110247, 110249, 110250, 110251, 110253, 110255, 110256, 110257, 110258, 110259, 110260, 110262, 110263, 110264, 110265, 110266, 110267, 110268, 110270, 110271, 110272, 110273, 110274, 110275, 110276, 110277, 110278, 110280, 110281, 110282, 110283, 110284, 110285, 110288, 110290, 110291, 110293, 110294, 110295, 110296, 110297, 110298, 110299, 110300, 110301, 110302, 110303, 110304, 110307, 110308, 110309, 110311, 110312, 110314, 110315, 110316, 110317, 110318, 110319, 110320, 110324, 110326, 110327, 110329, 110330, 110331, 110332, 110335, 110336, 110338, 110339, 110340, 110341, 110342, 110343, 110344, 110345, 110347, 110348, 110351, 110352, 110353, 110354, 110355, 110357, 110358, 110359, 110362, 110363, 110367, 110368, 110369, 110371, 110374, 110375, 110376, 110377, 110378, 110380, 110381, 110383, 110384, 110385, 110387, 110388, 110389, 110390, 110391, 110392, 110393, 110394, 110395, 110398, 110399, 110401, 110403, 110404, 110405, 110406, 110407, 110408, 110409, 110411, 110412, 110413, 110414, 110415, 110416, 110417, 110418, 110419, 110420, 110422, 110423, 110424, 110425, 110426, 110427, 110428, 110429, 110431, 110435, 110436, 110437, 110438, 110440, 110441, 110443, 110444, 110445, 110446, 110448, 110449, 110450, 110451, 110452, 110453, 110454, 110456, 110457, 110458, 110459, 110460, 110461, 110462, 110463, 110464, 110465, 110466, 110467, 110468, 110469, 110470, 110471, 110472, 110474, 110475, 110476, 110477, 110479, 110480, 110481, 110483, 110484, 110485, 110486, 110487, 110489, 110490, 110491, 110492, 110493, 110494, 110495, 110497, 110498, 110499, 110500, 110501, 110502, 110504, 110505, 110506, 110507, 110508, 110509, 110512, 110514, 110515, 110516, 110517, 110518, 110520, 110521, 110524, 110525, 110526, 110527, 110528, 110529, 110530, 110531, 110532, 110533, 110535, 110536, 110538, 110540, 110544, 110545, 110547, 110548, 110549, 110550, 110552, 110553, 110554, 110555, 110556, 110557, 110558, 110559, 110561, 110562, 110564, 110565, 110566, 110567, 110568, 110569, 110570, 110572, 110573, 110574, 110575, 110577, 110579, 110580, 110581, 110582, 110583, 110584, 110585, 110588, 110589, 110592, 110593, 110594, 110595, 110597, 110598, 110599, 110600, 110601, 110602, 110603, 110604, 110605, 110607, 110608, 110609, 110612, 110613, 110614, 110615, 110616, 110617, 110618, 110620, 110621, 110622, 110623, 110625, 110626, 110627, 110628, 110630, 110631, 110633, 110635, 110636, 110637, 110639, 110640, 110641, 110642, 110643, 110644, 110645, 110646, 110647, 110648, 110649, 110650, 110651, 110652, 110653, 110655, 110656, 110657, 110658, 110659, 110661, 110662, 110663, 110664, 110666, 110667, 110668, 110669, 110671, 110672, 110673, 110674, 110675, 110676, 110677, 110678, 110679, 110681, 110682, 110683, 110684, 110685, 110687, 110688, 110691, 110692, 110693, 110694, 110696, 110697, 110699, 110700, 110701, 110702, 110703, 110704, 110705, 110706, 110707, 110709, 110710, 110711, 110712, 110713, 110714, 110715, 110716, 110717, 110718, 110719, 110722, 110723, 110724, 110725, 110728, 110729, 110730, 110731, 110733, 110734, 110735, 110736, 110737, 110738, 110741, 110742, 110744, 110745, 110746, 110747, 110748, 110749, 110750, 110751, 110752, 110754, 110755, 110756, 110757, 110758, 110759, 110760, 110761, 110762, 110763, 110764, 110765, 110766, 110768, 110769, 110771, 110772, 110773, 110774, 110776, 110778, 110779, 110780, 110781, 110782, 110783, 110784, 110785, 110786, 110787, 110788, 110790, 110792, 110793, 110795, 110796, 110797, 110798, 110800, 110801, 110802, 110803, 110804, 110806, 110807, 110808, 110809, 110810, 110812, 110813, 110814, 110815, 110816, 110818, 110820, 110821, 110822, 110824, 110825, 110826, 110828, 110829, 110831, 110832, 110833, 110834, 110835, 110836, 110837, 110838, 110839, 110840, 110841, 110843, 110844, 110845, 110846, 110847, 110848, 110849, 110850, 110851, 110853, 110854, 110855, 110856, 110857, 110858, 110859, 110860, 110862, 110863, 110864, 110865, 110866, 110867, 110868, 110869, 110871, 110872, 110874, 110875, 110876, 110877, 110878, 110879, 110881, 110882, 110884, 110886, 110888, 110889, 110890, 110892, 110893, 110895, 110896, 110897, 110898, 110902, 110903, 110904, 110905, 110906, 110907, 110908, 110909, 110910, 110911, 110912, 110913, 110914, 110915, 110916, 110917, 110918, 110919, 110921, 110922, 110924, 110927, 110928, 110929, 110930, 110931, 110932, 110933, 110935, 110936, 110937, 110938, 110939, 110940, 110941, 110942, 110944, 110945, 110946, 110947, 110948, 110949, 110950, 110951, 110952, 110954, 110955, 110956, 110957, 110958, 110959, 110961, 110964, 110965, 110966, 110967, 110968, 110969, 110970, 110971, 110972, 110973, 110974, 110975, 110976, 110977, 110978, 110979, 110980, 110981, 110983, 110984, 110986, 110987, 110988, 110990, 110991, 110992, 110993, 110994, 110996, 110997, 110998, 110999, 111000, 111001, 111002, 111003, 111004, 111005, 111006, 111007, 111008, 111010, 111011, 111012, 111013, 111014, 111015, 111017, 111018, 111019, 111020, 111022, 111023, 111024, 111025, 111026, 111027, 111028, 111030, 111031, 111032, 111033, 111034, 111035, 111037, 111039, 111041, 111043, 111044, 111045, 111046, 111047, 111048, 111049, 111050, 111052, 111055, 111056, 111057, 111059, 111061, 111062, 111063, 111064, 111066, 111067, 111068, 111070, 111071, 111072, 111073, 111074, 111076, 111077, 111078, 111079, 111080, 111081, 111083, 111084, 111085, 111086, 111090, 111091, 111092, 111094, 111095, 111098, 111100, 111101, 111102, 111103, 111104, 111105, 111106, 111107, 111108, 111109, 111110, 111114, 111115, 111116, 111117, 111118, 111119, 111120, 111122, 111123, 111124, 111126, 111127, 111128, 111129, 111130, 111132, 111133, 111135, 111136, 111137, 111138, 111139, 111141, 111142, 111143, 111144, 111145, 111146, 111148, 111149, 111150, 111151, 111152, 111153, 111154, 111156, 111157, 111158, 111159, 111160, 111161, 111163, 111164, 111166, 111167, 111168, 111169, 111170, 111171, 111173, 111174, 111175, 111177, 111178, 111179, 111180, 111181, 111182, 111183, 111184, 111185, 111186, 111188, 111189, 111190, 111191, 111192, 111193, 111194, 111195, 111196, 111197, 111198, 111200, 111202, 111205, 111208, 111209, 111210, 111211, 111218, 111219, 111220, 111221, 111223, 111224, 111225, 111226, 111227, 111229, 111230, 111231, 111232, 111235, 111236, 111237, 111238, 111239, 111240, 111241, 111243, 111244, 111245, 111246, 111247, 111248, 111249, 111250, 111251, 111252, 111253, 111254, 111255, 111256, 111257, 111260, 111261, 111262, 111263, 111265, 111266, 111267, 111268, 111270, 111271, 111276, 111277, 111278, 111280, 111281, 111282, 111284, 111285, 111287, 111288, 111289, 111292, 111293, 111294, 111297, 111298, 111299, 111300, 111301, 111302, 111303, 111304, 111305, 111307, 111308, 111309, 111310, 111311, 111312, 111316, 111317, 111318, 111319, 111320, 111321, 111322, 111323, 111324, 111326, 111327, 111328, 111329, 111330, 111331, 111332, 111333, 111334, 111337, 111339, 111340, 111341, 111342, 111343, 111344, 111345, 111346, 111347, 111349, 111350, 111351, 111352, 111356, 111358, 111359, 111361, 111362, 111363, 111365, 111366, 111367, 111368, 111369, 111370, 111371, 111372, 111373, 111374, 111375, 111377, 111378, 111379, 111380, 111381, 111382, 111383, 111384, 111385, 111386, 111387, 111391, 111392, 111393, 111394, 111395, 111396, 111397, 111398, 111399, 111400, 111404, 111405, 111406, 111407, 111408, 111409, 111410, 111411, 111412, 111415, 111416, 111417, 111418, 111420, 111421, 111422, 111424, 111425, 111426, 111427, 111428, 111429, 111430, 111431, 111432, 111433, 111434, 111435, 111436, 111437, 111438, 111439, 111442, 111443, 111444, 111445, 111446, 111447, 111448, 111449, 111450, 111451, 111452, 111454, 111455, 111456, 111457, 111458, 111459, 111460, 111461, 111463, 111464, 111465, 111466, 111468, 111469, 111470, 111471, 111472, 111473, 111474, 111475, 111476, 111477, 111478, 111479, 111480, 111482, 111483, 111484, 111486, 111487, 111488, 111489, 111490, 111491, 111493, 111494, 111496, 111497, 111498, 111499, 111500, 111502, 111504, 111505, 111507, 111508, 111509, 111513, 111515, 111516, 111517, 111518, 111519, 111520, 111521, 111522, 111523, 111525, 111526, 111527, 111528, 111529, 111530, 111532, 111533, 111534, 111535, 111536, 111537, 111538, 111539, 111540, 111541, 111542, 111543, 111544, 111545, 111546, 111547, 111549, 111550, 111551, 111554, 111555, 111556, 111557, 111558, 111559, 111560, 111561, 111562, 111564, 111565, 111566, 111567, 111568, 111569, 111570, 111571, 111575, 111576, 111577, 111579, 111580, 111581, 111582, 111583, 111584, 111586, 111587, 111588, 111589, 111590, 111592, 111594, 111595, 111596, 111597, 111598, 111599, 111601, 111602, 111604, 111605, 111607, 111609, 111610, 111611, 111612, 111613, 111614, 111616, 111617, 111618, 111619, 111620, 111621, 111623, 111624, 111625, 111626, 111627, 111628, 111629, 111630, 111631, 111632, 111634, 111636, 111637, 111638, 111639, 111640, 111641, 111643, 111644, 111645, 111646, 111647, 111648, 111649, 111650, 111651, 111652, 111653, 111654, 111655, 111656, 111658, 111660, 111661, 111662, 111663, 111664, 111665, 111666, 111667, 111668, 111669, 111670, 111671, 111672, 111673, 111674, 111675, 111676, 111677, 111678, 111679, 111680, 111681, 111682, 111684, 111685, 111686, 111687, 111688, 111689, 111690, 111691, 111692, 111693, 111694, 111695, 111697, 111699, 111700, 111701, 111702, 111703, 111704, 111706, 111707, 111708, 111709, 111710, 111711, 111712, 111714, 111715, 111717, 111718, 111719, 111720, 111721, 111722, 111723, 111724, 111725, 111726, 111728, 111730, 111732, 111733, 111734, 111736, 111737, 111738, 111740, 111742, 111744, 111745, 111746, 111748, 111749, 111751, 111752, 111753, 111754, 111755, 111756, 111757, 111760, 111761, 111762, 111763, 111765, 111767, 111769, 111771, 111772, 111774, 111775, 111776, 111777, 111778, 111779, 111781, 111782, 111784, 111785, 111786, 111787, 111790, 111791, 111792, 111793, 111794, 111795, 111796, 111797, 111798, 111800, 111802, 111803, 111804, 111805, 111806, 111808, 111809, 111810, 111811, 111812, 111813, 111814, 111816, 111817, 111818, 111820, 111821, 111822, 111823, 111824, 111825, 111826, 111830, 111831, 111834, 111835, 111838, 111839, 111840, 111841, 111842, 111843, 111844, 111845, 111846, 111847, 111848, 111849, 111850, 111853, 111854, 111855, 111856, 111858, 111859, 111860, 111861, 111863, 111864, 111865, 111866, 111868, 111870, 111871, 111872, 111873, 111874, 111875, 111876, 111878, 111879, 111880, 111881, 111882, 111883, 111885, 111888, 111889, 111890, 111891, 111894, 111896, 111897, 111898, 111899, 111900, 111901, 111902, 111904, 111905, 111906, 111907, 111908, 111909, 111911, 111913, 111914, 111915, 111916, 111917, 111918, 111919, 111920, 111921, 111922, 111923, 111924, 111926, 111927, 111928, 111929, 111930, 111931, 111932, 111933, 111935, 111936, 111937, 111938, 111939, 111941, 111942, 111943, 111944, 111945, 111949, 111951, 111952, 111953, 111954, 111955, 111956, 111957, 111958, 111959, 111960, 111961, 111962, 111963, 111964, 111965, 111966, 111967, 111969, 111970, 111971, 111972, 111973, 111974, 111975, 111977, 111978, 111980, 111981, 111982, 111984, 111985, 111986, 111987, 111988, 111989, 111990, 111991, 111992, 111993, 111994, 111995, 111996, 111997, 112000, 112001, 112002, 112003, 112004, 112006, 112007, 112008, 112009, 112010, 112013, 112015, 112016, 112017, 112018, 112019, 112020, 112022, 112023, 112024, 112025, 112026, 112028, 112029, 112030, 112032, 112033, 112035, 112036, 112037, 112038, 112041, 112042, 112043, 112044, 112045, 112046, 112047, 112048, 112049, 112050, 112051, 112052, 112053, 112054, 112055, 112056, 112057, 112058, 112059, 112060, 112061, 112062, 112063, 112065, 112066, 112067, 112070, 112071, 112072, 112073, 112074, 112075, 112076, 112077, 112079, 112080, 112081, 112082, 112083, 112084, 112085, 112086, 112087, 112089, 112090, 112092, 112093, 112094, 112096, 112097, 112098, 112100, 112101, 112103, 112104, 112105, 112106, 112108, 112109, 112111, 112112, 112114, 112116, 112118, 112119, 112120, 112122, 112123, 112124, 112125, 112126, 112127, 112128, 112129, 112130, 112131, 112132, 112133, 112134, 112135, 112136, 112137, 112140, 112141, 112143, 112144, 112145, 112146, 112147, 112148, 112149, 112150, 112152, 112153, 112154, 112156, 112158, 112159, 112160, 112161, 112162, 112164, 112165, 112166, 112168, 112169, 112170, 112171, 112172, 112173, 112174, 112175, 112176, 112177, 112178, 112179, 112180, 112181, 112183, 112184, 112185, 112191, 112192, 112196, 112197, 112198, 112199, 112200, 112202, 112204, 112205, 112207, 112208, 112209, 112210, 112211, 112212, 112213, 112214, 112216, 112217, 112219, 112220, 112221, 112222, 112223, 112224, 112226, 112227, 112228, 112229, 112231, 112232, 112234, 112235, 112236, 112237, 112238, 112239, 112240, 112241, 112243, 112244, 112245, 112246, 112247, 112248, 112250, 112252, 112253, 112254, 112257, 112259, 112263, 112264, 112265, 112266, 112267, 112268, 112269, 112270, 112271, 112272, 112273, 112275, 112276, 112277, 112278, 112279, 112280, 112281, 112282, 112283, 112284, 112285, 112286, 112287, 112288, 112289, 112290, 112292, 112293, 112294, 112295, 112296, 112297, 112298, 112299, 112302, 112305, 112306, 112308, 112309, 112310, 112311, 112312, 112313, 112314, 112315, 112316, 112317, 112318, 112319, 112320, 112322, 112324, 112325, 112326, 112327, 112328, 112329, 112330, 112331, 112332, 112334, 112335, 112336, 112337, 112338, 112339, 112340, 112341, 112343, 112344, 112345, 112347, 112349, 112350, 112351, 112352, 112353, 112354, 112355, 112357, 112358, 112359, 112360, 112361, 112362, 112363, 112364, 112365, 112367, 112368, 112370, 112371, 112372, 112374, 112375, 112376, 112378, 112379, 112380, 112381, 112382, 112384, 112385, 112386, 112387, 112388, 112389, 112390, 112391, 112392, 112393, 112394, 112395, 112396, 112397, 112398, 112399, 112400, 112401, 112402, 112404, 112405, 112407, 112410, 112411, 112412, 112414, 112417, 112418, 112419, 112421, 112422, 112423, 112424, 112426, 112427, 112428, 112429, 112430, 112431, 112435, 112436, 112437, 112438, 112439, 112440, 112441, 112442, 112443, 112444, 112446, 112448, 112449, 112450, 112451, 112452, 112456, 112457, 112460, 112461, 112462, 112463, 112464, 112465, 112466, 112467, 112469, 112470, 112471, 112472, 112473, 112474, 112475, 112476, 112479, 112482, 112483, 112485, 112486, 112487, 112488, 112489, 112490, 112491, 112492, 112493, 112494, 112496, 112498, 112501, 112502, 112503, 112504, 112507, 112508, 112509, 112510, 112511, 112512, 112513, 112515, 112516, 112517, 112518, 112519, 112520, 112521, 112522, 112523, 112524, 112525, 112527, 112528, 112529, 112530, 112531, 112532, 112533, 112536, 112538, 112540, 112542, 112543, 112544, 112545, 112546, 112547, 112548, 112549, 112550, 112551, 112552, 112553, 112554, 112557, 112558, 112559, 112560, 112561, 112562, 112563, 112564, 112565, 112566, 112568, 112569, 112570, 112571, 112572, 112574, 112575, 112576, 112578, 112580, 112582, 112584, 112586, 112587, 112588, 112590, 112591, 112592, 112593, 112594, 112595, 112597, 112598, 112599, 112602, 112603, 112604, 112605, 112606, 112608, 112609, 112610, 112612, 112613, 112614, 112615, 112616, 112617, 112618, 112619, 112620, 112621, 112622, 112623, 112624, 112625, 112626, 112628, 112629, 112630, 112631, 112632, 112633, 112635, 112637, 112638, 112639, 112640, 112641, 112642, 112644, 112646, 112647, 112650, 112651, 112652, 112653, 112654, 112655, 112656, 112658, 112659, 112660, 112662, 112663, 112664, 112665, 112666, 112667, 112668, 112670, 112671, 112672, 112673, 112674, 112675, 112678, 112679, 112680, 112681, 112682, 112683, 112685, 112686, 112687, 112688, 112690, 112691, 112693, 112695, 112696, 112697, 112698, 112699, 112700, 112701, 112702, 112703, 112704, 112705, 112706, 112707, 112708, 112709, 112710, 112712, 112713, 112714, 112715, 112716, 112717, 112719, 112720, 112721, 112722, 112723, 112724, 112726, 112727, 112728, 112730, 112731, 112732, 112733, 112734, 112735, 112736, 112737, 112738, 112740, 112741, 112742, 112743, 112744, 112745, 112747, 112748, 112749, 112750, 112751, 112752, 112753, 112754, 112756, 112757, 112758, 112759, 112760, 112762, 112763, 112764, 112766, 112767, 112769, 112770, 112771, 112772, 112773, 112774, 112775, 112776, 112777, 112778, 112779, 112780, 112781, 112782, 112784, 112785, 112787, 112788, 112789, 112790, 112791, 112792, 112793, 112794, 112795, 112797, 112798, 112799, 112801, 112802, 112803, 112804, 112805, 112806, 112807, 112808, 112809, 112810, 112811, 112812, 112813, 112814, 112815, 112816, 112818, 112820, 112821, 112822, 112824, 112826, 112827, 112828, 112829, 112830, 112831, 112832, 112833, 112834, 112835, 112836, 112837, 112838, 112839, 112842, 112843, 112844, 112845, 112847, 112848, 112849, 112850, 112851, 112852, 112853, 112854, 112855, 112857, 112858, 112859, 112860, 112862, 112863, 112864, 112866, 112867, 112869, 112872, 112873, 112874, 112877, 112878, 112879, 112881, 112882, 112884, 112887, 112888, 112889, 112890, 112891, 112892, 112893, 112894, 112895, 112896, 112898, 112900, 112901, 112903, 112904, 112905, 112906, 112907, 112908, 112909, 112910, 112911, 112912, 112914, 112915, 112916, 112917, 112918, 112919, 112920, 112921, 112922, 112923, 112924, 112925, 112926, 112927, 112928, 112931, 112932, 112933, 112935, 112936, 112937, 112938, 112939, 112940, 112941, 112942, 112943, 112945, 112947, 112948, 112949, 112950, 112951, 112952, 112953, 112954, 112955, 112956, 112957, 112958, 112959, 112960, 112963, 112964, 112965, 112966, 112967, 112968, 112969, 112970, 112971, 112973, 112974, 112975, 112976, 112978, 112979, 112980, 112981, 112982, 112983, 112984, 112985, 112986, 112987, 112988, 112989, 112990, 112991, 112993, 112994, 112996, 112997, 113000, 113001, 113004, 113006, 113007, 113008, 113010, 113011, 113012, 113013, 113014, 113015, 113017, 113018, 113019, 113020, 113021, 113022, 113023, 113024, 113028, 113029, 113030, 113031, 113032, 113033, 113034, 113036, 113037, 113038, 113039, 113041, 113042, 113044, 113045, 113046, 113048, 113049, 113050, 113051, 113052, 113053, 113054, 113055, 113056, 113057, 113059, 113060, 113061, 113062, 113063, 113064, 113065, 113067, 113068, 113069, 113070, 113072, 113073, 113075, 113076, 113077, 113078, 113079, 113080, 113081, 113083, 113084, 113085, 113086, 113087, 113088, 113089, 113090, 113093, 113094, 113095, 113098, 113101, 113102, 113103, 113104, 113105, 113106, 113107, 113108, 113109, 113110, 113111, 113112, 113113, 113118, 113120, 113121, 113122, 113126, 113129, 113130, 113131, 113133, 113135, 113139, 113140, 113141, 113142, 113143, 113144, 113145, 113146, 113147, 113148, 113150, 113151, 113152, 113153, 113155, 113156, 113158, 113160, 113161, 113164, 113166, 113168, 113169, 113170, 113172, 113173, 113174, 113175, 113176, 113177, 113178, 113180, 113181, 113182, 113183, 113184, 113186, 113187, 113189, 113190, 113192, 113193, 113194, 113195, 113197, 113198, 113199, 113200, 113201, 113203, 113204, 113205, 113206, 113207, 113211, 113212, 113215, 113216, 113217, 113218, 113219, 113222, 113223, 113224, 113225, 113226, 113227, 113228, 113229, 113230, 113231, 113232, 113233, 113235, 113238, 113239, 113240, 113241, 113242, 113243, 113244, 113246, 113248, 113249, 113252, 113253, 113254, 113256, 113258, 113259, 113260, 113261, 113262, 113263, 113265, 113266, 113267, 113268, 113273, 113275, 113276, 113278, 113279, 113280, 113281, 113282, 113284, 113285, 113288, 113289, 113290, 113293, 113294, 113295, 113296, 113298, 113299, 113300, 113301, 113302, 113303, 113304, 113305, 113306, 113307, 113308, 113309, 113310, 113311, 113312, 113313, 113314, 113315, 113316, 113317, 113319, 113320, 113321, 113322, 113323, 113324, 113326, 113327, 113328, 113329, 113330, 113331, 113332, 113333, 113335, 113336, 113337, 113338, 113339, 113340, 113341, 113342, 113343, 113344, 113345, 113346, 113347, 113348, 113349, 113350, 113351, 113355, 113356, 113357, 113358, 113361, 113362, 113363, 113364, 113365, 113367, 113368, 113369, 113370, 113371, 113372, 113373, 113374, 113375, 113376, 113378, 113379, 113381, 113382, 113383, 113384, 113385, 113386, 113387, 113388, 113389, 113390, 113391, 113392, 113394, 113395, 113396, 113399, 113400, 113401, 113402, 113403, 113404, 113406, 113407, 113408, 113409, 113410, 113411, 113412, 113413, 113414, 113415, 113416, 113417, 113418, 113419, 113420, 113421, 113422, 113423, 113424, 113428, 113429, 113430, 113431, 113432, 113433, 113434, 113435, 113436, 113437, 113438, 113439, 113440, 113441, 113442, 113444, 113445, 113446, 113447, 113448, 113450, 113451, 113452, 113453, 113454, 113456, 113460, 113462, 113466, 113467, 113468, 113469, 113470, 113471, 113472, 113473, 113474, 113475, 113476, 113477, 113478, 113479, 113480, 113482, 113484, 113485, 113487, 113488, 113489, 113490, 113491, 113492, 113493, 113494, 113495, 113496, 113497, 113498, 113499, 113500, 113503, 113504, 113506, 113507, 113509, 113510, 113511, 113512, 113513, 113514, 113515, 113516, 113517, 113518, 113519, 113520, 113521, 113523, 113524, 113526, 113527, 113528, 113529, 113532, 113533, 113534, 113535, 113536, 113538, 113539, 113540, 113541, 113542, 113543, 113544, 113545, 113547, 113549, 113550, 113551, 113552, 113554, 113557, 113558, 113560, 113564, 113565, 113566, 113567, 113569, 113570, 113572, 113573, 113574, 113575, 113576, 113577, 113578, 113579, 113580, 113581, 113582, 113583, 113585, 113586, 113588, 113589, 113590, 113591, 113592, 113593, 113594, 113597, 113599, 113600, 113601, 113602, 113604, 113605, 113606, 113607, 113608, 113609, 113610, 113612, 113613, 113617, 113618, 113619, 113620, 113621, 113623, 113624, 113625, 113627, 113629, 113630, 113632, 113633, 113634, 113636, 113637, 113639, 113641, 113642, 113643, 113644, 113645, 113646, 113647, 113648, 113649, 113650, 113651, 113652, 113653, 113654, 113656, 113657, 113660, 113661, 113662, 113663, 113665, 113666, 113667, 113668, 113669, 113670, 113671, 113672, 113674, 113676, 113677, 113678, 113679, 113680, 113683, 113684, 113685, 113686, 113687, 113688, 113690, 113691, 113692, 113693, 113694, 113695, 113696, 113697, 113698, 113701, 113702, 113703, 113704, 113705, 113706, 113707, 113708, 113710, 113711, 113712, 113713, 113717, 113718, 113719, 113720, 113721, 113724, 113725, 113726, 113727, 113729, 113730, 113731, 113732, 113733, 113734, 113736, 113737, 113738, 113739, 113740, 113741, 113742, 113743, 113744, 113745, 113746, 113747, 113748, 113749, 113751, 113752, 113753, 113754, 113756, 113757, 113758, 113760, 113761, 113763, 113764, 113765, 113766, 113767, 113768, 113769, 113771, 113772, 113774, 113776, 113777, 113778, 113780, 113781, 113782, 113783, 113785, 113786, 113787, 113788, 113789, 113790, 113791, 113792, 113793, 113794, 113795, 113796, 113797, 113799, 113800, 113801, 113804, 113806, 113809, 113810, 113811, 113812, 113813, 113814, 113815, 113816, 113817, 113818, 113819, 113820, 113821, 113824, 113827, 113828, 113829, 113830, 113831, 113832, 113833, 113834, 113835, 113837, 113838, 113839, 113840, 113842, 113843, 113844, 113846, 113847, 113848, 113849, 113850, 113851, 113853, 113854, 113855, 113856, 113857, 113858, 113859, 113860, 113861, 113862, 113863, 113864, 113865, 113867, 113868, 113869, 113870, 113871, 113872, 113873, 113874, 113875, 113876, 113877, 113878, 113879, 113880, 113881, 113882, 113883, 113884, 113885, 113886, 113887, 113888, 113889, 113890, 113893, 113895, 113896, 113897, 113899, 113900, 113901, 113902, 113903, 113904, 113905, 113906, 113907, 113908, 113909, 113910, 113911, 113912, 113913, 113914, 113915, 113916, 113917, 113919, 113920, 113921, 113922, 113923, 113924, 113925, 113926, 113928, 113929, 113930, 113933, 113934, 113935, 113936, 113940, 113945, 113946, 113947, 113948, 113950, 113951, 113952, 113953, 113954, 113955, 113956, 113957, 113958, 113959, 113960, 113961, 113964, 113966, 113967, 113968, 113970, 113971, 113972, 113974, 113976, 113978, 113979, 113980, 113981, 113982, 113984, 113985, 113986, 113987, 113988, 113989, 113991, 113994, 113995, 113997, 113998, 113999, 114000, 114001, 114002, 114003, 114004, 114005, 114006, 114008, 114009, 114011, 114014, 114015, 114016, 114017, 114019, 114020, 114021, 114023, 114024, 114025, 114026, 114028, 114029, 114030, 114034, 114036, 114040, 114041, 114042, 114044, 114045, 114049, 114051, 114052, 114054, 114055, 114056, 114057, 114058, 114059, 114060, 114062, 114063, 114064, 114065, 114066, 114067, 114068, 114069, 114070, 114071, 114072, 114073, 114076, 114077, 114078, 114079, 114080, 114081, 114083, 114084, 114085, 114086, 114087, 114088, 114089, 114091, 114095, 114096, 114097, 114098, 114099, 114106, 114110, 114111, 114112, 114113, 114114, 114115, 114116, 114118, 114119, 114120, 114122, 114123, 114124, 114127, 114128, 114129, 114130, 114133, 114134, 114135, 114136, 114137, 114138, 114139, 114140, 114141, 114142, 114143, 114144, 114145, 114146, 114147, 114148, 114149, 114150, 114151, 114152, 114153, 114155, 114156, 114157, 114158, 114161, 114162, 114163, 114164, 114165, 114166, 114167, 114168, 114170, 114172, 114173, 114174, 114176, 114177, 114178, 114179, 114180, 114181, 114182, 114183, 114184, 114185, 114186, 114187, 114188, 114189, 114190, 114191, 114192, 114194, 114195, 114198, 114199, 114200, 114202, 114203, 114206, 114207, 114208, 114209, 114211, 114212, 114213, 114215, 114216, 114217, 114218, 114219, 114220, 114221, 114223, 114225, 114226, 114227, 114228, 114229, 114230, 114231, 114232, 114234, 114235, 114236, 114237, 114238, 114239, 114240, 114243, 114244, 114245, 114246, 114248, 114249, 114250, 114254, 114255, 114256, 114257, 114259, 114260, 114261, 114263, 114265, 114266, 114267, 114268, 114271, 114272, 114273, 114274, 114275, 114276, 114277, 114278, 114282, 114283, 114284, 114285, 114289, 114291, 114292, 114293, 114294, 114296, 114297, 114298, 114300, 114303, 114304, 114306, 114307, 114308, 114310, 114311, 114312, 114314, 114315, 114316, 114317, 114318, 114319, 114321, 114322, 114323, 114324, 114325, 114326, 114328, 114329, 114330, 114332, 114333, 114335, 114336, 114337, 114338, 114339, 114342, 114343, 114344, 114345, 114346, 114347, 114348, 114349, 114350, 114352, 114353, 114354, 114355, 114356, 114358, 114359, 114360, 114361, 114362, 114363, 114364, 114365, 114366, 114367, 114368, 114369, 114370, 114371, 114372, 114373, 114374, 114375, 114376, 114378, 114379, 114380, 114381, 114382, 114383, 114385, 114386, 114387, 114389, 114390, 114391, 114392, 114393, 114394, 114395, 114396, 114398, 114400, 114402, 114404, 114405, 114406, 114407, 114408, 114410, 114411, 114412, 114413, 114416, 114417, 114418, 114419, 114420, 114422, 114424, 114425, 114426, 114427, 114428, 114429, 114430, 114431, 114432, 114433, 114434, 114435, 114436, 114437, 114438, 114439, 114440, 114441, 114442, 114443, 114444, 114445, 114446, 114447, 114448, 114449, 114450, 114451, 114452, 114456, 114457, 114458, 114459, 114460, 114461, 114462, 114463, 114464, 114465, 114470, 114471, 114472, 114475, 114476, 114477, 114479, 114480, 114481, 114482, 114483, 114487, 114488, 114489, 114490, 114491, 114492, 114493, 114494, 114496, 114497, 114499, 114500, 114501, 114502, 114503, 114504, 114505, 114507, 114508, 114509, 114511, 114512, 114513, 114515, 114516, 114517, 114521, 114522, 114523, 114524, 114525, 114526, 114527, 114528, 114529, 114530, 114531, 114533, 114534, 114535, 114536, 114537, 114538, 114539, 114540, 114541, 114542, 114544, 114545, 114546, 114548, 114550, 114551, 114553, 114554, 114555, 114556, 114557, 114559, 114560, 114561, 114562, 114563, 114564, 114565, 114566, 114567, 114569, 114570, 114571, 114572, 114573, 114574, 114575, 114577, 114578, 114580, 114582, 114583, 114584, 114585, 114586, 114587, 114588, 114590, 114591, 114592, 114593, 114594, 114595, 114597, 114598, 114599, 114600, 114601, 114602, 114603, 114604, 114606, 114607, 114608, 114609, 114610, 114612, 114613, 114614, 114615, 114618, 114619, 114620, 114621, 114622, 114623, 114624, 114626, 114627, 114629, 114630, 114631, 114633, 114634, 114635, 114636, 114637, 114638, 114639, 114640, 114641, 114643, 114644, 114645, 114647, 114648, 114649, 114652, 114653, 114654, 114655, 114656, 114658, 114660, 114661, 114662, 114663, 114664, 114665, 114666, 114667, 114669, 114670, 114671, 114672, 114673, 114675, 114676, 114678, 114679, 114682, 114683, 114684, 114687, 114688, 114689, 114690, 114691, 114693, 114695, 114696, 114698, 114700, 114702, 114703, 114704, 114705, 114706, 114707, 114708, 114713, 114714, 114715, 114716, 114717, 114718, 114719, 114720, 114721, 114722, 114725, 114727, 114728, 114729, 114730, 114731, 114732, 114733, 114734, 114735, 114736, 114737, 114738, 114739, 114740, 114742, 114743, 114744, 114747, 114748, 114749, 114750, 114751, 114752, 114754, 114755, 114756, 114757, 114758, 114759, 114761, 114762, 114763, 114764, 114766, 114767, 114768, 114769, 114771, 114772, 114773, 114775, 114776, 114778, 114781, 114783, 114784, 114785, 114786, 114788, 114789, 114790, 114791, 114792, 114795, 114796, 114797, 114798, 114799, 114801, 114802, 114803, 114804, 114805, 114806, 114807, 114808, 114809, 114810, 114812, 114815, 114816, 114818, 114819, 114820, 114822, 114823, 114824, 114825, 114826, 114827, 114829, 114830, 114832, 114833, 114834, 114835, 114836, 114837, 114838, 114839, 114843, 114844, 114849, 114850, 114853, 114854, 114855, 114856, 114857, 114858, 114859, 114861, 114862, 114863, 114864, 114865, 114866, 114867, 114869, 114870, 114871, 114873, 114874, 114876, 114877, 114878, 114879, 114880, 114881, 114882, 114883, 114884, 114885, 114886, 114887, 114888, 114889, 114891, 114894, 114895, 114896, 114897, 114898, 114900, 114902, 114903, 114904, 114905, 114906, 114907, 114908, 114909, 114910, 114911, 114912, 114913, 114914, 114915, 114916, 114918, 114919, 114923, 114925, 114926, 114927, 114928, 114929, 114930, 114931, 114932, 114933, 114934, 114935, 114938, 114939, 114940, 114941, 114943, 114944, 114945, 114947, 114948, 114949, 114950, 114951, 114952, 114953, 114954, 114955, 114957, 114958, 114959, 114961, 114962, 114963, 114965, 114967, 114968, 114969, 114970, 114971, 114972, 114973, 114974, 114977, 114978, 114979, 114980, 114981, 114983, 114984, 114986, 114987, 114988, 114989, 114990, 114992, 114993, 114994, 114995, 114996, 114997, 114998, 114999, 115000, 115001, 115002, 115003, 115004, 115005, 115006, 115007, 115009, 115010, 115011, 115012, 115013, 115014, 115016, 115017, 115018, 115020, 115021, 115022, 115024, 115025, 115026, 115027, 115028, 115029, 115030, 115031, 115032, 115033, 115034, 115035, 115036, 115037, 115039, 115040, 115041, 115042, 115043, 115045, 115046, 115047, 115048, 115049, 115051, 115052, 115053, 115057, 115059, 115060, 115061, 115062, 115063, 115065, 115066, 115067, 115068, 115069, 115071, 115075, 115076, 115077, 115079, 115081, 115083, 115084, 115085, 115086, 115087, 115088, 115089, 115090, 115091, 115093, 115094, 115095, 115096, 115099, 115100, 115101, 115103, 115104, 115107, 115108, 115109, 115110, 115111, 115112, 115114, 115115, 115116, 115117, 115118, 115119, 115121, 115122, 115124, 115125, 115126, 115127, 115128, 115129, 115130, 115133, 115134, 115135, 115136, 115137, 115138, 115139, 115140, 115141, 115142, 115143, 115144, 115145, 115146, 115147, 115148, 115149, 115151, 115154, 115155, 115156, 115157, 115158, 115159, 115160, 115161, 115162, 115163, 115164, 115165, 115166, 115167, 115168, 115169, 115170, 115171, 115172, 115173, 115174, 115175, 115176, 115178, 115179, 115180, 115181, 115182, 115183, 115184, 115185, 115186, 115187, 115188, 115189, 115190, 115191, 115192, 115193, 115194, 115196, 115197, 115199, 115200, 115201, 115203, 115205, 115206, 115207, 115208, 115210, 115211, 115213, 115214, 115215, 115217, 115218, 115219, 115220, 115221, 115222, 115224, 115225, 115227, 115228, 115230, 115231, 115232, 115234, 115235, 115236, 115237, 115238, 115241, 115242, 115243, 115244, 115245, 115246, 115247, 115248, 115249, 115250, 115252, 115253, 115255, 115256, 115260, 115261, 115262, 115263, 115264, 115265, 115267, 115268, 115269, 115270, 115271, 115272, 115273, 115274, 115276, 115277, 115278, 115281, 115282, 115283, 115284, 115285, 115286, 115289, 115291, 115292, 115293, 115295, 115296, 115297, 115299, 115300, 115301, 115302, 115303, 115304, 115307, 115308, 115309, 115310, 115311, 115312, 115313, 115314, 115315, 115317, 115318, 115319, 115320, 115321, 115322, 115323, 115324, 115326, 115327, 115329, 115330, 115334, 115337, 115338, 115339, 115340, 115342, 115343, 115344, 115345, 115346, 115347, 115348, 115349, 115350, 115352, 115353, 115355, 115357, 115358, 115359, 115360, 115361, 115362, 115363, 115364, 115365, 115366, 115368, 115369, 115370, 115371, 115372, 115375, 115376, 115377, 115378, 115379, 115381, 115385, 115386, 115387, 115388, 115390, 115392, 115393, 115396, 115397, 115398, 115400, 115401, 115402, 115403, 115404, 115405, 115406, 115407, 115408, 115411, 115413, 115414, 115416, 115417, 115418, 115419, 115420, 115421, 115422, 115423, 115424, 115425, 115426, 115427, 115429, 115430, 115431, 115433, 115436, 115438, 115441, 115442, 115443, 115444, 115446, 115447, 115448, 115449, 115450, 115451, 115452, 115453, 115454, 115455, 115456, 115457, 115458, 115459, 115460, 115461, 115462, 115463, 115464, 115465, 115466, 115467, 115468, 115469, 115470, 115471, 115472, 115473, 115474, 115475, 115476, 115477, 115479, 115480, 115482, 115483, 115484, 115485, 115486, 115487, 115488, 115491, 115493, 115494, 115495, 115496, 115497, 115498, 115499, 115500, 115502, 115503, 115504, 115505, 115506, 115508, 115509, 115510, 115511, 115512, 115513, 115514, 115516, 115517, 115518, 115519, 115520, 115522, 115523, 115524, 115525, 115526, 115528, 115529, 115531, 115532, 115533, 115534, 115535, 115536, 115537, 115538, 115539, 115540, 115541, 115542, 115543, 115544, 115545, 115546, 115547, 115548, 115549, 115552, 115554, 115555, 115556, 115558, 115559, 115560, 115562, 115564, 115566, 115568, 115570, 115571, 115572, 115573, 115574, 115575, 115576, 115577, 115579, 115581, 115582, 115584, 115585, 115586, 115587, 115589, 115590, 115593, 115594, 115595, 115596, 115597, 115598, 115599, 115600, 115602, 115603, 115604, 115606, 115607, 115608, 115609, 115611, 115612, 115613, 115614, 115616, 115617, 115618, 115623, 115624, 115625, 115626, 115627, 115628, 115629, 115630, 115632, 115633, 115634, 115635, 115636, 115637, 115638, 115639, 115640, 115641, 115642, 115647, 115649, 115650, 115651, 115652, 115653, 115656, 115657, 115658, 115659, 115660, 115661, 115664, 115665, 115666, 115668, 115669, 115671, 115672, 115674, 115676, 115677, 115678, 115681, 115683, 115684, 115686, 115687, 115688, 115690, 115695, 115696, 115697, 115698, 115699, 115700, 115701, 115702, 115703, 115704, 115707, 115708, 115710, 115711, 115712, 115713, 115714, 115715, 115716, 115717, 115718, 115720, 115722, 115724, 115725, 115726, 115727, 115728, 115729, 115730, 115733, 115734, 115735, 115736, 115739, 115741, 115742, 115746, 115747, 115748, 115749, 115750, 115751, 115753, 115755, 115756, 115757, 115758, 115759, 115760, 115762, 115763, 115764, 115765, 115766, 115768, 115770, 115771, 115774, 115776, 115777, 115779, 115780, 115781, 115782, 115783, 115784, 115785, 115786, 115787, 115788, 115789, 115791, 115792, 115794, 115795, 115797, 115798, 115799, 115800, 115801, 115804, 115807, 115809, 115811, 115812, 115813, 115814, 115815, 115816, 115817, 115819, 115821, 115823, 115824, 115825, 115826, 115827, 115828, 115830, 115831, 115833, 115835, 115837, 115838, 115839, 115841, 115842, 115843, 115844, 115845, 115847, 115848, 115849, 115850, 115852, 115853, 115854, 115855, 115857, 115858, 115859, 115860, 115862, 115863, 115865, 115866, 115867, 115868, 115869, 115870, 115871, 115872, 115873, 115874, 115875, 115876, 115878, 115879, 115880, 115882, 115883, 115884, 115885, 115888, 115890, 115891, 115892, 115893, 115894, 115895, 115896, 115897, 115898, 115899, 115901, 115903, 115904, 115906, 115908, 115910, 115911, 115912, 115914, 115916, 115917, 115918, 115919, 115920, 115921, 115923, 115924, 115925, 115926, 115928, 115929, 115930, 115931, 115932, 115933, 115934, 115935, 115936, 115937, 115938, 115940, 115941, 115942, 115943, 115944, 115945, 115946, 115947, 115948, 115949, 115950, 115951, 115952, 115953, 115954, 115955, 115956, 115957, 115961, 115962, 115963, 115964, 115965, 115966, 115967, 115968, 115969, 115971, 115974, 115976, 115977, 115978, 115980, 115981, 115982, 115983, 115984, 115985, 115987, 115989, 115990, 115991, 115994, 115997, 116000, 116001, 116002, 116003, 116004, 116005, 116006, 116007, 116011, 116012, 116013, 116014, 116015, 116016, 116017, 116018, 116019, 116020, 116021, 116022, 116023, 116024, 116025, 116026, 116027, 116029, 116030, 116031, 116032, 116033, 116034, 116035, 116036, 116037, 116040, 116041, 116042, 116043, 116044, 116048, 116049, 116050, 116053, 116055, 116056, 116057, 116058, 116060, 116061, 116065, 116066, 116067, 116068, 116069, 116070, 116071, 116072, 116073, 116074, 116076, 116077, 116078, 116079, 116080, 116081, 116082, 116085, 116086, 116087, 116088, 116089, 116090, 116091, 116092, 116093, 116094, 116095, 116096, 116097, 116098, 116099, 116101, 116102, 116103, 116104, 116105, 116106, 116107, 116108, 116109, 116110, 116111, 116113, 116114, 116115, 116116, 116117, 116118, 116121, 116122, 116124, 116125, 116127, 116128, 116129, 116130, 116132, 116133, 116136, 116138, 116139, 116140, 116141, 116142, 116144, 116146, 116147, 116148, 116150, 116151, 116152, 116154, 116156, 116157, 116159, 116160, 116163, 116164, 116165, 116166, 116167, 116168, 116169, 116171, 116174, 116175, 116176, 116177, 116178, 116181, 116182, 116183, 116185, 116186, 116187, 116188, 116189, 116190, 116191, 116192, 116193, 116194, 116195, 116196, 116197, 116199, 116200, 116201, 116203, 116204, 116206, 116207, 116208, 116209, 116211, 116212, 116214, 116215, 116216, 116217, 116220, 116221, 116222, 116223, 116224, 116225, 116226, 116227, 116228, 116229, 116230, 116231, 116232, 116233, 116234, 116235, 116236, 116237, 116238, 116239, 116241, 116242, 116243, 116244, 116245, 116247, 116248, 116250, 116251, 116252, 116253, 116254, 116255, 116256, 116258, 116259, 116260, 116262, 116263, 116266, 116268, 116271, 116272, 116273, 116274, 116276, 116277, 116278, 116281, 116283, 116284, 116285, 116286, 116287, 116289, 116290, 116291, 116293, 116294, 116295, 116297, 116298, 116299, 116300, 116301, 116302, 116303, 116304, 116305, 116306, 116307, 116308, 116309, 116310, 116311, 116313, 116317, 116318, 116319, 116321, 116322, 116323, 116324, 116326, 116327, 116328, 116329, 116330, 116331, 116332, 116333, 116334, 116335, 116336, 116338, 116339, 116340, 116341, 116342, 116343, 116344, 116345, 116346, 116347, 116348, 116349, 116350, 116351, 116352, 116353, 116354, 116355, 116356, 116357, 116358, 116359, 116360, 116361, 116363, 116364, 116366, 116367, 116368, 116369, 116371, 116372, 116373, 116374, 116375, 116376, 116378, 116381, 116382, 116383, 116384, 116385, 116386, 116387, 116390, 116391, 116393, 116394, 116395, 116396, 116397, 116398, 116400, 116401, 116402, 116403, 116405, 116406, 116407, 116408, 116409, 116411, 116412, 116413, 116414, 116415, 116416, 116417, 116419, 116420, 116421, 116422, 116423, 116424, 116425, 116426, 116428, 116429, 116430, 116432, 116433, 116434, 116435, 116436, 116437, 116438, 116439, 116442, 116443, 116444, 116445, 116447, 116450, 116451, 116452, 116453, 116454, 116455, 116456, 116457, 116458, 116460, 116461, 116463, 116464, 116465, 116466, 116467, 116468, 116469, 116472, 116473, 116474, 116475, 116477, 116478, 116479, 116480, 116482, 116483, 116484, 116486, 116488, 116489, 116490, 116491, 116492, 116493, 116494, 116495, 116499, 116500, 116501, 116502, 116503, 116505, 116507, 116508, 116509, 116510, 116511, 116512, 116514, 116516, 116517, 116519, 116520, 116521, 116522, 116523, 116525, 116526, 116527, 116528, 116530, 116532, 116533, 116535, 116536, 116537, 116538, 116540, 116541, 116542, 116544, 116547, 116548, 116549, 116550, 116551, 116555, 116556, 116560, 116563, 116564, 116565, 116566, 116567, 116568, 116569, 116570, 116571, 116572, 116573, 116575, 116577, 116578, 116580, 116581, 116582, 116583, 116585, 116586, 116587, 116589, 116590, 116591, 116592, 116594, 116595, 116596, 116597, 116598, 116601, 116602, 116603, 116604, 116605, 116606, 116609, 116610, 116611, 116612, 116614, 116615, 116617, 116619, 116620, 116621, 116622, 116624, 116625, 116626, 116627, 116629, 116630, 116631, 116632, 116633, 116634, 116636, 116637, 116638, 116639, 116642, 116643, 116644, 116647, 116648, 116649, 116650, 116651, 116652, 116653, 116655, 116657, 116658, 116659, 116660, 116661, 116662, 116663, 116665, 116666, 116667, 116668, 116669, 116671, 116672, 116673, 116674, 116675, 116679, 116680, 116681, 116683, 116684, 116685, 116686, 116688, 116689, 116690, 116691, 116692, 116693, 116694, 116695, 116696, 116697, 116698, 116699, 116700, 116701, 116702, 116703, 116704, 116705, 116706, 116707, 116708, 116710, 116711, 116712, 116714, 116715, 116716, 116717, 116718, 116719, 116720, 116721, 116722, 116723, 116724, 116725, 116726, 116727, 116729, 116731, 116732, 116734, 116735, 116736, 116738, 116739, 116740, 116742, 116743, 116744, 116746, 116747, 116748, 116749, 116750, 116751, 116752, 116753, 116754, 116755, 116756, 116757, 116758, 116759, 116760, 116761, 116762, 116763, 116765, 116766, 116767, 116768, 116769, 116771, 116774, 116776, 116777, 116778, 116779, 116780, 116781, 116782, 116783, 116784, 116785, 116786, 116787, 116788, 116790, 116792, 116794, 116795, 116796, 116797, 116798, 116799, 116801, 116802, 116803, 116805, 116806, 116807, 116808, 116809, 116810, 116812, 116813, 116814, 116815, 116816, 116818, 116820, 116821, 116823, 116824, 116826, 116828, 116829, 116830, 116831, 116832, 116833, 116834, 116836, 116837, 116838, 116839, 116840, 116841, 116843, 116844, 116845, 116846, 116847, 116848, 116849, 116851, 116853, 116854, 116857, 116858, 116859, 116862, 116863, 116864, 116867, 116868, 116869, 116870, 116871, 116872, 116875, 116876, 116877, 116878, 116879, 116880, 116881, 116882, 116883, 116886, 116888, 116889, 116890, 116891, 116892, 116893, 116894, 116895, 116897, 116898, 116899, 116900, 116901, 116902, 116903, 116905, 116906, 116907, 116908, 116910, 116911, 116912, 116913, 116915, 116916, 116918, 116920, 116921, 116922, 116923, 116924, 116925, 116926, 116927, 116928, 116929, 116930, 116931, 116932, 116933, 116934, 116937, 116939, 116941, 116942, 116943, 116944, 116945, 116946, 116948, 116950, 116951, 116952, 116953, 116954, 116955, 116956, 116957, 116960, 116961, 116962, 116964, 116967, 116968, 116969, 116970, 116971, 116972, 116973, 116974, 116975, 116976, 116977, 116980, 116981, 116982, 116983, 116984, 116985, 116986, 116987, 116988, 116990, 116991, 116992, 116993, 116995, 116996, 116997, 116998, 116999, 117000, 117002, 117003, 117005, 117006, 117007, 117009, 117010, 117011, 117012, 117013, 117014, 117015, 117017, 117018, 117019, 117020, 117021, 117022, 117023, 117024, 117025, 117026, 117027, 117028, 117029, 117030, 117032, 117033, 117034, 117035, 117036, 117037, 117038, 117040, 117041, 117044, 117045, 117046, 117047, 117048, 117050, 117051, 117052, 117053, 117055, 117057, 117058, 117060, 117061, 117062, 117064, 117065, 117067, 117069, 117070, 117071, 117073, 117077, 117078, 117082, 117083, 117085, 117086, 117087, 117089, 117090, 117091, 117092, 117093, 117094, 117096, 117097, 117098, 117099, 117100, 117101, 117102, 117103, 117104, 117105, 117107, 117108, 117109, 117110, 117111, 117112, 117114, 117116, 117117, 117118, 117119, 117120, 117121, 117122, 117123, 117124, 117125, 117126, 117127, 117129, 117130, 117132, 117133, 117134, 117135, 117137, 117138, 117139, 117140, 117141, 117142, 117143, 117145, 117146, 117147, 117148, 117149, 117151, 117152, 117153, 117154, 117157, 117158, 117159, 117160, 117161, 117162, 117163, 117164, 117165, 117166, 117167, 117168, 117169, 117170, 117171, 117172, 117173, 117174, 117175, 117176, 117178, 117179, 117180, 117182, 117183, 117184, 117187, 117188, 117189, 117191, 117193, 117194, 117195, 117196, 117199, 117201, 117202, 117203, 117204, 117205, 117206, 117207, 117208, 117210, 117211, 117212, 117213, 117214, 117217, 117218, 117219, 117220, 117222, 117223, 117224, 117225, 117226, 117227, 117228, 117229, 117230, 117231, 117233, 117235, 117236, 117237, 117239, 117240, 117242, 117243, 117245, 117247, 117249, 117251, 117252, 117253, 117254, 117256, 117257, 117259, 117261, 117263, 117264, 117265, 117266, 117268, 117270, 117271, 117272, 117274, 117275, 117277, 117278, 117279, 117280, 117281, 117282, 117283, 117284, 117285, 117286, 117287, 117288, 117289, 117290, 117291, 117292, 117293, 117294, 117296, 117298, 117299, 117302, 117304, 117305, 117306, 117308, 117310, 117311, 117313, 117314, 117315, 117316, 117317, 117318, 117320, 117322, 117323, 117324, 117325, 117329, 117330, 117331, 117332, 117333, 117334, 117335, 117336, 117338, 117339, 117340, 117341, 117342, 117343, 117344, 117346, 117347, 117348, 117349, 117350, 117351, 117352, 117353, 117354, 117357, 117358, 117359, 117361, 117363, 117364, 117365, 117366, 117367, 117368, 117369, 117371, 117372, 117373, 117374, 117375, 117376, 117377, 117378, 117382, 117383, 117384, 117386, 117387, 117388, 117389, 117390, 117391, 117392, 117393, 117394, 117395, 117396, 117397, 117398, 117399, 117400, 117401, 117402, 117404, 117405, 117406, 117407, 117408, 117409, 117410, 117411, 117412, 117413, 117414, 117416, 117417, 117418, 117419, 117420, 117421, 117422, 117423, 117424, 117425, 117426, 117428, 117429, 117430, 117431, 117432, 117433, 117434, 117435, 117437, 117438, 117439, 117441, 117443, 117445, 117446, 117447, 117448, 117452, 117453, 117454, 117456, 117457, 117458, 117461, 117462, 117463, 117465, 117466, 117467, 117469, 117470, 117471, 117472, 117474, 117475, 117476, 117477, 117478, 117479, 117480, 117481, 117482, 117483, 117484, 117486, 117487, 117488, 117489, 117490, 117491, 117493, 117494, 117495, 117500, 117501, 117502, 117503, 117504, 117505, 117506, 117507, 117508, 117509, 117511, 117512, 117513, 117514, 117515, 117516, 117517, 117518, 117519, 117520, 117521, 117523, 117524, 117525, 117527, 117528, 117531, 117532, 117534, 117535, 117536, 117537, 117538, 117539, 117540, 117542, 117543, 117544, 117546, 117547, 117548, 117549, 117550, 117552, 117553, 117554, 117555, 117556, 117559, 117561, 117562, 117563, 117564, 117565, 117566, 117567, 117568, 117569, 117570, 117574, 117575, 117576, 117577, 117579, 117581, 117582, 117583, 117585, 117586, 117587, 117588, 117590, 117591, 117592, 117593, 117594, 117595, 117596, 117597, 117598, 117599, 117600, 117601, 117602, 117604, 117605, 117606, 117607, 117608, 117609, 117612, 117613, 117614, 117615, 117616, 117617, 117618, 117619, 117620, 117621, 117622, 117623, 117624, 117625, 117626, 117627, 117628, 117629, 117631, 117632, 117633, 117636, 117637, 117639, 117640, 117641, 117642, 117643, 117644, 117646, 117647, 117649, 117650, 117651, 117652, 117653, 117654, 117655, 117656, 117657, 117658, 117659, 117660, 117661, 117662, 117663, 117664, 117665, 117668, 117669, 117670, 117671, 117672, 117675, 117676, 117677, 117679, 117680, 117681, 117682, 117684, 117685, 117686, 117687, 117688, 117689, 117690, 117692, 117693, 117694, 117695, 117696, 117697, 117698, 117699, 117700, 117702, 117705, 117706, 117707, 117708, 117709, 117710, 117712, 117714, 117715, 117717, 117718, 117720, 117721, 117722, 117723, 117725, 117726, 117728, 117730, 117731, 117732, 117735, 117736, 117737, 117738, 117740, 117741, 117742, 117743, 117744, 117745, 117746, 117747, 117748, 117749, 117750, 117751, 117753, 117754, 117755, 117756, 117757, 117759, 117760, 117764, 117765, 117767, 117768, 117770, 117771, 117772, 117774, 117777, 117778, 117779, 117780, 117781, 117782, 117784, 117785, 117787, 117790, 117792, 117793, 117794, 117795, 117796, 117797, 117798, 117800, 117801, 117803, 117804, 117805, 117806, 117807, 117808, 117809, 117810, 117811, 117813, 117814, 117815, 117816, 117817, 117818, 117819, 117821, 117822, 117823, 117824, 117825, 117826, 117827, 117828, 117829, 117830, 117832, 117834, 117836, 117837, 117838, 117839, 117840, 117841, 117842, 117843, 117844, 117846, 117847, 117848, 117849, 117850, 117851, 117852, 117853, 117854, 117856, 117857, 117858, 117859, 117860, 117861, 117862, 117864, 117865, 117868, 117869, 117870, 117872, 117873, 117875, 117876, 117877, 117879, 117880, 117881, 117882, 117885, 117886, 117888, 117889, 117890, 117891, 117892, 117893, 117894, 117895, 117896, 117897, 117898, 117899, 117901, 117902, 117903, 117904, 117905, 117906, 117907, 117908, 117909, 117910, 117911, 117912, 117913, 117914, 117915, 117916, 117917, 117921, 117922, 117923, 117924, 117925, 117926, 117929, 117930, 117931, 117935, 117936, 117937, 117938, 117939, 117940, 117941, 117942, 117943, 117944, 117945, 117946, 117947, 117948, 117950, 117951, 117952, 117953, 117954, 117956, 117957, 117958, 117959, 117960, 117961, 117962, 117963, 117965, 117966, 117967, 117968, 117969, 117972, 117973, 117974, 117976, 117977, 117978, 117980, 117981, 117982, 117983, 117985, 117986, 117987, 117988, 117989, 117991, 117992, 117994, 117996, 117997, 117999, 118000, 118001, 118002, 118004, 118005, 118006, 118009, 118011, 118012, 118013, 118014, 118015, 118017, 118018, 118019, 118020, 118021, 118022, 118023, 118024, 118026, 118027, 118028, 118030, 118031, 118032, 118033, 118034, 118035, 118036, 118037, 118038, 118039, 118040, 118041, 118043, 118044, 118046, 118047, 118048, 118049, 118051, 118052, 118053, 118055, 118056, 118057, 118058, 118059, 118060, 118061, 118062, 118064, 118065, 118066, 118067, 118068, 118069, 118070, 118072, 118073, 118074, 118075, 118076, 118077, 118079, 118080, 118081, 118082, 118083, 118084, 118085, 118087, 118092, 118094, 118095, 118096, 118097, 118098, 118099, 118100, 118101, 118102, 118103, 118106, 118107, 118109, 118111, 118112, 118113, 118114, 118115, 118116, 118117, 118121, 118122, 118124, 118125, 118126, 118127, 118128, 118129, 118130, 118132, 118133, 118134, 118135, 118136, 118137, 118139, 118140, 118141, 118143, 118144, 118145, 118146, 118147, 118148, 118149, 118150, 118151, 118152, 118153, 118155, 118156, 118157, 118158, 118161, 118162, 118163, 118165, 118166, 118168, 118169, 118170, 118172, 118173, 118174, 118175, 118177, 118178, 118179, 118181, 118182, 118183, 118184, 118185, 118186, 118187, 118188, 118189, 118191, 118192, 118193, 118195, 118196, 118197, 118201, 118204, 118206, 118207, 118210, 118211, 118213, 118214, 118215, 118216, 118218, 118219, 118221, 118222, 118223, 118224, 118225, 118226, 118227, 118228, 118231, 118232, 118233, 118234, 118235, 118236, 118238, 118239, 118241, 118242, 118243, 118244, 118246, 118247, 118248, 118249, 118250, 118252, 118253, 118254, 118257, 118258, 118259, 118260, 118261, 118262, 118263, 118264, 118265, 118266, 118267, 118268, 118269, 118270, 118271, 118272, 118274, 118275, 118278, 118279, 118281, 118282, 118283, 118284, 118286, 118287, 118288, 118289, 118290, 118291, 118292, 118293, 118294, 118295, 118296, 118298, 118299, 118300, 118301, 118302, 118305, 118306, 118307, 118308, 118309, 118311, 118312, 118313, 118315, 118316, 118317, 118319, 118321, 118322, 118323, 118325, 118326, 118329, 118330, 118331, 118334, 118335, 118336, 118337, 118338, 118339, 118340, 118341, 118342, 118343, 118344, 118345, 118346, 118347, 118349, 118350, 118351, 118353, 118354, 118356, 118357, 118359, 118360, 118361, 118362, 118363, 118365, 118366, 118367, 118368, 118369, 118370, 118371, 118372, 118373, 118374, 118378, 118379, 118380, 118382, 118383, 118384, 118385, 118387, 118389, 118390, 118391, 118392, 118393, 118394, 118395, 118399, 118401, 118402, 118403, 118404, 118405, 118406, 118407, 118408, 118409, 118410, 118412, 118413, 118414, 118415, 118416, 118417, 118418, 118419, 118420, 118422, 118423, 118426, 118427, 118428, 118429, 118430, 118431, 118432, 118433, 118434, 118436, 118437, 118438, 118440, 118441, 118442, 118445, 118446, 118447, 118449, 118450, 118451, 118452, 118453, 118454, 118455, 118458, 118459, 118460, 118461, 118462, 118463, 118465, 118466, 118467, 118469, 118470, 118471, 118473, 118476, 118477, 118478, 118479, 118480, 118481, 118483, 118484, 118485, 118486, 118488, 118490, 118491, 118492, 118494, 118495, 118496, 118497, 118500, 118501, 118502, 118503, 118505, 118506, 118507, 118510, 118511, 118512, 118513, 118514, 118515, 118516, 118519, 118522, 118523, 118524, 118525, 118526, 118527, 118528, 118530, 118531, 118532, 118533, 118534, 118535, 118536, 118537, 118538, 118540, 118541, 118543, 118546, 118547, 118548, 118551, 118552, 118553, 118554, 118555, 118556, 118557, 118559, 118560, 118561, 118562, 118563, 118564, 118565, 118567, 118568, 118570, 118571, 118573, 118574, 118575, 118576, 118577, 118578, 118579, 118580, 118581, 118582, 118586, 118587, 118588, 118589, 118591, 118593, 118594, 118595, 118596, 118598, 118599, 118600, 118601, 118603, 118605, 118606, 118607, 118608, 118609, 118610, 118611, 118612, 118613, 118614, 118615, 118616, 118617, 118618, 118619, 118620, 118621, 118622, 118623, 118624, 118625, 118626, 118627, 118628, 118630, 118631, 118632, 118633, 118636, 118637, 118638, 118639, 118640, 118641, 118642, 118644, 118645, 118646, 118647, 118648, 118649, 118652, 118653, 118654, 118655, 118656, 118657, 118658, 118659, 118660, 118662, 118663, 118664, 118666, 118667, 118668, 118669, 118671, 118672, 118673, 118675, 118676, 118677, 118678, 118679, 118680, 118681, 118682, 118684, 118685, 118687, 118688, 118689, 118690, 118691, 118692, 118693, 118694, 118695, 118696, 118697, 118698, 118699, 118700, 118701, 118702, 118703, 118704, 118705, 118706, 118707, 118709, 118710, 118711, 118712, 118713, 118714, 118715, 118716, 118717, 118718, 118719, 118721, 118722, 118723, 118724, 118725, 118727, 118728, 118729, 118730, 118731, 118733, 118734, 118736, 118737, 118738, 118739, 118740, 118741, 118742, 118743, 118744, 118748, 118749, 118750, 118751, 118752, 118753, 118755, 118756, 118757, 118758, 118759, 118760, 118761, 118762, 118763, 118764, 118765, 118766, 118767, 118768, 118769, 118770, 118771, 118772, 118773, 118776, 118777, 118778, 118779, 118780, 118781, 118782, 118783, 118785, 118787, 118788, 118789, 118791, 118792, 118793, 118794, 118796, 118797, 118800, 118801, 118802, 118803, 118804, 118805, 118806, 118807, 118808, 118809, 118810, 118811, 118812, 118813, 118814, 118816, 118817, 118818, 118819, 118820, 118821, 118822, 118824, 118825, 118826, 118827, 118829, 118831, 118833, 118834, 118836, 118837, 118838, 118839, 118840, 118841, 118842, 118843, 118844, 118845, 118846, 118847, 118848, 118849, 118850, 118851, 118852, 118853, 118854, 118855, 118857, 118858, 118859, 118860, 118862, 118865, 118866, 118867, 118868, 118869, 118871, 118872, 118873, 118874, 118878, 118879, 118880, 118881, 118882, 118883, 118884, 118885, 118886, 118887, 118888, 118889, 118890, 118891, 118892, 118893, 118895, 118897, 118899, 118900, 118902, 118903, 118904, 118905, 118906, 118907, 118908, 118909, 118910, 118911, 118912, 118913, 118914, 118915, 118916, 118917, 118918, 118919, 118921, 118922, 118924, 118925, 118928, 118929, 118931, 118932, 118933, 118934, 118935, 118936, 118937, 118938, 118939, 118940, 118942, 118944, 118946, 118947, 118948, 118949, 118951, 118952, 118953, 118954, 118955, 118956, 118957, 118958, 118959, 118960, 118961, 118963, 118964, 118968, 118969, 118970, 118972, 118973, 118974, 118976, 118977, 118980, 118984, 118985, 118986, 118987, 118988, 118989, 118990, 118991, 118993, 118994, 118995, 118996, 118997, 118999, 119000, 119001, 119002, 119003, 119004, 119006, 119007, 119008, 119010, 119013, 119014, 119015, 119016, 119017, 119018, 119019, 119020, 119021, 119022, 119023, 119025, 119027, 119028, 119029, 119030, 119031, 119033, 119034, 119036, 119037, 119038, 119039, 119040, 119041, 119042, 119043, 119044, 119045, 119046, 119047, 119049, 119050, 119052, 119054, 119055, 119056, 119057, 119058, 119059, 119060, 119062, 119063, 119066, 119067, 119068, 119069, 119070, 119071, 119072, 119073, 119076, 119078, 119079, 119080, 119082, 119084, 119085, 119086, 119087, 119088, 119089, 119090, 119091, 119092, 119093, 119094, 119095, 119096, 119097, 119099, 119103, 119104, 119105, 119106, 119107, 119109, 119111, 119112, 119113, 119114, 119115, 119116, 119117, 119118, 119119, 119120, 119121, 119122, 119125, 119126, 119127, 119128, 119130, 119131, 119132, 119133, 119135, 119137, 119138, 119140, 119143, 119144, 119145, 119146, 119147, 119148, 119149, 119151, 119152, 119153, 119154, 119155, 119157, 119159, 119160, 119161, 119162, 119163, 119165, 119167, 119168, 119169, 119170, 119172, 119173, 119175, 119176, 119177, 119180, 119181, 119182, 119183, 119184, 119186, 119187, 119188, 119189, 119190, 119192, 119193, 119194, 119196, 119197, 119198, 119199, 119201, 119202, 119203, 119204, 119205, 119207, 119208, 119209, 119210, 119211, 119213, 119214, 119215, 119216, 119219, 119220, 119221, 119222, 119223, 119224, 119225, 119226, 119231, 119234, 119235, 119236, 119237, 119240, 119241, 119243, 119245, 119248, 119250, 119251, 119253, 119254, 119255, 119256, 119257, 119258, 119259, 119260, 119261, 119262, 119263, 119264, 119265, 119266, 119267, 119268, 119270, 119272, 119274, 119275, 119276, 119279, 119280, 119281, 119282, 119283, 119284, 119285, 119287, 119289, 119290, 119291, 119292, 119294, 119296, 119297, 119298, 119299, 119300, 119302, 119303, 119306, 119307, 119308, 119309, 119312, 119313, 119314, 119315, 119316, 119318, 119319, 119320, 119321, 119322, 119323, 119324, 119325, 119326, 119327, 119329, 119331, 119332, 119333, 119334, 119335, 119336, 119337, 119342, 119343, 119344, 119345, 119346, 119347, 119349, 119353, 119354, 119355, 119357, 119358, 119359, 119360, 119361, 119363, 119364, 119365, 119366, 119367, 119368, 119369, 119370, 119371, 119372, 119373, 119374, 119376, 119378, 119380, 119384, 119385, 119386, 119387, 119389, 119390, 119391, 119392, 119393, 119394, 119396, 119397, 119399, 119400, 119407, 119408, 119409, 119410, 119411, 119412, 119413, 119414, 119415, 119416, 119417, 119418, 119419, 119420, 119421, 119425, 119426, 119427, 119428, 119429, 119431, 119433, 119434, 119435, 119436, 119439, 119440, 119441, 119442, 119443, 119444, 119445, 119448, 119449, 119452, 119454, 119455, 119457, 119458, 119460, 119461, 119462, 119463, 119464, 119466, 119468, 119469, 119471, 119472, 119473, 119474, 119475, 119476, 119478, 119479, 119480, 119481, 119482, 119483, 119484, 119485, 119486, 119487, 119488, 119489, 119490, 119493, 119494, 119495, 119496, 119499, 119500, 119502, 119503, 119504, 119505, 119506, 119507, 119508, 119509, 119510, 119511, 119513, 119514, 119519, 119520, 119521, 119522, 119524, 119525, 119526, 119529, 119530, 119531, 119533, 119534, 119535, 119536, 119539, 119541, 119542, 119544, 119545, 119546, 119547, 119548, 119551, 119552, 119553, 119554, 119555, 119558, 119559, 119560, 119561, 119562, 119563, 119564, 119565, 119566, 119567, 119568, 119569, 119570, 119571, 119572, 119573, 119576, 119577, 119578, 119579, 119580, 119581, 119582, 119584, 119585, 119586, 119587, 119589, 119590, 119591, 119593, 119594, 119595, 119596, 119597, 119598, 119600, 119603, 119605, 119606, 119607, 119608, 119609, 119610, 119611, 119612, 119613, 119614, 119615, 119616, 119619, 119620, 119621, 119622, 119623, 119624, 119625, 119626, 119627, 119628, 119629, 119631, 119633, 119634, 119635, 119637, 119638, 119639, 119640, 119641, 119642, 119643, 119644, 119645, 119646, 119648, 119650, 119651, 119653, 119654, 119658, 119659, 119660, 119661, 119662, 119663, 119664, 119665, 119667, 119668, 119669, 119671, 119673, 119674, 119675, 119678, 119679, 119680, 119682, 119683, 119684, 119688, 119689, 119690, 119691, 119693, 119694, 119695, 119696, 119700, 119702, 119704, 119705, 119706, 119707, 119708, 119709, 119710, 119712, 119713, 119714, 119715, 119716, 119717, 119719, 119720, 119721, 119723, 119724, 119726, 119727, 119728, 119729, 119730, 119731, 119732, 119733, 119734, 119735, 119736, 119737, 119738, 119739, 119740, 119741, 119743, 119744, 119745, 119747, 119748, 119751, 119752, 119755, 119756, 119757, 119758, 119759, 119760, 119761, 119763, 119764, 119765, 119766, 119768, 119769, 119770, 119771, 119772, 119773, 119774, 119775, 119777, 119778, 119779, 119780, 119781, 119782, 119783, 119785, 119787, 119788, 119789, 119790, 119792, 119793, 119794, 119795, 119796, 119797, 119798, 119799, 119801, 119804, 119805, 119806, 119807, 119808, 119809, 119810, 119812, 119813, 119814, 119815, 119816, 119817, 119818, 119819, 119820, 119821, 119822, 119823, 119824, 119825, 119827, 119828, 119829, 119830, 119831, 119832, 119833, 119834, 119838, 119839, 119842, 119843, 119844, 119845, 119846, 119847, 119848, 119849, 119850, 119851, 119852, 119853, 119855, 119856, 119857, 119859, 119860, 119861, 119862, 119864, 119865, 119866, 119867, 119869, 119870, 119872, 119873, 119874, 119875, 119878, 119879, 119880, 119881, 119882, 119883, 119884, 119886, 119887, 119890, 119891, 119893, 119894, 119895, 119896, 119897, 119898, 119901, 119904, 119905, 119906, 119907, 119908, 119909, 119910, 119911, 119912, 119913, 119914, 119915, 119916, 119918, 119919, 119920, 119921, 119922, 119923, 119924, 119926, 119928, 119929, 119930, 119931, 119932, 119933, 119934, 119936, 119937, 119939, 119940, 119941, 119942, 119943, 119944, 119946, 119947, 119948, 119949, 119950, 119951, 119952, 119953, 119954, 119957, 119958, 119959, 119961, 119962, 119963, 119964, 119965, 119966, 119967, 119968, 119969, 119970, 119971, 119972, 119973, 119974, 119975, 119980, 119981, 119983, 119984, 119986, 119987, 119988, 119990, 119992, 119993, 119995, 119996, 119997, 119998, 119999, 120000, 120001, 120002, 120003, 120006, 120007, 120008, 120009, 120010, 120011, 120012, 120013, 120016, 120017, 120018, 120020, 120021, 120022, 120023, 120024, 120025, 120026, 120027, 120028, 120030, 120031, 120032, 120033, 120034, 120035, 120036, 120037, 120040, 120041, 120042, 120043, 120044, 120045, 120046, 120047, 120049, 120050, 120051, 120052, 120053, 120054, 120055, 120056, 120058, 120059, 120060, 120061, 120062, 120063, 120064, 120066, 120068, 120069, 120071, 120072, 120073, 120074, 120075, 120076, 120077, 120078, 120080, 120081, 120082, 120085, 120086, 120088, 120089, 120090, 120091, 120093, 120094, 120095, 120096, 120097, 120098, 120100, 120101, 120102, 120103, 120104, 120106, 120107, 120108, 120110, 120111, 120113, 120115, 120116, 120118, 120119, 120120, 120121, 120122, 120124, 120125, 120126, 120127, 120128, 120129, 120131, 120132, 120133, 120134, 120136, 120137, 120138, 120139, 120140, 120141, 120142, 120143, 120145, 120146, 120147, 120149, 120150, 120151, 120153, 120154, 120157, 120158, 120159, 120160, 120161, 120162, 120163, 120164, 120165, 120166, 120167, 120169, 120170, 120173, 120174, 120175, 120177, 120178, 120179, 120180, 120183, 120185, 120186, 120187, 120188, 120192, 120193, 120194, 120195, 120196, 120197, 120198, 120199, 120202, 120203, 120206, 120207, 120208, 120209, 120211, 120212, 120213, 120214, 120215, 120216, 120217, 120218, 120219, 120220, 120221, 120222, 120223, 120224, 120225, 120226, 120228, 120229, 120230, 120231, 120233, 120235, 120236, 120237, 120239, 120240, 120241, 120242, 120243, 120244, 120245, 120246, 120247, 120248, 120249, 120250, 120252, 120253, 120256, 120257, 120258, 120259, 120260, 120262, 120264, 120267, 120268, 120269, 120270, 120271, 120272, 120273, 120274, 120276, 120277, 120278, 120279, 120280, 120281, 120283, 120284, 120285, 120286, 120287, 120288, 120289, 120290, 120291, 120292, 120293, 120294, 120295, 120296, 120298, 120300, 120301, 120302, 120303, 120305, 120306, 120307, 120308, 120309, 120310, 120312, 120313, 120314, 120316, 120317, 120318, 120319, 120320, 120321, 120322, 120323, 120324, 120325, 120326, 120327, 120328, 120329, 120330, 120332, 120333, 120335, 120337, 120338, 120340, 120341, 120342, 120343, 120347, 120348, 120350, 120351, 120352, 120354, 120355, 120356, 120357, 120358, 120360, 120361, 120362, 120363, 120365, 120368, 120369, 120371, 120372, 120374, 120375, 120376, 120377, 120378, 120379, 120380, 120381, 120382, 120383, 120384, 120385, 120387, 120388, 120389, 120390, 120391, 120392, 120393, 120394, 120395, 120396, 120397, 120400, 120401, 120403, 120404, 120405, 120406, 120407, 120408, 120409, 120410, 120411, 120412, 120413, 120414, 120415, 120417, 120418, 120419, 120421, 120422, 120424, 120426, 120427, 120428, 120429, 120430, 120431, 120432, 120433, 120434, 120436, 120437, 120438, 120441, 120442, 120443, 120444, 120445, 120446, 120447, 120448, 120449, 120450, 120451, 120452, 120453, 120454, 120455, 120456, 120457, 120458, 120459, 120460, 120461, 120462, 120463, 120464, 120465, 120466, 120468, 120469, 120470, 120471, 120472, 120473, 120474, 120475, 120476, 120477, 120478, 120479, 120480, 120482, 120483, 120487, 120488, 120489, 120491, 120495, 120496, 120497, 120500, 120501, 120502, 120504, 120506, 120507, 120508, 120509, 120510, 120511, 120512, 120513, 120514, 120518, 120519, 120520, 120521, 120522, 120523, 120525, 120526, 120527, 120529, 120530, 120532, 120534, 120535, 120536, 120537, 120538, 120540, 120543, 120544, 120545, 120546, 120549, 120550, 120552, 120554, 120556, 120557, 120559, 120560, 120562, 120564, 120565, 120566, 120567, 120568, 120569, 120570, 120571, 120572, 120573, 120574, 120575, 120576, 120580, 120581, 120582, 120584, 120585, 120586, 120587, 120589, 120590, 120592, 120593, 120594, 120597, 120598, 120599, 120601, 120602, 120603, 120604, 120605, 120606, 120607, 120608, 120612, 120613, 120614, 120615, 120616, 120617, 120618, 120619, 120620, 120621, 120623, 120624, 120625, 120627, 120628, 120630, 120631, 120632, 120633, 120634, 120635, 120636, 120638, 120639, 120640, 120641, 120642, 120643, 120645, 120646, 120647, 120648, 120649, 120651, 120652, 120654, 120655, 120656, 120657, 120658, 120660, 120661, 120662, 120663, 120664, 120666, 120668, 120669, 120670, 120671, 120673, 120674, 120675, 120677, 120678, 120679, 120683, 120685, 120686, 120687, 120689, 120690, 120691, 120692, 120693, 120695, 120697, 120698, 120699, 120700, 120701, 120703, 120704, 120705, 120706, 120707, 120708, 120709, 120711, 120712, 120713, 120714, 120715, 120716, 120717, 120718, 120719, 120720, 120721, 120722, 120723, 120724, 120725, 120726, 120727, 120728, 120729, 120730, 120731, 120732, 120733, 120734, 120735, 120736, 120737, 120738, 120739, 120740, 120741, 120743, 120744, 120746, 120747, 120749, 120750, 120752, 120753, 120754, 120755, 120756, 120757, 120758, 120761, 120762, 120764, 120765, 120766, 120767, 120768, 120769, 120770, 120771, 120773, 120774, 120777, 120779, 120780, 120782, 120783, 120784, 120785, 120786, 120787, 120788, 120789, 120790, 120791, 120793, 120794, 120795, 120796, 120797, 120798, 120801, 120802, 120804, 120805, 120807, 120809, 120810, 120812, 120814, 120815, 120816, 120818, 120819, 120820, 120821, 120823, 120824, 120826, 120827, 120828, 120829, 120830, 120831, 120832, 120833, 120834, 120835, 120836, 120838, 120839, 120840, 120841, 120842, 120845, 120847, 120848, 120849, 120850, 120851, 120852, 120853, 120855, 120856, 120857, 120858, 120859, 120860, 120861, 120862, 120863, 120864, 120865, 120866, 120867, 120869, 120870, 120871, 120872, 120873, 120874, 120876, 120879, 120880, 120881, 120882, 120883, 120886, 120887, 120888, 120890, 120891, 120892, 120893, 120894, 120895, 120897, 120898, 120900, 120901, 120902, 120903, 120904, 120906, 120907, 120908, 120909, 120910, 120911, 120913, 120914, 120915, 120916, 120917, 120918, 120919, 120920, 120921, 120922, 120924, 120925, 120926, 120927, 120928, 120929, 120930, 120932, 120933, 120934, 120937, 120939, 120943, 120944, 120945, 120947, 120948, 120949, 120950, 120952, 120953, 120954, 120957, 120959, 120960, 120961, 120963, 120965, 120966, 120967, 120968, 120969, 120970, 120971, 120972, 120974, 120975, 120977, 120978, 120979, 120980, 120981, 120982, 120983, 120984, 120985, 120986, 120987, 120989, 120990, 120991, 120992, 120993, 120994, 120995, 120996, 120997, 120998, 120999, 121000, 121002, 121004, 121005, 121006, 121008, 121010, 121011, 121012, 121013, 121014, 121015, 121017, 121019, 121020, 121023, 121024, 121025, 121026, 121027, 121028, 121029, 121030, 121032, 121033, 121035, 121037, 121039, 121040, 121042, 121043, 121044, 121045, 121047, 121048, 121050, 121052, 121053, 121055, 121056, 121057, 121058, 121059, 121060, 121061, 121065, 121066, 121067, 121068, 121069, 121071, 121072, 121074, 121075, 121076, 121077, 121078, 121079, 121081, 121082, 121085, 121086, 121087, 121088, 121090, 121091, 121092, 121093, 121094, 121096, 121097, 121099, 121100, 121101, 121104, 121106, 121108, 121111, 121112, 121113, 121114, 121115, 121116, 121117, 121118, 121119, 121120, 121121, 121123, 121125, 121126, 121127, 121128, 121129, 121130, 121132, 121133, 121134, 121136, 121137, 121138, 121139, 121140, 121142, 121143, 121144, 121146, 121148, 121149, 121150, 121151, 121152, 121153, 121154, 121155, 121156, 121158, 121159, 121161, 121162, 121163, 121164, 121166, 121167, 121168, 121169, 121170, 121171, 121172, 121175, 121177, 121178, 121179, 121181, 121182, 121183, 121184, 121186, 121188, 121189, 121190, 121191, 121193, 121194, 121195, 121196, 121198, 121200, 121201, 121202, 121203, 121206, 121207, 121209, 121210, 121211, 121212, 121215, 121216, 121217, 121218, 121220, 121221, 121222, 121223, 121224, 121225, 121226, 121227, 121228, 121229, 121230, 121232, 121233, 121234, 121235, 121236, 121237, 121238, 121239, 121240, 121241, 121242, 121243, 121244, 121245, 121251, 121254, 121255, 121257, 121258, 121259, 121261, 121262, 121263, 121264, 121265, 121266, 121267, 121268, 121269, 121270, 121271, 121273, 121274, 121276, 121277, 121278, 121280, 121281, 121282, 121283, 121284, 121286, 121287, 121289, 121290, 121292, 121293, 121294, 121295, 121296, 121299, 121301, 121302, 121303, 121304, 121305, 121306, 121307, 121308, 121309, 121310, 121311, 121314, 121315, 121318, 121319, 121321, 121322, 121323, 121324, 121325, 121327, 121328, 121329, 121330, 121331, 121332, 121333, 121334, 121335, 121336, 121337, 121338, 121339, 121341, 121343, 121346, 121348, 121349, 121350, 121351, 121353, 121354, 121355, 121356, 121357, 121358, 121360, 121362, 121364, 121366, 121367, 121370, 121371, 121373, 121374, 121375, 121376, 121377, 121378, 121379, 121381, 121382, 121383, 121384, 121385, 121386, 121387, 121388, 121390, 121391, 121392, 121394, 121395, 121396, 121397, 121399, 121401, 121402, 121403, 121404, 121405, 121406, 121407, 121408, 121410, 121412, 121413, 121414, 121415, 121417, 121418, 121419, 121420, 121422, 121423, 121425, 121426, 121427, 121429, 121430, 121432, 121433, 121434, 121435, 121437, 121438, 121439, 121441, 121442, 121443, 121444, 121445, 121447, 121448, 121449, 121450, 121451, 121452, 121453, 121454, 121455, 121456, 121457, 121458, 121461, 121462, 121463, 121464, 121465, 121466, 121467, 121468, 121470, 121472, 121473, 121474, 121475, 121476, 121477, 121478, 121480, 121482, 121483, 121484, 121487, 121488, 121489, 121490, 121491, 121492, 121493, 121494, 121495, 121496, 121499, 121500, 121503, 121504, 121505, 121506, 121507, 121508, 121509, 121510, 121511, 121513, 121514, 121515, 121516, 121517, 121518, 121519, 121520, 121521, 121522, 121523, 121524, 121525, 121526, 121527, 121528, 121529, 121530, 121532, 121533, 121534, 121535, 121537, 121538, 121540, 121541, 121544, 121545, 121546, 121547, 121549, 121550, 121551, 121552, 121553, 121554, 121555, 121556, 121558, 121560, 121561, 121562, 121563, 121565, 121568, 121569, 121570, 121572, 121573, 121574, 121575, 121576, 121577, 121578, 121579, 121580, 121584, 121585, 121586, 121587, 121588, 121589, 121591, 121592, 121593, 121594, 121595, 121596, 121597, 121599, 121600, 121601, 121602, 121603, 121604, 121606, 121607, 121608, 121609, 121610, 121612, 121613, 121614, 121615, 121616, 121617, 121619, 121620, 121621, 121623, 121624, 121626, 121628, 121629, 121630, 121631, 121632, 121633, 121634, 121635, 121638, 121639, 121640, 121641, 121642, 121643, 121645, 121646, 121647, 121651, 121652, 121653, 121654, 121655, 121656, 121658, 121659, 121660, 121661, 121662, 121664, 121665, 121668, 121670, 121671, 121672, 121673, 121674, 121675, 121676, 121677, 121678, 121679, 121680, 121681, 121682, 121683, 121687, 121688, 121689, 121691, 121692, 121693, 121695, 121698, 121699, 121700, 121701, 121702, 121703, 121704, 121705, 121706, 121707, 121708, 121710, 121712, 121713, 121714, 121715, 121717, 121718, 121719, 121720, 121721, 121722, 121723, 121725, 121726, 121727, 121729, 121730, 121731, 121732, 121733, 121734, 121735, 121737, 121738, 121739, 121740, 121741, 121743, 121745, 121746, 121747, 121748, 121750, 121752, 121755, 121756, 121757, 121759, 121760, 121764, 121765, 121767, 121769, 121771, 121772, 121773, 121774, 121775, 121777, 121778, 121780, 121781, 121782, 121784, 121785, 121786, 121787, 121788, 121790, 121791, 121792, 121795, 121796, 121797, 121799, 121800, 121803, 121804, 121805, 121806, 121807, 121808, 121809, 121810, 121811, 121812, 121813, 121814, 121815, 121816, 121817, 121819, 121821, 121822, 121823, 121824, 121825, 121826, 121827, 121828, 121829, 121830, 121831, 121832, 121834, 121835, 121838, 121841, 121842, 121843, 121845, 121846, 121848, 121849, 121850, 121851, 121853, 121854, 121856, 121857, 121858, 121859, 121860, 121861, 121862, 121863, 121864, 121866, 121867, 121868, 121869, 121870, 121871, 121872, 121873, 121874, 121875, 121876, 121878, 121879, 121880, 121881, 121882, 121883, 121884, 121885, 121886, 121887, 121888, 121889, 121890, 121891, 121892, 121893, 121894, 121895, 121897, 121898, 121899, 121900, 121901, 121902, 121903, 121904, 121907, 121908, 121909, 121910, 121912, 121914, 121915, 121917, 121918, 121919, 121921, 121924, 121925, 121926, 121928, 121929, 121930, 121931, 121932, 121933, 121935, 121937, 121938, 121939, 121940, 121941, 121943, 121944, 121945, 121946, 121947, 121948, 121949, 121951, 121952, 121954, 121955, 121956, 121957, 121958, 121959, 121960, 121962, 121964, 121965, 121966, 121967, 121969, 121970, 121971, 121972, 121973, 121975, 121976, 121977, 121978, 121980, 121981, 121982, 121984, 121986, 121987, 121988, 121989, 121990, 121992, 121993, 121994, 121999, 122001, 122003, 122005, 122007, 122008, 122009, 122011, 122012, 122013, 122015, 122016, 122017, 122019, 122020, 122021, 122024, 122028, 122029, 122031, 122034, 122035, 122036, 122037, 122039, 122040, 122041, 122042, 122043, 122044, 122045, 122047, 122048, 122049, 122051, 122053, 122054, 122055, 122056, 122057, 122059, 122060, 122061, 122062, 122063, 122064, 122066, 122067, 122068, 122069, 122070, 122071, 122073, 122074, 122075, 122077, 122078, 122081, 122083, 122085, 122086, 122087, 122088, 122089, 122090, 122091, 122093, 122096, 122097, 122098, 122099, 122100, 122102, 122103, 122104, 122106, 122107, 122109, 122110, 122111, 122112, 122113, 122114, 122115, 122116, 122117, 122120, 122121, 122122, 122123, 122124, 122126, 122127, 122128, 122129, 122130, 122131, 122132, 122133, 122134, 122135, 122136, 122137, 122139, 122144, 122145, 122146, 122149, 122150, 122151, 122152, 122154, 122155, 122156, 122157, 122158, 122160, 122161, 122163, 122165, 122167, 122168, 122169, 122170, 122171, 122172, 122173, 122174, 122175, 122176, 122177, 122178, 122179, 122180, 122181, 122184, 122186, 122187, 122189, 122191, 122192, 122194, 122195, 122196, 122199, 122200, 122202, 122203, 122204, 122205, 122206, 122207, 122208, 122209, 122210, 122211, 122212, 122213, 122214, 122215, 122217, 122219, 122220, 122222, 122223, 122224, 122225, 122228, 122229, 122230, 122232, 122235, 122236, 122237, 122238, 122240, 122241, 122243, 122244, 122246, 122247, 122250, 122252, 122253, 122254, 122257, 122258, 122260, 122261, 122262, 122263, 122264, 122266, 122267, 122268, 122269, 122270, 122273, 122274, 122275, 122277, 122278, 122279, 122280, 122282, 122283, 122285, 122286, 122288, 122289, 122291, 122294, 122295, 122296, 122297, 122298, 122299, 122300, 122302, 122303, 122304, 122305, 122306, 122307, 122308, 122309, 122310, 122311, 122312, 122314, 122320, 122321, 122322, 122323, 122324, 122325, 122326, 122327, 122329, 122330, 122331, 122332, 122333, 122334, 122336, 122337, 122338, 122339, 122340, 122341, 122342, 122343, 122344, 122345, 122346, 122347, 122350, 122353, 122354, 122356, 122357, 122358, 122359, 122360, 122361, 122362, 122363, 122364, 122365, 122366, 122367, 122368, 122369, 122370, 122371, 122373, 122374, 122375, 122378, 122380, 122381, 122383, 122385, 122386, 122387, 122388, 122389, 122390, 122391, 122392, 122393, 122396, 122397, 122398, 122399, 122400, 122401, 122404, 122405, 122406, 122407, 122408, 122409, 122411, 122412, 122413, 122414, 122415, 122416, 122417, 122420, 122421, 122422, 122423, 122425, 122426, 122427, 122428, 122429, 122430, 122431, 122433, 122435, 122436, 122437, 122438, 122439, 122440, 122441, 122442, 122444, 122445, 122446, 122447, 122448, 122450, 122451, 122453, 122454, 122455, 122456, 122457, 122458, 122459, 122464, 122465, 122466, 122467, 122468, 122470, 122471, 122472, 122474, 122475, 122476, 122477, 122478, 122479, 122480, 122481, 122482, 122484, 122485, 122486, 122487, 122488, 122489, 122490, 122491, 122493, 122494, 122495, 122496, 122497, 122498, 122499, 122500, 122501, 122505, 122506, 122507, 122508, 122509, 122511, 122512, 122513, 122514, 122515, 122516, 122517, 122518, 122522, 122523, 122524, 122525, 122526, 122527, 122528, 122529, 122530, 122531, 122532, 122533, 122534, 122537, 122538, 122539, 122541, 122542, 122544, 122545, 122547, 122548, 122549, 122550, 122552, 122554, 122555, 122556, 122558, 122559, 122560, 122561, 122562, 122563, 122564, 122565, 122566, 122567, 122568, 122569, 122572, 122573, 122574, 122575, 122576, 122577, 122579, 122580, 122581, 122582, 122584, 122586, 122587, 122588, 122589, 122590, 122591, 122592, 122593, 122594, 122595, 122596, 122597, 122598, 122599, 122600, 122601, 122602, 122603, 122604, 122607, 122608, 122609, 122610, 122611, 122613, 122614, 122615, 122616, 122617, 122619, 122621, 122622, 122623, 122624, 122626, 122628, 122630, 122631, 122632, 122633, 122634, 122638, 122640, 122641, 122642, 122643, 122644, 122645, 122646, 122647, 122649, 122650, 122651, 122652, 122655, 122656, 122657, 122659, 122660, 122661, 122664, 122665, 122666, 122667, 122668, 122669, 122670, 122671, 122675, 122676, 122677, 122679, 122680, 122681, 122683, 122684, 122685, 122686, 122687, 122690, 122691, 122693, 122694, 122695, 122696, 122697, 122698, 122699, 122701, 122703, 122704, 122705, 122706, 122707, 122709, 122711, 122712, 122713, 122714, 122715, 122716, 122718, 122719, 122720, 122721, 122723, 122725, 122726, 122728, 122729, 122730, 122731, 122732, 122733, 122734, 122737, 122738, 122739, 122740, 122741, 122744, 122745, 122747, 122749, 122750, 122751, 122752, 122753, 122755, 122756, 122757, 122758, 122761, 122762, 122763, 122764, 122765, 122767, 122768, 122769, 122771, 122773, 122774, 122775, 122776, 122777, 122778, 122779, 122780, 122781, 122782, 122784, 122785, 122786, 122787, 122788, 122789, 122790, 122792, 122793, 122796, 122797, 122798, 122800, 122803, 122804, 122805, 122806, 122807, 122809, 122810, 122811, 122812, 122813, 122814, 122815, 122816, 122817, 122818, 122819, 122820, 122821, 122822, 122823, 122824, 122825, 122826, 122827, 122828, 122829, 122830, 122831, 122832, 122833, 122834, 122835, 122836, 122838, 122843, 122844, 122845, 122848, 122849, 122850, 122851, 122852, 122853, 122854, 122856, 122860, 122861, 122862, 122863, 122864, 122865, 122868, 122869, 122872, 122873, 122874, 122875, 122876, 122877, 122879, 122880, 122882, 122883, 122884, 122885, 122886, 122887, 122889, 122890, 122891, 122892, 122895, 122896, 122898, 122900, 122901, 122903, 122904, 122905, 122906, 122907, 122908, 122909, 122910, 122911, 122912, 122914, 122915, 122916, 122917, 122918, 122919, 122921, 122922, 122923, 122924, 122925, 122926, 122927, 122928, 122929, 122930, 122931, 122932, 122934, 122935, 122936, 122937, 122938, 122939, 122941, 122943, 122944, 122945, 122947, 122949, 122950, 122951, 122952, 122954, 122955, 122956, 122957, 122958, 122959, 122960, 122961, 122962, 122963, 122965, 122966, 122967, 122968, 122969, 122970, 122971, 122972, 122973, 122974, 122975, 122976, 122977, 122978, 122979, 122980, 122981, 122982, 122983, 122984, 122987, 122988, 122989, 122991, 122993, 122994, 122995, 122996, 122998, 122999, 123000, 123001, 123002, 123003, 123004, 123005, 123006, 123007, 123009, 123010, 123011, 123012, 123013, 123014, 123017, 123020, 123022, 123023, 123025, 123026, 123028, 123029, 123030, 123033, 123035, 123036, 123037, 123038, 123039, 123044, 123045, 123046, 123048, 123049, 123050, 123051, 123052, 123053, 123055, 123056, 123057, 123058, 123062, 123063, 123064, 123065, 123066, 123067, 123068, 123069, 123070, 123071, 123072, 123073, 123075, 123077, 123079, 123081, 123082, 123083, 123084, 123086, 123087, 123091, 123093, 123094, 123095, 123096, 123098, 123099, 123100, 123103, 123104, 123105, 123106, 123107, 123108, 123109, 123111, 123112, 123113, 123114, 123116, 123117, 123118, 123119, 123120, 123122, 123125, 123126, 123127, 123128, 123129, 123130, 123132, 123134, 123135, 123136, 123137, 123138, 123141, 123143, 123144, 123145, 123146, 123147, 123148, 123149, 123150, 123151, 123152, 123154, 123155, 123157, 123158, 123159, 123160, 123161, 123162, 123163, 123164, 123165, 123167, 123168, 123169, 123170, 123172, 123173, 123174, 123176, 123178, 123179, 123181, 123182, 123183, 123186, 123187, 123188, 123189, 123190, 123191, 123192, 123193, 123196, 123198, 123199, 123201, 123202, 123203, 123204, 123205, 123206, 123208, 123209, 123210, 123211, 123212, 123213, 123214, 123216, 123217, 123218, 123219, 123220, 123222, 123223, 123225, 123227, 123228, 123229, 123230, 123231, 123233, 123234, 123235, 123236, 123238, 123240, 123241, 123242, 123243, 123245, 123246, 123247, 123248, 123249, 123250, 123251, 123252, 123254, 123256, 123257, 123258, 123259, 123261, 123262, 123263, 123264, 123266, 123267, 123269, 123270, 123271, 123272, 123277, 123278, 123280, 123281, 123282, 123283, 123284, 123285, 123287, 123289, 123290, 123292, 123293, 123294, 123295, 123296, 123297, 123298, 123299, 123300, 123301, 123302, 123303, 123304, 123305, 123306, 123307, 123310, 123311, 123312, 123314, 123315, 123316, 123317, 123320, 123321, 123322, 123323, 123324, 123325, 123329, 123330, 123331, 123333, 123334, 123335, 123337, 123338, 123339, 123340, 123342, 123343, 123344, 123345, 123347, 123348, 123349, 123354, 123355, 123356, 123358, 123359, 123360, 123361, 123362, 123363, 123364, 123365, 123366, 123367, 123371, 123372, 123373, 123374, 123376, 123377, 123379, 123380, 123381, 123383, 123384, 123385, 123386, 123387, 123389, 123390, 123391, 123392, 123393, 123394, 123395, 123396, 123399, 123402, 123404, 123406, 123407, 123408, 123409, 123410, 123411, 123412, 123413, 123414, 123415, 123416, 123418, 123419, 123420, 123421, 123422, 123423, 123425, 123426, 123427, 123430, 123431, 123433, 123434, 123435, 123436, 123439, 123440, 123441, 123442, 123443, 123444, 123445, 123447, 123449, 123450, 123451, 123452, 123454, 123455, 123456, 123457, 123459, 123460, 123462, 123463, 123464, 123465, 123466, 123467, 123469, 123470, 123471, 123472, 123473, 123478, 123480, 123481, 123482, 123485, 123486, 123487, 123488, 123489, 123491, 123492, 123493, 123495, 123496, 123498, 123499, 123500, 123501, 123502, 123503, 123504, 123505, 123506, 123507, 123508, 123509, 123510, 123511, 123512, 123513, 123514, 123515, 123517, 123518, 123519, 123520, 123521, 123522, 123523, 123526, 123528, 123529, 123530, 123531, 123533, 123536, 123537, 123538, 123539, 123540, 123541, 123542, 123543, 123544, 123546, 123547, 123548, 123549, 123550, 123551, 123552, 123553, 123554, 123555, 123557, 123558, 123559, 123560, 123561, 123562, 123563, 123565, 123566, 123567, 123568, 123569, 123570, 123571, 123572, 123573, 123574, 123575, 123576, 123578, 123579, 123580, 123581, 123582, 123583, 123584, 123585, 123586, 123587, 123588, 123589, 123590, 123592, 123593, 123594, 123595, 123596, 123597, 123599, 123600, 123602, 123603, 123604, 123607, 123608, 123609, 123610, 123612, 123613, 123614, 123615, 123616, 123617, 123618, 123619, 123620, 123621, 123622, 123624, 123627, 123628, 123630, 123631, 123632, 123633, 123634, 123635, 123637, 123638, 123639, 123640, 123641, 123642, 123643, 123645, 123646, 123648, 123650, 123651, 123652, 123653, 123655, 123656, 123657, 123658, 123660, 123662, 123663, 123665, 123666, 123667, 123668, 123669, 123670, 123671, 123672, 123673, 123674, 123675, 123676, 123677, 123678, 123679, 123680, 123681, 123682, 123683, 123684, 123685, 123686, 123687, 123688, 123689, 123690, 123691, 123694, 123695, 123696, 123697, 123698, 123699, 123700, 123701, 123702, 123703, 123704, 123705, 123708, 123710, 123711, 123712, 123713, 123714, 123716, 123717, 123718, 123719, 123720, 123721, 123723, 123724, 123725, 123726, 123727, 123728, 123729, 123730, 123731, 123732, 123733, 123734, 123736, 123737, 123740, 123741, 123742, 123743, 123744, 123745, 123746, 123747, 123748, 123749, 123750, 123751, 123752, 123753, 123754, 123755, 123756, 123758, 123759, 123760, 123761, 123763, 123764, 123765, 123766, 123767, 123768, 123769, 123770, 123772, 123774, 123777, 123778, 123779, 123780, 123781, 123782, 123783, 123784, 123785, 123788, 123789, 123790, 123791, 123792, 123793, 123795, 123796, 123798, 123799, 123800, 123801, 123802, 123803, 123804, 123805, 123806, 123807, 123808, 123812, 123813, 123814, 123815, 123816, 123817, 123818, 123819, 123821, 123823, 123824, 123825, 123826, 123828, 123829, 123830, 123831, 123832, 123833, 123834, 123835, 123836, 123838, 123839, 123840, 123841, 123842, 123843, 123844, 123845, 123846, 123847, 123848, 123849, 123850, 123851, 123853, 123854, 123856, 123857, 123858, 123859, 123861, 123862, 123863, 123864, 123865, 123866, 123867, 123868, 123869, 123870, 123871, 123873, 123874, 123875, 123876, 123877, 123878, 123879, 123880, 123881, 123883, 123884, 123885, 123886, 123887, 123889, 123890, 123891, 123892, 123893, 123895, 123896, 123897, 123898, 123899, 123901, 123902, 123903, 123905, 123906, 123908, 123909, 123911, 123912, 123914, 123916, 123918, 123919, 123920, 123921, 123923, 123924, 123925, 123926, 123927, 123928, 123929, 123930, 123931, 123932, 123934, 123935, 123936, 123937, 123938, 123939, 123940, 123941, 123942, 123943, 123944, 123945, 123946, 123949, 123950, 123951, 123953, 123955, 123957, 123958, 123959, 123960, 123961, 123962, 123963, 123964, 123965, 123966, 123967, 123968, 123969, 123970, 123971, 123974, 123975, 123977, 123978, 123979, 123980, 123981, 123983, 123984, 123985, 123986, 123987, 123988, 123989, 123990, 123991, 123993, 123995, 123996, 123997, 123998, 124000, 124002, 124003, 124004, 124005, 124006, 124007, 124008, 124009, 124011, 124012, 124013, 124014, 124015, 124016, 124018, 124019, 124021, 124022, 124023, 124025, 124026, 124027, 124028, 124029, 124030, 124031, 124032, 124034, 124036, 124037, 124038, 124039, 124040, 124041, 124043, 124044, 124045, 124046, 124047, 124048, 124049, 124050, 124051, 124052, 124054, 124055, 124057, 124058, 124060, 124062, 124063, 124064, 124065, 124066, 124067, 124068, 124069, 124070, 124071, 124072, 124073, 124074, 124076, 124077, 124078, 124080, 124081, 124082, 124083, 124084, 124085, 124087, 124088, 124089, 124090, 124091, 124092, 124093, 124094, 124095, 124096, 124097, 124098, 124100, 124101, 124102, 124104, 124108, 124109, 124111, 124113, 124114, 124115, 124116, 124117, 124118, 124119, 124121, 124122, 124123, 124124, 124125, 124126, 124127, 124128, 124129, 124130, 124132, 124136, 124137, 124138, 124139, 124141, 124142, 124143, 124144, 124145, 124146, 124147, 124148, 124149, 124150, 124151, 124152, 124153, 124155, 124158, 124161, 124162, 124164, 124165, 124166, 124167, 124168, 124170, 124171, 124172, 124173, 124174, 124176, 124177, 124178, 124179, 124180, 124182, 124184, 124185, 124186, 124188, 124189, 124190, 124192, 124194, 124197, 124198, 124200, 124201, 124202, 124203, 124204, 124208, 124209, 124210, 124211, 124212, 124213, 124215, 124216, 124217, 124218, 124219, 124220, 124222, 124224, 124226, 124227, 124228, 124229, 124231, 124233, 124234, 124236, 124237, 124239, 124240, 124241, 124242, 124243, 124244, 124245, 124246, 124248, 124249, 124250, 124251, 124252, 124253, 124254, 124255, 124256, 124257, 124258, 124259, 124260, 124261, 124262, 124263, 124264, 124266, 124267, 124268, 124269, 124270, 124271, 124272, 124274, 124277, 124278, 124280, 124282, 124283, 124284, 124286, 124287, 124288, 124292, 124293, 124294, 124295, 124297, 124298, 124299, 124300, 124301, 124302, 124304, 124305, 124306, 124307, 124308, 124309, 124310, 124311, 124312, 124313, 124316, 124317, 124319, 124320, 124321, 124322, 124324, 124325, 124326, 124327, 124329, 124330, 124331, 124332, 124333, 124334, 124335, 124336, 124338, 124339, 124341, 124342, 124343, 124344, 124345, 124346, 124350, 124351, 124352, 124353, 124354, 124355, 124356, 124357, 124358, 124359, 124360, 124361, 124362, 124363, 124364, 124366, 124372, 124374, 124375, 124376, 124377, 124378, 124379, 124380, 124381, 124382, 124384, 124385, 124386, 124387, 124388, 124389, 124391, 124392, 124393, 124394, 124395, 124396, 124397, 124398, 124400, 124401, 124402, 124403, 124404, 124405, 124406, 124407, 124408, 124410, 124411, 124412, 124414, 124415, 124416, 124418, 124419, 124421, 124423, 124425, 124426, 124428, 124429, 124430, 124431, 124432, 124433, 124434, 124435, 124436, 124437, 124440, 124441, 124442, 124443, 124444, 124447, 124448, 124449, 124450, 124451, 124453, 124455, 124457, 124458, 124459, 124460, 124461, 124462, 124464, 124466, 124467, 124468, 124469, 124470, 124471, 124472, 124473, 124474, 124475, 124476, 124478, 124479, 124481, 124482, 124483, 124484, 124485, 124486, 124487, 124488, 124490, 124491, 124492, 124493, 124494, 124495, 124497, 124498, 124499, 124500, 124501, 124503, 124504, 124505, 124506, 124507, 124508, 124509, 124511, 124513, 124514, 124516, 124517, 124518, 124519, 124521, 124522, 124523, 124524, 124525, 124527, 124528, 124529, 124530, 124531, 124534, 124535, 124537, 124540, 124541, 124542, 124543, 124547, 124548, 124549, 124550, 124551, 124552, 124554, 124555, 124557, 124558, 124559, 124560, 124561, 124562, 124564, 124565, 124566, 124567, 124568, 124570, 124571, 124572, 124573, 124574, 124576, 124577, 124579, 124580, 124581, 124584, 124585, 124586, 124588, 124589, 124590, 124591, 124592, 124593, 124594, 124595, 124596, 124597, 124598, 124599, 124601, 124602, 124603, 124604, 124605, 124606, 124608, 124611, 124612, 124613, 124614, 124615, 124616, 124618, 124620, 124621, 124622, 124624, 124625, 124626, 124627, 124628, 124629, 124632, 124633, 124634, 124635, 124636, 124637, 124639, 124640, 124641, 124642, 124643, 124644, 124645, 124648, 124649, 124650, 124651, 124653, 124656, 124657, 124659, 124660, 124661, 124662, 124663, 124664, 124665, 124666, 124668, 124669, 124670, 124671, 124672, 124676, 124677, 124678, 124680, 124681, 124682, 124684, 124685, 124687, 124688, 124689, 124691, 124692, 124694, 124695, 124697, 124698, 124699, 124700, 124701, 124702, 124703, 124704, 124707, 124708, 124709, 124710, 124711, 124712, 124714, 124715, 124716, 124718, 124719, 124720, 124722, 124723, 124724, 124725, 124727, 124728, 124730, 124731, 124733, 124734, 124735, 124736, 124738, 124739, 124740, 124741, 124742, 124744, 124745, 124746, 124747, 124749, 124750, 124751, 124752, 124753, 124754, 124755, 124756, 124759, 124760, 124761, 124763, 124764, 124765, 124766, 124767, 124768, 124771, 124772, 124773, 124775, 124777, 124779, 124780, 124782, 124783, 124784, 124785, 124786, 124787, 124788, 124789, 124790, 124792, 124793, 124795, 124797, 124798, 124800, 124801, 124802, 124803, 124804, 124805, 124806, 124807, 124808, 124809, 124811, 124812, 124815, 124818, 124819, 124820, 124821, 124822, 124823, 124824, 124825, 124826, 124827, 124828, 124829, 124830, 124831, 124832, 124833, 124835, 124838, 124839, 124840, 124841, 124842, 124843, 124845, 124846, 124847, 124849, 124851, 124852, 124853, 124854, 124855, 124856, 124857, 124858, 124859, 124860, 124861, 124862, 124864, 124865, 124867, 124868, 124869, 124872, 124873, 124874, 124875, 124877, 124878, 124880, 124881, 124883, 124884, 124885, 124886, 124887, 124888, 124889, 124890, 124891, 124892, 124893, 124894, 124896, 124897, 124898, 124899, 124901, 124902, 124903, 124905, 124907, 124908, 124911, 124912, 124913, 124914, 124915, 124916, 124918, 124919, 124920, 124921, 124922, 124923, 124924, 124925, 124926, 124927, 124928, 124929, 124931, 124932, 124933, 124934, 124935, 124936, 124937, 124938, 124939, 124941, 124942, 124943, 124944, 124945, 124947, 124948, 124949, 124950, 124951, 124952, 124953, 124954, 124955, 124957, 124958, 124959, 124960, 124962, 124963, 124964, 124965, 124966, 124967, 124968, 124969, 124970, 124971, 124972, 124973, 124974, 124976, 124977, 124978, 124979, 124980, 124981, 124982, 124983, 124984, 124985, 124986, 124987, 124988, 124990, 124991, 124992, 124993, 124994, 124996, 124997, 124999, 125000, 125001, 125002, 125005, 125006, 125008, 125010, 125011, 125012, 125013, 125015, 125016, 125017, 125019, 125020, 125021, 125022, 125023, 125025, 125026, 125027, 125028, 125029, 125031, 125032, 125033, 125034, 125035, 125037, 125038, 125039, 125040, 125041, 125043, 125044, 125046, 125047, 125051, 125052, 125053, 125056, 125058, 125059, 125061, 125062, 125064, 125065, 125066, 125068, 125069, 125070, 125071, 125072, 125073, 125074, 125075, 125077, 125080, 125081, 125082, 125083, 125084, 125085, 125086, 125088, 125089, 125093, 125094, 125095, 125096, 125098, 125099, 125100, 125101, 125102, 125103, 125104, 125105, 125106, 125107, 125108, 125109, 125111, 125112, 125113, 125114, 125115, 125118, 125119, 125121, 125122, 125123, 125124, 125125, 125127, 125128, 125130, 125132, 125133, 125134, 125136, 125138, 125139, 125140, 125141, 125142, 125143, 125144, 125145, 125148, 125150, 125151, 125152, 125154, 125155, 125156, 125158, 125159, 125160, 125161, 125162, 125163, 125164, 125165, 125166, 125167, 125168, 125169, 125171, 125173, 125174, 125175, 125176, 125178, 125179, 125181, 125182, 125183, 125184, 125185, 125186, 125187, 125188, 125189, 125190, 125191, 125192, 125193, 125194, 125195, 125196, 125197, 125200, 125201, 125204, 125205, 125206, 125207, 125208, 125210, 125212, 125213, 125214, 125215, 125217, 125219, 125220, 125222, 125223, 125224, 125225, 125226, 125228, 125230, 125231, 125232, 125236, 125237, 125238, 125239, 125241, 125242, 125243, 125244, 125245, 125246, 125249, 125250, 125252, 125254, 125255, 125256, 125257, 125258, 125259, 125260, 125262, 125263, 125265, 125266, 125268, 125269, 125271, 125272, 125274, 125275, 125276, 125277, 125279, 125280, 125281, 125283, 125284, 125285, 125286, 125287, 125288, 125289, 125291, 125294, 125297, 125298, 125300, 125301, 125302, 125303, 125305, 125306, 125308, 125309, 125310, 125311, 125315, 125316, 125318, 125319, 125320, 125323, 125326, 125327, 125328, 125329, 125330, 125331, 125332, 125334, 125335, 125337, 125339, 125340, 125341, 125342, 125343, 125344, 125345, 125348, 125349, 125350, 125351, 125352, 125353, 125355, 125356, 125357, 125358, 125359, 125360, 125361, 125362, 125363, 125364, 125366, 125367, 125368, 125369, 125371, 125373, 125374, 125376, 125377, 125378, 125379, 125380, 125381, 125382, 125384, 125385, 125386, 125388, 125389, 125390, 125391, 125392, 125393, 125394, 125396, 125397, 125398, 125399, 125400, 125401, 125402, 125403, 125404, 125405, 125406, 125407, 125408, 125409, 125410, 125411, 125412, 125413, 125414, 125416, 125417, 125418, 125419, 125421, 125422, 125423, 125424, 125426, 125427, 125428, 125429, 125430, 125432, 125434, 125435, 125436, 125437, 125439, 125440, 125442, 125443, 125444, 125445, 125448, 125449, 125450, 125451, 125452, 125453, 125454, 125455, 125456, 125457, 125458, 125459, 125461, 125463, 125467, 125468, 125469, 125470, 125471, 125472, 125473, 125474, 125476, 125477, 125478, 125479, 125480, 125481, 125482, 125484, 125485, 125486, 125487, 125488, 125489, 125490, 125491, 125492, 125493, 125494, 125495, 125497, 125498, 125499, 125500, 125502, 125503, 125504, 125505, 125507, 125508, 125509, 125511, 125512, 125513, 125514, 125515, 125516, 125518, 125519, 125520, 125521, 125522, 125523, 125524, 125525, 125526, 125527, 125528, 125529, 125530, 125531, 125532, 125533, 125534, 125535, 125537, 125538, 125539, 125540, 125541, 125542, 125543, 125544, 125545, 125546, 125547, 125548, 125549, 125550, 125552, 125553, 125554, 125555, 125557, 125558, 125559, 125560, 125561, 125562, 125563, 125564, 125565, 125568, 125569, 125571, 125573, 125574, 125575, 125576, 125577, 125578, 125579, 125580, 125581, 125582, 125584, 125585, 125586, 125588, 125589, 125590, 125591, 125592, 125593, 125594, 125596, 125597, 125598, 125600, 125601, 125602, 125603, 125604, 125605, 125606, 125607, 125608, 125609, 125610, 125611, 125612, 125613, 125614, 125616, 125617, 125618, 125619, 125620, 125621, 125622, 125623, 125625, 125627, 125630, 125631, 125632, 125633, 125634, 125635, 125637, 125638, 125640, 125641, 125642, 125643, 125644, 125645, 125646, 125647, 125649, 125650, 125651, 125652, 125653, 125655, 125656, 125658, 125660, 125661, 125662, 125663, 125665, 125666, 125667, 125668, 125669, 125670, 125671, 125673, 125674, 125676, 125677, 125678, 125680, 125682, 125683, 125684, 125686, 125688, 125690, 125691, 125692, 125693, 125694, 125695, 125696, 125699, 125701, 125702, 125703, 125704, 125705, 125706, 125707, 125708, 125709, 125710, 125711, 125712, 125714, 125715, 125716, 125717, 125718, 125719, 125721, 125722, 125723, 125724, 125725, 125726, 125728, 125733, 125734, 125735, 125736, 125737, 125738, 125739, 125740, 125741, 125743, 125748, 125749, 125750, 125751, 125752, 125753, 125754, 125755, 125757, 125759, 125760, 125761, 125763, 125764, 125765, 125767, 125768, 125769, 125771, 125772, 125773, 125774, 125775, 125776, 125778, 125779, 125780, 125782, 125783, 125784, 125787, 125788, 125789, 125791, 125792, 125793, 125794, 125796, 125799, 125800, 125801, 125802, 125803, 125804, 125805, 125806, 125807, 125808, 125809, 125812, 125813, 125814, 125815, 125816, 125818, 125819, 125821, 125822, 125823, 125824, 125825, 125828, 125832, 125834, 125835, 125836, 125837, 125838, 125839, 125840, 125842, 125843, 125844, 125846, 125847, 125848, 125849, 125850, 125851, 125852, 125854, 125855, 125856, 125857, 125858, 125859, 125860, 125861, 125862, 125865, 125866, 125867, 125868, 125870, 125871, 125872, 125873, 125874, 125876, 125877, 125878, 125880, 125882, 125883, 125884, 125885, 125886, 125888, 125889, 125890, 125891, 125892, 125895, 125896, 125897, 125898, 125900, 125901, 125902, 125903, 125904, 125905, 125906, 125907, 125908, 125911, 125912, 125914, 125916, 125917, 125918, 125919, 125920, 125921, 125922, 125923, 125924, 125925, 125927, 125928, 125929, 125931, 125932, 125933, 125934, 125935, 125937, 125938, 125940, 125941, 125943, 125944, 125945, 125946, 125947, 125949, 125950, 125951, 125952, 125953, 125954, 125955, 125957, 125959, 125960, 125961, 125962, 125963, 125964, 125965, 125966, 125967, 125968, 125969, 125970, 125971, 125972, 125973, 125975, 125977, 125978, 125979, 125980, 125982, 125983, 125984, 125987, 125988, 125990, 125991, 125993, 125994, 125995, 125999, 126002, 126003, 126005, 126006, 126007, 126009, 126010, 126011, 126012, 126015, 126016, 126017, 126018, 126019, 126020, 126021, 126022, 126023, 126024, 126025, 126026, 126027, 126028, 126029, 126030, 126033, 126034, 126035, 126036, 126037, 126038, 126039, 126040, 126041, 126042, 126043, 126044, 126046, 126048, 126049, 126050, 126051, 126053, 126054, 126055, 126057, 126059, 126061, 126062, 126063, 126064, 126065, 126066, 126067, 126069, 126070, 126072, 126073, 126074, 126075, 126076, 126078, 126079, 126080, 126081, 126082, 126083, 126084, 126085, 126086, 126087, 126088, 126089, 126090, 126091, 126092, 126093, 126094, 126096, 126098, 126099, 126102, 126103, 126104, 126105, 126106, 126107, 126108, 126109, 126110, 126111, 126114, 126115, 126117, 126118, 126119, 126120, 126123, 126125, 126126, 126127, 126129, 126130, 126132, 126133, 126134, 126135, 126136, 126137, 126138, 126139, 126141, 126142, 126143, 126145, 126147, 126148, 126149, 126150, 126152, 126153, 126155, 126156, 126157, 126158, 126159, 126160, 126161, 126162, 126163, 126166, 126167, 126169, 126171, 126172, 126173, 126175, 126176, 126177, 126178, 126179, 126180, 126181, 126182, 126183, 126184, 126186, 126188, 126189, 126190, 126191, 126192, 126195, 126197, 126198, 126199, 126200, 126202, 126203, 126204, 126205, 126206, 126207, 126208, 126209, 126210, 126212, 126213, 126214, 126215, 126216, 126217, 126220, 126222, 126223, 126226, 126227, 126229, 126230, 126231, 126232, 126233, 126234, 126235, 126236, 126237, 126238, 126239, 126240, 126241, 126242, 126243, 126244, 126245, 126246, 126247, 126248, 126250, 126251, 126252, 126253, 126254, 126256, 126257, 126258, 126260, 126261, 126262, 126263, 126264, 126266, 126267, 126268, 126270, 126272, 126273, 126274, 126275, 126276, 126277, 126278, 126279, 126280, 126281, 126282, 126284, 126287, 126288, 126289, 126290, 126291, 126292, 126293, 126294, 126295, 126297, 126298, 126299, 126300, 126301, 126303, 126304, 126305, 126306, 126308, 126310, 126312, 126313, 126314, 126316, 126318, 126320, 126321, 126323, 126324, 126326, 126327, 126328, 126329, 126330, 126332, 126336, 126339, 126340, 126341, 126342, 126343, 126344, 126345, 126346, 126347, 126349, 126350, 126351, 126352, 126353, 126354, 126355, 126357, 126358, 126359, 126360, 126361, 126362, 126363, 126364, 126365, 126366, 126367, 126368, 126369, 126371, 126373, 126374, 126375, 126376, 126377, 126382, 126387, 126388, 126389, 126390, 126391, 126392, 126393, 126394, 126395, 126396, 126398, 126399, 126400, 126401, 126402, 126403, 126404, 126406, 126407, 126408, 126410, 126412, 126413, 126414, 126416, 126417, 126418, 126419, 126421, 126423, 126424, 126425, 126426, 126427, 126429, 126430, 126431, 126433, 126434, 126435, 126436, 126438, 126439, 126440, 126441, 126444, 126445, 126448, 126449, 126450, 126452, 126454, 126455, 126457, 126458, 126460, 126461, 126462, 126463, 126464, 126466, 126467, 126468, 126469, 126470, 126474, 126476, 126477, 126478, 126479, 126480, 126481, 126483, 126485, 126486, 126487, 126488, 126489, 126490, 126491, 126492, 126493, 126494, 126495, 126496, 126497, 126498, 126501, 126502, 126504, 126505, 126506, 126507, 126509, 126510, 126511, 126512, 126513, 126515, 126516, 126517, 126518, 126520, 126521, 126522, 126523, 126524, 126525, 126526, 126528, 126529, 126530, 126531, 126532, 126533, 126534, 126535, 126536, 126538, 126539, 126540, 126541, 126542, 126543, 126544, 126545, 126546, 126547, 126548, 126549, 126550, 126552, 126553, 126555, 126557, 126558, 126560, 126561, 126562, 126563, 126564, 126565, 126566, 126567, 126568, 126569, 126570, 126572, 126574, 126575, 126576, 126577, 126578, 126579, 126580, 126582, 126583, 126584, 126585, 126586, 126587, 126588, 126589, 126590, 126591, 126592, 126593, 126595, 126597, 126598, 126599, 126601, 126602, 126603, 126605, 126606, 126607, 126608, 126609, 126610, 126611, 126612, 126615, 126616, 126617, 126618, 126621, 126623, 126624, 126625, 126626, 126627, 126628, 126629, 126630, 126631, 126632, 126633, 126635, 126636, 126637, 126639, 126641, 126643, 126644, 126645, 126646, 126647, 126648, 126650, 126651, 126652, 126655, 126656, 126657, 126658, 126660, 126661, 126662, 126664, 126665, 126666, 126667, 126668, 126669, 126670, 126671, 126673, 126674, 126675, 126676, 126678, 126679, 126680, 126681, 126682, 126683, 126684, 126685, 126686, 126687, 126688, 126690, 126691, 126692, 126693, 126694, 126695, 126696, 126697, 126698, 126700, 126701, 126702, 126703, 126708, 126709, 126710, 126711, 126712, 126714, 126716, 126717, 126718, 126719, 126720, 126721, 126722, 126723, 126724, 126728, 126729, 126730, 126731, 126732, 126734, 126735, 126737, 126738, 126740, 126741, 126742, 126743, 126745, 126747, 126748, 126749, 126750, 126751, 126752, 126754, 126755, 126756, 126757, 126758, 126759, 126761, 126762, 126763, 126764, 126765, 126766, 126767, 126768, 126769, 126770, 126771, 126772, 126773, 126774, 126776, 126777, 126778, 126779, 126780, 126782, 126784, 126785, 126786, 126788, 126789, 126790, 126792, 126793, 126795, 126796, 126797, 126799, 126801, 126802, 126803, 126805, 126807, 126808, 126809, 126810, 126811, 126812, 126813, 126814, 126817, 126819, 126820, 126821, 126822, 126823, 126824, 126825, 126826, 126827, 126828, 126830, 126831, 126832, 126833, 126835, 126837, 126840, 126841, 126842, 126843, 126844, 126845, 126846, 126847, 126852, 126853, 126854, 126855, 126856, 126857, 126858, 126859, 126860, 126861, 126863, 126864, 126868, 126869, 126871, 126875, 126876, 126877, 126878, 126879, 126882, 126884, 126885, 126886, 126887, 126888, 126889, 126890, 126891, 126892, 126894, 126896, 126897, 126899, 126900, 126901, 126902, 126903, 126904, 126905, 126907, 126908, 126909, 126910, 126912, 126913, 126914, 126915, 126916, 126918, 126919, 126920, 126921, 126923, 126924, 126926, 126928, 126929, 126931, 126932, 126933, 126935, 126937, 126940, 126943, 126944, 126945, 126946, 126947, 126948, 126949, 126950, 126951, 126952, 126953, 126954, 126955, 126956, 126958, 126959, 126960, 126962, 126963, 126964, 126966, 126967, 126968, 126969, 126970, 126971, 126972, 126973, 126974, 126977, 126978, 126980, 126981, 126982, 126984, 126986, 126987, 126988, 126989, 126990, 126991, 126992, 126993, 126995, 126997, 126998, 127000, 127001, 127002, 127004, 127005, 127006, 127007, 127008, 127009, 127010, 127011, 127012, 127014, 127015, 127016, 127017, 127018, 127020, 127021, 127023, 127025, 127026, 127027, 127028, 127029, 127030, 127032, 127033, 127034, 127035, 127037, 127038, 127039, 127040, 127041, 127042, 127043, 127045, 127046, 127047, 127048, 127049, 127050, 127052, 127053, 127054, 127055, 127057, 127058, 127059, 127060, 127061, 127062, 127064, 127065, 127066, 127068, 127069, 127070, 127071, 127072, 127073, 127074, 127077, 127078, 127079, 127080, 127081, 127082, 127083, 127084, 127085, 127086, 127087, 127088, 127090, 127091, 127093, 127094, 127095, 127096, 127097, 127098, 127101, 127102, 127103, 127104, 127105, 127106, 127107, 127108, 127109, 127111, 127112, 127113, 127114, 127116, 127117, 127119, 127120, 127121, 127122, 127123, 127124, 127125, 127126, 127127, 127129, 127130, 127131, 127132, 127133, 127136, 127137, 127138, 127139, 127140, 127141, 127143, 127144, 127145, 127146, 127147, 127148, 127150, 127151, 127152, 127154, 127155, 127156, 127157, 127158, 127159, 127160, 127161, 127162, 127163, 127164, 127165, 127168, 127169, 127170, 127172, 127173, 127174, 127176, 127177, 127178, 127179, 127181, 127185, 127186, 127187, 127188, 127190, 127191, 127192, 127193, 127194, 127195, 127196, 127197, 127198, 127199, 127200, 127201, 127202, 127203, 127204, 127205, 127206, 127207, 127208, 127209, 127210, 127211, 127212, 127213, 127214, 127215, 127217, 127219, 127221, 127222, 127223, 127225, 127226, 127228, 127229, 127232, 127234, 127235, 127236, 127237, 127239, 127241, 127242, 127243, 127244, 127245, 127246, 127247, 127251, 127252, 127253, 127254, 127255, 127258, 127259, 127260, 127261, 127262, 127263, 127264, 127265, 127266, 127267, 127269, 127270, 127271, 127273, 127274, 127275, 127276, 127277, 127278, 127279, 127280, 127281, 127282, 127283, 127284, 127285, 127286, 127287, 127288, 127290, 127291, 127292, 127293, 127294, 127296, 127297, 127298, 127299, 127300, 127301, 127302, 127304, 127305, 127306, 127308, 127309, 127310, 127311, 127313, 127315, 127318, 127319, 127320, 127321, 127324, 127326, 127327, 127328, 127329, 127330, 127332, 127333, 127334, 127336, 127337, 127340, 127341, 127342, 127343, 127344, 127345, 127346, 127347, 127348, 127349, 127350, 127351, 127352, 127353, 127357, 127358, 127359, 127360, 127361, 127362, 127363, 127364, 127366, 127367, 127368, 127369, 127371, 127372, 127374, 127376, 127380, 127381, 127383, 127384, 127385, 127386, 127387, 127388, 127389, 127390, 127392, 127393, 127394, 127396, 127397, 127398, 127399, 127400, 127403, 127404, 127405, 127406, 127407, 127408, 127409, 127410, 127411, 127412, 127413, 127414, 127415, 127416, 127418, 127419, 127421, 127422, 127423, 127424, 127425, 127427, 127429, 127430, 127431, 127432, 127433, 127434, 127435, 127436, 127437, 127438, 127439, 127440, 127441, 127442, 127443, 127444, 127445, 127446, 127448, 127450, 127452, 127453, 127454, 127455, 127458, 127459, 127460, 127461, 127462, 127464, 127466, 127467, 127468, 127469, 127470, 127473, 127474, 127475, 127476, 127478, 127480, 127481, 127482, 127483, 127485, 127488, 127489, 127490, 127491, 127492, 127493, 127494, 127495, 127496, 127497, 127498, 127499, 127500, 127501, 127502, 127503, 127505, 127507, 127508, 127509, 127510, 127511, 127512, 127513, 127515, 127519, 127520, 127521, 127522, 127523, 127524, 127525, 127529, 127530, 127531, 127533, 127534, 127535, 127536, 127537, 127539, 127541, 127542, 127543, 127545, 127546, 127547, 127548, 127549, 127551, 127552, 127553, 127555, 127556, 127557, 127558, 127559, 127560, 127561, 127562, 127563, 127564, 127565, 127566, 127567, 127568, 127569, 127570, 127571, 127573, 127574, 127575, 127578, 127579, 127580, 127581, 127582, 127583, 127584, 127585, 127586, 127587, 127588, 127590, 127591, 127592, 127593, 127594, 127595, 127596, 127597, 127599, 127600, 127601, 127603, 127605, 127606, 127607, 127609, 127610, 127612, 127614, 127615, 127616, 127617, 127619, 127620, 127621, 127622, 127623, 127626, 127627, 127628, 127630, 127631, 127634, 127636, 127637, 127638, 127639, 127641, 127642, 127643, 127644, 127645, 127646, 127647, 127649, 127650, 127652, 127653, 127654, 127655, 127656, 127657, 127658, 127659, 127660, 127661, 127662, 127663, 127664, 127665, 127666, 127667, 127668, 127669, 127671, 127672, 127676, 127677, 127678, 127679, 127680, 127681, 127682, 127683, 127685, 127686, 127687, 127688, 127689, 127691, 127692, 127693, 127694, 127696, 127697, 127698, 127699, 127700, 127701, 127703, 127704, 127705, 127706, 127707, 127708, 127709, 127710, 127711, 127712, 127713, 127714, 127715, 127717, 127718, 127720, 127721, 127723, 127724, 127725, 127726, 127727, 127730, 127731, 127732, 127733, 127734, 127736, 127737, 127738, 127739, 127740, 127741, 127743, 127744, 127745, 127746, 127747, 127748, 127750, 127753, 127754, 127755, 127756, 127757, 127758, 127759, 127760, 127761, 127764, 127766, 127767, 127768, 127769, 127772, 127773, 127774, 127775, 127776, 127777, 127778, 127779, 127782, 127783, 127784, 127785, 127787, 127788, 127789, 127790, 127791, 127793, 127794, 127797, 127801, 127804, 127805, 127806, 127807, 127808, 127809, 127810, 127811, 127813, 127814, 127815, 127816, 127817, 127818, 127819, 127820, 127821, 127822, 127823, 127825, 127826, 127827, 127828, 127829, 127830, 127831, 127832, 127833, 127834, 127835, 127836, 127837, 127838, 127839, 127840, 127842, 127843, 127844, 127845, 127846, 127849, 127850, 127853, 127854, 127855, 127856, 127857, 127858, 127861, 127863, 127864, 127865, 127866, 127867, 127868, 127870, 127871, 127873, 127874, 127875, 127876, 127879, 127880, 127881, 127882, 127883, 127884, 127887, 127888, 127890, 127891, 127893, 127894, 127895, 127896, 127897, 127898, 127899, 127901, 127902, 127903, 127904, 127906, 127907, 127909, 127912, 127913, 127914, 127916, 127917, 127918, 127919, 127920, 127923, 127924, 127925, 127927, 127928, 127929, 127930, 127931, 127932, 127933, 127934, 127936, 127937, 127938, 127940, 127943, 127944, 127945, 127946, 127947, 127948, 127949, 127950, 127951, 127953, 127954, 127956, 127957, 127960, 127961, 127962, 127963, 127964, 127965, 127966, 127969, 127971, 127972, 127974, 127975, 127976, 127977, 127978, 127979, 127980, 127981, 127982, 127983, 127984, 127986, 127987, 127988, 127989, 127990, 127991, 127992, 127993, 127995, 127996, 127997, 127998, 127999, 128000, 128001, 128002, 128003, 128004, 128005, 128006, 128007, 128009, 128010, 128011, 128012, 128013, 128015, 128016, 128017, 128018, 128020, 128021, 128022, 128023, 128024, 128025, 128026, 128029, 128030, 128031, 128033, 128035, 128037, 128038, 128039, 128040, 128042, 128043, 128044, 128045, 128046, 128048, 128050, 128051, 128052, 128054, 128055, 128056, 128057, 128058, 128059, 128061, 128063, 128066, 128067, 128068, 128069, 128072, 128073, 128075, 128076, 128077, 128078, 128079, 128080, 128081, 128082, 128083, 128084, 128086, 128087, 128088, 128089, 128090, 128091, 128092, 128093, 128094, 128095, 128096, 128097, 128099, 128100, 128101, 128102, 128103, 128104, 128105, 128106, 128107, 128108, 128110, 128111, 128112, 128113, 128114, 128115, 128116, 128118, 128122, 128123, 128124, 128125, 128126, 128127, 128129, 128131, 128132, 128133, 128134, 128135, 128136, 128137, 128138, 128139, 128140, 128141, 128142, 128144, 128145, 128147, 128148, 128149, 128150, 128151, 128153, 128154, 128156, 128158, 128159, 128160, 128161, 128162, 128164, 128165, 128166, 128167, 128168, 128171, 128172, 128173, 128175, 128176, 128177, 128178, 128180, 128182, 128183, 128186, 128187, 128189, 128190, 128191, 128192, 128193, 128195, 128196, 128198, 128199, 128200, 128201, 128202, 128204, 128205, 128206, 128210, 128211, 128212, 128213, 128214, 128216, 128217, 128219, 128220, 128221, 128222, 128224, 128225, 128226, 128227, 128229, 128230, 128231, 128232, 128234, 128235, 128236, 128237, 128238, 128239, 128241, 128242, 128243, 128244, 128245, 128247, 128248, 128249, 128250, 128251, 128252, 128253, 128254, 128256, 128258, 128259, 128260, 128261, 128262, 128263, 128264, 128265, 128266, 128267, 128268, 128269, 128270, 128271, 128272, 128273, 128274, 128275, 128276, 128277, 128279, 128280, 128281, 128282, 128283, 128284, 128285, 128286, 128287, 128288, 128289, 128291, 128294, 128295, 128296, 128297, 128298, 128300, 128301, 128302, 128303, 128304, 128305, 128306, 128307, 128309, 128310, 128311, 128312, 128313, 128315, 128316, 128317, 128318, 128319, 128320, 128321, 128322, 128324, 128325, 128326, 128327, 128328, 128330, 128332, 128334, 128335, 128336, 128337, 128338, 128339, 128340, 128341, 128343, 128344, 128345, 128346, 128347, 128348, 128349, 128351, 128353, 128354, 128355, 128356, 128357, 128359, 128362, 128363, 128364, 128365, 128366, 128367, 128368, 128370, 128371, 128372, 128373, 128374, 128375, 128376, 128377, 128378, 128379, 128380, 128381, 128382, 128383, 128384, 128385, 128386, 128387, 128388, 128389, 128390, 128392, 128394, 128395, 128396, 128397, 128398, 128399, 128400, 128401, 128402, 128403, 128404, 128405, 128406, 128407, 128408, 128409, 128410, 128412, 128414, 128415, 128416, 128419, 128420, 128421, 128422, 128423, 128424, 128425, 128426, 128427, 128428, 128429, 128430, 128432, 128433, 128434, 128436, 128438, 128439, 128440, 128442, 128443, 128445, 128446, 128447, 128450, 128451, 128452, 128453, 128454, 128456, 128458, 128460, 128461, 128464, 128465, 128466, 128467, 128468, 128470, 128471, 128473, 128474, 128475, 128476, 128477, 128478, 128479, 128480, 128481, 128482, 128483, 128484, 128486, 128487, 128489, 128490, 128491, 128492, 128493, 128494, 128495, 128496, 128497, 128498, 128499, 128501, 128502, 128503, 128504, 128505, 128506, 128507, 128508, 128510, 128511, 128512, 128513, 128514, 128515, 128516, 128517, 128518, 128519, 128520, 128521, 128522, 128523, 128524, 128525, 128526, 128527, 128528, 128529, 128530, 128531, 128534, 128535, 128536, 128537, 128538, 128541, 128542, 128543, 128545, 128547, 128548, 128550, 128551, 128552, 128553, 128554, 128556, 128557, 128558, 128559, 128560, 128561, 128562, 128564, 128565, 128566, 128567, 128568, 128570, 128571, 128573, 128574, 128575, 128576, 128577, 128578, 128579, 128580, 128581, 128582, 128583, 128584, 128585, 128586, 128587, 128588, 128589, 128590, 128591, 128592, 128593, 128594, 128595, 128596, 128597, 128599, 128600, 128601, 128602, 128603, 128604, 128607, 128608, 128610, 128612, 128615, 128617, 128618, 128619, 128621, 128622, 128623, 128624, 128625, 128626, 128627, 128629, 128630, 128631, 128632, 128633, 128634, 128635, 128636, 128637, 128638, 128639, 128640, 128641, 128642, 128644, 128647, 128648, 128649, 128650, 128651, 128652, 128654, 128656, 128658, 128659, 128660, 128661, 128662, 128663, 128664, 128665, 128666, 128667, 128668, 128670, 128671, 128672, 128673, 128674, 128676, 128677, 128678, 128679, 128680, 128681, 128682, 128683, 128684, 128685, 128687, 128688, 128689, 128690, 128691, 128692, 128693, 128694, 128695, 128696, 128697, 128698, 128699, 128700, 128701, 128702, 128703, 128704, 128706, 128708, 128709, 128710, 128711, 128712, 128713, 128714, 128715, 128716, 128717, 128719, 128720, 128722, 128723, 128726, 128727, 128729, 128730, 128731, 128732, 128733, 128734, 128736, 128737, 128738, 128739, 128742, 128743, 128744, 128745, 128746, 128747, 128748, 128751, 128752, 128754, 128756, 128758, 128759, 128760, 128761, 128762, 128763, 128764, 128765, 128766, 128767, 128768, 128769, 128770, 128774, 128775, 128776, 128777, 128778, 128779, 128780, 128781, 128782, 128783, 128785, 128786, 128787, 128789, 128791, 128792, 128793, 128794, 128795, 128796, 128797, 128799, 128800, 128801, 128802, 128804, 128805, 128806, 128807, 128809, 128810, 128811, 128812, 128813, 128814, 128815, 128816, 128818, 128819, 128820, 128822, 128823, 128824, 128825, 128826, 128828, 128829, 128830, 128831, 128832, 128833, 128835, 128837, 128838, 128839, 128840, 128841, 128842, 128844, 128845, 128846, 128847, 128848, 128849, 128850, 128851, 128852, 128853, 128854, 128855, 128857, 128858, 128859, 128860, 128861, 128863, 128864, 128867, 128868, 128869, 128870, 128873, 128875, 128876, 128878, 128879, 128880, 128882, 128883, 128884, 128885, 128886, 128887, 128888, 128889, 128890, 128892, 128893, 128895, 128896, 128897, 128898, 128899, 128900, 128901, 128902, 128903, 128904, 128905, 128906, 128907, 128908, 128909, 128910, 128911, 128912, 128913, 128914, 128916, 128917, 128919, 128920, 128921, 128922, 128923, 128924, 128926, 128927, 128928, 128930, 128932, 128933, 128934, 128936, 128937, 128938, 128939, 128941, 128942, 128943, 128944, 128947, 128948, 128950, 128951, 128953, 128954, 128955, 128956, 128957, 128958, 128959, 128961, 128963, 128964, 128965, 128966, 128967, 128968, 128970, 128971, 128972, 128973, 128975, 128976, 128978, 128979, 128980, 128981, 128982, 128983, 128984, 128985, 128986, 128987, 128989, 128990, 128991, 128992, 128993, 128994, 128995, 128996, 128997, 128998, 128999, 129002, 129003, 129004, 129005, 129007, 129008, 129009, 129010, 129011, 129012, 129014, 129016, 129018, 129019, 129022, 129024, 129026, 129027, 129028, 129029, 129030, 129033, 129034, 129035, 129036, 129037, 129038, 129039, 129040, 129043, 129045, 129047, 129048, 129049, 129050, 129051, 129052, 129053, 129054, 129055, 129056, 129057, 129058, 129059, 129060, 129061, 129062, 129063, 129064, 129065, 129066, 129068, 129069, 129070, 129072, 129074, 129075, 129076, 129077, 129078, 129079, 129080, 129081, 129083, 129084, 129085, 129086, 129087, 129089, 129090, 129091, 129092, 129093, 129094, 129095, 129097, 129098, 129099, 129102, 129105, 129106, 129107, 129108, 129109, 129110, 129111, 129112, 129113, 129114, 129115, 129117, 129118, 129119, 129120, 129121, 129122, 129123, 129124, 129127, 129130, 129132, 129133, 129134, 129136, 129137, 129138, 129140, 129141, 129142, 129143, 129145, 129146, 129147, 129148, 129149, 129150, 129151, 129152, 129153, 129154, 129155, 129156, 129159, 129160, 129161, 129165, 129166, 129167, 129168, 129169, 129170, 129172, 129175, 129179, 129182, 129183, 129184, 129186, 129187, 129188, 129189, 129190, 129191, 129192, 129193, 129194, 129195, 129196, 129197, 129198, 129199, 129200, 129201, 129202, 129203, 129204, 129205, 129206, 129207, 129208, 129209, 129210, 129211, 129214, 129215, 129216, 129217, 129218, 129220, 129221, 129222, 129223, 129224, 129225, 129227, 129229, 129231, 129232, 129233, 129235, 129236, 129237, 129238, 129241, 129242, 129243, 129244, 129245, 129246, 129247, 129248, 129249, 129250, 129251, 129252, 129253, 129254, 129256, 129257, 129259, 129260, 129261, 129262, 129264, 129265, 129267, 129270, 129272, 129274, 129276, 129277, 129279, 129280, 129283, 129284, 129285, 129287, 129288, 129289, 129290, 129292, 129293, 129294, 129295, 129296, 129297, 129298, 129299, 129300, 129301, 129302, 129303, 129304, 129305, 129306, 129307, 129308, 129309, 129310, 129312, 129313, 129316, 129317, 129318, 129319, 129320, 129321, 129322, 129323, 129324, 129325, 129326, 129329, 129330, 129331, 129333, 129334, 129335, 129336, 129337, 129338, 129339, 129340, 129342, 129343, 129344, 129345, 129346, 129347, 129348, 129349, 129350, 129352, 129353, 129354, 129355, 129358, 129360, 129361, 129362, 129364, 129365, 129367, 129369, 129370, 129372, 129373, 129374, 129376, 129377, 129378, 129384, 129385, 129386, 129387, 129389, 129390, 129391, 129392, 129394, 129395, 129396, 129397, 129398, 129399, 129400, 129401, 129402, 129403, 129404, 129405, 129408, 129409, 129411, 129412, 129413, 129414, 129415, 129416, 129417, 129418, 129420, 129421, 129422, 129423, 129424, 129425, 129426, 129428, 129430, 129431, 129432, 129433, 129434, 129436, 129438, 129439, 129441, 129442, 129443, 129444, 129445, 129447, 129448, 129449, 129452, 129454, 129457, 129458, 129462, 129464, 129465, 129466, 129467, 129469, 129470, 129472, 129474, 129477, 129478, 129479, 129480, 129481, 129484, 129485, 129486, 129490, 129491, 129493, 129494, 129495, 129496, 129498, 129499, 129500, 129502, 129503, 129504, 129505, 129506, 129507, 129508, 129510, 129511, 129513, 129514, 129517, 129519, 129520, 129521, 129522, 129523, 129524, 129525, 129527, 129528, 129529, 129530, 129531, 129533, 129534, 129535, 129536, 129537, 129538, 129539, 129540, 129541, 129542, 129543, 129544, 129545, 129546, 129547, 129548, 129549, 129551, 129552, 129553, 129555, 129556, 129557, 129558, 129559, 129560, 129561, 129562, 129563, 129564, 129565, 129566, 129567, 129569, 129570, 129571, 129573, 129577, 129578, 129579, 129581, 129582, 129583, 129584, 129585, 129586, 129587, 129588, 129589, 129590, 129591, 129592, 129593, 129595, 129596, 129597, 129598, 129600, 129601, 129602, 129603, 129605, 129606, 129607, 129608, 129609, 129610, 129613, 129615, 129616, 129619, 129620, 129621, 129622, 129623, 129624, 129626, 129627, 129628, 129629, 129630, 129631, 129632, 129633, 129634, 129635, 129636, 129637, 129638, 129640, 129642, 129644, 129645, 129646, 129647, 129648, 129649, 129651, 129652, 129653, 129656, 129657, 129658, 129659, 129660, 129661, 129663, 129665, 129669, 129670, 129672, 129673, 129674, 129675, 129676, 129677, 129678, 129679, 129680, 129681, 129683, 129685, 129687, 129688, 129689, 129690, 129691, 129692, 129693, 129694, 129696, 129697, 129698, 129699, 129700, 129702, 129703, 129704, 129705, 129706, 129707, 129708, 129709, 129710, 129711, 129713, 129715, 129718, 129719, 129720, 129721, 129724, 129725, 129726, 129727, 129728, 129730, 129731, 129733, 129734, 129735, 129736, 129737, 129738, 129739, 129740, 129741, 129742, 129743, 129744, 129745, 129746, 129747, 129748, 129750, 129751, 129754, 129755, 129756, 129757, 129758, 129759, 129760, 129762, 129763, 129765, 129766, 129767, 129769, 129770, 129771, 129775, 129776, 129777, 129779, 129780, 129781, 129782, 129783, 129784, 129786, 129787, 129788, 129789, 129790, 129791, 129793, 129794, 129795, 129796, 129797, 129798, 129799, 129800, 129801, 129802, 129803, 129804, 129805, 129806, 129808, 129810, 129811, 129812, 129813, 129814, 129815, 129817, 129818, 129819, 129821, 129822, 129823, 129824, 129826, 129827, 129828, 129829, 129830, 129831, 129832, 129833, 129835, 129836, 129837, 129838, 129839, 129840, 129841, 129842, 129844, 129845, 129846, 129847, 129848, 129849, 129850, 129851, 129853, 129854, 129856, 129857, 129858, 129859, 129860, 129861, 129862, 129863, 129864, 129865, 129866, 129867, 129868, 129869, 129871, 129872, 129873, 129875, 129876, 129877, 129879, 129881, 129882, 129883, 129884, 129885, 129886, 129887, 129888, 129889, 129890, 129891, 129893, 129894, 129895, 129898, 129899, 129900, 129901, 129902, 129903, 129906, 129907, 129908, 129911, 129912, 129913, 129914, 129916, 129917, 129919, 129920, 129922, 129924, 129925, 129926, 129927, 129928, 129929, 129930, 129931, 129932, 129933, 129934, 129936, 129937, 129939, 129940, 129942, 129944, 129945, 129946, 129947, 129948, 129949, 129951, 129952, 129953, 129954, 129956, 129957, 129958, 129959, 129960, 129961, 129962, 129963, 129964, 129965, 129968, 129969, 129970, 129972, 129974, 129975, 129976, 129977, 129979, 129981, 129982, 129983, 129984, 129985, 129986, 129987, 129988, 129989, 129990, 129992, 129994, 129996, 129997, 129998, 129999, 130000, 130001, 130003, 130004, 130005, 130006, 130007, 130008, 130009, 130010, 130011, 130012, 130013, 130014, 130015, 130016, 130017, 130018, 130019, 130020, 130022, 130023, 130024, 130025, 130028, 130030, 130031, 130032, 130033, 130034, 130035, 130036, 130037, 130038, 130040, 130041, 130042, 130043, 130044, 130045, 130046, 130048, 130049, 130050, 130052, 130053, 130054, 130055, 130056, 130057, 130058, 130059, 130060, 130062, 130063, 130064, 130067, 130068, 130069, 130070, 130071, 130072, 130073, 130074, 130075, 130076, 130077, 130078, 130079, 130080, 130082, 130084, 130085, 130087, 130088, 130089, 130090, 130091, 130092, 130093, 130095, 130096, 130097, 130099, 130100, 130101, 130102, 130103, 130105, 130106, 130107, 130108, 130110, 130111, 130112, 130113, 130114, 130115, 130116, 130117, 130118, 130119, 130120, 130121, 130122, 130123, 130125, 130129, 130130, 130133, 130134, 130135, 130136, 130137, 130138, 130139, 130140, 130142, 130143, 130144, 130149, 130152, 130154, 130155, 130156, 130157, 130158, 130159, 130161, 130162, 130163, 130164, 130165, 130168, 130169, 130170, 130171, 130172, 130173, 130175, 130176, 130178, 130180, 130182, 130183, 130184, 130185, 130186, 130187, 130188, 130190, 130191, 130192, 130193, 130194, 130195, 130196, 130198, 130199, 130201, 130202, 130204, 130205, 130206, 130207, 130208, 130209, 130210, 130211, 130212, 130213, 130214, 130215, 130216, 130217, 130219, 130220, 130221, 130222, 130223, 130226, 130229, 130230, 130231, 130232, 130233, 130234, 130235, 130236, 130237, 130239, 130240, 130241, 130242, 130243, 130244, 130247, 130249, 130250, 130251, 130252, 130253, 130254, 130255, 130256, 130258, 130259, 130260, 130261, 130262, 130263, 130264, 130265, 130266, 130268, 130270, 130271, 130272, 130273, 130274, 130275, 130276, 130277, 130278, 130280, 130281, 130282, 130285, 130287, 130288, 130289, 130290, 130291, 130292, 130294, 130295, 130297, 130299, 130300, 130301, 130302, 130303, 130304, 130305, 130306, 130307, 130308, 130309, 130310, 130311, 130315, 130316, 130317, 130318, 130320, 130321, 130322, 130323, 130324, 130325, 130326, 130328, 130329, 130330, 130331, 130332, 130333, 130334, 130335, 130336, 130337, 130339, 130340, 130342, 130345, 130346, 130347, 130348, 130349, 130350, 130351, 130352, 130354, 130355, 130356, 130358, 130359, 130360, 130361, 130362, 130363, 130365, 130366, 130368, 130369, 130371, 130372, 130373, 130378, 130380, 130383, 130384, 130385, 130386, 130387, 130388, 130389, 130391, 130392, 130393, 130394, 130395, 130397, 130398, 130401, 130402, 130403, 130404, 130407, 130408, 130410, 130412, 130415, 130416, 130417, 130418, 130419, 130420, 130421, 130422, 130423, 130424, 130425, 130426, 130428, 130432, 130433, 130434, 130435, 130436, 130437, 130439, 130440, 130441, 130442, 130446, 130447, 130449, 130450, 130451, 130452, 130453, 130454, 130455, 130457, 130458, 130459, 130460, 130461, 130464, 130465, 130466, 130467, 130468, 130469, 130471, 130473, 130474, 130475, 130476, 130477, 130478, 130479, 130480, 130482, 130483, 130484, 130485, 130486, 130487, 130488, 130489, 130490, 130492, 130493, 130494, 130495, 130497, 130498, 130499, 130500, 130501, 130503, 130504, 130505, 130506, 130507, 130508, 130509, 130510, 130511, 130513, 130514, 130516, 130517, 130518, 130519, 130520, 130521, 130522, 130524, 130526, 130527, 130530, 130531, 130532, 130533, 130534, 130535, 130536, 130537, 130538, 130539, 130540, 130541, 130542, 130543, 130544, 130546, 130547, 130548, 130549, 130550, 130551, 130553, 130554, 130556, 130558, 130559, 130560, 130561, 130562, 130563, 130564, 130566, 130567, 130568, 130569, 130570, 130572, 130573, 130574, 130575, 130576, 130577, 130578, 130580, 130582, 130583, 130584, 130585, 130586, 130587, 130588, 130589, 130590, 130592, 130593, 130594, 130595, 130596, 130597, 130598, 130599, 130602, 130603, 130604, 130605, 130606, 130607, 130608, 130611, 130613, 130616, 130617, 130618, 130619, 130620, 130621, 130622, 130623, 130626, 130627, 130628, 130629, 130630, 130631, 130633, 130634, 130635, 130636, 130638, 130640, 130642, 130643, 130644, 130645, 130646, 130647, 130648, 130649, 130650, 130651, 130652, 130654, 130655, 130656, 130657, 130658, 130659, 130660, 130661, 130662, 130663, 130664, 130666, 130668, 130669, 130670, 130672, 130673, 130675, 130676, 130678, 130679, 130680, 130681, 130683, 130685, 130686, 130687, 130688, 130689, 130690, 130691, 130692, 130693, 130694, 130695, 130696, 130697, 130698, 130699, 130700, 130702, 130703, 130704, 130706, 130707, 130708, 130709, 130710, 130711, 130712, 130713, 130714, 130715, 130716, 130717, 130718, 130719, 130721, 130722, 130723, 130724, 130725, 130726, 130728, 130729, 130730, 130731, 130733, 130734, 130735, 130736, 130737, 130739, 130740, 130741, 130742, 130743, 130744, 130746, 130747, 130748, 130749, 130750, 130751, 130752, 130753, 130754, 130755, 130757, 130758, 130759, 130760, 130762, 130764, 130767, 130770, 130771, 130772, 130773, 130774, 130775, 130776, 130777, 130780, 130781, 130782, 130783, 130784, 130785, 130786, 130787, 130788, 130789, 130790, 130791, 130792, 130794, 130795, 130796, 130797, 130798, 130799, 130800, 130801, 130802, 130803, 130804, 130806, 130807, 130808, 130809, 130810, 130811, 130814, 130815, 130816, 130818, 130819, 130820, 130821, 130822, 130823, 130824, 130826, 130827, 130828, 130829, 130830, 130831, 130832, 130833, 130834, 130835, 130837, 130838, 130839, 130840, 130841, 130842, 130843, 130845, 130846, 130847, 130849, 130850, 130851, 130853, 130854, 130855, 130856, 130857, 130858, 130859, 130861, 130862, 130864, 130865, 130866, 130867, 130868, 130869, 130870, 130871, 130872, 130873, 130874, 130875, 130876, 130878, 130879, 130880, 130881, 130883, 130884, 130886, 130888, 130889, 130890, 130891, 130892, 130893, 130894, 130895, 130897, 130898, 130900, 130901, 130902, 130903, 130904, 130905, 130907, 130908, 130909, 130911, 130913, 130914, 130915, 130916, 130917, 130918, 130919, 130920, 130921, 130923, 130924, 130925, 130926, 130927, 130928, 130929, 130930, 130931, 130932, 130933, 130935, 130936, 130937, 130939, 130940, 130942, 130943, 130944, 130945, 130946, 130947, 130948, 130949, 130951, 130952, 130955, 130956, 130957, 130959, 130960, 130961, 130965, 130966, 130967, 130968, 130969, 130970, 130971, 130973, 130976, 130977, 130978, 130979, 130980, 130981, 130983, 130984, 130985, 130988, 130990, 130991, 130992, 130993, 130998, 130999, 131000, 131004, 131005, 131006, 131007, 131008, 131010, 131011, 131012, 131013, 131014, 131017, 131019, 131020, 131022, 131023, 131024, 131026, 131027, 131028, 131029, 131032, 131034, 131036, 131039, 131040, 131044, 131045, 131046, 131047, 131048, 131049, 131050, 131052, 131053, 131054, 131055, 131056, 131059, 131060, 131061, 131063, 131064, 131065, 131066, 131068, 131069, 131071, 131072, 131073, 131074, 131075, 131076, 131077, 131079, 131080, 131081, 131082, 131083, 131084, 131086, 131087, 131088, 131089, 131090, 131091, 131092, 131093, 131095, 131096, 131099, 131100, 131102, 131103, 131104, 131106, 131107, 131108, 131109, 131110, 131113, 131114, 131115, 131117, 131118, 131119, 131120, 131121, 131122, 131123, 131124, 131125, 131127, 131128, 131129, 131130, 131131, 131132, 131133, 131134, 131135, 131136, 131137, 131138, 131139, 131140, 131141, 131142, 131143, 131144, 131145, 131147, 131148, 131149, 131151, 131152, 131153, 131154, 131156, 131157, 131158, 131159, 131160, 131162, 131164, 131165, 131166, 131167, 131169, 131170, 131171, 131172, 131173, 131174, 131176, 131179, 131180, 131181, 131182, 131183, 131184, 131185, 131186, 131188, 131190, 131191, 131192, 131195, 131196, 131197, 131198, 131200, 131201, 131202, 131203, 131204, 131205, 131206, 131207, 131208, 131209, 131211, 131212, 131213, 131215, 131221, 131222, 131223, 131224, 131225, 131226, 131227, 131228, 131229, 131231, 131232, 131233, 131234, 131236, 131237, 131238, 131239, 131240, 131241, 131242, 131243, 131244, 131245, 131247, 131248, 131250, 131251, 131252, 131255, 131256, 131257, 131258, 131259, 131263, 131264, 131266, 131267, 131268, 131269, 131270, 131271, 131272, 131273, 131274, 131275, 131276, 131278, 131280, 131282, 131283, 131284, 131285, 131287, 131288, 131289, 131290, 131291, 131292, 131293, 131294, 131295, 131296, 131297, 131298, 131299, 131300, 131301, 131302, 131306, 131307, 131308, 131309, 131310, 131311, 131312, 131313, 131314, 131315, 131316, 131317, 131318, 131319, 131322, 131325, 131326, 131328, 131329, 131330, 131332, 131333, 131334, 131336, 131338, 131339, 131341, 131342, 131343, 131344, 131345, 131346, 131347, 131348, 131349, 131351, 131352, 131353, 131354, 131355, 131357, 131358, 131359, 131360, 131361, 131362, 131363, 131364, 131366, 131367, 131368, 131369, 131371, 131372, 131373, 131374, 131375, 131376, 131377, 131378, 131379, 131380, 131381, 131382, 131383, 131385, 131386, 131388, 131389, 131390, 131392, 131394, 131395, 131396, 131397, 131398, 131399, 131400, 131401, 131402, 131403, 131406, 131408, 131409, 131410, 131411, 131412, 131413, 131414, 131415, 131416, 131417, 131418, 131419, 131420, 131421, 131424, 131427, 131428, 131429, 131431, 131432, 131433, 131434, 131435, 131436, 131437, 131438, 131439, 131440, 131441, 131442, 131443, 131444, 131445, 131447, 131448, 131449, 131450, 131451, 131452, 131454, 131455, 131456, 131457, 131459, 131460, 131461, 131462, 131464, 131465, 131466, 131467, 131468, 131469, 131470, 131471, 131472, 131474, 131477, 131478, 131479, 131481, 131482, 131483, 131484, 131487, 131488, 131489, 131490, 131492, 131493, 131494, 131495, 131496, 131497, 131498, 131499, 131501, 131503, 131504, 131505, 131506, 131507, 131508, 131511, 131512, 131514, 131515, 131516, 131517, 131518, 131519, 131520, 131522, 131523, 131524, 131525, 131526, 131527, 131528, 131529, 131531, 131532, 131533, 131534, 131535, 131536, 131537, 131539, 131540, 131541, 131542, 131543, 131544, 131545, 131546, 131547, 131548, 131549, 131550, 131551, 131552, 131553, 131555, 131556, 131557, 131558, 131559, 131560, 131561, 131562, 131563, 131564, 131565, 131566, 131567, 131568, 131569, 131570, 131571, 131572, 131573, 131575, 131576, 131577, 131578, 131579, 131580, 131582, 131583, 131584, 131585, 131586, 131587, 131588, 131589, 131592, 131593, 131595, 131596, 131599, 131600, 131602, 131603, 131604, 131605, 131606, 131607, 131610, 131611, 131612, 131615, 131617, 131619, 131621, 131622, 131623, 131625, 131626, 131627, 131628, 131629, 131630, 131631, 131633, 131634, 131635, 131636, 131637, 131638, 131639, 131640, 131641, 131642, 131643, 131644, 131645, 131646, 131648, 131649, 131650, 131651, 131652, 131653, 131654, 131655, 131657, 131658, 131659, 131661, 131662, 131665, 131666, 131667, 131669, 131670, 131673, 131674, 131676, 131679, 131680, 131681, 131682, 131683, 131684, 131686, 131687, 131688, 131689, 131690, 131691, 131692, 131693, 131694, 131698, 131699, 131700, 131701, 131702, 131703, 131704, 131705, 131706, 131708, 131709, 131710, 131711, 131712, 131713, 131714, 131715, 131716, 131717, 131718, 131719, 131722, 131723, 131724, 131725, 131726, 131727, 131728, 131731, 131732, 131733, 131734, 131735, 131736, 131737, 131740, 131742, 131743, 131744, 131745, 131746, 131747, 131748, 131749, 131750, 131751, 131752, 131754, 131755, 131756, 131757, 131758, 131760, 131761, 131762, 131764, 131765, 131766, 131767, 131768, 131769, 131770, 131771, 131772, 131774, 131777, 131778, 131779, 131780, 131781, 131782, 131784, 131785, 131787, 131789, 131790, 131792, 131793, 131794, 131795, 131796, 131797, 131798, 131799, 131800, 131801, 131802, 131803, 131805, 131806, 131808, 131810, 131811, 131812, 131814, 131817, 131818, 131820, 131821, 131823, 131825, 131826, 131827, 131828, 131829, 131830, 131831, 131832, 131833, 131834, 131835, 131836, 131838, 131840, 131842, 131843, 131844, 131846, 131849, 131850, 131851, 131852, 131853, 131854, 131856, 131859, 131860, 131861, 131862, 131863, 131864, 131865, 131866, 131867, 131868, 131869, 131870, 131871, 131872, 131873, 131874, 131875, 131876, 131877, 131878, 131879, 131880, 131881, 131882, 131883, 131884, 131885, 131886, 131888, 131890, 131892, 131893, 131896, 131897, 131898, 131899, 131900, 131902, 131903, 131904, 131905, 131906, 131908, 131909, 131910, 131911, 131914, 131915, 131916, 131917, 131918, 131920, 131921, 131922, 131926, 131927, 131929, 131930, 131931, 131932, 131933, 131934, 131935, 131937, 131938, 131939, 131940, 131941, 131942, 131943, 131944, 131946, 131948, 131949, 131950, 131951, 131952, 131954, 131955, 131956, 131957, 131958, 131959, 131961, 131962, 131963, 131964, 131965, 131966, 131968, 131969, 131970, 131974, 131975, 131976, 131977, 131978, 131979, 131980, 131982, 131983, 131984, 131985, 131986, 131987, 131989, 131990, 131991, 131992, 131993, 131994, 131995, 131996, 131997, 131998, 131999, 132000, 132001, 132002, 132004, 132005, 132006, 132007, 132008, 132009, 132010, 132011, 132012, 132013, 132015, 132016, 132017, 132018, 132019, 132020, 132021, 132022, 132023, 132024, 132025, 132026, 132027, 132028, 132029, 132030, 132031, 132032, 132035, 132037, 132038, 132041, 132042, 132043, 132044, 132045, 132046, 132047, 132050, 132051, 132053, 132055, 132059, 132060, 132061, 132062, 132063, 132064, 132066, 132068, 132069, 132070, 132071, 132072, 132073, 132074, 132075, 132076, 132077, 132078, 132080, 132081, 132082, 132083, 132084, 132085, 132087, 132088, 132089, 132090, 132091, 132092, 132093, 132094, 132095, 132097, 132098, 132099, 132101, 132102, 132103, 132104, 132105, 132106, 132107, 132108, 132109, 132110, 132111, 132112, 132114, 132115, 132116, 132117, 132118, 132119, 132120, 132121, 132122, 132123, 132124, 132125, 132127, 132128, 132129, 132131, 132132, 132134, 132135, 132136, 132139, 132140, 132142, 132144, 132145, 132146, 132147, 132148, 132149, 132150, 132152, 132153, 132154, 132155, 132156, 132158, 132160, 132162, 132163, 132164, 132165, 132166, 132168, 132169, 132170, 132171, 132172, 132174, 132175, 132176, 132177, 132179, 132180, 132181, 132182, 132183, 132184, 132185, 132186, 132187, 132190, 132191, 132192, 132193, 132194, 132195, 132196, 132197, 132198, 132199, 132200, 132201, 132203, 132206, 132209, 132210, 132212, 132213, 132214, 132215, 132216, 132217, 132218, 132219, 132220, 132221, 132222, 132223, 132224, 132225, 132226, 132227, 132228, 132232, 132234, 132236, 132238, 132240, 132241, 132242, 132243, 132244, 132245, 132246, 132248, 132249, 132250, 132252, 132254, 132255, 132256, 132259, 132260, 132261, 132262, 132263, 132264, 132265, 132266, 132267, 132268, 132269, 132270, 132271, 132272, 132274, 132275, 132276, 132278, 132279, 132280, 132281, 132282, 132283, 132284, 132285, 132286, 132287, 132288, 132290, 132291, 132292, 132293, 132294, 132295, 132296, 132297, 132298, 132299, 132300, 132302, 132303, 132305, 132307, 132308, 132310, 132311, 132313, 132314, 132315, 132316, 132317, 132318, 132319, 132320, 132321, 132322, 132323, 132324, 132325, 132326, 132327, 132328, 132329, 132330, 132334, 132335, 132336, 132337, 132338, 132339, 132340, 132341, 132342, 132344, 132345, 132346, 132347, 132348, 132350, 132351, 132352, 132353, 132355, 132356, 132357, 132358, 132359, 132361, 132363, 132364, 132365, 132366, 132368, 132369, 132370, 132371, 132372, 132375, 132376, 132379, 132380, 132383, 132384, 132385, 132386, 132387, 132388, 132389, 132390, 132391, 132392, 132394, 132395, 132396, 132397, 132399, 132400, 132401, 132402, 132403, 132404, 132405, 132406, 132407, 132408, 132409, 132410, 132411, 132412, 132413, 132414, 132415, 132417, 132418, 132419, 132422, 132424, 132425, 132427, 132428, 132429, 132430, 132431, 132432, 132433, 132434, 132437, 132438, 132439, 132440, 132441, 132443, 132444, 132445, 132446, 132447, 132448, 132449, 132450, 132451, 132452, 132453, 132454, 132455, 132456, 132457, 132458, 132459, 132460, 132462, 132463, 132467, 132468, 132469, 132470, 132471, 132472, 132473, 132474, 132475, 132478, 132480, 132481, 132482, 132483, 132484, 132486, 132487, 132488, 132489, 132491, 132492, 132493, 132494, 132496, 132497, 132498, 132500, 132501, 132502, 132503, 132504, 132505, 132506, 132507, 132508, 132509, 132510, 132512, 132513, 132514, 132515, 132516, 132517, 132518, 132519, 132520, 132521, 132523, 132524, 132526, 132527, 132528, 132530, 132531, 132532, 132533, 132534, 132535, 132536, 132537, 132538, 132539, 132540, 132541, 132542, 132543, 132544, 132546, 132547, 132548, 132549, 132550, 132551, 132552, 132553, 132554, 132557, 132561, 132562, 132563, 132564, 132565, 132567, 132568, 132569, 132570, 132571, 132572, 132574, 132575, 132576, 132577, 132578, 132579, 132580, 132581, 132582, 132584, 132585, 132586, 132587, 132588, 132589, 132590, 132591, 132592, 132593, 132597, 132598, 132599, 132600, 132601, 132602, 132605, 132606, 132607, 132608, 132609, 132610, 132611, 132613, 132614, 132615, 132616, 132618, 132620, 132621, 132622, 132623, 132624, 132625, 132626, 132629, 132630, 132632, 132634, 132635, 132637, 132638, 132639, 132640, 132641, 132643, 132644, 132645, 132646, 132647, 132648, 132649, 132650, 132651, 132652, 132653, 132654, 132655, 132657, 132658, 132660, 132661, 132662, 132664, 132665, 132666, 132667, 132669, 132670, 132671, 132676, 132677, 132678, 132679, 132681, 132682, 132683, 132684, 132686, 132687, 132688, 132689, 132691, 132692, 132693, 132694, 132695, 132699, 132700, 132701, 132702, 132703, 132704, 132705, 132706, 132708, 132709, 132710, 132711, 132712, 132713, 132714, 132715, 132716, 132718, 132719, 132720, 132721, 132722, 132723, 132724, 132725, 132726, 132727, 132728, 132729, 132730, 132732, 132733, 132734, 132735, 132736, 132737, 132738, 132739, 132740, 132741, 132742, 132743, 132744, 132746, 132748, 132749, 132752, 132753, 132755, 132756, 132757, 132758, 132759, 132760, 132761, 132763, 132764, 132768, 132769, 132770, 132771, 132772, 132773, 132774, 132775, 132778, 132780, 132782, 132783, 132784, 132785, 132786, 132788, 132789, 132790, 132793, 132794, 132795, 132796, 132798, 132799, 132802, 132803, 132806, 132807, 132811, 132812, 132813, 132814, 132818, 132819, 132820, 132821, 132822, 132824, 132825, 132826, 132827, 132828, 132829, 132830, 132833, 132834, 132835, 132837, 132838, 132839, 132840, 132841, 132842, 132843, 132844, 132845, 132846, 132848, 132849, 132850, 132851, 132852, 132853, 132854, 132857, 132858, 132859, 132860, 132861, 132862, 132863, 132864, 132865, 132866, 132867, 132868, 132869, 132870, 132872, 132873, 132874, 132875, 132876, 132877, 132878, 132879, 132880, 132881, 132883, 132885, 132887, 132889, 132890, 132891, 132892, 132893, 132894, 132895, 132896, 132897, 132901, 132903, 132905, 132906, 132907, 132908, 132912, 132914, 132915, 132917, 132918, 132919, 132920, 132921, 132922, 132923, 132924, 132925, 132926, 132927, 132929, 132930, 132931, 132932, 132934, 132936, 132937, 132938, 132939, 132940, 132942, 132943, 132944, 132945, 132946, 132947, 132948, 132949, 132950, 132952, 132953, 132954, 132955, 132957, 132958, 132959, 132960, 132961, 132962, 132963, 132964, 132965, 132966, 132967, 132968, 132969, 132970, 132971, 132972, 132973, 132975, 132977, 132978, 132979, 132981, 132982, 132983, 132984, 132986, 132989, 132990, 132992, 132993, 132996, 132997, 132998, 132999, 133000, 133001, 133002, 133003, 133005, 133006, 133008, 133009, 133010, 133011, 133013, 133014, 133017, 133018, 133019, 133020, 133021, 133022, 133023, 133024, 133025, 133026, 133028, 133029, 133031, 133034, 133035, 133036, 133037, 133038, 133039, 133040, 133041, 133042, 133043, 133045, 133046, 133047, 133048, 133049, 133050, 133051, 133052, 133054, 133055, 133057, 133058, 133059, 133060, 133061, 133062, 133063, 133064, 133065, 133069, 133070, 133071, 133072, 133073, 133074, 133075, 133076, 133077, 133078, 133080, 133083, 133084, 133088, 133089, 133090, 133091, 133092, 133093, 133094, 133095, 133096, 133097, 133099, 133101, 133102, 133103, 133104, 133105, 133106, 133107, 133108, 133109, 133112, 133113, 133114, 133115, 133117, 133118, 133119, 133120, 133121, 133122, 133123, 133124, 133126, 133127, 133128, 133129, 133130, 133131, 133132, 133133, 133134, 133135, 133137, 133139, 133140, 133141, 133142, 133143, 133144, 133145, 133147, 133148, 133149, 133150, 133151, 133152, 133153, 133154, 133156, 133158, 133159, 133160, 133161, 133162, 133165, 133168, 133170, 133172, 133173, 133174, 133175, 133177, 133178, 133179, 133180, 133181, 133182, 133183, 133184, 133185, 133186, 133188, 133189, 133190, 133191, 133192, 133193, 133194, 133195, 133196, 133197, 133199, 133202, 133203, 133205, 133206, 133207, 133208, 133209, 133210, 133211, 133212, 133213, 133214, 133215, 133216, 133218, 133219, 133220, 133221, 133223, 133224, 133225, 133227, 133228, 133229, 133230, 133231, 133232, 133233, 133234, 133235, 133236, 133237, 133238, 133240, 133241, 133242, 133243, 133245, 133246, 133249, 133250, 133252, 133253, 133254, 133255, 133256, 133257, 133258, 133259, 133260, 133261, 133264, 133265, 133266, 133268, 133269, 133270, 133271, 133272, 133273, 133274, 133275, 133276, 133277, 133278, 133279, 133282, 133283, 133284, 133285, 133286, 133287, 133288, 133291, 133292, 133294, 133295, 133296, 133297, 133298, 133299, 133301, 133302, 133303, 133304, 133305, 133306, 133308, 133310, 133311, 133312, 133313, 133314, 133316, 133318, 133319, 133321, 133322, 133323, 133324, 133326, 133327, 133328, 133329, 133330, 133332, 133333, 133335, 133336, 133337, 133338, 133339, 133340, 133343, 133346, 133347, 133348, 133349, 133350, 133351, 133354, 133355, 133356, 133358, 133359, 133360, 133361, 133363, 133364, 133365, 133366, 133367, 133370, 133371, 133372, 133374, 133376, 133378, 133380, 133381, 133382, 133383, 133384, 133388, 133389, 133390, 133391, 133392, 133393, 133394, 133395, 133396, 133397, 133398, 133399, 133400, 133401, 133402, 133403, 133404, 133405, 133407, 133408, 133409, 133410, 133411, 133414, 133415, 133418, 133420, 133421, 133423, 133424, 133425, 133427, 133428, 133430, 133433, 133434, 133435, 133436, 133437, 133438, 133439, 133440, 133443, 133444, 133445, 133446, 133447, 133448, 133449, 133450, 133451, 133452, 133453, 133454, 133455, 133456, 133458, 133460, 133461, 133462, 133463, 133464, 133465, 133466, 133467, 133468, 133469, 133470, 133471, 133472, 133473, 133474, 133475, 133476, 133477, 133478, 133479, 133480, 133483, 133484, 133485, 133486, 133487, 133489, 133490, 133492, 133493, 133495, 133496, 133497, 133498, 133499, 133500, 133501, 133502, 133503, 133504, 133505, 133506, 133507, 133508, 133510, 133512, 133513, 133514, 133515, 133516, 133517, 133518, 133519, 133521, 133522, 133523, 133524, 133525, 133527, 133528, 133532, 133533, 133534, 133535, 133536, 133537, 133538, 133539, 133540, 133541, 133542, 133543, 133544, 133546, 133547, 133548, 133550, 133551, 133553, 133555, 133556, 133558, 133559, 133560, 133561, 133563, 133564, 133566, 133567, 133568, 133569, 133571, 133572, 133573, 133574, 133575, 133576, 133578, 133579, 133580, 133581, 133582, 133584, 133586, 133587, 133588, 133589, 133591, 133592, 133593, 133594, 133595, 133596, 133597, 133598, 133599, 133600, 133602, 133603, 133604, 133605, 133607, 133608, 133609, 133610, 133611, 133612, 133613, 133614, 133615, 133616, 133617, 133619, 133620, 133621, 133622, 133623, 133624, 133625, 133626, 133627, 133628, 133629, 133630, 133631, 133632, 133633, 133634, 133635, 133636, 133638, 133639, 133640, 133641, 133643, 133644, 133645, 133646, 133647, 133648, 133649, 133650, 133652, 133653, 133654, 133655, 133656, 133658, 133659, 133660, 133661, 133662, 133663, 133664, 133665, 133666, 133667, 133669, 133670, 133673, 133674, 133675, 133677, 133678, 133679, 133680, 133682, 133683, 133684, 133685, 133686, 133687, 133688, 133691, 133693, 133694, 133695, 133696, 133698, 133699, 133701, 133702, 133703, 133704, 133705, 133706, 133707, 133708, 133709, 133711, 133712, 133713, 133714, 133716, 133718, 133719, 133720, 133722, 133723, 133724, 133725, 133726, 133727, 133728, 133729, 133730, 133731, 133732, 133733, 133734, 133735, 133737, 133738, 133740, 133742, 133743, 133744, 133745, 133746, 133747, 133748, 133749, 133750, 133751, 133752, 133753, 133755, 133756, 133757, 133758, 133760, 133761, 133762, 133763, 133764, 133765, 133767, 133768, 133769, 133770, 133771, 133772, 133773, 133774, 133775, 133776, 133777, 133778, 133779, 133781, 133782, 133783, 133784, 133785, 133786, 133787, 133788, 133789, 133790, 133791, 133792, 133794, 133795, 133796, 133798, 133799, 133800, 133802, 133803, 133805, 133806, 133807, 133808, 133811, 133812, 133813, 133814, 133815, 133816, 133817, 133820, 133821, 133822, 133823, 133825, 133826, 133828, 133829, 133830, 133835, 133836, 133837, 133838, 133839, 133841, 133842, 133844, 133845, 133846, 133847, 133848, 133850, 133851, 133853, 133855, 133858, 133859, 133860, 133862, 133865, 133867, 133868, 133869, 133873, 133874, 133875, 133876, 133877, 133879, 133880, 133881, 133883, 133884, 133885, 133887, 133889, 133892, 133893, 133894, 133896, 133897, 133899, 133900, 133901, 133902, 133903, 133904, 133905, 133907, 133908, 133910, 133911, 133912, 133913, 133914, 133915, 133916, 133917, 133918, 133922, 133924, 133926, 133927, 133928, 133929, 133931, 133932, 133933, 133934, 133935, 133937, 133939, 133941, 133942, 133944, 133946, 133947, 133948, 133949, 133950, 133951, 133952, 133953, 133955, 133956, 133957, 133959, 133960, 133961, 133963, 133964, 133965, 133967, 133969, 133970, 133971, 133973, 133974, 133975, 133976, 133977, 133979, 133980, 133981, 133983, 133984, 133987, 133988, 133989, 133990, 133991, 133994, 133995, 133996, 133997, 133998, 133999, 134000, 134001, 134002, 134003, 134004, 134005, 134007, 134010, 134011, 134012, 134013, 134015, 134017, 134021, 134022, 134023, 134024, 134026, 134027, 134028, 134029, 134030, 134031, 134032, 134034, 134035, 134036, 134037, 134038, 134039, 134040, 134041, 134042, 134044, 134045, 134046, 134047, 134048, 134049, 134051, 134052, 134053, 134055, 134056, 134057, 134058, 134059, 134060, 134061, 134063, 134064, 134065, 134066, 134068, 134069, 134070, 134071, 134072, 134073, 134074, 134075, 134076, 134078, 134080, 134082, 134084, 134085, 134086, 134087, 134089, 134090, 134091, 134092, 134093, 134094, 134095, 134096, 134098, 134099, 134100, 134102, 134103, 134104, 134107, 134108, 134109, 134110, 134112, 134113, 134114, 134115, 134116, 134118, 134119, 134121, 134123, 134124, 134125, 134127, 134130, 134131, 134132, 134134, 134135, 134136, 134137, 134138, 134139, 134140, 134141, 134142, 134143, 134144, 134145, 134146, 134147, 134148, 134149, 134150, 134151, 134152, 134153, 134154, 134157, 134158, 134160, 134161, 134162, 134165, 134166, 134168, 134169, 134170, 134171, 134172, 134173, 134174, 134175, 134176, 134177, 134179, 134180, 134181, 134182, 134183, 134184, 134185, 134187, 134188, 134189, 134190, 134191, 134192, 134194, 134195, 134196, 134197, 134198, 134199, 134201, 134202, 134203, 134204, 134205, 134207, 134209, 134210, 134211, 134212, 134213, 134214, 134215, 134216, 134217, 134219, 134220, 134222, 134223, 134224, 134225, 134226, 134227, 134228, 134229, 134230, 134231, 134232, 134234, 134235, 134236, 134237, 134239, 134240, 134241, 134242, 134243, 134244, 134245, 134246, 134247, 134248, 134249, 134250, 134251, 134253, 134254, 134255, 134256, 134257, 134258, 134259, 134260, 134262, 134263, 134264, 134266, 134267, 134268, 134269, 134270, 134271, 134272, 134273, 134275, 134276, 134277, 134278, 134279, 134281, 134282, 134283, 134284, 134285, 134286, 134287, 134288, 134289, 134291, 134292, 134294, 134297, 134298, 134299, 134302, 134303, 134305, 134306, 134308, 134309, 134310, 134311, 134313, 134314, 134315, 134316, 134319, 134321, 134322, 134323, 134324, 134325, 134326, 134327, 134329, 134330, 134331, 134332, 134334, 134335, 134336, 134338, 134339, 134341, 134342, 134343, 134345, 134346, 134347, 134348, 134349, 134352, 134354, 134355, 134356, 134357, 134358, 134359, 134360, 134361, 134362, 134363, 134364, 134365, 134366, 134367, 134370, 134373, 134375, 134376, 134377, 134378, 134380, 134382, 134383, 134384, 134385, 134386, 134387, 134388, 134389, 134390, 134392, 134393, 134395, 134396, 134397, 134399, 134400, 134401, 134402, 134403, 134404, 134406, 134407, 134409, 134411, 134412, 134413, 134415, 134416, 134418, 134419, 134420, 134421, 134422, 134423, 134424, 134425, 134426, 134427, 134428, 134430, 134432, 134434, 134436, 134437, 134438, 134439, 134440, 134441, 134442, 134443, 134444, 134445, 134446, 134447, 134448, 134449, 134450, 134451, 134452, 134453, 134454, 134457, 134458, 134460, 134461, 134462, 134463, 134464, 134465, 134467, 134468, 134469, 134470, 134471, 134473, 134474, 134475, 134476, 134477, 134478, 134482, 134484, 134485, 134486, 134487, 134488, 134489, 134490, 134491, 134493, 134495, 134496, 134497, 134498, 134499, 134500, 134501, 134502, 134503, 134504, 134505, 134506, 134507, 134508, 134509, 134511, 134512, 134513, 134515, 134517, 134518, 134519, 134521, 134522, 134523, 134524, 134525, 134527, 134528, 134529, 134531, 134532, 134533, 134534, 134537, 134539, 134540, 134542, 134543, 134544, 134545, 134547, 134548, 134549, 134550, 134552, 134554, 134555, 134557, 134558, 134559, 134560, 134562, 134563, 134564, 134565, 134566, 134567, 134568, 134569, 134570, 134572, 134573, 134574, 134575, 134576, 134577, 134578, 134579, 134580, 134581, 134582, 134583, 134584, 134585, 134586, 134587, 134588, 134590, 134592, 134593, 134594, 134595, 134597, 134598, 134599, 134600, 134601, 134602, 134603, 134604, 134605, 134606, 134607, 134608, 134611, 134612, 134614, 134615, 134616, 134617, 134618, 134620, 134623, 134625, 134626, 134627, 134628, 134629, 134630, 134632, 134633, 134636, 134637, 134638, 134639, 134640, 134641, 134642, 134643, 134644, 134646, 134647, 134650, 134651, 134652, 134653, 134654, 134655, 134657, 134658, 134660, 134661, 134662, 134663, 134664, 134665, 134667, 134668, 134669, 134670, 134672, 134675, 134676, 134677, 134678, 134679, 134680, 134683, 134684, 134685, 134686, 134687, 134688, 134689, 134690, 134691, 134692, 134694, 134695, 134697, 134698, 134699, 134700, 134701, 134702, 134703, 134706, 134708, 134709, 134711, 134712, 134713, 134714, 134715, 134716, 134717, 134718, 134719, 134721, 134722, 134723, 134726, 134727, 134728, 134729, 134730, 134731, 134732, 134733, 134734, 134735, 134736, 134737, 134738, 134739, 134741, 134742, 134744, 134746, 134747, 134748, 134749, 134750, 134751, 134752, 134753, 134755, 134756, 134757, 134758, 134759, 134760, 134761, 134762, 134763, 134764, 134765, 134766, 134767, 134768, 134769, 134770, 134771, 134772, 134773, 134776, 134778, 134779, 134780, 134781, 134782, 134783, 134785, 134786, 134787, 134791, 134792, 134793, 134795, 134796, 134797, 134798, 134800, 134801, 134802, 134803, 134804, 134806, 134807, 134808, 134809, 134810, 134811, 134814, 134815, 134816, 134817, 134818, 134819, 134820, 134822, 134823, 134824, 134825, 134827, 134828, 134829, 134830, 134833, 134834, 134835, 134838, 134839, 134840, 134841, 134842, 134843, 134844, 134845, 134847, 134849, 134850, 134851, 134852, 134853, 134855, 134856, 134858, 134859, 134860, 134861, 134862, 134864, 134865, 134866, 134867, 134868, 134870, 134871, 134872, 134873, 134874, 134876, 134878, 134880, 134881, 134882, 134883, 134884, 134885, 134886, 134887, 134888, 134889, 134890, 134891, 134892, 134893, 134894, 134895, 134896, 134897, 134898, 134899, 134900, 134905, 134906, 134907, 134908, 134910, 134911, 134913, 134915, 134916, 134917, 134918, 134919, 134921, 134924, 134925, 134927, 134929, 134930, 134931, 134933, 134934, 134935, 134936, 134937, 134938, 134939, 134940, 134941, 134942, 134945, 134946, 134948, 134949, 134951, 134952, 134953, 134955, 134956, 134957, 134958, 134959, 134960, 134961, 134962, 134963, 134964, 134965, 134967, 134968, 134969, 134970, 134972, 134973, 134974, 134975, 134976, 134977, 134981, 134982, 134984, 134985, 134986, 134987, 134988, 134990, 134991, 134992, 134993, 134995, 134996, 134997, 134998, 134999, 135000, 135001, 135002, 135003, 135004, 135005, 135006, 135007, 135008, 135009, 135010, 135011, 135012, 135013, 135014, 135015, 135016, 135017, 135019, 135020, 135021, 135024, 135025, 135026, 135027, 135028, 135029, 135031, 135032, 135034, 135035, 135036, 135037, 135038, 135039, 135040, 135041, 135043, 135044, 135045, 135046, 135048, 135049, 135050, 135053, 135055, 135056, 135057, 135058, 135059, 135060, 135061, 135062, 135064, 135065, 135066, 135067, 135068, 135069, 135070, 135071, 135072, 135074, 135075, 135076, 135077, 135078, 135079, 135080, 135081, 135082, 135084, 135085, 135086, 135087, 135088, 135089, 135090, 135091, 135093, 135094, 135095, 135096, 135097, 135098, 135099, 135101, 135104, 135105, 135107, 135109, 135110, 135111, 135112, 135114, 135115, 135116, 135117, 135118, 135119, 135120, 135121, 135122, 135123, 135124, 135125, 135128, 135129, 135130, 135131, 135132, 135133, 135134, 135135, 135136, 135137, 135139, 135140, 135141, 135142, 135144, 135145, 135146, 135148, 135150, 135151, 135152, 135154, 135155, 135156, 135157, 135158, 135159, 135160, 135165, 135166, 135167, 135168, 135169, 135170, 135171, 135172, 135173, 135174, 135175, 135176, 135177, 135178, 135180, 135181, 135182, 135183, 135184, 135186, 135188, 135189, 135190, 135191, 135193, 135195, 135196, 135198, 135199, 135200, 135201, 135202, 135203, 135204, 135205, 135208, 135209, 135210, 135211, 135212, 135213, 135215, 135216, 135217, 135218, 135219, 135221, 135222, 135223, 135224, 135225, 135227, 135230, 135231, 135232, 135233, 135234, 135235, 135236, 135237, 135238, 135239, 135241, 135242, 135243, 135244, 135245, 135247, 135248, 135249, 135250, 135251, 135252, 135253, 135254, 135256, 135257, 135258, 135261, 135264, 135265, 135266, 135267, 135268, 135269, 135270, 135271, 135272, 135273, 135274, 135275, 135276, 135278, 135279, 135280, 135282, 135283, 135285, 135286, 135287, 135291, 135293, 135295, 135296, 135297, 135298, 135299, 135300, 135301, 135304, 135306, 135307, 135308, 135309, 135310, 135311, 135318, 135319, 135321, 135322, 135323, 135324, 135325, 135327, 135328, 135329, 135330, 135331, 135332, 135333, 135334, 135336, 135337, 135338, 135339, 135340, 135342, 135344, 135345, 135346, 135347, 135348, 135349, 135350, 135351, 135352, 135353, 135354, 135355, 135356, 135357, 135358, 135359, 135360, 135362, 135364, 135365, 135366, 135367, 135368, 135369, 135370, 135371, 135372, 135373, 135374, 135376, 135377, 135378, 135379, 135380, 135382, 135383, 135384, 135385, 135386, 135387, 135388, 135389, 135390, 135391, 135392, 135394, 135395, 135396, 135397, 135398, 135399, 135400, 135401, 135403, 135405, 135406, 135407, 135409, 135411, 135412, 135413, 135414, 135415, 135416, 135418, 135419, 135420, 135421, 135422, 135423, 135424, 135425, 135426, 135427, 135428, 135429, 135430, 135432, 135433, 135434, 135435, 135436, 135437, 135438, 135439, 135441, 135442, 135443, 135444, 135445, 135446, 135447, 135448, 135449, 135450, 135451, 135452, 135453, 135454, 135455, 135457, 135459, 135460, 135461, 135464, 135465, 135466, 135467, 135468, 135469, 135470, 135471, 135472, 135473, 135474, 135475, 135477, 135479, 135480, 135482, 135483, 135485, 135486, 135487, 135488, 135489, 135490, 135491, 135492, 135494, 135495, 135497, 135498, 135499, 135501, 135502, 135504, 135505, 135506, 135507, 135508, 135509, 135510, 135511, 135512, 135513, 135515, 135516, 135517, 135518, 135520, 135521, 135522, 135523, 135524, 135525, 135527, 135528, 135529, 135530, 135531, 135532, 135533, 135535, 135536, 135537, 135538, 135539, 135542, 135543, 135544, 135545, 135546, 135547, 135548, 135550, 135551, 135553, 135554, 135555, 135556, 135557, 135558, 135559, 135561, 135562, 135563, 135564, 135565, 135566, 135567, 135568, 135569, 135570, 135571, 135572, 135573, 135574, 135576, 135578, 135580, 135582, 135583, 135584, 135585, 135586, 135587, 135588, 135590, 135591, 135592, 135593, 135595, 135597, 135598, 135600, 135602, 135603, 135604, 135606, 135607, 135608, 135609, 135610, 135611, 135612, 135613, 135614, 135615, 135616, 135618, 135619, 135620, 135621, 135622, 135623, 135624, 135625, 135626, 135627, 135628, 135629, 135630, 135631, 135635, 135637, 135638, 135640, 135642, 135644, 135645, 135646, 135647, 135648, 135649, 135650, 135651, 135652, 135653, 135655, 135656, 135657, 135660, 135661, 135662, 135663, 135665, 135667, 135668, 135669, 135670, 135672, 135673, 135676, 135677, 135678, 135681, 135682, 135684, 135685, 135686, 135687, 135688, 135689, 135692, 135693, 135694, 135695, 135699, 135700, 135701, 135702, 135703, 135704, 135705, 135706, 135707, 135710, 135711, 135712, 135713, 135715, 135716, 135717, 135718, 135720, 135722, 135727, 135728, 135729, 135730, 135731, 135732, 135733, 135734, 135735, 135736, 135737, 135738, 135739, 135740, 135741, 135743, 135744, 135747, 135750, 135751, 135752, 135753, 135754, 135755, 135756, 135757, 135758, 135759, 135760, 135761, 135762, 135763, 135764, 135765, 135766, 135767, 135768, 135769, 135771, 135772, 135773, 135774, 135775, 135776, 135777, 135778, 135780, 135781, 135782, 135783, 135785, 135786, 135787, 135789, 135790, 135791, 135792, 135793, 135794, 135795, 135797, 135798, 135800, 135801, 135802, 135803, 135804, 135805, 135806, 135807, 135810, 135811, 135812, 135813, 135814, 135816, 135818, 135819, 135820, 135822, 135823, 135824, 135825, 135826, 135827, 135828, 135831, 135832, 135833, 135836, 135837, 135838, 135839, 135840, 135841, 135842, 135844, 135845, 135847, 135848, 135850, 135851, 135852, 135853, 135855, 135856, 135857, 135859, 135861, 135863, 135864, 135866, 135868, 135869, 135870, 135872, 135874, 135876, 135877, 135878, 135880, 135881, 135882, 135883, 135885, 135887, 135888, 135889, 135890, 135891, 135893, 135894, 135895, 135898, 135899, 135900, 135901, 135902, 135903, 135904, 135905, 135907, 135908, 135909, 135910, 135911, 135912, 135913, 135914, 135915, 135916, 135917, 135918, 135921, 135922, 135923, 135924, 135925, 135926, 135927, 135928, 135930, 135931, 135932, 135933, 135934, 135935, 135936, 135938, 135939, 135940, 135943, 135944, 135945, 135946, 135947, 135948, 135949, 135950, 135952, 135953, 135954, 135956, 135957, 135958, 135959, 135960, 135961, 135962, 135963, 135966, 135968, 135969, 135970, 135971, 135972, 135973, 135974, 135975, 135976, 135977, 135979, 135980, 135982, 135983, 135984, 135985, 135986, 135987, 135988, 135990, 135991, 135993, 135994, 135996, 135997, 135998, 135999, 136000, 136002, 136003, 136004, 136005, 136006, 136007, 136008, 136009, 136010, 136012, 136013, 136014, 136015, 136016, 136017, 136018, 136019, 136021, 136022, 136023, 136024, 136025, 136027, 136028, 136029, 136030, 136031, 136032, 136033, 136035, 136036, 136038, 136039, 136041, 136042, 136043, 136046, 136048, 136050, 136051, 136052, 136053, 136055, 136056, 136057, 136058, 136059, 136060, 136062, 136064, 136065, 136066, 136067, 136069, 136072, 136073, 136075, 136077, 136078, 136079, 136081, 136083, 136084, 136085, 136087, 136089, 136092, 136093, 136095, 136096, 136097, 136098, 136099, 136100, 136101, 136102, 136103, 136104, 136105, 136106, 136107, 136108, 136109, 136111, 136112, 136113, 136114, 136115, 136116, 136117, 136118, 136119, 136120, 136121, 136124, 136125, 136126, 136127, 136128, 136129, 136131, 136134, 136135, 136138, 136139, 136140, 136141, 136142, 136143, 136144, 136145, 136146, 136147, 136148, 136149, 136150, 136151, 136152, 136153, 136154, 136157, 136158, 136159, 136162, 136163, 136164, 136165, 136166, 136167, 136168, 136170, 136171, 136172, 136174, 136176, 136177, 136178, 136179, 136180, 136182, 136183, 136184, 136185, 136186, 136187, 136189, 136190, 136191, 136194, 136195, 136196, 136197, 136199, 136200, 136201, 136202, 136203, 136204, 136205, 136206, 136207, 136208, 136209, 136210, 136211, 136212, 136213, 136215, 136216, 136217, 136218, 136219, 136220, 136221, 136222, 136223, 136224, 136225, 136226, 136227, 136228, 136229, 136230, 136231, 136233, 136234, 136235, 136236, 136238, 136239, 136241, 136242, 136243, 136245, 136246, 136247, 136248, 136249, 136250, 136253, 136254, 136255, 136256, 136257, 136258, 136259, 136260, 136261, 136262, 136264, 136265, 136266, 136267, 136268, 136269, 136270, 136272, 136273, 136274, 136275, 136277, 136279, 136280, 136281, 136284, 136285, 136286, 136287, 136288, 136289, 136290, 136291, 136293, 136294, 136296, 136298, 136299, 136300, 136303, 136304, 136305, 136307, 136308, 136309, 136310, 136311, 136312, 136314, 136315, 136316, 136317, 136318, 136320, 136321, 136322, 136323, 136324, 136325, 136326, 136327, 136328, 136329, 136330, 136331, 136332, 136333, 136334, 136335, 136337, 136338, 136339, 136340, 136341, 136342, 136343, 136344, 136345, 136346, 136347, 136348, 136349, 136350, 136351, 136352, 136353, 136354, 136356, 136357, 136358, 136359, 136360, 136361, 136362, 136363, 136364, 136365, 136366, 136367, 136368, 136369, 136370, 136371, 136372, 136373, 136374, 136375, 136379, 136380, 136382, 136385, 136386, 136387, 136388, 136389, 136390, 136391, 136393, 136394, 136395, 136396, 136397, 136399, 136401, 136402, 136403, 136404, 136405, 136406, 136407, 136408, 136409, 136410, 136411, 136412, 136413, 136414, 136415, 136416, 136417, 136418, 136419, 136420, 136422, 136423, 136424, 136426, 136427, 136428, 136430, 136431, 136432, 136433, 136434, 136436, 136437, 136439, 136440, 136441, 136442, 136443, 136444, 136445, 136446, 136447, 136449, 136450, 136451, 136453, 136454, 136455, 136456, 136457, 136458, 136459, 136460, 136461, 136462, 136463, 136464, 136465, 136466, 136467, 136468, 136470, 136472, 136474, 136475, 136478, 136480, 136481, 136482, 136483, 136485, 136486, 136487, 136488, 136489, 136490, 136491, 136492, 136494, 136495, 136496, 136499, 136500, 136501, 136502, 136503, 136507, 136508, 136509, 136511, 136512, 136514, 136515, 136517, 136518, 136519, 136520, 136521, 136522, 136524, 136525, 136527, 136528, 136529, 136530, 136532, 136533, 136534, 136536, 136537, 136538, 136541, 136542, 136543, 136544, 136545, 136546, 136547, 136549, 136550, 136551, 136552, 136554, 136555, 136556, 136557, 136558, 136561, 136562, 136563, 136564, 136565, 136566, 136568, 136569, 136570, 136571, 136573, 136574, 136575, 136576, 136577, 136578, 136579, 136580, 136581, 136582, 136583, 136584, 136587, 136588, 136589, 136590, 136591, 136592, 136593, 136595, 136596, 136597, 136598, 136599, 136600, 136601, 136602, 136603, 136604, 136605, 136607, 136608, 136609, 136610, 136611, 136612, 136613, 136614, 136615, 136616, 136619, 136620, 136621, 136622, 136623, 136626, 136628, 136630, 136631, 136633, 136636, 136637, 136638, 136639, 136640, 136641, 136642, 136643, 136644, 136646, 136647, 136648, 136649, 136650, 136651, 136652, 136653, 136654, 136655, 136656, 136658, 136659, 136660, 136661, 136662, 136663, 136664, 136665, 136666, 136667, 136668, 136670, 136671, 136673, 136674, 136675, 136676, 136677, 136678, 136679, 136680, 136681, 136682, 136686, 136687, 136688, 136689, 136691, 136692, 136694, 136695, 136697, 136698, 136700, 136701, 136702, 136703, 136704, 136705, 136706, 136708, 136709, 136710, 136711, 136713, 136714, 136715, 136716, 136717, 136718, 136719, 136720, 136721, 136722, 136723, 136724, 136725, 136726, 136727, 136728, 136729, 136730, 136731, 136732, 136733, 136734, 136735, 136736, 136737, 136738, 136739, 136740, 136741, 136742, 136744, 136745, 136746, 136747, 136748, 136749, 136751, 136752, 136754, 136755, 136756, 136757, 136758, 136759, 136760, 136762, 136763, 136764, 136765, 136766, 136767, 136768, 136769, 136770, 136773, 136774, 136775, 136777, 136779, 136780, 136781, 136782, 136783, 136784, 136785, 136786, 136788, 136789, 136795, 136797, 136799, 136800, 136802, 136803, 136804, 136806, 136807, 136808, 136809, 136810, 136811, 136812, 136813, 136814, 136815, 136816, 136818, 136819, 136821, 136823, 136825, 136826, 136827, 136828, 136830, 136832, 136833, 136835, 136836, 136839, 136840, 136842, 136844, 136845, 136846, 136847, 136848, 136849, 136851, 136852, 136853, 136854, 136855, 136856, 136857, 136858, 136859, 136860, 136861, 136862, 136863, 136865, 136866, 136867, 136868, 136869, 136870, 136871, 136872, 136875, 136876, 136877, 136878, 136879, 136880, 136881, 136883, 136884, 136885, 136886, 136887, 136888, 136889, 136890, 136891, 136892, 136893, 136894, 136897, 136898, 136901, 136902, 136903, 136906, 136907, 136908, 136909, 136910, 136911, 136913, 136914, 136915, 136916, 136917, 136918, 136919, 136920, 136921, 136923, 136924, 136925, 136927, 136928, 136930, 136931, 136932, 136933, 136934, 136935, 136936, 136938, 136939, 136941, 136942, 136943, 136944, 136945, 136946, 136947, 136949, 136950, 136951, 136952, 136953, 136954, 136956, 136957, 136959, 136961, 136962, 136963, 136964, 136966, 136967, 136969, 136970, 136971, 136972, 136973, 136974, 136975, 136977, 136978, 136979, 136981, 136982, 136983, 136984, 136985, 136986, 136987, 136990, 136991, 136992, 136994, 136995, 136998, 137000, 137002, 137003, 137004, 137005, 137006, 137007, 137008, 137009, 137010, 137011, 137012, 137013, 137015, 137016, 137017, 137018, 137020, 137021, 137023, 137024, 137025, 137027, 137028, 137029, 137031, 137032, 137033, 137034, 137036, 137037, 137039, 137040, 137041, 137042, 137043, 137044, 137045, 137046, 137047, 137048, 137049, 137050, 137051, 137052, 137053, 137054, 137055, 137056, 137057, 137058, 137059, 137062, 137063, 137064, 137065, 137066, 137067, 137068, 137070, 137071, 137072, 137073, 137075, 137077, 137078, 137079, 137083, 137084, 137085, 137086, 137087, 137088, 137090, 137091, 137092, 137095, 137096, 137097, 137098, 137099, 137101, 137102, 137103, 137104, 137105, 137106, 137107, 137109, 137110, 137111, 137112, 137113, 137115, 137116, 137117, 137118, 137120, 137121, 137122, 137124, 137125, 137127, 137128, 137131, 137132, 137133, 137135, 137136, 137137, 137138, 137139, 137140, 137142, 137143, 137144, 137145, 137146, 137147, 137148, 137149, 137150, 137151, 137152, 137154, 137155, 137156, 137158, 137159, 137162, 137165, 137166, 137167, 137168, 137169, 137171, 137173, 137174, 137175, 137176, 137177, 137178, 137179, 137180, 137181, 137182, 137183, 137184, 137185, 137186, 137188, 137189, 137190, 137191, 137192, 137193, 137195, 137196, 137197, 137199, 137200, 137201, 137202, 137203, 137205, 137206, 137207, 137208, 137209, 137214, 137215, 137217, 137219, 137220, 137221, 137222, 137223, 137224, 137225, 137226, 137227, 137229, 137230, 137231, 137232, 137233, 137234, 137235, 137237, 137238, 137239, 137240, 137241, 137242, 137243, 137245, 137248, 137249, 137250, 137251, 137252, 137253, 137255, 137256, 137257, 137259, 137260, 137261, 137262, 137263, 137265, 137266, 137267, 137268, 137270, 137271, 137272, 137273, 137274, 137276, 137278, 137280, 137282, 137283, 137284, 137286, 137287, 137288, 137289, 137291, 137292, 137293, 137296, 137297, 137298, 137300, 137301, 137304, 137305, 137306, 137307, 137308, 137310, 137313, 137314, 137315, 137316, 137318, 137320, 137322, 137324, 137326, 137330, 137332, 137333, 137334, 137336, 137339, 137340, 137341, 137342, 137343, 137345, 137347, 137348, 137349, 137352, 137354, 137355, 137356, 137357, 137358, 137359, 137360, 137361, 137362, 137363, 137364, 137365, 137368, 137369, 137370, 137371, 137372, 137373, 137374, 137375, 137376, 137377, 137378, 137379, 137380, 137381, 137382, 137383, 137385, 137386, 137387, 137388, 137389, 137390, 137391, 137392, 137393, 137394, 137395, 137399, 137400, 137401, 137403, 137405, 137406, 137407, 137408, 137409, 137410, 137411, 137413, 137414, 137415, 137416, 137417, 137418, 137421, 137422, 137423, 137424, 137425, 137428, 137430, 137431, 137432, 137434, 137435, 137437, 137438, 137439, 137440, 137441, 137445, 137446, 137448, 137449, 137450, 137451, 137453, 137454, 137455, 137456, 137457, 137459, 137460, 137461, 137462, 137463, 137464, 137466, 137467, 137468, 137469, 137470, 137472, 137473, 137474, 137476, 137477, 137479, 137482, 137483, 137484, 137485, 137487, 137488, 137489, 137490, 137491, 137492, 137493, 137494, 137496, 137497, 137498, 137499, 137500, 137501, 137502, 137503, 137504, 137505, 137506, 137507, 137508, 137509, 137510, 137511, 137512, 137513, 137515, 137516, 137517, 137518, 137520, 137521, 137522, 137524, 137525, 137526, 137527, 137528, 137529, 137530, 137532, 137533, 137534, 137536, 137538, 137539, 137540, 137541, 137542, 137544, 137547, 137548, 137549, 137550, 137551, 137553, 137554, 137555, 137561, 137562, 137563, 137565, 137566, 137567, 137568, 137569, 137571, 137572, 137573, 137574, 137575, 137576, 137577, 137578, 137579, 137580, 137581, 137582, 137583, 137584, 137585, 137588, 137589, 137590, 137591, 137592, 137593, 137594, 137595, 137596, 137598, 137599, 137600, 137601, 137602, 137604, 137606, 137607, 137609, 137611, 137612, 137613, 137614, 137617, 137618, 137619, 137620, 137623, 137624, 137626, 137627, 137628, 137629, 137630, 137632, 137633, 137634, 137635, 137636, 137638, 137639, 137641, 137642, 137643, 137644, 137645, 137646, 137648, 137649, 137650, 137651, 137652, 137653, 137654, 137655, 137656, 137658, 137659, 137660, 137661, 137662, 137663, 137664, 137665, 137667, 137668, 137669, 137670, 137671, 137672, 137673, 137674, 137675, 137676, 137677, 137679, 137680, 137683, 137684, 137685, 137686, 137687, 137688, 137689, 137690, 137691, 137692, 137694, 137696, 137699, 137700, 137701, 137702, 137703, 137704, 137705, 137706, 137708, 137709, 137710, 137711, 137713, 137715, 137716, 137717, 137719, 137720, 137721, 137722, 137723, 137726, 137727, 137728, 137729, 137730, 137731, 137732, 137733, 137735, 137737, 137739, 137740, 137741, 137742, 137743, 137744, 137745, 137746, 137747, 137748, 137749, 137750, 137751, 137752, 137753, 137755, 137756, 137757, 137758, 137759, 137760, 137761, 137762, 137764, 137765, 137766, 137767, 137770, 137771, 137772, 137774, 137775, 137776, 137777, 137778, 137779, 137780, 137781, 137782, 137783, 137785, 137787, 137788, 137789, 137790, 137793, 137794, 137795, 137796, 137798, 137801, 137802, 137803, 137804, 137805, 137807, 137808, 137810, 137812, 137813, 137814, 137816, 137817, 137818, 137819, 137820, 137821, 137822, 137823, 137824, 137826, 137828, 137829, 137830, 137831, 137832, 137833, 137834, 137835, 137836, 137839, 137840, 137841, 137842, 137843, 137846, 137847, 137848, 137850, 137851, 137852, 137853, 137854, 137855, 137857, 137860, 137862, 137864, 137866, 137867, 137868, 137869, 137870, 137872, 137873, 137874, 137875, 137876, 137877, 137878, 137879, 137880, 137881, 137882, 137884, 137885, 137888, 137889, 137890, 137892, 137894, 137895, 137896, 137897, 137900, 137901, 137902, 137903, 137904, 137906, 137907, 137908, 137911, 137913, 137915, 137916, 137918, 137919, 137920, 137922, 137923, 137924, 137925, 137926, 137927, 137928, 137929, 137930, 137931, 137932, 137933, 137934, 137935, 137937, 137938, 137939, 137941, 137942, 137944, 137945, 137946, 137947, 137948, 137949, 137950, 137951, 137953, 137954, 137955, 137956, 137957, 137958, 137959, 137960, 137961, 137962, 137963, 137964, 137965, 137966, 137967, 137968, 137970, 137971, 137972, 137974, 137976, 137977, 137979, 137980, 137981, 137983, 137984, 137985, 137986, 137987, 137988, 137991, 137992, 137993, 137995, 137996, 137997, 137999, 138000, 138001, 138002, 138003, 138004, 138005, 138006, 138007, 138008, 138009, 138011, 138012, 138013, 138014, 138015, 138016, 138017, 138018, 138019, 138020, 138021, 138022, 138024, 138026, 138027, 138028, 138029, 138031, 138032, 138033, 138034, 138037, 138039, 138040, 138041, 138043, 138044, 138045, 138046, 138047, 138048, 138049, 138052, 138053, 138054, 138055, 138056, 138058, 138059, 138060, 138061, 138062, 138063, 138064, 138065, 138066, 138067, 138068, 138069, 138070, 138071, 138072, 138074, 138075, 138076, 138077, 138078, 138079, 138080, 138081, 138082, 138083, 138084, 138085, 138086, 138088, 138091, 138092, 138094, 138096, 138097, 138098, 138099, 138100, 138101, 138103, 138104, 138105, 138106, 138107, 138108, 138109, 138110, 138111, 138112, 138113, 138115, 138117, 138118, 138119, 138120, 138123, 138124, 138125, 138126, 138127, 138130, 138132, 138134, 138135, 138136, 138138, 138139, 138140, 138141, 138142, 138144, 138145, 138147, 138149, 138150, 138151, 138152, 138153, 138154, 138155, 138157, 138158, 138159, 138160, 138161, 138164, 138165, 138171, 138172, 138173, 138174, 138176, 138177, 138178, 138179, 138180, 138181, 138182, 138184, 138185, 138186, 138187, 138188, 138189, 138190, 138192, 138193, 138195, 138196, 138197, 138198, 138199, 138200, 138201, 138202, 138203, 138207, 138208, 138209, 138210, 138212, 138213, 138215, 138216, 138217, 138218, 138220, 138222, 138223, 138224, 138226, 138227, 138228, 138229, 138230, 138231, 138232, 138233, 138234, 138236, 138237, 138238, 138240, 138241, 138242, 138243, 138245, 138246, 138247, 138249, 138250, 138251, 138253, 138255, 138256, 138257, 138258, 138259, 138260, 138261, 138264, 138265, 138266, 138267, 138268, 138269, 138270, 138271, 138273, 138274, 138275, 138276, 138277, 138278, 138279, 138280, 138281, 138284, 138286, 138287, 138288, 138289, 138290, 138291, 138292, 138293, 138294, 138295, 138296, 138299, 138301, 138304, 138305, 138306, 138307, 138308, 138309, 138310, 138311, 138312, 138313, 138314, 138315, 138317, 138318, 138319, 138320, 138321, 138322, 138323, 138325, 138326, 138328, 138330, 138331, 138332, 138333, 138335, 138336, 138337, 138338, 138339, 138340, 138341, 138345, 138346, 138347, 138348, 138350, 138351, 138352, 138353, 138354, 138355, 138356, 138360, 138361, 138362, 138363, 138365, 138366, 138367, 138368, 138369, 138371, 138372, 138373, 138375, 138378, 138379, 138380, 138381, 138382, 138383, 138384, 138385, 138387, 138388, 138389, 138391, 138392, 138393, 138394, 138395, 138396, 138397, 138399, 138400, 138402, 138403, 138404, 138405, 138406, 138407, 138409, 138411, 138412, 138414, 138415, 138416, 138417, 138418, 138419, 138421, 138422, 138423, 138425, 138427, 138428, 138431, 138432, 138434, 138436, 138439, 138440, 138441, 138443, 138444, 138446, 138447, 138448, 138449, 138450, 138452, 138453, 138454, 138455, 138456, 138457, 138458, 138459, 138460, 138461, 138462, 138463, 138464, 138467, 138468, 138469, 138470, 138472, 138473, 138474, 138475, 138476, 138477, 138479, 138480, 138482, 138483, 138487, 138488, 138489, 138490, 138491, 138492, 138493, 138494, 138496, 138497, 138499, 138500, 138501, 138503, 138505, 138508, 138509, 138510, 138511, 138513, 138515, 138516, 138518, 138519, 138520, 138521, 138522, 138524, 138525, 138527, 138529, 138530, 138531, 138532, 138534, 138535, 138536, 138537, 138538, 138540, 138541, 138543, 138544, 138545, 138546, 138547, 138548, 138550, 138551, 138552, 138553, 138554, 138555, 138559, 138560, 138561, 138563, 138564, 138565, 138566, 138568, 138569, 138570, 138571, 138573, 138574, 138575, 138576, 138577, 138578, 138579, 138580, 138581, 138582, 138584, 138586, 138593, 138594, 138595, 138596, 138597, 138599, 138600, 138601, 138602, 138603, 138607, 138609, 138610, 138611, 138613, 138616, 138617, 138618, 138619, 138620, 138621, 138622, 138623, 138624, 138625, 138626, 138627, 138628, 138629, 138630, 138631, 138632, 138633, 138634, 138635, 138636, 138638, 138639, 138641, 138642, 138643, 138644, 138645, 138646, 138647, 138648, 138650, 138651, 138652, 138653, 138654, 138655, 138656, 138657, 138658, 138659, 138660, 138661, 138664, 138665, 138666, 138668, 138670, 138671, 138672, 138674, 138675, 138676, 138677, 138678, 138679, 138681, 138683, 138684, 138686, 138687, 138689, 138690, 138691, 138692, 138693, 138694, 138696, 138697, 138700, 138703, 138705, 138706, 138707, 138708, 138709, 138710, 138711, 138715, 138716, 138717, 138718, 138719, 138720, 138721, 138723, 138724, 138725, 138726, 138727, 138730, 138731, 138734, 138735, 138736, 138738, 138739, 138741, 138742, 138743, 138744, 138745, 138746, 138747, 138748, 138749, 138750, 138751, 138754, 138755, 138757, 138758, 138759, 138761, 138762, 138763, 138764, 138765, 138766, 138768, 138769, 138770, 138771, 138772, 138773, 138774, 138775, 138776, 138777, 138778, 138779, 138780, 138781, 138782, 138783, 138784, 138785, 138787, 138788, 138791, 138792, 138794, 138795, 138797, 138798, 138799, 138800, 138803, 138804, 138805, 138806, 138807, 138808, 138809, 138810, 138813, 138815, 138816, 138818, 138819, 138820, 138821, 138822, 138823, 138824, 138825, 138826, 138828, 138829, 138832, 138834, 138835, 138836, 138837, 138838, 138840, 138841, 138842, 138843, 138844, 138845, 138846, 138847, 138849, 138850, 138851, 138852, 138853, 138854, 138855, 138856, 138858, 138859, 138860, 138861, 138862, 138865, 138866, 138867, 138868, 138869, 138870, 138871, 138872, 138874, 138875, 138876, 138877, 138878, 138880, 138881, 138882, 138886, 138887, 138888, 138889, 138892, 138893, 138894, 138895, 138896, 138897, 138898, 138899, 138900, 138901, 138902, 138903, 138904, 138906, 138908, 138909, 138910, 138911, 138912, 138913, 138915, 138916, 138917, 138918, 138920, 138921, 138922, 138923, 138924, 138925, 138928, 138929, 138930, 138931, 138933, 138934, 138935, 138936, 138937, 138938, 138939, 138940, 138942, 138943, 138944, 138945, 138947, 138948, 138950, 138951, 138953, 138954, 138955, 138956, 138957, 138959, 138961, 138962, 138963, 138964, 138965, 138966, 138967, 138968, 138969, 138970, 138971, 138972, 138973, 138974, 138975, 138976, 138977, 138978, 138979, 138980, 138982, 138983, 138984, 138987, 138988, 138989, 138991, 138992, 138993, 138994, 138995, 138997, 138998, 138999, 139000, 139002, 139003, 139004, 139005, 139006, 139007, 139008, 139010, 139012, 139013, 139014, 139015, 139018, 139019, 139020, 139023, 139024, 139025, 139027, 139028, 139029, 139030, 139031, 139032, 139033, 139034, 139035, 139036, 139037, 139038, 139039, 139040, 139041, 139042, 139043, 139044, 139045, 139046, 139047, 139048, 139049, 139050, 139051, 139053, 139054, 139055, 139056, 139057, 139058, 139059, 139060, 139062, 139063, 139064, 139065, 139066, 139068, 139069, 139070, 139073, 139074, 139075, 139076, 139079, 139080, 139081, 139082, 139083, 139084, 139086, 139087, 139088, 139089, 139091, 139092, 139093, 139094, 139095, 139097, 139098, 139099, 139100, 139102, 139104, 139105, 139106, 139107, 139109, 139110, 139111, 139112, 139113, 139116, 139117, 139118, 139119, 139122, 139123, 139124, 139126, 139127, 139129, 139131, 139132, 139133, 139134, 139135, 139136, 139137, 139139, 139140, 139141, 139142, 139143, 139144, 139145, 139146, 139147, 139148, 139150, 139151, 139152, 139153, 139154, 139155, 139156, 139157, 139159, 139160, 139161, 139163, 139165, 139166, 139167, 139168, 139170, 139171, 139172, 139173, 139174, 139175, 139178, 139180, 139181, 139182, 139183, 139184, 139185, 139186, 139187, 139189, 139190, 139192, 139193, 139194, 139196, 139197, 139198, 139200, 139202, 139203, 139204, 139205, 139206, 139207, 139208, 139210, 139211, 139214, 139215, 139216, 139217, 139218, 139219, 139220, 139221, 139222, 139223, 139224, 139225, 139230, 139231, 139232, 139235, 139237, 139238, 139239, 139240, 139243, 139244, 139245, 139246, 139247, 139248, 139249, 139250, 139251, 139253, 139254, 139256, 139258, 139259, 139260, 139261, 139262, 139263, 139264, 139267, 139268, 139269, 139270, 139271, 139272, 139274, 139275, 139277, 139278, 139279, 139280, 139281, 139282, 139283, 139284, 139285, 139286, 139287, 139288, 139289, 139291, 139292, 139293, 139296, 139297, 139298, 139299, 139300, 139301, 139302, 139303, 139304, 139305, 139306, 139307, 139308, 139309, 139310, 139313, 139314, 139316, 139319, 139321, 139322, 139323, 139325, 139326, 139328, 139329, 139330, 139331, 139333, 139334, 139336, 139338, 139339, 139340, 139341, 139342, 139343, 139345, 139346, 139347, 139348, 139349, 139350, 139351, 139352, 139353, 139354, 139355, 139357, 139359, 139360, 139361, 139362, 139364, 139366, 139367, 139368, 139370, 139373, 139374, 139375, 139376, 139378, 139379, 139380, 139381, 139382, 139383, 139385, 139386, 139387, 139388, 139389, 139390, 139391, 139392, 139393, 139394, 139395, 139396, 139397, 139398, 139399, 139400, 139401, 139402, 139404, 139406, 139407, 139408, 139409, 139410, 139411, 139412, 139413, 139414, 139415, 139417, 139418, 139420, 139421, 139422, 139423, 139424, 139425, 139427, 139428, 139429, 139430, 139431, 139432, 139433, 139434, 139435, 139436, 139437, 139438, 139439, 139440, 139441, 139442, 139445, 139446, 139448, 139449, 139452, 139453, 139455, 139456, 139457, 139458, 139459, 139460, 139461, 139463, 139464, 139465, 139466, 139467, 139468, 139469, 139470, 139471, 139473, 139474, 139475, 139476, 139477, 139479, 139480, 139482, 139484, 139485, 139487, 139488, 139489, 139491, 139494, 139495, 139496, 139497, 139498, 139500, 139501, 139502, 139503, 139504, 139505, 139506, 139507, 139508, 139510, 139511, 139512, 139513, 139514, 139517, 139518, 139519, 139520, 139521, 139522, 139523, 139525, 139526, 139527, 139528, 139530, 139531, 139532, 139534, 139535, 139536, 139537, 139538, 139539, 139540, 139541, 139542, 139543, 139544, 139545, 139546, 139547, 139548, 139550, 139551, 139552, 139555, 139556, 139557, 139558, 139559, 139560, 139561, 139562, 139563, 139564, 139565, 139568, 139569, 139571, 139572, 139573, 139574, 139575, 139576, 139577, 139578, 139580, 139582, 139583, 139584, 139587, 139588, 139591, 139592, 139594, 139595, 139596, 139597, 139600, 139601, 139602, 139603, 139604, 139606, 139607, 139608, 139609, 139611, 139612, 139613, 139614, 139615, 139616, 139618, 139619, 139620, 139621, 139622, 139624, 139625, 139626, 139627, 139628, 139629, 139630, 139631, 139632, 139633, 139635, 139636, 139637, 139638, 139639, 139640, 139641, 139642, 139643, 139644, 139645, 139646, 139647, 139648, 139649, 139650, 139651, 139652, 139654, 139656, 139657, 139658, 139659, 139661, 139663, 139665, 139666, 139667, 139668, 139669, 139670, 139672, 139673, 139675, 139676, 139677, 139678, 139680, 139681, 139683, 139684, 139685, 139686, 139687, 139688, 139690, 139691, 139693, 139694, 139696, 139699, 139701, 139702, 139703, 139704, 139706, 139707, 139708, 139709, 139710, 139712, 139713, 139715, 139716, 139717, 139718, 139719, 139720, 139725, 139726, 139727, 139728, 139729, 139731, 139732, 139733, 139734, 139735, 139736, 139737, 139738, 139739, 139740, 139741, 139742, 139744, 139745, 139746, 139747, 139748, 139749, 139750, 139751, 139752, 139753, 139754, 139755, 139756, 139757, 139759, 139760, 139761, 139762, 139763, 139764, 139765, 139766, 139767, 139768, 139769, 139770, 139771, 139772, 139773, 139774, 139775, 139776, 139777, 139778, 139779, 139780, 139782, 139783, 139784, 139785, 139786, 139787, 139788, 139789, 139790, 139791, 139793, 139794, 139795, 139796, 139797, 139798, 139799, 139800, 139801, 139802, 139803, 139804, 139806, 139809, 139810, 139811, 139814, 139815, 139816, 139817, 139819, 139820, 139822, 139823, 139824, 139825, 139827, 139828, 139830, 139831, 139832, 139834, 139835, 139837, 139838, 139839, 139842, 139843, 139844, 139846, 139847, 139848, 139849, 139850, 139851, 139852, 139853, 139854, 139855, 139857, 139858, 139859, 139860, 139861, 139862, 139863, 139864, 139865, 139866, 139867, 139869, 139870, 139871, 139872, 139874, 139876, 139877, 139878, 139879, 139880, 139881, 139882, 139883, 139884, 139885, 139887, 139888, 139889, 139891, 139892, 139893, 139894, 139896, 139897, 139900, 139901, 139902, 139903, 139907, 139909, 139910, 139911, 139914, 139915, 139916, 139917, 139918, 139919, 139920, 139921, 139922, 139925, 139926, 139927, 139928, 139929, 139930, 139931, 139932, 139933, 139935, 139936, 139937, 139938, 139939, 139940, 139941, 139942, 139943, 139944, 139946, 139948, 139949, 139950, 139951, 139952, 139953, 139954, 139956, 139957, 139958, 139959, 139960, 139961, 139963, 139964, 139965, 139966, 139968, 139969, 139970, 139972, 139973, 139974, 139975, 139976, 139977, 139978, 139980, 139981, 139983, 139984, 139985, 139986, 139988, 139989, 139990, 139992, 139994, 139995, 139996, 139997, 139998, 139999, 140000, 140001, 140002, 140004, 140005, 140006, 140007, 140008, 140009, 140010, 140011, 140012, 140014, 140015, 140016, 140017, 140018, 140019, 140021, 140024, 140025, 140026, 140027, 140028, 140029, 140030, 140031, 140032, 140033, 140034, 140035, 140036, 140037, 140038, 140039, 140040, 140041, 140042, 140043, 140044, 140045, 140046, 140047, 140048, 140050, 140051, 140052, 140053, 140054, 140055, 140056, 140057, 140058, 140060, 140062, 140063, 140064, 140065, 140066, 140067, 140068, 140069, 140070, 140071, 140072, 140073, 140074, 140075, 140076, 140077, 140078, 140079, 140081, 140082, 140083, 140085, 140087, 140088, 140089, 140090, 140091, 140093, 140094, 140095, 140096, 140097, 140098, 140100, 140102, 140103, 140104, 140105, 140106, 140107, 140108, 140109, 140110, 140111, 140112, 140113, 140114, 140115, 140116, 140117, 140118, 140119, 140120, 140122, 140123, 140124, 140125, 140126, 140127, 140128, 140131, 140132, 140133, 140136, 140138, 140139, 140141, 140142, 140143, 140144, 140145, 140146, 140148, 140149, 140150, 140151, 140152, 140153, 140154, 140155, 140157, 140158, 140159, 140160, 140163, 140164, 140165, 140166, 140168, 140170, 140171, 140172, 140173, 140174, 140176, 140177, 140178, 140179, 140181, 140182, 140183, 140184, 140185, 140186, 140187, 140188, 140189, 140190, 140191, 140192, 140193, 140194, 140195, 140196, 140198, 140199, 140200, 140201, 140203, 140204, 140206, 140207, 140208, 140210, 140211, 140212, 140213, 140214, 140216, 140217, 140218, 140219, 140220, 140221, 140222, 140223, 140224, 140225, 140227, 140228, 140229, 140230, 140231, 140232, 140233, 140235, 140236, 140237, 140238, 140239, 140240, 140241, 140243, 140244, 140245, 140246, 140247, 140248, 140249, 140250, 140251, 140252, 140254, 140255, 140256, 140257, 140258, 140259, 140260, 140261, 140262, 140263, 140264, 140265, 140266, 140267, 140269, 140273, 140274, 140275, 140277, 140278, 140279, 140280, 140281, 140282, 140283, 140285, 140287, 140288, 140290, 140291, 140292, 140293, 140294, 140295, 140296, 140297, 140298, 140299, 140300, 140301, 140302, 140304, 140305, 140306, 140307, 140308, 140309, 140310, 140311, 140312, 140315, 140316, 140318, 140320, 140321, 140322, 140324, 140325, 140326, 140327, 140328, 140329, 140330, 140331, 140332, 140333, 140334, 140335, 140339, 140340, 140342, 140343, 140344, 140345, 140346, 140347, 140348, 140349, 140350, 140351, 140352, 140354, 140355, 140356, 140357, 140358, 140359, 140360, 140361, 140362, 140363, 140364, 140365, 140366, 140367, 140368, 140369, 140370, 140371, 140372, 140373, 140374, 140375, 140376, 140377, 140380, 140383, 140386, 140387, 140388, 140389, 140390, 140391, 140392, 140393, 140394, 140395, 140396, 140397, 140398, 140399, 140400, 140401, 140402, 140403, 140404, 140405, 140406, 140407, 140408, 140409, 140410, 140411, 140412, 140415, 140416, 140418, 140419, 140421, 140422, 140423, 140424, 140425, 140426, 140427, 140428, 140429, 140430, 140433, 140435, 140436, 140437, 140439, 140440, 140441, 140442, 140443, 140444, 140446, 140447, 140448, 140449, 140450, 140451, 140452, 140453, 140454, 140456, 140457, 140459, 140460, 140461, 140462, 140463, 140464, 140465, 140466, 140467, 140468, 140469, 140470, 140471, 140472, 140475, 140476, 140478, 140479, 140480, 140481, 140483, 140485, 140486, 140487, 140489, 140490, 140491, 140492, 140493, 140495, 140496, 140497, 140498, 140499, 140500, 140501, 140502, 140503, 140504, 140505, 140507, 140508, 140509, 140510, 140511, 140512, 140514, 140515, 140516, 140517, 140519, 140520, 140521, 140524, 140525, 140526, 140527, 140529, 140530, 140531, 140532, 140533, 140534, 140535, 140536, 140537, 140538, 140539, 140540, 140541, 140544, 140545, 140546, 140547, 140548, 140549, 140551, 140552, 140553, 140556, 140557, 140558, 140559, 140560, 140561, 140562, 140563, 140564, 140565, 140566, 140567, 140568, 140569, 140570, 140571, 140572, 140573, 140574, 140575, 140576, 140577, 140578, 140580, 140581, 140583, 140584, 140585, 140586, 140588, 140590, 140591, 140593, 140594, 140595, 140597, 140598, 140599, 140600, 140601, 140602, 140604, 140605, 140606, 140607, 140608, 140609, 140610, 140611, 140612, 140613, 140614, 140615, 140616, 140617, 140618, 140619, 140620, 140621, 140623, 140624, 140625, 140626, 140627, 140628, 140629, 140630, 140631, 140632, 140633, 140634, 140635, 140636, 140637, 140639, 140640, 140641, 140642, 140643, 140644, 140645, 140646, 140647, 140649, 140650, 140651, 140652, 140653, 140655, 140656, 140657, 140658, 140660, 140661, 140662, 140663, 140664, 140665, 140666, 140667, 140668, 140671, 140672, 140673, 140674, 140675, 140676, 140677, 140678, 140680, 140681, 140682, 140683, 140684, 140685, 140686, 140687, 140689, 140690, 140691, 140692, 140693, 140694, 140695, 140696, 140697, 140700, 140701, 140704, 140707, 140711, 140712, 140716, 140718, 140719, 140720, 140721, 140722, 140723, 140724, 140725, 140727, 140728, 140729, 140730, 140731, 140732, 140736, 140737, 140738, 140739, 140741, 140744, 140745, 140746, 140747, 140748, 140749, 140750, 140752, 140754, 140755, 140756, 140757, 140759, 140760, 140761, 140762, 140763, 140764, 140765, 140766, 140767, 140768, 140769, 140770, 140771, 140772, 140773, 140775, 140778, 140779, 140780, 140781, 140783, 140784, 140785, 140787, 140788, 140789, 140791, 140792, 140793, 140794, 140795, 140796, 140798, 140799, 140800, 140802, 140803, 140804, 140805, 140806, 140807, 140810, 140812, 140813, 140814, 140815, 140816, 140817, 140818, 140819, 140820, 140823, 140824, 140825, 140826, 140827, 140828, 140829, 140830, 140832, 140833, 140834, 140835, 140836, 140838, 140839, 140841, 140842, 140843, 140844, 140845, 140846, 140847, 140848, 140849, 140851, 140853, 140854, 140855, 140857, 140858, 140861, 140862, 140864, 140865, 140866, 140868, 140869, 140870, 140871, 140872, 140873, 140874, 140875, 140876, 140877, 140878, 140879, 140880, 140881, 140882, 140883, 140884, 140885, 140886, 140887, 140889, 140890, 140891, 140892, 140893, 140894, 140895, 140896, 140898, 140899, 140900, 140901, 140902, 140903, 140904, 140905, 140906, 140907, 140908, 140909, 140912, 140913, 140914, 140915, 140916, 140917, 140918, 140920, 140921, 140922, 140923, 140924, 140925, 140926, 140927, 140928, 140929, 140930, 140931, 140932, 140933, 140934, 140935, 140936, 140937, 140939, 140942, 140943, 140944, 140946, 140947, 140948, 140951, 140952, 140953, 140954, 140956, 140957, 140958, 140959, 140960, 140961, 140962, 140963, 140964, 140966, 140967, 140968, 140969, 140970, 140971, 140972, 140973, 140974, 140976, 140977, 140978, 140979, 140980, 140982, 140983, 140984, 140985, 140986, 140987, 140989, 140990, 140991, 140992, 140993, 140995, 140996, 140997, 140998, 140999, 141000, 141001, 141002, 141003, 141004, 141005, 141006, 141007, 141009, 141010, 141012, 141014, 141015, 141016, 141017, 141018, 141019, 141020, 141021, 141023, 141024, 141025, 141026, 141029, 141031, 141032, 141033, 141034, 141035, 141036, 141037, 141040, 141041, 141042, 141043, 141044, 141045, 141047, 141048, 141049, 141050, 141051, 141052, 141054, 141055, 141056, 141057, 141058, 141059, 141060, 141061, 141062, 141063, 141064, 141066, 141067, 141068, 141069, 141070, 141071, 141072, 141073, 141074, 141076, 141077, 141078, 141079, 141080, 141081, 141082, 141083, 141085, 141086, 141087, 141090, 141091, 141092, 141093, 141094, 141095, 141096, 141099, 141100, 141101, 141104, 141105, 141106, 141107, 141108, 141109, 141110, 141111, 141113, 141114, 141115, 141116, 141119, 141120, 141121, 141124, 141125, 141126, 141127, 141128, 141129, 141130, 141132, 141133, 141134, 141135, 141136, 141137, 141139, 141140, 141141, 141142, 141143, 141144, 141145, 141146, 141148, 141150, 141152, 141153, 141154, 141155, 141156, 141157, 141158, 141159, 141161, 141163, 141165, 141166, 141167, 141168, 141169, 141170, 141171, 141172, 141174, 141175, 141176, 141177, 141179, 141180, 141181, 141182, 141183, 141184, 141185, 141186, 141188, 141189, 141191, 141192, 141193, 141197, 141198, 141200, 141202, 141203, 141204, 141205, 141209, 141210, 141211, 141214, 141215, 141216, 141217, 141218, 141219, 141220, 141221, 141222, 141223, 141224, 141225, 141227, 141228, 141229, 141230, 141231, 141232, 141236, 141237, 141238, 141239, 141240, 141241, 141242, 141243, 141244, 141245, 141246, 141247, 141248, 141249, 141250, 141251, 141252, 141253, 141254, 141255, 141261, 141263, 141264, 141266, 141267, 141268, 141270, 141271, 141272, 141273, 141274, 141275, 141276, 141278, 141280, 141282, 141283, 141284, 141285, 141286, 141287, 141288, 141289, 141291, 141293, 141295, 141297, 141299, 141301, 141302, 141303, 141304, 141305, 141306, 141307, 141308, 141309, 141310, 141312, 141313, 141314, 141315, 141316, 141317, 141318, 141319, 141320, 141321, 141322, 141323, 141324, 141327, 141328, 141329, 141330, 141331, 141332, 141333, 141334, 141335, 141336, 141337, 141338, 141339, 141340, 141341, 141342, 141344, 141345, 141346, 141347, 141348, 141349, 141350, 141351, 141352, 141353, 141354, 141355, 141356, 141357, 141359, 141360, 141361, 141363, 141364, 141365, 141366, 141367, 141368, 141369, 141370, 141371, 141372, 141374, 141376, 141377, 141378, 141379, 141380, 141381, 141383, 141385, 141387, 141388, 141389, 141390, 141391, 141394, 141396, 141397, 141398, 141399, 141400, 141401, 141402, 141403, 141404, 141406, 141407, 141408, 141409, 141410, 141411, 141412, 141413, 141414, 141416, 141417, 141418, 141420, 141421, 141423, 141424, 141426, 141427, 141428, 141429, 141430, 141431, 141432, 141433, 141435, 141438, 141439, 141440, 141441, 141443, 141444, 141445, 141446, 141447, 141448, 141449, 141450, 141451, 141453, 141455, 141456, 141458, 141459, 141460, 141461, 141462, 141465, 141466, 141467, 141470, 141473, 141474, 141475, 141476, 141477, 141478, 141481, 141482, 141483, 141487, 141488, 141489, 141490, 141492, 141493, 141494, 141495, 141497, 141498, 141499, 141500, 141501, 141502, 141504, 141505, 141506, 141507, 141508, 141511, 141512, 141513, 141515, 141516, 141517, 141519, 141520, 141522, 141523, 141524, 141525, 141526, 141527, 141528, 141529, 141530, 141531, 141532, 141533, 141534, 141535, 141536, 141538, 141539, 141540, 141541, 141543, 141546, 141547, 141548, 141549, 141550, 141551, 141552, 141554, 141555, 141556, 141557, 141559, 141560, 141561, 141562, 141563, 141565, 141566, 141569, 141570, 141571, 141572, 141573, 141574, 141575, 141577, 141578, 141579, 141580, 141581, 141582, 141583, 141584, 141585, 141587, 141588, 141589, 141590, 141592, 141594, 141595, 141597, 141599, 141600, 141601, 141602, 141603, 141605, 141608, 141609, 141611, 141612, 141613, 141614, 141615, 141617, 141618, 141619, 141621, 141622, 141623, 141624, 141625, 141626, 141628, 141629, 141630, 141632, 141633, 141634, 141635, 141636, 141637, 141638, 141640, 141641, 141642, 141643, 141645, 141646, 141647, 141648, 141650, 141651, 141653, 141654, 141655, 141656, 141657, 141658, 141660, 141661, 141662, 141664, 141665, 141666, 141667, 141668, 141669, 141670, 141671, 141672, 141673, 141676, 141677, 141678, 141679, 141680, 141682, 141683, 141684, 141685, 141687, 141688, 141689, 141690, 141691, 141692, 141693, 141694, 141696, 141699, 141700, 141701, 141703, 141705, 141706, 141709, 141710, 141712, 141713, 141717, 141718, 141719, 141720, 141721, 141722, 141723, 141724, 141725, 141726, 141728, 141729, 141730, 141732, 141733, 141734, 141735, 141736, 141738, 141740, 141741, 141742, 141743, 141746, 141748, 141749, 141750, 141751, 141752, 141753, 141754, 141755, 141756, 141757, 141758, 141759, 141761, 141762, 141763, 141764, 141765, 141766, 141767, 141768, 141769, 141770, 141771, 141774, 141776, 141777, 141778, 141779, 141780, 141781, 141783, 141784, 141785, 141786, 141787, 141788, 141789, 141790, 141792, 141793, 141794, 141795, 141796, 141799, 141801, 141803, 141804, 141805, 141806, 141807, 141808, 141811, 141813, 141815, 141816, 141817, 141818, 141819, 141821, 141823, 141824, 141825, 141826, 141828, 141829, 141830, 141831, 141832, 141833, 141834, 141835, 141836, 141837, 141838, 141839, 141840, 141841, 141842, 141843, 141844, 141845, 141846, 141848, 141849, 141850, 141852, 141855, 141856, 141857, 141858, 141859, 141861, 141863, 141865, 141866, 141867, 141868, 141870, 141871, 141872, 141875, 141877, 141878, 141880, 141881, 141882, 141884, 141885, 141886, 141888, 141890, 141892, 141893, 141894, 141895, 141896, 141898, 141899, 141901, 141902, 141903, 141905, 141906, 141907, 141909, 141911, 141912, 141913, 141914, 141915, 141916, 141917, 141918, 141919, 141921, 141922, 141923, 141924, 141925, 141926, 141927, 141928, 141930, 141931, 141932, 141933, 141939, 141944, 141947, 141948, 141949, 141950, 141951, 141952, 141953, 141954, 141956, 141957, 141958, 141959, 141960, 141962, 141964, 141966, 141968, 141969, 141970, 141972, 141973, 141974, 141975, 141976, 141977, 141979, 141980, 141981, 141982, 141984, 141986, 141987, 141989, 141990, 141991, 141992, 141993, 141994, 141996, 141997, 141998, 141999, 142000, 142001, 142002, 142003, 142004, 142006, 142007, 142008, 142009, 142010, 142011, 142013, 142014, 142016, 142017, 142018, 142020, 142022, 142023, 142024, 142025, 142026, 142028, 142029, 142030, 142031, 142032, 142033, 142034, 142035, 142036, 142037, 142038, 142039, 142040, 142041, 142042, 142043, 142044, 142045, 142046, 142047, 142048, 142049, 142050, 142051, 142052, 142053, 142054, 142056, 142057, 142058, 142059, 142060, 142061, 142062, 142063, 142064, 142065, 142066, 142067, 142069, 142071, 142072, 142073, 142074, 142075, 142077, 142078, 142079, 142080, 142081, 142082, 142083, 142084, 142085, 142086, 142087, 142088, 142089, 142091, 142093, 142094, 142096, 142097, 142098, 142100, 142101, 142102, 142103, 142104, 142106, 142107, 142110, 142111, 142112, 142113, 142114, 142115, 142116, 142117, 142118, 142119, 142120, 142121, 142122, 142125, 142127, 142129, 142131, 142132, 142134, 142135, 142137, 142138, 142139, 142141, 142142, 142143, 142145, 142146, 142147, 142148, 142150, 142151, 142153, 142154, 142155, 142156, 142158, 142159, 142162, 142163, 142164, 142165, 142166, 142169, 142170, 142171, 142174, 142175, 142176, 142177, 142178, 142179, 142180, 142181, 142186, 142187, 142188, 142189, 142190, 142193, 142195, 142196, 142197, 142198, 142199, 142200, 142201, 142202, 142203, 142204, 142205, 142206, 142207, 142208, 142209, 142210, 142211, 142212, 142213, 142214, 142215, 142216, 142217, 142219, 142221, 142222, 142223, 142224, 142226, 142227, 142229, 142230, 142231, 142233, 142234, 142235, 142236, 142237, 142238, 142239, 142240, 142241, 142242, 142243, 142244, 142245, 142246, 142247, 142248, 142249, 142250, 142251, 142252, 142253, 142254, 142256, 142258, 142259, 142260, 142266, 142267, 142271, 142274, 142275, 142276, 142279, 142280, 142281, 142282, 142284, 142285, 142289, 142290, 142291, 142292, 142294, 142295, 142297, 142298, 142300, 142301, 142302, 142307, 142308, 142309, 142311, 142312, 142313, 142314, 142315, 142317, 142318, 142320, 142321, 142323, 142324, 142326, 142327, 142328, 142329, 142330, 142334, 142335, 142338, 142339, 142340, 142341, 142344, 142345, 142346, 142347, 142348, 142349, 142350, 142352, 142353, 142354, 142355, 142360, 142362, 142363, 142364, 142366, 142367, 142368, 142369, 142372, 142373, 142374, 142375, 142376, 142378, 142379, 142382, 142383, 142384, 142385, 142387, 142388, 142389, 142391, 142392, 142393, 142394, 142399, 142400, 142401, 142402, 142403, 142404, 142405, 142409, 142410, 142411, 142412, 142413, 142414, 142415, 142416, 142417, 142418, 142419, 142420, 142421, 142422, 142423, 142424, 142428, 142429, 142430, 142434, 142436, 142437, 142438, 142439, 142440, 142441, 142442, 142443, 142445, 142446, 142447, 142448, 142449, 142453, 142454, 142455, 142458, 142459, 142461, 142462, 142463, 142465, 142468, 142470, 142471, 142472, 142473, 142474, 142475, 142477, 142478, 142481, 142482, 142483, 142487, 142488, 142490, 142492, 142494, 142495, 142497, 142498, 142499, 142500, 142501, 142502, 142504, 142507, 142509, 142513, 142515, 142518, 142519, 142520, 142521, 142522, 142523, 142524, 142525, 142526, 142527, 142529, 142530, 142532, 142535, 142536, 142537, 142538, 142539, 142542, 142543, 142544, 142546, 142547, 142548, 142549, 142550, 142551, 142555, 142557, 142558, 142559, 142560, 142565, 142567, 142568, 142569, 142570, 142571, 142574, 142575, 142578, 142580, 142581, 142583, 142585, 142587, 142589, 142590, 142595, 142597, 142598, 142599, 142601, 142603, 142604, 142606, 142607, 142608, 142610, 142611, 142612, 142616, 142617, 142619, 142622, 142626, 142628, 142629, 142631, 142633, 142636, 142637, 142638, 142639, 142640, 142642, 142643, 142644, 142646, 142649, 142650, 142651, 142653, 142654, 142655, 142658, 142661, 142663, 142666, 142669, 142673, 142674, 142675, 142676, 142677, 142679, 142680, 142681, 142682, 142683, 142684, 142685, 142686, 142687, 142688, 142689, 142690, 142691, 142693, 142694, 142695, 142696, 142697, 142698, 142700, 142702, 142703, 142704, 142707, 142708, 142709, 142710, 142711, 142712, 142715, 142717, 142721, 142723, 142725, 142726, 142728, 142729, 142730, 142731, 142733, 142735, 142736, 142737, 142738, 142740, 142741, 142742, 142746, 142747, 142750, 142751, 142752, 142753, 142754, 142757, 142758, 142759, 142760, 142761, 142764, 142766, 142767, 142769, 142770, 142771, 142772, 142773, 142775, 142776, 142778, 142781, 142783, 142784, 142786, 142789, 142790, 142791, 142792, 142793, 142794, 142795, 142796, 142797, 142799, 142800, 142801, 142802, 142803, 142804, 142805, 142807, 142808, 142812, 142815, 142817, 142818, 142819, 142822, 142823, 142824, 142825, 142828, 142829, 142832, 142833, 142834, 142838, 142840, 142841, 142842, 142844, 142846, 142848, 142849, 142851, 142852, 142853, 142855, 142857, 142858, 142860, 142868, 142869, 142870, 142871, 142872, 142873, 142874, 142875, 142876, 142877, 142879, 142881, 142883, 142884, 142886, 142889, 142891, 142892, 142894, 142896, 142898, 142900, 142901, 142902, 142903, 142904, 142906, 142910, 142911, 142913, 142918, 142920, 142922, 142923, 142924, 142925, 142927, 142928, 142929, 142931, 142932, 142934, 142935, 142937, 142938, 142940, 142941, 142943, 142944, 142945, 142946, 142951, 142954, 142955, 142956, 142959, 142961, 142962, 142963, 142964, 142969, 142970, 142971, 142972, 142973, 142974, 142975, 142976, 142977, 142980, 142981, 142982, 142984, 142985, 142986, 142988, 142989, 142990, 142991, 142992, 142996, 142997, 143000, 143001, 143002, 143005, 143006, 143007, 143008, 143009, 143011, 143013, 143014, 143015, 143016, 143019, 143020, 143022, 143023, 143024, 143026, 143027, 143030, 143031, 143035, 143036, 143040, 143042, 143043, 143044, 143045, 143048, 143049, 143050, 143051, 143052, 143053, 143055, 143057, 143060, 143063, 143064, 143066, 143070, 143072, 143073, 143075, 143076, 143077, 143080, 143083, 143084, 143086, 143087, 143088, 143090, 143091, 143093, 143095, 143096, 143098, 143101, 143104, 143105, 143107, 143110, 143111, 143112, 143115, 143116, 143117, 143118, 143120, 143121, 143123, 143125, 143128, 143130, 143131, 143132, 143134, 143135, 143137, 143138, 143139, 143143, 143146, 143147, 143148, 143149, 143150, 143152, 143153, 143155, 143156, 143159, 143160, 143167, 143168, 143169, 143171, 143172, 143173, 143174, 143175, 143176, 143179, 143181, 143184, 143185, 143186, 143190, 143191, 143192, 143193, 143195, 143196, 143197, 143198, 143200, 143207, 143209, 143211, 143212, 143213, 143214, 143216, 143217, 143218, 143220, 143223, 143225, 143226, 143227, 143228, 143229, 143231, 143232, 143233, 143234, 143235, 143236, 143237, 143239, 143240, 143243, 143244, 143247, 143249, 143251, 143252, 143253, 143255, 143256, 143257, 143260, 143261, 143262, 143264, 143266, 143267, 143270, 143273, 143274, 143275, 143277, 143278, 143279, 143280, 143281, 143282, 143283, 143284, 143285, 143286, 143287, 143289, 143290, 143292, 143293, 143296, 143297, 143298, 143299, 143300, 143301, 143302, 143303, 143304, 143305, 143307, 143308, 143309, 143313, 143315, 143317, 143318, 143319, 143320, 143321, 143322, 143324, 143325, 143326, 143327, 143331, 143333, 143334, 143335, 143336, 143337, 143338, 143339, 143347, 143348, 143349, 143350, 143351, 143352, 143355, 143356, 143357, 143358, 143359, 143362, 143364, 143366, 143368, 143369, 143371, 143373, 143377, 143379, 143380, 143381, 143388, 143389, 143390, 143391, 143392, 143396, 143397, 143399, 143401, 143402, 143404, 143405, 143406, 143408, 143409, 143410, 143411, 143412, 143413, 143418, 143419, 143420, 143421, 143422, 143424, 143426, 143427, 143428, 143430, 143431, 143432, 143433, 143434, 143435, 143436, 143437, 143439, 143440, 143441, 143442, 143443, 143444, 143445, 143446, 143447, 143449, 143450, 143454, 143456, 143461, 143463, 143465, 143467, 143468, 143469, 143470, 143472, 143473, 143474, 143475, 143476, 143477, 143478, 143479, 143480, 143486, 143488, 143490, 143491, 143492, 143493, 143496, 143498, 143499, 143501, 143502, 143504, 143506, 143507, 143508, 143509, 143512, 143515, 143516, 143517, 143519, 143521, 143524, 143525, 143527, 143529, 143530, 143531, 143532, 143533, 143534, 143535, 143536, 143537, 143538, 143539, 143540, 143542, 143543, 143544, 143545, 143546, 143547, 143548, 143549, 143551, 143552, 143555, 143560, 143561, 143562, 143563, 143564, 143565, 143566, 143569, 143570, 143571, 143572, 143573, 143574, 143575, 143576, 143577, 143579, 143587, 143588, 143589, 143590, 143591, 143592, 143593, 143595, 143598, 143601, 143604, 143606, 143607, 143608, 143609, 143611, 143612, 143613, 143614, 143615, 143616, 143617, 143618, 143619, 143620, 143622, 143623, 143625, 143626, 143629, 143631, 143632, 143637, 143638, 143639, 143640, 143641, 143642, 143643, 143647, 143649, 143650, 143652, 143653, 143654, 143656, 143657, 143658, 143659, 143661, 143663, 143664, 143665, 143666, 143667, 143668, 143669, 143670, 143672, 143673, 143674, 143676, 143679, 143680, 143681, 143683, 143684, 143685, 143687, 143688, 143689, 143690, 143692, 143693, 143694, 143695, 143697, 143699, 143700, 143702, 143704, 143705, 143707, 143708, 143710, 143711, 143712, 143715, 143716, 143717, 143718, 143720, 143721, 143723, 143726, 143728, 143730, 143731, 143732, 143733, 143734, 143735, 143736, 143738, 143739, 143740, 143742, 143743, 143744, 143745, 143747, 143748, 143749, 143752, 143754, 143755, 143756, 143758, 143759, 143761, 143762, 143764, 143765, 143766, 143767, 143768, 143769, 143773, 143774, 143778, 143779, 143782, 143785, 143786, 143789, 143790, 143791, 143794, 143795, 143796, 143797, 143801, 143802, 143803, 143804, 143806, 143807, 143809, 143812, 143814, 143817, 143821, 143822, 143823, 143825, 143827, 143828, 143829, 143830, 143831, 143833, 143836, 143837, 143841, 143843, 143845, 143847, 143848, 143851, 143853, 143857, 143858, 143860, 143862, 143863, 143864, 143866, 143867, 143870, 143874, 143875, 143877, 143878, 143879, 143880, 143884, 143885, 143887, 143888, 143889, 143890, 143891, 143892, 143893, 143894, 143897, 143898, 143899, 143900, 143902, 143903, 143905, 143906, 143907, 143908, 143911, 143912, 143913, 143918, 143919, 143920, 143923, 143924, 143925, 143926, 143927, 143928, 143930, 143931, 143932, 143933, 143936, 143939, 143940, 143941, 143943, 143945, 143947, 143948, 143949, 143951, 143952, 143954, 143957, 143958, 143959, 143960, 143963, 143964, 143965, 143967, 143968, 143969, 143970, 143971, 143975, 143976, 143978, 143979, 143980, 143981, 143982, 143983, 143985, 143986, 143989, 143990, 143991, 143993, 143995, 143996, 143999, 144001, 144002, 144004, 144005, 144007, 144008, 144009, 144010, 144011, 144014, 144017, 144018, 144020, 144021, 144022, 144024, 144025, 144027, 144028, 144031, 144032, 144033, 144034, 144037, 144038, 144039, 144040, 144041, 144042, 144044, 144045, 144046, 144048, 144050, 144051, 144053, 144054, 144055, 144056, 144057, 144058, 144059, 144064, 144065, 144067, 144070, 144071, 144075, 144076, 144078, 144079, 144083, 144086, 144088, 144090, 144091, 144094, 144095, 144096, 144097, 144098, 144100, 144102, 144103, 144106, 144107, 144109, 144111, 144113, 144114, 144115, 144116, 144118, 144120, 144121, 144122, 144123, 144124, 144125, 144130, 144132, 144134, 144136, 144137, 144138, 144139, 144140, 144141, 144142, 144145, 144146, 144147, 144148, 144149, 144151, 144154, 144156, 144157, 144158, 144161, 144164, 144165, 144166, 144168, 144171, 144173, 144174, 144180, 144181, 144182, 144183, 144185, 144186, 144189, 144190, 144191, 144194, 144197, 144198, 144199, 144200, 144203, 144204, 144205, 144206, 144207, 144209, 144210, 144211, 144212, 144213, 144214, 144215, 144216, 144217, 144218, 144219, 144220, 144222, 144223, 144224, 144225, 144226, 144227, 144229, 144230, 144231, 144235, 144239, 144240, 144241, 144242, 144243, 144244, 144249, 144250, 144251, 144252, 144254, 144255, 144257, 144258, 144259, 144261, 144262, 144263, 144264, 144265, 144266, 144269, 144271, 144272, 144275, 144276, 144277, 144278, 144279, 144281, 144282, 144283, 144284, 144286, 144288, 144289, 144290, 144291, 144292, 144293, 144295, 144296, 144297, 144300, 144302, 144303, 144304, 144305, 144308, 144310, 144311, 144314, 144315, 144316, 144317, 144318, 144322, 144325, 144326, 144327, 144328, 144329, 144331, 144336, 144337, 144340, 144341, 144343, 144344, 144346, 144348, 144349, 144351, 144354, 144355, 144356, 144357, 144360, 144361, 144362, 144363, 144364, 144365, 144366, 144370, 144371, 144373, 144375, 144377, 144378, 144379, 144380, 144381, 144382, 144385, 144388, 144389, 144390, 144391, 144395, 144397, 144399, 144403, 144404, 144405, 144409, 144414, 144415, 144416, 144418, 144419, 144420, 144421, 144422, 144423, 144424, 144426, 144427, 144429, 144430, 144432, 144433, 144434, 144436, 144439, 144441, 144442, 144443, 144445, 144446, 144449, 144450, 144452, 144453, 144454, 144457, 144459, 144463, 144464, 144465, 144467, 144469, 144470, 144471, 144477, 144480, 144483, 144484, 144485, 144487, 144489, 144490, 144491, 144493, 144495, 144497, 144498, 144499, 144501, 144504, 144506, 144508, 144509, 144513, 144514, 144518, 144520, 144521, 144522, 144525, 144529, 144531, 144532, 144533, 144535, 144536, 144537, 144539, 144540, 144541, 144544, 144545, 144547, 144548, 144550, 144553, 144554, 144555, 144557, 144559, 144560, 144561, 144563, 144564, 144568, 144569, 144571, 144572, 144574, 144576, 144577, 144579, 144583, 144584, 144585, 144587, 144592, 144595, 144597, 144598, 144599, 144602, 144605, 144606, 144607, 144608, 144609, 144610, 144612, 144613, 144615, 144617, 144618, 144619, 144620, 144621, 144622, 144624, 144626, 144627, 144629, 144631, 144633, 144634, 144635, 144636, 144637, 144638, 144640, 144641, 144644, 144645, 144646, 144647, 144648, 144649, 144652, 144653, 144654, 144655, 144656, 144657, 144659, 144660, 144661, 144662, 144663, 144665, 144667, 144668, 144669, 144670, 144671, 144672, 144673, 144675, 144676, 144678, 144679, 144680, 144681, 144683, 144685, 144686, 144687, 144689, 144690, 144692, 144695, 144696, 144697, 144698, 144703, 144704, 144710, 144711, 144713, 144714, 144716, 144721, 144723, 144726, 144729, 144731, 144732, 144735, 144736, 144737, 144738, 144739, 144740, 144743, 144745, 144747, 144748, 144749, 144753, 144756, 144758, 144760, 144762, 144763, 144764, 144765, 144767, 144769, 144770, 144771, 144772, 144773, 144774, 144776, 144778, 144779, 144780, 144783, 144784, 144785, 144789, 144791, 144792, 144793, 144794, 144795, 144797, 144798, 144799, 144802, 144803, 144804, 144806, 144807, 144808, 144810, 144813, 144814, 144818, 144819, 144824, 144825, 144826, 144827, 144828, 144829, 144830, 144832, 144833, 144834, 144835, 144838, 144841, 144842, 144843, 144845, 144847, 144848, 144849, 144851, 144852, 144853, 144855, 144857, 144859, 144862, 144863, 144865, 144866, 144867, 144868, 144869, 144870, 144871, 144873, 144875, 144876, 144879, 144881, 144882, 144883, 144884, 144885, 144887, 144889, 144890, 144891, 144892, 144893, 144895, 144896, 144897, 144898, 144899, 144900, 144902, 144903, 144908, 144910, 144911, 144912, 144915, 144918, 144919, 144923, 144925, 144926, 144927, 144929, 144930, 144931, 144932, 144934, 144935, 144937, 144939, 144940, 144941, 144943, 144945, 144946, 144947, 144950, 144951, 144952, 144953, 144954, 144955, 144957, 144958, 144959, 144960, 144964, 144965, 144967, 144968, 144970, 144971, 144975, 144977, 144978, 144980, 144981, 144984, 144985, 144987, 144988, 144991, 144993, 144994, 144995, 144996, 144998, 144999, 145002, 145003, 145004, 145005, 145009, 145010, 145012, 145013, 145014, 145016, 145017, 145018, 145019, 145020, 145021, 145024, 145025, 145026, 145029, 145030, 145031, 145032, 145034, 145035, 145036, 145037, 145039, 145043, 145045, 145047, 145048, 145049, 145050, 145051, 145052, 145053, 145056, 145057, 145058, 145059, 145061, 145064, 145066, 145069, 145070, 145071, 145072, 145074, 145075, 145076, 145078, 145080, 145081, 145082, 145086, 145088, 145091, 145093, 145094, 145095, 145096, 145097, 145101, 145102, 145103, 145105, 145107, 145108, 145110, 145111, 145116, 145120, 145123, 145124, 145128, 145129, 145130, 145131, 145132, 145133, 145134, 145135, 145136, 145137, 145138, 145140, 145141, 145143, 145145, 145151, 145152, 145154, 145155, 145156, 145158, 145159, 145161, 145162, 145163, 145164, 145166, 145167, 145168, 145169, 145170, 145171, 145173, 145174, 145176, 145178, 145179, 145180, 145182, 145183, 145187, 145188, 145190, 145191, 145192, 145193, 145194, 145195, 145197, 145198, 145200, 145201, 145202, 145204, 145205, 145207, 145211, 145212, 145214, 145217, 145222, 145224, 145226, 145227, 145231, 145232, 145233, 145234, 145236, 145238, 145239, 145241, 145242, 145244, 145247, 145249, 145251, 145253, 145254, 145255, 145256, 145257, 145259, 145260, 145262, 145263, 145264, 145267, 145268, 145271, 145273, 145276, 145278, 145279, 145281, 145282, 145283, 145286, 145287, 145288, 145289, 145290, 145291, 145292, 145294, 145295, 145296, 145297, 145298, 145299, 145300, 145301, 145302, 145303, 145305, 145306, 145307, 145309, 145311, 145314, 145315, 145316, 145317, 145318, 145319, 145320, 145322, 145324, 145325, 145327, 145328, 145329, 145330, 145331, 145332, 145333, 145337, 145343, 145344, 145347, 145349, 145350, 145351, 145353, 145357, 145358, 145360, 145363, 145365, 145366, 145367, 145368, 145370, 145371, 145372, 145375, 145377, 145379, 145380, 145381, 145382, 145384, 145386, 145390, 145391, 145392, 145393, 145394, 145395, 145396, 145398, 145399, 145400, 145401, 145402, 145404, 145405, 145406, 145409, 145410, 145411, 145415, 145417, 145418, 145419, 145420, 145422, 145423, 145424, 145426, 145429, 145430, 145433, 145435, 145436, 145437, 145439, 145440, 145441, 145442, 145445, 145446, 145447, 145448, 145449, 145453, 145454, 145455, 145456, 145457, 145458, 145459, 145460, 145461, 145463, 145465, 145466, 145467, 145468, 145469, 145470, 145471, 145472, 145473, 145474, 145475, 145477, 145478, 145481, 145483, 145485, 145486, 145487, 145488, 145490, 145491, 145492, 145496, 145497, 145498, 145500, 145501, 145502, 145503, 145504, 145508, 145510, 145511, 145513, 145515, 145516, 145517, 145518, 145521, 145522, 145523, 145525, 145527, 145528, 145529, 145531, 145536, 145540, 145541, 145544, 145545, 145547, 145548, 145549, 145550, 145551, 145553, 145554, 145555, 145557, 145558, 145559, 145561, 145562, 145564, 145565, 145567, 145571, 145572, 145573, 145574, 145575, 145576, 145577, 145578, 145579, 145580, 145582, 145583, 145585, 145586, 145588, 145589, 145590, 145591, 145592, 145593, 145595, 145596, 145597, 145599, 145601, 145602, 145603, 145605, 145609, 145610, 145612, 145613, 145614, 145616, 145617, 145618, 145619, 145620, 145621, 145624, 145625, 145627, 145628, 145629, 145630, 145632, 145634, 145635, 145637, 145638, 145639, 145642, 145644, 145645, 145646, 145647, 145648, 145651, 145652, 145656, 145657, 145658, 145660, 145661, 145662, 145663, 145664, 145665, 145666, 145669, 145670, 145671, 145672, 145674, 145675, 145676, 145678, 145679, 145682, 145684, 145685, 145686, 145691, 145692, 145693, 145694, 145695, 145697, 145698, 145699, 145701, 145703, 145704, 145707, 145708, 145709, 145712, 145713, 145714, 145715, 145718, 145722, 145723, 145724, 145725, 145727, 145728, 145730, 145731, 145732, 145733, 145734, 145735, 145736, 145737, 145739, 145740, 145741, 145742, 145743, 145745, 145746, 145748, 145750, 145751, 145753, 145755, 145759, 145762, 145764, 145765, 145766, 145768, 145769, 145770, 145772, 145773, 145775, 145776, 145777, 145778, 145779, 145780, 145782, 145783, 145785, 145786, 145789, 145791, 145792, 145793, 145794, 145795, 145797, 145798, 145800, 145807, 145809, 145810, 145811, 145812, 145814, 145817, 145818, 145821, 145823, 145825, 145826, 145828, 145829, 145832, 145833, 145838, 145839, 145840, 145842, 145846, 145851, 145854, 145855, 145857, 145858, 145860, 145861, 145864, 145867, 145869, 145871, 145873, 145874, 145876, 145878, 145879, 145881, 145882, 145883, 145885, 145886, 145887, 145889, 145890, 145891, 145894, 145895, 145896, 145899, 145901, 145904, 145905, 145906, 145909, 145910, 145912, 145913, 145914, 145915, 145916, 145917, 145918, 145921, 145922, 145925, 145926, 145927, 145928, 145930, 145931, 145933, 145934, 145935, 145937, 145938, 145939, 145940, 145941, 145942, 145943, 145945, 145946, 145947, 145949, 145951, 145953, 145954, 145955, 145956, 145959, 145960, 145961, 145963, 145965, 145966, 145967, 145969, 145971, 145975, 145976, 145978, 145981, 145982, 145984, 145985, 145986, 145988, 145990, 145991, 145993, 145994, 145996, 145998, 145999, 146002, 146005, 146008, 146009, 146010, 146012, 146013, 146016, 146017, 146020, 146021, 146022, 146023, 146025, 146027, 146035, 146039, 146040, 146042, 146044, 146046, 146047, 146048, 146049, 146050, 146054, 146055, 146058, 146059, 146060, 146061, 146063, 146065, 146066, 146069, 146071, 146072, 146073, 146075, 146076, 146077, 146078, 146080, 146081, 146084, 146085, 146087, 146088, 146089, 146091, 146093, 146094, 146097, 146098, 146099, 146100, 146101, 146102, 146105, 146110, 146111, 146115, 146121, 146122, 146123, 146124, 146126, 146127, 146129, 146130, 146131, 146132, 146133, 146134, 146135, 146136, 146138, 146139, 146143, 146145, 146146, 146148, 146150, 146151, 146152, 146154, 146156, 146157, 146158, 146159, 146161, 146162, 146163, 146164, 146165, 146166, 146167, 146168, 146169, 146170, 146171, 146172, 146174, 146176, 146177, 146178, 146180, 146183, 146184, 146185, 146187, 146191, 146193, 146195, 146197, 146199, 146201, 146203, 146204, 146207, 146209, 146210, 146211, 146214, 146215, 146216, 146217, 146218, 146219, 146222, 146224, 146226, 146227, 146228, 146229, 146232, 146234, 146237, 146238, 146240, 146241, 146242, 146243, 146247, 146248, 146249, 146250, 146251, 146252, 146253, 146254, 146255, 146256, 146258, 146259, 146261, 146262, 146263, 146264, 146268, 146271, 146275, 146276, 146277, 146278, 146280, 146287, 146290, 146291, 146293, 146294, 146295, 146296, 146297, 146300, 146301, 146303, 146304, 146305, 146307, 146308, 146309, 146310, 146311, 146312, 146313, 146314, 146315, 146316, 146317, 146320, 146322, 146324, 146325, 146328, 146329, 146330, 146332, 146335, 146336, 146337, 146340, 146341, 146342, 146343, 146344, 146347, 146348, 146349, 146350, 146353, 146355, 146356, 146357, 146358, 146360, 146362, 146366, 146367, 146368, 146371, 146372, 146373, 146374, 146375, 146377, 146378, 146379, 146381, 146383, 146384, 146385, 146386, 146389, 146390, 146391, 146393, 146394, 146395, 146396, 146397, 146398, 146399, 146400, 146401, 146402, 146403, 146407, 146408, 146409, 146411, 146415, 146416, 146417, 146419, 146421, 146422, 146424, 146425, 146427, 146428, 146429, 146430, 146434, 146435, 146436, 146437, 146438, 146439, 146440, 146442, 146447, 146448, 146449, 146451, 146452, 146454, 146455, 146456, 146457, 146460, 146461, 146462, 146463, 146464, 146465, 146467, 146468, 146474, 146475, 146476, 146477, 146478, 146479, 146482, 146485, 146486, 146487, 146488, 146490, 146491, 146492, 146493, 146494, 146495, 146496, 146497, 146498, 146499, 146500, 146501, 146502, 146504, 146505, 146506, 146509, 146510, 146511, 146512, 146514, 146515, 146519, 146520, 146522, 146523, 146524, 146527, 146528, 146531, 146532, 146536, 146537, 146539, 146540, 146541, 146542, 146543, 146548, 146549, 146550, 146552, 146553, 146554, 146555, 146557, 146559, 146560, 146561, 146562, 146564, 146568, 146569, 146570, 146571, 146572, 146573, 146575, 146578, 146579, 146580, 146581, 146584, 146586, 146587, 146589, 146590, 146591, 146592, 146594, 146595, 146596, 146597, 146598, 146599, 146600, 146601, 146602, 146603, 146605, 146606, 146607, 146608, 146609, 146610, 146611, 146612, 146613, 146614, 146615, 146617, 146618, 146620, 146624, 146626, 146627, 146629, 146631, 146634, 146635, 146636, 146637, 146638, 146639, 146641, 146642, 146643, 146645, 146650, 146651, 146652, 146654, 146656, 146657, 146658, 146661, 146663, 146664, 146665, 146668, 146672, 146673, 146674, 146675, 146676, 146678, 146679, 146680, 146682, 146683, 146685, 146686, 146687, 146688, 146689, 146690, 146691, 146692, 146694, 146695, 146696, 146697, 146698, 146702, 146705, 146707, 146708, 146709, 146710, 146711, 146712, 146715, 146717, 146718, 146719, 146720, 146721, 146723, 146726, 146727, 146728, 146735, 146736, 146738, 146739, 146740, 146741, 146744, 146745, 146746, 146749, 146753, 146754, 146756, 146757, 146758, 146760, 146761, 146763, 146764, 146766, 146767, 146768, 146769, 146770, 146771, 146772, 146773, 146777, 146779, 146781, 146782, 146784, 146786, 146788, 146790, 146792, 146793, 146794, 146795, 146796, 146797, 146799, 146800, 146801, 146803, 146804, 146805, 146806, 146807, 146809, 146810, 146811, 146813, 146816, 146817, 146818, 146820, 146822, 146823, 146829, 146830, 146834, 146836, 146837, 146838, 146841, 146842, 146843, 146845, 146846, 146848, 146849, 146852, 146853, 146854, 146855, 146858, 146859, 146860, 146862, 146863, 146865, 146869, 146870, 146873, 146875, 146876, 146877, 146878, 146880, 146881, 146882, 146884, 146885, 146887, 146889, 146890, 146891, 146895, 146898, 146899, 146903, 146904, 146905, 146906, 146907, 146911, 146914, 146915, 146917, 146918, 146919, 146920, 146921, 146922, 146923, 146927, 146928, 146930, 146931, 146932, 146934, 146935, 146940, 146942, 146944, 146945, 146946, 146947, 146949, 146950, 146956, 146957, 146960, 146962, 146963, 146965, 146966, 146967, 146968, 146970, 146971, 146974, 146978, 146981, 146983, 146984, 146985, 146986, 146988, 146989, 146991, 146992, 146994, 146995, 146996, 146998, 146999, 147000, 147001, 147004, 147005, 147006, 147008, 147011, 147012, 147013, 147014, 147015, 147016, 147017, 147018, 147020, 147022, 147024, 147025, 147026, 147028, 147029, 147030, 147031, 147034, 147035, 147037, 147038, 147045, 147046, 147047, 147048, 147049, 147050, 147052, 147053, 147055, 147056, 147057, 147060, 147061, 147062, 147063, 147064, 147068, 147069, 147070, 147073, 147075, 147076, 147079, 147080, 147082, 147083, 147084, 147085, 147086, 147087, 147089, 147092, 147093, 147096, 147097, 147098, 147099, 147100, 147101, 147103, 147105, 147108, 147110, 147115, 147116, 147118, 147119, 147120, 147122, 147123, 147124, 147125, 147126, 147128, 147129, 147130, 147131, 147135, 147137, 147139, 147140, 147142, 147143, 147144, 147146, 147147, 147148, 147149, 147152, 147153, 147154, 147155, 147156, 147157, 147158, 147159, 147161, 147162, 147167, 147168, 147169, 147170, 147171, 147173, 147174, 147175, 147176, 147179, 147180, 147181, 147182, 147183, 147184, 147185, 147186, 147188, 147189, 147191, 147192, 147193, 147194, 147195, 147196, 147197, 147198, 147199, 147202, 147204, 147205, 147207, 147210, 147211, 147213, 147214, 147217, 147218, 147219, 147221, 147223, 147227, 147228, 147229, 147231, 147233, 147234, 147235, 147236, 147237, 147238, 147240, 147242, 147243, 147244, 147246, 147247, 147248, 147251, 147252, 147256, 147257, 147258, 147260, 147261, 147264, 147268, 147269, 147271, 147272, 147273, 147275, 147276, 147277, 147280, 147281, 147282, 147283, 147287, 147288, 147292, 147293, 147294, 147295, 147297, 147299, 147301, 147302, 147304, 147307, 147308, 147309, 147311, 147314, 147315, 147318, 147319, 147320, 147321, 147322, 147323, 147324, 147327, 147329, 147331, 147332, 147336, 147338, 147339, 147340, 147341, 147344, 147346, 147348, 147349, 147350, 147352, 147355, 147356, 147358, 147359, 147363, 147364, 147365, 147366, 147367, 147368, 147372, 147374, 147375, 147377, 147378, 147380, 147381, 147383, 147384, 147386, 147388, 147389, 147390, 147393, 147395, 147398, 147402, 147403, 147408, 147409, 147410, 147412, 147413, 147414, 147416, 147417, 147419, 147422, 147423, 147424, 147427, 147428, 147429, 147430, 147432, 147436, 147437, 147438, 147440, 147441, 147442, 147443, 147445, 147446, 147447, 147448, 147449, 147450, 147451, 147452, 147453, 147454, 147457, 147458, 147459, 147460, 147462, 147463, 147465, 147468, 147470, 147472, 147473, 147474, 147476, 147477, 147480, 147482, 147488, 147489, 147490, 147493, 147500, 147503, 147504, 147507, 147509, 147510, 147511, 147514, 147515, 147516, 147517, 147518, 147519, 147520, 147523, 147526, 147527, 147529, 147530, 147532, 147534, 147535, 147536, 147538, 147540, 147542, 147543, 147544, 147545, 147546, 147550, 147551, 147553, 147554, 147556, 147557, 147558, 147560, 147561, 147562, 147563, 147564, 147567, 147568, 147569, 147570, 147572, 147573, 147574, 147575, 147576, 147577, 147578, 147579, 147580, 147581, 147584, 147587, 147589, 147592, 147593, 147594, 147595, 147596, 147597, 147598, 147599, 147600, 147602, 147603, 147604, 147606, 147611, 147614, 147615, 147616, 147619, 147620, 147622, 147623, 147624, 147625, 147626, 147627, 147629, 147630, 147631, 147633, 147634, 147635, 147637, 147638, 147640, 147644, 147646, 147648, 147649, 147650, 147653, 147656, 147661, 147662, 147663, 147664, 147665, 147667, 147669, 147670, 147671, 147674, 147675, 147676, 147677, 147678, 147682, 147683, 147684, 147687, 147688, 147690, 147691, 147692, 147694, 147695, 147698, 147699, 147700, 147703, 147704, 147707, 147709, 147714, 147717, 147720, 147722, 147723, 147725, 147726, 147727, 147729, 147732, 147733, 147735, 147736, 147737, 147738, 147739, 147740, 147742, 147745, 147746, 147747, 147748, 147750, 147752, 147753, 147754, 147755, 147756, 147757, 147760, 147761, 147762, 147763, 147764, 147766, 147767, 147768, 147769, 147770, 147771, 147772, 147773, 147774, 147775, 147776, 147778, 147779, 147780, 147781, 147782, 147783, 147785, 147786, 147789, 147791, 147792, 147793, 147794, 147795, 147796, 147797, 147798, 147801, 147802, 147803, 147804, 147805, 147806, 147807, 147814, 147816, 147817, 147821, 147822, 147823, 147824, 147826, 147829, 147831, 147832, 147835, 147836, 147837, 147838, 147844, 147845, 147846, 147848, 147850, 147851, 147853, 147855, 147858, 147859, 147860, 147861, 147865, 147866, 147867, 147868, 147869, 147870, 147871, 147874, 147876, 147877, 147878, 147879, 147881, 147884, 147886, 147887, 147890, 147893, 147895, 147897, 147900, 147901, 147903, 147904, 147905, 147906, 147907, 147908, 147910, 147911, 147912, 147913, 147917, 147918, 147919, 147921, 147928, 147929, 147933, 147934, 147937, 147938, 147940, 147942, 147944, 147945, 147946, 147947, 147948, 147950, 147952, 147953, 147954, 147956, 147959, 147961, 147963, 147964, 147965, 147969, 147971, 147972, 147974, 147975, 147977, 147979, 147980, 147982, 147983, 147984, 147985, 147986, 147987, 147988, 147989, 147990, 147992, 147996, 147997, 147998, 148000, 148001, 148002, 148003, 148005, 148006, 148007, 148008, 148010, 148011, 148012, 148013, 148014, 148015, 148017, 148019, 148021, 148022, 148023, 148026, 148028, 148029, 148030, 148035, 148036, 148037, 148038, 148041, 148043, 148044, 148045, 148046, 148047, 148049, 148050, 148051, 148052, 148054, 148055, 148056, 148057, 148058, 148061, 148063, 148065, 148066, 148067, 148068, 148069, 148072, 148073, 148074, 148075, 148077, 148079, 148080, 148083, 148084, 148087, 148088, 148090, 148091, 148092, 148093, 148094, 148095, 148098, 148099, 148104, 148106, 148107, 148108, 148109, 148110, 148111, 148112, 148113, 148115, 148116, 148124, 148126, 148129, 148131, 148132, 148133, 148135, 148136, 148140, 148141, 148142, 148143, 148146, 148148, 148149, 148150, 148151, 148152, 148153, 148155, 148158, 148159, 148160, 148161, 148162, 148163, 148164, 148165, 148166, 148168, 148170, 148173, 148175, 148176, 148178, 148180, 148181, 148183, 148186, 148187, 148188, 148193, 148194, 148195, 148196, 148197, 148198, 148199, 148200, 148201, 148202, 148203, 148204, 148210, 148211, 148212, 148213, 148215, 148217, 148218, 148219, 148223, 148226, 148227, 148229, 148231, 148234, 148235, 148236, 148237, 148238, 148241, 148244, 148246, 148247, 148249, 148250, 148251, 148253, 148254, 148256, 148260, 148263, 148264, 148267, 148270, 148272, 148274, 148275, 148276, 148277, 148279, 148280, 148281, 148283, 148284, 148285, 148286, 148289, 148291, 148292, 148295, 148297, 148298, 148299, 148301, 148302, 148303, 148304, 148305, 148306, 148307, 148309, 148310, 148311, 148312, 148316, 148317, 148321, 148322, 148323, 148324, 148325, 148329, 148332, 148333, 148338, 148343, 148344, 148345, 148346, 148347, 148348, 148349, 148350, 148351, 148352, 148353, 148354, 148355, 148356, 148357, 148358, 148362, 148363, 148365, 148366, 148368, 148369, 148370, 148372, 148374, 148377, 148380, 148381, 148382, 148383, 148385, 148386, 148387, 148391, 148393, 148394, 148396, 148397, 148398, 148399, 148400, 148402, 148403, 148404, 148408, 148410, 148411, 148412, 148413, 148414, 148416, 148418, 148419, 148423, 148426, 148429, 148430, 148431, 148432, 148433, 148434, 148435, 148437, 148439, 148441, 148442, 148443, 148444, 148445, 148447, 148448, 148449, 148450, 148455, 148456, 148458, 148459, 148460, 148461, 148463, 148464, 148465, 148466, 148467, 148468, 148470, 148471, 148472, 148473, 148474, 148476, 148479, 148480, 148481, 148483, 148484, 148486, 148487, 148488, 148490, 148491, 148492, 148493, 148494, 148495, 148496, 148497, 148498, 148500, 148502, 148504, 148506, 148508, 148509, 148510, 148511, 148515, 148517, 148518, 148519, 148520, 148521, 148523, 148525, 148526, 148527, 148528, 148529, 148531, 148533, 148535, 148536, 148537, 148538, 148541, 148542, 148543, 148544, 148545, 148546, 148548, 148551, 148552, 148553, 148554, 148555, 148556, 148557, 148558, 148559, 148560, 148561, 148563, 148564, 148566, 148567, 148568, 148571, 148573, 148574, 148575, 148576, 148577, 148580, 148583, 148585, 148588, 148590, 148592, 148593, 148594, 148595, 148596, 148600, 148602, 148603, 148604, 148605, 148608, 148609, 148610, 148611, 148613, 148615, 148617, 148618, 148620, 148625, 148630, 148631, 148635, 148637, 148638, 148639, 148640, 148641, 148642, 148643, 148645, 148649, 148650, 148651, 148652, 148653, 148654, 148655, 148656, 148657, 148659, 148660, 148663, 148668, 148674, 148675, 148677, 148678, 148679, 148681, 148683, 148685, 148686, 148689, 148690, 148691, 148692, 148696, 148697, 148698, 148700, 148701, 148702, 148704, 148706, 148710, 148711, 148712, 148713, 148714, 148715, 148719, 148720, 148724, 148725, 148726, 148729, 148733, 148734, 148735, 148739, 148740, 148742, 148744, 148746, 148747, 148748, 148750, 148752, 148753, 148755, 148758, 148759, 148760, 148762, 148763, 148764, 148765, 148767, 148769, 148771, 148772, 148774, 148778, 148779, 148782, 148783, 148784, 148785, 148787, 148788, 148790, 148791, 148792, 148793, 148794, 148795, 148796, 148797, 148798, 148801, 148802, 148803, 148805, 148806, 148807, 148808, 148811, 148812, 148817, 148818, 148819, 148820, 148821, 148823, 148824, 148826, 148827, 148828, 148831, 148832, 148836, 148837, 148838, 148840, 148841, 148843, 148844, 148846, 148847, 148848, 148851, 148852, 148854, 148855, 148857, 148858, 148859, 148861, 148862, 148863, 148864, 148865, 148866, 148867, 148868, 148869, 148872, 148874, 148879, 148880, 148881, 148883, 148884, 148885, 148886, 148887, 148889, 148892, 148893, 148894, 148895, 148897, 148898, 148901, 148906, 148907, 148909, 148910, 148911, 148912, 148913, 148915, 148917, 148918, 148919, 148923, 148924, 148927, 148929, 148930, 148931, 148934, 148936, 148939, 148942, 148943, 148944, 148945, 148946, 148947, 148948, 148949, 148950, 148951, 148952, 148953, 148954, 148955, 148956, 148957, 148958, 148959, 148962, 148964, 148965, 148966, 148967, 148969, 148970, 148972, 148973, 148974, 148975, 148977, 148979, 148980, 148981, 148982, 148985, 148986, 148988, 148989, 148990, 148993, 148994, 148995, 148997, 148998, 149000, 149002, 149003, 149004, 149006, 149007, 149009, 149010, 149011, 149015, 149018, 149020, 149023, 149027, 149028, 149029, 149030, 149031, 149033, 149034, 149035, 149036, 149037, 149038, 149039, 149041, 149042, 149043, 149044, 149046, 149047, 149048, 149052, 149058, 149059, 149060, 149061, 149064, 149065, 149067, 149069, 149071, 149072, 149073, 149074, 149075, 149077, 149079, 149080, 149082, 149083, 149084, 149085, 149086, 149088, 149089, 149090, 149091, 149092, 149095, 149096, 149098, 149099, 149101, 149102, 149103, 149106, 149107, 149108, 149109, 149113, 149114, 149115, 149116, 149119, 149120, 149121, 149122, 149124, 149125, 149126, 149127, 149129, 149131, 149132, 149134, 149135, 149137, 149138, 149139, 149141, 149143, 149144, 149146, 149147, 149149, 149151, 149152, 149153, 149154, 149157, 149159, 149160, 149161, 149164, 149165, 149166, 149167, 149168, 149169, 149171, 149172, 149173, 149174, 149175, 149176, 149177, 149178, 149179, 149180, 149181, 149182, 149185, 149187, 149189, 149190, 149191, 149192, 149194, 149195, 149196, 149197, 149198, 149199, 149201, 149202, 149203, 149204, 149208, 149209, 149211, 149212, 149214, 149217, 149219, 149220, 149221, 149223, 149225, 149226, 149229, 149230, 149231, 149233, 149234, 149235, 149237, 149238, 149240, 149241, 149242, 149245, 149249, 149253, 149255, 149257, 149258, 149259, 149261, 149262, 149264, 149266, 149267, 149268, 149270, 149272, 149274, 149275, 149276, 149277, 149279, 149280, 149281, 149283, 149284, 149285, 149289, 149290, 149292, 149293, 149294, 149296, 149298, 149300, 149301, 149302, 149305, 149306, 149309, 149312, 149313, 149315, 149319, 149320, 149321, 149322, 149324, 149325, 149326, 149327, 149331, 149332, 149334, 149337, 149338, 149339, 149340, 149341, 149342, 149343, 149345, 149351, 149353, 149354, 149355, 149356, 149358, 149359, 149360, 149361, 149362, 149366, 149367, 149368, 149371, 149373, 149375, 149376, 149377, 149378, 149379, 149380, 149381, 149382, 149384, 149386, 149389, 149390, 149391, 149392, 149394, 149395, 149397, 149398, 149400, 149401, 149403, 149405, 149409, 149410, 149412, 149413, 149414, 149422, 149423, 149424, 149425, 149427, 149428, 149429, 149430, 149431, 149432, 149434, 149435, 149438, 149441, 149442, 149443, 149447, 149448, 149453, 149454, 149455, 149456, 149457, 149459, 149461, 149463, 149466, 149468, 149469, 149470, 149471, 149477, 149478, 149480, 149481, 149483, 149484, 149486, 149487, 149489, 149490, 149491, 149492, 149493, 149496, 149497, 149498, 149499, 149500, 149501, 149502, 149504, 149506, 149509, 149511, 149515, 149516, 149523, 149525, 149526, 149527, 149528, 149531, 149532, 149535, 149538, 149539, 149540, 149543, 149544, 149545, 149549, 149550, 149551, 149552, 149555, 149556, 149558, 149559, 149562, 149563, 149564, 149566, 149567, 149568, 149569, 149570, 149571, 149572, 149574, 149576, 149577, 149579, 149580, 149581, 149582, 149583, 149584, 149586, 149587, 149591, 149592, 149593, 149596, 149598, 149599, 149600, 149601, 149602, 149603, 149604, 149606, 149607, 149608, 149609, 149611, 149612, 149615, 149616, 149618, 149620, 149621, 149622, 149624, 149626, 149629, 149630, 149631, 149632, 149633, 149634, 149635, 149636, 149638, 149639, 149640, 149643, 149644, 149646, 149647, 149648, 149650, 149651, 149652, 149654, 149655, 149656, 149658, 149659, 149660, 149661, 149662, 149664, 149665, 149667, 149669, 149672, 149673, 149674, 149676, 149677, 149681, 149682, 149684, 149686, 149687, 149688, 149692, 149693, 149694, 149695, 149696, 149698, 149699, 149700, 149701, 149702, 149703, 149704, 149708, 149709, 149710, 149713, 149714, 149715, 149719, 149721, 149722, 149723, 149724, 149725, 149726, 149728, 149732, 149733, 149735, 149736, 149737, 149738, 149739, 149740, 149742, 149744, 149745, 149746, 149747, 149752, 149759, 149762, 149763, 149765, 149766, 149767, 149768, 149769, 149770, 149774, 149775, 149776, 149778, 149779, 149780, 149781, 149785, 149786, 149787, 149790, 149792, 149794, 149796, 149799, 149801, 149802, 149803, 149804, 149808, 149809, 149811, 149816, 149817, 149818, 149819, 149823, 149824, 149828, 149829, 149830, 149832, 149833, 149836, 149837, 149838, 149839, 149840, 149843, 149845, 149846, 149848, 149850, 149851, 149852, 149853, 149854, 149855, 149856, 149857, 149858, 149862, 149864, 149865, 149866, 149867, 149869, 149870, 149871, 149872, 149873, 149874, 149876, 149879, 149881, 149882, 149883, 149886, 149889, 149891, 149892, 149895, 149898, 149899, 149900, 149903, 149905, 149908, 149909, 149910, 149911, 149912, 149913, 149915, 149916, 149919, 149920, 149922, 149923, 149925, 149926, 149930, 149931, 149932, 149934, 149935, 149939, 149940, 149941, 149945, 149947, 149948, 149949, 149950, 149952, 149957, 149959, 149960, 149963, 149964, 149965, 149966, 149968, 149969, 149970, 149972, 149973, 149974, 149976, 149978, 149979, 149982, 149984, 149986, 149987, 149988, 149990, 149992, 149993, 149994, 149996, 149998, 150001, 150002, 150008, 150012, 150013, 150014, 150015, 150017, 150018, 150019, 150021, 150023, 150024, 150025, 150026, 150027, 150028, 150029, 150031, 150032, 150033, 150034, 150035, 150036, 150037, 150038, 150039, 150040, 150041, 150042, 150043, 150044, 150046, 150049, 150050, 150051, 150052, 150053, 150057, 150058, 150059, 150060, 150063, 150064, 150066, 150067, 150068, 150072, 150075, 150076, 150077, 150078, 150079, 150080, 150081, 150082, 150084, 150085, 150086, 150087, 150093, 150095, 150097, 150098, 150099, 150101, 150103, 150104, 150107, 150109, 150110, 150112, 150113, 150114, 150119, 150120, 150121, 150122, 150125, 150128, 150131, 150132, 150133, 150135, 150138, 150139, 150140, 150141, 150144, 150145, 150149, 150151, 150152, 150153, 150154, 150155, 150156, 150159, 150160, 150163, 150167, 150168, 150170, 150174, 150175, 150176, 150178, 150179, 150181, 150183, 150184, 150185, 150186, 150188, 150189, 150191, 150192, 150193, 150194, 150195, 150196, 150199, 150201, 150203, 150204, 150206, 150207, 150208, 150210, 150211, 150213, 150215, 150216, 150218, 150219, 150220, 150221, 150222, 150223, 150224, 150225, 150230, 150231, 150232, 150233, 150234, 150235, 150241, 150244, 150245, 150248, 150250, 150252, 150253, 150254, 150255, 150257, 150259, 150261, 150262, 150263, 150264, 150265, 150269, 150270, 150271, 150272, 150274, 150275, 150281, 150283, 150286, 150289, 150290, 150291, 150292, 150293, 150295, 150297, 150302, 150303, 150308, 150310, 150313, 150315, 150316, 150317, 150318, 150319, 150320, 150322, 150323, 150324, 150326, 150328, 150330, 150332, 150333, 150334, 150335, 150336, 150338, 150341, 150347, 150348, 150349, 150354, 150355, 150356, 150357, 150358, 150359, 150360, 150363, 150364, 150365, 150366, 150367, 150369, 150371, 150372, 150373, 150374, 150377, 150379, 150380, 150381, 150383, 150387, 150389, 150391, 150392, 150394, 150396, 150397, 150399, 150402, 150403, 150404, 150405, 150407, 150409, 150411, 150412, 150413, 150414, 150415, 150416, 150417, 150418, 150420, 150421, 150422, 150423, 150424, 150425, 150426, 150428, 150429, 150430, 150432, 150433, 150434, 150436, 150437, 150439, 150441, 150442, 150443, 150444, 150445, 150446, 150447, 150451, 150452, 150454, 150457, 150458, 150459, 150460, 150461, 150462, 150468, 150469, 150470, 150472, 150473, 150474, 150475, 150476, 150478, 150481, 150484, 150487, 150488, 150490, 150491, 150492, 150493, 150494, 150495, 150496, 150497, 150498, 150499, 150503, 150506, 150508, 150509, 150510, 150512, 150515, 150516, 150519, 150520, 150521, 150523, 150524, 150525, 150527, 150529, 150530, 150531, 150534, 150536, 150538, 150539, 150540, 150541, 150542, 150543, 150544, 150545, 150548, 150549, 150550, 150552, 150553, 150554, 150556, 150559, 150560, 150561, 150562, 150564, 150566, 150567, 150568, 150569, 150573, 150574, 150575, 150576, 150577, 150578, 150579, 150580, 150581, 150585, 150588, 150589, 150590, 150591, 150593, 150594, 150595, 150596, 150597, 150598, 150599, 150600, 150601, 150603, 150605, 150608, 150609, 150610, 150612, 150613, 150614, 150616, 150617, 150618, 150619, 150620, 150621, 150622, 150623, 150624, 150626, 150627, 150628, 150632, 150633, 150637, 150640, 150641, 150643, 150644, 150646, 150648, 150649, 150650, 150652, 150654, 150655, 150658, 150659, 150660, 150662, 150664, 150665, 150667, 150668, 150669, 150670, 150671, 150672, 150675, 150678, 150679, 150680, 150681, 150682, 150683, 150684, 150685, 150686, 150687, 150688, 150691, 150692, 150694, 150695, 150697, 150699, 150700, 150701, 150702, 150705, 150706, 150708, 150709, 150710, 150712, 150713, 150716, 150717, 150718, 150723, 150724, 150725, 150726, 150727, 150728, 150729, 150730, 150731, 150732, 150733, 150734, 150737, 150738, 150740, 150742, 150744, 150746, 150747, 150748, 150749, 150752, 150753, 150754, 150755, 150756, 150757, 150758, 150759, 150760, 150761, 150762, 150763, 150767, 150768, 150771, 150772, 150773, 150775, 150777, 150780, 150783, 150784, 150786, 150787, 150789, 150790, 150792, 150794, 150795, 150797, 150798, 150799, 150802, 150803, 150805, 150807, 150808, 150811, 150812, 150813, 150814, 150817, 150821, 150822, 150823, 150824, 150825, 150826, 150827, 150828, 150829, 150830, 150831, 150832, 150833, 150834, 150835, 150841, 150842, 150843, 150844, 150845, 150846, 150851, 150852, 150853, 150854, 150859, 150861, 150862, 150863, 150864, 150865, 150866, 150867, 150868, 150869, 150870, 150871, 150874, 150876, 150878, 150879, 150880, 150882, 150883, 150885, 150886, 150889, 150891, 150894, 150896, 150897, 150899, 150900, 150901, 150902, 150903, 150906, 150907, 150908, 150909, 150910, 150911, 150912, 150913, 150915, 150916, 150919, 150921, 150922, 150923, 150924, 150925, 150926, 150928, 150929, 150930, 150931, 150932, 150934, 150936, 150937, 150940, 150941, 150944, 150945, 150946, 150947, 150948, 150950, 150951, 150952, 150954, 150955, 150956, 150959, 150960, 150961, 150962, 150963, 150964, 150965, 150966, 150968, 150970, 150972, 150973, 150974, 150975, 150977, 150979, 150980, 150982, 150984, 150985, 150987, 150988, 150989, 150990, 150991, 150995, 150998, 150999, 151000, 151001, 151003, 151004, 151005, 151006, 151007, 151010, 151011, 151012, 151013, 151016, 151017, 151018, 151019, 151020, 151021, 151023, 151024, 151026, 151027, 151029, 151030, 151031, 151032, 151033, 151035, 151036, 151037, 151040, 151042, 151043, 151044, 151045, 151047, 151050, 151051, 151052, 151053, 151055, 151057, 151059, 151060, 151061, 151063, 151064, 151065, 151067, 151068, 151070, 151071, 151073, 151074, 151077, 151078, 151079, 151080, 151081, 151083, 151084, 151087, 151089, 151091, 151093, 151095, 151096, 151097, 151099, 151100, 151101, 151103, 151104, 151105, 151107, 151110, 151114, 151117, 151119, 151121, 151122, 151123, 151124, 151125, 151129, 151130, 151133, 151135, 151137, 151138, 151139, 151140, 151141, 151144, 151146, 151147, 151149, 151152, 151153, 151154, 151156, 151159, 151161, 151164, 151165, 151166, 151169, 151171, 151172, 151176, 151177, 151181, 151182, 151184, 151185, 151186, 151189, 151190, 151193, 151194, 151196, 151197, 151198, 151201, 151202, 151204, 151207, 151208, 151209, 151212, 151213, 151215, 151217, 151219, 151220, 151222, 151223, 151225, 151227, 151228, 151230, 151231, 151233, 151234, 151235, 151237, 151238, 151239, 151240, 151242, 151243, 151244, 151246, 151247, 151249, 151251, 151252, 151254, 151255, 151256, 151257, 151259, 151260, 151263, 151264, 151265, 151266, 151267, 151268, 151271, 151273, 151274, 151275, 151276, 151277, 151278, 151280, 151281, 151283, 151287, 151288, 151300, 151302, 151303, 151304, 151305, 151306, 151307, 151308, 151310, 151312, 151314, 151315, 151316, 151317, 151318, 151319, 151320, 151322, 151323, 151324, 151326, 151327, 151329, 151330, 151333, 151334, 151335, 151336, 151338, 151339, 151340, 151341, 151342, 151345, 151349, 151354, 151355, 151359, 151362, 151363, 151364, 151366, 151367, 151370, 151373, 151375, 151376, 151378, 151379, 151380, 151381, 151382, 151384, 151385, 151388, 151389, 151390, 151391, 151392, 151393, 151395, 151396, 151398, 151399, 151401, 151403, 151406, 151407, 151408, 151409, 151412, 151413, 151414, 151415, 151417, 151419, 151420, 151421, 151424, 151425, 151429, 151432, 151437, 151438, 151439, 151440, 151442, 151443, 151445, 151446, 151449, 151450, 151452, 151453, 151454, 151456, 151457, 151458, 151459, 151460, 151464, 151469, 151471, 151474, 151475, 151476, 151478, 151480, 151481, 151483, 151485, 151486, 151491, 151492, 151493, 151494, 151496, 151497, 151498, 151499, 151500, 151501, 151502, 151503, 151504, 151505, 151507, 151508, 151510, 151511, 151512, 151514, 151515, 151518, 151521, 151523, 151526, 151527, 151528, 151529, 151530, 151533, 151534, 151537, 151538, 151539, 151540, 151541, 151542, 151545, 151548, 151552, 151554, 151556, 151557, 151559, 151563, 151567, 151569, 151570, 151572, 151574, 151576, 151577, 151578, 151581, 151584, 151585, 151588, 151590, 151591, 151593, 151597, 151598, 151599, 151600, 151601, 151602, 151605, 151606, 151607, 151608, 151610, 151611, 151614, 151615, 151617, 151618, 151619, 151620, 151621, 151624, 151625, 151626, 151629, 151630, 151632, 151633, 151634, 151635, 151636, 151637, 151642, 151644, 151646, 151647, 151648, 151652, 151654, 151656, 151657, 151658, 151659, 151660, 151662, 151663, 151664, 151665, 151666, 151667, 151668, 151669, 151670, 151671, 151672, 151674, 151677, 151678, 151679, 151683, 151684, 151685, 151686, 151687, 151689, 151694, 151695, 151699, 151702, 151703, 151706, 151707, 151708, 151711, 151713, 151715, 151716, 151717, 151719, 151722, 151723, 151724, 151728, 151729, 151730, 151732, 151734, 151735, 151736, 151738, 151739, 151740, 151741, 151742, 151744, 151745, 151746, 151747, 151748, 151750, 151751, 151753, 151757, 151758, 151759, 151760, 151761, 151762, 151763, 151764, 151765, 151766, 151767, 151769, 151770, 151773, 151774, 151777, 151779, 151780, 151781, 151782, 151783, 151784, 151786, 151787, 151790, 151796, 151798, 151799, 151804, 151805, 151807, 151808, 151809, 151811, 151813, 151814, 151816, 151818, 151819, 151820, 151821, 151822, 151823, 151824, 151825, 151826, 151827, 151829, 151830, 151831, 151832, 151833, 151836, 151838, 151839, 151840, 151841, 151843, 151844, 151845, 151846, 151852, 151854, 151855, 151856, 151857, 151859, 151860, 151861, 151862, 151863, 151865, 151869, 151870, 151871, 151872, 151873, 151874, 151875, 151876, 151878, 151879, 151881, 151882, 151883, 151884, 151885, 151886, 151887, 151888, 151889, 151890, 151894, 151896, 151897, 151899, 151901, 151903, 151904, 151905, 151906, 151910, 151911, 151913, 151914, 151915, 151916, 151917, 151918, 151919, 151923, 151924, 151926, 151928, 151929, 151931, 151932, 151933, 151934, 151936, 151937, 151939, 151940, 151941, 151942, 151943, 151944, 151945, 151946, 151947, 151948, 151949, 151950, 151951, 151953, 151955, 151956, 151961, 151962, 151963, 151964, 151965, 151966, 151967, 151969, 151970, 151972, 151973, 151974, 151975, 151978, 151980, 151982, 151983, 151984, 151985, 151989, 151990, 151991, 151995, 151996, 151997, 151998, 151999, 152000, 152001, 152002, 152003, 152004, 152005, 152008, 152009, 152013, 152014, 152015, 152016, 152017, 152018, 152019, 152021, 152022, 152023, 152024, 152025, 152026, 152027, 152028, 152031, 152032, 152034, 152035, 152038, 152039, 152041, 152042, 152044, 152045, 152046, 152048, 152051, 152054, 152055, 152056, 152058, 152059, 152060, 152061, 152064, 152065, 152066, 152068, 152069, 152070, 152071, 152072, 152073, 152075, 152077, 152078, 152079, 152080, 152081, 152085, 152087, 152088, 152090, 152091, 152095, 152096, 152097, 152098, 152101, 152102, 152103, 152104, 152105, 152106, 152109, 152110, 152111, 152113, 152115, 152123, 152124, 152126, 152127, 152128, 152130, 152131, 152132, 152134, 152136, 152137, 152139, 152140, 152141, 152142, 152143, 152144, 152146, 152150, 152151, 152152, 152153, 152156, 152157, 152158, 152159, 152160, 152163, 152165, 152166, 152167, 152168, 152169, 152172, 152173, 152174, 152175, 152177, 152178, 152179, 152180, 152182, 152184, 152187, 152188, 152189, 152191, 152192, 152193, 152195, 152197, 152200, 152201, 152203, 152207, 152208, 152209, 152210, 152211, 152212, 152214, 152215, 152216, 152217, 152218, 152223, 152227, 152228, 152229, 152232, 152234, 152235, 152236, 152238, 152240, 152241, 152242, 152243, 152245, 152246, 152247, 152248, 152252, 152253, 152254, 152255, 152256, 152259, 152260, 152261, 152262, 152263, 152264, 152265, 152267, 152268, 152275, 152276, 152277, 152278, 152279, 152280, 152281, 152283, 152284, 152285, 152286, 152287, 152288, 152290, 152291, 152292, 152295, 152296, 152297, 152298, 152299, 152303, 152306, 152307, 152308, 152309, 152310, 152311, 152313, 152314, 152323, 152325, 152326, 152330, 152331, 152332, 152334, 152335, 152337, 152339, 152345, 152346, 152347, 152351, 152352, 152353, 152354, 152355, 152357, 152360, 152361, 152362, 152364, 152365, 152367, 152368, 152369, 152370, 152376, 152377, 152378, 152386, 152387, 152389, 152390, 152392, 152393, 152394, 152396, 152397, 152400, 152402, 152407, 152409, 152411, 152413, 152414, 152417, 152418, 152419, 152420, 152421, 152422, 152424, 152425, 152426, 152432, 152433, 152434, 152436, 152437, 152438, 152440, 152448, 152450, 152451, 152454, 152457, 152461, 152463, 152464, 152465, 152466, 152468, 152470, 152472, 152473, 152475, 152477, 152478, 152481, 152482, 152483, 152484, 152486, 152488, 152489, 152493, 152495, 152496, 152497, 152498, 152499, 152500, 152503, 152504, 152509, 152510, 152511, 152512, 152514, 152516, 152519, 152520, 152522, 152523, 152526, 152527, 152528, 152530, 152534, 152535, 152536, 152539, 152540, 152542, 152543, 152546, 152550, 152552, 152554, 152557, 152559, 152560, 152561, 152562, 152563, 152565, 152566, 152568, 152569, 152570, 152571, 152572, 152575, 152576, 152577, 152580, 152581, 152582, 152584, 152585, 152586, 152587, 152588, 152590, 152593, 152595, 152596, 152599, 152600, 152601, 152602, 152604, 152606, 152607, 152608, 152609, 152610, 152611, 152612, 152614, 152616, 152618, 152620, 152621, 152622, 152623, 152624, 152625, 152626, 152628, 152629, 152634, 152635, 152636, 152637, 152639, 152643, 152645, 152646, 152647, 152650, 152651, 152652, 152653, 152656, 152657, 152658, 152659, 152661, 152662, 152664, 152665, 152666, 152668, 152670, 152671, 152672, 152674, 152675, 152677, 152678, 152681, 152682, 152683, 152684, 152686, 152688, 152689, 152690, 152691, 152693, 152694, 152695, 152697, 152698, 152700, 152701, 152702, 152704, 152705, 152706, 152711, 152713, 152714, 152716, 152717, 152718, 152719, 152722, 152723, 152725, 152726, 152728, 152730, 152731, 152732, 152733, 152736, 152739, 152740, 152741, 152742, 152743, 152744, 152745, 152746, 152747, 152749, 152751, 152752, 152753, 152754, 152755, 152757, 152758, 152759, 152760, 152764, 152765, 152768, 152769, 152771, 152772, 152775, 152776, 152779, 152781, 152782, 152783, 152785, 152786, 152787, 152789, 152790, 152791, 152795, 152796, 152797, 152798, 152800, 152801, 152802, 152804, 152808, 152809, 152810, 152811, 152812, 152813, 152814, 152815, 152817, 152818, 152819, 152823, 152824, 152827, 152828, 152829, 152830, 152831, 152832, 152834, 152837, 152838, 152839, 152841, 152848, 152849, 152850, 152851, 152855, 152856, 152857, 152858, 152859, 152863, 152864, 152865, 152866, 152869, 152870, 152871, 152872, 152873, 152874, 152876, 152877, 152878, 152879, 152882, 152883, 152885, 152886, 152887, 152890, 152891, 152896, 152901, 152902, 152903, 152908, 152909, 152912, 152917, 152918, 152919, 152920, 152921, 152922, 152923, 152925, 152926, 152927, 152928, 152929, 152930, 152931, 152933, 152934, 152935, 152938, 152939, 152940, 152942, 152945, 152946, 152947, 152948, 152951, 152952, 152956, 152958, 152961, 152963, 152965, 152966, 152967, 152968, 152969, 152970, 152971, 152972, 152975, 152977, 152979, 152980, 152981, 152983, 152986, 152987, 152988, 152989, 152990, 152992, 152993, 152996, 152998, 152999, 153000, 153001, 153003, 153004, 153006, 153008, 153009, 153010, 153011, 153012, 153013, 153017, 153018, 153023, 153026, 153027, 153028, 153029, 153030, 153031, 153035, 153037, 153038, 153039, 153040, 153041, 153042, 153047, 153048, 153049, 153050, 153051, 153052, 153053, 153054, 153055, 153057, 153060, 153063, 153065, 153069, 153071, 153072, 153073, 153075, 153079, 153081, 153082, 153083, 153084, 153089, 153090, 153091, 153093, 153095, 153097, 153099, 153101, 153103, 153104, 153105, 153107, 153108, 153109, 153110, 153111, 153112, 153113, 153115, 153116, 153119, 153121, 153122, 153123, 153126, 153127, 153129, 153130, 153131, 153134, 153136, 153137, 153138, 153139, 153140, 153141, 153144, 153145, 153146, 153149, 153151, 153152, 153153, 153154, 153156, 153157, 153158, 153160, 153164, 153168, 153169, 153170, 153172, 153173, 153176, 153177, 153178, 153179, 153180, 153183, 153184, 153185, 153186, 153187, 153189, 153191, 153192, 153194, 153196, 153197, 153198, 153201, 153202, 153203, 153205, 153206, 153207, 153210, 153212, 153213, 153214, 153215, 153216, 153217, 153223, 153224, 153225, 153226, 153227, 153228, 153232, 153233, 153234, 153239, 153240, 153241, 153242, 153243, 153246, 153247, 153248, 153250, 153253, 153254, 153255, 153257, 153258, 153259, 153260, 153261, 153267, 153268, 153269, 153270, 153271, 153272, 153274, 153279, 153280, 153281, 153282, 153284, 153286, 153288, 153290, 153293, 153294, 153296, 153297, 153298, 153301, 153302, 153303, 153304, 153306, 153307, 153308, 153310, 153311, 153312, 153314, 153315, 153316, 153320, 153322, 153324, 153326, 153331, 153332, 153333, 153337, 153338, 153339, 153341, 153342, 153343, 153344, 153345, 153348, 153349, 153351, 153353, 153354, 153357, 153361, 153362, 153364, 153365, 153367, 153368, 153369, 153371, 153373, 153375, 153377, 153381, 153382, 153384, 153385, 153387, 153388, 153389, 153390, 153391, 153393, 153394, 153396, 153397, 153401, 153403, 153404, 153406, 153407, 153409, 153410, 153412, 153415, 153416, 153419, 153420, 153421, 153422, 153423, 153425, 153428, 153429, 153431, 153432, 153433, 153434, 153435, 153438, 153440, 153443, 153444, 153445, 153446, 153447, 153448, 153450, 153452, 153456, 153457, 153458, 153459, 153460, 153463, 153464, 153465, 153466, 153467, 153468, 153469, 153470, 153471, 153472, 153473, 153474, 153478, 153479, 153480, 153482, 153483, 153484, 153485, 153486, 153487, 153488, 153490, 153492, 153493, 153494, 153495, 153496, 153497, 153498, 153499, 153500, 153501, 153502, 153503, 153504, 153506, 153507, 153508, 153512, 153514, 153515, 153516, 153517, 153518, 153519, 153520, 153523, 153525, 153527, 153528, 153529, 153530, 153531, 153534, 153538, 153540, 153541, 153543, 153544, 153545, 153546, 153547, 153548, 153549, 153551, 153555, 153556, 153559, 153560, 153561, 153562, 153564, 153565, 153566, 153568, 153570, 153575, 153577, 153578, 153579, 153584, 153587, 153592, 153593, 153595, 153596, 153597, 153598, 153599, 153602, 153603, 153607, 153608, 153610, 153611, 153612, 153613, 153614, 153616, 153619, 153620, 153621, 153622, 153625, 153626, 153627, 153628, 153629, 153630, 153632, 153633, 153634, 153635, 153636, 153637, 153638, 153639, 153641, 153642, 153643, 153644, 153647, 153648, 153649, 153650, 153653, 153655, 153656, 153657, 153658, 153659, 153660, 153661, 153663, 153664, 153665, 153666, 153667, 153668, 153670, 153671, 153675, 153679, 153682, 153683, 153684, 153685, 153686, 153687, 153689, 153690, 153691, 153693, 153695, 153699, 153700, 153701, 153702, 153703, 153704, 153705, 153706, 153707, 153709, 153710, 153711, 153714, 153715, 153717, 153720, 153721, 153722, 153723, 153726, 153727, 153728, 153731, 153732, 153733, 153734, 153735, 153740, 153741, 153742, 153743, 153744, 153745, 153747, 153749, 153750, 153751, 153752, 153753, 153754, 153756, 153757, 153760, 153761, 153762, 153764, 153765, 153766, 153767, 153768, 153769, 153772, 153775, 153777, 153778, 153780, 153781, 153782, 153785, 153786, 153787, 153788, 153791, 153792, 153793, 153795, 153797, 153798, 153801, 153802, 153803, 153807, 153808, 153809, 153811, 153818, 153819, 153820, 153823, 153824, 153826, 153829, 153830, 153831, 153832, 153833, 153838, 153839, 153840, 153841, 153844, 153845, 153846, 153850, 153852, 153853, 153854, 153855, 153856, 153858, 153861, 153863, 153864, 153865, 153866, 153867, 153868, 153869, 153871, 153873, 153874, 153876, 153877, 153881, 153882, 153885, 153886, 153887, 153889, 153890, 153891, 153894, 153895, 153896, 153897, 153898, 153899, 153900, 153901, 153903, 153905, 153906, 153907, 153909, 153910, 153912, 153913, 153914, 153915, 153916, 153917, 153918, 153920, 153922, 153923, 153928, 153929, 153930, 153931, 153932, 153935, 153936, 153938, 153940, 153941, 153942, 153943, 153946, 153947, 153948, 153949, 153950, 153951, 153956, 153957, 153958, 153959, 153960, 153962, 153964, 153965, 153966, 153967, 153968, 153969, 153971, 153972, 153973, 153974, 153975, 153977, 153979, 153980, 153981, 153983, 153984, 153987, 153991, 153995, 153999, 154000, 154001, 154002, 154003, 154004, 154005, 154006, 154007, 154008, 154009, 154013, 154014, 154015, 154016, 154018, 154019, 154020, 154021, 154022, 154024, 154026, 154027, 154028, 154031, 154032, 154033, 154035, 154039, 154040, 154041, 154044, 154047, 154048, 154049, 154051, 154052, 154055, 154056, 154058, 154060, 154061, 154062, 154063, 154064, 154065, 154066, 154068, 154069, 154072, 154073, 154074, 154075, 154076, 154077, 154078, 154079, 154080, 154081, 154083, 154085, 154091, 154092, 154093, 154097, 154099, 154101, 154102, 154104, 154106, 154108, 154110, 154112, 154113, 154115, 154116, 154117, 154118, 154120, 154121, 154122, 154123, 154124, 154125, 154126, 154127, 154128, 154130, 154131, 154132, 154133, 154134, 154137, 154139, 154141, 154143, 154144, 154145, 154150, 154153, 154154, 154156, 154157, 154158, 154162, 154163, 154164, 154166, 154168, 154170, 154172, 154173, 154175, 154177, 154178, 154179, 154182, 154183, 154186, 154187, 154190, 154191, 154192, 154193, 154194, 154195, 154196, 154197, 154199, 154200, 154202, 154203, 154205, 154208, 154209, 154211, 154212, 154213, 154214, 154218, 154219, 154220, 154221, 154222, 154223, 154224, 154227, 154228, 154229, 154230, 154231, 154233, 154234, 154236, 154237, 154239, 154241, 154243, 154244, 154245, 154246, 154247, 154248, 154251, 154252, 154253, 154254, 154255, 154257, 154258, 154259, 154260, 154264, 154268, 154270, 154271, 154272, 154274, 154280, 154281, 154282, 154284, 154285, 154288, 154290, 154292, 154293, 154294, 154297, 154302, 154303, 154305, 154306, 154308, 154309, 154310, 154311, 154313, 154316, 154317, 154318, 154320, 154321, 154322, 154323, 154325, 154326, 154329, 154331, 154332, 154333, 154334, 154336, 154338, 154340, 154341, 154342, 154343, 154344, 154347, 154348, 154349, 154350, 154351, 154353, 154354, 154355, 154356, 154357, 154358, 154359, 154360, 154361, 154366, 154367, 154369, 154371, 154373, 154374, 154375, 154376, 154378, 154379, 154381, 154382, 154383, 154384, 154385, 154386, 154389, 154390, 154392, 154394, 154398, 154399, 154400, 154401, 154403, 154405, 154406, 154407, 154409, 154410, 154411, 154413, 154415, 154419, 154420, 154421, 154423, 154424, 154425, 154426, 154427, 154429, 154430, 154431, 154432, 154433, 154434, 154435, 154436, 154437, 154438, 154439, 154440, 154441, 154442, 154445, 154450, 154451, 154452, 154453, 154454, 154455, 154456, 154459, 154460, 154461, 154462, 154463, 154466, 154468, 154469, 154470, 154472, 154475, 154477, 154478, 154480, 154481, 154482, 154484, 154486, 154488, 154491, 154493, 154494, 154496, 154497, 154499, 154503, 154504, 154506, 154507, 154510, 154511, 154512, 154513, 154515, 154516, 154517, 154518, 154521, 154522, 154523, 154526, 154527, 154528, 154529, 154531, 154532, 154533, 154535, 154537, 154539, 154540, 154541, 154542, 154543, 154544, 154545, 154546, 154547, 154548, 154549, 154552, 154553, 154555, 154556, 154557, 154558, 154559, 154562, 154563, 154564, 154565, 154567, 154568, 154569, 154570, 154573, 154576, 154577, 154578, 154579, 154581, 154584, 154585, 154586, 154589, 154590, 154591, 154592, 154593, 154596, 154598, 154600, 154601, 154604, 154605, 154607, 154609, 154611, 154612, 154615, 154618, 154619, 154620, 154621, 154624, 154625, 154626, 154628, 154630, 154631, 154632, 154633, 154635, 154636, 154637, 154638, 154641, 154642, 154645, 154647, 154649, 154650, 154651, 154652, 154654, 154656, 154657, 154659, 154660, 154661, 154662, 154663, 154666, 154669, 154671, 154673, 154674, 154675, 154676, 154677, 154678, 154681, 154682, 154684, 154685, 154686, 154687, 154689, 154690, 154691, 154692, 154693, 154694, 154695, 154696, 154697, 154698, 154701, 154702, 154704, 154705, 154707, 154711, 154712, 154714, 154716, 154717, 154718, 154720, 154722, 154725, 154726, 154728, 154729, 154731, 154732, 154735, 154737, 154746, 154747, 154748, 154751, 154754, 154755, 154757, 154760, 154762, 154763, 154764, 154766, 154768, 154771, 154772, 154773, 154777, 154778, 154779, 154780, 154782, 154783, 154786, 154788, 154789, 154791, 154792, 154793, 154795, 154801, 154802, 154803, 154804, 154809, 154810, 154811, 154812, 154813, 154814, 154815, 154816, 154817, 154819, 154821, 154823, 154826, 154828, 154829, 154834, 154836, 154838, 154840, 154841, 154842, 154844, 154845, 154847, 154848, 154849, 154851, 154854, 154855, 154856, 154857, 154858, 154859, 154861, 154864, 154865, 154866, 154867, 154871, 154872, 154874, 154876, 154879, 154880, 154881, 154884, 154886, 154888, 154889, 154891, 154894, 154895, 154897, 154899, 154901, 154902, 154903, 154904, 154905, 154906, 154907, 154909, 154910, 154912, 154914, 154916, 154919, 154920, 154922, 154924, 154925, 154928, 154929, 154930, 154933, 154934, 154935, 154938, 154939, 154940, 154941, 154942, 154943, 154944, 154946, 154948, 154949, 154950, 154951, 154952, 154954, 154955, 154956, 154957, 154958, 154959, 154960, 154961, 154962, 154963, 154964, 154966, 154967, 154968, 154970, 154971, 154973, 154974, 154975, 154978, 154979, 154981, 154982, 154984, 154989, 154990, 154991, 154993, 154994, 154995, 154998, 154999, 155001, 155005, 155006, 155007, 155009, 155010, 155011, 155012, 155013, 155017, 155018, 155022, 155023, 155024, 155025, 155026, 155031, 155033, 155034, 155035, 155037, 155038, 155040, 155041, 155044, 155045, 155046, 155047, 155048, 155049, 155050, 155052, 155053, 155054, 155055, 155056, 155057, 155060, 155061, 155062, 155063, 155067, 155068, 155072, 155073, 155074, 155077, 155078, 155079, 155081, 155082, 155083, 155084, 155085, 155088, 155089, 155090, 155092, 155095, 155099, 155103, 155107, 155108, 155109, 155110, 155112, 155113, 155115, 155116, 155117, 155119, 155120, 155123, 155125, 155126, 155127, 155129, 155130, 155131, 155132, 155133, 155137, 155138, 155139, 155140, 155141, 155143, 155144, 155145, 155148, 155150, 155151, 155152, 155153, 155154, 155156, 155158, 155161, 155162, 155163, 155167, 155169, 155170, 155171, 155172, 155173, 155174, 155176, 155177, 155179, 155182, 155183, 155185, 155188, 155189, 155191, 155192, 155193, 155195, 155196, 155197, 155199, 155200, 155201, 155202, 155203, 155205, 155207, 155209, 155210, 155212, 155213, 155214, 155215, 155217, 155218, 155219, 155220, 155221, 155223, 155224, 155226, 155227, 155231, 155232, 155234, 155235, 155237, 155238, 155240, 155241, 155244, 155245, 155247, 155248, 155249, 155250, 155251, 155254, 155257, 155259, 155260, 155261, 155262, 155265, 155266, 155267, 155268, 155272, 155273, 155275, 155276, 155278, 155279, 155280, 155281, 155283, 155285, 155286, 155288, 155289, 155290, 155291, 155294, 155295, 155296, 155297, 155298, 155299, 155300, 155301, 155302, 155304, 155305, 155306, 155307, 155308, 155312, 155314, 155316, 155317, 155322, 155323, 155324, 155325, 155331, 155332, 155335, 155338, 155340, 155341, 155342, 155345, 155346, 155347, 155348, 155349, 155351, 155352, 155354, 155355, 155356, 155357, 155358, 155362, 155363, 155364, 155366, 155367, 155369, 155370, 155371, 155372, 155374, 155379, 155382, 155384, 155385, 155386, 155387, 155389, 155394, 155395, 155399, 155400, 155401, 155402, 155404, 155406, 155407, 155408, 155409, 155410, 155411, 155413, 155414, 155415, 155416, 155419, 155421, 155422, 155426, 155427, 155430, 155431, 155433, 155434, 155435, 155436, 155437, 155438, 155440, 155443, 155445, 155446, 155447, 155448, 155449, 155450, 155452, 155454, 155455, 155457, 155458, 155459, 155461, 155466, 155467, 155468, 155471, 155473, 155476, 155477, 155479, 155480, 155481, 155482, 155483, 155484, 155485, 155487, 155488, 155492, 155496, 155497, 155501, 155504, 155505, 155506, 155507, 155509, 155510, 155511, 155512, 155516, 155517, 155518, 155519, 155520, 155521, 155523, 155524, 155525, 155526, 155527, 155528, 155532, 155533, 155534, 155537, 155539, 155540, 155541, 155543, 155544, 155545, 155546, 155547, 155552, 155558, 155559, 155560, 155561, 155563, 155564, 155568, 155570, 155571, 155573, 155576, 155578, 155579, 155580, 155582, 155585, 155587, 155588, 155590, 155592, 155595, 155596, 155597, 155598, 155600, 155601, 155603, 155604, 155605, 155606, 155608, 155609, 155610, 155611, 155613, 155615, 155616, 155618, 155619, 155620, 155621, 155622, 155624, 155626, 155633, 155635, 155642, 155645, 155646, 155648, 155650, 155653, 155654, 155656, 155657, 155658, 155659, 155660, 155661, 155662, 155665, 155667, 155669, 155671, 155673, 155674, 155675, 155677, 155678, 155680, 155681, 155683, 155684, 155685, 155686, 155687, 155688, 155689, 155692, 155693, 155694, 155696, 155697, 155700, 155703, 155705, 155706, 155707, 155709, 155710, 155714, 155717, 155719, 155724, 155725, 155726, 155728, 155729, 155730, 155731, 155733, 155737, 155739, 155740, 155741, 155742, 155744, 155745, 155748, 155749, 155750, 155752, 155753, 155754, 155755, 155756, 155759, 155761, 155762, 155763, 155764, 155765, 155766, 155769, 155770, 155771, 155772, 155773, 155774, 155777, 155779, 155783, 155784, 155786, 155787, 155788, 155790, 155792, 155793, 155794, 155795, 155796, 155798, 155799, 155800, 155801, 155802, 155803, 155805, 155806, 155807, 155808, 155810, 155811, 155812, 155814, 155815, 155816, 155817, 155818, 155819, 155820, 155823, 155825, 155826, 155827, 155829, 155834, 155837, 155838, 155839, 155840, 155842, 155843, 155845, 155846, 155850, 155851, 155852, 155853, 155854, 155855, 155859, 155860, 155861, 155863, 155864, 155865, 155866, 155867, 155868, 155869, 155872, 155874, 155875, 155876, 155877, 155878, 155879, 155881, 155883, 155885, 155892, 155893, 155894, 155897, 155899, 155901, 155904, 155905, 155907, 155908, 155911, 155913, 155916, 155917, 155919, 155921, 155922, 155923, 155926, 155927, 155928, 155929, 155931, 155932, 155936, 155937, 155939, 155940, 155942, 155943, 155944, 155947, 155949, 155950, 155951, 155952, 155953, 155954, 155958, 155960, 155961, 155962, 155963, 155964, 155965, 155966, 155968, 155972, 155973, 155978, 155979, 155980, 155981, 155986, 155988, 155989, 155990, 155995, 155997, 155998, 155999, 156000, 156002, 156003, 156004, 156006, 156007, 156008, 156009, 156010, 156011, 156013, 156015, 156016, 156017, 156018, 156020, 156021, 156022, 156024, 156025, 156027, 156033, 156034, 156035, 156036, 156037, 156038, 156039, 156041, 156043, 156046, 156048, 156051, 156054, 156055, 156056, 156058, 156060, 156061, 156062, 156063, 156064, 156069, 156071, 156072, 156076, 156077, 156078, 156080, 156082, 156083, 156084, 156085, 156088, 156090, 156091, 156092, 156093, 156094, 156096, 156099, 156100, 156101, 156102, 156103, 156104, 156107, 156109, 156110, 156112, 156113, 156114, 156115, 156117, 156121, 156122, 156123, 156125, 156126, 156127, 156128, 156129, 156130, 156132, 156134, 156135, 156136, 156137, 156142, 156144, 156147, 156148, 156150, 156151, 156152, 156155, 156157, 156159, 156160, 156161, 156163, 156164, 156165, 156166, 156167, 156169, 156170, 156172, 156173, 156174, 156175, 156180, 156181, 156182, 156184, 156185, 156186, 156188, 156189, 156190, 156197, 156201, 156202, 156204, 156205, 156206, 156208, 156209, 156210, 156213, 156215, 156216, 156217, 156218, 156219, 156224, 156225, 156227, 156230, 156231, 156233, 156235, 156237, 156238, 156240, 156242, 156243, 156244, 156245, 156249, 156251, 156252, 156253, 156255, 156256, 156257, 156258, 156259, 156260, 156262, 156263, 156264, 156265, 156266, 156268, 156271, 156272, 156273, 156274, 156275, 156276, 156278, 156279, 156280, 156281, 156282, 156283, 156285, 156286, 156287, 156288, 156289, 156290, 156291, 156292, 156293, 156294, 156296, 156299, 156300, 156301, 156303, 156305, 156306, 156307, 156309, 156311, 156312, 156313, 156314, 156315, 156317, 156318, 156321, 156322, 156325, 156326, 156327, 156328, 156329, 156331, 156332, 156333, 156335, 156338, 156339, 156340, 156341, 156342, 156344, 156346, 156347, 156349, 156352, 156354, 156357, 156358, 156360, 156362, 156363, 156365, 156366, 156368, 156372, 156373, 156374, 156376, 156377, 156378, 156381, 156384, 156387, 156391, 156392, 156393, 156398, 156400, 156402, 156403, 156404, 156405, 156406, 156408, 156409, 156410, 156411, 156413, 156414, 156416, 156417, 156418, 156420, 156422, 156423, 156424, 156427, 156428, 156429, 156430, 156431, 156432, 156433, 156434, 156436, 156437, 156439, 156441, 156445, 156446, 156447, 156449, 156451, 156452, 156453, 156458, 156459, 156463, 156464, 156466, 156468, 156469, 156470, 156471, 156472, 156473, 156475, 156476, 156478, 156480, 156481, 156483, 156485, 156486, 156487, 156490, 156491, 156492, 156493, 156494, 156495, 156496, 156498, 156499, 156500, 156502, 156504, 156506, 156507, 156508, 156509, 156512, 156514, 156515, 156516, 156519, 156522, 156523, 156524, 156525, 156526, 156528, 156530, 156532, 156533, 156534, 156535, 156536, 156537, 156539, 156540, 156541, 156543, 156544, 156545, 156546, 156550, 156551, 156557, 156558, 156559, 156560, 156562, 156563, 156564, 156565, 156566, 156568, 156570, 156571, 156572, 156576, 156577, 156579, 156583, 156585, 156586, 156588, 156590, 156591, 156592, 156593, 156595, 156596, 156597, 156598, 156599, 156601, 156602, 156603, 156604, 156605, 156606, 156607, 156608, 156611, 156613, 156615, 156616, 156617, 156618, 156619, 156620, 156622, 156623, 156624, 156625, 156627, 156628, 156629, 156630, 156631, 156632, 156633, 156634, 156635, 156637, 156639, 156646, 156647, 156648, 156649, 156650, 156651, 156652, 156653, 156654, 156655, 156656, 156658, 156659, 156660, 156662, 156665, 156666, 156667, 156668, 156669, 156670, 156674, 156675, 156676, 156678, 156680, 156681, 156682, 156683, 156684, 156688, 156690, 156691, 156694, 156700, 156701, 156705, 156706, 156708, 156710, 156711, 156712, 156713, 156716, 156719, 156720, 156721, 156723, 156725, 156726, 156727, 156728, 156729, 156730, 156731, 156732, 156734, 156735, 156738, 156739, 156741, 156742, 156743, 156745, 156746, 156747, 156748, 156751, 156752, 156753, 156755, 156756, 156758, 156761, 156763, 156764, 156766, 156767, 156768, 156773, 156776, 156777, 156779, 156780, 156782, 156783, 156785, 156787, 156789, 156791, 156792, 156793, 156795, 156796, 156797, 156798, 156804, 156805, 156808, 156810, 156812, 156815, 156817, 156818, 156821, 156822, 156823, 156824, 156828, 156829, 156832, 156833, 156836, 156837, 156838, 156839, 156841, 156842, 156843, 156844, 156845, 156846, 156847, 156848, 156851, 156852, 156853, 156855, 156857, 156858, 156860, 156861, 156863, 156864, 156865, 156869, 156870, 156871, 156872, 156873, 156874, 156875, 156876, 156877, 156878, 156880, 156881, 156882, 156883, 156887, 156888, 156889, 156890, 156891, 156892, 156893, 156894, 156895, 156896, 156897, 156899, 156900, 156903, 156904, 156906, 156907, 156908, 156909, 156910, 156912, 156914, 156915, 156916, 156922, 156928, 156930, 156931, 156932, 156934, 156935, 156945, 156946, 156949, 156952, 156953, 156954, 156955, 156957, 156959, 156960, 156961, 156962, 156963, 156965, 156966, 156967, 156970, 156974, 156975, 156976, 156977, 156978, 156979, 156980, 156982, 156983, 156985, 156987, 156989, 156990, 156991, 156992, 156993, 156995, 156996, 156997, 156998, 156999, 157000, 157001, 157004, 157010, 157011, 157012, 157013, 157014, 157018, 157019, 157020, 157022, 157023, 157025, 157026, 157027, 157031, 157032, 157033, 157034, 157035, 157037, 157038, 157040, 157042, 157043, 157045, 157047, 157050, 157052, 157055, 157056, 157058, 157061, 157062, 157064, 157066, 157067, 157068, 157070, 157073, 157075, 157076, 157082, 157086, 157087, 157088, 157089, 157090, 157091, 157092, 157093, 157094, 157095, 157097, 157098, 157099, 157100, 157101, 157105, 157106, 157107, 157108, 157109, 157110, 157111, 157115, 157116, 157117, 157118, 157119, 157120, 157121, 157122, 157123, 157124, 157125, 157127, 157129, 157132, 157133, 157135, 157137, 157138, 157139, 157140, 157141, 157143, 157144, 157145, 157146, 157147, 157148, 157149, 157150, 157155, 157157, 157158, 157159, 157160, 157161, 157162, 157163, 157164, 157165, 157166, 157168, 157169, 157170, 157173, 157175, 157176, 157177, 157178, 157179, 157180, 157182, 157183, 157186, 157189, 157194, 157195, 157198, 157201, 157204, 157205, 157207, 157209, 157210, 157211, 157212, 157215, 157216, 157217, 157218, 157220, 157221, 157223, 157224, 157226, 157229, 157234, 157235, 157236, 157237, 157239, 157240, 157241, 157243, 157246, 157247, 157248, 157249, 157250, 157251, 157253, 157254, 157257, 157258, 157259, 157264, 157265, 157266, 157267, 157268, 157270, 157272, 157275, 157276, 157278, 157279, 157281, 157283, 157284, 157286, 157287, 157288, 157289, 157293, 157294, 157295, 157297, 157298, 157299, 157300, 157301, 157302, 157303, 157306, 157307, 157309, 157310, 157313, 157315, 157316, 157318, 157319, 157320, 157324, 157325, 157326, 157328, 157329, 157331, 157332, 157333, 157334, 157335, 157336, 157338, 157342, 157343, 157344, 157346, 157347, 157349, 157350, 157351, 157352, 157353, 157354, 157356, 157359, 157361, 157363, 157365, 157366, 157367, 157370, 157371, 157372, 157376, 157378, 157380, 157381, 157382, 157383, 157384, 157385, 157386, 157389, 157391, 157392, 157393, 157395, 157401, 157405, 157406, 157407, 157408, 157409, 157410, 157411, 157412, 157413, 157414, 157415, 157416, 157417, 157418, 157419, 157421, 157423, 157424, 157425, 157429, 157430, 157431, 157434, 157435, 157437, 157438, 157440, 157441, 157442, 157443, 157445, 157446, 157447, 157450, 157453, 157454, 157455, 157456, 157457, 157461, 157462, 157465, 157466, 157468, 157471, 157472, 157473, 157474, 157475, 157480, 157484, 157485, 157486, 157488, 157489, 157492, 157493, 157494, 157500, 157501, 157502, 157503, 157504, 157506, 157508, 157510, 157512, 157514, 157516, 157517, 157518, 157519, 157520, 157521, 157523, 157524, 157525, 157527, 157528, 157529, 157530, 157532, 157533, 157536, 157537, 157538, 157540, 157542, 157543, 157545, 157548, 157549, 157550, 157551, 157552, 157553, 157554, 157555, 157556, 157557, 157558, 157559, 157560, 157561, 157562, 157563, 157564, 157567, 157569, 157571, 157573, 157574, 157575, 157579, 157580, 157582, 157584, 157585, 157586, 157587, 157589, 157590, 157591, 157593, 157596, 157597, 157598, 157602, 157603, 157605, 157607, 157608, 157609, 157612, 157615, 157618, 157623, 157628, 157629, 157631, 157632, 157635, 157636, 157640, 157641, 157643, 157644, 157645, 157651, 157653, 157654, 157656, 157657, 157658, 157661, 157663, 157664, 157665, 157666, 157667, 157668, 157670, 157671, 157672, 157674, 157675, 157678, 157679, 157681, 157682, 157683, 157687, 157689, 157690, 157691, 157693, 157695, 157697, 157698, 157699, 157701, 157704, 157705, 157707, 157709, 157712, 157713, 157715, 157717, 157718, 157719, 157721, 157724, 157726, 157728, 157731, 157732, 157734, 157735, 157736, 157737, 157739, 157740, 157742, 157743, 157744, 157745, 157746, 157748, 157749, 157750, 157751, 157752, 157755, 157756, 157758, 157759, 157760, 157761, 157762, 157763, 157765, 157766, 157767, 157769, 157771, 157772, 157774, 157775, 157776, 157777, 157778, 157779, 157783, 157784, 157786, 157787, 157789, 157790, 157791, 157792, 157793, 157800, 157802, 157808, 157809, 157810, 157812, 157813, 157814, 157815, 157816, 157818, 157820, 157821, 157823, 157825, 157826, 157827, 157829, 157831, 157832, 157834, 157835, 157838, 157839, 157841, 157842, 157843, 157845, 157846, 157848, 157849, 157850, 157855, 157857, 157858, 157859, 157863, 157864, 157865, 157866, 157867, 157868, 157869, 157870, 157871, 157872, 157873, 157874, 157875, 157876, 157877, 157878, 157879, 157880, 157881, 157882, 157883, 157884, 157887, 157889, 157890, 157894, 157895, 157896, 157897, 157898, 157899, 157900, 157902, 157904, 157906, 157909, 157910, 157911, 157912, 157913, 157914, 157915, 157917, 157918, 157920, 157923, 157924, 157925, 157926, 157927, 157928, 157930, 157932, 157933, 157934, 157937, 157938, 157939, 157940, 157941, 157942, 157943, 157945, 157946, 157948, 157949, 157951, 157952, 157953, 157954, 157956, 157958, 157960, 157961, 157963, 157966, 157970, 157972, 157973, 157974, 157975, 157977, 157978, 157980, 157981, 157982, 157983, 157984, 157985, 157986, 157989, 157990, 157992, 157993, 157994, 157997, 157999, 158000, 158002, 158003, 158004, 158006, 158007, 158009, 158010, 158011, 158013, 158014, 158015, 158016, 158019, 158020, 158021, 158022, 158023, 158025, 158026, 158028, 158030, 158031, 158032, 158034, 158035, 158036, 158039, 158040, 158041, 158043, 158044, 158045, 158049, 158050, 158051, 158052, 158053, 158054, 158055, 158056, 158058, 158059, 158060, 158061, 158062, 158063, 158065, 158068, 158070, 158072, 158074, 158075, 158076, 158079, 158084, 158085, 158086, 158087, 158089, 158090, 158091, 158094, 158095, 158096, 158097, 158098, 158101, 158103, 158105, 158108, 158110, 158112, 158114, 158115, 158116, 158119, 158121, 158122, 158123, 158125, 158133, 158136, 158137, 158138, 158139, 158142, 158144, 158146, 158147, 158148, 158149, 158151, 158154, 158155, 158157, 158160, 158162, 158166, 158168, 158169, 158170, 158171, 158172, 158173, 158175, 158178, 158181, 158183, 158186, 158187, 158189, 158192, 158193, 158194, 158197, 158201, 158202, 158203, 158204, 158205, 158206, 158209, 158213, 158220, 158225, 158226, 158227, 158228, 158229, 158231, 158237, 158238, 158239, 158240, 158241, 158243, 158244, 158246, 158247, 158249, 158250, 158252, 158254, 158255, 158256, 158257, 158258, 158259, 158261, 158262, 158263, 158265, 158266, 158267, 158268, 158269, 158270, 158273, 158279, 158283, 158284, 158285, 158288, 158289, 158291, 158292, 158293, 158294, 158295, 158296, 158298, 158299, 158300, 158303, 158304, 158306, 158307, 158308, 158309, 158311, 158312, 158313, 158314, 158315, 158316, 158317, 158319, 158320, 158321, 158322, 158323, 158324, 158327, 158334, 158335, 158336, 158338, 158339, 158340, 158341, 158343, 158344, 158345, 158346, 158348, 158350, 158351, 158352, 158354, 158356, 158359, 158360, 158362, 158363, 158365, 158366, 158367, 158370, 158371, 158372, 158375, 158376, 158379, 158380, 158382, 158384, 158385, 158386, 158387, 158388, 158389, 158390, 158392, 158393, 158395, 158397, 158398, 158400, 158401, 158403, 158409, 158410, 158411, 158414, 158415, 158416, 158417, 158418, 158419, 158420, 158421, 158422, 158424, 158426, 158427, 158429, 158430, 158431, 158432, 158435, 158438, 158439, 158440, 158442, 158444, 158445, 158446, 158447, 158448, 158450, 158453, 158455, 158458, 158459, 158461, 158462, 158463, 158467, 158468, 158471, 158472, 158473, 158474, 158476, 158477, 158478, 158480, 158481, 158482, 158483, 158484, 158485, 158487, 158488, 158489, 158492, 158495, 158496, 158498, 158499, 158500, 158501, 158503, 158504, 158506, 158507, 158508, 158510, 158511, 158513, 158515, 158516, 158517, 158518, 158519, 158520, 158521, 158523, 158524, 158525, 158530, 158531, 158532, 158533, 158534, 158537, 158538, 158539, 158540, 158541, 158542, 158543, 158544, 158545, 158549, 158550, 158551, 158554, 158557, 158558, 158560, 158562, 158563, 158564, 158567, 158570, 158571, 158572, 158573, 158574, 158575, 158576, 158578, 158581, 158582, 158586, 158587, 158591, 158595, 158596, 158599, 158600, 158601, 158602, 158604, 158609, 158610, 158613, 158614, 158616, 158617, 158621, 158622, 158624, 158625, 158626, 158627, 158630, 158632, 158633, 158634, 158635, 158638, 158639, 158641, 158644, 158646, 158648, 158650, 158652, 158654, 158655, 158657, 158658, 158659, 158661, 158662, 158663, 158664, 158666, 158668, 158675, 158677, 158678, 158679, 158680, 158682, 158683, 158684, 158690, 158693, 158694, 158695, 158696, 158698, 158699, 158700, 158702, 158703, 158704, 158706, 158707, 158708, 158709, 158711, 158713, 158714, 158715, 158716, 158718, 158719, 158720, 158721, 158722, 158723, 158724, 158725, 158726, 158727, 158729, 158730, 158731, 158732, 158734, 158735, 158737, 158738, 158739, 158740, 158741, 158742, 158754, 158756, 158757, 158758, 158760, 158763, 158767, 158770, 158771, 158773, 158774, 158775, 158777, 158779, 158781, 158783, 158785, 158786, 158789, 158790, 158793, 158795, 158798, 158799, 158803, 158804, 158805, 158806, 158807, 158808, 158809, 158813, 158816, 158818, 158823, 158825, 158827, 158828, 158829, 158830, 158831, 158832, 158833, 158834, 158835, 158840, 158841, 158842, 158844, 158847, 158848, 158849, 158850, 158853, 158854, 158855, 158857, 158858, 158859, 158860, 158861, 158862, 158863, 158866, 158867, 158870, 158871, 158873, 158876, 158877, 158878, 158879, 158880, 158882, 158883, 158885, 158886, 158887, 158888, 158889, 158890, 158891, 158893, 158894, 158895, 158897, 158899, 158900, 158901, 158902, 158903, 158904, 158910, 158911, 158912, 158915, 158916, 158918, 158921, 158922, 158923, 158924, 158926, 158928, 158929, 158930, 158935, 158936, 158937, 158938, 158940, 158942, 158943, 158945, 158946, 158947, 158948, 158954, 158955, 158957, 158959, 158960, 158961, 158963, 158964, 158966, 158967, 158968, 158969, 158971, 158974, 158975, 158976, 158981, 158982, 158984, 158987, 158991, 158993, 158998, 159002, 159003, 159004, 159005, 159009, 159010, 159011, 159012, 159013, 159014, 159019, 159020, 159021, 159022, 159024, 159025, 159026, 159027, 159029, 159031, 159033, 159034, 159035, 159036, 159039, 159040, 159042, 159043, 159046, 159048, 159050, 159051, 159053, 159054, 159057, 159058, 159060, 159062, 159065, 159066, 159068, 159070, 159073, 159077, 159078, 159079, 159081, 159083, 159084, 159085, 159086, 159087, 159088, 159091, 159093, 159094, 159095, 159096, 159097, 159098, 159099, 159100, 159101, 159102, 159104, 159105, 159107, 159111, 159115, 159117, 159118, 159119, 159120, 159121, 159122, 159123, 159124, 159125, 159126, 159128, 159131, 159132, 159134, 159136, 159138, 159139, 159141, 159142, 159143, 159144, 159147, 159150, 159151, 159153, 159154, 159155, 159157, 159159, 159160, 159161, 159162, 159163, 159165, 159167, 159168, 159170, 159171, 159173, 159174, 159175, 159176, 159180, 159181, 159182, 159183, 159184, 159187, 159188, 159189, 159191, 159192, 159193, 159194, 159195, 159196, 159197, 159198, 159199, 159201, 159202, 159203, 159205, 159206, 159207, 159208, 159209, 159210, 159211, 159212, 159214, 159215, 159216, 159217, 159219, 159221, 159222, 159224, 159226, 159228, 159229, 159231, 159232, 159234, 159235, 159242, 159243, 159244, 159247, 159248, 159249, 159250, 159251, 159252, 159254, 159255, 159257, 159259, 159260, 159263, 159264, 159265, 159267, 159268, 159272, 159273, 159275, 159279, 159281, 159282, 159283, 159287, 159288, 159289, 159290, 159291, 159292, 159293, 159296, 159297, 159299, 159300, 159301, 159302, 159304, 159305, 159308, 159309, 159311, 159313, 159317, 159319, 159321, 159322, 159323, 159324, 159325, 159326, 159328, 159331, 159333, 159335, 159336, 159337, 159341, 159342, 159343, 159344, 159345, 159346, 159347, 159348, 159351, 159353, 159354, 159355, 159356, 159357, 159361, 159363, 159364, 159367, 159369, 159370, 159373, 159375, 159376, 159377, 159378, 159380, 159381, 159382, 159383, 159384, 159385, 159386, 159387, 159388, 159389, 159390, 159391, 159392, 159393, 159395, 159396, 159397, 159399, 159400, 159401, 159402, 159403, 159405, 159406, 159407, 159408, 159409, 159411, 159414, 159416, 159417, 159419, 159420, 159421, 159422, 159423, 159424, 159425, 159426, 159427, 159431, 159439, 159443, 159444, 159445, 159447, 159448, 159450, 159451, 159452, 159453, 159454, 159456, 159457, 159458, 159459, 159460, 159461, 159462, 159463, 159464, 159465, 159467, 159468, 159469, 159471, 159472, 159474, 159477, 159478, 159482, 159483, 159486, 159487, 159491, 159492, 159493, 159494, 159495, 159496, 159497, 159498, 159500, 159503, 159504, 159506, 159507, 159508, 159512, 159514, 159515, 159516, 159517, 159520, 159524, 159526, 159527, 159528, 159529, 159531, 159532, 159533, 159535, 159538, 159539, 159540, 159541, 159542, 159544, 159545, 159551, 159552, 159553, 159554, 159556, 159557, 159558, 159559, 159561, 159563, 159565, 159567, 159568, 159570, 159572, 159574, 159576, 159577, 159578, 159580, 159582, 159583, 159584, 159586, 159587, 159588, 159589, 159591, 159592, 159593, 159594, 159595, 159601, 159602, 159604, 159607, 159608, 159609, 159610, 159615, 159616, 159618, 159620, 159621, 159622, 159623, 159625, 159626, 159629, 159631, 159632, 159635, 159637, 159638, 159639, 159640, 159642, 159644, 159645, 159649, 159650, 159651, 159652, 159654, 159655, 159657, 159662, 159663, 159664, 159667, 159671, 159672, 159674, 159675, 159676, 159677, 159678, 159680, 159681, 159684, 159685, 159687, 159688, 159689, 159690, 159693, 159694, 159695, 159697, 159698, 159699, 159701, 159703, 159704, 159705, 159706, 159708, 159709, 159716, 159718, 159719, 159721, 159722, 159723, 159724, 159726, 159728, 159729, 159730, 159732, 159733, 159734, 159736, 159742, 159743, 159744, 159745, 159746, 159747, 159748, 159749, 159750, 159754, 159755, 159756, 159757, 159762, 159763, 159765, 159768, 159771, 159772, 159773, 159774, 159776, 159777, 159778, 159780, 159782, 159783, 159784, 159785, 159786, 159787, 159788, 159790, 159793, 159794, 159796, 159797, 159798, 159799, 159801, 159803, 159804, 159805, 159806, 159807, 159808, 159809, 159812, 159813, 159814, 159816, 159819, 159820, 159821, 159823, 159827, 159828, 159829, 159830, 159831, 159833, 159835, 159838, 159839, 159842, 159843, 159846, 159847, 159848, 159849, 159850, 159851, 159852, 159855, 159856, 159858, 159859, 159860, 159861, 159863, 159864, 159865, 159866, 159868, 159869, 159871, 159876, 159877, 159878, 159879, 159880, 159882, 159884, 159885, 159888, 159889, 159890, 159891, 159892, 159893, 159894, 159895, 159902, 159904, 159905, 159906, 159907, 159908, 159909, 159911, 159912, 159915, 159917, 159918, 159919, 159920, 159922, 159923, 159924, 159926, 159930, 159932, 159933, 159935, 159936, 159937, 159938, 159941, 159942, 159944, 159945, 159946, 159948, 159949, 159951, 159952, 159954, 159956, 159957, 159958, 159959, 159960, 159963, 159965, 159972, 159973, 159974, 159977, 159978, 159979, 159980, 159981, 159983, 159984, 159986, 159987, 159988, 159989, 159990, 159991, 159994, 159996, 159997, 159998, 159999, 160000, 160004, 160005, 160006, 160007, 160009, 160012, 160016, 160018, 160019, 160020, 160021, 160023, 160024, 160025, 160026, 160028, 160032, 160034, 160035, 160036, 160038, 160039, 160040, 160041, 160042, 160043, 160044, 160048, 160049, 160050, 160054, 160055, 160056, 160057, 160059, 160061, 160063, 160065, 160067, 160068, 160070, 160071, 160073, 160076, 160077, 160078, 160079, 160083, 160086, 160087, 160089, 160091, 160092, 160093, 160096, 160097, 160098, 160099, 160100, 160101, 160102, 160103, 160106, 160108, 160110, 160111, 160112, 160113, 160114, 160115, 160116, 160118, 160121, 160122, 160123, 160128, 160129, 160130, 160131, 160134, 160135, 160136, 160137, 160139, 160140, 160143, 160144, 160150, 160152, 160155, 160158, 160159, 160164, 160165, 160167, 160168, 160169, 160170, 160171, 160172, 160173, 160180, 160182, 160184, 160185, 160187, 160189, 160190, 160191, 160193, 160195, 160196, 160198, 160199, 160200, 160202, 160203, 160205, 160209, 160210, 160212, 160213, 160217, 160218, 160219, 160221, 160222, 160223, 160225, 160226, 160227, 160229, 160230, 160231, 160233, 160234, 160235, 160237, 160239, 160240, 160241, 160242, 160243, 160244, 160245, 160247, 160248, 160250, 160251, 160254, 160257, 160258, 160259, 160262, 160264, 160265, 160266, 160267, 160268, 160270, 160271, 160272, 160273, 160274, 160276, 160279, 160282, 160285, 160287, 160288, 160289, 160290, 160293, 160294, 160295, 160297, 160298, 160299, 160300, 160301, 160302, 160304, 160305, 160306, 160308, 160309, 160310, 160311, 160313, 160315, 160316, 160318, 160320, 160322, 160323, 160325, 160326, 160327, 160328, 160329, 160330, 160333, 160334, 160336, 160337, 160339, 160340, 160341, 160342, 160345, 160346, 160347, 160348, 160349, 160350, 160351, 160352, 160353, 160356, 160357, 160359, 160363, 160365, 160366, 160367, 160377, 160379, 160380, 160381, 160382, 160383, 160385, 160387, 160389, 160390, 160391, 160396, 160397, 160399, 160401, 160402, 160403, 160407, 160408, 160410, 160412, 160417, 160418, 160419, 160423, 160424, 160426, 160427, 160428, 160429, 160430, 160432, 160433, 160434, 160437, 160438, 160439, 160440, 160441, 160442, 160443, 160444, 160445, 160446, 160448, 160449, 160450, 160451, 160452, 160453, 160454, 160455, 160456, 160457, 160460, 160462, 160466, 160468, 160469, 160470, 160471, 160475, 160478, 160480, 160482, 160483, 160485, 160486, 160488, 160489, 160491, 160492, 160493, 160495, 160497, 160499, 160500, 160501, 160503, 160504, 160505, 160507, 160508, 160509, 160510, 160511, 160513, 160514, 160515, 160517, 160519, 160522, 160523, 160525, 160526, 160528, 160529, 160531, 160532, 160534, 160539, 160540, 160542, 160546, 160548, 160549, 160550, 160551, 160552, 160553, 160554, 160555, 160557, 160561, 160563, 160564, 160565, 160566, 160567, 160568, 160569, 160572, 160573, 160575, 160576, 160578, 160579, 160582, 160584, 160585, 160586, 160588, 160589, 160592, 160593, 160594, 160595, 160596, 160598, 160599, 160601, 160603, 160604, 160605, 160608, 160610, 160611, 160612, 160614, 160616, 160617, 160618, 160619, 160620, 160622, 160623, 160626, 160629, 160631, 160632, 160633, 160634, 160636, 160638, 160640, 160641, 160642, 160643, 160645, 160646, 160648, 160649, 160652, 160654, 160655, 160656, 160657, 160660, 160661, 160663, 160665, 160666, 160667, 160668, 160669, 160670, 160671, 160672, 160673, 160675, 160677, 160680, 160681, 160682, 160683, 160684, 160686, 160688, 160690, 160693, 160694, 160696, 160698, 160699, 160700, 160704, 160707, 160708, 160709, 160710, 160712, 160713, 160714, 160715, 160717, 160718, 160720, 160721, 160723, 160724, 160725, 160726, 160727, 160732, 160733, 160735, 160736, 160737, 160738, 160739, 160740, 160742, 160743, 160744, 160747, 160749, 160750, 160751, 160752, 160753, 160754, 160755, 160756, 160757, 160758, 160759, 160760, 160761, 160763, 160764, 160767, 160768, 160769, 160771, 160772, 160773, 160774, 160775, 160776, 160778, 160780, 160781, 160782, 160784, 160786, 160788, 160791, 160792, 160793, 160796, 160798, 160799, 160800, 160801, 160802, 160803, 160805, 160806, 160808, 160809, 160811, 160814, 160816, 160818, 160821, 160822, 160823, 160824, 160825, 160826, 160828, 160829, 160831, 160833, 160839, 160840, 160841, 160845, 160846, 160847, 160848, 160851, 160852, 160858, 160859, 160860, 160861, 160862, 160863, 160868, 160869, 160873, 160874, 160875, 160876, 160878, 160879, 160880, 160882, 160883, 160886, 160887, 160889, 160892, 160894, 160896, 160898, 160901, 160902, 160903, 160905, 160907, 160908, 160909, 160911, 160913, 160914, 160917, 160918, 160919, 160920, 160922, 160925, 160926, 160927, 160928, 160929, 160930, 160931, 160932, 160934, 160935, 160936, 160937, 160939, 160943, 160944, 160946, 160947, 160949, 160950, 160951, 160952, 160953, 160954, 160955, 160956, 160957, 160958, 160960, 160961, 160964, 160965, 160966, 160967, 160969, 160970, 160971, 160974, 160975, 160976, 160980, 160982, 160985, 160988, 160989, 160991, 160994, 160995, 160996, 160997, 160999, 161000, 161001, 161002, 161003, 161005, 161006, 161007, 161008, 161009, 161010, 161011, 161012, 161013, 161016, 161017, 161018, 161019, 161020, 161026, 161027, 161030, 161034, 161036, 161037, 161038, 161039, 161040, 161042, 161043, 161044, 161045, 161048, 161050, 161051, 161053, 161054, 161055, 161056, 161057, 161061, 161063, 161067, 161070, 161071, 161073, 161074, 161076, 161077, 161078, 161080, 161082, 161084, 161085, 161091, 161092, 161093, 161094, 161095, 161096, 161097, 161098, 161099, 161100, 161101, 161105, 161108, 161109, 161110, 161115, 161116, 161119, 161120, 161121, 161122, 161123, 161124, 161125, 161131, 161132, 161133, 161134, 161136, 161140, 161143, 161147, 161149, 161154, 161155, 161156, 161157, 161159, 161162, 161163, 161168, 161169, 161170, 161171, 161172, 161175, 161176, 161178, 161179, 161180, 161182, 161183, 161185, 161186, 161188, 161189, 161190, 161194, 161195, 161196, 161197, 161199, 161200, 161201, 161202, 161203, 161204, 161206, 161208, 161213, 161214, 161215, 161218, 161219, 161220, 161221, 161223, 161226, 161227, 161234, 161235, 161236, 161237, 161238, 161241, 161242, 161244, 161245, 161247, 161249, 161250, 161251, 161252, 161253, 161255, 161256, 161257, 161259, 161261, 161268, 161271, 161274, 161275, 161277, 161278, 161279, 161280, 161282, 161284, 161285, 161286, 161287, 161288, 161292, 161294, 161295, 161297, 161298, 161299, 161300, 161301, 161302, 161303, 161304, 161306, 161308, 161309, 161310, 161311, 161312, 161314, 161315, 161316, 161320, 161325, 161327, 161328, 161329, 161332, 161333, 161334, 161335, 161336, 161337, 161339, 161343, 161345, 161347, 161348, 161350, 161352, 161353, 161354, 161355, 161358, 161359, 161360, 161363, 161364, 161365, 161366, 161368, 161369, 161371, 161373, 161374, 161375, 161377, 161379, 161380, 161381, 161384, 161385, 161386, 161387, 161389, 161390, 161391, 161392, 161393, 161394, 161395, 161397, 161401, 161403, 161406, 161409, 161410, 161412, 161414, 161416, 161417, 161419, 161421, 161423, 161424, 161425, 161427, 161428, 161429, 161430, 161431, 161432, 161433, 161435, 161437, 161439, 161443, 161445, 161447, 161448, 161450, 161452, 161453, 161454, 161455, 161458, 161459, 161461, 161462, 161463, 161464, 161466, 161467, 161468, 161470, 161471, 161472, 161473, 161474, 161475, 161476, 161477, 161481, 161483, 161485, 161486, 161487, 161488, 161490, 161491, 161495, 161497, 161500, 161501, 161502, 161504, 161505, 161506, 161507, 161508, 161511, 161513, 161515, 161517, 161518, 161520, 161522, 161524, 161525, 161527, 161529, 161530, 161531, 161532, 161534, 161535, 161536, 161538, 161539, 161541, 161542, 161543, 161544, 161545, 161546, 161547, 161549, 161552, 161553, 161554, 161556, 161557, 161559, 161560, 161561, 161564, 161565, 161566, 161567, 161569, 161571, 161572, 161574, 161576, 161578, 161580, 161581, 161583, 161584, 161587, 161588, 161589, 161590, 161592, 161596, 161598, 161599, 161600, 161601, 161602, 161604, 161605, 161606, 161607, 161608, 161610, 161612, 161613, 161615, 161616, 161618, 161620, 161621, 161624, 161625, 161627, 161629, 161630, 161631, 161632, 161635, 161636, 161637, 161640, 161641, 161643, 161644, 161645, 161646, 161647, 161648, 161649, 161650, 161651, 161652, 161654, 161655, 161660, 161661, 161662, 161663, 161664, 161665, 161668, 161672, 161673, 161674, 161675, 161676, 161677, 161678, 161679, 161680, 161681, 161682, 161684, 161685, 161688, 161689, 161690, 161691, 161692, 161693, 161694, 161695, 161699, 161700, 161701, 161703, 161705, 161707, 161708, 161709, 161712, 161715, 161717, 161718, 161719, 161720, 161721, 161722, 161727, 161728, 161730, 161733, 161735, 161736, 161737, 161738, 161740, 161741, 161742, 161743, 161745, 161746, 161747, 161748, 161752, 161755, 161756, 161760, 161762, 161763, 161764, 161766, 161767, 161769, 161770, 161771, 161773, 161775, 161776, 161778, 161779, 161780, 161781, 161783, 161788, 161789, 161790, 161791, 161794, 161795, 161796, 161797, 161798, 161801, 161803, 161805, 161806, 161807, 161808, 161810, 161812, 161813, 161816, 161817, 161819, 161820, 161821, 161822, 161823, 161824, 161825, 161826, 161828, 161829, 161831, 161832, 161833, 161834, 161837, 161838, 161839, 161840, 161841, 161842, 161846, 161848, 161849, 161850, 161852, 161853, 161854, 161857, 161858, 161859, 161860, 161861, 161862, 161863, 161865, 161866, 161867, 161869, 161870, 161871, 161873, 161874, 161875, 161876, 161877, 161878, 161880, 161881, 161885, 161889, 161890, 161892, 161893, 161894, 161896, 161898, 161900, 161901, 161902, 161905, 161906, 161909, 161911, 161913, 161914, 161918, 161920, 161921, 161922, 161923, 161925, 161928, 161930, 161931, 161933, 161935, 161937, 161941, 161942, 161943, 161944, 161946, 161947, 161949, 161950, 161951, 161952, 161953, 161954, 161955, 161956, 161957, 161958, 161959, 161962, 161963, 161964, 161970, 161971, 161975, 161977, 161978, 161979, 161980, 161981, 161982, 161984, 161985, 161986, 161987, 161988, 161990, 161991, 161992, 161994, 161996, 161997, 161999, 162000, 162002, 162003, 162006, 162010, 162011, 162013, 162014, 162015, 162017, 162018, 162019, 162020, 162022, 162026, 162027, 162028, 162029, 162030, 162031, 162032, 162034, 162035, 162036, 162037, 162038, 162041, 162042, 162045, 162046, 162048, 162049, 162050, 162052, 162054, 162056, 162057, 162059, 162063, 162064, 162065, 162067, 162068, 162071, 162074, 162076, 162077, 162079, 162080, 162081, 162083, 162084, 162088, 162090, 162092, 162094, 162097, 162098, 162099, 162101, 162104, 162107, 162108, 162109, 162111, 162113, 162115, 162117, 162119, 162122, 162123, 162124, 162125, 162126, 162127, 162128, 162130, 162131, 162133, 162136, 162138, 162139, 162140, 162142, 162143, 162144, 162145, 162146, 162147, 162149, 162150, 162153, 162155, 162158, 162159, 162160, 162161, 162162, 162163, 162164, 162167, 162168, 162171, 162173, 162174, 162176, 162180, 162181, 162182, 162184, 162185, 162186, 162187, 162189, 162190, 162191, 162192, 162194, 162195, 162197, 162199, 162200, 162202, 162203, 162206, 162207, 162210, 162212, 162213, 162215, 162217, 162218, 162219, 162220, 162222, 162226, 162228, 162230, 162234, 162235, 162237, 162239, 162240, 162243, 162244, 162245, 162248, 162254, 162255, 162257, 162258, 162259, 162261, 162263, 162265, 162266, 162267, 162269, 162272, 162273, 162275, 162278, 162279, 162280, 162281, 162284, 162285, 162286, 162287, 162288, 162289, 162292, 162295, 162296, 162298, 162300, 162303, 162304, 162305, 162306, 162307, 162308, 162314, 162315, 162316, 162317, 162319, 162320, 162323, 162324, 162325, 162326, 162327, 162329, 162332, 162334, 162335, 162337, 162338, 162339, 162341, 162344, 162346, 162348, 162353, 162354, 162356, 162358, 162359, 162360, 162361, 162363, 162365, 162366, 162369, 162370, 162374, 162375, 162377, 162378, 162379, 162382, 162385, 162388, 162392, 162393, 162394, 162397, 162398, 162401, 162402, 162405, 162406, 162407, 162408, 162411, 162413, 162415, 162418, 162419, 162420, 162422, 162423, 162425, 162426, 162427, 162428, 162430, 162431, 162432, 162433, 162436, 162437, 162438, 162439, 162440, 162441, 162442, 162443, 162444, 162445, 162446, 162448, 162449, 162450, 162455, 162457, 162458, 162460, 162461, 162462, 162463, 162464, 162467, 162468, 162471, 162473, 162474, 162476, 162479, 162481, 162482, 162483, 162484, 162485, 162486, 162487, 162488, 162489, 162490, 162493, 162495, 162496, 162497, 162498, 162499, 162500, 162501, 162502, 162504, 162505, 162506, 162507, 162509, 162510, 162511, 162513, 162514, 162516, 162519, 162520, 162527, 162529, 162533, 162535, 162538, 162539, 162540, 162541, 162542, 162545, 162549, 162550, 162551, 162555, 162556, 162557, 162562, 162563, 162564, 162565, 162566, 162567, 162568, 162569, 162570, 162571, 162572, 162575, 162576, 162578, 162581, 162582, 162585, 162586, 162587, 162588, 162590, 162591, 162592, 162593, 162594, 162596, 162597, 162598, 162599, 162600, 162602, 162603, 162604, 162605, 162606, 162610, 162614, 162616, 162617, 162618, 162619, 162620, 162622, 162624, 162625, 162626, 162628, 162629, 162630, 162631, 162634, 162636, 162638, 162639, 162641, 162642, 162643, 162645, 162646, 162649, 162651, 162652, 162653, 162654, 162657, 162661, 162662, 162663, 162664, 162665, 162667, 162668, 162669, 162670, 162676, 162678, 162679, 162681, 162682, 162683, 162688, 162689, 162691, 162692, 162693, 162694, 162695, 162696, 162697, 162701, 162702, 162706, 162707, 162711, 162712, 162713, 162714, 162715, 162717, 162719, 162720, 162721, 162726, 162727, 162729, 162730, 162732, 162735, 162736, 162737, 162738, 162739, 162740, 162741, 162742, 162743, 162745, 162746, 162747, 162748, 162749, 162750, 162751, 162752, 162753, 162754, 162755, 162758, 162759, 162760, 162761, 162762, 162765, 162766, 162767, 162768, 162770, 162771, 162772, 162775, 162778, 162779, 162782, 162783, 162785, 162787, 162788, 162789, 162792, 162793, 162794, 162795, 162796, 162797, 162798, 162801, 162802, 162803, 162808, 162809, 162811, 162812, 162813, 162814, 162815, 162817, 162818, 162823, 162824, 162825, 162827, 162828, 162829, 162830, 162831, 162832, 162834, 162837, 162838, 162840, 162841, 162842, 162843, 162844, 162848, 162849, 162850, 162851, 162852, 162853, 162856, 162857, 162858, 162860, 162861, 162864, 162865, 162866, 162868, 162869, 162871, 162872, 162873, 162875, 162877, 162878, 162880, 162881, 162882, 162885, 162888, 162890, 162893, 162895, 162899, 162900, 162902, 162903, 162904, 162905, 162906, 162908, 162909, 162910, 162912, 162915, 162918, 162920, 162923, 162924, 162926, 162927, 162928, 162929, 162930, 162932, 162933, 162934, 162935, 162936, 162940, 162942, 162943, 162944, 162946, 162950, 162951, 162952, 162954, 162955, 162956, 162957, 162961, 162962, 162963, 162964, 162965, 162966, 162968, 162969, 162971, 162972, 162973, 162979, 162980, 162981, 162983, 162984, 162985, 162986, 162987, 162988, 162989, 162990, 162991, 162992, 162994, 162995, 162997, 162998, 162999, 163002, 163003, 163005, 163006, 163007, 163008, 163010, 163011, 163012, 163014, 163015, 163016, 163018, 163019, 163020, 163021, 163022, 163023, 163024, 163031, 163034, 163035, 163036, 163037, 163039, 163040, 163041, 163042, 163044, 163045, 163047, 163048, 163050, 163052, 163053, 163054, 163057, 163063, 163064, 163066, 163068, 163070, 163072, 163073, 163075, 163079, 163080, 163081, 163082, 163084, 163086, 163087, 163089, 163090, 163091, 163092, 163093, 163094, 163095, 163096, 163097, 163098, 163099, 163101, 163102, 163103, 163104, 163105, 163109, 163110, 163112, 163113, 163115, 163116, 163117, 163120, 163121, 163123, 163124, 163126, 163127, 163128, 163130, 163131, 163132, 163135, 163137, 163138, 163139, 163144, 163145, 163146, 163148, 163152, 163153, 163158, 163161, 163162, 163164, 163169, 163170, 163171, 163172, 163174, 163176, 163177, 163178, 163187, 163190, 163191, 163192, 163194, 163195, 163196, 163198, 163199, 163200, 163202, 163203, 163204, 163206, 163207, 163208, 163209, 163210, 163213, 163214, 163215, 163217, 163218, 163220, 163221, 163223, 163225, 163228, 163231, 163232, 163234, 163236, 163237, 163240, 163241, 163242, 163248, 163251, 163253, 163254, 163256, 163257, 163261, 163262, 163263, 163264, 163267, 163268, 163271, 163272, 163280, 163282, 163283, 163284, 163288, 163289, 163290, 163291, 163292, 163293, 163294, 163295, 163296, 163301, 163303, 163304, 163305, 163306, 163307, 163308, 163309, 163310, 163311, 163315, 163316, 163317, 163319, 163320, 163321, 163322, 163327, 163328, 163329, 163331, 163332, 163333, 163334, 163335, 163336, 163339, 163344, 163345, 163346, 163347, 163348, 163351, 163352, 163353, 163355, 163356, 163357, 163358, 163360, 163362, 163366, 163369, 163370, 163371, 163372, 163374, 163375, 163376, 163377, 163382, 163384, 163386, 163387, 163389, 163391, 163392, 163393, 163394, 163395, 163398, 163399, 163400, 163405, 163410, 163413, 163418, 163419, 163420, 163421, 163422, 163425, 163427, 163428, 163431, 163432, 163435, 163436, 163437, 163438, 163439, 163440, 163443, 163444, 163445, 163446, 163447, 163449, 163450, 163451, 163452, 163453, 163454, 163456, 163457, 163461, 163462, 163464, 163465, 163467, 163471, 163472, 163473, 163475, 163476, 163480, 163482, 163483, 163485, 163486, 163493, 163494, 163495, 163496, 163497, 163500, 163501, 163503, 163504, 163505, 163506, 163507, 163509, 163510, 163511, 163513, 163514, 163516, 163517, 163518, 163520, 163522, 163524, 163525, 163527, 163528, 163529, 163532, 163534, 163536, 163537, 163542, 163543, 163544, 163545, 163546, 163547, 163548, 163550, 163551, 163553, 163554, 163556, 163558, 163559, 163560, 163563, 163565, 163566, 163568, 163569, 163570, 163572, 163575, 163577, 163579, 163580, 163581, 163584, 163585, 163586, 163587, 163588, 163590, 163591, 163592, 163593, 163594, 163596, 163598, 163599, 163602, 163604, 163605, 163607, 163612, 163613, 163617, 163618, 163619, 163620, 163621, 163622, 163625, 163627, 163628, 163629, 163634, 163635, 163636, 163637, 163638, 163640, 163641, 163642, 163644, 163645, 163649, 163650, 163651, 163652, 163653, 163654, 163657, 163659, 163660, 163663, 163664, 163665, 163667, 163671, 163672, 163674, 163677, 163678, 163680, 163683, 163684, 163685, 163687, 163689, 163691, 163695, 163697, 163698, 163701, 163702, 163703, 163704, 163705, 163707, 163709, 163712, 163713, 163714, 163715, 163716, 163717, 163718, 163719, 163721, 163722, 163724, 163725, 163726, 163728, 163729, 163730, 163731, 163732, 163733, 163734, 163735, 163738, 163739, 163740, 163741, 163742, 163744, 163745, 163748, 163749, 163750, 163753, 163754, 163757, 163758, 163759, 163760, 163761, 163763, 163764, 163765, 163767, 163768, 163770, 163771, 163772, 163775, 163779, 163781, 163782, 163783, 163785, 163786, 163789, 163791, 163794, 163798, 163800, 163802, 163805, 163806, 163808, 163809, 163811, 163812, 163815, 163816, 163819, 163822, 163823, 163824, 163825, 163828, 163829, 163830, 163831, 163832, 163833, 163834, 163835, 163836, 163838, 163839, 163840, 163841, 163842, 163843, 163846, 163847, 163848, 163849, 163851, 163853, 163856, 163857, 163858, 163862, 163863, 163864, 163865, 163866, 163867, 163869, 163871, 163873, 163874, 163876, 163879, 163880, 163881, 163882, 163883, 163884, 163885, 163887, 163890, 163891, 163893, 163897, 163898, 163899, 163900, 163904, 163905, 163906, 163907, 163910, 163911, 163912, 163914, 163917, 163920, 163921, 163922, 163925, 163926, 163928, 163930, 163932, 163933, 163934, 163935, 163936, 163937, 163938, 163939, 163940, 163941, 163942, 163943, 163944, 163945, 163947, 163948, 163949, 163950, 163951, 163952, 163954, 163955, 163956, 163957, 163958, 163959, 163960, 163962, 163966, 163967, 163969, 163970, 163971, 163972, 163973, 163974, 163975, 163976, 163977, 163978, 163980, 163982, 163983, 163984, 163985, 163986, 163987, 163988, 163990, 163991, 163992, 163995, 163996, 163997, 163998, 163999, 164002, 164003, 164004, 164005, 164006, 164007, 164008, 164009, 164012, 164013, 164014, 164015, 164016, 164017, 164018, 164019, 164021, 164023, 164024, 164025, 164027, 164030, 164031, 164034, 164035, 164036, 164037, 164042, 164043, 164044, 164045, 164046, 164048, 164049, 164050, 164052, 164053, 164054, 164057, 164058, 164060, 164061, 164063, 164064, 164065, 164068, 164069, 164070, 164071, 164074, 164076, 164077, 164080, 164081, 164082, 164083, 164086, 164088, 164092, 164094, 164095, 164096, 164097, 164100, 164101, 164102, 164103, 164104, 164107, 164108, 164109, 164111, 164112, 164113, 164115, 164118, 164119, 164120, 164123, 164125, 164126, 164127, 164128, 164131, 164132, 164133, 164134, 164137, 164138, 164140, 164142, 164143, 164144, 164145, 164147, 164148, 164149, 164151, 164152, 164154, 164155, 164156, 164158, 164160, 164162, 164164, 164166, 164168, 164170, 164171, 164172, 164174, 164176, 164177, 164178, 164179, 164184, 164186, 164189, 164190, 164191, 164193, 164194, 164197, 164198, 164199, 164201, 164202, 164203, 164206, 164207, 164208, 164210, 164212, 164214, 164215, 164216, 164218, 164221, 164222, 164223, 164225, 164226, 164228, 164230, 164231, 164234, 164236, 164237, 164238, 164239, 164240, 164241, 164242, 164244, 164245, 164246, 164247, 164248, 164249, 164250, 164251, 164252, 164253, 164254, 164257, 164258, 164262, 164264, 164267, 164268, 164271, 164274, 164275, 164276, 164277, 164278, 164280, 164281, 164282, 164283, 164284, 164285, 164286, 164289, 164293, 164294, 164295, 164296, 164297, 164298, 164303, 164305, 164306, 164307, 164308, 164310, 164311, 164314, 164315, 164316, 164317, 164318, 164319, 164320, 164322, 164324, 164325, 164329, 164330, 164332, 164333, 164334, 164335, 164336, 164337, 164342, 164343, 164345, 164351, 164353, 164354, 164356, 164358, 164360, 164361, 164362, 164364, 164365, 164366, 164368, 164369, 164373, 164374, 164378, 164379, 164380, 164381, 164386, 164387, 164388, 164389, 164390, 164391, 164392, 164393, 164394, 164395, 164397, 164399, 164400, 164401, 164402, 164404, 164405, 164406, 164407, 164408, 164410, 164411, 164412, 164413, 164415, 164418, 164421, 164422, 164424, 164426, 164427, 164428, 164429, 164431, 164432, 164434, 164435, 164436, 164437, 164439, 164440, 164442, 164445, 164448, 164449, 164453, 164454, 164456, 164457, 164458, 164459, 164460, 164461, 164462, 164466, 164468, 164470, 164471, 164475, 164478, 164479, 164481, 164482, 164486, 164487, 164488, 164490, 164491, 164492, 164495, 164496, 164502, 164504, 164505, 164506, 164509, 164510, 164511, 164512, 164513, 164515, 164516, 164518, 164519, 164521, 164522, 164523, 164524, 164526, 164528, 164529, 164532, 164536, 164541, 164542, 164543, 164544, 164546, 164547, 164549, 164550, 164552, 164553, 164554, 164555, 164556, 164559, 164561, 164563, 164565, 164566, 164569, 164571, 164573, 164575, 164578, 164579, 164581, 164582, 164583, 164584, 164586, 164587, 164588, 164589, 164591, 164592, 164594, 164598, 164599, 164600, 164602, 164603, 164605, 164607, 164608, 164611, 164612, 164613, 164615, 164616, 164618, 164619, 164621, 164623, 164624, 164625, 164627, 164628, 164629, 164632, 164633, 164634, 164638, 164639, 164640, 164644, 164645, 164646, 164647, 164648, 164649, 164650, 164651, 164653, 164655, 164656, 164657, 164661, 164664, 164667, 164668, 164669, 164670, 164671, 164672, 164673, 164674, 164676, 164677, 164679, 164680, 164681, 164682, 164683, 164687, 164689, 164691, 164692, 164694, 164695, 164698, 164699, 164700, 164703, 164706, 164709, 164710, 164711, 164712, 164714, 164716, 164718, 164719, 164720, 164721, 164722, 164723, 164724, 164725, 164728, 164729, 164730, 164732, 164733, 164734, 164735, 164736, 164737, 164738, 164740, 164741, 164742, 164743, 164744, 164749, 164750, 164751, 164752, 164753, 164754, 164755, 164756, 164757, 164758, 164759, 164760, 164762, 164763, 164769, 164770, 164774, 164775, 164776, 164778, 164779, 164780, 164781, 164783, 164784, 164785, 164788, 164789, 164790, 164791, 164792, 164793, 164797, 164798, 164799, 164800, 164802, 164803, 164804, 164805, 164806, 164807, 164808, 164810, 164811, 164812, 164813, 164814, 164815, 164816, 164818, 164820, 164821, 164825, 164826, 164827, 164829, 164830, 164831, 164832, 164834, 164836, 164837, 164838, 164840, 164841, 164844, 164845, 164846, 164848, 164850, 164855, 164856, 164857, 164858, 164860, 164861, 164862, 164864, 164865, 164868, 164869, 164870, 164872, 164875, 164877, 164878, 164880, 164882, 164884, 164885, 164887, 164889, 164892, 164893, 164898, 164899, 164902, 164903, 164906, 164908, 164909, 164910, 164914, 164915, 164916, 164918, 164919, 164920, 164922, 164926, 164927, 164928, 164929, 164930, 164931, 164932, 164933, 164934, 164936, 164937, 164938, 164940, 164941, 164944, 164945, 164946, 164947, 164949, 164951, 164952, 164953, 164956, 164959, 164963, 164964, 164968, 164969, 164970, 164971, 164972, 164973, 164976, 164977, 164979, 164980, 164982, 164983, 164986, 164987, 164988, 164990, 164992, 164993, 164995, 164996, 164997, 164998, 164999, 165000, 165001, 165004, 165005, 165006, 165007, 165008, 165009, 165010, 165011, 165012, 165014, 165015, 165016, 165017, 165018, 165019, 165020, 165021, 165022, 165023, 165024, 165025, 165026, 165028, 165029, 165030, 165031, 165034, 165035, 165036, 165039, 165040, 165041, 165042, 165044, 165047, 165048, 165049, 165050, 165051, 165052, 165053, 165056, 165060, 165061, 165063, 165064, 165065, 165067, 165069, 165070, 165073, 165074, 165075, 165077, 165078, 165079, 165081, 165083, 165084, 165085, 165088, 165089, 165090, 165091, 165093, 165095, 165097, 165098, 165099, 165100, 165103, 165104, 165106, 165109, 165110, 165111, 165112, 165116, 165119, 165121, 165122, 165124, 165127, 165129, 165131, 165132, 165135, 165138, 165139, 165142, 165144, 165146, 165147, 165148, 165149, 165150, 165152, 165155, 165157, 165159, 165161, 165162, 165164, 165166, 165167, 165168, 165169, 165170, 165171, 165172, 165178, 165179, 165181, 165182, 165183, 165184, 165185, 165187, 165189, 165192, 165193, 165194, 165196, 165197, 165198, 165199, 165200, 165202, 165203, 165204, 165205, 165206, 165207, 165209, 165210, 165211, 165212, 165213, 165215, 165216, 165218, 165221, 165222, 165223, 165226, 165227, 165228, 165230, 165231, 165234, 165236, 165237, 165238, 165239, 165240, 165241, 165242, 165245, 165246, 165247, 165248, 165249, 165253, 165257, 165258, 165259, 165261, 165262, 165264, 165266, 165269, 165273, 165274, 165276, 165277, 165278, 165279, 165280, 165281, 165283, 165284, 165285, 165286, 165287, 165288, 165289, 165291, 165295, 165296, 165297, 165298, 165299, 165301, 165302, 165304, 165305, 165308, 165309, 165310, 165311, 165313, 165314, 165315, 165316, 165317, 165320, 165323, 165325, 165326, 165328, 165330, 165332, 165334, 165335, 165337, 165338, 165339, 165341, 165343, 165344, 165345, 165347, 165349, 165350, 165351, 165353, 165354, 165356, 165359, 165360, 165361, 165362, 165365, 165367, 165368, 165369, 165370, 165372, 165375, 165377, 165379, 165381, 165382, 165383, 165384, 165385, 165387, 165388, 165390, 165392, 165393, 165394, 165396, 165399, 165400, 165401, 165402, 165403, 165404, 165405, 165407, 165415, 165416, 165419, 165420, 165422, 165424, 165425, 165427, 165428, 165429, 165432, 165433, 165434, 165435, 165436, 165437, 165440, 165441, 165443, 165445, 165446, 165448, 165450, 165452, 165453, 165454, 165455, 165456, 165459, 165465, 165467, 165468, 165469, 165470, 165471, 165472, 165473, 165476, 165478, 165479, 165481, 165482, 165483, 165484, 165487, 165488, 165489, 165491, 165492, 165494, 165496, 165498, 165499, 165500, 165503, 165504, 165505, 165506, 165507, 165508, 165509, 165510, 165511, 165513, 165514, 165515, 165516, 165517, 165518, 165519, 165520, 165522, 165523, 165525, 165527, 165528, 165529, 165530, 165531, 165532, 165534, 165535, 165536, 165537, 165538, 165539, 165541, 165542, 165543, 165544, 165548, 165549, 165551, 165554, 165556, 165557, 165558, 165559, 165560, 165561, 165563, 165565, 165566, 165567, 165568, 165570, 165574, 165576, 165579, 165582, 165583, 165584, 165585, 165587, 165590, 165591, 165592, 165593, 165594, 165595, 165596, 165599, 165602, 165603, 165604, 165605, 165607, 165609, 165610, 165611, 165612, 165613, 165615, 165616, 165618, 165620, 165623, 165625, 165626, 165627, 165628, 165629, 165630, 165631, 165632, 165633, 165634, 165635, 165636, 165638, 165639, 165640, 165641, 165642, 165643, 165644, 165646, 165647, 165648, 165649, 165650, 165651, 165653, 165654, 165657, 165660, 165661, 165664, 165665, 165666, 165668, 165670, 165673, 165676, 165678, 165679, 165683, 165685, 165686, 165687, 165688, 165689, 165690, 165691, 165693, 165695, 165697, 165698, 165699, 165701, 165702, 165703, 165706, 165707, 165708, 165709, 165710, 165711, 165712, 165713, 165715, 165717, 165718, 165719, 165720, 165721, 165728, 165731, 165736, 165737, 165739, 165744, 165745, 165746, 165751, 165754, 165756, 165757, 165758, 165759, 165760, 165761, 165762, 165763, 165765, 165766, 165767, 165768, 165769, 165771, 165772, 165773, 165775, 165777, 165779, 165780, 165781, 165782, 165783, 165785, 165789, 165791, 165792, 165794, 165795, 165796, 165798, 165800, 165802, 165803, 165806, 165807, 165810, 165812, 165813, 165815, 165817, 165818, 165819, 165821, 165823, 165826, 165828, 165829, 165831, 165832, 165833, 165834, 165835, 165836, 165837, 165838, 165841, 165842, 165844, 165845, 165849, 165852, 165853, 165855, 165856, 165857, 165858, 165859, 165860, 165862, 165863, 165864, 165865, 165866, 165867, 165868, 165869, 165870, 165871, 165872, 165873, 165874, 165875, 165876, 165880, 165882, 165883, 165884, 165885, 165886, 165887, 165888, 165891, 165892, 165893, 165894, 165897, 165898, 165899, 165900, 165901, 165902, 165903, 165904, 165905, 165913, 165914, 165915, 165917, 165919, 165920, 165922, 165924, 165925, 165926, 165927, 165928, 165929, 165930, 165931, 165933, 165935, 165937, 165939, 165940, 165942, 165943, 165945, 165946, 165947, 165948, 165949, 165951, 165952, 165953, 165954, 165955, 165957, 165958, 165960, 165961, 165962, 165964, 165965, 165968, 165970, 165971, 165972, 165973, 165974, 165977, 165979, 165980, 165981, 165982, 165983, 165985, 165986, 165987, 165988, 165989, 165991, 165992, 165994, 165995, 165996, 165997, 165999, 166000, 166002, 166008, 166011, 166012, 166013, 166014, 166016, 166020, 166021, 166022, 166024, 166028, 166029, 166030, 166031, 166032, 166033, 166034, 166035, 166037, 166038, 166042, 166044, 166045, 166046, 166047, 166048, 166050, 166053, 166055, 166056, 166060, 166061, 166062, 166063, 166064, 166066, 166067, 166068, 166075, 166076, 166077, 166078, 166081, 166082, 166083, 166085, 166086, 166087, 166088, 166089, 166090, 166091, 166092, 166094, 166095, 166097, 166100, 166102, 166103, 166105, 166106, 166108, 166110, 166111, 166113, 166115, 166118, 166119, 166122, 166126, 166127, 166129, 166133, 166134, 166138, 166139, 166142, 166143, 166145, 166146, 166147, 166149, 166155, 166156, 166159, 166161, 166162, 166163, 166164, 166165, 166166, 166171, 166172, 166174, 166178, 166179, 166180, 166182, 166184, 166185, 166186, 166187, 166188, 166190, 166191, 166192, 166194, 166195, 166197, 166199, 166202, 166204, 166206, 166212, 166213, 166214, 166215, 166216, 166217, 166218, 166219, 166222, 166223, 166224, 166225, 166227, 166229, 166232, 166235, 166236, 166237, 166238, 166239, 166241, 166244, 166246, 166247, 166248, 166249, 166250, 166251, 166253, 166254, 166256, 166257, 166261, 166262, 166264, 166266, 166267, 166270, 166271, 166272, 166274, 166276, 166277, 166280, 166281, 166282, 166284, 166285, 166286, 166288, 166290, 166291, 166293, 166295, 166297, 166298, 166299, 166300, 166301, 166302, 166304, 166305, 166306, 166307, 166309, 166310, 166311, 166312, 166313, 166314, 166315, 166318, 166319, 166320, 166321, 166324, 166326, 166330, 166332, 166337, 166338, 166339, 166340, 166341, 166345, 166347, 166348, 166349, 166350, 166351, 166352, 166353, 166354, 166359, 166361, 166362, 166363, 166366, 166367, 166369, 166370, 166371, 166373, 166374, 166375, 166378, 166380, 166381, 166386, 166387, 166388, 166391, 166393, 166394, 166395, 166396, 166397, 166399, 166400, 166401, 166403, 166404, 166405, 166406, 166407, 166408, 166409, 166410, 166411, 166412, 166413, 166414, 166416, 166420, 166421, 166422, 166423, 166425, 166426, 166428, 166429, 166430, 166431, 166433, 166435, 166437, 166438, 166440, 166442, 166443, 166444, 166446, 166448, 166449, 166451, 166456, 166459, 166462, 166463, 166465, 166468, 166470, 166472, 166474, 166475, 166476, 166477, 166479, 166482, 166483, 166486, 166487, 166488, 166490, 166491, 166492, 166494, 166497, 166498, 166499, 166500, 166501, 166502, 166503, 166504, 166505, 166506, 166507, 166508, 166510, 166512, 166514, 166516, 166517, 166518, 166519, 166520, 166521, 166523, 166526, 166528, 166530, 166535, 166536, 166541, 166543, 166544, 166546, 166547, 166548, 166549, 166550, 166551, 166552, 166553, 166554, 166555, 166556, 166558, 166559, 166560, 166562, 166563, 166564, 166565, 166566, 166567, 166569, 166571, 166573, 166576, 166578, 166579, 166580, 166583, 166585, 166587, 166589, 166591, 166592, 166593, 166595, 166596, 166597, 166598, 166599, 166600, 166602, 166603, 166604, 166606, 166607, 166608, 166609, 166612, 166617, 166618, 166619, 166620, 166621, 166624, 166625, 166626, 166627, 166629, 166630, 166632, 166633, 166634, 166636, 166639, 166641, 166642, 166643, 166649, 166650, 166652, 166655, 166656, 166657, 166659, 166660, 166661, 166662, 166664, 166665, 166666, 166668, 166669, 166670, 166671, 166672, 166673, 166674, 166675, 166676, 166678, 166679, 166680, 166681, 166682, 166683, 166684, 166685, 166686, 166687, 166689, 166690, 166691, 166693, 166694, 166695, 166697, 166700, 166701, 166702, 166704, 166706, 166708, 166710, 166711, 166712, 166717, 166718, 166721, 166722, 166723, 166725, 166726, 166727, 166728, 166729, 166730, 166731, 166732, 166734, 166735, 166736, 166739, 166741, 166742, 166743, 166747, 166748, 166749, 166750, 166754, 166755, 166756, 166758, 166759, 166760, 166761, 166762, 166764, 166767, 166769, 166770, 166773, 166776, 166777, 166779, 166780, 166781, 166782, 166783, 166785, 166786, 166789, 166790, 166792, 166796, 166797, 166799, 166800, 166803, 166804, 166810, 166813, 166814, 166816, 166822, 166825, 166826, 166827, 166828, 166829, 166831, 166832, 166833, 166835, 166836, 166837, 166838, 166840, 166841, 166842, 166843, 166844, 166845, 166846, 166847, 166848, 166850, 166851, 166853, 166854, 166856, 166859, 166860, 166861, 166862, 166863, 166864, 166865, 166869, 166871, 166872, 166873, 166874, 166876, 166878, 166883, 166885, 166889, 166890, 166891, 166892, 166893, 166894, 166896, 166897, 166899, 166900, 166902, 166903, 166904, 166905, 166906, 166907, 166910, 166911, 166912, 166913, 166914, 166917, 166919, 166920, 166921, 166922, 166924, 166926, 166927, 166928, 166929, 166931, 166932, 166933, 166935, 166936, 166938, 166939, 166941, 166942, 166944, 166947, 166948, 166949, 166950, 166951, 166952, 166954, 166955, 166956, 166958, 166959, 166960, 166965, 166967, 166969, 166970, 166972, 166973, 166974, 166975, 166977, 166978, 166979, 166980, 166981, 166982, 166983, 166985, 166986, 166987, 166988, 166993, 166994, 166996, 166997, 166999, 167001, 167002, 167003, 167004, 167005, 167006, 167008, 167010, 167012, 167013, 167014, 167017, 167018, 167019, 167020, 167021, 167022, 167023, 167025, 167028, 167029, 167030, 167032, 167033, 167034, 167035, 167036, 167037, 167038, 167039, 167041, 167042, 167044, 167045, 167047, 167050, 167051, 167052, 167053, 167054, 167055, 167056, 167057, 167059, 167060, 167061, 167063, 167065, 167066, 167067, 167068, 167071, 167072, 167073, 167074, 167075, 167076, 167078, 167079, 167080, 167081, 167083, 167084, 167086, 167087, 167089, 167090, 167091, 167092, 167093, 167095, 167097, 167098, 167099, 167102, 167103, 167104, 167105, 167107, 167110, 167111, 167112, 167113, 167115, 167116, 167119, 167121, 167122, 167125, 167126, 167127, 167128, 167129, 167130, 167131, 167132, 167134, 167135, 167136, 167137, 167145, 167146, 167148, 167150, 167152, 167153, 167154, 167155, 167156, 167158, 167159, 167162, 167165, 167168, 167169, 167170, 167171, 167172, 167173, 167174, 167175, 167176, 167177, 167178, 167181, 167182, 167185, 167187, 167189, 167190, 167191, 167192, 167194, 167195, 167197, 167200, 167202, 167203, 167204, 167205, 167206, 167207, 167208, 167209, 167210, 167211, 167213, 167214, 167215, 167216, 167218, 167222, 167223, 167224, 167225, 167228, 167229, 167230, 167231, 167235, 167237, 167238, 167239, 167242, 167246, 167248, 167249, 167250, 167251, 167252, 167253, 167254, 167255, 167256, 167257, 167259, 167260, 167261, 167262, 167263, 167264, 167265, 167267, 167269, 167271, 167272, 167273, 167279, 167280, 167282, 167283, 167284, 167286, 167288, 167293, 167295, 167296, 167297, 167299, 167300, 167301, 167305, 167306, 167307, 167308, 167310, 167311, 167313, 167318, 167319, 167321, 167322, 167323, 167325, 167326, 167327, 167328, 167331, 167333, 167334, 167335, 167336, 167339, 167340, 167341, 167342, 167343, 167345, 167346, 167347, 167349, 167354, 167357, 167358, 167359, 167360, 167361, 167362, 167363, 167365, 167366, 167368, 167369, 167371, 167372, 167374, 167375, 167376, 167377, 167379, 167381, 167382, 167384, 167386, 167388, 167389, 167390, 167391, 167393, 167395, 167396, 167397, 167398, 167399, 167400, 167401, 167402, 167403, 167404, 167408, 167409, 167410, 167411, 167412, 167413, 167414, 167415, 167416, 167418, 167419, 167423, 167424, 167426, 167429, 167430, 167431, 167432, 167435, 167439, 167440, 167441, 167442, 167444, 167445, 167446, 167447, 167450, 167451, 167453, 167454, 167455, 167456, 167457, 167459, 167461, 167464, 167465, 167466, 167467, 167468, 167469, 167471, 167472, 167473, 167475, 167476, 167477, 167480, 167481, 167482, 167483, 167484, 167486, 167488, 167489, 167490, 167492, 167493, 167497, 167498, 167499, 167500, 167501, 167504, 167505, 167507, 167511, 167513, 167514, 167515, 167516, 167517, 167518, 167519, 167520, 167521, 167522, 167524, 167525, 167527, 167529, 167530, 167532, 167533, 167534, 167536, 167537, 167538, 167544, 167545, 167547, 167549, 167553, 167554, 167555, 167556, 167557, 167558, 167559, 167561, 167562, 167564, 167565, 167566, 167568, 167569, 167570, 167571, 167572, 167573, 167578, 167580, 167581, 167582, 167583, 167584, 167585, 167586, 167587, 167589, 167591, 167592, 167594, 167595, 167596, 167597, 167599, 167602, 167604, 167605, 167606, 167608, 167609, 167611, 167612, 167613, 167614, 167615, 167618, 167622, 167623, 167624, 167625, 167626, 167627, 167628, 167630, 167635, 167636, 167637, 167638, 167639, 167640, 167641, 167643, 167645, 167646, 167647, 167648, 167650, 167652, 167653, 167654, 167655, 167656, 167657, 167660, 167661, 167664, 167666, 167669, 167670, 167671, 167675, 167676, 167677, 167680, 167681, 167685, 167686, 167689, 167691, 167692, 167693, 167694, 167695, 167698, 167699, 167700, 167701, 167703, 167704, 167707, 167710, 167712, 167713, 167717, 167719, 167721, 167722, 167724, 167726, 167727, 167728, 167729, 167730, 167731, 167732, 167733, 167735, 167737, 167738, 167739, 167740, 167741, 167742, 167743, 167744, 167746, 167747, 167748, 167749, 167750, 167751, 167753, 167755, 167756, 167758, 167759, 167760, 167761, 167763, 167764, 167765, 167768, 167773, 167774, 167779, 167780, 167781, 167783, 167787, 167788, 167789, 167790, 167791, 167792, 167793, 167796, 167797, 167799, 167800, 167801, 167802, 167803, 167804, 167805, 167808, 167809, 167811, 167812, 167815, 167816, 167817, 167818, 167819, 167821, 167822, 167823, 167824, 167825, 167826, 167828, 167829, 167830, 167831, 167832, 167833, 167835, 167837, 167838, 167839, 167840, 167841, 167842, 167843, 167844, 167845, 167847, 167849, 167851, 167852, 167854, 167855, 167858, 167860, 167861, 167862, 167863, 167864, 167867, 167868, 167871, 167873, 167874, 167875, 167880, 167881, 167883, 167884, 167885, 167886, 167889, 167890, 167891, 167892, 167893, 167894, 167895, 167897, 167901, 167903, 167904, 167905, 167906, 167907, 167908, 167910, 167911, 167912, 167913, 167915, 167918, 167919, 167921, 167923, 167925, 167926, 167927, 167931, 167932, 167933, 167938, 167941, 167943, 167944, 167948, 167949, 167950, 167951, 167952, 167958, 167959, 167960, 167961, 167962, 167965, 167970, 167971, 167972, 167973, 167974, 167975, 167976, 167977, 167978, 167979, 167980, 167981, 167984, 167985, 167986, 167987, 167988, 167989, 167990, 167993, 167994, 167996, 168001, 168004, 168005, 168006, 168008, 168009, 168010, 168013, 168017, 168018, 168020, 168021, 168024, 168025, 168026, 168027, 168029, 168035, 168039, 168040, 168041, 168042, 168043, 168047, 168048, 168052, 168053, 168055, 168056, 168059, 168060, 168061, 168062, 168064, 168065, 168067, 168068, 168069, 168070, 168072, 168073, 168074, 168076, 168077, 168078, 168079, 168081, 168083, 168084, 168086, 168087, 168088, 168092, 168093, 168094, 168095, 168097, 168098, 168100, 168101, 168102, 168104, 168107, 168109, 168110, 168114, 168117, 168118, 168119, 168120, 168121, 168122, 168123, 168124, 168125, 168126, 168127, 168128, 168129, 168132, 168133, 168134, 168136, 168138, 168141, 168143, 168144, 168145, 168147, 168148, 168153, 168154, 168155, 168156, 168158, 168159, 168160, 168164, 168166, 168167, 168169, 168170, 168171, 168174, 168175, 168177, 168179, 168181, 168184, 168185, 168189, 168190, 168192, 168193, 168194, 168195, 168197, 168198, 168200, 168201, 168204, 168206, 168207, 168210, 168213, 168214, 168216, 168222, 168224, 168225, 168227, 168228, 168233, 168235, 168238, 168239, 168240, 168241, 168242, 168245, 168246, 168248, 168249, 168250, 168251, 168253, 168254, 168255, 168256, 168257, 168260, 168262, 168264, 168265, 168266, 168267, 168268, 168269, 168271, 168274, 168276, 168277, 168278, 168279, 168280, 168281, 168285, 168286, 168288, 168291, 168292, 168293, 168294, 168297, 168299, 168301, 168306, 168307, 168308, 168309, 168310, 168311, 168312, 168313, 168314, 168317, 168318, 168319, 168320, 168321, 168322, 168324, 168325, 168327, 168328, 168329, 168330, 168331, 168332, 168333, 168334, 168336, 168337, 168338, 168339, 168340, 168341, 168343, 168344, 168346, 168347, 168348, 168349, 168350, 168352, 168353, 168354, 168355, 168356, 168359, 168360, 168361, 168362, 168365, 168366, 168368, 168369, 168370, 168371, 168372, 168377, 168378, 168379, 168380, 168381, 168384, 168386, 168387, 168388, 168391, 168392, 168394, 168395, 168398, 168399, 168401, 168402, 168405, 168406, 168408, 168410, 168411, 168415, 168416, 168417, 168419, 168421, 168422, 168424, 168426, 168427, 168428, 168429, 168430, 168432, 168433, 168434, 168436, 168437, 168440, 168441, 168443, 168444, 168445, 168446, 168449, 168454, 168455, 168458, 168459, 168460, 168463, 168464, 168466, 168467, 168468, 168469, 168470, 168472, 168473, 168474, 168475, 168478, 168479, 168480, 168483, 168484, 168486, 168487, 168489, 168492, 168495, 168496, 168498, 168499, 168500, 168501, 168505, 168507, 168509, 168512, 168515, 168516, 168523, 168525, 168526, 168527, 168528, 168529, 168530, 168531, 168532, 168533, 168534, 168535, 168536, 168537, 168538, 168539, 168540, 168543, 168544, 168546, 168547, 168550, 168551, 168552, 168557, 168558, 168559, 168560, 168562, 168563, 168569, 168570, 168572, 168574, 168575, 168577, 168578, 168582, 168584, 168586, 168587, 168589, 168590, 168591, 168592, 168594, 168595, 168596, 168597, 168598, 168599, 168605, 168606, 168607, 168608, 168609, 168611, 168614, 168615, 168618, 168621, 168625, 168626, 168627, 168628, 168629, 168630, 168632, 168633, 168635, 168637, 168640, 168643, 168644, 168645, 168646, 168647, 168649, 168651, 168653, 168654, 168655, 168656, 168657, 168658, 168660, 168661, 168663, 168665, 168667, 168670, 168672, 168673, 168675, 168681, 168682, 168683, 168684, 168686, 168687, 168690, 168691, 168692, 168693, 168694, 168696, 168697, 168698, 168699, 168700, 168701, 168704, 168705, 168708, 168709, 168710, 168711, 168712, 168714, 168715, 168716, 168722, 168723, 168724, 168725, 168728, 168729, 168731, 168732, 168734, 168737, 168739, 168740, 168743, 168745, 168746, 168747, 168752, 168757, 168758, 168761, 168762, 168763, 168764, 168765, 168766, 168767, 168768, 168771, 168775, 168776, 168777, 168779, 168780, 168781, 168783, 168784, 168785, 168788, 168789, 168790, 168791, 168795, 168800, 168801, 168802, 168803, 168804, 168808, 168810, 168813, 168814, 168815, 168817, 168820, 168821, 168822, 168823, 168824, 168826, 168827, 168833, 168835, 168836, 168841, 168843, 168845, 168846, 168850, 168852, 168854, 168857, 168858, 168859, 168860, 168862, 168863, 168865, 168866, 168867, 168868, 168869, 168870, 168872, 168873, 168878, 168882, 168883, 168884, 168885, 168886, 168887, 168891, 168893, 168896, 168897, 168899, 168900, 168902, 168903, 168904, 168905, 168907, 168909, 168911, 168912, 168915, 168917, 168918, 168920, 168922, 168924, 168925, 168926, 168927, 168928, 168929, 168931, 168935, 168945, 168969, 168993, 168996, 168997, 169003, 169010, 169017, 169019, 169035, 169054, 169056, 169065, 169066, 169079, 169086, 169100, 169101, 169103, 169106, 169109, 169119, 169132, 169138, 169159, 169162, 169170, 169178, 169193, 169202, 169213, 169218, 169224, 169225, 169250, 169254, 169266, 169269, 169285, 169302, 169315, 169324, 169344, 169365, 169380, 169382, 169399, 169418, 169443, 169492, 169493, 169499, 169503, 169511, 169521, 169553, 169557, 169563, 169636, 169643, 169646, 169647, 169652, 169653, 169673, 169677, 169718, 169723, 169725, 169728, 169755, 169771, 169774, 169783, 169788, 169803, 169813, 169819, 169860, 169866, 169872, 169879, 169887, 169899, 169915, 169928, 169933, 169934, 169936, 169968, 169970, 169971, 169973, 169991, 170003, 170030, 170048, 170058, 170079, 170082, 170096, 170099, 170140, 170159, 170170, 170186, 170208, 170232, 170242, 170283, 170291, 170312, 170316, 170328, 170336, 170355, 170381, 170406, 170489, 170508, 170513, 170516, 170518, 170527, 170558, 170578, 170592, 170600, 170622, 170650, 170654, 170657, 170659, 170666, 170670, 170678, 170706, 170730, 170732, 170733, 170747, 170755, 170757, 170761, 170783, 170810, 170812, 170856, 170872, 170882, 170919, 170924, 170928, 170929, 171006, 171025, 171029, 171047, 171049, 171052, 171058, 171060, 171061, 171065, 171074, 171084, 171121, 171128, 171133, 171145, 171155, 171160, 171165, 171166, 171187, 171200, 171206, 171214, 171233, 171238, 171264, 171288, 171291, 171298, 171302, 171305, 171328, 171340, 171348, 171372, 171388, 171401, 171406, 171412, 171414, 171419, 171421, 171465, 171472, 171513, 171536, 171539, 171557, 171594, 171618, 171624, 171627, 171644, 171660, 171670, 171675, 171713, 171721, 171732, 171736, 171760, 171783, 171791, 171797, 171802, 171803, 171807, 171812, 171818, 171829, 171880, 171900, 171915, 171916, 171923, 171927, 171929, 171940, 171977, 172000, 172005, 172028, 172031, 172037, 172042, 172064, 172075, 172097, 172103, 172122, 172123, 172144, 172148, 172153, 172168, 172170, 172171, 172175, 172182, 172195, 172196, 172199, 172205, 172207, 172208, 172219, 172220, 172225, 172248, 172280, 172282, 172283, 172285, 172287, 172294, 172298, 172305, 172321, 172322, 172324, 172342, 172349, 172353, 172363, 172372, 172393, 172395, 172408, 172410, 172416, 172425, 172455, 172482, 172484, 172492, 172503, 172558, 172567, 172585, 172600, 172603, 172614, 172672, 172678, 172690, 172700, 172720, 172738, 172740, 172759, 172760, 172789, 172827, 172842, 172847, 172848, 172856, 172870, 172872, 172878, 172889, 172903, 172906, 172907, 172909, 172940, 172952, 172958, 172966, 172983, 172989, 172990, 172992, 173003, 173014, 173022, 173025, 173032, 173033, 173034, 173035, 173043, 173047, 173048, 173052, 173056, 173064, 173069, 173082, 173083, 173117, 173121, 173149, 173153, 173156, 173164, 173167, 173172, 173196, 173198, 173217, 173228, 173263, 173264, 173266

--- Undiscovered B ids ---
65808, 65817, 65819, 65826, 65833, 65840, 65851, 65853, 65854, 65868, 65871, 65874, 65884, 65889, 65900, 65911, 65913, 65922, 65926, 65966, 65982, 65992, 66006, 66007, 66014, 66035, 66037, 66054, 66060, 66064, 66076, 66082, 66089, 66090, 66091, 66097, 66104, 66116, 66119, 66128, 66129, 66136, 66141, 66145, 66153, 66156, 66175, 66181, 66192, 66198, 66209, 66220, 66234, 66235, 66237, 66252, 66253, 66270, 66279, 66282, 66287, 66290, 66302, 66310, 66313, 66328, 66347, 66368, 66372, 66377, 66379, 66382, 66390, 66406, 66415, 66435, 66477, 66486, 66492, 66495, 66497, 66502, 66505, 66508, 66535, 66544, 66545, 66556, 66557, 66570, 66576, 66591, 66592, 66602, 66605, 66610, 66615, 66618, 66633, 66637, 66649, 66662, 66669, 66671, 66687, 66693, 66702, 66730, 66737, 66738, 66741, 66745, 66756, 66769, 66771, 66774, 66776, 66790, 66793, 66804, 66840, 66844, 66846, 66852, 66866, 66885, 66888, 66892, 66893, 66896, 66918, 66923, 66930, 66933, 66936, 66938, 66943, 66944, 66954, 66958, 66965, 66968, 66999, 67001, 67002, 67015, 67016, 67027, 67032, 67040, 67045, 67062, 67074, 67083, 67091, 67100, 67102, 67141, 67151, 67162, 67163, 67182, 67188, 67199, 67202, 67210, 67212, 67213, 67214, 67239, 67250, 67269, 67296, 67313, 67314, 67327, 67335, 67347, 67375, 67386, 67392, 67395, 67399, 67403, 67411, 67412, 67413, 67416, 67418, 67421, 67425, 67441, 67445, 67454, 67459, 67466, 67475, 67483, 67498, 67504, 67505, 67508, 67510, 67518, 67526, 67529, 67539, 67549, 67554, 67566, 67569, 67572, 67585, 67587, 67591, 67600, 67628, 67630, 67639, 67647, 67650, 67655, 67667, 67686, 67695, 67707, 67711, 67717, 67724, 67759, 67760, 67764, 67770, 67774, 67777, 67790, 67791, 67800, 67801, 67804, 67814, 67820, 67833, 67839, 67845, 67848, 67849, 67851, 67855, 67861, 67870, 67871, 67878, 67907, 67915, 67918, 67919, 67923, 67941, 67945, 67946, 67965, 67968, 67972, 67981, 67984, 67994, 67998, 68006, 68021, 68026, 68037, 68047, 68049, 68051, 68059, 68066, 68075, 68079, 68081, 68086, 68088, 68098, 68106, 68109, 68118, 68119, 68120, 68129, 68132, 68140, 68142, 68151, 68152, 68160, 68169, 68174, 68195, 68203, 68221, 68225, 68240, 68264, 68266, 68270, 68272, 68275, 68282, 68295, 68308, 68311, 68314, 68316, 68327, 68328, 68333, 68336, 68346, 68348, 68356, 68360, 68369, 68375, 68388, 68406, 68409, 68415, 68421, 68437, 68445, 68451, 68456, 68461, 68463, 68469, 68477, 68482, 68483, 68486, 68493, 68505, 68514, 68518, 68521, 68523, 68535, 68556, 68557, 68560, 68569, 68570, 68576, 68595, 68597, 68598, 68603, 68604, 68605, 68611, 68613, 68624, 68635, 68641, 68646, 68656, 68659, 68661, 68668, 68670, 68676, 68678, 68682, 68685, 68690, 68692, 68694, 68708, 68715, 68731, 68741, 68744, 68748, 68762, 68767, 68774, 68793, 68815, 68821, 68823, 68829, 68833, 68837, 68838, 68846, 68858, 68873, 68886, 68891, 68892, 68896, 68911, 68912, 68918, 68926, 68942, 68945, 68946, 68973, 68974, 68987, 68991, 68992, 69008, 69031, 69036, 69055, 69061, 69065, 69073, 69107, 69111, 69115, 69126, 69130, 69138, 69151, 69160, 69184, 69186, 69187, 69189, 69198, 69201, 69213, 69215, 69235, 69243, 69254, 69259, 69267, 69268, 69270, 69280, 69285, 69316, 69322, 69326, 69331, 69334, 69341, 69342, 69349, 69351, 69363, 69366, 69376, 69383, 69384, 69391, 69398, 69400, 69417, 69433, 69452, 69455, 69458, 69475, 69478, 69480, 69487, 69500, 69504, 69526, 69530, 69533, 69544, 69555, 69558, 69585, 69603, 69606, 69607, 69608, 69615, 69624, 69643, 69650, 69651, 69657, 69664, 69683, 69690, 69697, 69706, 69720, 69746, 69762, 69777, 69780, 69788, 69806, 69808, 69811, 69812, 69814, 69829, 69833, 69839, 69848, 69850, 69852, 69855, 69858, 69864, 69865, 69866, 69876, 69889, 69890, 69895, 69906, 69908, 69915, 69916, 69917, 69918, 69927, 69948, 69962, 69983, 69985, 69988, 69998, 70000, 70022, 70027, 70037, 70056, 70059, 70074, 70087, 70097, 70102, 70112, 70151, 70154, 70170, 70173, 70174, 70187, 70192, 70196, 70202, 70216, 70222, 70223, 70228, 70236, 70237, 70245, 70249, 70252, 70257, 70258, 70262, 70271, 70281, 70287, 70294, 70303, 70314, 70321, 70324, 70351, 70357, 70359, 70360, 70368, 70373, 70379, 70424, 70434, 70439, 70450, 70454, 70456, 70459, 70468, 70479, 70483, 70489, 70490, 70523, 70540, 70546, 70565, 70566, 70568, 70570, 70587, 70591, 70600, 70601, 70619, 70626, 70640, 70645, 70648, 70655, 70656, 70659, 70665, 70680, 70685, 70687, 70693, 70695, 70697, 70709, 70713, 70721, 70726, 70733, 70735, 70737, 70743, 70750, 70751, 70772, 70782, 70783, 70801, 70822, 70831, 70850, 70856, 70861, 70872, 70877, 70880, 70892, 70894, 70907, 70917, 70929, 70930, 70950, 70971, 70975, 70980, 70986, 71004, 71009, 71015, 71019, 71036, 71047, 71052, 71055, 71074, 71078, 71088, 71094, 71110, 71115, 71125, 71152, 71154, 71171, 71173, 71174, 71179, 71180, 71181, 71183, 71185, 71186, 71187, 71193, 71196, 71198, 71205, 71206, 71209, 71210, 71213, 71218, 71219, 71239, 71242, 71256, 71259, 71269, 71276, 71277, 71280, 71289, 71294, 71302, 71303, 71315, 71321, 71337, 71348, 71349, 71351, 71364, 71365, 71368, 71377, 71382, 71395, 71398, 71399, 71408, 71410, 71413, 71419, 71423, 71429, 71437, 71442, 71450, 71464, 71476, 71480, 71484, 71485, 71487, 71494, 71495, 71513, 71520, 71527, 71536, 71540, 71557, 71560, 71561, 71566, 71586, 71589, 71599, 71604, 71611, 71612, 71622, 71623, 71626, 71627, 71630, 71631, 71635, 71645, 71654, 71662, 71666, 71677, 71697, 71708, 71726, 71728, 71747, 71749, 71752, 71758, 71761, 71784, 71787, 71793, 71798, 71803, 71811, 71823, 71825, 71826, 71833, 71847, 71850, 71857, 71859, 71865, 71876, 71877, 71908, 71909, 71915, 71927, 71940, 71948, 71954, 71960, 71961, 71979, 72000, 72004, 72012, 72018, 72022, 72028, 72040, 72042, 72051, 72060, 72087, 72093, 72101, 72102, 72112, 72129, 72130, 72146, 72159, 72161, 72165, 72167, 72174, 72182, 72183, 72199, 72206, 72219, 72222, 72228, 72240, 72271, 72272, 72278, 72281, 72282, 72283, 72331, 72333, 72342, 72344, 72366, 72369, 72370, 72374, 72377, 72378, 72380, 72382, 72383, 72398, 72407, 72408, 72409, 72426, 72429, 72434, 72443, 72445, 72446, 72451, 72459, 72465, 72473, 72475, 72486, 72493, 72497, 72504, 72506, 72509, 72517, 72521, 72523, 72533, 72538, 72545, 72547, 72559, 72574, 72577, 72584, 72598, 72600, 72604, 72607, 72608, 72610, 72612, 72646, 72651, 72658, 72665, 72667, 72673, 72692, 72704, 72715, 72722, 72731, 72745, 72752, 72754, 72767, 72770, 72771, 72773, 72776, 72783, 72787, 72788, 72792, 72793, 72805, 72809, 72817, 72819, 72823, 72825, 72826, 72851, 72853, 72869, 72871, 72874, 72887, 72893, 72918, 72920, 72921, 72922, 72938, 72941, 72953, 72960, 72969, 72984, 72985, 72996, 73002, 73020, 73028, 73036, 73038, 73041, 73049, 73050, 73055, 73056, 73058, 73061, 73065, 73088, 73111, 73112, 73124, 73125, 73133, 73137, 73153, 73156, 73161, 73181, 73183, 73192, 73202, 73215, 73217, 73229, 73236, 73239, 73263, 73276, 73283, 73296, 73299, 73309, 73312, 73313, 73318, 73323, 73324, 73328, 73330, 73331, 73336, 73337, 73342, 73345, 73350, 73357, 73375, 73380, 73381, 73394, 73401, 73411, 73427, 73441, 73442, 73465, 73474, 73484, 73486, 73488, 73491, 73498, 73502, 73507, 73508, 73512, 73515, 73519, 73522, 73532, 73560, 73562, 73579, 73581, 73584, 73588, 73599, 73601, 73616, 73619, 73627, 73629, 73630, 73638, 73645, 73649, 73660, 73670, 73675, 73685, 73686, 73688, 73692, 73700, 73710, 73715, 73725, 73726, 73729, 73740, 73753, 73768, 73770, 73772, 73773, 73775, 73791, 73798, 73803, 73810, 73820, 73823, 73828, 73833, 73856, 73864, 73865, 73866, 73875, 73878, 73879, 73901, 73906, 73907, 73911, 73923, 73940, 73961, 73963, 73964, 73969, 73974, 73977, 73981, 73990, 73993, 74005, 74013, 74018, 74024, 74026, 74030, 74065, 74089, 74093, 74094, 74101, 74104, 74105, 74107, 74112, 74117, 74120, 74125, 74137, 74143, 74146, 74150, 74159, 74170, 74174, 74175, 74190, 74191, 74195, 74198, 74200, 74202, 74209, 74213, 74218, 74223, 74227, 74228, 74231, 74232, 74240, 74245, 74270, 74278, 74281, 74289, 74293, 74304, 74305, 74306, 74309, 74320, 74326, 74331, 74336, 74339, 74344, 74346, 74375, 74387, 74396, 74409, 74416, 74428, 74429, 74431, 74438, 74447, 74458, 74462, 74463, 74464, 74469, 74479, 74484, 74487, 74505, 74518, 74522, 74528, 74530, 74540, 74551, 74570, 74575, 74582, 74595, 74598, 74602, 74614, 74622, 74623, 74630, 74638, 74642, 74645, 74658, 74665, 74671, 74688, 74689, 74704, 74708, 74715, 74721, 74728, 74733, 74734, 74747, 74748, 74749, 74762, 74779, 74795, 74803, 74804, 74805, 74811, 74824, 74825, 74850, 74861, 74874, 74881, 74895, 74901, 74903, 74911, 74913, 74936, 74942, 74943, 74951, 74957, 74959, 74960, 74973, 74984, 75000, 75001, 75004, 75009, 75013, 75017, 75031, 75038, 75059, 75075, 75080, 75086, 75104, 75108, 75112, 75117, 75123, 75138, 75140, 75145, 75152, 75171, 75174, 75178, 75183, 75186, 75187, 75190, 75191, 75199, 75216, 75217, 75221, 75223, 75224, 75225, 75228, 75247, 75277, 75286, 75288, 75312, 75320, 75333, 75336, 75338, 75340, 75345, 75352, 75356, 75361, 75370, 75372, 75385, 75397, 75413, 75426, 75432, 75433, 75435, 75453, 75466, 75485, 75488, 75490, 75496, 75500, 75507, 75513, 75521, 75528, 75538, 75544, 75547, 75548, 75559, 75560, 75564, 75566, 75568, 75579, 75585, 75587, 75590, 75593, 75600, 75601, 75629, 75630, 75643, 75664, 75685, 75691, 75692, 75696, 75708, 75709, 75715, 75718, 75727, 75731, 75736, 75752, 75754, 75768, 75774, 75779, 75780, 75781, 75784, 75785, 75791, 75795, 75801, 75811, 75823, 75828, 75838, 75846, 75851, 75853, 75860, 75862, 75867, 75880, 75907, 75910, 75927, 75937, 75946, 75951, 75960, 75962, 75966, 75973, 75974, 75989, 75993, 76013, 76014, 76031, 76048, 76052, 76055, 76065, 76077, 76079, 76082, 76090, 76099, 76111, 76125, 76127, 76134, 76137, 76140, 76149, 76163, 76167, 76175, 76188, 76189, 76190, 76195, 76196, 76207, 76213, 76221, 76222, 76230, 76234, 76238, 76255, 76257, 76267, 76276, 76279, 76281, 76291, 76305, 76306, 76308, 76314, 76319, 76323, 76324, 76341, 76345, 76353, 76375, 76378, 76381, 76382, 76391, 76393, 76406, 76414, 76419, 76424, 76437, 76442, 76446, 76459, 76477, 76483, 76485, 76491, 76495, 76523, 76536, 76539, 76549, 76570, 76572, 76574, 76576, 76581, 76601, 76603, 76631, 76633, 76635, 76636, 76654, 76659, 76668, 76670, 76685, 76692, 76702, 76708, 76712, 76716, 76719, 76731, 76736, 76738, 76741, 76757, 76763, 76764, 76779, 76785, 76806, 76811, 76813, 76819, 76828, 76835, 76851, 76855, 76860, 76874, 76875, 76878, 76880, 76882, 76886, 76889, 76903, 76910, 76940, 76956, 76958, 76979, 76983, 77003, 77004, 77015, 77025, 77028, 77038, 77041, 77065, 77067, 77072, 77081, 77087, 77089, 77095, 77096, 77099, 77101, 77105, 77124, 77139, 77155, 77163, 77187, 77190, 77193, 77195, 77199, 77210, 77218, 77220, 77223, 77224, 77235, 77236, 77244, 77258, 77267, 77275, 77277, 77279, 77284, 77307, 77316, 77328, 77356, 77362, 77385, 77396, 77398, 77438, 77445, 77449, 77475, 77502, 77506, 77510, 77513, 77528, 77535, 77545, 77567, 77570, 77583, 77618, 77620, 77623, 77626, 77652, 77662, 77665, 77666, 77671, 77688, 77689, 77693, 77696, 77699, 77709, 77716, 77742, 77748, 77754, 77759, 77760, 77766, 77782, 77786, 77792, 77794, 77796, 77801, 77812, 77817, 77833, 77841, 77845, 77846, 77881, 77899, 77902, 77910, 77911, 77918, 77936, 77940, 77943, 77963, 77964, 77969, 77973, 77978, 77994, 77995, 78001, 78003, 78007, 78013, 78022, 78030, 78037, 78049, 78054, 78062, 78065, 78092, 78102, 78104, 78108, 78117, 78122, 78139, 78148, 78156, 78173, 78183, 78184, 78193, 78199, 78200, 78211, 78214, 78215, 78218, 78222, 78224, 78241, 78247, 78257, 78263, 78267, 78274, 78279, 78294, 78304, 78305, 78308, 78310, 78311, 78324, 78348, 78350, 78351, 78354, 78359, 78367, 78371, 78392, 78394, 78402, 78408, 78425, 78429, 78433, 78434, 78435, 78436, 78446, 78452, 78471, 78490, 78499, 78519, 78525, 78550, 78569, 78570, 78575, 78577, 78589, 78593, 78603, 78604, 78635, 78637, 78641, 78651, 78658, 78670, 78675, 78679, 78681, 78683, 78684, 78696, 78697, 78701, 78720, 78733, 78736, 78766, 78769, 78777, 78791, 78817, 78825, 78826, 78831, 78832, 78834, 78841, 78857, 78858, 78863, 78866, 78875, 78879, 78894, 78904, 78907, 78919, 78920, 78925, 78927, 78952, 78954, 78965, 78969, 78984, 78987, 78992, 78993, 79015, 79016, 79020, 79022, 79033, 79036, 79040, 79041, 79042, 79046, 79053, 79058, 79063, 79065, 79084, 79090, 79093, 79113, 79115, 79116, 79120, 79121, 79127, 79130, 79137, 79139, 79141, 79147, 79148, 79154, 79166, 79170, 79177, 79186, 79196, 79208, 79209, 79239, 79245, 79246, 79284, 79296, 79298, 79306, 79309, 79313, 79315, 79317, 79324, 79336, 79348, 79355, 79361, 79365, 79378, 79380, 79384, 79396, 79400, 79402, 79405, 79406, 79427, 79435, 79439, 79462, 79467, 79470, 79472, 79474, 79481, 79491, 79514, 79518, 79519, 79524, 79525, 79540, 79541, 79542, 79544, 79546, 79547, 79549, 79558, 79559, 79566, 79567, 79568, 79569, 79574, 79577, 79583, 79590, 79595, 79596, 79616, 79617, 79651, 79656, 79658, 79668, 79672, 79675, 79696, 79698, 79705, 79715, 79718, 79723, 79725, 79735, 79736, 79738, 79757, 79781, 79782, 79784, 79788, 79791, 79808, 79812, 79827, 79856, 79862, 79867, 79873, 79889, 79901, 79915, 79916, 79917, 79919, 79920, 79936, 79942, 79943, 79960, 79969, 79971, 79973, 79977, 79994, 80002, 80008, 80011, 80013, 80034, 80035, 80039, 80041, 80047, 80050, 80058, 80070, 80083, 80088, 80091, 80093, 80099, 80100, 80103, 80110, 80111, 80112, 80113, 80114, 80124, 80133, 80152, 80191, 80194, 80205, 80217, 80220, 80222, 80270, 80274, 80275, 80279, 80295, 80296, 80298, 80300, 80313, 80324, 80327, 80348, 80350, 80351, 80365, 80369, 80379, 80402, 80403, 80416, 80431, 80445, 80451, 80455, 80484, 80485, 80492, 80496, 80498, 80503, 80514, 80518, 80523, 80526, 80532, 80534, 80541, 80548, 80550, 80555, 80566, 80567, 80572, 80575, 80580, 80589, 80596, 80608, 80610, 80611, 80615, 80616, 80618, 80631, 80634, 80660, 80671, 80676, 80677, 80680, 80718, 80724, 80729, 80741, 80751, 80762, 80767, 80786, 80799, 80821, 80829, 80842, 80847, 80849, 80851, 80853, 80859, 80869, 80870, 80881, 80885, 80913, 80925, 80927, 80930, 80951, 80955, 80956, 80958, 80962, 80964, 80975, 80982, 80986, 80998, 81002, 81014, 81015, 81021, 81028, 81030, 81035, 81053, 81060, 81067, 81077, 81081, 81084, 81086, 81095, 81111, 81117, 81134, 81152, 81167, 81184, 81190, 81214, 81216, 81230, 81232, 81238, 81248, 81254, 81258, 81260, 81262, 81272, 81282, 81284, 81291, 81319, 81324, 81328, 81336, 81342, 81348, 81352, 81365, 81380, 81385, 81393, 81396, 81403, 81405, 81428, 81430, 81433, 81436, 81441, 81449, 81453, 81454, 81456, 81468, 81481, 81485, 81490, 81503, 81524, 81538, 81541, 81549, 81554, 81562, 81578, 81582, 81604, 81613, 81627, 81642, 81646, 81654, 81665, 81672, 81696, 81705, 81706, 81716, 81719, 81720, 81724, 81729, 81730, 81745, 81752, 81757, 81766, 81771, 81780, 81784, 81800, 81802, 81803, 81806, 81809, 81832, 81833, 81834, 81837, 81838, 81846, 81856, 81859, 81863, 81864, 81881, 81882, 81889, 81900, 81906, 81921, 81930, 81944, 81954, 81963, 81967, 81981, 81985, 81986, 81989, 81993, 81995, 82007, 82008, 82011, 82022, 82033, 82035, 82040, 82042, 82051, 82053, 82058, 82059, 82066, 82070, 82073, 82074, 82075, 82080, 82094, 82099, 82102, 82123, 82124, 82157, 82183, 82195, 82206, 82213, 82221, 82225, 82234, 82238, 82241, 82247, 82250, 82263, 82264, 82266, 82270, 82292, 82304, 82312, 82314, 82325, 82328, 82334, 82350, 82351, 82354, 82361, 82362, 82366, 82367, 82371, 82377, 82384, 82387, 82393, 82400, 82411, 82412, 82415, 82416, 82422, 82424, 82431, 82432, 82442, 82447, 82482, 82487, 82488, 82489, 82495, 82504, 82520, 82536, 82552, 82554, 82561, 82565, 82568, 82569, 82570, 82577, 82593, 82609, 82620, 82627, 82643, 82652, 82665, 82673, 82685, 82688, 82690, 82694, 82697, 82699, 82704, 82714, 82715, 82725, 82738, 82743, 82765, 82766, 82770, 82772, 82775, 82776, 82784, 82786, 82804, 82805, 82816, 82826, 82828, 82846, 82855, 82864, 82872, 82922, 82958, 82968, 82979, 82981, 82984, 82990, 82997, 83011, 83019, 83036, 83056, 83058, 83077, 83079, 83083, 83093, 83097, 83102, 83104, 83110, 83118, 83121, 83127, 83136, 83140, 83142, 83146, 83148, 83154, 83166, 83169, 83189, 83190, 83197, 83201, 83202, 83206, 83210, 83212, 83222, 83224, 83228, 83241, 83242, 83243, 83251, 83254, 83255, 83263, 83273, 83278, 83286, 83289, 83298, 83302, 83305, 83307, 83311, 83314, 83320, 83322, 83331, 83338, 83361, 83363, 83373, 83374, 83381, 83400, 83403, 83404, 83406, 83408, 83411, 83419, 83425, 83441, 83447, 83449, 83450, 83451, 83458, 83465, 83468, 83474, 83490, 83495, 83502, 83505, 83516, 83519, 83524, 83526, 83528, 83572, 83574, 83584, 83585, 83592, 83602, 83605, 83608, 83610, 83614, 83644, 83651, 83669, 83682, 83683, 83690, 83700, 83701, 83715, 83716, 83719, 83733, 83741, 83782, 83795, 83798, 83806, 83807, 83813, 83817, 83818, 83827, 83843, 83849, 83850, 83857, 83876, 83879, 83880, 83893, 83895, 83900, 83910, 83911, 83915, 83935, 83938, 83943, 83944, 83949, 83964, 83966, 83981, 83989, 83991, 83993, 84000, 84001, 84005, 84015, 84016, 84018, 84025, 84029, 84030, 84033, 84038, 84039, 84046, 84052, 84058, 84060, 84069, 84077, 84079, 84080, 84081, 84085, 84095, 84115, 84116, 84126, 84135, 84142, 84145, 84154, 84163, 84222, 84227, 84231, 84235, 84239, 84246, 84249, 84253, 84264, 84268, 84275, 84288, 84296, 84299, 84301, 84306, 84317, 84319, 84327, 84333, 84335, 84337, 84361, 84365, 84370, 84373, 84406, 84409, 84421, 84426, 84431, 84432, 84435, 84436, 84440, 84443, 84447, 84448, 84456, 84459, 84466, 84482, 84488, 84498, 84526, 84536, 84542, 84548, 84551, 84552, 84558, 84561, 84568, 84580, 84592, 84594, 84597, 84606, 84607, 84615, 84624, 84638, 84661, 84673, 84678, 84686, 84705, 84708, 84713, 84716, 84719, 84720, 84739, 84742, 84745, 84746, 84760, 84765, 84770, 84774, 84782, 84784, 84786, 84788, 84790, 84803, 84806, 84812, 84815, 84818, 84826, 84829, 84830, 84836, 84841, 84847, 84854, 84855, 84863, 84883, 84899, 84904, 84905, 84914, 84923, 84930, 84937, 84941, 84942, 84952, 84953, 84991, 84997, 85006, 85020, 85028, 85031, 85037, 85051, 85052, 85087, 85092, 85094, 85095, 85103, 85111, 85112, 85115, 85124, 85128, 85132, 85139, 85154, 85171, 85173, 85182, 85185, 85188, 85189, 85194, 85202, 85203, 85231, 85238, 85254, 85274, 85278, 85279, 85280, 85281, 85286, 85290, 85300, 85304, 85311, 85314, 85320, 85324, 85333, 85335, 85337, 85338, 85348, 85363, 85365, 85370, 85371, 85375, 85385, 85393, 85398, 85399, 85400, 85406, 85409, 85412, 85423, 85434, 85435, 85444, 85464, 85468, 85480, 85482, 85498, 85501, 85527, 85532, 85544, 85547, 85548, 85552, 85562, 85567, 85584, 85589, 85590, 85594, 85595, 85623, 85628, 85629, 85634, 85635, 85644, 85645, 85652, 85653, 85656, 85662, 85671, 85681, 85685, 85690, 85699, 85716, 85735, 85739, 85747, 85750, 85752, 85756, 85758, 85766, 85771, 85778, 85781, 85794, 85798, 85805, 85814, 85815, 85817, 85819, 85820, 85827, 85834, 85838, 85841, 85852, 85870, 85871, 85874, 85878, 85879, 85880, 85884, 85885, 85891, 85892, 85894, 85897, 85904, 85910, 85915, 85918, 85920, 85938, 85940, 85942, 85949, 85950, 85955, 85960, 85967, 85971, 85974, 85978, 85989, 85992, 85999, 86002, 86003, 86013, 86027, 86029, 86042, 86043, 86045, 86069, 86078, 86087, 86094, 86099, 86103, 86110, 86116, 86117, 86126, 86128, 86138, 86140, 86142, 86155, 86158, 86179, 86186, 86207, 86213, 86217, 86218, 86237, 86255, 86267, 86278, 86288, 86289, 86295, 86298, 86319, 86328, 86336, 86338, 86356, 86357, 86369, 86370, 86382, 86388, 86390, 86413, 86428, 86439, 86446, 86453, 86454, 86456, 86475, 86488, 86491, 86492, 86498, 86499, 86515, 86527, 86546, 86548, 86549, 86557, 86567, 86579, 86605, 86611, 86614, 86618, 86627, 86638, 86654, 86661, 86664, 86666, 86677, 86683, 86695, 86701, 86703, 86724, 86726, 86744, 86748, 86764, 86769, 86776, 86777, 86788, 86819, 86823, 86839, 86858, 86859, 86866, 86868, 86871, 86873, 86875, 86893, 86907, 86915, 86916, 86917, 86927, 86928, 86936, 86949, 86964, 86979, 86980, 86981, 86984, 87029, 87032, 87036, 87049, 87057, 87059, 87061, 87087, 87094, 87103, 87109, 87118, 87122, 87135, 87143, 87147, 87149, 87150, 87151, 87157, 87168, 87172, 87175, 87183, 87201, 87231, 87250, 87256, 87267, 87271, 87289, 87300, 87302, 87313, 87315, 87340, 87341, 87367, 87373, 87389, 87401, 87407, 87409, 87412, 87414, 87422, 87452, 87469, 87470, 87473, 87488, 87490, 87491, 87493, 87494, 87496, 87505, 87508, 87510, 87515, 87524, 87530, 87532, 87546, 87552, 87553, 87578, 87591, 87593, 87616, 87623, 87628, 87656, 87672, 87685, 87687, 87689, 87692, 87694, 87696, 87697, 87718, 87720, 87722, 87728, 87736, 87738, 87747, 87753, 87760, 87770, 87772, 87779, 87785, 87790, 87792, 87795, 87796, 87803, 87817, 87823, 87828, 87846, 87854, 87879, 87885, 87886, 87887, 87892, 87917, 87920, 87924, 87934, 87946, 87947, 87968, 87988, 87999, 88007, 88023, 88036, 88041, 88047, 88050, 88053, 88070, 88076, 88082, 88091, 88106, 88113, 88117, 88126, 88130, 88139, 88145, 88146, 88151, 88155, 88169, 88171, 88176, 88179, 88183, 88191, 88214, 88216, 88220, 88222, 88228, 88240, 88250, 88273, 88280, 88281, 88293, 88305, 88327, 88330, 88346, 88348, 88366, 88368, 88379, 88395, 88396, 88410, 88413, 88416, 88417, 88420, 88441, 88447, 88448, 88450, 88452, 88457, 88478, 88481, 88482, 88498, 88499, 88501, 88507, 88531, 88532, 88534, 88550, 88554, 88558, 88564, 88580, 88581, 88582, 88598, 88604, 88606, 88608, 88612, 88636, 88653, 88663, 88664, 88666, 88670, 88675, 88688, 88699, 88700, 88701, 88715, 88721, 88742, 88744, 88748, 88762, 88768, 88787, 88788, 88795, 88797, 88803, 88808, 88818, 88822, 88823, 88826, 88828, 88830, 88832, 88857, 88870, 88873, 88877, 88883, 88899, 88900, 88924, 88937, 88952, 88955, 88956, 88957, 88976, 88979, 88984, 88988, 88995, 89008, 89012, 89015, 89028, 89029, 89031, 89043, 89044, 89045, 89047, 89052, 89072, 89082, 89087, 89091, 89102, 89106, 89107, 89117, 89119, 89120, 89124, 89138, 89151, 89167, 89168, 89170, 89174, 89191, 89198, 89199, 89208, 89212, 89245, 89258, 89264, 89269, 89271, 89275, 89281, 89295, 89296, 89313, 89316, 89320, 89326, 89327, 89337, 89341, 89342, 89360, 89363, 89364, 89367, 89368, 89383, 89400, 89402, 89408, 89418, 89419, 89430, 89448, 89451, 89452, 89465, 89466, 89473, 89475, 89477, 89489, 89490, 89495, 89499, 89501, 89502, 89504, 89516, 89544, 89572, 89581, 89586, 89588, 89604, 89624, 89633, 89634, 89646, 89655, 89662, 89665, 89668, 89673, 89697, 89709, 89735, 89743, 89746, 89747, 89750, 89759, 89760, 89791, 89795, 89797, 89815, 89824, 89826, 89833, 89842, 89853, 89884, 89892, 89894, 89913, 89926, 89937, 89938, 89946, 89951, 89954, 89956, 89962, 89980, 89989, 89990, 89993, 90003, 90007, 90008, 90040, 90042, 90060, 90061, 90063, 90069, 90076, 90084, 90094, 90096, 90102, 90115, 90134, 90147, 90149, 90156, 90157, 90158, 90160, 90166, 90176, 90180, 90181, 90187, 90194, 90221, 90225, 90232, 90234, 90239, 90245, 90246, 90255, 90257, 90259, 90265, 90272, 90273, 90279, 90285, 90293, 90296, 90308, 90316, 90323, 90343, 90347, 90352, 90368, 90371, 90374, 90377, 90390, 90405, 90410, 90432, 90439, 90441, 90449, 90453, 90460, 90475, 90476, 90484, 90499, 90501, 90505, 90509, 90520, 90523, 90528, 90536, 90537, 90553, 90555, 90561, 90578, 90586, 90590, 90591, 90609, 90622, 90631, 90634, 90660, 90674, 90675, 90677, 90707, 90708, 90713, 90726, 90727, 90732, 90734, 90737, 90744, 90746, 90749, 90751, 90758, 90763, 90764, 90805, 90808, 90809, 90810, 90815, 90848, 90851, 90855, 90864, 90868, 90871, 90879, 90882, 90900, 90910, 90924, 90938, 90942, 90953, 90955, 90956, 90961, 90965, 90972, 90988, 90991, 90999, 91010, 91019, 91021, 91022, 91056, 91059, 91071, 91073, 91079, 91086, 91090, 91105, 91111, 91116, 91138, 91141, 91145, 91147, 91152, 91155, 91157, 91159, 91160, 91183, 91195, 91196, 91200, 91208, 91223, 91227, 91231, 91235, 91246, 91251, 91257, 91258, 91261, 91277, 91278, 91284, 91286, 91297, 91298, 91308, 91311, 91315, 91332, 91336, 91338, 91340, 91341, 91345, 91358, 91359, 91364, 91367, 91374, 91375, 91380, 91384, 91387, 91388, 91400, 91406, 91408, 91416, 91421, 91425, 91440, 91442, 91446, 91460, 91461, 91467, 91468, 91470, 91471, 91473, 91480, 91487, 91504, 91506, 91508, 91509, 91515, 91522, 91527, 91541, 91559, 91563, 91567, 91572, 91574, 91575, 91577, 91579, 91582, 91584, 91605, 91612, 91616, 91619, 91621, 91624, 91634, 91644, 91648, 91650, 91651, 91671, 91703, 91704, 91712, 91716, 91731, 91741, 91750, 91754, 91756, 91763, 91768, 91773, 91775, 91782, 91784, 91789, 91792, 91795, 91796, 91799, 91801, 91807, 91810, 91816, 91835, 91836, 91838, 91839, 91851, 91871, 91877, 91878, 91882, 91894, 91901, 91906, 91908, 91910, 91914, 91915, 91932, 91936, 91939, 91947, 91959, 91962, 91973, 91984, 92001, 92004, 92009, 92020, 92023, 92035, 92044, 92045, 92053, 92058, 92059, 92074, 92084, 92086, 92107, 92113, 92127, 92129, 92135, 92140, 92158, 92162, 92168, 92177, 92203, 92210, 92220, 92234, 92241, 92245, 92254, 92255, 92261, 92262, 92273, 92282, 92283, 92286, 92306, 92316, 92324, 92326, 92329, 92343, 92358, 92362, 92369, 92381, 92397, 92400, 92401, 92402, 92411, 92414, 92417, 92418, 92421, 92422, 92430, 92440, 92442, 92446, 92447, 92468, 92474, 92484, 92486, 92516, 92519, 92525, 92530, 92533, 92545, 92553, 92557, 92584, 92586, 92605, 92607, 92609, 92613, 92622, 92624, 92649, 92656, 92657, 92658, 92659, 92668, 92670, 92675, 92693, 92695, 92702, 92710, 92720, 92731, 92737, 92740, 92741, 92756, 92770, 92778, 92796, 92797, 92800, 92801, 92808, 92817, 92833, 92847, 92854, 92855, 92856, 92868, 92901, 92936, 92940, 92942, 92952, 92954, 92972, 92979, 93031, 93040, 93051, 93054, 93067, 93088, 93094, 93098, 93106, 93116, 93133, 93140, 93151, 93152, 93156, 93159, 93170, 93175, 93176, 93207, 93210, 93215, 93228, 93234, 93240, 93243, 93250, 93251, 93252, 93259, 93291, 93299, 93304, 93305, 93330, 93337, 93350, 93363, 93371, 93380, 93388, 93390, 93393, 93400, 93412, 93414, 93421, 93445, 93469, 93491, 93497, 93506, 93520, 93522, 93540, 93541, 93554, 93557, 93562, 93578, 93585, 93591, 93592, 93598, 93611, 93612, 93630, 93631, 93647, 93658, 93660, 93665, 93675, 93684, 93688, 93692, 93695, 93708, 93730, 93744, 93752, 93754, 93755, 93761, 93763, 93770, 93786, 93791, 93805, 93810, 93813, 93821, 93823, 93832, 93833, 93834, 93858, 93864, 93867, 93868, 93870, 93872, 93879, 93885, 93887, 93897, 93913, 93916, 93920, 93946, 93947, 93965, 93966, 93969, 93972, 93973, 93984, 93985, 93992, 93996, 94003, 94008, 94025, 94031, 94041, 94045, 94059, 94064, 94065, 94078, 94080, 94088, 94093, 94095, 94121, 94127, 94132, 94141, 94142, 94146, 94148, 94149, 94155, 94157, 94161, 94187, 94193, 94211, 94218, 94235, 94263, 94264, 94265, 94268, 94272, 94276, 94277, 94280, 94286, 94288, 94293, 94297, 94311, 94327, 94333, 94335, 94338, 94374, 94375, 94384, 94386, 94395, 94401, 94403, 94406, 94411, 94413, 94431, 94437, 94440, 94450, 94458, 94460, 94462, 94467, 94482, 94485, 94487, 94505, 94517, 94522, 94523, 94524, 94529, 94530, 94533, 94534, 94554, 94565, 94574, 94584, 94587, 94592, 94599, 94610, 94627, 94628, 94638, 94639, 94654, 94656, 94658, 94661, 94663, 94669, 94672, 94686, 94689, 94692, 94702, 94715, 94721, 94739, 94749, 94751, 94756, 94760, 94795, 94799, 94800, 94804, 94808, 94824, 94829, 94833, 94834, 94843, 94846, 94855, 94882, 94894, 94914, 94916, 94917, 94925, 94931, 94947, 94952, 94954, 94960, 94965, 94968, 94971, 95004, 95014, 95028, 95040, 95062, 95068, 95072, 95090, 95116, 95117, 95119, 95128, 95139, 95148, 95150, 95161, 95162, 95165, 95179, 95181, 95192, 95203, 95205, 95207, 95208, 95213, 95214, 95218, 95226, 95256, 95262, 95271, 95277, 95288, 95293, 95294, 95309, 95318, 95340, 95351, 95357, 95364, 95376, 95383, 95384, 95388, 95393, 95397, 95405, 95409, 95420, 95423, 95426, 95435, 95441, 95446, 95452, 95473, 95476, 95479, 95484, 95494, 95504, 95509, 95511, 95520, 95521, 95529, 95531, 95532, 95544, 95546, 95554, 95559, 95574, 95581, 95582, 95597, 95609, 95612, 95617, 95618, 95620, 95623, 95627, 95635, 95638, 95673, 95687, 95689, 95702, 95725, 95726, 95727, 95729, 95733, 95738, 95739, 95767, 95781, 95783, 95784, 95801, 95806, 95812, 95819, 95838, 95843, 95846, 95847, 95850, 95855, 95860, 95869, 95873, 95892, 95902, 95908, 95914, 95933, 95942, 95960, 95975, 96000, 96002, 96006, 96012, 96013, 96015, 96018, 96028, 96029, 96033, 96042, 96049, 96050, 96055, 96063, 96066, 96069, 96078, 96086, 96089, 96094, 96095, 96106, 96129, 96130, 96135, 96149, 96155, 96166, 96167, 96175, 96187, 96208, 96209, 96234, 96245, 96250, 96265, 96279, 96294, 96295, 96307, 96309, 96321, 96346, 96348, 96355, 96358, 96368, 96373, 96375, 96382, 96383, 96396, 96400, 96405, 96420, 96424, 96425, 96441, 96442, 96443, 96455, 96456, 96460, 96462, 96467, 96468, 96471, 96488, 96489, 96500, 96512, 96516, 96532, 96537, 96540, 96545, 96546, 96549, 96550, 96554, 96559, 96577, 96579, 96598, 96601, 96603, 96608, 96620, 96622, 96624, 96629, 96639, 96641, 96642, 96655, 96657, 96662, 96665, 96674, 96678, 96681, 96706, 96723, 96737, 96744, 96751, 96757, 96779, 96780, 96787, 96796, 96797, 96800, 96805, 96812, 96813, 96814, 96840, 96844, 96847, 96851, 96859, 96902, 96903, 96906, 96912, 96934, 96937, 96942, 96947, 96950, 96955, 96961, 96969, 96972, 96975, 96999, 97030, 97031, 97037, 97041, 97056, 97067, 97068, 97084, 97087, 97097, 97114, 97115, 97119, 97121, 97126, 97129, 97132, 97161, 97163, 97164, 97171, 97172, 97186, 97195, 97198, 97205, 97228, 97242, 97249, 97251, 97264, 97270, 97273, 97281, 97285, 97312, 97325, 97327, 97331, 97340, 97346, 97348, 97356, 97359, 97360, 97366, 97388, 97397, 97398, 97414, 97418, 97420, 97429, 97443, 97469, 97480, 97484, 97498, 97500, 97508, 97521, 97524, 97528, 97537, 97544, 97563, 97574, 97580, 97586, 97600, 97608, 97612, 97615, 97618, 97620, 97636, 97683, 97690, 97702, 97710, 97714, 97719, 97730, 97737, 97751, 97752, 97763, 97777, 97808, 97818, 97821, 97831, 97863, 97871, 97896, 97899, 97901, 97906, 97914, 97915, 97945, 97947, 97950, 97954, 97959, 97961, 97963, 97971, 97977, 97981, 97998, 97999, 98000, 98003, 98006, 98013, 98018, 98019, 98021, 98042, 98045, 98060, 98077, 98083, 98098, 98106, 98107, 98108, 98130, 98141, 98147, 98150, 98151, 98155, 98170, 98176, 98187, 98195, 98213, 98223, 98224, 98225, 98226, 98229, 98234, 98240, 98244, 98259, 98268, 98285, 98289, 98290, 98294, 98297, 98302, 98303, 98321, 98323, 98329, 98332, 98344, 98346, 98356, 98366, 98371, 98376, 98379, 98382, 98385, 98392, 98399, 98407, 98425, 98436, 98449, 98451, 98454, 98473, 98477, 98478, 98481, 98485, 98512, 98517, 98518, 98526, 98527, 98548, 98558, 98559, 98580, 98612, 98629, 98636, 98640, 98643, 98659, 98661, 98679, 98685, 98686, 98687, 98692, 98698, 98714, 98720, 98722, 98726, 98737, 98739, 98741, 98744, 98747, 98763, 98767, 98768, 98791, 98799, 98801, 98804, 98808, 98811, 98813, 98824, 98834, 98836, 98838, 98841, 98843, 98856, 98858, 98866, 98867, 98873, 98874, 98878, 98880, 98895, 98900, 98907, 98917, 98927, 98928, 98929, 98931, 98938, 98943, 98946, 98956, 98958, 98960, 98966, 98970, 98986, 98989, 98992, 98994, 99030, 99038, 99045, 99053, 99066, 99073, 99091, 99104, 99107, 99122, 99124, 99129, 99141, 99148, 99154, 99164, 99165, 99191, 99197, 99201, 99202, 99203, 99215, 99217, 99219, 99222, 99235, 99239, 99252, 99258, 99260, 99267, 99294, 99300, 99314, 99319, 99327, 99344, 99350, 99356, 99361, 99370, 99377, 99378, 99393, 99406, 99409, 99410, 99415, 99419, 99427, 99429, 99461, 99464, 99466, 99467, 99470, 99472, 99473, 99478, 99481, 99490, 99501, 99502, 99514, 99515, 99516, 99520, 99529, 99531, 99556, 99564, 99565, 99583, 99588, 99591, 99593, 99603, 99604, 99606, 99612, 99616, 99619, 99632, 99638, 99639, 99658, 99664, 99688, 99689, 99690, 99693, 99694, 99696, 99697, 99702, 99708, 99710, 99717, 99729, 99737, 99738, 99752, 99755, 99765, 99772, 99808, 99820, 99839, 99863, 99881, 99886, 99889, 99907, 99935, 99942, 99948, 99963, 99964, 99980, 99988, 99997, 99998, 100006, 100021, 100025, 100062, 100063, 100068, 100079, 100095, 100103, 100105, 100118, 100119, 100147, 100165, 100170, 100175, 100179, 100205, 100209, 100219, 100227, 100233, 100235, 100242, 100251, 100260, 100271, 100288, 100289, 100302, 100312, 100316, 100324, 100327, 100343, 100348, 100351, 100354, 100357, 100358, 100377, 100381, 100382, 100387, 100390, 100392, 100399, 100408, 100411, 100450, 100462, 100474, 100482, 100488, 100495, 100518, 100523, 100528, 100530, 100549, 100550, 100555, 100560, 100564, 100574, 100577, 100593, 100597, 100601, 100613, 100620, 100632, 100634, 100645, 100649, 100652, 100658, 100663, 100665, 100668, 100669, 100677, 100687, 100697, 100711, 100712, 100719, 100734, 100741, 100743, 100758, 100772, 100781, 100789, 100818, 100819, 100823, 100827, 100830, 100834, 100837, 100841, 100850, 100862, 100888, 100904, 100907, 100918, 100920, 100926, 100929, 100940, 100942, 100945, 100952, 100962, 100968, 100970, 100976, 100980, 100990, 101001, 101012, 101014, 101017, 101019, 101043, 101046, 101055, 101064, 101065, 101077, 101091, 101153, 101165, 101169, 101185, 101188, 101191, 101203, 101216, 101223, 101232, 101237, 101239, 101242, 101253, 101264, 101271, 101274, 101276, 101280, 101283, 101285, 101298, 101305, 101312, 101333, 101338, 101360, 101387, 101388, 101399, 101409, 101411, 101416, 101417, 101419, 101422, 101423, 101429, 101441, 101446, 101452, 101454, 101455, 101467, 101484, 101485, 101491, 101494, 101506, 101520, 101525, 101529, 101531, 101563, 101565, 101566, 101567, 101570, 101578, 101606, 101611, 101612, 101615, 101617, 101621, 101622, 101629, 101632, 101647, 101648, 101654, 101661, 101662, 101671, 101679, 101684, 101691, 101693, 101707, 101709, 101712, 101715, 101716, 101722, 101723, 101729, 101730, 101736, 101737, 101744, 101756, 101758, 101767, 101777, 101788, 101799, 101800, 101817, 101819, 101820, 101821, 101831, 101837, 101851, 101852, 101866, 101881, 101888, 101891, 101897, 101906, 101909, 101928, 101933, 101934, 101943, 101971, 101977, 102008, 102010, 102015, 102024, 102026, 102034, 102043, 102060, 102061, 102067, 102071, 102074, 102076, 102077, 102079, 102081, 102082, 102087, 102090, 102093, 102100, 102111, 102116, 102138, 102144, 102146, 102181, 102183, 102185, 102192, 102201, 102202, 102220, 102227, 102228, 102233, 102249, 102251, 102262, 102282, 102299, 102302, 102309, 102312, 102314, 102316, 102321, 102323, 102325, 102330, 102333, 102335, 102336, 102337, 102344, 102349, 102369, 102373, 102374, 102382, 102401, 102408, 102410, 102419, 102423, 102424, 102430, 102434, 102437, 102438, 102458, 102461, 102464, 102479, 102483, 102485, 102504, 102505, 102518, 102520, 102525, 102539, 102541, 102547, 102560, 102564, 102565, 102566, 102572, 102573, 102585, 102592, 102593, 102599, 102600, 102615, 102617, 102620, 102628, 102652, 102673, 102677, 102686, 102702, 102712, 102723, 102730, 102766, 102771, 102773, 102780, 102790, 102795, 102802, 102806, 102809, 102816, 102842, 102867, 102868, 102886, 102887, 102888, 102903, 102909, 102917, 102919, 102920, 102923, 102927, 102937, 102939, 102940, 102961, 102966, 102968, 102980, 102988, 102991, 102999, 103008, 103010, 103021, 103024, 103027, 103044, 103045, 103047, 103069, 103073, 103080, 103095, 103104, 103105, 103107, 103108, 103112, 103122, 103126, 103140, 103147, 103149, 103159, 103171, 103175, 103186, 103195, 103202, 103206, 103217, 103218, 103224, 103228, 103237, 103242, 103250, 103290, 103301, 103302, 103312, 103317, 103318, 103320, 103329, 103339, 103354, 103357, 103358, 103363, 103364, 103371, 103403, 103407, 103417, 103421, 103431, 103434, 103444, 103455, 103462, 103464, 103466, 103473, 103498, 103504, 103507, 103514, 103515, 103520, 103537, 103540, 103551, 103569, 103582, 103587, 103589, 103611, 103613, 103615, 103617, 103629, 103638, 103641, 103647, 103652, 103657, 103662, 103665, 103675, 103681, 103691, 103699, 103705, 103710, 103714, 103720, 103733, 103741, 103744, 103752, 103753, 103759, 103762, 103768, 103772, 103790, 103795, 103801, 103806, 103826, 103831, 103841, 103854, 103855, 103856, 103860, 103872, 103875, 103881, 103887, 103897, 103907, 103908, 103915, 103947, 103952, 103959, 103965, 103974, 103991, 103992, 104003, 104004, 104009, 104010, 104034, 104044, 104048, 104058, 104081, 104083, 104113, 104142, 104156, 104162, 104165, 104184, 104190, 104196, 104217, 104221, 104223, 104225, 104252, 104272, 104273, 104280, 104290, 104308, 104314, 104315, 104318, 104324, 104325, 104330, 104349, 104350, 104352, 104359, 104369, 104377, 104380, 104388, 104390, 104397, 104399, 104403, 104419, 104433, 104441, 104452, 104454, 104461, 104463, 104467, 104470, 104474, 104508, 104514, 104523, 104533, 104534, 104538, 104553, 104559, 104568, 104581, 104589, 104601, 104602, 104614, 104627, 104629, 104631, 104655, 104662, 104684, 104695, 104697, 104700, 104705, 104710, 104715, 104718, 104729, 104732, 104737, 104743, 104751, 104753, 104763, 104764, 104766, 104769, 104771, 104784, 104785, 104788, 104792, 104810, 104828, 104830, 104848, 104850, 104851, 104855, 104866, 104878, 104879, 104905, 104907, 104921, 104924, 104927, 104933, 104934, 104935, 104936, 104940, 104954, 104956, 104958, 104963, 104965, 104972, 104992, 104995, 105005, 105016, 105029, 105034, 105037, 105051, 105054, 105062, 105064, 105066, 105068, 105089, 105094, 105100, 105101, 105102, 105105, 105110, 105113, 105131, 105135, 105140, 105145, 105152, 105165, 105180, 105197, 105203, 105229, 105230, 105231, 105236, 105243, 105249, 105256, 105261, 105264, 105269, 105273, 105279, 105282, 105283, 105293, 105313, 105324, 105326, 105331, 105334, 105351, 105370, 105376, 105383, 105396, 105397, 105398, 105405, 105406, 105408, 105421, 105427, 105433, 105470, 105475, 105486, 105505, 105516, 105522, 105546, 105562, 105571, 105574, 105582, 105590, 105628, 105657, 105658, 105660, 105663, 105672, 105673, 105686, 105702, 105709, 105727, 105732, 105740, 105749, 105760, 105764, 105779, 105785, 105786, 105810, 105822, 105824, 105829, 105830, 105836, 105841, 105842, 105843, 105846, 105848, 105854, 105856, 105857, 105859, 105864, 105894, 105898, 105906, 105907, 105916, 105920, 105961, 105973, 105982, 105986, 105994, 106005, 106016, 106024, 106031, 106037, 106042, 106048, 106059, 106069, 106071, 106086, 106091, 106095, 106097, 106117, 106119, 106125, 106126, 106127, 106134, 106141, 106147, 106153, 106159, 106161, 106165, 106167, 106168, 106185, 106191, 106196, 106197, 106214, 106223, 106229, 106238, 106246, 106259, 106271, 106274, 106275, 106276, 106281, 106282, 106283, 106287, 106295, 106301, 106309, 106316, 106329, 106336, 106343, 106347, 106354, 106358, 106364, 106366, 106374, 106384, 106394, 106409, 106416, 106419, 106423, 106446, 106462, 106463, 106468, 106473, 106481, 106484, 106485, 106501, 106506, 106521, 106532, 106534, 106538, 106559, 106566, 106585, 106594, 106617, 106630, 106635, 106638, 106646, 106662, 106663, 106677, 106687, 106693, 106694, 106702, 106709, 106722, 106729, 106730, 106755, 106763, 106766, 106778, 106781, 106782, 106801, 106809, 106817, 106825, 106828, 106829, 106835, 106846, 106858, 106870, 106876, 106877, 106896, 106900, 106906, 106910, 106934, 106950, 106958, 106970, 106977, 106983, 106991, 106994, 107003, 107013, 107022, 107029, 107030, 107052, 107053, 107059, 107061, 107067, 107068, 107074, 107079, 107081, 107082, 107085, 107088, 107092, 107107, 107129, 107131, 107137, 107138, 107140, 107144, 107149, 107153, 107157, 107159, 107161, 107164, 107185, 107186, 107189, 107200, 107203, 107204, 107233, 107236, 107257, 107261, 107267, 107270, 107281, 107295, 107312, 107322, 107331, 107333, 107340, 107346, 107357, 107360, 107365, 107380, 107386, 107393, 107409, 107412, 107440, 107444, 107445, 107470, 107483, 107514, 107522, 107536, 107539, 107553, 107559, 107567, 107569, 107573, 107576, 107585, 107592, 107605, 107612, 107618, 107624, 107627, 107632, 107634, 107641, 107666, 107669, 107672, 107673, 107679, 107686, 107696, 107698, 107700, 107702, 107703, 107710, 107716, 107721, 107733, 107736, 107741, 107746, 107755, 107758, 107759, 107760, 107761, 107781, 107819, 107821, 107849, 107866, 107871, 107893, 107897, 107914, 107916, 107922, 107924, 107935, 107943, 107947, 107951, 107956, 107963, 107973, 107977, 107982, 107983, 107987, 107990, 107996, 108002, 108020, 108021, 108032, 108036, 108041, 108043, 108054, 108058, 108063, 108072, 108093, 108097, 108099, 108104, 108108, 108109, 108118, 108122, 108124, 108127, 108131, 108137, 108149, 108154, 108170, 108175, 108190, 108201, 108213, 108223, 108229, 108239, 108242, 108244, 108245, 108255, 108259, 108269, 108304, 108313, 108315, 108336, 108341, 108344, 108353, 108354, 108375, 108376, 108377, 108380, 108398, 108400, 108409, 108415, 108419, 108440, 108457, 108475, 108478, 108481, 108489, 108496, 108498, 108512, 108536, 108539, 108543, 108546, 108553, 108555, 108558, 108565, 108573, 108588, 108589, 108629, 108632, 108633, 108635, 108638, 108654, 108657, 108680, 108687, 108704, 108713, 108718, 108723, 108727, 108735, 108755, 108757, 108765, 108772, 108778, 108786, 108788, 108792, 108809, 108816, 108821, 108823, 108825, 108827, 108831, 108837, 108850, 108854, 108858, 108867, 108873, 108897, 108905, 108906, 108931, 108940, 108953, 108954, 108960, 108968, 109001, 109006, 109011, 109033, 109037, 109040, 109061, 109084, 109088, 109094, 109097, 109098, 109106, 109108, 109124, 109137, 109140, 109142, 109146, 109152, 109155, 109161, 109163, 109180, 109187, 109191, 109197, 109208, 109227, 109236, 109244, 109246, 109271, 109290, 109298, 109304, 109315, 109324, 109325, 109363, 109371, 109374, 109379, 109382, 109386, 109400, 109403, 109442, 109444, 109459, 109462, 109463, 109469, 109470, 109477, 109487, 109488, 109493, 109506, 109516, 109520, 109536, 109545, 109549, 109568, 109602, 109627, 109629, 109631, 109635, 109651, 109654, 109662, 109669, 109672, 109702, 109709, 109718, 109758, 109761, 109769, 109770, 109782, 109794, 109800, 109802, 109805, 109807, 109813, 109820, 109821, 109828, 109837, 109852, 109866, 109871, 109872, 109883, 109889, 109890, 109900, 109919, 109932, 109934, 109937, 109941, 109954, 109961, 109966, 109970, 109976, 110011, 110017, 110026, 110033, 110034, 110051, 110053, 110059, 110062, 110065, 110070, 110072, 110086, 110102, 110120, 110123, 110130, 110131, 110140, 110148, 110159, 110171, 110174, 110182, 110184, 110196, 110220, 110224, 110225, 110232, 110235, 110248, 110252, 110254, 110261, 110279, 110287, 110292, 110305, 110306, 110310, 110322, 110328, 110333, 110334, 110337, 110350, 110361, 110364, 110365, 110366, 110370, 110382, 110386, 110396, 110397, 110400, 110402, 110410, 110421, 110430, 110439, 110447, 110455, 110473, 110482, 110496, 110503, 110510, 110511, 110513, 110519, 110522, 110523, 110539, 110542, 110551, 110560, 110571, 110576, 110586, 110591, 110596, 110610, 110624, 110629, 110632, 110634, 110638, 110660, 110665, 110670, 110680, 110686, 110689, 110690, 110698, 110708, 110720, 110721, 110726, 110740, 110753, 110775, 110777, 110789, 110791, 110799, 110811, 110819, 110852, 110861, 110873, 110880, 110883, 110885, 110887, 110894, 110901, 110920, 110925, 110926, 110934, 110943, 110953, 110960, 110962, 110989, 111009, 111021, 111029, 111036, 111038, 111040, 111042, 111053, 111058, 111065, 111069, 111082, 111087, 111088, 111089, 111093, 111096, 111097, 111111, 111121, 111125, 111134, 111140, 111165, 111172, 111176, 111203, 111204, 111206, 111215, 111233, 111234, 111242, 111258, 111259, 111269, 111272, 111273, 111274, 111279, 111286, 111290, 111291, 111295, 111296, 111306, 111313, 111314, 111315, 111336, 111338, 111353, 111357, 111376, 111389, 111413, 111419, 111423, 111440, 111441, 111462, 111467, 111481, 111485, 111492, 111495, 111501, 111506, 111510, 111511, 111524, 111548, 111563, 111572, 111573, 111574, 111578, 111591, 111593, 111600, 111606, 111608, 111622, 111633, 111635, 111657, 111683, 111696, 111713, 111716, 111729, 111731, 111739, 111741, 111747, 111750, 111764, 111766, 111768, 111770, 111773, 111780, 111783, 111788, 111807, 111819, 111827, 111828, 111832, 111833, 111836, 111837, 111851, 111857, 111867, 111869, 111884, 111886, 111892, 111893, 111895, 111903, 111910, 111912, 111940, 111947, 111948, 111950, 111968, 111979, 111983, 111998, 112005, 112011, 112014, 112021, 112027, 112031, 112064, 112068, 112091, 112099, 112102, 112110, 112117, 112138, 112142, 112151, 112163, 112167, 112186, 112187, 112188, 112201, 112203, 112206, 112215, 112225, 112230, 112233, 112249, 112256, 112258, 112260, 112261, 112262, 112274, 112291, 112303, 112304, 112307, 112321, 112348, 112366, 112369, 112373, 112377, 112403, 112409, 112413, 112415, 112416, 112420, 112425, 112432, 112433, 112445, 112455, 112458, 112459, 112477, 112478, 112484, 112495, 112499, 112500, 112505, 112506, 112526, 112539, 112541, 112555, 112556, 112567, 112581, 112585, 112589, 112596, 112601, 112607, 112627, 112634, 112636, 112645, 112648, 112649, 112657, 112669, 112694, 112718, 112729, 112739, 112746, 112755, 112768, 112783, 112786, 112800, 112825, 112841, 112856, 112875, 112880, 112885, 112897, 112899, 112913, 112929, 112930, 112934, 112944, 112946, 112961, 112962, 112995, 112998, 113005, 113009, 113016, 113025, 113026, 113027, 113035, 113040, 113047, 113058, 113071, 113082, 113091, 113092, 113096, 113097, 113099, 113115, 113117, 113119, 113124, 113125, 113127, 113128, 113132, 113137, 113138, 113149, 113154, 113157, 113162, 113165, 113167, 113185, 113188, 113191, 113196, 113208, 113209, 113210, 113213, 113214, 113234, 113236, 113237, 113250, 113251, 113255, 113257, 113264, 113269, 113271, 113272, 113274, 113283, 113291, 113292, 113297, 113318, 113325, 113353, 113359, 113366, 113380, 113393, 113397, 113405, 113425, 113449, 113455, 113464, 113483, 113525, 113530, 113531, 113537, 113546, 113548, 113553, 113555, 113561, 113562, 113563, 113568, 113571, 113584, 113595, 113596, 113598, 113611, 113614, 113615, 113622, 113631, 113635, 113655, 113658, 113664, 113675, 113689, 113700, 113714, 113715, 113716, 113722, 113723, 113728, 113750, 113755, 113759, 113762, 113770, 113779, 113798, 113803, 113807, 113825, 113826, 113836, 113852, 113866, 113892, 113918, 113927, 113932, 113938, 113942, 113943, 113944, 113949, 113962, 113965, 113969, 113973, 113977, 113983, 113992, 113996, 114007, 114010, 114012, 114013, 114018, 114022, 114031, 114032, 114033, 114035, 114037, 114039, 114048, 114053, 114061, 114074, 114075, 114082, 114092, 114093, 114100, 114101, 114104, 114105, 114107, 114108, 114117, 114121, 114125, 114126, 114132, 114154, 114160, 114169, 114171, 114193, 114201, 114214, 114222, 114224, 114242, 114251, 114252, 114253, 114258, 114262, 114269, 114270, 114286, 114287, 114288, 114290, 114299, 114309, 114313, 114320, 114327, 114351, 114357, 114384, 114388, 114399, 114409, 114414, 114415, 114421, 114423, 114453, 114454, 114455, 114468, 114473, 114474, 114495, 114498, 114510, 114514, 114518, 114549, 114552, 114558, 114576, 114579, 114581, 114589, 114605, 114611, 114628, 114632, 114642, 114650, 114657, 114668, 114680, 114681, 114685, 114694, 114697, 114699, 114701, 114710, 114711, 114712, 114723, 114726, 114741, 114745, 114746, 114765, 114770, 114777, 114779, 114782, 114787, 114793, 114800, 114811, 114813, 114817, 114821, 114831, 114840, 114841, 114842, 114851, 114860, 114875, 114899, 114917, 114921, 114922, 114942, 114946, 114956, 114960, 114966, 114975, 114976, 114982, 114985, 115008, 115015, 115019, 115050, 115054, 115055, 115058, 115064, 115073, 115074, 115078, 115082, 115092, 115098, 115105, 115120, 115123, 115131, 115153, 115177, 115202, 115212, 115226, 115229, 115233, 115251, 115254, 115257, 115258, 115266, 115275, 115287, 115290, 115294, 115305, 115306, 115328, 115331, 115332, 115333, 115335, 115341, 115354, 115356, 115373, 115374, 115380, 115382, 115389, 115394, 115399, 115412, 115428, 115435, 115437, 115439, 115440, 115445, 115481, 115492, 115501, 115507, 115515, 115521, 115527, 115530, 115550, 115551, 115563, 115567, 115569, 115578, 115580, 115583, 115601, 115610, 115615, 115620, 115621, 115631, 115644, 115646, 115654, 115655, 115662, 115667, 115670, 115673, 115679, 115680, 115682, 115689, 115692, 115693, 115694, 115706, 115709, 115719, 115721, 115731, 115732, 115737, 115738, 115740, 115743, 115744, 115745, 115752, 115761, 115767, 115772, 115773, 115775, 115778, 115796, 115810, 115818, 115829, 115832, 115836, 115840, 115851, 115856, 115861, 115864, 115877, 115886, 115887, 115889, 115900, 115902, 115909, 115913, 115922, 115927, 115939, 115958, 115959, 115960, 115970, 115972, 115973, 115975, 115979, 115986, 115988, 115992, 115993, 115999, 116008, 116009, 116010, 116028, 116038, 116039, 116045, 116051, 116059, 116062, 116064, 116075, 116084, 116119, 116120, 116126, 116131, 116134, 116135, 116143, 116149, 116153, 116155, 116158, 116162, 116170, 116179, 116180, 116205, 116210, 116219, 116246, 116257, 116261, 116264, 116267, 116269, 116279, 116282, 116292, 116312, 116314, 116315, 116320, 116337, 116365, 116370, 116379, 116388, 116389, 116399, 116404, 116418, 116431, 116440, 116441, 116446, 116448, 116459, 116462, 116487, 116497, 116498, 116513, 116518, 116529, 116531, 116534, 116539, 116543, 116546, 116552, 116557, 116558, 116559, 116561, 116562, 116579, 116588, 116593, 116607, 116608, 116616, 116618, 116635, 116640, 116654, 116664, 116670, 116676, 116677, 116678, 116709, 116733, 116737, 116741, 116745, 116764, 116770, 116772, 116773, 116775, 116789, 116791, 116793, 116800, 116804, 116811, 116819, 116827, 116835, 116852, 116856, 116873, 116884, 116885, 116904, 116914, 116917, 116919, 116938, 116940, 116958, 116959, 116965, 116978, 116979, 116989, 116994, 117001, 117004, 117008, 117016, 117042, 117049, 117056, 117059, 117063, 117066, 117068, 117072, 117074, 117075, 117079, 117095, 117106, 117113, 117115, 117136, 117155, 117181, 117190, 117197, 117209, 117215, 117216, 117221, 117234, 117244, 117246, 117250, 117255, 117258, 117267, 117269, 117273, 117295, 117300, 117301, 117303, 117307, 117309, 117312, 117326, 117327, 117328, 117337, 117345, 117355, 117356, 117362, 117370, 117379, 117380, 117385, 117403, 117427, 117440, 117442, 117444, 117450, 117451, 117455, 117468, 117492, 117497, 117498, 117499, 117510, 117522, 117530, 117533, 117551, 117557, 117558, 117560, 117572, 117584, 117589, 117630, 117634, 117638, 117645, 117648, 117666, 117674, 117678, 117691, 117701, 117703, 117704, 117711, 117713, 117716, 117724, 117727, 117729, 117733, 117752, 117758, 117762, 117769, 117773, 117776, 117783, 117786, 117791, 117799, 117812, 117820, 117831, 117833, 117835, 117845, 117863, 117867, 117871, 117874, 117883, 117884, 117887, 117919, 117927, 117928, 117932, 117949, 117955, 117964, 117970, 117971, 117975, 117979, 117984, 117998, 118007, 118010, 118025, 118045, 118050, 118054, 118071, 118078, 118088, 118089, 118090, 118091, 118093, 118104, 118105, 118108, 118110, 118119, 118120, 118123, 118131, 118138, 118142, 118154, 118167, 118171, 118180, 118194, 118200, 118202, 118203, 118205, 118209, 118220, 118229, 118230, 118237, 118240, 118245, 118251, 118255, 118256, 118273, 118277, 118280, 118297, 118303, 118304, 118310, 118318, 118324, 118327, 118328, 118332, 118333, 118352, 118377, 118381, 118386, 118396, 118397, 118398, 118411, 118424, 118425, 118435, 118444, 118456, 118457, 118464, 118468, 118472, 118474, 118475, 118482, 118487, 118489, 118493, 118498, 118504, 118508, 118509, 118517, 118518, 118520, 118521, 118529, 118539, 118544, 118545, 118550, 118558, 118566, 118572, 118583, 118585, 118590, 118592, 118597, 118602, 118604, 118634, 118643, 118650, 118661, 118665, 118670, 118674, 118683, 118686, 118720, 118726, 118745, 118754, 118774, 118775, 118784, 118786, 118790, 118795, 118798, 118815, 118823, 118828, 118830, 118856, 118864, 118870, 118875, 118876, 118877, 118894, 118896, 118898, 118920, 118923, 118926, 118930, 118941, 118945, 118950, 118965, 118966, 118971, 118975, 118978, 118981, 118983, 118998, 119009, 119011, 119024, 119026, 119032, 119035, 119061, 119065, 119074, 119075, 119081, 119083, 119098, 119102, 119108, 119123, 119129, 119134, 119141, 119142, 119150, 119156, 119158, 119164, 119166, 119171, 119174, 119178, 119179, 119185, 119191, 119200, 119212, 119227, 119230, 119232, 119233, 119246, 119247, 119249, 119269, 119273, 119277, 119278, 119288, 119293, 119295, 119301, 119305, 119317, 119350, 119352, 119356, 119375, 119377, 119388, 119395, 119402, 119403, 119404, 119423, 119430, 119432, 119438, 119450, 119451, 119453, 119459, 119465, 119467, 119470, 119477, 119491, 119492, 119497, 119498, 119501, 119515, 119517, 119523, 119527, 119537, 119538, 119540, 119549, 119574, 119575, 119592, 119599, 119601, 119602, 119604, 119617, 119618, 119636, 119647, 119652, 119656, 119672, 119676, 119677, 119681, 119685, 119686, 119687, 119692, 119697, 119698, 119699, 119703, 119711, 119746, 119753, 119754, 119762, 119767, 119776, 119784, 119786, 119800, 119802, 119811, 119826, 119836, 119837, 119854, 119858, 119863, 119868, 119877, 119885, 119889, 119900, 119902, 119917, 119927, 119935, 119938, 119955, 119956, 119960, 119976, 119977, 119978, 119979, 119989, 119991, 120004, 120005, 120015, 120019, 120029, 120038, 120039, 120048, 120057, 120065, 120067, 120084, 120087, 120099, 120112, 120114, 120117, 120130, 120144, 120148, 120152, 120156, 120172, 120176, 120181, 120184, 120189, 120190, 120191, 120204, 120205, 120210, 120227, 120232, 120234, 120254, 120255, 120261, 120265, 120275, 120297, 120311, 120315, 120331, 120334, 120336, 120345, 120349, 120359, 120364, 120367, 120373, 120386, 120398, 120399, 120416, 120420, 120425, 120439, 120440, 120481, 120484, 120490, 120492, 120493, 120498, 120499, 120515, 120517, 120528, 120531, 120533, 120539, 120541, 120542, 120551, 120553, 120558, 120577, 120578, 120583, 120588, 120591, 120610, 120611, 120644, 120659, 120665, 120667, 120672, 120680, 120681, 120694, 120696, 120702, 120759, 120775, 120776, 120778, 120792, 120806, 120808, 120813, 120817, 120825, 120844, 120854, 120877, 120878, 120931, 120935, 120942, 120955, 120956, 120958, 120964, 121001, 121007, 121016, 121018, 121022, 121031, 121036, 121046, 121051, 121054, 121063, 121064, 121073, 121095, 121103, 121105, 121109, 121110, 121122, 121131, 121141, 121145, 121173, 121174, 121180, 121185, 121192, 121197, 121199, 121204, 121205, 121208, 121213, 121219, 121231, 121246, 121249, 121250, 121253, 121260, 121272, 121275, 121285, 121298, 121300, 121313, 121320, 121340, 121344, 121345, 121347, 121352, 121359, 121363, 121368, 121393, 121411, 121416, 121421, 121424, 121440, 121459, 121460, 121469, 121471, 121486, 121501, 121502, 121531, 121536, 121539, 121543, 121548, 121557, 121564, 121566, 121571, 121581, 121582, 121583, 121590, 121598, 121605, 121611, 121622, 121627, 121636, 121637, 121644, 121648, 121649, 121650, 121657, 121666, 121669, 121694, 121696, 121697, 121709, 121724, 121728, 121744, 121753, 121754, 121761, 121763, 121766, 121768, 121770, 121776, 121783, 121789, 121794, 121798, 121801, 121802, 121818, 121820, 121833, 121836, 121837, 121844, 121847, 121852, 121855, 121865, 121877, 121906, 121913, 121920, 121923, 121934, 121936, 121950, 121961, 121974, 121983, 121991, 121996, 122000, 122010, 122014, 122025, 122026, 122030, 122032, 122033, 122050, 122052, 122058, 122065, 122072, 122076, 122080, 122084, 122092, 122094, 122095, 122101, 122108, 122119, 122138, 122142, 122143, 122147, 122148, 122159, 122162, 122164, 122183, 122185, 122188, 122190, 122193, 122198, 122216, 122218, 122221, 122226, 122227, 122233, 122234, 122239, 122242, 122245, 122248, 122255, 122271, 122276, 122281, 122287, 122290, 122292, 122293, 122301, 122313, 122316, 122318, 122319, 122328, 122348, 122352, 122355, 122372, 122377, 122379, 122382, 122384, 122394, 122395, 122402, 122403, 122434, 122443, 122452, 122462, 122469, 122473, 122502, 122503, 122504, 122519, 122536, 122546, 122551, 122553, 122557, 122570, 122578, 122583, 122606, 122625, 122627, 122629, 122636, 122639, 122653, 122662, 122663, 122673, 122678, 122682, 122692, 122700, 122702, 122708, 122717, 122722, 122735, 122736, 122746, 122748, 122754, 122759, 122766, 122770, 122791, 122794, 122795, 122799, 122801, 122802, 122808, 122842, 122846, 122847, 122857, 122858, 122866, 122867, 122871, 122881, 122888, 122893, 122894, 122897, 122899, 122902, 122913, 122933, 122946, 122953, 122964, 122985, 122986, 122990, 122992, 122997, 123008, 123015, 123018, 123027, 123031, 123032, 123034, 123041, 123042, 123043, 123047, 123060, 123080, 123085, 123088, 123089, 123092, 123102, 123110, 123124, 123131, 123133, 123139, 123140, 123142, 123153, 123156, 123166, 123171, 123180, 123184, 123195, 123197, 123200, 123207, 123215, 123221, 123224, 123232, 123239, 123244, 123253, 123260, 123265, 123268, 123273, 123274, 123279, 123286, 123308, 123309, 123319, 123326, 123327, 123332, 123336, 123346, 123350, 123351, 123353, 123357, 123368, 123375, 123378, 123382, 123400, 123401, 123405, 123417, 123424, 123428, 123432, 123437, 123438, 123446, 123453, 123461, 123468, 123474, 123476, 123477, 123479, 123484, 123490, 123497, 123516, 123524, 123527, 123534, 123545, 123556, 123564, 123598, 123601, 123605, 123606, 123611, 123625, 123626, 123629, 123636, 123647, 123654, 123659, 123692, 123693, 123707, 123709, 123715, 123722, 123735, 123773, 123776, 123787, 123797, 123809, 123810, 123811, 123822, 123855, 123882, 123900, 123904, 123907, 123913, 123915, 123917, 123922, 123933, 123952, 123972, 123973, 123982, 123992, 124010, 124017, 124033, 124053, 124056, 124059, 124075, 124079, 124086, 124099, 124103, 124105, 124107, 124110, 124133, 124134, 124140, 124156, 124159, 124160, 124163, 124169, 124175, 124181, 124183, 124191, 124193, 124199, 124205, 124206, 124223, 124225, 124238, 124247, 124275, 124276, 124279, 124281, 124285, 124289, 124291, 124296, 124303, 124314, 124337, 124340, 124347, 124348, 124349, 124367, 124368, 124371, 124373, 124383, 124390, 124399, 124438, 124439, 124446, 124452, 124463, 124465, 124477, 124480, 124489, 124496, 124510, 124512, 124520, 124533, 124538, 124539, 124544, 124545, 124546, 124553, 124563, 124569, 124575, 124578, 124582, 124583, 124600, 124607, 124609, 124617, 124619, 124623, 124638, 124647, 124652, 124654, 124658, 124667, 124673, 124674, 124683, 124686, 124690, 124696, 124705, 124713, 124721, 124726, 124732, 124737, 124743, 124757, 124758, 124762, 124769, 124770, 124774, 124776, 124794, 124796, 124799, 124813, 124814, 124834, 124836, 124848, 124850, 124871, 124876, 124879, 124882, 124900, 124906, 124909, 124910, 124930, 124940, 124956, 124961, 124989, 124998, 125004, 125009, 125014, 125018, 125024, 125030, 125042, 125045, 125048, 125049, 125054, 125057, 125060, 125063, 125067, 125078, 125079, 125087, 125092, 125097, 125110, 125129, 125131, 125135, 125153, 125170, 125172, 125177, 125180, 125199, 125203, 125211, 125216, 125218, 125233, 125235, 125240, 125247, 125248, 125251, 125253, 125273, 125282, 125290, 125293, 125295, 125296, 125307, 125312, 125313, 125314, 125321, 125322, 125324, 125325, 125333, 125338, 125346, 125354, 125365, 125370, 125375, 125383, 125387, 125415, 125420, 125433, 125438, 125441, 125460, 125462, 125464, 125465, 125466, 125475, 125483, 125496, 125510, 125517, 125536, 125556, 125566, 125567, 125570, 125572, 125583, 125587, 125595, 125599, 125624, 125636, 125639, 125648, 125654, 125657, 125659, 125664, 125672, 125675, 125679, 125685, 125687, 125689, 125697, 125698, 125700, 125713, 125727, 125729, 125730, 125731, 125732, 125742, 125744, 125747, 125758, 125762, 125770, 125777, 125785, 125790, 125795, 125797, 125798, 125820, 125826, 125827, 125829, 125830, 125831, 125833, 125863, 125864, 125869, 125879, 125881, 125887, 125894, 125909, 125913, 125926, 125930, 125936, 125948, 125958, 125985, 125986, 125997, 125998, 126000, 126004, 126008, 126013, 126014, 126032, 126045, 126056, 126060, 126068, 126077, 126112, 126113, 126122, 126124, 126140, 126144, 126146, 126154, 126165, 126168, 126170, 126174, 126185, 126193, 126194, 126196, 126201, 126211, 126219, 126224, 126228, 126255, 126265, 126269, 126286, 126296, 126302, 126307, 126309, 126315, 126319, 126322, 126325, 126333, 126337, 126338, 126348, 126356, 126378, 126383, 126384, 126385, 126386, 126397, 126405, 126409, 126411, 126415, 126420, 126428, 126432, 126437, 126442, 126446, 126447, 126451, 126459, 126465, 126472, 126500, 126514, 126519, 126537, 126556, 126559, 126581, 126594, 126600, 126604, 126614, 126619, 126620, 126634, 126638, 126640, 126642, 126649, 126654, 126663, 126689, 126699, 126704, 126705, 126707, 126715, 126725, 126726, 126733, 126736, 126739, 126746, 126783, 126787, 126794, 126798, 126804, 126806, 126815, 126829, 126836, 126839, 126848, 126851, 126865, 126866, 126867, 126880, 126883, 126895, 126911, 126925, 126927, 126934, 126938, 126941, 126942, 126957, 126965, 126975, 126976, 126979, 126983, 126985, 126994, 126996, 126999, 127003, 127013, 127024, 127031, 127036, 127051, 127056, 127076, 127089, 127100, 127110, 127115, 127118, 127128, 127135, 127142, 127149, 127153, 127166, 127171, 127180, 127182, 127184, 127189, 127216, 127218, 127224, 127227, 127230, 127233, 127250, 127256, 127268, 127272, 127307, 127314, 127316, 127322, 127325, 127335, 127338, 127355, 127373, 127375, 127378, 127395, 127402, 127420, 127426, 127428, 127447, 127449, 127451, 127456, 127465, 127471, 127472, 127477, 127484, 127487, 127526, 127540, 127544, 127550, 127554, 127572, 127576, 127577, 127604, 127608, 127611, 127613, 127618, 127625, 127629, 127633, 127635, 127670, 127674, 127684, 127690, 127716, 127722, 127728, 127729, 127742, 127749, 127752, 127762, 127763, 127765, 127771, 127780, 127781, 127792, 127795, 127796, 127799, 127800, 127802, 127803, 127812, 127841, 127848, 127851, 127852, 127859, 127860, 127862, 127869, 127877, 127885, 127886, 127889, 127900, 127905, 127910, 127911, 127941, 127942, 127952, 127955, 127967, 127973, 127985, 128008, 128014, 128027, 128034, 128036, 128041, 128047, 128053, 128062, 128070, 128071, 128098, 128117, 128119, 128120, 128143, 128152, 128155, 128174, 128181, 128185, 128194, 128203, 128208, 128209, 128218, 128223, 128228, 128233, 128255, 128257, 128278, 128290, 128292, 128293, 128299, 128314, 128323, 128331, 128333, 128342, 128350, 128358, 128360, 128369, 128391, 128417, 128418, 128437, 128441, 128459, 128462, 128463, 128472, 128488, 128544, 128546, 128549, 128555, 128563, 128572, 128598, 128606, 128609, 128614, 128616, 128620, 128645, 128653, 128655, 128657, 128669, 128686, 128705, 128718, 128724, 128725, 128728, 128740, 128741, 128749, 128750, 128753, 128757, 128784, 128790, 128798, 128803, 128808, 128834, 128836, 128843, 128856, 128865, 128871, 128872, 128881, 128894, 128918, 128925, 128929, 128931, 128935, 128940, 128945, 128946, 128949, 128952, 128962, 128969, 128977, 128988, 129000, 129001, 129006, 129015, 129020, 129023, 129025, 129031, 129032, 129041, 129042, 129044, 129067, 129073, 129082, 129100, 129104, 129126, 129131, 129139, 129144, 129157, 129158, 129163, 129164, 129171, 129174, 129176, 129178, 129180, 129185, 129212, 129213, 129219, 129226, 129228, 129234, 129239, 129240, 129258, 129263, 129266, 129271, 129273, 129275, 129278, 129281, 129282, 129286, 129311, 129314, 129327, 129328, 129332, 129341, 129351, 129357, 129359, 129368, 129375, 129379, 129380, 129383, 129388, 129393, 129406, 129407, 129410, 129419, 129427, 129429, 129437, 129440, 129453, 129455, 129456, 129459, 129460, 129463, 129468, 129471, 129473, 129475, 129483, 129488, 129489, 129512, 129526, 129554, 129568, 129572, 129574, 129580, 129594, 129604, 129611, 129612, 129614, 129625, 129639, 129641, 129643, 129650, 129655, 129664, 129666, 129671, 129682, 129701, 129712, 129714, 129717, 129722, 129723, 129729, 129732, 129749, 129764, 129768, 129772, 129774, 129792, 129807, 129809, 129820, 129834, 129843, 129852, 129870, 129874, 129878, 129880, 129896, 129897, 129910, 129918, 129935, 129941, 129943, 129950, 129966, 129967, 129973, 129978, 129980, 130002, 130021, 130026, 130027, 130029, 130039, 130047, 130051, 130061, 130065, 130066, 130081, 130083, 130086, 130098, 130104, 130124, 130126, 130127, 130131, 130132, 130141, 130145, 130147, 130148, 130150, 130160, 130166, 130167, 130174, 130177, 130179, 130181, 130197, 130218, 130224, 130227, 130228, 130238, 130245, 130246, 130269, 130286, 130296, 130298, 130312, 130314, 130327, 130341, 130343, 130353, 130375, 130376, 130377, 130379, 130381, 130396, 130400, 130405, 130406, 130411, 130414, 130429, 130430, 130431, 130443, 130445, 130448, 130463, 130481, 130491, 130502, 130512, 130525, 130528, 130545, 130552, 130555, 130571, 130579, 130581, 130591, 130600, 130601, 130609, 130610, 130614, 130615, 130632, 130637, 130639, 130665, 130674, 130682, 130727, 130732, 130738, 130745, 130756, 130761, 130778, 130779, 130805, 130813, 130817, 130836, 130848, 130863, 130877, 130882, 130885, 130887, 130896, 130899, 130906, 130910, 130922, 130934, 130938, 130941, 130950, 130953, 130954, 130958, 130962, 130963, 130972, 130974, 130975, 130982, 130986, 130989, 130994, 130996, 130997, 131002, 131009, 131018, 131025, 131030, 131033, 131035, 131042, 131043, 131051, 131057, 131062, 131078, 131085, 131094, 131105, 131126, 131146, 131155, 131161, 131175, 131178, 131187, 131189, 131194, 131210, 131216, 131217, 131230, 131246, 131254, 131260, 131261, 131265, 131277, 131303, 131304, 131305, 131320, 131323, 131327, 131331, 131335, 131337, 131340, 131350, 131370, 131391, 131393, 131404, 131405, 131407, 131422, 131423, 131430, 131446, 131463, 131475, 131476, 131480, 131485, 131486, 131500, 131502, 131509, 131513, 131530, 131538, 131554, 131574, 131581, 131597, 131598, 131614, 131618, 131632, 131647, 131660, 131663, 131664, 131668, 131671, 131672, 131675, 131695, 131697, 131707, 131720, 131721, 131730, 131753, 131763, 131775, 131776, 131786, 131788, 131791, 131804, 131807, 131813, 131815, 131816, 131819, 131822, 131824, 131839, 131841, 131847, 131855, 131857, 131858, 131887, 131891, 131894, 131895, 131901, 131912, 131913, 131919, 131923, 131925, 131928, 131936, 131945, 131960, 131971, 131972, 131973, 131981, 131988, 132033, 132034, 132036, 132049, 132052, 132057, 132058, 132065, 132067, 132079, 132096, 132126, 132130, 132137, 132141, 132151, 132157, 132159, 132167, 132173, 132178, 132188, 132189, 132202, 132205, 132208, 132211, 132230, 132231, 132239, 132251, 132258, 132273, 132277, 132301, 132304, 132306, 132309, 132331, 132333, 132343, 132354, 132362, 132367, 132374, 132377, 132378, 132381, 132382, 132393, 132398, 132416, 132426, 132435, 132436, 132442, 132461, 132465, 132479, 132490, 132495, 132499, 132511, 132522, 132529, 132545, 132558, 132559, 132560, 132566, 132583, 132594, 132595, 132596, 132603, 132604, 132617, 132619, 132627, 132628, 132633, 132636, 132656, 132663, 132668, 132673, 132674, 132675, 132685, 132696, 132697, 132698, 132707, 132717, 132731, 132745, 132747, 132750, 132751, 132754, 132765, 132767, 132777, 132787, 132791, 132792, 132800, 132801, 132805, 132808, 132809, 132810, 132816, 132832, 132836, 132847, 132855, 132871, 132884, 132898, 132902, 132904, 132913, 132916, 132933, 132941, 132951, 132974, 132985, 132987, 132988, 132994, 132995, 133004, 133007, 133012, 133015, 133016, 133027, 133030, 133032, 133033, 133044, 133066, 133081, 133082, 133085, 133086, 133098, 133110, 133111, 133116, 133125, 133136, 133138, 133155, 133157, 133163, 133164, 133167, 133171, 133176, 133187, 133198, 133201, 133217, 133222, 133251, 133262, 133263, 133281, 133290, 133293, 133300, 133315, 133325, 133341, 133342, 133352, 133353, 133357, 133362, 133368, 133373, 133375, 133377, 133379, 133385, 133386, 133387, 133406, 133412, 133413, 133416, 133417, 133426, 133429, 133431, 133459, 133488, 133491, 133494, 133509, 133520, 133529, 133530, 133531, 133545, 133549, 133565, 133577, 133585, 133590, 133601, 133618, 133637, 133651, 133657, 133671, 133672, 133681, 133692, 133697, 133700, 133710, 133715, 133717, 133721, 133736, 133759, 133766, 133780, 133797, 133801, 133809, 133824, 133831, 133832, 133840, 133849, 133852, 133854, 133856, 133857, 133866, 133870, 133871, 133872, 133878, 133882, 133886, 133888, 133891, 133895, 133898, 133919, 133920, 133921, 133925, 133930, 133938, 133940, 133943, 133945, 133954, 133968, 133982, 133985, 133986, 133993, 134006, 134009, 134014, 134016, 134018, 134019, 134043, 134050, 134067, 134077, 134081, 134088, 134101, 134106, 134111, 134117, 134120, 134122, 134128, 134155, 134156, 134163, 134164, 134178, 134186, 134193, 134208, 134221, 134233, 134238, 134252, 134265, 134274, 134280, 134293, 134295, 134300, 134304, 134307, 134312, 134317, 134320, 134337, 134340, 134350, 134351, 134353, 134368, 134369, 134371, 134379, 134381, 134391, 134408, 134410, 134429, 134435, 134466, 134472, 134479, 134480, 134481, 134492, 134494, 134514, 134516, 134520, 134526, 134535, 134536, 134538, 134541, 134546, 134553, 134561, 134571, 134589, 134591, 134609, 134610, 134613, 134621, 134622, 134631, 134634, 134635, 134648, 134649, 134656, 134659, 134666, 134671, 134681, 134696, 134704, 134705, 134720, 134743, 134774, 134784, 134789, 134794, 134812, 134813, 134821, 134826, 134831, 134832, 134836, 134837, 134846, 134854, 134875, 134877, 134904, 134909, 134912, 134920, 134926, 134928, 134944, 134947, 134950, 134954, 134971, 134978, 134980, 134983, 134989, 134994, 135022, 135030, 135033, 135047, 135051, 135054, 135083, 135092, 135100, 135102, 135103, 135106, 135108, 135127, 135138, 135143, 135147, 135149, 135161, 135163, 135185, 135192, 135197, 135214, 135220, 135226, 135229, 135240, 135255, 135263, 135288, 135289, 135290, 135292, 135294, 135302, 135312, 135313, 135314, 135316, 135320, 135326, 135341, 135343, 135361, 135375, 135381, 135393, 135402, 135404, 135408, 135410, 135417, 135431, 135440, 135458, 135462, 135476, 135478, 135500, 135503, 135514, 135526, 135534, 135540, 135541, 135549, 135552, 135560, 135575, 135577, 135581, 135589, 135594, 135596, 135599, 135605, 135617, 135632, 135633, 135634, 135636, 135643, 135659, 135664, 135666, 135671, 135679, 135680, 135683, 135690, 135691, 135696, 135697, 135709, 135714, 135719, 135723, 135742, 135745, 135746, 135748, 135749, 135770, 135779, 135788, 135799, 135809, 135821, 135830, 135834, 135835, 135843, 135846, 135867, 135871, 135873, 135879, 135920, 135929, 135937, 135941, 135942, 135951, 135955, 135967, 135981, 135989, 135992, 136001, 136011, 136020, 136034, 136040, 136045, 136047, 136054, 136061, 136070, 136071, 136076, 136088, 136090, 136110, 136130, 136132, 136136, 136161, 136188, 136192, 136193, 136198, 136237, 136240, 136251, 136252, 136263, 136278, 136292, 136297, 136302, 136336, 136378, 136383, 136384, 136392, 136398, 136400, 136425, 136429, 136435, 136438, 136452, 136469, 136471, 136476, 136477, 136479, 136484, 136497, 136498, 136504, 136505, 136516, 136523, 136539, 136540, 136559, 136560, 136567, 136585, 136586, 136594, 136617, 136618, 136624, 136625, 136634, 136645, 136669, 136683, 136684, 136685, 136696, 136699, 136707, 136750, 136753, 136761, 136771, 136772, 136776, 136787, 136790, 136791, 136793, 136794, 136796, 136798, 136822, 136829, 136834, 136841, 136843, 136850, 136864, 136874, 136895, 136899, 136900, 136912, 136926, 136929, 136940, 136948, 136955, 136960, 136968, 136989, 136993, 136997, 136999, 137001, 137019, 137022, 137026, 137030, 137035, 137038, 137060, 137061, 137069, 137080, 137082, 137089, 137094, 137100, 137108, 137114, 137119, 137123, 137126, 137130, 137134, 137153, 137157, 137161, 137164, 137170, 137194, 137198, 137211, 137212, 137213, 137236, 137244, 137246, 137247, 137254, 137264, 137269, 137277, 137279, 137281, 137285, 137290, 137294, 137299, 137302, 137309, 137311, 137321, 137325, 137327, 137328, 137335, 137337, 137344, 137346, 137353, 137366, 137384, 137396, 137397, 137398, 137402, 137404, 137419, 137420, 137427, 137442, 137443, 137444, 137447, 137452, 137471, 137475, 137478, 137480, 137486, 137519, 137523, 137535, 137537, 137543, 137545, 137546, 137558, 137560, 137564, 137570, 137586, 137597, 137603, 137605, 137610, 137616, 137621, 137622, 137625, 137631, 137640, 137647, 137682, 137693, 137695, 137698, 137707, 137712, 137714, 137718, 137724, 137738, 137754, 137763, 137773, 137784, 137786, 137792, 137797, 137809, 137825, 137827, 137838, 137845, 137849, 137856, 137859, 137863, 137898, 137899, 137909, 137912, 137914, 137921, 137936, 137943, 137952, 137969, 137973, 137975, 137978, 137982, 137989, 137994, 137998, 138010, 138025, 138030, 138050, 138057, 138087, 138095, 138102, 138116, 138122, 138128, 138133, 138137, 138143, 138146, 138162, 138166, 138167, 138168, 138169, 138170, 138175, 138194, 138204, 138205, 138206, 138211, 138214, 138219, 138221, 138225, 138244, 138248, 138252, 138272, 138282, 138283, 138297, 138298, 138300, 138316, 138324, 138327, 138329, 138334, 138342, 138343, 138344, 138364, 138370, 138376, 138377, 138401, 138408, 138413, 138426, 138429, 138433, 138435, 138437, 138438, 138442, 138445, 138451, 138465, 138466, 138478, 138485, 138506, 138512, 138514, 138517, 138523, 138526, 138528, 138533, 138539, 138556, 138557, 138558, 138567, 138583, 138585, 138589, 138590, 138598, 138605, 138612, 138637, 138640, 138649, 138662, 138663, 138667, 138669, 138680, 138682, 138688, 138698, 138702, 138712, 138729, 138732, 138733, 138740, 138752, 138753, 138756, 138760, 138767, 138789, 138790, 138793, 138796, 138802, 138811, 138812, 138831, 138848, 138864, 138883, 138890, 138891, 138907, 138914, 138926, 138927, 138932, 138949, 138952, 138958, 138960, 138986, 139009, 139016, 139017, 139021, 139061, 139067, 139072, 139085, 139103, 139115, 139121, 139130, 139138, 139149, 139158, 139162, 139177, 139191, 139195, 139226, 139227, 139228, 139233, 139234, 139236, 139241, 139242, 139257, 139265, 139266, 139273, 139276, 139290, 139294, 139295, 139315, 139317, 139318, 139320, 139324, 139327, 139332, 139335, 139337, 139344, 139356, 139358, 139365, 139369, 139371, 139372, 139377, 139384, 139419, 139426, 139443, 139444, 139447, 139450, 139454, 139462, 139478, 139483, 139493, 139509, 139515, 139516, 139529, 139553, 139554, 139570, 139579, 139581, 139585, 139586, 139590, 139593, 139598, 139605, 139653, 139655, 139660, 139662, 139664, 139671, 139679, 139682, 139689, 139695, 139700, 139705, 139714, 139721, 139723, 139724, 139730, 139792, 139805, 139812, 139813, 139818, 139821, 139826, 139833, 139836, 139845, 139856, 139868, 139873, 139875, 139904, 139913, 139923, 139924, 139934, 139945, 139947, 139962, 139967, 139971, 139987, 139993, 140003, 140022, 140023, 140049, 140059, 140061, 140080, 140084, 140092, 140101, 140121, 140129, 140130, 140135, 140137, 140140, 140156, 140161, 140169, 140197, 140202, 140215, 140234, 140242, 140253, 140270, 140271, 140289, 140313, 140319, 140323, 140337, 140384, 140385, 140413, 140414, 140417, 140431, 140432, 140458, 140473, 140474, 140482, 140488, 140513, 140518, 140522, 140528, 140542, 140543, 140550, 140554, 140555, 140579, 140582, 140589, 140596, 140603, 140638, 140648, 140654, 140659, 140670, 140698, 140699, 140702, 140703, 140708, 140710, 140717, 140726, 140733, 140734, 140742, 140743, 140751, 140782, 140786, 140797, 140811, 140821, 140837, 140850, 140856, 140863, 140897, 140938, 140941, 140950, 140965, 140975, 140981, 140988, 141008, 141013, 141027, 141039, 141053, 141075, 141084, 141088, 141089, 141102, 141112, 141117, 141118, 141122, 141123, 141131, 141138, 141147, 141149, 141151, 141160, 141162, 141173, 141194, 141196, 141201, 141206, 141207, 141208, 141212, 141226, 141234, 141258, 141260, 141262, 141269, 141277, 141279, 141281, 141292, 141294, 141298, 141300, 141311, 141343, 141362, 141373, 141375, 141382, 141384, 141393, 141395, 141405, 141415, 141419, 141422, 141425, 141442, 141452, 141454, 141457, 141463, 141464, 141468, 141469, 141471, 141472, 141484, 141485, 141486, 141491, 141496, 141509, 141514, 141518, 141537, 141542, 141545, 141553, 141558, 141564, 141567, 141576, 141593, 141598, 141607, 141616, 141620, 141631, 141639, 141644, 141649, 141652, 141659, 141663, 141674, 141697, 141698, 141702, 141707, 141708, 141711, 141714, 141715, 141727, 141747, 141760, 141772, 141775, 141791, 141797, 141800, 141814, 141820, 141827, 141854, 141864, 141873, 141879, 141883, 141889, 141891, 141897, 141900, 141910, 141920, 141929, 141934, 141935, 141936, 141938, 141940, 141942, 141943, 141945, 141963, 141967, 141971, 141978, 141983, 141995, 142005, 142015, 142019, 142021, 142068, 142070, 142076, 142090, 142095, 142105, 142109, 142123, 142124, 142126, 142128, 142130, 142133, 142136, 142144, 142149, 142152, 142157, 142160, 142161, 142167, 142182, 142183, 142184, 142185, 142194, 142218, 142220, 142225, 142228, 142232, 142255, 142257, 142261, 142262, 142263, 142265, 142268, 142269, 142270, 142272, 142277, 142278, 142286, 142287, 142293, 142296, 142304, 142306, 142310, 142316, 142319, 142325, 142331, 142332, 142333, 142336, 142343, 142351, 142356, 142357, 142358, 142359, 142361, 142365, 142370, 142371, 142377, 142380, 142381, 142386, 142390, 142395, 142396, 142398, 142406, 142408, 142425, 142431, 142432, 142435, 142444, 142451, 142452, 142456, 142457, 142460, 142464, 142466, 142467, 142469, 142476, 142480, 142485, 142486, 142489, 142493, 142496, 142503, 142505, 142508, 142510, 142511, 142514, 142516, 142517, 142528, 142531, 142533, 142534, 142540, 142541, 142552, 142553, 142554, 142561, 142562, 142563, 142566, 142572, 142573, 142576, 142577, 142582, 142584, 142588, 142591, 142592, 142593, 142594, 142600, 142602, 142605, 142613, 142614, 142615, 142618, 142620, 142621, 142623, 142625, 142627, 142630, 142634, 142635, 142641, 142647, 142648, 142652, 142656, 142657, 142660, 142671, 142678, 142692, 142699, 142701, 142705, 142706, 142716, 142718, 142719, 142720, 142722, 142724, 142727, 142732, 142739, 142744, 142748, 142749, 142755, 142756, 142762, 142763, 142765, 142768, 142777, 142779, 142780, 142782, 142787, 142788, 142798, 142806, 142809, 142810, 142811, 142813, 142814, 142820, 142826, 142830, 142831, 142835, 142836, 142837, 142839, 142843, 142845, 142847, 142850, 142854, 142856, 142859, 142861, 142862, 142864, 142867, 142878, 142880, 142882, 142887, 142888, 142890, 142893, 142895, 142897, 142899, 142905, 142907, 142908, 142909, 142912, 142914, 142915, 142917, 142921, 142926, 142933, 142936, 142942, 142947, 142948, 142949, 142950, 142952, 142953, 142957, 142958, 142960, 142965, 142966, 142967, 142968, 142978, 142979, 142987, 142993, 142994, 142995, 142998, 143003, 143004, 143010, 143018, 143028, 143029, 143033, 143034, 143037, 143038, 143039, 143041, 143046, 143047, 143054, 143056, 143058, 143059, 143062, 143065, 143067, 143068, 143069, 143071, 143078, 143079, 143081, 143082, 143085, 143089, 143092, 143094, 143097, 143099, 143100, 143102, 143103, 143109, 143113, 143119, 143122, 143126, 143127, 143129, 143136, 143140, 143142, 143144, 143145, 143151, 143154, 143158, 143161, 143162, 143163, 143166, 143170, 143177, 143178, 143180, 143182, 143187, 143188, 143194, 143199, 143202, 143203, 143205, 143206, 143208, 143210, 143215, 143221, 143230, 143238, 143241, 143246, 143248, 143250, 143254, 143258, 143259, 143263, 143265, 143268, 143269, 143271, 143272, 143276, 143288, 143295, 143306, 143310, 143311, 143312, 143314, 143316, 143328, 143329, 143330, 143332, 143340, 143342, 143343, 143344, 143345, 143346, 143353, 143354, 143361, 143367, 143370, 143374, 143375, 143376, 143378, 143382, 143383, 143384, 143385, 143386, 143387, 143393, 143394, 143395, 143398, 143400, 143403, 143407, 143414, 143415, 143416, 143417, 143423, 143425, 143429, 143438, 143448, 143451, 143452, 143455, 143457, 143458, 143459, 143460, 143462, 143466, 143471, 143481, 143482, 143483, 143485, 143487, 143489, 143494, 143495, 143497, 143500, 143503, 143505, 143510, 143511, 143513, 143514, 143518, 143520, 143522, 143528, 143541, 143553, 143554, 143556, 143557, 143558, 143559, 143568, 143578, 143581, 143583, 143585, 143586, 143594, 143597, 143599, 143600, 143602, 143624, 143628, 143630, 143633, 143634, 143636, 143644, 143646, 143651, 143660, 143662, 143671, 143675, 143677, 143678, 143682, 143686, 143691, 143696, 143698, 143701, 143703, 143706, 143709, 143713, 143714, 143719, 143724, 143729, 143737, 143741, 143746, 143750, 143751, 143763, 143770, 143771, 143772, 143775, 143776, 143780, 143781, 143783, 143784, 143787, 143788, 143792, 143798, 143799, 143800, 143805, 143808, 143810, 143811, 143813, 143818, 143819, 143824, 143826, 143832, 143835, 143838, 143840, 143842, 143846, 143850, 143852, 143854, 143855, 143859, 143861, 143868, 143871, 143872, 143873, 143876, 143881, 143882, 143883, 143886, 143896, 143901, 143909, 143910, 143914, 143915, 143916, 143929, 143935, 143938, 143944, 143946, 143950, 143955, 143956, 143961, 143962, 143966, 143972, 143973, 143974, 143984, 143987, 143992, 143997, 143998, 144003, 144006, 144012, 144013, 144015, 144016, 144019, 144023, 144026, 144030, 144035, 144043, 144049, 144052, 144060, 144061, 144062, 144063, 144066, 144072, 144073, 144074, 144080, 144081, 144084, 144085, 144089, 144092, 144093, 144099, 144101, 144104, 144105, 144108, 144112, 144117, 144119, 144126, 144127, 144128, 144129, 144131, 144133, 144135, 144143, 144144, 144150, 144152, 144155, 144159, 144160, 144169, 144170, 144172, 144175, 144176, 144177, 144179, 144184, 144188, 144192, 144193, 144195, 144196, 144221, 144228, 144233, 144234, 144237, 144238, 144248, 144256, 144260, 144267, 144270, 144273, 144274, 144280, 144285, 144287, 144294, 144298, 144299, 144301, 144307, 144309, 144319, 144320, 144321, 144323, 144330, 144332, 144333, 144334, 144335, 144339, 144342, 144345, 144347, 144350, 144352, 144353, 144358, 144367, 144372, 144374, 144376, 144383, 144384, 144386, 144387, 144392, 144393, 144394, 144398, 144400, 144401, 144402, 144406, 144407, 144408, 144410, 144411, 144413, 144417, 144425, 144428, 144431, 144435, 144437, 144438, 144440, 144444, 144447, 144448, 144455, 144458, 144460, 144461, 144462, 144468, 144473, 144474, 144475, 144476, 144479, 144481, 144482, 144486, 144492, 144502, 144503, 144505, 144507, 144511, 144515, 144517, 144519, 144523, 144524, 144526, 144527, 144528, 144530, 144534, 144538, 144546, 144551, 144552, 144556, 144558, 144565, 144566, 144573, 144580, 144581, 144582, 144586, 144590, 144593, 144594, 144596, 144600, 144601, 144603, 144604, 144611, 144614, 144616, 144623, 144625, 144628, 144630, 144632, 144639, 144642, 144643, 144650, 144651, 144658, 144664, 144666, 144674, 144677, 144682, 144688, 144691, 144693, 144694, 144699, 144700, 144701, 144702, 144705, 144707, 144708, 144712, 144715, 144717, 144718, 144720, 144724, 144725, 144727, 144733, 144734, 144741, 144742, 144746, 144750, 144751, 144759, 144761, 144766, 144768, 144775, 144777, 144782, 144786, 144787, 144796, 144800, 144801, 144809, 144811, 144812, 144815, 144816, 144817, 144820, 144821, 144822, 144823, 144831, 144839, 144850, 144856, 144858, 144861, 144864, 144872, 144874, 144877, 144878, 144880, 144886, 144888, 144894, 144901, 144904, 144905, 144906, 144914, 144916, 144917, 144920, 144921, 144922, 144924, 144928, 144938, 144948, 144956, 144961, 144962, 144966, 144969, 144974, 144976, 144979, 144982, 144992, 144997, 145000, 145001, 145006, 145007, 145008, 145011, 145015, 145022, 145023, 145028, 145033, 145040, 145041, 145044, 145046, 145054, 145060, 145062, 145063, 145065, 145068, 145073, 145077, 145079, 145084, 145089, 145090, 145092, 145098, 145104, 145106, 145109, 145113, 145114, 145115, 145117, 145118, 145121, 145122, 145125, 145126, 145139, 145142, 145146, 145147, 145148, 145149, 145153, 145160, 145165, 145175, 145177, 145184, 145185, 145186, 145189, 145203, 145208, 145210, 145213, 145215, 145216, 145218, 145219, 145220, 145221, 145223, 145225, 145228, 145230, 145235, 145237, 145240, 145243, 145245, 145246, 145248, 145250, 145252, 145258, 145261, 145265, 145266, 145269, 145270, 145272, 145277, 145280, 145284, 145285, 145304, 145308, 145310, 145312, 145313, 145321, 145323, 145326, 145334, 145335, 145336, 145339, 145340, 145341, 145342, 145345, 145346, 145352, 145354, 145355, 145356, 145359, 145361, 145362, 145364, 145369, 145373, 145374, 145376, 145385, 145387, 145388, 145389, 145397, 145403, 145407, 145408, 145412, 145413, 145414, 145427, 145428, 145434, 145438, 145443, 145444, 145462, 145464, 145476, 145479, 145480, 145482, 145484, 145489, 145493, 145494, 145495, 145499, 145505, 145507, 145509, 145512, 145514, 145519, 145526, 145530, 145532, 145533, 145534, 145535, 145537, 145538, 145539, 145543, 145556, 145560, 145563, 145566, 145568, 145569, 145570, 145581, 145587, 145594, 145598, 145600, 145604, 145606, 145607, 145608, 145611, 145615, 145622, 145623, 145626, 145636, 145640, 145641, 145643, 145653, 145655, 145659, 145667, 145673, 145677, 145680, 145681, 145683, 145689, 145700, 145702, 145705, 145710, 145711, 145716, 145717, 145719, 145720, 145721, 145726, 145729, 145738, 145747, 145752, 145758, 145760, 145761, 145763, 145771, 145774, 145781, 145784, 145787, 145790, 145796, 145799, 145801, 145802, 145803, 145804, 145805, 145806, 145815, 145820, 145824, 145827, 145831, 145835, 145836, 145837, 145843, 145844, 145845, 145848, 145849, 145850, 145852, 145853, 145856, 145862, 145863, 145865, 145866, 145868, 145870, 145872, 145875, 145877, 145880, 145884, 145888, 145892, 145897, 145900, 145902, 145907, 145908, 145911, 145919, 145920, 145923, 145929, 145932, 145944, 145950, 145952, 145957, 145962, 145964, 145974, 145977, 145979, 145980, 145983, 145987, 145989, 145992, 145995, 145997, 146000, 146001, 146003, 146004, 146006, 146007, 146011, 146015, 146018, 146024, 146026, 146028, 146031, 146032, 146033, 146034, 146037, 146038, 146041, 146045, 146053, 146056, 146057, 146062, 146064, 146068, 146070, 146074, 146079, 146082, 146086, 146095, 146096, 146103, 146104, 146106, 146107, 146108, 146109, 146112, 146113, 146114, 146116, 146117, 146118, 146119, 146125, 146128, 146137, 146140, 146141, 146142, 146144, 146147, 146149, 146153, 146173, 146175, 146179, 146181, 146186, 146189, 146190, 146194, 146198, 146200, 146202, 146205, 146206, 146208, 146212, 146213, 146220, 146221, 146223, 146225, 146230, 146231, 146235, 146236, 146244, 146246, 146257, 146260, 146265, 146266, 146267, 146269, 146272, 146273, 146279, 146281, 146282, 146283, 146284, 146288, 146292, 146298, 146299, 146302, 146319, 146323, 146327, 146331, 146333, 146334, 146338, 146339, 146346, 146351, 146352, 146354, 146361, 146363, 146364, 146365, 146369, 146370, 146380, 146382, 146387, 146388, 146404, 146405, 146406, 146410, 146412, 146413, 146414, 146418, 146426, 146431, 146432, 146433, 146441, 146444, 146445, 146446, 146450, 146453, 146458, 146459, 146469, 146470, 146472, 146480, 146481, 146483, 146484, 146489, 146508, 146513, 146516, 146517, 146521, 146525, 146526, 146529, 146534, 146538, 146544, 146545, 146546, 146551, 146558, 146563, 146565, 146566, 146567, 146574, 146576, 146577, 146583, 146585, 146593, 146604, 146616, 146619, 146622, 146623, 146625, 146628, 146630, 146632, 146640, 146644, 146646, 146647, 146648, 146649, 146653, 146655, 146659, 146660, 146662, 146666, 146669, 146671, 146681, 146684, 146693, 146699, 146700, 146703, 146704, 146706, 146713, 146714, 146716, 146722, 146724, 146725, 146729, 146730, 146732, 146733, 146734, 146742, 146743, 146747, 146748, 146750, 146751, 146752, 146755, 146759, 146775, 146780, 146785, 146789, 146791, 146802, 146808, 146812, 146815, 146819, 146821, 146825, 146826, 146828, 146831, 146832, 146833, 146835, 146839, 146840, 146847, 146856, 146857, 146864, 146866, 146867, 146868, 146872, 146874, 146883, 146886, 146893, 146896, 146897, 146900, 146901, 146902, 146909, 146910, 146912, 146913, 146924, 146925, 146926, 146929, 146933, 146936, 146937, 146938, 146943, 146948, 146952, 146953, 146954, 146955, 146958, 146959, 146961, 146964, 146969, 146972, 146973, 146975, 146976, 146977, 146979, 146980, 146982, 146993, 146997, 147002, 147003, 147007, 147009, 147010, 147019, 147021, 147023, 147027, 147033, 147036, 147039, 147040, 147041, 147042, 147043, 147051, 147054, 147058, 147059, 147065, 147066, 147067, 147072, 147074, 147077, 147078, 147081, 147088, 147090, 147091, 147094, 147102, 147107, 147109, 147111, 147112, 147113, 147117, 147121, 147127, 147132, 147133, 147134, 147136, 147141, 147145, 147150, 147151, 147160, 147163, 147164, 147165, 147166, 147172, 147178, 147187, 147190, 147200, 147201, 147203, 147206, 147208, 147209, 147215, 147216, 147222, 147225, 147226, 147230, 147232, 147239, 147241, 147245, 147249, 147250, 147253, 147254, 147255, 147259, 147265, 147266, 147267, 147274, 147278, 147284, 147286, 147289, 147290, 147291, 147296, 147298, 147300, 147303, 147305, 147306, 147312, 147316, 147317, 147325, 147333, 147335, 147337, 147342, 147345, 147351, 147353, 147354, 147360, 147361, 147369, 147370, 147371, 147373, 147376, 147382, 147385, 147391, 147394, 147396, 147397, 147404, 147405, 147406, 147407, 147411, 147415, 147420, 147421, 147426, 147431, 147433, 147434, 147435, 147439, 147444, 147455, 147456, 147461, 147464, 147466, 147467, 147469, 147475, 147479, 147481, 147483, 147484, 147485, 147491, 147492, 147494, 147495, 147496, 147497, 147498, 147499, 147502, 147505, 147508, 147512, 147521, 147522, 147524, 147525, 147528, 147531, 147537, 147539, 147541, 147547, 147549, 147552, 147555, 147559, 147565, 147571, 147582, 147583, 147585, 147588, 147591, 147605, 147609, 147610, 147612, 147613, 147617, 147621, 147628, 147632, 147636, 147639, 147641, 147642, 147643, 147652, 147654, 147655, 147658, 147659, 147660, 147666, 147668, 147672, 147673, 147679, 147681, 147685, 147686, 147693, 147696, 147697, 147701, 147705, 147706, 147708, 147710, 147711, 147712, 147713, 147716, 147718, 147721, 147728, 147730, 147731, 147734, 147741, 147743, 147744, 147749, 147751, 147758, 147759, 147765, 147777, 147784, 147799, 147800, 147809, 147811, 147813, 147815, 147819, 147827, 147830, 147833, 147839, 147840, 147842, 147843, 147849, 147852, 147856, 147862, 147863, 147864, 147872, 147873, 147875, 147880, 147883, 147885, 147888, 147889, 147891, 147892, 147894, 147896, 147898, 147902, 147909, 147914, 147915, 147920, 147923, 147924, 147925, 147926, 147927, 147930, 147932, 147936, 147939, 147941, 147943, 147949, 147958, 147960, 147962, 147966, 147967, 147968, 147973, 147981, 147993, 147994, 147999, 148009, 148016, 148018, 148020, 148024, 148025, 148031, 148033, 148042, 148048, 148053, 148060, 148062, 148064, 148070, 148071, 148076, 148078, 148081, 148082, 148085, 148086, 148096, 148097, 148100, 148101, 148102, 148103, 148105, 148114, 148119, 148122, 148127, 148128, 148130, 148134, 148137, 148139, 148144, 148145, 148147, 148154, 148157, 148167, 148169, 148172, 148177, 148182, 148184, 148185, 148190, 148192, 148205, 148206, 148207, 148208, 148209, 148214, 148216, 148220, 148221, 148222, 148224, 148228, 148230, 148232, 148239, 148243, 148245, 148248, 148252, 148255, 148257, 148258, 148259, 148261, 148266, 148268, 148269, 148271, 148273, 148282, 148287, 148288, 148290, 148293, 148294, 148296, 148300, 148308, 148313, 148315, 148318, 148319, 148320, 148326, 148328, 148330, 148331, 148334, 148335, 148337, 148339, 148341, 148342, 148359, 148364, 148367, 148371, 148373, 148375, 148376, 148378, 148379, 148384, 148388, 148389, 148395, 148401, 148405, 148406, 148407, 148409, 148415, 148417, 148420, 148421, 148422, 148424, 148428, 148436, 148438, 148440, 148446, 148451, 148453, 148454, 148457, 148462, 148469, 148475, 148477, 148478, 148482, 148485, 148489, 148499, 148501, 148503, 148505, 148507, 148512, 148513, 148514, 148516, 148522, 148524, 148532, 148534, 148540, 148547, 148550, 148562, 148565, 148569, 148570, 148572, 148578, 148579, 148581, 148582, 148584, 148586, 148589, 148591, 148597, 148599, 148601, 148607, 148612, 148614, 148616, 148619, 148621, 148623, 148626, 148627, 148629, 148632, 148633, 148636, 148644, 148647, 148658, 148664, 148665, 148666, 148667, 148669, 148670, 148671, 148672, 148673, 148680, 148682, 148684, 148687, 148693, 148694, 148695, 148699, 148703, 148705, 148707, 148708, 148709, 148716, 148717, 148721, 148722, 148727, 148728, 148730, 148731, 148736, 148737, 148738, 148743, 148745, 148749, 148751, 148754, 148756, 148761, 148766, 148770, 148773, 148775, 148776, 148777, 148786, 148789, 148799, 148804, 148809, 148814, 148816, 148822, 148825, 148830, 148833, 148834, 148835, 148839, 148842, 148845, 148849, 148850, 148853, 148856, 148860, 148870, 148871, 148875, 148876, 148890, 148891, 148900, 148903, 148914, 148916, 148920, 148921, 148922, 148925, 148926, 148928, 148932, 148933, 148935, 148938, 148940, 148960, 148961, 148963, 148968, 148976, 148978, 148984, 148987, 148992, 149001, 149005, 149008, 149012, 149013, 149014, 149016, 149017, 149019, 149021, 149022, 149024, 149025, 149032, 149040, 149045, 149049, 149050, 149053, 149054, 149055, 149056, 149057, 149063, 149066, 149068, 149070, 149076, 149078, 149081, 149093, 149094, 149097, 149104, 149110, 149111, 149112, 149117, 149118, 149123, 149128, 149130, 149133, 149136, 149142, 149145, 149148, 149150, 149155, 149156, 149158, 149162, 149163, 149184, 149186, 149188, 149193, 149205, 149206, 149207, 149210, 149213, 149215, 149216, 149218, 149222, 149224, 149227, 149228, 149232, 149239, 149244, 149246, 149247, 149248, 149251, 149254, 149260, 149269, 149271, 149282, 149286, 149287, 149288, 149291, 149295, 149297, 149303, 149304, 149308, 149310, 149311, 149314, 149316, 149318, 149328, 149329, 149330, 149333, 149335, 149344, 149346, 149348, 149349, 149350, 149352, 149363, 149365, 149369, 149372, 149374, 149385, 149387, 149388, 149393, 149396, 149399, 149402, 149404, 149407, 149408, 149411, 149415, 149416, 149417, 149418, 149419, 149420, 149426, 149433, 149436, 149437, 149439, 149440, 149444, 149445, 149446, 149450, 149452, 149458, 149462, 149472, 149473, 149474, 149475, 149476, 149479, 149482, 149485, 149488, 149494, 149495, 149503, 149507, 149508, 149510, 149513, 149514, 149517, 149518, 149519, 149520, 149521, 149529, 149533, 149534, 149536, 149537, 149541, 149542, 149547, 149548, 149553, 149557, 149561, 149573, 149575, 149578, 149585, 149589, 149590, 149594, 149595, 149605, 149610, 149614, 149617, 149619, 149623, 149625, 149628, 149641, 149642, 149645, 149649, 149653, 149657, 149663, 149666, 149668, 149671, 149675, 149678, 149680, 149683, 149685, 149689, 149690, 149691, 149697, 149707, 149711, 149712, 149717, 149718, 149727, 149729, 149730, 149734, 149741, 149748, 149749, 149750, 149751, 149753, 149754, 149755, 149756, 149757, 149758, 149760, 149761, 149764, 149771, 149772, 149773, 149777, 149783, 149784, 149788, 149789, 149791, 149793, 149795, 149797, 149798, 149800, 149806, 149807, 149812, 149813, 149814, 149815, 149821, 149822, 149825, 149826, 149827, 149831, 149834, 149835, 149841, 149842, 149844, 149847, 149849, 149859, 149861, 149863, 149875, 149877, 149878, 149884, 149885, 149887, 149888, 149890, 149896, 149897, 149901, 149902, 149904, 149906, 149907, 149914, 149917, 149924, 149927, 149929, 149933, 149936, 149937, 149942, 149943, 149944, 149946, 149953, 149954, 149955, 149956, 149958, 149967, 149971, 149975, 149977, 149980, 149981, 149985, 149991, 149995, 149997, 149999, 150000, 150004, 150005, 150006, 150007, 150009, 150010, 150016, 150020, 150022, 150030, 150045, 150047, 150048, 150054, 150055, 150056, 150061, 150062, 150065, 150069, 150070, 150073, 150074, 150083, 150089, 150090, 150091, 150092, 150094, 150096, 150102, 150105, 150106, 150108, 150111, 150118, 150123, 150124, 150126, 150127, 150129, 150130, 150134, 150136, 150137, 150143, 150146, 150148, 150157, 150158, 150162, 150164, 150165, 150169, 150171, 150172, 150173, 150180, 150187, 150190, 150197, 150198, 150200, 150202, 150205, 150209, 150212, 150214, 150217, 150226, 150227, 150229, 150236, 150237, 150238, 150239, 150240, 150246, 150249, 150251, 150256, 150266, 150267, 150273, 150276, 150278, 150279, 150280, 150285, 150287, 150288, 150294, 150298, 150299, 150300, 150304, 150305, 150309, 150311, 150321, 150331, 150337, 150340, 150342, 150343, 150345, 150350, 150351, 150353, 150361, 150362, 150368, 150370, 150376, 150378, 150382, 150384, 150385, 150386, 150388, 150390, 150395, 150398, 150406, 150408, 150410, 150419, 150427, 150431, 150438, 150440, 150448, 150449, 150450, 150453, 150455, 150456, 150463, 150464, 150465, 150466, 150467, 150471, 150477, 150482, 150483, 150485, 150486, 150500, 150501, 150502, 150505, 150507, 150513, 150514, 150517, 150526, 150528, 150532, 150535, 150546, 150547, 150551, 150555, 150557, 150558, 150565, 150570, 150571, 150572, 150582, 150583, 150584, 150586, 150587, 150592, 150604, 150606, 150607, 150611, 150615, 150631, 150634, 150636, 150638, 150639, 150642, 150645, 150651, 150653, 150656, 150657, 150661, 150663, 150666, 150673, 150674, 150677, 150690, 150693, 150696, 150703, 150704, 150707, 150714, 150715, 150719, 150720, 150721, 150722, 150735, 150741, 150745, 150750, 150751, 150765, 150770, 150778, 150779, 150782, 150785, 150788, 150791, 150796, 150800, 150801, 150804, 150806, 150809, 150810, 150815, 150816, 150818, 150819, 150836, 150837, 150838, 150840, 150847, 150848, 150849, 150850, 150855, 150857, 150860, 150872, 150873, 150877, 150881, 150884, 150887, 150888, 150890, 150892, 150893, 150898, 150904, 150905, 150914, 150917, 150918, 150927, 150933, 150935, 150938, 150942, 150949, 150953, 150957, 150958, 150967, 150969, 150976, 150978, 150983, 150986, 150992, 150993, 150994, 150996, 150997, 151002, 151008, 151009, 151014, 151015, 151022, 151025, 151028, 151034, 151038, 151039, 151041, 151046, 151048, 151049, 151054, 151056, 151058, 151072, 151075, 151076, 151082, 151085, 151086, 151088, 151090, 151092, 151094, 151098, 151102, 151106, 151108, 151109, 151111, 151112, 151115, 151118, 151120, 151126, 151127, 151128, 151131, 151132, 151134, 151136, 151142, 151143, 151145, 151148, 151151, 151155, 151157, 151158, 151160, 151162, 151163, 151167, 151168, 151170, 151173, 151174, 151175, 151178, 151179, 151180, 151187, 151188, 151191, 151192, 151195, 151199, 151200, 151205, 151206, 151210, 151214, 151218, 151221, 151224, 151226, 151232, 151236, 151248, 151250, 151253, 151258, 151261, 151262, 151269, 151272, 151279, 151282, 151285, 151286, 151289, 151290, 151291, 151292, 151293, 151294, 151295, 151297, 151298, 151301, 151309, 151311, 151321, 151325, 151328, 151332, 151337, 151344, 151348, 151350, 151351, 151352, 151353, 151358, 151360, 151361, 151365, 151368, 151369, 151371, 151372, 151374, 151386, 151387, 151397, 151400, 151402, 151404, 151410, 151411, 151416, 151422, 151423, 151426, 151428, 151430, 151431, 151433, 151434, 151435, 151436, 151441, 151444, 151447, 151448, 151451, 151455, 151461, 151462, 151463, 151465, 151466, 151470, 151472, 151473, 151477, 151479, 151482, 151484, 151487, 151489, 151490, 151506, 151509, 151513, 151516, 151517, 151522, 151524, 151525, 151532, 151536, 151543, 151544, 151546, 151547, 151550, 151553, 151555, 151558, 151561, 151565, 151566, 151571, 151573, 151575, 151579, 151580, 151582, 151583, 151586, 151587, 151589, 151592, 151595, 151596, 151603, 151604, 151609, 151612, 151613, 151622, 151623, 151628, 151631, 151640, 151645, 151649, 151650, 151653, 151655, 151661, 151673, 151675, 151676, 151680, 151682, 151688, 151690, 151692, 151696, 151697, 151698, 151700, 151701, 151704, 151705, 151709, 151718, 151720, 151721, 151725, 151726, 151743, 151749, 151752, 151754, 151756, 151768, 151771, 151772, 151775, 151778, 151785, 151788, 151789, 151791, 151792, 151793, 151794, 151795, 151797, 151800, 151801, 151802, 151803, 151806, 151810, 151817, 151828, 151834, 151835, 151837, 151842, 151848, 151850, 151851, 151853, 151858, 151864, 151866, 151867, 151868, 151880, 151891, 151892, 151893, 151898, 151900, 151902, 151907, 151908, 151912, 151920, 151921, 151922, 151927, 151938, 151952, 151954, 151957, 151958, 151960, 151968, 151971, 151977, 151986, 151992, 151993, 151994, 152006, 152007, 152010, 152029, 152030, 152033, 152036, 152040, 152047, 152049, 152050, 152053, 152057, 152063, 152067, 152074, 152076, 152082, 152083, 152084, 152086, 152089, 152092, 152094, 152099, 152100, 152107, 152114, 152118, 152119, 152120, 152121, 152122, 152125, 152129, 152138, 152145, 152147, 152148, 152149, 152154, 152161, 152162, 152164, 152171, 152176, 152181, 152185, 152186, 152190, 152194, 152196, 152198, 152199, 152202, 152204, 152205, 152206, 152213, 152219, 152220, 152221, 152222, 152224, 152225, 152226, 152231, 152233, 152239, 152244, 152249, 152250, 152251, 152258, 152271, 152272, 152273, 152274, 152282, 152293, 152294, 152300, 152301, 152302, 152304, 152305, 152312, 152316, 152317, 152319, 152320, 152321, 152322, 152324, 152327, 152328, 152329, 152336, 152338, 152340, 152341, 152348, 152349, 152350, 152356, 152358, 152363, 152366, 152371, 152372, 152374, 152375, 152379, 152380, 152381, 152382, 152383, 152384, 152385, 152395, 152398, 152399, 152404, 152405, 152406, 152408, 152412, 152415, 152423, 152427, 152428, 152430, 152435, 152439, 152441, 152442, 152443, 152444, 152445, 152446, 152447, 152453, 152455, 152458, 152459, 152460, 152462, 152467, 152469, 152471, 152474, 152476, 152479, 152487, 152490, 152494, 152501, 152502, 152505, 152506, 152507, 152508, 152513, 152515, 152517, 152518, 152521, 152524, 152531, 152532, 152533, 152537, 152538, 152541, 152545, 152549, 152551, 152553, 152555, 152556, 152558, 152564, 152567, 152573, 152574, 152578, 152579, 152583, 152589, 152591, 152592, 152597, 152598, 152605, 152613, 152617, 152619, 152627, 152630, 152631, 152632, 152633, 152638, 152640, 152641, 152642, 152644, 152648, 152654, 152655, 152660, 152663, 152667, 152669, 152673, 152676, 152679, 152680, 152687, 152696, 152699, 152703, 152708, 152709, 152710, 152712, 152715, 152721, 152727, 152729, 152734, 152737, 152738, 152748, 152750, 152756, 152761, 152762, 152763, 152770, 152774, 152777, 152778, 152784, 152788, 152792, 152793, 152794, 152799, 152803, 152805, 152806, 152820, 152821, 152825, 152833, 152836, 152840, 152842, 152843, 152844, 152846, 152847, 152853, 152854, 152860, 152861, 152868, 152875, 152880, 152881, 152884, 152889, 152893, 152894, 152897, 152898, 152899, 152904, 152905, 152906, 152907, 152910, 152913, 152914, 152915, 152916, 152924, 152936, 152937, 152941, 152943, 152944, 152950, 152953, 152954, 152959, 152960, 152962, 152964, 152974, 152978, 152982, 152984, 152994, 152995, 152997, 153005, 153007, 153015, 153019, 153020, 153021, 153022, 153025, 153032, 153033, 153034, 153036, 153043, 153044, 153045, 153046, 153056, 153059, 153061, 153062, 153066, 153067, 153068, 153070, 153074, 153076, 153077, 153078, 153080, 153086, 153087, 153088, 153092, 153094, 153096, 153098, 153100, 153102, 153106, 153114, 153117, 153120, 153124, 153125, 153128, 153132, 153142, 153143, 153147, 153148, 153155, 153159, 153161, 153162, 153165, 153166, 153167, 153171, 153174, 153175, 153181, 153182, 153190, 153193, 153195, 153200, 153208, 153211, 153218, 153220, 153221, 153222, 153229, 153230, 153231, 153235, 153236, 153237, 153238, 153244, 153245, 153249, 153251, 153256, 153262, 153263, 153264, 153266, 153275, 153277, 153278, 153285, 153287, 153289, 153291, 153295, 153299, 153300, 153305, 153309, 153313, 153317, 153318, 153319, 153321, 153323, 153325, 153328, 153329, 153335, 153336, 153340, 153347, 153350, 153352, 153355, 153356, 153358, 153360, 153363, 153366, 153372, 153374, 153378, 153379, 153380, 153383, 153386, 153392, 153395, 153399, 153400, 153405, 153408, 153411, 153417, 153424, 153427, 153430, 153437, 153439, 153441, 153449, 153451, 153453, 153454, 153455, 153461, 153462, 153475, 153476, 153477, 153481, 153489, 153491, 153505, 153509, 153510, 153511, 153513, 153521, 153526, 153535, 153536, 153537, 153539, 153542, 153550, 153552, 153553, 153554, 153557, 153558, 153563, 153567, 153569, 153572, 153574, 153576, 153580, 153582, 153583, 153586, 153588, 153590, 153594, 153601, 153605, 153609, 153615, 153617, 153623, 153624, 153631, 153645, 153646, 153651, 153652, 153654, 153662, 153669, 153672, 153674, 153677, 153678, 153680, 153681, 153688, 153692, 153697, 153698, 153712, 153713, 153716, 153718, 153719, 153724, 153729, 153730, 153736, 153737, 153738, 153746, 153755, 153758, 153759, 153763, 153770, 153771, 153773, 153774, 153776, 153779, 153789, 153790, 153794, 153799, 153804, 153805, 153812, 153813, 153814, 153815, 153816, 153817, 153821, 153822, 153825, 153827, 153828, 153836, 153843, 153847, 153848, 153849, 153851, 153860, 153862, 153870, 153875, 153878, 153880, 153883, 153888, 153908, 153911, 153921, 153924, 153925, 153927, 153933, 153934, 153937, 153944, 153945, 153952, 153953, 153954, 153961, 153963, 153970, 153976, 153978, 153982, 153985, 153986, 153988, 153990, 153992, 153993, 153996, 153997, 153998, 154010, 154011, 154012, 154023, 154025, 154029, 154030, 154034, 154036, 154043, 154045, 154046, 154050, 154053, 154054, 154057, 154059, 154067, 154071, 154087, 154088, 154089, 154090, 154094, 154095, 154096, 154098, 154100, 154103, 154105, 154107, 154109, 154111, 154114, 154119, 154135, 154136, 154138, 154140, 154142, 154146, 154147, 154148, 154149, 154151, 154152, 154155, 154160, 154161, 154165, 154167, 154169, 154171, 154174, 154176, 154180, 154181, 154184, 154185, 154188, 154189, 154198, 154201, 154204, 154206, 154207, 154210, 154215, 154216, 154217, 154225, 154226, 154232, 154235, 154238, 154240, 154242, 154256, 154261, 154262, 154263, 154265, 154266, 154267, 154269, 154275, 154276, 154277, 154278, 154279, 154283, 154287, 154289, 154291, 154295, 154298, 154299, 154300, 154301, 154307, 154312, 154314, 154319, 154327, 154330, 154337, 154339, 154346, 154352, 154362, 154363, 154364, 154365, 154368, 154372, 154377, 154380, 154388, 154391, 154396, 154397, 154404, 154408, 154414, 154417, 154418, 154422, 154443, 154444, 154446, 154447, 154448, 154449, 154457, 154458, 154471, 154474, 154476, 154479, 154485, 154487, 154490, 154492, 154495, 154498, 154501, 154505, 154508, 154519, 154524, 154525, 154530, 154534, 154536, 154538, 154551, 154554, 154566, 154572, 154574, 154580, 154583, 154587, 154588, 154594, 154595, 154597, 154602, 154606, 154608, 154610, 154613, 154614, 154622, 154623, 154629, 154634, 154639, 154640, 154643, 154644, 154646, 154648, 154658, 154664, 154667, 154668, 154670, 154672, 154680, 154683, 154688, 154699, 154700, 154703, 154706, 154708, 154709, 154710, 154713, 154715, 154719, 154721, 154723, 154724, 154727, 154730, 154733, 154734, 154736, 154738, 154741, 154743, 154744, 154745, 154749, 154750, 154752, 154753, 154759, 154761, 154765, 154767, 154769, 154770, 154774, 154775, 154776, 154781, 154785, 154796, 154798, 154799, 154806, 154807, 154808, 154818, 154820, 154822, 154824, 154825, 154827, 154830, 154831, 154832, 154833, 154835, 154837, 154839, 154843, 154846, 154850, 154852, 154860, 154862, 154863, 154869, 154870, 154873, 154875, 154877, 154882, 154883, 154885, 154890, 154892, 154893, 154896, 154898, 154900, 154908, 154911, 154913, 154915, 154917, 154918, 154923, 154927, 154932, 154936, 154937, 154945, 154947, 154953, 154972, 154976, 154980, 154983, 154986, 154987, 154988, 154992, 155003, 155004, 155008, 155014, 155015, 155016, 155019, 155020, 155021, 155027, 155028, 155029, 155036, 155039, 155042, 155043, 155058, 155059, 155064, 155069, 155070, 155075, 155076, 155080, 155086, 155091, 155097, 155098, 155100, 155102, 155104, 155105, 155106, 155111, 155114, 155118, 155121, 155122, 155128, 155134, 155135, 155136, 155147, 155149, 155155, 155157, 155159, 155160, 155165, 155166, 155168, 155175, 155178, 155180, 155181, 155184, 155186, 155187, 155198, 155204, 155211, 155216, 155222, 155225, 155228, 155230, 155233, 155236, 155242, 155243, 155246, 155252, 155255, 155256, 155258, 155263, 155264, 155270, 155271, 155277, 155287, 155292, 155293, 155303, 155309, 155310, 155313, 155315, 155318, 155319, 155320, 155321, 155327, 155328, 155329, 155333, 155334, 155336, 155339, 155343, 155344, 155350, 155353, 155359, 155360, 155365, 155376, 155377, 155380, 155381, 155383, 155388, 155390, 155392, 155393, 155396, 155397, 155398, 155403, 155405, 155412, 155417, 155418, 155420, 155423, 155424, 155425, 155428, 155439, 155441, 155442, 155451, 155456, 155460, 155462, 155463, 155469, 155472, 155474, 155489, 155490, 155491, 155493, 155494, 155495, 155499, 155500, 155502, 155503, 155508, 155514, 155515, 155530, 155531, 155535, 155536, 155538, 155542, 155548, 155549, 155550, 155551, 155553, 155554, 155555, 155556, 155557, 155562, 155565, 155566, 155567, 155569, 155574, 155575, 155577, 155581, 155583, 155584, 155589, 155612, 155614, 155617, 155627, 155628, 155629, 155632, 155634, 155637, 155639, 155640, 155641, 155643, 155644, 155647, 155649, 155651, 155663, 155664, 155668, 155672, 155676, 155679, 155682, 155690, 155691, 155698, 155699, 155701, 155702, 155704, 155708, 155711, 155715, 155716, 155718, 155720, 155721, 155722, 155723, 155727, 155732, 155735, 155736, 155743, 155746, 155747, 155751, 155758, 155760, 155767, 155768, 155776, 155778, 155782, 155785, 155789, 155791, 155797, 155804, 155809, 155813, 155821, 155822, 155824, 155828, 155831, 155832, 155833, 155835, 155841, 155849, 155856, 155858, 155871, 155873, 155880, 155888, 155889, 155890, 155891, 155896, 155898, 155902, 155903, 155909, 155912, 155914, 155918, 155920, 155924, 155925, 155930, 155933, 155935, 155938, 155945, 155946, 155948, 155955, 155956, 155957, 155959, 155967, 155970, 155971, 155974, 155975, 155976, 155977, 155982, 155983, 155984, 155987, 155991, 155992, 155993, 156001, 156005, 156012, 156014, 156019, 156026, 156028, 156029, 156030, 156031, 156032, 156040, 156042, 156044, 156045, 156047, 156049, 156050, 156052, 156053, 156059, 156065, 156066, 156067, 156068, 156070, 156073, 156074, 156075, 156079, 156081, 156086, 156089, 156097, 156108, 156111, 156116, 156118, 156119, 156120, 156131, 156133, 156138, 156139, 156143, 156146, 156149, 156156, 156158, 156162, 156168, 156171, 156176, 156178, 156179, 156183, 156187, 156192, 156193, 156194, 156196, 156198, 156199, 156200, 156203, 156212, 156214, 156220, 156221, 156222, 156223, 156226, 156228, 156229, 156232, 156234, 156236, 156239, 156241, 156246, 156247, 156250, 156254, 156261, 156269, 156270, 156277, 156284, 156295, 156298, 156304, 156308, 156310, 156316, 156319, 156324, 156330, 156334, 156336, 156337, 156343, 156345, 156348, 156350, 156351, 156353, 156355, 156356, 156359, 156361, 156367, 156379, 156380, 156385, 156386, 156388, 156389, 156390, 156394, 156395, 156396, 156397, 156399, 156407, 156412, 156415, 156421, 156438, 156440, 156443, 156450, 156454, 156455, 156456, 156457, 156460, 156461, 156462, 156467, 156474, 156477, 156479, 156482, 156484, 156488, 156489, 156497, 156503, 156505, 156510, 156511, 156513, 156517, 156520, 156521, 156527, 156529, 156531, 156538, 156547, 156549, 156552, 156554, 156556, 156561, 156567, 156569, 156573, 156574, 156575, 156578, 156580, 156581, 156582, 156584, 156587, 156589, 156594, 156600, 156609, 156610, 156612, 156614, 156626, 156636, 156638, 156640, 156641, 156643, 156644, 156657, 156661, 156663, 156664, 156672, 156673, 156685, 156686, 156693, 156695, 156696, 156697, 156699, 156703, 156704, 156714, 156715, 156717, 156718, 156722, 156724, 156733, 156736, 156740, 156744, 156750, 156754, 156759, 156760, 156762, 156765, 156769, 156770, 156771, 156772, 156774, 156775, 156778, 156784, 156786, 156788, 156794, 156799, 156800, 156801, 156802, 156803, 156806, 156807, 156811, 156813, 156816, 156819, 156825, 156830, 156831, 156834, 156835, 156849, 156850, 156854, 156859, 156862, 156867, 156868, 156879, 156884, 156885, 156886, 156898, 156901, 156902, 156905, 156911, 156917, 156918, 156921, 156923, 156925, 156927, 156933, 156936, 156937, 156940, 156941, 156942, 156944, 156950, 156964, 156968, 156971, 156972, 156973, 156981, 156986, 156994, 157002, 157003, 157005, 157006, 157007, 157009, 157017, 157028, 157029, 157030, 157036, 157039, 157044, 157046, 157048, 157049, 157053, 157054, 157057, 157059, 157060, 157063, 157065, 157069, 157072, 157077, 157078, 157079, 157081, 157083, 157084, 157102, 157103, 157104, 157112, 157113, 157128, 157130, 157131, 157134, 157136, 157142, 157151, 157152, 157153, 157156, 157171, 157172, 157181, 157184, 157190, 157193, 157196, 157199, 157200, 157202, 157203, 157219, 157225, 157228, 157230, 157231, 157232, 157238, 157242, 157244, 157245, 157252, 157255, 157260, 157261, 157262, 157263, 157269, 157273, 157277, 157282, 157285, 157290, 157292, 157296, 157305, 157308, 157311, 157312, 157314, 157317, 157322, 157323, 157327, 157330, 157337, 157339, 157340, 157341, 157345, 157355, 157357, 157358, 157360, 157362, 157364, 157373, 157374, 157375, 157377, 157387, 157388, 157390, 157394, 157397, 157398, 157399, 157400, 157402, 157404, 157420, 157422, 157426, 157428, 157432, 157433, 157436, 157439, 157449, 157451, 157452, 157458, 157459, 157460, 157464, 157467, 157469, 157470, 157476, 157477, 157478, 157479, 157481, 157482, 157483, 157487, 157490, 157495, 157496, 157498, 157499, 157505, 157507, 157511, 157513, 157522, 157531, 157534, 157535, 157539, 157541, 157565, 157566, 157568, 157570, 157572, 157577, 157581, 157583, 157592, 157594, 157599, 157600, 157601, 157604, 157606, 157610, 157613, 157614, 157616, 157617, 157619, 157620, 157621, 157622, 157624, 157625, 157630, 157637, 157638, 157639, 157642, 157646, 157649, 157650, 157655, 157659, 157660, 157669, 157673, 157676, 157677, 157680, 157684, 157685, 157686, 157688, 157692, 157694, 157696, 157700, 157703, 157706, 157708, 157710, 157711, 157714, 157720, 157722, 157723, 157725, 157727, 157730, 157738, 157741, 157747, 157754, 157757, 157770, 157773, 157780, 157781, 157782, 157785, 157788, 157795, 157796, 157797, 157799, 157805, 157806, 157807, 157811, 157817, 157819, 157822, 157824, 157828, 157833, 157837, 157844, 157847, 157851, 157852, 157853, 157856, 157860, 157885, 157886, 157888, 157892, 157901, 157905, 157907, 157908, 157916, 157919, 157922, 157931, 157935, 157936, 157955, 157957, 157959, 157962, 157964, 157965, 157967, 157968, 157976, 157979, 157988, 157991, 157996, 157998, 158001, 158012, 158024, 158029, 158033, 158038, 158042, 158046, 158047, 158048, 158064, 158066, 158067, 158069, 158071, 158073, 158077, 158080, 158081, 158082, 158083, 158088, 158092, 158093, 158099, 158100, 158102, 158104, 158106, 158109, 158111, 158113, 158117, 158118, 158120, 158126, 158127, 158129, 158131, 158132, 158134, 158135, 158140, 158141, 158143, 158145, 158152, 158158, 158161, 158163, 158164, 158165, 158167, 158174, 158176, 158179, 158180, 158182, 158184, 158185, 158188, 158190, 158191, 158195, 158198, 158200, 158207, 158208, 158210, 158211, 158212, 158214, 158216, 158217, 158218, 158219, 158222, 158223, 158224, 158230, 158233, 158234, 158235, 158236, 158242, 158245, 158248, 158251, 158253, 158264, 158271, 158272, 158274, 158276, 158277, 158278, 158281, 158282, 158286, 158287, 158297, 158301, 158305, 158310, 158325, 158326, 158329, 158330, 158331, 158333, 158337, 158349, 158353, 158355, 158357, 158358, 158361, 158368, 158369, 158374, 158377, 158378, 158381, 158391, 158394, 158396, 158402, 158405, 158406, 158408, 158412, 158413, 158423, 158425, 158428, 158434, 158436, 158441, 158443, 158449, 158451, 158456, 158457, 158466, 158469, 158470, 158475, 158479, 158490, 158491, 158493, 158494, 158497, 158502, 158505, 158509, 158512, 158514, 158522, 158527, 158529, 158535, 158536, 158546, 158547, 158548, 158553, 158556, 158559, 158561, 158565, 158566, 158568, 158569, 158577, 158579, 158584, 158585, 158588, 158589, 158590, 158592, 158593, 158594, 158597, 158598, 158605, 158606, 158607, 158611, 158612, 158618, 158619, 158620, 158623, 158628, 158629, 158631, 158636, 158637, 158640, 158643, 158645, 158647, 158649, 158651, 158653, 158656, 158660, 158665, 158667, 158669, 158670, 158672, 158673, 158674, 158676, 158681, 158686, 158687, 158688, 158689, 158691, 158692, 158697, 158701, 158705, 158712, 158717, 158728, 158733, 158736, 158743, 158744, 158745, 158746, 158747, 158748, 158749, 158750, 158751, 158752, 158753, 158755, 158761, 158762, 158766, 158769, 158772, 158780, 158782, 158784, 158791, 158792, 158794, 158796, 158797, 158800, 158802, 158810, 158811, 158812, 158814, 158819, 158821, 158822, 158824, 158826, 158837, 158839, 158843, 158845, 158846, 158851, 158852, 158856, 158864, 158865, 158868, 158872, 158874, 158875, 158881, 158884, 158892, 158896, 158898, 158905, 158906, 158907, 158908, 158909, 158914, 158917, 158919, 158925, 158927, 158931, 158932, 158933, 158939, 158941, 158944, 158950, 158951, 158953, 158956, 158958, 158965, 158970, 158973, 158977, 158978, 158979, 158980, 158983, 158985, 158986, 158988, 158989, 158992, 158994, 158995, 158996, 158997, 159001, 159006, 159007, 159008, 159015, 159017, 159023, 159028, 159030, 159032, 159038, 159044, 159045, 159047, 159049, 159055, 159056, 159059, 159061, 159063, 159067, 159071, 159072, 159074, 159076, 159080, 159089, 159092, 159103, 159106, 159108, 159109, 159112, 159113, 159114, 159116, 159127, 159129, 159130, 159133, 159135, 159146, 159149, 159152, 159156, 159158, 159166, 159169, 159172, 159177, 159178, 159179, 159185, 159190, 159200, 159204, 159213, 159220, 159223, 159225, 159227, 159233, 159236, 159237, 159238, 159240, 159241, 159245, 159256, 159261, 159262, 159266, 159270, 159271, 159274, 159276, 159277, 159278, 159280, 159284, 159286, 159294, 159295, 159298, 159303, 159306, 159307, 159310, 159312, 159314, 159316, 159318, 159320, 159329, 159330, 159332, 159338, 159340, 159349, 159350, 159352, 159358, 159359, 159360, 159362, 159366, 159368, 159372, 159379, 159398, 159404, 159410, 159412, 159413, 159415, 159428, 159429, 159430, 159432, 159433, 159434, 159437, 159438, 159440, 159441, 159442, 159446, 159449, 159455, 159466, 159470, 159473, 159475, 159476, 159479, 159480, 159481, 159484, 159485, 159488, 159489, 159499, 159502, 159505, 159509, 159511, 159513, 159518, 159519, 159521, 159523, 159525, 159530, 159534, 159536, 159537, 159543, 159546, 159547, 159548, 159549, 159550, 159555, 159560, 159562, 159564, 159566, 159569, 159571, 159573, 159575, 159579, 159581, 159585, 159590, 159596, 159598, 159599, 159603, 159605, 159612, 159613, 159614, 159617, 159627, 159630, 159633, 159634, 159641, 159647, 159648, 159653, 159656, 159658, 159661, 159665, 159666, 159668, 159669, 159673, 159683, 159686, 159692, 159696, 159700, 159702, 159707, 159711, 159712, 159714, 159715, 159717, 159720, 159735, 159738, 159739, 159740, 159751, 159752, 159753, 159764, 159766, 159767, 159769, 159770, 159775, 159779, 159789, 159791, 159792, 159795, 159800, 159802, 159810, 159815, 159818, 159824, 159825, 159832, 159834, 159836, 159837, 159841, 159844, 159845, 159853, 159854, 159857, 159870, 159874, 159875, 159881, 159883, 159886, 159887, 159896, 159897, 159898, 159899, 159900, 159901, 159903, 159910, 159913, 159914, 159916, 159921, 159925, 159928, 159929, 159931, 159934, 159939, 159940, 159943, 159950, 159953, 159955, 159961, 159964, 159966, 159967, 159968, 159969, 159970, 159971, 159975, 159976, 159982, 159985, 159992, 159993, 159995, 160001, 160002, 160003, 160008, 160010, 160011, 160013, 160014, 160015, 160022, 160030, 160031, 160045, 160051, 160052, 160060, 160062, 160066, 160069, 160072, 160074, 160080, 160081, 160082, 160084, 160085, 160088, 160090, 160094, 160095, 160104, 160105, 160107, 160109, 160119, 160120, 160124, 160125, 160127, 160132, 160138, 160142, 160145, 160146, 160147, 160148, 160149, 160154, 160156, 160157, 160160, 160161, 160162, 160163, 160166, 160174, 160175, 160177, 160178, 160181, 160186, 160188, 160192, 160194, 160201, 160204, 160206, 160208, 160211, 160214, 160215, 160216, 160220, 160224, 160228, 160246, 160249, 160252, 160253, 160255, 160256, 160260, 160261, 160263, 160269, 160275, 160278, 160280, 160281, 160284, 160286, 160291, 160296, 160303, 160307, 160312, 160314, 160317, 160321, 160324, 160332, 160335, 160343, 160344, 160354, 160355, 160358, 160360, 160362, 160364, 160370, 160373, 160374, 160375, 160376, 160378, 160384, 160386, 160388, 160392, 160393, 160394, 160395, 160400, 160404, 160409, 160411, 160413, 160416, 160420, 160422, 160425, 160431, 160435, 160447, 160458, 160459, 160463, 160464, 160465, 160467, 160472, 160473, 160476, 160479, 160481, 160487, 160490, 160494, 160496, 160498, 160506, 160512, 160516, 160518, 160520, 160521, 160524, 160527, 160530, 160535, 160536, 160537, 160543, 160544, 160545, 160547, 160558, 160559, 160560, 160562, 160571, 160574, 160577, 160580, 160581, 160583, 160587, 160597, 160600, 160606, 160607, 160609, 160613, 160615, 160621, 160625, 160630, 160635, 160637, 160639, 160644, 160647, 160650, 160651, 160653, 160658, 160664, 160674, 160676, 160678, 160679, 160687, 160689, 160691, 160692, 160695, 160697, 160703, 160705, 160706, 160711, 160719, 160729, 160730, 160734, 160745, 160746, 160765, 160766, 160779, 160783, 160785, 160787, 160789, 160790, 160794, 160795, 160797, 160804, 160807, 160810, 160812, 160813, 160815, 160817, 160820, 160830, 160832, 160836, 160837, 160838, 160842, 160843, 160844, 160853, 160854, 160855, 160856, 160857, 160865, 160866, 160867, 160870, 160871, 160877, 160881, 160885, 160888, 160891, 160893, 160895, 160897, 160899, 160900, 160904, 160906, 160910, 160912, 160915, 160916, 160923, 160933, 160938, 160941, 160942, 160945, 160948, 160962, 160963, 160972, 160973, 160977, 160981, 160983, 160984, 160986, 160987, 160990, 160993, 160998, 161014, 161015, 161021, 161023, 161024, 161025, 161031, 161032, 161033, 161035, 161041, 161046, 161049, 161052, 161058, 161059, 161060, 161062, 161066, 161069, 161072, 161075, 161079, 161081, 161083, 161086, 161087, 161088, 161089, 161090, 161103, 161104, 161106, 161107, 161112, 161113, 161114, 161117, 161118, 161127, 161128, 161129, 161130, 161138, 161139, 161141, 161142, 161144, 161145, 161146, 161148, 161151, 161152, 161153, 161158, 161161, 161164, 161165, 161166, 161177, 161181, 161187, 161192, 161193, 161198, 161205, 161209, 161210, 161216, 161222, 161224, 161225, 161229, 161230, 161232, 161233, 161239, 161240, 161243, 161254, 161258, 161260, 161262, 161263, 161264, 161265, 161266, 161267, 161270, 161272, 161273, 161276, 161281, 161283, 161289, 161290, 161291, 161293, 161296, 161307, 161313, 161317, 161318, 161319, 161322, 161324, 161326, 161330, 161331, 161338, 161341, 161342, 161344, 161346, 161349, 161351, 161357, 161361, 161362, 161367, 161372, 161376, 161378, 161383, 161388, 161396, 161398, 161399, 161400, 161402, 161404, 161405, 161407, 161408, 161413, 161415, 161418, 161420, 161422, 161426, 161434, 161436, 161438, 161440, 161441, 161444, 161446, 161449, 161451, 161456, 161469, 161478, 161479, 161484, 161489, 161492, 161493, 161494, 161496, 161498, 161499, 161510, 161512, 161516, 161519, 161521, 161523, 161526, 161533, 161537, 161540, 161548, 161551, 161555, 161562, 161563, 161568, 161570, 161573, 161575, 161582, 161586, 161591, 161593, 161594, 161595, 161597, 161603, 161609, 161611, 161614, 161617, 161619, 161622, 161623, 161626, 161633, 161634, 161638, 161639, 161653, 161656, 161658, 161659, 161667, 161669, 161670, 161671, 161686, 161687, 161696, 161697, 161702, 161704, 161710, 161711, 161713, 161714, 161716, 161725, 161726, 161729, 161731, 161732, 161734, 161739, 161744, 161750, 161751, 161753, 161757, 161758, 161759, 161768, 161772, 161774, 161777, 161782, 161784, 161785, 161786, 161787, 161793, 161799, 161800, 161802, 161804, 161809, 161811, 161814, 161827, 161830, 161835, 161836, 161843, 161844, 161845, 161847, 161851, 161855, 161856, 161868, 161872, 161879, 161882, 161883, 161884, 161886, 161887, 161888, 161891, 161895, 161897, 161899, 161903, 161904, 161907, 161908, 161910, 161912, 161916, 161917, 161919, 161926, 161927, 161929, 161932, 161936, 161939, 161940, 161945, 161960, 161961, 161966, 161967, 161968, 161969, 161972, 161974, 161976, 161983, 161989, 161993, 161998, 162004, 162005, 162007, 162008, 162009, 162012, 162016, 162021, 162023, 162025, 162033, 162039, 162040, 162043, 162044, 162047, 162051, 162053, 162055, 162060, 162061, 162062, 162066, 162069, 162070, 162072, 162075, 162078, 162082, 162085, 162087, 162089, 162091, 162093, 162095, 162096, 162100, 162102, 162103, 162110, 162112, 162114, 162116, 162118, 162120, 162129, 162134, 162137, 162141, 162148, 162151, 162152, 162154, 162156, 162157, 162165, 162166, 162170, 162172, 162175, 162178, 162179, 162183, 162188, 162193, 162196, 162198, 162201, 162204, 162209, 162211, 162214, 162223, 162224, 162225, 162227, 162231, 162232, 162236, 162238, 162241, 162246, 162247, 162250, 162251, 162252, 162253, 162260, 162262, 162264, 162270, 162271, 162276, 162277, 162283, 162290, 162291, 162293, 162294, 162297, 162299, 162301, 162302, 162310, 162311, 162312, 162313, 162318, 162321, 162322, 162328, 162330, 162331, 162333, 162336, 162340, 162343, 162345, 162347, 162350, 162351, 162355, 162357, 162362, 162367, 162371, 162372, 162373, 162383, 162384, 162386, 162387, 162390, 162391, 162395, 162396, 162400, 162403, 162404, 162409, 162410, 162412, 162414, 162416, 162421, 162424, 162429, 162434, 162435, 162451, 162454, 162459, 162465, 162466, 162470, 162472, 162475, 162478, 162480, 162491, 162494, 162503, 162508, 162512, 162515, 162517, 162518, 162523, 162524, 162526, 162528, 162530, 162531, 162532, 162536, 162544, 162546, 162552, 162553, 162554, 162558, 162559, 162561, 162573, 162574, 162577, 162580, 162583, 162584, 162589, 162595, 162601, 162607, 162608, 162609, 162612, 162621, 162623, 162627, 162632, 162633, 162635, 162637, 162644, 162647, 162648, 162650, 162656, 162659, 162660, 162666, 162672, 162673, 162674, 162675, 162677, 162680, 162684, 162686, 162687, 162690, 162698, 162699, 162700, 162703, 162704, 162709, 162710, 162716, 162718, 162722, 162723, 162724, 162725, 162728, 162731, 162734, 162744, 162756, 162757, 162763, 162764, 162769, 162774, 162776, 162777, 162780, 162781, 162784, 162786, 162790, 162791, 162799, 162800, 162804, 162805, 162806, 162807, 162810, 162816, 162819, 162820, 162821, 162822, 162826, 162833, 162835, 162836, 162845, 162854, 162862, 162863, 162870, 162874, 162876, 162879, 162883, 162884, 162886, 162887, 162889, 162891, 162892, 162894, 162896, 162897, 162898, 162907, 162911, 162913, 162914, 162917, 162922, 162925, 162931, 162937, 162938, 162939, 162941, 162947, 162948, 162949, 162953, 162958, 162959, 162960, 162967, 162970, 162974, 162975, 162976, 162977, 162982, 162993, 162996, 163004, 163013, 163017, 163026, 163027, 163028, 163029, 163032, 163033, 163043, 163046, 163049, 163051, 163055, 163059, 163060, 163061, 163065, 163069, 163071, 163074, 163077, 163078, 163083, 163085, 163088, 163100, 163106, 163107, 163108, 163111, 163114, 163119, 163122, 163125, 163129, 163136, 163141, 163143, 163147, 163149, 163150, 163151, 163154, 163156, 163157, 163163, 163166, 163167, 163168, 163173, 163175, 163179, 163180, 163181, 163183, 163184, 163185, 163186, 163188, 163189, 163193, 163197, 163205, 163211, 163212, 163216, 163222, 163224, 163226, 163227, 163230, 163233, 163235, 163238, 163239, 163243, 163244, 163245, 163246, 163247, 163249, 163252, 163258, 163259, 163260, 163265, 163266, 163270, 163273, 163274, 163275, 163276, 163277, 163279, 163286, 163287, 163299, 163300, 163302, 163312, 163313, 163318, 163323, 163326, 163330, 163338, 163340, 163341, 163343, 163349, 163350, 163359, 163361, 163363, 163364, 163365, 163367, 163368, 163373, 163379, 163380, 163381, 163383, 163385, 163388, 163390, 163396, 163397, 163401, 163402, 163403, 163407, 163408, 163409, 163411, 163412, 163414, 163416, 163417, 163423, 163424, 163426, 163429, 163430, 163433, 163441, 163442, 163448, 163458, 163459, 163460, 163466, 163468, 163470, 163477, 163478, 163484, 163487, 163488, 163489, 163490, 163491, 163492, 163498, 163499, 163502, 163508, 163512, 163515, 163519, 163521, 163531, 163533, 163535, 163538, 163539, 163540, 163541, 163549, 163552, 163555, 163557, 163561, 163562, 163573, 163576, 163578, 163582, 163589, 163595, 163597, 163600, 163603, 163606, 163608, 163609, 163610, 163614, 163615, 163616, 163623, 163624, 163626, 163630, 163632, 163639, 163643, 163646, 163647, 163648, 163655, 163656, 163658, 163661, 163662, 163666, 163668, 163670, 163673, 163675, 163679, 163681, 163686, 163690, 163692, 163696, 163699, 163700, 163708, 163720, 163723, 163727, 163736, 163743, 163746, 163747, 163751, 163752, 163755, 163756, 163762, 163766, 163769, 163773, 163774, 163776, 163777, 163778, 163780, 163784, 163787, 163788, 163790, 163793, 163795, 163797, 163799, 163803, 163804, 163807, 163810, 163813, 163814, 163818, 163820, 163821, 163826, 163837, 163845, 163850, 163852, 163854, 163855, 163859, 163860, 163861, 163868, 163870, 163872, 163875, 163878, 163889, 163892, 163894, 163895, 163896, 163901, 163903, 163908, 163909, 163913, 163915, 163916, 163919, 163924, 163927, 163929, 163931, 163946, 163953, 163961, 163963, 163964, 163965, 163979, 163981, 163989, 163993, 163994, 164000, 164001, 164010, 164011, 164026, 164028, 164029, 164032, 164033, 164038, 164039, 164040, 164041, 164047, 164056, 164059, 164062, 164066, 164067, 164072, 164073, 164078, 164079, 164084, 164085, 164087, 164089, 164090, 164091, 164093, 164098, 164105, 164110, 164122, 164124, 164130, 164135, 164136, 164139, 164141, 164146, 164150, 164159, 164161, 164163, 164165, 164167, 164169, 164173, 164175, 164180, 164181, 164182, 164183, 164185, 164187, 164188, 164192, 164195, 164196, 164200, 164204, 164205, 164209, 164211, 164217, 164220, 164224, 164229, 164232, 164233, 164235, 164243, 164255, 164256, 164259, 164260, 164261, 164263, 164265, 164269, 164270, 164272, 164273, 164279, 164287, 164288, 164290, 164291, 164292, 164300, 164301, 164302, 164304, 164309, 164312, 164313, 164321, 164323, 164327, 164328, 164331, 164338, 164340, 164341, 164344, 164346, 164347, 164348, 164352, 164355, 164357, 164359, 164363, 164370, 164372, 164376, 164377, 164382, 164385, 164396, 164398, 164403, 164409, 164414, 164416, 164417, 164419, 164420, 164423, 164425, 164430, 164433, 164438, 164441, 164443, 164446, 164451, 164455, 164463, 164464, 164467, 164472, 164473, 164474, 164476, 164477, 164480, 164483, 164484, 164485, 164493, 164494, 164497, 164498, 164499, 164500, 164501, 164503, 164507, 164508, 164520, 164525, 164527, 164530, 164531, 164533, 164534, 164535, 164537, 164538, 164539, 164540, 164545, 164548, 164551, 164557, 164558, 164560, 164562, 164564, 164567, 164568, 164572, 164574, 164576, 164577, 164585, 164590, 164593, 164595, 164597, 164601, 164606, 164609, 164610, 164614, 164617, 164620, 164622, 164626, 164631, 164636, 164637, 164641, 164652, 164654, 164660, 164662, 164663, 164666, 164675, 164678, 164685, 164686, 164688, 164693, 164696, 164701, 164702, 164704, 164705, 164707, 164708, 164713, 164715, 164717, 164726, 164731, 164745, 164746, 164748, 164761, 164764, 164765, 164766, 164768, 164771, 164772, 164773, 164777, 164786, 164787, 164795, 164796, 164801, 164809, 164822, 164823, 164828, 164833, 164839, 164842, 164843, 164847, 164849, 164851, 164852, 164854, 164859, 164863, 164867, 164871, 164874, 164876, 164879, 164881, 164883, 164886, 164890, 164894, 164895, 164896, 164897, 164900, 164905, 164907, 164911, 164913, 164917, 164921, 164923, 164924, 164925, 164939, 164942, 164943, 164948, 164954, 164955, 164957, 164958, 164961, 164962, 164965, 164966, 164967, 164975, 164981, 164985, 164989, 164991, 165002, 165003, 165013, 165027, 165032, 165033, 165037, 165038, 165043, 165046, 165055, 165058, 165059, 165062, 165066, 165068, 165071, 165072, 165076, 165080, 165086, 165087, 165094, 165096, 165101, 165102, 165105, 165107, 165108, 165113, 165117, 165118, 165120, 165123, 165125, 165136, 165137, 165141, 165143, 165153, 165154, 165156, 165158, 165160, 165163, 165165, 165173, 165174, 165175, 165176, 165186, 165188, 165190, 165191, 165195, 165201, 165208, 165214, 165217, 165219, 165220, 165224, 165225, 165229, 165232, 165233, 165235, 165243, 165250, 165251, 165252, 165254, 165255, 165260, 165263, 165265, 165268, 165271, 165272, 165282, 165290, 165292, 165293, 165294, 165306, 165312, 165318, 165322, 165329, 165331, 165333, 165336, 165346, 165348, 165352, 165357, 165358, 165364, 165366, 165371, 165373, 165376, 165378, 165386, 165389, 165391, 165395, 165406, 165408, 165410, 165413, 165414, 165417, 165418, 165431, 165438, 165439, 165444, 165447, 165449, 165451, 165457, 165458, 165460, 165461, 165462, 165463, 165464, 165466, 165474, 165475, 165477, 165480, 165485, 165486, 165493, 165497, 165502, 165521, 165526, 165533, 165540, 165545, 165547, 165550, 165552, 165553, 165555, 165562, 165564, 165569, 165571, 165572, 165573, 165577, 165578, 165580, 165581, 165586, 165588, 165589, 165598, 165600, 165601, 165606, 165608, 165617, 165621, 165622, 165637, 165645, 165652, 165655, 165656, 165658, 165659, 165662, 165663, 165667, 165669, 165671, 165672, 165677, 165680, 165681, 165684, 165692, 165696, 165700, 165705, 165716, 165723, 165725, 165726, 165727, 165730, 165732, 165733, 165734, 165735, 165738, 165741, 165742, 165743, 165747, 165749, 165750, 165752, 165753, 165755, 165764, 165770, 165774, 165776, 165778, 165786, 165788, 165790, 165793, 165797, 165804, 165805, 165808, 165811, 165814, 165816, 165820, 165822, 165824, 165825, 165827, 165830, 165839, 165840, 165843, 165846, 165847, 165848, 165850, 165851, 165854, 165861, 165877, 165878, 165881, 165890, 165895, 165896, 165906, 165907, 165908, 165910, 165912, 165916, 165923, 165932, 165934, 165938, 165944, 165950, 165956, 165959, 165963, 165966, 165967, 165975, 165976, 165984, 165993, 165998, 166003, 166005, 166006, 166007, 166010, 166017, 166018, 166019, 166023, 166025, 166027, 166036, 166039, 166040, 166041, 166043, 166049, 166051, 166054, 166057, 166058, 166059, 166065, 166069, 166071, 166072, 166073, 166074, 166079, 166080, 166084, 166098, 166099, 166101, 166107, 166114, 166116, 166117, 166120, 166121, 166123, 166124, 166125, 166128, 166131, 166132, 166136, 166137, 166140, 166141, 166144, 166148, 166150, 166151, 166152, 166153, 166154, 166167, 166168, 166169, 166170, 166173, 166175, 166181, 166183, 166189, 166193, 166196, 166200, 166203, 166205, 166207, 166208, 166209, 166210, 166211, 166220, 166221, 166226, 166228, 166230, 166233, 166240, 166243, 166252, 166255, 166259, 166260, 166263, 166265, 166273, 166275, 166279, 166283, 166287, 166289, 166292, 166294, 166296, 166303, 166308, 166317, 166322, 166323, 166325, 166327, 166328, 166329, 166331, 166333, 166334, 166342, 166343, 166344, 166346, 166357, 166358, 166360, 166364, 166368, 166372, 166376, 166377, 166383, 166384, 166385, 166389, 166392, 166402, 166415, 166417, 166418, 166424, 166432, 166436, 166441, 166447, 166450, 166452, 166453, 166454, 166455, 166457, 166461, 166464, 166467, 166469, 166471, 166473, 166484, 166485, 166489, 166493, 166495, 166496, 166509, 166513, 166515, 166522, 166524, 166525, 166531, 166532, 166537, 166540, 166542, 166545, 166557, 166561, 166568, 166572, 166575, 166577, 166581, 166584, 166586, 166594, 166605, 166610, 166611, 166614, 166615, 166616, 166623, 166635, 166637, 166638, 166644, 166645, 166646, 166647, 166648, 166651, 166653, 166654, 166658, 166663, 166677, 166688, 166692, 166699, 166703, 166707, 166709, 166713, 166715, 166716, 166719, 166720, 166724, 166733, 166738, 166740, 166745, 166746, 166751, 166752, 166757, 166763, 166765, 166766, 166768, 166771, 166772, 166774, 166775, 166784, 166787, 166788, 166794, 166798, 166801, 166802, 166805, 166808, 166809, 166811, 166812, 166815, 166817, 166820, 166821, 166823, 166830, 166834, 166839, 166852, 166858, 166866, 166867, 166868, 166870, 166875, 166879, 166880, 166881, 166884, 166886, 166887, 166898, 166901, 166908, 166909, 166915, 166918, 166923, 166925, 166930, 166934, 166937, 166940, 166945, 166946, 166957, 166961, 166962, 166963, 166966, 166968, 166976, 166984, 166989, 166991, 166992, 166995, 166998, 167007, 167011, 167016, 167024, 167031, 167040, 167046, 167049, 167058, 167062, 167069, 167077, 167082, 167085, 167094, 167096, 167100, 167106, 167108, 167109, 167114, 167117, 167118, 167120, 167123, 167124, 167133, 167140, 167142, 167143, 167147, 167151, 167160, 167161, 167163, 167164, 167166, 167167, 167179, 167180, 167183, 167186, 167188, 167193, 167196, 167198, 167199, 167212, 167217, 167219, 167220, 167221, 167226, 167227, 167232, 167233, 167234, 167236, 167240, 167241, 167243, 167244, 167245, 167258, 167266, 167268, 167274, 167275, 167277, 167278, 167285, 167287, 167289, 167291, 167292, 167298, 167302, 167303, 167304, 167312, 167314, 167315, 167316, 167317, 167320, 167324, 167329, 167330, 167332, 167337, 167338, 167344, 167348, 167351, 167352, 167353, 167355, 167356, 167367, 167370, 167373, 167380, 167385, 167387, 167392, 167394, 167405, 167406, 167407, 167417, 167420, 167421, 167422, 167425, 167427, 167428, 167433, 167434, 167436, 167437, 167438, 167443, 167448, 167449, 167452, 167458, 167462, 167463, 167470, 167474, 167478, 167479, 167487, 167491, 167494, 167495, 167496, 167502, 167503, 167506, 167508, 167509, 167510, 167512, 167523, 167526, 167528, 167531, 167535, 167539, 167540, 167541, 167542, 167546, 167548, 167551, 167552, 167563, 167567, 167574, 167579, 167588, 167590, 167593, 167598, 167601, 167603, 167607, 167616, 167617, 167619, 167620, 167621, 167629, 167631, 167634, 167642, 167644, 167651, 167659, 167663, 167665, 167667, 167668, 167672, 167673, 167674, 167678, 167679, 167682, 167683, 167684, 167687, 167688, 167690, 167696, 167697, 167702, 167708, 167709, 167711, 167714, 167715, 167716, 167718, 167720, 167723, 167734, 167736, 167745, 167754, 167757, 167762, 167767, 167769, 167770, 167771, 167772, 167775, 167776, 167778, 167782, 167785, 167794, 167795, 167798, 167806, 167807, 167810, 167813, 167814, 167820, 167827, 167834, 167836, 167848, 167850, 167857, 167865, 167869, 167870, 167876, 167877, 167878, 167879, 167882, 167887, 167888, 167896, 167898, 167899, 167900, 167909, 167914, 167916, 167924, 167928, 167930, 167934, 167935, 167936, 167937, 167939, 167940, 167942, 167945, 167946, 167947, 167953, 167954, 167955, 167956, 167957, 167963, 167967, 167968, 167969, 167982, 167991, 167992, 167999, 168000, 168002, 168003, 168007, 168011, 168015, 168016, 168019, 168023, 168028, 168030, 168032, 168033, 168034, 168036, 168037, 168038, 168044, 168046, 168051, 168063, 168066, 168071, 168075, 168080, 168082, 168085, 168089, 168090, 168091, 168099, 168105, 168106, 168108, 168111, 168113, 168115, 168130, 168131, 168137, 168139, 168140, 168149, 168150, 168151, 168157, 168161, 168162, 168168, 168172, 168173, 168176, 168178, 168180, 168186, 168187, 168188, 168191, 168196, 168202, 168203, 168205, 168208, 168209, 168211, 168212, 168215, 168217, 168219, 168221, 168223, 168229, 168230, 168231, 168232, 168234, 168237, 168243, 168244, 168247, 168252, 168258, 168259, 168261, 168263, 168270, 168272, 168275, 168282, 168289, 168290, 168295, 168298, 168302, 168304, 168305, 168323, 168326, 168345, 168351, 168358, 168367, 168375, 168383, 168385, 168390, 168396, 168400, 168404, 168407, 168412, 168413, 168414, 168418, 168420, 168423, 168425, 168431, 168435, 168438, 168439, 168442, 168447, 168448, 168450, 168452, 168453, 168457, 168461, 168462, 168465, 168471, 168477, 168481, 168488, 168490, 168491, 168493, 168494, 168497, 168502, 168503, 168504, 168506, 168508, 168510, 168511, 168514, 168517, 168518, 168520, 168522, 168542, 168545, 168548, 168549, 168553, 168554, 168555, 168556, 168561, 168564, 168567, 168568, 168571, 168573, 168576, 168579, 168581, 168583, 168588, 168593, 168600, 168601, 168603, 168610, 168612, 168613, 168616, 168617, 168619, 168622, 168624, 168631, 168634, 168636, 168638, 168639, 168641, 168642, 168648, 168659, 168662, 168664, 168666, 168668, 168669, 168676, 168677, 168678, 168679, 168685, 168688, 168689, 168695, 168702, 168703, 168706, 168707, 168718, 168720, 168721, 168727, 168733, 168736, 168738, 168741, 168742, 168749, 168750, 168751, 168754, 168756, 168759, 168760, 168769, 168770, 168772, 168773, 168778, 168782, 168786, 168787, 168793, 168794, 168796, 168798, 168799, 168805, 168806, 168807, 168809, 168816, 168818, 168819, 168825, 168828, 168829, 168830, 168831, 168832, 168834, 168837, 168838, 168839, 168840, 168842, 168844, 168847, 168848, 168851, 168853, 168855, 168856, 168864, 168871, 168874, 168875, 168876, 168877, 168879, 168881, 168888, 168889, 168890, 168892, 168894, 168895, 168898, 168906, 168910, 168913, 168914, 168916, 168919, 168921, 168923, 168930, 168932, 168933, 168934, 168936, 168937, 168938, 168939, 168940, 168942, 168943, 168944, 168948, 168950, 168951, 168952, 168953, 168954, 168955, 168956, 168957, 168958, 168959, 168961, 168962, 168963, 168964, 168965, 168966, 168967, 168968, 168970, 168971, 168973, 168975, 168977, 168979, 168980, 168981, 168982, 168983, 168985, 168986, 168988, 168989, 168990, 168991, 168992, 168994, 168995, 168998, 169001, 169002, 169005, 169006, 169007, 169009, 169011, 169014, 169015, 169016, 169018, 169020, 169021, 169022, 169023, 169024, 169028, 169029, 169030, 169031, 169032, 169034, 169037, 169038, 169041, 169042, 169043, 169044, 169045, 169046, 169047, 169050, 169052, 169053, 169055, 169057, 169058, 169059, 169060, 169061, 169062, 169063, 169068, 169069, 169070, 169071, 169072, 169073, 169074, 169076, 169077, 169080, 169081, 169083, 169084, 169085, 169089, 169090, 169091, 169092, 169094, 169095, 169096, 169097, 169098, 169099, 169102, 169104, 169105, 169107, 169108, 169110, 169111, 169112, 169113, 169114, 169117, 169118, 169120, 169121, 169122, 169123, 169124, 169125, 169126, 169128, 169129, 169130, 169131, 169133, 169134, 169135, 169136, 169137, 169139, 169140, 169141, 169142, 169143, 169144, 169145, 169148, 169149, 169150, 169151, 169152, 169154, 169155, 169156, 169157, 169158, 169160, 169161, 169163, 169164, 169165, 169166, 169167, 169171, 169172, 169173, 169175, 169176, 169177, 169179, 169180, 169181, 169183, 169185, 169186, 169187, 169188, 169189, 169190, 169191, 169192, 169194, 169195, 169197, 169198, 169199, 169200, 169201, 169204, 169205, 169207, 169208, 169209, 169211, 169212, 169214, 169215, 169216, 169217, 169219, 169220, 169221, 169222, 169223, 169226, 169227, 169228, 169230, 169231, 169232, 169233, 169234, 169235, 169236, 169237, 169238, 169239, 169240, 169241, 169243, 169244, 169245, 169246, 169247, 169248, 169251, 169252, 169253, 169255, 169256, 169257, 169258, 169259, 169260, 169261, 169262, 169263, 169264, 169265, 169267, 169268, 169270, 169272, 169273, 169274, 169275, 169276, 169277, 169278, 169280, 169281, 169283, 169284, 169286, 169287, 169288, 169289, 169290, 169291, 169292, 169293, 169296, 169297, 169298, 169299, 169301, 169303, 169304, 169305, 169306, 169307, 169308, 169309, 169310, 169311, 169313, 169314, 169316, 169319, 169322, 169323, 169325, 169327, 169328, 169329, 169330, 169332, 169333, 169334, 169335, 169336, 169337, 169338, 169339, 169342, 169343, 169345, 169347, 169348, 169349, 169350, 169351, 169352, 169353, 169354, 169355, 169356, 169357, 169358, 169359, 169360, 169361, 169362, 169363, 169364, 169366, 169367, 169369, 169373, 169374, 169375, 169376, 169379, 169385, 169387, 169388, 169390, 169391, 169392, 169393, 169394, 169395, 169396, 169397, 169398, 169401, 169402, 169403, 169404, 169405, 169408, 169409, 169411, 169413, 169414, 169415, 169416, 169417, 169419, 169420, 169421, 169422, 169423, 169424, 169425, 169426, 169427, 169428, 169429, 169432, 169433, 169434, 169435, 169436, 169437, 169438, 169439, 169440, 169442, 169444, 169445, 169446, 169447, 169448, 169450, 169452, 169453, 169454, 169455, 169457, 169458, 169459, 169460, 169461, 169462, 169464, 169465, 169466, 169467, 169468, 169469, 169470, 169471, 169472, 169474, 169475, 169477, 169478, 169479, 169480, 169481, 169482, 169483, 169484, 169485, 169486, 169487, 169488, 169489, 169490, 169491, 169494, 169496, 169497, 169498, 169501, 169502, 169504, 169505, 169506, 169507, 169508, 169509, 169510, 169512, 169514, 169516, 169517, 169519, 169520, 169522, 169524, 169527, 169528, 169529, 169530, 169531, 169532, 169533, 169534, 169536, 169538, 169539, 169540, 169541, 169542, 169544, 169546, 169547, 169548, 169550, 169551, 169552, 169554, 169556, 169558, 169559, 169560, 169561, 169562, 169565, 169566, 169567, 169568, 169570, 169571, 169572, 169573, 169574, 169575, 169576, 169577, 169578, 169579, 169580, 169581, 169583, 169584, 169585, 169586, 169587, 169588, 169589, 169591, 169592, 169593, 169595, 169596, 169598, 169599, 169600, 169601, 169602, 169605, 169606, 169607, 169608, 169609, 169611, 169612, 169613, 169614, 169615, 169616, 169617, 169618, 169619, 169620, 169622, 169623, 169624, 169625, 169627, 169628, 169629, 169631, 169632, 169633, 169635, 169637, 169639, 169640, 169641, 169642, 169644, 169645, 169648, 169649, 169650, 169651, 169654, 169655, 169656, 169657, 169658, 169663, 169664, 169665, 169669, 169670, 169671, 169672, 169674, 169675, 169676, 169678, 169679, 169680, 169681, 169682, 169683, 169684, 169685, 169686, 169688, 169689, 169690, 169691, 169692, 169693, 169694, 169695, 169696, 169697, 169698, 169699, 169700, 169702, 169703, 169704, 169705, 169706, 169707, 169708, 169709, 169710, 169711, 169712, 169713, 169714, 169715, 169716, 169717, 169719, 169720, 169721, 169722, 169724, 169726, 169727, 169729, 169730, 169732, 169733, 169735, 169736, 169737, 169738, 169739, 169740, 169742, 169743, 169744, 169745, 169746, 169747, 169748, 169749, 169750, 169751, 169752, 169753, 169756, 169757, 169758, 169759, 169760, 169761, 169762, 169763, 169764, 169765, 169766, 169767, 169768, 169769, 169770, 169772, 169773, 169775, 169776, 169778, 169779, 169780, 169781, 169784, 169787, 169789, 169790, 169791, 169793, 169794, 169795, 169797, 169798, 169799, 169800, 169801, 169802, 169804, 169805, 169806, 169807, 169808, 169809, 169810, 169811, 169812, 169814, 169815, 169816, 169817, 169818, 169820, 169821, 169823, 169824, 169826, 169827, 169828, 169829, 169830, 169832, 169833, 169834, 169835, 169837, 169838, 169839, 169840, 169841, 169842, 169843, 169844, 169845, 169846, 169847, 169848, 169849, 169850, 169851, 169852, 169853, 169854, 169855, 169857, 169859, 169861, 169863, 169864, 169865, 169867, 169868, 169869, 169870, 169873, 169874, 169875, 169877, 169878, 169880, 169881, 169882, 169884, 169885, 169886, 169888, 169889, 169890, 169891, 169892, 169894, 169895, 169896, 169898, 169900, 169901, 169902, 169903, 169904, 169905, 169906, 169907, 169908, 169910, 169912, 169913, 169916, 169917, 169918, 169919, 169920, 169921, 169922, 169924, 169925, 169926, 169929, 169930, 169931, 169932, 169938, 169939, 169940, 169941, 169943, 169944, 169945, 169946, 169947, 169950, 169951, 169953, 169954, 169955, 169956, 169957, 169958, 169959, 169960, 169961, 169962, 169964, 169965, 169966, 169969, 169972, 169974, 169975, 169976, 169977, 169978, 169979, 169980, 169981, 169983, 169984, 169985, 169986, 169987, 169988, 169989, 169993, 169994, 169995, 169996, 169997, 169998, 169999, 170001, 170002, 170005, 170007, 170008, 170009, 170010, 170012, 170013, 170015, 170016, 170017, 170019, 170020, 170021, 170022, 170023, 170025, 170027, 170028, 170029, 170032, 170033, 170034, 170036, 170037, 170038, 170039, 170040, 170041, 170042, 170043, 170044, 170045, 170046, 170049, 170051, 170052, 170053, 170054, 170055, 170056, 170057, 170059, 170061, 170062, 170063, 170064, 170065, 170066, 170067, 170068, 170069, 170071, 170072, 170073, 170074, 170075, 170076, 170077, 170078, 170080, 170081, 170084, 170086, 170087, 170088, 170089, 170090, 170091, 170092, 170093, 170094, 170095, 170097, 170098, 170101, 170102, 170103, 170104, 170106, 170108, 170109, 170110, 170113, 170114, 170115, 170116, 170117, 170118, 170119, 170120, 170121, 170122, 170124, 170125, 170126, 170127, 170128, 170129, 170130, 170131, 170132, 170133, 170134, 170135, 170136, 170137, 170138, 170139, 170141, 170142, 170143, 170144, 170145, 170146, 170147, 170148, 170149, 170150, 170151, 170152, 170154, 170155, 170157, 170158, 170160, 170161, 170162, 170163, 170164, 170165, 170166, 170167, 170168, 170169, 170171, 170172, 170173, 170174, 170176, 170178, 170179, 170180, 170181, 170182, 170183, 170184, 170185, 170187, 170188, 170189, 170190, 170192, 170193, 170195, 170196, 170197, 170198, 170199, 170200, 170201, 170202, 170203, 170204, 170206, 170207, 170209, 170210, 170211, 170213, 170214, 170215, 170217, 170218, 170219, 170220, 170222, 170224, 170225, 170226, 170227, 170228, 170229, 170230, 170231, 170233, 170234, 170235, 170236, 170237, 170238, 170241, 170243, 170244, 170245, 170247, 170248, 170249, 170250, 170251, 170252, 170253, 170254, 170255, 170256, 170257, 170259, 170261, 170263, 170264, 170265, 170266, 170267, 170268, 170269, 170270, 170271, 170272, 170273, 170275, 170276, 170278, 170280, 170281, 170282, 170284, 170285, 170286, 170287, 170289, 170290, 170292, 170293, 170295, 170296, 170299, 170300, 170301, 170302, 170303, 170304, 170305, 170306, 170308, 170309, 170310, 170311, 170313, 170315, 170317, 170318, 170319, 170322, 170323, 170324, 170325, 170326, 170327, 170329, 170330, 170331, 170332, 170333, 170334, 170337, 170338, 170339, 170340, 170341, 170342, 170343, 170344, 170345, 170346, 170347, 170349, 170350, 170351, 170352, 170353, 170356, 170357, 170358, 170359, 170360, 170361, 170362, 170363, 170364, 170365, 170366, 170367, 170369, 170370, 170372, 170373, 170374, 170376, 170377, 170378, 170379, 170382, 170383, 170384, 170385, 170387, 170389, 170390, 170391, 170392, 170393, 170394, 170395, 170396, 170397, 170399, 170400, 170401, 170402, 170403, 170405, 170407, 170408, 170409, 170410, 170411, 170412, 170413, 170415, 170416, 170417, 170418, 170419, 170420, 170421, 170422, 170423, 170424, 170425, 170426, 170427, 170429, 170430, 170431, 170432, 170433, 170435, 170437, 170438, 170440, 170443, 170444, 170445, 170446, 170447, 170448, 170449, 170451, 170452, 170454, 170455, 170457, 170458, 170459, 170460, 170461, 170462, 170463, 170465, 170467, 170468, 170469, 170470, 170472, 170473, 170474, 170475, 170476, 170478, 170479, 170480, 170484, 170485, 170486, 170488, 170490, 170491, 170493, 170494, 170495, 170496, 170497, 170498, 170500, 170501, 170504, 170505, 170506, 170507, 170509, 170510, 170511, 170512, 170515, 170517, 170519, 170520, 170521, 170523, 170524, 170525, 170526, 170528, 170529, 170530, 170531, 170533, 170534, 170535, 170537, 170538, 170539, 170540, 170541, 170543, 170545, 170546, 170547, 170548, 170549, 170550, 170551, 170552, 170553, 170554, 170555, 170556, 170557, 170560, 170561, 170563, 170564, 170565, 170566, 170567, 170568, 170569, 170570, 170571, 170572, 170573, 170574, 170575, 170576, 170577, 170579, 170580, 170581, 170582, 170584, 170585, 170586, 170587, 170588, 170589, 170591, 170593, 170596, 170597, 170598, 170599, 170601, 170604, 170605, 170606, 170607, 170608, 170609, 170611, 170612, 170613, 170614, 170615, 170616, 170617, 170620, 170621, 170623, 170624, 170626, 170627, 170629, 170630, 170631, 170632, 170634, 170635, 170636, 170638, 170639, 170640, 170641, 170642, 170643, 170644, 170645, 170646, 170647, 170648, 170649, 170651, 170652, 170653, 170655, 170656, 170660, 170661, 170662, 170663, 170664, 170665, 170667, 170669, 170672, 170673, 170674, 170675, 170677, 170679, 170680, 170681, 170682, 170683, 170684, 170685, 170686, 170687, 170688, 170689, 170690, 170691, 170692, 170693, 170694, 170695, 170696, 170697, 170700, 170701, 170702, 170703, 170704, 170705, 170707, 170708, 170709, 170710, 170711, 170712, 170713, 170714, 170715, 170716, 170717, 170718, 170719, 170720, 170723, 170725, 170726, 170727, 170731, 170735, 170736, 170739, 170740, 170741, 170742, 170744, 170745, 170746, 170749, 170750, 170751, 170754, 170756, 170758, 170759, 170760, 170762, 170763, 170764, 170765, 170767, 170770, 170771, 170772, 170773, 170774, 170775, 170777, 170778, 170781, 170784, 170785, 170786, 170789, 170790, 170791, 170793, 170795, 170796, 170797, 170799, 170800, 170801, 170802, 170803, 170804, 170805, 170806, 170807, 170808, 170809, 170811, 170813, 170814, 170815, 170817, 170818, 170819, 170822, 170824, 170825, 170826, 170827, 170829, 170831, 170832, 170833, 170834, 170835, 170836, 170838, 170839, 170840, 170841, 170842, 170844, 170845, 170846, 170847, 170849, 170850, 170851, 170853, 170855, 170857, 170859, 170860, 170861, 170862, 170863, 170864, 170865, 170867, 170868, 170869, 170870, 170871, 170873, 170876, 170877, 170879, 170880, 170881, 170883, 170884, 170886, 170887, 170888, 170889, 170890, 170893, 170894, 170898, 170899, 170900, 170901, 170902, 170903, 170904, 170905, 170906, 170908, 170909, 170910, 170912, 170914, 170915, 170916, 170918, 170920, 170921, 170922, 170923, 170925, 170926, 170931, 170932, 170934, 170935, 170937, 170938, 170939, 170941, 170942, 170943, 170944, 170945, 170946, 170947, 170948, 170949, 170950, 170951, 170952, 170954, 170956, 170957, 170958, 170959, 170961, 170963, 170964, 170965, 170967, 170970, 170971, 170972, 170973, 170974, 170975, 170976, 170977, 170978, 170979, 170981, 170982, 170984, 170985, 170986, 170987, 170988, 170989, 170990, 170991, 170992, 170994, 170995, 170996, 170998, 171000, 171001, 171002, 171003, 171004, 171005, 171007, 171008, 171010, 171012, 171013, 171014, 171015, 171016, 171017, 171018, 171019, 171020, 171021, 171022, 171023, 171024, 171026, 171028, 171030, 171031, 171032, 171033, 171034, 171035, 171036, 171037, 171038, 171039, 171040, 171041, 171042, 171043, 171046, 171048, 171050, 171051, 171053, 171054, 171055, 171056, 171057, 171059, 171062, 171063, 171066, 171067, 171068, 171071, 171073, 171075, 171076, 171077, 171078, 171079, 171081, 171082, 171083, 171085, 171086, 171087, 171088, 171090, 171091, 171093, 171094, 171095, 171097, 171098, 171099, 171101, 171102, 171105, 171106, 171107, 171108, 171109, 171110, 171111, 171112, 171113, 171114, 171115, 171116, 171117, 171118, 171119, 171120, 171122, 171123, 171124, 171125, 171130, 171131, 171132, 171134, 171136, 171138, 171139, 171140, 171141, 171142, 171143, 171144, 171146, 171147, 171148, 171149, 171150, 171151, 171153, 171154, 171156, 171157, 171158, 171162, 171163, 171167, 171168, 171170, 171171, 171173, 171175, 171177, 171178, 171179, 171181, 171183, 171185, 171186, 171189, 171190, 171192, 171193, 171194, 171195, 171196, 171198, 171199, 171202, 171203, 171204, 171207, 171208, 171209, 171210, 171212, 171213, 171215, 171217, 171219, 171220, 171221, 171222, 171223, 171224, 171225, 171226, 171227, 171228, 171229, 171230, 171232, 171234, 171235, 171236, 171237, 171239, 171240, 171241, 171243, 171245, 171248, 171249, 171250, 171251, 171253, 171254, 171255, 171256, 171259, 171260, 171262, 171263, 171265, 171266, 171267, 171268, 171269, 171270, 171271, 171272, 171273, 171274, 171276, 171277, 171278, 171279, 171280, 171281, 171282, 171284, 171285, 171286, 171287, 171289, 171290, 171292, 171293, 171294, 171295, 171296, 171297, 171299, 171300, 171301, 171303, 171306, 171307, 171308, 171309, 171310, 171312, 171313, 171314, 171316, 171317, 171318, 171319, 171320, 171321, 171322, 171324, 171325, 171326, 171327, 171330, 171331, 171332, 171333, 171334, 171335, 171337, 171338, 171339, 171341, 171343, 171344, 171345, 171347, 171349, 171350, 171351, 171352, 171354, 171355, 171356, 171358, 171359, 171361, 171362, 171363, 171364, 171366, 171367, 171368, 171369, 171370, 171371, 171373, 171374, 171375, 171376, 171377, 171378, 171379, 171380, 171381, 171382, 171383, 171384, 171385, 171386, 171387, 171390, 171391, 171392, 171393, 171394, 171396, 171397, 171399, 171402, 171403, 171404, 171405, 171407, 171408, 171409, 171410, 171411, 171413, 171415, 171416, 171417, 171418, 171420, 171422, 171423, 171424, 171425, 171427, 171428, 171429, 171430, 171431, 171432, 171433, 171436, 171438, 171439, 171441, 171442, 171443, 171445, 171446, 171447, 171448, 171449, 171453, 171454, 171455, 171457, 171458, 171459, 171461, 171464, 171466, 171468, 171469, 171471, 171473, 171474, 171475, 171476, 171477, 171478, 171479, 171480, 171481, 171482, 171483, 171484, 171485, 171486, 171487, 171488, 171489, 171490, 171491, 171493, 171495, 171497, 171498, 171499, 171500, 171501, 171502, 171503, 171504, 171505, 171506, 171507, 171508, 171509, 171511, 171512, 171515, 171516, 171517, 171518, 171519, 171520, 171521, 171522, 171523, 171524, 171525, 171527, 171528, 171529, 171530, 171531, 171532, 171533, 171534, 171537, 171538, 171541, 171542, 171543, 171544, 171545, 171546, 171547, 171548, 171549, 171550, 171551, 171552, 171553, 171554, 171555, 171556, 171558, 171559, 171560, 171561, 171562, 171564, 171565, 171566, 171567, 171568, 171569, 171570, 171571, 171572, 171573, 171574, 171575, 171576, 171577, 171578, 171579, 171580, 171581, 171582, 171584, 171585, 171586, 171587, 171588, 171589, 171590, 171591, 171592, 171593, 171595, 171596, 171598, 171599, 171600, 171601, 171602, 171605, 171606, 171607, 171608, 171610, 171612, 171614, 171615, 171616, 171619, 171620, 171621, 171622, 171623, 171625, 171626, 171629, 171630, 171631, 171632, 171633, 171634, 171635, 171636, 171637, 171638, 171640, 171641, 171643, 171645, 171646, 171647, 171649, 171650, 171651, 171652, 171653, 171655, 171656, 171657, 171658, 171659, 171661, 171662, 171664, 171665, 171666, 171667, 171668, 171671, 171672, 171673, 171674, 171676, 171677, 171679, 171680, 171681, 171682, 171683, 171685, 171686, 171687, 171688, 171689, 171690, 171691, 171692, 171693, 171694, 171695, 171696, 171697, 171698, 171700, 171702, 171704, 171706, 171707, 171709, 171710, 171711, 171712, 171714, 171716, 171718, 171719, 171720, 171722, 171724, 171725, 171726, 171727, 171730, 171731, 171733, 171734, 171735, 171737, 171738, 171739, 171741, 171743, 171744, 171745, 171747, 171748, 171749, 171750, 171751, 171752, 171754, 171755, 171756, 171757, 171758, 171761, 171762, 171763, 171764, 171765, 171766, 171767, 171768, 171769, 171770, 171772, 171773, 171774, 171775, 171776, 171777, 171778, 171779, 171780, 171781, 171782, 171784, 171786, 171787, 171788, 171790, 171792, 171796, 171798, 171799, 171800, 171801, 171804, 171805, 171806, 171813, 171814, 171815, 171816, 171817, 171819, 171820, 171821, 171822, 171823, 171826, 171828, 171830, 171831, 171832, 171833, 171834, 171835, 171836, 171837, 171838, 171839, 171840, 171841, 171842, 171843, 171844, 171845, 171846, 171847, 171848, 171849, 171851, 171852, 171853, 171854, 171855, 171856, 171857, 171858, 171859, 171860, 171862, 171863, 171864, 171865, 171866, 171867, 171868, 171869, 171870, 171871, 171872, 171873, 171874, 171875, 171876, 171878, 171879, 171881, 171882, 171883, 171884, 171885, 171887, 171888, 171889, 171890, 171891, 171892, 171893, 171895, 171896, 171897, 171899, 171901, 171902, 171903, 171904, 171905, 171906, 171907, 171908, 171909, 171910, 171911, 171912, 171913, 171914, 171917, 171918, 171919, 171920, 171921, 171922, 171925, 171926, 171928, 171930, 171931, 171932, 171936, 171938, 171941, 171942, 171943, 171944, 171946, 171947, 171949, 171950, 171951, 171952, 171953, 171957, 171958, 171960, 171961, 171962, 171963, 171964, 171965, 171966, 171967, 171968, 171970, 171971, 171973, 171974, 171975, 171978, 171979, 171981, 171982, 171983, 171984, 171985, 171986, 171988, 171989, 171992, 171993, 171995, 171996, 171997, 171998, 171999, 172001, 172003, 172004, 172006, 172007, 172008, 172009, 172010, 172011, 172012, 172013, 172014, 172015, 172016, 172017, 172018, 172019, 172020, 172021, 172022, 172025, 172026, 172027, 172029, 172030, 172032, 172034, 172035, 172036, 172038, 172039, 172040, 172041, 172043, 172045, 172046, 172047, 172048, 172049, 172050, 172051, 172054, 172055, 172056, 172058, 172059, 172060, 172061, 172063, 172065, 172066, 172067, 172068, 172069, 172070, 172071, 172072, 172073, 172076, 172077, 172078, 172079, 172081, 172083, 172084, 172085, 172086, 172087, 172088, 172089, 172090, 172091, 172092, 172095, 172096, 172098, 172099, 172100, 172102, 172104, 172106, 172107, 172108, 172110, 172111, 172112, 172113, 172114, 172115, 172116, 172118, 172119, 172120, 172121, 172124, 172125, 172126, 172127, 172128, 172129, 172130, 172131, 172132, 172133, 172134, 172135, 172136, 172137, 172138, 172139, 172142, 172145, 172146, 172149, 172150, 172151, 172152, 172155, 172156, 172158, 172159, 172161, 172162, 172165, 172166, 172167, 172172, 172174, 172177, 172178, 172179, 172180, 172181, 172183, 172184, 172185, 172187, 172188, 172189, 172190, 172191, 172192, 172193, 172194, 172197, 172198, 172201, 172202, 172203, 172204, 172206, 172210, 172211, 172212, 172213, 172214, 172215, 172216, 172218, 172221, 172222, 172223, 172224, 172227, 172228, 172229, 172230, 172231, 172232, 172233, 172235, 172236, 172237, 172238, 172239, 172240, 172241, 172243, 172244, 172245, 172246, 172247, 172250, 172251, 172252, 172253, 172254, 172255, 172256, 172257, 172258, 172259, 172260, 172261, 172263, 172264, 172266, 172267, 172268, 172269, 172270, 172271, 172273, 172274, 172275, 172276, 172277, 172284, 172286, 172288, 172289, 172290, 172292, 172293, 172296, 172297, 172299, 172300, 172302, 172304, 172308, 172309, 172310, 172312, 172313, 172314, 172315, 172317, 172318, 172319, 172320, 172323, 172326, 172327, 172328, 172329, 172330, 172331, 172332, 172333, 172334, 172335, 172336, 172337, 172338, 172339, 172340, 172341, 172343, 172345, 172347, 172348, 172350, 172351, 172352, 172354, 172355, 172356, 172357, 172358, 172359, 172360, 172361, 172362, 172364, 172365, 172366, 172368, 172369, 172370, 172371, 172373, 172374, 172375, 172376, 172377, 172378, 172381, 172382, 172383, 172384, 172385, 172386, 172387, 172388, 172389, 172390, 172394, 172396, 172397, 172399, 172400, 172401, 172402, 172403, 172405, 172409, 172411, 172412, 172413, 172415, 172417, 172419, 172420, 172421, 172422, 172423, 172424, 172426, 172427, 172428, 172429, 172430, 172431, 172432, 172433, 172434, 172435, 172436, 172437, 172438, 172439, 172440, 172441, 172442, 172443, 172444, 172446, 172447, 172450, 172451, 172452, 172453, 172454, 172456, 172457, 172458, 172459, 172460, 172461, 172463, 172464, 172465, 172466, 172467, 172468, 172469, 172471, 172473, 172476, 172477, 172478, 172479, 172480, 172481, 172483, 172485, 172486, 172487, 172488, 172491, 172493, 172495, 172497, 172498, 172499, 172500, 172501, 172504, 172505, 172506, 172507, 172508, 172511, 172512, 172513, 172515, 172516, 172517, 172518, 172519, 172520, 172521, 172522, 172523, 172524, 172525, 172526, 172527, 172528, 172529, 172530, 172531, 172532, 172533, 172534, 172535, 172536, 172537, 172538, 172539, 172540, 172541, 172542, 172543, 172545, 172546, 172548, 172549, 172550, 172551, 172552, 172554, 172555, 172556, 172557, 172559, 172560, 172561, 172562, 172563, 172565, 172566, 172568, 172572, 172573, 172574, 172575, 172576, 172577, 172579, 172580, 172581, 172582, 172583, 172584, 172586, 172587, 172588, 172589, 172590, 172591, 172592, 172593, 172594, 172596, 172597, 172598, 172599, 172601, 172602, 172604, 172605, 172606, 172608, 172609, 172610, 172611, 172613, 172615, 172616, 172617, 172619, 172620, 172622, 172623, 172624, 172625, 172626, 172627, 172628, 172629, 172630, 172631, 172632, 172634, 172635, 172636, 172637, 172638, 172639, 172640, 172641, 172643, 172645, 172646, 172647, 172649, 172650, 172652, 172653, 172654, 172656, 172657, 172658, 172661, 172662, 172663, 172664, 172665, 172666, 172667, 172668, 172669, 172670, 172673, 172676, 172677, 172679, 172680, 172681, 172682, 172685, 172686, 172688, 172689, 172691, 172692, 172693, 172695, 172696, 172697, 172701, 172702, 172703, 172704, 172705, 172706, 172707, 172708, 172709, 172711, 172712, 172713, 172714, 172715, 172716, 172718, 172719, 172721, 172722, 172723, 172724, 172725, 172726, 172727, 172728, 172729, 172730, 172731, 172732, 172734, 172735, 172736, 172737, 172739, 172741, 172742, 172743, 172744, 172745, 172746, 172747, 172748, 172749, 172750, 172753, 172754, 172756, 172757, 172758, 172761, 172762, 172763, 172764, 172765, 172767, 172768, 172769, 172770, 172771, 172772, 172773, 172774, 172775, 172776, 172777, 172778, 172779, 172780, 172781, 172782, 172784, 172785, 172786, 172788, 172790, 172791, 172792, 172794, 172797, 172798, 172799, 172800, 172801, 172803, 172805, 172807, 172808, 172809, 172810, 172811, 172812, 172813, 172814, 172816, 172817, 172818, 172819, 172820, 172821, 172822, 172823, 172824, 172826, 172828, 172831, 172833, 172834, 172835, 172836, 172837, 172838, 172839, 172840, 172843, 172844, 172845, 172846, 172850, 172854, 172855, 172858, 172859, 172860, 172862, 172863, 172866, 172867, 172868, 172869, 172871, 172873, 172874, 172875, 172876, 172877, 172879, 172881, 172883, 172884, 172885, 172886, 172887, 172888, 172892, 172894, 172895, 172896, 172897, 172898, 172899, 172900, 172902, 172905, 172908, 172910, 172911, 172912, 172914, 172915, 172916, 172918, 172919, 172920, 172921, 172922, 172924, 172925, 172926, 172928, 172929, 172930, 172931, 172932, 172933, 172934, 172936, 172937, 172939, 172941, 172942, 172944, 172945, 172946, 172947, 172948, 172950, 172951, 172953, 172955, 172956, 172959, 172960, 172961, 172962, 172963, 172964, 172965, 172968, 172969, 172971, 172973, 172974, 172976, 172977, 172978, 172979, 172980, 172981, 172982, 172984, 172985, 172986, 172987, 172988, 172991, 172993, 172994, 172995, 172996, 172997, 172998, 172999, 173000, 173001, 173004, 173005, 173006, 173007, 173008, 173009, 173010, 173013, 173017, 173018, 173020, 173021, 173023, 173024, 173026, 173027, 173029, 173031, 173036, 173037, 173038, 173039, 173040, 173041, 173044, 173045, 173046, 173049, 173051, 173053, 173055, 173058, 173060, 173061, 173066, 173067, 173068, 173070, 173071, 173072, 173073, 173074, 173076, 173079, 173081, 173084, 173085, 173086, 173087, 173088, 173091, 173092, 173093, 173094, 173096, 173097, 173098, 173099, 173100, 173101, 173102, 173103, 173104, 173105, 173106, 173107, 173108, 173109, 173110, 173111, 173112, 173114, 173115, 173116, 173119, 173120, 173122, 173123, 173124, 173125, 173126, 173128, 173129, 173131, 173133, 173135, 173138, 173139, 173142, 173143, 173144, 173145, 173146, 173147, 173148, 173150, 173151, 173152, 173154, 173155, 173157, 173158, 173159, 173160, 173161, 173162, 173163, 173165, 173166, 173169, 173170, 173171, 173173, 173174, 173175, 173176, 173178, 173179, 173180, 173181, 173183, 173184, 173185, 173186, 173187, 173188, 173189, 173191, 173192, 173193, 173195, 173197, 173199, 173200, 173202, 173205, 173206, 173208, 173209, 173211, 173212, 173213, 173214, 173216, 173218, 173219, 173220, 173221, 173222, 173223, 173224, 173225, 173226, 173227, 173229, 173230, 173231, 173232, 173233, 173234, 173235, 173236, 173237, 173238, 173241, 173243, 173244, 173245, 173246, 173247, 173249, 173250, 173251, 173253, 173255, 173256, 173258, 173259, 173260, 173265, 173267, 173269, 173270, 173271, 173272, 173273, 173275, 173276, 173277, 173278
