name,smiles,score,max_hist_sim
rxn:2:146579:74704,FC1(F)CCCCc2ccccc2C1Nc1cnn(-c2ncnc3ccsc23)c1,0.1165537875274132,0.8125
rxn:2:128157:145209,Cc1cc(-c2ccc(C(C)NCC(F)(F)c3cc(C4CC4)n[nH]3)s2)cc2cnn(C)c12,0.1160733372934403,0.6753246753246753
rxn:2:70967:167920,Cc1cnc2[nH]cc(CNC(C)c3ccc(-c4ccc5n[nH]c(C)c5c4)s3)c2n1,0.11594044340067897,0.7
rxn:2:123429:161792,Cc1cc2c(C)c[nH]c2cc1CNC(C)c1ccc(-c2cc3c(=O)nc[nH]c3s2)cn1,0.11574717875449889,0.796875
rxn:2:109218:161792,Cc1cc(C)c2nc(CNC(C)c3ccc(-c4cc5c(=O)nc[nH]c5s4)cn3)[nH]c2c1,0.11549438584235407,0.7428571428571429
rxn:2:121898:145452,Cc1cccc2c(CCNC(C)c3ccc(-c4ccc5cc[nH]c(=O)c5c4)s3)n[nH]c12,0.11528316620857484,0.7971014492753623
rxn:2:114914:165748,Cc1cc(C)c2nc(CNC(C)c3ccc(-c4cnc(N5CCOCC5)s4)s3)cn2c1,0.11506409798899005,0.7692307692307693
rxn:2:93375:156548,CC(NCc1ncc(-c2cccs2)o1)c1ccc(-c2cccc3nsnc23)s1,0.11505626567772456,0.7014925373134329
rxn:2:87285:158710,Cc1c[nH]c2nccc(-c3ccc(C(C)NCc4nc5c(s4)COCC5)s3)c12,0.11497570787157331,0.7536231884057971
rxn:2:84573:145452,CC(C)c1ccnc(CCNC(C)c2ccc(-c3ccc4cc[nH]c(=O)c4c3)s2)n1,0.1149051825205485,0.7164179104477612
rxn:2:70798:145452,CC(C)c1csc2ncc(CCNC(C)c3ccc(-c4ccc5cc[nH]c(=O)c5c4)s3)n12,0.114710358902812,0.8428571428571429
rxn:2:138177:147854,CCC(C)c1cc(CNC(C)c2ccc(-c3ccc4c(c3)c(C)nn4C)s2)no1,0.11470349903764396,0.7164179104477612
rxn:2:95477:145452,CCc1cc(C)nc(CCNC(C)c2ccc(-c3ccc4cc[nH]c(=O)c4c3)s2)n1,0.11464622020721435,0.704225352112676
rxn:2:141979:148983,Cc1c[nH]c2cc(CNC(C)c3ccc(-c4ccc5o[nH]c(=O)c5c4)s3)ccc12,0.11460607216275971,0.7272727272727273
rxn:2:101994:145209,Cc1cc(-c2ccc(C(C)NCc3csc(C(C)(F)F)n3)s2)cc2cnn(C)c12,0.11440411518360007,0.8688524590163934
rxn:2:126566:148983,CCCc1ncc(CNC(C)c2ccc(-c3ccc4o[nH]c(=O)c4c3)s2)s1,0.11437928235089337,0.7777777777777778
rxn:2:91814:145209,Cc1cc(-c2ccc(C(C)NCc3nc(C(C)C)ns3)s2)cc2cnn(C)c12,0.11426871376378196,0.7419354838709677
rxn:2:122532:158710,Cc1nc(CNC(C)c2ccc(-c3ccnc4[nH]cc(C)c34)s2)sc1C(C)(F)F,0.11338425299216962,0.75
rxn:2:129331:158710,Cc1nc(CCNC(C)c2ccc(-c3ccnc4[nH]cc(C)c34)s2)cs1,0.11333041007702167,0.7424242424242424
rxn:2:93685:147854,CCC(C)c1nc(CNC(C)c2ccc(-c3ccc4c(c3)c(C)nn4C)s2)co1,0.11324389227505388,0.7205882352941176
rxn:2:102433:149983,COc1cnc2[nH]cc(-c3ccc(C(C)NCCc4cc(C5CC5)n(C)n4)s3)c2c1,0.1131883422533671,0.8676470588235294
rxn:2:87285:145209,Cc1cc(-c2ccc(C(C)NCc3nc4c(s3)COCC4)s2)cc2cnn(C)c12,0.11316353288190119,0.7794117647058824
rxn:2:71886:156548,COc1cccc2[nH]cc(CCNC(C)c3ccc(-c4cccc5nsnc45)s3)c12,0.11314491232236226,0.8484848484848485
rxn:2:119262:165909,CSc1ncc(-c2ccc(C(C)NCc3nc(C(C)C)c(C)s3)s2)c2nncn12,0.11296692387811069,0.7611940298507462
rxn:2:70758:145209,Cc1cc(-c2ccc(C(C)NCCc3noc(-c4ccc[nH]4)n3)s2)cc2cnn(C)c12,0.11290487550920056,0.7671232876712328
rxn:2:103485:161792,COc1cccc2c(CNC(C)c3ccc(-c4cc5c(=O)nc[nH]c5s4)cn3)c[nH]c12,0.11288446572519117,0.8059701492537313
rxn:2:101348:93947,COc1c(C)ncnc1N1CC2C(CNC(C)CCc3c[nH]c4c(C)cccc34)C2C1,0.11288371393757482,0.5789473684210527
rxn:2:132953:145209,Cc1cc(-c2ccc(C(C)NCc3cn(C)nc3C3CC3)s2)cc2cnn(C)c12,0.11283029770029002,0.7536231884057971
rxn:2:164524:157652,CCc1nn(-c2ccnc(C3CC3)c2)cc1CNC(C)c1ccc(-c2ncnc3ccn(C)c23)s1,0.11273048434938704,0.775
rxn:2:138947:151299,Cc1c(-c2ccc(C(C)NCc3cn4c(n3)CCCC4C)s2)ccc2nccn12,0.11272616633053484,0.7464788732394366
rxn:2:103609:149983,COc1cnc2[nH]cc(-c3ccc(C(C)NCc4cc(C(C)(C)C)nc(C)n4)s3)c2c1,0.11267706271140807,0.7878787878787878
rxn:2:104861:145209,Cc1cc(-c2ccc(C(C)NCc3cn[nH]c3CC3CC3)s2)cc2cnn(C)c12,0.11265797861691179,0.8059701492537313
rxn:2:125192:145209,Cc1cc(-c2ccc(C(C)NCCc3nc(C(C)C)[nH]c3-c3cc[nH]c3)s2)cc2cnn(C)c12,0.1126284914858201,0.7066666666666667
rxn:2:127301:145452,CC(C)c1cc(CNC(C)c2ccc(-c3ccc4cc[nH]c(=O)c4c3)s2)nn1C1CC1,0.11256770933828046,0.8115942028985508
rxn:2:156650:157753,CCc1nn(-c2cc(C3CC3)ccn2)cc1CNC(C)c1ccc(-c2ncnc3[nH]cc(CC)c23)s1,0.11256369948387146,0.7108433734939759
rxn:2:136201:165126,CCOc1cccc2[nH]cc(CCNC(C)c3ccc(-c4ccnc5[nH]ncc45)s3)c12,0.11250013305294898,0.7808219178082192
rxn:2:159695:157652,CCc1nn(-c2ccnc(C(C)C)c2)cc1CNC(C)c1ccc(-c2ncnc3ccn(C)c23)s1,0.1124386021069118,0.717948717948718
rxn:2:102132:145452,CSc1cc(C)[nH]c(=O)c1CNC(C)c1ccc(-c2ccc3cc[nH]c(=O)c3c2)s1,0.1124375343322754,0.7575757575757576
rxn:2:93632:145452,CC(NCc1nc2c(s1)CSCC2)c1ccc(-c2ccc3cc[nH]c(=O)c3c2)s1,0.11239590315983214,0.7910447761194029
rxn:2:82083:147854,Cc1nc(CNC(C)c2ccc(-c3ccc4c(c3)c(C)nn4C)s2)cc(CC2CC2)n1,0.11232328030370897,0.7936507936507936
rxn:2:143954:145452,Cc1nc(C2CCC2)cc2nc(CCNC(C)c3ccc(-c4ccc5cc[nH]c(=O)c5c4)s3)cn12,0.11229844093322754,0.7341772151898734
rxn:2:112263:161792,CC(NCc1cc2c(s1)CCOC2)c1ccc(-c2cc3c(=O)nc[nH]c3s2)cn1,0.11223824270840349,0.8153846153846154
rxn:2:99816:169604,Cc1ccnc(CCNC(C)c2ccc(-c3ccc4ncsc4c3)s2)c1C1CC1,0.1121876753609756,0.7846153846153846
rxn:2:131011:164117,Cc1cc(C)c2nc(CNC(C)c3ccc(-c4cc5c(cn4)ncn5C)s3)[nH]c2n1,0.11207077900568645,0.7761194029850746
rxn:2:92853:145452,Cc1nc(CCNC(C)c2ccc(-c3ccc4cc[nH]c(=O)c4c3)s2)n2c1CCCC2,0.11197140909010364,0.7916666666666666
rxn:2:117156:145209,COc1ccc(CNC(C)c2ccc(-c3cc(C)c4c(cnn4C)c3)s2)cc1C(C)C,0.11181045347644437,0.7352941176470589
rxn:2:164058:145452,CC(NCCc1c[nH]c2ccc3c(c12)OCCO3)c1ccc(-c2ccc3cc[nH]c(=O)c3c2)s1,0.11180842974606682,0.7341772151898734
rxn:2:92455:158710,Cc1c[nH]c2nccc(-c3ccc(C(C)Nc4nnc(-c5cc(C6CC6)n(C)n5)s4)s3)c12,0.11178591474890709,0.7162162162162162
rxn:2:132237:145209,Cc1cc(-c2ccc(C(C)NCCc3[nH]nc4c3CN(C)C4)s2)cc2cnn(C)c12,0.11173007488250733,0.8235294117647058
rxn:2:85085:151299,Cc1nc(CNC(C)c2ccc(-c3ccc4nccn4c3C)s2)sc1C(C)F,0.11171051008360726,0.7540983606557377
rxn:2:139546:145452,CC(NCc1cc2ccccc2s1)c1ccc(-c2ccc3cc[nH]c(=O)c3c2)s1,0.11170661449432373,0.7833333333333333
rxn:2:107361:148983,CCc1nn2cc(CNC(C)c3ccc(-c4ccc5o[nH]c(=O)c5c4)s3)nc2s1,0.11165479544935555,0.7142857142857143
rxn:2:76423:147854,CCC(C)c1cc(CNC(C)c2ccc(-c3ccc4c(c3)c(C)nn4C)s2)nc(C2CC2)n1,0.11164569854736328,0.8235294117647058
rxn:2:114914:170874,Cc1cc(C)c2nc(CNC(C)c3ccc(-c4cc(C)c5ncccc5c4)s3)cn2c1,0.11163560036690004,0.8307692307692308
rxn:2:94990:164117,COc1ccc2c(CNC(C)c3ccc(-c4cc5c(cn4)ncn5C)s3)c[nH]c2n1,0.11161811153093974,0.7083333333333334
rxn:2:73208:169604,CC(NCc1cn2c(C(C)(C)C)csc2n1)c1ccc(-c2ccc3ncsc3c2)s1,0.11159482995669047,0.8095238095238095
rxn:2:74698:147854,Cc1nn(C)c2ccc(-c3ccc(C(C)NCc4cc(C(C)C)nc(C5CC5)n4)s3)cc12,0.11159362457692623,0.8461538461538461
rxn:2:87679:145452,CC(NCc1nc(C2CCCCC2)no1)c1ccc(-c2ccc3cc[nH]c(=O)c3c2)s1,0.11157628605442663,0.7464788732394366
rxn:2:69203:169604,CC(NCCc1nccc2cc[nH]c12)c1ccc(-c2ccc3ncsc3c2)s1,0.11157306177275521,0.8125
rxn:2:102789:145452,CCc1cnc(CNC(C)c2ccc(-c3ccc4cc[nH]c(=O)c4c3)s2)s1,0.11150550400769269,0.8666666666666667
rxn:2:121718:147854,CCn1nc(CNC(C)c2ccc(-c3ccc4c(c3)c(C)nn4C)s2)cc1CC1CC1,0.11146237388733894,0.7878787878787878
rxn:2:85085:161792,Cc1nc(CNC(C)c2ccc(-c3cc4c(=O)nc[nH]c4s3)cn2)sc1C(C)F,0.11140520408235748,0.7692307692307693
rxn:2:94990:147854,COc1ccc2c(CNC(C)c3ccc(-c4ccc5c(c4)c(C)nn5C)s3)c[nH]c2n1,0.11138304971879529,0.7222222222222222
rxn:2:120768:158710,Cc1c[nH]c2nccc(-c3ccc(C(C)NCCc4cn(C)c(C)n4)s3)c12,0.11135510382828889,0.7384615384615385
rxn:2:102132:157753,CCc1c[nH]c2ncnc(-c3ccc(C(C)NCc4c(SC)cc(C)[nH]c4=O)s3)c12,0.11131511131922404,0.7101449275362319
rxn:2:113981:157403,COc1cncnc1-c1ccc(C(C)Nc2nc(OCC3CC3)c3[nH]cnc3n2)s1,0.11129163106282552,0.803030303030303
rxn:2:93935:148983,Cc1cccc2c(CNC(C)c3ccc(-c4ccc5o[nH]c(=O)c5c4)s3)c[nH]c12,0.1112721665152188,0.8412698412698413
rxn:2:91058:157753,CCc1c[nH]c2ncnc(-c3ccc(C(C)NCc4ccc(C5CC5)[nH]c4=O)s3)c12,0.11118502418200175,0.7083333333333334
rxn:2:131401:145452,CCc1nc(CCNC(C)c2ccc(-c3ccc4cc[nH]c(=O)c4c3)s2)c2ccccn12,0.11116661317646503,0.8405797101449275
rxn:2:91058:158710,Cc1c[nH]c2nccc(-c3ccc(C(C)NCc4ccc(C5CC5)[nH]c4=O)s3)c12,0.11115553050205626,0.7058823529411765
rxn:2:117291:148983,CC(NCc1cc(-c2ccco2)n(C)n1)c1ccc(-c2ccc3o[nH]c(=O)c3c2)s1,0.11113632718722026,0.7534246575342466
rxn:2:108915:145209,CSc1nc(C)c(CCNC(C)c2ccc(-c3cc(C)c4c(cnn4C)c3)s2)s1,0.11111941830865268,0.7164179104477612
rxn:2:117330:170874,Cc1cc(-c2ccc(C(C)NCc3ccc4c(n3)CCCC4)s2)cc2cccnc12,0.1110498547554016,0.746268656716418
rxn:2:138792:158710,Cc1c[nH]c2nccc(-c3ccc(C(C)NCc4cn(CC5CC5)c(=O)[nH]c4=O)s3)c12,0.11088838692634337,0.7567567567567568
rxn:2:136710:164117,CCc1nc(CNC(C)c2ccc(-c3cc4c(cn3)ncn4C)s2)ccc1OC1CC1,0.11086551989278486,0.8088235294117647
rxn:2:80018:149983,CCc1cc(CNC(C)c2ccc(-c3c[nH]c4ncc(OC)cc34)s2)nc(C2CC2)n1,0.11086057847545992,0.8636363636363636
rxn:2:91917:158710,Cc1c[nH]c2nccc(-c3ccc(C(C)NCCc4nc(C5CC5)nn4C)s3)c12,0.11085777858207965,0.7323943661971831
rxn:2:108627:145452,Cc1cccc2[nH]cc(CNC(C)c3ccc(-c4ccc5cc[nH]c(=O)c5c4)s3)c12,0.11083990732828776,0.8461538461538461
rxn:2:68352:145452,CC(NCc1cnc(C(C)(C)C)s1)c1ccc(-c2ccc3cc[nH]c(=O)c3c2)s1,0.11082742543056093,0.7777777777777778
rxn:2:73208:145209,Cc1cc(-c2ccc(C(C)NCc3cn4c(C(C)(C)C)csc4n3)s2)cc2cnn(C)c12,0.11080128699541092,0.8181818181818182
rxn:2:123429:164117,Cc1cc2c(C)c[nH]c2cc1CNC(C)c1ccc(-c2cc3c(cn2)ncn3C)s1,0.11078168153762817,0.7
rxn:2:74698:164117,CC(C)c1cc(CNC(C)c2ccc(-c3cc4c(cn3)ncn4C)s2)nc(C2CC2)n1,0.11072393002048615,0.84375
rxn:2:88800:155002,Cc1ccc(-c2ccc(C(C)NCCc3n[nH]c4cccc(C)c34)s2)c2cn[nH]c12,0.11070606311162313,0.8307692307692308
rxn:2:164058:161792,CC(NCCc1c[nH]c2ccc3c(c12)OCCO3)c1ccc(-c2cc3c(=O)nc[nH]c3s2)cn1,0.11067743511760936,0.7051282051282052
rxn:2:101965:147854,Cc1c(CNC(C)c2ccc(-c3ccc4c(c3)c(C)nn4C)s2)cnc2c1CCCC2,0.11065906286239624,0.8115942028985508
rxn:2:107361:145452,CCc1nn2cc(CNC(C)c3ccc(-c4ccc5cc[nH]c(=O)c5c4)s3)nc2s1,0.11063348849614461,0.7183098591549296
rxn:2:85733:158710,Cc1c[nH]c2nccc(-c3ccc(C(C)Nc4cc(-c5cn(C)cn5)[nH]n4)s3)c12,0.11062301232897002,0.7846153846153846
rxn:2:93375:145452,CC(NCc1ncc(-c2cccs2)o1)c1ccc(-c2ccc3cc[nH]c(=O)c3c2)s1,0.11056593259175619,0.7464788732394366
rxn:2:136201:151299,CCOc1cccc2[nH]cc(CCNC(C)c3ccc(-c4ccc5nccn5c4C)s3)c12,0.11053771339356899,0.8695652173913043
rxn:2:132839:145209,Cc1cc(-c2ccc(C(C)NCc3csc(Cc4ccc(C(C)C)cc4)n3)s2)cc2cnn(C)c12,0.1105306761605399,0.7575757575757576
rxn:2:90792:169604,CC(NCc1cc(C2CC2)n(C2CC2)n1)c1ccc(-c2ccc3ncsc3c2)s1,0.11051926941707216,0.8253968253968254
rxn:2:110303:145452,CC(NCc1ccn(C(C)C)n1)c1ccc(-c2ccc3cc[nH]c(=O)c3c2)s1,0.11049756833485194,0.7076923076923077
rxn:2:104861:158710,Cc1c[nH]c2nccc(-c3ccc(C(C)NCc4cn[nH]c4CC4CC4)s3)c12,0.11047854168074471,0.7761194029850746
rxn:2:85085:173019,CC(=O)n1cc(-c2ccc(C(C)NCc3nc(C)c(C(C)F)s3)s2)c2ccccc21,0.1104414423306783,0.7727272727272727
rxn:2:74698:149983,COc1cnc2[nH]cc(-c3ccc(C(C)NCc4cc(C(C)C)nc(C5CC5)n4)s3)c2c1,0.11043180339038372,0.8695652173913043
rxn:2:123016:151299,Cc1c(-c2ccc(C(C)NCCc3c[nH]nc3C(C)C)s2)ccc2nccn12,0.11037869538579669,0.7575757575757576
rxn:2:89882:145452,CC(C)c1cncc(CNC(C)c2ccc(-c3ccc4cc[nH]c(=O)c4c3)s2)c1,0.11037545779655719,0.8095238095238095
rxn:2:75661:158710,Cc1c[nH]c2nccc(-c3ccc(C(C)NCc4ccnc(C(C)C)n4)s3)c12,0.11035616057259696,0.7758620689655172
rxn:2:110360:119339,CCC(Nn1c(=O)[nH][nH]c1=O)c1ccc(-c2cc[nH]c2)s1,0.11033919027873448,0.717391304347826
rxn:2:77609:145452,CCc1cccc2oc(CNC(C)c3ccc(-c4ccc5cc[nH]c(=O)c5c4)s3)nc12,0.11033844563268846,0.7323943661971831
rxn:2:100752:158710,Cc1c[nH]c2nccc(-c3ccc(C(C)NCc4nc(C(C)(C)C)c[nH]4)s3)c12,0.11033676990440913,0.7377049180327869
rxn:2:124807:151299,Cc1ccc2nc(CNC(C)c3ccc(-c4ccc5nccn5c4C)s3)cn2c1,0.11031734532323377,0.7903225806451613
rxn:2:78638:158710,Cc1c[nH]c2nccc(-c3ccc(C(C)Nc4c(-c5cccs5)c(C(C)C)nn4C)s3)c12,0.11031548865139484,0.859375
rxn:2:80613:107408,CC(NCc1c[nH]ncc1=O)c1ccc(-c2ccsc2)s1,0.11031480346407209,0.7142857142857143
rxn:2:136710:157854,CCc1nc(CNC(C)c2ncc(-c3ccc4c(cnn4CC)c3)s2)ccc1OC1CC1,0.11026865243911743,0.7671232876712328
rxn:2:91993:157403,COc1cncnc1-c1ccc(C(C)Nc2nc(SC)c3[nH]cnc3n2)s1,0.11021938809642086,0.8064516129032258
rxn:2:87065:158710,CCCc1n[nH]cc1CCNC(C)c1ccc(-c2ccnc3[nH]cc(C)c23)s1,0.11017560958862305,0.7777777777777778
rxn:2:99816:149880,Cc1ccnc(CCNC(C)c2ccc(-c3ccc4n[nH]c(=O)n4n3)s2)c1C1CC1,0.11016904513041179,0.7464788732394366
rxn:2:110424:157753,CCc1c[nH]c2ncnc(-c3ccc(C(C)NCc4cc(-c5ccc[nH]5)n[nH]4)s3)c12,0.1101539413134257,0.7297297297297297
rxn:2:133855:158710,Cc1c[nH]c2nccc(-c3ccc(C(C)NCCc4nc[nH]c4C(C)C)s3)c12,0.11014386160033089,0.7868852459016393
rxn:2:101490:169604,CC(NCc1cn2c3c(sc2n1)CCC3)c1ccc(-c2ccc3ncsc3c2)s1,0.11011822059236724,0.7941176470588235
rxn:2:120009:145452,COC(C)c1nc(CNC(C)c2ccc(-c3ccc4cc[nH]c(=O)c4c3)s2)cs1,0.11010151279383693,0.8524590163934426
rxn:2:105957:145452,COc1cncc2[nH]cc(CCNC(C)c3ccc(-c4ccc5cc[nH]c(=O)c5c4)s3)c12,0.1100798025727272,0.8055555555555556
rxn:2:164058:148983,CC(NCCc1c[nH]c2ccc3c(c12)OCCO3)c1ccc(-c2ccc3o[nH]c(=O)c3c2)s1,0.11004000360315497,0.7397260273972602
rxn:2:73520:145209,Cc1cc(-c2ccc(C(C)NCc3ccc4c(c3)CCN4C)s2)cc2cnn(C)c12,0.10994776884714762,0.7941176470588235
rxn:2:137383:148983,Cc1cc(C)c2oc(CNC(C)c3ccc(-c4ccc5o[nH]c(=O)c5c4)s3)cc2c1,0.10990500450134277,0.8032786885245902
rxn:2:131011:157753,CCc1c[nH]c2ncnc(-c3ccc(C(C)NCc4nc5c(C)cc(C)nc5[nH]4)s3)c12,0.10988698467131584,0.782608695652174
rxn:2:127844:145452,CCN1CCc2ccc(CNC(C)c3ccc(-c4ccc5cc[nH]c(=O)c5c4)s3)cc21,0.10986911865972704,0.7464788732394366
rxn:2:131345:147854,Cc1cc(CNC(C)c2ccc(-c3ccc4c(c3)c(C)nn4C)s2)nc(C2CC2)n1,0.109771728515625,0.873015873015873
rxn:2:88800:151299,Cc1cccc2[nH]nc(CCNC(C)c3ccc(-c4ccc5nccn5c4C)s3)c12,0.1097152590751648,0.7391304347826086
rxn:2:127741:170874,CCCc1cc(CNC(C)c2ccc(-c3cc(C)c4ncccc4c3)s2)nn1CC,0.10970937212308247,0.84375
rxn:2:139209:172841,CC(Nc1n[nH]c(=O)[nH]1)c1cc(-c2ccc3sccc3c2)cs1,0.10969762698463771,0.8461538461538461
rxn:2:116442:157753,CCc1c[nH]c2ncnc(-c3ccc(C(C)Nc4cc(-c5ncccn5)[nH]n4)s3)c12,0.10969320138295492,0.7611940298507462
rxn:2:114914:165126,Cc1cc(C)c2nc(CNC(C)c3ccc(-c4ccnc5[nH]ncc45)s3)cn2c1,0.10965152444510624,0.7761194029850746
rxn:2:110667:158710,Cc1c[nH]c2nccc(-c3ccc(C(C)NCc4nnc5cc6c(nn45)CCC6)s3)c12,0.10962645276900261,0.6756756756756757
rxn:2:138881:145452,Cc1csc2nc(CNC(C)c3ccc(-c4ccc5cc[nH]c(=O)c5c4)s3)cn12,0.10954735196869948,0.8636363636363636
rxn:2:114693:158710,Cc1c[nH]c2nccc(-c3ccc(C(C)NCc4cn5nc(C6CC6)ccc5n4)s3)c12,0.10954511742438039,0.7066666666666667
rxn:2:83658:157753,CCc1c[nH]c2ncnc(-c3ccc(C(C)Nc4cc(-c5cn(C)c(C)n5)n[nH]4)s3)c12,0.10947978496551514,0.75
rxn:2:72956:158710,CCCOc1cc(CNC(C)c2ccc(-c3ccnc4[nH]cc(C)c34)s2)nn1C,0.10945910831977582,0.7
rxn:2:114630:145209,Cc1cc(-c2ccc(C(C)NCc3c[nH]nc3C3CCOC3)s2)cc2cnn(C)c12,0.10944263537724813,0.8428571428571429
rxn:2:67716:145209,CCc1cc(CNC(C)c2ccc(-c3cc(C)c4c(cnn4C)c3)s2)nn1C(C)C,0.10944223403930664,0.7910447761194029
rxn:2:70348:145452,CC(NCCc1cn2c(n1)SCC2)c1ccc(-c2ccc3cc[nH]c(=O)c3c2)s1,0.10942587153664951,0.8507462686567164
rxn:2:81768:151299,CCc1nc(CNC(C)c2ccc(-c3ccc4nccn4c3C)s2)ccc1OC,0.10940534904085357,0.75
rxn:2:123961:161792,Cc1cccc2[nH]cc(CCNC(C)c3ccc(-c4cc5c(=O)nc[nH]c5s4)cn3)c12,0.10936189466907133,0.8235294117647058
rxn:2:105957:149983,COc1cnc2[nH]cc(-c3ccc(C(C)NCCc4c[nH]c5cncc(OC)c45)s3)c2c1,0.10933339782059193,0.8382352941176471
rxn:2:70967:169604,Cc1cnc2[nH]cc(CNC(C)c3ccc(-c4ccc5ncsc5c4)s3)c2n1,0.10919508337974548,0.8153846153846154
rxn:2:148985:157652,CCc1nn(-c2cc(C)c(C)cn2)cc1CNC(C)c1ccc(-c2ncnc3ccn(C)c23)s1,0.10915769198361565,0.7341772151898734
rxn:2:110138:169604,CC(NCc1cc(-c2cnccn2)n[nH]1)c1ccc(-c2ccc3ncsc3c2)s1,0.10914299816920839,0.7205882352941176
rxn:2:93081:147455,COc1cccc2c(CCC(C)NC3CCN(c4ncnc5c4CCC5)C3)c[nH]c12,0.10912851691246032,0.8028169014084507
rxn:2:137463:145209,Cc1cc(-c2ccc(C(C)NCc3ccc(C(C)(C)C)[nH]3)s2)cc2cnn(C)c12,0.10912197622759588,0.7777777777777778
rxn:2:105035:145209,Cc1cc(-c2ccc(C(C)NCc3ccc4c(c3)CCCN4C)s2)cc2cnn(C)c12,0.10909119344526721,0.8787878787878788
rxn:2:129331:148983,Cc1nc(CCNC(C)c2ccc(-c3ccc4o[nH]c(=O)c4c3)s2)cs1,0.10907597725207989,0.7230769230769231
rxn:2:127301:169604,CC(C)c1cc(CNC(C)c2ccc(-c3ccc4ncsc4c3)s2)nn1C1CC1,0.10906732287900202,0.8307692307692308
rxn:2:108627:148983,Cc1cccc2[nH]cc(CNC(C)c3ccc(-c4ccc5o[nH]c(=O)c5c4)s3)c12,0.10903675391756255,0.8461538461538461
rxn:2:124759:148983,Cc1cc(CNC(C)c2ccc(-c3ccc4o[nH]c(=O)c4c3)s2)nc(C2CC2)c1,0.10902434176412122,0.8307692307692308
rxn:2:127301:158710,Cc1c[nH]c2nccc(-c3ccc(C(C)NCc4cc(C(C)C)n(C5CC5)n4)s3)c12,0.10901588996251424,0.8059701492537313
rxn:2:88764:157753,CCc1c[nH]c2ncnc(-c3ccc(C(C)Nc4cc(-c5cccc(SC)c5)[nH]n4)s3)c12,0.1089848093688488,0.7333333333333333
rxn:2:91814:173019,CC(=O)n1cc(-c2ccc(C(C)NCc3nc(C(C)C)ns3)s2)c2ccccc21,0.10898140381122458,0.7384615384615385
rxn:2:80329:170874,Cc1nc(CNC(C)c2ccc(-c3cc(C)c4ncccc4c3)s2)cc(C(C)C)n1,0.10896759629249572,0.7142857142857143
rxn:2:136710:168965,CCc1nc(CNC(C)c2ccc(-c3cccc(-c4cnco4)c3)s2)ccc1OC1CC1,0.10895493999123573,0.7066666666666667
rxn:2:159695:168163,CCc1nn(-c2ccnc(C(C)C)c2)cc1CNC(C)c1ccc(-c2ncncc2C)s1,0.10895349644124508,0.8169014084507042
rxn:2:93935:164117,Cc1cccc2c(CNC(C)c3ccc(-c4cc5c(cn4)ncn5C)s3)c[nH]c12,0.1089181817811111,0.8461538461538461
rxn:2:121898:158710,Cc1cccc2c(CCNC(C)c3ccc(-c4ccnc5[nH]cc(C)c45)s3)n[nH]c12,0.10890782276789347,0.7692307692307693
rxn:2:111860:158710,Cc1cc(CNC(C)c2ccc(-c3ccnc4[nH]cc(C)c34)s2)cc(C2CC2)n1,0.10888341377521384,0.7846153846153846
rxn:2:84866:157652,CC(NCCc1cc(-c2ccc[nH]2)n(C)n1)c1ccc(-c2ncnc3ccn(C)c23)s1,0.10888279830255816,0.7027027027027027
rxn:2:156650:117529,CCc1nn(-c2cc(C3CC3)ccn2)cc1CNC(C)c1ccc(-c2nc[nH]c2C)s1,0.10882446650535829,0.7088607594936709
rxn:2:143954:147854,Cc1nn(C)c2ccc(-c3ccc(C(C)NCCc4cn5c(C)nc(C6CCC6)cc5n4)s3)cc12,0.10881435019629342,0.7466666666666667
rxn:2:104560:158710,Cc1c[nH]c2nccc(-c3ccc(C(C)Nc4ncc(-c5cccnc5)[nH]4)s3)c12,0.10879971035595598,0.8333333333333334
rxn:2:117329:164117,CC(NCc1cc(C2CCCC2)on1)c1ccc(-c2cc3c(cn2)ncn3C)s1,0.10879087242586859,0.7727272727272727
rxn:2:141979:164117,Cc1c[nH]c2cc(CNC(C)c3ccc(-c4cc5c(cn4)ncn5C)s3)ccc12,0.10878831764747357,0.8307692307692308
rxn:2:119262:151299,Cc1sc(CNC(C)c2ccc(-c3ccc4nccn4c3C)s2)nc1C(C)C,0.1087870682988848,0.7213114754098361
rxn:2:72307:145452,CCOC(C)c1nc(CNC(C)c2ccc(-c3ccc4cc[nH]c(=O)c4c3)s2)cs1,0.10878682732582093,0.8253968253968254
rxn:2:109584:151299,Cc1cc(C)c2c(CCNC(C)c3ccc(-c4ccc5nccn5c4C)s3)c[nH]c2c1,0.10874656708009782,0.8059701492537313
rxn:2:79714:145209,Cc1cc(-c2ccc(C(C)NCc3noc(C(C)n4cccc4)n3)s2)cc2cnn(C)c12,0.10869281366467476,0.8153846153846154
rxn:2:141710:148983,CC(NCc1nc2c(s1)CCCC2)c1ccc(-c2ccc3o[nH]c(=O)c3c2)s1,0.10866520873137883,0.803030303030303
rxn:2:100405:145209,Cc1cc(-c2ccc(C(C)NCc3c[nH]c4ccccc34)s2)cc2cnn(C)c12,0.10864552341658494,0.8307692307692308
rxn:2:77576:145452,CC(NCc1cc(C2CC2)ccn1)c1ccc(-c2ccc3cc[nH]c(=O)c3c2)s1,0.10862216456183071,0.7246376811594203
rxn:2:127301:164117,CC(C)c1cc(CNC(C)c2ccc(-c3cc4c(cn3)ncn4C)s2)nn1C1CC1,0.1086130162080129,0.803030303030303
rxn:2:110918:145452,CC(NCc1ccc(C2CC2)cc1)c1ccc(-c2ccc3cc[nH]c(=O)c3c2)s1,0.10859994436132497,0.8035714285714286
rxn:2:105957:157804,COc1ccc2ncnc(-c3ccc(C(C)NCCc4c[nH]c5cncc(OC)c45)s3)c2c1,0.10859110499873306,0.7466666666666667
rxn:2:136916:145452,CCn1cc(CNC(C)c2ccc(-c3ccc4cc[nH]c(=O)c4c3)s2)ccc1=O,0.10854080627704489,0.7627118644067796
rxn:2:124759:145452,Cc1cc(CNC(C)c2ccc(-c3ccc4cc[nH]c(=O)c4c3)s2)nc(C2CC2)c1,0.10853402813275655,0.8307692307692308
rxn:2:66560:145452,COc1ccc2c(CNC(C)c3ccc(-c4ccc5cc[nH]c(=O)c5c4)s3)c[nH]c2c1,0.10852862173511137,0.75
rxn:2:128429:145452,CC(NCc1ccc2c(c1)N(C)CCC2)c1ccc(-c2ccc3cc[nH]c(=O)c3c2)s1,0.10851215162584858,0.71875
rxn:2:140211:145209,Cc1cc(-c2ccc(C(C)NCc3ccc(C)n(C)c3=O)s2)cc2cnn(C)c12,0.10850774214185517,0.746268656716418
rxn:2:126914:145452,CC(C)c1nc(CNC(C)c2ccc(-c3ccc4cc[nH]c(=O)c4c3)s2)c[nH]1,0.10849017330578395,0.8
rxn:2:124759:151299,Cc1cc(CNC(C)c2ccc(-c3ccc4nccn4c3C)s2)nc(C2CC2)c1,0.10841797549149086,0.746268656716418
rxn:2:103715:158710,Cc1ccc2nc(CNC(C)c3ccc(-c4ccnc5[nH]cc(C)c45)s3)cn2n1,0.10836950047262783,0.7538461538461538
rxn:2:91925:145209,CSc1cnc(CNC(C)c2ccc(-c3cc(C)c4c(cnn4C)c3)s2)cc1C,0.10836823233242693,0.7741935483870968
rxn:2:139839:159258,COc1sc(C2CC2)cc1CNC(C)c1ncc(-c2ccc3ncsc3c2)s1,0.10835622038160052,0.6714285714285714
rxn:2:123429:148983,Cc1cc2c(C)c[nH]c2cc1CNC(C)c1ccc(-c2ccc3o[nH]c(=O)c3c2)s1,0.10835427443186442,0.7272727272727273
rxn:2:99816:142273,Cc1ccnc(CCNC(C)c2ccc(-c3cnc(N(C)C)s3)s2)c1C1CC1,0.10834152357918876,0.581081081081081
rxn:2:136201:164117,CCOc1cccc2[nH]cc(CCNC(C)c3ccc(-c4cc5c(cn4)ncn5C)s3)c12,0.10834022797644138,0.8695652173913043
rxn:2:114914:144913,Cc1cc(C)c2nc(CNC(C)c3ccc(-c4ccc5ncc(=O)n(C)c5c4)s3)cn2c1,0.10833347961306572,0.8142857142857143
rxn:2:122303:145209,Cc1coc2ccc(CNC(C)c3ccc(-c4cc(C)c5c(cnn5C)c4)s3)cc12,0.1082961400349935,0.734375
rxn:2:126566:173019,CCCc1ncc(CNC(C)c2ccc(-c3cn(C(C)=O)c4ccccc34)s2)s1,0.10829130945534542,0.684931506849315
rxn:2:134313:169604,CC(NCc1cc2c(s1)CSCC2)c1ccc(-c2ccc3ncsc3c2)s1,0.10825737758919045,0.7903225806451613
rxn:2:101994:145452,CC(NCc1csc(C(C)(F)F)n1)c1ccc(-c2ccc3cc[nH]c(=O)c3c2)s1,0.1082472143502071,0.765625
rxn:2:135017:156548,CC(NCc1cnc(-n2cccn2)s1)c1ccc(-c2cccc3nsnc23)s1,0.10822747009141105,0.676923076923077
rxn:2:109235:165909,CCC(CC)c1cc(CNC(C)c2ccc(-c3cnc(SC)n4cnnc34)s2)nc(C)n1,0.10820313915610313,0.8805970149253731
rxn:2:88321:145452,Cc1nc(CNC(C)c2ccc(-c3ccc4cc[nH]c(=O)c4c3)s2)cc(C2CC2)n1,0.10818761785825094,0.84375
rxn:2:76394:145209,Cc1cc(-c2ccc(C(C)NCc3cc4n(n3)CCCC4)s2)cc2cnn(C)c12,0.10817844292213177,0.7941176470588235
rxn:2:117330:145452,CC(NCc1ccc2c(n1)CCCC2)c1ccc(-c2ccc3cc[nH]c(=O)c3c2)s1,0.1081747571627299,0.7285714285714285
rxn:2:71886:157804,COc1ccc2ncnc(-c3ccc(C(C)NCCc4c[nH]c5cccc(OC)c45)s3)c2c1,0.10817138353983562,0.8571428571428571
rxn:2:97294:145452,CC(NCc1nn(C2CC2)c2c1C1CC1C2)c1ccc(-c2ccc3cc[nH]c(=O)c3c2)s1,0.10816316492855549,0.6582278481012658
rxn:2:101490:147854,Cc1nn(C)c2ccc(-c3ccc(C(C)NCc4cn5c6c(sc5n4)CCC6)s3)cc12,0.10813530798881285,0.7391304347826086
rxn:2:114914:166574,Cc1cc(C)c2nc(CNC(C)c3ncc(-c4ccc5nccnc5c4)s3)cn2c1,0.10812869270642599,0.765625
rxn:2:108529:169340,CC(Nc1nc2cnncc2[nH]1)c1ccc(-c2cc3ccccc3s2)s1,0.10812658071517944,0.7321428571428571
rxn:2:84924:145209,COCc1[nH]nnc1CNC(C)c1ccc(-c2cc(C)c3c(cnn3C)c2)s1,0.10812487772532872,0.7536231884057971
rxn:2:113708:157753,CCc1c[nH]c2ncnc(-c3ccc(C(C)Nc4cc(-c5nccs5)no4)s3)c12,0.10811781883239746,0.7058823529411765
rxn:2:109796:157188,COc1c(-c2ccc(C(C)Nc3nc4c(o3)CCN(CC3CCCC3)C4)s2)ccnc1C,0.10810961201786995,0.725
rxn:2:79461:133432,COc1csc(-c2csc(C(C)NCc3c[nH][nH]c3=O)c2)c1,0.10810000246221368,0.7037037037037037
rxn:2:138177:149983,CCC(C)c1cc(CNC(C)c2ccc(-c3c[nH]c4ncc(OC)cc34)s2)no1,0.1080991687445805,0.7285714285714285
rxn:2:111512:147854,Cc1nn(C)c2ccc(-c3ccc(C(C)NCc4nc5c(s4)CCCC5(C)C)s3)cc12,0.10809780128540532,0.726027397260274
rxn:2:96205:85686,CC(C)CS(=O)(=O)c1nnc(NC(C)c2csc(-c3cccs3)c2)[nH]1,0.10808077096939087,0.7413793103448276
rxn:2:90533:145209,COc1cc(C)ccc1-c1cc(CNC(C)c2ccc(-c3cc(C)c4c(cnn4C)c3)s2)n[nH]1,0.10807521553600535,0.7323943661971831
rxn:2:127301:166336,COc1cn[nH]c(=O)c1-c1ccc(C(C)NCc2cc(C(C)C)n(C3CC3)n2)s1,0.10807362096063022,0.8088235294117647
rxn:2:111568:87143,CC(CCc1cnsc1)Nc1nc(S(C)(=O)=O)n[nH]1,0.10806285393865485,0.5961538461538461
rxn:2:123016:147854,Cc1nn(C)c2ccc(-c3ccc(C(C)NCCc4c[nH]nc4C(C)C)s3)cc12,0.1080609601119469,0.7647058823529411
rxn:2:66560:148983,COc1ccc2c(CNC(C)c3ccc(-c4ccc5o[nH]c(=O)c5c4)s3)c[nH]c2c1,0.10805410941441854,0.7246376811594203
rxn:2:138373:148983,CCc1nc(CC)c2c(CNC(C)c3ccc(-c4ccc5o[nH]c(=O)c5c4)s3)c[nH]c2n1,0.10804219357669353,0.6575342465753424
rxn:2:88800:158710,Cc1cccc2[nH]nc(CCNC(C)c3ccc(-c4ccnc5[nH]cc(C)c45)s3)c12,0.1080254316329956,0.8333333333333334
rxn:2:80952:164117,Cc1cc(CNC(C)c2ccc(-c3cc4c(cn3)ncn4C)s2)nc(N(C)C)n1,0.10802370926429486,0.7846153846153846
rxn:2:66515:145452,Cc1cccn2cc(CNC(C)c3ccc(-c4ccc5cc[nH]c(=O)c5c4)s3)nc12,0.10801392594973246,0.8088235294117647
rxn:2:66515:156548,Cc1cccn2cc(CNC(C)c3ccc(-c4cccc5nsnc45)s3)nc12,0.1079954547541482,0.796875
rxn:2:138190:163711,Cc1nc(CNC(C)c2ccc(-c3cnn(C4CCOC4)c3)s2)cc2ccccc12,0.10798393487930298,0.6842105263157895
rxn:2:136201:158710,CCOc1cccc2[nH]cc(CCNC(C)c3ccc(-c4ccnc5[nH]cc(C)c45)s3)c12,0.10795111209154129,0.8636363636363636
rxn:2:88800:169604,Cc1cccc2[nH]nc(CCNC(C)c3ccc(-c4ccc5ncsc5c4)s3)c12,0.10793487779025374,0.8181818181818182
rxn:2:84312:157753,CCc1c[nH]c2ncnc(-c3ccc(C(C)NCc4cc5n(n4)CCC(C)C5)s3)c12,0.10792697270711263,0.7638888888888888
rxn:2:136201:147854,CCOc1cccc2[nH]cc(CCNC(C)c3ccc(-c4ccc5c(c4)c(C)nn5C)s3)c12,0.1078956380034938,0.8611111111111112
rxn:2:111512:161792,CC(NCc1nc2c(s1)CCCC2(C)C)c1ccc(-c2cc3c(=O)nc[nH]c3s2)cn1,0.10788498001713906,0.6623376623376623
rxn:2:78664:151299,Cc1c(-c2ccc(C(C)NCCc3nsc4ccccc34)s2)ccc2nccn12,0.1078793057079973,0.6197183098591549
rxn:2:142150:145452,CSc1nccc(CNC(C)c2ccc(-c3ccc4cc[nH]c(=O)c4c3)s2)n1,0.1078784167766571,0.7313432835820896
rxn:2:86459:145452,CC(NCCc1nnc(-c2cccs2)[nH]1)c1ccc(-c2ccc3cc[nH]c(=O)c3c2)s1,0.10787425118107949,0.7352941176470589
rxn:2:141417:148983,CCN1CCCc2cc(CNC(C)c3ccc(-c4ccc5o[nH]c(=O)c5c4)s3)ccc21,0.1078484712108489,0.7971014492753623
rxn:2:138190:147854,Cc1nc(CNC(C)c2ccc(-c3ccc4c(c3)c(C)nn4C)s2)cc2ccccc12,0.10784719067235146,0.7419354838709677
rxn:2:90533:151299,COc1cc(C)ccc1-c1cc(CNC(C)c2ccc(-c3ccc4nccn4c3C)s2)n[nH]1,0.10784086675354929,0.704225352112676
rxn:2:136710:158710,CCc1nc(CNC(C)c2ccc(-c3ccnc4[nH]cc(C)c34)s2)ccc1OC1CC1,0.10779491547615297,0.8059701492537313
rxn:2:125192:145452,CC(C)c1nc(CCNC(C)c2ccc(-c3ccc4cc[nH]c(=O)c4c3)s2)c(-c2cc[nH]c2)[nH]1,0.107786147033467,0.6901408450704225
rxn:2:90627:145209,Cc1cc(-c2ccc(C(C)NCc3noc(C4CCCO4)n3)s2)cc2cnn(C)c12,0.10778121153513591,0.8028169014084507
rxn:2:102393:169604,CC(Nc1cc(-c2ccc[nH]2)n[nH]1)c1ccc(-c2ccc3ncsc3c2)s1,0.10776564589253178,0.7777777777777778
rxn:2:88800:148983,Cc1cccc2[nH]nc(CCNC(C)c3ccc(-c4ccc5o[nH]c(=O)c5c4)s3)c12,0.10775125424067179,0.8142857142857143
rxn:2:146810:158710,CCCc1nn(-c2cncc(C(C)C)c2)cc1NC(C)c1ccc(-c2ccnc3[nH]cc(C)c23)s1,0.10770459856305803,0.6708860759493671
rxn:2:137297:158710,Cc1c[nH]c2nccc(-c3ccc(C(C)NCCc4c[nH]c5ccsc45)s3)c12,0.10770221480301448,0.7540983606557377
rxn:2:91606:147854,Cc1nn(C)c2ccc(-c3ccc(C(C)NCc4ncc5ccc(C)n5n4)s3)cc12,0.10769850015640259,0.6811594202898551
rxn:2:135880:157753,CCc1c[nH]c2ncnc(-c3ccc(C(C)NC(C)c4nnc(-c5cnccn5)[nH]4)s3)c12,0.10767314955592155,0.6527777777777778
rxn:2:81003:145209,Cc1cc(-c2ccc(C(C)NCCn3cnnc3C3CC3)s2)cc2cnn(C)c12,0.10765999761121027,0.684931506849315
rxn:2:103609:165909,CSc1ncc(-c2ccc(C(C)NCc3cc(C(C)(C)C)nc(C)n3)s2)c2nncn12,0.10764806309053974,0.7605633802816901
rxn:2:116625:169604,COc1cccc2c(CCNC(C)c3ccc(-c4ccc5ncsc5c4)s3)n[nH]c12,0.10760906338691711,0.7714285714285715
rxn:2:100752:165909,CSc1ncc(-c2ccc(C(C)NCc3nc(C(C)(C)C)c[nH]3)s2)c2nncn12,0.1075686421887628,0.7105263157894737
rxn:2:107171:156548,COc1cccc2[nH]nc(CCNC(C)c3ccc(-c4cccc5nsnc45)s3)c12,0.10756695667902628,0.6486486486486487
rxn:2:88321:142273,Cc1nc(CNC(C)c2ccc(-c3cnc(N(C)C)s3)s2)cc(C2CC2)n1,0.10755293236838447,0.5942028985507246
rxn:2:110360:172618,CC(Nn1c(=O)[nH][nH]c1=O)c1cc(-c2cc3sccc3s2)cs1,0.10752456861993541,0.72
rxn:2:110392:145209,Cc1c[nH]nc1CCNC(C)c1ccc(-c2cc(C)c3c(cnn3C)c2)s1,0.10751520262824164,0.8153846153846154
rxn:2:80499:156548,CC(NCc1cnc(C2CC2)s1)c1ccc(-c2cccc3nsnc23)s1,0.10751231358601497,0.8333333333333334
rxn:2:81567:156548,Cc1csc2nc(CCNC(C)c3ccc(-c4cccc5nsnc45)s3)cn12,0.1074882618018559,0.7397260273972602
rxn:2:112263:148983,CC(NCc1cc2c(s1)CCOC2)c1ccc(-c2ccc3o[nH]c(=O)c3c2)s1,0.10747734137943812,0.7692307692307693
rxn:2:121718:145452,CCn1nc(CNC(C)c2ccc(-c3ccc4cc[nH]c(=O)c4c3)s2)cc1CC1CC1,0.10747333111301545,0.7971014492753623
rxn:2:121656:158710,Cc1c[nH]c2nccc(-c3ccc(C(C)NCC[C@@H]4C[C@H]4C4CC4)s3)c12,0.10745626000257638,0.71875
rxn:2:74510:157804,COc1ccc2ncnc(-c3ccc(C(C)NCCc4c[nH]c5nccc(C)c45)s3)c2c1,0.10745523311197758,0.7916666666666666
rxn:2:136710:167920,CCc1nc(CNC(C)c2ccc(-c3ccc4n[nH]c(C)c4c3)s2)ccc1OC1CC1,0.10743740681679018,0.7027027027027027
rxn:2:80628:157753,CCc1c[nH]c2ncnc(-c3ccc(C(C)Nc4oc(C)cc4-c4ncc[nH]4)s3)c12,0.10743266145388285,0.5921052631578947
rxn:2:131345:151299,Cc1cc(CNC(C)c2ccc(-c3ccc4nccn4c3C)s2)nc(C2CC2)n1,0.10742564859061406,0.8571428571428571
rxn:2:87228:170874,Cc1cc(-c2ccc(C(C)NCc3cc(C4CC4)n(C)n3)s2)cc2cccnc12,0.10741232592484047,0.7101449275362319
rxn:2:120726:145209,Cc1cc(-c2ccc(C(C)NCc3cnc4c(c3C(C)C)CCC4)s2)cc2cnn(C)c12,0.10740025527775288,0.8484848484848485
rxn:2:137297:145452,CC(NCCc1c[nH]c2ccsc12)c1ccc(-c2ccc3cc[nH]c(=O)c3c2)s1,0.10739455551936708,0.7352941176470589
rxn:2:84850:93207,CC(CCCC1SCCCS1)NC1CCN(c2ncnc3ccsc23)CC1,0.10739300427613435,0.7777777777777778
rxn:2:88321:164117,Cc1nc(CNC(C)c2ccc(-c3cc4c(cn3)ncn4C)s2)cc(C2CC2)n1,0.10738092455370672,0.7846153846153846
rxn:2:113674:164117,CC(NCc1cc(C2CC2)nc(C2CC2)n1)c1ccc(-c2cc3c(cn2)ncn3C)s1,0.10737117259733138,0.8709677419354839
rxn:2:81768:142273,CCc1nc(CNC(C)c2ccc(-c3cnc(N(C)C)s3)s2)ccc1OC,0.10736235645082262,0.6086956521739131
rxn:2:127741:149983,CCCc1cc(CNC(C)c2ccc(-c3c[nH]c4ncc(OC)cc34)s2)nn1CC,0.10731788476308186,0.8
rxn:2:156650:157804,CCc1nn(-c2cc(C3CC3)ccn2)cc1CNC(C)c1ccc(-c2ncnc3ccc(OC)cc23)s1,0.10729079955332987,0.7349397590361446
rxn:2:121937:158710,Cc1c[nH]c2nccc(-c3ccc(C(C)Nc4noc(CCC(C)C)n4)s3)c12,0.10728849683489118,0.6617647058823529
rxn:2:113692:164117,CSc1cnc(CNC(C)c2ccc(-c3cc4c(cn3)ncn4C)s2)cc1OC1CC1,0.10728470740779754,0.6282051282051282
rxn:2:132500:147854,Cc1nn(C)c2ccc(-c3ccc(C(C)NCCc4nnc(-c5ccc[nH]5)o4)s3)cc12,0.10725838907303349,0.7567567567567568
rxn:2:74308:171510,CCc1nn2cc(CCNC(CC)c3ccc(-c4ccc5ncsc5c4)s3)nc2s1,0.10725282231966654,0.8333333333333334
rxn:2:80542:145452,CC(NCCc1nccc2ccccc12)c1ccc(-c2ccc3cc[nH]c(=O)c3c2)s1,0.10723839652153754,0.8253968253968254
rxn:2:88352:157753,CCc1c[nH]c2ncnc(-c3ccc(C(C)Nc4nc5ncncc5[nH]4)s3)c12,0.10723509320190974,0.6666666666666666
rxn:2:136453:157753,CCc1c[nH]c2ncnc(-c3ccc(C(C)Nc4nnc(-c5ncco5)s4)s3)c12,0.1072322705696369,0.7538461538461538
rxn:2:132918:157753,CCc1c[nH]c2ncnc(-c3ccc(C(C)NCc4cc5c(C)cccc5cn4)s3)c12,0.10722962117964221,0.7142857142857143
rxn:2:109584:165909,CSc1ncc(-c2ccc(C(C)NCCc3c[nH]c4cc(C)cc(C)c34)s2)c2nncn12,0.10722006857395172,0.7125
rxn:2:101442:148983,CC(C)c1cc(CNC(C)c2ccc(-c3ccc4o[nH]c(=O)c4c3)s2)on1,0.10721690124935573,0.671875
rxn:2:101490:166287,CC(NCc1cn2c3c(sc2n1)CCC3)c1ncc(-c2ccc3c(c2)CCO3)s1,0.1072093967733712,0.684931506849315
rxn:2:111860:149983,COc1cnc2[nH]cc(-c3ccc(C(C)NCc4cc(C)nc(C5CC5)c4)s3)c2c1,0.1071968674659729,0.782608695652174
rxn:2:82606:151299,Cc1c(-c2ccc(C(C)NCc3cc(=O)[nH]c(C4CCC4)n3)s2)ccc2nccn12,0.10719653566678365,0.7464788732394366
rxn:2:103485:142264,CCC(NCc1c[nH]c2c(OC)cccc12)c1ccc(-c2ccc3c(cnn3C)c2)s1,0.10718177210900091,0.8142857142857143
rxn:2:91720:145209,Cc1cc(-c2ccc(C(C)NCc3[nH]nc4c3CSCC4)s2)cc2cnn(C)c12,0.10718029326406019,0.8955223880597015
rxn:2:106227:173019,CC(=O)n1cc(-c2ccc(C(C)NCc3cc4cc(C)ccn4n3)s2)c2ccccc21,0.10717924179569367,0.6666666666666666
rxn:2:84280:157753,CCc1c[nH]c2ncnc(-c3ccc(C(C)Nc4nccn4CC(C)CC)s3)c12,0.107177734375,0.7846153846153846
rxn:2:66510:158710,CCSc1nc(NC(C)c2ccc(-c3ccnc4[nH]cc(C)c34)s2)c2nc[nH]c2n1,0.10717734297116598,0.8412698412698413
rxn:2:119130:145452,Cc1ccnn2c(CCNC(C)c3ccc(-c4ccc5cc[nH]c(=O)c5c4)s3)nnc12,0.10717446957865069,0.6533333333333333
rxn:2:87081:157753,CCc1c[nH]c2ncnc(-c3ccc(C(C)NCc4cc(-c5cn[nH]c5)cs4)s3)c12,0.10717262824376424,0.746268656716418
rxn:2:124807:157753,CCc1c[nH]c2ncnc(-c3ccc(C(C)NCc4cn5cc(C)ccc5n4)s3)c12,0.10716700553894043,0.7794117647058824
rxn:2:116622:147854,Cc1nn(C)c2ccc(-c3ccc(C(C)NC[C@@H]4C[C@H]4c4ncc[nH]4)s3)cc12,0.1071378184216363,0.6447368421052632
rxn:2:120639:151299,Cc1c(-c2ccc(C(C)NCc3ccc(C4CC4)nc3)s2)ccc2nccn12,0.10713310752596174,0.6923076923076923
rxn:2:108915:159258,CSc1nc(C)c(CCNC(C)c2ncc(-c3ccc4ncsc4c3)s2)s1,0.10709629676960132,0.7741935483870968
rxn:2:127844:151299,CCN1CCc2ccc(CNC(C)c3ccc(-c4ccc5nccn5c4C)s3)cc21,0.1070792039235433,0.6527777777777778
rxn:2:80952:157753,CCc1c[nH]c2ncnc(-c3ccc(C(C)NCc4cc(C)nc(N(C)C)n4)s3)c12,0.10706730683644612,0.7101449275362319
rxn:2:100972:148983,Cc1cccc2c(CCNC(C)c3ccc(-c4ccc5o[nH]c(=O)c5c4)s3)c[nH]c12,0.10704960227012635,0.7794117647058824
rxn:2:99789:145452,CC(NCc1c[nH]nc1CC1CCC1)c1ccc(-c2ccc3cc[nH]c(=O)c3c2)s1,0.10704556703567505,0.68
rxn:2:81709:151299,Cc1c(-c2ccc(C(C)NCc3n[nH]c(C(C)C)n3)s2)ccc2nccn12,0.10704512507827194,0.7868852459016393
rxn:2:138643:107408,CC(NC1CC(c2nc(-c3cc[nH]c3)c[nH]2)C1)c1ccc(-c2ccsc2)s1,0.10703297014589663,0.6527777777777778
rxn:2:97436:157753,CCc1c[nH]c2ncnc(-c3ccc(C(C)NCc4cc(-c5ccccc5OC)no4)s3)c12,0.10703224485570734,0.8873239436619719
rxn:2:104622:158710,COc1ccccc1-c1cc(CNC(C)c2ccc(-c3ccnc4[nH]cc(C)c34)s2)no1,0.10700974427163601,0.7746478873239436
rxn:2:77737:158710,CCn1cc2sc(CNC(C)c3ccc(-c4ccnc5[nH]cc(C)c45)s3)cc2n1,0.10700796390401907,0.7014925373134329
rxn:2:73819:145209,CCCc1cc(CNC(C)c2ccc(-c3cc(C)c4c(cnn4C)c3)s2)ccn1,0.10700310920846873,0.8095238095238095
rxn:2:117470:151299,Cc1c(-c2ccc(C(C)NCCc3ncc4ccccn34)s2)ccc2nccn12,0.10697583494515255,0.6571428571428571
rxn:2:107361:171510,CCc1nn2cc(CNC(CC)c3ccc(-c4ccc5ncsc5c4)s3)nc2s1,0.10697336032472808,0.7246376811594203
rxn:2:81768:157753,CCc1nc(CNC(C)c2ccc(-c3ncnc4[nH]cc(CC)c34)s2)ccc1OC,0.10694743196169536,0.8059701492537313
rxn:2:128543:161792,CCn1nc(CNC(C)c2ccc(-c3cc4c(=O)nc[nH]c4s3)cn2)cc1CC(C)C,0.10692798706793016,0.859375
rxn:2:136710:165909,CCc1nc(CNC(C)c2ccc(-c3cnc(SC)n4cnnc34)s2)ccc1OC1CC1,0.10692524909973145,0.8169014084507042
rxn:2:83428:172841,CC(Nc1n[nH]c(=O)[nH]c1=O)c1cc(-c2ccc3sccc3c2)cs1,0.10691351175308228,0.7321428571428571
rxn:2:124986:158710,Cc1c[nH]c2nccc(-c3ccc(C(C)Nc4nccn4C4CCCC4)s3)c12,0.10691297054290771,0.7272727272727273
rxn:2:103946:149983,COc1cnc2[nH]cc(-c3ccc(C(C)NCc4ccc(OC)c(C5CC5)n4)s3)c2c1,0.10690504504788306,0.782608695652174
rxn:2:152275:148983,Cc1nn(Cc2ccccc2C2CC2)cc1CNC(C)c1ccc(-c2ccc3o[nH]c(=O)c3c2)s1,0.1069029586655753,0.6265060240963856
rxn:2:135604:151299,COc1nc(CNC(C)c2ccc(-c3ccc4nccn4c3C)s2)ccc1C1CC1,0.10689473152160645,0.7681159420289855
rxn:2:137383:169604,Cc1cc(C)c2oc(CNC(C)c3ccc(-c4ccc5ncsc5c4)s3)cc2c1,0.10687719953471217,0.6619718309859155
rxn:2:86444:169604,CC(NCc1c[nH]c(C2CCCC2)n1)c1ccc(-c2ccc3ncsc3c2)s1,0.10686488662447248,0.8181818181818182
rxn:2:156716:158710,Cc1ncsc1-c1nc2cc(NC(C)c3ccc(-c4ccnc5[nH]cc(C)c45)s3)ccc2[nH]1,0.1068598898974332,0.6410256410256411
rxn:2:87228:147854,Cc1nn(C)c2ccc(-c3ccc(C(C)NCc4cc(C5CC5)n(C)n4)s3)cc12,0.10684197935564764,0.8387096774193549
rxn:2:130068:157854,CCn1ncc2cc(-c3cnc(C(C)NCc4c[nH]c5cccc(OC)c45)s3)ccc21,0.10684195641548402,0.8591549295774648
rxn:2:124785:145452,CC(C)c1c[nH]c(CNC(C)c2ccc(-c3ccc4cc[nH]c(=O)c4c3)s2)n1,0.10683186990874154,0.7868852459016393
rxn:2:86846:157753,CCc1c[nH]c2ncnc(-c3ccc(C(C)Nc4cc(-c5nc(C)cs5)[nH]n4)s3)c12,0.10682669878005982,0.7681159420289855
rxn:2:73208:164117,CC(NCc1cn2c(C(C)(C)C)csc2n1)c1ccc(-c2cc3c(cn2)ncn3C)s1,0.1068013983388101,0.6621621621621622
rxn:2:76423:145452,CCC(C)c1cc(CNC(C)c2ccc(-c3ccc4cc[nH]c(=O)c4c3)s2)nc(C2CC2)n1,0.10677681547222716,0.8656716417910447
rxn:2:136066:157652,CCc1ccnc(-n2cc(CNC(C)c3ccc(-c4ncnc5ccn(C)c45)s3)c(CC)n2)c1,0.10676412547335905,0.8026315789473685
rxn:2:99789:158710,Cc1c[nH]c2nccc(-c3ccc(C(C)NCc4c[nH]nc4CC4CCC4)s3)c12,0.10675747846734934,0.6621621621621622
rxn:2:92455:159258,CC(Nc1nnc(-c2cc(C3CC3)n(C)n2)s1)c1ncc(-c2ccc3ncsc3c2)s1,0.10675435104677754,0.6619718309859155
rxn:2:95255:145209,CCc1cc(CNC(C)c2ccc(-c3cc(C)c4c(cnn4C)c3)s2)[nH]n1,0.10675334268146092,0.8253968253968254
rxn:2:107171:165909,COc1cccc2[nH]nc(CCNC(C)c3ccc(-c4cnc(SC)n5cnnc45)s3)c12,0.10673948749899864,0.6746987951807228
rxn:2:103946:142273,COc1ccc(CNC(C)c2ccc(-c3cnc(N(C)C)s3)s2)nc1C1CC1,0.10672898803438459,0.6197183098591549
rxn:2:118855:151299,CCOc1cc(CNC(C)c2ccc(-c3ccc4nccn4c3C)s2)nn1C,0.10672090096133095,0.7164179104477612
rxn:2:125457:147854,Cc1nn(C)c2ccc(-c3ccc(C(C)NCc4nc(C)n5c4CCCC5)s3)cc12,0.10670706033706664,0.8507462686567164
rxn:2:121898:157804,COc1ccc2ncnc(-c3ccc(C(C)NCCc4n[nH]c5c(C)cccc45)s3)c2c1,0.10668432340025902,0.7638888888888888
rxn:2:109826:145452,CCc1cc(CC)nc(CNC(C)c2ccc(-c3ccc4cc[nH]c(=O)c4c3)s2)n1,0.10667199095090231,0.8
rxn:2:141710:169604,CC(NCc1nc2c(s1)CCCC2)c1ccc(-c2ccc3ncsc3c2)s1,0.10666792039518003,0.7936507936507936
rxn:2:113891:145452,CC(NCc1cnc(C2CCC2)nc1)c1ccc(-c2ccc3cc[nH]c(=O)c3c2)s1,0.1066637953122457,0.75
rxn:2:82809:149983,COc1cnc2[nH]cc(-c3ccc(C(C)NCc4c(C)cc(C5CC5)[nH]c4=O)s3)c2c1,0.10665383262019004,0.7236842105263158
rxn:2:99816:145209,Cc1ccnc(CCNC(C)c2ccc(-c3cc(C)c4c(cnn4C)c3)s2)c1C1CC1,0.10662501473580638,0.7361111111111112
rxn:2:85979:145209,Cc1cc(-c2ccc(C(C)NCc3nc(C4CCC4)cs3)s2)cc2cnn(C)c12,0.10662483141340058,0.835820895522388
rxn:2:124590:158710,Cc1c[nH]c2nccc(-c3ccc(C(C)NCc4cc(CC5CC5)on4)s3)c12,0.10661637783050537,0.7391304347826086
rxn:2:70798:149983,COc1cnc2[nH]cc(-c3ccc(C(C)NCCc4cnc5scc(C(C)C)n45)s3)c2c1,0.10660758800804615,0.8428571428571429
rxn:2:72307:158710,CCOC(C)c1nc(CNC(C)c2ccc(-c3ccnc4[nH]cc(C)c34)s2)cs1,0.10660284963147394,0.7384615384615385
rxn:2:84527:145452,CC(C)Cc1ncc(CNC(C)c2ccc(-c3ccc4cc[nH]c(=O)c4c3)s2)s1,0.10659451731320085,0.8524590163934426
rxn:2:123016:145452,CC(C)c1n[nH]cc1CCNC(C)c1ccc(-c2ccc3cc[nH]c(=O)c3c2)s1,0.10657261157857961,0.7647058823529411
rxn:2:134154:158710,CCCc1cnc(CNC(C)c2ccc(-c3ccnc4[nH]cc(C)c34)s2)s1,0.10655852158864339,0.6923076923076923
rxn:2:124806:145209,CCc1nnc2ccc(CNC(C)c3ccc(-c4cc(C)c5c(cnn5C)c4)s3)cn12,0.1065357538961595,0.7384615384615385
rxn:2:102433:151299,Cc1c(-c2ccc(C(C)NCCc3cc(C4CC4)n(C)n3)s2)ccc2nccn12,0.10651747933749495,0.84375
rxn:2:123961:157188,COc1c(-c2ccc(C(C)NCCc3c[nH]c4cccc(C)c34)s2)ccnc1C,0.10651555143553636,0.7424242424242424
rxn:2:156650:158710,CCc1nn(-c2cc(C3CC3)ccn2)cc1CNC(C)c1ccc(-c2ccnc3[nH]cc(C)c23)s1,0.10648564781461443,0.7721518987341772
rxn:2:78115:145209,Cc1cc(-c2ccc(C(C)NCc3cc(CC4CCCC4)n[nH]3)s2)cc2cnn(C)c12,0.10648230967983123,0.7183098591549296
rxn:2:99789:165909,CSc1ncc(-c2ccc(C(C)NCc3c[nH]nc3CC3CCC3)s2)c2nncn12,0.10643529891967773,0.6666666666666666
rxn:2:86646:147854,Cc1nn(C)c2ccc(-c3ccc(C(C)NCCc4[nH]ncc4C(C)C)s3)cc12,0.1064231642361345,0.647887323943662
rxn:2:91058:145452,CC(NCc1ccc(C2CC2)[nH]c1=O)c1ccc(-c2ccc3cc[nH]c(=O)c3c2)s1,0.10641312400499979,0.7878787878787878
rxn:2:128543:149983,CCn1nc(CNC(C)c2ccc(-c3c[nH]c4ncc(OC)cc34)s2)cc1CC(C)C,0.1064064541170674,0.8
rxn:2:105213:158710,CCc1cn[nH]c1CCNC(C)c1ccc(-c2ccnc3[nH]cc(C)c23)s1,0.10640452526233814,0.7936507936507936
rxn:2:103729:157753,CCCc1cc(CNC(C)c2ccc(-c3ncnc4[nH]cc(CC)c34)s2)n[nH]1,0.10640048129217965,0.676923076923077
rxn:2:75454:145452,CCCC(C)c1nc(CNC(C)c2ccc(-c3ccc4cc[nH]c(=O)c4c3)s2)cs1,0.10639994939168294,0.8253968253968254
rxn:2:138587:145452,Cc1c(CNC(C)c2ccc(-c3ccc4cc[nH]c(=O)c4c3)s2)sc2[nH]nc(C(C)C)c12,0.10638038069009781,0.6811594202898551
rxn:2:93935:170874,Cc1cc(-c2ccc(C(C)NCc3c[nH]c4c(C)cccc34)s2)cc2cccnc12,0.10635206500689189,0.7058823529411765
rxn:2:80018:164117,CCc1cc(CNC(C)c2ccc(-c3cc4c(cn3)ncn4C)s2)nc(C2CC2)n1,0.10632037321726481,0.84375
rxn:2:108869:147854,Cc1nn(C)c2ccc(-c3ccc(C(C)NCCc4nnc5n4CCS5)s3)cc12,0.10630751683794219,0.6533333333333333
rxn:2:106480:169604,CC(NCc1nc2c(o1)CCSC2)c1ccc(-c2ccc3ncsc3c2)s1,0.10630285077624851,0.8615384615384616
rxn:2:107670:145452,CC(NCc1nc2c(s1)C(F)(F)CCC2)c1ccc(-c2ccc3cc[nH]c(=O)c3c2)s1,0.10629363598362092,0.7428571428571429
rxn:2:127175:148983,CC(NCc1c[nH]c2ncccc12)c1ccc(-c2ccc3o[nH]c(=O)c3c2)s1,0.10626671143940516,0.746268656716418
rxn:2:81996:142264,CCC(NCCC1c2c[nH]cc2CC1C)c1ccc(-c2ccc3c(cnn3C)c2)s1,0.10625010331471761,0.6410256410256411
rxn:2:111568:141436,CC(Nc1nc(S(C)(=O)=O)n[nH]1)c1ccc(-c2cnn(C)c2)s1,0.10623997190724248,0.6896551724137931
rxn:2:121718:144913,CCn1nc(CNC(C)c2ccc(-c3ccc4ncc(=O)n(C)c4c3)s2)cc1CC1CC1,0.1062339823693037,0.8
rxn:2:150051:133413,Cc1n[nH]cc1-c1cnc(C(C)NCc2nc(Cc3ccc(C(C)C)cc3)c(C)[nH]2)s1,0.10622640386704475,0.6301369863013698
rxn:2:110360:82536,CC(CCCc1cccs1)Nn1c(=O)[nH][nH]c1=O,0.10621196031570435,0.49056603773584906
rxn:2:98766:145209,Cc1cc(C)nc(CCNC(C)c2ccc(-c3cc(C)c4c(cnn4C)c3)s2)n1,0.10619139671325684,0.864406779661017
rxn:2:102341:145452,CC(NCc1cc(N(C)C2CC2)ccn1)c1ccc(-c2ccc3cc[nH]c(=O)c3c2)s1,0.10618742819755309,0.6533333333333333
rxn:2:140366:151299,Cc1c(-c2ccc(C(C)NCCc3[nH]ncc3-c3cc[nH]c3)s2)ccc2nccn12,0.10618689854939779,0.6621621621621622
rxn:2:121147:145209,Cc1cc(-c2ccc(C(C)NCc3cc4c(s3)CCCS4)s2)cc2cnn(C)c12,0.10618362344544509,0.7761194029850746
rxn:2:96738:147854,CCc1nc(C)cc(CNC(C)c2ccc(-c3ccc4c(c3)c(C)nn4C)s2)n1,0.1061377607542893,0.8166666666666667
rxn:2:122532:169604,Cc1nc(CNC(C)c2ccc(-c3ccc4ncsc4c3)s2)sc1C(C)(F)F,0.10612682785306658,0.8064516129032258
rxn:2:160685:158710,Cc1c[nH]c2nccc(-c3ccc(C(C)Nc4cnccc4Sc4n[nH]c(=O)n4C4CC4)s3)c12,0.10610392163781558,0.6153846153846154
rxn:2:144949:161792,CC(Nc1nc(=O)c2c3c(sc2[nH]1)CCC3)c1ccc(-c2cc3c(=O)nc[nH]c3s2)cn1,0.10606222972273827,0.5789473684210527
rxn:2:122532:142273,Cc1nc(CNC(C)c2ccc(-c3cnc(N(C)C)s3)s2)sc1C(C)(F)F,0.10604914250197234,0.6451612903225806
rxn:2:123315:145209,Cc1cc(-c2ccc(C(C)NCc3cnc(OC(C)C)cn3)s2)cc2cnn(C)c12,0.10604828596115112,0.8548387096774194
rxn:2:101490:161792,CC(NCc1cn2c3c(sc2n1)CCC3)c1ccc(-c2cc3c(=O)nc[nH]c3s2)cn1,0.1060379397484564,0.6621621621621622
rxn:2:91814:147854,Cc1nn(C)c2ccc(-c3ccc(C(C)NCc4nc(C(C)C)ns4)s3)cc12,0.10602537223270961,0.7419354838709677
rxn:2:156650:156548,CCc1nn(-c2cc(C3CC3)ccn2)cc1CNC(C)c1ccc(-c2cccc3nsnc23)s1,0.10602083977530985,0.691358024691358
rxn:2:103609:158710,Cc1nc(CNC(C)c2ccc(-c3ccnc4[nH]cc(C)c34)s2)cc(C(C)(C)C)n1,0.10601192116737365,0.7741935483870968
rxn:2:101213:145452,CC(NCCc1ncc2cccn2n1)c1ccc(-c2ccc3cc[nH]c(=O)c3c2)s1,0.10600846608479818,0.7162162162162162
rxn:2:100948:145209,Cc1cc(-c2ccc(C(C)NCc3nc4cc(C(C)(C)C)ccc4o3)s2)cc2cnn(C)c12,0.10600231271801573,0.8208955223880597
rxn:2:102470:157403,COc1cncnc1-c1ccc(C(C)Nc2nncc(C3CC3)n2)s1,0.10600215911865235,0.7796610169491526
rxn:2:79001:158710,Cc1c[nH]c2nccc(-c3ccc(C(C)NCc4cnc(CC5CC5)nc4)s3)c12,0.10599889837462327,0.7
rxn:2:91814:158710,Cc1c[nH]c2nccc(-c3ccc(C(C)NCc4nc(C(C)C)ns4)s3)c12,0.10599633499428078,0.676923076923077
rxn:2:88523:158710,Cc1c[nH]c2nccc(-c3ccc(C(C)NCC(F)(F)c4cnc[nH]4)s3)c12,0.10599040102075648,0.6567164179104478
rxn:2:70155:148983,Cc1nn2cc(CNC(C)c3ccc(-c4ccc5o[nH]c(=O)c5c4)s3)nc2s1,0.10598650361810412,0.746268656716418
rxn:2:150051:171510,CCC(NCc1nc(Cc2ccc(C(C)C)cc2)c(C)[nH]1)c1ccc(-c2ccc3ncsc3c2)s1,0.10597126143319266,0.7162162162162162
rxn:2:101490:142273,CC(NCc1cn2c3c(sc2n1)CCC3)c1ccc(-c2cnc(N(C)C)s2)s1,0.10596329399517604,0.7164179104477612
rxn:2:124590:145452,CC(NCc1cc(CC2CC2)on1)c1ccc(-c2ccc3cc[nH]c(=O)c3c2)s1,0.10594678747242894,0.75
rxn:2:87228:161792,CC(NCc1cc(C2CC2)n(C)n1)c1ccc(-c2cc3c(=O)nc[nH]c3s2)cn1,0.10594230273674274,0.7083333333333334
rxn:2:97743:147854,Cc1nn(C)c2ccc(-c3ccc(C(C)NCc4cn5c(C)cccc5n4)s3)cc12,0.10593544244766236,0.7313432835820896
rxn:2:128543:142264,CCC(NCc1cc(CC(C)C)n(CC)n1)c1ccc(-c2ccc3c(cnn3C)c2)s1,0.10591766911168252,0.6527777777777778
rxn:2:101994:149983,COc1cnc2[nH]cc(-c3ccc(C(C)NCc4csc(C(C)(F)F)n4)s3)c2c1,0.10590707022568276,0.7083333333333334
rxn:2:86837:158710,COc1cnc(CNC(C)c2ccc(-c3ccnc4[nH]cc(C)c34)s2)o1,0.10588654646506676,0.6617647058823529
rxn:2:73714:151299,Cc1c(-c2ccc(C(C)NCc3nc(-c4cccs4)c[nH]3)s2)ccc2nccn12,0.10588153066306279,0.7058823529411765
rxn:2:124554:173019,CC(=O)n1cc(-c2ccc(C(C)Nc3ncc4[nH]cnc4n3)s2)c2ccccc21,0.10588090995262409,0.6111111111111112
rxn:2:110360:145209,Cc1cc(-c2ccc(C(C)Nn3c(=O)[nH][nH]c3=O)s2)cc2cnn(C)c12,0.10587305747545682,0.6212121212121212
rxn:2:67236:145209,Cc1cc(-c2ccc(C(C)NCC3CC3c3cc[nH]n3)s2)cc2cnn(C)c12,0.10585917319570269,0.7605633802816901
rxn:2:124693:82536,CC(CCCc1cccs1)NCC(C)c1nnn[nH]1,0.10583843369232981,0.5172413793103449
rxn:2:70758:145452,CC(NCCc1noc(-c2ccc[nH]2)n1)c1ccc(-c2ccc3cc[nH]c(=O)c3c2)s1,0.10583293822503859,0.6933333333333334
rxn:2:113801:158710,CCn1cncc1C1CC1CNC(C)c1ccc(-c2ccnc3[nH]cc(C)c23)s1,0.10582586814617288,0.6944444444444444
rxn:2:101490:171510,CCC(NCc1cn2c3c(sc2n1)CCC3)c1ccc(-c2ccc3ncsc3c2)s1,0.10581789414087932,0.6986301369863014
rxn:2:84312:157804,COc1ccc2ncnc(-c3ccc(C(C)NCc4cc5n(n4)CCC(C)C5)s3)c2c1,0.10580412034065492,0.6075949367088608
rxn:2:141710:166234,CC(NCc1nc2c(s1)CCCC2)c1cnc(-c2ccc3ncsc3c2)s1,0.10580063970000655,0.746031746031746
rxn:2:133625:148983,CC(NCCc1nn(C)c2ccsc12)c1ccc(-c2ccc3o[nH]c(=O)c3c2)s1,0.10577492878354829,0.7361111111111112
rxn:2:75661:145452,CC(C)c1nccc(CNC(C)c2ccc(-c3ccc4cc[nH]c(=O)c4c3)s2)n1,0.10575135617420592,0.7777777777777778
rxn:2:129062:145452,CC(Nc1cnc2cc(C3CC3)nn2c1)c1ccc(-c2ccc3cc[nH]c(=O)c3c2)s1,0.10574736902790685,0.65
rxn:2:76848:145452,CC(NCc1nnc(-c2cccn2C)o1)c1ccc(-c2ccc3cc[nH]c(=O)c3c2)s1,0.10574680182241625,0.65
rxn:2:84866:151299,Cc1c(-c2ccc(C(C)NCCc3cc(-c4ccc[nH]4)n(C)n3)s2)ccc2nccn12,0.10574311594809255,0.6891891891891891
rxn:2:80952:158710,Cc1cc(CNC(C)c2ccc(-c3ccnc4[nH]cc(C)c34)s2)nc(N(C)C)n1,0.10573500600354425,0.78125
rxn:2:132918:149983,COc1cnc2[nH]cc(-c3ccc(C(C)NCc4cc5c(C)cccc5cn4)s3)c2c1,0.1057326486033778,0.7246376811594203
rxn:2:88661:149983,COc1cnc2[nH]cc(-c3ccc(C(C)NCc4cc(C5CCC5)n(C(C)C)n4)s3)c2c1,0.1057271733880043,0.7887323943661971
rxn:2:105608:147854,Cc1nn(C)c2ccc(-c3ccc(C(C)NCc4coc(C5CCCCC5)n4)s3)cc12,0.10572137755732383,0.7123287671232876
rxn:2:109218:157515,CCn1ncc2cc(-c3ncc(C(C)NCc4nc5c(C)cc(C)cc5[nH]4)s3)ccc21,0.10570290780836536,0.7941176470588235
rxn:2:95283:151299,Cc1c(-c2ccc(C(C)NCCc3ncn4ccccc34)s2)ccc2nccn12,0.10569380891734156,0.6571428571428571
rxn:2:97900:172325,Cc1ccc(-c2cc(C(C)Nc3n[nH]c4[nH]ncc34)cs2)c2ccccc12,0.10569024085998535,0.6779661016949152
rxn:2:135254:147854,Cc1nn(C)c2ccc(-c3ccc(C(C)NCc4nc(CCC5CCCCC5)cs4)s3)cc12,0.10569011803829309,0.7012987012987013
rxn:2:72307:169604,CCOC(C)c1nc(CNC(C)c2ccc(-c3ccc4ncsc4c3)s2)cs1,0.10568353533744812,0.7777777777777778
rxn:2:136201:147106,CCOc1cccc2[nH]cc(CCNC(C)c3ccc(-c4ccc5c(c4)ncn5C)s3)c12,0.10565639287233353,0.72
rxn:2:124590:151299,Cc1c(-c2ccc(C(C)NCc3cc(CC4CC4)on3)s2)ccc2nccn12,0.10565430777413505,0.7246376811594203
rxn:2:113774:145452,Cc1nc(CCNC(C)c2ccc(-c3ccc4cc[nH]c(=O)c4c3)s2)nc2c1CCC2,0.10564818305353965,0.8235294117647058
rxn:2:85085:147854,Cc1nc(CNC(C)c2ccc(-c3ccc4c(c3)c(C)nn4C)s2)sc1C(C)F,0.10563566766936204,0.7580645161290323
rxn:2:114247:158710,Cc1c[nH]c2nccc(-c3ccc(C(C)Nc4ncc(S(C)(=O)=O)s4)s3)c12,0.10562609301673041,0.6825396825396826
rxn:2:141710:157753,CCc1c[nH]c2ncnc(-c3ccc(C(C)NCc4nc5c(s4)CCCC5)s3)c12,0.1056184275396939,0.6621621621621622
rxn:2:117637:158710,CCc1ncc(CCNC(C)c2ccc(-c3ccnc4[nH]cc(C)c34)s2)s1,0.1056140661239624,0.6935483870967742
rxn:2:121718:165062,CCn1nc(CNC(C)n2cc(-c3ccc(C(C)=O)c(OC)c3)cn2)cc1CC1CC1,0.10561256639419063,0.4175824175824176
rxn:2:74698:161792,CC(C)c1cc(CNC(C)c2ccc(-c3cc4c(=O)nc[nH]c4s3)cn2)nc(C2CC2)n1,0.1056048795580864,0.6986301369863014
rxn:2:93632:168965,CC(NCc1nc2c(s1)CSCC2)c1ccc(-c2cccc(-c3cnco3)c2)s1,0.10559493508832209,0.7428571428571429
rxn:2:146689:158710,Cc1c[nH]c2nccc(-c3ccc(C(C)NC4(c5nc(-c6n[nH]c(C(C)C)n6)c[nH]5)CCC4)s3)c12,0.10558995519365583,0.5975609756097561
rxn:2:89329:145452,CC(C)c1ccc(CNC(C)c2ccc(-c3ccc4cc[nH]c(=O)c4c3)s2)[nH]1,0.10556397267750331,0.7241379310344828
rxn:2:93685:149983,CCC(C)c1nc(CNC(C)c2ccc(-c3c[nH]c4ncc(OC)cc34)s2)co1,0.10556209292905085,0.7183098591549296
rxn:2:117330:164117,CC(NCc1ccc2c(n1)CCCC2)c1ccc(-c2cc3c(cn2)ncn3C)s1,0.10555497531233163,0.7424242424242424
rxn:2:111779:145452,CCc1c(CNC(C)c2ccc(-c3ccc4cc[nH]c(=O)c4c3)s2)sc2ncc(C)n12,0.10554252901384907,0.6527777777777778
rxn:2:114914:168199,Cc1cc(C)c2nc(CNC(C)c3ncc(-c4ccc5nn(C)cc5c4)s3)cn2c1,0.1055249015490214,0.7424242424242424
rxn:2:100752:173019,CC(=O)n1cc(-c2ccc(C(C)NCc3nc(C(C)(C)C)c[nH]3)s2)c2ccccc21,0.10551978945732117,0.7066666666666667
rxn:2:76423:151299,CCC(C)c1cc(CNC(C)c2ccc(-c3ccc4nccn4c3C)s2)nc(C2CC2)n1,0.10551423951983452,0.8636363636363636
rxn:2:78664:156548,CC(NCCc1nsc2ccccc12)c1ccc(-c2cccc3nsnc23)s1,0.10550384436334882,0.6190476190476191
rxn:2:106227:157753,CCc1c[nH]c2ncnc(-c3ccc(C(C)NCc4cc5cc(C)ccn5n4)s3)c12,0.10549618403116862,0.7285714285714285
rxn:2:109991:158710,Cc1c[nH]c2nccc(-c3ccc(C(C)Nc4nccn4CC(C)C)s3)c12,0.10549209736011646,0.8448275862068966
rxn:2:163405:157753,CCc1c[nH]c2ncnc(-c3ccc(C(C)NCCc4cn5c(C)nc(CC(C)C)cc5n4)s3)c12,0.10548309087753296,0.759493670886076
rxn:2:123961:150504,Cc1cccc2[nH]cc(CCNC(C)n3cc(-c4nc5c(s4)C(=O)CCC5)cn3)c12,0.10545326471328735,0.8266666666666667
rxn:2:117330:151299,Cc1c(-c2ccc(C(C)NCc3ccc4c(n3)CCCC4)s2)ccc2nccn12,0.10545324046036293,0.7164179104477612
rxn:2:70891:145209,Cc1cc(-c2ccc(C(C)NCc3csc4c3CCCN4C)s2)cc2cnn(C)c12,0.10545256535212198,0.684931506849315
rxn:2:127301:156548,CC(C)c1cc(CNC(C)c2ccc(-c3cccc4nsnc34)s2)nn1C1CC1,0.10543362436623409,0.7323943661971831
rxn:2:156103:157403,COc1cncnc1-c1ccc(C(C)Nc2cccc(-c3nc4cc(C)cc(C)c4[nH]3)c2)s1,0.10542433550863554,0.7105263157894737
rxn:2:121898:169604,Cc1cccc2c(CCNC(C)c3ccc(-c4ccc5ncsc5c4)s3)n[nH]c12,0.10541625269528093,0.746268656716418
rxn:2:103532:158710,COc1cnc(NC(C)c2ccc(-c3ccnc4[nH]cc(C)c34)s2)c(SC)c1,0.10539292224815913,0.7424242424242424
rxn:2:85421:158710,Cc1ccc(C)c2sc(CCNC(C)c3ccc(-c4ccnc5[nH]cc(C)c45)s3)nc12,0.10539109476151005,0.6825396825396826
rxn:2:77168:158710,CCC(CC)c1nn2cc(CNC(C)c3ccc(-c4ccnc5[nH]cc(C)c45)s3)nc2s1,0.10537799820303917,0.8
rxn:2:109269:158710,CSCc1ncc(CNC(C)c2ccc(-c3ccnc4[nH]cc(C)c34)s2)cn1,0.1053732591015952,0.7142857142857143
rxn:2:109584:173019,CC(=O)n1cc(-c2ccc(C(C)NCCc3c[nH]c4cc(C)cc(C)c34)s2)c2ccccc21,0.10536232861605557,0.8285714285714286
rxn:2:123961:170874,Cc1cc(-c2ccc(C(C)NCCc3c[nH]c4cccc(C)c34)s2)cc2cccnc12,0.10535870636663129,0.8382352941176471
rxn:2:70572:157753,CCc1c[nH]c2ncnc(-c3ccc(C(C)NCc4cn[nH]c4-c4cccs4)s3)c12,0.10535112619400025,0.64
rxn:2:89834:147854,CCCc1[nH]c(=O)c(CNC(C)c2ccc(-c3ccc4c(c3)c(C)nn4C)s2)cc1CC,0.1053395513445139,0.6805555555555556
rxn:2:103688:145209,Cc1cc(-c2ccc(C(C)NCCc3ncc(-c4ccco4)o3)s2)cc2cnn(C)c12,0.10533642961132911,0.7012987012987013
rxn:2:119262:164117,Cc1sc(CNC(C)c2ccc(-c3cc4c(cn3)ncn4C)s2)nc1C(C)C,0.10531917640141078,0.746031746031746
rxn:2:154694:164117,CC(NCc1c[nH]c(Cc2ccc(C(C)(C)C)cc2)n1)c1ccc(-c2cc3c(cn2)ncn3C)s1,0.10530380691800799,0.7428571428571429
rxn:2:139147:145209,Cc1cc(-c2ccc(C(C)NCc3ccc(OC4CCCCC4)nn3)s2)cc2cnn(C)c12,0.10527852629170273,0.6883116883116883
rxn:2:152489:146182,CCC(NCCc1cn2c(-c3cn[nH]c3)csc2n1)c1ccc(-c2cccc(OC)n2)s1,0.10526147484779358,0.6666666666666666
rxn:2:113551:145452,CC(C)c1coc(CNC(C)c2ccc(-c3ccc4cc[nH]c(=O)c4c3)s2)c1,0.10525600825037275,0.711864406779661
rxn:2:92918:157188,COc1c(-c2ccc(C(C)NCCc3nc(-c4ccc[nH]4)c(C)[nH]3)s2)ccnc1C,0.10524128675460816,0.7222222222222222
rxn:2:111558:149983,COc1cnc2[nH]cc(-c3ccc(C(C)NCc4csc(C5CC(C)C5)n4)s3)c2c1,0.10524045427640279,0.6756756756756757
rxn:2:131515:145452,CC(NCc1cc(-c2ccoc2)nc(C2CC2)n1)c1ccc(-c2ccc3cc[nH]c(=O)c3c2)s1,0.1052353908033932,0.7887323943661971
rxn:2:69688:145452,CC(NCc1ccc2ncccc2c1)c1ccc(-c2ccc3cc[nH]c(=O)c3c2)s1,0.10522915124893188,0.8
rxn:2:135792:158710,Cc1c[nH]c2nccc(-c3ccc(C(C)NCCc4[nH]nc5c4CSCC5)s3)c12,0.1052238365699505,0.8208955223880597
rxn:2:141826:158710,CC[C@@H]1C[C@H]1CCNC(C)c1ccc(-c2ccnc3[nH]cc(C)c23)s1,0.10520958423614502,0.7301587301587301
rxn:2:121044:142273,CCc1cc(CNC(C)c2ccc(-c3cnc(N(C)C)s3)s2)nc(C)n1,0.10520649414796096,0.6190476190476191
rxn:2:97357:151299,CCc1nccc(CNC(C)c2ccc(-c3ccc4nccn4c3C)s2)n1,0.10520515618500886,0.7540983606557377
rxn:2:168185:147455,COc1cccc2c(CCC(C)NC3CCN(c4ncnc5scc(C)c45)CC3)c[nH]c12,0.10519276186823845,0.717948717948718
rxn:2:109584:157753,CCc1c[nH]c2ncnc(-c3ccc(C(C)NCCc4c[nH]c5cc(C)cc(C)c45)s3)c12,0.1051657646894455,0.8
rxn:2:109836:158710,CCc1[nH]cnc1CCNC(C)c1ccc(-c2ccnc3[nH]cc(C)c23)s1,0.10515364894160519,0.896551724137931
rxn:2:108710:157753,CCc1ncnc(NC(C)c2ccc(-c3ncnc4[nH]cc(CC)c34)s2)n1,0.1051485847543787,0.7796610169491526
rxn:2:126914:147854,Cc1nn(C)c2ccc(-c3ccc(C(C)NCc4c[nH]c(C(C)C)n4)s3)cc12,0.1051476810659681,0.7352941176470589
rxn:2:93093:165909,CSc1ncc(-c2ccc(C(C)NCc3cc4c(s3)CCSC4)s2)c2nncn12,0.10514230152656293,0.7066666666666667
rxn:2:86912:147854,CCc1cccc2[nH]c(CNC(C)c3ccc(-c4ccc5c(c4)c(C)nn5C)s3)nc12,0.10511733255078716,0.7323943661971831
rxn:2:123961:156548,Cc1cccc2[nH]cc(CCNC(C)c3ccc(-c4cccc5nsnc45)s3)c12,0.10511434489283068,0.828125
rxn:2:97260:157753,CCCc1c(C)noc1NC(C)c1ccc(-c2ncnc3[nH]cc(CC)c23)s1,0.10510379076004028,0.7272727272727273
rxn:2:109218:171510,CCC(NCc1nc2c(C)cc(C)cc2[nH]1)c1ccc(-c2ccc3ncsc3c2)s1,0.10508629480997721,0.8153846153846154
rxn:2:123011:145452,COc1nscc1CNC(C)c1ccc(-c2ccc3cc[nH]c(=O)c3c2)s1,0.10508352738839609,0.6956521739130435
rxn:2:112352:159258,CC(NCc1cc2ccncn2c1)c1ncc(-c2ccc3ncsc3c2)s1,0.10507723137184426,0.6507936507936508
rxn:2:78664:150247,CC(NCCc1nsc2ccccc12)c1ccc(-c2ccc3n[nH]c(=O)n3c2)s1,0.10504431149055218,0.618421052631579
rxn:2:76423:158710,CCC(C)c1cc(CNC(C)c2ccc(-c3ccnc4[nH]cc(C)c34)s2)nc(C2CC2)n1,0.1050432100892067,0.8769230769230769
rxn:2:74971:158710,Cc1c[nH]c2nccc(-c3ccc(C(C)Nc4cnc5cc(C(C)C)nn5c4)s3)c12,0.10504162311553955,0.7794117647058824
rxn:2:95129:161792,Cc1cn2cc(CNC(C)c3ccc(-c4cc5c(=O)nc[nH]c5s4)cn3)nc2s1,0.1050390128431649,0.7536231884057971
rxn:2:117641:145209,CCCn1nc(CNC(C)c2ccc(-c3cc(C)c4c(cnn4C)c3)s2)cc1C(C)C,0.10503374376604634,0.75
rxn:2:137383:157804,COc1ccc2ncnc(-c3ccc(C(C)NCc4cc5cc(C)cc(C)c5o4)s3)c2c1,0.10502371191978455,0.6911764705882353
rxn:2:123961:165909,CSc1ncc(-c2ccc(C(C)NCCc3c[nH]c4cccc(C)c34)s2)c2nncn12,0.10499502766516901,0.8133333333333334
rxn:2:160110:157753,CCc1nn(-c2cc(C(C)C)ccn2)cc1CNC(C)c1ccc(-c2ncnc3[nH]cc(CC)c23)s1,0.10499258504973517,0.7183098591549296
rxn:2:103609:164117,Cc1nc(CNC(C)c2ccc(-c3cc4c(cn3)ncn4C)s2)cc(C(C)(C)C)n1,0.10498705307642618,0.7076923076923077
rxn:2:95971:142273,CC(NCc1cc2n(n1)CCSC2)c1ccc(-c2cnc(N(C)C)s2)s1,0.10498237609863281,0.6142857142857143
rxn:2:76129:147854,CCCn1ccnc1CCNC(C)c1ccc(-c2ccc3c(c2)c(C)nn3C)s1,0.10498031254472404,0.6619718309859155
rxn:2:88321:158710,Cc1nc(CNC(C)c2ccc(-c3ccnc4[nH]cc(C)c34)s2)cc(C2CC2)n1,0.10496341771092908,0.8548387096774194
rxn:2:120479:149983,COc1cnc2[nH]cc(-c3ccc(C(C)NCc4nc(-c5cccs5)n[nH]4)s3)c2c1,0.10495438575744628,0.7027027027027027
rxn:2:84157:156548,CCCc1ncc(CCNC(C)c2ccc(-c3cccc4nsnc34)s2)c(C)n1,0.10495316160136256,0.676923076923077
rxn:2:81768:156548,CCc1nc(CNC(C)c2ccc(-c3cccc4nsnc34)s2)ccc1OC,0.10495235451630183,0.8
rxn:2:137181:145452,Cc1cc(CNC(C)c2ccc(-c3ccc4cc[nH]c(=O)c4c3)s2)nn1C(C)C,0.10495229014034929,0.7647058823529411
rxn:2:123574:151299,COCc1nc(CNC(C)c2ccc(-c3ccc4nccn4c3C)s2)c[nH]1,0.10494328869713677,0.7272727272727273
rxn:2:75661:151299,Cc1c(-c2ccc(C(C)NCc3ccnc(C(C)C)n3)s2)ccc2nccn12,0.10493903500693184,0.7666666666666667
rxn:2:128543:157188,CCn1nc(CNC(C)c2ccc(-c3ccnc(C)c3OC)s2)cc1CC(C)C,0.10493885648661647,0.7014925373134329
rxn:2:120704:145452,CC(NCc1ccc2c(c1)ncn2C1CC1)c1ccc(-c2ccc3cc[nH]c(=O)c3c2)s1,0.10493718832731247,0.696969696969697
rxn:2:78648:145452,CC(NCc1nc(C2CCSCC2)no1)c1ccc(-c2ccc3cc[nH]c(=O)c3c2)s1,0.10493367525839037,0.6756756756756757
rxn:2:106227:147854,Cc1ccn2nc(CNC(C)c3ccc(-c4ccc5c(c4)c(C)nn5C)s3)cc2c1,0.1048783262570699,0.6666666666666666
rxn:2:144952:145452,CC(C)c1c[nH]c2nc(N3CCC(NC(C)c4ccc(-c5ccc6cc[nH]c(=O)c6c5)s4)C3)ncc12,0.10487469534079234,0.6666666666666666
rxn:2:86646:142264,CCC(NCCc1[nH]ncc1C(C)C)c1ccc(-c2ccc3c(cnn3C)c2)s1,0.10487121960212445,0.6712328767123288
rxn:2:93089:158710,CSc1ccc(CNC(C)c2ccc(-c3ccnc4[nH]cc(C)c34)s2)cc1C,0.1048646696976253,0.7419354838709677
rxn:2:105761:149983,COc1cnc2[nH]cc(-c3ccc(C(C)NCc4csc(-c5cnn(CC(C)C)c5)n4)s3)c2c1,0.10482460611006793,0.8076923076923077
rxn:2:117291:157753,CCc1c[nH]c2ncnc(-c3ccc(C(C)NCc4cc(-c5ccco5)n(C)n4)s3)c12,0.10480559641315092,0.6710526315789473
rxn:2:121147:145452,CC(NCc1cc2c(s1)CCCS2)c1ccc(-c2ccc3cc[nH]c(=O)c3c2)s1,0.10480457955393298,0.7727272727272727
rxn:2:66421:158710,Cc1ccoc1-c1ocnc1CNC(C)c1ccc(-c2ccnc3[nH]cc(C)c23)s1,0.10480094750722249,0.6567164179104478
rxn:2:109584:149880,Cc1cc(C)c2c(CCNC(C)c3ccc(-c4ccc5n[nH]c(=O)n5n4)s3)c[nH]c2c1,0.10479101442521618,0.7397260273972602
rxn:2:74286:157753,CCc1nc(NC(C)c2ccc(-c3ncnc4[nH]cc(CC)c34)s2)c2cn(C)cc2n1,0.10477639782813288,0.6527777777777778
rxn:2:134313:161792,CC(NCc1cc2c(s1)CSCC2)c1ccc(-c2cc3c(=O)nc[nH]c3s2)cn1,0.10477317612746666,0.8769230769230769
rxn:2:125529:158710,Cc1c[nH]c2nccc(-c3ccc(C(C)NCC4CSCCS4)s3)c12,0.10477266073226929,0.6417910447761194
rxn:2:100176:148983,CC(NCc1nn(C2CC2)c2c1CCCC2)c1ccc(-c2ccc3o[nH]c(=O)c3c2)s1,0.10473649347982099,0.68
rxn:2:73714:145452,CC(NCc1nc(-c2cccs2)c[nH]1)c1ccc(-c2ccc3cc[nH]c(=O)c3c2)s1,0.10473299423853556,0.7536231884057971
rxn:2:91814:145452,CC(C)c1nsc(CNC(C)c2ccc(-c3ccc4cc[nH]c(=O)c4c3)s2)n1,0.1047298674072538,0.71875
rxn:2:125739:158710,Cc1c[nH]c2nccc(-c3ccc(C(C)NCC(C)CSc4ncn[nH]4)s3)c12,0.10471746964114052,0.5942028985507246
rxn:2:139997:157753,CCc1c[nH]c2ncnc(-c3ccc(C(C)Nc4cc(-c5nnc(C)n5C)[nH]n4)s3)c12,0.10471537036280479,0.7361111111111112
rxn:2:128716:157753,CCCOc1ccnc(NC(C)c2ccc(-c3ncnc4[nH]cc(CC)c34)s2)n1,0.1046881757933518,0.6857142857142857
rxn:2:114469:157753,CCCC(NC(C)c1ccc(-c2ncnc3[nH]cc(CC)c23)s1)c1cc(=O)[nH]o1,0.10468551619299526,0.5945945945945946
rxn:2:115125:157854,CCn1ncc2cc(-c3cnc(C(C)NCc4cc5[nH]ccc5cn4)s3)ccc21,0.1046689666550735,0.7164179104477612
rxn:2:82806:145452,Cc1c(C(C)C)n[nH]c1CNC(C)c1ccc(-c2ccc3cc[nH]c(=O)c3c2)s1,0.10466040825021677,0.7230769230769231
rxn:2:132332:157753,CCc1c[nH]c2ncnc(-c3ccc(C(C)NCC4(n5ccnn5)CCC4)s3)c12,0.10465039466989451,0.6363636363636364
rxn:2:133625:157753,CCc1c[nH]c2ncnc(-c3ccc(C(C)NCCc4nn(C)c5ccsc45)s3)c12,0.10464852650960287,0.6533333333333333
rxn:2:110853:148983,Cc1nn2c(CCNC(C)c3ccc(-c4ccc5o[nH]c(=O)c5c4)s3)cnc2s1,0.10464237476217336,0.6388888888888888
rxn:2:98405:147854,Cc1c[nH]c2nc(CNC(C)c3ccc(-c4ccc5c(c4)c(C)nn5C)s3)ncc12,0.10464115142822265,0.7
rxn:2:137181:145209,Cc1cc(-c2ccc(C(C)NCc3cc(C)n(C(C)C)n3)s2)cc2cnn(C)c12,0.10463159248746674,0.7627118644067796
rxn:2:128429:148983,CC(NCc1ccc2c(c1)N(C)CCC2)c1ccc(-c2ccc3o[nH]c(=O)c3c2)s1,0.10461573799451192,0.782608695652174
rxn:2:85591:164117,CCC(C)c1cc(CNC(C)c2ccc(-c3cc4c(cn3)ncn4C)s2)nc(C)n1,0.10460875431696574,0.696969696969697
rxn:2:112422:166336,COc1cn[nH]c(=O)c1-c1ccc(C(C)Nc2ccc(C)c3nsnc23)s1,0.10460480495735451,0.6231884057971014
rxn:2:90792:151299,Cc1c(-c2ccc(C(C)NCc3cc(C4CC4)n(C4CC4)n3)s2)ccc2nccn12,0.10459993282953899,0.8153846153846154
rxn:2:112263:151299,Cc1c(-c2ccc(C(C)NCc3cc4c(s3)CCOC4)s2)ccc2nccn12,0.10458825315747942,0.7611940298507462
rxn:2:69319:156548,CC1CCc2nc(CNC(C)c3ccc(-c4cccc5nsnc45)s3)cn2C1,0.1045831825051989,0.6338028169014085
rxn:2:138822:145209,Cc1cc(-c2ccc(C(C)NCCc3occ4ccccc34)s2)cc2cnn(C)c12,0.1045805037021637,0.6901408450704225
rxn:2:124785:157753,CCc1c[nH]c2ncnc(-c3ccc(C(C)NCc4nc(C(C)C)c[nH]4)s3)c12,0.10457732422011239,0.7258064516129032
rxn:2:107997:169604,CC(NCCc1nc[nH]c1C1CCC1)c1ccc(-c2ccc3ncsc3c2)s1,0.10455576011112758,0.7611940298507462
rxn:2:134399:145452,CC(NCc1cc(-c2ccco2)nc(C2CC2)n1)c1ccc(-c2ccc3cc[nH]c(=O)c3c2)s1,0.10455321389086106,0.7777777777777778
rxn:2:111512:145452,CC(NCc1nc2c(s1)CCCC2(C)C)c1ccc(-c2ccc3cc[nH]c(=O)c3c2)s1,0.10455229782289074,0.7428571428571429
rxn:2:136916:149983,CCn1cc(CNC(C)c2ccc(-c3c[nH]c4ncc(OC)cc34)s2)ccc1=O,0.10455161538617365,0.684931506849315
rxn:2:137050:158710,Cc1c[nH]c2nccc(-c3ccc(C(C)Nc4cc5n(n4)CCO5)s3)c12,0.10453831920256981,0.7391304347826086
rxn:2:75971:158710,CCC1CC1CCNC(C)c1ccc(-c2ccnc3[nH]cc(C)c23)s1,0.10453712940216064,0.7301587301587301
rxn:2:113893:145209,Cc1cc(-c2ccc(C(C)NCC3(c4ccon4)CCC3)s2)cc2cnn(C)c12,0.10453229114927094,0.6285714285714286
rxn:2:127285:145209,COCc1nnc(CNC(C)c2ccc(-c3cc(C)c4c(cnn4C)c3)s2)[nH]1,0.10452569382531303,0.78125
rxn:2:99789:151299,Cc1c(-c2ccc(C(C)NCc3c[nH]nc3CC3CCC3)s2)ccc2nccn12,0.10451782160791857,0.6486486486486487
rxn:2:85041:158710,CCc1cc(CNC(C)c2ccc(-c3ccnc4[nH]cc(C)c34)s2)cc(C)n1,0.104506573506764,0.7384615384615385
rxn:2:120180:158710,CCc1cc2ncc(NC(C)c3ccc(-c4ccnc5[nH]cc(C)c45)s3)cn2n1,0.10450446605682373,0.7571428571428571
rxn:2:81567:171510,CCC(NCCc1cn2c(C)csc2n1)c1ccc(-c2ccc3ncsc3c2)s1,0.10449860835897512,0.75
rxn:2:138190:155996,Cc1nc(CNC(C)c2ccc(-c3cc(OC(C)C)ncn3)s2)cc2ccccc12,0.10449646711349488,0.6142857142857143
rxn:2:84444:151299,Cc1sc2nc(CNC(C)c3ccc(-c4ccc5nccn5c4C)s3)cn2c1C,0.10448420869893041,0.7384615384615385
rxn:2:114693:145452,CC(NCc1cn2nc(C3CC3)ccc2n1)c1ccc(-c2ccc3cc[nH]c(=O)c3c2)s1,0.10448193736374378,0.7972972972972973
rxn:2:139209:161514,CC(Nc1n[nH]c(=O)[nH]1)c1cc(-c2ccc3c(c2)CC3)cs1,0.10448170521042564,0.84
rxn:2:74312:157753,CCc1nn2nc(NC(C)c3ccc(-c4ncnc5[nH]cc(CC)c45)s3)cc2[nH]1,0.10447350452686179,0.6363636363636364
rxn:2:152489:157804,COc1ccc2ncnc(-c3ccc(C(C)NCCc4cn5c(-c6cn[nH]c6)csc5n4)s3)c2c1,0.10447237491607667,0.7228915662650602
rxn:2:127747:158710,Cc1c[nH]c2nccc(-c3ccc(C(C)NCCc4n[nH]c5ccsc45)s3)c12,0.10446509293147496,0.7878787878787878
rxn:2:77609:148983,CCc1cccc2oc(CNC(C)c3ccc(-c4ccc5o[nH]c(=O)c5c4)s3)nc12,0.1044491430123647,0.6714285714285714
rxn:2:68601:145209,Cc1cc(-c2ccc(C(C)NCc3nc(-c4ccsc4)no3)s2)cc2cnn(C)c12,0.10444444417953491,0.8529411764705882
rxn:2:156787:162492,CCn1cnc2cc(-c3ncc(C(C)NCc4cc(-c5cnoc5C)nc(C5CC5)n4)s3)ccc21,0.10442152023315429,0.6091954022988506
rxn:2:116161:157188,COc1c(-c2ccc(C(C)Nc3nc4c([nH]3)CCSC4)s2)ccnc1C,0.10441742035058829,0.6
rxn:2:128543:145452,CCn1nc(CNC(C)c2ccc(-c3ccc4cc[nH]c(=O)c4c3)s2)cc1CC(C)C,0.10441617427333709,0.8461538461538461
rxn:2:108452:145452,CC(NCc1cc2n(C)ccn2n1)c1ccc(-c2ccc3cc[nH]c(=O)c3c2)s1,0.10440387602510123,0.7285714285714285
rxn:2:84557:157753,CCc1c[nH]c2ncnc(-c3ccc(C(C)Nc4cc5n(n4)CCCCC5)s3)c12,0.10439707081893394,0.6133333333333333
rxn:2:114623:169604,CC(NCc1nnc(C2CCCO2)[nH]1)c1ccc(-c2ccc3ncsc3c2)s1,0.10439303304467883,0.6428571428571429
rxn:2:93632:173019,CC(=O)n1cc(-c2ccc(C(C)NCc3nc4c(s3)CSCC4)s2)c2ccccc21,0.10438117782274882,0.75
rxn:2:65807:145209,Cc1cc(-c2ccc(C(C)NCC3CC3c3ccco3)s2)cc2cnn(C)c12,0.10437487704413277,0.7428571428571429
rxn:2:124006:145209,COc1sc(C(C)(C)C)cc1CNC(C)c1ccc(-c2cc(C)c3c(cnn3C)c2)s1,0.10437074592036585,0.8125
rxn:2:108529:170354,CC(Nc1nc2cnncc2[nH]1)c1cccc(-c2cc3sccc3s2)n1,0.10436759545252873,0.6949152542372882
rxn:2:84792:145452,Cc1cn2nc(CNC(C)c3ccc(-c4ccc5cc[nH]c(=O)c5c4)s3)ccc2n1,0.10436267058054606,0.8333333333333334
rxn:2:102119:145452,CSCc1noc(CNC(C)c2ccc(-c3ccc4cc[nH]c(=O)c4c3)s2)n1,0.10436060386044639,0.6756756756756757
rxn:2:160110:156548,CCc1nn(-c2cc(C(C)C)ccn2)cc1CNC(C)c1ccc(-c2cccc3nsnc23)s1,0.10434951852349673,0.675
rxn:2:86506:158710,CCc1csc2nc(NC(C)c3ccc(-c4ccnc5[nH]cc(C)c45)s3)nn12,0.10434135368892125,0.6575342465753424
rxn:2:87222:145452,CC(C)c1cc(CCNC(C)c2ccc(-c3ccc4cc[nH]c(=O)c4c3)s2)no1,0.10432769512308054,0.7424242424242424
rxn:2:93093:150504,CC(NCc1cc2c(s1)CCSC2)n1cc(-c2nc3c(s2)C(=O)CCC3)cn1,0.10431964908327375,0.48314606741573035
rxn:2:97860:173019,CCCc1[nH]cnc1CCNC(C)c1ccc(-c2cn(C(C)=O)c3ccccc23)s1,0.10431509017944336,0.7714285714285715
rxn:2:150051:151299,Cc1[nH]c(CNC(C)c2ccc(-c3ccc4nccn4c3C)s2)nc1Cc1ccc(C(C)C)cc1,0.10430103710719517,0.6805555555555556
rxn:2:125410:145452,CC(NCc1nn(C)c2c1CCC(F)C2)c1ccc(-c2ccc3cc[nH]c(=O)c3c2)s1,0.10429782252157888,0.6794871794871795
rxn:2:141695:113963,CSCCC(NC(C)c1cc(-c2cc[nH]c2)cs1)c1nnn[nH]1,0.10429781934489375,0.6825396825396826
rxn:2:127844:170874,CCN1CCc2ccc(CNC(C)c3ccc(-c4cc(C)c5ncccc5c4)s3)cc21,0.10429511916252875,0.7027027027027027
rxn:2:101490:157188,COc1c(-c2ccc(C(C)NCc3cn4c5c(sc4n3)CCC5)s2)ccnc1C,0.1042841857877271,0.7083333333333334
rxn:2:77548:149983,COc1cnc2[nH]cc(-c3ccc(C(C)NCc4cccc(C5CC5)n4)s3)c2c1,0.10427722026561868,0.7941176470588235
rxn:2:107072:145209,COCc1c(CNC(C)c2ccc(-c3cc(C)c4c(cnn4C)c3)s2)nnn1C1CC1,0.10426888927336662,0.684931506849315
rxn:2:110124:145452,CC(NCc1nc2c(s1)CC(C)(C)CC2)c1ccc(-c2ccc3cc[nH]c(=O)c3c2)s1,0.10426086379635718,0.7681159420289855
rxn:2:159895:158710,Cc1c[nH]c2nccc(-c3ccc(C(C)NCc4cc(-c5ccccn5)n[nH]c4=O)s3)c12,0.10425899177789688,0.7464788732394366
rxn:2:86444:149983,COc1cnc2[nH]cc(-c3ccc(C(C)NCc4c[nH]c(C5CCCC5)n4)s3)c2c1,0.10425861279169718,0.7222222222222222
rxn:2:74308:156548,CCc1nn2cc(CCNC(C)c3ccc(-c4cccc5nsnc45)s3)nc2s1,0.10425295706452994,0.8571428571428571
rxn:2:126961:145209,Cc1cc(-c2ccc(C(C)NCc3ncc4cc[nH]c4n3)s2)cc2cnn(C)c12,0.10424005574193494,0.7846153846153846
rxn:2:135419:149983,COc1cnc2[nH]cc(-c3ccc(C(C)NCc4noc(-c5ccc[nH]5)n4)s3)c2c1,0.10423237482706706,0.6375
rxn:2:105797:145452,CCCn1cnc(CNC(C)c2ccc(-c3ccc4cc[nH]c(=O)c4c3)s2)c1,0.10419172474316188,0.782608695652174
rxn:2:90792:170874,Cc1cc(-c2ccc(C(C)NCc3cc(C4CC4)n(C4CC4)n3)s2)cc2cccnc12,0.10418830187089982,0.8088235294117647
rxn:2:118855:145452,CCOc1cc(CNC(C)c2ccc(-c3ccc4cc[nH]c(=O)c4c3)s2)nn1C,0.10418445899568755,0.8787878787878788
rxn:2:94703:158710,Cc1ccc(-c2ccnc(NC(C)c3ccc(-c4ccnc5[nH]cc(C)c45)s3)n2)o1,0.10417885780334472,0.676923076923077
rxn:2:87855:145209,CCCSc1nc(NC(C)c2ccc(-c3cc(C)c4c(cnn4C)c3)s2)ns1,0.10417114411081586,0.6056338028169014
rxn:2:86646:145452,CC(C)c1cn[nH]c1CCNC(C)c1ccc(-c2ccc3cc[nH]c(=O)c3c2)s1,0.10416481412690261,0.7205882352941176
rxn:2:124934:145452,Cc1ccnc2nc(CNC(C)c3ccc(-c4ccc5cc[nH]c(=O)c5c4)s3)[nH]c12,0.1041593352953593,0.704225352112676
rxn:2:84866:169604,CC(NCCc1cc(-c2ccc[nH]2)n(C)n1)c1ccc(-c2ccc3ncsc3c2)s1,0.10414303143819173,0.8181818181818182
rxn:2:74902:124273,CSc1n[nH]c(NC(C)c2ccc(-c3cnsc3)s2)n1,0.10411192774772644,0.7169811320754716
rxn:2:71544:161792,CC(NCc1cc(C2CCCC2)n(C)n1)c1ccc(-c2cc3c(=O)nc[nH]c3s2)cn1,0.10411099080116518,0.6891891891891891
rxn:2:103485:168965,COc1cccc2c(CNC(C)c3ccc(-c4cccc(-c5cnco5)c4)s3)c[nH]c12,0.10408767192594466,0.7941176470588235
rxn:2:121718:166336,CCn1nc(CNC(C)c2ccc(-c3c(OC)cn[nH]c3=O)s2)cc1CC1CC1,0.10407628889741569,0.8805970149253731
rxn:2:110348:145452,Cc1[nH]c(=O)c(CNC(C)c2ccc(-c3ccc4cc[nH]c(=O)c4c3)s2)c2c1CCC2,0.10406173044635404,0.7205882352941176
rxn:2:126914:158710,Cc1c[nH]c2nccc(-c3ccc(C(C)NCc4c[nH]c(C(C)C)n4)s3)c12,0.1040609633481061,0.7758620689655172
rxn:2:107361:164117,CCc1nn2cc(CNC(C)c3ccc(-c4cc5c(cn4)ncn5C)s3)nc2s1,0.10405207091364367,0.6575342465753424
rxn:2:107315:147854,CCc1c[nH]c2cc(CNC(C)c3ccc(-c4ccc5c(c4)c(C)nn5C)s3)ccc12,0.10404930191655312,0.8307692307692308
rxn:2:121718:165909,CCn1nc(CNC(C)c2ccc(-c3cnc(SC)n4cnnc34)s2)cc1CC1CC1,0.10403951137296615,0.8028169014084507
rxn:2:112504:145452,Cc1[nH]c(=O)c(CNC(C)c2ccc(-c3ccc4cc[nH]c(=O)c4c3)s2)c2occc12,0.10403101290425947,0.6619718309859155
rxn:2:101490:170892,CC(NCc1cn2c3c(sc2n1)CCC3)c1ccc(-c2cc3sccc3s2)s1,0.10402691151414599,0.6338028169014085
rxn:2:89971:158710,Cc1c[nH]c2nccc(-c3ccc(C(C)NCCC4CC4c4cnc5cc[nH]c5c4)s3)c12,0.1040217224508524,0.8571428571428571
rxn:2:138881:148983,Cc1csc2nc(CNC(C)c3ccc(-c4ccc5o[nH]c(=O)c5c4)s3)cn12,0.10401877760887146,0.7761194029850746
rxn:2:76015:149983,COc1cnc2[nH]cc(-c3ccc(C(C)NCCc4nn(C)c5c4CCCC5)s3)c2c1,0.10401387368479083,0.7105263157894737
rxn:2:84444:142273,Cc1sc2nc(CNC(C)c3ccc(-c4cnc(N(C)C)s4)s3)cn2c1C,0.10401254230075413,0.640625
rxn:2:104622:151299,COc1ccccc1-c1cc(CNC(C)c2ccc(-c3ccc4nccn4c3C)s2)no1,0.10399328172206879,0.684931506849315
rxn:2:93685:145452,CCC(C)c1nc(CNC(C)c2ccc(-c3ccc4cc[nH]c(=O)c4c3)s2)co1,0.10398976556186018,0.746268656716418
rxn:2:135306:165909,CSc1ncc(-c2ccc(C(C)NCCc3nc4c(o3)CCSC4)s2)c2nncn12,0.10398033062616983,0.65
rxn:2:107997:165909,CSc1ncc(-c2ccc(C(C)NCCc3nc[nH]c3C3CCC3)s2)c2nncn12,0.10397959748903911,0.6794871794871795
rxn:2:83428:70971,CSc1ncc(C)c(C(C)Nc2n[nH]c(=O)[nH]c2=O)n1,0.10394562780857086,0.68
rxn:2:72207:157753,CCc1c[nH]c2ncnc(-c3ccc(C(C)NC4CCN(c5ncnc6ccsc56)C4)s3)c12,0.10393929300886212,0.7215189873417721
rxn:2:123420:145209,COc1sc2c(c1CNC(C)c1ccc(-c3cc(C)c4c(cnn4C)c3)s1)CCCN2C,0.10393764451146126,0.6575342465753424
rxn:2:136710:151299,CCc1nc(CNC(C)c2ccc(-c3ccc4nccn4c3C)s2)ccc1OC1CC1,0.10390825617697931,0.6986301369863014
rxn:2:83020:157403,COc1cncnc1-c1ccc(C(C)Nc2ncnc(SC)n2)s1,0.10390191525220871,0.8035714285714286
rxn:2:132220:148983,CSc1ncc(CNC(C)c2ccc(-c3ccc4o[nH]c(=O)c4c3)s2)cc1C,0.10389973436083112,0.7692307692307693
rxn:2:119190:145209,Cc1cc(-c2ccc(C(C)NCc3cncc(N(C)C)c3)s2)cc2cnn(C)c12,0.10389906784583783,0.7903225806451613
rxn:2:110327:158710,Cc1c[nH]c2nccc(-c3ccc(C(C)NCc4cnn(CC5CC5(F)F)c4)s3)c12,0.10389751195907593,0.6986301369863014
rxn:2:141979:150247,Cc1c[nH]c2cc(CNC(C)c3ccc(-c4ccc5n[nH]c(=O)n5c4)s3)ccc12,0.10389221536702123,0.6233766233766234
rxn:2:127199:156548,CC(NCc1cc(=O)[nH]c(C2CC2)n1)c1ccc(-c2cccc3nsnc23)s1,0.10388476295130593,0.7101449275362319
rxn:2:96115:145452,CCc1nc(C(C)C)nc2[nH]cc(CNC(C)c3ccc(-c4ccc5cc[nH]c(=O)c5c4)s3)c12,0.10387544772204231,0.6575342465753424
rxn:2:144549:158710,Cc1c[nH]c2nccc(-c3ccc(C(C)Nc4nc(=O)c5c6c(sc5[nH]4)CSCC6)s3)c12,0.10386498458683491,0.589041095890411
rxn:2:91925:158710,CSc1cnc(CNC(C)c2ccc(-c3ccnc4[nH]cc(C)c34)s2)cc1C,0.10386161719049726,0.7096774193548387
rxn:2:87584:164912,CCc1c(CNC(c2ccc(-c3cc4c(=O)nc[nH]c4s3)cc2)C(C)C)cnc2c1CCC2,0.10385837157567342,0.7638888888888888
rxn:2:141826:148983,CC[C@@H]1C[C@H]1CCNC(C)c1ccc(-c2ccc3o[nH]c(=O)c3c2)s1,0.10385318279266358,0.703125
rxn:2:84312:149983,COc1cnc2[nH]cc(-c3ccc(C(C)NCc4cc5n(n4)CCC(C)C5)s3)c2c1,0.10385064284006755,0.6933333333333334
rxn:2:160110:165126,CCc1nn(-c2cc(C(C)C)ccn2)cc1CNC(C)c1ccc(-c2ccnc3[nH]ncc23)s1,0.10382041335105896,0.7671232876712328
rxn:2:66267:145209,Cc1cc(-c2ccc(C(C)NCCn3nnnc3C3CCCCC3)s2)cc2cnn(C)c12,0.10381697677075863,0.6712328767123288
rxn:2:95283:142264,CCC(NCCc1ncn2ccccc12)c1ccc(-c2ccc3c(cnn3C)c2)s1,0.10380139748255411,0.6666666666666666
rxn:2:73462:147854,Cc1nn(C)c2ccc(-c3ccc(C(C)NCCc4cn5ccsc5n4)s3)cc12,0.10379824967219911,0.7428571428571429
rxn:2:138190:168965,Cc1nc(CNC(C)c2ccc(-c3cccc(-c4cnco4)c3)s2)cc2ccccc12,0.10378375745588733,0.7164179104477612
rxn:2:90835:156548,CC(NCCc1cc(C2CC2)on1)c1ccc(-c2cccc3nsnc23)s1,0.10376191359979135,0.6865671641791045
rxn:2:98918:149983,COc1cnc2[nH]cc(-c3ccc(C(C)NCCc4nc(C)n5c4CCCC5)s3)c2c1,0.1037570430386451,0.6625
rxn:2:95971:170892,CC(NCc1cc2n(n1)CCSC2)c1ccc(-c2cc3sccc3s2)s1,0.1037556712444012,0.5972222222222222
rxn:2:90091:156548,CC(NCc1csc(N2CCCC2)n1)c1ccc(-c2cccc3nsnc23)s1,0.10375541022845677,0.696969696969697
rxn:2:111860:145452,Cc1cc(CNC(C)c2ccc(-c3ccc4cc[nH]c(=O)c4c3)s2)cc(C2CC2)n1,0.10375423431396484,0.7692307692307693
rxn:2:121898:149983,COc1cnc2[nH]cc(-c3ccc(C(C)NCCc4n[nH]c5c(C)cccc45)s3)c2c1,0.10374272061932471,0.8028169014084507
rxn:2:123016:155002,Cc1ccc(-c2ccc(C(C)NCCc3c[nH]nc3C(C)C)s2)c2cn[nH]c12,0.10373942341123309,0.7777777777777778
rxn:2:107315:148983,CCc1c[nH]c2cc(CNC(C)c3ccc(-c4ccc5o[nH]c(=O)c5c4)s3)ccc12,0.10373019774754842,0.7313432835820896
rxn:2:127539:168965,CC(NCc1cc(C(C)(C)C)[nH]n1)c1ccc(-c2cccc(-c3cnco3)c2)s1,0.10372869721774397,0.6716417910447762
rxn:2:84444:156548,Cc1sc2nc(CNC(C)c3ccc(-c4cccc5nsnc45)s3)cn2c1C,0.103708130972726,0.7301587301587301
rxn:2:100075:157753,CCc1c[nH]c2ncnc(-c3ccc(C(C)Nc4nc(OC)nc5[nH]ccc45)s3)c12,0.10370788176854452,0.6619718309859155
rxn:2:135604:170874,COc1nc(CNC(C)c2ccc(-c3cc(C)c4ncccc4c3)s2)ccc1C1CC1,0.10369897657825101,0.6901408450704225
rxn:2:77576:151299,Cc1c(-c2ccc(C(C)NCc3cc(C4CC4)ccn3)s2)ccc2nccn12,0.10369150340557098,0.7272727272727273
rxn:2:141979:155263,Cc1cc(-c2ccncc2)cn(CCC(C)NCc2ccc3c(C)c[nH]c3c2)c1=O,0.10369077126185099,0.41975308641975306
rxn:2:107361:159258,CCc1nn2cc(CNC(C)c3ncc(-c4ccc5ncsc5c4)s3)nc2s1,0.1036896790776934,0.873015873015873
rxn:2:90109:145452,Cc1ccc2oc(CNC(C)c3ccc(-c4ccc5cc[nH]c(=O)c5c4)s3)cc2c1,0.10366817315419515,0.7846153846153846
rxn:2:96169:158710,Cc1c[nH]c2nccc(-c3ccc(C(C)NCCc4nn(C)c5ccccc45)s3)c12,0.10365125139554342,0.7536231884057971
rxn:2:111512:168965,CC(NCc1nc2c(s1)CCCC2(C)C)c1ccc(-c2cccc(-c3cnco3)c2)s1,0.10363138106561476,0.7361111111111112
rxn:2:138643:169604,CC(NC1CC(c2nc(-c3cc[nH]c3)c[nH]2)C1)c1ccc(-c2ccc3ncsc3c2)s1,0.10362422466278076,0.8
rxn:2:93880:148983,Cc1cc(CNC(C)c2ccc(-c3ccc4o[nH]c(=O)c4c3)s2)nc2ccsc12,0.10360890832440607,0.7391304347826086
rxn:2:92918:167920,Cc1[nH]c(CCNC(C)c2ccc(-c3ccc4n[nH]c(C)c4c3)s2)nc1-c1ccc[nH]1,0.10360195175293953,0.7361111111111112
rxn:2:124807:148983,Cc1ccc2nc(CNC(C)c3ccc(-c4ccc5o[nH]c(=O)c5c4)s3)cn2c1,0.10359987308239114,0.803030303030303
rxn:2:80397:145209,Cc1cc(-c2ccc(C(C)NCc3ccn4nccc4c3)s2)cc2cnn(C)c12,0.10359487451356032,0.7313432835820896
rxn:2:66560:149983,COc1ccc2c(CNC(C)c3ccc(-c4c[nH]c5ncc(OC)cc45)s3)c[nH]c2c1,0.1035933090794471,0.7878787878787878
rxn:2:99028:145209,Cc1cc(-c2ccc(C(C)NCc3cc4n(C(C)C)ccn4n3)s2)cc2cnn(C)c12,0.10359005005128923,0.84375
rxn:2:97357:147854,CCc1nccc(CNC(C)c2ccc(-c3ccc4c(c3)c(C)nn4C)s2)n1,0.10355782083102635,0.7741935483870968
rxn:2:111860:157804,COc1ccc2ncnc(-c3ccc(C(C)NCc4cc(C)nc(C5CC5)c4)s3)c2c1,0.10355507173845845,0.6666666666666666
rxn:2:89733:148983,CC(NCc1ccc2cc[nH]c2c1)c1ccc(-c2ccc3o[nH]c(=O)c3c2)s1,0.10355222225189209,0.7205882352941176
rxn:2:70555:145209,COc1ncc(CCNC(C)c2ccc(-c3cc(C)c4c(cnn4C)c3)s2)cn1,0.10355063964580667,0.78125
rxn:2:104882:157753,CCc1c[nH]c2ncnc(-c3ccc(C(C)Nc4ccccc4OCc4ccon4)s3)c12,0.1035397257655859,0.7746478873239436
rxn:2:84515:158710,Cc1c[nH]c2nccc(-c3ccc(C(C)NC[C@H]4CC[C@H](c5nnc(-c6nc[nH]n6)o5)CC4)s3)c12,0.1035343987601144,0.654320987654321
rxn:2:138177:173019,CCC(C)c1cc(CNC(C)c2ccc(-c3cn(C(C)=O)c4ccccc34)s2)no1,0.10352131128311157,0.6712328767123288
rxn:2:73520:157804,COc1ccc2ncnc(-c3ccc(C(C)NCc4ccc5c(c4)CCN5C)s3)c2c1,0.10350889159787086,0.6986301369863014
rxn:2:69844:145452,CC(NCc1cnn2c1CC1(CC1)C2)c1ccc(-c2ccc3cc[nH]c(=O)c3c2)s1,0.10350558360417685,0.6233766233766234
rxn:2:115125:158710,Cc1c[nH]c2nccc(-c3ccc(C(C)NCc4cc5[nH]ccc5cn4)s3)c12,0.10350111126899719,0.71875
rxn:2:150051:157403,COc1cncnc1-c1ccc(C(C)NCc2nc(Cc3ccc(C(C)C)cc3)c(C)[nH]2)s1,0.10350039511015921,0.6575342465753424
rxn:2:111539:145209,Cc1cc(-c2ccc(C(C)NCCc3nc(-c4cccn4C)no3)s2)cc2cnn(C)c12,0.10349599085748196,0.855072463768116
rxn:2:86646:173019,CC(=O)n1cc(-c2ccc(C(C)NCCc3[nH]ncc3C(C)C)s2)c2ccccc21,0.10348052382469178,0.75
rxn:2:66560:147854,COc1ccc2c(CNC(C)c3ccc(-c4ccc5c(c4)c(C)nn5C)s3)c[nH]c2c1,0.10347397673514581,0.7222222222222222
rxn:2:125959:156548,Cc1cnc(CCNC(C)c2ccc(-c3cccc4nsnc34)s2)cc1C1CC1,0.1034678446835485,0.7058823529411765
rxn:2:83600:158710,Cc1c[nH]c2nccc(-c3ccc(C(C)NCCC4CCSC4)s3)c12,0.10346730709075928,0.6615384615384615
rxn:2:118881:145209,COc1sc2c(c1CNC(C)c1ccc(-c3cc(C)c4c(cnn4C)c3)s1)CSC2,0.10345614353815714,0.6805555555555556
rxn:2:132156:149983,COc1cnc2[nH]cc(-c3ccc(C(C)NCc4cn(C5CC5)c(=O)[nH]c4=O)s3)c2c1,0.10345544930427306,0.8028169014084507
rxn:2:129727:151299,Cc1c(-c2ccc(C(C)NCc3cc(-c4cccs4)[nH]n3)s2)ccc2nccn12,0.10345385814535207,0.7391304347826086
rxn:2:70967:151299,Cc1cnc2[nH]cc(CNC(C)c3ccc(-c4ccc5nccn5c4C)s3)c2n1,0.10344016757504694,0.6617647058823529
rxn:2:81535:156548,CC(NCc1ccnc(C2CC2)n1)c1ccc(-c2cccc3nsnc23)s1,0.10343678792317708,0.765625
rxn:2:74308:158710,CCc1nn2cc(CCNC(C)c3ccc(-c4ccnc5[nH]cc(C)c45)s3)nc2s1,0.10342814922332763,0.8615384615384616
rxn:2:70632:147854,Cc1ncc(CNC(C)c2ccc(-c3ccc4c(c3)c(C)nn4C)s2)nc1C,0.10342356988361903,0.7377049180327869
rxn:2:132500:157753,CCc1c[nH]c2ncnc(-c3ccc(C(C)NCCc4nnc(-c5ccc[nH]5)o4)s3)c12,0.10341539690571447,0.6933333333333334
rxn:2:83428:117115,Cc1ccc2c(c1C)CCC2Nc1n[nH]c(=O)[nH]c1=O,0.10341429114341735,0.7021276595744681
rxn:2:129259:158710,Cc1c[nH]c2nccc(-c3ccc(C(C)Nc4cc(CC5CCC5)n(C5CCOCC5)n4)s3)c12,0.10341260713689468,0.6626506024096386
rxn:2:97860:159258,CCCc1[nH]cnc1CCNC(C)c1ncc(-c2ccc3ncsc3c2)s1,0.10340561027880069,0.7704918032786885
rxn:2:126678:145209,CSc1nnc(CCNC(C)c2ccc(-c3cc(C)c4c(cnn4C)c3)s2)o1,0.10338489924158369,0.7123287671232876
rxn:2:106644:158710,Cc1c[nH]c2nccc(-c3ccc(C(C)Nc4ccn(C5CCOC5)n4)s3)c12,0.10337881105286735,0.6447368421052632
rxn:2:81768:170874,CCc1nc(CNC(C)c2ccc(-c3cc(C)c4ncccc4c3)s2)ccc1OC,0.1033755381902059,0.8088235294117647
rxn:2:139543:145209,Cc1cc(-c2ccc(C(C)NCCc3csc(N(C)C)n3)s2)cc2cnn(C)c12,0.10337252452455718,0.8412698412698413
rxn:2:93375:169604,CC(NCc1ncc(-c2cccs2)o1)c1ccc(-c2ccc3ncsc3c2)s1,0.10336402484348842,0.7538461538461538
rxn:2:97436:147854,COc1ccccc1-c1cc(CNC(C)c2ccc(-c3ccc4c(c3)c(C)nn4C)s2)on1,0.10335628914110588,0.6582278481012658
rxn:2:80678:145452,CC(NCc1cc2n(c1)CCCC2)c1ccc(-c2ccc3cc[nH]c(=O)c3c2)s1,0.10335218084269557,0.7142857142857143
rxn:2:71886:157188,COc1c(-c2ccc(C(C)NCCc3c[nH]c4cccc(OC)c34)s2)ccnc1C,0.103351891040802,0.7794117647058824
rxn:2:102433:171510,CCC(NCCc1cc(C2CC2)n(C)n1)c1ccc(-c2ccc3ncsc3c2)s1,0.10334619982489224,0.7313432835820896
rxn:2:107361:147854,CCc1nn2cc(CNC(C)c3ccc(-c4ccc5c(c4)c(C)nn5C)s3)nc2s1,0.10334409276644389,0.8253968253968254
rxn:2:95129:149983,COc1cnc2[nH]cc(-c3ccc(C(C)NCc4cn5cc(C)sc5n4)s3)c2c1,0.10333732078815329,0.7571428571428571
rxn:2:126914:156548,CC(C)c1nc(CNC(C)c2ccc(-c3cccc4nsnc34)s2)c[nH]1,0.10333031415939331,0.71875
rxn:2:114914:84225,CCc1ccc(-c2ccc(C(C)NCc3cn4cc(C)cc(C)c4n3)s2)s1,0.10331530924196597,0.7049180327868853
rxn:2:124519:158710,Cc1cc(C)n2cc(CNC(C)c3ccc(-c4ccnc5[nH]cc(C)c45)s3)nc2c1,0.10330642859141032,0.7164179104477612
rxn:2:77168:156548,CCC(CC)c1nn2cc(CNC(C)c3ccc(-c4cccc5nsnc45)s3)nc2s1,0.1033042227068255,0.7846153846153846
rxn:2:134154:145452,CCCc1cnc(CNC(C)c2ccc(-c3ccc4cc[nH]c(=O)c4c3)s2)s1,0.10330412217548915,0.8095238095238095
rxn:2:95971:164117,CC(NCc1cc2n(n1)CCSC2)c1ccc(-c2cc3c(cn2)ncn3C)s1,0.10329495583261762,0.7536231884057971
rxn:2:113674:157188,COc1c(-c2ccc(C(C)NCc3cc(C4CC4)nc(C4CC4)n3)s2)ccnc1C,0.10328869620958964,0.8412698412698413
rxn:2:126914:151299,Cc1c(-c2ccc(C(C)NCc3c[nH]c(C(C)C)n3)s2)ccc2nccn12,0.103287727744491,0.7741935483870968
rxn:2:106776:157854,CCn1ncc2cc(-c3cnc(C(C)NCc4cnc(-c5cc(C)sc5C)[nH]4)s3)ccc21,0.10328443720936775,0.6428571428571429
rxn:2:114538:145209,CCCCc1cc(CNC(C)c2ccc(-c3cc(C)c4c(cnn4C)c3)s2)nc(C)n1,0.10328260929353776,0.8360655737704918
rxn:2:90196:157753,CCc1c[nH]c2ncnc(-c3ccc(C(C)Nc4ncn(CC5CCCC5)n4)s3)c12,0.103270024061203,0.704225352112676
rxn:2:108286:169604,CCN(C)c1ccnc(CNC(C)c2ccc(-c3ccc4ncsc4c3)s2)c1,0.1032619561467852,0.7692307692307693
rxn:2:112609:159258,CC(C)c1cc(CCNC(C)c2ncc(-c3ccc4ncsc4c3)s2)on1,0.10325994756486681,0.746031746031746
rxn:2:130921:149983,CCc1nc(CCNC(C)c2ccc(-c3c[nH]c4ncc(OC)cc34)s2)c2n1CCCC2,0.10325159132480621,0.6585365853658537
rxn:2:77632:151299,Cc1c(-c2ccc(C(C)NCc3cn(-c4nccs4)nn3)s2)ccc2nccn12,0.10324259050961199,0.6857142857142857
rxn:2:108866:145452,CC(NCc1coc(-c2cccs2)n1)c1ccc(-c2ccc3cc[nH]c(=O)c3c2)s1,0.10323500633239746,0.7571428571428571
rxn:2:93093:157753,CCc1c[nH]c2ncnc(-c3ccc(C(C)NCc4cc5c(s4)CCSC5)s3)c12,0.1032346589811917,0.8615384615384616
rxn:2:120454:164117,CC(NCc1cnn(C(C)C2CC2)c1)c1ccc(-c2cc3c(cn2)ncn3C)s1,0.10323001598489695,0.6666666666666666
rxn:2:123016:142264,CCC(NCCc1c[nH]nc1C(C)C)c1ccc(-c2ccc3c(cnn3C)c2)s1,0.10322884855599239,0.6901408450704225
rxn:2:127301:149983,COc1cnc2[nH]cc(-c3ccc(C(C)NCc4cc(C(C)C)n(C5CC5)n4)s3)c2c1,0.10322003595290645,0.8142857142857143
rxn:2:82604:158710,Cc1c[nH]c2nccc(-c3ccc(C(C)NCc4cc(CC(C)C)no4)s3)c12,0.10321869381836482,0.746268656716418
rxn:2:75588:145452,CC(NCc1nc(C(C)(C)C)cs1)c1ccc(-c2ccc3cc[nH]c(=O)c3c2)s1,0.1032172523695847,0.734375
rxn:2:110494:147854,Cc1nn(C)c2ccc(-c3ccc(C(C)NCc4nnc(C5CCC5)s4)s3)cc12,0.10321273885924241,0.6805555555555556
rxn:2:103556:147854,Cc1nn(C)c2ccc(-c3ccc(C(C)NCc4cnc5[nH]ccc5c4)s3)cc12,0.10320638788157496,0.7058823529411765
rxn:2:127844:157854,CCN1CCc2ccc(CNC(C)c3ncc(-c4ccc5c(cnn5CC)c4)s3)cc21,0.10319933391386463,0.6266666666666667
rxn:2:141710:165909,CSc1ncc(-c2ccc(C(C)NCc3nc4c(s3)CCCC4)s2)c2nncn12,0.10319623453863735,0.8115942028985508
rxn:2:78115:147854,Cc1nn(C)c2ccc(-c3ccc(C(C)NCc4cc(CC5CCCC5)n[nH]4)s3)cc12,0.10318226968088458,0.6901408450704225
rxn:2:124130:158710,COc1ccc2nc(CNC(C)c3ccc(-c4ccnc5[nH]cc(C)c45)s3)sc2c1,0.10317578315734863,0.6621621621621622
rxn:2:88800:144913,Cc1cccc2[nH]nc(CCNC(C)c3ccc(-c4ccc5ncc(=O)n(C)c5c4)s3)c12,0.10317419096827507,0.65
rxn:2:88112:145452,CC(NCc1c[nH]nc1-c1ccco1)c1ccc(-c2ccc3cc[nH]c(=O)c3c2)s1,0.10316247940063476,0.6933333333333334
rxn:2:162592:145452,Cc1ccc(C)c2c(C)nc(CNC(C)c3ccc(-c4ccc5cc[nH]c(=O)c5c4)s3)nc12,0.10316232298359726,0.7538461538461538
rxn:2:124785:156548,CC(C)c1c[nH]c(CNC(C)c2ccc(-c3cccc4nsnc34)s2)n1,0.10316029878763053,0.6507936507936508
rxn:2:101348:156124,COc1c(C)ncnc1N1CC2C(CNC(C)c3cnc(-c4cccc5[nH]ncc45)s3)C2C1,0.10315108660495642,0.6842105263157895
rxn:2:97436:149983,COc1cnc2[nH]cc(-c3ccc(C(C)NCc4cc(-c5ccccc5OC)no4)s3)c2c1,0.10314898418657707,0.7397260273972602
rxn:2:82208:164117,CC(NCc1cnc2ncccc2c1)c1ccc(-c2cc3c(cn2)ncn3C)s1,0.1031432973927465,0.6617647058823529
rxn:2:139576:145452,CC(NCCc1noc(C2CCCC2)n1)c1ccc(-c2ccc3cc[nH]c(=O)c3c2)s1,0.10314328824320147,0.8529411764705882
rxn:2:106351:158710,Cc1c[nH]c2nccc(-c3ccc(C(C)Nc4ncnc5[nH]c(=N)[nH]c45)s3)c12,0.1031410779271807,0.6984126984126984
rxn:2:88800:147854,Cc1nn(C)c2ccc(-c3ccc(C(C)NCCc4n[nH]c5cccc(C)c45)s3)cc12,0.103131482678075,0.6666666666666666
rxn:2:129016:158710,Cc1c[nH]c2nccc(-c3ccc(C(C)NCCC(C)c4nccc(-c5cc[nH]c5)n4)s3)c12,0.10312077854618881,0.64
rxn:2:91814:165909,CSc1ncc(-c2ccc(C(C)NCc3nc(C(C)C)ns3)s2)c2nncn12,0.10312068462371826,0.6956521739130435
rxn:2:109614:145452,CC(C)Cc1n[nH]cc1CNC(C)c1ccc(-c2ccc3cc[nH]c(=O)c3c2)s1,0.10310945634184213,0.6714285714285714
rxn:2:152489:165909,CSc1ncc(-c2ccc(C(C)NCCc3cn4c(-c5cn[nH]c5)csc4n3)s2)c2nncn12,0.10310202135759242,0.6746987951807228
rxn:2:86912:170874,CCc1cccc2[nH]c(CNC(C)c3ccc(-c4cc(C)c5ncccc5c4)s3)nc12,0.10309481236242479,0.7313432835820896
rxn:2:90091:145452,CC(NCc1csc(N2CCCC2)n1)c1ccc(-c2ccc3cc[nH]c(=O)c3c2)s1,0.10308345754941305,0.7424242424242424
rxn:2:96169:145209,Cc1cc(-c2ccc(C(C)NCCc3nn(C)c4ccccc34)s2)cc2cnn(C)c12,0.10307795386160573,0.7611940298507462
rxn:2:141947:157753,CCc1c[nH]c2ncnc(-c3ccc(C(C)Nc4nc5cc[nH]c5cc4C4CC4)s3)c12,0.10306163372532014,0.6712328767123288
rxn:2:135254:158710,Cc1c[nH]c2nccc(-c3ccc(C(C)NCc4nc(CCC5CCCCC5)cs4)s3)c12,0.1030475627630949,0.7605633802816901
rxn:2:144549:161792,CC(Nc1nc(=O)c2c3c(sc2[nH]1)CSCC3)c1ccc(-c2cc3c(=O)nc[nH]c3s2)cn1,0.10303829655502782,0.575
rxn:2:114385:145452,CC(NCc1cc2cnccc2s1)c1ccc(-c2ccc3cc[nH]c(=O)c3c2)s1,0.10303024999026594,0.734375
rxn:2:68706:147854,Cc1nn(C)c2ccc(-c3ccc(C(C)NCc4cn(C)c(C)n4)s3)cc12,0.10302876984631573,0.7580645161290323
rxn:2:161621:157403,CCc1nn(-c2ccc(C3CC3)nc2)cc1CNC(C)c1ccc(-c2ncncc2OC)s1,0.10302614443229907,0.7837837837837838
rxn:2:115463:156548,CC(NCc1cc(C2CCCS2)[nH]n1)c1ccc(-c2cccc3nsnc23)s1,0.10301030107906886,0.7846153846153846
rxn:2:87137:158710,Cc1c[nH]c2nccc(-c3ccc(C(C)NCCc4cc(C5C6CC7CC(C6)CC5C7)[nH]n4)s3)c12,0.10300405706678117,0.6666666666666666
rxn:2:113674:144913,CC(NCc1cc(C2CC2)nc(C2CC2)n1)c1ccc(-c2ccc3ncc(=O)n(C)c3c2)s1,0.10300381075252187,0.8529411764705882
rxn:2:97108:151299,CSCc1cc(CNC(C)c2ccc(-c3ccc4nccn4c3C)s2)co1,0.10297706171318337,0.6323529411764706
rxn:2:107315:173019,CCc1c[nH]c2cc(CNC(C)c3ccc(-c4cn(C(C)=O)c5ccccc45)s3)ccc12,0.10297086089849472,0.835820895522388
rxn:2:128716:168163,CCCOc1ccnc(NC(C)c2ccc(-c3ncncc3C)s2)n1,0.10296882629394531,0.7966101694915254
rxn:2:84539:151299,Cc1c(-c2ccc(C(C)NCc3coc(C(C)(C)C)n3)s2)ccc2nccn12,0.1029623874596187,0.7384615384615385
rxn:2:110360:168965,CC(Nn1c(=O)[nH][nH]c1=O)c1ccc(-c2cccc(-c3cnco3)c2)s1,0.10295922939593975,0.5507246376811594
rxn:2:96587:157804,CCn1cccc1-c1noc(CNC(C)c2ccc(-c3ncnc4ccc(OC)cc34)s2)n1,0.1029429833094279,0.6746987951807228
rxn:2:74912:157188,CCc1nn(-c2ccc(C(C)C)nc2)cc1CNC(C)c1ccc(-c2ccnc(C)c2OC)s1,0.10293669910991893,0.7866666666666666
rxn:2:109584:164912,Cc1cc(C)c2c(CCNC(c3ccc(-c4cc5c(=O)nc[nH]c5s4)cc3)C(C)C)c[nH]c2c1,0.10293453055269577,0.7464788732394366
rxn:2:81768:173019,CCc1nc(CNC(C)c2ccc(-c3cn(C(C)=O)c4ccccc34)s2)ccc1OC,0.10293253391019759,0.8169014084507042
rxn:2:102433:157753,CCc1c[nH]c2ncnc(-c3ccc(C(C)NCCc4cc(C5CC5)n(C)n4)s3)c12,0.10292144815127055,0.726027397260274
rxn:2:154040:169604,Cc1nc(C2CC(NC(C)c3ccc(-c4ccc5ncsc5c4)s3)C2)[nH]c1-c1ccccn1,0.10289994333729599,0.5641025641025641
rxn:2:111512:170874,Cc1cc(-c2ccc(C(C)NCc3nc4c(s3)CCCC4(C)C)s2)cc2cccnc12,0.10284324615232406,0.6891891891891891
rxn:2:146579:124133,c1ccc2c(c1)CCCCCC2Nc1cnn(-c2ncnc3ccsc23)c1,0.10283896216639767,0.7121212121212122
rxn:2:144952:157804,COc1ccc2ncnc(-c3ccc(C(C)NC4CCN(c5ncc6c(C(C)C)c[nH]c6n5)C4)s3)c2c1,0.10283750778919942,0.7407407407407407
rxn:2:79964:151299,Cc1c(-c2ccc(C(C)NCc3cc4ncccc4s3)s2)ccc2nccn12,0.10282147782189506,0.7076923076923077
rxn:2:124807:149983,COc1cnc2[nH]cc(-c3ccc(C(C)NCc4cn5cc(C)ccc5n4)s3)c2c1,0.10281752943992614,0.7971014492753623
rxn:2:88335:145452,CC(NCc1nc2c(s1)CS(=O)(=O)CC2)c1ccc(-c2ccc3cc[nH]c(=O)c3c2)s1,0.10281158647229595,0.7681159420289855
rxn:2:107616:151299,COCC1(c2nc(CNC(C)c3ccc(-c4ccc5nccn5c4C)s3)cs2)CC1,0.10280787746111551,0.618421052631579
rxn:2:108187:171510,CCC(NCc1cnc(SC)nn1)c1ccc(-c2ccc3ncsc3c2)s1,0.10279748174879286,0.7096774193548387
rxn:2:141710:165748,CC(NCc1nc2c(s1)CCCC2)c1ccc(-c2cnc(N3CCOCC3)s2)s1,0.10278684517432904,0.6338028169014085
rxn:2:133330:147854,COCc1cc(CNC(C)c2ccc(-c3ccc4c(c3)c(C)nn4C)s2)n[nH]1,0.10278500829424177,0.7538461538461538
rxn:2:103729:151299,CCCc1cc(CNC(C)c2ccc(-c3ccc4nccn4c3C)s2)n[nH]1,0.10277922065169723,0.7121212121212122
rxn:2:133625:149983,COc1cnc2[nH]cc(-c3ccc(C(C)NCCc4nn(C)c5ccsc45)s3)c2c1,0.10276487072308858,0.8055555555555556
rxn:2:156787:156548,Cc1oncc1-c1cc(CNC(C)c2ccc(-c3cccc4nsnc34)s2)nc(C2CC2)n1,0.1027441042842287,0.726027397260274
rxn:2:131345:169604,Cc1cc(CNC(C)c2ccc(-c3ccc4ncsc4c3)s2)nc(C2CC2)n1,0.10272651485034398,0.8524590163934426
rxn:2:95046:157753,CCc1c[nH]c2ncnc(-c3ccc(C(C)Nc4nc5nccnc5[nH]4)s3)c12,0.10271930268832616,0.696969696969697
rxn:2:79679:157403,COc1cncnc1-c1ccc(C(C)Nc2cc(-c3ncccn3)no2)s1,0.10271060466766357,0.7833333333333333
rxn:2:75399:149983,COc1cnc2[nH]cc(-c3ccc(C(C)NCCc4ncn5c4CCCC5)s3)c2c1,0.1027064561843872,0.6493506493506493
rxn:2:139659:145209,Cc1cc(-c2ccc(C(C)NCCC3CC3c3c[nH]cn3)s2)cc2cnn(C)c12,0.1027058691814028,0.7638888888888888
rxn:2:138587:161792,Cc1c(CNC(C)c2ccc(-c3cc4c(=O)nc[nH]c4s3)cn2)sc2[nH]nc(C(C)C)c12,0.10268060863018036,0.625
rxn:2:123585:157753,CCc1nn(-c2ccc(SC)nc2)cc1CNC(C)c1ccc(-c2ncnc3[nH]cc(CC)c23)s1,0.10266839436122349,0.72
rxn:2:72956:156548,CCCOc1cc(CNC(C)c2ccc(-c3cccc4nsnc34)s2)nn1C,0.10263964533805847,0.6811594202898551
rxn:2:100303:158710,Cc1ccc(CNC(C)c2ccc(-c3ccnc4[nH]cc(C)c34)s2)nc1C,0.10263728653943097,0.7586206896551724
rxn:2:90792:173019,CC(=O)n1cc(-c2ccc(C(C)NCc3cc(C4CC4)n(C4CC4)n3)s2)c2ccccc21,0.10263494215905666,0.8260869565217391
rxn:2:106776:148983,Cc1cc(-c2ncc(CNC(C)c3ccc(-c4ccc5o[nH]c(=O)c5c4)s3)[nH]2)c(C)s1,0.10262217060212166,0.7323943661971831
rxn:2:89329:158710,Cc1c[nH]c2nccc(-c3ccc(C(C)NCc4ccc(C(C)C)[nH]4)s3)c12,0.10261054392214175,0.6825396825396826
rxn:2:103729:170874,CCCc1cc(CNC(C)c2ccc(-c3cc(C)c4ncccc4c3)s2)n[nH]1,0.10260999841349465,0.6666666666666666
rxn:2:128589:158710,CCn1c(C)c(C)nc(NC(C)c2ccc(-c3ccnc4[nH]cc(C)c34)s2)c1=O,0.10260537986097665,0.6617647058823529
rxn:2:125575:145452,Cc1[nH]ncc1C1C(CCNC(C)c2ccc(-c3ccc4cc[nH]c(=O)c4c3)s2)C1(F)F,0.10258742049336433,0.6164383561643836
rxn:2:75088:158710,Cc1c[nH]c2nccc(-c3ccc(C(C)NCC4CCN(c5nncs5)CC4)s3)c12,0.1025856594244639,0.6164383561643836
rxn:2:166697:147854,Cc1nn(C)c2ccc(-c3ccc(C(C)NCc4nc5ccc(C(C)(C)C)cc5n4C)s3)cc12,0.10258376773665934,0.6571428571428571
rxn:2:107997:145452,CC(NCCc1nc[nH]c1C1CCC1)c1ccc(-c2ccc3cc[nH]c(=O)c3c2)s1,0.10257922410964966,0.6933333333333334
rxn:2:133788:145209,Cc1ncc(CNC(C)c2ccc(-c3cc(C)c4c(cnn4C)c3)s2)cn1,0.10257414093724003,0.8571428571428571
rxn:2:112963:147854,Cc1nn(C)c2ccc(-c3ccc(C(C)NCc4nc5c(C)cccc5[nH]4)s3)cc12,0.10257399479548136,0.8181818181818182
rxn:2:87228:165909,CSc1ncc(-c2ccc(C(C)NCc3cc(C4CC4)n(C)n3)s2)c2nncn12,0.10257255208903346,0.8285714285714286
rxn:2:70798:168965,CC(C)c1csc2ncc(CCNC(C)c3ccc(-c4cccc(-c5cnco5)c4)s3)n12,0.10255182161927223,0.5375
rxn:2:162203:164117,Cc1cccc2ncc(CNC(C)c3ccc(-c4cc5c(cn4)ncn5C)s3)c(=O)n12,0.10254916644865467,0.64
rxn:2:105213:145452,CCc1cn[nH]c1CCNC(C)c1ccc(-c2ccc3cc[nH]c(=O)c3c2)s1,0.10253707000187465,0.7205882352941176
rxn:2:132220:161792,CSc1ncc(CNC(C)c2ccc(-c3cc4c(=O)nc[nH]c4s3)cn2)cc1C,0.10253498677549691,0.7538461538461538
rxn:2:93707:145209,Cc1cc(-c2ccc(C(C)NCc3c[nH]nc3C(C)C)s2)cc2cnn(C)c12,0.1025328380720956,0.8412698412698413
rxn:2:137110:147854,Cc1nn(C)c2ccc(-c3ccc(C(C)NCc4nc(C(C)(C)C)co4)s3)cc12,0.10252729161032315,0.7121212121212122
rxn:2:72911:157854,CCn1ncc2cc(-c3cnc(C(C)NCCC4OCCc5ccccc54)s3)ccc21,0.1025134401936685,0.5625
rxn:2:95477:147854,CCc1cc(C)nc(CCNC(C)c2ccc(-c3ccc4c(c3)c(C)nn4C)s2)n1,0.10249866247177124,0.7619047619047619
rxn:2:126912:145209,CCCc1ccnc(CNC(C)c2ccc(-c3cc(C)c4c(cnn4C)c3)s2)c1,0.10249556344130943,0.8688524590163934
rxn:2:70107:145209,Cc1ccnc(CCNC(C)c2ccc(-c3cc(C)c4c(cnn4C)c3)s2)c1,0.1024939204965319,0.75
rxn:2:102789:148983,CCc1cnc(CNC(C)c2ccc(-c3ccc4o[nH]c(=O)c4c3)s2)s1,0.10248718353418204,0.8333333333333334
rxn:2:114843:158710,Cc1c[nH]c2nccc(-c3ccc(C(C)NCC(C)CCc4cc[nH]c4)s3)c12,0.10248377067702157,0.6285714285714286
rxn:2:132276:156548,CC(C)c1nc(CNC(C)c2ccc(-c3cccc4nsnc34)s2)cs1,0.1024708105967595,0.8135593220338984
rxn:2:109218:148983,Cc1cc(C)c2nc(CNC(C)c3ccc(-c4ccc5o[nH]c(=O)c5c4)s3)[nH]c2c1,0.10246090094248454,0.7761194029850746
rxn:2:135306:171510,CCC(NCCc1nc2c(o1)CCSC2)c1ccc(-c2ccc3ncsc3c2)s1,0.10245520493079877,0.8235294117647058
rxn:2:160604:158710,Cc1c[nH]c2nccc(-c3ccc(C(C)Nc4nc5c(Cc6ccsc6)c[nH]c5c(=O)[nH]4)s3)c12,0.102432741838343,0.6666666666666666
rxn:2:69319:157753,CCc1c[nH]c2ncnc(-c3ccc(C(C)NCc4cn5c(n4)CCC(C)C5)s3)c12,0.10242106318473816,0.6623376623376623
rxn:2:84573:148983,CC(C)c1ccnc(CCNC(C)c2ccc(-c3ccc4o[nH]c(=O)c4c3)s2)n1,0.10241164010146568,0.6521739130434783
rxn:2:142729:156548,Cc1cc(CNC(C)c2ccc(-c3cccc4nsnc34)s2)nc(Cc2ccc(C)c(C)c2)n1,0.10240389669642729,0.6811594202898551
rxn:2:90792:156548,CC(NCc1cc(C2CC2)n(C2CC2)n1)c1ccc(-c2cccc3nsnc23)s1,0.10240058652285872,0.8125
rxn:2:70758:157188,COc1c(-c2ccc(C(C)NCCc3noc(-c4ccc[nH]4)n3)s2)ccnc1C,0.10239002622407058,0.7222222222222222
rxn:2:94355:148983,CC(NCCC1CC2CCCC21)c1ccc(-c2ccc3o[nH]c(=O)c3c2)s1,0.10238698676780418,0.6301369863013698
rxn:2:85085:168965,Cc1nc(CNC(C)c2ccc(-c3cccc(-c4cnco4)c3)s2)sc1C(C)F,0.10237829438571272,0.6301369863013698
rxn:2:69935:158710,Cc1c[nH]c2nccc(-c3ccc(C(C)Nc4csnn4)s3)c12,0.10237740433734396,0.6896551724137931
rxn:2:131011:170874,Cc1cc(C)c2nc(CNC(C)c3ccc(-c4cc(C)c5ncccc5c4)s3)[nH]c2n1,0.10235931604139266,0.7230769230769231
rxn:2:127741:165909,CCCc1cc(CNC(C)c2ccc(-c3cnc(SC)n4cnnc34)s2)nn1CC,0.10235797961552938,0.8507462686567164
rxn:2:103946:150247,COc1ccc(CNC(C)c2ccc(-c3ccc4n[nH]c(=O)n4c3)s2)nc1C1CC1,0.10234790245691935,0.7777777777777778
rxn:2:137556:145209,Cc1cc(-c2ccc(C(C)NCc3n[nH]cc3C(C)C)s2)cc2cnn(C)c12,0.10234238845961434,0.7575757575757576
rxn:2:103729:156548,CCCc1cc(CNC(C)c2ccc(-c3cccc4nsnc34)s2)n[nH]1,0.10232774110940787,0.703125
rxn:2:129727:157753,CCc1c[nH]c2ncnc(-c3ccc(C(C)NCc4cc(-c5cccs5)[nH]n4)s3)c12,0.10232656796773275,0.6486486486486487
rxn:2:99789:142264,CCC(NCc1c[nH]nc1CC1CCC1)c1ccc(-c2ccc3c(cnn3C)c2)s1,0.10232418775558472,0.7605633802816901
rxn:2:87630:145209,Cc1cnc(CCNC(C)c2ccc(-c3cc(C)c4c(cnn4C)c3)s2)nc1C,0.10232379518706224,0.8275862068965517
rxn:2:113364:145452,Cc1c(CCNC(C)c2ccc(-c3ccc4cc[nH]c(=O)c4c3)s2)nn2c1CCC2,0.10231959422429403,0.7432432432432432
rxn:2:134313:149983,COc1cnc2[nH]cc(-c3ccc(C(C)NCc4cc5c(s4)CSCC5)s3)c2c1,0.1023155430267597,0.8636363636363636
rxn:2:141710:151299,Cc1c(-c2ccc(C(C)NCc3nc4c(s3)CCCC4)s2)ccc2nccn12,0.10231511294841766,0.796875
rxn:2:82853:158710,Cc1c[nH]c2nccc(-c3ccc(C(C)Nc4cc(CC5CC5)n(CC5CCC5)n4)s3)c12,0.10230821743607521,0.68
rxn:2:106162:156548,CC(NCc1ncc(-c2cc[nH]c2)[nH]1)c1ccc(-c2cccc3nsnc23)s1,0.10230457356997899,0.6111111111111112
rxn:2:106493:147854,Cc1nn(C)c2ccc(-c3ccc(C(C)NCc4c[nH]c(C(C)(C)C)n4)s3)cc12,0.10230084945415628,0.7536231884057971
rxn:2:107315:157652,CCc1c[nH]c2cc(CNC(C)c3ccc(-c4ncnc5ccn(C)c45)s3)ccc12,0.10230026443799337,0.7101449275362319
rxn:2:128636:148983,CCc1cncc(CNC(C)c2ccc(-c3ccc4o[nH]c(=O)c4c3)s2)c1,0.10229677403414691,0.8
rxn:2:103946:164117,COc1ccc(CNC(C)c2ccc(-c3cc4c(cn3)ncn4C)s2)nc1C1CC1,0.10229216814041138,0.7714285714285715
rxn:2:127539:158710,Cc1c[nH]c2nccc(-c3ccc(C(C)NCc4cc(C(C)(C)C)[nH]n4)s3)c12,0.10228799496378217,0.7580645161290323
rxn:2:110360:107408,CC(Nn1c(=O)[nH][nH]c1=O)c1ccc(-c2ccsc2)s1,0.10228237807750702,0.6739130434782609
rxn:2:106493:170874,Cc1cc(-c2ccc(C(C)NCc3c[nH]c(C(C)(C)C)n3)s2)cc2cccnc12,0.10226256682954986,0.6716417910447762
rxn:2:74510:150247,Cc1ccnc2[nH]cc(CCNC(C)c3ccc(-c4ccc5n[nH]c(=O)n5c4)s3)c12,0.10225754380226135,0.7397260273972602
rxn:2:107315:170874,CCc1c[nH]c2cc(CNC(C)c3ccc(-c4cc(C)c5ncccc5c4)s3)ccc12,0.1022557097096597,0.6891891891891891
rxn:2:68361:145209,Cc1cc(-c2ccc(C(C)NCCc3nc(C(C)C)cs3)s2)cc2cnn(C)c12,0.10225418107262974,0.8360655737704918
rxn:2:118855:158710,CCOc1cc(CNC(C)c2ccc(-c3ccnc4[nH]cc(C)c34)s2)nn1C,0.10225039507661547,0.7205882352941176
rxn:2:114931:147854,CCCc1cc(CNC(C)c2ccc(-c3ccc4c(c3)c(C)nn4C)s2)nn1C1CCC1,0.10222899354994297,0.7536231884057971
rxn:2:88321:149983,COc1cnc2[nH]cc(-c3ccc(C(C)NCc4cc(C5CC5)nc(C)n4)s3)c2c1,0.10222142537434896,0.8484848484848485
rxn:2:110156:157854,CCn1ncc2cc(-c3cnc(C(C)NCCc4c[nH]nc4C4CC4)s3)ccc21,0.10221797433392756,0.6438356164383562
rxn:2:70155:149983,COc1cnc2[nH]cc(-c3ccc(C(C)NCc4cn5nc(C)sc5n4)s3)c2c1,0.10220711395658295,0.8
rxn:2:136563:147854,Cc1nn(C)c2ccc(-c3ccc(C(C)NCc4ccc5nccn5c4)s3)cc12,0.10220616028226655,0.6666666666666666
rxn:2:87285:169604,CC(NCc1nc2c(s1)COCC2)c1ccc(-c2ccc3ncsc3c2)s1,0.10220187902450562,0.746268656716418
rxn:2:128153:156548,CC(NCc1onc2ncoc12)c1ccc(-c2cccc3nsnc23)s1,0.10219890337723953,0.640625
rxn:2:128239:147854,Cc1nn(C)c2ccc(-c3ccc(C(C)NCc4ncn(C5CC5)n4)s3)cc12,0.10219677005495344,0.6714285714285714
rxn:2:137110:145452,CC(NCc1nc(C(C)(C)C)co1)c1ccc(-c2ccc3cc[nH]c(=O)c3c2)s1,0.10218979161361168,0.7230769230769231
rxn:2:144952:165909,CSc1ncc(-c2ccc(C(C)NC3CCN(c4ncc5c(C(C)C)c[nH]c5n4)C3)s2)c2nncn12,0.10218554072909886,0.6666666666666666
rxn:2:70824:145209,Cc1cc(-c2ccc(C(C)NCc3nnc(C4CCOC4)[nH]3)s2)cc2cnn(C)c12,0.10218041936556498,0.6621621621621622
rxn:2:111860:157753,CCc1c[nH]c2ncnc(-c3ccc(C(C)NCc4cc(C)nc(C5CC5)c4)s3)c12,0.10217337807019551,0.6901408450704225
rxn:2:124785:147854,Cc1nn(C)c2ccc(-c3ccc(C(C)NCc4nc(C(C)C)c[nH]4)s3)cc12,0.10216994796480451,0.7076923076923077
rxn:2:156650:168163,CCc1nn(-c2cc(C3CC3)ccn2)cc1CNC(C)c1ccc(-c2ncncc2C)s1,0.10216846317052841,0.8378378378378378
rxn:2:141139:145209,Cc1cc(-c2ccc(C(C)NCc3[nH]ncc3-c3cc[nH]c3)s2)cc2cnn(C)c12,0.10216606060663859,0.8507462686567164
rxn:2:124554:157753,CCc1c[nH]c2ncnc(-c3ccc(C(C)Nc4ncc5[nH]cnc5n4)s3)c12,0.10215998760291509,0.6818181818181818
rxn:2:141858:148983,CC(C)c1nc(CNC(C)c2ccc(-c3ccc4o[nH]c(=O)c4c3)s2)co1,0.1021586921479967,0.6716417910447762
rxn:2:87228:142264,CCC(NCc1cc(C2CC2)n(C)n1)c1ccc(-c2ccc3c(cnn3C)c2)s1,0.10215606771666429,0.7142857142857143
rxn:2:93015:145452,CC(NCc1cc(C(C)(C)C)no1)c1ccc(-c2ccc3cc[nH]c(=O)c3c2)s1,0.10214689065670145,0.7692307692307693
rxn:2:72858:145452,COc1ccc2oc(CNC(C)c3ccc(-c4ccc5cc[nH]c(=O)c5c4)s3)cc2c1,0.10214643324575116,0.676056338028169
rxn:2:114213:66791,Cc1csc(-c2csc(C(C)Nc3c[nH][nH]c3=O)c2)c1,0.10214385390281677,0.74
rxn:2:125766:145209,Cc1cc(-c2ccc(C(C)NCCc3c[nH]nc3CC(C)C)s2)cc2cnn(C)c12,0.10213986039161682,0.8615384615384616
rxn:2:137383:164117,Cc1cc(C)c2oc(CNC(C)c3ccc(-c4cc5c(cn4)ncn5C)s3)cc2c1,0.10213791330655415,0.6619718309859155
rxn:2:97686:166234,CC(Nc1cc(-c2ccccn2)no1)c1cnc(-c2ccc3ncsc3c2)s1,0.10213618406227656,0.8275862068965517
rxn:2:115443:149983,COc1cnc2[nH]cc(-c3ccc(C(C)NCCc4cn5nc(C)sc5n4)s3)c2c1,0.10213546554247538,0.7105263157894737
rxn:2:71222:158710,Cc1c[nH]c2nccc(-c3ccc(C(C)Nc4ccn(CCOC5CCOC5)n4)s3)c12,0.10213527371806483,0.6623376623376623
rxn:2:156787:147854,Cc1oncc1-c1cc(CNC(C)c2ccc(-c3ccc4c(c3)c(C)nn4C)s2)nc(C2CC2)n1,0.10213251454489572,0.7671232876712328
rxn:2:74099:158710,Cc1c[nH]c2nccc(-c3ccc(C(C)NCc4nc(-c5cnccn5)n[nH]4)s3)c12,0.10212906996409098,0.7647058823529411
rxn:2:99768:158710,Cc1c[nH]c2nccc(-c3ccc(C(C)Nc4nnc(N5CCC(F)CC5)[nH]4)s3)c12,0.10212578972180685,0.6111111111111112
rxn:2:135915:158710,Cc1nc[nH]c1C1CC1CCNC(C)c1ccc(-c2ccnc3[nH]cc(C)c23)s1,0.10211629703127105,0.7647058823529411
rxn:2:111558:145452,CC1CC(c2nc(CNC(C)c3ccc(-c4ccc5cc[nH]c(=O)c5c4)s3)cs2)C1,0.10211343765258789,0.7323943661971831
rxn:2:134313:157854,CCn1ncc2cc(-c3cnc(C(C)NCc4cc5c(s4)CSCC5)s3)ccc21,0.10210711380531048,0.6571428571428571
rxn:2:81768:146196,CCc1nc(CNC(C)c2ccc(-c3cc4cn[nH]c4cc3C)s2)ccc1OC,0.10210123555413608,0.6338028169014085
rxn:2:73607:148983,CC(NCc1cc2c(n(C)c1=O)CCC2)c1ccc(-c2ccc3o[nH]c(=O)c3c2)s1,0.10209953784942627,0.6486486486486487
rxn:2:95106:158710,Cc1ccc2nnn(CCNC(C)c3ccc(-c4ccnc5[nH]cc(C)c45)s3)c2n1,0.10209831396738688,0.6111111111111112
rxn:2:121448:145209,Cc1cc(-c2ccc(C(C)NCc3cnc4scc(C(C)C)n34)s2)cc2cnn(C)c12,0.10209656915357036,0.6714285714285714
rxn:2:139809:145452,COc1c(CNC(C)c2ccc(-c3ccc4cc[nH]c(=O)c4c3)s2)cnn1CC1CC1,0.10209295057481335,0.6538461538461539
rxn:2:159695:158710,CCc1nn(-c2ccnc(C(C)C)c2)cc1CNC(C)c1ccc(-c2ccnc3[nH]cc(C)c23)s1,0.10209266969135829,0.8428571428571429
rxn:2:87148:157753,CCc1c[nH]c2ncnc(-c3ccc(C(C)Nc4nc(C)nc5[nH]c(C)cc45)s3)c12,0.10209131638209025,0.6376811594202898
rxn:2:134313:150504,CC(NCc1cc2c(s1)CSCC2)n1cc(-c2nc3c(s2)C(=O)CCC3)cn1,0.1020897924900055,0.48314606741573035
rxn:2:97578:159258,CC(NCc1nnc(-c2ccco2)n1C)c1ncc(-c2ccc3ncsc3c2)s1,0.10208351653197716,0.5774647887323944
rxn:2:143954:159258,Cc1nc(C2CCC2)cc2nc(CCNC(C)c3ncc(-c4ccc5ncsc5c4)s3)cn12,0.1020797671693744,0.6533333333333333
rxn:2:141480:145209,CCCc1c[nH]nc1CNC(C)c1ccc(-c2cc(C)c3c(cnn3C)c2)s1,0.10207589183534894,0.8333333333333334
rxn:2:88602:158710,CSCc1nnc(CNC(C)c2ccc(-c3ccnc4[nH]cc(C)c34)s2)[nH]1,0.10207435819837782,0.7419354838709677
rxn:2:74902:85686,CSc1n[nH]c(NC(C)c2csc(-c3cccs3)c2)n1,0.10207415223121644,0.7169811320754716
rxn:2:132863:145452,CC(C)c1ncc(CNC(C)c2ccc(-c3ccc4cc[nH]c(=O)c4c3)s2)cn1,0.10206808303964549,0.7719298245614035
rxn:2:120768:145209,Cc1cc(-c2ccc(C(C)NCCc3cn(C)c(C)n3)s2)cc2cnn(C)c12,0.10206609325749534,0.765625
rxn:2:105581:148983,CC(C)c1csc(CNC(C)c2ccc(-c3ccc4o[nH]c(=O)c4c3)s2)n1,0.1020532316631741,0.6923076923076923
rxn:2:97860:165909,CCCc1[nH]cnc1CCNC(C)c1ccc(-c2cnc(SC)n3cnnc23)s1,0.10204692133541765,0.7222222222222222
rxn:2:114187:145209,Cc1cc(-c2ccc(C(C)NCc3ccc(-c4cccs4)nc3)s2)cc2cnn(C)c12,0.10204595135104272,0.7323943661971831
rxn:2:125871:145209,Cc1noc([C@@H]2C[C@@H]2CNC(C)c2ccc(-c3cc(C)c4c(cnn4C)c3)s2)n1,0.10203098428660426,0.7428571428571429
rxn:2:138947:164117,CC(NCc1cn2c(n1)CCCC2C)c1ccc(-c2cc3c(cn2)ncn3C)s1,0.1020278786790782,0.75
rxn:2:74380:145209,COc1cc2c(cc1CNC(C)c1ccc(-c3cc(C)c4c(cnn4C)c3)s1)CCC2,0.10202675865542504,0.7611940298507462
rxn:2:70599:145209,Cc1cc(-c2ccc(C(C)NCCc3nccc(C4CC4)n3)s2)cc2cnn(C)c12,0.1020211656888326,0.8484848484848485
rxn:2:96587:169604,CCn1cccc1-c1noc(CNC(C)c2ccc(-c3ccc4ncsc4c3)s2)n1,0.10201704104741414,0.8428571428571429
rxn:2:118833:148983,CC(NCc1cc2c(s1)CCCC2)c1ccc(-c2ccc3o[nH]c(=O)c3c2)s1,0.10200705485684532,0.7936507936507936
rxn:2:115520:151299,Cc1c(-c2ccc(C(C)NCCc3ncc(C4C5CC6CC(C5)CC4C6)[nH]3)s2)ccc2nccn12,0.10200467961175101,0.6266666666666667
rxn:2:141710:149983,COc1cnc2[nH]cc(-c3ccc(C(C)NCc4nc5c(s4)CCCC5)s3)c2c1,0.10200125595618939,0.8115942028985508
rxn:2:67943:157753,CCc1c[nH]c2ncnc(-c3ccc(C(C)Nc4nnc(-c5csc(C)n5)s4)s3)c12,0.10199905236562093,0.7313432835820896
rxn:2:88800:157188,COc1c(-c2ccc(C(C)NCCc3n[nH]c4cccc(C)c34)s2)ccnc1C,0.10199298529789366,0.6712328767123288
rxn:2:141895:169604,Cc1csc(C2CC2CNC(C)c2ccc(-c3ccc4ncsc4c3)s2)c1,0.10198795795440674,0.6911764705882353
rxn:2:94835:145209,Cc1cc(-c2ccc(C(C)NCCC3C(c4c[nH]cn4)C3(F)F)s2)cc2cnn(C)c12,0.10198021127331641,0.6621621621621622
rxn:2:86256:158710,Cc1c[nH]c2nccc(-c3ccc(C(C)Nc4cc(-c5cccs5)nn4C4CCCC4)s3)c12,0.10197421637448398,0.631578947368421
rxn:2:88623:158710,Cc1ccc(-c2cc(NC(C)c3ccc(-c4ccnc5[nH]cc(C)c45)s3)n[nH]2)nc1,0.1019705335299174,0.796875
rxn:2:107070:158710,Cc1c[nH]c2nccc(-c3ccc(C(C)NCc4nccc(N5CCC5)n4)s3)c12,0.10196931608792009,0.7121212121212122
rxn:2:142729:145452,Cc1cc(CNC(C)c2ccc(-c3ccc4cc[nH]c(=O)c4c3)s2)nc(Cc2ccc(C)c(C)c2)n1,0.1019661890135871,0.7142857142857143
rxn:2:121147:157652,CC(NCc1cc2c(s1)CCCS2)c1ccc(-c2ncnc3ccn(C)c23)s1,0.10195169704301017,0.7142857142857143
rxn:2:67043:147854,Cc1nn(C)c2ccc(-c3ccc(C(C)NCc4cc(-c5cccs5)on4)s3)cc12,0.10193864107131959,0.6470588235294118
rxn:2:127844:149743,CCN1CCc2ccc(CNC(C)c3ccc(-c4ccc5c(c4)oc(=O)n5C)s3)cc21,0.1019297146028088,0.7083333333333334
rxn:2:111512:149983,COc1cnc2[nH]cc(-c3ccc(C(C)NCc4nc5c(s4)CCCC5(C)C)s3)c2c1,0.10192149877548218,0.6883116883116883
rxn:2:137282:158710,Cc1cc(C)n(-c2nnc(NC(C)c3ccc(-c4ccnc5[nH]cc(C)c45)s3)nn2)n1,0.10190987586975098,0.6417910447761194
rxn:2:96616:145209,Cc1cc(C2(CNC(C)c3ccc(-c4cc(C)c5c(cnn5C)c4)s3)CC2)no1,0.10190826859967463,0.6567164179104478
rxn:2:79112:145209,Cc1nc[nH]c1C1CC1CNC(C)c1ccc(-c2cc(C)c3c(cnn3C)c2)s1,0.10188891969878099,0.7857142857142857
rxn:2:121602:145209,COc1sc2c(c1CNC(C)c1ccc(-c3cc(C)c4c(cnn4C)c3)s1)COC2,0.10187933842341106,0.6666666666666666
rxn:2:70572:169604,CC(NCc1cn[nH]c1-c1cccs1)c1ccc(-c2ccc3ncsc3c2)s1,0.10187769787652153,0.7014925373134329
rxn:2:135792:147854,Cc1nn(C)c2ccc(-c3ccc(C(C)NCCc4[nH]nc5c4CSCC5)s3)cc12,0.10187295277913412,0.6582278481012658
rxn:2:93685:144913,CCC(C)c1nc(CNC(C)c2ccc(-c3ccc4ncc(=O)n(C)c4c3)s2)co1,0.10187198122342428,0.6756756756756757
rxn:2:91814:149983,COc1cnc2[nH]cc(-c3ccc(C(C)NCc4nc(C(C)C)ns4)s3)c2c1,0.10186876782349177,0.6857142857142857
rxn:2:81726:145452,CC(NCCc1cnc2n(C)cccc1-2)c1ccc(-c2ccc3cc[nH]c(=O)c3c2)s1,0.10186464171255788,0.855072463768116
rxn:2:123206:157188,COc1c(-c2ccc(C(C)NC(C)CCc3c[nH]c4c(C)cccc34)s2)ccnc1C,0.10184503947534869,0.6027397260273972
rxn:2:106493:165909,CSc1ncc(-c2ccc(C(C)NCc3c[nH]c(C(C)(C)C)n3)s2)c2nncn12,0.10183662587198718,0.7567567567567568
rxn:2:92896:157753,CCc1c[nH]c2ncnc(-c3ccc(C(C)NCc4ccc5cc[nH]c(=O)c5c4)s3)c12,0.10183167457580566,0.7205882352941176
rxn:2:91743:164117,CCCCn1cc(CNC(C)c2ccc(-c3cc4c(cn3)ncn4C)s2)nn1,0.10180165299347468,0.7352941176470589
rxn:2:76787:147854,Cc1nn(C)c2ccc(-c3ccc(C(C)NCc4cnc(N(C)C)cn4)s3)cc12,0.1017982240380912,0.7014925373134329
rxn:2:82302:169604,COc1cc(CNC(C)c2ccc(-c3ccc4ncsc4c3)s2)cc2cnn(C)c12,0.1017981747786204,0.6493506493506493
rxn:2:77632:149983,COc1cnc2[nH]cc(-c3ccc(C(C)NCc4cn(-c5nccs5)nn4)s3)c2c1,0.10179795622825623,0.6486486486486487
rxn:2:66560:158710,COc1ccc2c(CNC(C)c3ccc(-c4ccnc5[nH]cc(C)c45)s3)c[nH]c2c1,0.10177615880966187,0.7681159420289855
rxn:2:144949:164117,CC(Nc1nc(=O)c2c3c(sc2[nH]1)CCC3)c1ccc(-c2cc3c(cn2)ncn3C)s1,0.10176987032736501,0.5119047619047619
rxn:2:99013:158710,Cc1c[nH]c2nccc(-c3ccc(C(C)NC4CCN(c5cc(-c6cccs6)n[nH]5)C4)s3)c12,0.10176705591606372,0.675
rxn:2:160110:157652,CCc1nn(-c2cc(C(C)C)ccn2)cc1CNC(C)c1ccc(-c2ncnc3ccn(C)c23)s1,0.10176648242133005,0.8026315789473685
rxn:2:100948:147854,Cc1nn(C)c2ccc(-c3ccc(C(C)NCc4nc5cc(C(C)(C)C)ccc5o4)s3)cc12,0.10176071434309988,0.647887323943662
rxn:2:155266:158710,Cc1c[nH]c2nccc(-c3ccc(C(C)NC4(c5noc(-c6cnn(C)c6C)n5)CCCC4)s3)c12,0.10175450869968959,0.6172839506172839
rxn:2:89702:145452,CC(NCCc1cn2ccccc2n1)c1ccc(-c2ccc3cc[nH]c(=O)c3c2)s1,0.10174681742986043,0.8088235294117647
rxn:2:124785:173019,CC(=O)n1cc(-c2ccc(C(C)NCc3nc(C(C)C)c[nH]3)s2)c2ccccc21,0.10171812567217596,0.6956521739130435
rxn:2:141331:158710,Cc1c[nH]c2nccc(-c3ccc(C(C)Nc4nccn4Cc4ccn(C)n4)s3)c12,0.10171548922856649,0.7878787878787878
rxn:2:92088:151299,Cc1c(-c2ccc(C(C)NCc3cc(C4CCC4)n(C4CC4)n3)s2)ccc2nccn12,0.10170467822782454,0.7794117647058824
rxn:2:109269:145452,CSCc1ncc(CNC(C)c2ccc(-c3ccc4cc[nH]c(=O)c4c3)s2)cn1,0.10170374656545705,0.7575757575757576
rxn:2:121629:158710,CCSc1nnc(CCNC(C)c2ccc(-c3ccnc4[nH]cc(C)c34)s2)o1,0.10170348627226693,0.6944444444444444
rxn:2:109218:144913,Cc1cc(C)c2nc(CNC(C)c3ccc(-c4ccc5ncc(=O)n(C)c5c4)s3)[nH]c2c1,0.10170189291238785,0.7432432432432432
rxn:2:73714:169604,CC(NCc1nc(-c2cccs2)c[nH]1)c1ccc(-c2ccc3ncsc3c2)s1,0.10169274892125811,0.7230769230769231
rxn:2:92918:164117,Cc1[nH]c(CCNC(C)c2ccc(-c3cc4c(cn3)ncn4C)s2)nc1-c1ccc[nH]1,0.10167621797130953,0.7027027027027027
rxn:2:89454:157804,COc1ccc2ncnc(-c3ccc(C(C)NCCC4CC4c4cc[nH]n4)s3)c2c1,0.1016694982846578,0.6075949367088608
rxn:2:94990:157753,CCc1c[nH]c2ncnc(-c3ccc(C(C)NCc4c[nH]c5nc(OC)ccc45)s3)c12,0.10166509305277178,0.7101449275362319
rxn:2:84219:145209,COCc1cc(C)[nH]c(=O)c1CNC(C)c1ccc(-c2cc(C)c3c(cnn3C)c2)s1,0.10165119171142578,0.8
rxn:2:76129:169604,CCCn1ccnc1CCNC(C)c1ccc(-c2ccc3ncsc3c2)s1,0.10165024245226825,0.7777777777777778
rxn:2:95477:148983,CCc1cc(C)nc(CCNC(C)c2ccc(-c3ccc4o[nH]c(=O)c4c3)s2)n1,0.10164658365578487,0.6666666666666666
rxn:2:112199:157753,CCc1c[nH]c2ncnc(-c3ccc(C(C)NCc4cnc(N(C)C)s4)s3)c12,0.10164483317307063,0.8524590163934426
rxn:2:131848:147854,CCc1ccnc(CNC(C)c2ccc(-c3ccc4c(c3)c(C)nn4C)s2)c1,0.10164236809526171,0.7301587301587301
rxn:2:144952:165126,CC(C)c1c[nH]c2nc(N3CCC(NC(C)c4ccc(-c5ccnc6[nH]ncc56)s4)C3)ncc12,0.10163642378414378,0.7866666666666666
rxn:2:109614:147854,Cc1nn(C)c2ccc(-c3ccc(C(C)NCc4c[nH]nc4CC(C)C)s3)cc12,0.10163532865458522,0.6571428571428571
rxn:2:70157:145452,CCCc1coc(CNC(C)c2ccc(-c3ccc4cc[nH]c(=O)c4c3)s2)c1,0.10162954245294843,0.6935483870967742
rxn:2:80018:144913,CCc1cc(CNC(C)c2ccc(-c3ccc4ncc(=O)n(C)c4c3)s2)nc(C2CC2)n1,0.10162704065442085,0.8405797101449275
rxn:2:111512:148983,CC(NCc1nc2c(s1)CCCC2(C)C)c1ccc(-c2ccc3o[nH]c(=O)c3c2)s1,0.10159198045730591,0.6756756756756757
rxn:2:102433:169604,CC(NCCc1cc(C2CC2)n(C)n1)c1ccc(-c2ccc3ncsc3c2)s1,0.10158676973411015,0.8688524590163934
rxn:2:92918:159258,Cc1[nH]c(CCNC(C)c2ncc(-c3ccc4ncsc4c3)s2)nc1-c1ccc[nH]1,0.10156952142715454,0.6621621621621622
rxn:2:109584:142273,Cc1cc(C)c2c(CCNC(C)c3ccc(-c4cnc(N(C)C)s4)s3)c[nH]c2c1,0.10156506916572308,0.7903225806451613
rxn:2:76649:148983,CC(C)c1cc(CNC(C)c2ccc(-c3ccc4o[nH]c(=O)c4c3)s2)no1,0.1015571157137553,0.6825396825396826
rxn:2:93880:173019,CC(=O)n1cc(-c2ccc(C(C)NCc3cc(C)c4sccc4n3)s2)c2ccccc21,0.10155530321982599,0.6944444444444444
rxn:2:93685:158710,CCC(C)c1nc(CNC(C)c2ccc(-c3ccnc4[nH]cc(C)c34)s2)co1,0.10154732848916735,0.7164179104477612
rxn:2:78464:164117,CC(C)c1sc(CNC(C)c2ccc(-c3cc4c(cn3)ncn4C)s2)nc1-c1nccs1,0.10154333338141441,0.6619718309859155
rxn:2:121718:142264,CCC(NCc1cc(CC2CC2)n(CC)n1)c1ccc(-c2ccc3c(cnn3C)c2)s1,0.10153853316460887,0.6756756756756757
rxn:2:121044:158710,CCc1cc(CNC(C)c2ccc(-c3ccnc4[nH]cc(C)c34)s2)nc(C)n1,0.10153601850782122,0.8166666666666667
rxn:2:127844:164117,CCN1CCc2ccc(CNC(C)c3ccc(-c4cc5c(cn4)ncn5C)s3)cc21,0.10152816573778788,0.6619718309859155
rxn:2:102341:151299,Cc1c(-c2ccc(C(C)NCc3cc(N(C)C4CC4)ccn3)s2)ccc2nccn12,0.10150798161824544,0.6527777777777778
rxn:2:130921:157753,CCc1c[nH]c2ncnc(-c3ccc(C(C)NCCc4nc(CC)n5c4CCCC5)s3)c12,0.10150547698140144,0.7567567567567568
rxn:2:87584:164117,CCc1c(CNC(C)c2ccc(-c3cc4c(cn3)ncn4C)s2)cnc2c1CCC2,0.1014974037806193,0.6619718309859155
rxn:2:110272:158710,Cc1c[nH]c2nccc(-c3ccc(C(C)NCc4noc(-c5cccn5C)n4)s3)c12,0.10149363279342652,0.6621621621621622
rxn:2:70758:157753,CCc1c[nH]c2ncnc(-c3ccc(C(C)NCCc4noc(-c5ccc[nH]5)n4)s3)c12,0.101492456851467,0.7066666666666667
rxn:2:103609:170874,Cc1nc(CNC(C)c2ccc(-c3cc(C)c4ncccc4c3)s2)cc(C(C)(C)C)n1,0.10147282000510924,0.6923076923076923
rxn:2:131515:149983,COc1cnc2[nH]cc(-c3ccc(C(C)NCc4cc(-c5ccoc5)nc(C5CC5)n4)s3)c2c1,0.10146377016516293,0.7837837837837838
rxn:2:134539:145209,Cc1cc(-c2ccc(C(C)NCCC(C3CC3)C3CC3)s2)cc2cnn(C)c12,0.10145851969718933,0.7213114754098361
rxn:2:115040:158710,Cc1c[nH]c2nccc(-c3ccc(C(C)NCCc4nc(C)n5ccccc45)s3)c12,0.10145543813705445,0.7536231884057971
rxn:2:70632:151299,Cc1ncc(CNC(C)c2ccc(-c3ccc4nccn4c3C)s2)nc1C,0.1014551939787688,0.7258064516129032
rxn:2:142150:170874,CSc1nccc(CNC(C)c2ccc(-c3cc(C)c4ncccc4c3)s2)n1,0.10144753541265215,0.6865671641791045
rxn:2:148561:159258,CC(Nc1c(N=O)c(=O)nc2sccn12)c1ncc(-c2ccc3ncsc3c2)s1,0.1014425487353884,0.8059701492537313
rxn:2:81567:133432,COc1csc(-c2csc(C(C)NCCc3cn4c(C)csc4n3)c2)c1,0.10144142462657048,0.547945205479452
rxn:2:70165:156548,CC(NCC1CC1c1cnc[nH]1)c1ccc(-c2cccc3nsnc23)s1,0.10142567066045907,0.6231884057971014
rxn:2:66515:148983,Cc1cccn2cc(CNC(C)c3ccc(-c4ccc5o[nH]c(=O)c5c4)s3)nc12,0.10142459951598069,0.8059701492537313
rxn:2:126666:158710,Cc1cc(CSc2ccccc2NC(C)c2ccc(-c3ccnc4[nH]cc(C)c34)s2)no1,0.10142322070896626,0.6301369863013698
rxn:2:101442:145452,CC(C)c1cc(CNC(C)c2ccc(-c3ccc4cc[nH]c(=O)c4c3)s2)on1,0.10142185858317784,0.8387096774193549
rxn:2:73714:157753,CCc1c[nH]c2ncnc(-c3ccc(C(C)NCc4nc(-c5cccs5)c[nH]4)s3)c12,0.10141074657440186,0.6712328767123288
rxn:2:119262:158710,Cc1sc(CNC(C)c2ccc(-c3ccnc4[nH]cc(C)c34)s2)nc1C(C)C,0.10140508200441088,0.7419354838709677
rxn:2:70632:164117,Cc1ncc(CNC(C)c2ccc(-c3cc4c(cn3)ncn4C)s2)nc1C,0.10140024732660365,0.7966101694915254
rxn:2:93375:148983,CC(NCc1ncc(-c2cccs2)o1)c1ccc(-c2ccc3o[nH]c(=O)c3c2)s1,0.10139172652672077,0.6285714285714286
rxn:2:89834:161792,CCCc1[nH]c(=O)c(CNC(C)c2ccc(-c3cc4c(=O)nc[nH]c4s3)cn2)cc1CC,0.10139169171452522,0.6619718309859155
rxn:2:124587:85686,CC(NCC1(c2nnn[nH]2)CC1)c1csc(-c2cccs2)c1,0.10139121250672774,0.6379310344827587
rxn:2:132839:147854,Cc1nn(C)c2ccc(-c3ccc(C(C)NCc4csc(Cc5ccc(C(C)C)cc5)n4)s3)cc12,0.10138946090425764,0.7105263157894737
rxn:2:103485:157804,COc1ccc2ncnc(-c3ccc(C(C)NCc4c[nH]c5c(OC)cccc45)s3)c2c1,0.1013832613825798,0.8382352941176471
rxn:2:143980:157753,CCc1c[nH]c2ncnc(-c3ccc(C(C)NCCC4CC4c4ccc5c(C)n[nH]c5c4)s3)c12,0.10137365144841812,0.717948717948718
rxn:2:77576:158710,Cc1c[nH]c2nccc(-c3ccc(C(C)NCc4cc(C5CC5)ccn4)s3)c12,0.1013728529214859,0.8360655737704918
rxn:2:86444:170874,Cc1cc(-c2ccc(C(C)NCc3c[nH]c(C4CCCC4)n3)s2)cc2cccnc12,0.10137107372283935,0.684931506849315
rxn:2:75558:148983,CCn1ccc2ccc(CNC(C)c3ccc(-c4ccc5o[nH]c(=O)c5c4)s3)cc21,0.10136914451917013,0.6575342465753424
rxn:2:81768:170892,CCc1nc(CNC(C)c2ccc(-c3cc4sccc4s3)s2)ccc1OC,0.10135203379171866,0.6417910447761194
rxn:2:108548:159258,Cc1cn2cc(CCNC(C)c3ncc(-c4ccc5ncsc5c4)s3)nc2s1,0.10134496007646833,0.7424242424242424
rxn:2:131345:149983,COc1cnc2[nH]cc(-c3ccc(C(C)NCc4cc(C)nc(C5CC5)n4)s3)c2c1,0.10132988293965657,0.8636363636363636
rxn:2:102509:145452,Cc1ccc2[nH]cc(CCNC(C)c3ccc(-c4ccc5cc[nH]c(=O)c5c4)s3)c2c1,0.10131494268294304,0.7647058823529411
rxn:2:100972:157753,CCc1c[nH]c2ncnc(-c3ccc(C(C)NCCc4c[nH]c5c(C)cccc45)s3)c12,0.10131165865928896,0.7727272727272727
rxn:2:121147:164117,CC(NCc1cc2c(s1)CCCS2)c1ccc(-c2cc3c(cn2)ncn3C)s1,0.10128613880702428,0.7101449275362319
rxn:2:92918:156548,Cc1[nH]c(CCNC(C)c2ccc(-c3cccc4nsnc34)s2)nc1-c1ccc[nH]1,0.10127889712651571,0.6666666666666666
rxn:2:123016:164117,CC(C)c1n[nH]cc1CCNC(C)c1ccc(-c2cc3c(cn2)ncn3C)s1,0.10126547302518572,0.7391304347826086
rxn:2:130921:145452,CCc1nc(CCNC(C)c2ccc(-c3ccc4cc[nH]c(=O)c4c3)s2)c2n1CCCC2,0.10126512870192528,0.8450704225352113
rxn:2:104861:147854,Cc1nn(C)c2ccc(-c3ccc(C(C)NCc4cn[nH]c4CC4CC4)s3)cc12,0.1012636793070826,0.7464788732394366
rxn:2:138643:168163,Cc1cncnc1-c1ccc(C(C)NC2CC(c3nc(-c4cc[nH]c4)c[nH]3)C2)s1,0.10126176579245205,0.7941176470588235
rxn:2:91058:164117,CC(NCc1ccc(C2CC2)[nH]c1=O)c1ccc(-c2cc3c(cn2)ncn3C)s1,0.10125884310952549,0.6842105263157895
rxn:2:93632:168476,CC(NCc1nc2c(s1)CSCC2)c1ccc(-c2cnc3scnc3c2)s1,0.10125589812243427,0.746268656716418
rxn:2:124070:145452,Cc1cc(CNC(C)c2ccc(-c3ccc4cc[nH]c(=O)c4c3)s2)nc(C(C)(C)C)n1,0.10125292885688043,0.7936507936507936
rxn:2:113659:158710,Cc1c[nH]c2nccc(-c3ccc(C(C)NCC(CC(C)C)N4CCOCC4)s3)c12,0.10125064452489217,0.5915492957746479
rxn:2:105957:157753,CCc1c[nH]c2ncnc(-c3ccc(C(C)NCCc4c[nH]c5cncc(OC)c45)s3)c12,0.10124939680099487,0.7878787878787878
rxn:2:93632:166234,CC(NCc1nc2c(s1)CSCC2)c1cnc(-c2ccc3ncsc3c2)s1,0.10124499930275811,0.7846153846153846
rxn:2:90533:149983,COc1cnc2[nH]cc(-c3ccc(C(C)NCc4cc(-c5ccc(C)cc5OC)[nH]n4)s3)c2c1,0.10124118538463817,0.7123287671232876
rxn:2:119733:158710,Cc1c[nH]c2nccc(-c3ccc(C(C)NC4CCCN(c5cc(-c6cccs6)n[nH]5)C4)s3)c12,0.1012312296558829,0.6206896551724138
rxn:2:98277:149983,COc1cnc2[nH]cc(-c3ccc(C(C)NCCc4cn5cncc(C)c5n4)s3)c2c1,0.1012271931094508,0.7105263157894737
rxn:2:166660:158710,Cc1c[nH]c2nccc(-c3ccc(C(C)NCCc4cn(C)c5ncnc(C6CCCC6)c45)s3)c12,0.1012209142957415,0.8108108108108109
rxn:2:139865:157753,CCc1c[nH]c2ncnc(-c3ccc(C(C)Nc4ncc(-c5ccn(C)n5)s4)s3)c12,0.10121806462605794,0.6212121212121212
rxn:2:150520:157804,CCc1cn2nc(CNC(C)c3ccc(-c4ncnc5ccc(OC)cc45)s3)cc2c(=O)[nH]1,0.10121192715384743,0.6835443037974683
rxn:2:156103:168163,Cc1cc(C)c2[nH]c(-c3cccc(NC(C)c4ccc(-c5ncncc5C)s4)c3)nc2c1,0.1012083888053894,0.6363636363636364
rxn:2:88969:157753,CCc1c[nH]c2ncnc(-c3ccc(C(C)Nc4cc(OC)ns4)s3)c12,0.10119163073026217,0.8135593220338984
rxn:2:115463:147854,Cc1nn(C)c2ccc(-c3ccc(C(C)NCc4cc(C5CCCS5)[nH]n4)s3)cc12,0.1011909027894338,0.6710526315789473
rxn:2:124807:156548,Cc1ccc2nc(CNC(C)c3ccc(-c4cccc5nsnc45)s3)cn2c1,0.10118947497435979,0.765625
rxn:2:93935:165909,CSc1ncc(-c2ccc(C(C)NCc3c[nH]c4c(C)cccc34)s2)c2nncn12,0.10118123690287271,0.8194444444444444
rxn:2:90792:161792,CC(NCc1cc(C2CC2)n(C2CC2)n1)c1ccc(-c2cc3c(=O)nc[nH]c3s2)cn1,0.10117574853281822,0.8115942028985508
rxn:2:85427:169604,COc1ccc2[nH]c(NC(C)c3ccc(-c4ccc5ncsc5c4)s3)nc2c1,0.1011688666684287,0.6666666666666666
rxn:2:100178:170874,Cc1cc(-c2ccc(C(C)NCCc3nc4cccc(C)c4[nH]3)s2)cc2cccnc12,0.10116258359724475,0.6901408450704225
rxn:2:93306:169604,CC(NCCC1CC1c1cnc2[nH]ccc2n1)c1ccc(-c2ccc3ncsc3c2)s1,0.10116002252024989,0.6666666666666666
rxn:2:77084:149983,CCCc1ncc(CNC(C)c2ccc(-c3c[nH]c4ncc(OC)cc34)s2)cn1,0.10115790367126465,0.6857142857142857
rxn:2:120180:157753,CCc1cc2ncc(NC(C)c3ccc(-c4ncnc5[nH]cc(CC)c45)s3)cn2n1,0.10115271608034769,0.8
rxn:2:111568:70956,Cc1c(-c2cccs2)cccc1C(C)Nc1nc(S(C)(=O)=O)n[nH]1,0.10114238411188126,0.6379310344827587
rxn:2:105464:145452,CC(NCC(C)(C)Oc1ccn(C)n1)c1ccc(-c2ccc3cc[nH]c(=O)c3c2)s1,0.10113799969355265,0.6233766233766234
rxn:2:79455:169604,CC(Nc1cc(-c2cccs2)[nH]n1)c1ccc(-c2ccc3ncsc3c2)s1,0.1011370928199203,0.7833333333333333
rxn:2:70126:145209,Cc1cc(-c2ccc(C(C)NCC(C)Cc3ccon3)s2)cc2cnn(C)c12,0.10113115395818438,0.6911764705882353
rxn:2:124590:149983,COc1cnc2[nH]cc(-c3ccc(C(C)NCc4cc(CC5CC5)on4)s3)c2c1,0.10113044031735124,0.7605633802816901
rxn:2:120744:158710,COc1cncc(CCNC(C)c2ccc(-c3ccnc4[nH]cc(C)c34)s2)c1,0.10112554686410087,0.6865671641791045
rxn:2:77168:151299,CCC(CC)c1nn2cc(CNC(C)c3ccc(-c4ccc5nccn5c4C)s3)nc2s1,0.10112090408802032,0.625
rxn:2:123563:158710,COc1nccc(CNC(C)c2ccc(-c3ccnc4[nH]cc(C)c34)s2)n1,0.10111161514564797,0.75
rxn:2:144949:158710,Cc1c[nH]c2nccc(-c3ccc(C(C)Nc4nc(=O)c5c6c(sc5[nH]4)CCC6)s3)c12,0.1010909580415295,0.6233766233766234
rxn:2:108263:157753,CCc1c[nH]c2ncnc(-c3ccc(C(C)Nc4nc(C)c(C)cc4S(C)(=O)=O)s3)c12,0.10108074065177672,0.6486486486486487
rxn:2:66515:158710,Cc1c[nH]c2nccc(-c3ccc(C(C)NCc4cn5cccc(C)c5n4)s3)c12,0.1010797352626406,0.7846153846153846
rxn:2:113632:158710,Cc1c[nH]c2nccc(-c3ccc(C(C)Nc4cc(N5CCN(C)CC5)nc(C5CC5)n4)s3)c12,0.10106275362126968,0.6582278481012658
rxn:2:77221:145209,COCc1noc(C(C)NC(C)c2ccc(-c3cc(C)c4c(cnn4C)c3)s2)n1,0.10106253829495661,0.6911764705882353
rxn:2:90109:142273,Cc1ccc2oc(CNC(C)c3ccc(-c4cnc(N(C)C)s4)s3)cc2c1,0.10105651837808115,0.6029411764705882
rxn:2:88321:151299,Cc1nc(CNC(C)c2ccc(-c3ccc4nccn4c3C)s2)cc(C2CC2)n1,0.10104488298810761,0.7575757575757576
rxn:2:152489:133432,COc1csc(-c2csc(C(C)NCCc3cn4c(-c5cn[nH]c5)csc4n3)c2)c1,0.10104170242945353,0.6296296296296297
rxn:2:99816:170892,Cc1ccnc(CCNC(C)c2ccc(-c3cc4sccc4s3)s2)c1C1CC1,0.10103846447808403,0.5866666666666667
rxn:2:116442:157403,COc1cncnc1-c1ccc(C(C)Nc2cc(-c3ncccn3)[nH]n2)s1,0.10103648900985718,0.7580645161290323
rxn:2:118116:145209,Cc1nnc(CNC(C)c2ccc(-c3cc(C)c4c(cnn4C)c3)s2)nn1,0.10103145352116337,0.8035714285714286
rxn:2:118833:168965,CC(NCc1cc2c(s1)CCCC2)c1ccc(-c2cccc(-c3cnco3)c2)s1,0.10102845471480797,0.7164179104477612
rxn:2:72744:158710,Cc1c[nH]c2nccc(-c3ccc(C(C)N[C@H]4C[C@@H](OC5CC5)C4)s3)c12,0.10102837360822238,0.7230769230769231
rxn:2:103609:161792,Cc1nc(CNC(C)c2ccc(-c3cc4c(=O)nc[nH]c4s3)cn2)cc(C(C)(C)C)n1,0.10100980343357209,0.6944444444444444
rxn:2:128543:169604,CCn1nc(CNC(C)c2ccc(-c3ccc4ncsc4c3)s2)cc1CC(C)C,0.10100174566795087,0.8360655737704918
rxn:2:83068:158710,Cc1c[nH]c2nccc(-c3ccc(C(C)NC4CCN(c5ccc(C6CCC6)nn5)CC4)s3)c12,0.10099335979012881,0.684931506849315
rxn:2:90792:148983,CC(NCc1cc(C2CC2)n(C2CC2)n1)c1ccc(-c2ccc3o[nH]c(=O)c3c2)s1,0.10098526080449423,0.8088235294117647
rxn:2:106227:157804,COc1ccc2ncnc(-c3ccc(C(C)NCc4cc5cc(C)ccn5n4)s3)c2c1,0.10097778997113628,0.6533333333333333
rxn:2:137057:145209,Cc1cc(-c2ccc(C(C)NCC3CC3C3CCOC3)s2)cc2cnn(C)c12,0.10096700276647295,0.6944444444444444
rxn:2:99509:149983,COc1cnc2[nH]cc(-c3ccc(C(C)NCc4cc(C)nc(C(C)C)n4)s3)c2c1,0.10095884402592976,0.7575757575757576
rxn:2:87610:156548,COc1ncc(CNC(C)c2ccc(-c3cccc4nsnc34)s2)nc1OC,0.1009519100189209,0.6615384615384615
rxn:2:93093:150247,CC(NCc1cc2c(s1)CCSC2)c1ccc(-c2ccc3n[nH]c(=O)n3c2)s1,0.10094941939626421,0.6986301369863014
rxn:2:93093:149983,COc1cnc2[nH]cc(-c3ccc(C(C)NCc4cc5c(s4)CCSC5)s3)c2c1,0.100947014216719,0.8636363636363636
rxn:2:73059:158710,Cc1ccc(-c2cc(CNC(C)c3ccc(-c4ccnc5[nH]cc(C)c45)s3)[nH]n2)c(C)c1,0.10094669461250305,0.7611940298507462
rxn:2:117329:149983,COc1cnc2[nH]cc(-c3ccc(C(C)NCc4cc(C5CCCC5)on4)s3)c2c1,0.10094247659047445,0.7857142857142857
rxn:2:118833:149983,COc1cnc2[nH]cc(-c3ccc(C(C)NCc4cc5c(s4)CCCC5)s3)c2c1,0.1009310689465753,0.7910447761194029
rxn:2:121210:145209,Cc1cn2c(CNC(C)c3ccc(-c4cc(C)c5c(cnn5C)c4)s3)cnc2s1,0.10091852319651637,0.7313432835820896
rxn:2:89661:156548,CC(NCc1csc(-c2cccs2)n1)c1ccc(-c2cccc3nsnc23)s1,0.10091121707643781,0.7230769230769231
rxn:2:107653:156548,COc1cncc(CNC(C)c2ccc(-c3cccc4nsnc34)s2)n1,0.10090898321225093,0.6376811594202898
rxn:2:94990:149983,COc1cnc2[nH]cc(-c3ccc(C(C)NCc4c[nH]c5nc(OC)ccc45)s3)c2c1,0.10089890418514129,0.7101449275362319
rxn:2:112874:147854,Cc1nn(C)c2ccc(-c3ccc(C(C)NCc4ccc(N5CCCCCCC5)nn4)s3)cc12,0.10089408299502205,0.6376811594202898
rxn:2:125912:151299,Cc1c(-c2ccc(C(C)NCCc3[nH]nc4c3CCSCC4)s2)ccc2nccn12,0.10089341203371684,0.8484848484848485
rxn:2:128543:156548,CCn1nc(CNC(C)c2ccc(-c3cccc4nsnc34)s2)cc1CC(C)C,0.10087288248127904,0.8360655737704918
rxn:2:80329:151299,Cc1nc(CNC(C)c2ccc(-c3ccc4nccn4c3C)s2)cc(C(C)C)n1,0.10087276327198949,0.78125
rxn:2:168454:157753,CCc1c[nH]c2ncnc(-c3ccc(C(C)Nc4nn(C)c5nc(-c6ccccn6)ccc45)s3)c12,0.10087183543613978,0.618421052631579
rxn:2:152489:150247,CC(NCCc1cn2c(-c3cn[nH]c3)csc2n1)c1ccc(-c2ccc3n[nH]c(=O)n3c2)s1,0.10087109876401497,0.7671232876712328
rxn:2:103609:145452,Cc1nc(CNC(C)c2ccc(-c3ccc4cc[nH]c(=O)c4c3)s2)cc(C(C)(C)C)n1,0.10086739832355131,0.7936507936507936
rxn:2:93268:145452,CC(C)Cc1nc(CNC(C)c2ccc(-c3ccc4cc[nH]c(=O)c4c3)s2)n[nH]1,0.10085478322259311,0.765625
rxn:2:126101:145452,CC(NCc1nnc(-c2cscn2)o1)c1ccc(-c2ccc3cc[nH]c(=O)c3c2)s1,0.10085260470708211,0.6486486486486487
rxn:2:124006:147854,COc1sc(C(C)(C)C)cc1CNC(C)c1ccc(-c2ccc3c(c2)c(C)nn3C)s1,0.10085195495236304,0.6666666666666666
rxn:2:106227:151299,Cc1ccn2nc(CNC(C)c3ccc(-c4ccc5nccn5c4C)s3)cc2c1,0.10085137548117802,0.6617647058823529
rxn:2:74698:165126,CC(C)c1cc(CNC(C)c2ccc(-c3ccnc4[nH]ncc34)s2)nc(C2CC2)n1,0.10084191163380941,0.7297297297297297
rxn:2:99816:156548,Cc1ccnc(CCNC(C)c2ccc(-c3cccc4nsnc34)s2)c1C1CC1,0.10084103099231062,0.7014925373134329
rxn:2:131514:145452,CC(NCc1cc2ccccc2o1)c1ccc(-c2ccc3cc[nH]c(=O)c3c2)s1,0.1008344395407315,0.7272727272727273
rxn:2:135604:142273,COc1nc(CNC(C)c2ccc(-c3cnc(N(C)C)s3)s2)ccc1C1CC1,0.10082849434443883,0.625
rxn:2:70155:157753,CCc1c[nH]c2ncnc(-c3ccc(C(C)NCc4cn5nc(C)sc5n4)s3)c12,0.10081266329206269,0.746268656716418
rxn:2:69203:157753,CCc1c[nH]c2ncnc(-c3ccc(C(C)NCCc4nccc5cc[nH]c45)s3)c12,0.10079558889071147,0.7014925373134329
rxn:2:106227:170874,Cc1ccn2nc(CNC(C)c3ccc(-c4cc(C)c5ncccc5c4)s3)cc2c1,0.10079252322514852,0.6956521739130435
rxn:2:74866:156548,CC(NCCc1cnc2nc[nH]c2c1)c1ccc(-c2cccc3nsnc23)s1,0.1007877801145826,0.6111111111111112
rxn:2:76194:145452,CC(NCc1ccc2c(c1)nnn2C1CC1)c1ccc(-c2ccc3cc[nH]c(=O)c3c2)s1,0.10078148916363716,0.6865671641791045
rxn:2:136916:151299,CCn1cc(CNC(C)c2ccc(-c3ccc4nccn4c3C)s2)ccc1=O,0.1007702648639679,0.6268656716417911
rxn:2:88800:161792,Cc1cccc2[nH]nc(CCNC(C)c3ccc(-c4cc5c(=O)nc[nH]c5s4)cn3)c12,0.10076460530680995,0.6486486486486487
rxn:2:87044:145209,Cc1cc(-c2ccc(C(C)NCc3nc(C4CC4)oc3C3CC3)s2)cc2cnn(C)c12,0.1007637535372088,0.7681159420289855
rxn:2:87285:149983,COc1cnc2[nH]cc(-c3ccc(C(C)NCc4nc5c(s4)COCC5)s3)c2c1,0.10075845183997319,0.7671232876712328
rxn:2:87228:157804,COc1ccc2ncnc(-c3ccc(C(C)NCc4cc(C5CC5)n(C)n4)s3)c2c1,0.10075655380884806,0.6533333333333333
rxn:2:75454:173019,CCCC(C)c1nc(CNC(C)c2ccc(-c3cn(C(C)=O)c4ccccc34)s2)cs1,0.10075134231198218,0.6533333333333333
rxn:2:120009:147854,COC(C)c1nc(CNC(C)c2ccc(-c3ccc4c(c3)c(C)nn4C)s2)cs1,0.10075068062749402,0.84375
rxn:2:109614:168965,CC(C)Cc1n[nH]cc1CNC(C)c1ccc(-c2cccc(-c3cnco3)c2)s1,0.1007480004738117,0.6438356164383562
rxn:2:132220:149983,COc1cnc2[nH]cc(-c3ccc(C(C)NCc4cnc(SC)c(C)c4)s3)c2c1,0.10073408381692295,0.7101449275362319
rxn:2:101994:173019,CC(=O)n1cc(-c2ccc(C(C)NCc3csc(C(C)(F)F)n3)s2)c2ccccc21,0.1007208546002706,0.6666666666666666
rxn:2:122532:173019,CC(=O)n1cc(-c2ccc(C(C)NCc3nc(C)c(C(C)(F)F)s3)s2)c2ccccc21,0.1007128684751449,0.75
rxn:2:141979:169604,Cc1c[nH]c2cc(CNC(C)c3ccc(-c4ccc5ncsc5c4)s3)ccc12,0.10071260162762233,0.8125
rxn:2:141979:157753,CCc1c[nH]c2ncnc(-c3ccc(C(C)NCc4ccc5c(C)c[nH]c5c4)s3)c12,0.10070979992548625,0.8852459016393442
rxn:2:124590:147854,Cc1nn(C)c2ccc(-c3ccc(C(C)NCc4cc(CC5CC5)on4)s3)cc12,0.10070927389736833,0.684931506849315
rxn:2:106784:158710,CCC(CNC(C)c1ccc(-c2ccnc3[nH]cc(C)c23)s1)c1sc(-c2ccc[nH]2)nc1C,0.10070827874270352,0.5949367088607594
rxn:2:126731:165909,CSc1ncc(-c2ccc(C(C)NCCc3cc(C4CCCC4)n(C)n3)s2)c2nncn12,0.10070037469267845,0.6708860759493671
rxn:2:68099:158710,CCCn1nnc2ccc(NC(C)c3ccc(-c4ccnc5[nH]cc(C)c45)s3)nc21,0.10069628953933715,0.625
rxn:2:105761:161792,CC(C)Cn1cc(-c2nc(CNC(C)c3ccc(-c4cc5c(=O)nc[nH]c5s4)cn3)cs2)cn1,0.10069058046621435,0.6172839506172839
rxn:2:110032:151299,Cc1nc(CNC(C)c2ccc(-c3ccc4nccn4c3C)s2)cc(-c2cnoc2C)n1,0.10069005936384201,0.6533333333333333
rxn:2:120410:156548,CC(CCc1nc(-c2ccccn2)c[nH]1)NC(C)c1ccc(-c2cccc3nsnc23)s1,0.10068957693874836,0.56
rxn:2:127844:158710,CCN1CCc2ccc(CNC(C)c3ccc(-c4ccnc5[nH]cc(C)c45)s3)cc21,0.10068722168604533,0.6486486486486487
rxn:2:78114:157753,CCc1c[nH]c2ncnc(-c3ccc(C(C)Nc4cn(Cc5nccs5)nn4)s3)c12,0.1006866971651713,0.6527777777777778
rxn:2:85085:142273,Cc1nc(CNC(C)c2ccc(-c3cnc(N(C)C)s3)s2)sc1C(C)F,0.10067033538451561,0.59375
rxn:2:69203:142264,CCC(NCCc1nccc2cc[nH]c12)c1ccc(-c2ccc3c(cnn3C)c2)s1,0.1006679097811381,0.704225352112676
rxn:2:69203:173019,CC(=O)n1cc(-c2ccc(C(C)NCCc3nccc4cc[nH]c34)s2)c2ccccc21,0.10066630571119246,0.6623376623376623
rxn:2:141979:157652,Cc1c[nH]c2cc(CNC(C)c3ccc(-c4ncnc5ccn(C)c45)s3)ccc12,0.10066585294131575,0.618421052631579
rxn:2:108529:122855,CC(Nc1nc2cnncc2[nH]1)c1ccc(-c2cccs2)s1,0.10064798864451321,0.7090909090909091
rxn:2:107749:147854,Cc1nn(C)c2ccc(-c3ccc(C(C)NCCc4csc(-c5cc[nH]n5)n4)s3)cc12,0.10064158901091545,0.6666666666666666
rxn:2:66299:159258,CCn1cccc1-c1noc(CCNC(C)c2ncc(-c3ccc4ncsc4c3)s2)n1,0.10063379810702416,0.6891891891891891
rxn:2:124807:142264,CCC(NCc1cn2cc(C)ccc2n1)c1ccc(-c2ccc3c(cnn3C)c2)s1,0.10062905748685201,0.6521739130434783
rxn:2:138177:151299,CCC(C)c1cc(CNC(C)c2ccc(-c3ccc4nccn4c3C)s2)no1,0.10062447190284729,0.7121212121212122
rxn:2:134313:157652,CC(NCc1cc2c(s1)CSCC2)c1ccc(-c2ncnc3ccn(C)c23)s1,0.10062319891793388,0.875
rxn:2:141046:145452,CCCCc1[nH]cnc1CNC(C)c1ccc(-c2ccc3cc[nH]c(=O)c3c2)s1,0.10062264368451874,0.6571428571428571
rxn:2:71886:169777,COc1cccc2[nH]cc(CCNC(C)c3ccc(-c4ccc5nc(C)sc5c4)s3)c12,0.10061422086531116,0.7857142857142857
rxn:2:130068:173019,COc1cccc2[nH]cc(CNC(C)c3ccc(-c4cn(C(C)=O)c5ccccc45)s3)c12,0.10061218589544296,0.8571428571428571
rxn:2:121445:158710,CCS(=O)(=O)c1n[nH]c(NC(C)c2ccc(-c3ccnc4[nH]cc(C)c34)s2)n1,0.10060816364628929,0.7164179104477612
rxn:2:107394:173019,COc1cccc2c(CCNC(C)c3ccc(-c4cn(C(C)=O)c5ccccc45)s3)c[nH]c12,0.10060002225818056,0.8529411764705882
rxn:2:138915:145209,Cc1cc(-c2ccc(C(C)NCc3cn4c(n3)SCC4)s2)cc2cnn(C)c12,0.10059337530817304,0.8461538461538461
rxn:2:70304:145452,CC(C)c1[nH][nH]c(=O)c1CCNC(C)c1ccc(-c2ccc3cc[nH]c(=O)c3c2)s1,0.10058007240295411,0.6818181818181818
rxn:2:137303:159258,COc1ccncc1CCNC(C)c1ncc(-c2ccc3ncsc3c2)s1,0.10057334546689634,0.6956521739130435
rxn:2:88632:158710,Cc1c[nH]c2nccc(-c3ccc(C(C)Nc4ncn(Cc5csnn5)n4)s3)c12,0.10057326637465379,0.7761194029850746
rxn:2:95824:158710,CCc1cc(CCNC(C)c2ccc(-c3ccnc4[nH]cc(C)c34)s2)c(OC)nc1C,0.10056992500059066,0.7058823529411765
rxn:2:102341:168965,CC(NCc1cc(N(C)C2CC2)ccn1)c1ccc(-c2cccc(-c3cnco3)c2)s1,0.10056954814541724,0.6266666666666667
rxn:2:134313:149880,CC(NCc1cc2c(s1)CSCC2)c1ccc(-c2ccc3n[nH]c(=O)n3n2)s1,0.1005642946277346,0.5789473684210527
rxn:2:95971:147854,Cc1nn(C)c2ccc(-c3ccc(C(C)NCc4cc5n(n4)CCSC5)s3)cc12,0.10056406054003485,0.6575342465753424
rxn:2:100303:147854,Cc1ccc(CNC(C)c2ccc(-c3ccc4c(c3)c(C)nn4C)s2)nc1C,0.10056337714195251,0.8
rxn:2:120494:145452,CC(NCC(F)c1ccsc1)c1ccc(-c2ccc3cc[nH]c(=O)c3c2)s1,0.10055970704113995,0.6617647058823529
rxn:2:87045:145452,CSCCc1ccccc1NC(C)c1ccc(-c2ccc3cc[nH]c(=O)c3c2)s1,0.10055925928313157,0.676056338028169
rxn:2:143601:157188,CCc1nn(-c2cnc(C)c(C)c2)cc1CNC(C)c1ccc(-c2ccnc(C)c2OC)s1,0.10055770115418868,0.7777777777777778
rxn:2:95283:145757,Cc1cc(=O)c2cc(-c3ccc(C(C)NCCc4ncn5ccccc45)s3)ccc2[nH]1,0.10054390853451144,0.6933333333333334
rxn:2:69203:147854,Cc1nn(C)c2ccc(-c3ccc(C(C)NCCc4nccc5cc[nH]c45)s3)cc12,0.10054333607355753,0.7
rxn:2:99915:145452,Cc1ccc2cc(CNC(C)c3ccc(-c4ccc5cc[nH]c(=O)c5c4)s3)[nH]c2c1,0.1005380928516388,0.6885245901639344
rxn:2:148911:148983,CCc1nc(C2CCCC2)nc2[nH]cc(CNC(C)c3ccc(-c4ccc5o[nH]c(=O)c5c4)s3)c12,0.1005375521523612,0.6829268292682927
rxn:2:77548:156548,CC(NCc1cccc(C2CC2)n1)c1ccc(-c2cccc3nsnc23)s1,0.10053639941745335,0.75
rxn:2:138822:151299,Cc1c(-c2ccc(C(C)NCCc3occ4ccccc34)s2)ccc2nccn12,0.10052929664480276,0.6285714285714286
rxn:2:138177:169604,CCC(C)c1cc(CNC(C)c2ccc(-c3ccc4ncsc4c3)s2)no1,0.10050275369926735,0.746031746031746
rxn:2:97860:145452,CCCc1[nH]cnc1CCNC(C)c1ccc(-c2ccc3cc[nH]c(=O)c3c2)s1,0.10049955187172725,0.7164179104477612
rxn:2:126607:157753,CCc1c[nH]c2ncnc(-c3ccc(C(C)Nc4cnn(-c5cc(C6CC6)ccn5)c4)s3)c12,0.1004989869666822,0.6463414634146342
rxn:2:72307:164117,CCOC(C)c1nc(CNC(C)c2ccc(-c3cc4c(cn3)ncn4C)s2)cs1,0.1004976568550899,0.6388888888888888
rxn:2:81768:161792,CCc1nc(CNC(C)c2ccc(-c3cc4c(=O)nc[nH]c4s3)cn2)ccc1OC,0.10048865874608358,0.8142857142857143
rxn:2:124759:164117,Cc1cc(CNC(C)c2ccc(-c3cc4c(cn3)ncn4C)s2)nc(C2CC2)c1,0.10048482746913515,0.7727272727272727
rxn:2:128636:145452,CCc1cncc(CNC(C)c2ccc(-c3ccc4cc[nH]c(=O)c4c3)s2)c1,0.10048476925918035,0.8064516129032258
rxn:2:73208:159258,CC(NCc1cn2c(C(C)(C)C)csc2n1)c1ncc(-c2ccc3ncsc3c2)s1,0.10048213402430216,0.6764705882352942
rxn:2:136440:149983,COc1cnc2[nH]cc(-c3ccc(C(C)NCCc4[nH]nc5c4CCCC5)s3)c2c1,0.10047925114631653,0.6973684210526315
rxn:2:134313:151299,Cc1c(-c2ccc(C(C)NCc3cc4c(s3)CSCC4)s2)ccc2nccn12,0.10047548583575658,0.873015873015873
rxn:2:68137:157753,CCc1c[nH]c2ncnc(-c3ccc(C(C)NCc4nn[nH]c4-c4ccn(C)n4)s3)c12,0.10047406534994802,0.6666666666666666
rxn:2:143954:149983,COc1cnc2[nH]cc(-c3ccc(C(C)NCCc4cn5c(C)nc(C6CCC6)cc5n4)s3)c2c1,0.10047398124422346,0.7654320987654321
rxn:2:72307:148983,CCOC(C)c1nc(CNC(C)c2ccc(-c3ccc4o[nH]c(=O)c4c3)s2)cs1,0.10047149658203125,0.6805555555555556
rxn:2:136201:144913,CCOc1cccc2[nH]cc(CCNC(C)c3ccc(-c4ccc5ncc(=O)n(C)c5c4)s3)c12,0.10046614794170156,0.7215189873417721
rxn:2:67236:158710,Cc1c[nH]c2nccc(-c3ccc(C(C)NCC4CC4c4cc[nH]n4)s3)c12,0.10046323581978127,0.7323943661971831
rxn:2:152489:147854,Cc1nn(C)c2ccc(-c3ccc(C(C)NCCc4cn5c(-c6cn[nH]c6)csc5n4)s3)cc12,0.1004589690881617,0.7375
rxn:2:77576:148983,CC(NCc1cc(C2CC2)ccn1)c1ccc(-c2ccc3o[nH]c(=O)c3c2)s1,0.10045881356511797,0.7101449275362319
rxn:2:121718:160033,CCn1nc(CNC(C)c2ccc(-c3cc(C)nc(N4CCCC4)n3)s2)cc1CC1CC1,0.10044382140040398,0.6052631578947368
rxn:2:95971:156548,CC(NCc1cc2n(n1)CCSC2)c1ccc(-c2cccc3nsnc23)s1,0.10044376717673408,0.6428571428571429
rxn:2:86646:156548,CC(C)c1cn[nH]c1CCNC(C)c1ccc(-c2cccc3nsnc23)s1,0.1004334290822347,0.6363636363636364
rxn:2:110853:166234,Cc1nn2c(CCNC(C)c3cnc(-c4ccc5ncsc5c4)s3)cnc2s1,0.10043289831706456,0.7741935483870968
rxn:2:134313:168476,CC(NCc1cc2c(s1)CSCC2)c1ccc(-c2cnc3scnc3c2)s1,0.10043281979031032,0.8709677419354839
rxn:2:113893:157753,CCc1c[nH]c2ncnc(-c3ccc(C(C)NCC4(c5ccon5)CCC4)s3)c12,0.1004223659120757,0.618421052631579
rxn:2:96587:165909,CCn1cccc1-c1noc(CNC(C)c2ccc(-c3cnc(SC)n4cnnc34)s2)n1,0.10041654109954834,0.7631578947368421
rxn:2:110360:170874,Cc1cc(-c2ccc(C(C)Nn3c(=O)[nH][nH]c3=O)s2)cc2cccnc12,0.1004124192091135,0.5689655172413793
rxn:2:91717:156548,CC(Nc1[nH]ncc1N=O)c1ccc(-c2cccc3nsnc23)s1,0.10040525098641713,0.6190476190476191
rxn:2:132265:158710,Cc1c[nH]c2nccc(-c3ccc(C(C)Nc4cc(C5CCC5)n(C5CCCC5)n4)s3)c12,0.1004042848944664,0.684931506849315
rxn:2:113345:158710,Cc1c[nH]c2nccc(-c3ccc(C(C)NCCc4cnc5c(c4)nnn5C)s3)c12,0.10039436419804891,0.6714285714285714
rxn:2:79437:145452,CC(NCCc1nc(C2CCC(F)(F)CC2)no1)c1ccc(-c2ccc3cc[nH]c(=O)c3c2)s1,0.10039068846141591,0.6153846153846154
rxn:2:78217:148983,Cc1c(CNC(C)c2ccc(-c3ccc4o[nH]c(=O)c4c3)s2)cnc2c1CCC2,0.10038174842966013,0.8260869565217391
rxn:2:103715:147854,Cc1ccc2nc(CNC(C)c3ccc(-c4ccc5c(c4)c(C)nn5C)s3)cn2n1,0.10037922064463298,0.7692307692307693
rxn:2:152489:142632,CC(NCCc1cn2c(-c3cn[nH]c3)csc2n1)c1ccc(-c2cncc(N(C)C)n2)s1,0.10034508258104324,0.7307692307692307
rxn:2:74055:145452,CC(NCc1cnc(C2CCCCC2)nc1)c1ccc(-c2ccc3cc[nH]c(=O)c3c2)s1,0.1003436278551817,0.7647058823529411
rxn:2:105761:164117,CC(C)Cn1cc(-c2nc(CNC(C)c3ccc(-c4cc5c(cn4)ncn5C)s3)cs2)cn1,0.1003359520074093,0.6578947368421053
rxn:2:157863:158710,CCn1cccc(-c2csc(NC(C)c3ccc(-c4ccnc5[nH]cc(C)c45)s3)n2)c1=O,0.10033219680190086,0.618421052631579
rxn:2:78217:149983,COc1cnc2[nH]cc(-c3ccc(C(C)NCc4cnc5c(c4C)CCC5)s3)c2c1,0.10033217271169027,0.8285714285714286
rxn:2:91717:119339,CCC(Nc1[nH]ncc1N=O)c1ccc(-c2cc[nH]c2)s1,0.10032268649055845,0.5483870967741935
rxn:2:80329:142264,CCC(NCc1cc(C(C)C)nc(C)n1)c1ccc(-c2ccc3c(cnn3C)c2)s1,0.10031680464744568,0.6716417910447762
rxn:2:114693:169604,CC(NCc1cn2nc(C3CC3)ccc2n1)c1ccc(-c2ccc3ncsc3c2)s1,0.10031348864237467,0.7
rxn:2:140366:145452,CC(NCCc1[nH]ncc1-c1cc[nH]c1)c1ccc(-c2ccc3cc[nH]c(=O)c3c2)s1,0.100311279296875,0.6712328767123288
rxn:2:80499:158710,Cc1c[nH]c2nccc(-c3ccc(C(C)NCc4cnc(C5CC5)s4)s3)c12,0.1003083763299165,0.7619047619047619
rxn:2:90792:157836,CC(NCc1cc(C2CC2)n(C2CC2)n1)c1ccc(-c2ccnc(N3CCOCC3)c2)s1,0.10030649602413177,0.6233766233766234
rxn:2:72207:151299,Cc1c(-c2ccc(C(C)NC3CCN(c4ncnc5ccsc45)C3)s2)ccc2nccn12,0.1003054529428482,0.65
rxn:2:106689:147854,Cc1nn(C)c2ccc(-c3ccc(C(C)NCc4ncc(C(C)C)o4)s3)cc12,0.10029888365949903,0.746031746031746
rxn:2:113412:158710,CCc1cnc(NC(C)c2ccc(-c3ccnc4[nH]cc(C)c34)s2)c(SC)c1,0.10029002172606331,0.6666666666666666
rxn:2:86760:158710,Cc1c[nH]c2nccc(-c3ccc(C(C)Nc4cc(C5CC5)nn4C4CC4)s3)c12,0.10028904676437378,0.6716417910447762
rxn:2:113609:149983,CCC1(CCNC(C)c2ccc(-c3c[nH]c4ncc(OC)cc34)s2)N=N1,0.10028188045208271,0.6666666666666666
rxn:2:131011:156548,Cc1cc(C)c2nc(CNC(C)c3ccc(-c4cccc5nsnc45)s3)[nH]c2n1,0.10027647840565648,0.765625
rxn:2:82606:145209,Cc1cc(-c2ccc(C(C)NCc3cc(=O)[nH]c(C4CCC4)n3)s2)cc2cnn(C)c12,0.10027494353632774,0.7638888888888888
rxn:2:70155:157804,COc1ccc2ncnc(-c3ccc(C(C)NCc4cn5nc(C)sc5n4)s3)c2c1,0.10026625394821168,0.7428571428571429
rxn:2:76423:168965,CCC(C)c1cc(CNC(C)c2ccc(-c3cccc(-c4cnco4)c3)s2)nc(C2CC2)n1,0.10025544961293538,0.8656716417910447
rxn:2:112401:145209,Cc1cc(-c2ccc(C(C)NCCc3c[nH]nc3-c3ccsc3)s2)cc2cnn(C)c12,0.10024983652176396,0.7464788732394366
rxn:2:88321:147854,Cc1nc(CNC(C)c2ccc(-c3ccc4c(c3)c(C)nn4C)s2)cc(C2CC2)n1,0.100247593720754,0.8571428571428571
rxn:2:123429:149983,COc1cnc2[nH]cc(-c3ccc(C(C)NCc4cc5[nH]cc(C)c5cc4C)s3)c2c1,0.10022680413338446,0.7878787878787878
rxn:2:127199:145209,Cc1cc(-c2ccc(C(C)NCc3cc(=O)[nH]c(C4CC4)n3)s2)cc2cnn(C)c12,0.10022670030593872,0.7681159420289855
rxn:2:86780:158710,Cc1c[nH]c2nccc(-c3ccc(C(C)NCC4CC4SC4CC4)s3)c12,0.10021210175294143,0.6716417910447762
rxn:2:114316:145452,Cc1nc(C(C)C)oc1CNC(C)c1ccc(-c2ccc3cc[nH]c(=O)c3c2)s1,0.10020871820120976,0.6825396825396826
rxn:2:127539:165909,CSc1ncc(-c2ccc(C(C)NCc3cc(C(C)(C)C)[nH]n3)s2)c2nncn12,0.1002038758376549,0.676056338028169
rxn:2:159799:158710,Cc1[nH]c(-c2cc3c(C)cccc3[nH]2)cc1CNC(C)c1ccc(-c2ccnc3[nH]cc(C)c23)s1,0.10019355842045376,0.72
rxn:2:136201:145834,CCOc1cccc2[nH]cc(CCNC(C)c3ncc(-c4cc5ccccc5s4)cn3)c12,0.10018560104072094,0.5897435897435898
rxn:2:133855:147854,Cc1nn(C)c2ccc(-c3ccc(C(C)NCCc4nc[nH]c4C(C)C)s3)cc12,0.10018483318131545,0.8
rxn:2:70967:161792,Cc1cnc2[nH]cc(CNC(C)c3ccc(-c4cc5c(=O)nc[nH]c5s4)cn3)c2n1,0.10017902255058289,0.6901408450704225
rxn:2:109218:165180,Cc1cc(C)c2nc(CNC(C)c3ccc(-c4ccc5ncoc5c4)s3)[nH]c2c1,0.10017366655941667,0.7205882352941176
rxn:2:103485:156548,COc1cccc2c(CNC(C)c3ccc(-c4cccc5nsnc45)s3)c[nH]c12,0.10015233837324998,0.6428571428571429
rxn:2:78808:145452,CCCSc1n[nH]c(NC(C)c2ccc(-c3ccc4cc[nH]c(=O)c4c3)s2)n1,0.10014926535742623,0.6388888888888888
rxn:2:137332:171510,CCC(NCc1csc(-c2cnn(C(C)C)c2)n1)c1ccc(-c2ccc3ncsc3c2)s1,0.10014829412102699,0.8382352941176471
rxn:2:127199:149983,COc1cnc2[nH]cc(-c3ccc(C(C)NCc4cc(=O)[nH]c(C5CC5)n4)s3)c2c1,0.10014815330505371,0.7361111111111112
rxn:2:91525:156548,CC(Nc1[nH]ncc1-c1cnn(C)c1)c1ccc(-c2cccc3nsnc23)s1,0.10014640433447701,0.589041095890411
rxn:2:103485:151299,COc1cccc2c(CNC(C)c3ccc(-c4ccc5nccn5c4C)s3)c[nH]c12,0.100141970316569,0.8181818181818182
rxn:2:109542:145209,Cc1cc(-c2ccc(C(C)NCC[C@@H]3C[C@H]4CC[C@@H]3C4)s2)cc2cnn(C)c12,0.1001399861914771,0.7285714285714285
rxn:2:92918:151299,Cc1[nH]c(CCNC(C)c2ccc(-c3ccc4nccn4c3C)s2)nc1-c1ccc[nH]1,0.10013885651865313,0.7027027027027027
rxn:2:74902:158710,CSc1n[nH]c(NC(C)c2ccc(-c3ccnc4[nH]cc(C)c34)s2)n1,0.10013490676879883,0.7258064516129032
rxn:2:99816:159258,Cc1ccnc(CCNC(C)c2ncc(-c3ccc4ncsc4c3)s2)c1C1CC1,0.10012916449842782,0.7575757575757576
rxn:2:159091:157753,CCc1c[nH]c2ncnc(-c3ccc(C(C)NCc4csc(-c5nnc6sccn56)n4)s3)c12,0.10012234882874922,0.6282051282051282
rxn:2:163405:145452,Cc1nc(CC(C)C)cc2nc(CCNC(C)c3ccc(-c4ccc5cc[nH]c(=O)c5c4)s3)cn12,0.10012109960828508,0.7777777777777778
rxn:2:79964:164117,CC(NCc1cc2ncccc2s1)c1ccc(-c2cc3c(cn2)ncn3C)s1,0.10011937788554601,0.6376811594202898
rxn:2:127539:164117,CC(NCc1cc(C(C)(C)C)[nH]n1)c1ccc(-c2cc3c(cn2)ncn3C)s1,0.10011333440031324,0.7230769230769231
rxn:2:75219:159258,CC(NCc1nc(C2CC2)cs1)c1ncc(-c2ccc3ncsc3c2)s1,0.10009713814808772,0.6716417910447762
rxn:2:118803:158710,Cc1c[nH]c2nccc(-c3ccc(C(C)NCCC4CS(=O)(=O)C4)s3)c12,0.10007669146244343,0.671875
rxn:2:76367:149983,COc1cnc2[nH]cc(-c3ccc(C(C)NCCc4cn5ncsc5n4)s3)c2c1,0.10007419668394944,0.7
rxn:2:66391:148983,Cc1cc2[nH]c(CNC(C)c3ccc(-c4ccc5o[nH]c(=O)c5c4)s3)cc2s1,0.100064931171281,0.6417910447761194
rxn:2:124934:164117,Cc1ccnc2nc(CNC(C)c3ccc(-c4cc5c(cn4)ncn5C)s3)[nH]c12,0.10006112887941558,0.6901408450704225
rxn:2:112609:149983,COc1cnc2[nH]cc(-c3ccc(C(C)NCCc4cc(C(C)C)no4)s3)c2c1,0.10006047528365562,0.6857142857142857
rxn:2:139943:145452,CC(NCc1csc(C2CCC2)n1)c1ccc(-c2ccc3cc[nH]c(=O)c3c2)s1,0.1000533309476129,0.7941176470588235
rxn:2:75454:149983,CCCC(C)c1nc(CNC(C)c2ccc(-c3c[nH]c4ncc(OC)cc34)s2)cs1,0.10004244446754455,0.6621621621621622
rxn:2:108529:113626,CC(Nc1nc2cnncc2[nH]1)c1ccc(-c2cc[nH]c2)s1,0.10003902153535323,0.6909090909090909
rxn:2:132500:145452,CC(NCCc1nnc(-c2ccc[nH]2)o1)c1ccc(-c2ccc3cc[nH]c(=O)c3c2)s1,0.10003720752654537,0.7323943661971831
rxn:2:107070:147854,Cc1nn(C)c2ccc(-c3ccc(C(C)NCc4nccc(N5CCC5)n4)s3)cc12,0.10003564357757569,0.6521739130434783
rxn:2:100682:173019,CC(=O)n1cc(-c2ccc(C(C)NCCc3nc(Cc4ccccc4C)c(C)[nH]3)s2)c2ccccc21,0.10002946853637695,0.6835443037974683
rxn:2:137383:150247,Cc1cc(C)c2oc(CNC(C)c3ccc(-c4ccc5n[nH]c(=O)n5c4)s3)cc2c1,0.10002939701080323,0.6712328767123288
rxn:2:122648:147854,CCC1(CNC(C)c2ccc(-c3ccc4c(c3)c(C)nn4C)s2)N=N1,0.10000884294509887,0.6507936507936508
rxn:2:131011:146196,Cc1cc(C)c2nc(CNC(C)c3ccc(-c4cc5cn[nH]c5cc4C)s3)[nH]c2n1,0.10000559091567993,0.6231884057971014
rxn:2:106008:158710,Cc1c[nH]c2nccc(-c3ccc(C(C)NCc4nc5c(s4)CCCCC5)s3)c12,0.10000458462484951,0.7878787878787878
rxn:2:110360:78077,CCC(Nn1c(=O)[nH][nH]c1=O)c1ccc(-c2cscc2C)s1,0.1000012917952104,0.6538461538461539
rxn:2:107361:149983,CCc1nn2cc(CNC(C)c3ccc(-c4c[nH]c5ncc(OC)cc45)s3)nc2s1,0.09999838868776957,0.8028169014084507
rxn:2:70967:149983,COc1cnc2[nH]cc(-c3ccc(C(C)NCc4c[nH]c5ncc(C)nc45)s3)c2c1,0.0999958336353302,0.7058823529411765
rxn:2:87584:170874,CCc1c(CNC(C)c2ccc(-c3cc(C)c4ncccc4c3)s2)cnc2c1CCC2,0.09999541313417497,0.7123287671232876
rxn:2:71886:157652,COc1cccc2[nH]cc(CCNC(C)c3ccc(-c4ncnc5ccn(C)c45)s3)c12,0.09998455355244298,0.7066666666666667
rxn:2:90170:158710,Cc1c[nH]c2nccc(-c3ccc(C(C)Nc4cn(Cc5cncs5)nn4)s3)c12,0.09997537834890957,0.6901408450704225
rxn:2:135604:150504,COc1nc(CNC(C)n2cc(-c3nc4c(s3)C(=O)CCC4)cn2)ccc1C1CC1,0.09997141361236572,0.5697674418604651
rxn:2:140393:158710,CCc1c(CN(C)C)noc1NC(C)c1ccc(-c2ccnc3[nH]cc(C)c23)s1,0.09996894310260641,0.6197183098591549
rxn:2:150051:142273,Cc1[nH]c(CNC(C)c2ccc(-c3cnc(N(C)C)s3)s2)nc1Cc1ccc(C(C)C)cc1,0.09996657660513213,0.6571428571428571
rxn:2:139071:145452,Cc1ccnn1CC(C)CNC(C)c1ccc(-c2ccc3cc[nH]c(=O)c3c2)s1,0.0999652311719697,0.6714285714285714
rxn:2:131515:164117,CC(NCc1cc(-c2ccoc2)nc(C2CC2)n1)c1ccc(-c2cc3c(cn2)ncn3C)s1,0.09995823195486357,0.75
rxn:2:138643:92488,CC(NC1CC(c2nc(-c3cc[nH]c3)c[nH]2)C1)c1cc(-c2ccsc2)cs1,0.09995130035612318,0.5256410256410257
rxn:2:104068:145452,Cc1ccncc1-n1cc(CNC(C)c2ccc(-c3ccc4cc[nH]c(=O)c4c3)s2)cn1,0.09995066747069359,0.68
rxn:2:109218:167920,Cc1cc(C)c2nc(CNC(C)c3ccc(-c4ccc5n[nH]c(C)c5c4)s3)[nH]c2c1,0.0999505599339803,0.7058823529411765
rxn:2:89509:141436,CC(Nc1cncc(=O)[nH]1)c1ccc(-c2cnn(C)c2)s1,0.09995047251383464,0.631578947368421
rxn:2:83773:145209,Cc1ccc(-c2[nH]ncc2CNC(C)c2ccc(-c3cc(C)c4c(cnn4C)c3)s2)s1,0.0999499136401761,0.8181818181818182
rxn:2:109620:156548,CC(Nc1ccnn1S(C)(=O)=O)c1ccc(-c2cccc3nsnc23)s1,0.09994941720595726,0.5757575757575758
rxn:2:124587:92488,CC(NCC1(c2nnn[nH]2)CC1)c1cc(-c2ccsc2)cs1,0.09994561834768816,0.6379310344827587
rxn:2:107315:156548,CCc1c[nH]c2cc(CNC(C)c3ccc(-c4cccc5nsnc45)s3)ccc12,0.0999439995864342,0.6338028169014085
rxn:2:134525:149983,COc1cnc2[nH]cc(-c3ccc(C(C)NCc4cc(CC(C)C)on4)s3)c2c1,0.0999379014146739,0.7285714285714285
rxn:2:136201:170892,CCOc1cccc2[nH]cc(CCNC(C)c3ccc(-c4cc5sccc5s4)s3)c12,0.09993681510289511,0.684931506849315
rxn:2:69824:157188,COc1c(-c2ccc(C(C)NCCc3sc(N(C)C)nc3C)s2)ccnc1C,0.099933602980205,0.5915492957746479
rxn:2:72888:145209,COCCn1cnc(CNC(C)c2ccc(-c3cc(C)c4c(cnn4C)c3)s2)c1,0.09993186490289097,0.8307692307692308
rxn:2:96793:169604,CC(NCc1ccn2nccc2n1)c1ccc(-c2ccc3ncsc3c2)s1,0.09993107230574996,0.6911764705882353
rxn:2:68085:151299,Cc1cnc(CC(C)CNC(C)c2ccc(-c3ccc4nccn4c3C)s2)[nH]1,0.09992946897234235,0.5942028985507246
rxn:2:79461:172618,CC(NCc1c[nH][nH]c1=O)c1cc(-c2cc3sccc3s2)cs1,0.09992766121159428,0.75
rxn:2:76452:164117,CC(NCc1cnc2ncsc2c1)c1ccc(-c2cc3c(cn2)ncn3C)s1,0.09992757439613342,0.6716417910447762
rxn:2:139252:157753,CCc1c[nH]c2ncnc(-c3ccc(C(C)NCCc4cscn4)s3)c12,0.09992671471375686,0.7142857142857143
rxn:2:95477:173019,CCc1cc(C)nc(CCNC(C)c2ccc(-c3cn(C(C)=O)c4ccccc34)s2)n1,0.09991733297224968,0.6533333333333333
rxn:2:112821:145452,CC(C)c1ncc(CNC(C)c2ccc(-c3ccc4cc[nH]c(=O)c4c3)s2)s1,0.09991458484104701,0.7903225806451613
rxn:2:71886:165909,COc1cccc2[nH]cc(CCNC(C)c3ccc(-c4cnc(SC)n5cnnc45)s3)c12,0.09990590438246727,0.8783783783783784
rxn:2:82284:157753,CCc1c[nH]c2ncnc(-c3ccc(C(C)Nc4noc5cnccc45)s3)c12,0.09990419234548296,0.6857142857142857
rxn:2:135223:158710,Cc1c[nH]c2nccc(-c3ccc(C(C)Nc4ccc5ccoc5n4)s3)c12,0.09990114194375498,0.6615384615384615
rxn:2:70261:158710,Cc1c[nH]c2nccc(-c3ccc(C(C)Nc4cc([C@H]5C[C@@H]5F)[nH]n4)s3)c12,0.09990061433226974,0.6818181818181818
rxn:2:163117:145452,CC(NCc1cnn(-c2cc(C(C)(C)C)ccn2)c1)c1ccc(-c2ccc3cc[nH]c(=O)c3c2)s1,0.09990011964525496,0.6666666666666666
rxn:2:74347:158710,CCCc1cc(NC(C)c2ccc(-c3ccnc4[nH]cc(C)c34)s2)n(C2CC2)n1,0.09989816155926935,0.6486486486486487
rxn:2:93268:147854,Cc1nn(C)c2ccc(-c3ccc(C(C)NCc4n[nH]c(CC(C)C)n4)s3)cc12,0.09989809989929199,0.8548387096774194
rxn:2:72911:158710,Cc1c[nH]c2nccc(-c3ccc(C(C)NCCC4OCCc5ccccc54)s3)c12,0.0998819390932719,0.6455696202531646
rxn:2:131515:169604,CC(NCc1cc(-c2ccoc2)nc(C2CC2)n1)c1ccc(-c2ccc3ncsc3c2)s1,0.09987863153219223,0.7794117647058824
rxn:2:112602:145209,Cc1cc(-c2ccc(C(C)NCCc3cnc4ccccn34)s2)cc2cnn(C)c12,0.09987799326578777,0.7681159420289855
rxn:2:126914:171510,CCC(NCc1c[nH]c(C(C)C)n1)c1ccc(-c2ccc3ncsc3c2)s1,0.09986832627543697,0.7205882352941176
rxn:2:106746:148983,CC(NCc1c[nH]nc1C1CC1)c1ccc(-c2ccc3o[nH]c(=O)c3c2)s1,0.09986494647132026,0.6944444444444444
rxn:2:133800:145209,Cc1cc(-c2ccc(C(C)NCCc3cc4n(n3)CCCC4)s2)cc2cnn(C)c12,0.0998643159866333,0.726027397260274
rxn:2:123433:145452,Cc1ccc2oc(CCNC(C)c3ccc(-c4ccc5cc[nH]c(=O)c5c4)s3)cc2c1,0.09985180824033675,0.7428571428571429
rxn:2:96738:151299,CCc1nc(C)cc(CNC(C)c2ccc(-c3ccc4nccn4c3C)s2)n1,0.09984940077577319,0.7619047619047619
rxn:2:81711:145209,Cc1cc(-c2ccc(C(C)NCc3ccc4scnc4c3)s2)cc2cnn(C)c12,0.09984878013873923,0.746268656716418
rxn:2:128318:147854,Cc1nc(CNC(C)c2ccc(-c3ccc4c(c3)c(C)nn4C)s2)cc(CC(C)C)n1,0.09984626308564216,0.847457627118644
rxn:2:138177:142264,CCC(C)c1cc(CNC(CC)c2ccc(-c3ccc4c(cnn4C)c3)s2)no1,0.09983100151193552,0.6617647058823529
rxn:2:74393:145452,CC(NCc1ncno1)c1ccc(-c2ccc3cc[nH]c(=O)c3c2)s1,0.09982682943344116,0.7
rxn:2:135604:173138,COc1nc(CNC(C)c2ccc(-c3cc(OC)c4ncccc4c3)s2)ccc1C1CC1,0.09981591254472733,0.6266666666666667
rxn:2:97900:158710,Cc1c[nH]c2nccc(-c3ccc(C(C)Nc4n[nH]c5[nH]ncc45)s3)c12,0.0998146809064425,0.71875
rxn:2:135792:169604,CC(NCCc1[nH]nc2c1CSCC2)c1ccc(-c2ccc3ncsc3c2)s1,0.09981104518686022,0.6712328767123288
rxn:2:106574:158710,COc1cc(C)ccc1CCNC(C)c1ccc(-c2ccnc3[nH]cc(C)c23)s1,0.09980546194931557,0.7936507936507936
rxn:2:77454:158710,Cc1c[nH]c2nccc(-c3ccc(C(C)Nc4cc(C5CCC5)nc5ccnn45)s3)c12,0.09979586447438886,0.7534246575342466
rxn:2:97749:158710,CCCc1[nH]c(=O)c(CNC(C)c2ccc(-c3ccnc4[nH]cc(C)c34)s2)c2c1CCCC2,0.09978565122141983,0.6891891891891891
rxn:2:71886:167920,COc1cccc2[nH]cc(CCNC(C)c3ccc(-c4ccc5n[nH]c(C)c5c4)s3)c12,0.09978288219821069,0.726027397260274
rxn:2:120150:169604,COc1cc(CNC(C)c2ccc(-c3ccc4ncsc4c3)s2)cc(N(C)C)n1,0.09978228190849567,0.6721311475409836
rxn:2:74029:145209,COc1cnc(C)cc1CNC(C)c1ccc(-c2cc(C)c3c(cnn3C)c2)s1,0.09977443464871111,0.7727272727272727
rxn:2:85085:156548,Cc1nc(CNC(C)c2ccc(-c3cccc4nsnc34)s2)sc1C(C)F,0.09976625000988995,0.7419354838709677
rxn:2:93935:157804,COc1ccc2ncnc(-c3ccc(C(C)NCc4c[nH]c5c(C)cccc45)s3)c2c1,0.09976573144235919,0.8529411764705882
rxn:2:66393:165909,CCc1cccc2c(CNC(C)c3ccc(-c4cnc(SC)n5cnnc45)s3)c[nH]c12,0.0997616341037135,0.8082191780821918
rxn:2:123961:157652,Cc1cccc2[nH]cc(CCNC(C)c3ccc(-c4ncnc5ccn(C)c45)s3)c12,0.09974552591641744,0.8115942028985508
rxn:2:112833:145209,Cc1cc(-c2ccc(C(C)NCCc3ncsc3C3CCCCC3)s2)cc2cnn(C)c12,0.09973271749913692,0.6883116883116883
rxn:2:142087:147854,COc1ccc(CNC(C)c2ccc(-c3ccc4c(c3)c(C)nn4C)s2)nc1OC,0.09973076383272807,0.8688524590163934
rxn:2:137951:158710,Cc1c[nH]c2nccc(-c3ccc(C(C)NCc4cnc[nH]4)s3)c12,0.09972675641377766,0.6923076923076923
rxn:2:72307:157804,CCOC(C)c1nc(CNC(C)c2ccc(-c3ncnc4ccc(OC)cc34)s2)cs1,0.09972302759847333,0.6666666666666666
rxn:2:129757:145452,Cc1cccc2cc(CCNC(C)c3ccc(-c4ccc5cc[nH]c(=O)c5c4)s3)oc12,0.09972218736525505,0.7
rxn:2:101490:167920,Cc1[nH]nc2ccc(-c3ccc(C(C)NCc4cn5c6c(sc5n4)CCC6)s3)cc12,0.09971592823664348,0.6933333333333334
rxn:2:74181:157753,CCc1c[nH]c2ncnc(-c3ccc(C(C)NCc4nc5nc(C)cc(C)n5n4)s3)c12,0.09971521939000776,0.6575342465753424
rxn:2:82806:147854,Cc1c(C(C)C)n[nH]c1CNC(C)c1ccc(-c2ccc3c(c2)c(C)nn3C)s1,0.09971027538694184,0.6923076923076923
rxn:2:86444:144913,CC(NCc1c[nH]c(C2CCCC2)n1)c1ccc(-c2ccc3ncc(=O)n(C)c3c2)s1,0.09970841676958146,0.6753246753246753
rxn:2:123206:156548,Cc1cccc2c(CCC(C)NC(C)c3ccc(-c4cccc5nsnc45)s3)c[nH]c12,0.09970838408316335,0.6301369863013698
rxn:2:67320:145209,Cc1cc(-c2ccc(C(C)NCc3nccc(C(C)(F)F)n3)s2)cc2cnn(C)c12,0.09970204035441081,0.7575757575757576
rxn:2:117470:159258,CC(NCCc1ncc2ccccn12)c1ncc(-c2ccc3ncsc3c2)s1,0.09969962068966456,0.6865671641791045
rxn:2:86646:149983,COc1cnc2[nH]cc(-c3ccc(C(C)NCCc4[nH]ncc4C(C)C)s3)c2c1,0.09969488505659432,0.6956521739130435
rxn:2:84378:151299,Cc1c(-c2ccc(C(C)NCc3cc(CC4CCC4)n(C4CC4)n3)s2)ccc2nccn12,0.09968731738626957,0.7605633802816901
rxn:2:93093:169604,CC(NCc1cc2c(s1)CCSC2)c1ccc(-c2ccc3ncsc3c2)s1,0.09968021622410526,0.7903225806451613
rxn:2:109235:151299,CCC(CC)c1cc(CNC(C)c2ccc(-c3ccc4nccn4c3C)s2)nc(C)n1,0.09967767038652973,0.6714285714285714
rxn:2:112821:158710,Cc1c[nH]c2nccc(-c3ccc(C(C)NCc4cnc(C(C)C)s4)s3)c12,0.09966533272354691,0.71875
rxn:2:107315:164604,CCc1c[nH]c2cc(CNC(C)c3ccc(-c4cc(-n5cc(C)cn5)ncn4)s3)ccc12,0.09966394491493702,0.6233766233766234
rxn:2:88800:170874,Cc1cc(-c2ccc(C(C)NCCc3n[nH]c4cccc(C)c34)s2)cc2cccnc12,0.09966321914426741,0.6447368421052632
rxn:2:125794:164117,CC(NCc1ccc2ncccc2n1)c1ccc(-c2cc3c(cn2)ncn3C)s1,0.09965502393656764,0.6666666666666666
rxn:2:102433:156548,CC(NCCc1cc(C2CC2)n(C)n1)c1ccc(-c2cccc3nsnc23)s1,0.09964302607945033,0.8412698412698413
rxn:2:106493:169604,CC(NCc1c[nH]c(C(C)(C)C)n1)c1ccc(-c2ccc3ncsc3c2)s1,0.09963657017107364,0.7142857142857143
rxn:2:81709:157804,COc1ccc2ncnc(-c3ccc(C(C)NCc4n[nH]c(C(C)C)n4)s3)c2c1,0.0996333463438626,0.7313432835820896
rxn:2:126731:157753,CCc1c[nH]c2ncnc(-c3ccc(C(C)NCCc4cc(C5CCCC5)n(C)n4)s3)c12,0.0996287576854229,0.7066666666666667
rxn:2:144952:164117,CC(C)c1c[nH]c2nc(N3CCC(NC(C)c4ccc(-c5cc6c(cn5)ncn6C)s4)C3)ncc12,0.09959938866751535,0.6746987951807228
rxn:2:72194:145209,Cc1cc(-c2ccc(C(C)NCCc3nnc(C4CCCO4)[nH]3)s2)cc2cnn(C)c12,0.09959470072100239,0.6455696202531646
rxn:2:90792:155002,Cc1ccc(-c2ccc(C(C)NCc3cc(C4CC4)n(C4CC4)n3)s2)c2cn[nH]c12,0.09959122737248739,0.64
rxn:2:127937:159258,CC(NCc1cc2c(s1)CSC2)c1ncc(-c2ccc3ncsc3c2)s1,0.09959034048593961,0.6716417910447762
rxn:2:137624:158710,Cc1c[nH]c2nccc(-c3ccc(C(C)NCCc4cc(C5CCCC5)no4)s3)c12,0.0995763123035431,0.8507462686567164
rxn:2:123315:156548,CC(C)Oc1cnc(CNC(C)c2ccc(-c3cccc4nsnc34)s2)cn1,0.09956379873411995,0.6615384615384615
rxn:2:122815:158710,Cc1nc2c(s1)CC(CNC(C)c1ccc(-c3ccnc4[nH]cc(C)c34)s1)CC2,0.0995616707308539,0.684931506849315
rxn:2:70798:158710,Cc1c[nH]c2nccc(-c3ccc(C(C)NCCc4cnc5scc(C(C)C)n45)s3)c12,0.09956111061957575,0.8484848484848485
rxn:2:81768:142264,CCc1nc(CNC(CC)c2ccc(-c3ccc4c(cnn4C)c3)s2)ccc1OC,0.09956047733624776,0.6901408450704225
rxn:2:101103:145209,Cc1cc(-c2ccc(C(C)NCCC3CC4CCCCC43)s2)cc2cnn(C)c12,0.09955715516517902,0.7428571428571429
rxn:2:115873:147854,CCc1c(C)nc(CNC(C)c2ccc(-c3ccc4c(c3)c(C)nn4C)s2)[nH]c1=O,0.099555770556132,0.676056338028169
rxn:2:70798:165909,CSc1ncc(-c2ccc(C(C)NCCc3cnc4scc(C(C)C)n34)s2)c2nncn12,0.0995554756373167,0.5949367088607594
rxn:2:90792:150247,CC(NCc1cc(C2CC2)n(C2CC2)n1)c1ccc(-c2ccc3n[nH]c(=O)n3c2)s1,0.09955124060312907,0.8235294117647058
rxn:2:76394:157804,COc1ccc2ncnc(-c3ccc(C(C)NCc4cc5n(n4)CCCC5)s3)c2c1,0.09954969088236491,0.6329113924050633
rxn:2:68950:147854,Cc1nn(C)c2ccc(-c3ccc(C(C)NCc4cccc(-n5nccn5)n4)s3)cc12,0.09954054124893681,0.6818181818181818
rxn:2:142087:158710,COc1ccc(CNC(C)c2ccc(-c3ccnc4[nH]cc(C)c34)s2)nc1OC,0.099532517893561,0.8095238095238095
rxn:2:96429:145209,Cc1cc(-c2ccc(C(C)NCc3nc(-c4ccco4)n[nH]3)s2)cc2cnn(C)c12,0.09952673117319742,0.7777777777777778
rxn:2:87679:147854,Cc1nn(C)c2ccc(-c3ccc(C(C)NCc4nc(C5CCCCC5)no4)s3)cc12,0.09951563035288165,0.72
rxn:2:110424:158710,Cc1c[nH]c2nccc(-c3ccc(C(C)NCc4cc(-c5ccc[nH]5)n[nH]4)s3)c12,0.09950967903794913,0.75
rxn:2:119262:170874,Cc1sc(CNC(C)c2ccc(-c3cc(C)c4ncccc4c3)s2)nc1C(C)C,0.09950299920706913,0.671875
rxn:2:66515:149983,COc1cnc2[nH]cc(-c3ccc(C(C)NCc4cn5cccc(C)c5n4)s3)c2c1,0.09950004021326701,0.8142857142857143
rxn:2:144952:151299,Cc1c(-c2ccc(C(C)NC3CCN(c4ncc5c(C(C)C)c[nH]c5n4)C3)s2)ccc2nccn12,0.09949682780674525,0.7215189873417721
rxn:2:117291:147854,Cc1nn(C)c2ccc(-c3ccc(C(C)NCc4cc(-c5ccco5)n(C)n4)s3)cc12,0.09949511481869605,0.6891891891891891
rxn:2:79964:156548,CC(NCc1cc2ncccc2s1)c1ccc(-c2cccc3nsnc23)s1,0.09949077941753247,0.6666666666666666
rxn:2:110124:149983,COc1cnc2[nH]cc(-c3ccc(C(C)NCc4nc5c(s4)CC(C)(C)CC5)s3)c2c1,0.09948894669932704,0.7671232876712328
rxn:2:132873:158710,Cc1c[nH]c2nccc(-c3ccc(C(C)Nc4c5c(nn4C4CC4)CC4CC54)s3)c12,0.0994797130425771,0.6025641025641025
rxn:2:93093:173019,CC(=O)n1cc(-c2ccc(C(C)NCc3cc4c(s3)CCSC4)s2)c2ccccc21,0.0994795560836792,0.6891891891891891
rxn:2:117641:147854,CCCn1nc(CNC(C)c2ccc(-c3ccc4c(c3)c(C)nn4C)s2)cc1C(C)C,0.09947949647903442,0.7424242424242424
rxn:2:123016:165909,CSc1ncc(-c2ccc(C(C)NCCc3c[nH]nc3C(C)C)s2)c2nncn12,0.09947945742771544,0.7971014492753623
rxn:2:103609:156548,Cc1nc(CNC(C)c2ccc(-c3cccc4nsnc34)s2)cc(C(C)(C)C)n1,0.09947761173905997,0.6666666666666666
rxn:2:141238:145209,Cc1cc(-c2ccc(C(C)NCCC(C)Sc3nnc[nH]3)s2)cc2cnn(C)c12,0.099476616958092,0.7285714285714285
rxn:2:100176:164117,CC(NCc1nn(C2CC2)c2c1CCCC2)c1ccc(-c2cc3c(cn2)ncn3C)s1,0.09947644895122897,0.6621621621621622
rxn:2:80499:151299,Cc1c(-c2ccc(C(C)NCc3cnc(C4CC4)s3)s2)ccc2nccn12,0.09946739673614502,0.746031746031746
rxn:2:131133:91908,FC1CCCc2ccccc2C1NCC1CCN(c2ncnc3ccsc23)C1,0.09945915852274213,0.7313432835820896
rxn:2:81768:148810,CCc1nc(CNC(C)c2csc(-c3ccc4c(cnn4C)c3)c2)ccc1OC,0.09945329715465677,0.7536231884057971
rxn:2:101994:157753,CCc1c[nH]c2ncnc(-c3ccc(C(C)NCc4csc(C(C)(F)F)n4)s3)c12,0.09945277098951669,0.6716417910447762
rxn:2:161621:157652,CCc1nn(-c2ccc(C3CC3)nc2)cc1CNC(C)c1ccc(-c2ncnc3ccn(C)c23)s1,0.09945230824606759,0.7195121951219512
rxn:2:123961:144543,CSc1cnc(-c2ccc(C(C)NCCc3c[nH]c4cccc(C)c34)s2)nc1,0.09945177606173924,0.6818181818181818
rxn:2:121718:157830,CCn1nc(CNC(C)c2ccc(-c3cnc(OC(C)C)s3)s2)cc1CC1CC1,0.09945166522058947,0.6388888888888888
rxn:2:138177:164117,CCC(C)c1cc(CNC(C)c2ccc(-c3cc4c(cn3)ncn4C)s2)no1,0.09944987297058105,0.765625
rxn:2:139209:172035,CC(Nc1n[nH]c(=O)[nH]1)c1csc(-c2ccc3[nH]ccc3c2)c1,0.09943935922954393,0.8518518518518519
rxn:2:124759:149983,COc1cnc2[nH]cc(-c3ccc(C(C)NCc4cc(C)cc(C5CC5)n4)s3)c2c1,0.09943645000457764,0.835820895522388
rxn:2:95129:158710,Cc1cn2cc(CNC(C)c3ccc(-c4ccnc5[nH]cc(C)c45)s3)nc2s1,0.09943349872316633,0.8524590163934426
rxn:2:111558:151299,Cc1c(-c2ccc(C(C)NCc3csc(C4CC(C)C4)n3)s2)ccc2nccn12,0.09943227932370942,0.6486486486486487
rxn:2:123595:145452,CC(NCCc1cc2cccc3c2n1CC3)c1ccc(-c2ccc3cc[nH]c(=O)c3c2)s1,0.0994239542633295,0.6282051282051282
rxn:2:81600:115754,CSCC(NCC(F)c1cnc[nH]1)c1ccc2c(c1)CCCS2,0.09942072370777959,0.847457627118644
rxn:2:131378:151299,CCc1nc(CNC(C)c2ccc(-c3ccc4nccn4c3C)s2)c[nH]1,0.09941995602387649,0.7619047619047619
rxn:2:143584:143511,CC(CCc1c[nH]c2cc3c(cc12)CCC3)Nc1nc(=O)c2cc(C3CCC3)sc2[nH]1,0.09941953612912086,0.7419354838709677
rxn:2:105957:165126,COc1cncc2[nH]cc(CCNC(C)c3ccc(-c4ccnc5[nH]ncc45)s3)c12,0.09941898783047994,0.7605633802816901
rxn:2:137383:168965,Cc1cc(C)c2oc(CNC(C)c3ccc(-c4cccc(-c5cnco5)c4)s3)cc2c1,0.09941450626619401,0.676056338028169
rxn:2:118749:145452,CC(NCc1noc(CCC2CCCCC2)n1)c1ccc(-c2ccc3cc[nH]c(=O)c3c2)s1,0.09940639047911673,0.7534246575342466
rxn:2:119262:144913,Cc1sc(CNC(C)c2ccc(-c3ccc4ncc(=O)n(C)c4c3)s2)nc1C(C)C,0.0994061271349589,0.6533333333333333
rxn:2:68496:158710,Cc1c[nH]c2nccc(-c3ccc(C(C)NCc4cc(-c5ccsc5)n[nH]4)s3)c12,0.09940378624817421,0.7391304347826086
rxn:2:141046:145209,CCCCc1[nH]cnc1CNC(C)c1ccc(-c2cc(C)c3c(cnn3C)c2)s1,0.09940221597408426,0.7941176470588235
rxn:2:138947:170874,Cc1cc(-c2ccc(C(C)NCc3cn4c(n3)CCCC4C)s2)cc2cccnc12,0.09939080476760864,0.7534246575342466
rxn:2:109269:147854,CSCc1ncc(CNC(C)c2ccc(-c3ccc4c(c3)c(C)nn4C)s2)cn1,0.09938658516982506,0.7272727272727273
rxn:2:77440:113963,CC(Nc1cnon1)c1cc(-c2cc[nH]c2)cs1,0.09938565889994304,0.6071428571428571
rxn:2:134291:145209,CCCc1noc(CC(C)NC(C)c2ccc(-c3cc(C)c4c(cnn4C)c3)s2)n1,0.09938549995422363,0.7
rxn:2:135604:157830,COc1nc(CNC(C)c2ccc(-c3cnc(OC(C)C)s3)s2)ccc1C1CC1,0.09938519987566717,0.625
rxn:2:95903:157753,CCc1c[nH]c2ncnc(-c3ccc(C(C)Nc4ncn(CCn5cccn5)n4)s3)c12,0.0993834387871527,0.6805555555555556
rxn:2:141383:149983,COc1cnc2[nH]cc(-c3ccc(C(C)NCc4cnc(C5CCCC5)s4)s3)c2c1,0.09938209056854248,0.7464788732394366
rxn:2:90792:157804,COc1ccc2ncnc(-c3ccc(C(C)NCc4cc(C5CC5)n(C5CC5)n4)s3)c2c1,0.09937396086752415,0.6623376623376623
rxn:2:123574:147854,COCc1nc(CNC(C)c2ccc(-c3ccc4c(c3)c(C)nn4C)s2)c[nH]1,0.09936801663466863,0.7464788732394366
rxn:2:128240:145452,CC(NCC(F)CC1CCCCO1)c1ccc(-c2ccc3cc[nH]c(=O)c3c2)s1,0.09934907946093328,0.625
rxn:2:109218:165748,Cc1cc(C)c2nc(CNC(C)c3ccc(-c4cnc(N5CCOCC5)s4)s3)[nH]c2c1,0.09934852584715813,0.6764705882352942
rxn:2:131587:158710,CCCc1cc(NC(C)c2ccc(-c3ccnc4[nH]cc(C)c34)s2)nn1CC1CCC1,0.09934745488628265,0.6666666666666666
rxn:2:138881:158710,Cc1c[nH]c2nccc(-c3ccc(C(C)NCc4cn5c(C)csc5n4)s3)c12,0.0993470847606659,0.8571428571428571
rxn:2:93089:145209,CSc1ccc(CNC(C)c2ccc(-c3cc(C)c4c(cnn4C)c3)s2)cc1C,0.0993363487309423,0.7777777777777778
rxn:2:127199:151299,Cc1c(-c2ccc(C(C)NCc3cc(=O)[nH]c(C4CC4)n3)s2)ccc2nccn12,0.09932900297230687,0.7183098591549296
rxn:2:87612:145209,Cc1cc(-c2ccc(C(C)NCCn3cc4ccccc4n3)s2)cc2cnn(C)c12,0.09932829936345418,0.6865671641791045
rxn:2:117330:158710,Cc1c[nH]c2nccc(-c3ccc(C(C)NCc4ccc5c(n4)CCCC5)s3)c12,0.09931673263681345,0.7313432835820896
rxn:2:110892:142264,CCC(NCc1cc(C)nc(C)n1)c1ccc(-c2ccc3c(cnn3C)c2)s1,0.09931192653519767,0.6923076923076923
rxn:2:134525:158710,Cc1c[nH]c2nccc(-c3ccc(C(C)NCc4cc(CC(C)C)on4)s3)c12,0.09930071234703064,0.7313432835820896
rxn:2:87222:149983,COc1cnc2[nH]cc(-c3ccc(C(C)NCCc4cc(C(C)C)on4)s3)c2c1,0.09929639717628216,0.6956521739130435
rxn:2:156787:158710,Cc1oncc1-c1cc(CNC(C)c2ccc(-c3ccnc4[nH]cc(C)c34)s2)nc(C2CC2)n1,0.09929060935974121,0.8055555555555556
rxn:2:74312:158710,CCc1nn2nc(NC(C)c3ccc(-c4ccnc5[nH]cc(C)c45)s3)cc2[nH]1,0.09928772704941886,0.6388888888888888
rxn:2:123896:145209,CCCc1nc(CNC(C)c2ccc(-c3cc(C)c4c(cnn4C)c3)s2)cs1,0.0992853364774159,0.8
rxn:2:119344:158710,CCOCc1noc(CNC(C)c2ccc(-c3ccnc4[nH]cc(C)c34)s2)n1,0.09927733029638018,0.6901408450704225
rxn:2:113364:158710,Cc1c(CCNC(C)c2ccc(-c3ccnc4[nH]cc(C)c34)s2)nn2c1CCC2,0.09925542617666311,0.7428571428571429
rxn:2:71886:147106,COc1cccc2[nH]cc(CCNC(C)c3ccc(-c4ccc5c(c4)ncn5C)s3)c12,0.09925017626054826,0.7916666666666666
rxn:2:123429:158710,Cc1cc2c(C)c[nH]c2cc1CNC(C)c1ccc(-c2ccnc3[nH]cc(C)c23)s1,0.09924670855204264,0.7704918032786885
rxn:2:75219:145452,CC(NCc1nc(C2CC2)cs1)c1ccc(-c2ccc3cc[nH]c(=O)c3c2)s1,0.0992384169782911,0.7352941176470589
rxn:2:144549:145452,CC(Nc1nc(=O)c2c3c(sc2[nH]1)CSCC3)c1ccc(-c2ccc3cc[nH]c(=O)c3c2)s1,0.09923839569091797,0.575
rxn:2:108286:164117,CCN(C)c1ccnc(CNC(C)c2ccc(-c3cc4c(cn3)ncn4C)s2)c1,0.09923793529642039,0.6521739130434783
rxn:2:158858:158710,Cc1c[nH]c2nccc(-c3ccc(C(C)NCC4CC4c4ccc5[nH]c(=O)oc5c4)s3)c12,0.09923416003584862,0.6708860759493671
rxn:2:88321:169604,Cc1nc(CNC(C)c2ccc(-c3ccc4ncsc4c3)s2)cc(C2CC2)n1,0.09922779032162257,0.8360655737704918
rxn:2:157790:157753,CCc1c[nH]c2ncnc(-c3ccc(C(C)Nc4cc(-c5nc6ccccc6[nH]5)[nH]n4)s3)c12,0.09922041134400801,0.68
rxn:2:126731:151299,Cc1c(-c2ccc(C(C)NCCc3cc(C4CCCC4)n(C)n3)s2)ccc2nccn12,0.09922002976940524,0.7910447761194029
rxn:2:77168:159258,CCC(CC)c1nn2cc(CNC(C)c3ncc(-c4ccc5ncsc5c4)s3)nc2s1,0.09921484608804026,0.8095238095238095
rxn:2:69203:147106,CC(NCCc1nccc2cc[nH]c12)c1ccc(-c2ccc3c(c2)ncn3C)s1,0.09921351589005568,0.6714285714285714
rxn:2:130068:147854,COc1cccc2[nH]cc(CNC(C)c3ccc(-c4ccc5c(c4)c(C)nn5C)s3)c12,0.09920623225550498,0.8571428571428571
rxn:2:90533:147854,COc1cc(C)ccc1-c1cc(CNC(C)c2ccc(-c3ccc4c(c3)c(C)nn4C)s2)n[nH]1,0.09920563592630274,0.6805555555555556
rxn:2:76649:147854,Cc1nn(C)c2ccc(-c3ccc(C(C)NCc4cc(C(C)C)on4)s3)cc12,0.0992023731981005,0.703125
rxn:2:124807:168965,Cc1ccc2nc(CNC(C)c3ccc(-c4cccc(-c5cnco5)c4)s3)cn2c1,0.09920008977254231,0.7910447761194029
rxn:2:121718:150329,CCn1nc(CNC(C)c2ccc(-c3ccnc4[nH]cc(C)c34)cn2)cc1CC1CC1,0.0991867607639682,0.6944444444444444
rxn:2:87137:145209,Cc1cc(-c2ccc(C(C)NCCc3cc(C4C5CC6CC(C5)CC4C6)[nH]n3)s2)cc2cnn(C)c12,0.0991780956586202,0.68
rxn:2:70891:173019,CC(=O)n1cc(-c2ccc(C(C)NCc3csc4c3CCCN4C)s2)c2ccccc21,0.09917265945865263,0.6233766233766234
rxn:2:117616:145209,Cc1cc(-c2ccc(C(C)NCc3cc(CC4CC4)n(C(C)(C)C)n3)s2)cc2cnn(C)c12,0.0991710623105367,0.8028169014084507
rxn:2:135638:158710,Cc1c[nH]c2nccc(-c3ccc(C(C)NCCN4CCc5nc(C(C)C)sc5C4)s3)c12,0.09916648268699646,0.5822784810126582
rxn:2:67638:158710,Cc1c[nH]c2nccc(-c3ccc(C(C)NC4CCC(N5CCC5)C4)s3)c12,0.09915886322657268,0.676056338028169
rxn:2:107268:149983,CCc1cc(CNC(C)c2ccc(-c3c[nH]c4ncc(OC)cc34)s2)ncc1OC1CC1,0.0991538017988205,0.7702702702702703
rxn:2:92112:159258,CC(NCCc1cn2cccnc2n1)c1ncc(-c2ccc3ncsc3c2)s1,0.09915379967008318,0.6666666666666666
rxn:2:88321:168965,Cc1nc(CNC(C)c2ccc(-c3cccc(-c4cnco4)c3)s2)cc(C2CC2)n1,0.09915231466293335,0.7391304347826086
rxn:2:103485:157854,CCn1ncc2cc(-c3cnc(C(C)NCc4c[nH]c5c(OC)cccc45)s3)ccc21,0.09914818502241565,0.8142857142857143
rxn:2:132971:158710,Cc1csc(-c2cc(NC(C)c3ccc(-c4ccnc5[nH]cc(C)c45)s3)on2)n1,0.09914666003194349,0.796875
rxn:2:128259:145452,COCc1[nH]ncc1CNC(C)c1ccc(-c2ccc3cc[nH]c(=O)c3c2)s1,0.09914518679891314,0.7681159420289855
rxn:2:113808:158710,CCc1cn(CCNC(C)c2ccc(-c3ccnc4[nH]cc(C)c34)s2)nn1,0.09914477666219075,0.6388888888888888
rxn:2:122532:157652,Cc1nc(CNC(C)c2ccc(-c3ncnc4ccn(C)c34)s2)sc1C(C)(F)F,0.09913276187304793,0.6164383561643836
rxn:2:91814:156548,CC(C)c1nsc(CNC(C)c2ccc(-c3cccc4nsnc34)s2)n1,0.09912604093551636,0.7719298245614035
rxn:2:99816:170874,Cc1ccnc(CCNC(C)c2ccc(-c3cc(C)c4ncccc4c3)s2)c1C1CC1,0.09912035926695793,0.6805555555555556
rxn:2:73462:158710,Cc1c[nH]c2nccc(-c3ccc(C(C)NCCc4cn5ccsc5n4)s3)c12,0.09912025077002388,0.7878787878787878
rxn:2:100197:158710,Cc1c[nH]c2nccc(-c3ccc(C(C)NCc4ccnc(C(C)C)c4)s3)c12,0.09911654676709857,0.7666666666666667
rxn:2:113984:145452,CCOc1ccccc1-c1nc(CNC(C)c2ccc(-c3ccc4cc[nH]c(=O)c4c3)s2)cs1,0.09911568199886996,0.7368421052631579
rxn:2:80952:164912,Cc1cc(CNC(c2ccc(-c3cc4c(=O)nc[nH]c4s3)cc2)C(C)C)nc(N(C)C)n1,0.09911108762025833,0.6285714285714286
rxn:2:74313:164117,CC(NCc1nc(CCC2CCCCC2)cn1C)c1ccc(-c2cc3c(cn2)ncn3C)s1,0.09910079204674924,0.6447368421052632
rxn:2:90792:142264,CCC(NCc1cc(C2CC2)n(C2CC2)n1)c1ccc(-c2ccc3c(cnn3C)c2)s1,0.09909032044872161,0.6756756756756757
rxn:2:117329:147854,Cc1nn(C)c2ccc(-c3ccc(C(C)NCc4cc(C5CCCC5)on4)s3)cc12,0.09908755222956339,0.7183098591549296
rxn:2:84312:170874,Cc1cc(-c2ccc(C(C)NCc3cc4n(n3)CCC(C)C4)s2)cc2cccnc12,0.09908289909362793,0.7066666666666667
rxn:2:117969:169604,Cc1csc(-c2cc(NC(C)c3ccc(-c4ccc5ncsc5c4)s3)[nH]n2)c1,0.0990827637059348,0.7903225806451613
rxn:2:77010:169604,CC(NCCc1nc2c(c(=O)[nH]1)CSC2)c1ccc(-c2ccc3ncsc3c2)s1,0.09907653413969895,0.6301369863013698
rxn:2:127937:173019,CC(=O)n1cc(-c2ccc(C(C)NCc3cc4c(s3)CSC4)s2)c2ccccc21,0.09907197130137477,0.6266666666666667
rxn:2:110272:147854,Cc1nn(C)c2ccc(-c3ccc(C(C)NCc4noc(-c5cccn5C)n4)s3)cc12,0.09904872025212934,0.6578947368421053
rxn:2:88800:164117,Cc1cccc2[nH]nc(CCNC(C)c3ccc(-c4cc5c(cn4)ncn5C)s3)c12,0.09904543956120809,0.8142857142857143
rxn:2:115607:149983,COc1cnc2[nH]cc(-c3ccc(C(C)NCc4csc(-c5ccc(CC(C)C)cc5)n4)s3)c2c1,0.09904510293688093,0.691358024691358
rxn:2:114693:151299,Cc1c(-c2ccc(C(C)NCc3cn4nc(C5CC5)ccc4n3)s2)ccc2nccn12,0.09902872000971148,0.676056338028169
rxn:2:102393:157753,CCc1c[nH]c2ncnc(-c3ccc(C(C)Nc4cc(-c5ccc[nH]5)n[nH]4)s3)c12,0.09902547145711965,0.7183098591549296
rxn:2:103485:157515,CCn1ncc2cc(-c3ncc(C(C)NCc4c[nH]c5c(OC)cccc45)s3)ccc21,0.09899816589970742,0.8169014084507042
rxn:2:114417:157753,CCc1c[nH]c2ncnc(-c3ccc(C(C)Nc4noc5nccnc45)s3)c12,0.09898772409984044,0.6323529411764706
rxn:2:134672:164117,CC(NCc1ccc2cccc3c2c1CC3)c1ccc(-c2cc3c(cn2)ncn3C)s1,0.09897780802942091,0.5921052631578947
rxn:2:88800:157753,CCc1c[nH]c2ncnc(-c3ccc(C(C)NCCc4n[nH]c5cccc(C)c45)s3)c12,0.09897693126432357,0.7910447761194029
rxn:2:110360:149983,COc1cnc2[nH]cc(-c3ccc(C(C)Nn4c(=O)[nH][nH]c4=O)s3)c2c1,0.09895470509162316,0.6285714285714286
rxn:2:110378:165909,CSc1ncc(-c2ccc(C(C)NCc3nc(C)c4n3CCCC4)s2)c2nncn12,0.09894100030263266,0.6842105263157895
rxn:2:139125:145452,CCn1ccn2ncc(CNC(C)c3ccc(-c4ccc5cc[nH]c(=O)c5c4)s3)c12,0.09893942872683208,0.6363636363636364
rxn:2:131515:147854,Cc1nn(C)c2ccc(-c3ccc(C(C)NCc4cc(-c5ccoc5)nc(C5CC5)n4)s3)cc12,0.09893524822066813,0.7887323943661971
rxn:2:138218:173019,CC(=O)n1cc(-c2ccc(C(C)NCc3nc4ccc(C)nc4[nH]3)s2)c2ccccc21,0.098932723845205,0.6891891891891891
rxn:2:78217:151299,Cc1c(CNC(C)c2ccc(-c3ccc4nccn4c3C)s2)cnc2c1CCC2,0.09892458340217328,0.6811594202898551
rxn:2:120124:145452,Cc1c[nH]c2ncc(CCNC(C)c3ccc(-c4ccc5cc[nH]c(=O)c5c4)s3)c-2c1,0.09892359856636293,0.6666666666666666
rxn:2:75710:164117,CC(NCCc1ccc2cc[nH]c2c1)c1ccc(-c2cc3c(cn2)ncn3C)s1,0.0989225095716016,0.6216216216216216
rxn:2:168185:163340,Cc1cc(C)c2cc(CCC(C)NC3CCN(c4ncnc5scc(C)c45)CC3)c(=O)n(C)c2c1,0.09892182350158692,0.5421686746987951
rxn:2:157777:158710,Cc1ccc2c(c1)nc(-c1noc(CNC(C)c3ccc(-c4ccnc5[nH]cc(C)c45)s3)n1)n2C,0.0989163773400443,0.6623376623376623
rxn:2:88321:171510,CCC(NCc1cc(C2CC2)nc(C)n1)c1ccc(-c2ccc3ncsc3c2)s1,0.0989142738539597,0.7
rxn:2:77609:157753,CCc1cccc2oc(CNC(C)c3ccc(-c4ncnc5[nH]cc(CC)c45)s3)nc12,0.09890766682163361,0.6666666666666666
rxn:2:89733:150247,CC(NCc1ccc2cc[nH]c2c1)c1ccc(-c2ccc3n[nH]c(=O)n3c2)s1,0.09890330689293998,0.6266666666666667
rxn:2:86525:147854,CCOc1c(C)cc(CNC(C)c2ccc(-c3ccc4c(c3)c(C)nn4C)s2)cc1C,0.09890006819078999,0.6857142857142857
rxn:2:120150:142264,CCC(NCc1cc(OC)nc(N(C)C)c1)c1ccc(-c2ccc3c(cnn3C)c2)s1,0.09889474222736974,0.6266666666666667
rxn:2:121898:171510,CCC(NCCc1n[nH]c2c(C)cccc12)c1ccc(-c2ccc3ncsc3c2)s1,0.09889137148857116,0.7794117647058824
rxn:2:124934:149983,COc1cnc2[nH]cc(-c3ccc(C(C)NCc4nc5nccc(C)c5[nH]4)s3)c2c1,0.09888052940368652,0.7123287671232876
rxn:2:110360:151299,Cc1c(-c2ccc(C(C)Nn3c(=O)[nH][nH]c3=O)s2)ccc2nccn12,0.09887296676635743,0.5909090909090909
rxn:2:138190:161792,Cc1nc(CNC(C)c2ccc(-c3cc4c(=O)nc[nH]c4s3)cn2)cc2ccccc12,0.09886108675310688,0.6764705882352942
rxn:2:164282:145209,Cc1cnc(-n2cc(CNC(C)c3ccc(-c4cc(C)c5c(cnn5C)c4)s3)cn2)cc1C1CC1,0.09886001689093453,0.6805555555555556
rxn:2:105697:145209,CCn1cc(CNC(C)c2ccc(-c3cc(C)c4c(cnn4C)c3)s2)cn1,0.0988598002327813,0.7796610169491526
rxn:2:84312:156548,CC1CCn2nc(CNC(C)c3ccc(-c4cccc5nsnc45)s3)cc2C1,0.09885959327220917,0.6619718309859155
rxn:2:75454:164117,CCCC(C)c1nc(CNC(C)c2ccc(-c3cc4c(cn3)ncn4C)s2)cs1,0.09885748912548196,0.6376811594202898
rxn:2:99816:149983,COc1cnc2[nH]cc(-c3ccc(C(C)NCCc4nccc(C)c4C4CC4)s3)c2c1,0.09885314203077747,0.7027027027027027
rxn:2:109269:151299,CSCc1ncc(CNC(C)c2ccc(-c3ccc4nccn4c3C)s2)cn1,0.09884828329086304,0.671875
rxn:2:114931:173019,CCCc1cc(CNC(C)c2ccc(-c3cn(C(C)=O)c4ccccc34)s2)nn1C1CCC1,0.09884477745402943,0.7671232876712328
rxn:2:70967:148983,Cc1cnc2[nH]cc(CNC(C)c3ccc(-c4ccc5o[nH]c(=O)c5c4)s3)c2n1,0.09883269564858799,0.7536231884057971
rxn:2:106008:149983,COc1cnc2[nH]cc(-c3ccc(C(C)NCc4nc5c(s4)CCCCC5)s3)c2c1,0.0988297422726949,0.8
rxn:2:127234:169604,CSCc1nc(CNC(C)c2ccc(-c3ccc4ncsc4c3)s2)cs1,0.09882192657544063,0.6984126984126984
rxn:2:124807:165909,CSc1ncc(-c2ccc(C(C)NCc3cn4cc(C)ccc4n3)s2)c2nncn12,0.09881769021352133,0.8088235294117647
rxn:2:111512:150247,CC(NCc1nc2c(s1)CCCC2(C)C)c1ccc(-c2ccc3n[nH]c(=O)n3c2)s1,0.0988168994585673,0.68
rxn:2:111512:144913,CC(NCc1nc2c(s1)CCCC2(C)C)c1ccc(-c2ccc3ncc(=O)n(C)c3c2)s1,0.09881392121315002,0.6708860759493671
rxn:2:88083:145209,Cc1cc(-c2ccc(C(C)NCCC(F)(F)c3ccc[nH]3)s2)cc2cnn(C)c12,0.09879976716534845,0.6571428571428571
rxn:2:152489:142668,COc1cccc(-c2ccc(C(C)NCCc3cn4c(-c5cn[nH]c5)csc4n3)s2)n1,0.0987994247867215,0.6923076923076923
rxn:2:90331:158710,Cc1c[nH]c2nccc(-c3ccc(C(C)Nc4cccc(-c5cn6c(n5)CCCC6)c4)s3)c12,0.09879673972274318,0.6923076923076923
rxn:2:74044:158710,Cc1c[nH]c2nccc(-c3ccc(C(C)NCc4ncc(C(C)C)cn4)s3)c12,0.0987959589276995,0.6935483870967742
rxn:2:105495:157753,CCc1c[nH]c2ncnc(-c3ccc(C(C)Nc4ncn(CC5CC(F)(F)C5)n4)s3)c12,0.09879556009846349,0.6712328767123288
rxn:2:127741:142264,CCCc1cc(CNC(CC)c2ccc(-c3ccc4c(cnn4C)c3)s2)nn1CC,0.09879195690155029,0.6521739130434783
rxn:2:88800:142264,CCC(NCCc1n[nH]c2cccc(C)c12)c1ccc(-c2ccc3c(cnn3C)c2)s1,0.09879055715376331,0.6666666666666666
rxn:2:135604:156548,COc1nc(CNC(C)c2ccc(-c3cccc4nsnc34)s2)ccc1C1CC1,0.09879049761541958,0.7727272727272727
rxn:2:84866:145209,Cc1cc(-c2ccc(C(C)NCCc3cc(-c4ccc[nH]4)n(C)n3)s2)cc2cnn(C)c12,0.09878821671009064,0.7361111111111112
rxn:2:85900:145209,Cc1cc(-c2ccc(C(C)NCc3coc4c3CCCC4)s2)cc2cnn(C)c12,0.09878714331265154,0.6956521739130435
rxn:2:84312:150247,CC1CCn2nc(CNC(C)c3ccc(-c4ccc5n[nH]c(=O)n5c4)s3)cc2C1,0.09878672402480553,0.68
rxn:2:78664:147854,Cc1nn(C)c2ccc(-c3ccc(C(C)NCCc4nsc5ccccc45)s3)cc12,0.09878671964009603,0.6666666666666666
rxn:2:120410:157753,CCc1c[nH]c2ncnc(-c3ccc(C(C)NC(C)CCc4nc(-c5ccccn5)c[nH]4)s3)c12,0.09878534078598022,0.5625
rxn:2:126924:158710,Cc1c[nH]c2nccc(-c3ccc(C(C)Nc4cnn(C(C)c5cn[nH]c5)c4)s3)c12,0.09876985549926758,0.6388888888888888
rxn:2:111163:145209,Cc1cc(-c2ccc(C(C)NCC3COc4cscc4O3)s2)cc2cnn(C)c12,0.0987696647644043,0.6901408450704225
rxn:2:74698:156548,CC(C)c1cc(CNC(C)c2ccc(-c3cccc4nsnc34)s2)nc(C2CC2)n1,0.09876282215118408,0.8253968253968254
rxn:2:99789:168965,CC(NCc1c[nH]nc1CC1CCC1)c1ccc(-c2cccc(-c3cnco3)c2)s1,0.09876092672348022,0.6153846153846154
rxn:2:123905:145209,Cc1cc(-c2ccc(C(C)NCCc3cc(-c4ccco4)on3)s2)cc2cnn(C)c12,0.09875907436493904,0.7647058823529411
rxn:2:112263:159258,CC(NCc1cc2c(s1)CCOC2)c1ncc(-c2ccc3ncsc3c2)s1,0.09875076567685162,0.6666666666666666
rxn:2:105957:150247,COc1cncc2[nH]cc(CCNC(C)c3ccc(-c4ccc5n[nH]c(=O)n5c4)s3)c12,0.0987505316734314,0.821917808219178
rxn:2:145810:157753,CCc1c[nH]c2ncnc(-c3ccc(C(C)Nc4nc5cc(N6CCCCC6C)ccn5n4)s3)c12,0.09874269792011806,0.6
rxn:2:93935:142273,Cc1cccc2c(CNC(C)c3ccc(-c4cnc(N(C)C)s4)s3)c[nH]c12,0.09874077637990315,0.8135593220338984
rxn:2:124266:145452,CC(NCCc1c[nH]c2ncnc(C3CCC3)c12)c1ccc(-c2ccc3cc[nH]c(=O)c3c2)s1,0.09873697336982279,0.7012987012987013
rxn:2:138947:168965,CC(NCc1cn2c(n1)CCCC2C)c1ccc(-c2cccc(-c3cnco3)c2)s1,0.09873510201772054,0.7671232876712328
rxn:2:113242:157753,CCc1c[nH]c2ncnc(-c3ccc(C(C)Nc4nccn4Cc4nccs4)s3)c12,0.09873145222663879,0.7391304347826086
rxn:2:102789:169604,CCc1cnc(CNC(C)c2ccc(-c3ccc4ncsc4c3)s2)s1,0.09873040199279785,0.6964285714285714
rxn:2:137313:157854,CCn1ncc2cc(-c3cnc(C(C)NCc4csc(-c5cnn(CC6CCC6)c5)n4)s3)ccc21,0.09873030526297433,0.8082191780821918
rxn:2:84866:145452,CC(NCCc1cc(-c2ccc[nH]2)n(C)n1)c1ccc(-c2ccc3cc[nH]c(=O)c3c2)s1,0.09872695803642273,0.7910447761194029
rxn:2:104155:169604,CC(NCCN(C)c1ccc(-c2ccc[nH]2)nn1)c1ccc(-c2ccc3ncsc3c2)s1,0.09871124848723412,0.6
rxn:2:112858:161792,CC(NCc1cc(C2CC2)cs1)c1ccc(-c2cc3c(=O)nc[nH]c3s2)cn1,0.09870354618344988,0.647887323943662
rxn:2:130921:156548,CCc1nc(CCNC(C)c2ccc(-c3cccc4nsnc34)s2)c2n1CCCC2,0.09869663317998251,0.6805555555555556
rxn:2:109218:149743,Cc1cc(C)c2nc(CNC(C)c3ccc(-c4ccc5c(c4)oc(=O)n5C)s3)[nH]c2c1,0.09869506666737218,0.6944444444444444
rxn:2:89661:145452,CC(NCc1csc(-c2cccs2)n1)c1ccc(-c2ccc3cc[nH]c(=O)c3c2)s1,0.09869492252667746,0.8059701492537313
rxn:2:136916:158710,CCn1cc(CNC(C)c2ccc(-c3ccnc4[nH]cc(C)c34)s2)ccc1=O,0.09868675257478442,0.647887323943662
rxn:2:90533:169604,COc1cc(C)ccc1-c1cc(CNC(C)c2ccc(-c3ccc4ncsc4c3)s2)n[nH]1,0.09868623875081539,0.8285714285714286
rxn:2:94990:148983,COc1ccc2c(CNC(C)c3ccc(-c4ccc5o[nH]c(=O)c5c4)s3)c[nH]c2n1,0.09868564208348592,0.7647058823529411
rxn:2:122304:145209,Cc1cnc(C2CC2CCNC(C)c2ccc(-c3cc(C)c4c(cnn4C)c3)s2)s1,0.09868358373641968,0.8
rxn:2:69319:173019,CC(=O)n1cc(-c2ccc(C(C)NCc3cn4c(n3)CCC(C)C4)s2)c2ccccc21,0.0986831880384876,0.6842105263157895
rxn:2:134313:157753,CCc1c[nH]c2ncnc(-c3ccc(C(C)NCc4cc5c(s4)CSCC5)s3)c12,0.09868009953663268,0.8615384615384616
rxn:2:95588:145209,Cc1cc(-c2ccc(C(C)NCc3cn(C4CC4)ccc3=O)s2)cc2cnn(C)c12,0.09867027799288432,0.7142857142857143
rxn:2:75454:165909,CCCC(C)c1nc(CNC(C)c2ccc(-c3cnc(SC)n4cnnc34)s2)cs1,0.09866859118143717,0.6666666666666666
rxn:2:131733:107408,CC(NCc1nc(=N)[nH][nH]1)c1ccc(-c2ccsc2)s1,0.0986678034067154,0.6981132075471698
rxn:2:137383:161792,Cc1cc(C)c2oc(CNC(C)c3ccc(-c4cc5c(=O)nc[nH]c5s4)cn3)cc2c1,0.09866480673513105,0.6486486486486487
rxn:2:110853:145452,Cc1nn2c(CCNC(C)c3ccc(-c4ccc5cc[nH]c(=O)c5c4)s3)cnc2s1,0.09866480429967245,0.7397260273972602
rxn:2:81003:169604,CC(NCCn1cnnc1C1CC1)c1ccc(-c2ccc3ncsc3c2)s1,0.0986631093201814,0.6376811594202898
rxn:2:84961:169604,Cc1cnc(Sc2ccnc(CNC(C)c3ccc(-c4ccc5ncsc5c4)s3)c2)nc1,0.09866056591272354,0.6617647058823529
rxn:2:74181:157804,COc1ccc2ncnc(-c3ccc(C(C)NCc4nc5nc(C)cc(C)n5n4)s3)c2c1,0.0986570306122303,0.64
rxn:2:76367:145452,CC(NCCc1cn2ncsc2n1)c1ccc(-c2ccc3cc[nH]c(=O)c3c2)s1,0.0986558096162204,0.7361111111111112
rxn:2:96169:149983,COc1cnc2[nH]cc(-c3ccc(C(C)NCCc4nn(C)c5ccccc45)s3)c2c1,0.09865307423376268,0.7777777777777778
rxn:2:105761:148983,CC(C)Cn1cc(-c2nc(CNC(C)c3ccc(-c4ccc5o[nH]c(=O)c5c4)s3)cs2)cn1,0.09864882086262558,0.76
rxn:2:127175:164117,CC(NCc1c[nH]c2ncccc12)c1ccc(-c2cc3c(cn2)ncn3C)s1,0.09864334123475212,0.7575757575757576
rxn:2:117631:157753,CCc1c[nH]c2ncnc(-c3ccc(C(C)Nc4nc(C)nc5ccncc45)s3)c12,0.09863682587941487,0.676056338028169
rxn:2:113014:145452,CCc1ccccc1-c1nc(CNC(C)c2ccc(-c3ccc4cc[nH]c(=O)c4c3)s2)co1,0.09863419966264204,0.7066666666666667
rxn:2:97860:157753,CCCc1[nH]cnc1CCNC(C)c1ccc(-c2ncnc3[nH]cc(CC)c23)s1,0.09863323384317858,0.6923076923076923
rxn:2:84866:165126,CC(NCCc1cc(-c2ccc[nH]2)n(C)n1)c1ccc(-c2ccnc3[nH]ncc23)s1,0.09862976670265197,0.7323943661971831
rxn:2:81426:157188,COc1c(-c2ccc(C(C)NC3CCN(CCCC4CCCC4)C3)s2)ccnc1C,0.09861323237419128,0.7027027027027027
rxn:2:76367:148983,CC(NCCc1cn2ncsc2n1)c1ccc(-c2ccc3o[nH]c(=O)c3c2)s1,0.0986095986195973,0.7464788732394366
rxn:2:129272:157753,CCc1c[nH]c2ncnc(-c3ccc(C(C)Nc4cc(-c5ccc(C)nc5)[nH]n4)s3)c12,0.09860513671751946,0.7681159420289855
rxn:2:105495:145209,Cc1cc(-c2ccc(C(C)Nc3ncn(CC4CC(F)(F)C4)n3)s2)cc2cnn(C)c12,0.09859908203924855,0.5921052631578947
rxn:2:124759:158710,Cc1cc(CNC(C)c2ccc(-c3ccnc4[nH]cc(C)c34)s2)nc(C2CC2)c1,0.09859409003422179,0.8412698412698413
rxn:2:97610:158710,Cc1c[nH]c2nccc(-c3ccc(C(C)NCC4CCc5cn[nH]c5C4)s3)c12,0.0985888157572065,0.625
rxn:2:105608:148983,CC(NCc1coc(C2CCCCC2)n1)c1ccc(-c2ccc3o[nH]c(=O)c3c2)s1,0.09858830372492472,0.6805555555555556
rxn:2:134068:151299,Cc1c(-c2ccc(C(C)NCc3csc(-c4cnn(CC5CC5)c4)n3)s2)ccc2nccn12,0.09858663876851399,0.6296296296296297
rxn:2:83428:170828,CC(Nc1n[nH]c(=O)[nH]c1=O)c1ccc(-c2ccc3sccc3c2)s1,0.09858396530151367,0.6833333333333333
rxn:2:116454:158710,Cc1c[nH]c2nccc(-c3ccc(C(C)NCCn4cc(C5CC5)cn4)s3)c12,0.098580002784729,0.7058823529411765
rxn:2:113674:165909,CSc1ncc(-c2ccc(C(C)NCc3cc(C4CC4)nc(C4CC4)n3)s2)c2nncn12,0.09857726469635963,0.855072463768116
rxn:2:112609:158710,Cc1c[nH]c2nccc(-c3ccc(C(C)NCCc4cc(C(C)C)no4)s3)c12,0.09857623066220965,0.671875
rxn:2:90091:147854,Cc1nn(C)c2ccc(-c3ccc(C(C)NCc4csc(N5CCCC5)n4)s3)cc12,0.09857329130172729,0.6901408450704225
rxn:2:93685:168965,CCC(C)c1nc(CNC(C)c2ccc(-c3cccc(-c4cnco4)c3)s2)co1,0.09855809293944261,0.6428571428571429
rxn:2:87610:148983,COc1ncc(CNC(C)c2ccc(-c3ccc4o[nH]c(=O)c4c3)s2)nc1OC,0.09854982228114686,0.7285714285714285
rxn:2:91058:149983,COc1cnc2[nH]cc(-c3ccc(C(C)NCc4ccc(C5CC5)[nH]c4=O)s3)c2c1,0.09854331811269125,0.7051282051282052
rxn:2:105849:158710,Cc1c[nH]c2nccc(-c3ccc(C(C)Nc4[nH]ncc4N(C)CC(C)C)s3)c12,0.09853774514691584,0.7230769230769231
rxn:2:125198:145209,Cc1cc(-c2ccc(C(C)NCCn3ncnn3)s2)cc2cnn(C)c12,0.0985320256306575,0.7049180327868853
rxn:2:78664:173019,CC(=O)n1cc(-c2ccc(C(C)NCCc3nsc4ccccc34)s2)c2ccccc21,0.09853028866552538,0.6575342465753424
rxn:2:163763:168163,Cc1cncnc1-c1ccc(C(C)Nc2cc(-c3ccc4cc[nH]c4c3)[nH]n2)s1,0.09851644779073782,0.6756756756756757
rxn:2:165873:157753,CCc1c[nH]c2ncnc(-c3ccc(C(C)Nc4nc5[nH]c6c(c5c(=O)[nH]4)CCCC6)s3)c12,0.09851601629546194,0.6621621621621622
rxn:2:110303:156548,CC(NCc1ccn(C(C)C)n1)c1ccc(-c2cccc3nsnc23)s1,0.09848642807740432,0.6666666666666666
rxn:2:141979:157804,COc1ccc2ncnc(-c3ccc(C(C)NCc4ccc5c(C)c[nH]c5c4)s3)c2c1,0.09848204543513636,0.8235294117647058
rxn:2:108529:84225,CCc1ccc(-c2ccc(C(C)Nc3nc4cnncc4[nH]3)s2)s1,0.0984794944524765,0.6491228070175439
rxn:2:76194:164117,CC(NCc1ccc2c(c1)nnn2C1CC1)c1ccc(-c2cc3c(cn2)ncn3C)s1,0.09847926708959764,0.6805555555555556
rxn:2:124807:158710,Cc1ccc2nc(CNC(C)c3ccc(-c4ccnc5[nH]cc(C)c45)s3)cn2c1,0.09846629356515818,0.78125
rxn:2:110272:145452,CC(NCc1noc(-c2cccn2C)n1)c1ccc(-c2ccc3cc[nH]c(=O)c3c2)s1,0.09845860542789582,0.65
rxn:2:77576:157753,CCc1c[nH]c2ncnc(-c3ccc(C(C)NCc4cc(C5CC5)ccn4)s3)c12,0.09845066481623156,0.7611940298507462
rxn:2:127747:173019,CC(=O)n1cc(-c2ccc(C(C)NCCc3n[nH]c4ccsc34)s2)c2ccccc21,0.09844724734624227,0.7397260273972602
rxn:2:140366:142264,CCC(NCCc1[nH]ncc1-c1cc[nH]c1)c1ccc(-c2ccc3c(cnn3C)c2)s1,0.0984467383353941,0.64
rxn:2:127747:157753,CCc1c[nH]c2ncnc(-c3ccc(C(C)NCCc4n[nH]c5ccsc45)s3)c12,0.09844305391969352,0.782608695652174
rxn:2:100252:158710,Cc1ccsc1Cn1cc(CNC(C)c2ccc(-c3ccnc4[nH]cc(C)c34)s2)nn1,0.09843487701108379,0.6756756756756757
rxn:2:156043:157188,COc1c(-c2ccc(C(C)NCc3cn(-c4cc(C)c(C)cn4)nc3C(C)C)s2)ccnc1C,0.09842983764760635,0.8142857142857143
rxn:2:123420:144913,COc1sc2c(c1CNC(C)c1ccc(-c3ccc4ncc(=O)n(C)c4c3)s1)CCCN2C,0.09842580737489642,0.6172839506172839
rxn:2:96793:159258,CC(NCc1ccn2nccc2n1)c1ncc(-c2ccc3ncsc3c2)s1,0.09841394424438477,0.6825396825396826
rxn:2:119289:157753,CCc1c[nH]c2ncnc(-c3ccc(C(C)NC(C)CCc4cn5ccccc5n4)s3)c12,0.09841066971421242,0.6578947368421053
rxn:2:114693:148983,CC(NCc1cn2nc(C3CC3)ccc2n1)c1ccc(-c2ccc3o[nH]c(=O)c3c2)s1,0.098409523887019,0.7123287671232876
rxn:2:81768:153835,CCc1nc(CNC(C)c2ccc(-c3ccc4conc4c3)s2)ccc1OC,0.09840860962867737,0.6764705882352942
rxn:2:91243:158710,CCCc1cnn(CCNC(C)c2ccc(-c3ccnc4[nH]cc(C)c34)s2)c1,0.09840187430381775,0.6666666666666666
rxn:2:158340:168163,CCc1nn(-c2ccc(C3CC3)nc2)cc1NC(C)c1ccc(-c2ncncc2C)s1,0.09840158493288102,0.8028169014084507
rxn:2:76015:157753,CCc1c[nH]c2ncnc(-c3ccc(C(C)NCCc4nn(C)c5c4CCCC5)s3)c12,0.09840065048586938,0.7638888888888888
rxn:2:120150:149983,COc1cnc2[nH]cc(-c3ccc(C(C)NCc4cc(OC)nc(N(C)C)c4)s3)c2c1,0.09839956222041961,0.6712328767123288
rxn:2:128543:151299,CCn1nc(CNC(C)c2ccc(-c3ccc4nccn4c3C)s2)cc1CC(C)C,0.09839823047320048,0.8387096774193549
rxn:2:141710:147357,CC(NCc1nc2c(s1)CCCC2)c1ccc(-c2cnc3nccnc3c2)s1,0.09839776584080287,0.5833333333333334
rxn:2:93632:157804,COc1ccc2ncnc(-c3ccc(C(C)NCc4nc5c(s4)CSCC5)s3)c2c1,0.09839650392532348,0.6621621621621622
rxn:2:166916:106742,CSc1ccc2c(c1)CCC2Nc1c(N=O)c(=O)[nH]c2ncnn12,0.09838603933652242,0.5151515151515151
rxn:2:109218:157804,COc1ccc2ncnc(-c3ccc(C(C)NCc4nc5c(C)cc(C)cc5[nH]4)s3)c2c1,0.09837979450821877,0.7857142857142857
rxn:2:122521:169604,CC(NCc1nc(C2CCCC2)no1)c1ccc(-c2ccc3ncsc3c2)s1,0.09836656280926295,0.6944444444444444
rxn:2:104861:157753,CCc1c[nH]c2ncnc(-c3ccc(C(C)NCc4cn[nH]c4CC4CC4)s3)c12,0.09836270891386888,0.647887323943662
rxn:2:74510:157753,CCc1c[nH]c2ncnc(-c3ccc(C(C)NCCc4c[nH]c5nccc(C)c45)s3)c12,0.09836270732264366,0.7936507936507936
rxn:2:126678:159258,CSc1nnc(CCNC(C)c2ncc(-c3ccc4ncsc4c3)s2)o1,0.09835814054195698,0.7121212121212122
rxn:2:139839:151299,COc1sc(C2CC2)cc1CNC(C)c1ccc(-c2ccc3nccn3c2C)s1,0.09834101076783805,0.6666666666666666
rxn:2:80303:151299,Cc1c(-c2ccc(C(C)NCc3nn(C(C)C)c4c3CCC4)s2)ccc2nccn12,0.09833277463912964,0.6619718309859155
rxn:2:103729:147854,CCCc1cc(CNC(C)c2ccc(-c3ccc4c(c3)c(C)nn4C)s2)n[nH]1,0.09832189977169037,0.7272727272727273
rxn:2:127937:169604,CC(NCc1cc2c(s1)CSC2)c1ccc(-c2ccc3ncsc3c2)s1,0.098319778075585,0.7704918032786885
rxn:2:126566:147854,CCCc1ncc(CNC(C)c2ccc(-c3ccc4c(c3)c(C)nn4C)s2)s1,0.09831068771226066,0.6857142857142857
rxn:2:73373:156548,CC(NCc1ncc(-c2ccccn2)[nH]1)c1ccc(-c2cccc3nsnc23)s1,0.09829930190382333,0.6231884057971014
rxn:2:69104:169604,COc1cccc2nc(CNC(C)c3ccc(-c4ccc5ncsc5c4)s3)cc(C)c12,0.09829262764223161,0.6619718309859155
rxn:2:110900:156548,Cc1ncc(CNC(C)c2ccc(-c3cccc4nsnc34)s2)cc1OC1CC1,0.0982833011397,0.6986301369863014
rxn:2:126822:165909,CCn1cc(-c2nc(CNC(C)c3ccc(-c4cnc(SC)n5cnnc45)s3)cs2)c(C)n1,0.09827877897204775,0.717948717948718
rxn:2:99816:165748,Cc1ccnc(CCNC(C)c2ccc(-c3cnc(N4CCOCC4)s3)s2)c1C1CC1,0.09826684959473149,0.6301369863013698
rxn:2:111512:169604,CC(NCc1nc2c(s1)CCCC2(C)C)c1ccc(-c2ccc3ncsc3c2)s1,0.09824231164208774,0.6619718309859155
rxn:2:68950:158710,Cc1c[nH]c2nccc(-c3ccc(C(C)NCc4cccc(-n5nccn5)n4)s3)c12,0.0982421358426412,0.6875
rxn:2:107315:169604,CCc1c[nH]c2cc(CNC(C)c3ccc(-c4ccc5ncsc5c4)s3)ccc12,0.09823179039461859,0.7166666666666667
rxn:2:121147:173019,CC(=O)n1cc(-c2ccc(C(C)NCc3cc4c(s3)CCCS4)s2)c2ccccc21,0.09821962515513102,0.6233766233766234
rxn:2:84539:147854,Cc1nn(C)c2ccc(-c3ccc(C(C)NCc4coc(C(C)(C)C)n4)s3)cc12,0.09821851911215947,0.7121212121212122
rxn:2:70798:147106,CC(C)c1csc2ncc(CCNC(C)c3ccc(-c4ccc5c(c4)ncn5C)s3)n12,0.09821634523330196,0.5853658536585366
rxn:2:103715:161792,Cc1ccc2nc(CNC(C)c3ccc(-c4cc5c(=O)nc[nH]c5s4)cn3)cn2n1,0.09821260372797648,0.6756756756756757
rxn:2:156650:167846,CCc1nn(-c2cc(C3CC3)ccn2)cc1CNC(C)c1ccc(-c2c[nH]nc2-c2ccncc2)s1,0.09821067750453949,0.6951219512195121
rxn:2:110424:149983,COc1cnc2[nH]cc(-c3ccc(C(C)NCc4cc(-c5ccc[nH]5)n[nH]4)s3)c2c1,0.09820306698481242,0.7746478873239436
rxn:2:72307:149983,CCOC(C)c1nc(CNC(C)c2ccc(-c3c[nH]c4ncc(OC)cc34)s2)cs1,0.09818993210792541,0.6666666666666666
rxn:2:121652:161792,Cc1cc(CNC(C)c2ccc(-c3cc4c(=O)nc[nH]c4s3)cn2)cc2c1CCC2,0.09818911751111349,0.7101449275362319
rxn:2:106464:145452,Cc1cccc2cc(CNC(C)c3ccc(-c4ccc5cc[nH]c(=O)c5c4)s3)[nH]c12,0.09818890492121378,0.7313432835820896
rxn:2:76394:149983,COc1cnc2[nH]cc(-c3ccc(C(C)NCc4cc5n(n4)CCCC5)s3)c2c1,0.0981825877880228,0.6666666666666666
rxn:2:120421:145209,CSc1cc(CNC(C)c2ccc(-c3cc(C)c4c(cnn4C)c3)s2)cc(C2CC2)c1,0.09818183606670748,0.7727272727272727
rxn:2:96793:156548,CC(NCc1ccn2nccc2n1)c1ccc(-c2cccc3nsnc23)s1,0.09817019436094496,0.6666666666666666
rxn:2:72001:145452,CCc1[nH]c(CNC(C)c2ccc(-c3ccc4cc[nH]c(=O)c4c3)s2)nc1C,0.09816128015518188,0.7230769230769231
rxn:2:141710:161666,CC(NCc1nc2c(s1)CCCC2)c1ccc(-c2cnc3ncnn3c2)s1,0.09814397935514096,0.589041095890411
rxn:2:115125:157753,CCc1c[nH]c2ncnc(-c3ccc(C(C)NCc4cc5[nH]ccc5cn4)s3)c12,0.0981292827376004,0.6818181818181818
rxn:2:91647:148983,CCCc1[nH]ncc1CNC(C)c1ccc(-c2ccc3o[nH]c(=O)c3c2)s1,0.09812511338127984,0.647887323943662
rxn:2:107171:157753,CCc1c[nH]c2ncnc(-c3ccc(C(C)NCCc4n[nH]c5cccc(OC)c45)s3)c12,0.0981199610978365,0.6933333333333334
rxn:2:108679:158710,Cc1c[nH]c2nccc(-c3ccc(C(C)NCC4CC4c4cnn([C@@H]5CCCCO5)c4)s3)c12,0.09811841719078296,0.6172839506172839
rxn:2:128543:148983,CCn1nc(CNC(C)c2ccc(-c3ccc4o[nH]c(=O)c4c3)s2)cc1CC(C)C,0.09811838269233704,0.84375
rxn:2:66560:164117,COc1ccc2c(CNC(C)c3ccc(-c4cc5c(cn4)ncn5C)s3)c[nH]c2c1,0.09811291694641114,0.7285714285714285
rxn:2:138643:141436,CC(NC1CC(c2nc(-c3cc[nH]c3)c[nH]2)C1)c1ccc(-c2cnn(C)c2)s1,0.09811178701264518,0.6438356164383562
rxn:2:135758:145209,Cc1cc(-c2ccc(C(C)Nc3cc4nccc(C(C)C)n4n3)s2)cc2cnn(C)c12,0.09810850697178994,0.647887323943662
rxn:2:107315:157188,CCc1c[nH]c2cc(CNC(C)c3ccc(-c4ccnc(C)c4OC)s3)ccc12,0.09810627740004967,0.7246376811594203
rxn:2:120150:164117,COc1cc(CNC(C)c2ccc(-c3cc4c(cn3)ncn4C)s2)cc(N(C)C)n1,0.09810274839401245,0.6133333333333333
rxn:2:162737:161792,Cc1cc(CNC(C)c2ccc(-c3cc4c(=O)nc[nH]c4s3)cn2)ccc1OC(C)c1ccccc1,0.09809760418203142,0.6756756756756757
rxn:2:132889:147854,Cc1nn(C)c2ccc(-c3ccc(C(C)NCc4nnc(C(C)C)s4)s3)cc12,0.09809584064143044,0.7258064516129032
rxn:2:70758:156548,CC(NCCc1noc(-c2ccc[nH]2)n1)c1ccc(-c2cccc3nsnc23)s1,0.09809563899862356,0.6666666666666666
rxn:2:115125:151299,Cc1c(-c2ccc(C(C)NCc3cc4[nH]ccc4cn3)s2)ccc2nccn12,0.0980889116014753,0.7384615384615385
rxn:2:69203:148983,CC(NCCc1nccc2cc[nH]c12)c1ccc(-c2ccc3o[nH]c(=O)c3c2)s1,0.09808648865798424,0.7878787878787878
rxn:2:120150:145452,COc1cc(CNC(C)c2ccc(-c3ccc4cc[nH]c(=O)c4c3)s2)cc(N(C)C)n1,0.09808247320113643,0.6875
rxn:2:137383:147854,Cc1cc(C)c2oc(CNC(C)c3ccc(-c4ccc5c(c4)c(C)nn5C)s3)cc2c1,0.09807477843376898,0.6666666666666666
rxn:2:93632:144913,CC(NCc1nc2c(s1)CSCC2)c1ccc(-c2ccc3ncc(=O)n(C)c3c2)s1,0.09807218909263611,0.7567567567567568
rxn:2:117807:148983,CC[C@H]1CC[C@H](CNC(C)c2ccc(-c3ccc4o[nH]c(=O)c4c3)s2)CC1,0.0980555878745185,0.6428571428571429
rxn:2:106574:149983,COc1cnc2[nH]cc(-c3ccc(C(C)NCCc4ccc(C)cc4OC)s3)c2c1,0.0980332374572754,0.7910447761194029
rxn:2:127937:151299,Cc1c(-c2ccc(C(C)NCc3cc4c(s3)CSC4)s2)ccc2nccn12,0.09802569062621505,0.8548387096774194
rxn:2:138947:147854,Cc1nn(C)c2ccc(-c3ccc(C(C)NCc4cn5c(n4)CCCC5C)s3)cc12,0.09802327950795492,0.7534246575342466
rxn:2:100303:145452,Cc1ccc(CNC(C)c2ccc(-c3ccc4cc[nH]c(=O)c4c3)s2)nc1C,0.098019220999309,0.8032786885245902
rxn:2:134083:171510,CCC(Nc1cc(C2CCO2)[nH]n1)c1ccc(-c2ccc3ncsc3c2)s1,0.09801038327040495,0.5641025641025641
rxn:2:122532:166234,Cc1nc(CNC(C)c2cnc(-c3ccc4ncsc4c3)s2)sc1C(C)(F)F,0.09800686580794198,0.7619047619047619
rxn:2:69041:158710,CCc1n[nH]cc1CC(C)NC(C)c1ccc(-c2ccnc3[nH]cc(C)c23)s1,0.09799059161118098,0.625
rxn:2:69935:115754,CSCC(Nc1csnn1)c1ccc2c(c1)CCCS2,0.09797270596027374,0.6785714285714286
rxn:2:139277:158710,Cc1c(NC(C)c2ccc(-c3ccnc4[nH]cc(C)c34)s2)ccc2cn(C)nc12,0.09794181379778631,0.6086956521739131
rxn:2:93685:173019,CCC(C)c1nc(CNC(C)c2ccc(-c3cn(C(C)=O)c4ccccc34)s2)co1,0.09793899059295655,0.6621621621621622
rxn:2:93935:157652,Cc1cccc2c(CNC(C)c3ccc(-c4ncnc5ccn(C)c45)s3)c[nH]c12,0.09792313904597841,0.5974025974025974
rxn:2:121044:169604,CCc1cc(CNC(C)c2ccc(-c3ccc4ncsc4c3)s2)nc(C)n1,0.09792015729127107,0.7868852459016393
rxn:2:121044:145452,CCc1cc(CNC(C)c2ccc(-c3ccc4cc[nH]c(=O)c4c3)s2)nc(C)n1,0.09791825146510683,0.819672131147541
rxn:2:114914:124273,Cc1cc(C)c2nc(CNC(C)c3ccc(-c4cnsc4)s3)cn2c1,0.09791226148605346,0.703125
rxn:2:111568:172035,CC(Nc1nc(S(C)(=O)=O)n[nH]1)c1csc(-c2ccc3[nH]ccc3c2)c1,0.09791175218728873,0.8305084745762712
rxn:2:123016:168965,CC(C)c1n[nH]cc1CCNC(C)c1ccc(-c2cccc(-c3cnco3)c2)s1,0.09791124894701202,0.5789473684210527
rxn:2:77576:149983,COc1cnc2[nH]cc(-c3ccc(C(C)NCc4cc(C5CC5)ccn4)s3)c2c1,0.09790817622480721,0.7391304347826086
rxn:2:122968:169604,CC(NCc1nc2n(n1)CC(F)CC2)c1ccc(-c2ccc3ncsc3c2)s1,0.0979017721755164,0.6216216216216216
rxn:2:98463:157753,CCc1c[nH]c2ncnc(-c3ccc(C(C)NCC45CC(C)CC(CN(C)C4)C5(F)F)s3)c12,0.0978918346491727,0.5529411764705883
rxn:2:70758:159258,CC(NCCc1noc(-c2ccc[nH]2)n1)c1ncc(-c2ccc3ncsc3c2)s1,0.09788258116820762,0.8615384615384616
rxn:2:86646:168965,CC(C)c1cn[nH]c1CCNC(C)c1ccc(-c2cccc(-c3cnco3)c2)s1,0.09788180219716039,0.5694444444444444
rxn:2:101450:85311,CC1(C)CCC(Nc2cnsn2)CC1,0.09788001435143608,0.6756756756756757
rxn:2:141979:142264,CCC(NCc1ccc2c(C)c[nH]c2c1)c1ccc(-c2ccc3c(cnn3C)c2)s1,0.09787355264027914,0.6621621621621622
rxn:2:86722:145452,CC(NCc1ccc(N2CCCC2)o1)c1ccc(-c2ccc3cc[nH]c(=O)c3c2)s1,0.09787315726280213,0.6621621621621622
rxn:2:95477:149983,CCc1cc(C)nc(CCNC(C)c2ccc(-c3c[nH]c4ncc(OC)cc34)s2)n1,0.09786983331044515,0.6575342465753424
rxn:2:133686:169604,CC(NCc1cc2cc[nH]cc-2n1)c1ccc(-c2ccc3ncsc3c2)s1,0.09786917103661431,0.7903225806451613
rxn:2:92115:157804,COc1ccc2ncnc(-c3ccc(C(C)NCc4cc(-c5ccccc5C)on4)s3)c2c1,0.09786356940413966,0.6712328767123288
rxn:2:81535:151299,Cc1c(-c2ccc(C(C)NCc3ccnc(C4CC4)n3)s2)ccc2nccn12,0.09786355069705419,0.796875
rxn:2:121147:161792,CC(NCc1cc2c(s1)CCCS2)c1ccc(-c2cc3c(=O)nc[nH]c3s2)cn1,0.09786121598605452,0.7761194029850746
rxn:2:122532:157753,CCc1c[nH]c2ncnc(-c3ccc(C(C)NCc4nc(C)c(C(C)(F)F)s4)s3)c12,0.09786110321680705,0.6376811594202898
rxn:2:164282:157753,CCc1c[nH]c2ncnc(-c3ccc(C(C)NCc4cnn(-c5cc(C6CC6)c(C)cn5)c4)s3)c12,0.09785739694322859,0.6097560975609756
rxn:2:79636:164117,Cc1cccc2c(CNC(C)c3ccc(-c4cc5c(cn4)ncn5C)s3)ccnc12,0.09785457452138265,0.6619718309859155
rxn:2:136751:157753,CCc1c[nH]c2ncnc(-c3ccc(C(C)NCc4ccsc4S(=O)(=O)C4CC4)s3)c12,0.09785333371931507,0.6527777777777778
rxn:2:127741:157188,CCCc1cc(CNC(C)c2ccc(-c3ccnc(C)c3OC)s2)nn1CC,0.09783645187105451,0.7014925373134329
rxn:2:96325:157753,CCc1c[nH]c2ncnc(-c3ccc(C(C)Nc4nnc(-c5cc(C)n(CC)n5)s4)s3)c12,0.09783567488193512,0.676056338028169
rxn:2:135645:145209,Cc1cc(-c2ccc(C(C)NCc3noc4c3CC(F)(F)CC4)s2)cc2cnn(C)c12,0.09783319888576385,0.6493506493506493
rxn:2:100817:156548,CC(NCc1cc2ccncc2[nH]1)c1ccc(-c2cccc3nsnc23)s1,0.0978303662052861,0.6764705882352942
rxn:2:125912:164117,CC(NCCc1[nH]nc2c1CCSCC2)c1ccc(-c2cc3c(cn2)ncn3C)s1,0.09782605171203614,0.8507462686567164
rxn:2:76232:158710,CCc1cc(NC(C)c2ccc(-c3ccnc4[nH]cc(C)c34)s2)nn1C1CCOC1,0.09782087008158366,0.6585365853658537
rxn:2:89150:158710,Cc1c[nH]c2nccc(-c3ccc(C(C)NCc4ccc5c(c4)oc(=O)n5C)s3)c12,0.09781863888104757,0.647887323943662
rxn:2:107180:145209,Cc1cc(-c2ccc(C(C)NCc3ccsc3-c3cccs3)s2)cc2cnn(C)c12,0.097818390528361,0.7536231884057971
rxn:2:164058:173019,CC(=O)n1cc(-c2ccc(C(C)NCCc3c[nH]c4ccc5c(c34)OCCO5)s2)c2ccccc21,0.09781686578478133,0.75
rxn:2:67886:147854,Cc1nn(C)c2ccc(-c3ccc(C(C)NCc4csc(N(C)C)n4)s3)cc12,0.09781472172055926,0.746268656716418
rxn:2:73858:147854,Cc1nn(C)c2ccc(-c3ccc(C(C)NCc4cc(C(C)C)n(C(C)(C)C)n4)s3)cc12,0.0978095643222332,0.7424242424242424
rxn:2:71886:143291,CCC(NCCc1c[nH]c2cccc(OC)c12)c1ccc(-c2ccc3nccn3c2)s1,0.09780853794467065,0.6753246753246753
rxn:2:165873:158710,Cc1c[nH]c2nccc(-c3ccc(C(C)Nc4nc5[nH]c6c(c5c(=O)[nH]4)CCCC6)s3)c12,0.0978008285164833,0.6956521739130435
rxn:2:77609:147854,CCc1cccc2oc(CNC(C)c3ccc(-c4ccc5c(c4)c(C)nn5C)s3)nc12,0.09778856846594042,0.6712328767123288
rxn:2:93935:157830,Cc1cccc2c(CNC(C)c3ccc(-c4cnc(OC(C)C)s4)s3)c[nH]c12,0.09778465969221932,0.6268656716417911
rxn:2:121147:168476,CC(NCc1cc2c(s1)CCCS2)c1ccc(-c2cnc3scnc3c2)s1,0.09776670182192768,0.7058823529411765
rxn:2:90382:145452,CC(NCCc1nnc2ccccn12)c1ccc(-c2ccc3cc[nH]c(=O)c3c2)s1,0.09775700171788533,0.7605633802816901
rxn:2:71902:145452,Cc1c(CNC(C)c2ccc(-c3ccc4cc[nH]c(=O)c4c3)s2)cnn1C1CC1,0.09775636730522945,0.6986301369863014
rxn:2:139839:149983,COc1cnc2[nH]cc(-c3ccc(C(C)NCc4cc(C5CC5)sc4OC)s3)c2c1,0.09774882594744365,0.704225352112676
rxn:2:93093:161666,CC(NCc1cc2c(s1)CCSC2)c1ccc(-c2cnc3ncnn3c2)s1,0.09774847383852359,0.6388888888888888
rxn:2:141893:165180,CC(NCc1ccc(N2CCC(C(C)(C)C)CC2)nn1)c1ccc(-c2ccc3ncoc3c2)s1,0.09772739690892837,0.5324675324675324
rxn:2:101641:151299,Cc1c(-c2ccc(C(C)NCCc3[nH]cnc3-c3cccs3)s2)ccc2nccn12,0.09770601590474447,0.6081081081081081
rxn:2:106493:149983,COc1cnc2[nH]cc(-c3ccc(C(C)NCc4c[nH]c(C(C)(C)C)n4)s3)c2c1,0.09769944692480154,0.704225352112676
rxn:2:117329:156548,CC(NCc1cc(C2CCCC2)on1)c1ccc(-c2cccc3nsnc23)s1,0.09769624045916966,0.696969696969697
rxn:2:97743:157753,CCc1c[nH]c2ncnc(-c3ccc(C(C)NCc4cn5c(C)cccc5n4)s3)c12,0.09769320090611776,0.7391304347826086
rxn:2:138881:161792,Cc1csc2nc(CNC(C)c3ccc(-c4cc5c(=O)nc[nH]c5s4)cn3)cn12,0.0976886091561153,0.684931506849315
rxn:2:97556:164117,CC(NCc1cc(N2CCCCC2)n(C(C)C)n1)c1ccc(-c2cc3c(cn2)ncn3C)s1,0.097677747408549,0.6388888888888888
rxn:2:138177:158710,CCC(C)c1cc(CNC(C)c2ccc(-c3ccnc4[nH]cc(C)c34)s2)no1,0.0976754469530923,0.7230769230769231
rxn:2:72852:145452,CC(NCc1cnc(N(C)C)nc1)c1ccc(-c2ccc3cc[nH]c(=O)c3c2)s1,0.09767416222342129,0.7538461538461538
rxn:2:96633:157753,CCc1c[nH]c2ncnc(-c3ccc(C(C)NCc4ccc(C)c(OC)n4)s3)c12,0.09766318058145457,0.6818181818181818
rxn:2:138190:165909,CSc1ncc(-c2ccc(C(C)NCc3cc4ccccc4c(C)n3)s2)c2nncn12,0.09766210279157085,0.6891891891891891
rxn:2:143980:158710,Cc1n[nH]c2cc(C3CC3CCNC(C)c3ccc(-c4ccnc5[nH]cc(C)c45)s3)ccc12,0.09766047289877226,0.75
rxn:2:103729:145452,CCCc1cc(CNC(C)c2ccc(-c3ccc4cc[nH]c(=O)c4c3)s2)n[nH]1,0.09765722496168953,0.7777777777777778
rxn:2:106574:170892,COc1cc(C)ccc1CCNC(C)c1ccc(-c2cc3sccc3s2)s1,0.09765683500855057,0.6307692307692307
rxn:2:79964:161792,CC(NCc1cc2ncccc2s1)c1ccc(-c2cc3c(=O)nc[nH]c3s2)cn1,0.09765527166169265,0.7272727272727273
rxn:2:73224:158710,Cc1cc(C)n2c(CNC(C)c3ccc(-c4ccnc5[nH]cc(C)c45)s3)nnc2n1,0.09764956633249919,0.7352941176470589
rxn:2:95283:148983,CC(NCCc1ncn2ccccc12)c1ccc(-c2ccc3o[nH]c(=O)c3c2)s1,0.09763110917190025,0.7361111111111112
rxn:2:98782:145452,CC(NCc1n[nH]c2c(N(C)C)cccc12)c1ccc(-c2ccc3cc[nH]c(=O)c3c2)s1,0.09762248396873474,0.631578947368421
rxn:2:112199:145452,CC(NCc1cnc(N(C)C)s1)c1ccc(-c2ccc3cc[nH]c(=O)c3c2)s1,0.09761566775185722,0.8412698412698413
rxn:2:127741:170892,CCCc1cc(CNC(C)c2ccc(-c3cc4sccc4s3)s2)nn1CC,0.09760800555900291,0.6363636363636364
rxn:2:118833:157753,CCc1c[nH]c2ncnc(-c3ccc(C(C)NCc4cc5c(s4)CCCC5)s3)c12,0.0975894311378742,0.7878787878787878
rxn:2:88661:158710,Cc1c[nH]c2nccc(-c3ccc(C(C)NCc4cc(C5CCC5)n(C(C)C)n4)s3)c12,0.09758911786540862,0.7794117647058824
rxn:2:80733:158710,Cc1n[nH]c(CNC(C)c2ccc(-c3ccnc4[nH]cc(C)c34)s2)c1-c1ccc[nH]1,0.09758827090263367,0.6428571428571429
rxn:2:95779:145209,Cc1nc(CCNC(C)c2ccc(-c3cc(C)c4c(cnn4C)c3)s2)n[nH]1,0.09758007967913593,0.7424242424242424
rxn:2:113551:148983,CC(C)c1coc(CNC(C)c2ccc(-c3ccc4o[nH]c(=O)c4c3)s2)c1,0.09757530247723614,0.6825396825396826
rxn:2:112504:157753,CCc1c[nH]c2ncnc(-c3ccc(C(C)NCc4c(=O)[nH]c(C)c5ccoc45)s3)c12,0.09757288425199447,0.704225352112676
rxn:2:83282:151299,Cc1c(-c2ccc(C(C)NCc3[nH]nc4c3CC(C)CC4)s2)ccc2nccn12,0.09757248903142995,0.6986301369863014
rxn:2:82604:147854,Cc1nn(C)c2ccc(-c3ccc(C(C)NCc4cc(CC(C)C)no4)s3)cc12,0.09756917789064605,0.6764705882352942
rxn:2:140459:145209,Cc1cc(-c2ccc(C(C)NC3CCN(c4ncnc5c4CCC5)CC3)s2)cc2cnn(C)c12,0.09756002005408793,0.6835443037974683
rxn:2:106689:156548,CC(C)c1cnc(CNC(C)c2ccc(-c3cccc4nsnc34)s2)o1,0.09755991972409762,0.6612903225806451
rxn:2:91747:145452,CSc1ncc(CCNC(C)c2ccc(-c3ccc4cc[nH]c(=O)c4c3)s2)cn1,0.09755826407465441,0.7058823529411765
rxn:2:138643:124273,CC(NC1CC(c2nc(-c3cc[nH]c3)c[nH]2)C1)c1ccc(-c2cnsc2)s1,0.09755433488775182,0.6438356164383562
rxn:2:135792:145452,CC(NCCc1[nH]nc2c1CSCC2)c1ccc(-c2ccc3cc[nH]c(=O)c3c2)s1,0.09754940271377563,0.8142857142857143
rxn:2:87468:158710,Cc1c[nH]c2nccc(-c3ccc(C(C)Nc4ncn(C5CCCC(C)C5)n4)s3)c12,0.09754710197448731,0.6986301369863014
rxn:2:137181:147854,Cc1nn(C)c2ccc(-c3ccc(C(C)NCc4cc(C)n(C(C)C)n4)s3)cc12,0.09754686520017426,0.7313432835820896
rxn:2:87228:157652,CC(NCc1cc(C2CC2)n(C)n1)c1ccc(-c2ncnc3ccn(C)c23)s1,0.09754487233502525,0.84375
rxn:2:75948:145209,Cc1cc(-c2ccc(C(C)NCCc3cncs3)s2)cc2cnn(C)c12,0.09754046568503746,0.7076923076923077
rxn:2:127747:145452,CC(NCCc1n[nH]c2ccsc12)c1ccc(-c2ccc3cc[nH]c(=O)c3c2)s1,0.09753931596361358,0.7941176470588235
rxn:2:122532:166809,Cc1cncc(-c2cnc(C(C)NCc3nc(C)c(C(C)(F)F)s3)s2)c1,0.09752693084570077,0.6666666666666666
rxn:2:113891:158710,Cc1c[nH]c2nccc(-c3ccc(C(C)NCc4cnc(C5CCC5)nc4)s3)c12,0.09752427503980439,0.8095238095238095
rxn:2:88285:158710,Cc1c[nH]c2nccc(-c3ccc(C(C)NCCc4ncc(-c5ccccc5)[nH]4)s3)c12,0.09752000531842632,0.6811594202898551
rxn:2:100640:157188,COc1c(-c2ccc(C(C)NCc3ccc4ncsc4n3)s2)ccnc1C,0.09751770231458876,0.6323529411764706
rxn:2:69319:144913,CC1CCc2nc(CNC(C)c3ccc(-c4ccc5ncc(=O)n(C)c5c4)s3)cn2C1,0.0975131546297381,0.6625
rxn:2:90533:157652,COc1cc(C)ccc1-c1cc(CNC(C)c2ccc(-c3ncnc4ccn(C)c34)s2)n[nH]1,0.09750261993119211,0.6582278481012658
rxn:2:137383:157753,CCc1c[nH]c2ncnc(-c3ccc(C(C)NCc4cc5cc(C)cc(C)c5o4)s3)c12,0.09749146815269225,0.684931506849315
rxn:2:79620:149983,CCn1ccc(CNC(C)c2ccc(-c3c[nH]c4ncc(OC)cc34)s2)n1,0.09749080958189787,0.7
rxn:2:144952:159258,CC(C)c1c[nH]c2nc(N3CCC(NC(C)c4ncc(-c5ccc6ncsc6c5)s4)C3)ncc12,0.09748414684744443,0.6049382716049383
rxn:2:136710:165180,CCc1nc(CNC(C)c2ccc(-c3ccc4ncoc4c3)s2)ccc1OC1CC1,0.09748016794522603,0.7361111111111112
rxn:2:121718:157652,CCn1nc(CNC(C)c2ccc(-c3ncnc4ccn(C)c34)s2)cc1CC1CC1,0.0974752962589264,0.64
rxn:2:92128:145452,CC(NCCc1nc2ccccc2s1)c1ccc(-c2ccc3cc[nH]c(=O)c3c2)s1,0.09747110605239868,0.75
rxn:2:76394:156548,CC(NCc1cc2n(n1)CCCC2)c1ccc(-c2cccc3nsnc23)s1,0.09746745339146366,0.6428571428571429
rxn:2:103729:149983,CCCc1cc(CNC(C)c2ccc(-c3c[nH]c4ncc(OC)cc34)s2)n[nH]1,0.09746696693556649,0.7424242424242424
rxn:2:85591:156548,CCC(C)c1cc(CNC(C)c2ccc(-c3cccc4nsnc34)s2)nc(C)n1,0.09746124826628587,0.6615384615384615
rxn:2:118855:157753,CCOc1cc(CNC(C)c2ccc(-c3ncnc4[nH]cc(CC)c34)s2)nn1C,0.09745455404807782,0.676056338028169
rxn:2:89454:145209,Cc1cc(-c2ccc(C(C)NCCC3CC3c3cc[nH]n3)s2)cc2cnn(C)c12,0.09744926156668827,0.7638888888888888
rxn:2:132953:158710,Cc1c[nH]c2nccc(-c3ccc(C(C)NCc4cn(C)nc4C4CC4)s3)c12,0.09744844266346522,0.7361111111111112
rxn:2:135650:158710,Cc1c[nH]c2nccc(-c3ccc(C(C)NCc4cc5[nH]ncc5s4)s3)c12,0.09744447690469248,0.7741935483870968
rxn:2:124915:158710,CCC(C)n1cc(C)c(NC(C)c2ccc(-c3ccnc4[nH]cc(C)c34)s2)n1,0.0974430399281638,0.696969696969697
rxn:2:128932:158710,Cc1c[nH]c2nccc(-c3ccc(C(C)NCc4nc(-c5ccn(C)n5)cs4)s3)c12,0.09744244615236917,0.684931506849315
rxn:2:71886:168965,COc1cccc2[nH]cc(CCNC(C)c3ccc(-c4cccc(-c5cnco5)c4)s3)c12,0.0974368304014206,0.8529411764705882
rxn:2:123961:168965,Cc1cccc2[nH]cc(CCNC(C)c3ccc(-c4cccc(-c5cnco5)c4)s3)c12,0.09742799689692835,0.684931506849315
rxn:2:87855:168163,CCCSc1nc(NC(C)c2ccc(-c3ncncc3C)s2)ns1,0.09742680937051773,0.7868852459016393
rxn:2:91720:161792,CC(NCc1[nH]nc2c1CSCC2)c1ccc(-c2cc3c(=O)nc[nH]c3s2)cn1,0.09742168722481563,0.6756756756756757
rxn:2:136440:168965,CC(NCCc1[nH]nc2c1CCCC2)c1ccc(-c2cccc(-c3cnco3)c2)s1,0.09742164810498556,0.6133333333333333
rxn:2:100122:158710,Cc1c[nH]c2nccc(-c3ccc(C(C)NCCc4nc(C(C)C)no4)s3)c12,0.09742123314312526,0.7846153846153846
rxn:2:97860:151299,CCCc1[nH]cnc1CCNC(C)c1ccc(-c2ccc3nccn3c2C)s1,0.09741875529289246,0.78125
rxn:2:69952:161792,CCC(C)(C)c1nc(CNC(C)c2ccc(-c3cc4c(=O)nc[nH]c4s3)cn2)co1,0.09741674661636353,0.6527777777777778
rxn:2:95283:147854,Cc1nn(C)c2ccc(-c3ccc(C(C)NCCc4ncn5ccccc45)s3)cc12,0.09740842382113139,0.6621621621621622
rxn:2:108529:140099,CCC(Nc1nc2cnncc2[nH]1)c1ccc(-c2cccs2)s1,0.09740016771399457,0.6290322580645161
rxn:2:103065:158710,CCCc1c(CNC(C)c2ccc(-c3ccnc4[nH]cc(C)c34)s2)ncn1C,0.09739955833980016,0.6666666666666666
rxn:2:96633:145452,COc1nc(CNC(C)c2ccc(-c3ccc4cc[nH]c(=O)c4c3)s2)ccc1C,0.09739472126138621,0.7794117647058824
rxn:2:138881:159258,Cc1csc2nc(CNC(C)c3ncc(-c4ccc5ncsc5c4)s3)cn12,0.09739074662879661,0.7777777777777778
rxn:2:127741:157652,CCCc1cc(CNC(C)c2ccc(-c3ncnc4ccn(C)c34)s2)nn1CC,0.09738691099758806,0.6197183098591549
rxn:2:67716:147854,CCc1cc(CNC(C)c2ccc(-c3ccc4c(c3)c(C)nn4C)s2)nn1C(C)C,0.09738335609436036,0.7761194029850746
rxn:2:103729:164117,CCCc1cc(CNC(C)c2ccc(-c3cc4c(cn3)ncn4C)s2)n[nH]1,0.09738148583306207,0.7121212121212122
rxn:2:86262:145452,CC(NCC1CCCc2sccc2C1)c1ccc(-c2ccc3cc[nH]c(=O)c3c2)s1,0.09737942616144817,0.68
rxn:2:110360:161514,CC(Nn1c(=O)[nH][nH]c1=O)c1cc(-c2ccc3c(c2)CC3)cs1,0.09737884998321533,0.6538461538461539
rxn:2:84486:145452,CC(NCc1nc(C(C)(C)C)nn1C)c1ccc(-c2ccc3cc[nH]c(=O)c3c2)s1,0.09737505118052164,0.696969696969697
rxn:2:109172:158710,Cc1c[nH]c2nccc(-c3ccc(C(C)NCC4(c5ccncc5)COC4)s3)c12,0.0973600827414414,0.6323529411764706
rxn:2:149277:158710,Cc1c[nH]c2nccc(-c3ccc(C(C)NC4CC(c5ccc6nc(CC(C)C)[nH]c6c5)C4)s3)c12,0.09735854012625558,0.5925925925925926
rxn:2:102789:158710,CCc1cnc(CNC(C)c2ccc(-c3ccnc4[nH]cc(C)c34)s2)s1,0.09735467800727257,0.7142857142857143
rxn:2:68669:158710,Cc1c[nH]c2nccc(-c3ccc(C(C)NCc4cc(CC(C)C)co4)s3)c12,0.09735235358987536,0.6521739130434783
rxn:2:121898:159258,Cc1cccc2c(CCNC(C)c3ncc(-c4ccc5ncsc5c4)s3)n[nH]c12,0.09734061257592563,0.7727272727272727
rxn:2:135670:161792,CC(NCc1cnc(C(C)(C)C)nc1)c1ccc(-c2cc3c(=O)nc[nH]c3s2)cn1,0.09733821551005045,0.7301587301587301
rxn:2:122968:159258,CC(NCc1nc2n(n1)CC(F)CC2)c1ncc(-c2ccc3ncsc3c2)s1,0.09733580691473824,0.64
rxn:2:139943:149983,COc1cnc2[nH]cc(-c3ccc(C(C)NCc4csc(C5CCC5)n4)s3)c2c1,0.09733405195433519,0.7
rxn:2:136305:149983,COc1cnc2[nH]cc(-c3ccc(C(C)NCCc4nn(C)cc4C4CC4)s3)c2c1,0.09732753833134969,0.6933333333333334
rxn:2:110272:151299,Cc1c(-c2ccc(C(C)NCc3noc(-c4cccn4C)n3)s2)ccc2nccn12,0.09731944799423217,0.676056338028169
rxn:2:163366:169604,Cc1ccc(Cc2nc(CNC(C)c3ccc(-c4ccc5ncsc5c4)s3)[nH]c2C)cc1C,0.0973173686952302,0.6756756756756757
rxn:2:134082:158710,COc1ccc(CNC(C)c2ccc(-c3ccnc4[nH]cc(C)c34)s2)nc1C,0.09731503469603402,0.8253968253968254
rxn:2:87653:149983,COc1cnc2[nH]cc(-c3ccc(C(C)NCCc4nc5c(C)cccc5o4)s3)c2c1,0.09731021235066076,0.6842105263157895
rxn:2:74698:170874,Cc1cc(-c2ccc(C(C)NCc3cc(C(C)C)nc(C4CC4)n3)s2)cc2cccnc12,0.09730860963463783,0.84375
rxn:2:163405:157804,COc1ccc2ncnc(-c3ccc(C(C)NCCc4cn5c(C)nc(CC(C)C)cc5n4)s3)c2c1,0.09729171461529201,0.6707317073170732
rxn:2:127539:147854,Cc1nn(C)c2ccc(-c3ccc(C(C)NCc4cc(C(C)(C)C)[nH]n4)s3)cc12,0.09729140791399725,0.7076923076923077
rxn:2:120621:157403,COc1cncnc1-c1ccc(C(C)Nc2nc(C3CC3)cnc2OC)s1,0.09728908980334247,0.8305084745762712
rxn:2:141710:164117,CC(NCc1nc2c(s1)CCCC2)c1ccc(-c2cc3c(cn2)ncn3C)s1,0.09728761230196271,0.8
rxn:2:88602:151299,CSCc1nnc(CNC(C)c2ccc(-c3ccc4nccn4c3C)s2)[nH]1,0.09728366357308847,0.6666666666666666
rxn:2:131011:168451,COc1cnc2ccc(-c3ccc(C(C)NCc4nc5c(C)cc(C)nc5[nH]4)s3)cc2n1,0.09728211909532547,0.6857142857142857
rxn:2:122968:158710,Cc1c[nH]c2nccc(-c3ccc(C(C)NCc4nc5n(n4)CC(F)CC5)s3)c12,0.09727376288381116,0.6410256410256411
rxn:2:111512:165909,CSc1ncc(-c2ccc(C(C)NCc3nc4c(s3)CCCC4(C)C)s2)c2nncn12,0.09726977348327637,0.6883116883116883
rxn:2:134313:150247,CC(NCc1cc2c(s1)CSCC2)c1ccc(-c2ccc3n[nH]c(=O)n3c2)s1,0.09726659740720477,0.7222222222222222
rxn:2:129953:158710,Cc1c[nH]c2nccc(-c3ccc(C(C)NCCc4n[nH]c(C56CC7CC(CC(C7)C5)C6)n4)s3)c12,0.09726345539093018,0.6455696202531646
rxn:2:84892:145209,Cc1cc(-c2ccc(C(C)NCC3C(c4ncccn4)C3(F)F)s2)cc2cnn(C)c12,0.09726019444004182,0.6428571428571429
rxn:2:107670:148983,CC(NCc1nc2c(s1)C(F)(F)CCC2)c1ccc(-c2ccc3o[nH]c(=O)c3c2)s1,0.09725484053293863,0.6756756756756757
rxn:2:135792:149983,COc1cnc2[nH]cc(-c3ccc(C(C)NCCc4[nH]nc5c4CSCC5)s3)c2c1,0.09725358088811238,0.6582278481012658
rxn:2:144949:142264,CCC(Nc1nc(=O)c2c3c(sc2[nH]1)CCC3)c1ccc(-c2ccc3c(cnn3C)c2)s1,0.09724157676100731,0.5542168674698795
rxn:2:165936:158710,Cc1c[nH]c2nccc(-c3ccc(C(C)Nc4nc(=O)c5c6c(sc5[nH]4)CSC6)s3)c12,0.09723905401845132,0.6142857142857143
rxn:2:111558:169604,CC1CC(c2nc(CNC(C)c3ccc(-c4ccc5ncsc5c4)s3)cs2)C1,0.09723490476608276,0.6521739130434783
rxn:2:109311:156548,CC(NCc1ccno1)c1ccc(-c2cccc3nsnc23)s1,0.09722794138866922,0.6507936507936508
rxn:2:73053:158710,Cc1c[nH]c2nccc(-c3ccc(C(C)NCc4ccc5cnn(C)c5c4)s3)c12,0.09722768232740205,0.6865671641791045
rxn:2:85591:148983,CCC(C)c1cc(CNC(C)c2ccc(-c3ccc4o[nH]c(=O)c4c3)s2)nc(C)n1,0.09722589651743571,0.7352941176470589
rxn:2:154694:149983,COc1cnc2[nH]cc(-c3ccc(C(C)NCc4c[nH]c(Cc5ccc(C(C)(C)C)cc5)n4)s3)c2c1,0.09722530013985103,0.6933333333333334
rxn:2:136710:170940,CCc1nc(CNC(C)c2ccc(-c3cc4cc(OC)ccc4o3)s2)ccc1OC1CC1,0.0972213838249445,0.6883116883116883
rxn:2:81048:158710,Cc1c[nH]c2nccc(-c3ccc(C(C)NCc4ccnc5nc(C(C)C)nn45)s3)c12,0.09722000168215844,0.6428571428571429
rxn:2:85085:166234,Cc1nc(CNC(C)c2cnc(-c3ccc4ncsc4c3)s2)sc1C(C)F,0.09721681365260372,0.7704918032786885
rxn:2:93375:149983,COc1cnc2[nH]cc(-c3ccc(C(C)NCc4ncc(-c5cccs5)o4)s3)c2c1,0.09721502860387167,0.7857142857142857
rxn:2:105670:145452,CC(NCC(C)N(c1ncco1)C1CC1)c1ccc(-c2ccc3cc[nH]c(=O)c3c2)s1,0.09721004578375048,0.5833333333333334
rxn:2:127301:173138,COc1cc(-c2ccc(C(C)NCc3cc(C(C)C)n(C4CC4)n3)s2)cc2cccnc12,0.09720994159579277,0.8115942028985508
rxn:2:67387:157188,COc1c(-c2ccc(C(C)NCCc3c[nH]c(Cc4cc(C)ccc4C)n3)s2)ccnc1C,0.09720747398607658,0.6075949367088608
rxn:2:150051:161666,Cc1[nH]c(CNC(C)c2ccc(-c3cnc4ncnn4c3)s2)nc1Cc1ccc(C(C)C)cc1,0.09720417857170105,0.6363636363636364
rxn:2:115360:157652,CCc1cc(-n2cc(CNC(C)c3ccc(-c4ncnc5ccn(C)c45)s3)c(CC)n2)ccn1,0.09720144201727475,0.7125
rxn:2:123511:148983,CCC(C)(C)c1nc(CCNC(C)c2ccc(-c3ccc4o[nH]c(=O)c4c3)s2)no1,0.09719034433364868,0.625
rxn:2:101672:170874,Cc1cc(-c2ccc(C(C)NCc3nc(C(C)C)n4c3CCCC4)s2)cc2cccnc12,0.09718868508934975,0.6986301369863014
rxn:2:81567:157753,CCc1c[nH]c2ncnc(-c3ccc(C(C)NCCc4cn5c(C)csc5n4)s3)c12,0.09718474149703979,0.7733333333333333
rxn:2:137332:151299,Cc1c(-c2ccc(C(C)NCc3csc(-c4cnn(C(C)C)c4)n3)s2)ccc2nccn12,0.09718244522809982,0.625
rxn:2:72956:147854,CCCOc1cc(CNC(C)c2ccc(-c3ccc4c(c3)c(C)nn4C)s2)nn1C,0.09718180894851684,0.6911764705882353
rxn:2:91491:158710,CCOc1cnc(CNC(C)c2ccc(-c3ccnc4[nH]cc(C)c34)s2)nc1,0.0971805283001491,0.6716417910447762
rxn:2:101348:157753,CCc1c[nH]c2ncnc(-c3ccc(C(C)NCC4C5CN(c6ncnc(C)c6OC)CC45)s3)c12,0.09717999526432582,0.6986301369863014
rxn:2:91678:157753,CCCC(C)n1cnc(NC(C)c2ccc(-c3ncnc4[nH]cc(CC)c34)s2)n1,0.09717532478529832,0.6666666666666666
rxn:2:78664:169604,CC(NCCc1nsc2ccccc12)c1ccc(-c2ccc3ncsc3c2)s1,0.09716338770730155,0.7704918032786885
rxn:2:70891:164912,CC(C)C(NCc1csc2c1CCCN2C)c1ccc(-c2cc3c(=O)nc[nH]c3s2)cc1,0.09716230630874634,0.5974025974025974
rxn:2:93603:158710,Cc1c[nH]c2nccc(-c3ccc(C(C)NCCc4nc5cc(C(C)(C)C)ccc5o4)s3)c12,0.09715742414647882,0.6986301369863014
rxn:2:97357:169604,CCc1nccc(CNC(C)c2ccc(-c3ccc4ncsc4c3)s2)n1,0.09715086680192214,0.7966101694915254
rxn:2:123016:161792,CC(C)c1n[nH]cc1CCNC(C)c1ccc(-c2cc3c(=O)nc[nH]c3s2)cn1,0.09715056419372559,0.6666666666666666
rxn:2:109614:160502,CCC(NCc1c[nH]nc1CC(C)C)c1ccc(-c2ccc3cnn(C)c3c2)s1,0.09714897336630986,0.8888888888888888
rxn:2:108627:171510,CCC(NCc1c[nH]c2cccc(C)c12)c1ccc(-c2ccc3ncsc3c2)s1,0.097146174003338,0.7647058823529411
rxn:2:90533:145452,COc1cc(C)ccc1-c1cc(CNC(C)c2ccc(-c3ccc4cc[nH]c(=O)c4c3)s2)n[nH]1,0.09714449153226964,0.6666666666666666
rxn:2:96738:164117,CCc1nc(C)cc(CNC(C)c2ccc(-c3cc4c(cn3)ncn4C)s2)n1,0.0971417363200869,0.7424242424242424
rxn:2:117291:164117,CC(NCc1cc(-c2ccco2)n(C)n1)c1ccc(-c2cc3c(cn2)ncn3C)s1,0.09714109102884928,0.6619718309859155
rxn:2:72846:147854,Cc1nn(C)c2ccc(-c3ccc(C(C)NCc4ccnc(SC(C)(C)C)c4)s3)cc12,0.09713186371710993,0.6428571428571429
rxn:2:91720:158710,Cc1c[nH]c2nccc(-c3ccc(C(C)NCc4[nH]nc5c4CSCC5)s3)c12,0.09712803363800049,0.7464788732394366
rxn:2:84866:133432,COc1csc(-c2csc(C(C)NCCc3cc(-c4ccc[nH]4)n(C)n3)c2)c1,0.09712550469807216,0.6025641025641025
rxn:2:168485:158710,Cc1c[nH]c2nccc(-c3ccc(C(C)Nc4cc(-c5nc6ccc(N(C)C)cc6o5)n[nH]4)s3)c12,0.09712265729904175,0.631578947368421
rxn:2:141710:157854,CCn1ncc2cc(-c3cnc(C(C)NCc4nc5c(s4)CCCC5)s3)ccc21,0.09712240819273324,0.6865671641791045
rxn:2:165936:145452,CC(Nc1nc(=O)c2c3c(sc2[nH]1)CSC3)c1ccc(-c2ccc3cc[nH]c(=O)c3c2)s1,0.09712182730436325,0.5616438356164384
rxn:2:127041:153292,Cc1[nH]nc2ccc(-c3cnc(C(C)NCCc4cnc5scc(C)n45)s3)cc12,0.09711612504104088,0.6027397260273972
rxn:2:109218:150247,Cc1cc(C)c2nc(CNC(C)c3ccc(-c4ccc5n[nH]c(=O)n5c4)s3)[nH]c2c1,0.09711231589317322,0.684931506849315
rxn:2:78194:173019,CCN(c1ncc(CNC(C)c2ccc(-c3cn(C(C)=O)c4ccccc34)s2)s1)C(C)C,0.09711141884326935,0.6578947368421053
rxn:2:129904:145452,CC(NCc1cc(CC2CCC2)n(C(C)C)n1)c1ccc(-c2ccc3cc[nH]c(=O)c3c2)s1,0.09710766691150087,0.72
rxn:2:128243:145452,Cc1cccc2c1CC(CNC(C)c1ccc(-c3ccc4cc[nH]c(=O)c4c3)s1)CS2,0.0971065798113423,0.6301369863013698
rxn:2:125916:145209,Cc1cc(-c2ccc(C(C)NCC3CC(S(C)(=N)=O)C3)s2)cc2cnn(C)c12,0.0970994872706277,0.647887323943662
rxn:2:112263:164117,CC(NCc1cc2c(s1)CCOC2)c1ccc(-c2cc3c(cn2)ncn3C)s1,0.09708239776747567,0.7611940298507462
rxn:2:99768:169604,CC(Nc1nnc(N2CCC(F)CC2)[nH]1)c1ccc(-c2ccc3ncsc3c2)s1,0.09708043213548331,0.5714285714285714
rxn:2:123961:171510,CCC(NCCc1c[nH]c2cccc(C)c12)c1ccc(-c2ccc3ncsc3c2)s1,0.09707470337549845,0.8181818181818182
rxn:2:125719:145209,Cc1cc(-c2ccc(C(C)NCCc3nc(C4CCCO4)n[nH]3)s2)cc2cnn(C)c12,0.09706388365837836,0.6794871794871795
rxn:2:71483:147854,Cc1nn(C)c2ccc(-c3ccc(C(C)NCc4cn5nc(CC(C)C)ccc5n4)s3)cc12,0.09706385207898689,0.7352941176470589
rxn:2:141383:164117,CC(NCc1cnc(C2CCCC2)s1)c1ccc(-c2cc3c(cn2)ncn3C)s1,0.09706273572198276,0.7424242424242424
rxn:2:100972:145209,Cc1cccc2c(CCNC(C)c3ccc(-c4cc(C)c5c(cnn5C)c4)s3)c[nH]c12,0.09705160510155462,0.8484848484848485
rxn:2:72207:158710,Cc1c[nH]c2nccc(-c3ccc(C(C)NC4CCN(c5ncnc6ccsc56)C4)s3)c12,0.09704816341400146,0.8840579710144928
rxn:2:136201:151143,CCOc1cccc2[nH]cc(CCNC(C)c3ncc(-c4cnn(C5CCCCO5)c4)s3)c12,0.09703710584929495,0.6091954022988506
rxn:2:110892:151299,Cc1cc(CNC(C)c2ccc(-c3ccc4nccn4c3C)s2)nc(C)n1,0.09701532346230966,0.8
rxn:2:127937:148983,CC(NCc1cc2c(s1)CSC2)c1ccc(-c2ccc3o[nH]c(=O)c3c2)s1,0.09700736072328356,0.8524590163934426
rxn:2:123574:171510,CCC(NCc1c[nH]c(COC)n1)c1ccc(-c2ccc3ncsc3c2)s1,0.0970035438184385,0.7323943661971831
rxn:2:74510:161792,Cc1ccnc2[nH]cc(CCNC(C)c3ccc(-c4cc5c(=O)nc[nH]c5s4)cn3)c12,0.09700267930184642,0.7681159420289855
rxn:2:97860:171510,CCCc1[nH]cnc1CCNC(CC)c1ccc(-c2ccc3ncsc3c2)s1,0.09700260843549456,0.8166666666666667
rxn:2:127741:144913,CCCc1cc(CNC(C)c2ccc(-c3ccc4ncc(=O)n(C)c4c3)s2)nn1CC,0.09700091423526887,0.8484848484848485
rxn:2:98405:169604,Cc1c[nH]c2nc(CNC(C)c3ccc(-c4ccc5ncsc5c4)s3)ncc12,0.09699682678495135,0.6285714285714286
rxn:2:127040:147854,COc1cccc2ccc(CNC(C)c3ccc(-c4ccc5c(c4)c(C)nn5C)s3)nc12,0.09698612615466118,0.7878787878787878
rxn:2:74912:168163,CCc1nn(-c2ccc(C(C)C)nc2)cc1CNC(C)c1ccc(-c2ncncc2C)s1,0.09698134288191795,0.8115942028985508
rxn:2:70632:158710,Cc1ncc(CNC(C)c2ccc(-c3ccnc4[nH]cc(C)c34)s2)nc1C,0.09697367085350884,0.7166666666666667
rxn:2:137332:145452,CC(NCc1csc(-c2cnn(C(C)C)c2)n1)c1ccc(-c2ccc3cc[nH]c(=O)c3c2)s1,0.09697057984092018,0.8194444444444444
rxn:2:136655:158710,Cc1c[nH]c2nccc(-c3ccc(C(C)NCc4ccc5c(c4)CCCS5)s3)c12,0.09696299043195002,0.7391304347826086
rxn:2:143601:168163,CCc1nn(-c2cnc(C)c(C)c2)cc1CNC(C)c1ccc(-c2ncncc2C)s1,0.09694976960459063,0.8235294117647058
rxn:2:76722:151299,CCCc1cc(CNC(C)c2ccc(-c3ccc4nccn4c3C)s2)on1,0.09694243801964654,0.7205882352941176
rxn:2:123745:145209,Cc1nc(CNC(C)c2ccc(-c3cc(C)c4c(cnn4C)c3)s2)n[nH]1,0.09694151694958027,0.8333333333333334
rxn:2:129476:158710,COc1cc(NC(C)c2ccc(-c3ccnc4[nH]cc(C)c34)s2)c2cn[nH]c2c1,0.09693707679880076,0.6527777777777778
rxn:2:137940:158710,Cc1c[nH]c2nccc(-c3ccc(C(C)NCc4n[nH]c5c4COC5)s3)c12,0.09693047735426161,0.7142857142857143
rxn:2:102132:158710,CSc1cc(C)[nH]c(=O)c1CNC(C)c1ccc(-c2ccnc3[nH]cc(C)c23)s1,0.09692997768007476,0.7536231884057971
rxn:2:93375:157753,CCc1c[nH]c2ncnc(-c3ccc(C(C)NCc4ncc(-c5cccs5)o4)s3)c12,0.09692480762799581,0.647887323943662
rxn:2:80846:158710,Cc1c[nH]c2nccc(-c3ccc(C(C)Nc4cccn5nnnc45)s3)c12,0.09690939938580548,0.6323529411764706
rxn:2:68352:161792,CC(NCc1cnc(C(C)(C)C)s1)c1ccc(-c2cc3c(=O)nc[nH]c3s2)cn1,0.09689330232554469,0.6818181818181818
rxn:2:107308:145209,Cc1cnc(C2C(CNC(C)c3ccc(-c4cc(C)c5c(cnn5C)c4)s3)C2(F)F)s1,0.09688615798950195,0.6056338028169014
rxn:2:130415:164117,Cc1nn(Cc2csc(CNC(C)c3ccc(-c4cc5c(cn4)ncn5C)s3)n2)c(C)c1C,0.09687356876604485,0.6455696202531646
rxn:2:106162:151299,Cc1c(-c2ccc(C(C)NCc3ncc(-c4cc[nH]c4)[nH]3)s2)ccc2nccn12,0.09687318061960154,0.647887323943662
rxn:2:107315:168965,CCc1c[nH]c2cc(CNC(C)c3ccc(-c4cccc(-c5cnco5)c4)s3)ccc12,0.0968688226515247,0.8208955223880597
rxn:2:121718:157804,CCn1nc(CNC(C)c2ccc(-c3ncnc4ccc(OC)cc34)s2)cc1CC1CC1,0.09686340391635895,0.6666666666666666
rxn:2:135306:145452,CC(NCCc1nc2c(o1)CCSC2)c1ccc(-c2ccc3cc[nH]c(=O)c3c2)s1,0.09685775836308798,0.855072463768116
rxn:2:86297:91511,Cc1ccc(-c2cc(C(C)NCc3cnsn3)cs2)o1,0.0968522697687149,0.6862745098039216
rxn:2:106205:158710,Cc1c[nH]c2nccc(-c3ccc(C(C)Nc4ncn(Cc5ccn(C)n5)n4)s3)c12,0.09684720039367675,0.7575757575757576
rxn:2:70891:151299,Cc1c(-c2ccc(C(C)NCc3csc4c3CCCN4C)s2)ccc2nccn12,0.09684356738781107,0.6081081081081081
rxn:2:69203:156548,CC(NCCc1nccc2cc[nH]c12)c1ccc(-c2cccc3nsnc23)s1,0.09684209525585175,0.6285714285714286
rxn:2:114310:158710,Cc1c[nH]c2nccc(-c3ccc(C(C)NCC[C@H]4C[C@H](F)C4)s3)c12,0.09683769226074218,0.703125
rxn:2:103715:151299,Cc1ccc2nc(CNC(C)c3ccc(-c4ccc5nccn5c4C)s3)cn2n1,0.09682183019046126,0.6617647058823529
rxn:2:132220:169604,CSc1ncc(CNC(C)c2ccc(-c3ccc4ncsc4c3)s2)cc1C,0.09682140085432264,0.75
rxn:2:102651:145209,Cc1ccccc1-c1nc(CNC(C)c2ccc(-c3cc(C)c4c(cnn4C)c3)s2)c(C)o1,0.09681564750093402,0.7352941176470589
rxn:2:112263:158710,Cc1c[nH]c2nccc(-c3ccc(C(C)NCc4cc5c(s4)CCOC5)s3)c12,0.09680802481515068,0.7761194029850746
rxn:2:162747:157753,CCc1c[nH]c2ncnc(-c3ccc(C(C)NCc4nc(-c5nc6ccccc6[nH]5)no4)s3)c12,0.09679922987433041,0.6835443037974683
rxn:2:105608:170874,Cc1cc(-c2ccc(C(C)NCc3coc(C4CCCCC4)n3)s2)cc2cccnc12,0.09679710865020752,0.6986301369863014
rxn:2:150051:163564,COc1ncc(-c2ccc(C(C)NCc3nc(Cc4ccc(C(C)C)cc4)c(C)[nH]3)s2)nc1OC,0.0967881509235927,0.6857142857142857
rxn:2:92918:147854,Cc1[nH]c(CCNC(C)c2ccc(-c3ccc4c(c3)c(C)nn4C)s2)nc1-c1ccc[nH]1,0.09678781777620316,0.7105263157894737
rxn:2:86646:151299,Cc1c(-c2ccc(C(C)NCCc3[nH]ncc3C(C)C)s2)ccc2nccn12,0.09677137221608843,0.6571428571428571
rxn:2:75971:148983,CCC1CC1CCNC(C)c1ccc(-c2ccc3o[nH]c(=O)c3c2)s1,0.0967706322669983,0.703125
rxn:2:141710:158710,Cc1c[nH]c2nccc(-c3ccc(C(C)NCc4nc5c(s4)CCCC5)s3)c12,0.09676839624132429,0.8
rxn:2:107326:145209,COCCn1cnnc1CNC(C)c1ccc(-c2cc(C)c3c(cnn3C)c2)s1,0.09676415139231188,0.6805555555555556
rxn:2:72307:151299,CCOC(C)c1nc(CNC(C)c2ccc(-c3ccc4nccn4c3C)s2)cs1,0.09676237969562926,0.6619718309859155
rxn:2:103415:157652,CCOc1ncc(CNC(C)c2ccc(-c3ncnc4ccn(C)c34)s2)cc1C,0.09675860404968262,0.6338028169014085
rxn:2:95477:150247,CCc1cc(C)nc(CCNC(C)c2ccc(-c3ccc4n[nH]c(=O)n4c3)s2)n1,0.09675184406083205,0.6712328767123288
rxn:2:106227:158710,Cc1ccn2nc(CNC(C)c3ccc(-c4ccnc5[nH]cc(C)c45)s3)cc2c1,0.09674854525204363,0.7101449275362319
rxn:2:106707:145452,CC(NCc1cc(=O)[nH]c(-c2ccco2)n1)c1ccc(-c2ccc3cc[nH]c(=O)c3c2)s1,0.09674512967467308,0.72
rxn:2:74698:157753,CCc1c[nH]c2ncnc(-c3ccc(C(C)NCc4cc(C(C)C)nc(C5CC5)n4)s3)c12,0.0967450700700283,0.7794117647058824
rxn:2:126914:157854,CCn1ncc2cc(-c3cnc(C(C)NCc4c[nH]c(C(C)C)n4)s3)ccc21,0.09674392853464399,0.6818181818181818
rxn:2:134507:158710,Cc1c[nH]c2nccc(-c3ccc(C(C)NCc4cc(C(C)C)n[nH]4)s3)c12,0.09674286400830304,0.7384615384615385
rxn:2:90514:147854,Cc1nn(C)c2ccc(-c3ccc(C(C)NCCc4nc5ncccc5[nH]4)s3)cc12,0.09673930009206136,0.6666666666666666
rxn:2:69203:142273,CC(NCCc1nccc2cc[nH]c12)c1ccc(-c2cnc(N(C)C)s2)s1,0.09673520591523913,0.6268656716417911
rxn:2:90627:156548,CC(NCc1noc(C2CCCO2)n1)c1ccc(-c2cccc3nsnc23)s1,0.09672935094152178,0.6133333333333333
rxn:2:109262:145209,Cc1n[nH]cc1CCNC(C)c1ccc(-c2cc(C)c3c(cnn3C)c2)s1,0.09672475302660907,0.8412698412698413
rxn:2:83604:92488,CC(NCC1N=N1)c1cc(-c2ccsc2)cs1,0.09672189460081212,0.5740740740740741
rxn:2:75454:147854,CCCC(C)c1nc(CNC(C)c2ccc(-c3ccc4c(c3)c(C)nn4C)s2)cs1,0.09671630462010701,0.7910447761194029
rxn:2:108529:68807,Cc1ccsc1-c1ccc(C(C)Nc2nc3cnncc3[nH]2)s1,0.09671450438706772,0.6842105263157895
rxn:2:130187:157753,CCc1c[nH]c2ncnc(-c3ccc(C(C)Nc4noc(C5CCN(C)C5)n4)s3)c12,0.09671408534049988,0.6582278481012658
rxn:2:69824:157753,CCc1c[nH]c2ncnc(-c3ccc(C(C)NCCc4sc(N(C)C)nc4C)s3)c12,0.09671341180801392,0.6521739130434783
rxn:2:112963:145452,Cc1cccc2[nH]c(CNC(C)c3ccc(-c4ccc5cc[nH]c(=O)c5c4)s3)nc12,0.09671223163604736,0.8333333333333334
rxn:2:138190:165126,Cc1nc(CNC(C)c2ccc(-c3ccnc4[nH]ncc34)s2)cc2ccccc12,0.09670240714632232,0.6231884057971014
rxn:2:121595:157753,CCc1c[nH]c2ncnc(-c3ccc(C(C)Nc4n[nH]cc4SC(C)C)s3)c12,0.0967010429927281,0.8305084745762712
rxn:2:91814:142273,CC(C)c1nsc(CNC(C)c2ccc(-c3cnc(N(C)C)s3)s2)n1,0.09669751167297364,0.5873015873015873
rxn:2:93558:145452,CCCn1ncc(CNC(C)c2ccc(-c3ccc4cc[nH]c(=O)c4c3)s2)c1OC,0.09668949842453003,0.6493506493506493
rxn:2:156172:149983,COc1cnc2[nH]cc(-c3ccc(C(C)NCc4cn(C)c(-c5ccc(OC(C)C)cc5)n4)s3)c2c1,0.09668838646676806,0.68
rxn:2:136665:158710,Cc1c[nH]c2nccc(-c3ccc(C(C)Nc4cncn4C4CCCCC4)s3)c12,0.09668818424487936,0.684931506849315
rxn:2:120519:157753,CCc1c[nH]c2ncnc(-c3ccc(C(C)Nc4ncn(CCC5CCC5)n4)s3)c12,0.0966872493426005,0.6986301369863014
rxn:2:108548:145452,Cc1cn2cc(CCNC(C)c3ccc(-c4ccc5cc[nH]c(=O)c5c4)s3)nc2s1,0.09668267965316772,0.859375
rxn:2:79437:156548,CC(NCCc1nc(C2CCC(F)(F)CC2)no1)c1ccc(-c2cccc3nsnc23)s1,0.09668177738785744,0.7808219178082192
rxn:2:86459:147854,Cc1nn(C)c2ccc(-c3ccc(C(C)NCCc4nnc(-c5cccs5)[nH]4)s3)cc12,0.09667727255052136,0.6714285714285714
rxn:2:137624:157188,COc1c(-c2ccc(C(C)NCCc3cc(C4CCCC4)no3)s2)ccnc1C,0.09666823107620766,0.6621621621621622
rxn:2:115463:149983,COc1cnc2[nH]cc(-c3ccc(C(C)NCc4cc(C5CCCS5)[nH]n4)s3)c2c1,0.09666391213734944,0.6710526315789473
rxn:2:79620:158710,CCn1ccc(CNC(C)c2ccc(-c3ccnc4[nH]cc(C)c34)s2)n1,0.09665944255315341,0.7384615384615385
rxn:2:136655:164117,CC(NCc1ccc2c(c1)CCCS2)c1ccc(-c2cc3c(cn2)ncn3C)s1,0.09665478509047935,0.746268656716418
rxn:2:113551:165909,CSc1ncc(-c2ccc(C(C)NCc3cc(C(C)C)co3)s2)c2nncn12,0.09664864199502128,0.6712328767123288
rxn:2:117291:162492,CCn1cnc2cc(-c3ncc(C(C)NCc4cc(-c5ccco5)n(C)n4)s3)ccc21,0.09664769134213848,0.5555555555555556
rxn:2:127747:142264,CCC(NCCc1n[nH]c2ccsc12)c1ccc(-c2ccc3c(cnn3C)c2)s1,0.09664357530659642,0.6575342465753424
rxn:2:130441:157753,CCc1c[nH]c2ncnc(-c3ccc(C(C)Nc4ncn(CC5CCC(F)(F)C5)n4)s3)c12,0.09663726761937141,0.6666666666666666
rxn:2:77548:145452,CC(NCc1cccc(C2CC2)n1)c1ccc(-c2ccc3cc[nH]c(=O)c3c2)s1,0.09663207161015477,0.7878787878787878
rxn:2:84879:159258,Cc1cccc2cc(CCNC(C)c3ncc(-c4ccc5ncsc5c4)s3)nnc12,0.09662810762723287,0.6507936507936508
rxn:2:109218:147106,Cc1cc(C)c2nc(CNC(C)c3ccc(-c4ccc5c(c4)ncn5C)s3)[nH]c2c1,0.09662544329961141,0.7647058823529411
rxn:2:87563:145452,CC(NCCc1cc2ccccn2c1)c1ccc(-c2ccc3cc[nH]c(=O)c3c2)s1,0.09662195046742757,0.6986301369863014
rxn:2:110240:168163,Cc1nccc(-c2sc(NC(C)c3ccc(-c4ncncc4C)s3)nc2C)n1,0.09661643632820674,0.7966101694915254
rxn:2:100972:157652,Cc1cccc2c(CCNC(C)c3ccc(-c4ncnc5ccn(C)c45)s3)c[nH]c12,0.09661351839701335,0.6891891891891891
rxn:2:70758:142264,CCC(NCCc1noc(-c2ccc[nH]2)n1)c1ccc(-c2ccc3c(cnn3C)c2)s1,0.09660138237860895,0.6363636363636364
rxn:2:138190:150247,Cc1nc(CNC(C)c2ccc(-c3ccc4n[nH]c(=O)n4c3)s2)cc2ccccc12,0.09659693241119385,0.6811594202898551
rxn:2:99816:157515,CCn1ncc2cc(-c3ncc(C(C)NCCc4nccc(C)c4C4CC4)s3)ccc21,0.09659648710681547,0.6712328767123288
rxn:2:123961:142264,CCC(NCCc1c[nH]c2cccc(C)c12)c1ccc(-c2ccc3c(cnn3C)c2)s1,0.09659374337042531,0.8194444444444444
rxn:2:128525:158710,CCc1cc2cc(NC(C)c3ccc(-c4ccnc5[nH]cc(C)c45)s3)cnc2[nH]1,0.09659264210996957,0.6818181818181818
rxn:2:71941:158710,Cc1c[nH]c2nccc(-c3ccc(C(C)Nc4cc(C(F)C(C)C)n(C)n4)s3)c12,0.09658090821627913,0.6714285714285714
rxn:2:87584:142273,CCc1c(CNC(C)c2ccc(-c3cnc(N(C)C)s3)s2)cnc2c1CCC2,0.09657443421227592,0.6764705882352942
rxn:2:70967:144913,Cc1cnc2[nH]cc(CNC(C)c3ccc(-c4ccc5ncc(=O)n(C)c5c4)s3)c2n1,0.0965742007378609,0.6973684210526315
rxn:2:102132:148983,CSc1cc(C)[nH]c(=O)c1CNC(C)c1ccc(-c2ccc3o[nH]c(=O)c3c2)s1,0.09657276498860326,0.6666666666666666
rxn:2:105134:124273,CCSc1n[nH]c(NC(C)c2ccc(-c3cnsc3)s2)n1,0.09657040664127894,0.6779661016949152
rxn:2:139252:145209,Cc1cc(-c2ccc(C(C)NCCc3cscn3)s2)cc2cnn(C)c12,0.09655780517137967,0.8852459016393442
rxn:2:110272:169604,CC(NCc1noc(-c2cccn2C)n1)c1ccc(-c2ccc3ncsc3c2)s1,0.09655758635751133,0.7014925373134329
rxn:2:69586:158710,Cc1c[nH]c2nccc(-c3ccc(C(C)Nc4cc(CCC5CCCC5)n[nH]4)s3)c12,0.09655389785766602,0.6712328767123288
rxn:2:150051:164117,Cc1[nH]c(CNC(C)c2ccc(-c3cc4c(cn3)ncn4C)s2)nc1Cc1ccc(C(C)C)cc1,0.09655159030641829,0.64
rxn:2:95971:173019,CC(=O)n1cc(-c2ccc(C(C)NCc3cc4n(n3)CCSC4)s2)c2ccccc21,0.09654832283655802,0.6666666666666666
rxn:2:66299:157753,CCc1c[nH]c2ncnc(-c3ccc(C(C)NCCc4nc(-c5cccn5CC)no4)s3)c12,0.09654683055299701,0.8611111111111112
rxn:2:117637:145452,CCc1ncc(CCNC(C)c2ccc(-c3ccc4cc[nH]c(=O)c4c3)s2)s1,0.09654671592371804,0.8387096774193549
rxn:2:73373:151299,Cc1c(-c2ccc(C(C)NCc3ncc(-c4ccccn4)[nH]3)s2)ccc2nccn12,0.09654050668080648,0.6301369863013698
rxn:2:128543:168451,CCn1nc(CNC(C)c2ccc(-c3ccc4ncc(OC)nc4c3)s2)cc1CC(C)C,0.09653253853321075,0.6712328767123288
rxn:2:79634:158710,Cc1[nH]c(NC(C)c2ccc(-c3ccnc4[nH]cc(C)c34)s2)nc2ncnc1-2,0.09653116975511823,0.6956521739130435
rxn:2:111103:149983,COc1cnc2[nH]cc(-c3ccc(C(C)Nc4ncccc4-n4ccc(C5CC5)n4)s3)c2c1,0.09653023156252774,0.5662650602409639
rxn:2:125372:145209,COc1nc(CNC(C)c2ccc(-c3cc(C)c4c(cnn4C)c3)s2)nn1C,0.09653000320707049,0.7741935483870968
rxn:2:91925:157753,CCc1c[nH]c2ncnc(-c3ccc(C(C)NCc4cc(C)c(SC)cn4)s3)c12,0.09652432491039407,0.746268656716418
rxn:2:77609:156548,CCc1cccc2oc(CNC(C)c3ccc(-c4cccc5nsnc45)s3)nc12,0.09652084317700617,0.6307692307692307
rxn:2:78410:157753,CCc1c[nH]c2ncnc(-c3ccc(C(C)Nc4nnc(-c5cnn(C(C)C)c5)s4)s3)c12,0.09651422500610352,0.6857142857142857
rxn:2:115125:145452,CC(NCc1cc2[nH]ccc2cn1)c1ccc(-c2ccc3cc[nH]c(=O)c3c2)s1,0.09651396192353347,0.7692307692307693
rxn:2:108461:145452,CC(NCc1c[nH]nc1-c1ccsc1)c1ccc(-c2ccc3cc[nH]c(=O)c3c2)s1,0.09650885264078776,0.6438356164383562
rxn:2:102834:156548,CC(NCc1cnc2ccsc2c1)c1ccc(-c2cccc3nsnc23)s1,0.09650569712674176,0.671875
rxn:2:134082:151299,COc1ccc(CNC(C)c2ccc(-c3ccc4nccn4c3C)s2)nc1C,0.096505092723029,0.8125
rxn:2:103609:148983,Cc1nc(CNC(C)c2ccc(-c3ccc4o[nH]c(=O)c4c3)s2)cc(C(C)(C)C)n1,0.09650410413742065,0.7014925373134329
rxn:2:84282:145452,CC(NCCc1nnc(C(C)(C)C)o1)c1ccc(-c2ccc3cc[nH]c(=O)c3c2)s1,0.09649521112442017,0.7761194029850746
rxn:2:101994:148983,CC(NCc1csc(C(C)(F)F)n1)c1ccc(-c2ccc3o[nH]c(=O)c3c2)s1,0.09649222663470677,0.7
rxn:2:153388:158710,Cc1c[nH]c2nccc(-c3ccc(C(C)Nc4nc(-c5nc(CC6CCCO6)no5)n[nH]4)s3)c12,0.09649195741204654,0.6
rxn:2:90514:145452,CC(NCCc1nc2ncccc2[nH]1)c1ccc(-c2ccc3cc[nH]c(=O)c3c2)s1,0.09648426373799641,0.7183098591549296
rxn:2:104981:145452,CCOc1c[nH]nc1CCNC(C)c1ccc(-c2ccc3cc[nH]c(=O)c3c2)s1,0.09647779629148286,0.6933333333333334
rxn:2:87228:167920,Cc1[nH]nc2ccc(-c3ccc(C(C)NCc4cc(C5CC5)n(C)n4)s3)cc12,0.09647370662008013,0.6811594202898551
rxn:2:152996:164117,CC(NCc1cn2nc(N(C)CC(C)(C)C)ccc2n1)c1ccc(-c2cc3c(cn2)ncn3C)s1,0.09644629274095808,0.5822784810126582
rxn:2:108866:158710,Cc1c[nH]c2nccc(-c3ccc(C(C)NCc4coc(-c5cccs5)n4)s3)c12,0.09644127508689618,0.7101449275362319
rxn:2:118299:157753,CCc1c[nH]c2ncnc(-c3ccc(C(C)Nc4cc(C5CC5)n(CC(C)C)n4)s3)c12,0.09644104396143267,0.631578947368421
rxn:2:127747:148983,CC(NCCc1n[nH]c2ccsc12)c1ccc(-c2ccc3o[nH]c(=O)c3c2)s1,0.09643544043813433,0.7246376811594203
rxn:2:95971:169604,CC(NCc1cc2n(n1)CCSC2)c1ccc(-c2ccc3ncsc3c2)s1,0.09642836341151485,0.75
rxn:2:152489:157403,COc1cncnc1-c1ccc(C(C)NCCc2cn3c(-c4cn[nH]c4)csc3n2)s1,0.09642231079839891,0.7125
rxn:2:76394:157753,CCc1c[nH]c2ncnc(-c3ccc(C(C)NCc4cc5n(n4)CCCC5)s3)c12,0.09641065679747483,0.7971014492753623
rxn:2:92405:147854,Cc1nn(C)c2ccc(-c3ccc(C(C)NCc4cc5n(n4)CCOC5)s3)cc12,0.09638646553302634,0.6486486486486487
rxn:2:109218:170874,Cc1cc(C)c2nc(CNC(C)c3ccc(-c4cc(C)c5ncccc5c4)s3)[nH]c2c1,0.0963832812924539,0.7230769230769231
rxn:2:92021:145452,CCC(C)n1ccnc1CCNC(C)c1ccc(-c2ccc3cc[nH]c(=O)c3c2)s1,0.09638232390085856,0.7941176470588235
rxn:2:142150:150247,CSc1nccc(CNC(C)c2ccc(-c3ccc4n[nH]c(=O)n4c3)s2)n1,0.09638206605558042,0.6666666666666666
rxn:2:110360:111833,O=c1[nH][nH]c(=O)n1NC1CCCC1Sc1cccs1,0.09637735078209325,0.5740740740740741
rxn:2:128239:158710,Cc1c[nH]c2nccc(-c3ccc(C(C)NCc4ncn(C5CC5)n4)s3)c12,0.09637436160334835,0.7
rxn:2:127532:158710,CCC(CNC(C)c1ccc(-c2ccnc3[nH]cc(C)c23)s1)C1CS(=O)(=O)C1,0.0963742413691112,0.6
rxn:2:84444:161792,Cc1sc2nc(CNC(C)c3ccc(-c4cc5c(=O)nc[nH]c5s4)cn3)cn2c1C,0.09636658430099487,0.6944444444444444
rxn:2:112728:145452,CC(NCCc1cc[nH]n1)c1ccc(-c2ccc3cc[nH]c(=O)c3c2)s1,0.09635689625373253,0.746031746031746
rxn:2:117485:156548,CC(NC1(c2nn[nH]n2)CCCC1)c1ccc(-c2cccc3nsnc23)s1,0.09635523955027263,0.5
rxn:2:77632:157804,COc1ccc2ncnc(-c3ccc(C(C)NCc4cn(-c5nccs5)nn4)s3)c2c1,0.09635290791911463,0.6153846153846154
rxn:2:118056:158710,CCSc1ccc(CNC(C)c2ccc(-c3ccnc4[nH]cc(C)c34)s2)o1,0.09635220854370682,0.6617647058823529
rxn:2:107070:156548,CC(NCc1nccc(N2CCC2)n1)c1ccc(-c2cccc3nsnc23)s1,0.09634296383176531,0.6086956521739131
rxn:2:95971:157652,CC(NCc1cc2n(n1)CCSC2)c1ccc(-c2ncnc3ccn(C)c23)s1,0.0963298465524401,0.6486486486486487
rxn:2:80952:147854,Cc1cc(CNC(C)c2ccc(-c3ccc4c(c3)c(C)nn4C)s2)nc(N(C)C)n1,0.09632898966471354,0.8032786885245902
rxn:2:90109:151299,Cc1ccc2oc(CNC(C)c3ccc(-c4ccc5nccn5c4C)s3)cc2c1,0.09632024888334603,0.6197183098591549
rxn:2:72194:169604,CC(NCCc1nnc(C2CCCO2)[nH]1)c1ccc(-c2ccc3ncsc3c2)s1,0.09631782153557086,0.6666666666666666
rxn:2:97900:171510,CCC(Nc1n[nH]c2[nH]ncc12)c1ccc(-c2ccc3ncsc3c2)s1,0.09631270055587475,0.6567164179104478
rxn:2:122931:164117,CC(NCc1ccnc(N(C)C)n1)c1ccc(-c2cc3c(cn2)ncn3C)s1,0.09630450180598668,0.696969696969697
rxn:2:124227:145452,CCc1nc(CCNC(C)c2ccc(-c3ccc4cc[nH]c(=O)c4c3)s2)nn2cnnc12,0.09630444645881653,0.6329113924050633
rxn:2:143954:170874,Cc1cc(-c2ccc(C(C)NCCc3cn4c(C)nc(C5CCC5)cc4n3)s2)cc2cccnc12,0.09627833706992013,0.75
rxn:2:74427:145209,Cc1cc(-c2ccc(C(C)NCc3nc(C(C)(F)F)cs3)s2)cc2cnn(C)c12,0.09627352500783987,0.8709677419354839
rxn:2:131907:158710,Cc1c[nH]c2nccc(-c3ccc(C(C)Nc4ncc(=O)[nH]n4)s3)c12,0.09627336502075196,0.7333333333333333
rxn:2:91717:158710,Cc1c[nH]c2nccc(-c3ccc(C(C)Nc4[nH]ncc4N=O)s3)c12,0.09626973628997802,0.7166666666666667
rxn:2:124807:157804,COc1ccc2ncnc(-c3ccc(C(C)NCc4cn5cc(C)ccc5n4)s3)c2c1,0.09626706953971617,0.7971014492753623
rxn:2:90840:158710,Cc1c[nH]c2nccc(-c3ccc(C(C)Nc4cc(CC5CCC5)nn4C)s3)c12,0.09625903902382686,0.6805555555555556
rxn:2:81768:157854,CCc1nc(CNC(C)c2ncc(-c3ccc4c(cnn4CC)c3)s2)ccc1OC,0.09625393549601237,0.6944444444444444
rxn:2:128905:158710,CSc1ncc(C2C(CNC(C)c3ccc(-c4ccnc5[nH]cc(C)c45)s3)C2(F)F)cn1,0.09624503552913666,0.6571428571428571
rxn:2:108627:151299,Cc1cccc2[nH]cc(CNC(C)c3ccc(-c4ccc5nccn5c4C)s3)c12,0.09624369391079607,0.84375
rxn:2:103715:165909,CSc1ncc(-c2ccc(C(C)NCc3cn4nc(C)ccc4n3)s2)c2nncn12,0.09623112877209981,0.7142857142857143
rxn:2:85470:145452,CC(NCc1nnc(CC2C3CC4CC(C3)CC2C4)[nH]1)c1ccc(-c2ccc3cc[nH]c(=O)c3c2)s1,0.09622008932961358,0.6231884057971014
rxn:2:133564:170874,Cc1cc(-c2ccc(C(C)NCc3cc(N4CCCC4)n(C(C)C)n3)s2)cc2cccnc12,0.096217849037864,0.64
rxn:2:133102:157753,CCc1c(-c2cn[nH]c2)n[nH]c1NC(C)c1ccc(-c2ncnc3[nH]cc(CC)c23)s1,0.09621536731719971,0.6857142857142857
rxn:2:106227:157515,CCn1ncc2cc(-c3ncc(C(C)NCc4cc5cc(C)ccn5n4)s3)ccc21,0.09620547294616699,0.7536231884057971
rxn:2:65823:158710,Cc1cc(NC(C)c2ccc(-c3ccnc4[nH]cc(C)c34)s2)n(CCN(C)C)n1,0.09619846631740701,0.7101449275362319
rxn:2:110348:158710,Cc1[nH]c(=O)c(CNC(C)c2ccc(-c3ccnc4[nH]cc(C)c34)s2)c2c1CCC2,0.09619675477345785,0.6805555555555556
rxn:2:71903:147854,Cc1nn(C)c2ccc(-c3ccc(C(C)NCCc4noc(Cc5ccsc5)n4)s3)cc12,0.09618770517408848,0.675
rxn:2:67219:158710,Cc1c[nH]c2nccc(-c3ccc(C(C)NCc4ccnc(-c5ccsc5)c4)s3)c12,0.09617590308189392,0.6617647058823529
rxn:2:74345:149983,COc1cnc2[nH]cc(-c3ccc(C(C)NCCc4nc(C5CCCCC5)no4)s3)c2c1,0.09617345966398716,0.6794871794871795
rxn:2:83732:164117,CC(NCc1coc(CC2C3CC4CC(C3)CC2C4)n1)c1ccc(-c2cc3c(cn2)ncn3C)s1,0.09617253371647426,0.6
rxn:2:122532:170874,Cc1nc(CNC(C)c2ccc(-c3cc(C)c4ncccc4c3)s2)sc1C(C)(F)F,0.0961641550064087,0.6666666666666666
rxn:2:73373:145452,CC(NCc1ncc(-c2ccccn2)[nH]1)c1ccc(-c2ccc3cc[nH]c(=O)c3c2)s1,0.09615892364132789,0.7428571428571429
rxn:2:90792:142273,CC(NCc1cc(C2CC2)n(C2CC2)n1)c1ccc(-c2cnc(N(C)C)s2)s1,0.09615871735981532,0.6428571428571429
rxn:2:117929:145209,COc1cccc2[nH]c(CNC(C)c3ccc(-c4cc(C)c5c(cnn5C)c4)s3)cc12,0.09615073280949746,0.7534246575342466
rxn:2:87228:157753,CCc1c[nH]c2ncnc(-c3ccc(C(C)NCc4cc(C5CC5)n(C)n4)s3)c12,0.0961457059301179,0.7183098591549296
rxn:2:168392:157652,CCc1nn(-c2cncc(C3CC3)c2)cc1CNC(C)c1ccc(-c2ncnc3ccn(C)c23)s1,0.0961329426084246,0.7654320987654321
rxn:2:127747:147854,Cc1nn(C)c2ccc(-c3ccc(C(C)NCCc4n[nH]c5ccsc45)s3)cc12,0.09613197836382635,0.6438356164383562
rxn:2:127686:145452,CC(NCCC1CCCCC1)c1ccc(-c2ccc3cc[nH]c(=O)c3c2)s1,0.09613066249423557,0.8771929824561403
rxn:2:122968:151299,Cc1c(-c2ccc(C(C)NCc3nc4n(n3)CC(F)CC4)s2)ccc2nccn12,0.09612895702493601,0.6233766233766234
rxn:2:128081:145452,CC(NCC1C(c2nccs2)C1(F)F)c1ccc(-c2ccc3cc[nH]c(=O)c3c2)s1,0.09612833460172017,0.6438356164383562
rxn:2:76423:170874,CCC(C)c1cc(CNC(C)c2ccc(-c3cc(C)c4ncccc4c3)s2)nc(C2CC2)n1,0.09612740169871938,0.8059701492537313
rxn:2:129909:158710,CCn1nccc1-c1csc(CNC(C)c2ccc(-c3ccnc4[nH]cc(C)c34)s2)n1,0.09612517972146312,0.6578947368421053
rxn:2:103556:164117,CC(NCc1cnc2[nH]ccc2c1)c1ccc(-c2cc3c(cn2)ncn3C)s1,0.09612081519195012,0.6716417910447762
rxn:2:84866:173019,CC(=O)n1cc(-c2ccc(C(C)NCCc3cc(-c4ccc[nH]4)n(C)n3)s2)c2ccccc21,0.09610883394877116,0.6075949367088608
rxn:2:113899:156548,Cc1c(CN(C)C)noc1NC(C)c1ccc(-c2cccc3nsnc23)s1,0.09609526616555673,0.5735294117647058
rxn:2:135961:145452,CCCc1n[nH]c(CCNC(C)c2ccc(-c3ccc4cc[nH]c(=O)c4c3)s2)n1,0.09608974333467155,0.6911764705882353
rxn:2:109584:157836,Cc1cc(C)c2c(CCNC(C)c3ccc(-c4ccnc(N5CCOCC5)c4)s3)c[nH]c2c1,0.0960786071690646,0.76
rxn:2:69203:170874,Cc1cc(-c2ccc(C(C)NCCc3nccc4cc[nH]c34)s2)cc2cccnc12,0.09607401291529337,0.704225352112676
rxn:2:113401:147854,Cc1nn(C)c2ccc(-c3ccc(C(C)NCc4nc5c(C)cccc5n4C)s3)cc12,0.09606860337718841,0.6714285714285714
rxn:2:97499:161792,CCN(CC)c1nc(C)cc(CNC(C)c2ccc(-c3cc4c(=O)nc[nH]c4s3)cn2)n1,0.09606727585196495,0.647887323943662
rxn:2:100176:144913,CC(NCc1nn(C2CC2)c2c1CCCC2)c1ccc(-c2ccc3ncc(=O)n(C)c3c2)s1,0.0960645206046827,0.6794871794871795
rxn:2:152489:144232,CC(NCCc1cn2c(-c3cn[nH]c3)csc2n1)c1ccc(-c2cc(N(C)C)ncn2)s1,0.09605990722775459,0.7
rxn:2:134647:157753,CCc1c[nH]c2ncnc(-c3ccc(C(C)NCc4cccc(-c5cncnc5)c4)s3)c12,0.0960577167570591,0.6811594202898551
rxn:2:100197:147854,Cc1nn(C)c2ccc(-c3ccc(C(C)NCc4ccnc(C(C)C)c4)s3)cc12,0.09605744378320102,0.6923076923076923
rxn:2:109826:170874,CCc1cc(CC)nc(CNC(C)c2ccc(-c3cc(C)c4ncccc4c3)s2)n1,0.09605713287989298,0.6825396825396826
rxn:2:104094:145452,Cc1cc(N(C)C)ncc1CNC(C)c1ccc(-c2ccc3cc[nH]c(=O)c3c2)s1,0.09604932268460592,0.6857142857142857
rxn:2:106574:157753,CCc1c[nH]c2ncnc(-c3ccc(C(C)NCCc4ccc(C)cc4OC)s3)c12,0.09601326982180278,0.7428571428571429
rxn:2:82017:158710,Cc1c[nH]c2nccc(-c3ccc(C(C)Nc4nccnc4OCc4ccco4)s3)c12,0.09600939673762168,0.6619718309859155
rxn:2:136104:149983,COc1cnc2[nH]cc(-c3ccc(C(C)NCc4ccc(-n5cnnc5)s4)s3)c2c1,0.09600595633188884,0.6438356164383562
rxn:2:92918:168163,Cc1cncnc1-c1ccc(C(C)NCCc2nc(-c3ccc[nH]3)c(C)[nH]2)s1,0.09598621726036072,0.6944444444444444
rxn:2:82027:157854,CCn1ncc2cc(-c3cnc(C(C)NCc4nc(-c5cc(C(C)(C)C)on5)no4)s3)ccc21,0.09598504445132088,0.6883116883116883
rxn:2:72307:165909,CCOC(C)c1nc(CNC(C)c2ccc(-c3cnc(SC)n4cnnc34)s2)cs1,0.0959780216217041,0.6794871794871795
rxn:2:115125:147854,Cc1nn(C)c2ccc(-c3ccc(C(C)NCc4cc5[nH]ccc5cn4)s3)cc12,0.09597554905661221,0.7246376811594203
rxn:2:70932:151299,Cc1ccc2[nH]c(CNC(C)c3ccc(-c4ccc5nccn5c4C)s3)nc2c1C,0.09596012036005656,0.7727272727272727
rxn:2:108187:157753,CCc1c[nH]c2ncnc(-c3ccc(C(C)NCc4cnc(SC)nn4)s3)c12,0.09595201483794621,0.7121212121212122
rxn:2:109921:149983,COc1cnc2[nH]cc(-c3ccc(C(C)NCc4nc(-c5ccccc5OC)no4)s3)c2c1,0.0959275382937807,0.7307692307692307
rxn:2:100972:156548,Cc1cccc2c(CCNC(C)c3ccc(-c4cccc5nsnc45)s3)c[nH]c12,0.09592751387892098,0.746268656716418
rxn:2:130679:158710,COc1nccnc1CNC(C)c1ccc(-c2ccnc3[nH]cc(C)c23)s1,0.09591791144123783,0.6818181818181818
rxn:2:142087:145452,COc1ccc(CNC(C)c2ccc(-c3ccc4cc[nH]c(=O)c4c3)s2)nc1OC,0.09591628710428873,0.8153846153846154
rxn:2:129573:147854,CCc1cccc(CNC(C)c2ccc(-c3ccc4c(c3)c(C)nn4C)s2)n1,0.0959091569696154,0.8
rxn:2:132918:169604,Cc1cccc2cnc(CNC(C)c3ccc(-c4ccc5ncsc5c4)s3)cc12,0.09590569035760288,0.696969696969697
rxn:2:81972:158710,Cc1c[nH]c2nccc(-c3ccc(C(C)NC4CC(c5csc(-c6cc[nH]c6)n5)C4)s3)c12,0.09588559344410896,0.5875
rxn:2:72956:157804,CCCOc1cc(CNC(C)c2ccc(-c3ncnc4ccc(OC)cc34)s2)nn1C,0.09588212351645192,0.6575342465753424
rxn:2:108915:156548,CSc1nc(C)c(CCNC(C)c2ccc(-c3cccc4nsnc34)s2)s1,0.09588211995583994,0.6417910447761194
rxn:2:123961:144913,Cc1cccc2[nH]cc(CCNC(C)c3ccc(-c4ccc5ncc(=O)n(C)c5c4)s3)c12,0.0958789810538292,0.8333333333333334
rxn:2:129727:149983,COc1cnc2[nH]cc(-c3ccc(C(C)NCc4cc(-c5cccs5)[nH]n4)s3)c2c1,0.09587644735972087,0.7571428571428571
rxn:2:147646:165909,CSc1ncc(-c2ccc(C(C)NCCc3nc(-c4ccc(C(C)C)cc4)c(C)[nH]3)s2)c2nncn12,0.09587288068400489,0.691358024691358
rxn:2:138190:158710,Cc1nc(CNC(C)c2ccc(-c3ccnc4[nH]cc(C)c34)s2)cc2ccccc12,0.09587200284004212,0.6923076923076923
rxn:2:74181:149983,COc1cnc2[nH]cc(-c3ccc(C(C)NCc4nc5nc(C)cc(C)n5n4)s3)c2c1,0.09586805682028493,0.6533333333333333
rxn:2:133625:157188,COc1c(-c2ccc(C(C)NCCc3nn(C)c4ccsc34)s2)ccnc1C,0.0958678445645741,0.6901408450704225
rxn:2:135055:166336,COc1cn[nH]c(=O)c1-c1ccc(C(C)Nc2cnn(CCN(C)C)c2C)s1,0.09586732302393232,0.5733333333333334
rxn:2:109367:145452,CCc1nn2c(CNC(C)c3ccc(-c4ccc5cc[nH]c(=O)c5c4)s3)ccnc2c1C,0.09586019441485405,0.7567567567567568
rxn:2:129727:147854,Cc1nn(C)c2ccc(-c3ccc(C(C)NCc4cc(-c5cccs5)[nH]n4)s3)cc12,0.09585821628570557,0.6470588235294118
rxn:2:92749:111833,c1csc(SC2CCCC2Nc2nnn[nH]2)c1,0.09585228387047262,0.6415094339622641
rxn:2:141710:161792,CC(NCc1nc2c(s1)CCCC2)c1ccc(-c2cc3c(=O)nc[nH]c3s2)cn1,0.09585027448062239,0.782608695652174
rxn:2:156650:149357,CCc1nn(-c2cc(C3CC3)ccn2)cc1CNC(C)c1ccc(-c2c(OC)ncnc2OC)s1,0.09584261349269323,0.7402597402597403
rxn:2:141383:151299,Cc1c(-c2ccc(C(C)NCc3cnc(C4CCCC4)s3)s2)ccc2nccn12,0.09584076651211443,0.696969696969697
rxn:2:93935:157753,CCc1c[nH]c2ncnc(-c3ccc(C(C)NCc4c[nH]c5c(C)cccc45)s3)c12,0.09583655198415121,0.8666666666666667
rxn:2:90772:169604,CCc1nc(CCNC(C)c2ccc(-c3ccc4ncsc4c3)s2)cs1,0.09583165095402645,0.7258064516129032
rxn:2:96833:147854,Cc1nn(C)c2ccc(-c3ccc(C(C)NCc4cn(CCC(C)(C)C)nn4)s3)cc12,0.09583140765466998,0.6567164179104478
rxn:2:157435:158710,Cc1cnn(Cc2nc(NC(C)c3ccc(-c4ccnc5[nH]cc(C)c45)s3)c3ccsc3n2)c1,0.09581986770910375,0.6538461538461539
rxn:2:108956:145452,CC(C)Oc1cc(CNC(C)c2ccc(-c3ccc4cc[nH]c(=O)c4c3)s2)ncn1,0.09581877787907918,0.6712328767123288
rxn:2:138643:166234,CC(NC1CC(c2nc(-c3cc[nH]c3)c[nH]2)C1)c1cnc(-c2ccc3ncsc3c2)s1,0.09580824452061806,0.7746478873239436
rxn:2:140366:148983,CC(NCCc1[nH]ncc1-c1cc[nH]c1)c1ccc(-c2ccc3o[nH]c(=O)c3c2)s1,0.09579453070958456,0.6153846153846154
rxn:2:141710:142273,CC(NCc1nc2c(s1)CCCC2)c1ccc(-c2cnc(N(C)C)s2)s1,0.09579099829380329,0.7758620689655172
rxn:2:109367:164117,CCc1nn2c(CNC(C)c3ccc(-c4cc5c(cn4)ncn5C)s3)ccnc2c1C,0.09578895184301561,0.6027397260273972
rxn:2:90627:169604,CC(NCc1noc(C2CCCO2)n1)c1ccc(-c2ccc3ncsc3c2)s1,0.09578787854739598,0.6811594202898551
rxn:2:78808:145209,CCCSc1n[nH]c(NC(C)c2ccc(-c3cc(C)c4c(cnn4C)c3)s2)n1,0.09578597332750048,0.7
rxn:2:101490:168965,CC(NCc1cn2c3c(sc2n1)CCC3)c1ccc(-c2cccc(-c3cnco3)c2)s1,0.09577825761610462,0.6410256410256411
rxn:2:95624:158710,Cc1c[nH]c2nccc(-c3ccc(C(C)NCCc4cc(C5CCOC5)no4)s3)c12,0.09577823479970296,0.7066666666666667
rxn:2:79882:145209,CCC12COC(CNC(C)c3ccc(-c4cc(C)c5c(cnn5C)c4)s3)(C1)C2,0.09577409710202898,0.696969696969697
rxn:2:103946:166336,COc1ccc(CNC(C)c2ccc(-c3c(OC)cn[nH]c3=O)s2)nc1C1CC1,0.09577359002211998,0.676056338028169
rxn:2:93632:150504,CC(NCc1nc2c(s1)CSCC2)n1cc(-c2nc3c(s2)C(=O)CCC3)cn1,0.09576931595802307,0.5
rxn:2:106227:165909,CSc1ncc(-c2ccc(C(C)NCc3cc4cc(C)ccn4n3)s2)c2nncn12,0.09576231241226196,0.7183098591549296
rxn:2:92902:145209,Cc1cc(-c2ccc(C(C)NCc3c[nH]nc3C(C)(F)F)s2)cc2cnn(C)c12,0.09575657597903547,0.7391304347826086
rxn:2:119152:164117,Cc1c[nH]c2ncc(CNC(C)c3ccc(-c4cc5c(cn4)ncn5C)s3)cc12,0.09575357108280577,0.6911764705882353
rxn:2:131011:167920,Cc1cc(C)c2nc(CNC(C)c3ccc(-c4ccc5n[nH]c(C)c5c4)s3)[nH]c2n1,0.09575032790501913,0.7014925373134329
rxn:2:129633:145209,CCN1CC[C@@H](CCNC(C)c2ccc(-c3cc(C)c4c(cnn4C)c3)s2)C1,0.09574695995875768,0.7246376811594203
rxn:2:109584:168965,Cc1cc(C)c2c(CCNC(C)c3ccc(-c4cccc(-c5cnco5)c4)s3)c[nH]c2c1,0.09574674069881439,0.631578947368421
rxn:2:141858:147854,Cc1nn(C)c2ccc(-c3ccc(C(C)NCc4coc(C(C)C)n4)s3)cc12,0.09573071130684443,0.7076923076923077
rxn:2:144952:149200,COc1ncc(C)cc1-c1ccc(C(C)NC2CCN(c3ncc4c(C(C)C)c[nH]c4n3)C2)s1,0.09572796260609347,0.7468354430379747
rxn:2:87285:147854,Cc1nn(C)c2ccc(-c3ccc(C(C)NCc4nc5c(s4)COCC5)s3)cc12,0.09572261366350897,0.7361111111111112
rxn:2:131515:148983,CC(NCc1cc(-c2ccoc2)nc(C2CC2)n1)c1ccc(-c2ccc3o[nH]c(=O)c3c2)s1,0.09572121952519272,0.8
rxn:2:92441:151299,CCn1cc(-c2nc(CNC(C)c3ccc(-c4ccc5nccn5c4C)s3)cs2)cn1,0.09571636299933156,0.618421052631579
rxn:2:92918:165909,CSc1ncc(-c2ccc(C(C)NCCc3nc(-c4ccc[nH]4)c(C)[nH]3)s2)c2nncn12,0.09570343233644962,0.6951219512195121
rxn:2:67147:158710,Cc1c(CCNC(C)c2ccc(-c3ccnc4[nH]cc(C)c34)s2)n[nH]c1-c1cccnc1,0.0957027692347765,0.6486486486486487
rxn:2:128543:168965,CCn1nc(CNC(C)c2ccc(-c3cccc(-c4cnco4)c3)s2)cc1CC(C)C,0.09570271738113896,0.6351351351351351
rxn:2:135890:156548,CC(Nc1nc(-c2cccs2)c[nH]1)c1ccc(-c2cccc3nsnc23)s1,0.09569675392574734,0.5714285714285714
rxn:2:126914:173138,COc1cc(-c2ccc(C(C)NCc3c[nH]c(C(C)C)n3)s2)cc2cccnc12,0.09569654382508376,0.6438356164383562
rxn:2:91717:166234,CC(Nc1[nH]ncc1N=O)c1cnc(-c2ccc3ncsc3c2)s1,0.09569224218527476,0.609375
rxn:2:101490:144913,CC(NCc1cn2c3c(sc2n1)CCC3)c1ccc(-c2ccc3ncc(=O)n(C)c3c2)s1,0.09567763470113277,0.6455696202531646
rxn:2:113284:158710,Cc1c[nH]c2nccc(-c3ccc(C(C)NCc4cc(-c5ccoc5)ncn4)s3)c12,0.09567152460416158,0.6081081081081081
rxn:2:121898:156548,Cc1cccc2c(CCNC(C)c3ccc(-c4cccc5nsnc45)s3)n[nH]c12,0.09566866118332436,0.6571428571428571
rxn:2:86108:148983,CC(NCc1cc(C2CC2)[nH]n1)c1ccc(-c2ccc3o[nH]c(=O)c3c2)s1,0.09566076596577962,0.7313432835820896
rxn:2:110348:150504,Cc1[nH]c(=O)c(CNC(C)n2cc(-c3nc4c(s3)C(=O)CCC4)cn2)c2c1CCC2,0.09565837780634562,0.5116279069767442
rxn:2:102433:161792,CC(NCCc1cc(C2CC2)n(C)n1)c1ccc(-c2cc3c(=O)nc[nH]c3s2)cn1,0.0956562320391337,0.6052631578947368
rxn:2:126566:145452,CCCc1ncc(CNC(C)c2ccc(-c3ccc4cc[nH]c(=O)c4c3)s2)s1,0.09565562435558864,0.8688524590163934
rxn:2:71886:84225,CCc1ccc(-c2ccc(C(C)NCCc3c[nH]c4cccc(OC)c34)s2)s1,0.09565102202551705,0.7076923076923077
rxn:2:91969:158710,Cc1c[nH]c2nccc(-c3ccc(C(C)NCc4ccc(-c5csnn5)cc4)s3)c12,0.09565016229947408,0.6617647058823529
rxn:2:70758:157804,COc1ccc2ncnc(-c3ccc(C(C)NCCc4noc(-c5ccc[nH]5)n4)s3)c2c1,0.09565004706382751,0.5975609756097561
rxn:2:114924:169604,COCc1cc(CNC(C)c2ccc(-c3ccc4ncsc4c3)s2)nc(C2CC2)n1,0.09564830064773559,0.8548387096774194
rxn:2:99276:168163,CCc1nc(NC(C)c2ccc(-c3ncncc3C)s2)ncc1C,0.09564012785752614,0.5873015873015873
rxn:2:96587:161792,CCn1cccc1-c1noc(CNC(C)c2ccc(-c3cc4c(=O)nc[nH]c4s3)cn2)n1,0.09563722275197506,0.7662337662337663
rxn:2:163066:158710,COc1ccc(C)cc1Cc1nc(CNC(C)c2ccc(-c3ccnc4[nH]cc(C)c34)s2)cs1,0.09563409580903895,0.7307692307692307
rxn:2:107997:149983,COc1cnc2[nH]cc(-c3ccc(C(C)NCCc4nc[nH]c4C4CCC4)s3)c2c1,0.09563278357187907,0.7323943661971831
rxn:2:127747:161792,CC(NCCc1n[nH]c2ccsc12)c1ccc(-c2cc3c(=O)nc[nH]c3s2)cn1,0.09561231218535325,0.6438356164383562
rxn:2:101490:170874,Cc1cc(-c2ccc(C(C)NCc3cn4c5c(sc4n3)CCC5)s2)cc2cccnc12,0.09561117041495538,0.7027027027027027
rxn:2:70572:148983,CC(NCc1cn[nH]c1-c1cccs1)c1ccc(-c2ccc3o[nH]c(=O)c3c2)s1,0.09560664357810185,0.6056338028169014
rxn:2:121718:170892,CCn1nc(CNC(C)c2ccc(-c3cc4sccc4s3)s2)cc1CC1CC1,0.09560584809098925,0.6571428571428571
rxn:2:124807:170874,Cc1ccc2nc(CNC(C)c3ccc(-c4cc(C)c5ncccc5c4)s3)cn2c1,0.09560317198435465,0.6764705882352942
rxn:2:92436:145209,Cc1cc(-c2ccc(C(C)NCc3ccc4ccsc4c3)s2)cc2cnn(C)c12,0.09559574620477085,0.7868852459016393
rxn:2:84866:157804,COc1ccc2ncnc(-c3ccc(C(C)NCCc4cc(-c5ccc[nH]5)n(C)n4)s3)c2c1,0.09559535257744067,0.6794871794871795
rxn:2:74698:149743,CC(C)c1cc(CNC(C)c2ccc(-c3ccc4c(c3)oc(=O)n4C)s2)nc(C2CC2)n1,0.09557443484663963,0.7027027027027027
rxn:2:139839:166234,COc1sc(C2CC2)cc1CNC(C)c1cnc(-c2ccc3ncsc3c2)s1,0.09557378717831203,0.6567164179104478
rxn:2:136203:158710,Cc1c[nH]c2nccc(-c3ccc(C(C)NCc4ccc(CCC(C)(C)C)nc4)s3)c12,0.09557355796137164,0.6818181818181818
rxn:2:105134:113626,CCSc1n[nH]c(NC(C)c2ccc(-c3cc[nH]c3)s2)n1,0.09556845823923747,0.7884615384615384
rxn:2:134672:145452,CC(NCc1ccc2cccc3c2c1CC3)c1ccc(-c2ccc3cc[nH]c(=O)c3c2)s1,0.09556018933653831,0.6666666666666666
rxn:2:69688:164117,CC(NCc1ccc2ncccc2c1)c1ccc(-c2cc3c(cn2)ncn3C)s1,0.09555819938922751,0.7777777777777778
rxn:2:118391:145209,COc1cnc(CNC(C)c2ccc(-c3cc(C)c4c(cnn4C)c3)s2)nc1,0.09555256366729736,0.85
rxn:2:114621:151299,COc1ccc(-c2noc(CNC(C)c3ccc(-c4ccc5nccn5c4C)s3)n2)cc1C,0.09554425875345866,0.6538461538461539
rxn:2:114133:158710,Cc1c[nH]c2nccc(-c3ccc(C(C)NCCc4nc(Cn5cccn5)n[nH]4)s3)c12,0.09554216169541882,0.6410256410256411
rxn:2:102088:158710,Cc1c[nH]c2nccc(-c3ccc(C(C)Nc4nnc(SCC5CCCCO5)s4)s3)c12,0.09553793553383119,0.618421052631579
rxn:2:124590:164117,CC(NCc1cc(CC2CC2)on1)c1ccc(-c2cc3c(cn2)ncn3C)s1,0.09553305166108268,0.7352941176470589
rxn:2:65945:173019,CC(=O)n1cc(-c2ccc(C(C)NCc3cccc(N(C)C)n3)s2)c2ccccc21,0.0955283006032308,0.6956521739130435
rxn:2:115386:158710,Cc1c[nH]c2nccc(-c3ccc(C(C)Nc4nccnc4N4CCCC(C)C4)s3)c12,0.0955131919153275,0.625
rxn:2:142013:158710,Cc1c(CNC(C)c2ccc(-c3ccnc4[nH]cc(C)c34)s2)ccc2[nH]ccc12,0.09551307661779995,0.6923076923076923
rxn:2:132918:165909,CSc1ncc(-c2ccc(C(C)NCc3cc4c(C)cccc4cn3)s2)c2nncn12,0.09551252472785211,0.6891891891891891
rxn:2:91058:173019,CC(=O)n1cc(-c2ccc(C(C)NCc3ccc(C4CC4)[nH]c3=O)s2)c2ccccc21,0.09550665655443745,0.6363636363636364
rxn:2:68712:158710,CCSC1CC1CNC(C)c1ccc(-c2ccnc3[nH]cc(C)c23)s1,0.09548551559448243,0.6818181818181818
rxn:2:120324:157753,CCc1sc(CNC(C)c2ccc(-c3ncnc4[nH]cc(CC)c34)s2)nc1C,0.09548512314047132,0.6875
rxn:2:93644:158710,Cc1c[nH]c2nccc(-c3ccc(C(C)Nc4cn[nH]n4)s3)c12,0.09547943395117055,0.6896551724137931
rxn:2:103688:158710,Cc1c[nH]c2nccc(-c3ccc(C(C)NCCc4ncc(-c5ccco5)o4)s3)c12,0.0954714834690094,0.647887323943662
rxn:2:70891:171510,CCC(NCc1csc2c1CCCN2C)c1ccc(-c2ccc3ncsc3c2)s1,0.09547083542264741,0.5857142857142857
rxn:2:121147:151299,Cc1c(-c2ccc(C(C)NCc3cc4c(s3)CCCS4)s2)ccc2nccn12,0.09546937687056405,0.7101449275362319
rxn:2:117329:171510,CCC(NCc1cc(C2CCCC2)on1)c1ccc(-c2ccc3ncsc3c2)s1,0.09546590879045684,0.7142857142857143
rxn:2:71070:158710,Cc1c[nH]c2nccc(-c3ccc(C(C)Nc4cc5n(n4)CCCC54CC4)s3)c12,0.09546505788276935,0.7323943661971831
rxn:2:113313:164181,COc1cccc2[nH]cc(CCC(C)NC3CCN(c4ncnc5sccc45)C3)c12,0.0954631765683492,0.7972972972972973
rxn:2:95477:170874,CCc1cc(C)nc(CCNC(C)c2ccc(-c3cc(C)c4ncccc4c3)s2)n1,0.09545861879984538,0.6666666666666666
rxn:2:115895:145452,CC(NCCc1cnc(-c2ncccn2)s1)c1ccc(-c2ccc3cc[nH]c(=O)c3c2)s1,0.09545853734016418,0.6986301369863014
rxn:2:93880:151299,Cc1cc(CNC(C)c2ccc(-c3ccc4nccn4c3C)s2)nc2ccsc12,0.0954493078692206,0.6805555555555556
rxn:2:161678:145452,Cc1nc(C2CCCC2)nc2c1c(CNC(C)c1ccc(-c3ccc4cc[nH]c(=O)c4c3)s1)cn2C,0.09544721245765686,0.6375
rxn:2:84539:149983,COc1cnc2[nH]cc(-c3ccc(C(C)NCc4coc(C(C)(C)C)n4)s3)c2c1,0.09544720320866026,0.6712328767123288
rxn:2:150051:156548,Cc1[nH]c(CNC(C)c2ccc(-c3cccc4nsnc34)s2)nc1Cc1ccc(C(C)C)cc1,0.09542990607373855,0.6619718309859155
rxn:2:95971:164912,CC(C)C(NCc1cc2n(n1)CCSC2)c1ccc(-c2cc3c(=O)nc[nH]c3s2)cc1,0.0954297088807629,0.6486486486486487
rxn:2:110360:164117,CC(Nn1c(=O)[nH][nH]c1=O)c1ccc(-c2cc3c(cn2)ncn3C)s1,0.09542845726013184,0.5538461538461539
rxn:2:117637:145209,CCc1ncc(CCNC(C)c2ccc(-c3cc(C)c4c(cnn4C)c3)s2)s1,0.09542715975216456,0.7936507936507936
rxn:2:123574:156548,COCc1nc(CNC(C)c2ccc(-c3cccc4nsnc34)s2)c[nH]1,0.0954259863266578,0.6865671641791045
rxn:2:70891:145452,CC(NCc1csc2c1CCCN2C)c1ccc(-c2ccc3cc[nH]c(=O)c3c2)s1,0.09542212883631389,0.7361111111111112
rxn:2:139839:148983,COc1sc(C2CC2)cc1CNC(C)c1ccc(-c2ccc3o[nH]c(=O)c3c2)s1,0.09542183834930947,0.6712328767123288
rxn:2:99816:161792,Cc1ccnc(CCNC(C)c2ccc(-c3cc4c(=O)nc[nH]c4s3)cn2)c1C1CC1,0.09541967607313587,0.6351351351351351
rxn:2:123661:165909,CCCCn1cnc(CNC(C)c2ccc(-c3cnc(SC)n4cnnc34)s2)c1,0.09541187409696908,0.803030303030303
rxn:2:126915:149983,COc1cnc2[nH]cc(-c3ccc(C(C)NCc4noc(C(C)C)n4)s3)c2c1,0.09540827359472003,0.6714285714285714
rxn:2:80952:149983,COc1cnc2[nH]cc(-c3ccc(C(C)NCc4cc(C)nc(N(C)C)n4)s3)c2c1,0.09540117184321086,0.7352941176470589
rxn:2:119044:157753,CCc1c[nH]c2ncnc(-c3ccc(C(C)Nc4ccc5c(c4)CCS(=O)(=O)C5)s3)c12,0.09538125222729098,0.6052631578947368
rxn:2:86427:169604,Cc1oncc1CCNC(C)c1ccc(-c2ccc3ncsc3c2)s1,0.09538065910339355,0.671875
rxn:2:106707:145209,Cc1cc(-c2ccc(C(C)NCc3cc(=O)[nH]c(-c4ccco4)n3)s2)cc2cnn(C)c12,0.09538053534924984,0.726027397260274
rxn:2:76423:148983,CCC(C)c1cc(CNC(C)c2ccc(-c3ccc4o[nH]c(=O)c4c3)s2)nc(C2CC2)n1,0.09537964686751366,0.8656716417910447
rxn:2:128761:145209,Cc1cc2n(CCNC(C)c3ccc(-c4cc(C)c5c(cnn5C)c4)s3)ccn2n1,0.09537323514620463,0.7142857142857143
rxn:2:120768:156548,Cc1nc(CCNC(C)c2ccc(-c3cccc4nsnc34)s2)cn1C,0.09536920602505024,0.7230769230769231
rxn:2:121898:148983,Cc1cccc2c(CCNC(C)c3ccc(-c4ccc5o[nH]c(=O)c5c4)s3)n[nH]c12,0.09536361296971639,0.6891891891891891
rxn:2:147026:164117,Cc1nc(C2CCCCC2)nc2[nH]cc(CNC(C)c3ccc(-c4cc5c(cn4)ncn5C)s3)c12,0.09536178112030029,0.6753246753246753
rxn:2:84444:170874,Cc1sc2nc(CNC(C)c3ccc(-c4cc(C)c5ncccc5c4)s3)cn2c1C,0.09535611073176066,0.6764705882352942
rxn:2:108972:145452,CC(NCc1cccc(-n2cncn2)c1)c1ccc(-c2ccc3cc[nH]c(=O)c3c2)s1,0.09535472816036593,0.6818181818181818
rxn:2:131949:145209,Cc1cc(-c2ccc(C(C)NCCC3C(c4ccco4)C3(F)F)s2)cc2cnn(C)c12,0.09535075964466218,0.6
rxn:2:150051:167920,Cc1[nH]c(CNC(C)c2ccc(-c3ccc4n[nH]c(C)c4c3)s2)nc1Cc1ccc(C(C)C)cc1,0.09534446001052857,0.7083333333333334
rxn:2:87285:165909,CSc1ncc(-c2ccc(C(C)NCc3nc4c(s3)COCC4)s2)c2nncn12,0.09534322804418104,0.7671232876712328
rxn:2:101490:165909,CSc1ncc(-c2ccc(C(C)NCc3cn4c5c(sc4n3)CCC5)s2)c2nncn12,0.09534315140016618,0.65
rxn:2:168185:124133,Cc1csc2ncnc(N3CCC(NC4CCCCCc5ccccc54)CC3)c12,0.09533780813217163,0.6984126984126984
rxn:2:135604:157804,COc1ccc2ncnc(-c3ccc(C(C)NCc4ccc(C5CC5)c(OC)n4)s3)c2c1,0.09533456712961197,0.6842105263157895
rxn:2:87065:161792,CCCc1n[nH]cc1CCNC(C)c1ccc(-c2cc3c(=O)nc[nH]c3s2)cn1,0.09533063296614022,0.6578947368421053
rxn:2:83689:165909,CCCCc1cc(CNC(C)c2ccc(-c3cnc(SC)n4cnnc34)s2)no1,0.09533039454756112,0.6447368421052632
rxn:2:78196:145452,Cc1cc(C2CC2)nc(CNC(C)c2ccc(-c3ccc4cc[nH]c(=O)c4c3)s2)n1,0.09532837470372518,0.7761194029850746
rxn:2:93089:149983,COc1cnc2[nH]cc(-c3ccc(C(C)NCc4ccc(SC)c(C)c4)s3)c2c1,0.0953264935263272,0.75
rxn:2:119064:145209,CSC1CCC1n1cc(CNC(C)c2ccc(-c3cc(C)c4c(cnn4C)c3)s2)nn1,0.09531905766456358,0.7887323943661971
rxn:2:96923:158710,CCCCc1nnc2scc(CNC(C)c3ccc(-c4ccnc5[nH]cc(C)c45)s3)n12,0.09531466999361592,0.631578947368421
rxn:2:92918:148983,Cc1[nH]c(CCNC(C)c2ccc(-c3ccc4o[nH]c(=O)c4c3)s2)nc1-c1ccc[nH]1,0.09531383745131954,0.7777777777777778
rxn:2:93632:147854,Cc1nn(C)c2ccc(-c3ccc(C(C)NCc4nc5c(s4)CSCC5)s3)cc12,0.09531318319254908,0.7464788732394366
rxn:2:79461:166234,CC(NCc1c[nH][nH]c1=O)c1cnc(-c2ccc3ncsc3c2)s1,0.0953088973959287,0.7666666666666667
rxn:2:128543:149743,CCn1nc(CNC(C)c2ccc(-c3ccc4c(c3)oc(=O)n4C)s2)cc1CC(C)C,0.0953072924767771,0.6901408450704225
rxn:2:96169:157188,COc1c(-c2ccc(C(C)NCCc3nn(C)c4ccccc34)s2)ccnc1C,0.0953070171948137,0.6266666666666667
rxn:2:76608:149983,COc1cnc2[nH]cc(-c3ccc(C(C)NCCC4CC4c4cncc(C)n4)s3)c2c1,0.09529584453951928,0.6153846153846154
rxn:2:129766:145209,CCCc1nnnn1CCNC(C)c1ccc(-c2cc(C)c3c(cnn3C)c2)s1,0.09529462765003073,0.6666666666666666
rxn:2:133316:145209,Cc1cc(-c2ccc(C(C)NCc3cccc(-c4cc[nH]n4)c3)s2)cc2cnn(C)c12,0.0952900436616713,0.6901408450704225
rxn:2:119633:157753,CCc1c[nH]c2ncnc(-c3ccc(C(C)NCc4cnc(C)n4C4CC4)s3)c12,0.09528948109725426,0.6533333333333333
rxn:2:131506:157753,CCc1c[nH]c2ncnc(-c3ccc(C(C)NCCc4ccno4)s3)c12,0.095285564661026,0.71875
rxn:2:131363:169604,CC(NCc1cc(C(C)(F)F)on1)c1ccc(-c2ccc3ncsc3c2)s1,0.09528433835064923,0.7076923076923077
rxn:2:127747:167705,CCn1ncc2cc(-c3cc(C(C)NCCc4n[nH]c5ccsc45)cs3)ccc21,0.09528239019985857,0.7714285714285715
rxn:2:144952:145209,Cc1cc(-c2ccc(C(C)NC3CCN(c4ncc5c(C(C)C)c[nH]c5n4)C3)s2)cc2cnn(C)c12,0.09528210096889073,0.7
rxn:2:91148:157753,CCc1c[nH]c2ncnc(-c3ccc(C(C)Nc4cc(C5CCCC5)sn4)s3)c12,0.0952807932064451,0.6956521739130435
rxn:2:123429:151299,Cc1cc2c(C)c[nH]c2cc1CNC(C)c1ccc(-c2ccc3nccn3c2C)s1,0.09527918497721354,0.796875
rxn:2:126566:142264,CCCc1ncc(CNC(CC)c2ccc(-c3ccc4c(cnn4C)c3)s2)s1,0.09527517003672463,0.6428571428571429
rxn:2:129822:145209,Cc1cc(-c2ccc(C(C)NCCc3cccn4ccnc34)s2)cc2cnn(C)c12,0.09527132908503215,0.6956521739130435
rxn:2:110272:157753,CCc1c[nH]c2ncnc(-c3ccc(C(C)NCc4noc(-c5cccn5C)n4)s3)c12,0.09527097209807366,0.6708860759493671
rxn:2:112858:158710,Cc1c[nH]c2nccc(-c3ccc(C(C)NCc4cc(C5CC5)cs4)s3)c12,0.09526431339758414,0.7121212121212122
rxn:2:112263:166234,CC(NCc1cc2c(s1)CCOC2)c1cnc(-c2ccc3ncsc3c2)s1,0.09526197557096128,0.6417910447761194
rxn:2:88800:150247,Cc1cccc2[nH]nc(CCNC(C)c3ccc(-c4ccc5n[nH]c(=O)n5c4)s3)c12,0.09525731404622396,0.6533333333333333
rxn:2:114931:156548,CCCc1cc(CNC(C)c2ccc(-c3cccc4nsnc34)s2)nn1C1CCC1,0.09525155226389567,0.75
rxn:2:135338:157753,CCc1c[nH]c2ncnc(-c3ccc(C(C)Nc4cnnc(SC)c4)s3)c12,0.09523958630032009,0.6470588235294118
rxn:2:157117:164117,CC(Nc1ccccc1OCc1n[nH]c(C2CC2)n1)c1ccc(-c2cc3c(cn2)ncn3C)s1,0.09523958318373736,0.5294117647058824
rxn:2:135191:157753,CCc1c[nH]c2ncnc(-c3ccc(C(C)Nc4nc5c(C)c(C)cnc5[nH]4)s3)c12,0.09523761669794718,0.6811594202898551
rxn:2:94637:158710,Cc1c[nH]c2nccc(-c3ccc(C(C)NC[C@@H]4CC[C@H](c5nc(C6CC6)n[nH]5)O4)s3)c12,0.09522408060729504,0.6447368421052632
rxn:2:74698:165729,CC(C)c1cc(CNC(C)c2cnc(-c3ccnc(N4CCOCC4)c3)s2)nc(C2CC2)n1,0.0952216386795044,0.4880952380952381
rxn:2:109269:156548,CSCc1ncc(CNC(C)c2ccc(-c3cccc4nsnc34)s2)cn1,0.09521377748913235,0.7377049180327869
rxn:2:93093:168965,CC(NCc1cc2c(s1)CCSC2)c1ccc(-c2cccc(-c3cnco3)c2)s1,0.09521054810491102,0.6805555555555556
rxn:2:124807:164117,Cc1ccc2nc(CNC(C)c3ccc(-c4cc5c(cn4)ncn5C)s3)cn2c1,0.09520718147014749,0.796875
rxn:2:102132:147854,CSc1cc(C)[nH]c(=O)c1CNC(C)c1ccc(-c2ccc3c(c2)c(C)nn3C)s1,0.09520206252733866,0.647887323943662
rxn:2:150051:169604,Cc1[nH]c(CNC(C)c2ccc(-c3ccc4ncsc4c3)s2)nc1Cc1ccc(C(C)C)cc1,0.0951908125596888,0.8088235294117647
rxn:2:90533:157753,CCc1c[nH]c2ncnc(-c3ccc(C(C)NCc4cc(-c5ccc(C)cc5OC)[nH]n4)s3)c12,0.09518587589263916,0.6842105263157895
rxn:2:95071:145452,Cc1c(CNC(C)c2ccc(-c3ccc4cc[nH]c(=O)c4c3)s2)cccc1C1CC1,0.09518420696258545,0.7611940298507462
rxn:2:165936:151299,Cc1c(-c2ccc(C(C)Nc3nc(=O)c4c5c(sc4[nH]3)CSC5)s2)ccc2nccn12,0.09518296487869755,0.5185185185185185
rxn:2:74698:157804,COc1ccc2ncnc(-c3ccc(C(C)NCc4cc(C(C)C)nc(C5CC5)n4)s3)c2c1,0.09517878113370953,0.6944444444444444
rxn:2:134313:170874,Cc1cc(-c2ccc(C(C)NCc3cc4c(s3)CSCC4)s2)cc2cccnc12,0.09517805329684553,0.8571428571428571
rxn:2:82048:156548,CC(NCc1nnc(C2CC2)o1)c1ccc(-c2cccc3nsnc23)s1,0.09517693519592285,0.746031746031746
rxn:2:83428:171648,CC(Nc1n[nH]c(=O)[nH]c1=O)c1ccc(-c2ccc3sccc3c2)o1,0.09516568660736084,0.5
rxn:2:67236:157854,CCn1ncc2cc(-c3cnc(C(C)NCC4CC4c4cc[nH]n4)s3)ccc21,0.09516139115606036,0.581081081081081
rxn:2:89733:145452,CC(NCc1ccc2cc[nH]c2c1)c1ccc(-c2ccc3cc[nH]c(=O)c3c2)s1,0.09515963340627737,0.8846153846153846
rxn:2:137297:171510,CCC(NCCc1c[nH]c2ccsc12)c1ccc(-c2ccc3ncsc3c2)s1,0.0951461408819471,0.8095238095238095
rxn:2:78738:147854,Cc1nc2scnn2c1CNC(C)c1ccc(-c2ccc3c(c2)c(C)nn3C)s1,0.09514585651200393,0.6527777777777778
rxn:2:110032:156548,Cc1nc(CNC(C)c2ccc(-c3cccc4nsnc34)s2)cc(-c2cnoc2C)n1,0.09514004568899831,0.631578947368421
rxn:2:91747:148983,CSc1ncc(CCNC(C)c2ccc(-c3ccc4o[nH]c(=O)c4c3)s2)cn1,0.09513823900903974,0.7014925373134329
rxn:2:109218:155002,Cc1cc(C)c2nc(CNC(C)c3ccc(-c4ccc(C)c5[nH]ncc45)s3)[nH]c2c1,0.0951382299264272,0.6764705882352942
rxn:2:141895:159258,Cc1csc(C2CC2CNC(C)c2ncc(-c3ccc4ncsc4c3)s2)c1,0.09513471523920695,0.6197183098591549
rxn:2:109218:165126,Cc1cc(C)c2nc(CNC(C)c3ccc(-c4ccnc5[nH]ncc45)s3)[nH]c2c1,0.09513343408189971,0.7205882352941176
rxn:2:108529:172841,CC(Nc1nc2cnncc2[nH]1)c1cc(-c2ccc3sccc3c2)cs1,0.09513258934020996,0.7272727272727273
rxn:2:133855:145452,CC(C)c1[nH]cnc1CCNC(C)c1ccc(-c2ccc3cc[nH]c(=O)c3c2)s1,0.09512026145540435,0.7272727272727273
rxn:2:120150:147854,COc1cc(CNC(C)c2ccc(-c3ccc4c(c3)c(C)nn4C)s2)cc(N(C)C)n1,0.09511265831608925,0.6619718309859155
rxn:2:132007:145209,CCCCn1nc(CNC(C)c2ccc(-c3cc(C)c4c(cnn4C)c3)s2)cc1C,0.09510959188143413,0.746268656716418
rxn:2:128511:158710,Cc1c[nH]c2nccc(-c3ccc(C(C)NCC4CCc5nncn5C4)s3)c12,0.09510200577122825,0.6164383561643836
rxn:2:107268:145452,CCc1cc(CNC(C)c2ccc(-c3ccc4cc[nH]c(=O)c4c3)s2)ncc1OC1CC1,0.09509935602545738,0.7702702702702703
rxn:2:71440:145452,CC(NCCc1nc(C2CC2)n2ccccc12)c1ccc(-c2ccc3cc[nH]c(=O)c3c2)s1,0.0950972293362473,0.8055555555555556
rxn:2:75454:161792,CCCC(C)c1nc(CNC(C)c2ccc(-c3cc4c(=O)nc[nH]c4s3)cn2)cs1,0.09508809049924215,0.6666666666666666
rxn:2:136201:157753,CCOc1cccc2[nH]cc(CCNC(C)c3ccc(-c4ncnc5[nH]cc(CC)c45)s3)c12,0.09508754629077333,0.803030303030303
rxn:2:96320:157753,CCc1c[nH]c2ncnc(-c3ccc(C(C)Nc4ncn(CC5CC5CC)n4)s3)c12,0.09506659309069315,0.6805555555555556
rxn:2:69340:158710,Cc1c[nH]c2nccc(-c3ccc(C(C)Nc4cc[nH]c4)s3)c12,0.09506298148113748,0.6909090909090909
rxn:2:99508:145209,CCCC(NC(C)c1ccc(-c2cc(C)c3c(cnn3C)c2)s1)c1nc(-c2nnc[nH]2)no1,0.09506067543318777,0.5783132530120482
rxn:2:71886:157753,CCc1c[nH]c2ncnc(-c3ccc(C(C)NCCc4c[nH]c5cccc(OC)c45)s3)c12,0.09506038576364517,0.803030303030303
rxn:2:79773:169604,CCCn1cnc(-c2cc(NC(C)c3ccc(-c4ccc5ncsc5c4)s3)[nH]n2)c1,0.09505928754806518,0.5945945945945946
rxn:2:89971:157753,CCc1c[nH]c2ncnc(-c3ccc(C(C)NCCC4CC4c4cnc5cc[nH]c5c4)s3)c12,0.09505858023961385,0.7236842105263158
rxn:2:81794:170874,CCCc1ncc(CNC(C)c2ccc(-c3cc(C)c4ncccc4c3)s2)[nH]1,0.09505762798445565,0.6818181818181818
rxn:2:141695:145209,CSCCC(NC(C)c1ccc(-c2cc(C)c3c(cnn3C)c2)s1)c1nnn[nH]1,0.09505734258684619,0.6197183098591549
rxn:2:113014:148983,CCc1ccccc1-c1nc(CNC(C)c2ccc(-c3ccc4o[nH]c(=O)c4c3)s2)co1,0.09505727514624596,0.6438356164383562
rxn:2:116000:159258,CC(NCC1CCc2c(cnn2C)C1)c1ncc(-c2ccc3ncsc3c2)s1,0.09505702768053327,0.6956521739130435
rxn:2:138947:156548,CC(NCc1cn2c(n1)CCCC2C)c1ccc(-c2cccc3nsnc23)s1,0.09505312357630048,0.6351351351351351
rxn:2:118833:151299,Cc1c(-c2ccc(C(C)NCc3cc4c(s3)CCCC4)s2)ccc2nccn12,0.09505182930401393,0.796875
rxn:2:161767:159258,CC(NCCn1ccn2nc3c(c2c1=O)CCC3)c1ncc(-c2ccc3ncsc3c2)s1,0.09505030885338783,0.575
rxn:2:114094:147854,COc1ccccc1-c1nc(CNC(C)c2ccc(-c3ccc4c(c3)c(C)nn4C)s2)co1,0.09504994479092685,0.6944444444444444
rxn:2:96169:151299,Cc1c(-c2ccc(C(C)NCCc3nn(C)c4ccccc34)s2)ccc2nccn12,0.0950482209523519,0.6111111111111112
rxn:2:124759:147854,Cc1cc(CNC(C)c2ccc(-c3ccc4c(c3)c(C)nn4C)s2)nc(C2CC2)c1,0.09504556655883789,0.84375
rxn:2:93093:170892,CC(NCc1cc2c(s1)CCSC2)c1ccc(-c2cc3sccc3s2)s1,0.09504358355815594,0.5942028985507246
rxn:2:73208:142264,CCC(NCc1cn2c(C(C)(C)C)csc2n1)c1ccc(-c2ccc3c(cnn3C)c2)s1,0.0950398426502943,0.6811594202898551
rxn:2:133625:147854,Cc1nn(C)c2ccc(-c3ccc(C(C)NCCc4nn(C)c5ccsc45)s3)cc12,0.09502020676930746,0.7
rxn:2:109235:147854,CCC(CC)c1cc(CNC(C)c2ccc(-c3ccc4c(c3)c(C)nn4C)s2)nc(C)n1,0.09502018615603447,0.8709677419354839
rxn:2:87137:167920,Cc1[nH]nc2ccc(-c3ccc(C(C)NCCc4cc(C5C6CC7CC(C6)CC5C7)[nH]n4)s3)cc12,0.09502000468117851,0.573170731707317
rxn:2:121718:142273,CCn1nc(CNC(C)c2ccc(-c3cnc(N(C)C)s3)s2)cc1CC1CC1,0.09501096180507115,0.647887323943662
rxn:2:104861:148983,CC(NCc1cn[nH]c1CC1CC1)c1ccc(-c2ccc3o[nH]c(=O)c3c2)s1,0.095003856079919,0.7323943661971831
rxn:2:127844:149983,CCN1CCc2ccc(CNC(C)c3ccc(-c4c[nH]c5ncc(OC)cc45)s3)cc21,0.0950002247287381,0.6710526315789473
rxn:2:144549:157753,CCc1c[nH]c2ncnc(-c3ccc(C(C)Nc4nc(=O)c5c6c(sc5[nH]4)CSCC6)s3)c12,0.0949907772468798,0.5822784810126582
rxn:2:132839:158710,Cc1c[nH]c2nccc(-c3ccc(C(C)NCc4csc(Cc5ccc(C(C)C)cc5)n4)s3)c12,0.09498928399646983,0.746268656716418
rxn:2:126678:173019,CSc1nnc(CCNC(C)c2ccc(-c3cn(C(C)=O)c4ccccc34)s2)o1,0.09498617977931581,0.6533333333333333
rxn:2:89696:157804,COc1ccc2ncnc(-c3ccc(C(C)Nc4c(C5CCC5)cc[nH]c4=O)s3)c2c1,0.09498467368464317,0.6233766233766234
rxn:2:121656:149983,COc1cnc2[nH]cc(-c3ccc(C(C)NCC[C@@H]4C[C@H]4C4CC4)s3)c2c1,0.09497854886231599,0.6666666666666666
rxn:2:83658:156548,Cc1nc(-c2cc(NC(C)c3ccc(-c4cccc5nsnc45)s3)[nH]n2)cn1C,0.09497795844900198,0.6764705882352942
rxn:2:81567:167920,Cc1[nH]nc2ccc(-c3ccc(C(C)NCCc4cn5c(C)csc5n4)s3)cc12,0.09497716509062669,0.6986301369863014
rxn:2:73177:149983,COc1cnc2[nH]cc(-c3ccc(C(C)NCCc4cc5ncccc5o4)s3)c2c1,0.09497586488723755,0.6533333333333333
rxn:2:90510:145452,CC(NCc1ncc(C(C)(C)C)o1)c1ccc(-c2ccc3cc[nH]c(=O)c3c2)s1,0.09497510975804822,0.704225352112676
rxn:2:82097:145209,Cc1cc(-c2ccc(C(C)NCc3c[nH]nc3C(C)(C)C)s2)cc2cnn(C)c12,0.09497216652179587,0.7611940298507462
rxn:2:160338:161792,CC(Nc1nc(=O)c2cc(C3CC3)sc2[nH]1)c1ccc(-c2cc3c(=O)nc[nH]c3s2)cn1,0.09496884047985077,0.5714285714285714
rxn:2:123420:149743,COc1sc2c(c1CNC(C)c1ccc(-c3ccc4c(c3)oc(=O)n4C)s1)CCCN2C,0.09496791660785675,0.5853658536585366
rxn:2:108548:156548,Cc1cn2cc(CCNC(C)c3ccc(-c4cccc5nsnc45)s3)nc2s1,0.09496645842279706,0.85
rxn:2:119929:158710,Cc1c[nH]c2nccc(-c3ccc(C(C)NCc4cc5c(s4)CCCCC5)s3)c12,0.09496248179468615,0.7878787878787878
rxn:2:83428:171510,CCC(Nc1n[nH]c(=O)[nH]c1=O)c1ccc(-c2ccc3ncsc3c2)s1,0.09496176472077003,0.7796610169491526
rxn:2:131848:145452,CCc1ccnc(CNC(C)c2ccc(-c3ccc4cc[nH]c(=O)c4c3)s2)c1,0.09496139415672847,0.7272727272727273
rxn:2:138190:167920,Cc1nc(CNC(C)c2ccc(-c3ccc4n[nH]c(C)c4c3)s2)cc2ccccc12,0.09496062596638997,0.6923076923076923
rxn:2:113896:158710,Cc1c[nH]c2nccc(-c3ccc(C(C)Nc4cc(C(C)C)cc5[nH]ccc45)s3)c12,0.09495499531428019,0.6461538461538462
rxn:2:138643:133432,COc1csc(-c2csc(C(C)NC3CC(c4nc(-c5cc[nH]c5)c[nH]4)C3)c2)c1,0.09495371374590643,0.5185185185185185
rxn:2:91917:169604,CC(NCCc1nc(C2CC2)nn1C)c1ccc(-c2ccc3ncsc3c2)s1,0.09495360936437335,0.6571428571428571
rxn:2:88737:157753,CCc1c[nH]c2ncnc(-c3ccc(C(C)Nc4ncn(C5CC6CCC5C6)n4)s3)c12,0.09495292940447407,0.6493506493506493
rxn:2:90118:145452,CCN(C)c1cc(C)c(CNC(C)c2ccc(-c3ccc4cc[nH]c(=O)c4c3)s2)cn1,0.09495222183965868,0.6805555555555556
rxn:2:136201:173019,CCOc1cccc2[nH]cc(CCNC(C)c3ccc(-c4cn(C(C)=O)c5ccccc45)s3)c12,0.09494865466566647,0.8611111111111112
rxn:2:121147:166234,CC(NCc1cc2c(s1)CCCS2)c1cnc(-c2ccc3ncsc3c2)s1,0.09494472433019567,0.6268656716417911
rxn:2:109375:158710,Cc1c[nH]c2nccc(-c3ccc(C(C)Nc4c(N=O)[nH]c(=O)[nH]c4=O)s3)c12,0.0949426463672093,0.6617647058823529
rxn:2:134820:145209,Cc1cc(-c2ccc(C(C)Nc3ncn(CC(C)C4CC4)n3)s2)cc2cnn(C)c12,0.09493176539738973,0.6081081081081081
rxn:2:93632:164604,Cc1cnn(-c2cc(-c3ccc(C(C)NCc4nc5c(s4)CSCC5)s3)ncn2)c1,0.09492895603179932,0.6103896103896104
rxn:2:139193:157403,COc1cncnc1-c1ccc(C(C)Nc2ncc3c(n2)CCC(C(C)(C)C)C3)s1,0.09492518504460652,0.6119402985074627
rxn:2:81024:145452,Cc1csc2c1CCC2CNC(C)c1ccc(-c2ccc3cc[nH]c(=O)c3c2)s1,0.09492281387592184,0.64
rxn:2:84924:157753,CCc1c[nH]c2ncnc(-c3ccc(C(C)NCc4nn[nH]c4COC)s3)c12,0.09491902164050511,0.6428571428571429
rxn:2:84573:150247,CC(C)c1ccnc(CCNC(C)c2ccc(-c3ccc4n[nH]c(=O)n4c3)s2)n1,0.09491511871074808,0.6486486486486487
rxn:2:80018:156679,CCc1cc(CNC(C)c2ccc(-c3cccc4[nH]ncc34)s2)nc(C2CC2)n1,0.09491408693379369,0.6811594202898551
rxn:2:88847:156548,CC(NCc1nnc(-c2ccc[nH]2)o1)c1ccc(-c2cccc3nsnc23)s1,0.09490738596235003,0.5945945945945946
rxn:2:82083:164117,Cc1nc(CNC(C)c2ccc(-c3cc4c(cn3)ncn4C)s2)cc(CC2CC2)n1,0.09490379293759664,0.7164179104477612
rxn:2:66515:170874,Cc1cc(-c2ccc(C(C)NCc3cn4cccc(C)c4n3)s2)cc2cccnc12,0.0949022650718689,0.6956521739130435
rxn:2:112263:147854,Cc1nn(C)c2ccc(-c3ccc(C(C)NCc4cc5c(s4)CCOC5)s3)cc12,0.0948938172439049,0.7222222222222222
rxn:2:120188:158710,Cc1c[nH]c2nccc(-c3ccc(C(C)NCc4nc5cccnc5s4)s3)c12,0.09489122671740395,0.6818181818181818
rxn:2:109694:158710,CSc1nnc(NC(C)c2ccc(-c3ccnc4[nH]cc(C)c34)s2)c(SC)n1,0.09488971957138606,0.7301587301587301
rxn:2:126566:161792,CCCc1ncc(CNC(C)c2ccc(-c3cc4c(=O)nc[nH]c4s3)cn2)s1,0.0948861369064876,0.7246376811594203
rxn:2:104378:157753,CCOc1nonc1NC(C)c1ccc(-c2ncnc3[nH]cc(CC)c23)s1,0.0948855302951954,0.676923076923077
rxn:2:93685:169604,CCC(C)c1nc(CNC(C)c2ccc(-c3ccc4ncsc4c3)s2)co1,0.09487576837892886,0.6666666666666666
rxn:2:96673:158710,Cc1c[nH]c2nccc(-c3ccc(C(C)NCC(C)Cn4ccnc4)s3)c12,0.09487495378211692,0.6666666666666666
rxn:2:123429:157753,CCc1c[nH]c2ncnc(-c3ccc(C(C)NCc4cc5[nH]cc(C)c5cc4C)s3)c12,0.09487408976401052,0.7272727272727273
rxn:2:117291:150247,CC(NCc1cc(-c2ccco2)n(C)n1)c1ccc(-c2ccc3n[nH]c(=O)n3c2)s1,0.09487377206484476,0.6455696202531646
rxn:2:138947:149983,COc1cnc2[nH]cc(-c3ccc(C(C)NCc4cn5c(n4)CCCC5C)s3)c2c1,0.0948720673720042,0.76
rxn:2:127747:156548,CC(NCCc1n[nH]c2ccsc12)c1ccc(-c2cccc3nsnc23)s1,0.09486818975872463,0.6176470588235294
rxn:2:141895:157753,CCc1c[nH]c2ncnc(-c3ccc(C(C)NCC4CC4c4cc(C)cs4)s3)c12,0.09486138820648193,0.6986301369863014
rxn:2:106875:148983,COc1c(CCNC(C)c2ccc(-c3ccc4o[nH]c(=O)c4c3)s2)cnn1C(C)C,0.09485917886098226,0.6666666666666666
rxn:2:130234:147854,Cc1nn(C)c2ccc(-c3ccc(C(C)NCc4ccnc(OCC5CC5)n4)s3)cc12,0.09485831568318029,0.6493506493506493
rxn:2:93093:159258,CC(NCc1cc2c(s1)CCSC2)c1ncc(-c2ccc3ncsc3c2)s1,0.0948563814163208,0.6911764705882353
rxn:2:121898:157188,COc1c(-c2ccc(C(C)NCCc3n[nH]c4c(C)cccc34)s2)ccnc1C,0.09485546473799081,0.5641025641025641
rxn:2:70155:145452,Cc1nn2cc(CNC(C)c3ccc(-c4ccc5cc[nH]c(=O)c5c4)s3)nc2s1,0.09485437130105906,0.7647058823529411
rxn:2:68496:151299,Cc1c(-c2ccc(C(C)NCc3cc(-c4ccsc4)n[nH]3)s2)ccc2nccn12,0.09485418632112701,0.6111111111111112
rxn:2:85085:142264,CCC(NCc1nc(C)c(C(C)F)s1)c1ccc(-c2ccc3c(cnn3C)c2)s1,0.09483979077174745,0.6285714285714286
rxn:2:76887:164117,CCSc1ccc(-c2cc(CNC(C)c3ccc(-c4cc5c(cn4)ncn5C)s3)n[nH]2)cc1,0.0948377919919563,0.6410256410256411
rxn:2:74699:142264,CCC(Nc1ncc(SC)c(OC)n1)c1ccc(-c2ccc3c(cnn3C)c2)s1,0.09483106382961931,0.6164383561643836
rxn:2:127175:145452,CC(NCc1c[nH]c2ncccc12)c1ccc(-c2ccc3cc[nH]c(=O)c3c2)s1,0.09482814114669273,0.7611940298507462
rxn:2:67716:159258,CCc1cc(CNC(C)c2ncc(-c3ccc4ncsc4c3)s2)nn1C(C)C,0.09482513581003461,0.7741935483870968
rxn:2:127741:170828,CCCc1cc(CNC(C)c2ccc(-c3ccc4sccc4c3)s2)nn1CC,0.09482007367270333,0.7076923076923077
rxn:2:121898:157753,CCc1c[nH]c2ncnc(-c3ccc(C(C)NCCc4n[nH]c5c(C)cccc45)s3)c12,0.09481429669164843,0.7142857142857143
rxn:2:92918:173019,CC(=O)n1cc(-c2ccc(C(C)NCCc3nc(-c4ccc[nH]4)c(C)[nH]3)s2)c2ccccc21,0.0948124293125037,0.5925925925925926
rxn:2:97543:85686,CC(NCCc1nnn[nH]1)c1csc(-c2cccs2)c1,0.09479897618293762,0.6851851851851852
rxn:2:152489:173019,CC(=O)n1cc(-c2ccc(C(C)NCCc3cn4c(-c5cn[nH]c5)csc4n3)s2)c2ccccc21,0.0947983741760254,0.6707317073170732
rxn:2:77194:149983,COc1cnc2[nH]cc(-c3ccc(C(C)NCCc4nnc5c(C)cccn45)s3)c2c1,0.09479387729398665,0.6753246753246753
rxn:2:110154:145209,Cc1cc(-c2ccc(C(C)NCCC3CC3c3ccco3)s2)cc2cnn(C)c12,0.0947879223987974,0.75
rxn:2:68976:151299,Cc1ccc2[nH]c(CNC(C)c3ccc(-c4ccc5nccn5c4C)s3)nc2c1,0.09478717836840399,0.746268656716418
rxn:2:166391:157753,CCc1c[nH]c2ncnc(-c3ccc(C(C)Nc4nc(N5CCCC5)nc5ncccc45)s3)c12,0.09478323512217578,0.6533333333333333
rxn:2:109614:165909,CSc1ncc(-c2ccc(C(C)NCc3c[nH]nc3CC(C)C)s2)c2nncn12,0.09478228667686725,0.7222222222222222
rxn:2:136201:168965,CCOc1cccc2[nH]cc(CCNC(C)c3ccc(-c4cccc(-c5cnco5)c4)s3)c12,0.09477557558001894,0.7297297297297297
rxn:2:114213:141988,Cc1cc(-c2ccc(C(C)Nc3c[nH][nH]c3=O)s2)cs1,0.09477174580097199,0.6851851851851852
rxn:2:163282:149983,COc1cnc2[nH]cc(-c3ccc(C(C)NCc4cnn(-c5cc(C6CCCC6)ccn5)c4)s3)c2c1,0.09476836522420247,0.6265060240963856
rxn:2:76423:157804,CCC(C)c1cc(CNC(C)c2ccc(-c3ncnc4ccc(OC)cc34)s2)nc(C2CC2)n1,0.09476828750442057,0.6708860759493671
rxn:2:72234:157753,CCc1c[nH]c2ncnc(-c3ccc(C(C)Nc4n[nH]c5nccnc45)s3)c12,0.09476220182010106,0.676923076923077
rxn:2:120324:170874,CCc1sc(CNC(C)c2ccc(-c3cc(C)c4ncccc4c3)s2)nc1C,0.09476204855101449,0.6615384615384615
rxn:2:122304:149983,COc1cnc2[nH]cc(-c3ccc(C(C)NCCC4CC4c4ncc(C)s4)s3)c2c1,0.09476095835367838,0.6103896103896104
rxn:2:75971:157753,CCc1c[nH]c2ncnc(-c3ccc(C(C)NCCC4CC4CC)s3)c12,0.09475656656118539,0.7352941176470589
rxn:2:113898:145452,CC(CCNC(C)c1ccc(-c2ccc3cc[nH]c(=O)c3c2)s1)c1cccs1,0.09475486406258174,0.7049180327868853
rxn:2:156650:145452,CCc1nn(-c2cc(C3CC3)ccn2)cc1CNC(C)c1ccc(-c2ccc3cc[nH]c(=O)c3c2)s1,0.09475446078512403,0.6590909090909091
rxn:2:116161:158710,Cc1c[nH]c2nccc(-c3ccc(C(C)Nc4nc5c([nH]4)CCSC5)s3)c12,0.09475284814834595,0.6615384615384615
rxn:2:90783:158710,Cc1c[nH]c2nccc(-c3ccc(C(C)NCc4[nH]nc5c4CCSCC5)s3)c12,0.09475096546370408,0.7571428571428571
rxn:2:138177:165909,CCC(C)c1cc(CNC(C)c2ccc(-c3cnc(SC)n4cnnc34)s2)no1,0.09474542428707254,0.7222222222222222
rxn:2:88483:157753,CCc1c[nH]c2ncnc(-c3ccc(C(C)NCc4cc5c(cnn5CC)s4)s3)c12,0.09474258820215861,0.6619718309859155
rxn:2:109584:170892,Cc1cc(C)c2c(CCNC(C)c3ccc(-c4cc5sccc5s4)s3)c[nH]c2c1,0.09473438098512847,0.6231884057971014
rxn:2:75710:158710,Cc1c[nH]c2nccc(-c3ccc(C(C)NCCc4ccc5cc[nH]c5c4)s3)c12,0.0947335382987713,0.7878787878787878
rxn:2:141806:156548,CC(NCc1nnc(-c2cccs2)o1)c1ccc(-c2cccc3nsnc23)s1,0.09472734587533134,0.7121212121212122
rxn:2:144949:151299,Cc1c(-c2ccc(C(C)Nc3nc(=O)c4c5c(sc4[nH]3)CCC5)s2)ccc2nccn12,0.09472655480907809,0.5121951219512195
rxn:2:103556:84225,CCc1ccc(-c2ccc(C(C)NCc3cnc4[nH]ccc4c3)s2)s1,0.09472397804260253,0.6896551724137931
rxn:2:92896:148983,CC(NCc1ccc2cc[nH]c(=O)c2c1)c1ccc(-c2ccc3o[nH]c(=O)c3c2)s1,0.09472343126932779,0.8392857142857143
rxn:2:79303:145209,Cc1cc(-c2ccc(C(C)NCC(C)Sc3nccn3C)s2)cc2cnn(C)c12,0.09472233262555353,0.6911764705882353
rxn:2:74181:148983,Cc1cc(C)n2nc(CNC(C)c3ccc(-c4ccc5o[nH]c(=O)c5c4)s3)nc2n1,0.09471752643585205,0.6714285714285714
rxn:2:140806:157753,CCc1c[nH]c2ncnc(-c3ccc(C(C)Nc4cc(Cn5cncn5)n(C)n4)s3)c12,0.09471738723016554,0.855072463768116
rxn:2:165873:145452,CC(Nc1nc2[nH]c3c(c2c(=O)[nH]1)CCCC3)c1ccc(-c2ccc3cc[nH]c(=O)c3c2)s1,0.09470182476621686,0.6052631578947368
rxn:2:90792:157652,CC(NCc1cc(C2CC2)n(C2CC2)n1)c1ccc(-c2ncnc3ccn(C)c23)s1,0.09470174709955852,0.704225352112676
rxn:2:74308:133432,CCc1nn2cc(CCNC(C)c3cc(-c4cc(OC)cs4)cs3)nc2s1,0.0947002371152242,0.5394736842105263
rxn:2:86440:158710,CCSC(C)CCNC(C)c1ccc(-c2ccnc3[nH]cc(C)c23)s1,0.09469822406768799,0.6984126984126984
rxn:2:134185:145452,CC(NCCc1ccc2cncnn12)c1ccc(-c2ccc3cc[nH]c(=O)c3c2)s1,0.09469614426294963,0.6666666666666666
rxn:2:84312:156401,CCC(NCc1cc2n(n1)CCC(C)C2)c1ccc(-c2ccc3c(c2)oc(=O)n3C)s1,0.09467885186595301,0.5411764705882353
rxn:2:114027:165126,CC(NCc1cc2[nH]ccc2s1)c1ccc(-c2ccnc3[nH]ncc23)s1,0.09467547902694115,0.703125
rxn:2:132112:147854,CCCc1ncc(CNC(C)c2ccc(-c3ccc4c(c3)c(C)nn4C)s2)o1,0.09467464259692601,0.7575757575757576
rxn:2:115463:164912,CC(C)C(NCc1cc(C2CCCS2)[nH]n1)c1ccc(-c2cc3c(=O)nc[nH]c3s2)cc1,0.09467114135622978,0.6103896103896104
rxn:2:101348:148983,COc1c(C)ncnc1N1CC2C(CNC(C)c3ccc(-c4ccc5o[nH]c(=O)c5c4)s3)C2C1,0.09466244192684398,0.7066666666666667
rxn:2:106909:145452,CCc1ccnc(C(CC)CNC(C)c2ccc(-c3ccc4cc[nH]c(=O)c4c3)s2)n1,0.09466130887308428,0.6216216216216216
rxn:2:109584:170874,Cc1cc(C)c2c(CCNC(C)c3ccc(-c4cc(C)c5ncccc5c4)s3)c[nH]c2c1,0.0946522168815136,0.7605633802816901
rxn:2:84312:168965,CC1CCn2nc(CNC(C)c3ccc(-c4cccc(-c5cnco5)c4)s3)cc2C1,0.09464089870452881,0.6578947368421053
rxn:2:111705:158710,Cc1c[nH]c2nccc(-c3ccc(C(C)NCc4ccc5nc(C)n(C)c5c4)s3)c12,0.09463822444279989,0.6764705882352942
rxn:2:127199:147854,Cc1nn(C)c2ccc(-c3ccc(C(C)NCc4cc(=O)[nH]c(C5CC5)n4)s3)cc12,0.09463529984156291,0.7361111111111112
rxn:2:106224:145452,CC(NCCc1c[nH]c2cccnc12)c1ccc(-c2ccc3cc[nH]c(=O)c3c2)s1,0.09463241497675577,0.7323943661971831
rxn:2:102426:145452,Cc1cc(CNC(C)c2ccc(-c3ccc4cc[nH]c(=O)c4c3)s2)nc(CCC(C)C)n1,0.09462093561887741,0.7575757575757576
rxn:2:129331:171510,CCC(NCCc1csc(C)n1)c1ccc(-c2ccc3ncsc3c2)s1,0.09461799263954163,0.7258064516129032
rxn:2:167729:157753,CCc1c[nH]c2ncnc(-c3ccc(C(C)Nc4ncc(-c5nnc(-c6ncc[nH]6)o5)s4)s3)c12,0.0946129139731912,0.6216216216216216
rxn:2:76354:145209,Cc1nc(CCNC(C)c2ccc(-c3cc(C)c4c(cnn4C)c3)s2)n(C)c1C,0.09460327131994839,0.7424242424242424
rxn:2:128429:159258,CC(NCc1ccc2c(c1)N(C)CCC2)c1ncc(-c2ccc3ncsc3c2)s1,0.09459627702318389,0.671875
rxn:2:132220:173019,CSc1ncc(CNC(C)c2ccc(-c3cn(C(C)=O)c4ccccc34)s2)cc1C,0.09459315538406372,0.6842105263157895
rxn:2:77010:157753,CCc1c[nH]c2ncnc(-c3ccc(C(C)NCCc4nc5c(c(=O)[nH]4)CSC5)s3)c12,0.09459068890540831,0.6527777777777778
rxn:2:105944:147854,Cc1csc(Cc2n[nH]c(CCNC(C)c3ccc(-c4ccc5c(c4)c(C)nn5C)s3)n2)n1,0.09458118677139282,0.675
rxn:2:83658:169604,Cc1nc(-c2cc(NC(C)c3ccc(-c4ccc5ncsc5c4)s3)[nH]n2)cn1C,0.09457998851249957,0.6164383561643836
rxn:2:128640:145452,CC(NCc1ccc2c(c1)CCCC2)c1ccc(-c2ccc3cc[nH]c(=O)c3c2)s1,0.09457990328470865,0.8214285714285714
rxn:2:92660:145452,CSCc1ncc(CCNC(C)c2ccc(-c3ccc4cc[nH]c(=O)c4c3)s2)cn1,0.09457990328470865,0.676056338028169
rxn:2:126915:145452,CC(C)c1nc(CNC(C)c2ccc(-c3ccc4cc[nH]c(=O)c4c3)s2)no1,0.09457948591027941,0.7352941176470589
rxn:2:138177:170892,CCC(C)c1cc(CNC(C)c2ccc(-c3cc4sccc4s3)s2)no1,0.09457903641920823,0.5652173913043478
rxn:2:119347:158710,Cc1c[nH]c2nccc(-c3ccc(C(C)Nc4cnc5ncoc5c4)s3)c12,0.09457745375456633,0.676923076923077
rxn:2:68712:159258,CCSC1CC1CNC(C)c1ncc(-c2ccc3ncsc3c2)s1,0.09457339346408844,0.5942028985507246
rxn:2:90109:150247,Cc1ccc2oc(CNC(C)c3ccc(-c4ccc5n[nH]c(=O)n5c4)s3)cc2c1,0.09456621367355873,0.6486486486486487
rxn:2:74364:145209,Cc1cc(-c2ccc(C(C)NCC3CC3c3nccn3C)s2)cc2cnn(C)c12,0.09456393636506179,0.7571428571428571
rxn:2:86651:158710,COC1(CNC(C)c2ccc(-c3ccnc4[nH]cc(C)c34)s2)CCCOC1,0.09455181492699517,0.6428571428571429
rxn:2:80018:157753,CCc1cc(CNC(C)c2ccc(-c3ncnc4[nH]cc(CC)c34)s2)nc(C2CC2)n1,0.0945331588868172,0.828125
rxn:2:72307:167705,CCOC(C)c1nc(CNC(C)c2csc(-c3ccc4c(cnn4CC)c3)c2)cs1,0.09453192750612895,0.6388888888888888
rxn:2:73754:171510,CCC(Nc1cc(-c2nccs2)n[nH]1)c1ccc(-c2ccc3ncsc3c2)s1,0.09453082084655762,0.6617647058823529
rxn:2:76682:168965,Cc1cnc(CNC(C)c2ccc(-c3cccc(-c4cnco4)c3)s2)nc1C,0.09452903057847704,0.647887323943662
rxn:2:69680:145209,COc1noc(CCNC(C)c2ccc(-c3cc(C)c4c(cnn4C)c3)s2)n1,0.09452609504972186,0.7681159420289855
rxn:2:80206:148983,CC(NCCC1CCCCC1(F)F)c1ccc(-c2ccc3o[nH]c(=O)c3c2)s1,0.09450876712799072,0.6666666666666666
rxn:2:156650:149983,CCc1nn(-c2cc(C3CC3)ccn2)cc1CNC(C)c1ccc(-c2c[nH]c3ncc(OC)cc23)s1,0.09449941913286845,0.6987951807228916
rxn:2:113313:119601,CC(CCc1cc2c3c(c1)CCCN3CCC2)NC1CCN(c2ncnc3sccc23)C1,0.09449619054794312,0.5921052631578947
rxn:2:113801:164117,CCn1cncc1C1CC1CNC(C)c1ccc(-c2cc3c(cn2)ncn3C)s1,0.09449440035326727,0.5526315789473685
rxn:2:92434:135854,Cc1csc2sc(C(C)NC(CC(C)C)c3nnn[nH]3)c(C)c12,0.09449339949566385,0.47058823529411764
rxn:2:92918:157804,COc1ccc2ncnc(-c3ccc(C(C)NCCc4nc(-c5ccc[nH]5)c(C)[nH]4)s3)c2c1,0.09448994289744984,0.6962025316455697
rxn:2:110603:145209,Cc1cc(-c2ccc(C(C)NCc3cnn4c3CCC4)s2)cc2cnn(C)c12,0.0944872008902686,0.7285714285714285
rxn:2:141695:78077,CCC(NC(CCSC)c1nnn[nH]1)c1ccc(-c2cscc2C)s1,0.09448647737503052,0.5
rxn:2:128543:164117,CCn1nc(CNC(C)c2ccc(-c3cc4c(cn3)ncn4C)s2)cc1CC(C)C,0.09448560873667398,0.8387096774193549
rxn:2:115520:158710,Cc1c[nH]c2nccc(-c3ccc(C(C)NCCc4ncc(C5C6CC7CC(C6)CC5C7)[nH]4)s3)c12,0.09448088237217495,0.6351351351351351
rxn:2:138190:157188,COc1c(-c2ccc(C(C)NCc3cc4ccccc4c(C)n3)s2)ccnc1C,0.09447803990594272,0.676923076923077
rxn:2:124785:151299,Cc1c(-c2ccc(C(C)NCc3nc(C(C)C)c[nH]3)s2)ccc2nccn12,0.0944722846702293,0.7741935483870968
rxn:2:106887:145209,Cc1cc(-c2ccc(C(C)NCc3nnc(Cc4ccc(C(C)C)cc4)o3)s2)cc2cnn(C)c12,0.09447145632335117,0.7727272727272727
rxn:2:93632:156548,CC(NCc1nc2c(s1)CSCC2)c1ccc(-c2cccc3nsnc23)s1,0.09446424687350238,0.8153846153846154
rxn:2:99055:157753,CCc1c[nH]c2ncnc(-c3ccc(C(C)NCCc4cc(-c5cccnc5)on4)s3)c12,0.09444402530789375,0.6216216216216216
rxn:2:68085:147854,Cc1cnc(CC(C)CNC(C)c2ccc(-c3ccc4c(c3)c(C)nn4C)s2)[nH]1,0.09444107680485167,0.647887323943662
rxn:2:91306:158710,Cc1cc(C)nc(-n2cc(CNC(C)c3ccc(-c4ccnc5[nH]cc(C)c45)s3)cn2)c1,0.09443856403231621,0.6973684210526315
rxn:2:72307:157188,CCOC(C)c1nc(CNC(C)c2ccc(-c3ccnc(C)c3OC)s2)cs1,0.09442360060555595,0.696969696969697
rxn:2:67143:151299,Cc1c(-c2ccc(C(C)NCc3cc4[nH]ncc4cn3)s2)ccc2nccn12,0.09441942615168435,0.7384615384615385
rxn:2:115945:158710,Cc1c[nH]c2nccc(-c3ccc(C(C)Nc4nc(=O)c5nc[nH]c5n4C)s3)c12,0.09441711984831712,0.6428571428571429
rxn:2:134859:157753,CCc1c[nH]c2ncnc(-c3ccc(C(C)Nc4ccn(C(C)CC)n4)s3)c12,0.09441388079098292,0.640625
rxn:2:133107:142264,CCC(NCc1ccc2oc(=O)n(C)c2c1)c1ccc(-c2ccc3c(cnn3C)c2)s1,0.09441195572576215,0.64
rxn:2:99789:147854,Cc1nn(C)c2ccc(-c3ccc(C(C)NCc4c[nH]nc4CC4CCC4)s3)cc12,0.094411567846934,0.6710526315789473
rxn:2:101965:149983,COc1cnc2[nH]cc(-c3ccc(C(C)NCc4cnc5c(c4C)CCCC5)s3)c2c1,0.09440777378697549,0.8028169014084507
rxn:2:84527:149983,COc1cnc2[nH]cc(-c3ccc(C(C)NCc4cnc(CC(C)C)s4)s3)c2c1,0.09440776808508511,0.6901408450704225
rxn:2:139349:151299,CCc1ccc(CNC(C)c2ccc(-c3ccc4nccn4c3C)s2)nc1,0.09439765965497052,0.6875
rxn:2:109867:145209,CCc1cccc(CCNC(C)c2ccc(-c3cc(C)c4c(cnn4C)c3)s2)n1,0.09439022787686052,0.8333333333333334
rxn:2:134313:168965,CC(NCc1cc2c(s1)CSCC2)c1ccc(-c2cccc(-c3cnco3)c2)s1,0.094389362581845,0.6805555555555556
rxn:2:83913:157753,CCc1c[nH]c2ncnc(-c3ccc(C(C)Nc4cnc(Oc5ncn(C)n5)s4)s3)c12,0.09438593733695246,0.5972222222222222
rxn:2:138606:158710,Cc1c[nH]c2nccc(-c3ccc(C(C)NCC(C(C)C)n4cnnn4)s3)c12,0.09438046387263707,0.6268656716417911
rxn:2:132156:170874,Cc1cc(-c2ccc(C(C)NCc3cn(C4CC4)c(=O)[nH]c3=O)s2)cc2cccnc12,0.09437933275776525,0.6153846153846154
rxn:2:96429:145452,CC(NCc1nc(-c2ccco2)n[nH]1)c1ccc(-c2ccc3cc[nH]c(=O)c3c2)s1,0.09437732696533203,0.7464788732394366
rxn:2:121898:167920,Cc1[nH]nc2ccc(-c3ccc(C(C)NCCc4n[nH]c5c(C)cccc45)s3)cc12,0.09437346855799357,0.5633802816901409
rxn:2:68712:149983,CCSC1CC1CNC(C)c1ccc(-c2c[nH]c3ncc(OC)cc23)s1,0.09436984245593731,0.5921052631578947
rxn:2:117291:161792,CC(NCc1cc(-c2ccco2)n(C)n1)c1ccc(-c2cc3c(=O)nc[nH]c3s2)cn1,0.09436966526892877,0.6233766233766234
rxn:2:129904:158710,Cc1c[nH]c2nccc(-c3ccc(C(C)NCc4cc(CC5CCC5)n(C(C)C)n4)s3)c12,0.09436585940420628,0.7857142857142857
rxn:2:85421:145209,Cc1ccc(C)c2sc(CCNC(C)c3ccc(-c4cc(C)c5c(cnn5C)c4)s3)nc12,0.09436221607029438,0.676923076923077
rxn:2:91606:145452,Cc1ccc2cnc(CNC(C)c3ccc(-c4ccc5cc[nH]c(=O)c5c4)s3)nn12,0.09435386260350545,0.6571428571428571
rxn:2:154694:169604,CC(NCc1c[nH]c(Cc2ccc(C(C)(C)C)cc2)n1)c1ccc(-c2ccc3ncsc3c2)s1,0.09435341813985039,0.8260869565217391
rxn:2:100303:164912,Cc1ccc(CNC(c2ccc(-c3cc4c(=O)nc[nH]c4s3)cc2)C(C)C)nc1C,0.09435076316197713,0.6575342465753424
rxn:2:105957:167920,COc1cncc2[nH]cc(CCNC(C)c3ccc(-c4ccc5n[nH]c(C)c5c4)s3)c12,0.09434371609841624,0.7297297297297297
rxn:2:113335:169604,CC(NCCc1cnc(C2CC2)s1)c1ccc(-c2ccc3ncsc3c2)s1,0.0943414502673679,0.7868852459016393
rxn:2:116161:157753,CCc1c[nH]c2ncnc(-c3ccc(C(C)Nc4nc5c([nH]4)CCSC5)s3)c12,0.09433599880763463,0.6388888888888888
rxn:2:68319:145209,Cc1cc(-c2ccc(C(C)NCc3cn[nH]c3CC3CCCC3)s2)cc2cnn(C)c12,0.09433264501633183,0.7794117647058824
rxn:2:120639:173019,CC(=O)n1cc(-c2ccc(C(C)NCc3ccc(C4CC4)nc3)s2)c2ccccc21,0.09433076977729797,0.6933333333333334
rxn:2:108286:171510,CCC(NCc1cc(N(C)CC)ccn1)c1ccc(-c2ccc3ncsc3c2)s1,0.09433000252164643,0.7230769230769231
rxn:2:70967:164117,Cc1cnc2[nH]cc(CNC(C)c3ccc(-c4cc5c(cn4)ncn5C)s3)c2n1,0.09432536569134943,0.6666666666666666
rxn:2:78808:169604,CCCSc1n[nH]c(NC(C)c2ccc(-c3ccc4ncsc4c3)s2)n1,0.09432479509940514,0.6119402985074627
rxn:2:118359:151299,Cc1c(-c2ccc(C(C)NCCc3nnc(-c4cccs4)o3)s2)ccc2nccn12,0.09432239333788554,0.569620253164557
rxn:2:105950:147854,Cc1cc(C)nc(OC(C)CNC(C)c2ccc(-c3ccc4c(c3)c(C)nn4C)s2)n1,0.09431919359391736,0.6615384615384615
rxn:2:90533:157403,COc1cc(C)ccc1-c1cc(CNC(C)c2ccc(-c3ncncc3OC)s2)n[nH]1,0.09431192374998523,0.6857142857142857
rxn:2:165873:169604,CC(Nc1nc2[nH]c3c(c2c(=O)[nH]1)CCCC3)c1ccc(-c2ccc3ncsc3c2)s1,0.09431106044400123,0.6376811594202898
rxn:2:91971:145452,CC(NCc1cc(=O)[nH]c(-c2cscn2)n1)c1ccc(-c2ccc3cc[nH]c(=O)c3c2)s1,0.09430472366511822,0.684931506849315
rxn:2:79001:145452,CC(NCc1cnc(CC2CC2)nc1)c1ccc(-c2ccc3cc[nH]c(=O)c3c2)s1,0.0943032701810201,0.7183098591549296
rxn:2:90783:151299,Cc1c(-c2ccc(C(C)NCc3[nH]nc4c3CCSCC4)s2)ccc2nccn12,0.0943030858861989,0.7142857142857143
rxn:2:112858:169604,CC(NCc1cc(C2CC2)cs1)c1ccc(-c2ccc3ncsc3c2)s1,0.09429891751362728,0.7666666666666667
rxn:2:117637:156548,CCc1ncc(CCNC(C)c2ccc(-c3cccc4nsnc34)s2)s1,0.09429331009204571,0.7580645161290323
rxn:2:94060:157753,CCc1c[nH]c2ncnc(-c3ccc(C(C)Nc4onc5c4CN(C)CC5)s3)c12,0.09428566899792902,0.5897435897435898
rxn:2:98101:166234,Cc1cncc(-c2cc(NC(C)c3cnc(-c4ccc5ncsc5c4)s3)[nH]n2)c1,0.09428319232217197,0.75
rxn:2:144227:173019,CC(=O)n1cc(-c2ccc(C(C)NCCc3nc(C)c(Cc4cc(C)ccc4C)[nH]3)s2)c2ccccc21,0.0942808131913881,0.6341463414634146
rxn:2:137383:142273,Cc1cc(C)c2oc(CNC(C)c3ccc(-c4cnc(N(C)C)s4)s3)cc2c1,0.09427386948040553,0.6507936507936508
rxn:2:130401:127220,CSCCC(NC(C)c1csc(-c2ccc(C)s2)c1)c1ncno1,0.09427282462517421,0.5362318840579711
rxn:2:135419:157804,COc1ccc2ncnc(-c3ccc(C(C)NCc4noc(-c5ccc[nH]5)n4)s3)c2c1,0.09427240010230772,0.618421052631579
rxn:2:90089:158710,CCc1cscc1NC(C)c1ccc(-c2ccnc3[nH]cc(C)c23)s1,0.09427145957946777,0.6935483870967742
rxn:2:97761:147106,CC(NCc1cn2c(C3CC3)cccc2n1)c1ccc(-c2ccc3c(c2)ncn3C)s1,0.09426704914339128,0.6538461538461539
rxn:2:136710:165062,CCc1nc(CNC(C)n2cc(-c3ccc(C(C)=O)c(OC)c3)cn2)ccc1OC1CC1,0.09426669776439667,0.449438202247191
rxn:2:112263:161666,CC(NCc1cc2c(s1)CCOC2)c1ccc(-c2cnc3ncnn3c2)s1,0.09426435717829952,0.5657894736842105
rxn:2:126005:145209,Cc1cc(-c2ccc(C(C)NCCC3CN(C)C3)s2)cc2cnn(C)c12,0.09424188503852257,0.7777777777777778
rxn:2:90533:165126,COc1cc(C)ccc1-c1cc(CNC(C)c2ccc(-c3ccnc4[nH]ncc34)s2)n[nH]1,0.09423180669546127,0.7536231884057971
rxn:2:80303:147854,Cc1nn(C)c2ccc(-c3ccc(C(C)NCc4nn(C(C)C)c5c4CCC5)s3)cc12,0.09423096333780596,0.6527777777777778
rxn:2:108548:157188,COc1c(-c2ccc(C(C)NCCc3cn4cc(C)sc4n3)s2)ccnc1C,0.0942247211933136,0.7846153846153846
rxn:2:134808:158710,CCC1CCCC(C)(CNC(C)c2ccc(-c3ccnc4[nH]cc(C)c34)s2)C1,0.09421899914741516,0.6666666666666666
rxn:2:73462:149983,COc1cnc2[nH]cc(-c3ccc(C(C)NCCc4cn5ccsc5n4)s3)c2c1,0.09421207987028977,0.7
rxn:2:137297:142273,CC(NCCc1c[nH]c2ccsc12)c1ccc(-c2cnc(N(C)C)s2)s1,0.09421056509017944,0.6875
rxn:2:106574:147854,COc1cc(C)ccc1CCNC(C)c1ccc(-c2ccc3c(c2)c(C)nn3C)s1,0.0942068099975586,0.7727272727272727
rxn:2:124934:148983,Cc1ccnc2nc(CNC(C)c3ccc(-c4ccc5o[nH]c(=O)c5c4)s3)[nH]c12,0.09419876953651166,0.6901408450704225
rxn:2:110272:157188,COc1c(-c2ccc(C(C)NCc3noc(-c4cccn4C)n3)s2)ccnc1C,0.09419186772971318,0.5822784810126582
rxn:2:76423:142264,CCC(C)c1cc(CNC(CC)c2ccc(-c3ccc4c(cnn4C)c3)s2)nc(C2CC2)n1,0.09416863051327792,0.6756756756756757
rxn:2:87679:151299,Cc1c(-c2ccc(C(C)NCc3nc(C4CCCCC4)no3)s2)ccc2nccn12,0.09416134754816691,0.704225352112676
rxn:2:137340:157753,CCc1c[nH]c2ncnc(-c3ccc(C(C)Nc4ncc(-c5cnccn5)s4)s3)c12,0.09415979782740275,0.6428571428571429
rxn:2:108529:133432,COc1csc(-c2csc(C(C)Nc3nc4cnncc4[nH]3)c2)c1,0.0941358208656311,0.6491228070175439
rxn:2:131011:168965,Cc1cc(C)c2nc(CNC(C)c3ccc(-c4cccc(-c5cnco5)c4)s3)[nH]c2n1,0.09413238686899986,0.7794117647058824
rxn:2:110853:151299,Cc1nn2c(CCNC(C)c3ccc(-c4ccc5nccn5c4C)s3)cnc2s1,0.09413155605053079,0.6521739130434783
rxn:2:84446:169604,CCCc1n[nH]c2sc(CNC(C)c3ccc(-c4ccc5ncsc5c4)s3)cc12,0.09412707131484459,0.6764705882352942
rxn:2:99379:147854,Cc1nn(C)c2ccc(-c3ccc(C(C)NCc4csc(-c5ccccn5)n4)s3)cc12,0.09412262324363954,0.6933333333333334
rxn:2:85085:170874,Cc1nc(CNC(C)c2ccc(-c3cc(C)c4ncccc4c3)s2)sc1C(C)F,0.09412008318407782,0.6567164179104478
rxn:2:104249:157804,COc1ccc2ncnc(-c3ccc(C(C)NCc4cc(C5CCC5)no4)s3)c2c1,0.094117271900177,0.6363636363636364
rxn:2:121147:150247,CC(NCc1cc2c(s1)CCCS2)c1ccc(-c2ccc3n[nH]c(=O)n3c2)s1,0.09411446537290301,0.631578947368421
rxn:2:111568:119677,Cc1ccc2c(c1)SCCC2Nc1nc(S(C)(=O)=O)n[nH]1,0.09411194210960752,0.6363636363636364
rxn:2:124807:161792,Cc1ccc2nc(CNC(C)c3ccc(-c4cc5c(=O)nc[nH]c5s4)cn3)cn2c1,0.0940890908241272,0.7941176470588235
rxn:2:131345:167920,Cc1cc(CNC(C)c2ccc(-c3ccc4n[nH]c(C)c4c3)s2)nc(C2CC2)n1,0.09408511375558787,0.6857142857142857
rxn:2:123016:157804,COc1ccc2ncnc(-c3ccc(C(C)NCCc4c[nH]nc4C(C)C)s3)c2c1,0.09408475955327351,0.7681159420289855
rxn:2:124759:157753,CCc1c[nH]c2ncnc(-c3ccc(C(C)NCc4cc(C)cc(C5CC5)n4)s3)c12,0.09408397674560547,0.7142857142857143
rxn:2:81768:167920,CCc1nc(CNC(C)c2ccc(-c3ccc4n[nH]c(C)c4c3)s2)ccc1OC,0.09407142112995016,0.6811594202898551
rxn:2:72956:149983,CCCOc1cc(CNC(C)c2ccc(-c3c[nH]c4ncc(OC)cc34)s2)nn1C,0.09406818350156149,0.7222222222222222
rxn:2:152027:157188,COc1c(-c2ccc(C(C)NCc3csc(-c4ncc5ccccn45)n3)s2)ccnc1C,0.0940665639936924,0.6216216216216216
rxn:2:141858:156548,CC(C)c1nc(CNC(C)c2ccc(-c3cccc4nsnc34)s2)co1,0.09406104913124672,0.7301587301587301
rxn:2:123839:158710,Cc1c[nH]c2nccc(-c3ccc(C(C)NCCc4nc5c(s4)CSCC5)s3)c12,0.09405687554129238,0.8484848484848485
rxn:2:83913:158710,Cc1c[nH]c2nccc(-c3ccc(C(C)Nc4cnc(Oc5ncn(C)n5)s4)s3)c12,0.09405045708020528,0.5753424657534246
rxn:2:120150:148983,COc1cc(CNC(C)c2ccc(-c3ccc4o[nH]c(=O)c4c3)s2)cc(N(C)C)n1,0.09404728809992473,0.6388888888888888
rxn:2:106574:161792,COc1cc(C)ccc1CCNC(C)c1ccc(-c2cc3c(=O)nc[nH]c3s2)cn1,0.09404234091440837,0.7285714285714285
rxn:2:127301:157515,CCn1ncc2cc(-c3ncc(C(C)NCc4cc(C(C)C)n(C5CC5)n4)s3)ccc21,0.09403982470112462,0.6857142857142857
rxn:2:123961:164912,Cc1cccc2[nH]cc(CCNC(c3ccc(-c4cc5c(=O)nc[nH]c5s4)cc3)C(C)C)c12,0.09403886939540054,0.684931506849315
rxn:2:87228:168965,CC(NCc1cc(C2CC2)n(C)n1)c1ccc(-c2cccc(-c3cnco3)c2)s1,0.09403640648414349,0.8208955223880597
rxn:2:109235:155096,CCc1nc(C)c(-c2ccc(C(C)NCc3cc(C(CC)CC)nc(C)n3)s2)s1,0.09403298641073293,0.6363636363636364
rxn:2:121339:145209,Cc1cc(-c2ccc(C(C)NCc3nc(-c4cccn4CC(C)C)no3)s2)cc2cnn(C)c12,0.09403085883925943,0.8732394366197183
rxn:2:115125:164117,CC(NCc1cc2[nH]ccc2cn1)c1ccc(-c2cc3c(cn2)ncn3C)s1,0.09401296079158783,0.6764705882352942
rxn:2:144316:158710,Cc1c[nH]c2nccc(-c3ccc(C(C)NCCc4nc5c(cnc6ccccc65)[nH]4)s3)c12,0.09400832291805383,0.6986301369863014
rxn:2:134580:173019,CCC(C)Oc1ccc(CNC(C)c2ccc(-c3cn(C(C)=O)c4ccccc34)s2)nn1,0.09400279447436333,0.631578947368421
rxn:2:106227:168965,Cc1ccn2nc(CNC(C)c3ccc(-c4cccc(-c5cnco5)c4)s3)cc2c1,0.09399862885475159,0.6351351351351351
rxn:2:104926:161792,CC(C)c1cc(CNC(C)c2ccc(-c3cc4c(=O)nc[nH]c4s3)cn2)cc(C2CC2)c1,0.09399061277508736,0.631578947368421
rxn:2:93935:149983,COc1cnc2[nH]cc(-c3ccc(C(C)NCc4c[nH]c5c(C)cccc45)s3)c2c1,0.09398821194966635,0.8484848484848485
rxn:2:138171:157753,CCc1c[nH]c2ncnc(-c3ccc(C(C)Nc4c(OC5CCC5)nc[nH]c4=O)s3)c12,0.09398697268578314,0.7571428571428571
rxn:2:101450:158710,Cc1c[nH]c2nccc(-c3ccc(C(C)Nc4cnsn4)s3)c12,0.0939820331075917,0.7076923076923077
rxn:2:101445:157753,CCc1c[nH]c2ncnc(-c3ccc(C(C)Nc4cc(C5CC5)on4)s3)c12,0.09398163247991491,0.6619718309859155
rxn:2:69844:164117,CC(NCc1cnn2c1CC1(CC1)C2)c1ccc(-c2cc3c(cn2)ncn3C)s1,0.0939805528213238,0.56
rxn:2:109164:151299,Cc1c(-c2ccc(C(C)NCc3csc(-c4ccn(C)n4)n3)s2)ccc2nccn12,0.09398024479548137,0.6527777777777778
rxn:2:80055:158710,Cc1c[nH]c2nccc(-c3ccc(C(C)Nc4ncc5c(n4)CS(=O)(=O)C5)s3)c12,0.09397981084626296,0.676923076923077
rxn:2:123567:157753,CCc1ccn2nc(NC(C)c3ccc(-c4ncnc5[nH]cc(CC)c45)s3)nc2c1,0.09397520621617635,0.6527777777777778
rxn:2:82809:148983,Cc1cc(C2CC2)[nH]c(=O)c1CNC(C)c1ccc(-c2ccc3o[nH]c(=O)c3c2)s1,0.09397122065226236,0.7246376811594203
rxn:2:70891:168965,CC(NCc1csc2c1CCCN2C)c1ccc(-c2cccc(-c3cnco3)c2)s1,0.09396676421165466,0.6052631578947368
rxn:2:112504:148983,Cc1[nH]c(=O)c(CNC(C)c2ccc(-c3ccc4o[nH]c(=O)c4c3)s2)c2occc12,0.09396505355834961,0.7058823529411765
rxn:2:87322:157753,CCc1c[nH]c2ncnc(-c3ccc(C(C)NCc4cc(Cc5ccsc5)ncn4)s3)c12,0.09396110475063324,0.6521739130434783
rxn:2:85319:145452,CC(C)CC1(CNC(C)c2ccc(-c3ccc4cc[nH]c(=O)c4c3)s2)N=N1,0.09395855002933079,0.6721311475409836
rxn:2:126637:145452,CC(C)c1cc(CNC(C)c2ccc(-c3ccc4cc[nH]c(=O)c4c3)s2)c2n1CCC2,0.09395352871187272,0.6666666666666666
rxn:2:135604:146533,COc1nc(CNC(C)c2ccc(-c3ccc4cnoc4c3)s2)ccc1C1CC1,0.0939534409292813,0.6986301369863014
rxn:2:135017:158710,Cc1c[nH]c2nccc(-c3ccc(C(C)NCc4cnc(-n5cccn5)s4)s3)c12,0.09395030860243173,0.684931506849315
rxn:2:121477:149983,COc1cnc2[nH]cc(-c3ccc(C(C)NCc4cc5ccccc5[nH]c4=O)s3)c2c1,0.09393734316672048,0.7123287671232876
rxn:2:131515:157753,CCc1c[nH]c2ncnc(-c3ccc(C(C)NCc4cc(-c5ccoc5)nc(C5CC5)n4)s3)c12,0.09393197648665484,0.7317073170731707
rxn:2:80206:145209,Cc1cc(-c2ccc(C(C)NCCC3CCCCC3(F)F)s2)cc2cnn(C)c12,0.09392958262871051,0.7101449275362319
rxn:2:79493:158710,Cc1c[nH]c2nccc(-c3ccc(C(C)NCCc4cc(-c5cccnc5)nn4C)s3)c12,0.09392587095499039,0.64
rxn:2:101490:146533,CC(NCc1cn2c3c(sc2n1)CCC3)c1ccc(-c2ccc3cnoc3c2)s1,0.09392411544405181,0.6891891891891891
rxn:2:137297:149983,COc1cnc2[nH]cc(-c3ccc(C(C)NCCc4c[nH]c5ccsc45)s3)c2c1,0.09392180113956847,0.7428571428571429
rxn:2:100303:169604,Cc1ccc(CNC(C)c2ccc(-c3ccc4ncsc4c3)s2)nc1C,0.09392098738596989,0.7857142857142857
rxn:2:132220:158710,CSc1ncc(CNC(C)c2ccc(-c3ccnc4[nH]cc(C)c34)s2)cc1C,0.09392015423093523,0.7833333333333333
rxn:2:85085:157753,CCc1c[nH]c2ncnc(-c3ccc(C(C)NCc4nc(C)c(C(C)F)s4)s3)c12,0.09391461980753932,0.6567164179104478
rxn:2:76649:151299,Cc1c(-c2ccc(C(C)NCc3cc(C(C)C)on3)s2)ccc2nccn12,0.09391047777952971,0.6716417910447762
rxn:2:68300:145209,Cc1cc(-c2ccc(C(C)NCc3nnn(C4CCCC4)n3)s2)cc2cnn(C)c12,0.09390889406204224,0.6944444444444444
rxn:2:99816:158710,Cc1ccnc(CCNC(C)c2ccc(-c3ccnc4[nH]cc(C)c34)s2)c1C1CC1,0.09390870730082194,0.7313432835820896
rxn:2:114678:145209,Cc1cc(-c2ccc(C(C)NCc3ccc(C(C)(C)C)cn3)s2)cc2cnn(C)c12,0.09390867153803507,0.78125
rxn:2:139209:90451,COc1ccc2sc(C(C)Nc3n[nH]c(=O)[nH]3)cc2c1,0.0939085066318512,0.8367346938775511
rxn:2:96587:142264,CCC(NCc1nc(-c2cccn2CC)no1)c1ccc(-c2ccc3c(cnn3C)c2)s1,0.09390247985720634,0.6883116883116883
rxn:2:79679:151299,Cc1c(-c2ccc(C(C)Nc3cc(-c4ncccn4)no3)s2)ccc2nccn12,0.09390022631349235,0.5970149253731343
rxn:2:105608:156548,CC(NCc1coc(C2CCCCC2)n1)c1ccc(-c2cccc3nsnc23)s1,0.09389808260161302,0.6956521739130435
rxn:2:161853:147854,COc1cc(C(C)C)ccc1-c1c[nH]c(CNC(C)c2ccc(-c3ccc4c(c3)c(C)nn4C)s2)n1,0.09389232264624701,0.631578947368421
rxn:2:124934:157753,CCc1c[nH]c2ncnc(-c3ccc(C(C)NCc4nc5nccc(C)c5[nH]4)s3)c12,0.0938915491104126,0.684931506849315
rxn:2:72781:158710,Cc1c[nH]c2nccc(-c3ccc(C(C)NCc4cn(C)nc4-c4nccs4)s3)c12,0.09389047423998514,0.6142857142857143
rxn:2:134313:173019,CC(=O)n1cc(-c2ccc(C(C)NCc3cc4c(s3)CSCC4)s2)c2ccccc21,0.09388519128163655,0.6891891891891891
rxn:2:141710:156548,CC(NCc1nc2c(s1)CCCC2)c1ccc(-c2cccc3nsnc23)s1,0.09388273292117649,0.765625
rxn:2:70647:170874,Cc1cc(-c2ccc(C(C)NCc3nc(C(C)(C)C)no3)s2)cc2cccnc12,0.09388057938937483,0.6285714285714286
rxn:2:80432:158710,Cc1c[nH]c2nccc(-c3ccc(C(C)NCCN4CCn5nc(C6CC6)cc5C4)s3)c12,0.09387047961354256,0.6329113924050633
rxn:2:105388:158710,Cc1c[nH]c2nccc(-c3ccc(C(C)Nc4cc(C)n(CC(C)C5CCC5)n4)s3)c12,0.09386559647898521,0.684931506849315
rxn:2:131345:157188,COc1c(-c2ccc(C(C)NCc3cc(C)nc(C4CC4)n3)s2)ccnc1C,0.09386503483567919,0.8412698412698413
rxn:2:79112:158710,Cc1nc[nH]c1C1CC1CNC(C)c1ccc(-c2ccnc3[nH]cc(C)c23)s1,0.09386489221027919,0.7575757575757576
rxn:2:120414:158710,Cc1c[nH]c2nccc(-c3ccc(C(C)Nc4ccncc4C4CCC4)s3)c12,0.0938627805028643,0.696969696969697
rxn:2:133625:156548,CC(NCCc1nn(C)c2ccsc12)c1ccc(-c2cccc3nsnc23)s1,0.09386082206453596,0.6911764705882353
rxn:2:134313:165909,CSc1ncc(-c2ccc(C(C)NCc3cc4c(s3)CSCC4)s2)c2nncn12,0.09385382718053357,0.7297297297297297
rxn:2:78663:158710,Cc1ccn(Cn2cc(NC(C)c3ccc(-c4ccnc5[nH]cc(C)c45)s3)cn2)n1,0.09385335842768351,0.6712328767123288
rxn:2:106574:165909,COc1cc(C)ccc1CCNC(C)c1ccc(-c2cnc(SC)n3cnnc23)s1,0.09385057886441549,0.7397260273972602
rxn:2:80309:145209,Cc1cc(-c2ccc(C(C)NCc3cncn3C[C@@H]3CCO3)s2)cc2cnn(C)c12,0.09384773174921672,0.6301369863013698
rxn:2:80952:157188,COc1c(-c2ccc(C(C)NCc3cc(C)nc(N(C)C)n3)s2)ccnc1C,0.09384744295052119,0.6764705882352942
rxn:2:113674:167920,Cc1[nH]nc2ccc(-c3ccc(C(C)NCc4cc(C5CC5)nc(C5CC5)n4)s3)cc12,0.09384510978575676,0.6764705882352942
rxn:2:142256:158710,Cc1nn(C)c2c(C(C)C)cc(CNC(C)c3ccc(-c4ccnc5[nH]cc(C)c45)s3)nc12,0.09384208736997662,0.647887323943662
rxn:2:127301:157753,CCc1c[nH]c2ncnc(-c3ccc(C(C)NCc4cc(C(C)C)n(C5CC5)n4)s3)c12,0.09383981843148509,0.6533333333333333
rxn:2:126822:164117,CCn1cc(-c2nc(CNC(C)c3ccc(-c4cc5c(cn4)ncn5C)s3)cs2)c(C)n1,0.0938362218439579,0.6388888888888888
rxn:2:96850:157753,CCc1c[nH]c2ncnc(-c3ccc(C(C)NCc4c(C)cc(C)[nH]c4=O)s3)c12,0.09383184539860692,0.7692307692307693
rxn:2:89002:147854,CCCn1nc(CNC(C)c2ccc(-c3ccc4c(c3)c(C)nn4C)s2)cc1C1CC1,0.0938310161713631,0.7142857142857143
rxn:2:80769:157753,CCc1c[nH]c2ncnc(-c3ccc(C(C)Nc4coc(C5CC5)n4)s3)c12,0.09382875539638379,0.6301369863013698
rxn:2:93632:142264,CCC(NCc1nc2c(s1)CSCC2)c1ccc(-c2ccc3c(cnn3C)c2)s1,0.09382203118554477,0.6266666666666667
rxn:2:112963:168965,Cc1cccc2[nH]c(CNC(C)c3ccc(-c4cccc(-c5cnco5)c4)s3)nc12,0.09381672143936157,0.8461538461538461
rxn:2:105797:147854,CCCn1cnc(CNC(C)c2ccc(-c3ccc4c(c3)c(C)nn4C)s2)c1,0.09381049658570971,0.6818181818181818
rxn:2:110243:156548,COc1ccccc1-n1ncc(CNC(C)c2ccc(-c3cccc4nsnc34)s2)n1,0.09380905089839812,0.625
rxn:2:100752:161792,CC(NCc1nc(C(C)(C)C)c[nH]1)c1ccc(-c2cc3c(=O)nc[nH]c3s2)cn1,0.09380488149051008,0.704225352112676
rxn:2:67716:173019,CCc1cc(CNC(C)c2ccc(-c3cn(C(C)=O)c4ccccc34)s2)nn1C(C)C,0.09380227904165944,0.7536231884057971
rxn:2:66817:145452,CC(NCCc1cnn(C2CC2)c1)c1ccc(-c2ccc3cc[nH]c(=O)c3c2)s1,0.09379653272957637,0.6578947368421053
rxn:2:93268:173019,CC(=O)n1cc(-c2ccc(C(C)NCc3n[nH]c(CC(C)C)n3)s2)c2ccccc21,0.09378602703412374,0.6756756756756757
rxn:2:123839:145452,CC(NCCc1nc2c(s1)CSCC2)c1ccc(-c2ccc3cc[nH]c(=O)c3c2)s1,0.09377309083938598,0.6712328767123288
rxn:2:118855:149983,CCOc1cc(CNC(C)c2ccc(-c3c[nH]c4ncc(OC)cc34)s2)nn1C,0.0937710322182754,0.7428571428571429
rxn:2:81768:150247,CCc1nc(CNC(C)c2ccc(-c3ccc4n[nH]c(=O)n4c3)s2)ccc1OC,0.09376675096051447,0.8142857142857143
rxn:2:127747:149983,COc1cnc2[nH]cc(-c3ccc(C(C)NCCc4n[nH]c5ccsc45)s3)c2c1,0.09376615080340155,0.7297297297297297
rxn:2:101731:158710,CCCc1nc(-c2ccc(NC(C)c3ccc(-c4ccnc5[nH]cc(C)c45)s3)s2)n(C)n1,0.09376373514533043,0.6901408450704225
rxn:2:104587:158710,Cc1c[nH]c2nccc(-c3ccc(C(C)Nc4cn5c(n4)OCCC5)s3)c12,0.09376208208225391,0.625
rxn:2:87285:157652,CC(NCc1nc2c(s1)COCC2)c1ccc(-c2ncnc3ccn(C)c23)s1,0.09375790400164467,0.7536231884057971
rxn:2:68149:145452,CC(NCCc1ccc2c(c1)N(C(C)C)CCO2)c1ccc(-c2ccc3cc[nH]c(=O)c3c2)s1,0.09375012096236734,0.6233766233766234
rxn:2:122968:156548,CC(NCc1nc2n(n1)CC(F)CC2)c1ccc(-c2cccc3nsnc23)s1,0.093747649874006,0.5945945945945946
rxn:2:128429:165909,CSc1ncc(-c2ccc(C(C)NCc3ccc4c(c3)N(C)CCC4)s2)c2nncn12,0.09373904428174419,0.625
rxn:2:100972:157188,COc1c(-c2ccc(C(C)NCCc3c[nH]c4c(C)cccc34)s2)ccnc1C,0.09373261188638621,0.7313432835820896
rxn:2:74345:145452,CC(NCCc1nc(C2CCCCC2)no1)c1ccc(-c2ccc3cc[nH]c(=O)c3c2)s1,0.09372786618769169,0.68
rxn:2:92814:157753,CCCOc1nc(NC(C)c2ccc(-c3ncnc4[nH]cc(CC)c34)s2)nc2nc[nH]c12,0.0937194898724556,0.7066666666666667
rxn:2:119073:157753,CCc1c[nH]c2ncnc(-c3ccc(C(C)Nc4cnccc4OC4CCCC4)s3)c12,0.09371653872151528,0.7361111111111112
rxn:2:144873:145209,Cc1ccc(Cc2nc(CCNC(C)c3ccc(-c4cc(C)c5c(cnn5C)c4)s3)cn2C)c(C)c1,0.09371421568923527,0.6944444444444444
rxn:2:89790:158710,CCc1c(CNC(C)c2ccc(-c3ccnc4[nH]cc(C)c34)s2)cnc2c1CCCC2,0.09370695775555025,0.6901408450704225
rxn:2:78742:158710,Cc1c[nH]c2nccc(-c3ccc(C(C)Nc4nnc(SCc5cnoc5)s4)s3)c12,0.09370678265889486,0.6111111111111112
rxn:2:123209:158710,Cc1cc2nnn(C(C)CNC(C)c3ccc(-c4ccnc5[nH]cc(C)c45)s3)c2cc1C,0.0937019381672144,0.5857142857142857
rxn:2:77168:167920,CCC(CC)c1nn2cc(CNC(C)c3ccc(-c4ccc5n[nH]c(C)c5c4)s3)nc2s1,0.09369700960814953,0.704225352112676
rxn:2:142799:158710,CCc1noc(-c2cccn3c(CNC(C)c4ccc(-c5ccnc6[nH]cc(C)c56)s4)nnc23)n1,0.09369629451206753,0.5930232558139535
rxn:2:80018:152183,CCc1cc(CNC(C)c2ccc(-c3ccc4c(c3)OCO4)s2)nc(C2CC2)n1,0.09369619550376103,0.6818181818181818
rxn:2:72307:170874,CCOC(C)c1nc(CNC(C)c2ccc(-c3cc(C)c4ncccc4c3)s2)cs1,0.09368873834609985,0.676056338028169
rxn:2:114847:145209,Cc1ccsc1-c1[nH]ncc1CNC(C)c1ccc(-c2cc(C)c3c(cnn3C)c2)s1,0.09368858798857659,0.7971014492753623
rxn:2:93096:169604,Cc1[nH]c(=O)c(CNC(C)c2ccc(-c3ccc4ncsc4c3)s2)c2c1CCCC2,0.09368736147880555,0.6901408450704225
rxn:2:107670:149983,COc1cnc2[nH]cc(-c3ccc(C(C)NCc4nc5c(s4)C(F)(F)CCC5)s3)c2c1,0.09368401189004222,0.6883116883116883
rxn:2:110918:149983,COc1cnc2[nH]cc(-c3ccc(C(C)NCc4ccc(C5CC5)cc4)s3)c2c1,0.0936775043092925,0.7352941176470589
rxn:2:139192:156548,CC(NCCc1c[nH]c2ncccc12)c1ccc(-c2cccc3nsnc23)s1,0.09367748669215611,0.6567164179104478
rxn:2:152275:145452,Cc1nn(Cc2ccccc2C2CC2)cc1CNC(C)c1ccc(-c2ccc3cc[nH]c(=O)c3c2)s1,0.09367631210221185,0.6493506493506493
rxn:2:95971:161792,CC(NCc1cc2n(n1)CCSC2)c1ccc(-c2cc3c(=O)nc[nH]c3s2)cn1,0.09367250162979653,0.6533333333333333
rxn:2:131378:145452,CCc1nc(CNC(C)c2ccc(-c3ccc4cc[nH]c(=O)c4c3)s2)c[nH]1,0.09367209010654026,0.7868852459016393
rxn:2:117131:145209,COc1ccc(-c2csc(CNC(C)c3ccc(-c4cc(C)c5c(cnn5C)c4)s3)n2)cc1,0.09367070595423381,0.7428571428571429
rxn:2:105737:157753,CCc1c[nH]c2ncnc(-c3ccc(C(C)NC4CCCCCCC4(F)F)s3)c12,0.09365863635622222,0.6027397260273972
rxn:2:154040:145209,Cc1nc(C2CC(NC(C)c3ccc(-c4cc(C)c5c(cnn5C)c4)s3)C2)[nH]c1-c1ccccn1,0.09364950656890869,0.6125
rxn:2:70891:149928,CCC(NCc1csc2c1CCCN2C)c1ccc(-c2ccc3cn[nH]c3c2)s1,0.09364605772084203,0.524390243902439
rxn:2:91925:149983,COc1cnc2[nH]cc(-c3ccc(C(C)NCc4cc(C)c(SC)cn4)s3)c2c1,0.09364263148143373,0.7101449275362319
rxn:2:139058:145452,CC(NCCc1nc2ccccn2n1)c1ccc(-c2ccc3cc[nH]c(=O)c3c2)s1,0.0936410109202067,0.6756756756756757
rxn:2:77609:157652,CCc1cccc2oc(CNC(C)c3ccc(-c4ncnc5ccn(C)c45)s3)nc12,0.09364078442255656,0.5822784810126582
rxn:2:120704:158710,Cc1c[nH]c2nccc(-c3ccc(C(C)NCc4ccc5c(c4)ncn5C4CC4)s3)c12,0.09364008903503418,0.6533333333333333
rxn:2:130928:145452,CC(NCc1ncc(-c2cc[nH]c2)n1C)c1ccc(-c2ccc3cc[nH]c(=O)c3c2)s1,0.09363959681603216,0.7285714285714285
rxn:2:95255:169604,CCc1cc(CNC(C)c2ccc(-c3ccc4ncsc4c3)s2)[nH]n1,0.09362504482269288,0.8135593220338984
rxn:2:121445:78104,CCS(=O)(=O)c1n[nH]c(NC(CSC)c2ccc(C)cc2C)n1,0.09361901490584663,0.6
rxn:2:118133:145209,Cc1cc(-c2ccc(C(C)NCc3nn(C)c4c3C3CC3C4)s2)cc2cnn(C)c12,0.09361743132273356,0.6571428571428571
rxn:2:95779:147854,Cc1nc(CCNC(C)c2ccc(-c3ccc4c(c3)c(C)nn4C)s2)n[nH]1,0.09361439722555655,0.6865671641791045
rxn:2:109218:157652,Cc1cc(C)c2nc(CNC(C)c3ccc(-c4ncnc5ccn(C)c45)s3)[nH]c2c1,0.0936097502708435,0.6575342465753424
rxn:2:69695:145209,Cc1cc(-c2ccc(C(C)NC[C@@H]3C[C@H]3c3ccsc3)s2)cc2cnn(C)c12,0.09360914570944649,0.7794117647058824
rxn:2:105608:145452,CC(NCc1coc(C2CCCCC2)n1)c1ccc(-c2ccc3cc[nH]c(=O)c3c2)s1,0.0936085908643661,0.7464788732394366
rxn:2:88621:145452,CC(NCCc1noc(-c2ccccn2)n1)c1ccc(-c2ccc3cc[nH]c(=O)c3c2)s1,0.09360462054610252,0.6363636363636364
rxn:2:97624:165909,CSc1ncc(-c2ccc(C(C)NCc3cnc(Cc4ccccc4C)s3)s2)c2nncn12,0.09360355138778687,0.6835443037974683
rxn:2:80018:167920,CCc1cc(CNC(C)c2ccc(-c3ccc4n[nH]c(C)c4c3)s2)nc(C2CC2)n1,0.09360168774922689,0.6811594202898551
rxn:2:93632:156929,CC(NCc1nc2c(s1)CSCC2)c1cnc(-c2ccc(N3CCOCC3)nc2)s1,0.09360166390736897,0.5
rxn:2:88331:157753,CCc1c[nH]c2ncnc(-c3ccc(C(C)Nc4cc(=O)[nH]n4C4CCSCC4)s3)c12,0.09360079226955291,0.5897435897435898
rxn:2:141979:142273,Cc1c[nH]c2cc(CNC(C)c3ccc(-c4cnc(N(C)C)s4)s3)ccc12,0.09358441608923453,0.6461538461538462
rxn:2:91925:151299,CSc1cnc(CNC(C)c2ccc(-c3ccc4nccn4c3C)s2)cc1C,0.09357204181807381,0.7076923076923077
rxn:2:134313:152911,CC(NCc1cc2c(s1)CSCC2)c1ccc(-c2ccc3ncsc3c2)c2c1OCO2,0.09356976324512113,0.5365853658536586
rxn:2:119285:145209,Cc1cc(-c2ccc(C(C)Nc3cccc(-c4ncn(C)n4)c3)s2)cc2cnn(C)c12,0.09356411041751984,0.6197183098591549
rxn:2:152920:157403,COc1cncnc1-c1ccc(C(C)NC2CC(c3nc(-c4cccc(C)c4)c[nH]3)C2)s1,0.09356091544032097,0.8285714285714286
rxn:2:73053:157753,CCc1c[nH]c2ncnc(-c3ccc(C(C)NCc4ccc5cnn(C)c5c4)s3)c12,0.09355711539586385,0.6956521739130435
rxn:2:80707:158710,CCCn1nncc1CCNC(C)c1ccc(-c2ccnc3[nH]cc(C)c23)s1,0.09355249788079943,0.6857142857142857
rxn:2:123961:147106,Cc1cccc2[nH]cc(CCNC(C)c3ccc(-c4ccc5c(c4)ncn5C)s3)c12,0.09355197747548422,0.782608695652174
rxn:2:93685:164117,CCC(C)c1nc(CNC(C)c2ccc(-c3cc4c(cn3)ncn4C)s2)co1,0.09355089919907707,0.6901408450704225
rxn:2:100570:158710,Cc1c[nH]c2nccc(-c3ccc(C(C)NCc4nnc(CC5CCCC5)o4)s3)c12,0.09354807138442993,0.7142857142857143
rxn:2:137624:145452,CC(NCCc1cc(C2CCCC2)no1)c1ccc(-c2ccc3cc[nH]c(=O)c3c2)s1,0.09354327955553608,0.8529411764705882
rxn:2:123420:147854,COc1sc2c(c1CNC(C)c1ccc(-c3ccc4c(c3)c(C)nn4C)s1)CCCN2C,0.09354305639863014,0.5925925925925926
rxn:2:122532:165748,Cc1nc(CNC(C)c2ccc(-c3cnc(N4CCOCC4)s3)s2)sc1C(C)(F)F,0.09353538552920024,0.6111111111111112
rxn:2:88602:145452,CSCc1nnc(CNC(C)c2ccc(-c3ccc4cc[nH]c(=O)c4c3)s2)[nH]1,0.09352759378296989,0.6885245901639344
rxn:2:101994:158710,Cc1c[nH]c2nccc(-c3ccc(C(C)NCc4csc(C(C)(F)F)n4)s3)c12,0.09352702328136989,0.7230769230769231
rxn:2:129548:145452,CCc1n[nH]c2sc(CNC(C)c3ccc(-c4ccc5cc[nH]c(=O)c5c4)s3)c(C)c12,0.09352245253901328,0.6619718309859155
rxn:2:83604:156548,CC(NCC1N=N1)c1ccc(-c2cccc3nsnc23)s1,0.0935164491335551,0.7547169811320755
rxn:2:107651:101558,CSCCC(Nc1cnco1)c1ccc2c(c1)CCCS2,0.0935160687991551,0.8461538461538461
rxn:2:81768:157515,CCc1nc(CNC(C)c2cnc(-c3ccc4c(cnn4CC)c3)s2)ccc1OC,0.09350817004839579,0.8115942028985508
rxn:2:109614:151299,Cc1c(-c2ccc(C(C)NCc3c[nH]nc3CC(C)C)s2)ccc2nccn12,0.0934988898890359,0.6716417910447762
rxn:2:99915:158710,Cc1ccc2cc(CNC(C)c3ccc(-c4ccnc5[nH]cc(C)c45)s3)[nH]c2c1,0.09349725575282655,0.7142857142857143
rxn:2:103577:145452,Cc1cccc2c1ccn2CCNC(C)c1ccc(-c2ccc3cc[nH]c(=O)c3c2)s1,0.09348961037974204,0.6428571428571429
rxn:2:66177:157753,CCc1c[nH]c2ncnc(-c3ccc(C(C)Nc4cnc(C)nc4C4CC4)s3)c12,0.09348849387004457,0.6619718309859155
rxn:2:105761:151299,Cc1c(-c2ccc(C(C)NCc3csc(-c4cnn(CC(C)C)c4)n3)s2)ccc2nccn12,0.09348737109791148,0.6153846153846154
rxn:2:72755:158710,Cc1c[nH]c2nccc(-c3ccc(C(C)Nc4cc5n(n4)CCCC5(C)C)s3)c12,0.0934830904006958,0.7571428571428571
rxn:2:101994:169604,CC(NCc1csc(C(C)(F)F)n1)c1ccc(-c2ccc3ncsc3c2)s1,0.0934738627186528,0.6923076923076923
rxn:2:103265:157753,CCc1noc(C2CCC(CNC(C)c3ccc(-c4ncnc5[nH]cc(CC)c45)s3)CC2)n1,0.093468756386728,0.6883116883116883
rxn:2:124006:161792,COc1sc(C(C)(C)C)cc1CNC(C)c1ccc(-c2cc3c(=O)nc[nH]c3s2)cn1,0.09346846995815154,0.6575342465753424
rxn:2:126566:156548,CCCc1ncc(CNC(C)c2ccc(-c3cccc4nsnc34)s2)s1,0.09346536718882047,0.7213114754098361
rxn:2:141895:148983,Cc1csc(C2CC2CNC(C)c2ccc(-c3ccc4o[nH]c(=O)c4c3)s2)c1,0.09346141133989606,0.5866666666666667
rxn:2:76277:158710,Cc1c[nH]c2nccc(-c3ccc(C(C)Nc4cccc(Cn5ccnc5C)c4)s3)c12,0.09345139995698006,0.6447368421052632
rxn:2:92814:166336,CCCOc1nc(NC(C)c2ccc(-c3c(OC)cn[nH]c3=O)s2)nc2nc[nH]c12,0.09344641168912252,0.6986301369863014
rxn:2:121898:147854,Cc1nn(C)c2ccc(-c3ccc(C(C)NCCc4n[nH]c5c(C)cccc45)s3)cc12,0.09344145559495495,0.6857142857142857
rxn:2:112263:169604,CC(NCc1cc2c(s1)CCOC2)c1ccc(-c2ccc3ncsc3c2)s1,0.09344038698408338,0.7903225806451613
rxn:2:135604:157515,CCn1ncc2cc(-c3ncc(C(C)NCc4ccc(C5CC5)c(OC)n4)s3)ccc21,0.09343922522760206,0.7638888888888888
rxn:2:93632:171510,CCC(NCc1nc2c(s1)CSCC2)c1ccc(-c2ccc3ncsc3c2)s1,0.09343716927937099,0.8153846153846154
rxn:2:109235:169604,CCC(CC)c1cc(CNC(C)c2ccc(-c3ccc4ncsc4c3)s2)nc(C)n1,0.0934265931447347,0.6923076923076923
rxn:2:109513:157753,CCc1c[nH]c2ncnc(-c3ccc(C(C)Nc4c(C(C)C)cc[nH]c4=O)s3)c12,0.09341754995543382,0.7313432835820896
rxn:2:109614:173019,CC(=O)n1cc(-c2ccc(C(C)NCc3c[nH]nc3CC(C)C)s2)c2ccccc21,0.0934129277865092,0.6533333333333333
rxn:2:114385:157753,CCc1c[nH]c2ncnc(-c3ccc(C(C)NCc4cc5cnccc5s4)s3)c12,0.09341272608987217,0.6666666666666666
rxn:2:93880:149983,COc1cnc2[nH]cc(-c3ccc(C(C)NCc4cc(C)c5sccc5n4)s3)c2c1,0.09340872764587402,0.6901408450704225
rxn:2:127741:142273,CCCc1cc(CNC(C)c2ccc(-c3cnc(N(C)C)s3)s2)nn1CC,0.09340702162848578,0.6268656716417911
rxn:2:86108:164117,CC(NCc1cc(C2CC2)[nH]n1)c1ccc(-c2cc3c(cn2)ncn3C)s1,0.09340065938455087,0.7272727272727273
rxn:2:133107:158710,Cc1c[nH]c2nccc(-c3ccc(C(C)NCc4ccc5oc(=O)n(C)c5c4)s3)c12,0.0933978796005249,0.647887323943662
rxn:2:127141:169604,Cc1oncc1-c1nc(CCNC(C)c2ccc(-c3ccc4ncsc4c3)s2)no1,0.09339597225189208,0.6056338028169014
rxn:2:81768:150769,CCc1nc(CNC(C)c2cnc(-c3ccc(N(C)C)cc3)s2)ccc1OC,0.09337517193385533,0.5492957746478874
rxn:2:124608:145452,CC(NCC1OCC2(CC2)c2ccsc21)c1ccc(-c2ccc3cc[nH]c(=O)c3c2)s1,0.09336763043557444,0.6282051282051282
rxn:2:74698:167920,Cc1[nH]nc2ccc(-c3ccc(C(C)NCc4cc(C(C)C)nc(C5CC5)n4)s3)cc12,0.09336516357237293,0.6857142857142857
rxn:2:87222:165909,CSc1ncc(-c2ccc(C(C)NCCc3cc(C(C)C)on3)s2)c2nncn12,0.09336224506641257,0.6582278481012658
rxn:2:70155:151299,Cc1nn2cc(CNC(C)c3ccc(-c4ccc5nccn5c4C)s3)nc2s1,0.09336173960140773,0.6666666666666666
rxn:2:70967:150247,Cc1cnc2[nH]cc(CNC(C)c3ccc(-c4ccc5n[nH]c(=O)n5c4)s3)c2n1,0.093345255687319,0.6266666666666667
rxn:2:143954:151299,Cc1nc(C2CCC2)cc2nc(CCNC(C)c3ccc(-c4ccc5nccn5c4C)s3)cn12,0.09333932049134198,0.717948717948718
rxn:2:99789:164117,CC(NCc1c[nH]nc1CC1CCC1)c1ccc(-c2cc3c(cn2)ncn3C)s1,0.09333715767695985,0.68
rxn:2:128636:158710,CCc1cncc(CNC(C)c2ccc(-c3ccnc4[nH]cc(C)c34)s2)c1,0.09333459536234538,0.7540983606557377
rxn:2:112263:165909,CSc1ncc(-c2ccc(C(C)NCc3cc4c(s3)CCOC4)s2)c2nncn12,0.09333079231196437,0.6
rxn:2:105957:157652,COc1cncc2[nH]cc(CCNC(C)c3ccc(-c4ncnc5ccn(C)c45)s3)c12,0.09333029870064027,0.7428571428571429
rxn:2:76034:147854,CCn1nc(CNC(C)c2ccc(-c3ccc4c(c3)c(C)nn4C)s2)cc1C1CCCCC1,0.0933251055804166,0.7
rxn:2:126101:158710,Cc1c[nH]c2nccc(-c3ccc(C(C)NCc4nnc(-c5cscn5)o4)s3)c12,0.0933242419670368,0.6575342465753424
rxn:2:81943:157753,CCc1c[nH]c2ncnc(-c3ccc(C(C)Nc4nnc5cnccn45)s3)c12,0.09331776201725006,0.6428571428571429
rxn:2:106574:173019,COc1cc(C)ccc1CCNC(C)c1ccc(-c2cn(C(C)=O)c3ccccc23)s1,0.0933176778977917,0.6933333333333334
rxn:2:109367:148983,CCc1nn2c(CNC(C)c3ccc(-c4ccc5o[nH]c(=O)c5c4)s3)ccnc2c1C,0.09331550136689216,0.5974025974025974
rxn:2:126566:165909,CCCc1ncc(CNC(C)c2ccc(-c3cnc(SC)n4cnnc34)s2)s1,0.09331269136496953,0.6805555555555556
rxn:2:70891:142264,CCC(NCc1csc2c1CCCN2C)c1ccc(-c2ccc3c(cnn3C)c2)s1,0.09330474932988485,0.6052631578947368
rxn:2:138827:159258,CCc1n[nH]cc1CCNC(C)c1ncc(-c2ccc3ncsc3c2)s1,0.0933047212087191,0.7868852459016393
rxn:2:80018:157515,CCc1cc(CNC(C)c2cnc(-c3ccc4c(cnn4CC)c3)s2)nc(C2CC2)n1,0.09330458794870684,0.676056338028169
rxn:2:86646:161792,CC(C)c1cn[nH]c1CCNC(C)c1ccc(-c2cc3c(=O)nc[nH]c3s2)cn1,0.0933011400288549,0.6376811594202898
rxn:2:133625:151299,Cc1c(-c2ccc(C(C)NCCc3nn(C)c4ccsc34)s2)ccc2nccn12,0.09330005892391863,0.6438356164383562
rxn:2:73684:145209,CC[C@@H](NC(C)c1ccc(-c2cc(C)c3c(cnn3C)c2)s1)c1nc(C2CC2)n[nH]1,0.09329778949419658,0.6666666666666666
rxn:2:126566:149983,CCCc1ncc(CNC(C)c2ccc(-c3c[nH]c4ncc(OC)cc34)s2)s1,0.09328502629484449,0.6805555555555556
rxn:2:133084:145452,CCC(CCNC(C)c1ccc(-c2ccc3cc[nH]c(=O)c3c2)s1)n1ccnc1,0.09328084567497516,0.6323529411764706
rxn:2:127539:149983,COc1cnc2[nH]cc(-c3ccc(C(C)NCc4cc(C(C)(C)C)[nH]n4)s3)c2c1,0.09327683161044943,0.7272727272727273
rxn:2:127301:149880,CC(C)c1cc(CNC(C)c2ccc(-c3ccc4n[nH]c(=O)n4n3)s2)nn1C1CC1,0.09327526092529297,0.7536231884057971
rxn:2:123016:148983,CC(C)c1n[nH]cc1CCNC(C)c1ccc(-c2ccc3o[nH]c(=O)c3c2)s1,0.09327492117881775,0.6666666666666666
rxn:2:105436:158710,Cc1cc(NC(C)c2ccc(-c3ccnc4[nH]cc(C)c34)s2)nc(N2CCC(C)CC2)n1,0.09327321872115135,0.8461538461538461
rxn:2:122532:155263,Cc1nc(CNC(C)CCn2cc(-c3ccncc3)cc(C)c2=O)sc1C(C)(F)F,0.09326847791671752,0.45
rxn:2:70798:161792,CC(C)c1csc2ncc(CCNC(C)c3ccc(-c4cc5c(=O)nc[nH]c5s4)cn3)n12,0.09326823800802231,0.5844155844155844
rxn:2:95390:145209,Cc1n[nH]c(C(F)(F)CNC(C)c2ccc(-c3cc(C)c4c(cnn4C)c3)s2)n1,0.09326786213907702,0.7083333333333334
rxn:2:139659:149983,COc1cnc2[nH]cc(-c3ccc(C(C)NCCC4CC4c4c[nH]cn4)s3)c2c1,0.09326696806940539,0.6025641025641025
rxn:2:77454:157753,CCc1c[nH]c2ncnc(-c3ccc(C(C)Nc4cc(C5CCC5)nc5ccnn45)s3)c12,0.09326294809579849,0.6352941176470588
rxn:2:122406:158710,CCC(CNC(C)c1ccc(-c2ccnc3[nH]cc(C)c23)s1)Sc1nnc[nH]1,0.09326236162866865,0.6521739130434783
rxn:2:152489:161792,CC(NCCc1cn2c(-c3cn[nH]c3)csc2n1)c1ccc(-c2cc3c(=O)nc[nH]c3s2)cn1,0.0932505025583155,0.5909090909090909
rxn:2:154461:149983,COc1cnc2[nH]cc(-c3ccc(C(C)NCc4nc5c(s4)CCc4ccccc4-5)s3)c2c1,0.09324377594572125,0.6883116883116883
rxn:2:121147:165909,CSc1ncc(-c2ccc(C(C)NCc3cc4c(s3)CCCS4)s2)c2nncn12,0.09323757270286823,0.620253164556962
rxn:2:86780:165909,CSc1ncc(-c2ccc(C(C)NCC3CC3SC3CC3)s2)c2nncn12,0.0932373912246139,0.5974025974025974
rxn:2:133625:142273,CC(NCCc1nn(C)c2ccsc12)c1ccc(-c2cnc(N(C)C)s2)s1,0.09323603577084011,0.6056338028169014
rxn:2:103050:145209,Cc1cc(-c2ccc(C(C)NCc3nc4ccccc4s3)s2)cc2cnn(C)c12,0.0932344732613399,0.7384615384615385
rxn:2:113774:164117,Cc1nc(CCNC(C)c2ccc(-c3cc4c(cn3)ncn4C)s2)nc2c1CCC2,0.09323107401529948,0.6944444444444444
rxn:2:117641:173019,CCCn1nc(CNC(C)c2ccc(-c3cn(C(C)=O)c4ccccc34)s2)cc1C(C)C,0.0932297594845295,0.7428571428571429
rxn:2:133316:169604,CC(NCc1cccc(-c2cc[nH]n2)c1)c1ccc(-c2ccc3ncsc3c2)s1,0.09322378142126675,0.7058823529411765
rxn:2:88800:165909,CSc1ncc(-c2ccc(C(C)NCCc3n[nH]c4cccc(C)c34)s2)c2nncn12,0.09322225662969774,0.6385542168674698
rxn:2:109921:147854,COc1ccccc1-c1noc(CNC(C)c2ccc(-c3ccc4c(c3)c(C)nn4C)s2)n1,0.09322051387844664,0.6923076923076923
rxn:2:140366:169604,CC(NCCc1[nH]ncc1-c1cc[nH]c1)c1ccc(-c2ccc3ncsc3c2)s1,0.09321817036332755,0.618421052631579
rxn:2:102474:157753,CCc1c[nH]c2ncnc(-c3ccc(C(C)Nc4cc(-c5cc(C)n(C)n5)n[nH]4)s3)c12,0.09320590380699403,0.7361111111111112
rxn:2:114943:145209,Cc1cc(-c2ccc(C(C)NCCN3CC4CCCC(C4)C3)s2)cc2cnn(C)c12,0.09320107102394104,0.7014925373134329
rxn:2:103485:170874,COc1cccc2c(CNC(C)c3ccc(-c4cc(C)c5ncccc5c4)s3)c[nH]c12,0.0931955998943698,0.7066666666666667
rxn:2:95477:142264,CCc1cc(C)nc(CCNC(CC)c2ccc(-c3ccc4c(cnn4C)c3)s2)n1,0.09319503704706827,0.64
rxn:2:133934:158710,Cc1c[nH]c2nccc(-c3ccc(C(C)NCc4ccnc(OCC5CCC5)n4)s3)c12,0.09319363294109222,0.7142857142857143
rxn:2:123574:145452,COCc1nc(CNC(C)c2ccc(-c3ccc4cc[nH]c(=O)c4c3)s2)c[nH]1,0.09319359702723366,0.75
rxn:2:85085:157652,Cc1nc(CNC(C)c2ccc(-c3ncnc4ccn(C)c34)s2)sc1C(C)F,0.09319122774260384,0.6338028169014085
rxn:2:84446:171510,CCCc1n[nH]c2sc(CNC(CC)c3ccc(-c4ccc5ncsc5c4)s3)cc12,0.09318238695462545,0.6164383561643836
rxn:2:78761:169604,CSC[C@H]1C[C@@H](CNC(C)c2ccc(-c3ccc4ncsc4c3)s2)C1,0.09317897081375122,0.6451612903225806
rxn:2:84573:156548,CC(C)c1ccnc(CCNC(C)c2ccc(-c3cccc4nsnc34)s2)n1,0.09317749525819506,0.7142857142857143
rxn:2:78196:173019,CC(=O)n1cc(-c2ccc(C(C)NCc3nc(C)cc(C4CC4)n3)s2)c2ccccc21,0.09317019485658215,0.7746478873239436
rxn:2:132094:158710,Cc1c[nH]c2nccc(-c3ccc(C(C)NCCC(C)(C)c4ncc(C5CCCC5)[nH]4)s3)c12,0.09316689679116914,0.6973684210526315
rxn:2:138190:156548,Cc1nc(CNC(C)c2ccc(-c3cccc4nsnc34)s2)cc2ccccc12,0.0931619693493021,0.703125
rxn:2:148458:169604,CC1CCc2nn3c(CNC(C)c4ccc(-c5ccc6ncsc6c5)s4)nnc3cc2C1,0.09316007979214191,0.6410256410256411
rxn:2:106574:151299,COc1cc(C)ccc1CCNC(C)c1ccc(-c2ccc3nccn3c2C)s1,0.09315477979594264,0.7164179104477612
rxn:2:101348:145209,COc1c(C)ncnc1N1CC2C(CNC(C)c3ccc(-c4cc(C)c5c(cnn5C)c4)s3)C2C1,0.0931519729750497,0.6842105263157895
rxn:2:128504:145209,Cc1ccn(CC(C)CNC(C)c2ccc(-c3cc(C)c4c(cnn4C)c3)s2)n1,0.09315091371536255,0.6617647058823529
rxn:2:146579:91908,FC1CCCc2ccccc2C1Nc1cnn(-c2ncnc3ccsc23)c1,0.09314774583887171,0.6666666666666666
rxn:2:123016:170892,CC(C)c1n[nH]cc1CCNC(C)c1ccc(-c2cc3sccc3s2)s1,0.09314752083558303,0.5714285714285714
rxn:2:70572:151299,Cc1c(-c2ccc(C(C)NCc3cn[nH]c3-c3cccs3)s2)ccc2nccn12,0.09314721617205389,0.5945945945945946
rxn:2:109465:156548,CC(NCc1cnc(C2CCC2)s1)c1ccc(-c2cccc3nsnc23)s1,0.09314458458511918,0.7777777777777778
rxn:2:98338:147854,Cc1nn(C)c2ccc(-c3ccc(C(C)NCc4nnc(C(C)(F)F)s4)s3)cc12,0.09314110155763297,0.6666666666666666
rxn:2:135604:157188,COc1nc(CNC(C)c2ccc(-c3ccnc(C)c3OC)s2)ccc1C1CC1,0.09313791784746893,0.7352941176470589
rxn:2:127937:150504,CC(NCc1cc2c(s1)CSC2)n1cc(-c2nc3c(s2)C(=O)CCC3)cn1,0.09313497057667484,0.4942528735632184
rxn:2:93632:157188,COc1c(-c2ccc(C(C)NCc3nc4c(s3)CSCC4)s2)ccnc1C,0.09312755973250778,0.6857142857142857
rxn:2:136535:158710,CCC(C)Sc1nnc(NC(C)c2ccc(-c3ccnc4[nH]cc(C)c34)s2)s1,0.09312488351549421,0.6615384615384615
rxn:2:74365:149983,COc1cnc2[nH]cc(-c3ccc(C(C)NCc4nnc(SC)s4)s3)c2c1,0.09312028796584518,0.6956521739130435
rxn:2:74902:140099,CCC(Nc1nc(SC)n[nH]1)c1ccc(-c2cccs2)s1,0.09311732507887341,0.6666666666666666
rxn:2:114229:145209,CCc1nc(C2COCC2NC(C)c2ccc(-c3cc(C)c4c(cnn4C)c3)s2)n[nH]1,0.09311326472989974,0.631578947368421
rxn:2:106227:164117,Cc1ccn2nc(CNC(C)c3ccc(-c4cc5c(cn4)ncn5C)s3)cc2c1,0.09311319836254778,0.6567164179104478
rxn:2:163038:158710,COc1ncc(C(F)(F)c2nnn[nH]2)cc1NC(C)c1ccc(-c2ccnc3[nH]cc(C)c23)s1,0.09310720247380874,0.6582278481012658
rxn:2:123429:157652,Cc1cc2c(C)c[nH]c2cc1CNC(C)c1ccc(-c2ncnc3ccn(C)c23)s1,0.09310688177744547,0.6805555555555556
rxn:2:112924:145452,CC(NCc1ccnc(-c2ccccn2)n1)c1ccc(-c2ccc3cc[nH]c(=O)c3c2)s1,0.09309979528188705,0.6575342465753424
rxn:2:69041:145452,CCc1n[nH]cc1CC(C)NC(C)c1ccc(-c2ccc3cc[nH]c(=O)c3c2)s1,0.09309822526471369,0.5921052631578947
rxn:2:120529:158710,Cc1c[nH]c2nccc(-c3ccc(C(C)NC4CCc5c([nH]c6ccccc56)C4)s3)c12,0.09309622549241589,0.6103896103896104
rxn:2:66378:145452,CC(C)c1ccc2oc(CNC(C)c3ccc(-c4ccc5cc[nH]c(=O)c5c4)s3)cc2c1,0.09309542179107666,0.7058823529411765
rxn:2:97772:157753,CCc1c[nH]c2ncnc(-c3ccc(C(C)Nc4nnc(-c5cccc(C)n5)s4)s3)c12,0.09309497956306703,0.7058823529411765
rxn:2:83199:145452,CC(NCCc1cc2n(n1)CC(F)(F)C2)c1ccc(-c2ccc3cc[nH]c(=O)c3c2)s1,0.09309097451548423,0.7432432432432432
rxn:2:110892:158710,Cc1cc(CNC(C)c2ccc(-c3ccnc4[nH]cc(C)c34)s2)nc(C)n1,0.09308725153958355,0.8275862068965517
rxn:2:67391:145209,Cc1cc(-c2ccc(C(C)NC3CC(CS(C)(=N)=O)C3)s2)cc2cnn(C)c12,0.09308718570641109,0.6142857142857143
rxn:2:138910:158710,Cc1c[nH]c2nccc(-c3ccc(C(C)Nc4cc5c(cn4)cnn5C(C)C)s3)c12,0.09307932058970134,0.6461538461538462
rxn:2:101490:142264,CCC(NCc1cn2c3c(sc2n1)CCC3)c1ccc(-c2ccc3c(cnn3C)c2)s1,0.09307324309502879,0.6363636363636364
rxn:2:100906:147854,Cc1nn(C)c2ccc(-c3ccc(C(C)NCc4cn5c(n4)COCC5)s3)cc12,0.09307255621614127,0.6933333333333334
rxn:2:90186:145209,Cc1cc(-c2ccc(C(C)NCc3ccc(C)n3-c3nccs3)s2)cc2cnn(C)c12,0.09306978794836229,0.6619718309859155
rxn:2:138190:159258,Cc1nc(CNC(C)c2ncc(-c3ccc4ncsc4c3)s2)cc2ccccc12,0.0930634490374861,0.7741935483870968
rxn:2:133084:145209,CCC(CCNC(C)c1ccc(-c2cc(C)c3c(cnn3C)c2)s1)n1ccnc1,0.09305854912461906,0.6486486486486487
rxn:2:106574:156548,COc1cc(C)ccc1CCNC(C)c1ccc(-c2cccc3nsnc23)s1,0.09305661065237862,0.7121212121212122
rxn:2:137383:156548,Cc1cc(C)c2oc(CNC(C)c3ccc(-c4cccc5nsnc45)s3)cc2c1,0.09305653489869216,0.6617647058823529
rxn:2:97860:156548,CCCc1[nH]cnc1CCNC(C)c1ccc(-c2cccc3nsnc23)s1,0.09305308041749177,0.6268656716417911
rxn:2:95228:164117,CCC(C)c1ccc(-c2nc(CNC(C)c3ccc(-c4cc5c(cn4)ncn5C)s3)n[nH]2)cc1,0.09304870577419505,0.5657894736842105
rxn:2:70471:158710,Cc1c[nH]c2nccc(-c3ccc(C(C)Nc4ncnc(N5CCCC5)n4)s3)c12,0.09304555325672545,0.7777777777777778
rxn:2:95971:168965,CC(NCc1cc2n(n1)CCSC2)c1ccc(-c2cccc(-c3cnco3)c2)s1,0.09304331088888235,0.64
rxn:2:132980:151299,Cc1c(-c2ccc(C(C)Nc3cn(CC4CCCC4(F)F)nn3)s2)ccc2nccn12,0.09304282838298429,0.6708860759493671
rxn:2:126933:147854,Cc1nn(C)c2ccc(-c3ccc(C(C)NCCC(c4ccc[nH]4)N(C)C)s3)cc12,0.0930372436841329,0.6233766233766234
rxn:2:103936:157753,CCc1c[nH]c2ncnc(-c3ccc(C(C)NCC4CN(c5cc(C(C)C)ncn5)C4)s3)c12,0.0930369622779615,0.68
rxn:2:141858:171510,CCC(NCc1coc(C(C)C)n1)c1ccc(-c2ccc3ncsc3c2)s1,0.09303161391505489,0.7096774193548387
rxn:2:138947:169604,CC(NCc1cn2c(n1)CCCC2C)c1ccc(-c2ccc3ncsc3c2)s1,0.09302973108632225,0.6571428571428571
rxn:2:118833:164117,CC(NCc1cc2c(s1)CCCC2)c1ccc(-c2cc3c(cn2)ncn3C)s1,0.09302941603319985,0.796875
rxn:2:144483:158710,CCOc1ccc(-c2cc(CNC(C)c3ccc(-c4ccnc5[nH]cc(C)c45)s3)no2)cc1C,0.09301157909281113,0.7222222222222222
rxn:2:126566:164117,CCCc1ncc(CNC(C)c2ccc(-c3cc4c(cn3)ncn4C)s2)s1,0.09300896856519911,0.7272727272727273
rxn:2:93760:157403,COc1cncnc1-c1ccc(C(C)Nc2nc(SC)n(C)c(=O)c2N=O)s1,0.09300847564424787,0.6
rxn:2:74510:149983,COc1cnc2[nH]cc(-c3ccc(C(C)NCCc4c[nH]c5nccc(C)c45)s3)c2c1,0.09300583024178782,0.7971014492753623
rxn:2:108529:157753,CCc1c[nH]c2ncnc(-c3ccc(C(C)Nc4nc5cnncc5[nH]4)s3)c12,0.09300280894551959,0.6865671641791045
rxn:2:114931:145452,CCCc1cc(CNC(C)c2ccc(-c3ccc4cc[nH]c(=O)c4c3)s2)nn1C1CCC1,0.09300008788704872,0.7638888888888888
rxn:2:100972:151299,Cc1cccc2c(CCNC(C)c3ccc(-c4ccc5nccn5c4C)s3)c[nH]c12,0.09299988746643066,0.84375
rxn:2:144779:142264,CCC(NCc1n[nH]c(Cc2ccc(C(C)(C)C)cc2)n1)c1ccc(-c2ccc3c(cnn3C)c2)s1,0.09299764037132263,0.6575342465753424
rxn:2:159938:147854,Cc1nn(C)c2ccc(-c3ccc(C(C)NCCc4cn5nc(N(C)C(C)C)ccc5n4)s3)cc12,0.09299352509634835,0.6933333333333334
rxn:2:136710:167043,CCc1nc(CNC(C)c2ccc(-c3cnc4nc[nH]c4c3)s2)ccc1OC1CC1,0.09299311439196269,0.6447368421052632
rxn:2:129401:145452,CC(NCc1[nH]nc2c1C1CC1C2)c1ccc(-c2ccc3cc[nH]c(=O)c3c2)s1,0.0929909245721225,0.6973684210526315
rxn:2:107268:158710,CCc1cc(CNC(C)c2ccc(-c3ccnc4[nH]cc(C)c34)s2)ncc1OC1CC1,0.09298991195617183,0.726027397260274
rxn:2:79964:157753,CCc1c[nH]c2ncnc(-c3ccc(C(C)NCc4cc5ncccc5s4)s3)c12,0.09298867603828168,0.6764705882352942
rxn:2:76545:157753,CCc1c[nH]c2ncnc(-c3ccc(C(C)Nc4ccn5nccc5c4SC)s3)c12,0.09298508961995443,0.6231884057971014
rxn:2:121445:119339,CCC(Nc1nc(S(=O)(=O)CC)n[nH]1)c1ccc(-c2cc[nH]c2)s1,0.09298361589511235,0.6896551724137931
rxn:2:150051:158710,Cc1[nH]c(CNC(C)c2ccc(-c3ccnc4[nH]cc(C)c34)s2)nc1Cc1ccc(C(C)C)cc1,0.09297511918204171,0.704225352112676
rxn:2:89150:145209,Cc1cc(-c2ccc(C(C)NCc3ccc4c(c3)oc(=O)n4C)s2)cc2cnn(C)c12,0.09295875795425908,0.8787878787878788
rxn:2:101608:158710,COc1cc(CNC(C)c2ccc(-c3ccnc4[nH]cc(C)c34)s2)on1,0.09294862472094022,0.7761194029850746
rxn:2:148110:145209,Cc1cc(-c2ccc(C(C)NCc3cc4cccc5c4n(c3=O)CCC5)s2)cc2cnn(C)c12,0.0929466889185064,0.65
rxn:2:129757:148983,Cc1cccc2cc(CCNC(C)c3ccc(-c4ccc5o[nH]c(=O)c5c4)s3)oc12,0.09294089674949646,0.6575342465753424
rxn:2:127041:157753,CCc1c[nH]c2ncnc(-c3ccc(C(C)NCCc4cnc5scc(C)n45)s3)c12,0.09293978412946065,0.6712328767123288
rxn:2:142154:147854,COc1cc(CNC(C)c2ccc(-c3ccc4c(c3)c(C)nn4C)s2)nc(OC)c1,0.09293450713157654,0.7272727272727273
rxn:2:74971:164117,CC(C)c1cc2ncc(NC(C)c3ccc(-c4cc5c(cn4)ncn5C)s3)cn2n1,0.09293213884035746,0.527027027027027
rxn:2:127741:166336,CCCc1cc(CNC(C)c2ccc(-c3c(OC)cn[nH]c3=O)s2)nn1CC,0.0929300891501563,0.7428571428571429
rxn:2:90398:158710,Cc1c[nH]c2nccc(-c3ccc(C(C)NCC4COCCN4C4CC4)s3)c12,0.0929285351719175,0.5866666666666667
rxn:2:79178:145452,CC(CNC(C)c1ccc(-c2ccc3cc[nH]c(=O)c3c2)s1)c1cc2cncnn2c1,0.09292730208366148,0.5857142857142857
rxn:2:74308:145452,CCc1nn2cc(CCNC(C)c3ccc(-c4ccc5cc[nH]c(=O)c5c4)s3)nc2s1,0.0929228336580338,0.7162162162162162
rxn:2:123961:157206,Cc1cccc2[nH]cc(CCNC(C)c3ccc(-c4nn5ccnc5s4)s3)c12,0.0929162928036281,0.676056338028169
rxn:2:139252:149983,COc1cnc2[nH]cc(-c3ccc(C(C)NCCc4cscn4)s3)c2c1,0.09290786660634555,0.6911764705882353
rxn:2:74902:66791,CSc1n[nH]c(NC(C)c2cc(-c3cc(C)cs3)cs2)n1,0.09290766432171776,0.6792452830188679
rxn:2:107377:145452,CC(NCc1cn(CC2(F)CCC2)nn1)c1ccc(-c2ccc3cc[nH]c(=O)c3c2)s1,0.09289952055100471,0.6973684210526315
rxn:2:103533:151299,Cc1c(-c2ccc(C(C)NCc3ccc4ccn(C)c4n3)s2)ccc2nccn12,0.0928988950005893,0.6818181818181818
rxn:2:123595:158710,Cc1c[nH]c2nccc(-c3ccc(C(C)NCCc4cc5cccc6c5n4CC6)s3)c12,0.09289783239364624,0.6125
rxn:2:89819:147854,CCn1nc(-c2csc(CNC(C)c3ccc(-c4ccc5c(c4)c(C)nn5C)s3)n2)cc1C,0.09289772582776619,0.6338028169014085
rxn:2:140279:145452,CCc1cc(=O)n(CCNC(C)c2ccc(-c3ccc4cc[nH]c(=O)c4c3)s2)cn1,0.09289656082789104,0.6666666666666666
rxn:2:96587:167920,CCn1cccc1-c1noc(CNC(C)c2ccc(-c3ccc4n[nH]c(C)c4c3)s2)n1,0.0928955731853362,0.7142857142857143
rxn:2:96169:157804,COc1ccc2ncnc(-c3ccc(C(C)NCCc4nn(C)c5ccccc45)s3)c2c1,0.09289493784308434,0.6363636363636364
rxn:2:71903:157753,CCc1c[nH]c2ncnc(-c3ccc(C(C)NCCc4noc(Cc5ccsc5)n4)s3)c12,0.09289468638598919,0.5844155844155844
rxn:2:108385:158710,Cc1c[nH]c2nccc(-c3ccc(C(C)Nc4cc(C5CC5C)nn4C)s3)c12,0.09289000715528216,0.8088235294117647
rxn:2:125531:145452,CC(NCc1cccc(C2CCC2)c1)c1ccc(-c2ccc3cc[nH]c(=O)c3c2)s1,0.09288442929585775,0.75
rxn:2:88602:170874,CSCc1nnc(CNC(C)c2ccc(-c3cc(C)c4ncccc4c3)s2)[nH]1,0.09288275241851807,0.6865671641791045
rxn:2:103484:145452,CC(NCCC1CCCN1c1nccs1)c1ccc(-c2ccc3cc[nH]c(=O)c3c2)s1,0.0928808816017643,0.6582278481012658
rxn:2:99331:156548,CC(NCC1(c2ccsc2)CC1)c1ccc(-c2cccc3nsnc23)s1,0.09287694555062515,0.5694444444444444
rxn:2:127381:158710,Cc1cccc2cc(CCNC(C)c3ccc(-c4ccnc5[nH]cc(C)c45)s3)cnc12,0.0928769342360958,0.7014925373134329
rxn:2:76367:142264,CCC(NCCc1cn2ncsc2n1)c1ccc(-c2ccc3c(cnn3C)c2)s1,0.09287571907043457,0.7101449275362319
rxn:2:135604:155208,COc1nc(CNC(C)c2cnc(-c3ccc4n[nH]c(C)c4c3)s2)ccc1C1CC1,0.0928753137588501,0.569620253164557
rxn:2:71158:107408,CC(Nc1ccnc2c(=O)[nH]oc12)c1ccc(-c2ccsc2)s1,0.09287526814833931,0.6212121212121212
rxn:2:164058:149983,COc1cnc2[nH]cc(-c3ccc(C(C)NCCc4c[nH]c5ccc6c(c45)OCCO6)s3)c2c1,0.09286415401627035,0.7368421052631579
rxn:2:98732:168163,Cc1cncnc1-c1ccc(C(C)Nc2nc(N(C)C)c3nc[nH]c3n2)s1,0.09286360608206855,0.7903225806451613
rxn:2:141834:158710,CCn1ncc(NC(C)c2ccc(-c3ccnc4[nH]cc(C)c34)s2)c1CC1CCC1,0.09286326169967651,0.6575342465753424
rxn:2:108529:74375,CC(Nc1nc2cnncc2[nH]1)c1ccnc2ccsc12,0.09286286717369444,0.5818181818181818
rxn:2:134507:173019,CC(=O)n1cc(-c2ccc(C(C)NCc3cc(C(C)C)n[nH]3)s2)c2ccccc21,0.09286199767014076,0.7205882352941176
rxn:2:71903:169604,CC(NCCc1noc(Cc2ccsc2)n1)c1ccc(-c2ccc3ncsc3c2)s1,0.09286072651545206,0.625
rxn:2:139839:145452,COc1sc(C2CC2)cc1CNC(C)c1ccc(-c2ccc3cc[nH]c(=O)c3c2)s1,0.0928585151831309,0.684931506849315
rxn:2:102789:149983,CCc1cnc(CNC(C)c2ccc(-c3c[nH]c4ncc(OC)cc34)s2)s1,0.09285405388584843,0.6956521739130435
rxn:2:150051:157836,Cc1[nH]c(CNC(C)c2ccc(-c3ccnc(N4CCOCC4)c3)s2)nc1Cc1ccc(C(C)C)cc1,0.09285007940756308,0.6172839506172839
rxn:2:106731:145452,CC(NCCc1ccc2cnn(C)c2c1)c1ccc(-c2ccc3cc[nH]c(=O)c3c2)s1,0.09284995255931731,0.7246376811594203
rxn:2:136201:167920,CCOc1cccc2[nH]cc(CCNC(C)c3ccc(-c4ccc5n[nH]c(C)c5c4)s3)c12,0.09284703060984612,0.7432432432432432
rxn:2:111568:172841,CC(Nc1nc(S(C)(=O)=O)n[nH]1)c1cc(-c2ccc3sccc3c2)cs1,0.09284327236505655,0.7321428571428571
rxn:2:112874:171510,CCC(NCc1ccc(N2CCCCCCC2)nn1)c1ccc(-c2ccc3ncsc3c2)s1,0.09284308823672208,0.6515151515151515
rxn:2:127199:157804,COc1ccc2ncnc(-c3ccc(C(C)NCc4cc(=O)[nH]c(C5CC5)n4)s3)c2c1,0.09284078305767428,0.6533333333333333
rxn:2:110360:147854,Cc1nn(C)c2ccc(-c3ccc(C(C)Nn4c(=O)[nH][nH]c4=O)s3)cc12,0.09283605217933655,0.6071428571428571
rxn:2:123839:149983,COc1cnc2[nH]cc(-c3ccc(C(C)NCCc4nc5c(s4)CSCC5)s3)c2c1,0.09281782905260721,0.8571428571428571
rxn:2:85591:157753,CCc1c[nH]c2ncnc(-c3ccc(C(C)NCc4cc(C(C)CC)nc(C)n4)s3)c12,0.09281637207154304,0.873015873015873
rxn:2:87610:145452,COc1ncc(CNC(C)c2ccc(-c3ccc4cc[nH]c(=O)c4c3)s2)nc1OC,0.09281176328659058,0.7285714285714285
rxn:2:131748:158710,Cc1c[nH]c2nccc(-c3ccc(C(C)Nc4nnc(Oc5ccncc5)s4)s3)c12,0.0928088148434957,0.6615384615384615
rxn:2:73373:148983,CC(NCc1ncc(-c2ccccn2)[nH]1)c1ccc(-c2ccc3o[nH]c(=O)c3c2)s1,0.09279724359512329,0.6619718309859155
rxn:2:93142:158710,CCc1nc(CC(C)CNC(C)c2ccc(-c3ccnc4[nH]cc(C)c34)s2)cs1,0.09278924300752837,0.6666666666666666
rxn:2:81003:159258,CC(NCCn1cnnc1C1CC1)c1ncc(-c2ccc3ncsc3c2)s1,0.09278714656829834,0.6470588235294118
rxn:2:125878:145452,Cc1cc(C2(CNC(C)c3ccc(-c4ccc5cc[nH]c(=O)c5c4)s3)CCC2)ncn1,0.09278641593071722,0.5844155844155844
rxn:2:110360:155216,Cc1nccc2ccc(C(C)Nn3c(=O)[nH][nH]c3=O)cc12,0.09278593744550433,0.5918367346938775
rxn:2:152333:157403,COc1cncnc1-c1ccc(C(C)Nc2cc3cc(OCC4CC4)ccc3cn2)s1,0.09278081693956929,0.5657894736842105
rxn:2:135710:149983,COc1cnc2[nH]cc(-c3ccc(C(C)NCc4cncc(SC)c4)s3)c2c1,0.09278004510062081,0.6857142857142857
rxn:2:100868:151299,Cc1c(-c2ccc(C(C)NCc3ccc4nc(CC(C)C)cn4n3)s2)ccc2nccn12,0.09277854487299919,0.6285714285714286
rxn:2:74698:157652,CC(C)c1cc(CNC(C)c2ccc(-c3ncnc4ccn(C)c34)s2)nc(C2CC2)n1,0.0927755678853681,0.6438356164383562
rxn:2:113891:156548,CC(NCc1cnc(C2CCC2)nc1)c1ccc(-c2cccc3nsnc23)s1,0.09277027632508959,0.7272727272727273
rxn:2:121445:113626,CCS(=O)(=O)c1n[nH]c(NC(C)c2ccc(-c3cc[nH]c3)s2)n1,0.09276719974434894,0.7068965517241379
rxn:2:67301:157753,CCc1ccnc(-c2cc(NC(C)c3ccc(-c4ncnc5[nH]cc(CC)c45)s3)cs2)c1,0.0927666611969471,0.6268656716417911
rxn:2:138643:157206,CC(NC1CC(c2nc(-c3cc[nH]c3)c[nH]2)C1)c1ccc(-c2nn3ccnc3s2)s1,0.09276658892631531,0.6153846153846154
rxn:2:117470:169604,CC(NCCc1ncc2ccccn12)c1ccc(-c2ccc3ncsc3c2)s1,0.09273860284260341,0.6567164179104478
rxn:2:103091:158710,Cc1c[nH]c2nccc(-c3ccc(C(C)Nc4ccc(N5CCc6sccc6C5)nn4)s3)c12,0.09273348071358421,0.5526315789473685
rxn:2:140605:145452,Cc1ccc(CNC(C)c2ccc(-c3ccc4cc[nH]c(=O)c4c3)s2)c2cccnc12,0.09273093362008372,0.676056338028169
rxn:2:84444:171510,CCC(NCc1cn2c(C)c(C)sc2n1)c1ccc(-c2ccc3ncsc3c2)s1,0.0927252193977093,0.6875
rxn:2:133665:157753,CCc1c[nH]c2ncnc(-c3ccc(C(C)Nc4nc(C)cn5ncnc45)s3)c12,0.09272166983834629,0.6857142857142857
rxn:2:126566:151299,CCCc1ncc(CNC(C)c2ccc(-c3ccc4nccn4c3C)s2)s1,0.09271884847570348,0.6716417910447762
rxn:2:103485:159691,COc1cccc2c(CNC(C)c3cnc(-c4ccc5ncsc5c4)cn3)c[nH]c12,0.09271072546641032,0.6103896103896104
rxn:2:66624:145452,CC1CC(c2csc(CNC(C)c3ccc(-c4ccc5cc[nH]c(=O)c5c4)s3)n2)C1,0.09271052678426107,0.6710526315789473
rxn:2:139839:158710,COc1sc(C2CC2)cc1CNC(C)c1ccc(-c2ccnc3[nH]cc(C)c23)s1,0.09268452997865348,0.6901408450704225
rxn:2:73751:145209,CO[C@H]1C[C@@H](CNC(C)c2ccc(-c3cc(C)c4c(cnn4C)c3)s2)C1,0.09268092421384957,0.6865671641791045
rxn:2:121718:146196,CCn1nc(CNC(C)c2ccc(-c3cc4cn[nH]c4cc3C)s2)cc1CC1CC1,0.09267364740371704,0.6621621621621622
rxn:2:141858:159258,CC(C)c1nc(CNC(C)c2ncc(-c3ccc4ncsc4c3)s2)co1,0.09266956265156086,0.7
rxn:2:112858:145209,Cc1cc(-c2ccc(C(C)NCc3cc(C4CC4)cs3)s2)cc2cnn(C)c12,0.09266648973737444,0.78125
rxn:2:91814:164117,CC(C)c1nsc(CNC(C)c2ccc(-c3cc4c(cn3)ncn4C)s2)n1,0.09266461266411676,0.676923076923077
rxn:2:106574:142273,COc1cc(C)ccc1CCNC(C)c1ccc(-c2cnc(N(C)C)s2)s1,0.0926601975052445,0.6417910447761194
rxn:2:123842:166336,COc1cn[nH]c(=O)c1-c1ccc(C(C)Nc2nc3c(s2)CSCC3)s1,0.09265473943490249,0.6142857142857143
rxn:2:117291:157188,COc1c(-c2ccc(C(C)NCc3cc(-c4ccco4)n(C)n3)s2)ccnc1C,0.09265167548738677,0.7083333333333334
rxn:2:80018:155002,CCc1cc(CNC(C)c2ccc(-c3ccc(C)c4[nH]ncc34)s2)nc(C2CC2)n1,0.09265082875887552,0.6712328767123288
rxn:2:130928:149983,COc1cnc2[nH]cc(-c3ccc(C(C)NCc4ncc(-c5cc[nH]c5)n4C)s3)c2c1,0.09264715640775618,0.618421052631579
rxn:2:126566:150247,CCCc1ncc(CNC(C)c2ccc(-c3ccc4n[nH]c(=O)n4c3)s2)s1,0.0926467047797309,0.6805555555555556
rxn:2:121515:145452,CC(C)c1ccc(CNC(C)c2ccc(-c3ccc4cc[nH]c(=O)c4c3)s2)nc1,0.09264175645236311,0.71875
rxn:2:121863:157753,CCc1c[nH]c2ncnc(-c3ccc(C(C)Nc4nc5c([nH]4)CCCCC5)s3)c12,0.09264017590161028,0.6857142857142857
rxn:2:134525:147854,Cc1nn(C)c2ccc(-c3ccc(C(C)NCc4cc(CC(C)C)on4)s3)cc12,0.0926347909302547,0.7014925373134329
rxn:2:70891:161792,CC(NCc1csc2c1CCCN2C)c1ccc(-c2cc3c(=O)nc[nH]c3s2)cn1,0.09262475570042929,0.6493506493506493
rxn:2:165936:142264,CCC(Nc1nc(=O)c2c3c(sc2[nH]1)CSC3)c1ccc(-c2ccc3c(cnn3C)c2)s1,0.09262287057936192,0.4942528735632184
rxn:2:68975:157753,CCc1c[nH]c2ncnc(-c3ccc(C(C)NCc4nc(C5CC5)no4)s3)c12,0.09262167768818992,0.7391304347826086
rxn:2:137993:157753,CCc1c[nH]c2ncnc(-c3ccc(C(C)Nc4c(SC)cnn4CC4CC4(F)F)s3)c12,0.09261795692145824,0.5802469135802469
rxn:2:118833:173019,CC(=O)n1cc(-c2ccc(C(C)NCc3cc4c(s3)CCCC4)s2)c2ccccc21,0.09261449972788492,0.6486486486486487
rxn:2:109269:157753,CCc1c[nH]c2ncnc(-c3ccc(C(C)NCc4cnc(CSC)nc4)s3)c12,0.09261316266553156,0.7384615384615385
rxn:2:132839:166336,COc1cn[nH]c(=O)c1-c1ccc(C(C)NCc2csc(Cc3ccc(C(C)C)cc3)n2)s1,0.09260566848697084,0.7361111111111112
rxn:2:106480:159258,CC(NCc1nc2c(o1)CCSC2)c1ncc(-c2ccc3ncsc3c2)s1,0.09260488881005181,0.8615384615384616
rxn:2:93093:157804,COc1ccc2ncnc(-c3ccc(C(C)NCc4cc5c(s4)CCSC5)s3)c2c1,0.09260383844375611,0.6712328767123288
rxn:2:140549:157753,CCc1c[nH]c2ncnc(-c3ccc(C(C)NCCc4cc5c(C)nncc5o4)s3)c12,0.09260319509813862,0.6
rxn:2:110378:158710,Cc1nc(CNC(C)c2ccc(-c3ccnc4[nH]cc(C)c34)s2)n2c1CCCC2,0.09259628221906464,0.7361111111111112
rxn:2:106493:157804,COc1ccc2ncnc(-c3ccc(C(C)NCc4c[nH]c(C(C)(C)C)n4)s3)c2c1,0.09259458581606547,0.7878787878787878
rxn:2:100303:157753,CCc1c[nH]c2ncnc(-c3ccc(C(C)NCc4ccc(C)c(C)n4)s3)c12,0.09259223937988281,0.7384615384615385
rxn:2:99310:168163,Cc1cncnc1-c1ccc(C(C)Nc2nc(C)c(CCCC(C)C)s2)s1,0.0925919082429674,0.8
rxn:2:114300:145209,Cc1cc(-c2ccc(C(C)NCCN3CCC4(CCC4)CC3)s2)cc2cnn(C)c12,0.09258833328882853,0.6521739130434783
rxn:2:67716:165909,CCc1cc(CNC(C)c2ccc(-c3cnc(SC)n4cnnc34)s2)nn1C(C)C,0.09258310794830323,0.8181818181818182
rxn:2:140657:157403,COc1cncnc1-c1ccc(C(C)Nc2ncc3cc[nH]c3n2)s1,0.0925811004638672,0.7192982456140351
rxn:2:89733:147854,Cc1nn(C)c2ccc(-c3ccc(C(C)NCc4ccc5cc[nH]c5c4)s3)cc12,0.0925683646366514,0.7575757575757576
rxn:2:86444:157804,COc1ccc2ncnc(-c3ccc(C(C)NCc4c[nH]c(C5CCCC5)n4)s3)c2c1,0.09256709006524855,0.7428571428571429
rxn:2:136201:157652,CCOc1cccc2[nH]cc(CCNC(C)c3ccc(-c4ncnc5ccn(C)c45)s3)c12,0.09256209246814251,0.6973684210526315
rxn:2:140605:157753,CCc1c[nH]c2ncnc(-c3ccc(C(C)NCc4ccc(C)c5ncccc45)s3)c12,0.09255869157852666,0.6911764705882353
rxn:2:110491:147854,Cc1nn(C)c2ccc(-c3ccc(C(C)NCc4nc5c(c(N6CCOCC6)n4)CCN5C)s3)cc12,0.09255696170859867,0.6216216216216216
rxn:2:66515:164117,Cc1cccn2cc(CNC(C)c3ccc(-c4cc5c(cn4)ncn5C)s3)nc12,0.09255560924266946,0.803030303030303
rxn:2:85733:151299,Cc1c(-c2ccc(C(C)Nc3cc(-c4cn(C)cn4)[nH]n3)s2)ccc2nccn12,0.0925500619000402,0.5733333333333334
rxn:2:110303:157753,CCc1c[nH]c2ncnc(-c3ccc(C(C)NCc4ccn(C(C)C)n4)s3)c12,0.0925475571836744,0.7014925373134329
rxn:2:140062:158710,Cc1c[nH]c2nccc(-c3ccc(C(C)NCCC4CC4c4ccc5ncsc5c4)s3)c12,0.09253274649381638,0.6933333333333334
rxn:2:97108:169604,CSCc1cc(CNC(C)c2ccc(-c3ccc4ncsc4c3)s2)co1,0.0925259544299199,0.7580645161290323
rxn:2:92918:168965,Cc1[nH]c(CCNC(C)c2ccc(-c3cccc(-c4cnco4)c3)s2)nc1-c1ccc[nH]1,0.09252049401402473,0.6410256410256411
rxn:2:137501:158710,COC1(c2noc(CNC(C)c3ccc(-c4ccnc5[nH]cc(C)c45)s3)n2)CCCC1,0.09251931021290441,0.6756756756756757
rxn:2:77168:148983,CCC(CC)c1nn2cc(CNC(C)c3ccc(-c4ccc5o[nH]c(=O)c5c4)s3)nc2s1,0.09251640737056732,0.6901408450704225
rxn:2:72098:145452,CC(NCc1cnn(CC2CC(F)(F)C2)c1)c1ccc(-c2ccc3cc[nH]c(=O)c3c2)s1,0.09250716492533684,0.6973684210526315
rxn:2:127040:145452,COc1cccc2ccc(CNC(C)c3ccc(-c4ccc5cc[nH]c(=O)c5c4)s3)nc12,0.09250709041953087,0.7536231884057971
rxn:2:135604:167920,COc1nc(CNC(C)c2ccc(-c3ccc4n[nH]c(C)c4c3)s2)ccc1C1CC1,0.09250663916269938,0.6944444444444444
rxn:2:136201:142264,CCOc1cccc2[nH]cc(CCNC(CC)c3ccc(-c4ccc5c(cnn5C)c4)s3)c12,0.09249696225831003,0.875
rxn:2:87610:149983,COc1cnc2[nH]cc(-c3ccc(C(C)NCc4cnc(OC)c(OC)n4)s3)c2c1,0.09249347845713297,0.746268656716418
rxn:2:149506:157652,CCc1nn(-c2nccc(C)c2C)cc1CNC(C)c1ccc(-c2ncnc3ccn(C)c23)s1,0.09249013487030477,0.691358024691358
rxn:2:89509:109025,Cc1csc(-c2cc(C(C)Nc3cncc(=O)[nH]3)cs2)c1,0.09248898284775871,0.7708333333333334
rxn:2:96587:170874,CCn1cccc1-c1noc(CNC(C)c2ccc(-c3cc(C)c4ncccc4c3)s2)n1,0.09248701855540276,0.7236842105263158
rxn:2:71567:147854,Cc1nn(C)c2ccc(-c3ccc(C(C)NCc4cc(COC(C)(C)C)on4)s3)cc12,0.09248608927572927,0.6533333333333333
rxn:2:100642:145452,Cc1cccnc1CCNC(C)c1ccc(-c2ccc3cc[nH]c(=O)c3c2)s1,0.09247686394623347,0.7692307692307693
rxn:2:142106:145209,Cc1ccc(CNC(C)c2ccc(-c3cc(C)c4c(cnn4C)c3)s2)cc1,0.09246963262557983,0.8703703703703703
rxn:2:109614:158710,Cc1c[nH]c2nccc(-c3ccc(C(C)NCc4c[nH]nc4CC(C)C)s3)c12,0.0924695176737649,0.6818181818181818
rxn:2:112263:149743,CC(NCc1cc2c(s1)CCOC2)c1ccc(-c2ccc3c(c2)oc(=O)n3C)s1,0.09246540686179852,0.6388888888888888
rxn:2:133166:147854,Cc1nn(C)c2ccc(-c3ccc(C(C)NCc4n[nH]c5c4CCCCC5)s3)cc12,0.09246259530385335,0.7681159420289855
rxn:2:93268:149983,COc1cnc2[nH]cc(-c3ccc(C(C)NCc4n[nH]c(CC(C)C)n4)s3)c2c1,0.09246257666883798,0.6714285714285714
rxn:2:72047:145452,Cc1ccc2snc(CNC(C)c3ccc(-c4ccc5cc[nH]c(=O)c5c4)s3)c2c1,0.0924605945746104,0.6857142857142857
rxn:2:105826:145209,Cc1cc(-c2ccc(C(C)NCC3CN(c4nncs4)CCO3)s2)cc2cnn(C)c12,0.0924578232149924,0.6103896103896104
rxn:2:80613:109025,Cc1csc(-c2cc(C(C)NCc3c[nH]ncc3=O)cs2)c1,0.09245229038325223,0.7547169811320755
rxn:2:164058:151299,Cc1c(-c2ccc(C(C)NCCc3c[nH]c4ccc5c(c34)OCCO5)s2)ccc2nccn12,0.09244913404638117,0.7397260273972602
rxn:2:103485:155996,COc1cccc2c(CNC(C)c3ccc(-c4cc(OC(C)C)ncn4)s3)c[nH]c12,0.0924479047457377,0.6575342465753424
rxn:2:122532:157854,CCn1ncc2cc(-c3cnc(C(C)NCc4nc(C)c(C(C)(F)F)s4)s3)ccc21,0.09244583249092102,0.765625
rxn:2:88523:115754,CSCC(NCC(F)(F)c1cnc[nH]1)c1ccc2c(c1)CCCS2,0.09243933359781902,0.85
rxn:2:76015:165126,CC(NCCc1nn(C)c2c1CCCC2)c1ccc(-c2ccnc3[nH]ncc23)s1,0.09243760437800966,0.7647058823529411
rxn:2:97294:148983,CC(NCc1nn(C2CC2)c2c1C1CC1C2)c1ccc(-c2ccc3o[nH]c(=O)c3c2)s1,0.09243648667489329,0.6623376623376623
rxn:2:112858:148983,CC(NCc1cc(C2CC2)cs1)c1ccc(-c2ccc3o[nH]c(=O)c3c2)s1,0.09242800209257337,0.7121212121212122
rxn:2:127844:157804,CCN1CCc2ccc(CNC(C)c3ccc(-c4ncnc5ccc(OC)cc45)s3)cc21,0.092425387352705,0.6578947368421053
rxn:2:77465:145209,Cc1cc(-c2ccc(C(C)NCc3cnn(CC(C)C)c3C)s2)cc2cnn(C)c12,0.0924244483311971,0.7384615384615385
rxn:2:120857:142264,CCC(NCC(F)(F)c1c[nH]c2ccccc12)c1ccc(-c2ccc3c(cnn3C)c2)s1,0.09241776913404465,0.6493506493506493
rxn:2:137624:157753,CCc1c[nH]c2ncnc(-c3ccc(C(C)NCCc4cc(C5CCCC5)no4)s3)c12,0.09241420991959111,0.855072463768116
rxn:2:89331:158710,Cc1c[nH]c2nccc(-c3ccc(C(C)NC[C@H]4C[C@@H](n5ccnc5)C4)s3)c12,0.09241405980927604,0.6911764705882353
rxn:2:146579:94441,CCC(Nc1cnn(-c2ncnc3ccsc23)c1)c1ccsc1C,0.09241017699241638,0.5909090909090909
rxn:2:163117:173019,CC(=O)n1cc(-c2ccc(C(C)NCc3cnn(-c4cc(C(C)(C)C)ccn4)c3)s2)c2ccccc21,0.09240835242801243,0.6973684210526315
rxn:2:103196:158710,Cc1c[nH]c2nccc(-c3ccc(C(C)NCc4nc[nH]c4C(C)(C)C)s3)c12,0.09240622179848808,0.7213114754098361
rxn:2:160110:164117,CCc1nn(-c2cc(C(C)C)ccn2)cc1CNC(C)c1ccc(-c2cc3c(cn2)ncn3C)s1,0.09239989348820278,0.625
rxn:2:96707:158710,CCc1cc(-c2cc(NC(C)c3ccc(-c4ccnc5[nH]cc(C)c45)s3)[nH]n2)ccc1OC,0.09239855679598721,0.68
rxn:2:106574:150247,COc1cc(C)ccc1CCNC(C)c1ccc(-c2ccc3n[nH]c(=O)n3c2)s1,0.0923944588365226,0.6933333333333334
rxn:2:107268:148983,CCc1cc(CNC(C)c2ccc(-c3ccc4o[nH]c(=O)c4c3)s2)ncc1OC1CC1,0.09239208698272705,0.7567567567567568
rxn:2:91814:161792,CC(C)c1nsc(CNC(C)c2ccc(-c3cc4c(=O)nc[nH]c4s3)cn2)n1,0.09239075013569423,0.6865671641791045
rxn:2:109218:170776,CCC(NCc1nc2c(C)cc(C)cc2[nH]1)c1ccc(-c2cccc3c2cnn3C(C)=O)s1,0.09239027175036343,0.5903614457831325
rxn:2:138947:157753,CCc1c[nH]c2ncnc(-c3ccc(C(C)NCc4cn5c(n4)CCCC5C)s3)c12,0.0923800269762675,0.6623376623376623
rxn:2:78006:157753,CCc1c[nH]c2ncnc(-c3ccc(C(C)NCc4cc5ncnn5cn4)s3)c12,0.09237245033527243,0.6619718309859155
rxn:2:69714:158710,Cc1c[nH]c2nccc(-c3ccc(C(C)Nc4nn5cccnc5c4C(C)C)s3)c12,0.09237191478411357,0.6716417910447762
rxn:2:122532:147854,Cc1nc(CNC(C)c2ccc(-c3ccc4c(c3)c(C)nn4C)s2)sc1C(C)(F)F,0.09236362179120382,0.71875
rxn:2:127199:144913,CC(NCc1cc(=O)[nH]c(C2CC2)n1)c1ccc(-c2ccc3ncc(=O)n(C)c3c2)s1,0.09236333447117959,0.7297297297297297
rxn:2:110607:157753,CCc1c[nH]c2ncnc(-c3ccc(C(C)Nc4ncnc5c(C6CC6)cnn45)s3)c12,0.09235717404273248,0.6756756756756757
rxn:2:91720:147106,CC(NCc1[nH]nc2c1CSCC2)c1ccc(-c2ccc3c(c2)ncn3C)s1,0.09235403793198722,0.5625
rxn:2:83428:152237,Cc1cc(S(C)(=O)=O)ccc1-c1cc(C(C)Nc2n[nH]c(=O)[nH]c2=O)cs1,0.09235078758663601,0.7894736842105263
rxn:2:104030:145452,CC(CCNC(C)c1ccc(-c2ccc3cc[nH]c(=O)c3c2)s1)c1cn[nH]c1,0.09234909500394549,0.6825396825396826
rxn:2:67558:158710,Cc1c[nH]c2nccc(-c3ccc(C(C)Nc4[nH]c(=O)nc5nc[nH]c45)s3)c12,0.09234240225383214,0.6865671641791045
rxn:2:72241:158710,Cc1nc(CC(C)CNC(C)c2ccc(-c3ccnc4[nH]cc(C)c34)s2)[nH]c1-c1ccco1,0.09233791358543164,0.5875
rxn:2:89822:157753,CCc1c[nH]c2ncnc(-c3ccc(C(C)NCc4ccc(-c5csc(C)n5)s4)s3)c12,0.09233490497835221,0.7272727272727273
rxn:2:113014:147854,CCc1ccccc1-c1nc(CNC(C)c2ccc(-c3ccc4c(c3)c(C)nn4C)s2)co1,0.09233393633004391,0.6666666666666666
rxn:2:70632:166855,Cc1ncc(CNC(C)c2ccc(-c3cnc(C)c4cc[nH]c34)s2)nc1C,0.09231968058480157,0.5714285714285714
rxn:2:88800:168965,Cc1cccc2[nH]nc(CCNC(C)c3ccc(-c4cccc(-c5cnco5)c4)s3)c12,0.09231670633439094,0.6103896103896104
rxn:2:95971:142264,CCC(NCc1cc2n(n1)CCSC2)c1ccc(-c2ccc3c(cnn3C)c2)s1,0.09231149533699298,0.6266666666666667
rxn:2:85840:159258,CC(NC1CC(c2nc(-c3cccs3)c[nH]2)C1)c1ncc(-c2ccc3ncsc3c2)s1,0.0923103517101657,0.7746478873239436
rxn:2:127937:147854,Cc1nn(C)c2ccc(-c3ccc(C(C)NCc4cc5c(s4)CSC5)s3)cc12,0.09229910373687744,0.6470588235294118
rxn:2:107326:158710,COCCn1cnnc1CNC(C)c1ccc(-c2ccnc3[nH]cc(C)c23)s1,0.0922970175743103,0.6231884057971014
rxn:2:93093:170874,Cc1cc(-c2ccc(C(C)NCc3cc4c(s3)CCSC4)s2)cc2cccnc12,0.09229393252011003,0.8571428571428571
rxn:2:104861:156548,CC(NCc1cn[nH]c1CC1CC1)c1ccc(-c2cccc3nsnc23)s1,0.09229343908804434,0.6164383561643836
rxn:2:116622:156548,CC(NC[C@@H]1C[C@H]1c1ncc[nH]1)c1ccc(-c2cccc3nsnc23)s1,0.09228611909426175,0.589041095890411
rxn:2:125192:157854,CCn1ncc2cc(-c3cnc(C(C)NCCc4nc(C(C)C)[nH]c4-c4cc[nH]c4)s3)ccc21,0.0922859276042265,0.6363636363636364
rxn:2:161661:158710,Cc1c[nH]c2nccc(-c3ccc(C(C)NC4CCCc5nc(-c6cnccn6)ncc54)s3)c12,0.09227761801551371,0.5384615384615384
rxn:2:133625:173019,CC(=O)n1cc(-c2ccc(C(C)NCCc3nn(C)c4ccsc34)s2)c2ccccc21,0.09226962058774886,0.6363636363636364
rxn:2:115729:149983,COc1cnc2[nH]cc(-c3ccc(C(C)NCCc4csc(Cc5ccccn5)n4)s3)c2c1,0.09226824298049464,0.6385542168674698
rxn:2:131575:158710,CCc1nn(C)cc1CNC(C)c1ccc(-c2ccnc3[nH]cc(C)c23)s1,0.0922665551856712,0.6933333333333334
rxn:2:134820:157753,CCc1c[nH]c2ncnc(-c3ccc(C(C)Nc4ncn(CC(C)C5CC5)n4)s3)c12,0.09226280848185221,0.6805555555555556
rxn:2:92814:168163,CCCOc1nc(NC(C)c2ccc(-c3ncncc3C)s2)nc2nc[nH]c12,0.09226077369281224,0.8181818181818182
rxn:2:70891:157753,CCc1c[nH]c2ncnc(-c3ccc(C(C)NCc4csc5c4CCCN5C)s3)c12,0.09225824077924093,0.6301369863013698
rxn:2:106689:149983,COc1cnc2[nH]cc(-c3ccc(C(C)NCc4ncc(C(C)C)o4)s3)c2c1,0.0922579552446093,0.6865671641791045
rxn:2:106574:150329,COc1cc(C)ccc1CCNC(C)c1ccc(-c2ccnc3[nH]cc(C)c23)cn1,0.09225667913754781,0.625
rxn:2:112263:157652,CC(NCc1cc2c(s1)CCOC2)c1ccc(-c2ncnc3ccn(C)c23)s1,0.09225378079073769,0.7647058823529411
rxn:2:92869:158710,COc1nc(NC(C)c2ccc(-c3ccnc4[nH]cc(C)c34)s2)nn2ccnc12,0.09225085069393289,0.7058823529411765
rxn:2:75710:148983,CC(NCCc1ccc2cc[nH]c2c1)c1ccc(-c2ccc3o[nH]c(=O)c3c2)s1,0.09224510603937609,0.6617647058823529
rxn:2:70476:145452,COCc1cnc(CNC(C)c2ccc(-c3ccc4cc[nH]c(=O)c4c3)s2)s1,0.0922408721276692,0.7692307692307693
rxn:2:121445:149553,CCS(=O)(=O)c1n[nH]c(NC2CCc3c(-c4ccoc4)cccc32)n1,0.09223848819732666,0.625
rxn:2:84114:149983,CCCc1noc(CNC(C)c2ccc(-c3c[nH]c4ncc(OC)cc34)s2)n1,0.09223236569336482,0.6923076923076923
rxn:2:103298:157753,CCc1c[nH]c2ncnc(-c3ccc(C(C)NC4(CCc5cccs5)CC4)s3)c12,0.09222725547593215,0.6052631578947368
rxn:2:79964:147854,Cc1nn(C)c2ccc(-c3ccc(C(C)NCc4cc5ncccc5s4)s3)cc12,0.09222416631106672,0.6811594202898551
rxn:2:122931:149983,COc1cnc2[nH]cc(-c3ccc(C(C)NCc4ccnc(N(C)C)n4)s3)c2c1,0.09222119018949311,0.7846153846153846
rxn:2:114027:164117,CC(NCc1cc2[nH]ccc2s1)c1ccc(-c2cc3c(cn2)ncn3C)s1,0.09221932181605587,0.6197183098591549
rxn:2:110760:158710,Cc1c[nH]c2nccc(-c3ccc(C(C)NCC(F)(F)C4CCC4)s3)c12,0.09221066878392147,0.6666666666666666
rxn:2:121147:157753,CCc1c[nH]c2ncnc(-c3ccc(C(C)NCc4cc5c(s4)CCCS5)s3)c12,0.09221042435744713,0.704225352112676
rxn:2:86646:148983,CC(C)c1cn[nH]c1CCNC(C)c1ccc(-c2ccc3o[nH]c(=O)c3c2)s1,0.09221015231949943,0.6617647058823529
rxn:2:115080:159258,CC(NCCc1csc2c1CCC2)c1ncc(-c2ccc3ncsc3c2)s1,0.09220480035852503,0.6865671641791045
rxn:2:138643:152359,Cc1ncc(-c2ccc(C(C)NC3CC(c4nc(-c5cc[nH]c5)c[nH]4)C3)s2)n1C,0.09220270452828243,0.618421052631579
rxn:2:87610:158710,COc1ncc(CNC(C)c2ccc(-c3ccnc4[nH]cc(C)c34)s2)nc1OC,0.09220263670230734,0.7424242424242424
rxn:2:120180:145452,CCc1cc2ncc(NC(C)c3ccc(-c4ccc5cc[nH]c(=O)c5c4)s3)cn2n1,0.09220166603724161,0.6103896103896104
rxn:2:72207:94441,CCC(NC1CCN(c2ncnc3ccsc23)C1)c1ccsc1C,0.09219737350940704,0.8888888888888888
rxn:2:103556:156548,CC(NCc1cnc2[nH]ccc2c1)c1ccc(-c2cccc3nsnc23)s1,0.09219396114349365,0.6615384615384615
rxn:2:75219:145209,Cc1cc(-c2ccc(C(C)NCc3nc(C4CC4)cs3)s2)cc2cnn(C)c12,0.09218817949295044,0.8615384615384616
rxn:2:103442:156548,CC(NCC1CC1c1ncc[nH]1)c1ccc(-c2cccc3nsnc23)s1,0.09218435104076679,0.589041095890411
rxn:2:155703:158710,CCc1ccc(-n2cc(CNC(C)c3ccc(-c4ccnc5[nH]cc(C)c45)s3)c(C3CC3)n2)nc1,0.09218410253524781,0.6511627906976745
rxn:2:138285:157753,CCc1c[nH]c2ncnc(-c3ccc(C(C)NCc4cn(CC5CC5)nn4)s3)c12,0.09218176274464049,0.6891891891891891
rxn:2:84417:164117,CCc1ccn2cc(CNC(C)c3ccc(-c4cc5c(cn4)ncn5C)s3)nc2c1,0.09217478036880493,0.676056338028169
rxn:2:80018:172234,CCc1cc(CNC(C)c2ccc(-c3cc(C)nc4c(C)cccc34)s2)nc(C2CC2)n1,0.09217034094035625,0.6571428571428571
rxn:2:140974:145452,Cc1nnc2sc(CNC(C)c3ccc(-c4ccc5cc[nH]c(=O)c5c4)s3)c(C)n12,0.09216456810633342,0.6527777777777778
rxn:2:112263:149983,COc1cnc2[nH]cc(-c3ccc(C(C)NCc4cc5c(s4)CCOC5)s3)c2c1,0.092162876293577,0.7681159420289855
rxn:2:134313:158710,Cc1c[nH]c2nccc(-c3ccc(C(C)NCc4cc5c(s4)CSCC5)s3)c12,0.09215820261410304,0.875
rxn:2:156494:158710,Cc1c[nH]c2nccc(-c3ccc(C(C)NCc4cccc(-c5ncc(C(C)(C)C)[nH]5)c4)s3)c12,0.09215151562410243,0.6301369863013698
rxn:2:109320:157753,CCc1c[nH]c2ncnc(-c3ccc(C(C)Nc4ncnn4C(C)C(C)(C)C)s3)c12,0.09215053121248881,0.6619718309859155
rxn:2:140843:145209,Cc1cc(-c2ccc(C(C)NCc3noc(C(C4CCCC4)n4cccc4)n3)s2)cc2cnn(C)c12,0.09214277234342363,0.726027397260274
rxn:2:84486:170874,Cc1cc(-c2ccc(C(C)NCc3nc(C(C)(C)C)nn3C)s2)cc2cccnc12,0.09214228391647339,0.6571428571428571
rxn:2:90792:157753,CCc1c[nH]c2ncnc(-c3ccc(C(C)NCc4cc(C5CC5)n(C5CC5)n4)s3)c12,0.09213902873377647,0.6756756756756757
rxn:2:87767:165909,CSc1ncc(-c2ccc(C(C)NCCC(c3ccccn3)C3CCC3)s2)c2nncn12,0.09213777631521225,0.5714285714285714
rxn:2:70572:161792,CC(NCc1cn[nH]c1-c1cccs1)c1ccc(-c2cc3c(=O)nc[nH]c3s2)cn1,0.09212637742360433,0.647887323943662
rxn:2:78115:164117,CC(NCc1cc(CC2CCCC2)n[nH]1)c1ccc(-c2cc3c(cn2)ncn3C)s1,0.09212019443511962,0.6621621621621622
rxn:2:91134:157753,CCc1c[nH]c2ncnc(-c3ccc(C(C)NCc4noc(-c5ccnn5CC)n4)s3)c12,0.0921182855963707,0.6097560975609756
rxn:2:152306:145452,CC(NCc1cc2cccc3c2n(c1=O)CC3)c1ccc(-c2ccc3cc[nH]c(=O)c3c2)s1,0.09211400060942679,0.6351351351351351
rxn:2:136710:157652,CCc1nc(CNC(C)c2ccc(-c3ncnc4ccn(C)c34)s2)ccc1OC1CC1,0.09210991090343844,0.6883116883116883
rxn:2:138881:164117,Cc1csc2nc(CNC(C)c3ccc(-c4cc5c(cn4)ncn5C)s3)cn12,0.09210715762206487,0.6901408450704225
rxn:2:86427:145452,Cc1oncc1CCNC(C)c1ccc(-c2ccc3cc[nH]c(=O)c3c2)s1,0.09210189625068947,0.7
rxn:2:83604:171510,CCC(NCC1N=N1)c1ccc(-c2ccc3ncsc3c2)s1,0.09208918701518666,0.6724137931034483
rxn:2:122370:145209,Cc1cc(-c2ccc(C(C)NCc3cnc4sccc4c3)s2)cc2cnn(C)c12,0.09208844859024574,0.7619047619047619
rxn:2:143601:157804,CCc1nn(-c2cnc(C)c(C)c2)cc1CNC(C)c1ccc(-c2ncnc3ccc(OC)cc23)s1,0.09208444092008802,0.654320987654321
rxn:2:77430:169604,CC(NCCc1noc(C2CCC2)n1)c1ccc(-c2ccc3ncsc3c2)s1,0.0920813147510801,0.64
rxn:2:83452:145452,CCCc1oc(C)nc1CCNC(C)c1ccc(-c2ccc3cc[nH]c(=O)c3c2)s1,0.09207546114921569,0.6619718309859155
rxn:2:100752:169604,CC(NCc1nc(C(C)(C)C)c[nH]1)c1ccc(-c2ccc3ncsc3c2)s1,0.0920696942894547,0.7704918032786885
rxn:2:69319:169777,Cc1nc2ccc(-c3ccc(C(C)NCc4cn5c(n4)CCC(C)C5)s3)cc2s1,0.09206891265408747,0.6891891891891891
rxn:2:67911:157753,CCc1c[nH]c2ncnc(-c3ccc(C(C)Nc4ncnn5cc(C)cc45)s3)c12,0.09205576058091788,0.7647058823529411
rxn:2:79051:145452,CC(NCc1ccc(C(C)(C)C)s1)c1ccc(-c2ccc3cc[nH]c(=O)c3c2)s1,0.09205506998917153,0.7241379310344828
rxn:2:121119:147854,COc1cnc(C(C)C)cc1CNC(C)c1ccc(-c2ccc3c(c2)c(C)nn3C)s1,0.09205256738970356,0.6901408450704225
rxn:2:107361:165909,CCc1nn2cc(CNC(C)c3ccc(-c4cnc(SC)n5cnnc45)s3)nc2s1,0.09204826354980469,0.6805555555555556
rxn:2:80646:145209,Cc1cc(-c2ccc(C(C)NCc3ccnc(-c4cccs4)c3)s2)cc2cnn(C)c12,0.09204578399658203,0.7352941176470589
rxn:2:105689:157753,CCc1c[nH]c2ncnc(-c3ccc(C(C)Nc4ccn(-c5cccnn5)n4)s3)c12,0.09203323125839233,0.5925925925925926
rxn:2:111841:173019,CC(=O)n1cc(-c2ccc(C(C)NCCc3c[nH]c4ccccc34)s2)c2ccccc21,0.09202616445479854,0.8181818181818182
rxn:2:161549:145452,CC(NCc1cn2c(nc3ccc(C(C)(C)C)cc32)[nH]1)c1ccc(-c2ccc3cc[nH]c(=O)c3c2)s1,0.09201761417918736,0.6125
rxn:2:136066:158710,CCc1ccnc(-n2cc(CNC(C)c3ccc(-c4ccnc5[nH]cc(C)c45)s3)c(CC)n2)c1,0.09200509155497831,0.7088607594936709
rxn:2:66391:157753,CCc1c[nH]c2ncnc(-c3ccc(C(C)NCc4cc5sc(C)cc5[nH]4)s3)c12,0.09200413062654693,0.7285714285714285
rxn:2:165009:145209,Cc1cc(-c2ccc(C(C)NCc3cc(CN4CCCc5ccccc54)on3)s2)cc2cnn(C)c12,0.09200337529182434,0.7012987012987013
rxn:2:101245:145452,CC(NCCc1ccc(C2CC2C)o1)c1ccc(-c2ccc3cc[nH]c(=O)c3c2)s1,0.09199777841567994,0.6714285714285714
rxn:2:87228:157188,COc1c(-c2ccc(C(C)NCc3cc(C4CC4)n(C)n3)s2)ccnc1C,0.09199445335953324,0.7910447761194029
rxn:2:96633:151299,COc1nc(CNC(C)c2ccc(-c3ccc4nccn4c3C)s2)ccc1C,0.09198843581335885,0.7058823529411765
rxn:2:155148:157403,COc1cncnc1-c1ccc(C(C)NCc2cn(-c3nccc(C)c3C)nc2C2CC2)s1,0.0919864990494468,0.65
rxn:2:79964:155002,Cc1ccc(-c2ccc(C(C)NCc3cc4ncccc4s3)s2)c2cn[nH]c12,0.09198349288531713,0.746031746031746
rxn:2:129017:158710,Cc1c[nH]c2nccc(-c3ccc(C(C)NCCc4cc5ccccc5cn4)s3)c12,0.09197707176208496,0.7164179104477612
rxn:2:141695:140099,CCC(NC(CCSC)c1nnn[nH]1)c1ccc(-c2cccs2)s1,0.09197471539179485,0.484375
rxn:2:136066:157753,CCc1ccnc(-n2cc(CNC(C)c3ccc(-c4ncnc5[nH]cc(CC)c45)s3)c(CC)n2)c1,0.09197327068873815,0.7183098591549296
rxn:2:85056:169604,Cc1sc2nc(CCNC(C)c3ccc(-c4ccc5ncsc5c4)s3)cn2c1C,0.09196659408766648,0.7846153846153846
rxn:2:136042:158710,Cc1c[nH]c2nccc(-c3ccc(C(C)Nc4cc(Cn5cccn5)nn4C)s3)c12,0.09196513493855794,0.6351351351351351
rxn:2:127844:168965,CCN1CCc2ccc(CNC(C)c3ccc(-c4cccc(-c5cnco5)c4)s3)cc21,0.09196107618270381,0.6486486486486487
rxn:2:82083:156548,Cc1nc(CNC(C)c2ccc(-c3cccc4nsnc34)s2)cc(CC2CC2)n1,0.09195558572637624,0.7014925373134329
rxn:2:92918:169604,Cc1[nH]c(CCNC(C)c2ccc(-c3ccc4ncsc4c3)s2)nc1-c1ccc[nH]1,0.09195555647214254,0.6891891891891891
rxn:2:107315:149880,CCc1c[nH]c2cc(CNC(C)c3ccc(-c4ccc5n[nH]c(=O)n5n4)s3)ccc12,0.09195534388224284,0.7083333333333334
rxn:2:75693:158710,Cc1c[nH]c2nccc(-c3ccc(C(C)NC4CC(c5nnco5)C4)s3)c12,0.09195244753802265,0.6521739130434783
rxn:2:102433:164912,CC(C)C(NCCc1cc(C2CC2)n(C)n1)c1ccc(-c2cc3c(=O)nc[nH]c3s2)cc1,0.09195110388100147,0.625
rxn:2:76067:145452,CCOc1cc(C)c(CNC(C)c2ccc(-c3ccc4cc[nH]c(=O)c4c3)s2)cn1,0.09194667339324951,0.676056338028169
rxn:2:120658:158710,CCOc1cnc(SC)nc1NC(C)c1ccc(-c2ccnc3[nH]cc(C)c23)s1,0.09194451776044123,0.6956521739130435
rxn:2:164058:159258,CC(NCCc1c[nH]c2ccc3c(c12)OCCO3)c1ncc(-c2ccc3ncsc3c2)s1,0.0919443927705288,0.6933333333333334
rxn:2:167471:157753,CCc1c[nH]c2ncnc(-c3ccc(C(C)Nc4cc(-c5cc6ccccc6n5C)[nH]n4)s3)c12,0.09193564337842605,0.6973684210526315
rxn:2:123961:149679,Cc1cccc2[nH]cc(CCNC(C)c3ccc(-c4cnn(CC5CC5)c4)s3)c12,0.09193277359008789,0.6533333333333333
rxn:2:126907:148983,CCOc1ccc(C)cc1CCNC(C)c1ccc(-c2ccc3o[nH]c(=O)c3c2)s1,0.09193018078804016,0.7611940298507462
rxn:2:159561:169604,CC(NCCC1CC1c1ccc2[nH]c(=O)sc2c1)c1ccc(-c2ccc3ncsc3c2)s1,0.09192916937172413,0.6756756756756757
rxn:2:129766:159258,CCCc1nnnn1CCNC(C)c1ncc(-c2ccc3ncsc3c2)s1,0.09192893240186903,0.6521739130434783
rxn:2:108529:173019,CC(=O)n1cc(-c2ccc(C(C)Nc3nc4cnncc4[nH]3)s2)c2ccccc21,0.09192566830536415,0.5512820512820513
rxn:2:76161:145209,Cc1csc(-c2[nH]ncc2CNC(C)c2ccc(-c3cc(C)c4c(cnn4C)c3)s2)c1,0.09192430973052979,0.7971014492753623
rxn:2:138177:144913,CCC(C)c1cc(CNC(C)c2ccc(-c3ccc4ncc(=O)n(C)c4c3)s2)no1,0.09192256927490235,0.6712328767123288
rxn:2:141960:149983,COc1cnc2[nH]cc(-c3ccc(C(C)NCc4nc(C)c5c(n4)CCCC5)s3)c2c1,0.0919205411787956,0.6891891891891891
rxn:2:142997:158710,Cc1c[nH]c2nccc(-c3ccc(C(C)Nc4ccccc4Cc4nc5ccccc5[nH]4)s3)c12,0.09192044244093053,0.6944444444444444
rxn:2:138417:151299,Cc1c(-c2ccc(C(C)NCc3ccc4nccn4n3)s2)ccc2nccn12,0.09191957754748208,0.6825396825396826
rxn:2:90533:161792,COc1cc(C)ccc1-c1cc(CNC(C)c2ccc(-c3cc4c(=O)nc[nH]c4s3)cn2)n[nH]1,0.091918384327608,0.6710526315789473
rxn:2:126914:164117,CC(C)c1nc(CNC(C)c2ccc(-c3cc4c(cn3)ncn4C)s2)c[nH]1,0.09191745519638062,0.7777777777777778
rxn:2:85127:157753,CCc1c[nH]c2ncnc(-c3ccc(C(C)Nc4cc(=O)[nH]n4C(C)C4CCSCC4)s3)c12,0.09191102873195302,0.575
rxn:2:80499:142273,CC(NCc1cnc(C2CC2)s1)c1ccc(-c2cnc(N(C)C)s2)s1,0.09190974712371826,0.5671641791044776
rxn:2:103411:157403,COc1cncnc1-c1ccc(C(C)Nc2nsc3cc(C)cnc23)s1,0.09190649023422828,0.7894736842105263
rxn:2:123201:158710,Cc1c[nH]c2nccc(-c3ccc(C(C)NC(C)(C)CN(C)c4cc[nH]c4)s3)c12,0.09190195387807386,0.5507246376811594
rxn:2:108548:147854,Cc1cn2cc(CCNC(C)c3ccc(-c4ccc5c(c4)c(C)nn5C)s3)nc2s1,0.09189853668212891,0.8548387096774194
rxn:2:144952:169604,CC(C)c1c[nH]c2nc(N3CCC(NC(C)c4ccc(-c5ccc6ncsc6c5)s4)C3)ncc12,0.09189698275397806,0.654320987654321
rxn:2:123429:147854,Cc1cc2c(C)c[nH]c2cc1CNC(C)c1ccc(-c2ccc3c(c2)c(C)nn3C)s1,0.09189443434438398,0.7846153846153846
rxn:2:76129:149983,CCCn1ccnc1CCNC(C)c1ccc(-c2c[nH]c3ncc(OC)cc23)s1,0.09188844006637047,0.6712328767123288
rxn:2:133625:161792,CC(NCCc1nn(C)c2ccsc12)c1ccc(-c2cc3c(=O)nc[nH]c3s2)cn1,0.0918832262357076,0.6266666666666667
rxn:2:105797:157753,CCCn1cnc(CNC(C)c2ccc(-c3ncnc4[nH]cc(CC)c34)s2)c1,0.09188033853258405,0.6865671641791045
rxn:2:98904:151299,Cc1cccc2nc(CNC(C)c3ccc(-c4ccc5nccn5c4C)s3)n(C)c12,0.09187733332316081,0.6268656716417911
rxn:2:109798:170874,Cc1cc(-c2ccc(C(C)NC[C@H]3Cc4ccccc4CO3)s2)cc2cccnc12,0.09187411069869995,0.6857142857142857
rxn:2:91176:157854,CCn1ncc2cc(-c3cnc(C(C)NCc4cc5c(cn4)cnn5C)s3)ccc21,0.0918721874554952,0.7619047619047619
rxn:2:127747:169604,CC(NCCc1n[nH]c2ccsc12)c1ccc(-c2ccc3ncsc3c2)s1,0.09185884175477205,0.7230769230769231
rxn:2:110272:173019,CC(=O)n1cc(-c2ccc(C(C)NCc3noc(-c4cccn4C)n3)s2)c2ccccc21,0.09185856394469738,0.6582278481012658
rxn:2:97294:158710,Cc1c[nH]c2nccc(-c3ccc(C(C)NCc4nn(C5CC5)c5c4C4CC4C5)s3)c12,0.09185738525082988,0.6410256410256411
rxn:2:71567:158710,Cc1c[nH]c2nccc(-c3ccc(C(C)NCc4cc(COC(C)(C)C)on4)s3)c12,0.09185540278752645,0.6901408450704225
rxn:2:70798:142264,CCC(NCCc1cnc2scc(C(C)C)n12)c1ccc(-c2ccc3c(cnn3C)c2)s1,0.09185058809816837,0.5974025974025974
rxn:2:87296:158710,CCN(CC)c1ccc2[nH]c(CNC(C)c3ccc(-c4ccnc5[nH]cc(C)c45)s3)nc2c1,0.09184095895651614,0.6944444444444444
rxn:2:106227:171510,CCC(NCc1cc2cc(C)ccn2n1)c1ccc(-c2ccc3ncsc3c2)s1,0.09183087842217807,0.6571428571428571
rxn:2:94563:145209,Cc1cnc(C2(CNC(C)c3ccc(-c4cc(C)c5c(cnn5C)c4)s3)CC2)nc1,0.0918285608291626,0.676923076923077
rxn:2:89145:145452,CC(NCc1ccnc(OC2CCC2)n1)c1ccc(-c2ccc3cc[nH]c(=O)c3c2)s1,0.09182603897586945,0.6883116883116883
rxn:2:114372:145209,Cc1cc(-c2ccc(C(C)NCc3cncc(N4CC(F)C4)c3)s2)cc2cnn(C)c12,0.09181289903579219,0.7285714285714285
rxn:2:67200:158710,Cc1nn(C)cc1C1CC1CNC(C)c1ccc(-c2ccnc3[nH]cc(C)c23)s1,0.09180680020102139,0.6901408450704225
rxn:2:116161:169604,CC(Nc1nc2c([nH]1)CCSC2)c1ccc(-c2ccc3ncsc3c2)s1,0.09179935776270352,0.6086956521739131
rxn:2:138713:145209,Cc1cc(-c2ccc(C(C)NCCc3nnn(C)c3C(C)C)s2)cc2cnn(C)c12,0.09179683128992716,0.7058823529411765
rxn:2:134313:157804,COc1ccc2ncnc(-c3ccc(C(C)NCc4cc5c(s4)CSCC5)s3)c2c1,0.091793558994929,0.618421052631579
rxn:2:96098:145209,Cc1cc(-c2ccc(C(C)NCc3cccc(N4CCCC4)n3)s2)cc2cnn(C)c12,0.09179302953904675,0.7538461538461538
rxn:2:127622:159258,CC(NCc1ccc(C2CC2)s1)c1ncc(-c2ccc3ncsc3c2)s1,0.09179250093606803,0.7627118644067796
rxn:2:118535:158710,Cc1cn(C2CCOC2)nc1NC(C)c1ccc(-c2ccnc3[nH]cc(C)c23)s1,0.09178732798017304,0.6233766233766234
rxn:2:116371:157804,COc1ccc2ncnc(-c3ccc(C(C)NCc4ncn(CC5CC5)n4)s3)c2c1,0.0917865792910258,0.5949367088607594
rxn:2:127844:155002,CCN1CCc2ccc(CNC(C)c3ccc(-c4ccc(C)c5[nH]ncc45)s3)cc21,0.09178622563680013,0.5949367088607594
rxn:2:112715:158710,Cc1c[nH]c2nccc(-c3ccc(C(C)NCc4nnc(C5CCCCO5)o4)s3)c12,0.09177945852279663,0.6666666666666666
rxn:2:128745:158710,Cc1c[nH]c2nccc(-c3ccc(C(C)NCc4ncns4)s3)c12,0.09177277982234955,0.6935483870967742
rxn:2:136710:157188,CCc1nc(CNC(C)c2ccc(-c3ccnc(C)c3OC)s2)ccc1OC1CC1,0.09176855484644572,0.6493506493506493
rxn:2:90792:147854,Cc1nn(C)c2ccc(-c3ccc(C(C)NCc4cc(C5CC5)n(C5CC5)n4)s3)cc12,0.09176080073079755,0.803030303030303
rxn:2:100176:165909,CSc1ncc(-c2ccc(C(C)NCc3nn(C4CC4)c4c3CCCC4)s2)c2nncn12,0.0917589832097292,0.6708860759493671
rxn:2:149099:145452,CC(Nc1nc(=O)c2cc3c(cc2[nH]1)CCC3)c1ccc(-c2ccc3cc[nH]c(=O)c3c2)s1,0.09175828731421268,0.6086956521739131
rxn:2:158340:166336,CCc1nn(-c2ccc(C3CC3)nc2)cc1NC(C)c1ccc(-c2c(OC)cn[nH]c2=O)s1,0.09175826202739369,0.7948717948717948
rxn:2:131443:145452,CC(NCCc1csc(C(C)(C)C)c1)c1ccc(-c2ccc3cc[nH]c(=O)c3c2)s1,0.09175700346628825,0.6865671641791045
rxn:2:120410:157804,COc1ccc2ncnc(-c3ccc(C(C)NC(C)CCc4nc(-c5ccccn5)c[nH]4)s3)c2c1,0.09175641196114677,0.5365853658536586
rxn:2:105517:145452,Cc1nc2c(s1)CN(CCNC(C)c1ccc(-c3ccc4cc[nH]c(=O)c4c3)s1)CC2,0.09174301931934972,0.618421052631579
rxn:2:118305:147854,Cc1cccc(-c2noc(CNC(C)c3ccc(-c4ccc5c(c4)c(C)nn5C)s3)n2)n1,0.09174149483442307,0.7638888888888888
rxn:2:104255:151299,Cc1c(-c2ccc(C(C)NCc3ccc(N4CCCC4C)o3)s2)ccc2nccn12,0.09173907240231832,0.6621621621621622
rxn:2:135509:158710,Cc1cn(C2COC2)nc1NC(C)c1ccc(-c2ccnc3[nH]cc(C)c23)s1,0.09173632519585746,0.6571428571428571
rxn:2:124987:148983,CC1CCCC(CCNC(C)c2ccc(-c3ccc4o[nH]c(=O)c4c3)s2)C1,0.09173433427457456,0.6388888888888888
rxn:2:127937:165062,COc1cc(-c2cnn(C(C)NCc3cc4c(s3)CSC4)c2)ccc1C(C)=O,0.09173011992658887,0.4125
rxn:2:116730:151299,Cc1c(-c2ccc(C(C)NCc3ccc(-n4cccn4)nn3)s2)ccc2nccn12,0.09172927141189575,0.6301369863013698
rxn:2:134313:170892,CC(NCc1cc2c(s1)CSCC2)c1ccc(-c2cc3sccc3s2)s1,0.0917260142473074,0.5714285714285714
rxn:2:145520:158710,Cc1c[nH]c2nccc(-c3ccc(C(C)NC4CCN(c5nccn6c(=O)[nH]nc56)CC4)s3)c12,0.0917220396154067,0.6282051282051282
rxn:2:103533:165909,CSc1ncc(-c2ccc(C(C)NCc3ccc4ccn(C)c4n3)s2)c2nncn12,0.09171370665232341,0.6944444444444444
rxn:2:127539:147106,CC(NCc1cc(C(C)(C)C)[nH]n1)c1ccc(-c2ccc3c(c2)ncn3C)s1,0.09170636321817126,0.6142857142857143
rxn:2:87816:145209,CSc1nnc(CNC(C)c2ccc(-c3cc(C)c4c(cnn4C)c3)s2)n1C,0.09170329145022801,0.75
rxn:2:131515:165909,CSc1ncc(-c2ccc(C(C)NCc3cc(-c4ccoc4)nc(C4CC4)n3)s2)c2nncn12,0.0916999315514284,0.7468354430379747
rxn:2:105035:157753,CCc1c[nH]c2ncnc(-c3ccc(C(C)NCc4ccc5c(c4)CCCN5C)s3)c12,0.09169851579973774,0.6582278481012658
rxn:2:106574:164117,COc1cc(C)ccc1CCNC(C)c1ccc(-c2cc3c(cn2)ncn3C)s1,0.09169675975010314,0.7313432835820896
rxn:2:110348:169604,Cc1[nH]c(=O)c(CNC(C)c2ccc(-c3ccc4ncsc4c3)s2)c2c1CCC2,0.09169549983123253,0.6666666666666666
rxn:2:91098:173019,CC(=O)n1cc(-c2ccc(C(C)NCc3ncc4ccc(C)cc4n3)s2)c2ccccc21,0.091694300994277,0.676056338028169
rxn:2:77168:145452,CCC(CC)c1nn2cc(CNC(C)c3ccc(-c4ccc5cc[nH]c(=O)c5c4)s3)nc2s1,0.09169164209654837,0.7083333333333334
rxn:2:111344:158710,Cc1cc(CNC(C)c2ccc(-c3ccnc4[nH]cc(C)c34)s2)oc1C,0.09168909146235539,0.7142857142857143
rxn:2:88132:145452,CCc1nn(C2CC2)cc1CNC(C)c1ccc(-c2ccc3cc[nH]c(=O)c3c2)s1,0.09168476064999899,0.6891891891891891
rxn:2:114914:155096,CCc1nc(C)c(-c2ccc(C(C)NCc3cn4cc(C)cc(C)c4n3)s2)s1,0.09167581370898656,0.6567164179104478
rxn:2:80613:166234,CC(NCc1c[nH]ncc1=O)c1cnc(-c2ccc3ncsc3c2)s1,0.09166987657546997,0.6290322580645161
rxn:2:123315:170874,Cc1cc(-c2ccc(C(C)NCc3cnc(OC(C)C)cn3)s2)cc2cccnc12,0.09166486263275146,0.6567164179104478
rxn:2:98766:147854,Cc1cc(C)nc(CCNC(C)c2ccc(-c3ccc4c(c3)c(C)nn4C)s2)n1,0.09166149024305673,0.75
rxn:2:140617:145452,CC(NCc1cc(C2CC2)n2c1CCCC2)c1ccc(-c2ccc3cc[nH]c(=O)c3c2)s1,0.09165492281317711,0.6666666666666666
rxn:2:71886:165729,COc1cccc2[nH]cc(CCNC(C)c3cnc(-c4ccnc(N5CCOCC5)c4)s3)c12,0.09164892724066069,0.6
rxn:2:163282:157652,CC(NCc1cnn(-c2cc(C3CCCC3)ccn2)c1)c1ccc(-c2ncnc3ccn(C)c23)s1,0.09164407934461322,0.7195121951219512
rxn:2:96793:145452,CC(NCc1ccn2nccc2n1)c1ccc(-c2ccc3cc[nH]c(=O)c3c2)s1,0.09164083826130834,0.7361111111111112
rxn:2:140366:167920,Cc1[nH]nc2ccc(-c3ccc(C(C)NCCc4[nH]ncc4-c4cc[nH]c4)s3)cc12,0.09163892269134521,0.631578947368421
rxn:2:93935:173028,CCC(NCc1c[nH]c2c(C)cccc12)c1ccc(-c2cc3cn[nH]c3cc2C)s1,0.09163785775502523,0.6133333333333333
rxn:2:164524:164117,CCc1nn(-c2ccnc(C3CC3)c2)cc1CNC(C)c1ccc(-c2cc3c(cn2)ncn3C)s1,0.09161863837923323,0.725
rxn:2:140397:158710,CCc1cc(NC(C)c2ccc(-c3ccnc4[nH]cc(C)c34)s2)n(C(C)C2CCCC2)n1,0.09159092232584953,0.6805555555555556
rxn:2:69367:147854,Cc1nn(C)c2ccc(-c3ccc(C(C)NCc4nc(=O)n(C)[nH]4)s3)cc12,0.09158285017366763,0.6818181818181818
rxn:2:112349:158710,CCC(CC)c1cc(NC(C)c2ccc(-c3ccnc4[nH]cc(C)c34)s2)no1,0.09157493710517883,0.6666666666666666
rxn:2:107890:157753,CCc1c[nH]c2ncnc(-c3ccc(C(C)Nc4cc5nccn5c(SC)n4)s3)c12,0.09156978527704875,0.6338028169014085
rxn:2:109584:141436,Cc1cc(C)c2c(CCNC(C)c3ccc(-c4cnn(C)c4)s3)c[nH]c2c1,0.09156633747948541,0.7352941176470589
rxn:2:91186:157753,CCc1c[nH]c2ncnc(-c3ccc(C(C)NCc4cc(C5CC5)ncn4)s3)c12,0.09156530478904987,0.7424242424242424
rxn:2:95477:169604,CCc1cc(C)nc(CCNC(C)c2ccc(-c3ccc4ncsc4c3)s2)n1,0.09156426574502673,0.7868852459016393
rxn:2:104883:158710,Cc1cc(-n2cc(CNC(C)c3ccc(-c4ccnc5[nH]cc(C)c45)s3)cn2)c(C)cn1,0.09155888855457306,0.7297297297297297
rxn:2:136710:150329,CCc1nc(CNC(C)c2ccc(-c3ccnc4[nH]cc(C)c34)cn2)ccc1OC1CC1,0.09155329503118992,0.6056338028169014
rxn:2:164524:144963,CCc1nn(-c2ccnc(C3CC3)c2)cc1CNC(C)c1ccc(-c2ncnc3c2ncn3CC)s1,0.09154974420865376,0.6352941176470588
rxn:2:70476:147854,COCc1cnc(CNC(C)c2ccc(-c3ccc4c(c3)c(C)nn4C)s2)s1,0.09153573002134051,0.6470588235294118
rxn:2:94497:158710,CCCc1nc(CCNC(C)c2ccc(-c3ccnc4[nH]cc(C)c34)s2)c[nH]1,0.09153539793831962,0.7258064516129032
rxn:2:144949:156548,CC(Nc1nc(=O)c2c3c(sc2[nH]1)CCC3)c1ccc(-c2cccc3nsnc23)s1,0.09153338074684143,0.527027027027027
rxn:2:97457:158710,Cc1c[nH]c2nccc(-c3ccc(C(C)NCCc4nnnn4C(C)C)s3)c12,0.09152867112840925,0.6825396825396826
rxn:2:111972:158710,Cc1c[nH]c2nccc(-c3ccc(C(C)NCc4ccnc5c(C)cnn45)s3)c12,0.09152228256751752,0.6268656716417911
rxn:2:160599:156548,COc1cc(C)c(-c2nc(CCNC(C)c3ccc(-c4cccc5nsnc45)s3)n[nH]2)cc1C,0.09151995532652911,0.581081081081081
rxn:2:100752:144913,CC(NCc1nc(C(C)(C)C)c[nH]1)c1ccc(-c2ccc3ncc(=O)n(C)c3c2)s1,0.09151828090349833,0.6447368421052632
rxn:2:122568:149983,CCCc1nc(CNC(C)c2ccc(-c3c[nH]c4ncc(OC)cc34)s2)no1,0.09151748887130193,0.65
rxn:2:124966:149983,COc1cnc2[nH]cc(-c3ccc(C(C)NCCc4noc(-c5ccccc5)n4)s3)c2c1,0.09151527844369411,0.6363636363636364
rxn:2:141931:158710,Cc1c[nH]c2nccc(-c3ccc(C(C)Nc4cc(-c5cnn(C(C)C)c5)ncn4)s3)c12,0.09151468239724636,0.6818181818181818
rxn:2:78194:148983,CCN(c1ncc(CNC(C)c2ccc(-c3ccc4o[nH]c(=O)c4c3)s2)s1)C(C)C,0.0915091594060262,0.7230769230769231
rxn:2:119131:157753,CCc1c[nH]c2ncnc(-c3ccc(C(C)NC45CC(C6CC6)(C4)C5)s3)c12,0.09150808387332493,0.6
rxn:2:114931:169604,CCCc1cc(CNC(C)c2ccc(-c3ccc4ncsc4c3)s2)nn1C1CCC1,0.09150247176488241,0.75
rxn:2:104861:157804,COc1ccc2ncnc(-c3ccc(C(C)NCc4cn[nH]c4CC4CC4)s3)c2c1,0.09150200287501017,0.6144578313253012
rxn:2:93375:158710,Cc1c[nH]c2nccc(-c3ccc(C(C)NCc4ncc(-c5cccs5)o4)s3)c12,0.09149479866027832,0.6857142857142857
rxn:2:135604:170892,COc1nc(CNC(C)c2ccc(-c3cc4sccc4s3)s2)ccc1C1CC1,0.0914945900440216,0.6571428571428571
rxn:2:138643:141812,CC(NC1CC(c2nc(-c3cc[nH]c3)c[nH]2)C1)c1ccc(-c2ccc[nH]2)s1,0.09149410989549425,0.6857142857142857
rxn:2:103609:151143,Cc1nc(CNC(C)c2ncc(-c3cnn(C4CCCCO4)c3)s2)cc(C(C)(C)C)n1,0.09149284132065312,0.4642857142857143
rxn:2:114646:157753,CCc1c[nH]c2ncnc(-c3ccc(C(C)Nc4nccc(OCc5ccc(C)cn5)n4)s3)c12,0.09148674852707807,0.6233766233766234
rxn:2:115872:151299,Cc1c(-c2ccc(C(C)NCCc3cc4cnccc4[nH]3)s2)ccc2nccn12,0.0914867458672359,0.6301369863013698
rxn:2:141826:173019,CC[C@@H]1C[C@H]1CCNC(C)c1ccc(-c2cn(C(C)=O)c3ccccc23)s1,0.09148663282394409,0.6527777777777778
rxn:2:70572:160502,CCC(NCc1cn[nH]c1-c1cccs1)c1ccc(-c2ccc3cnn(C)c3c2)s1,0.09147861202557882,0.618421052631579
rxn:2:114931:142264,CCCc1cc(CNC(CC)c2ccc(-c3ccc4c(cnn4C)c3)s2)nn1C1CCC1,0.09147651866078377,0.6582278481012658
rxn:2:125708:145452,Cc1cccc2cc(CNC(C)c3ccc(-c4ccc5cc[nH]c(=O)c5c4)s3)oc12,0.09147633711496989,0.828125
rxn:2:150051:144913,Cc1[nH]c(CNC(C)c2ccc(-c3ccc4ncc(=O)n(C)c4c3)s2)nc1Cc1ccc(C(C)C)cc1,0.09147629222354374,0.6666666666666666
rxn:2:91098:145209,Cc1ccc2cnc(CNC(C)c3ccc(-c4cc(C)c5c(cnn5C)c4)s3)nc2c1,0.0914762346975265,0.7741935483870968
rxn:2:70758:167920,Cc1[nH]nc2ccc(-c3ccc(C(C)NCCc4noc(-c5ccc[nH]5)n4)s3)cc12,0.09147347410519918,0.7066666666666667
rxn:2:102489:164117,CC(NC1CCC(c2ncc[nH]2)CC1)c1ccc(-c2cc3c(cn2)ncn3C)s1,0.09146679680922935,0.5866666666666667
rxn:2:145440:159258,CC(C)c1cnn2c(NC(C)c3ncc(-c4ccc5ncsc5c4)s3)c3c(nc12)CSC3,0.09146534278988838,0.4939759036144578
rxn:2:160685:164117,CC(Nc1cnccc1Sc1n[nH]c(=O)n1C1CC1)c1ccc(-c2cc3c(cn2)ncn3C)s1,0.09146512957180247,0.4666666666666667
rxn:2:156650:169604,CCc1nn(-c2cc(C3CC3)ccn2)cc1CNC(C)c1ccc(-c2ccc3ncsc3c2)s1,0.09145776489201714,0.6585365853658537
rxn:2:81263:157403,COc1cncnc1-c1ccc(C(C)Nc2cncc(CSC)c2)s1,0.09145700693130493,0.6461538461538462
rxn:2:139839:165909,COc1sc(C2CC2)cc1CNC(C)c1ccc(-c2cnc(SC)n3cnnc23)s1,0.0914466937383016,0.6710526315789473
rxn:2:96298:145452,Cc1cn2cc(CNC(C)c3ccc(-c4ccc5cc[nH]c(=O)c5c4)s3)ccc2n1,0.09144619504610697,0.7611940298507462
rxn:2:128640:149983,COc1cnc2[nH]cc(-c3ccc(C(C)NCc4ccc5c(c4)CCCC5)s3)c2c1,0.09144357045491537,0.8307692307692308
rxn:2:101367:166336,COc1cn[nH]c(=O)c1-c1ccc(C(C)NCc2ccc(-c3nc(CC(C)C)c[nH]3)cc2)s1,0.09144046089865944,0.6111111111111112
rxn:2:66817:158710,Cc1c[nH]c2nccc(-c3ccc(C(C)NCCc4cnn(C5CC5)c4)s3)c12,0.09143180293696267,0.7101449275362319
rxn:2:120857:161792,CC(NCC(F)(F)c1c[nH]c2ccccc12)c1ccc(-c2cc3c(=O)nc[nH]c3s2)cn1,0.0914279893040657,0.5866666666666667
rxn:2:69844:145209,Cc1cc(-c2ccc(C(C)NCc3cnn4c3CC3(CC3)C4)s2)cc2cnn(C)c12,0.09142679373423258,0.6623376623376623
rxn:2:135615:147854,Cc1nn(C)c2ccc(-c3ccc(C(C)NCc4cc(-c5ccccc5)[nH]n4)s3)cc12,0.09142671861956196,0.6666666666666666
rxn:2:69104:165909,COc1cccc2nc(CNC(C)c3ccc(-c4cnc(SC)n5cnnc45)s3)cc(C)c12,0.09142539176073941,0.6794871794871795
rxn:2:110424:170874,Cc1cc(-c2ccc(C(C)NCc3cc(-c4ccc[nH]4)n[nH]3)s2)cc2cccnc12,0.09141599337259929,0.7083333333333334
rxn:2:83951:158710,Cc1c[nH]c2nccc(-c3ccc(C(C)NCCc4ncn(C)n4)s3)c12,0.09141296606797439,0.7058823529411765
rxn:2:146983:165909,CSc1ncc(-c2ccc(C(C)NCCc3n[nH]cc3Cc3cc4ccccc4[nH]3)s2)c2nncn12,0.09140628907415602,0.7125
rxn:2:95971:157804,COc1ccc2ncnc(-c3ccc(C(C)NCc4cc5n(n4)CCSC5)s3)c2c1,0.0913996954758962,0.631578947368421
rxn:2:76034:173019,CCn1nc(CNC(C)c2ccc(-c3cn(C(C)=O)c4ccccc34)s2)cc1C1CCCCC1,0.09139421406914205,0.7777777777777778
rxn:2:92744:147854,CCn1nnc(CNC(C)c2ccc(-c3ccc4c(c3)c(C)nn4C)s2)c1COC,0.09139391779899597,0.6301369863013698
rxn:2:106162:169604,CC(NCc1ncc(-c2cc[nH]c2)[nH]1)c1ccc(-c2ccc3ncsc3c2)s1,0.09139324937547956,0.7164179104477612
rxn:2:102843:157753,CCc1c[nH]c2ncnc(-c3ccc(C(C)NCCc4cc(-c5cnccn5)n[nH]4)s3)c12,0.09139316901564598,0.6301369863013698
rxn:2:93093:157188,COc1c(-c2ccc(C(C)NCc3cc4c(s3)CCSC4)s2)ccnc1C,0.09138601135324549,0.6857142857142857
rxn:2:108956:158710,Cc1c[nH]c2nccc(-c3ccc(C(C)NCc4cc(OC(C)C)ncn4)s3)c12,0.09138436564083757,0.6567164179104478
rxn:2:112263:168965,CC(NCc1cc2c(s1)CCOC2)c1ccc(-c2cccc(-c3cnco3)c2)s1,0.09138204722568907,0.6164383561643836
rxn:2:93632:167000,Cc1cccc2cc(-c3cnc(C(C)NCc4nc5c(s4)CSCC5)s3)cnc12,0.09137785640256159,0.6301369863013698
rxn:2:150051:157804,COc1ccc2ncnc(-c3ccc(C(C)NCc4nc(Cc5ccc(C(C)C)cc5)c(C)[nH]4)s3)c2c1,0.09137236427616428,0.6708860759493671
rxn:2:72179:158710,CCOc1cncc(CNC(C)c2ccc(-c3ccnc4[nH]cc(C)c34)s2)n1,0.0913705016885485,0.676923076923077
rxn:2:131133:163340,Cc1cc(C)c2cc(CCC(C)NCC3CCN(c4ncnc5ccsc45)C3)c(=O)n(C)c2c1,0.09136184173471787,0.6282051282051282
rxn:2:108866:157753,CCc1c[nH]c2ncnc(-c3ccc(C(C)NCc4coc(-c5cccs5)n4)s3)c12,0.091357421875,0.647887323943662
rxn:2:140182:145209,Cc1ccc2c(CCNC(C)c3ccc(-c4cc(C)c5c(cnn5C)c4)s3)n[nH]c2c1,0.09135628515674223,0.7464788732394366
rxn:2:73994:158710,Cc1c[nH]c2nccc(-c3ccc(C(C)NCC4CC4S(C)(=O)=O)s3)c12,0.09134526665394123,0.6865671641791045
rxn:2:162273:145209,Cc1cc(-c2ccc(C(C)NCCc3nnn(-c4ccc(C(C)(C)C)cc4)n3)s2)cc2cnn(C)c12,0.09134498569700453,0.631578947368421
rxn:2:81567:147854,Cc1nn(C)c2ccc(-c3ccc(C(C)NCCc4cn5c(C)csc5n4)s3)cc12,0.09133821328481039,0.7428571428571429
rxn:2:105797:151299,CCCn1cnc(CNC(C)c2ccc(-c3ccc4nccn4c3C)s2)c1,0.09133690816384775,0.8983050847457628
rxn:2:131848:151299,CCc1ccnc(CNC(C)c2ccc(-c3ccc4nccn4c3C)s2)c1,0.09133670727411906,0.6984126984126984
rxn:2:122532:144913,Cc1nc(CNC(C)c2ccc(-c3ccc4ncc(=O)n(C)c4c3)s2)sc1C(C)(F)F,0.0913311819876394,0.6486486486486487
rxn:2:108529:171323,COc1ccc(-c2cc3sccc3s2)cc1C(C)Nc1nc2cnncc2[nH]1,0.09132138746125358,0.671875
rxn:2:108529:119339,CCC(Nc1nc2cnncc2[nH]1)c1ccc(-c2cc[nH]c2)s1,0.09131982015526813,0.7
rxn:2:148110:149983,COc1cnc2[nH]cc(-c3ccc(C(C)NCc4cc5cccc6c5n(c4=O)CCC6)s3)c2c1,0.09131885276121252,0.6428571428571429
rxn:2:100178:158710,Cc1cccc2nc(CCNC(C)c3ccc(-c4ccnc5[nH]cc(C)c45)s3)[nH]c12,0.09131703575452169,0.7101449275362319
rxn:2:119262:156548,Cc1sc(CNC(C)c2ccc(-c3cccc4nsnc34)s2)nc1C(C)C,0.09131379039199264,0.6885245901639344
rxn:2:133444:148983,CCn1ccnc1CCNC(C)c1ccc(-c2ccc3o[nH]c(=O)c3c2)s1,0.09131348133087158,0.7246376811594203
rxn:2:68601:159258,CC(NCc1nc(-c2ccsc2)no1)c1ncc(-c2ccc3ncsc3c2)s1,0.0913131343466895,0.859375
rxn:2:134643:142264,CCC(NCCc1nc(C)c(C)c(=O)[nH]1)c1ccc(-c2ccc3c(cnn3C)c2)s1,0.0913115660349528,0.6351351351351351
rxn:2:92419:169604,CC(NCc1noc(C(C(C)C)n2cccc2)n1)c1ccc(-c2ccc3ncsc3c2)s1,0.09130604937672615,0.7692307692307693
rxn:2:90224:145209,Cc1cc(-c2ccc(C(C)N[C@H]3CCCn4ncnc43)s2)cc2cnn(C)c12,0.0913053687129702,0.5945945945945946
rxn:2:105213:148983,CCc1cn[nH]c1CCNC(C)c1ccc(-c2ccc3o[nH]c(=O)c3c2)s1,0.09129647413889568,0.7121212121212122
rxn:2:91720:156548,CC(NCc1[nH]nc2c1CSCC2)c1ccc(-c2cccc3nsnc23)s1,0.09129187795850965,0.6
rxn:2:111918:158710,Cc1c[nH]c2nccc(-c3ccc(C(C)NCCc4nc5cc(CC(C)C)ccc5o4)s3)c12,0.09128692294612076,0.6986301369863014
rxn:2:159695:159258,CCc1nn(-c2ccnc(C(C)C)c2)cc1CNC(C)c1ncc(-c2ccc3ncsc3c2)s1,0.09127698575749117,0.5949367088607594
rxn:2:70572:168965,CC(NCc1cn[nH]c1-c1cccs1)c1ccc(-c2cccc(-c3cnco3)c2)s1,0.09127355019251505,0.6
rxn:2:92948:158710,Cc1c[nH]c2nccc(-c3ccc(C(C)NCCn4c(C)nnc4CC4CCC4)s3)c12,0.09126854711963285,0.625
rxn:2:127234:168965,CSCc1nc(CNC(C)c2ccc(-c3cccc(-c4cnco4)c3)s2)cs1,0.09126514622143336,0.6621621621621622
rxn:2:90031:145209,Cc1nc(CNC(C)c2ccc(-c3cc(C)c4c(cnn4C)c3)s2)c(C)[nH]1,0.0912620712209631,0.75
rxn:2:134914:145209,Cc1cc(-c2ccc(C(C)NCCn3nncc3C)s2)cc2cnn(C)c12,0.09125992545375118,0.7301587301587301
rxn:2:136440:157753,CCc1c[nH]c2ncnc(-c3ccc(C(C)NCCc4[nH]nc5c4CCCC5)s3)c12,0.09124959707260132,0.6578947368421053
rxn:2:124266:158710,Cc1c[nH]c2nccc(-c3ccc(C(C)NCCc4c[nH]c5ncnc(C6CCC6)c45)s3)c12,0.0912485122680664,0.7285714285714285
rxn:2:104970:157753,CCc1c[nH]c2ncnc(-c3ccc(C(C)Nc4cc(C(C)C)n(C(C)C)n4)s3)c12,0.09124728242556254,0.6615384615384615
rxn:2:112309:158710,Cc1c[nH]c2nccc(-c3ccc(C(C)Nc4ccnc(OCC5CCCO5)c4)s3)c12,0.09124528592632662,0.6486486486486487
rxn:2:102433:157804,COc1ccc2ncnc(-c3ccc(C(C)NCCc4cc(C5CC5)n(C)n4)s3)c2c1,0.0912374084995639,0.6986301369863014
rxn:2:105957:169777,COc1cncc2[nH]cc(CCNC(C)c3ccc(-c4ccc5nc(C)sc5c4)s3)c12,0.09123575879681495,0.7887323943661971
rxn:2:119262:157753,CCc1c[nH]c2ncnc(-c3ccc(C(C)NCc4nc(C(C)C)c(C)s4)s3)c12,0.09123105838381011,0.703125
rxn:2:139209:92488,CC(Nc1n[nH]c(=O)[nH]1)c1cc(-c2ccsc2)cs1,0.09122755652979801,0.8260869565217391
rxn:2:127175:157753,CCc1c[nH]c2ncnc(-c3ccc(C(C)NCc4c[nH]c5ncccc45)s3)c12,0.09121907168421252,0.7868852459016393
rxn:2:69203:157188,COc1c(-c2ccc(C(C)NCCc3nccc4cc[nH]c34)s2)ccnc1C,0.0912159915481295,0.696969696969697
rxn:2:150591:157753,CCc1c[nH]c2ncnc(-c3ccc(C(C)Nc4cc(-c5ccc6c(c5)OCCO6)n[nH]4)s3)c12,0.09121333150302663,0.6933333333333334
rxn:2:167880:157753,CCc1c[nH]c2ncnc(-c3ccc(C(C)Nc4nc5[nH]c6ccccc6c5c(=O)[nH]4)s3)c12,0.09121062900080826,0.6388888888888888
rxn:2:95645:170874,Cc1cc(-c2ccc(C(C)NCCc3nc4c([nH]3)CCCC4)s2)cc2cccnc12,0.0912041942278544,0.684931506849315
rxn:2:124997:156548,CC(NCC1C(c2ncc[nH]2)C1(F)F)c1ccc(-c2cccc3nsnc23)s1,0.0911937483719417,0.5492957746478874
rxn:2:113674:171510,CCC(NCc1cc(C2CC2)nc(C2CC2)n1)c1ccc(-c2ccc3ncsc3c2)s1,0.09117724049475885,0.8095238095238095
rxn:2:119851:157753,CCc1c[nH]c2ncnc(-c3ccc(C(C)NC[C@@H]4CCO[C@H]4c4cn[nH]c4)s3)c12,0.09117473761240641,0.6329113924050633
rxn:2:121147:159258,CC(NCc1cc2c(s1)CCCS2)c1ncc(-c2ccc3ncsc3c2)s1,0.09117068626262524,0.6470588235294118
rxn:2:112263:147106,CC(NCc1cc2c(s1)CCOC2)c1ccc(-c2ccc3c(c2)ncn3C)s1,0.09116824609892708,0.5945945945945946
rxn:2:77576:159258,CC(NCc1cc(C2CC2)ccn1)c1ncc(-c2ccc3ncsc3c2)s1,0.09116726451449925,0.696969696969697
rxn:2:133107:149983,COc1cnc2[nH]cc(-c3ccc(C(C)NCc4ccc5oc(=O)n(C)c5c4)s3)c2c1,0.09116685967291555,0.6493506493506493
rxn:2:93632:161792,CC(NCc1nc2c(s1)CSCC2)c1ccc(-c2cc3c(=O)nc[nH]c3s2)cn1,0.09116544805724046,0.75
rxn:2:108529:107408,CC(Nc1nc2cnncc2[nH]1)c1ccc(-c2ccsc2)s1,0.09116152199831876,0.7169811320754716
rxn:2:88800:157515,CCn1ncc2cc(-c3ncc(C(C)NCCc4n[nH]c5cccc(C)c45)s3)ccc21,0.09115229498955511,0.6538461538461539
rxn:2:120772:124273,CC(Nc1ncc(C(F)(F)c2nnn[nH]2)s1)c1ccc(-c2cnsc2)s1,0.09114486896074735,0.47058823529411764
rxn:2:111558:155002,Cc1ccc(-c2ccc(C(C)NCc3csc(C4CC(C)C4)n3)s2)c2cn[nH]c12,0.09114118280081913,0.6447368421052632
rxn:2:110083:145209,Cc1cc(-c2ccc(C(C)NCCc3cnc(-c4cccs4)s3)s2)cc2cnn(C)c12,0.09113742843750984,0.7123287671232876
rxn:2:124806:145452,CCc1nnc2ccc(CNC(C)c3ccc(-c4ccc5cc[nH]c(=O)c5c4)s3)cn12,0.09113440590520058,0.6923076923076923
rxn:2:83604:159258,CC(NCC1N=N1)c1ncc(-c2ccc3ncsc3c2)s1,0.09113013744354248,0.6727272727272727
rxn:2:154694:168965,CC(NCc1c[nH]c(Cc2ccc(C(C)(C)C)cc2)n1)c1ccc(-c2cccc(-c3cnco3)c2)s1,0.09112984935442607,0.6944444444444444
rxn:2:130401:130267,CSCCC(NC(C)c1ccc2ccsc2c1)c1ncno1,0.09112959558313544,0.5373134328358209
rxn:2:82678:158710,Cc1c[nH]c2nccc(-c3ccc(C(C)NCC[C@H]4CCN(C)C4)s3)c12,0.09112887657605685,0.6515151515151515
rxn:2:100752:148983,CC(NCc1nc(C(C)(C)C)c[nH]1)c1ccc(-c2ccc3o[nH]c(=O)c3c2)s1,0.09112637383597237,0.734375
rxn:2:118855:164117,CCOc1cc(CNC(C)c2ccc(-c3cc4c(cn3)ncn4C)s2)nn1C,0.09111834636756352,0.7121212121212122
rxn:2:135604:146547,COc1nc(CNC(C)c2ccc(-c3cnc4c(ccn4C)c3)s2)ccc1C1CC1,0.09111501375834147,0.6666666666666666
rxn:2:93093:142273,CC(NCc1cc2c(s1)CCSC2)c1ccc(-c2cnc(N(C)C)s2)s1,0.09111301257060124,0.65625
rxn:2:82405:158710,Cc1c[nH]c2nccc(-c3ccc(C(C)Nc4cc(COCC(C)C)ccn4)s3)c12,0.09111021359761556,0.65625
rxn:2:120150:165909,COc1cc(CNC(C)c2ccc(-c3cnc(SC)n4cnnc34)s2)cc(N(C)C)n1,0.09110942579084827,0.6410256410256411
rxn:2:139952:145452,Cc1cc2[nH]nc(CNC(C)c3ccc(-c4ccc5cc[nH]c(=O)c5c4)s3)c2o1,0.09110556799789955,0.6486486486486487
rxn:2:84444:164117,Cc1sc2nc(CNC(C)c3ccc(-c4cc5c(cn4)ncn5C)s3)cn2c1C,0.09110431835569184,0.7246376811594203
rxn:2:124130:145209,COc1ccc2nc(CNC(C)c3ccc(-c4cc(C)c5c(cnn5C)c4)s3)sc2c1,0.09109836432241625,0.6857142857142857
rxn:2:71158:124273,CC(Nc1ccnc2c(=O)[nH]oc12)c1ccc(-c2cnsc2)s1,0.09109391725581625,0.6119402985074627
rxn:2:70348:171510,CCC(NCCc1cn2c(n1)SCC2)c1ccc(-c2ccc3ncsc3c2)s1,0.09108311789376396,0.8181818181818182
rxn:2:124807:157188,COc1c(-c2ccc(C(C)NCc3cn4cc(C)ccc4n3)s2)ccnc1C,0.09107773005962372,0.765625
rxn:2:134313:149921,CC(NCc1cc2c(s1)CSCC2)c1ccc(-c2nc3ccsc3c(=O)[nH]2)s1,0.0910748839378357,0.5844155844155844
rxn:2:112986:145209,CCN(c1cc(CNC(C)c2ccc(-c3cc(C)c4c(cnn4C)c3)s2)ccn1)C(C)C,0.09106132201850414,0.7352941176470589
rxn:2:117969:74375,Cc1csc(-c2cc(NC(C)c3ccnc4ccsc34)[nH]n2)c1,0.09105907574943874,0.5081967213114754
rxn:2:122568:158710,CCCc1nc(CNC(C)c2ccc(-c3ccnc4[nH]cc(C)c34)s2)no1,0.09105680165467439,0.7727272727272727
rxn:2:102496:158710,Cc1c[nH]c2nccc(-c3ccc(C(C)NCC4CCCCC4Sc4cnn(C)c4)s3)c12,0.09105663560330868,0.6
rxn:2:156430:158710,CCc1nnc2c(=O)n(CCNC(C)c3ccc(-c4ccnc5[nH]cc(C)c45)s3)ccn12,0.09105212055146694,0.6103896103896104
rxn:2:128475:145452,Cc1ccc2cc(CNC(C)c3ccc(-c4ccc5cc[nH]c(=O)c5c4)s3)[nH]c2n1,0.09105189641316731,0.6956521739130435
rxn:2:117470:148983,CC(NCCc1ncc2ccccn12)c1ccc(-c2ccc3o[nH]c(=O)c3c2)s1,0.0910468574227958,0.7361111111111112
rxn:2:103715:157753,CCc1c[nH]c2ncnc(-c3ccc(C(C)NCc4cn5nc(C)ccc5n4)s3)c12,0.09104585647583008,0.7
rxn:2:90491:157753,CCc1c[nH]c2ncnc(-c3ccc(C(C)Nc4cc(C5CC5)nn4C(C)C4(C)CC4)s3)c12,0.09104545730533022,0.65
rxn:2:144952:147854,Cc1nn(C)c2ccc(-c3ccc(C(C)NC4CCN(c5ncc6c(C(C)C)c[nH]c6n5)C4)s3)cc12,0.09104013939698537,0.6585365853658537
rxn:2:79681:158710,Cc1c[nH]c2nccc(-c3ccc(C(C)NCCC4CCC4)s3)c12,0.09103616575400035,0.71875
rxn:2:117157:145209,COc1ccc(C2CC2)cc1CNC(C)c1ccc(-c2cc(C)c3c(cnn3C)c2)s1,0.09103473540275328,0.7611940298507462
rxn:2:80329:156548,Cc1nc(CNC(C)c2ccc(-c3cccc4nsnc34)s2)cc(C(C)C)n1,0.09103428465979439,0.75
rxn:2:72945:164117,CCc1c(C)nc(CNC(C)c2ccc(-c3cc4c(cn3)ncn4C)s2)n1C,0.09103412287575859,0.7076923076923077
rxn:2:126933:145209,Cc1cc(-c2ccc(C(C)NCCC(c3ccc[nH]3)N(C)C)s2)cc2cnn(C)c12,0.09103172620137533,0.6470588235294118
rxn:2:135254:164117,CC(NCc1nc(CCC2CCCCC2)cs1)c1ccc(-c2cc3c(cn2)ncn3C)s1,0.0910304132848978,0.6625
rxn:2:69041:165909,CCc1n[nH]cc1CC(C)NC(C)c1ccc(-c2cnc(SC)n3cnnc23)s1,0.09102452212366564,0.6986301369863014
rxn:2:120615:158710,CCn1nccc1CCNC(C)c1ccc(-c2ccnc3[nH]cc(C)c23)s1,0.0910220190330788,0.7096774193548387
rxn:2:81768:165748,CCc1nc(CNC(C)c2ccc(-c3cnc(N4CCOCC4)s3)s2)ccc1OC,0.0910143256187439,0.6410256410256411
rxn:2:84573:147854,Cc1nn(C)c2ccc(-c3ccc(C(C)NCCc4nccc(C(C)C)n4)s3)cc12,0.09100645383199056,0.6619718309859155
rxn:2:123364:151299,CCOc1ccc(CNC(C)c2ccc(-c3ccc4nccn4c3C)s2)cc1C,0.09100071931707449,0.6764705882352942
rxn:2:110613:169604,CC(NCCC1CC1c1ccsc1)c1ccc(-c2ccc3ncsc3c2)s1,0.09100069381572583,0.7
rxn:2:115183:158710,Cc1c[nH]c2nccc(-c3ccc(C(C)NCc4cc5nccnc5[nH]4)s3)c12,0.09099740215710231,0.696969696969697
rxn:2:124650:158710,Cc1c[nH]c2nccc(-c3ccc(C(C)NCCc4ccc5ncsc5c4)s3)c12,0.09098972328777971,0.696969696969697
rxn:2:101965:158710,Cc1c(CNC(C)c2ccc(-c3ccnc4[nH]cc(C)c34)s2)cnc2c1CCCC2,0.09098211924235027,0.7205882352941176
rxn:2:133775:158710,Cc1c[nH]c2nccc(-c3ccc(C(C)NCc4ccnc(N5CCC(C)CC5)n4)s3)c12,0.0909772664308548,0.684931506849315
rxn:2:123420:168965,COc1sc2c(c1CNC(C)c1ccc(-c3cccc(-c4cnco4)c3)s1)CCCN2C,0.09097720496356487,0.5555555555555556
rxn:2:164058:158710,Cc1c[nH]c2nccc(-c3ccc(C(C)NCCc4c[nH]c5ccc6c(c45)OCCO6)s3)c12,0.0909768668088046,0.7391304347826086
rxn:2:114630:145452,CC(NCc1c[nH]nc1C1CCOC1)c1ccc(-c2ccc3cc[nH]c(=O)c3c2)s1,0.09097344875335693,0.72
rxn:2:108627:150247,Cc1cccc2[nH]cc(CNC(C)c3ccc(-c4ccc5n[nH]c(=O)n5c4)s3)c12,0.09097336078512258,0.8115942028985508
rxn:2:130921:169604,CCc1nc(CCNC(C)c2ccc(-c3ccc4ncsc4c3)s2)c2n1CCCC2,0.09097301562627157,0.7027027027027027
rxn:2:156787:157804,COc1ccc2ncnc(-c3ccc(C(C)NCc4cc(-c5cnoc5C)nc(C5CC5)n4)s3)c2c1,0.09097245997852749,0.8181818181818182
rxn:2:137383:170874,Cc1cc(C)c2oc(CNC(C)c3ccc(-c4cc(C)c5ncccc5c4)s3)cc2c1,0.09096953176682995,0.6666666666666666
rxn:2:93632:157753,CCc1c[nH]c2ncnc(-c3ccc(C(C)NCc4nc5c(s4)CSCC5)s3)c12,0.09095971748746674,0.6805555555555556
rxn:2:121044:151299,CCc1cc(CNC(C)c2ccc(-c3ccc4nccn4c3C)s2)nc(C)n1,0.09095937865121025,0.8064516129032258
rxn:2:144952:148983,CC(C)c1c[nH]c2nc(N3CCC(NC(C)c4ccc(-c5ccc6o[nH]c(=O)c6c5)s4)C3)ncc12,0.09094655854361398,0.6511627906976745
rxn:2:69030:157753,CCc1c[nH]c2ncnc(-c3ccc(C(C)Nc4cc(C5CCC5)nn4C)s3)c12,0.0909434413087779,0.7222222222222222
rxn:2:134525:156548,CC(C)Cc1cc(CNC(C)c2ccc(-c3cccc4nsnc34)s2)no1,0.09093871160789772,0.6307692307692307
rxn:2:123429:170874,Cc1cc2c(C)c[nH]c2cc1CNC(C)c1ccc(-c2cc(C)c3ncccc3c2)s1,0.09093855657885151,0.6865671641791045
rxn:2:146848:158710,COc1c(C)cc(-c2noc(CNC(C)c3ccc(-c4ccnc5[nH]cc(C)c45)s3)n2)cc1C,0.0909380877719206,0.6973684210526315
rxn:2:80594:124273,CC(Nc1cc(=O)n2nccc2[nH]1)c1ccc(-c2cnsc2)s1,0.09093733196673186,0.711864406779661
rxn:2:99509:157188,COc1c(-c2ccc(C(C)NCc3cc(C)nc(C(C)C)n3)s2)ccnc1C,0.09093564748764038,0.6875
rxn:2:115497:145209,CCCc1nc(C)c(CNC(C)c2ccc(-c3cc(C)c4c(cnn4C)c3)s2)s1,0.09093480480128321,0.8064516129032258
rxn:2:136201:156501,CCOc1cccc2[nH]cc(CCNC(C)c3ccc(-c4cc(=O)[nH]c5ncccc45)s3)c12,0.09093478592959317,0.65
rxn:2:165936:161792,CC(Nc1nc(=O)c2c3c(sc2[nH]1)CSC3)c1ccc(-c2cc3c(=O)nc[nH]c3s2)cn1,0.0909291934221983,0.5185185185185185
rxn:2:110667:157753,CCc1c[nH]c2ncnc(-c3ccc(C(C)NCc4nnc5cc6c(nn45)CCC6)s3)c12,0.09092815592885017,0.6125
rxn:2:116629:157753,CCc1c[nH]c2ncnc(-c3ccc(C(C)NCCc4ncc5n4CCCC5)s3)c12,0.09092334508895875,0.6842105263157895
rxn:2:127747:157188,COc1c(-c2ccc(C(C)NCCc3n[nH]c4ccsc34)s2)ccnc1C,0.09092035116972746,0.581081081081081
rxn:2:70967:157804,COc1ccc2ncnc(-c3ccc(C(C)NCc4c[nH]c5ncc(C)nc45)s3)c2c1,0.09091404176527454,0.6756756756756757
rxn:2:127299:145452,CC1CCc2c1c(CNC(C)c1ccc(-c3ccc4cc[nH]c(=O)c4c3)s1)nn2C,0.09090573986371359,0.6842105263157895
rxn:2:121642:158710,Cc1ccc(C)c(-n2cnc(CNC(C)c3ccc(-c4ccnc5[nH]cc(C)c45)s3)n2)c1,0.0909043699502945,0.6216216216216216
rxn:2:93093:152911,CC(NCc1cc2c(s1)CCSC2)c1ccc(-c2ccc3ncsc3c2)c2c1OCO2,0.09090309181521015,0.5365853658536586
rxn:2:140366:161792,CC(NCCc1[nH]ncc1-c1cc[nH]c1)c1ccc(-c2cc3c(=O)nc[nH]c3s2)cn1,0.09090251115060621,0.5866666666666667
rxn:2:97081:158710,CCC(C)C(NC(C)c1ccc(-c2ccnc3[nH]cc(C)c23)s1)c1nc[nH]n1,0.09090055738176618,0.7384615384615385
rxn:2:152489:144913,CC(NCCc1cn2c(-c3cn[nH]c3)csc2n1)c1ccc(-c2ccc3ncc(=O)n(C)c3c2)s1,0.09088530370167323,0.7468354430379747
rxn:2:127539:170874,Cc1cc(-c2ccc(C(C)NCc3cc(C(C)(C)C)[nH]n3)s2)cc2cccnc12,0.09088339476749815,0.6666666666666666
rxn:2:70165:170892,CC(NCC1CC1c1cnc[nH]1)c1ccc(-c2cc3sccc3s2)s1,0.09088155031204223,0.6521739130434783
rxn:2:132220:151299,CSc1ncc(CNC(C)c2ccc(-c3ccc4nccn4c3C)s2)cc1C,0.09087952545710973,0.7142857142857143
rxn:2:112861:145209,Cc1cc(-c2ccc(C(C)NCc3n[nH]cc3C3CC3)s2)cc2cnn(C)c12,0.09087727538176946,0.7681159420289855
rxn:2:74207:145452,CC(NCc1nc(C2CCCC2)c2n1CCC2)c1ccc(-c2ccc3cc[nH]c(=O)c3c2)s1,0.09087056102174701,0.6578947368421053
rxn:2:89474:157753,CCc1c[nH]c2ncnc(-c3ccc(C(C)Nc4ncnn4C4CCCSC4)s3)c12,0.09086864391962687,0.7777777777777778
rxn:2:112563:145452,COc1cccc2cc(CNC(C)c3ccc(-c4ccc5cc[nH]c(=O)c5c4)s3)oc12,0.09086433918245378,0.7142857142857143
rxn:2:92353:145209,Cc1cc(-c2ccc(C(C)NCCC3CCC(C)(C)C3C)s2)cc2cnn(C)c12,0.0908558779749377,0.7
rxn:2:119262:149983,COc1cnc2[nH]cc(-c3ccc(C(C)NCc4nc(C(C)C)c(C)s4)s3)c2c1,0.09085513188921172,0.7611940298507462
rxn:2:127844:160502,CCC(NCc1ccc2c(c1)N(CC)CC2)c1ccc(-c2ccc3cnn(C)c3c2)s1,0.0908513972836156,0.631578947368421
rxn:2:162592:151299,Cc1ccc(C)c2c(C)nc(CNC(C)c3ccc(-c4ccc5nccn5c4C)s3)nc12,0.09084930829703808,0.6323529411764706
rxn:2:106571:158710,Cc1c[nH]c2nccc(-c3ccc(C(C)Nc4nnn(C)c4C(C)C)s3)c12,0.09083573464994077,0.8
rxn:2:109921:157804,COc1ccc2ncnc(-c3ccc(C(C)NCc4nc(-c5ccccc5OC)no4)s3)c2c1,0.09083573432529674,0.6351351351351351
rxn:2:69203:150247,CC(NCCc1nccc2cc[nH]c12)c1ccc(-c2ccc3n[nH]c(=O)n3c2)s1,0.09083559595305345,0.6891891891891891
rxn:2:82809:158710,Cc1cc(C2CC2)[nH]c(=O)c1CNC(C)c1ccc(-c2ccnc3[nH]cc(C)c23)s1,0.09083538651466369,0.7205882352941176
rxn:2:114213:171510,CCC(Nc1c[nH][nH]c1=O)c1ccc(-c2ccc3ncsc3c2)s1,0.09082854290803273,0.6721311475409836
rxn:2:123429:142264,CCC(NCc1cc2[nH]cc(C)c2cc1C)c1ccc(-c2ccc3c(cnn3C)c2)s1,0.09082221792590234,0.7083333333333334
rxn:2:71158:85686,CC(Nc1ccnc2c(=O)[nH]oc12)c1csc(-c2cccs2)c1,0.09081923184187515,0.5833333333333334
rxn:2:114693:149983,COc1cnc2[nH]cc(-c3ccc(C(C)NCc4cn5nc(C6CC6)ccc5n4)s3)c2c1,0.09081358090043068,0.7215189873417721
rxn:2:119262:148983,Cc1sc(CNC(C)c2ccc(-c3ccc4o[nH]c(=O)c4c3)s2)nc1C(C)C,0.09080820849963597,0.75
rxn:2:116361:158710,Cc1c[nH]c2nccc(-c3ccc(C(C)NCc4ncc(-c5ccncc5)o4)s3)c12,0.09080011049906413,0.6388888888888888
rxn:2:90533:85400,COc1cc(C)ccc1-c1cc(CNC(C)c2ccc(-c3cccnc3)s2)n[nH]1,0.09079475649471941,0.6956521739130435
rxn:2:130401:145209,CSCCC(NC(C)c1ccc(-c2cc(C)c3c(cnn3C)c2)s1)c1ncno1,0.09079310195199375,0.6111111111111112
rxn:2:142439:158710,Cc1ccc2nc(-c3noc(CNC(C)c4ccc(-c5ccnc6[nH]cc(C)c56)s4)n3)oc2c1,0.09079286631415873,0.6933333333333334
rxn:2:74365:171510,CCC(NCc1nnc(SC)s1)c1ccc(-c2ccc3ncsc3c2)s1,0.09078781879865207,0.71875
rxn:2:68404:158710,CCOc1ccnc(CNC(C)c2ccc(-c3ccnc4[nH]cc(C)c34)s2)n1,0.09078642725944519,0.671875
rxn:2:131102:158710,COc1ccncc1C(F)(F)CNC(C)c1ccc(-c2ccnc3[nH]cc(C)c23)s1,0.09078458944956462,0.6857142857142857
rxn:2:131515:156548,CC(NCc1cc(-c2ccoc2)nc(C2CC2)n1)c1ccc(-c2cccc3nsnc23)s1,0.09078428894281387,0.7361111111111112
rxn:2:117969:156548,Cc1csc(-c2cc(NC(C)c3ccc(-c4cccc5nsnc45)s3)[nH]n2)c1,0.09077943009989602,0.7076923076923077
rxn:2:123429:168965,Cc1cc2c(C)c[nH]c2cc1CNC(C)c1ccc(-c2cccc(-c3cnco3)c2)s1,0.09077303255757978,0.7910447761194029
rxn:2:105134:158710,CCSc1n[nH]c(NC(C)c2ccc(-c3ccnc4[nH]cc(C)c34)s2)n1,0.09077098507147568,0.7230769230769231
rxn:2:104981:158710,CCOc1c[nH]nc1CCNC(C)c1ccc(-c2ccnc3[nH]cc(C)c23)s1,0.09077067034585136,0.696969696969697
rxn:2:145119:145452,CCOc1ccc(-c2[nH]c(CNC(C)c3ccc(-c4ccc5cc[nH]c(=O)c5c4)s3)nc2C)cc1C,0.09076814022329119,0.6578947368421053
rxn:2:70178:164117,CC(NCc1cnc2ccccc2n1)c1ccc(-c2cc3c(cn2)ncn3C)s1,0.09076193694410653,0.71875
rxn:2:123961:165126,Cc1cccc2[nH]cc(CCNC(C)c3ccc(-c4ccnc5[nH]ncc45)s3)c12,0.0907617108575229,0.7575757575757576
rxn:2:80952:172033,Cc1cc(CNC(C)c2ccc(-c3ccc(-c4cn[nH]c4)cc3)s2)nc(N(C)C)n1,0.09075864950815836,0.6268656716417911
rxn:2:93306:164117,CC(NCCC1CC1c1cnc2[nH]ccc2n1)c1ccc(-c2cc3c(cn2)ncn3C)s1,0.09075826033949852,0.5555555555555556
rxn:2:104218:145209,Cc1cc(-c2ccc(C(C)NCc3ccc4c(c3)S(=O)(=O)CC4)s2)cc2cnn(C)c12,0.09075641632080078,0.7391304347826086
rxn:2:74699:151299,COc1nc(NC(C)c2ccc(-c3ccc4nccn4c3C)s2)ncc1SC,0.0907533232654844,0.6285714285714286
rxn:2:138744:158710,CCc1nc(=O)c(C)c(NC(C)c2ccc(-c3ccnc4[nH]cc(C)c34)s2)[nH]1,0.09075014293193817,0.6865671641791045
rxn:2:83020:168163,CSc1ncnc(NC(C)c2ccc(-c3ncncc3C)s2)n1,0.09074181577433711,0.6451612903225806
rxn:2:88112:157753,CCc1c[nH]c2ncnc(-c3ccc(C(C)NCc4c[nH]nc4-c4ccco4)s3)c12,0.09073524475097657,0.6338028169014085
rxn:2:91606:158710,Cc1c[nH]c2nccc(-c3ccc(C(C)NCc4ncc5ccc(C)n5n4)s3)c12,0.09073485588205271,0.6811594202898551
rxn:2:96587:142947,CCn1cccc1-c1noc(CNC2COc3cc(-c4ccc5c(cnn5CC)c4)ccc32)n1,0.09072845823624555,0.4827586206896552
rxn:2:123206:157753,CCc1c[nH]c2ncnc(-c3ccc(C(C)NC(C)CCc4c[nH]c5c(C)cccc45)s3)c12,0.09072212378184001,0.6571428571428571
rxn:2:85041:149983,CCc1cc(CNC(C)c2ccc(-c3c[nH]c4ncc(OC)cc34)s2)cc(C)n1,0.09071371473115065,0.7101449275362319
rxn:2:121718:152492,CCn1nc(CNC(C)c2ccc(-c3ccc4[nH]cnc4c3C)s2)cc1CC1CC1,0.09071000417073567,0.6756756756756757
rxn:2:103827:149983,COc1cc(C)nc(CCNC(C)c2ccc(-c3c[nH]c4ncc(OC)cc34)s2)c1,0.0907057762145996,0.6811594202898551
rxn:2:100752:147854,Cc1nn(C)c2ccc(-c3ccc(C(C)NCc4nc(C(C)(C)C)c[nH]4)s3)cc12,0.0906936320765265,0.7121212121212122
rxn:2:93632:165729,CC(NCc1nc2c(s1)CSCC2)c1cnc(-c2ccnc(N3CCOCC3)c2)s1,0.09069346984227498,0.4878048780487805
rxn:2:93093:166234,CC(NCc1cc2c(s1)CCSC2)c1cnc(-c2ccc3ncsc3c2)s1,0.09068804979324341,0.6268656716417911
rxn:2:134082:148983,COc1ccc(CNC(C)c2ccc(-c3ccc4o[nH]c(=O)c4c3)s2)nc1C,0.09068796038627625,0.8153846153846154
rxn:2:87573:158710,Cc1ccc(C2C(CNC(C)c3ccc(-c4ccnc5[nH]cc(C)c45)s3)C2(F)F)nn1,0.09067406961994787,0.5753424657534246
rxn:2:122387:158710,CCC(C)n1c(C)nnc1CC1CC(NC(C)c2ccc(-c3ccnc4[nH]cc(C)c34)s2)C1,0.09067058201992151,0.6351351351351351
rxn:2:80499:157753,CCc1c[nH]c2ncnc(-c3ccc(C(C)NCc4cnc(C5CC5)s4)s3)c12,0.09066721371241979,0.7205882352941176
rxn:2:103609:152911,Cc1nc(CNC(C)c2ccc(-c3ccc4ncsc4c3)c3c2OCO3)cc(C(C)(C)C)n1,0.09066401105938536,0.5822784810126582
rxn:2:70932:164117,Cc1ccc2[nH]c(CNC(C)c3ccc(-c4cc5c(cn4)ncn5C)s3)nc2c1C,0.09065545797348022,0.7910447761194029
rxn:2:88800:147106,Cc1cccc2[nH]nc(CCNC(C)c3ccc(-c4ccc5c(c4)ncn5C)s3)c12,0.09064907630284627,0.6282051282051282
rxn:2:138177:170874,CCC(C)c1cc(CNC(C)c2ccc(-c3cc(C)c4ncccc4c3)s2)no1,0.09063787295900542,0.6666666666666666
rxn:2:109445:147854,Cc1ccc(N(C)Cc2csc(CNC(C)c3ccc(-c4ccc5c(c4)c(C)nn5C)s3)n2)cc1,0.09063573735100883,0.6419753086419753
rxn:2:70531:157753,CCc1c[nH]c2ncnc(-c3ccc(C(C)Nc4cc(OC(C)C)[nH]n4)s3)c12,0.09063140622207097,0.6956521739130435
rxn:2:156787:160502,CCC(NCc1cc(-c2cnoc2C)nc(C2CC2)n1)c1ccc(-c2ccc3cnn(C)c3c2)s1,0.09061863762991769,0.6626506024096386
rxn:2:161678:147854,Cc1nn(C)c2ccc(-c3ccc(C(C)NCc4cn(C)c5nc(C6CCCC6)nc(C)c45)s3)cc12,0.0906125803788503,0.6578947368421053
rxn:2:125389:150247,CC(NCc1cnc2c(c1)CCCCC2)c1ccc(-c2ccc3n[nH]c(=O)n3c2)s1,0.0906072735786438,0.6233766233766234
rxn:2:138587:158710,Cc1c[nH]c2nccc(-c3ccc(C(C)NCc4sc5[nH]nc(C(C)C)c5c4C)s3)c12,0.09060680097149264,0.6142857142857143
rxn:2:142154:145452,COc1cc(CNC(C)c2ccc(-c3ccc4cc[nH]c(=O)c4c3)s2)nc(OC)c1,0.09060525894165039,0.6956521739130435
rxn:2:144949:148983,CC(Nc1nc(=O)c2c3c(sc2[nH]1)CCC3)c1ccc(-c2ccc3o[nH]c(=O)c3c2)s1,0.09060233062313448,0.5641025641025641
rxn:2:125871:149983,COc1cnc2[nH]cc(-c3ccc(C(C)NC[C@H]4C[C@H]4c4nc(C)no4)s3)c2c1,0.09060196013286195,0.5949367088607594
rxn:2:155964:158710,Cc1c[nH]c2nccc(-c3ccc(C(C)NCCc4nc(-c5c[nH]c(=O)[nH]c5=O)no4)s3)c12,0.0905997987949487,0.7945205479452054
rxn:2:121882:147854,CCOc1ccc(-c2nccc(CNC(C)c3ccc(-c4ccc5c(c4)c(C)nn5C)s3)n2)cc1,0.09059733663286482,0.6527777777777778
rxn:2:81535:157804,COc1ccc2ncnc(-c3ccc(C(C)NCc4ccnc(C5CC5)n4)s3)c2c1,0.09059658447901407,0.6710526315789473
rxn:2:142010:145452,CC(NCc1ccc(C2CCCO2)nc1)c1ccc(-c2ccc3cc[nH]c(=O)c3c2)s1,0.09058820047686177,0.6666666666666666
rxn:2:127937:147106,CC(NCc1cc2c(s1)CSC2)c1ccc(-c2ccc3c(c2)ncn3C)s1,0.09058809721911396,0.6428571428571429
rxn:2:96587:157652,CCn1cccc1-c1noc(CNC(C)c2ccc(-c3ncnc4ccn(C)c34)s2)n1,0.09058726987531109,0.6883116883116883
rxn:2:112609:157188,COc1c(-c2ccc(C(C)NCCc3cc(C(C)C)no3)s2)ccnc1C,0.09058353635999891,0.5972222222222222
rxn:2:158390:158710,Cc1c[nH]c2nccc(-c3ccc(C(C)NCCC4C(c5n[nH]c6ncccc56)C4(F)F)s3)c12,0.09058324379079483,0.6233766233766234
rxn:2:97761:164912,CC(C)C(NCc1cn2c(C3CC3)cccc2n1)c1ccc(-c2cc3c(=O)nc[nH]c3s2)cc1,0.09058210429023295,0.6024096385542169
rxn:2:108187:145452,CSc1ncc(CNC(C)c2ccc(-c3ccc4cc[nH]c(=O)c4c3)s2)nn1,0.09057859863553729,0.7246376811594203
rxn:2:141966:149983,COc1cnc2[nH]cc(-c3ccc(C(C)NCc4nc(-c5ccoc5C)n[nH]4)s3)c2c1,0.09057566042869322,0.6578947368421053
rxn:2:114925:145209,COc1ccccc1-n1cnc(CNC(C)c2ccc(-c3cc(C)c4c(cnn4C)c3)s2)n1,0.09057380936362526,0.7567567567567568
rxn:2:111512:164117,CC(NCc1nc2c(s1)CCCC2(C)C)c1ccc(-c2cc3c(cn2)ncn3C)s1,0.09057352542877198,0.6712328767123288
rxn:2:110360:166336,COc1cn[nH]c(=O)c1-c1ccc(C(C)Nn2c(=O)[nH][nH]c2=O)s1,0.0905672882994016,0.6296296296296297
rxn:2:110478:92488,CC(NC(C)c1cc(-c2ccsc2)cs1)c1nnn[nH]1,0.09056303501129151,0.72
rxn:2:134537:156548,CC(NCc1noc(C2(n3cccc3)CCCCC2)n1)c1ccc(-c2cccc3nsnc23)s1,0.09056223490658928,0.5897435897435898
rxn:2:71544:157804,COc1ccc2ncnc(-c3ccc(C(C)NCc4cc(C5CCCC5)n(C)n4)s3)c2c1,0.09056046977639198,0.618421052631579
rxn:2:67886:157188,COc1c(-c2ccc(C(C)NCc3csc(N(C)C)n3)s2)ccnc1C,0.09055908826681283,0.71875
rxn:2:134507:151299,Cc1c(-c2ccc(C(C)NCc3cc(C(C)C)n[nH]3)s2)ccc2nccn12,0.09055773417154948,0.676923076923077
rxn:2:112874:158710,Cc1c[nH]c2nccc(-c3ccc(C(C)NCc4ccc(N5CCCCCCC5)nn4)s3)c12,0.09055011200182365,0.7313432835820896
rxn:2:164058:157753,CCc1c[nH]c2ncnc(-c3ccc(C(C)NCCc4c[nH]c5ccc6c(c45)OCCO6)s3)c12,0.09054334023419548,0.7183098591549296
rxn:2:138076:145209,Cc1cc(-c2ccc(C(C)NCCc3ccon3)s2)cc2cnn(C)c12,0.09054190378922683,0.765625
rxn:2:135306:151299,Cc1c(-c2ccc(C(C)NCCc3nc4c(o3)CCSC4)s2)ccc2nccn12,0.09054064750671387,0.8507462686567164
rxn:2:108529:108287,COc1ccsc1-c1ccc(C(C)Nc2nc3cnncc3[nH]2)s1,0.09053068856398265,0.65
rxn:2:105957:165909,COc1cncc2[nH]cc(CCNC(C)c3ccc(-c4cnc(SC)n5cnnc45)s3)c12,0.09053019806742668,0.759493670886076
rxn:2:85041:145452,CCc1cc(CNC(C)c2ccc(-c3ccc4cc[nH]c(=O)c4c3)s2)cc(C)n1,0.09052937606285358,0.7936507936507936
rxn:2:132235:169604,CC(C)c1ccnc(CCNC(C)c2ccc(-c3ccc4ncsc4c3)s2)c1,0.0905231876032693,0.6612903225806451
rxn:2:144952:150247,CC(C)c1c[nH]c2nc(N3CCC(NC(C)c4ccc(-c5ccc6n[nH]c(=O)n6c5)s4)C3)ncc12,0.0905153581074306,0.6588235294117647
rxn:2:121445:133432,CCS(=O)(=O)c1n[nH]c(NC(C)c2cc(-c3cc(OC)cs3)cs2)n1,0.09051363468170166,0.6451612903225806
rxn:2:136201:157188,CCOc1cccc2[nH]cc(CCNC(C)c3ccc(-c4ccnc(C)c4OC)s3)c12,0.0905131793791248,0.6986301369863014
rxn:2:116060:169604,Cc1cnc2c(c1)ncn2CCNC(C)c1ccc(-c2ccc3ncsc3c2)s1,0.09050899538500555,0.6086956521739131
rxn:2:101965:156548,Cc1c(CNC(C)c2ccc(-c3cccc4nsnc34)s2)cnc2c1CCCC2,0.09050300203520677,0.5857142857142857
rxn:2:126566:170874,CCCc1ncc(CNC(C)c2ccc(-c3cc(C)c4ncccc4c3)s2)s1,0.09050184914043971,0.6865671641791045
rxn:2:80707:165909,CCCn1nncc1CCNC(C)c1ccc(-c2cnc(SC)n3cnnc23)s1,0.09049504789812811,0.6533333333333333
rxn:2:99816:173019,CC(=O)n1cc(-c2ccc(C(C)NCCc3nccc(C)c3C3CC3)s2)c2ccccc21,0.09048738330602646,0.7297297297297297
rxn:2:76129:148983,CCCn1ccnc1CCNC(C)c1ccc(-c2ccc3o[nH]c(=O)c3c2)s1,0.09048500869955335,0.7323943661971831
rxn:2:122968:157753,CCc1c[nH]c2ncnc(-c3ccc(C(C)NCc4nc5n(n4)CC(F)CC5)s3)c12,0.09048136870066324,0.620253164556962
rxn:2:90911:156548,CCc1n[nH]c(=O)c(CNC(C)c2ccc(-c3cccc4nsnc34)s2)c1CC,0.09047776666180841,0.6521739130434783
rxn:2:100240:158710,Cc1nc(CCNC(C)c2ccc(-c3ccnc4[nH]cc(C)c34)s2)sc1C,0.09046918374520761,0.7166666666666667
rxn:2:133211:158710,Cc1nc(CNC(C)c2ccc(-c3ccnc4[nH]cc(C)c34)s2)c(CCc2ccco2)[nH]1,0.0904666930437088,0.5949367088607594
rxn:2:87296:164117,CCN(CC)c1ccc2[nH]c(CNC(C)c3ccc(-c4cc5c(cn4)ncn5C)s3)nc2c1,0.09046320842974113,0.6944444444444444
rxn:2:90091:151299,Cc1c(-c2ccc(C(C)NCc3csc(N4CCCC4)n3)s2)ccc2nccn12,0.09045731610265272,0.6714285714285714
rxn:2:108627:173019,CC(=O)n1cc(-c2ccc(C(C)NCc3c[nH]c4cccc(C)c34)s2)c2ccccc21,0.09045718562218451,0.8507462686567164
rxn:2:101490:148810,CC(NCc1cn2c3c(sc2n1)CCC3)c1csc(-c2ccc3c(cnn3C)c2)c1,0.09045357306798299,0.6447368421052632
rxn:2:108952:157753,CCc1c[nH]c2ncnc(-c3ccc(C(C)Nc4cnc5c(cnn5C(C)C)c4)s3)c12,0.09044451482834355,0.631578947368421
rxn:2:103880:149983,COc1cnc2[nH]cc(-c3ccc(C(C)NCc4cc(-c5cnn(C)c5C)on4)s3)c2c1,0.0904439426958561,0.7162162162162162
rxn:2:70476:158710,COCc1cnc(CNC(C)c2ccc(-c3ccnc4[nH]cc(C)c34)s2)s1,0.09044166847511574,0.7076923076923077
rxn:2:70758:169604,CC(NCCc1noc(-c2ccc[nH]2)n1)c1ccc(-c2ccc3ncsc3c2)s1,0.09043573511057887,0.6805555555555556
rxn:2:70798:151299,Cc1c(-c2ccc(C(C)NCCc3cnc4scc(C(C)C)n34)s2)ccc2nccn12,0.0904351742036881,0.5802469135802469
rxn:2:134082:169604,COc1ccc(CNC(C)c2ccc(-c3ccc4ncsc4c3)s2)nc1C,0.0904300433618051,0.8064516129032258
rxn:2:132112:149983,CCCc1ncc(CNC(C)c2ccc(-c3c[nH]c4ncc(OC)cc34)s2)o1,0.09042942523956299,0.6712328767123288
rxn:2:83604:158710,Cc1c[nH]c2nccc(-c3ccc(C(C)NCC4N=N4)s3)c12,0.09042904864658009,0.7678571428571429
rxn:2:116629:149983,COc1cnc2[nH]cc(-c3ccc(C(C)NCCc4ncc5n4CCCC5)s3)c2c1,0.09042816758155822,0.6493506493506493
rxn:2:102880:157753,CCc1c[nH]c2ncnc(-c3ccc(C(C)Nc4ccccc4OCc4nc(C)n[nH]4)s3)c12,0.09042493863539262,0.7066666666666667
rxn:2:128543:157804,CCn1nc(CNC(C)c2ccc(-c3ncnc4ccc(OC)cc34)s2)cc1CC(C)C,0.09041883982717991,0.6438356164383562
rxn:2:80678:151299,Cc1c(-c2ccc(C(C)NCc3cc4n(c3)CCCC4)s2)ccc2nccn12,0.09041523507663182,0.6714285714285714
rxn:2:120454:149983,COc1cnc2[nH]cc(-c3ccc(C(C)NCc4cnn(C(C)C5CC5)c4)s3)c2c1,0.09041225910186768,0.6578947368421053
rxn:2:128898:158710,COc1cccn2nc(CCNC(C)c3ccc(-c4ccnc5[nH]cc(C)c45)s3)nc12,0.09040720039798368,0.6805555555555556
rxn:2:141283:169604,CC(NCc1nc2c(o1)CCOC2)c1ccc(-c2ccc3ncsc3c2)s1,0.09040697857185646,0.8
rxn:2:111568:75111,CC(Nc1nc(S(C)(=O)=O)n[nH]1)c1ccc(-c2ccncc2)s1,0.09039666859999947,0.7692307692307693
rxn:2:136440:148983,CC(NCCc1[nH]nc2c1CCCC2)c1ccc(-c2ccc3o[nH]c(=O)c3c2)s1,0.09039647003699994,0.7323943661971831
rxn:2:107997:157188,COc1c(-c2ccc(C(C)NCCc3nc[nH]c3C3CCC3)s2)ccnc1C,0.09039158693381719,0.7101449275362319
rxn:2:79050:145452,CC(NCc1ccnn1C1CCC1)c1ccc(-c2ccc3cc[nH]c(=O)c3c2)s1,0.09039044585721247,0.6891891891891891
rxn:2:127937:161792,CC(NCc1cc2c(s1)CSC2)c1ccc(-c2cc3c(=O)nc[nH]c3s2)cn1,0.09038788505962916,0.859375
rxn:2:138643:172035,CC(NC1CC(c2nc(-c3cc[nH]c3)c[nH]2)C1)c1csc(-c2ccc3[nH]ccc3c2)c1,0.09038580040777883,0.5569620253164557
rxn:2:123420:161792,COc1sc2c(c1CNC(C)c1ccc(-c3cc4c(=O)nc[nH]c4s3)cn1)CCCN2C,0.09038195013999939,0.6329113924050633
rxn:2:132235:151299,Cc1c(-c2ccc(C(C)NCCc3cc(C(C)C)ccn3)s2)ccc2nccn12,0.09038037883824315,0.6567164179104478
rxn:2:89319:158710,Cc1c[nH]c2nccc(-c3ccc(C(C)Nc4nc5c(s4)C4CCC5CN4C)s3)c12,0.09037680427233379,0.6111111111111112
rxn:2:127741:157804,CCCc1cc(CNC(C)c2ccc(-c3ncnc4ccc(OC)cc34)s2)nn1CC,0.09037573299100322,0.7142857142857143
rxn:2:75847:170874,Cc1cc(CNC(C)c2ccc(-c3cc(C)c4ncccc4c3)s2)nc(-c2ccco2)n1,0.09037493169307709,0.6666666666666666
rxn:2:129573:151299,CCc1cccc(CNC(C)c2ccc(-c3ccc4nccn4c3C)s2)n1,0.09037140563682274,0.7096774193548387
rxn:2:121477:148983,CC(NCc1cc2ccccc2[nH]c1=O)c1ccc(-c2ccc3o[nH]c(=O)c3c2)s1,0.0903666853904724,0.7230769230769231
rxn:2:112468:157753,CCc1c[nH]c2ncnc(-c3ccc(C(C)NCCc4nc(-c5ccn(CC)n5)no4)s3)c12,0.09036450494419444,0.6419753086419753
rxn:2:142087:156548,COc1ccc(CNC(C)c2ccc(-c3cccc4nsnc34)s2)nc1OC,0.09035288436072213,0.765625
rxn:2:86583:140099,CCC(Nc1ncncn1)c1ccc(-c2cccs2)s1,0.09034825563430786,0.5849056603773585
rxn:2:156445:158710,Cc1c[nH]c2nccc(-c3ccc(C(C)Nc4ncnc5c4c(C)c(C)n5CC4CCC4)s3)c12,0.09032279428313761,0.6621621621621622
rxn:2:66895:145209,CCOc1cccnc1CNC(C)c1ccc(-c2cc(C)c3c(cnn3C)c2)s1,0.09031130527627879,0.7083333333333334
rxn:2:75661:164117,CC(C)c1nccc(CNC(C)c2ccc(-c3cc4c(cn3)ncn4C)s2)n1,0.09031033515930176,0.6875
rxn:2:152489:169777,Cc1nc2ccc(-c3ccc(C(C)NCCc4cn5c(-c6cn[nH]c6)csc5n4)s3)cc2s1,0.09030957655473189,0.821917808219178
rxn:2:99117:149983,COc1cnc2[nH]cc(-c3ccc(C(C)N[C@@H](C)CCc4c[nH]c5cccc(C)c45)s3)c2c1,0.09030818939208984,0.8028169014084507
rxn:2:70155:156548,Cc1nn2cc(CNC(C)c3ccc(-c4cccc5nsnc45)s3)nc2s1,0.09030293535303187,0.8524590163934426
rxn:2:101686:158710,Cc1c[nH]c2nccc(-c3ccc(C(C)NCC[C@@H]4CCOC4)s3)c12,0.09030273675918579,0.6911764705882353
rxn:2:107997:164117,CC(NCCc1nc[nH]c1C1CCC1)c1ccc(-c2cc3c(cn2)ncn3C)s1,0.09030039557095232,0.6891891891891891
rxn:2:80678:158710,Cc1c[nH]c2nccc(-c3ccc(C(C)NCc4cc5n(c4)CCCC5)s3)c12,0.09029853131089892,0.676056338028169
rxn:2:103946:157753,CCc1c[nH]c2ncnc(-c3ccc(C(C)NCc4ccc(OC)c(C5CC5)n4)s3)c12,0.09029672415025773,0.726027397260274
rxn:2:130068:164117,COc1cccc2[nH]cc(CNC(C)c3ccc(-c4cc5c(cn4)ncn5C)s3)c12,0.09029078682263693,0.8529411764705882
rxn:2:111651:158710,Cc1c[nH]c2nccc(-c3ccc(C(C)Nc4nnc(SCC5CCC5)s4)s3)c12,0.09028662484267662,0.6486486486486487
rxn:2:89205:164117,COc1ccc(C)cc1-n1cc(CNC(C)c2ccc(-c3cc4c(cn3)ncn4C)s2)nn1,0.0902855396270752,0.6582278481012658
rxn:2:114213:84640,CCC(Nc1c[nH][nH]c1=O)c1cc2ccccc2s1,0.09028418754276477,0.6037735849056604
rxn:2:111628:158710,Cc1c[nH]c2nccc(-c3ccc(C(C)Nc4cccc(CN(C)C(C)C)c4)s3)c12,0.09028353691101074,0.7681159420289855
rxn:2:138177:161792,CCC(C)c1cc(CNC(C)c2ccc(-c3cc4c(=O)nc[nH]c4s3)cn2)no1,0.09028232508692248,0.6388888888888888
rxn:2:103609:149743,Cc1nc(CNC(C)c2ccc(-c3ccc4c(c3)oc(=O)n4C)s2)cc(C(C)(C)C)n1,0.09028136730194092,0.6764705882352942
rxn:2:96587:148983,CCn1cccc1-c1noc(CNC(C)c2ccc(-c3ccc4o[nH]c(=O)c4c3)s2)n1,0.09027974451741864,0.7733333333333333
rxn:2:69791:151299,Cc1c(-c2ccc(C(C)NCc3cc4n(n3)CCCO4)s2)ccc2nccn12,0.09027658190046038,0.6901408450704225
rxn:2:128429:157854,CCn1ncc2cc(-c3cnc(C(C)NCc4ccc5c(c4)N(C)CCC5)s3)ccc21,0.09027580676540252,0.6103896103896104
rxn:2:83493:145209,Cc1csc(CCNC(C)c2ccc(-c3cc(C)c4c(cnn4C)c3)s2)c1,0.0902736606421294,0.734375
rxn:2:132043:158710,Cc1nn(Cc2cc(CNC(C)c3ccc(-c4ccnc5[nH]cc(C)c45)s3)no2)c(C)c1C,0.09027339834155458,0.6493506493506493
rxn:2:131907:169340,CC(Nc1ncc(=O)[nH]n1)c1ccc(-c2cc3ccccc3s2)s1,0.09027120222647984,0.6379310344827587
rxn:2:70664:157753,CCc1c[nH]c2ncnc(-c3ccc(C(C)NCCc4nn(C)cc4-c4cccs4)s3)c12,0.09026711620390415,0.6842105263157895
rxn:2:108529:170050,COc1c(-c2cc3sccc3s2)cccc1C(C)Nc1nc2cnncc2[nH]1,0.09026577855859484,0.6307692307692307
rxn:2:74698:170997,COc1ccc2cc(-c3ncc(C(C)NCc4cc(C(C)C)nc(C5CC5)n4)s3)ccc2c1,0.09026332335038618,0.56
rxn:2:81312:169604,CC(NCCc1cccc(-n2cncn2)n1)c1ccc(-c2ccc3ncsc3c2)s1,0.09026229381561279,0.6164383561643836
rxn:2:102648:157753,CCc1c[nH]c2ncnc(-c3ccc(C(C)NCc4ccc5[nH]cc(C)c5c4)s3)c12,0.09026093482971191,0.796875
rxn:2:139839:161792,COc1sc(C2CC2)cc1CNC(C)c1ccc(-c2cc3c(=O)nc[nH]c3s2)cn1,0.09025712807973225,0.6891891891891891
rxn:2:75847:149983,COc1cnc2[nH]cc(-c3ccc(C(C)NCc4cc(C)nc(-c5ccco5)n4)s3)c2c1,0.09025709144771099,0.7142857142857143
rxn:2:96741:145452,CC(NCc1cocn1)c1ccc(-c2ccc3cc[nH]c(=O)c3c2)s1,0.0902556324005127,0.703125
rxn:2:129573:157753,CCc1cccc(CNC(C)c2ccc(-c3ncnc4[nH]cc(CC)c34)s2)n1,0.09025367881570544,0.75
rxn:2:103213:158710,Cc1c[nH]c2nccc(-c3ccc(C(C)NCCn4cnc5c4CCCC5)s3)c12,0.09025273651912294,0.6901408450704225
rxn:2:165028:158710,Cc1c[nH]c2nccc(-c3ccc(C(C)NCc4cnn(-c5cncc(C(C)(C)C)c5)c4C)s3)c12,0.09024937834058488,0.5930232558139535
rxn:2:65945:151299,Cc1c(-c2ccc(C(C)NCc3cccc(N(C)C)n3)s2)ccc2nccn12,0.09024637511798314,0.71875
rxn:2:71573:145452,CC(NC1CC1(C)C(C)C)c1ccc(-c2ccc3cc[nH]c(=O)c3c2)s1,0.09024540736125065,0.6363636363636364
rxn:2:79528:158710,COc1ncccc1CCNC(C)c1ccc(-c2ccnc3[nH]cc(C)c23)s1,0.09023773244449071,0.75
rxn:2:130068:167920,COc1cccc2[nH]cc(CNC(C)c3ccc(-c4ccc5n[nH]c(C)c5c4)s3)c12,0.09023666381835938,0.6756756756756757
rxn:2:73200:173019,CCCc1cc(C)nc(CNC(C)c2ccc(-c3cn(C(C)=O)c4ccccc34)s2)n1,0.09023659075460126,0.6891891891891891
rxn:2:103485:172033,COc1cccc2c(CNC(C)c3ccc(-c4ccc(-c5cn[nH]c5)cc4)s3)c[nH]c12,0.09023582935333252,0.6714285714285714
rxn:2:84571:158710,Cc1c[nH]c2nccc(-c3ccc(C(C)NCCc4cnnn4C)s3)c12,0.09023350247969994,0.7096774193548387
rxn:2:109407:158710,Cc1c[nH]c2nccc(-c3ccc(C(C)NCCN4CCS(=O)(=O)CC4)s3)c12,0.09023298748901912,0.6268656716417911
rxn:2:125093:158710,Cc1c[nH]c2nccc(-c3ccc(C(C)Nc4cnc(Oc5cccnc5)s4)s3)c12,0.09023022254308065,0.609375
rxn:2:132899:145209,Cc1cc(-c2ccc(C(C)NCCc3nncs3)s2)cc2cnn(C)c12,0.09023012793981113,0.7230769230769231
rxn:2:139188:157753,CCc1c[nH]c2ncnc(-c3ccc(C(C)Nc4nccc(C5CC5)n4)s3)c12,0.09022847243717738,0.7101449275362319
rxn:2:127234:147854,CSCc1nc(CNC(C)c2ccc(-c3ccc4c(c3)c(C)nn4C)s2)cs1,0.09022769544805799,0.7
rxn:2:137770:147854,Cc1nn(C)c2ccc(-c3ccc(C(C)NCc4cc(-c5ccco5)on4)s3)cc12,0.09022718667984009,0.6376811594202898
rxn:2:74572:145209,Cc1cc(-c2ccc(C(C)NCCc3ccc(C45CC6CC(CC(C6)C4)C5)[nH]3)s2)cc2cnn(C)c12,0.09022705753644307,0.6052631578947368
rxn:2:134399:147854,Cc1nn(C)c2ccc(-c3ccc(C(C)NCc4cc(-c5ccco5)nc(C5CC5)n4)s3)cc12,0.09022463419858147,0.7777777777777778
rxn:2:105483:158710,Cc1c[nH]c2nccc(-c3ccc(C(C)NCc4ncc5c(n4)CCOC5)s3)c12,0.09022136803331046,0.6575342465753424
rxn:2:110124:165909,CSc1ncc(-c2ccc(C(C)NCc3nc4c(s3)CC(C)(C)CC4)s2)c2nncn12,0.0902155541604565,0.7671232876712328
rxn:2:112858:151299,Cc1c(-c2ccc(C(C)NCc3cc(C4CC4)cs3)s2)ccc2nccn12,0.09021331866582234,0.6716417910447762
rxn:2:130068:149983,COc1cnc2[nH]cc(-c3ccc(C(C)NCc4c[nH]c5cccc(OC)c45)s3)c2c1,0.0902128642605197,0.8507462686567164
rxn:2:125714:158710,Cc1ccc(-c2nc(CCNC(C)c3ccc(-c4ccnc5[nH]cc(C)c45)s3)n[nH]2)cc1,0.09020556882023811,0.6417910447761194
rxn:2:134028:157804,COc1ccc2ncnc(-c3ccc(C(C)NCCc4cn5c(C)cccc5n4)s3)c2c1,0.09020479395985603,0.6363636363636364
rxn:2:103729:142264,CCCc1cc(CNC(CC)c2ccc(-c3ccc4c(cnn4C)c3)s2)n[nH]1,0.0902044666664941,0.7936507936507936
rxn:2:109445:161792,Cc1ccc(N(C)Cc2csc(CNC(C)c3ccc(-c4cc5c(=O)nc[nH]c5s4)cn3)n2)cc1,0.09020443303244455,0.6375
rxn:2:115219:158710,CCc1nc(CCNC(C)c2ccc(-c3ccnc4[nH]cc(C)c34)s2)sc1C,0.09020291907446724,0.696969696969697
rxn:2:87592:145452,CC(NCc1nnc(N(C)C)o1)c1ccc(-c2ccc3cc[nH]c(=O)c3c2)s1,0.09020063281059265,0.6666666666666666
rxn:2:106512:157753,CCc1c[nH]c2ncnc(-c3ccc(C(C)Nc4cc(CC5CCCC5)[nH]n4)s3)c12,0.09019769231478374,0.6621621621621622
rxn:2:114623:145452,CC(NCc1nnc(C2CCCO2)[nH]1)c1ccc(-c2ccc3cc[nH]c(=O)c3c2)s1,0.0901875634988149,0.6233766233766234
rxn:2:137110:149983,COc1cnc2[nH]cc(-c3ccc(C(C)NCc4nc(C(C)(C)C)co4)s3)c2c1,0.09018756192305992,0.68
rxn:2:68085:164117,Cc1cnc(CC(C)CNC(C)c2ccc(-c3cc4c(cn3)ncn4C)s2)[nH]1,0.09018657462937492,0.6142857142857143
rxn:2:78032:158710,Cc1c[nH]c2nccc(-c3ccc(C(C)Nn4cncn4)s3)c12,0.09018401477647864,0.7068965517241379
rxn:2:128231:158710,Cc1ccccc1-c1csc(CNC(C)c2ccc(-c3ccnc4[nH]cc(C)c34)s2)c1,0.09016647646504064,0.6865671641791045
rxn:2:130401:169604,CSCCC(NC(C)c1ccc(-c2ccc3ncsc3c2)s1)c1ncno1,0.09016504111113371,0.7846153846153846
rxn:2:111247:145452,CC(NCc1nn(C(C)C)c2c1CCCC2)c1ccc(-c2ccc3cc[nH]c(=O)c3c2)s1,0.09016117639839649,0.7361111111111112
rxn:2:141979:165748,Cc1c[nH]c2cc(CNC(C)c3ccc(-c4cnc(N5CCOCC5)s4)s3)ccc12,0.09014223019282024,0.6052631578947368
rxn:2:122760:149983,COc1cnc2[nH]cc(-c3ccc(C(C)NCCc4nc(C5CCC5)no4)s3)c2c1,0.0901420791943868,0.6708860759493671
rxn:2:92296:145209,Cc1cc(-c2ccc(C(C)NCc3ccc4c(c3)OCCCO4)s2)cc2cnn(C)c12,0.09014106950452251,0.7230769230769231
rxn:2:79001:161792,CC(NCc1cnc(CC2CC2)nc1)c1ccc(-c2cc3c(=O)nc[nH]c3s2)cn1,0.09014043609301249,0.6944444444444444
rxn:2:104861:144913,CC(NCc1cn[nH]c1CC1CC1)c1ccc(-c2ccc3ncc(=O)n(C)c3c2)s1,0.09013905525207519,0.6363636363636364
rxn:2:128628:158710,Cc1c[nH]c2nccc(-c3ccc(C(C)Nc4cc(COC5C6CC7CC(C6)CC5C7)n[nH]4)s3)c12,0.09013717685426985,0.5949367088607594
rxn:2:94990:151299,COc1ccc2c(CNC(C)c3ccc(-c4ccc5nccn5c4C)s3)c[nH]c2n1,0.09013627370198568,0.6857142857142857
rxn:2:70798:164117,CC(C)c1csc2ncc(CCNC(C)c3ccc(-c4cc5c(cn4)ncn5C)s3)n12,0.0901349090760754,0.573170731707317
rxn:2:102272:158710,Cc1cc(NC(C)c2ccc(-c3ccnc4[nH]cc(C)c34)s2)n(C2CCOC2)n1,0.09012766336572581,0.6153846153846154
rxn:2:81567:164767,CCC(NCCc1cn2c(C)csc2n1)c1ccc(-c2ccc(=O)n(CC)c2)s1,0.09012729135052912,0.5789473684210527
rxn:2:127747:151299,Cc1c(-c2ccc(C(C)NCCc3n[nH]c4ccsc34)s2)ccc2nccn12,0.09012109041213989,0.625
rxn:2:137283:158710,CCc1c(-c2ccsc2)n[nH]c1NC(C)c1ccc(-c2ccnc3[nH]cc(C)c23)s1,0.09011549949645996,0.6714285714285714
rxn:2:115443:145452,Cc1nn2cc(CCNC(C)c3ccc(-c4ccc5cc[nH]c(=O)c5c4)s3)nc2s1,0.09011509418487548,0.7391304347826086
rxn:2:132839:169604,CC(C)c1ccc(Cc2nc(CNC(C)c3ccc(-c4ccc5ncsc5c4)s3)cs2)cc1,0.09011414556792288,0.684931506849315
rxn:2:125471:164117,CC(NCc1cccc(N2CCC(C(C)(C)C)CC2)n1)c1ccc(-c2cc3c(cn2)ncn3C)s1,0.09011150428227016,0.6282051282051282
rxn:2:132632:168965,COc1sc(C)cc1CNC(C)c1ccc(-c2cccc(-c3cnco3)c2)s1,0.09010813065937587,0.6619718309859155
rxn:2:143954:148983,Cc1nc(C2CCC2)cc2nc(CCNC(C)c3ccc(-c4ccc5o[nH]c(=O)c5c4)s3)cn12,0.09010443967931411,0.7341772151898734
rxn:2:134082:142273,COc1ccc(CNC(C)c2ccc(-c3cnc(N(C)C)s3)s2)nc1C,0.09010167534534748,0.578125
rxn:2:72307:157753,CCOC(C)c1nc(CNC(C)c2ccc(-c3ncnc4[nH]cc(CC)c34)s2)cs1,0.09010142087936401,0.6756756756756757
rxn:2:93632:154249,CSc1ncc(-c2ncc(C(C)NCc3nc4c(s3)CSCC4)s2)cn1,0.09009808301925659,0.5362318840579711
rxn:2:150051:156827,Cc1[nH]c(CNC(C)c2ccc(-c3ccc(Cn4cccn4)cc3)s2)nc1Cc1ccc(C(C)C)cc1,0.09009056961214221,0.64
rxn:2:111568:158710,Cc1c[nH]c2nccc(-c3ccc(C(C)Nc4nc(S(C)(=O)=O)n[nH]4)s3)c12,0.09009038960492169,0.6923076923076923
rxn:2:162592:149983,COc1cnc2[nH]cc(-c3ccc(C(C)NCc4nc(C)c5c(C)ccc(C)c5n4)s3)c2c1,0.09008321256348581,0.6575342465753424
rxn:2:141789:156548,CCCc1nc(C)c(CCNC(C)c2ccc(-c3cccc4nsnc34)s2)c(=O)[nH]1,0.09008288383483887,0.64
rxn:2:117282:157753,CCc1c[nH]c2ncnc(-c3ccc(C(C)NC45CSCC(CN(C6CC6)C4)C5(F)F)s3)c12,0.090078050440008,0.5116279069767442
rxn:2:89509:74375,CC(Nc1cncc(=O)[nH]1)c1ccnc2ccsc12,0.0900771178697285,0.6111111111111112
rxn:2:89702:157753,CCc1c[nH]c2ncnc(-c3ccc(C(C)NCCc4cn5ccccc5n4)s3)c12,0.09007696708043417,0.6756756756756757
rxn:2:120150:157804,COc1ccc2ncnc(-c3ccc(C(C)NCc4cc(OC)nc(N(C)C)c4)s3)c2c1,0.09007631614804268,0.6164383561643836
rxn:2:106969:145209,Cc1cn2c(C)c(CNC(C)c3ccc(-c4cc(C)c5c(cnn5C)c4)s3)sc2n1,0.09007510741551718,0.7538461538461538
rxn:2:114693:159258,CC(NCc1cn2nc(C3CC3)ccc2n1)c1ncc(-c2ccc3ncsc3c2)s1,0.09007254838943482,0.676056338028169
rxn:2:128429:158710,Cc1c[nH]c2nccc(-c3ccc(C(C)NCc4ccc5c(c4)N(C)CCC5)s3)c12,0.0900710384051005,0.6944444444444444
rxn:2:138875:158710,Cc1c[nH]c2nccc(-c3ccc(C(C)NCc4cn(-c5ccc(N(C)C)cc5)nn4)s3)c12,0.0900682969526811,0.7183098591549296
rxn:2:76394:164117,CC(NCc1cc2n(n1)CCCC2)c1ccc(-c2cc3c(cn2)ncn3C)s1,0.09006824450833457,0.7536231884057971
rxn:2:114931:161792,CCCc1cc(CNC(C)c2ccc(-c3cc4c(=O)nc[nH]c4s3)cn2)nn1C1CCC1,0.09006522782146931,0.7638888888888888
rxn:2:93632:170892,CC(NCc1nc2c(s1)CSCC2)c1ccc(-c2cc3sccc3s2)s1,0.09005629557829636,0.6470588235294118
rxn:2:106498:158710,Cc1cccc(-c2nc(CNC(C)c3ccc(-c4ccnc5[nH]cc(C)c45)s3)co2)c1,0.09004879574621877,0.7162162162162162
rxn:2:112963:156548,Cc1cccc2[nH]c(CNC(C)c3ccc(-c4cccc5nsnc45)s3)nc12,0.09004774689674377,0.819672131147541
rxn:2:132625:158710,Cc1ccoc1-c1cc(NC(C)c2ccc(-c3ccnc4[nH]cc(C)c34)s2)n[nH]1,0.09004599061505549,0.7741935483870968
rxn:2:117206:142264,CCC(NCc1ccc2nccn2c1C)c1ccc(-c2ccc3c(cnn3C)c2)s1,0.09004573822021485,0.6103896103896104
rxn:2:120654:158710,Cc1ccc2[nH]c(NC(C)c3ccc(-c4ccnc5[nH]cc(C)c45)s3)nc2n1,0.09003772480147225,0.8
rxn:2:121044:168671,CCc1cc(CNC(C)c2ccc(-c3ccc(=O)n(CC)c3)s2)nc(C)n1,0.09003545178307427,0.6307692307692307
rxn:2:81312:142264,CCC(NCCc1cccc(-n2cncn2)n1)c1ccc(-c2ccc3c(cnn3C)c2)s1,0.09003216493874788,0.6025641025641025
rxn:2:70146:158710,CCc1c(C)noc1NC(C)c1ccc(-c2ccnc3[nH]cc(C)c23)s1,0.09003146795126107,0.6470588235294118
rxn:2:141335:158710,Cc1c[nH]c2nccc(-c3ccc(C(C)NCCN(C4CC4)[C@H]4CCN(C)C4)s3)c12,0.0900301218032837,0.5897435897435898
rxn:2:133107:157753,CCc1c[nH]c2ncnc(-c3ccc(C(C)NCc4ccc5oc(=O)n(C)c5c4)s3)c12,0.09002552109379922,0.676056338028169
rxn:2:129598:158710,CCOCc1nnc(CNC(C)c2ccc(-c3ccnc4[nH]cc(C)c34)s2)o1,0.09002505029950823,0.6857142857142857
rxn:2:146448:164117,CC(NCCC1C(c2cnc3[nH]ccc3n2)C1(F)F)c1ccc(-c2cc3c(cn2)ncn3C)s1,0.09002402249504537,0.5238095238095238
rxn:2:70967:157188,COc1c(-c2ccc(C(C)NCc3c[nH]c4ncc(C)nc34)s2)ccnc1C,0.09001005973134722,0.7230769230769231
rxn:2:137692:147854,Cc1nn(C)c2ccc(-c3ccc(C(C)NCc4nc(C(C5CCCC5)n5cccc5)no4)s3)cc12,0.09000532163514031,0.6385542168674698
rxn:2:93081:73112,c1nc2c(c(N3CCC(NC4CCCCc5sccc5C4)C3)n1)CCC2,0.0900036348746373,0.5846153846153846
rxn:2:96098:169604,CC(NCc1cccc(N2CCCC2)n1)c1ccc(-c2ccc3ncsc3c2)s1,0.08999908175961725,0.671875
rxn:2:71903:149983,COc1cnc2[nH]cc(-c3ccc(C(C)NCCc4noc(Cc5ccsc5)n4)s3)c2c1,0.08999888971447945,0.5925925925925926
rxn:2:102710:173019,COC(c1ccccc1)c1nc(CNC(C)c2ccc(-c3cn(C(C)=O)c4ccccc34)s2)cs1,0.0899952701159886,0.6309523809523809
rxn:2:119262:147106,Cc1sc(CNC(C)c2ccc(-c3ccc4c(c3)ncn4C)s2)nc1C(C)C,0.08999375360352653,0.6875
rxn:2:70572:142264,CCC(NCc1cn[nH]c1-c1cccs1)c1ccc(-c2ccc3c(cnn3C)c2)s1,0.08998240232467651,0.6756756756756757
rxn:2:110837:145209,COc1sc2c(c1CNC(C)c1ccc(-c3cc(C)c4c(cnn4C)c3)s1)CCCC2,0.08998226734899706,0.6901408450704225
rxn:2:138085:158710,COc1ncnn2c(CCNC(C)c3ccc(-c4ccnc5[nH]cc(C)c45)s3)ccc12,0.08998058303709953,0.6527777777777778
rxn:2:136710:170892,CCc1nc(CNC(C)c2ccc(-c3cc4sccc4s3)s2)ccc1OC1CC1,0.08998037001182294,0.6666666666666666
rxn:2:118043:149983,COc1cnc2[nH]cc(-c3ccc(C(C)NCc4nc(C5CCC5)n[nH]4)s3)c2c1,0.08997940606084363,0.7123287671232876
rxn:2:75847:157804,COc1ccc2ncnc(-c3ccc(C(C)NCc4cc(C)nc(-c5ccco5)n4)s3)c2c1,0.08997764731898453,0.6891891891891891
rxn:2:88321:157753,CCc1c[nH]c2ncnc(-c3ccc(C(C)NCc4cc(C5CC5)nc(C)n4)s3)c12,0.08997634649276734,0.75
rxn:2:104882:145209,Cc1cc(-c2ccc(C(C)Nc3ccccc3OCc3ccon3)s2)cc2cnn(C)c12,0.08997594937682152,0.6710526315789473
rxn:2:86444:161792,CC(NCc1c[nH]c(C2CCCC2)n1)c1ccc(-c2cc3c(=O)nc[nH]c3s2)cn1,0.08997490008672078,0.6666666666666666
rxn:2:97011:148983,CC(Nc1nnc(-c2c[nH]nn2)[nH]1)c1ccc(-c2ccc3o[nH]c(=O)c3c2)s1,0.08997399253504616,0.5526315789473685
rxn:2:119803:148983,CC(NCc1cc(C2C3CC4CC(C3)CC2C4)n[nH]1)c1ccc(-c2ccc3o[nH]c(=O)c3c2)s1,0.08997381434721105,0.6282051282051282
rxn:2:110360:172035,CC(Nn1c(=O)[nH][nH]c1=O)c1csc(-c2ccc3[nH]ccc3c2)c1,0.08997141321500142,0.6379310344827587
rxn:2:134781:151299,Cc1c(-c2ccc(C(C)NCCc3ccc4cn[nH]c4c3)s2)ccc2nccn12,0.08997122994784651,0.6438356164383562
rxn:2:139796:145209,Cc1cc(-c2ccc(C(C)NCC3C4CN(C)CC34)s2)cc2cnn(C)c12,0.08997024430169,0.6818181818181818
rxn:2:126101:157753,CCc1c[nH]c2ncnc(-c3ccc(C(C)NCc4nnc(-c5cscn5)o4)s3)c12,0.08996814489364624,0.6164383561643836
rxn:2:141979:156827,Cc1c[nH]c2cc(CNC(C)c3ccc(-c4ccc(Cn5cccn5)cc4)s3)ccc12,0.08996552036654565,0.6338028169014085
rxn:2:133625:157804,COc1ccc2ncnc(-c3ccc(C(C)NCCc4nn(C)c5ccsc45)s3)c2c1,0.08996337075387278,0.6125
rxn:2:82911:169604,CC(NCc1cc2occc2s1)c1ccc(-c2ccc3ncsc3c2)s1,0.08995618040745075,0.7377049180327869
rxn:2:122532:142264,CCC(NCc1nc(C)c(C(C)(F)F)s1)c1ccc(-c2ccc3c(cnn3C)c2)s1,0.08995152115821839,0.6428571428571429
rxn:2:168693:159258,CC(NCCc1cnc2scc(-c3ccco3)n12)c1ncc(-c2ccc3ncsc3c2)s1,0.08995034918189049,0.6133333333333333
rxn:2:126101:149983,COc1cnc2[nH]cc(-c3ccc(C(C)NCc4nnc(-c5cscn5)o4)s3)c2c1,0.08995014429092407,0.6049382716049383
rxn:2:113014:169604,CCc1ccccc1-c1nc(CNC(C)c2ccc(-c3ccc4ncsc4c3)s2)co1,0.08994377043939406,0.6233766233766234
rxn:2:83460:137914,CCC(NC1CC(CCSC)C1)c1nnn[nH]1,0.08994375607546638,0.4074074074074074
rxn:2:125192:158710,Cc1c[nH]c2nccc(-c3ccc(C(C)NCCc4nc(C(C)C)[nH]c4-c4cc[nH]c4)s3)c12,0.08993843468752774,0.6891891891891891
rxn:2:105957:157188,COc1c(-c2ccc(C(C)NCCc3c[nH]c4cncc(OC)c34)s2)ccnc1C,0.08993715643882752,0.782608695652174
rxn:2:158544:168965,Cc1ccc(Cc2nc(CNC(C)c3ccc(-c4cccc(-c5cnco5)c4)s3)[nH]c2C)c(C)c1,0.08992852824074882,0.7567567567567568
rxn:2:136428:157753,CCc1c[nH]c2ncnc(-c3ccc(C(C)NC4CCc5nc(-c6ccco6)cn5C4)s3)c12,0.08992717121586655,0.5666666666666667
rxn:2:82272:145209,Cc1cc(-c2ccc(C(C)NCc3cc4ccoc4cn3)s2)cc2cnn(C)c12,0.08992681421082595,0.75
rxn:2:139349:168965,CCc1ccc(CNC(C)c2ccc(-c3cccc(-c4cnco4)c3)s2)nc1,0.08992322215012141,0.6764705882352942
rxn:2:119929:164117,CC(NCc1cc2c(s1)CCCCC2)c1ccc(-c2cc3c(cn2)ncn3C)s1,0.08992020426125362,0.7846153846153846
rxn:2:118833:164912,CC(C)C(NCc1cc2c(s1)CCCC2)c1ccc(-c2cc3c(=O)nc[nH]c3s2)cc1,0.0899051062522396,0.803030303030303
rxn:2:96019:158710,CCc1nocc1CNC(C)c1ccc(-c2ccnc3[nH]cc(C)c23)s1,0.08990032627032353,0.7741935483870968
rxn:2:68626:158710,Cc1c[nH]c2nccc(-c3ccc(C(C)Nc4ccnc(C5CC5C)n4)s3)c12,0.08989650862557548,0.6666666666666666
rxn:2:109445:165909,CSc1ncc(-c2ccc(C(C)NCc3nc(CN(C)c4ccc(C)cc4)cs3)s2)c2nncn12,0.08989513942173549,0.6626506024096386
rxn:2:162121:157753,CCc1c[nH]c2ncnc(-c3ccc(C(C)NCc4ccc(-c5ccncc5)[nH]c4=O)s3)c12,0.08989434892481024,0.6857142857142857
rxn:2:156650:165909,CCc1nn(-c2cc(C3CC3)ccn2)cc1CNC(C)c1ccc(-c2cnc(SC)n3cnnc23)s1,0.08989384108119541,0.6666666666666666
rxn:2:95971:149983,COc1cnc2[nH]cc(-c3ccc(C(C)NCc4cc5n(n4)CCSC5)s3)c2c1,0.08988852542022178,0.6756756756756757
rxn:2:142188:158710,Cc1c[nH]c2nccc(-c3ccc(C(C)Nc4cccc5c4nnn5C)s3)c12,0.0898872720343726,0.609375
rxn:2:91627:151299,Cc1c(-c2ccc(C(C)NCCc3cccc4[nH]ncc34)s2)ccc2nccn12,0.08988722439469962,0.6901408450704225
rxn:2:87228:150247,CC(NCc1cc(C2CC2)n(C)n1)c1ccc(-c2ccc3n[nH]c(=O)n3c2)s1,0.08988697188241142,0.7183098591549296
rxn:2:90835:151299,Cc1c(-c2ccc(C(C)NCCc3cc(C4CC4)on3)s2)ccc2nccn12,0.08988480695656367,0.6527777777777778
rxn:2:138190:157830,Cc1nc(CNC(C)c2ccc(-c3cnc(OC(C)C)s3)s2)cc2ccccc12,0.08988224637919459,0.6666666666666666
rxn:2:74698:146196,Cc1cc2[nH]ncc2cc1-c1ccc(C(C)NCc2cc(C(C)C)nc(C3CC3)n2)s1,0.08987632297700451,0.6527777777777778
rxn:2:122269:157753,CCc1c[nH]c2ncnc(-c3ccc(C(C)NCc4cc(C5CCCC5)sc4OC)s3)c12,0.08986885659396648,0.68
rxn:2:68091:151299,Cc1c(-c2ccc(C(C)NCc3cc(C(C)(C)C)on3)s2)ccc2nccn12,0.08986515019621168,0.6716417910447762
rxn:2:102435:145452,CC(NCc1cnn(-c2ccccc2)n1)c1ccc(-c2ccc3cc[nH]c(=O)c3c2)s1,0.08986233895824801,0.6811594202898551
rxn:2:120639:165909,CSc1ncc(-c2ccc(C(C)NCc3ccc(C4CC4)nc3)s2)c2nncn12,0.08986222538454779,0.7681159420289855
rxn:2:110348:157804,COc1ccc2ncnc(-c3ccc(C(C)NCc4c5c(c(C)[nH]c4=O)CCC5)s3)c2c1,0.0898621566593647,0.6666666666666666
rxn:2:93895:158710,Cc1c[nH]c2nccc(-c3ccc(C(C)NCc4nc[nH]c4CCc4ccco4)s3)c12,0.08986068348730764,0.75
rxn:2:88665:158710,Cc1c[nH]c2nccc(-c3ccc(C(C)NC4CCN(CCN5CCOCC5)C4(C)C)s3)c12,0.0898558461304867,0.5822784810126582
rxn:2:135890:145209,Cc1cc(-c2ccc(C(C)Nc3nc(-c4cccs4)c[nH]3)s2)cc2cnn(C)c12,0.0898536361497024,0.7536231884057971
rxn:2:70798:147854,Cc1nn(C)c2ccc(-c3ccc(C(C)NCCc4cnc5scc(C(C)C)n45)s3)cc12,0.08985096029937267,0.5897435897435898
rxn:2:137383:158710,Cc1cc(C)c2oc(CNC(C)c3ccc(-c4ccnc5[nH]cc(C)c45)s3)cc2c1,0.0898439089457194,0.6666666666666666
rxn:2:106776:166234,Cc1cc(-c2ncc(CNC(C)c3cnc(-c4ccc5ncsc5c4)s3)[nH]2)c(C)s1,0.08984168569246928,0.6142857142857143
rxn:2:131603:101558,CSCCC(NCC1CC1c1cc[nH]c1)c1ccc2c(c1)CCCS2,0.08983371257781983,0.640625
rxn:2:106600:149983,COc1cnc2[nH]cc(-c3ccc(C(C)NCc4cc(-c5ccsc5)cs4)s3)c2c1,0.08982813755671183,0.6447368421052632
rxn:2:69368:157753,CCc1c[nH]c2ncnc(-c3ccc(C(C)Nc4nc(CC(C)C)nc(C)c4C)s3)c12,0.08981310744439402,0.6571428571428571
rxn:2:86887:145209,Cc1cc(-c2ccc(C(C)NCc3csc4c3CCSC4)s2)cc2cnn(C)c12,0.08980664097029588,0.7323943661971831
rxn:2:131116:158710,Cc1c[nH]c2nccc(-c3ccc(C(C)NCC4CC(C5CC5)C4)s3)c12,0.08980152469414932,0.7704918032786885
rxn:2:125701:142264,CCC(NCCc1nn(C)c(C)c1C(C)C)c1ccc(-c2ccc3c(cnn3C)c2)s1,0.0898006808373236,0.6619718309859155
rxn:2:84662:157753,CCc1c[nH]c2ncnc(-c3ccc(C(C)NCc4ccnc(OC5CCCC5)c4)s3)c12,0.08979305997490883,0.6575342465753424
rxn:2:93015:156548,CC(NCc1cc(C(C)(C)C)no1)c1ccc(-c2cccc3nsnc23)s1,0.089791061701598,0.6666666666666666
rxn:2:90091:157753,CCc1c[nH]c2ncnc(-c3ccc(C(C)NCc4csc(N5CCCC5)n4)s3)c12,0.08979096412658691,0.6578947368421053
rxn:2:163282:157753,CCc1c[nH]c2ncnc(-c3ccc(C(C)NCc4cnn(-c5cc(C6CCCC6)ccn5)c4)s3)c12,0.0897829466395908,0.6097560975609756
rxn:2:122488:164117,CC(NCC1CCc2nn(C)cc2C1)c1ccc(-c2cc3c(cn2)ncn3C)s1,0.08977902346643908,0.5897435897435898
rxn:2:77576:156548,CC(NCc1cc(C2CC2)ccn1)c1ccc(-c2cccc3nsnc23)s1,0.0897778140174018,0.7076923076923077
rxn:2:120150:157652,COc1cc(CNC(C)c2ccc(-c3ncnc4ccn(C)c34)s2)cc(N(C)C)n1,0.08977742791175843,0.5844155844155844
rxn:2:123011:145209,COc1nscc1CNC(C)c1ccc(-c2cc(C)c3c(cnn3C)c2)s1,0.08977621572989004,0.746268656716418
rxn:2:68772:157188,COc1c(-c2ccc(C(C)NCCc3cn4ccc(C)cc4n3)s2)ccnc1C,0.08977323153923297,0.7246376811594203
rxn:2:134313:159258,CC(NCc1cc2c(s1)CSCC2)c1ncc(-c2ccc3ncsc3c2)s1,0.08977078287689774,0.7164179104477612
rxn:2:80957:145452,Cc1ccc2onc(CNC(C)c3ccc(-c4ccc5cc[nH]c(=O)c5c4)s3)c2c1,0.08976767460505168,0.6486486486486487
rxn:2:79461:75111,CC(NCc1c[nH][nH]c1=O)c1ccc(-c2ccncc2)s1,0.08976468018123082,0.7450980392156863
rxn:2:81312:158710,Cc1c[nH]c2nccc(-c3ccc(C(C)NCCc4cccc(-n5cncn5)n4)s3)c12,0.08975804236627394,0.6282051282051282
rxn:2:77430:157753,CCc1c[nH]c2ncnc(-c3ccc(C(C)NCCc4noc(C5CCC5)n4)s3)c12,0.08975255886713664,0.6506024096385542
rxn:2:86780:157753,CCc1c[nH]c2ncnc(-c3ccc(C(C)NCC4CC4SC4CC4)s3)c12,0.08975224141721372,0.6666666666666666
rxn:2:121044:168965,CCc1cc(CNC(C)c2ccc(-c3cccc(-c4cnco4)c3)s2)nc(C)n1,0.0897518437484215,0.7121212121212122
rxn:2:106800:168163,Cc1cncnc1-c1ccc(C(C)Nc2nc(N3CCCC3)c3[nH]cnc3n2)s1,0.08974651221571298,0.7794117647058824
rxn:2:138177:160502,CCC(C)c1cc(CNC(CC)c2ccc(-c3ccc4cnn(C)c4c3)s2)no1,0.08974505704024742,0.6285714285714286
rxn:2:98396:144913,CC(NCc1cc(C2CCCC2)no1)c1ccc(-c2ccc3ncc(=O)n(C)c3c2)s1,0.08974479475328999,0.64
rxn:2:109218:84225,CCc1ccc(-c2ccc(C(C)NCc3nc4c(C)cc(C)cc4[nH]3)s2)s1,0.08974208213664868,0.7166666666666667
rxn:2:123016:172033,CC(C)c1n[nH]cc1CCNC(C)c1ccc(-c2ccc(-c3cn[nH]c3)cc2)s1,0.08973648424806266,0.6029411764705882
rxn:2:84271:107408,CC(NCc1c[nH]c(=O)[nH]c1=O)c1ccc(-c2ccsc2)s1,0.08973603627898476,0.7358490566037735
rxn:2:123833:145452,CC(NCc1ccnc2c1ccn2C)c1ccc(-c2ccc3cc[nH]c(=O)c3c2)s1,0.08973451256752014,0.684931506849315
rxn:2:135604:166336,COc1cn[nH]c(=O)c1-c1ccc(C(C)NCc2ccc(C3CC3)c(OC)n2)s1,0.08973355950980351,0.6578947368421053
rxn:2:79714:142264,CCC(NCc1noc(C(C)n2cccc2)n1)c1ccc(-c2ccc3c(cnn3C)c2)s1,0.08972891420125961,0.5789473684210527
rxn:2:97277:158710,Cc1c[nH]c2nccc(-c3ccc(C(C)NCC4(CN(C)C5CCCN(C)C5)COC4)s3)c12,0.0897199475403988,0.5822784810126582
rxn:2:124995:156548,CC(Nc1cc(-c2cccs2)n[nH]c1=O)c1ccc(-c2cccc3nsnc23)s1,0.08971232484126913,0.6615384615384615
rxn:2:70798:148983,CC(C)c1csc2ncc(CCNC(C)c3ccc(-c4ccc5o[nH]c(=O)c5c4)s3)n12,0.08971006062722975,0.6216216216216216
rxn:2:78939:158710,Cc1c[nH]c2nccc(-c3ccc(C(C)NCCn4cnnn4)s3)c12,0.08971004009246826,0.6571428571428571
rxn:2:121445:70971,CCS(=O)(=O)c1n[nH]c(NC(C)c2nc(SC)ncc2C)n1,0.08970953659577803,0.6
rxn:2:84315:166342,COc1sc2c(c1CNC1CCc3[nH]c4cc5c(cc4c3C1)OCCO5)CCSC2,0.08970927000045777,0.35106382978723405
rxn:2:138822:149983,COc1cnc2[nH]cc(-c3ccc(C(C)NCCc4occ5ccccc45)s3)c2c1,0.08970247109731039,0.684931506849315
rxn:2:151508:157753,CCc1c[nH]c2ncnc(-c3ccc(C(C)Nc4cc(-c5cnc6ccccn56)[nH]n4)s3)c12,0.08970188372062915,0.6842105263157895
rxn:2:130440:157652,CCc1ccc(-n2cc(CNC(C)c3ccc(-c4ncnc5ccn(C)c45)s3)c(CC)n2)nc1,0.08969882130622864,0.7
rxn:2:120726:150247,CC(C)c1c(CNC(C)c2ccc(-c3ccc4n[nH]c(=O)n4c3)s2)cnc2c1CCC2,0.0896947729972101,0.5949367088607594
rxn:2:81768:155208,CCc1nc(CNC(C)c2cnc(-c3ccc4n[nH]c(C)c4c3)s2)ccc1OC,0.08969332020858238,0.5526315789473685
rxn:2:89733:151299,Cc1c(-c2ccc(C(C)NCc3ccc4cc[nH]c4c3)s2)ccc2nccn12,0.0896903510604586,0.7424242424242424
rxn:2:121718:158018,CCn1nc(CNC(C)c2ccc(-c3c[nH]c(=O)c(C)c3)s2)cc1CC1CC1,0.08968993382794517,0.684931506849315
rxn:2:134313:163159,CC(NCc1cc2c(s1)CSCC2)c1ccc(-c2nccn3ccnc23)s1,0.0896872149573432,0.6056338028169014
rxn:2:138643:97528,Cc1cc(C)c2c(c1)C(NC1CC(c3nc(-c4cc[nH]c4)c[nH]3)C1)CCS2,0.08968602727960658,0.42028985507246375
rxn:2:150364:157753,CCc1c[nH]c2ncnc(-c3ccc(C(C)Nc4n[nH]c5nc(-c6ccccn6)ccc45)s3)c12,0.0896834678509656,0.68
rxn:2:70944:149983,COc1cnc2[nH]cc(-c3ccc(C(C)NCCc4nc(C5CCCSCC5)no4)s3)c2c1,0.08968119910269072,0.6235294117647059
rxn:2:87222:158710,Cc1c[nH]c2nccc(-c3ccc(C(C)NCCc4cc(C(C)C)on4)s3)c12,0.08968036302498408,0.7575757575757576
rxn:2:102587:156548,CSc1cc(CNC(C)c2ccc(-c3cccc4nsnc34)s2)ccn1,0.08967536229353684,0.7540983606557377
rxn:2:125457:151299,Cc1nc(CNC(C)c2ccc(-c3ccc4nccn4c3C)s2)c2n1CCCC2,0.08967226949231379,0.6619718309859155
rxn:2:102627:145452,CC(NCc1ncc(CCc2ccccc2)[nH]1)c1ccc(-c2ccc3cc[nH]c(=O)c3c2)s1,0.08966880133657744,0.6901408450704225
rxn:2:70572:145452,CC(NCc1cn[nH]c1-c1cccs1)c1ccc(-c2ccc3cc[nH]c(=O)c3c2)s1,0.08966705401738485,0.7083333333333334
rxn:2:113180:158710,CCn1ccc(CNC(C)c2ccc(-c3ccnc4[nH]cc(C)c34)s2)c1,0.08966377377510071,0.676923076923077
rxn:2:82083:148983,Cc1nc(CNC(C)c2ccc(-c3ccc4o[nH]c(=O)c4c3)s2)cc(CC2CC2)n1,0.08966302474339803,0.7142857142857143
rxn:2:141710:170874,Cc1cc(-c2ccc(C(C)NCc3nc4c(s3)CCCC4)s2)cc2cccnc12,0.08965858508800638,0.8
rxn:2:122796:145452,CCc1nnc(Sc2ccc(C)cc2NC(C)c2ccc(-c3ccc4cc[nH]c(=O)c4c3)s2)[nH]1,0.08965476821450626,0.6111111111111112
rxn:2:125871:157753,CCc1c[nH]c2ncnc(-c3ccc(C(C)NC[C@H]4C[C@H]4c4nc(C)no4)s3)c12,0.08964838241708689,0.6891891891891891
rxn:2:111728:158710,Cc1c[nH]c2nccc(-c3ccc(C(C)Nc4cc(COc5cccnc5)n[nH]4)s3)c12,0.08964442822241014,0.6301369863013698
rxn:2:123420:148983,COc1sc2c(c1CNC(C)c1ccc(-c3ccc4o[nH]c(=O)c4c3)s1)CCCN2C,0.08963813320282966,0.7297297297297297
rxn:2:93336:158710,Cc1c[nH]c2nccc(-c3ccc(C(C)NCCC(F)(F)c4ccncc4)s3)c12,0.08963680472867243,0.640625
rxn:2:113014:149983,CCc1ccccc1-c1nc(CNC(C)c2ccc(-c3c[nH]c4ncc(OC)cc34)s2)co1,0.0896340138984449,0.6933333333333334
rxn:2:76683:157804,COc1ccc2ncnc(-c3ccc(C(C)NCC4CC4c4c[nH]c(C)n4)s3)c2c1,0.0896334191163381,0.5974025974025974
rxn:2:101490:157403,COc1cncnc1-c1ccc(C(C)NCc2cn3c4c(sc3n2)CCC4)s1,0.08962540967123848,0.6933333333333334
rxn:2:127041:164117,Cc1csc2ncc(CCNC(C)c3ccc(-c4cc5c(cn4)ncn5C)s3)n12,0.08962502972833042,0.6
rxn:2:110272:142264,CCC(NCc1noc(-c2cccn2C)n1)c1ccc(-c2ccc3c(cnn3C)c2)s1,0.08962364350595782,0.6363636363636364
rxn:2:98944:148983,Cc1cc(CNC(C)c2ccc(-c3ccc4o[nH]c(=O)c4c3)s2)cn1C(C)C,0.08961881484304156,0.6567164179104478
rxn:2:71886:144913,COc1cccc2[nH]cc(CCNC(C)c3ccc(-c4ccc5ncc(=O)n(C)c5c4)s3)c12,0.08961792786916097,0.7307692307692307
rxn:2:115443:164117,Cc1nn2cc(CCNC(C)c3ccc(-c4cc5c(cn4)ncn5C)s3)nc2s1,0.08961687416865907,0.6329113924050633
rxn:2:100612:161792,CCCn1cc(-c2nc(CNC(C)c3ccc(-c4cc5c(=O)nc[nH]c5s4)cn3)cs2)cn1,0.08961564121824322,0.6097560975609756
rxn:2:111568:98880,Cc1c(C(C)Nc2nc(S(C)(=O)=O)n[nH]2)ccc2nccn12,0.08961521766402504,0.625
rxn:2:75689:158710,Cc1c[nH]c2nccc(-c3ccc(C(C)NCc4nnc(C5CCCOC5)o4)s3)c12,0.08961243232091268,0.6578947368421053
rxn:2:88621:145209,Cc1cc(-c2ccc(C(C)NCCc3noc(-c4ccccn4)n3)s2)cc2cnn(C)c12,0.08961213007569313,0.6973684210526315
rxn:2:93093:165748,CC(NCc1cc2c(s1)CCSC2)c1ccc(-c2cnc(N3CCOCC3)s2)s1,0.08960808556655357,0.6027397260273972
rxn:2:83303:145209,COC(CNC(C)c1ccc(-c2cc(C)c3c(cnn3C)c2)s1)c1csc(C)n1,0.08960164415425267,0.6575342465753424
rxn:2:81768:147106,CCc1nc(CNC(C)c2ccc(-c3ccc4c(c3)ncn4C)s2)ccc1OC,0.089599819018923,0.7611940298507462
rxn:2:127847:158710,Cc1c[nH]c2nccc(-c3ccc(C(C)Nc4nc(SCC(C)C)n[nH]4)s3)c12,0.08959868337426867,0.6716417910447762
rxn:2:99028:168965,CC(NCc1cc2n(C(C)C)ccn2n1)c1ccc(-c2cccc(-c3cnco3)c2)s1,0.08959579660046485,0.6266666666666667
rxn:2:76788:149983,COc1cnc2[nH]cc(-c3ccc(C(C)NCc4cncc(C(C)(C)C)c4)s3)c2c1,0.08959436416625977,0.6666666666666666
rxn:2:96735:148983,CC(NCC[C@H]1C[C@@H]1C1CC1)c1ccc(-c2ccc3o[nH]c(=O)c3c2)s1,0.0895927044061514,0.7076923076923077
rxn:2:121718:157753,CCc1c[nH]c2ncnc(-c3ccc(C(C)NCc4cc(CC5CC5)n(CC)n4)s3)c12,0.0895923952902517,0.6756756756756757
rxn:2:79512:158710,Cc1ccc(-c2nc(CNC(C)c3ccc(-c4ccnc5[nH]cc(C)c45)s3)co2)cc1,0.08958891322535853,0.8088235294117647
rxn:2:128543:141436,CCn1nc(CNC(C)c2ccc(-c3cnn(C)c3)s2)cc1CC(C)C,0.08958742710260245,0.6818181818181818
rxn:2:82300:166234,CC(NCc1c[nH]ccc1=O)c1cnc(-c2ccc3ncsc3c2)s1,0.08958351373672485,0.703125
rxn:2:101024:145452,CC(NCc1ccnc(N2CCCCC2C)n1)c1ccc(-c2ccc3cc[nH]c(=O)c3c2)s1,0.08958216508229573,0.6625
rxn:2:164282:149983,COc1cnc2[nH]cc(-c3ccc(C(C)NCc4cnn(-c5cc(C6CC6)c(C)cn5)c4)s3)c2c1,0.08957442726407733,0.6419753086419753
rxn:2:72820:156548,CCSc1ccc(NC(C)c2ccc(-c3cccc4nsnc34)s2)cn1,0.0895727826998784,0.6060606060606061
rxn:2:109584:146827,Cc1cc(C)c2c(CCNC(C)c3ccc(-c4cc(C)[nH]c(=O)c4)s3)c[nH]c2c1,0.08956058272000017,0.6714285714285714
rxn:2:84573:170874,Cc1cc(-c2ccc(C(C)NCCc3nccc(C(C)C)n3)s2)cc2cccnc12,0.08955922921498617,0.6865671641791045
rxn:2:69203:161792,CC(NCCc1nccc2cc[nH]c12)c1ccc(-c2cc3c(=O)nc[nH]c3s2)cn1,0.08955753246943156,0.6527777777777778
rxn:2:113726:147854,Cc1nn(C)c2ccc(-c3ccc(C(C)NCc4cc(CC(C)(C)C)on4)s3)cc12,0.08955621719360352,0.6567164179104478
rxn:2:121718:159018,CCn1nc(CNC(C)c2ccc(-c3csc4c(=O)[nH]cnc34)cn2)cc1CC1CC1,0.0895507566390499,0.6582278481012658
rxn:2:77168:157753,CCc1c[nH]c2ncnc(-c3ccc(C(C)NCc4cn5nc(C(CC)CC)sc5n4)s3)c12,0.08954349792364871,0.6901408450704225
rxn:2:127199:164117,CC(NCc1cc(=O)[nH]c(C2CC2)n1)c1ccc(-c2cc3c(cn2)ncn3C)s1,0.08953986496760927,0.7323943661971831
rxn:2:70572:147854,Cc1nn(C)c2ccc(-c3ccc(C(C)NCc4cn[nH]c4-c4cccs4)s3)cc12,0.08953667481740316,0.684931506849315
rxn:2:84866:168163,Cc1cncnc1-c1ccc(C(C)NCCc2cc(-c3ccc[nH]3)n(C)n2)s1,0.08953307356153216,0.6944444444444444
rxn:2:107070:151299,Cc1c(-c2ccc(C(C)NCc3nccc(N4CCC4)n3)s2)ccc2nccn12,0.08953157786665292,0.6323529411764706
rxn:2:112181:158710,Cc1cc(C)n(-c2nc(C)nc(NC(C)c3ccc(-c4ccnc5[nH]cc(C)c45)s3)n2)n1,0.08953136205673218,0.625
rxn:2:156787:170892,Cc1oncc1-c1cc(CNC(C)c2ccc(-c3cc4sccc4s3)s2)nc(C2CC2)n1,0.08952899277210236,0.6933333333333334
rxn:2:77010:164117,CC(NCCc1nc2c(c(=O)[nH]1)CSC2)c1ccc(-c2cc3c(cn2)ncn3C)s1,0.08952595392862955,0.6025641025641025
rxn:2:120615:151299,CCn1nccc1CCNC(C)c1ccc(-c2ccc3nccn3c2C)s1,0.08951498402489556,0.6567164179104478
rxn:2:129280:145452,CCOc1noc(CNC(C)c2ccc(-c3ccc4cc[nH]c(=O)c4c3)s2)n1,0.08950226647513253,0.6933333333333334
rxn:2:96738:161792,CCc1nc(C)cc(CNC(C)c2ccc(-c3cc4c(=O)nc[nH]c4s3)cn2)n1,0.08950060400469549,0.7014925373134329
rxn:2:164524:145452,CCc1nn(-c2ccnc(C3CC3)c2)cc1CNC(C)c1ccc(-c2ccc3cc[nH]c(=O)c3c2)s1,0.08949930303626591,0.651685393258427
rxn:2:77966:145209,Cc1cc(-c2ccc(C(C)NCCc3nc(-c4ccco4)c(C)n3C)s2)cc2cnn(C)c12,0.08949496348698933,0.6923076923076923
rxn:2:103936:145452,CC(C)c1cc(N2CC(CNC(C)c3ccc(-c4ccc5cc[nH]c(=O)c5c4)s3)C2)ncn1,0.08949354923132694,0.6285714285714286
rxn:2:127937:164117,CC(NCc1cc2c(s1)CSC2)c1ccc(-c2cc3c(cn2)ncn3C)s1,0.0894925351496096,0.8548387096774194
rxn:2:80952:144232,Cc1cc(CNC(C)c2ccc(-c3cc(N(C)C)ncn3)s2)nc(N(C)C)n1,0.08949132689407893,0.6153846153846154
rxn:2:93685:156548,CCC(C)c1nc(CNC(C)c2ccc(-c3cccc4nsnc34)s2)co1,0.08948730980908429,0.696969696969697
rxn:2:70348:148983,CC(NCCc1cn2c(n1)SCC2)c1ccc(-c2ccc3o[nH]c(=O)c3c2)s1,0.08948637332235064,0.6666666666666666
rxn:2:106880:158710,Cc1c[nH]c2nccc(-c3ccc(C(C)NC4CC(C)S(=O)(=O)c5sccc54)s3)c12,0.08948550621668498,0.55
rxn:2:138643:140049,CCc1cccc2c1SCCC2NC1CC(c2nc(-c3cc[nH]c3)c[nH]2)C1,0.08947481932463469,0.45714285714285713
rxn:2:83391:158710,Cc1ccncc1C1C(CNC(C)c2ccc(-c3ccnc4[nH]cc(C)c34)s2)C1(F)F,0.08947334751006096,0.6142857142857143
rxn:2:141710:150247,CC(NCc1nc2c(s1)CCCC2)c1ccc(-c2ccc3n[nH]c(=O)n3c2)s1,0.08946981387478965,0.8059701492537313
rxn:2:106227:156548,Cc1ccn2nc(CNC(C)c3ccc(-c4cccc5nsnc45)s3)cc2c1,0.08946930510657174,0.6376811594202898
rxn:2:127636:158710,Cc1c[nH]c2nccc(-c3ccc(C(C)Nc4nnc(-c5ccsc5)s4)s3)c12,0.08946471980639867,0.7540983606557377
rxn:2:105348:145209,Cc1cc(-c2ccc(C(C)NCc3ccc4[nH]cnc4n3)s2)cc2cnn(C)c12,0.08946316406644624,0.7230769230769231
rxn:2:128914:158710,Cc1nc(CNC(C)c2ccc(-c3ccnc4[nH]cc(C)c34)s2)c(-c2ccc[nH]2)[nH]1,0.08946256637573242,0.6486486486486487
rxn:2:130401:94292,CCC(NC(CCSC)c1ncno1)c1ccc(-c2sccc2C)s1,0.08946117043495178,0.4492753623188406
rxn:2:79845:145452,CC(C)Cc1scnc1CNC(C)c1ccc(-c2ccc3cc[nH]c(=O)c3c2)s1,0.08946038936746531,0.6911764705882353
rxn:2:68085:140049,CCc1cccc2c1SCCC2NCC(C)Cc1ncc(C)[nH]1,0.08945879728897758,0.49230769230769234
rxn:2:70572:165490,Cc1cc(-c2ccc(C(C)NCc3cn[nH]c3-c3cccs3)s2)ccc1S(C)(=O)=O,0.08945749998092652,0.6486486486486487
rxn:2:164524:169604,CCc1nn(-c2ccnc(C3CC3)c2)cc1CNC(C)c1ccc(-c2ccc3ncsc3c2)s1,0.08945446505266078,0.6506024096385542
rxn:2:88731:158710,COC(CNC(C)c1ccc(-c2ccnc3[nH]cc(C)c23)s1)c1cn(C)nn1,0.08945251788411822,0.6231884057971014
rxn:2:123767:145452,COc1cc(C)nc(CCNC(C)c2ccc(-c3ccc4cc[nH]c(=O)c4c3)s2)n1,0.0894465446472168,0.6944444444444444
rxn:2:124352:164117,CC(NCc1cc2n(CC3CC3)ccn2n1)c1ccc(-c2cc3c(cn2)ncn3C)s1,0.08944434312082106,0.6666666666666666
rxn:2:150539:158710,Cc1c[nH]c2nccc(-c3ccc(C(C)NCc4nsc(Cc5c[nH]c6ccccc56)n4)s3)c12,0.08944080156438491,0.6133333333333333
rxn:2:87855:145452,CCCSc1nc(NC(C)c2ccc(-c3ccc4cc[nH]c(=O)c4c3)s2)ns1,0.08943647784846169,0.6323529411764706
rxn:2:139349:158710,CCc1ccc(CNC(C)c2ccc(-c3ccnc4[nH]cc(C)c34)s2)nc1,0.08943641848034328,0.7213114754098361
rxn:2:151149:145209,Cc1cc(-c2ccc(C(C)NCCc3noc(C4CCCc5ccccc54)n3)s2)cc2cnn(C)c12,0.0894208699464798,0.686046511627907
rxn:2:107319:158710,Cc1c[nH]c2nccc(-c3ccc(C(C)NC(Cc4ncc[nH]4)c4cn[nH]c4)s3)c12,0.08941855033238728,0.6428571428571429
rxn:2:87285:151299,Cc1c(-c2ccc(C(C)NCc3nc4c(s3)COCC4)s2)ccc2nccn12,0.08941769812788282,0.75
rxn:2:70758:171510,CCC(NCCc1noc(-c2ccc[nH]2)n1)c1ccc(-c2ccc3ncsc3c2)s1,0.08941623568534851,0.618421052631579
rxn:2:134525:157753,CCc1c[nH]c2ncnc(-c3ccc(C(C)NCc4cc(CC(C)C)on4)s3)c12,0.08941479181421214,0.7142857142857143
rxn:2:103609:155996,Cc1nc(CNC(C)c2ccc(-c3cc(OC(C)C)ncn3)s2)cc(C(C)(C)C)n1,0.08941474556922913,0.581081081081081
rxn:2:73247:149983,COc1cnc2[nH]cc(-c3ccc(C(C)NCc4coc(-c5ccccc5C)n4)s3)c2c1,0.08941254392266273,0.684931506849315
rxn:2:119262:161792,Cc1sc(CNC(C)c2ccc(-c3cc4c(=O)nc[nH]c4s3)cn2)nc1C(C)C,0.08940613886405682,0.7384615384615385
rxn:2:120126:156548,CC(NCc1cnco1)c1ccc(-c2cccc3nsnc23)s1,0.08940402321193529,0.6666666666666666
rxn:2:103485:146533,COc1cccc2c(CNC(C)c3ccc(-c4ccc5cnoc5c4)s3)c[nH]c12,0.08940340527172747,0.684931506849315
rxn:2:88978:158710,CCc1nn(CC)c(NC(C)c2ccc(-c3ccnc4[nH]cc(C)c34)s2)c1C1CC1,0.08939779003461203,0.684931506849315
rxn:2:156787:157836,Cc1oncc1-c1cc(CNC(C)c2ccc(-c3ccnc(N4CCOCC4)c3)s2)nc(C2CC2)n1,0.08939429455333286,0.6666666666666666
rxn:2:123624:157753,CCc1c[nH]c2ncnc(-c3ccc(C(C)Nc4cc(C)ccc4SCc4nnc(C)o4)s3)c12,0.08938642459757187,0.589041095890411
rxn:2:70157:142264,CCCc1coc(CNC(CC)c2ccc(-c3ccc4c(cnn4C)c3)s2)c1,0.08938312104770116,0.625
rxn:2:76367:147106,CC(NCCc1cn2ncsc2n1)c1ccc(-c2ccc3c(c2)ncn3C)s1,0.08937643681253706,0.7313432835820896
rxn:2:137940:169604,CC(NCc1n[nH]c2c1COC2)c1ccc(-c2ccc3ncsc3c2)s1,0.08937515662266658,0.6376811594202898
rxn:2:135604:157836,COc1nc(CNC(C)c2ccc(-c3ccnc(N4CCOCC4)c3)s2)ccc1C1CC1,0.08937498368322849,0.6282051282051282
rxn:2:104368:157753,CCc1c[nH]c2ncnc(-c3ccc(C(C)Nc4cnc5[nH]cnc5c4)s3)c12,0.08936857751437596,0.75
rxn:2:135886:156548,CC(NCCC1C(c2nc[nH]n2)C1(F)F)c1ccc(-c2cccc3nsnc23)s1,0.08936795900607931,0.6338028169014085
rxn:2:110360:144913,CC(Nn1c(=O)[nH][nH]c1=O)c1ccc(-c2ccc3ncc(=O)n(C)c3c2)s1,0.08936730137577763,0.6440677966101694
rxn:2:102176:156548,CC(NCCC1CC1c1cccc2[nH]cnc12)c1ccc(-c2cccc3nsnc23)s1,0.0893671243421493,0.6712328767123288
rxn:2:84850:168678,COc1ccc2c(CCC(C)NC3CCN(c4ncnc5ccsc45)CC3)c[nH]c2c1,0.08936701282378166,0.7236842105263158
rxn:2:125878:169604,Cc1cc(C2(CNC(C)c3ccc(-c4ccc5ncsc5c4)s3)CCC2)ncn1,0.08936697861243939,0.5692307692307692
rxn:2:74554:158710,Cc1c[nH]c2nccc(-c3ccc(C(C)NCCn4ccc(-c5ccsc5)n4)s3)c12,0.08936670819918315,0.6164383561643836
rxn:2:107997:142264,CCC(NCCc1nc[nH]c1C1CCC1)c1ccc(-c2ccc3c(cnn3C)c2)s1,0.08936639030774435,0.7464788732394366
rxn:2:66560:151299,COc1ccc2c(CNC(C)c3ccc(-c4ccc5nccn5c4C)s3)c[nH]c2c1,0.08936464786529541,0.7323943661971831
rxn:2:128744:145209,Cc1cc(-c2ccc(C(C)NCCc3c4c(nn3C)CCC4)s2)cc2cnn(C)c12,0.08936379750569662,0.7647058823529411
rxn:2:75732:158710,Cc1c[nH]c2nccc(-c3ccc(C(C)NCc4cc5n(n4)CC(c4cccs4)OC5)s3)c12,0.08936277122208566,0.6455696202531646
rxn:2:73607:171510,CCC(NCc1cc2c(n(C)c1=O)CCC2)c1ccc(-c2ccc3ncsc3c2)s1,0.0893618901570638,0.5822784810126582
rxn:2:122488:145452,CC(NCC1CCc2nn(C)cc2C1)c1ccc(-c2ccc3cc[nH]c(=O)c3c2)s1,0.08936005433400472,0.625
rxn:2:113984:145209,CCOc1ccccc1-c1nc(CNC(C)c2ccc(-c3cc(C)c4c(cnn4C)c3)s2)cs1,0.08935919579337626,0.7402597402597403
rxn:2:97470:158710,COc1cccn2nc(NC(C)c3ccc(-c4ccnc5[nH]cc(C)c45)s3)nc12,0.08935315650084923,0.6714285714285714
rxn:2:118116:156548,Cc1nnc(CNC(C)c2ccc(-c3cccc4nsnc34)s2)nn1,0.08935242652893066,0.6666666666666666
rxn:2:112963:149983,COc1cnc2[nH]cc(-c3ccc(C(C)NCc4nc5c(C)cccc5[nH]4)s3)c2c1,0.08935189247131348,0.8285714285714286
rxn:2:85085:150247,Cc1nc(CNC(C)c2ccc(-c3ccc4n[nH]c(=O)n4c3)s2)sc1C(C)F,0.08934817143848964,0.7611940298507462
rxn:2:108187:151299,CSc1ncc(CNC(C)c2ccc(-c3ccc4nccn4c3C)s2)nn1,0.08934504897506149,0.7580645161290323
rxn:2:128720:156548,CC(C)Cn1cnc(CNC(C)c2ccc(-c3cccc4nsnc34)s2)c1,0.08934267582716765,0.6363636363636364
rxn:2:72011:158710,Cc1[nH]c2nc(NC(C)c3ccc(-c4ccnc5[nH]cc(C)c45)s3)ccc2c1C,0.0893417473497062,0.6515151515151515
rxn:2:76015:164117,CC(NCCc1nn(C)c2c1CCCC2)c1ccc(-c2cc3c(cn2)ncn3C)s1,0.08934028148651123,0.6901408450704225
rxn:2:126222:165909,CSc1ncc(-c2ccc(C(C)NCc3csc(CN4CCC(C)CC4)n3)s2)c2nncn12,0.08933967171293317,0.6829268292682927
rxn:2:79461:145452,CC(NCc1c[nH][nH]c1=O)c1ccc(-c2ccc3cc[nH]c(=O)c3c2)s1,0.08933754609181331,0.7368421052631579
rxn:2:127539:157753,CCc1c[nH]c2ncnc(-c3ccc(C(C)NCc4cc(C(C)(C)C)[nH]n4)s3)c12,0.08933515795345964,0.676923076923077
rxn:2:107960:147854,Cc1nn(C)c2ccc(-c3ccc(C(C)NCc4cc(CC(C)C)n(C5CCC5)n4)s3)cc12,0.08932617577639493,0.7428571428571429
rxn:2:84866:157854,CCn1ncc2cc(-c3cnc(C(C)NCCc4cc(-c5ccc[nH]5)n(C)n4)s3)ccc21,0.08932223729789257,0.6933333333333334
rxn:2:139839:147854,COc1sc(C2CC2)cc1CNC(C)c1ccc(-c2ccc3c(c2)c(C)nn3C)s1,0.08932065566380819,0.684931506849315
rxn:2:141305:157753,CCc1c[nH]c2ncnc(-c3ccc(C(C)Nc4ncn(CC5CC6CCC5C6)n4)s3)c12,0.08932009898126125,0.6363636363636364
rxn:2:106590:145209,Cc1cc(-c2ccc(C(C)NCc3cc(C4CCC4)n(C4CCSC4)n3)s2)cc2cnn(C)c12,0.0893172446419211,0.8082191780821918
rxn:2:122532:157804,COc1ccc2ncnc(-c3ccc(C(C)NCc4nc(C)c(C(C)(F)F)s4)s3)c2c1,0.08931299178831038,0.6438356164383562
rxn:2:136655:148983,CC(NCc1ccc2c(c1)CCCS2)c1ccc(-c2ccc3o[nH]c(=O)c3c2)s1,0.08931129965288885,0.7352941176470589
rxn:2:114931:168965,CCCc1cc(CNC(C)c2ccc(-c3cccc(-c4cnco4)c3)s2)nn1C1CCC1,0.08931018970906734,0.7297297297297297
rxn:2:163405:164117,Cc1nc(CC(C)C)cc2nc(CCNC(C)c3ccc(-c4cc5c(cn4)ncn5C)s3)cn12,0.08930846873451681,0.6447368421052632
rxn:2:86245:158710,Cc1c[nH]c2nccc(-c3ccc(C(C)N[C@H](c4ccoc4)C4CCC4)s3)c12,0.08930384261267525,0.6027397260273972
rxn:2:142729:157753,CCc1c[nH]c2ncnc(-c3ccc(C(C)NCc4cc(C)nc(Cc5ccc(C)c(C)c5)n4)s3)c12,0.0893003460433748,0.6351351351351351
rxn:2:96195:158710,CSCc1ccccc1NC(C)c1ccc(-c2ccnc3[nH]cc(C)c23)s1,0.08929617758150454,0.8333333333333334
rxn:2:132953:145452,CC(NCc1cn(C)nc1C1CC1)c1ccc(-c2ccc3cc[nH]c(=O)c3c2)s1,0.08929572434260927,0.7083333333333334
rxn:2:78534:92488,CC(Nc1ccc(=O)[nH]n1)c1cc(-c2ccsc2)cs1,0.08928867876529693,0.7058823529411765
rxn:2:84539:169604,CC(NCc1coc(C(C)(C)C)n1)c1ccc(-c2ccc3ncsc3c2)s1,0.08927288320329455,0.6885245901639344
rxn:2:73714:156548,CC(NCc1nc(-c2cccs2)c[nH]1)c1ccc(-c2cccc3nsnc23)s1,0.08926727942058019,0.6617647058823529
rxn:2:113014:168965,CCc1ccccc1-c1nc(CNC(C)c2ccc(-c3cccc(-c4cnco4)c3)s2)co1,0.08926636703086621,0.6486486486486487
rxn:2:76129:151299,CCCn1ccnc1CCNC(C)c1ccc(-c2ccc3nccn3c2C)s1,0.08926336254392352,0.6470588235294118
rxn:2:86444:148983,CC(NCc1c[nH]c(C2CCCC2)n1)c1ccc(-c2ccc3o[nH]c(=O)c3c2)s1,0.08925377911534803,0.7536231884057971
rxn:2:70798:173019,CC(=O)n1cc(-c2ccc(C(C)NCCc3cnc4scc(C(C)C)n34)s2)c2ccccc21,0.08924843867619832,0.5853658536585366
rxn:2:75661:149554,Cc1cccc2cc(-c3ncc(C(C)NCc4ccnc(C(C)C)n4)s3)cnc12,0.08924716711044312,0.5405405405405406
rxn:2:141979:164604,Cc1cnn(-c2cc(-c3ccc(C(C)NCc4ccc5c(C)c[nH]c5c4)s3)ncn2)c1,0.08924645377743629,0.5714285714285714
rxn:2:127570:168965,CC(NCc1ccc(C(C)(F)F)s1)c1ccc(-c2cccc(-c3cnco3)c2)s1,0.08924328047653725,0.6417910447761194
rxn:2:118056:151299,CCSc1ccc(CNC(C)c2ccc(-c3ccc4nccn4c3C)s2)o1,0.08924204994131017,0.6119402985074627
rxn:2:88112:151299,Cc1c(-c2ccc(C(C)NCc3c[nH]nc3-c3ccco3)s2)ccc2nccn12,0.08923498515425057,0.7083333333333334
rxn:2:152489:170874,Cc1cc(-c2ccc(C(C)NCCc3cn4c(-c5cn[nH]c5)csc4n3)s2)cc2cccnc12,0.089234297766405,0.7468354430379747
rxn:2:104861:151299,Cc1c(-c2ccc(C(C)NCc3cn[nH]c3CC3CC3)s2)ccc2nccn12,0.08923111855983734,0.6351351351351351
rxn:2:161549:164117,CC(NCc1cn2c(nc3ccc(C(C)(C)C)cc32)[nH]1)c1ccc(-c2cc3c(cn2)ncn3C)s1,0.08922983067376274,0.5974025974025974
rxn:2:136844:158710,Cc1c[nH]c2nccc(-c3ccc(C(C)Nc4nnn(C(C)(C)C)n4)s3)c12,0.08922568294737074,0.6666666666666666
rxn:2:119285:157753,CCc1c[nH]c2ncnc(-c3ccc(C(C)Nc4cccc(-c5ncn(C)n5)c4)s3)c12,0.08921956054625972,0.5833333333333334
rxn:2:142150:144913,CSc1nccc(CNC(C)c2ccc(-c3ccc4ncc(=O)n(C)c4c3)s2)n1,0.08921746138868661,0.684931506849315
rxn:2:107589:158710,Cc1c[nH]c2nccc(-c3ccc(C(C)NC4(c5noc(CN(C)C)n5)CCCCCC4)s3)c12,0.08921522428007687,0.5822784810126582
rxn:2:126915:164117,CC(C)c1nc(CNC(C)c2ccc(-c3cc4c(cn3)ncn4C)s2)no1,0.08921443974530255,0.6470588235294118
rxn:2:110360:146182,CCC(Nn1c(=O)[nH][nH]c1=O)c1ccc(-c2cccc(OC)n2)s1,0.08921178181966145,0.6
rxn:2:155703:145452,CCc1ccc(-n2cc(CNC(C)c3ccc(-c4ccc5cc[nH]c(=O)c5c4)s3)c(C3CC3)n2)nc1,0.08920637766520183,0.6071428571428571
rxn:2:128720:147854,Cc1nn(C)c2ccc(-c3ccc(C(C)NCc4cn(CC(C)C)cn4)s3)cc12,0.08920032813631255,0.6666666666666666
rxn:2:68711:158710,COc1ccc(NC(C)c2ccc(-c3ccnc4[nH]cc(C)c34)s2)cc1-c1nc(C)n[nH]1,0.08919214643537998,0.6197183098591549
rxn:2:69203:164117,CC(NCCc1nccc2cc[nH]c12)c1ccc(-c2cc3c(cn2)ncn3C)s1,0.08918419788623679,0.6266666666666667
rxn:2:104155:157188,COc1c(-c2ccc(C(C)NCCN(C)c3ccc(-c4ccc[nH]4)nn3)s2)ccnc1C,0.08918173983693123,0.6075949367088608
rxn:2:136613:145452,Cc1cc2cnc(CNC(C)c3ccc(-c4ccc5cc[nH]c(=O)c5c4)s3)nc2[nH]1,0.08918004433314006,0.6764705882352942
rxn:2:70632:145452,Cc1ncc(CNC(C)c2ccc(-c3ccc4cc[nH]c(=O)c4c3)s2)nc1C,0.08917351067066193,0.75
rxn:2:129765:145452,CCCc1cc(C)nn1CCNC(C)c1ccc(-c2ccc3cc[nH]c(=O)c3c2)s1,0.08917155663172403,0.7183098591549296
rxn:2:79964:170892,CC(NCc1cc2ncccc2s1)c1ccc(-c2cc3sccc3s2)s1,0.08917066225638756,0.6451612903225806
rxn:2:69315:147854,Cc1nn(C)c2ccc(-c3ccc(C(C)NCc4nnc(CC56CC7CC(CC(C7)C5)C6)o4)s3)cc12,0.08916520906819238,0.7
rxn:2:89661:149983,COc1cnc2[nH]cc(-c3ccc(C(C)NCc4csc(-c5cccs5)n4)s3)c2c1,0.08915883700052897,0.7971014492753623
rxn:2:140366:157753,CCc1c[nH]c2ncnc(-c3ccc(C(C)NCCc4[nH]ncc4-c4cc[nH]c4)s3)c12,0.08915442612863356,0.6756756756756757
rxn:2:70758:173019,CC(=O)n1cc(-c2ccc(C(C)NCCc3noc(-c4ccc[nH]4)n3)s2)c2ccccc21,0.08915327489376068,0.5925925925925926
rxn:2:139357:115754,CSCC(Nc1nnco1)c1ccc2c(c1)CCCS2,0.0891527459025383,0.8490566037735849
rxn:2:127937:142273,CC(NCc1cc2c(s1)CSC2)c1ccc(-c2cnc(N(C)C)s2)s1,0.0891492247581482,0.6349206349206349
rxn:2:158002:148983,Cc1ccc2cc(-c3nc(CNC(C)c4ccc(-c5ccc6o[nH]c(=O)c6c5)s4)cs3)[nH]c2c1,0.08914833910324994,0.6666666666666666
rxn:2:97860:165126,CCCc1[nH]cnc1CCNC(C)c1ccc(-c2ccnc3[nH]ncc23)s1,0.08914783045097634,0.6923076923076923
rxn:2:93632:157403,COc1cncnc1-c1ccc(C(C)NCc2nc3c(s2)CSCC3)s1,0.0891396151139186,0.6388888888888888
rxn:2:86067:158710,Cc1c[nH]c2nccc(-c3ccc(C(C)NCCc4nc(C)c5ccccn45)s3)c12,0.08912988503774007,0.7536231884057971
rxn:2:123961:167920,Cc1[nH]nc2ccc(-c3ccc(C(C)NCCc4c[nH]c5cccc(C)c45)s3)cc12,0.08912456631660462,0.7794117647058824
rxn:2:112858:165909,CSc1ncc(-c2ccc(C(C)NCc3cc(C4CC4)cs3)s2)c2nncn12,0.08912179938384465,0.7027027027027027
rxn:2:131685:158710,Cc1c[nH]c2nccc(-c3ccc(C(C)NCc4cn[nH]c4C4CC4(C)C)s3)c12,0.0891180367305361,0.676056338028169
rxn:2:78592:145452,CCc1cc(=O)[nH]c(CCNC(C)c2ccc(-c3ccc4cc[nH]c(=O)c4c3)s2)n1,0.08911633094151815,0.7164179104477612
rxn:2:110360:157188,COc1c(-c2ccc(C(C)Nn3c(=O)[nH][nH]c3=O)s2)ccnc1C,0.08911559234062831,0.6379310344827587
rxn:2:135254:152911,CC(NCc1nc(CCC2CCCCC2)cs1)c1ccc(-c2ccc3ncsc3c2)c2c1OCO2,0.08910881110600062,0.5116279069767442
rxn:2:81768:156929,CCc1nc(CNC(C)c2cnc(-c3ccc(N4CCOCC4)nc3)s2)ccc1OC,0.08910793835116972,0.5119047619047619
rxn:2:144949:157753,CCc1c[nH]c2ncnc(-c3ccc(C(C)Nc4nc(=O)c5c6c(sc5[nH]4)CCC6)s3)c12,0.08910443261265755,0.6052631578947368
rxn:2:127805:158710,COc1ncccc1-c1nnc(C(C)NC(C)c2ccc(-c3ccnc4[nH]cc(C)c34)s2)o1,0.08910200270739468,0.5789473684210527
rxn:2:133625:163354,Cc1c(-c2cnc(C(C)NCCc3nn(C)c4ccsc34)s2)ccc2c1cnn2C,0.08909720182418823,0.5128205128205128
rxn:2:73714:149983,COc1cnc2[nH]cc(-c3ccc(C(C)NCc4nc(-c5cccs5)c[nH]4)s3)c2c1,0.08909071882565817,0.7222222222222222
rxn:2:160338:157753,CCc1c[nH]c2ncnc(-c3ccc(C(C)Nc4nc(=O)c5cc(C6CC6)sc5[nH]4)s3)c12,0.08908106572926044,0.6282051282051282
rxn:2:114027:170874,Cc1cc(-c2ccc(C(C)NCc3cc4[nH]ccc4s3)s2)cc2cccnc12,0.08907701287950788,0.6617647058823529
rxn:2:124192:158710,COc1ccc(-c2cc[nH]n2)cc1NC(C)c1ccc(-c2ccnc3[nH]cc(C)c23)s1,0.08907263317415791,0.6103896103896104
rxn:2:119929:150247,CC(NCc1cc2c(s1)CCCCC2)c1ccc(-c2ccc3n[nH]c(=O)n3c2)s1,0.08907028724407327,0.6486486486486487
rxn:2:71046:156548,CC(NCc1cnc(N2CC3CCC2C3)s1)c1ccc(-c2cccc3nsnc23)s1,0.0890526016553243,0.6197183098591549
rxn:2:112858:156548,CC(NCc1cc(C2CC2)cs1)c1ccc(-c2cccc3nsnc23)s1,0.0890500545501709,0.6923076923076923
rxn:2:111888:173019,CC(=O)n1cc(-c2ccc(C(C)NCc3ccc(C4CC4C)o3)s2)c2ccccc21,0.08904908498128256,0.6447368421052632
rxn:2:110272:157804,COc1ccc2ncnc(-c3ccc(C(C)NCc4noc(-c5cccn5C)n4)s3)c2c1,0.08904363960027695,0.575
rxn:2:156891:158710,COc1cnccc1-n1cc(NC(C)c2ccc(-c3ccnc4[nH]cc(C)c34)s2)c(C2CC2)n1,0.08904112437192131,0.6962025316455697
rxn:2:135650:164117,CC(NCc1cc2[nH]ncc2s1)c1ccc(-c2cc3c(cn2)ncn3C)s1,0.08904104321091263,0.6197183098591549
rxn:2:121044:164117,CCc1cc(CNC(C)c2ccc(-c3cc4c(cn3)ncn4C)s2)nc(C)n1,0.08903721400669642,0.7419354838709677
rxn:2:117452:145209,Cc1cc(-c2ccc(C(C)NCc3cccc4c3CCN4C)s2)cc2cnn(C)c12,0.08902872403462728,0.6666666666666666
rxn:2:97743:170874,Cc1cc(-c2ccc(C(C)NCc3cn4c(C)cccc4n3)s2)cc2cccnc12,0.08902239402135213,0.7014925373134329
rxn:2:104400:158710,Cc1c[nH]c2nccc(-c3ccc(C(C)Nc4cccc(C5CCN(C)CC5)n4)s3)c12,0.08901955043115924,0.6857142857142857
rxn:2:79112:147854,Cc1nc[nH]c1C1CC1CNC(C)c1ccc(-c2ccc3c(c2)c(C)nn3C)s1,0.0890176851173927,0.647887323943662
rxn:2:92853:157804,COc1ccc2ncnc(-c3ccc(C(C)NCCc4nc(C)c5n4CCCC5)s3)c2c1,0.08900506980717182,0.5903614457831325
rxn:2:140549:157652,Cc1nncc2oc(CCNC(C)c3ccc(-c4ncnc5ccn(C)c45)s3)cc12,0.08900500933329264,0.55
rxn:2:101672:145452,CC(C)c1nc(CNC(C)c2ccc(-c3ccc4cc[nH]c(=O)c4c3)s2)c2n1CCCC2,0.08900133147835732,0.7397260273972602
rxn:2:113709:145209,Cc1cc(-c2ccc(C(C)NCc3conc3C(C)C)s2)cc2cnn(C)c12,0.08900115745408195,0.7142857142857143
rxn:2:93093:145144,CC(NCc1cc2c(s1)CCSC2)c1ccc(-c2ccc3cncnc3c2)s1,0.08899700215884618,0.6714285714285714
rxn:2:82083:149983,COc1cnc2[nH]cc(-c3ccc(C(C)NCc4cc(CC5CC5)nc(C)n4)s3)c2c1,0.08899513752229753,0.7647058823529411
rxn:2:168392:164117,CCc1nn(-c2cncc(C3CC3)c2)cc1CNC(C)c1ccc(-c2cc3c(cn2)ncn3C)s1,0.08899393251964025,0.5875
rxn:2:77281:147854,Cc1nn(C)c2ccc(-c3ccc(C(C)NCc4nc(C5CCC(F)(F)CC5)no4)s3)cc12,0.08899354573452112,0.6578947368421053
rxn:2:101222:145452,Cc1nccn1CC(C)CNC(C)c1ccc(-c2ccc3cc[nH]c(=O)c3c2)s1,0.08899297385380187,0.6666666666666666
rxn:2:125871:158710,Cc1noc([C@@H]2C[C@@H]2CNC(C)c2ccc(-c3ccnc4[nH]cc(C)c34)s2)n1,0.08898755695138659,0.7
rxn:2:123429:147106,Cc1cc2c(C)c[nH]c2cc1CNC(C)c1ccc(-c2ccc3c(c2)ncn3C)s1,0.08898732662200928,0.6388888888888888
rxn:2:123896:151299,CCCc1nc(CNC(C)c2ccc(-c3ccc4nccn4c3C)s2)cs1,0.08898550051229971,0.7575757575757576
rxn:2:91118:158710,CCc1nn(-c2ccncc2OC)cc1NC(C)c1ccc(-c2ccnc3[nH]cc(C)c23)s1,0.08898294333255652,0.7105263157894737
rxn:2:150051:157753,CCc1c[nH]c2ncnc(-c3ccc(C(C)NCc4nc(Cc5ccc(C(C)C)cc5)c(C)[nH]4)s3)c12,0.08897998929023743,0.6363636363636364
rxn:2:101024:165909,CSc1ncc(-c2ccc(C(C)NCc3ccnc(N4CCCCC4C)n3)s2)c2nncn12,0.08897872043378426,0.654320987654321
rxn:2:95477:151299,CCc1cc(C)nc(CCNC(C)c2ccc(-c3ccc4nccn4c3C)s2)n1,0.08897862352173903,0.6376811594202898
rxn:2:79438:145209,Cc1cc(-c2ccc(C(C)NCc3ccncc3C(C)C)s2)cc2cnn(C)c12,0.08897735743687071,0.7142857142857143
rxn:2:109335:151299,Cc1c(-c2ccc(C(C)NCCc3nc(N(C)C)no3)s2)ccc2nccn12,0.08897485690457481,0.6285714285714286
rxn:2:110272:165909,CSc1ncc(-c2ccc(C(C)NCc3noc(-c4cccn4C)n3)s2)c2nncn12,0.08897460276080717,0.6547619047619048
rxn:2:106689:158710,Cc1c[nH]c2nccc(-c3ccc(C(C)NCc4ncc(C(C)C)o4)s3)c12,0.08896900547875299,0.671875
rxn:2:127563:157753,CCc1c[nH]c2ncnc(-c3ccc(C(C)NCc4nc5ccncc5o4)s3)c12,0.08896789879634462,0.6197183098591549
rxn:2:117470:157804,COc1ccc2ncnc(-c3ccc(C(C)NCCc4ncc5ccccn45)s3)c2c1,0.08896661573840726,0.5949367088607594
rxn:2:106227:142264,CCC(NCc1cc2cc(C)ccn2n1)c1ccc(-c2ccc3c(cnn3C)c2)s1,0.08896530469258626,0.6388888888888888
rxn:2:106967:158710,Cc1c[nH]c2nccc(-c3ccc(C(C)NCc4sc(-c5cnccn5)nc4C4CC4)s3)c12,0.08896066564502138,0.6712328767123288
rxn:2:128786:158710,CCC(NC(C)c1ccc(-c2ccnc3[nH]cc(C)c23)s1)c1nnc(-c2ccco2)o1,0.088958740234375,0.5822784810126582
rxn:2:131378:157188,CCc1nc(CNC(C)c2ccc(-c3ccnc(C)c3OC)s2)c[nH]1,0.08895223379135132,0.7575757575757576
rxn:2:95971:147106,CC(NCc1cc2n(n1)CCSC2)c1ccc(-c2ccc3c(c2)ncn3C)s1,0.08895211134638105,0.6216216216216216
rxn:2:105342:159258,CCOc1c(CCNC(C)c2ncc(-c3ccc4ncsc4c3)s2)c(C)nn1C,0.08894826831488774,0.6935483870967742
rxn:2:132156:148983,CC(NCc1cn(C2CC2)c(=O)[nH]c1=O)c1ccc(-c2ccc3o[nH]c(=O)c3c2)s1,0.08894774913787842,0.7285714285714285
rxn:2:110009:158710,Cc1c[nH]c2nccc(-c3ccc(C(C)NCC4CC45CCC(C(C)C)CC5)s3)c12,0.08893972237904867,0.6285714285714286
rxn:2:86108:145452,CC(NCc1cc(C2CC2)[nH]n1)c1ccc(-c2ccc3cc[nH]c(=O)c3c2)s1,0.08893907495907374,0.7941176470588235
rxn:2:129562:158710,Cc1c[nH]c2nccc(-c3ccc(C(C)Nc4nc(CC(C)C)nc5cn(C)cc45)s3)c12,0.08893837034702301,0.7794117647058824
rxn:2:112446:156548,Cc1ccn2nc(NC(C)c3ccc(-c4cccc5nsnc45)s3)nc2c1,0.08892860898265133,0.5714285714285714
rxn:2:110360:138357,CC(Nn1c(=O)[nH][nH]c1=O)c1ccc2nnccc2c1,0.0889264315366745,0.6956521739130435
rxn:2:78217:157804,COc1ccc2ncnc(-c3ccc(C(C)NCc4cnc5c(c4C)CCC5)s3)c2c1,0.0889138848550858,0.6986301369863014
rxn:2:127539:156548,CC(NCc1cc(C(C)(C)C)[nH]n1)c1ccc(-c2cccc3nsnc23)s1,0.08890463246239556,0.7142857142857143
rxn:2:67322:157753,CCCc1nc2cc(C(C)CNC(C)c3ccc(-c4ncnc5[nH]cc(CC)c45)s3)ccc2[nH]1,0.08890343764249016,0.5802469135802469
rxn:2:79422:158710,Cc1c[nH]c2nccc(-c3ccc(C(C)Nc4nn(C5CC5)c5c4C(C)CC5)s3)c12,0.08890262246131897,0.6621621621621622
rxn:2:84055:157753,CCc1c[nH]c2ncnc(-c3ccc(C(C)Nc4nccnc4C)s3)c12,0.08889875732935391,0.696969696969697
rxn:2:131759:145209,Cc1cc(-c2ccc(C(C)NCc3cn(C)c(COc4ccccc4)n3)s2)cc2cnn(C)c12,0.08889731238870059,0.6756756756756757
rxn:2:114534:145209,Cc1cc(-c2ccc(C(C)NCCn3nc(C4CC4)ccc3=O)s2)cc2cnn(C)c12,0.08889615151189989,0.6805555555555556
rxn:2:115700:145452,CC(NCCC1C(c2nccn2C)C1(F)F)c1ccc(-c2ccc3cc[nH]c(=O)c3c2)s1,0.08889557234942913,0.6164383561643836
rxn:2:110360:81912,Cc1ccccc1-c1csc(C(C)Nn2c(=O)[nH][nH]c2=O)c1,0.08889284188097174,0.6470588235294118
rxn:2:126355:157403,COc1cncnc1-c1ccc(C(C)Nc2ccc3nc(C(C)(C)C)cn3n2)s1,0.08889190081892342,0.6567164179104478
rxn:2:73714:168965,CC(NCc1nc(-c2cccs2)c[nH]1)c1ccc(-c2cccc(-c3cnco3)c2)s1,0.08889052271842957,0.7352941176470589
rxn:2:88321:162492,CCn1cnc2cc(-c3ncc(C(C)NCc4cc(C5CC5)nc(C)n4)s3)ccc21,0.08888912995656331,0.5641025641025641
rxn:2:166352:157753,CCc1c[nH]c2ncnc(-c3ccc(C(C)Nc4nc5ccc6ncsc6c5s4)s3)c12,0.08888857210836103,0.6619718309859155
rxn:2:80043:145452,COC[C@H](F)CNC(C)c1ccc(-c2ccc3cc[nH]c(=O)c3c2)s1,0.08888766050338745,0.6666666666666666
rxn:2:126247:158710,Cc1c[nH]c2nccc(-c3ccc(C(C)Nc4ccnc(S(C)(=O)=O)n4)s3)c12,0.08888114563056401,0.7096774193548387
rxn:2:121890:157753,CCc1c[nH]c2ncnc(-c3ccc(C(C)NCc4ccc(C)c5ccncc45)s3)c12,0.08887421700262255,0.6571428571428571
rxn:2:137139:169604,Cc1cc(CCNC(C)c2ccc(-c3ccc4ncsc4c3)s2)ncn1,0.08887387697513287,0.6885245901639344
rxn:2:157233:158710,Cc1c[nH]c2nccc(-c3ccc(C(C)NCc4ccc5nc(-c6ccncc6)cn5n4)s3)c12,0.08887177004533656,0.6438356164383562
rxn:2:127539:161792,CC(NCc1cc(C(C)(C)C)[nH]n1)c1ccc(-c2cc3c(=O)nc[nH]c3s2)cn1,0.0888648115355393,0.6575342465753424
rxn:2:90533:159537,COc1cc(C)ccc1-c1cc(CNC(C)c2ccc3c(c2)sc2nccn23)n[nH]1,0.08886391321818034,0.5384615384615384
rxn:2:152253:166234,CC(Nc1c2c(nc3c(C4CC4)cnn13)CSC2)c1cnc(-c2ccc3ncsc3c2)s1,0.08885892294347286,0.4864864864864865
rxn:2:81768:165729,CCc1nc(CNC(C)c2cnc(-c3ccnc(N4CCOCC4)c3)s2)ccc1OC,0.08885184411079652,0.5176470588235295
rxn:2:96633:164117,COc1nc(CNC(C)c2ccc(-c3cc4c(cn3)ncn4C)s2)ccc1C,0.08884928907666888,0.7761194029850746
rxn:2:138881:150247,Cc1csc2nc(CNC(C)c3ccc(-c4ccc5n[nH]c(=O)n5c4)s3)cn12,0.08884590438434056,0.859375
rxn:2:70114:157753,CCc1c[nH]c2ncnc(-c3ccc(C(C)Nc4noc5nc(C)ccc45)s3)c12,0.08884050517246642,0.625
rxn:2:128543:145757,CCn1nc(CNC(C)c2ccc(-c3ccc4[nH]c(C)cc(=O)c4c3)s2)cc1CC(C)C,0.08883384242653847,0.6619718309859155
rxn:2:164058:164117,CC(NCCc1c[nH]c2ccc3c(c12)OCCO3)c1ccc(-c2cc3c(cn2)ncn3C)s1,0.08883072751941103,0.7297297297297297
rxn:2:138177:156548,CCC(C)c1cc(CNC(C)c2ccc(-c3cccc4nsnc34)s2)no1,0.08881673547956678,0.6323529411764706
rxn:2:86846:149983,COc1cnc2[nH]cc(-c3ccc(C(C)Nc4cc(-c5nc(C)cs5)[nH]n4)s3)c2c1,0.08880374630292256,0.6438356164383562
rxn:2:160666:158710,Cc1ccc(-n2cc(NC(C)c3ccc(-c4ccnc5[nH]cc(C)c45)s3)c(C3CCC3)n2)c(C)n1,0.08879038776670184,0.6835443037974683
rxn:2:118342:165909,CSc1ncc(-c2ccc(C(C)NCC3CC3c3sccc3C)s2)c2nncn12,0.08878922873529894,0.6621621621621622
rxn:2:121044:149983,CCc1cc(CNC(C)c2ccc(-c3c[nH]c4ncc(OC)cc34)s2)nc(C)n1,0.08878921229263832,0.8253968253968254
rxn:2:138822:142264,CCC(NCCc1occ2ccccc12)c1ccc(-c2ccc3c(cnn3C)c2)s1,0.08878915111223856,0.6133333333333333
rxn:2:78664:157652,CC(NCCc1nsc2ccccc12)c1ccc(-c2ncnc3ccn(C)c23)s1,0.08878849498156843,0.625
rxn:2:128543:163711,CCn1nc(CNC(C)c2ccc(-c3cnn(C4CCOC4)c3)s2)cc1CC(C)C,0.08878469069798788,0.6410256410256411
rxn:2:93268:156548,CC(C)Cc1nc(CNC(C)c2ccc(-c3cccc4nsnc34)s2)n[nH]1,0.08878363061834264,0.6153846153846154
rxn:2:120502:157753,CCc1c[nH]c2ncnc(-c3ccc(C(C)Nc4ccc(OCC5CCCC5)cn4)s3)c12,0.08877976983785629,0.6351351351351351
rxn:2:98782:151299,Cc1c(-c2ccc(C(C)NCc3n[nH]c4c(N(C)C)cccc34)s2)ccc2nccn12,0.08877248917856524,0.6216216216216216
rxn:2:115597:149983,COc1cnc2[nH]cc(-c3ccc(C(C)NCCc4cc(C5CCCC5)ccn4)s3)c2c1,0.08877234160900116,0.6986301369863014
rxn:2:66496:157753,CCc1c[nH]c2ncnc(-c3ccc(C(C)Nc4nc(SC)n(C)c(=O)c4C)s3)c12,0.08876816928386688,0.6428571428571429
rxn:2:84470:158710,CCCc1ccnc(-n2cc(CNC(C)c3ccc(-c4ccnc5[nH]cc(C)c45)s3)cn2)c1,0.08876523827061508,0.6883116883116883
rxn:2:130370:140099,CCC(Nc1cc(=O)c2[nH]nnc2[nH]1)c1ccc(-c2cccs2)s1,0.08876316621899605,0.6
rxn:2:157975:158710,Cc1c[nH]c2nccc(-c3ccc(C(C)NCc4ccc5oc(C6CCCCC6)nc5c4)s3)c12,0.08876049167969648,0.6666666666666666
rxn:2:123429:169604,Cc1cc2c(C)c[nH]c2cc1CNC(C)c1ccc(-c2ccc3ncsc3c2)s1,0.08875681202987144,0.6617647058823529
rxn:2:74345:156548,CC(NCCc1nc(C2CCCCC2)no1)c1ccc(-c2cccc3nsnc23)s1,0.08875560561815897,0.8676470588235294
rxn:2:100197:157753,CCc1c[nH]c2ncnc(-c3ccc(C(C)NCc4ccnc(C(C)C)c4)s3)c12,0.08874454580504319,0.75
rxn:2:74108:145209,Cc1cc(-c2ccc(C(C)NCc3ncoc3C(C)C)s2)cc2cnn(C)c12,0.08873915246554784,0.7611940298507462
rxn:2:127539:160502,CCC(NCc1cc(C(C)(C)C)[nH]n1)c1ccc(-c2ccc3cnn(C)c3c2)s1,0.08872138631754908,0.8813559322033898
rxn:2:86427:156548,Cc1oncc1CCNC(C)c1ccc(-c2cccc3nsnc23)s1,0.08872032642364502,0.65625
rxn:2:134259:161792,CC(C)Cc1ccc(-c2cnc(CNC(C)c3ccc(-c4cc5c(=O)nc[nH]c5s4)cn3)[nH]2)cc1,0.08871899332318987,0.631578947368421
rxn:2:115442:151299,Cc1c(-c2ccc(C(C)NCc3ccc4oc(=O)[nH]c4c3)s2)ccc2nccn12,0.08871599723552835,0.676056338028169
rxn:2:121147:169604,CC(NCc1cc2c(s1)CCCS2)c1ccc(-c2ccc3ncsc3c2)s1,0.08871135888276277,0.7619047619047619
rxn:2:98405:142273,Cc1c[nH]c2nc(CNC(C)c3ccc(-c4cnc(N(C)C)s4)s3)ncc12,0.08871008290184869,0.6086956521739131
rxn:2:141979:149880,Cc1c[nH]c2cc(CNC(C)c3ccc(-c4ccc5n[nH]c(=O)n5n4)s3)ccc12,0.08870987645510969,0.704225352112676
rxn:2:102186:169604,CC(NCCC1CC1c1cccs1)c1ccc(-c2ccc3ncsc3c2)s1,0.08869963663595694,0.7101449275362319
rxn:2:69824:157804,COc1ccc2ncnc(-c3ccc(C(C)NCCc4sc(N(C)C)nc4C)s3)c2c1,0.08869506659046296,0.6025641025641025
rxn:2:121147:149983,COc1cnc2[nH]cc(-c3ccc(C(C)NCc4cc5c(s4)CCCS5)s3)c2c1,0.0886939394062963,0.7083333333333334
rxn:2:132156:173019,CC(=O)n1cc(-c2ccc(C(C)NCc3cn(C4CC4)c(=O)[nH]c3=O)s2)c2ccccc21,0.08869339153170586,0.6052631578947368
rxn:2:157791:161792,Cc1nn(-c2ccnc(C(C)(C)C)c2)cc1CNC(C)c1ccc(-c2cc3c(=O)nc[nH]c3s2)cn1,0.08869247304068671,0.5802469135802469
rxn:2:137383:146533,Cc1cc(C)c2oc(CNC(C)c3ccc(-c4ccc5cnoc5c4)s3)cc2c1,0.0886892450266871,0.6617647058823529
rxn:2:71903:158710,Cc1c[nH]c2nccc(-c3ccc(C(C)NCCc4noc(Cc5ccsc5)n4)s3)c12,0.0886836628760061,0.6623376623376623
rxn:2:70632:148983,Cc1ncc(CNC(C)c2ccc(-c3ccc4o[nH]c(=O)c4c3)s2)nc1C,0.08868207313396313,0.75
rxn:2:66884:173019,CC(=O)n1cc(-c2ccc(C(C)NCc3cc(C4CC4)c(C)cn3)s2)c2ccccc21,0.08867901371371362,0.7162162162162162
rxn:2:88285:169604,CC(NCCc1ncc(-c2ccccc2)[nH]1)c1ccc(-c2ccc3ncsc3c2)s1,0.0886787454287211,0.6984126984126984
rxn:2:95477:161792,CCc1cc(C)nc(CCNC(C)c2ccc(-c3cc4c(=O)nc[nH]c4s3)cn2)n1,0.08867278695106506,0.6338028169014085
rxn:2:88800:152492,Cc1c(-c2ccc(C(C)NCCc3n[nH]c4cccc(C)c34)s2)ccc2[nH]cnc12,0.08866966764132182,0.6103896103896104
rxn:2:160338:158710,Cc1c[nH]c2nccc(-c3ccc(C(C)Nc4nc(=O)c5cc(C6CC6)sc5[nH]4)s3)c12,0.08866580070987824,0.6323529411764706
rxn:2:138190:152183,Cc1nc(CNC(C)c2ccc(-c3ccc4c(c3)OCO4)s2)cc2ccccc12,0.08866408364526157,0.6567164179104478
rxn:2:99709:165909,CSc1ncc(-c2ccc(C(C)NCc3cc(N4CCCC4)on3)s2)c2nncn12,0.08866357803344727,0.6575342465753424
rxn:2:80594:109025,Cc1csc(-c2cc(C(C)Nc3cc(=O)n4nccc4[nH]3)cs2)c1,0.08866030971209209,0.5396825396825397
rxn:2:134409:147854,Cc1nn(C)c2ccc(-c3ccc(C(C)NCCc4cc(C(C)(C)C)on4)s3)cc12,0.08865229487419128,0.6811594202898551
rxn:2:87793:145209,Cc1cc(-c2ccc(C(C)NCc3cc(C4CCC4)n(CC4CCC4)n3)s2)cc2cnn(C)c12,0.0886411421439227,0.8142857142857143
rxn:2:69203:149983,COc1cnc2[nH]cc(-c3ccc(C(C)NCCc4nccc5cc[nH]c45)s3)c2c1,0.08863953749338786,0.6805555555555556
rxn:2:111568:113963,CC(Nc1nc(S(C)(=O)=O)n[nH]1)c1cc(-c2cc[nH]c2)cs1,0.0886326946995475,0.8148148148148148
rxn:2:86444:167920,Cc1[nH]nc2ccc(-c3ccc(C(C)NCc4c[nH]c(C5CCCC5)n4)s3)cc12,0.08863237602957363,0.704225352112676
rxn:2:108974:148983,CC(NCc1nnc(C2CCC2)o1)c1ccc(-c2ccc3o[nH]c(=O)c3c2)s1,0.08863100409507751,0.647887323943662
rxn:2:83732:149983,COc1cnc2[nH]cc(-c3ccc(C(C)NCc4coc(CC5C6CC7CC(C6)CC5C7)n4)s3)c2c1,0.08862706687715319,0.6125
rxn:2:78410:158710,Cc1c[nH]c2nccc(-c3ccc(C(C)Nc4nnc(-c5cnn(C(C)C)c5)s4)s3)c12,0.08862691540871898,0.6818181818181818
rxn:2:74510:159258,Cc1ccnc2[nH]cc(CCNC(C)c3ncc(-c4ccc5ncsc5c4)s3)c12,0.08862668481366388,0.7846153846153846
rxn:2:77632:164117,CC(NCc1cn(-c2nccs2)nn1)c1ccc(-c2cc3c(cn2)ncn3C)s1,0.08862284134174216,0.6712328767123288
rxn:2:121718:167920,CCn1nc(CNC(C)c2ccc(-c3ccc4n[nH]c(C)c4c3)s2)cc1CC1CC1,0.08861744403839111,0.6944444444444444
rxn:2:141705:145209,CCCc1nc(CNC(C)c2ccc(-c3cc(C)c4c(cnn4C)c3)s2)n(C)n1,0.08861677605530312,0.765625
rxn:2:67886:156548,CC(NCc1csc(N(C)C)n1)c1ccc(-c2cccc3nsnc23)s1,0.08861501400287335,0.7301587301587301
rxn:2:67043:173019,CC(=O)n1cc(-c2ccc(C(C)NCc3cc(-c4cccs4)on3)s2)c2ccccc21,0.08861429845133136,0.6363636363636364
rxn:2:81614:158710,Cc1nn(C)c(C)c1-c1noc(CNC(C)c2ccc(-c3ccnc4[nH]cc(C)c34)s2)n1,0.08860932290554047,0.6933333333333334
rxn:2:107789:158710,Cc1c[nH]c2nccc(-c3ccc(C(C)NC4Cc5cncn5C4)s3)c12,0.08860915440779465,0.6027397260273972
rxn:2:73607:170874,Cc1cc(-c2ccc(C(C)NCc3cc4c(n(C)c3=O)CCC4)s2)cc2cccnc12,0.08860893403330157,0.6266666666666667
rxn:2:107361:157188,CCc1nn2cc(CNC(C)c3ccc(-c4ccnc(C)c4OC)s3)nc2s1,0.08860268976007189,0.7014925373134329
rxn:2:163142:158710,Cc1c[nH]c2nccc(-c3ccc(C(C)Nc4nc5ncc(-c6ccccc6)nc5c(=O)[nH]4)s3)c12,0.08859935488019671,0.6805555555555556
rxn:2:111558:157753,CCc1c[nH]c2ncnc(-c3ccc(C(C)NCc4csc(C5CC(C)C5)n4)s3)c12,0.08859254519144694,0.6575342465753424
rxn:2:70348:165126,CC(NCCc1cn2c(n1)SCC2)c1ccc(-c2ccnc3[nH]ncc23)s1,0.08858838346269396,0.7571428571428571
rxn:2:87285:145452,CC(NCc1nc2c(s1)COCC2)c1ccc(-c2ccc3cc[nH]c(=O)c3c2)s1,0.08858363792814057,0.7794117647058824
rxn:2:143601:149983,CCc1nn(-c2cnc(C)c(C)c2)cc1CNC(C)c1ccc(-c2c[nH]c3ncc(OC)cc23)s1,0.08858355794634137,0.6428571428571429
rxn:2:118833:156548,CC(NCc1cc2c(s1)CCCC2)c1ccc(-c2cccc3nsnc23)s1,0.08857304961593063,0.6060606060606061
rxn:2:110360:82538,CC(Nn1c(=O)[nH][nH]c1=O)c1cc(-c2ccccc2)cs1,0.08856876123519171,0.7272727272727273
rxn:2:100183:145209,Cc1ccc(OC(C)CNC(C)c2ccc(-c3cc(C)c4c(cnn4C)c3)s2)cn1,0.0885616401831309,0.7538461538461538
rxn:2:100937:145209,Cc1cc(-c2ccc(C(C)NCc3cn[nH]c3-c3ccnn3C)s2)cc2cnn(C)c12,0.08855748945666898,0.7571428571428571
rxn:2:106493:144913,CC(NCc1c[nH]c(C(C)(C)C)n1)c1ccc(-c2ccc3ncc(=O)n(C)c3c2)s1,0.0885491649309794,0.6578947368421053
rxn:2:91797:158710,CSC(C)(CNC(C)c1ccc(-c2ccnc3[nH]cc(C)c23)s1)C1CC1,0.08853469445155217,0.6417910447761194
rxn:2:95645:149983,COc1cnc2[nH]cc(-c3ccc(C(C)NCCc4nc5c([nH]4)CCCC5)s3)c2c1,0.08853274981180827,0.72
rxn:2:68163:157753,CCc1c[nH]c2ncnc(-c3ccc(C(C)Nc4cc(-c5ccoc5C)n[nH]4)s3)c12,0.08852761586507162,0.6986301369863014
rxn:2:150051:150247,Cc1[nH]c(CNC(C)c2ccc(-c3ccc4n[nH]c(=O)n4c3)s2)nc1Cc1ccc(C(C)C)cc1,0.08852558135986328,0.6933333333333334
rxn:2:82519:157804,COc1ccc2ncnc(-c3ccc(C(C)NCCC4CC4c4c[nH]c(C)n4)s3)c2c1,0.08851372042009907,0.5853658536585366
rxn:2:164524:151299,CCc1nn(-c2ccnc(C3CC3)c2)cc1CNC(C)c1ccc(-c2ccc3nccn3c2C)s1,0.08851250920976911,0.7341772151898734
rxn:2:70664:158710,Cc1c[nH]c2nccc(-c3ccc(C(C)NCCc4nn(C)cc4-c4cccs4)s3)c12,0.0885117688486653,0.7123287671232876
rxn:2:136803:158710,CCc1nc(NC(C)c2ccc(-c3ccnc4[nH]cc(C)c34)s2)oc1CC(C)C,0.08850702746161099,0.6567164179104478
rxn:2:119262:157804,COc1ccc2ncnc(-c3ccc(C(C)NCc4nc(C(C)C)c(C)s4)s3)c2c1,0.08849006295204162,0.6666666666666666
rxn:2:112263:157753,CCc1c[nH]c2ncnc(-c3ccc(C(C)NCc4cc5c(s4)CCOC5)s3)c12,0.08848890353893411,0.7647058823529411
rxn:2:91717:92488,CC(Nc1[nH]ncc1N=O)c1cc(-c2ccsc2)cs1,0.08848492801189423,0.7358490566037735
rxn:2:103485:169777,COc1cccc2c(CNC(C)c3ccc(-c4ccc5nc(C)sc5c4)s3)c[nH]c12,0.08848394552866617,0.684931506849315
rxn:2:78217:157753,CCc1c[nH]c2ncnc(-c3ccc(C(C)NCc4cnc5c(c4C)CCC5)s3)c12,0.08847456375757853,0.6714285714285714
rxn:2:105761:157403,COc1cncnc1-c1ccc(C(C)NCc2csc(-c3cnn(CC(C)C)c3)n2)s1,0.08847411409501106,0.6233766233766234
rxn:2:162048:166234,CC(C)c1cccc2c1nc1[nH]c(CCNC(C)c3cnc(-c4ccc5ncsc5c4)s3)cn12,0.08846907405292287,0.5432098765432098
rxn:2:134643:159258,Cc1nc(CCNC(C)c2ncc(-c3ccc4ncsc4c3)s2)[nH]c(=O)c1C,0.08846791301454816,0.6865671641791045
rxn:2:94449:145452,Cc1ccc(N2CC(CNC(C)c3ccc(-c4ccc5cc[nH]c(=O)c5c4)s3)C2)nn1,0.08846477154762514,0.6470588235294118
rxn:2:76394:170874,Cc1cc(-c2ccc(C(C)NCc3cc4n(n3)CCCC4)s2)cc2cccnc12,0.08845642311819668,0.6533333333333333
rxn:2:137383:157652,Cc1cc(C)c2oc(CNC(C)c3ccc(-c4ncnc5ccn(C)c45)s3)cc2c1,0.08845555186271667,0.6619718309859155
rxn:2:109218:172033,Cc1cc(C)c2nc(CNC(C)c3ccc(-c4ccc(-c5cn[nH]c5)cc4)s3)[nH]c2c1,0.08845133935251544,0.6764705882352942
rxn:2:103880:145452,Cc1c(-c2cc(CNC(C)c3ccc(-c4ccc5cc[nH]c(=O)c5c4)s3)no2)cnn1C,0.08845121785998344,0.6933333333333334
rxn:2:66267:147854,Cc1nn(C)c2ccc(-c3ccc(C(C)NCCn4nnnc4C4CCCCC4)s3)cc12,0.08844710886478424,0.6133333333333333
rxn:2:91717:172035,CC(Nc1[nH]ncc1N=O)c1csc(-c2ccc3[nH]ccc3c2)c1,0.08844518164793651,0.6271186440677966
rxn:2:139209:85686,CC(Nc1n[nH]c(=O)[nH]1)c1csc(-c2cccs2)c1,0.08844324475840519,0.8297872340425532
rxn:2:126566:158710,CCCc1ncc(CNC(C)c2ccc(-c3ccnc4[nH]cc(C)c34)s2)s1,0.08843061217555294,0.6923076923076923
rxn:2:121898:151299,Cc1cccc2c(CCNC(C)c3ccc(-c4ccc5nccn5c4C)s3)n[nH]c12,0.08842913309733073,0.6714285714285714
rxn:2:104981:148983,CCOc1c[nH]nc1CCNC(C)c1ccc(-c2ccc3o[nH]c(=O)c3c2)s1,0.08842768839427403,0.68
rxn:2:86646:169604,CC(C)c1cn[nH]c1CCNC(C)c1ccc(-c2ccc3ncsc3c2)s1,0.08842734495798747,0.65625
rxn:2:137332:158710,Cc1c[nH]c2nccc(-c3ccc(C(C)NCc4csc(-c5cnn(C(C)C)c5)n4)s3)c12,0.08842651546001434,0.6527777777777778
rxn:2:70304:157753,CCc1c[nH]c2ncnc(-c3ccc(C(C)NCCc4c(C(C)C)[nH][nH]c4=O)s3)c12,0.08841282924016317,0.7647058823529411
rxn:2:141710:153366,CC(NCc1nc2c(s1)CCCC2)n1ncc2c(-c3ccc4c(c3)CCC4=O)cccc21,0.08840832486748695,0.5609756097560976
rxn:2:110478:133432,COc1csc(-c2csc(C(C)NC(C)c3nnn[nH]3)c2)c1,0.08840829675847833,0.5818181818181818
rxn:2:93632:153366,CC(NCc1nc2c(s1)CSCC2)n1ncc2c(-c3ccc4c(c3)CCC4=O)cccc21,0.08840783126652241,0.5411764705882353
rxn:2:135604:152183,COc1nc(CNC(C)c2ccc(-c3ccc4c(c3)OCO4)s2)ccc1C1CC1,0.08840560502019422,0.6857142857142857
rxn:2:67795:158710,Cc1c[nH]c2nccc(-c3ccc(C(C)NCc4ncc5c(n4)CCC5)s3)c12,0.088404723576137,0.746268656716418
rxn:2:127937:144913,CC(NCc1cc2c(s1)CSC2)c1ccc(-c2ccc3ncc(=O)n(C)c3c2)s1,0.08839892929997938,0.6351351351351351
rxn:2:67256:158710,CCCC(C)Cn1cc(C)c(NC(C)c2ccc(-c3ccnc4[nH]cc(C)c34)s2)n1,0.08839363853136699,0.6857142857142857
rxn:2:127570:151299,Cc1c(-c2ccc(C(C)NCc3ccc(C(C)(F)F)s3)s2)ccc2nccn12,0.08839298358985356,0.6923076923076923
rxn:2:132624:145452,CC(NCc1cn(-c2ccccn2)nc1C1CC1)c1ccc(-c2ccc3cc[nH]c(=O)c3c2)s1,0.08839071673505447,0.6097560975609756
rxn:2:140366:147106,CC(NCCc1[nH]ncc1-c1cc[nH]c1)c1ccc(-c2ccc3c(c2)ncn3C)s1,0.08838631510734558,0.6447368421052632
rxn:2:90510:149983,COc1cnc2[nH]cc(-c3ccc(C(C)NCc4ncc(C(C)(C)C)o4)s3)c2c1,0.08838416584606829,0.6666666666666666
rxn:2:78664:164117,CC(NCCc1nsc2ccccc12)c1ccc(-c2cc3c(cn2)ncn3C)s1,0.08838182893292658,0.6301369863013698
rxn:2:77550:145209,Cc1cc(-c2ccc(C(C)NCc3ccc(C(C)C)[nH]c3=O)s2)cc2cnn(C)c12,0.08838113347689311,0.7846153846153846
rxn:2:83985:158710,Cc1c[nH]c2nccc(-c3ccc(C(C)Nc4cnc5c(C6CC6)cnn5c4)s3)c12,0.0883801301320394,0.7222222222222222
rxn:2:137955:167920,Cc1[nH]nc2ccc(-c3ccc(C(C)NCC4CC4c4cnc5[nH]ccc5n4)s3)cc12,0.08837920042776293,0.620253164556962
rxn:2:138177:157753,CCc1c[nH]c2ncnc(-c3ccc(C(C)NCc4cc(C(C)CC)on4)s3)c12,0.08837915288990941,0.7246376811594203
rxn:2:121718:168965,CCn1nc(CNC(C)c2ccc(-c3cccc(-c4cnco4)c3)s2)cc1CC1CC1,0.0883768335465462,0.6666666666666666
rxn:2:126258:157652,CCc1nn(-c2ccnc(OC)c2)cc1CNC(C)c1ccc(-c2ncnc3ccn(C)c23)s1,0.08837599263471715,0.7073170731707317
rxn:2:73714:148983,CC(NCc1nc(-c2cccs2)c[nH]1)c1ccc(-c2ccc3o[nH]c(=O)c3c2)s1,0.0883744297356441,0.6027397260273972
rxn:2:91720:157753,CCc1c[nH]c2ncnc(-c3ccc(C(C)NCc4[nH]nc5c4CSCC5)s3)c12,0.08837100760690098,0.6233766233766234
rxn:2:123360:145209,Cc1cc(-c2ccc(C(C)NCc3cn[nH]c3Cc3cccs3)s2)cc2cnn(C)c12,0.08836637966094478,0.7681159420289855
rxn:2:108145:158710,COc1cc(NC(C)c2ccc(-c3ccnc4[nH]cc(C)c34)s2)nn1C,0.08836380564249478,0.6911764705882353
rxn:2:100250:157753,CCc1c[nH]c2ncnc(-c3ccc(C(C)Nc4nnn(Cc5cc(C)no5)c4C)s3)c12,0.08836125768721104,0.620253164556962
rxn:2:111041:151299,Cc1c(-c2ccc(C(C)NCCc3cccc(N(C)C)n3)s2)ccc2nccn12,0.08835896746865635,0.647887323943662
rxn:2:108894:145209,COC12CC(CNC(C)c3ccc(-c4cc(C)c5c(cnn5C)c4)s3)(C1)C2,0.08835495842827691,0.6984126984126984
rxn:2:139839:164117,COc1sc(C2CC2)cc1CNC(C)c1ccc(-c2cc3c(cn2)ncn3C)s1,0.08835228763777635,0.6805555555555556
rxn:2:137110:151299,Cc1c(-c2ccc(C(C)NCc3nc(C(C)(C)C)co3)s2)ccc2nccn12,0.0883447527885437,0.696969696969697
rxn:2:97023:158710,Cc1c[nH]c2nccc(-c3ccc(C(C)Nc4nnc(C5CCCC5)[nH]4)s3)c12,0.08834060387951988,0.6716417910447762
rxn:2:105307:145452,Cc1[nH]c(CCNC(C)c2ccc(-c3ccc4cc[nH]c(=O)c4c3)s2)nc1CC(C)C,0.08833606396951983,0.7323943661971831
rxn:2:78864:156548,Cc1nc2[nH]cc(CNC(C)c3ccc(-c4cccc5nsnc45)s3)c2c(=O)[nH]1,0.08833441446567404,0.6716417910447762
rxn:2:156650:165180,CCc1nn(-c2cc(C3CC3)ccn2)cc1CNC(C)c1ccc(-c2ccc3ncoc3c2)s1,0.08833341388141408,0.6506024096385542
rxn:2:111513:145209,Cc1cc(-c2ccc(C(C)NCc3cn[nH]c3CCC3CCCC3)s2)cc2cnn(C)c12,0.08833254128694534,0.7857142857142857
rxn:2:103936:171510,CCC(NCC1CN(c2cc(C(C)C)ncn2)C1)c1ccc(-c2ccc3ncsc3c2)s1,0.0883280411362648,0.5625
rxn:2:104327:158710,Cc1c[nH]c2nccc(-c3ccc(C(C)NCCc4nc(C5CCCCC5)nn4C)s3)c12,0.08832474797964096,0.7297297297297297
rxn:2:121718:172033,CCn1nc(CNC(C)c2ccc(-c3ccc(-c4cn[nH]c4)cc3)s2)cc1CC1CC1,0.08832303939327117,0.6527777777777778
rxn:2:121044:157753,CCc1cc(CNC(C)c2ccc(-c3ncnc4[nH]cc(CC)c34)s2)nc(C)n1,0.08832062935007029,0.8360655737704918
rxn:2:120537:158710,CSc1ccc(CNC(C)c2ccc(-c3ccnc4[nH]cc(C)c34)s2)cn1,0.08831750022040473,0.7258064516129032
rxn:2:96878:165909,CSc1ncc(-c2ccc(C(C)NCCc3nc(Cc4ccccc4)n[nH]3)s2)c2nncn12,0.08831556096221461,0.6506024096385542
rxn:2:111568:66791,Cc1csc(-c2csc(C(C)Nc3nc(S(C)(=O)=O)n[nH]3)c2)c1,0.0883138050203738,0.7169811320754716
rxn:2:70824:169604,CC(NCc1nnc(C2CCOC2)[nH]1)c1ccc(-c2ccc3ncsc3c2)s1,0.08831374985831124,0.6428571428571429
rxn:2:125611:145209,Cc1cc(-c2ccc(C(C)NCCc3cccn(C)c3=O)s2)cc2cnn(C)c12,0.0883133945793941,0.7014925373134329
rxn:2:67307:145209,COc1sc2c(c1CNC(C)c1ccc(-c3cc(C)c4c(cnn4C)c3)s1)CCCO2,0.08831232978451636,0.6486486486486487
rxn:2:103215:157753,CCc1c[nH]c2ncnc(-c3ccc(C(C)Nc4cn(C(C)(C)C)nn4)s3)c12,0.08831078239849635,0.6376811594202898
rxn:2:146367:158710,Cc1c[nH]c2nccc(-c3ccc(C(C)NCCc4nnc(-c5ccc6c(c5)OCO6)[nH]4)s3)c12,0.08831033987157486,0.6710526315789473
rxn:2:138190:146547,Cc1nc(CNC(C)c2ccc(-c3cnc4c(ccn4C)c3)s2)cc2ccccc12,0.08830771644910176,0.6521739130434783
rxn:2:123961:166234,Cc1cccc2[nH]cc(CCNC(C)c3cnc(-c4ccc5ncsc5c4)s3)c12,0.08830636123131061,0.7878787878787878
rxn:2:123420:169604,COc1sc2c(c1CNC(C)c1ccc(-c3ccc4ncsc4c3)s1)CCCN2C,0.0883050521214803,0.5866666666666667
rxn:2:133177:147854,Cc1nn(C)c2ccc(-c3ccc(C(C)NCc4cc(C(C)C)n(CC5CC5)n4)s3)cc12,0.0882987529039383,0.7761194029850746
rxn:2:100178:151299,Cc1cccc2nc(CCNC(C)c3ccc(-c4ccc5nccn5c4C)s3)[nH]c12,0.08829599817593893,0.6666666666666666
rxn:2:150051:150054,COc1nc(-c2ccc(C(C)NCc3nc(Cc4ccc(C(C)C)cc4)c(C)[nH]3)nc2)nc2nc[nH]c12,0.0882921315528251,0.5975609756097561
rxn:2:132961:158710,Cc1c[nH]c2nccc(-c3ccc(C(C)NCc4nc[nH]c4CCc4cccnc4)s3)c12,0.08829036727547646,0.75
rxn:2:106493:161792,CC(NCc1c[nH]c(C(C)(C)C)n1)c1ccc(-c2cc3c(=O)nc[nH]c3s2)cn1,0.08828584901217756,0.7428571428571429
rxn:2:118833:142264,CCC(NCc1cc2c(s1)CCCC2)c1ccc(-c2ccc3c(cnn3C)c2)s1,0.08828347304771686,0.7101449275362319
rxn:2:141046:169604,CCCCc1[nH]cnc1CNC(C)c1ccc(-c2ccc3ncsc3c2)s1,0.08828178158512821,0.7903225806451613
rxn:2:73462:161792,CC(NCCc1cn2ccsc2n1)c1ccc(-c2cc3c(=O)nc[nH]c3s2)cn1,0.08828047226215231,0.6233766233766234
rxn:2:110360:67917,CC(Nn1c(=O)[nH][nH]c1=O)c1ccc(-c2ccnn2C)s1,0.08828036558060419,0.6122448979591837
rxn:2:141710:157652,CC(NCc1nc2c(s1)CCCC2)c1ccc(-c2ncnc3ccn(C)c23)s1,0.08827935372080122,0.8
rxn:2:118833:147854,Cc1nn(C)c2ccc(-c3ccc(C(C)NCc4cc5c(s4)CCCC5)s3)cc12,0.08826079039738097,0.6470588235294118
rxn:2:111512:160502,CCC(NCc1nc2c(s1)CCCC2(C)C)c1ccc(-c2ccc3cnn(C)c3c2)s1,0.08825360190483832,0.6233766233766234
rxn:2:70891:147854,Cc1nn(C)c2ccc(-c3ccc(C(C)NCc4csc5c4CCCN5C)s3)cc12,0.08824392557144164,0.6621621621621622
rxn:2:88217:158710,CCCn1ncnc1CNC(C)c1ccc(-c2ccnc3[nH]cc(C)c23)s1,0.08824223942226833,0.6617647058823529
rxn:2:84866:157403,COc1cncnc1-c1ccc(C(C)NCCc2cc(-c3ccc[nH]3)n(C)n2)s1,0.08823907991935467,0.6666666666666666
rxn:2:94165:158710,CCc1nccn1Cc1ccc(NC(C)c2ccc(-c3ccnc4[nH]cc(C)c34)s2)nc1,0.08823149092495441,0.631578947368421
rxn:2:144949:157403,COc1cncnc1-c1ccc(C(C)Nc2nc(=O)c3c4c(sc3[nH]2)CCC4)s1,0.08822770365353289,0.5194805194805194
rxn:2:135254:151299,Cc1c(-c2ccc(C(C)NCc3nc(CCC4CCCCC4)cs3)s2)ccc2nccn12,0.08822191506624222,0.6973684210526315
rxn:2:123620:157753,CCSc1c(C)noc1NC(C)c1ccc(-c2ncnc3[nH]cc(CC)c23)s1,0.08821895292827062,0.6716417910447762
rxn:2:70512:158710,Cc1c[nH]c2nccc(-c3ccc(C(C)Nc4nn(CC(C)(C)C)c5c4C(C)CC5)s3)c12,0.08821442723274231,0.5555555555555556
rxn:2:128259:169604,COCc1[nH]ncc1CNC(C)c1ccc(-c2ccc3ncsc3c2)s1,0.08821050249613248,0.6567164179104478
rxn:2:128543:155263,CCn1nc(CNC(C)CCn2cc(-c3ccncc3)cc(C)c2=O)cc1CC(C)C,0.08820933680380544,0.41975308641975306
rxn:2:104762:157753,CCc1c[nH]c2ncnc(-c3ccc(C(C)Nc4cc(-c5ccnn5CC)nn4C)s3)c12,0.08820274658501148,0.6923076923076923
rxn:2:167326:149983,COc1cnc2[nH]cc(-c3ccc(C(C)NCc4cc5cccc(C)c5n(C)c4=O)s3)c2c1,0.08820163481163257,0.6329113924050633
rxn:2:109218:153835,Cc1cc(C)c2nc(CNC(C)c3ccc(-c4ccc5conc5c4)s3)[nH]c2c1,0.08820017041831181,0.7205882352941176
rxn:2:154853:145209,Cc1cc(-c2ccc(C(C)Nc3nc4scc(-c5cccs5)c4c(=O)[nH]3)s2)cc2cnn(C)c12,0.08819733998354744,0.6103896103896104
rxn:2:132031:158710,Cc1c[nH]c2nccc(-c3ccc(C(C)NCCC4CC4c4cccc5cn[nH]c45)s3)c12,0.08819125965237617,0.6842105263157895
rxn:2:102947:147854,COc1ccc(-c2nc(CNC(C)c3ccc(-c4ccc5c(c4)c(C)nn5C)s3)cs2)cc1,0.0881874705805923,0.7361111111111112
rxn:2:128429:156548,CC(NCc1ccc2c(c1)N(C)CCC2)c1ccc(-c2cccc3nsnc23)s1,0.08818720126974172,0.5915492957746479
rxn:2:118340:164117,CC(NCc1csc(C(C)(C)C)n1)c1ccc(-c2cc3c(cn2)ncn3C)s1,0.08818534229482923,0.7230769230769231
rxn:2:122174:158710,Cc1c[nH]c2nccc(-c3ccc(C(C)Nc4ccccc4SCc4ccsc4)s3)c12,0.08817345865311162,0.6388888888888888
rxn:2:70264:158710,Cc1nn(C)c(-n2cncn2)c1NC(C)c1ccc(-c2ccnc3[nH]cc(C)c23)s1,0.08817301591237386,0.64
rxn:2:135890:169604,CC(Nc1nc(-c2cccs2)c[nH]1)c1ccc(-c2ccc3ncsc3c2)s1,0.08817162337126555,0.7903225806451613
rxn:2:122648:173019,CCC1(CNC(C)c2ccc(-c3cn(C(C)=O)c4ccccc34)s2)N=N1,0.08817067054601815,0.6567164179104478
rxn:2:79461:124273,CC(NCc1c[nH][nH]c1=O)c1ccc(-c2cnsc2)s1,0.08816561996936798,0.7037037037037037
rxn:2:167692:158710,Cc1noc(-c2cccn3c(CNC(C)c4ccc(-c5ccnc6[nH]cc(C)c56)s4)nnc23)n1,0.08816395437016207,0.5952380952380952
rxn:2:107268:164117,CCc1cc(CNC(C)c2ccc(-c3cc4c(cn3)ncn4C)s2)ncc1OC1CC1,0.08816272404886061,0.6329113924050633
rxn:2:130762:145209,Cc1cc(-c2ccc(C(C)NCc3ccc4nocc4c3)s2)cc2cnn(C)c12,0.08816110676732557,0.734375
rxn:2:106776:157515,CCn1ncc2cc(-c3ncc(C(C)NCc4cnc(-c5cc(C)sc5C)[nH]4)s3)ccc21,0.0881571564823389,0.6301369863013698
rxn:2:109614:148983,CC(C)Cc1n[nH]cc1CNC(C)c1ccc(-c2ccc3o[nH]c(=O)c3c2)s1,0.08815629993166242,0.6338028169014085
rxn:2:140691:145209,Cc1cc(-c2ccc(C(C)NC(C)c3nc4c(o3)CCSC4)s2)cc2cnn(C)c12,0.08815386692682901,0.7464788732394366
rxn:2:109920:158710,Cc1c[nH]c2nccc(-c3ccc(C(C)NCc4ccc5c(cnn5C)c4)s3)c12,0.08815131105225661,0.6764705882352942
rxn:2:85085:157804,COc1ccc2ncnc(-c3ccc(C(C)NCc4nc(C)c(C(C)F)s4)s3)c2c1,0.08815032243728638,0.6619718309859155
rxn:2:127937:157188,COc1c(-c2ccc(C(C)NCc3cc4c(s3)CSC4)s2)ccnc1C,0.08814719548592201,0.6197183098591549
rxn:2:97472:158710,Cc1c[nH]c2nccc(-c3ccc(C(C)Nc4nccc(-c5cccs5)n4)s3)c12,0.08814366727039732,0.6875
rxn:2:123079:158710,CCc1ccc(-c2ccccc2NC(C)c2ccc(-c3ccnc4[nH]cc(C)c34)s2)o1,0.0881433871484572,0.6197183098591549
rxn:2:81794:151299,CCCc1ncc(CNC(C)c2ccc(-c3ccc4nccn4c3C)s2)[nH]1,0.08813884081663909,0.6923076923076923
rxn:2:124203:157753,CCc1c[nH]c2ncnc(-c3ccc(C(C)N[C@H](C)c4ccc5cn[nH]c5c4)s3)c12,0.08813194036483765,0.6056338028169014
rxn:2:145116:164117,CC(NCc1cc(Cc2cccs2)nc(C2CC2)n1)c1ccc(-c2cc3c(cn2)ncn3C)s1,0.08812870874124415,0.75
rxn:2:110180:157753,CCCC(NC(C)c1ccc(-c2ncnc3[nH]cc(CC)c23)s1)c1noc(C)n1,0.08812842286866286,0.581081081081081
rxn:2:84573:149983,COc1cnc2[nH]cc(-c3ccc(C(C)NCCc4nccc(C(C)C)n4)s3)c2c1,0.08812820514043172,0.6857142857142857
rxn:2:116660:145452,CC(NCc1cnc2n1CCCC2)c1ccc(-c2ccc3cc[nH]c(=O)c3c2)s1,0.08812696974852989,0.6842105263157895
rxn:2:162482:164117,CCc1cc(-c2cc(CNC(C)c3ccc(-c4cc5c(cn4)ncn5C)s3)n[nH]2)ccc1OC,0.08812257647514343,0.7142857142857143
rxn:2:106927:156548,CC(NCc1ccnc(OC2CC2)c1)c1ccc(-c2cccc3nsnc23)s1,0.08811901722635541,0.6486486486486487
rxn:2:108529:158199,COc1ccc(C(C)Nc2nc3cnncc3[nH]2)c2scc(C)c12,0.088118610282739,0.49295774647887325
rxn:2:129573:149983,CCc1cccc(CNC(C)c2ccc(-c3c[nH]c4ncc(OC)cc34)s2)n1,0.08811778255871364,0.7692307692307693
rxn:2:128543:150247,CCn1nc(CNC(C)c2ccc(-c3ccc4n[nH]c(=O)n4c3)s2)cc1CC(C)C,0.08811619281768798,0.8461538461538461
rxn:2:73913:157753,CCc1c[nH]c2ncnc(-c3ccc(C(C)Nc4nc(C)c5cn[nH]c5n4)s3)c12,0.08811566747468093,0.6521739130434783
rxn:2:121086:158710,Cc1c[nH]c2nccc(-c3ccc(C(C)Nc4nc5sc6c(n5n4)CCC(C)C6)s3)c12,0.08810924714611422,0.7887323943661971
rxn:2:141710:157804,COc1ccc2ncnc(-c3ccc(C(C)NCc4nc5c(s4)CCCC5)s3)c2c1,0.08810514410336813,0.704225352112676
rxn:2:71886:165126,COc1cccc2[nH]cc(CCNC(C)c3ccc(-c4ccnc5[nH]ncc45)s3)c12,0.08810406923294067,0.7464788732394366
rxn:2:105213:157804,CCc1cn[nH]c1CCNC(C)c1ccc(-c2ncnc3ccc(OC)cc23)s1,0.08810267366211989,0.631578947368421
rxn:2:118342:149983,COc1cnc2[nH]cc(-c3ccc(C(C)NCC4CC4c4sccc4C)s3)c2c1,0.08810129042329459,0.6621621621621622
rxn:2:157932:159258,CC(NCCn1ccc2ccn(C)c2c1=O)c1ncc(-c2ccc3ncsc3c2)s1,0.08809832731882732,0.6056338028169014
rxn:2:114693:147854,Cc1nn(C)c2ccc(-c3ccc(C(C)NCc4cn5nc(C6CC6)ccc5n4)s3)cc12,0.08809819445014,0.7323943661971831
rxn:2:134068:142264,CCC(NCc1csc(-c2cnn(CC3CC3)c2)n1)c1ccc(-c2ccc3c(cnn3C)c2)s1,0.08809356479083791,0.6410256410256411
rxn:2:140159:145209,Cc1csc(C2C(CNC(C)c3ccc(-c4cc(C)c5c(cnn5C)c4)s3)C2(F)F)c1,0.08808995446851177,0.6027397260273972
rxn:2:70967:165909,CSc1ncc(-c2ccc(C(C)NCc3c[nH]c4ncc(C)nc34)s2)c2nncn12,0.08808739384015402,0.6585365853658537
rxn:2:143865:165909,CCc1nn(-c2cc(C3CC3)ccn2)c(NC(C)c2ccc(-c3cnc(SC)n4cnnc34)s2)c1C,0.08808318773905437,0.574468085106383
rxn:2:103556:145452,CC(NCc1cnc2[nH]ccc2c1)c1ccc(-c2ccc3cc[nH]c(=O)c3c2)s1,0.08808208334034887,0.8064516129032258
rxn:2:127301:142273,CC(C)c1cc(CNC(C)c2ccc(-c3cnc(N(C)C)s3)s2)nn1C1CC1,0.08808144927024841,0.6376811594202898
rxn:2:110360:156548,CC(Nn1c(=O)[nH][nH]c1=O)c1ccc(-c2cccc3nsnc23)s1,0.08807338277498881,0.6440677966101694
rxn:2:66817:145209,Cc1cc(-c2ccc(C(C)NCCc3cnn(C4CC4)c3)s2)cc2cnn(C)c12,0.08807295355303534,0.6944444444444444
rxn:2:137297:151299,Cc1c(-c2ccc(C(C)NCCc3c[nH]c4ccsc34)s2)ccc2nccn12,0.0880728108542306,0.7246376811594203
rxn:2:109931:158710,Cc1c[nH]c2nccc(-c3ccc(C(C)Nc4ncn(-c5ccccn5)n4)s3)c12,0.08806905253180142,0.6666666666666666
rxn:2:145743:145209,Cc1cc(-c2ccc(C(C)NCc3nc(-c4cccs4)c4ncccn34)s2)cc2cnn(C)c12,0.08806521927609164,0.6538461538461539
rxn:2:96735:149983,COc1cnc2[nH]cc(-c3ccc(C(C)NCC[C@H]4C[C@@H]4C4CC4)s3)c2c1,0.08806170578356143,0.6666666666666666
rxn:2:87961:158710,COc1cccc(-c2nc(CNC(C)c3ccc(-c4ccnc5[nH]cc(C)c45)s3)co2)c1,0.08805999718606472,0.7236842105263158
rxn:2:91717:110041,CC(Nc1[nH]ncc1N=O)c1csc(-c2ccsc2)c1,0.08805656433105469,0.6981132075471698
rxn:2:140366:170874,Cc1cc(-c2ccc(C(C)NCCc3[nH]ncc3-c3cc[nH]c3)s2)cc2cccnc12,0.08805393019030171,0.7162162162162162
rxn:2:67219:165909,CSc1ncc(-c2ccc(C(C)NCc3ccnc(-c4ccsc4)c3)s2)c2nncn12,0.08805251121520996,0.620253164556962
rxn:2:71884:158710,Cc1cc2n(n1)CCN(CCNC(C)c1ccc(-c3ccnc4[nH]cc(C)c34)s1)C2,0.08804230491320292,0.6266666666666667
rxn:2:70348:151299,Cc1c(-c2ccc(C(C)NCCc3cn4c(n3)SCC4)s2)ccc2nccn12,0.08804168445723397,0.6666666666666666
rxn:2:110138:151299,Cc1c(-c2ccc(C(C)NCc3cc(-c4cnccn4)n[nH]3)s2)ccc2nccn12,0.08803880413373312,0.6527777777777778
rxn:2:118833:159258,CC(NCc1cc2c(s1)CCCC2)c1ncc(-c2ccc3ncsc3c2)s1,0.0880309608247545,0.7704918032786885
rxn:2:90256:145209,COc1ccc(C2CC2CCNC(C)c2ccc(-c3cc(C)c4c(cnn4C)c3)s2)nn1,0.08802789077162743,0.7066666666666667
rxn:2:157774:145209,Cc1ccccc1-c1nn2cc(CCNC(C)c3ccc(-c4cc(C)c5c(cnn5C)c4)s3)nc2[nH]1,0.08802746733029683,0.6753246753246753
rxn:2:76473:158710,Cc1c[nH]c2nccc(-c3ccc(C(C)Nc4ncnc5c4CN(C4CC4)CC5)s3)c12,0.08802171484116585,0.589041095890411
rxn:2:132220:164117,CSc1ncc(CNC(C)c2ccc(-c3cc4c(cn3)ncn4C)s2)cc1C,0.08801875369889396,0.75
rxn:2:126914:157188,COc1c(-c2ccc(C(C)NCc3c[nH]c(C(C)C)n3)s2)ccnc1C,0.0880170647914593,0.6911764705882353
rxn:2:113313:157403,COc1cncnc1-c1ccc(C(C)NC2CCN(c3ncnc4sccc34)C2)s1,0.08801629344622294,0.7777777777777778
rxn:2:121941:157753,CCc1c[nH]c2ncnc(-c3ccc(C(C)N[C@H](CC)c4nc(C)n[nH]4)s3)c12,0.08801617579800743,0.6351351351351351
rxn:2:122532:168671,CCn1cc(-c2ccc(C(C)NCc3nc(C)c(C(C)(F)F)s3)s2)ccc1=O,0.08801377671105522,0.6911764705882353
rxn:2:122532:159691,Cc1nc(CNC(C)c2cnc(-c3ccc4ncsc4c3)cn2)sc1C(C)(F)F,0.08801122369437382,0.7384615384615385
rxn:2:94612:149983,COc1cnc2[nH]cc(-c3ccc(C(C)NCCc4cccc(-c5cccs5)n4)s3)c2c1,0.08800908550620079,0.6710526315789473
rxn:2:82591:147854,CCc1noc(CNC(C)c2ccc(-c3ccc4c(c3)c(C)nn4C)s2)n1,0.08800514539082845,0.746031746031746
rxn:2:106493:148983,CC(NCc1c[nH]c(C(C)(C)C)n1)c1ccc(-c2ccc3o[nH]c(=O)c3c2)s1,0.08800347362245832,0.746031746031746
rxn:2:71114:151299,Cc1nc2nc(CCNC(C)c3ccc(-c4ccc5nccn5c4C)s3)cn2nc1C,0.0879939236948567,0.6
rxn:2:84939:157753,CCc1c[nH]c2ncnc(-c3ccc(C(C)Nc4cc5ccncc5s4)s3)c12,0.08799322588103158,0.676923076923077
rxn:2:67257:158710,Cc1c[nH]c2nccc(-c3ccc(C(C)Nc4nnc(CC(C)C)o4)s3)c12,0.08799066808488634,0.6363636363636364
rxn:2:103715:164117,Cc1ccc2nc(CNC(C)c3ccc(-c4cc5c(cn4)ncn5C)s3)cn2n1,0.08798898499587486,0.6619718309859155
rxn:2:166916:122855,CC(Nc1c(N=O)c(=O)[nH]c2ncnn12)c1ccc(-c2cccs2)s1,0.08798755645751953,0.696969696969697
rxn:2:100972:170874,Cc1cc(-c2ccc(C(C)NCCc3c[nH]c4c(C)cccc34)s2)cc2cccnc12,0.08798646542333788,0.6891891891891891
rxn:2:116523:145209,Cc1cc(-c2ccc(C(C)Nc3nc4c([nH]3)CCCC4)s2)cc2cnn(C)c12,0.08798529420580183,0.8095238095238095
rxn:2:97761:156401,CCC(NCc1cn2c(C3CC3)cccc2n1)c1ccc(-c2ccc3c(c2)oc(=O)n3C)s1,0.08797584519241795,0.6625
rxn:2:67219:149983,COc1cnc2[nH]cc(-c3ccc(C(C)NCc4ccnc(-c5ccsc5)c4)s3)c2c1,0.08797557892337922,0.64
rxn:2:143281:157188,COc1c(-c2ccc(C(C)NCc3cn(-c4cc(C)cc(C)n4)nc3C(C)C)s2)ccnc1C,0.08796965374666102,0.6493506493506493
rxn:2:93093:147854,Cc1nn(C)c2ccc(-c3ccc(C(C)NCc4cc5c(s4)CCSC5)s3)cc12,0.08796916336848817,0.6388888888888888
rxn:2:112602:145452,CC(NCCc1cnc2ccccn12)c1ccc(-c2ccc3cc[nH]c(=O)c3c2)s1,0.08796820044517517,0.7746478873239436
rxn:2:70632:149983,COc1cnc2[nH]cc(-c3ccc(C(C)NCc4cnc(C)c(C)n4)s3)c2c1,0.0879636002438409,0.7936507936507936
rxn:2:123771:164117,CC(NCc1cn2nc(C3CCCCC3)sc2n1)c1ccc(-c2cc3c(cn2)ncn3C)s1,0.08796227520162408,0.6891891891891891
rxn:2:100248:145209,Cc1cc(-c2ccc(C(C)NCC3C(c4cc[nH]c4)C3(F)F)s2)cc2cnn(C)c12,0.08795584837595621,0.6578947368421053
rxn:2:121215:145452,CC(NCc1ncc2ccn(C)c2n1)c1ccc(-c2ccc3cc[nH]c(=O)c3c2)s1,0.08794879118601481,0.6756756756756757
rxn:2:68163:145452,Cc1occc1-c1cc(NC(C)c2ccc(-c3ccc4cc[nH]c(=O)c4c3)s2)[nH]n1,0.08794763286908468,0.6805555555555556
rxn:2:84866:147854,Cc1nn(C)c2ccc(-c3ccc(C(C)NCCc4cc(-c5ccc[nH]5)n(C)n4)s3)cc12,0.0879436656832695,0.7361111111111112
rxn:2:99479:166336,COc1cn[nH]c(=O)c1-c1ccc(C(C)Nc2nsc3nc(C)cnc23)s1,0.08793934186299641,0.6086956521739131
rxn:2:122623:147854,COc1cc(CCNC(C)c2ccc(-c3ccc4c(c3)c(C)nn4C)s2)ncc1C,0.0879380186398824,0.6857142857142857
rxn:2:109367:144913,CCc1nn2c(CNC(C)c3ccc(-c4ccc5ncc(=O)n(C)c5c4)s3)ccnc2c1C,0.08793165828242447,0.6125
rxn:2:81865:158710,Cc1c[nH]c2nccc(-c3ccc(C(C)NCc4nc(Cn5cccn5)cs4)s3)c12,0.08793102304140726,0.676056338028169
rxn:2:142087:151299,COc1ccc(CNC(C)c2ccc(-c3ccc4nccn4c3C)s2)nc1OC,0.0879286815380228,0.7727272727272727
rxn:2:129227:158710,CCCc1nc(C2(NC(C)c3ccc(-c4ccnc5[nH]cc(C)c45)s3)CCCSC2)no1,0.08792646788060665,0.5402298850574713
rxn:2:114623:147854,Cc1nn(C)c2ccc(-c3ccc(C(C)NCc4nnc(C5CCCO5)[nH]4)s3)cc12,0.08791672786076864,0.6575342465753424
rxn:2:121147:92657,CCC(CSc1ncnc2[nH]cnc12)NCc1cc2c(s1)CCCS2,0.08791337251663207,0.36904761904761907
rxn:2:131011:160502,CCC(NCc1nc2c(C)cc(C)nc2[nH]1)c1ccc(-c2ccc3cnn(C)c3c2)s1,0.08790837372502973,0.8888888888888888
rxn:2:131011:147106,Cc1cc(C)c2nc(CNC(C)c3ccc(-c4ccc5c(c4)ncn5C)s3)[nH]c2n1,0.08790761629740397,0.7101449275362319
rxn:2:84089:147854,Cc1nn(C)c2ccc(-c3ccc(C(C)NCc4cnc(Cc5ccccc5)s4)s3)cc12,0.08790680021047592,0.6575342465753424
rxn:2:85056:164117,Cc1sc2nc(CCNC(C)c3ccc(-c4cc5c(cn4)ncn5C)s3)cn2c1C,0.08790331880251566,0.6753246753246753
rxn:2:131011:164912,Cc1cc(C)c2nc(CNC(c3ccc(-c4cc5c(=O)nc[nH]c5s4)cc3)C(C)C)[nH]c2n1,0.08790219913829457,0.5972222222222222
rxn:2:96169:142264,CCC(NCCc1nn(C)c2ccccc12)c1ccc(-c2ccc3c(cnn3C)c2)s1,0.0879021575373988,0.6714285714285714
rxn:2:158247:156548,CCc1ccc(-n2cc(CNC(C)c3ccc(-c4cccc5nsnc45)s3)c(C3CC3)n2)cn1,0.08789906782262466,0.7215189873417721
rxn:2:70304:148983,CC(C)c1[nH][nH]c(=O)c1CCNC(C)c1ccc(-c2ccc3o[nH]c(=O)c3c2)s1,0.08789218910809221,0.6515151515151515
rxn:2:97471:158710,Cc1c[nH]c2nccc(-c3ccc(C(C)NCC4C(c5cccnc5)C4(F)F)s3)c12,0.08789064486821492,0.5921052631578947
rxn:2:140540:147854,Cc1nn(C)c2ccc(-c3ccc(C(C)NCc4ccnc(N5CCCC5)n4)s3)cc12,0.0878848337358044,0.6617647058823529
rxn:2:133625:170892,CC(NCCc1nn(C)c2ccsc12)c1ccc(-c2cc3sccc3s2)s1,0.08788435988956028,0.6470588235294118
rxn:2:97743:151299,Cc1cccc2nc(CNC(C)c3ccc(-c4ccc5nccn5c4C)s3)cn12,0.08788399449710188,0.6666666666666666
rxn:2:81567:165126,Cc1csc2nc(CCNC(C)c3ccc(-c4ccnc5[nH]ncc45)s3)cn12,0.08788089454174042,0.7746478873239436
rxn:2:96735:157753,CCc1c[nH]c2ncnc(-c3ccc(C(C)NCC[C@H]4C[C@@H]4C4CC4)s3)c12,0.08787790492728904,0.7142857142857143
rxn:2:123946:147854,CCN(CC)c1ccnc(CNC(C)c2ccc(-c3ccc4c(c3)c(C)nn4C)s2)n1,0.08787671981319305,0.6865671641791045
rxn:2:123931:158710,CCCCc1nc2cc(NC(C)c3ccc(-c4ccnc5[nH]cc(C)c45)s3)cnc2[nH]1,0.08787614107131958,0.6811594202898551
rxn:2:121898:142264,CCC(NCCc1n[nH]c2c(C)cccc12)c1ccc(-c2ccc3c(cnn3C)c2)s1,0.08787612568947577,0.6891891891891891
rxn:2:90533:167920,COc1cc(C)ccc1-c1cc(CNC(C)c2ccc(-c3ccc4n[nH]c(C)c4c3)s2)n[nH]1,0.08787083625793457,0.6811594202898551
rxn:2:88271:145452,COc1cccc2c1C(CNC(C)c1ccc(-c3ccc4cc[nH]c(=O)c4c3)s1)CC2,0.08785889994713568,0.6486486486486487
rxn:2:70144:173019,CC(=O)n1cc(-c2ccc(C(C)NCc3noc(-c4cc5c(s4)CCCCC5)n3)s2)c2ccccc21,0.08785785072379643,0.6219512195121951
rxn:2:100906:151299,Cc1c(-c2ccc(C(C)NCc3cn4c(n3)COCC4)s2)ccc2nccn12,0.08785336783954076,0.684931506849315
rxn:2:73178:147854,Cc1nn(C)c2ccc(-c3ccc(C(C)NCCc4ncc5ccccc5n4)s3)cc12,0.08785078986998528,0.6438356164383562
rxn:2:134313:157836,CC(NCc1cc2c(s1)CSCC2)c1ccc(-c2ccnc(N3CCOCC3)c2)s1,0.08784393866856893,0.5657894736842105
rxn:2:123634:151299,Cc1c(-c2ccc(C(C)NCCc3c[nH]c(-c4ccccn4)n3)s2)ccc2nccn12,0.08784104354919926,0.6052631578947368
rxn:2:127747:170892,CC(NCCc1n[nH]c2ccsc12)c1ccc(-c2cc3sccc3s2)s1,0.08783375299893893,0.6142857142857143
rxn:2:138808:156548,CCc1conc1CNC(C)c1ccc(-c2cccc3nsnc23)s1,0.087829110622406,0.625
rxn:2:108993:165909,CSc1ncc(-c2ccc(C(C)NCc3cn(C(C)(C)C)nn3)s2)c2nncn12,0.08782871221673899,0.6956521739130435
rxn:2:138947:157652,CC(NCc1cn2c(n1)CCCC2C)c1ccc(-c2ncnc3ccn(C)c23)s1,0.08782578336781469,0.75
rxn:2:100178:166336,COc1cn[nH]c(=O)c1-c1ccc(C(C)NCCc2nc3cccc(C)c3[nH]2)s1,0.08782562716253872,0.6
rxn:2:110360:170828,CC(Nn1c(=O)[nH][nH]c1=O)c1ccc(-c2ccc3sccc3c2)s1,0.08782269060611725,0.7115384615384616
rxn:2:93713:145209,CCC(CNC(C)c1ccc(-c2cc(C)c3c(cnn3C)c2)s1)c1nc2cc(C)ccn2n1,0.08782105012373491,0.6486486486486487
rxn:2:125714:145209,Cc1ccc(-c2nc(CCNC(C)c3ccc(-c4cc(C)c5c(cnn5C)c4)s3)n[nH]2)cc1,0.08781766891479492,0.6714285714285714
rxn:2:103476:158710,Cc1c[nH]c2nccc(-c3ccc(C(C)Nc4cc(C5CC5)nn4-c4cccnc4)s3)c12,0.087811179459095,0.6455696202531646
rxn:2:97613:147854,Cc1ccc(Cn2cc(CNC(C)c3ccc(-c4ccc5c(c4)c(C)nn5C)s3)nn2)c(C)c1,0.08781099144150228,0.6486486486486487
rxn:2:109861:145209,Cc1cc(-c2ccc(C(C)NCC[C@H]3CCOC3)s2)cc2cnn(C)c12,0.08780511067463802,0.746268656716418
rxn:2:136710:172033,CCc1nc(CNC(C)c2ccc(-c3ccc(-c4cn[nH]c4)cc3)s2)ccc1OC1CC1,0.0878045056015253,0.6575342465753424
rxn:2:91925:164117,CSc1cnc(CNC(C)c2ccc(-c3cc4c(cn3)ncn4C)s2)cc1C,0.0878040896994727,0.71875
rxn:2:73933:147854,Cc1nn(C)c2ccc(-c3ccc(C(C)NCc4cnc(-c5ccccc5)o4)s3)cc12,0.08780171025183893,0.7575757575757576
rxn:2:99492:158710,Cc1c[nH]c2nccc(-c3ccc(C(C)NCc4cn(C)nc4OC(C)C)s3)c12,0.08780037329114716,0.6285714285714286
rxn:2:87228:91639,CC(NCc1cc(C2CC2)n(C)n1)c1ncc(-c2cnn(C)c2)s1,0.08779942244291306,0.671875
rxn:2:97470:156548,COc1cccn2nc(NC(C)c3ccc(-c4cccc5nsnc45)s3)nc12,0.08779908503804888,0.5540540540540541
rxn:2:90468:145452,CC(C)Cc1cnc(CCNC(C)c2ccc(-c3ccc4cc[nH]c(=O)c4c3)s2)[nH]1,0.08779676755269368,0.7272727272727273
rxn:2:111568:91511,Cc1ccc(-c2cc(C(C)Nc3nc(S(C)(=O)=O)n[nH]3)cs2)o1,0.08779457859371019,0.7241379310344828
rxn:2:104445:158710,COc1ccccc1-c1nc[nH]c1CCNC(C)c1ccc(-c2ccnc3[nH]cc(C)c23)s1,0.08779230623534232,0.6857142857142857
rxn:2:119803:158710,Cc1c[nH]c2nccc(-c3ccc(C(C)NCc4cc(C5C6CC7CC(C6)CC5C7)n[nH]4)s3)c12,0.08778437621453229,0.6712328767123288
rxn:2:141326:158710,COCn1nc(CNC(C)c2ccc(-c3ccnc4[nH]cc(C)c34)s2)cc1-c1ccncc1,0.08778206687985045,0.6438356164383562
rxn:2:70663:157753,CCc1c[nH]c2ncnc(-c3ccc(C(C)Nc4ncnc5nc(C)ccc45)s3)c12,0.0877818763256073,0.6764705882352942
rxn:2:120150:161792,COc1cc(CNC(C)c2ccc(-c3cc4c(=O)nc[nH]c4s3)cn2)cc(N(C)C)n1,0.08777607064093312,0.6621621621621622
rxn:2:98904:145452,Cc1cccc2nc(CNC(C)c3ccc(-c4ccc5cc[nH]c(=O)c5c4)s3)n(C)c12,0.0877723713074961,0.6486486486486487
rxn:2:139839:156401,CCC(NCc1cc(C2CC2)sc1OC)c1ccc(-c2ccc3c(c2)oc(=O)n3C)s1,0.08777025053578039,0.575
rxn:2:112452:169604,CC(NCc1cc2cnoc2cn1)c1ccc(-c2ccc3ncsc3c2)s1,0.08776889906989203,0.71875
rxn:2:119728:158710,Cc1c[nH]c2nccc(-c3ccc(C(C)NCc4cc(CN5CCCC6CCCCC65)on4)s3)c12,0.0877673762185233,0.6666666666666666
rxn:2:114931:157188,CCCc1cc(CNC(C)c2ccc(-c3ccnc(C)c3OC)s2)nn1C1CCC1,0.0877664844195048,0.7323943661971831
rxn:2:99457:157753,CCc1c[nH]c2ncnc(-c3ccc(C(C)NCc4cc5ccncc5o4)s3)c12,0.08775959960345564,0.625
rxn:2:114094:151299,COc1ccccc1-c1nc(CNC(C)c2ccc(-c3ccc4nccn4c3C)s2)co1,0.0877576507627964,0.6842105263157895
rxn:2:113692:169604,CSc1cnc(CNC(C)c2ccc(-c3ccc4ncsc4c3)s2)cc1OC1CC1,0.0877554734547933,0.7123287671232876
rxn:2:90091:149983,COc1cnc2[nH]cc(-c3ccc(C(C)NCc4csc(N5CCCC5)n4)s3)c2c1,0.08775512178738912,0.6585365853658537
rxn:2:80329:164117,Cc1nc(CNC(C)c2ccc(-c3cc4c(cn3)ncn4C)s2)cc(C(C)C)n1,0.08775184072297194,0.7301587301587301
rxn:2:119803:145452,CC(NCc1cc(C2C3CC4CC(C3)CC2C4)n[nH]1)c1ccc(-c2ccc3cc[nH]c(=O)c3c2)s1,0.08775037356785366,0.6329113924050633
rxn:2:82272:169604,CC(NCc1cc2ccoc2cn1)c1ccc(-c2ccc3ncsc3c2)s1,0.08774713233665184,0.7619047619047619
rxn:2:101652:158710,Cc1c[nH]c2nccc(-c3ccc(C(C)Nc4nnc(-c5ccn(C)n5)s4)s3)c12,0.08774114888289879,0.7230769230769231
rxn:2:120150:173019,COc1cc(CNC(C)c2ccc(-c3cn(C(C)=O)c4ccccc34)s2)cc(N(C)C)n1,0.0877364780753851,0.6125
rxn:2:132980:157753,CCc1c[nH]c2ncnc(-c3ccc(C(C)Nc4cn(CC5CCCC5(F)F)nn4)s3)c12,0.0877342764288187,0.6790123456790124
rxn:2:71886:145834,COc1cccc2[nH]cc(CCNC(C)c3ncc(-c4cc5ccccc5s4)cn3)c12,0.08773384555693596,0.5844155844155844
rxn:2:100900:145452,CC(NCC1COc2cccnc2O1)c1ccc(-c2ccc3cc[nH]c(=O)c3c2)s1,0.0877225160598755,0.6285714285714286
rxn:2:82806:158710,Cc1c(C(C)C)n[nH]c1CNC(C)c1ccc(-c2ccnc3[nH]cc(C)c23)s1,0.08772011739867074,0.6515151515151515
rxn:2:157815:169604,Cc1ccc(C)c2c(-c3cc(NC(C)c4ccc(-c5ccc6ncsc6c5)s4)[nH]n3)c[nH]c12,0.08771703640619914,0.6438356164383562
rxn:2:98396:142264,CCC(NCc1cc(C2CCCC2)no1)c1ccc(-c2ccc3c(cnn3C)c2)s1,0.08771607875823975,0.6756756756756757
rxn:2:97357:145452,CCc1nccc(CNC(C)c2ccc(-c3ccc4cc[nH]c(=O)c4c3)s2)n1,0.08770277670451573,0.696969696969697
rxn:2:112263:144913,CC(NCc1cc2c(s1)CCOC2)c1ccc(-c2ccc3ncc(=O)n(C)c3c2)s1,0.08769804239273071,0.631578947368421
rxn:2:127622:164117,CC(NCc1ccc(C2CC2)s1)c1ccc(-c2cc3c(cn2)ncn3C)s1,0.08769648825680768,0.7076923076923077
rxn:2:77262:145452,CC(NCc1ccc(-c2ccsc2)o1)c1ccc(-c2ccc3cc[nH]c(=O)c3c2)s1,0.08769408067067465,0.6461538461538462
rxn:2:121898:144913,Cc1cccc2c(CCNC(C)c3ccc(-c4ccc5ncc(=O)n(C)c5c4)s3)n[nH]c12,0.08769160136580467,0.6973684210526315
rxn:2:93375:147854,Cc1nn(C)c2ccc(-c3ccc(C(C)NCc4ncc(-c5cccs5)o4)s3)cc12,0.08769021431605022,0.6621621621621622
rxn:2:137383:144232,Cc1cc(C)c2oc(CNC(C)c3ccc(-c4cc(N(C)C)ncn4)s3)cc2c1,0.08768914074733339,0.5797101449275363
rxn:2:144549:156548,CC(Nc1nc(=O)c2c3c(sc2[nH]1)CSCC3)c1ccc(-c2cccc3nsnc23)s1,0.08768816917173324,0.5308641975308642
rxn:2:131378:164117,CCc1nc(CNC(C)c2ccc(-c3cc4c(cn3)ncn4C)s2)c[nH]1,0.08768567213645348,0.765625
rxn:2:88800:156548,Cc1cccc2[nH]nc(CCNC(C)c3ccc(-c4cccc5nsnc45)s3)c12,0.0876854575913528,0.625
rxn:2:123961:147854,Cc1nn(C)c2ccc(-c3ccc(C(C)NCCc4c[nH]c5cccc(C)c45)s3)cc12,0.08768526584871354,0.8285714285714286
rxn:2:122968:148983,CC(NCc1nc2n(n1)CC(F)CC2)c1ccc(-c2ccc3o[nH]c(=O)c3c2)s1,0.08767871198983028,0.6375
rxn:2:118881:168965,COc1sc2c(c1CNC(C)c1ccc(-c3cccc(-c4cnco4)c3)s1)CSC2,0.08767801523208618,0.618421052631579
rxn:2:135015:145209,Cc1cc(-c2ccc(C(C)NCCN3CCCC4(CC4)C3)s2)cc2cnn(C)c12,0.08767369697833884,0.6712328767123288
rxn:2:124995:87143,CC(CCc1cnsc1)Nc1cc(-c2cccs2)n[nH]c1=O,0.0876735123721036,0.6779661016949152
rxn:2:106036:145452,Cc1nn(C2CCSC2)c(C)c1CCNC(C)c1ccc(-c2ccc3cc[nH]c(=O)c3c2)s1,0.08766699559760815,0.6493506493506493
rxn:2:120410:147854,Cc1nn(C)c2ccc(-c3ccc(C(C)NC(C)CCc4nc(-c5ccccn5)c[nH]4)s3)cc12,0.08766322802094852,0.5185185185185185
rxn:2:71288:161792,CC(NCc1cnc(C(C)(F)F)s1)c1ccc(-c2cc3c(=O)nc[nH]c3s2)cn1,0.08765872182517216,0.6956521739130435
rxn:2:141979:156548,Cc1c[nH]c2cc(CNC(C)c3ccc(-c4cccc5nsnc45)s3)ccc12,0.08765638300350734,0.6323529411764706
rxn:2:129099:145209,Cc1cc(-c2ccc(C(C)NCC3CC3C3CC4CCC3O4)s2)cc2cnn(C)c12,0.08765118916829427,0.6575342465753424
rxn:2:138643:168965,CC(NC1CC(c2nc(-c3cc[nH]c3)c[nH]2)C1)c1ccc(-c2cccc(-c3cnco3)c2)s1,0.0876465223052285,0.6125
rxn:2:114094:157753,CCc1c[nH]c2ncnc(-c3ccc(C(C)NCc4coc(-c5ccccc5OC)n4)s3)c12,0.08762984745430225,0.6923076923076923
rxn:2:113140:145209,COc1ccc(C)cc1C1CC1CNC(C)c1ccc(-c2cc(C)c3c(cnn3C)c2)s1,0.0876273550093174,0.7361111111111112
rxn:2:111512:151299,Cc1c(-c2ccc(C(C)NCc3nc4c(s3)CCCC4(C)C)s2)ccc2nccn12,0.08762454390525817,0.6666666666666666
rxn:2:111860:161792,Cc1cc(CNC(C)c2ccc(-c3cc4c(=O)nc[nH]c4s3)cn2)cc(C2CC2)n1,0.08762140274047851,0.6533333333333333
rxn:2:156650:148983,CCc1nn(-c2cc(C3CC3)ccn2)cc1CNC(C)c1ccc(-c2ccc3o[nH]c(=O)c3c2)s1,0.08761871882847377,0.6666666666666666
rxn:2:75020:156548,CCC1CCc2nc(CCNC(C)c3ccc(-c4cccc5nsnc45)s3)sc2C1,0.08761061429977417,0.6944444444444444
rxn:2:82502:157753,CCc1c[nH]c2ncnc(-c3ccc(C(C)Nc4csc5nc(C)ccc45)s3)c12,0.08760270784641135,0.6875
rxn:2:112141:145452,COc1cc(CNC(C)c2ccc(-c3ccc4cc[nH]c(=O)c4c3)s2)n2c1CCCC2,0.08759967550154656,0.6538461538461539
rxn:2:112451:150247,COc1cc(OC)c2c(CCNC(C)c3ccc(-c4ccc5n[nH]c(=O)n5c4)s3)c[nH]c2c1,0.08759871034911185,0.8108108108108109
rxn:2:131378:171510,CCc1nc(CNC(CC)c2ccc(-c3ccc4ncsc4c3)s2)c[nH]1,0.08759783781491794,0.7761194029850746
rxn:2:168255:158710,COc1ccc2c(-c3cnc(NC(C)c4ccc(-c5ccnc6[nH]cc(C)c56)s4)s3)c[nH]c2c1,0.08759377283208511,0.631578947368421
rxn:2:120150:170874,COc1cc(CNC(C)c2ccc(-c3cc(C)c4ncccc4c3)s2)cc(N(C)C)n1,0.08759094245972172,0.6805555555555556
rxn:2:103729:170892,CCCc1cc(CNC(C)c2ccc(-c3cc4sccc4s3)s2)n[nH]1,0.08759010791778564,0.625
rxn:2:106227:169604,Cc1ccn2nc(CNC(C)c3ccc(-c4ccc5ncsc5c4)s3)cc2c1,0.08758826128074101,0.6875
rxn:2:74866:169604,CC(NCCc1cnc2nc[nH]c2c1)c1ccc(-c2ccc3ncsc3c2)s1,0.08758762265954699,0.671875
rxn:2:72207:157188,COc1c(-c2ccc(C(C)NC3CCN(c4ncnc5ccsc45)C3)s2)ccnc1C,0.08758508005449848,0.6753246753246753
rxn:2:92139:147854,Cc1nn(C)c2ccc(-c3ccc(C(C)NCc4cnn(C5CC5)c4)s3)cc12,0.0875849085194724,0.6619718309859155
rxn:2:104870:145209,Cc1cc(-c2ccc(C(C)NC3CCN(c4ncnc5c4CCCC5)C3)s2)cc2cnn(C)c12,0.0875834840185502,0.7532467532467533
rxn:2:74284:115754,CSCC(Nn1ccnn1)c1ccc2c(c1)CCCS2,0.08758344948291778,0.7454545454545455
rxn:2:67275:158710,CCc1nn(C)c2c1CC(NC(C)c1ccc(-c3ccnc4[nH]cc(C)c34)s1)C2,0.08758024511666133,0.6363636363636364
rxn:2:131874:157753,CCCn1ccc(CNC(C)c2ccc(-c3ncnc4[nH]cc(CC)c34)s2)c1,0.08757813061986651,0.6865671641791045
rxn:2:129719:157753,CCc1c[nH]c2ncnc(-c3ccc(C(C)NCc4ccc5ocnc5c4)s3)c12,0.08757777871756718,0.7164179104477612
rxn:2:65944:142264,CCC(NCc1ccc2c3c1CCCN3CCC2)c1ccc(-c2ccc3c(cnn3C)c2)s1,0.08757575894847061,0.631578947368421
rxn:2:115292:145209,Cc1cc(-c2ccc(C(C)NCCc3cnc4n3CCC(C)C4)s2)cc2cnn(C)c12,0.08757555677044776,0.6447368421052632
rxn:2:142154:148983,COc1cc(CNC(C)c2ccc(-c3ccc4o[nH]c(=O)c4c3)s2)nc(OC)c1,0.0875672615807632,0.6857142857142857
rxn:2:84866:148983,CC(NCCc1cc(-c2ccc[nH]2)n(C)n1)c1ccc(-c2ccc3o[nH]c(=O)c3c2)s1,0.08756524901236257,0.6133333333333333
rxn:2:132264:145209,Cc1cncc(C(F)(F)CNC(C)c2ccc(-c3cc(C)c4c(cnn4C)c3)s2)n1,0.08756248553593954,0.6575342465753424
rxn:2:70967:156548,Cc1cnc2[nH]cc(CNC(C)c3ccc(-c4cccc5nsnc45)s3)c2n1,0.08755966169493538,0.6470588235294118
rxn:2:110853:149983,COc1cnc2[nH]cc(-c3ccc(C(C)NCCc4cnc5sc(C)nn45)s3)c2c1,0.08755888342857361,0.7397260273972602
rxn:2:136593:145209,Cc1cc(-c2ccc(C(C)NCc3ccc4c(c3)N(C)CCO4)s2)cc2cnn(C)c12,0.08755866366048012,0.7464788732394366
rxn:2:69319:157188,COc1c(-c2ccc(C(C)NCc3cn4c(n3)CCC(C)C4)s2)ccnc1C,0.08755838019507271,0.7123287671232876
rxn:2:148561:107567,CSCC(Nc1c(N=O)c(=O)nc2sccn12)c1cc2ccccc2o1,0.08755776286125183,0.4666666666666667
rxn:2:135710:168965,CSc1cncc(CNC(C)c2ccc(-c3cccc(-c4cnco4)c3)s2)c1,0.0875563110624041,0.6521739130434783
rxn:2:97108:157753,CCc1c[nH]c2ncnc(-c3ccc(C(C)NCc4coc(CSC)c4)s3)c12,0.08755427598953247,0.6956521739130435
rxn:2:167459:157403,COc1cncnc1-c1ccc(C(C)Nc2nc(OCC3CCCCC3)c3[nH]cnc3n2)s1,0.08755357698960738,0.7681159420289855
rxn:2:90091:164117,CC(NCc1csc(N2CCCC2)n1)c1ccc(-c2cc3c(cn2)ncn3C)s1,0.08754666920365958,0.6376811594202898
rxn:2:120328:145209,Cc1cc(C)c(C2CC2CCNC(C)c2ccc(-c3cc(C)c4c(cnn4C)c3)s2)[nH]1,0.08754393554502918,0.75
rxn:2:141710:147854,Cc1nn(C)c2ccc(-c3ccc(C(C)NCc4nc5c(s4)CCCC5)s3)cc12,0.08753924534238618,0.7794117647058824
rxn:2:92029:159258,Cc1ccc(-c2nnc(CNC(C)c3ncc(-c4ccc5ncsc5c4)s3)o2)s1,0.08753786621422603,0.6764705882352942
rxn:2:95824:149983,CCc1cc(CCNC(C)c2ccc(-c3c[nH]c4ncc(OC)cc34)s2)c(OC)nc1C,0.08753729239106178,0.7123287671232876
rxn:2:110360:92027,CC(Nn1c(=O)[nH][nH]c1=O)c1csc(-c2ccco2)c1,0.08753650188446045,0.6530612244897959
rxn:2:112039:107408,CC(NCc1ccn[nH]c1=O)c1ccc(-c2ccsc2)s1,0.08753083149592082,0.6727272727272727
rxn:2:156650:145209,CCc1nn(-c2cc(C3CC3)ccn2)cc1CNC(C)c1ccc(-c2cc(C)c3c(cnn3C)c2)s1,0.08753074208895366,0.7051282051282052
rxn:2:150051:144232,Cc1[nH]c(CNC(C)c2ccc(-c3cc(N(C)C)ncn3)s2)nc1Cc1ccc(C(C)C)cc1,0.08753057087168974,0.6666666666666666
rxn:2:115013:158710,Cc1c[nH]c2nccc(-c3ccc(C(C)Nc4noc(C(C)(F)F)n4)s3)c12,0.08752555758864791,0.6451612903225806
rxn:2:133107:151299,Cc1c(-c2ccc(C(C)NCc3ccc4oc(=O)n(C)c4c3)s2)ccc2nccn12,0.08751927614212036,0.6081081081081081
rxn:2:91717:85686,CC(Nc1[nH]ncc1N=O)c1csc(-c2cccs2)c1,0.0875189483165741,0.7450980392156863
rxn:2:95477:156548,CCc1cc(C)nc(CCNC(C)c2ccc(-c3cccc4nsnc34)s2)n1,0.08751373418739863,0.7704918032786885
rxn:2:141893:147854,Cc1nn(C)c2ccc(-c3ccc(C(C)NCc4ccc(N5CCC(C(C)(C)C)CC5)nn4)s3)cc12,0.08751042352782355,0.618421052631579
rxn:2:124266:145209,Cc1cc(-c2ccc(C(C)NCCc3c[nH]c4ncnc(C5CCC5)c34)s2)cc2cnn(C)c12,0.08751036665018867,0.6962025316455697
rxn:2:80952:165909,CSc1ncc(-c2ccc(C(C)NCc3cc(C)nc(N(C)C)n3)s2)c2nncn12,0.08750277360280355,0.7123287671232876
rxn:2:89661:158710,Cc1c[nH]c2nccc(-c3ccc(C(C)NCc4csc(-c5cccs5)n4)s3)c12,0.08750176429748535,0.7313432835820896
rxn:2:124807:171510,CCC(NCc1cn2cc(C)ccc2n1)c1ccc(-c2ccc3ncsc3c2)s1,0.08749573395170014,0.7878787878787878
rxn:2:92749:137914,CSCCC1CC(Nc2nnn[nH]2)C1,0.08749454362051827,0.5777777777777777
rxn:2:120150:157753,CCc1c[nH]c2ncnc(-c3ccc(C(C)NCc4cc(OC)nc(N(C)C)c4)s3)c12,0.08748752455557546,0.6533333333333333
rxn:2:94160:157753,CCc1c[nH]c2ncnc(-c3ccc(C(C)NC(C)c4nc(-c5ccccc5)n[nH]4)s3)c12,0.08747996017336845,0.7323943661971831
rxn:2:67581:158710,Cc1c[nH]c2nccc(-c3ccc(C(C)NCc4nnn5c4CCC5)s3)c12,0.08747978122146041,0.6351351351351351
rxn:2:117470:142264,CCC(NCCc1ncc2ccccn12)c1ccc(-c2ccc3c(cnn3C)c2)s1,0.08747392892837524,0.6266666666666667
rxn:2:99816:147854,Cc1ccnc(CCNC(C)c2ccc(-c3ccc4c(c3)c(C)nn4C)s2)c1C1CC1,0.0874714313014861,0.6901408450704225
rxn:2:109614:164117,CC(C)Cc1n[nH]cc1CNC(C)c1ccc(-c2cc3c(cn2)ncn3C)s1,0.08747081245694842,0.6338028169014085
rxn:2:84573:169604,CC(C)c1ccnc(CCNC(C)c2ccc(-c3ccc4ncsc4c3)s2)n1,0.08746831331934247,0.7333333333333333
rxn:2:117683:158710,CCn1ccnc1Cn1cc(NC(C)c2ccc(-c3ccnc4[nH]cc(C)c34)s2)nn1,0.08746171574438771,0.6805555555555556
rxn:2:110360:142264,CCC(Nn1c(=O)[nH][nH]c1=O)c1ccc(-c2ccc3c(cnn3C)c2)s1,0.08746030238958505,0.6086956521739131
rxn:2:93093:166198,CC(NCc1cc2c(s1)CCSC2)c1ccc(-c2ncc3ccn(C)c3n2)s1,0.08745819543089185,0.6438356164383562
rxn:2:69824:158710,Cc1nc(N(C)C)sc1CCNC(C)c1ccc(-c2ccnc3[nH]cc(C)c23)s1,0.087456489431447,0.6811594202898551
rxn:2:83902:145209,Cc1cc(-c2ccc(C(C)NCC3(CS(C)(=O)=O)CCC3)s2)cc2cnn(C)c12,0.08745604342427747,0.6617647058823529
rxn:2:131733:157753,CCc1c[nH]c2ncnc(-c3ccc(C(C)NCc4nc(=N)[nH][nH]4)s3)c12,0.08745442674710201,0.6875
rxn:2:87228:148983,CC(NCc1cc(C2CC2)n(C)n1)c1ccc(-c2ccc3o[nH]c(=O)c3c2)s1,0.08745290551866804,0.7285714285714285
rxn:2:126326:145209,Cc1cc(-c2ccc(C(C)Nc3nccn3CC3CC4CCC3C4)s2)cc2cnn(C)c12,0.0874520055949688,0.6753246753246753
rxn:2:110081:145452,Cc1c(CCNC(C)c2ccc(-c3ccc4cc[nH]c(=O)c4c3)s2)nc(-c2ccco2)n1C,0.08744974931081136,0.6666666666666666
rxn:2:75454:150247,CCCC(C)c1nc(CNC(C)c2ccc(-c3ccc4n[nH]c(=O)n4c3)s2)cs1,0.08744952185400601,0.6756756756756757
rxn:2:129154:158710,Cc1c[nH]c2nccc(-c3ccc(C(C)Nc4[nH]ncc4-c4cccs4)s3)c12,0.08744502067565918,0.6923076923076923
rxn:2:118818:165909,CSc1ncc(-c2ccc(C(C)NCc3coc(C4CC4)n3)s2)c2nncn12,0.08744341135025024,0.7066666666666667
rxn:2:139839:144913,COc1sc(C2CC2)cc1CNC(C)c1ccc(-c2ccc3ncc(=O)n(C)c3c2)s1,0.08743864297866821,0.6973684210526315
rxn:2:141858:164117,CC(C)c1nc(CNC(C)c2ccc(-c3cc4c(cn3)ncn4C)s2)co1,0.08743777981510868,0.6956521739130435
rxn:2:72831:158710,CCCn1ccc(CNC(C)c2ccc(-c3ccnc4[nH]cc(C)c34)s2)n1,0.08743350373374091,0.696969696969697
rxn:2:100303:168965,Cc1ccc(CNC(C)c2ccc(-c3cccc(-c4cnco4)c3)s2)nc1C,0.08742698388440269,0.696969696969697
rxn:2:122760:142264,CCC(NCCc1nc(C2CCC2)no1)c1ccc(-c2ccc3c(cnn3C)c2)s1,0.08742561340332031,0.620253164556962
rxn:2:97499:164117,CCN(CC)c1nc(C)cc(CNC(C)c2ccc(-c3cc4c(cn3)ncn4C)s2)n1,0.08741786403040733,0.746268656716418
rxn:2:121125:145452,CC(C)c1nc(CNC(C)c2ccc(-c3ccc4cc[nH]c(=O)c4c3)s2)c2ccccn12,0.08741771802306175,0.7323943661971831
rxn:2:91720:170892,CC(NCc1[nH]nc2c1CSCC2)c1ccc(-c2cc3sccc3s2)s1,0.08741593590149513,0.5256410256410257
rxn:2:66891:148983,CC(NCc1ncc(C2CCCC2)s1)c1ccc(-c2ccc3o[nH]c(=O)c3c2)s1,0.08741232444500101,0.7205882352941176
rxn:2:108510:157753,CCc1c[nH]c2ncnc(-c3ccc(C(C)NCc4cc(C)n5c4CCC5)s3)c12,0.0874122586743585,0.6388888888888888
rxn:2:131848:148983,CCc1ccnc(CNC(C)c2ccc(-c3ccc4o[nH]c(=O)c4c3)s2)c1,0.08740497959984674,0.7121212121212122
rxn:2:152489:171684,CCC(NCCc1cn2c(-c3cn[nH]c3)csc2n1)c1ccc(-c2cc3ccccc3s2)s1,0.0873961394483393,0.6875
rxn:2:114931:149983,CCCc1cc(CNC(C)c2ccc(-c3c[nH]c4ncc(OC)cc34)s2)nn1C1CCC1,0.08738770335912704,0.8133333333333334
rxn:2:131362:158710,Cc1c[nH]c2nccc(-c3ccc(C(C)NCc4ccc(OCC5(C)COC5)nc4)s3)c12,0.08738759905099869,0.6164383561643836
rxn:2:110083:156548,CC(NCCc1cnc(-c2cccs2)s1)c1ccc(-c2cccc3nsnc23)s1,0.08738475010312836,0.6865671641791045
rxn:2:91814:170874,Cc1cc(-c2ccc(C(C)NCc3nc(C(C)C)ns3)s2)cc2cccnc12,0.08737979190690177,0.6615384615384615
rxn:2:119211:145209,CCCCc1c(NC(C)c2ccc(-c3cc(C)c4c(cnn4C)c3)s2)o[nH]c1=O,0.0873780188889339,0.6363636363636364
rxn:2:164058:168965,CC(NCCc1c[nH]c2ccc3c(c12)OCCO3)c1ccc(-c2cccc(-c3cnco3)c2)s1,0.08737604407703176,0.625
rxn:2:87222:147854,Cc1nn(C)c2ccc(-c3ccc(C(C)NCCc4cc(C(C)C)on4)s3)cc12,0.08737436245227682,0.7014925373134329
rxn:2:81865:151299,Cc1c(-c2ccc(C(C)NCc3nc(Cn4cccn4)cs3)s2)ccc2nccn12,0.0873732328414917,0.6666666666666666
rxn:2:92019:158710,Cc1c[nH]c2nccc(-c3ccc(C(C)NC(C)c4ccc(C5CC5)[nH]c4=O)s3)c12,0.08735653956731161,0.6056338028169014
rxn:2:144952:165220,CC(C)c1c[nH]c2nc(N3CCC(NC(C)c4ccc(-c5cncc6cc[nH]c56)s4)C3)ncc12,0.08735542086993947,0.6962025316455697
rxn:2:81768:164747,CCc1nc(CNC(C)c2ccc(-c3ccc4n[nH]c(=O)n4n3)cn2)ccc1OC,0.08735090295473734,0.6052631578947368
rxn:2:92601:145209,Cc1nn(CC2CC2(F)F)cc1CNC(C)c1ccc(-c2cc(C)c3c(cnn3C)c2)s1,0.08734595775604248,0.7012987012987013
rxn:2:108887:140049,CCc1cccc2c1SCCC2Nc1nc(=O)cn[nH]1,0.08734317123889923,0.6727272727272727
rxn:2:99915:148983,Cc1ccc2cc(CNC(C)c3ccc(-c4ccc5o[nH]c(=O)c5c4)s3)[nH]c2c1,0.08733394433712137,0.7076923076923077
rxn:2:138177:147106,CCC(C)c1cc(CNC(C)c2ccc(-c3ccc4c(c3)ncn4C)s2)no1,0.08733185912881579,0.6056338028169014
rxn:2:80698:145209,Cc1cc(-c2ccc(C(C)NCc3ncn(C)n3)s2)cc2cnn(C)c12,0.0873195230960846,0.8333333333333334
rxn:2:73247:147854,Cc1ccccc1-c1nc(CNC(C)c2ccc(-c3ccc4c(c3)c(C)nn4C)s2)co1,0.0873190350830555,0.6575342465753424
rxn:2:70155:170874,Cc1nn2cc(CNC(C)c3ccc(-c4cc(C)c5ncccc5c4)s3)nc2s1,0.08731817377024684,0.6811594202898551
rxn:2:113984:165909,CCOc1ccccc1-c1nc(CNC(C)c2ccc(-c3cnc(SC)n4cnnc34)s2)cs1,0.08731652708614573,0.6962025316455697
rxn:2:118833:165909,CSc1ncc(-c2ccc(C(C)NCc3cc4c(s3)CCCC4)s2)c2nncn12,0.08731624792362082,0.6447368421052632
rxn:2:81661:157753,CCc1c[nH]c2ncnc(-c3ccc(C(C)Nc4cc(CN(C)C)n(C)n4)s3)c12,0.08731390278914879,0.6533333333333333
rxn:2:91917:157188,COc1c(-c2ccc(C(C)NCCc3nc(C4CC4)nn3C)s2)ccnc1C,0.08731069947992053,0.6756756756756757
rxn:2:72001:157753,CCc1[nH]c(CNC(C)c2ccc(-c3ncnc4[nH]cc(CC)c34)s2)nc1C,0.08730799598353249,0.7205882352941176
rxn:2:87182:158710,COCc1c(C)ccnc1NC(C)c1ccc(-c2ccnc3[nH]cc(C)c23)s1,0.08730565224375043,0.6875
rxn:2:140366:164117,CC(NCCc1[nH]ncc1-c1cc[nH]c1)c1ccc(-c2cc3c(cn2)ncn3C)s1,0.08730425437291463,0.6233766233766234
rxn:2:119801:158710,Cc1nc(C2(NC(C)c3ccc(-c4ccnc5[nH]cc(C)c45)s3)CCCCCC2)no1,0.08730408453172253,0.631578947368421
rxn:2:121656:164117,CC(NCC[C@@H]1C[C@H]1C1CC1)c1ccc(-c2cc3c(cn2)ncn3C)s1,0.08730317996098445,0.6285714285714286
rxn:2:78889:157753,CCc1c[nH]c2ncnc(-c3ccc(C(C)NCc4ncsc4-c4cccs4)s3)c12,0.08729616403579712,0.6486486486486487
rxn:2:99816:157753,CCc1c[nH]c2ncnc(-c3ccc(C(C)NCCc4nccc(C)c4C4CC4)s3)c12,0.08729610904570549,0.684931506849315
rxn:2:74308:151299,CCc1nn2cc(CCNC(C)c3ccc(-c4ccc5nccn5c4C)s3)nc2s1,0.08729494611422221,0.620253164556962
rxn:2:165936:170874,Cc1cc(-c2ccc(C(C)Nc3nc(=O)c4c5c(sc4[nH]3)CSC5)s2)cc2cccnc12,0.08728296123445034,0.5443037974683544
rxn:2:159111:145209,Cc1cc(-c2ccc(C(C)NCc3noc(C(c4ccc[nH]4)n4cccc4)n3)s2)cc2cnn(C)c12,0.087280230389701,0.726027397260274
rxn:2:145618:158710,Cc1cc(=O)n2nc(N3CCCC(NC(C)c4ccc(-c5ccnc6[nH]cc(C)c56)s4)C3)nc2[nH]1,0.0872763923236302,0.5909090909090909
rxn:2:141979:170892,Cc1c[nH]c2cc(CNC(C)c3ccc(-c4cc5sccc5s4)s3)ccc12,0.08727184489921287,0.6060606060606061
rxn:2:117329:157753,CCc1c[nH]c2ncnc(-c3ccc(C(C)NCc4cc(C5CCCC5)on4)s3)c12,0.08727104266484578,0.7714285714285715
rxn:2:107268:151299,CCc1cc(CNC(C)c2ccc(-c3ccc4nccn4c3C)s2)ncc1OC1CC1,0.08726592986814437,0.7123287671232876
rxn:2:121642:145209,Cc1ccc(C)c(-n2cnc(CNC(C)c3ccc(-c4cc(C)c5c(cnn5C)c4)s3)n2)c1,0.08726440415237889,0.7352941176470589
rxn:2:69203:165909,CSc1ncc(-c2ccc(C(C)NCCc3nccc4cc[nH]c34)s2)c2nncn12,0.08726397355397543,0.6282051282051282
rxn:2:101158:145209,Cc1ccc(-c2nc(CCNC(C)c3ccc(-c4cc(C)c5c(cnn5C)c4)s3)c[nH]2)cc1,0.08726007649392793,0.6956521739130435
rxn:2:98904:158710,Cc1c[nH]c2nccc(-c3ccc(C(C)NCc4nc5cccc(C)c5n4C)s3)c12,0.08725821375846862,0.6376811594202898
rxn:2:101450:101558,CSCCC(Nc1cnsn1)c1ccc2c(c1)CCCS2,0.0872517880939302,0.8301886792452831
rxn:2:117650:158710,Cc1c[nH]c2nccc(-c3ccc(C(C)Nc4nn(C5CCOC5)c5c4CCC5)s3)c12,0.08724563160250264,0.620253164556962
rxn:2:66205:165909,CSc1ncc(-c2ccc(C(C)NCc3ccc4c(n3)CCC4)s2)c2nncn12,0.08723928188455515,0.6756756756756757
rxn:2:134310:158710,CCc1cnc2c(NC(C)c3ccc(-c4ccnc5[nH]cc(C)c45)s3)cnn2c1,0.08723836109556,0.6081081081081081
rxn:2:111846:142273,COc1cccc2nc(CNC(C)c3ccc(-c4cnc(N(C)C)s4)s3)ccc12,0.08723721421998122,0.6111111111111112
rxn:2:102433:148983,CC(NCCc1cc(C2CC2)n(C)n1)c1ccc(-c2ccc3o[nH]c(=O)c3c2)s1,0.08723353722999835,0.7361111111111112
rxn:2:99324:158710,COc1ccccc1-c1nc(NC(C)c2ccc(-c3ccnc4[nH]cc(C)c34)s2)no1,0.08723341457305415,0.6571428571428571
rxn:2:130616:156548,Cc1cc(N2CCCC2)nc(CNC(C)c2ccc(-c3cccc4nsnc34)s2)n1,0.08722828427950541,0.6323529411764706
rxn:2:156650:153292,CCc1nn(-c2cc(C3CC3)ccn2)cc1CNC(C)c1ncc(-c2ccc3n[nH]c(C)c3c2)s1,0.08722513403211321,0.5483870967741935
rxn:2:88033:156548,CC(NCCc1csc(-n2cccn2)n1)c1ccc(-c2cccc3nsnc23)s1,0.08721974800372946,0.6486486486486487
rxn:2:120009:151299,COC(C)c1nc(CNC(C)c2ccc(-c3ccc4nccn4c3C)s2)cs1,0.0872185400554112,0.6811594202898551
rxn:2:126088:145452,COc1nccc(CNC(C)c2ccc(-c3ccc4cc[nH]c(=O)c4c3)s2)c1C,0.08720892667770386,0.676056338028169
rxn:2:122796:158710,CCc1nnc(Sc2ccc(C)cc2NC(C)c2ccc(-c3ccnc4[nH]cc(C)c34)s2)[nH]1,0.0871978456323797,0.5945945945945946
rxn:2:114609:158710,Cc1ccncc1C1CC1CNC(C)c1ccc(-c2ccnc3[nH]cc(C)c23)s1,0.08719532654203217,0.7575757575757576
rxn:2:104103:145209,CCn1ccc(-c2nc(CNC(C)c3ccc(-c4cc(C)c5c(cnn5C)c4)s3)no2)n1,0.08719267323613167,0.7297297297297297
rxn:2:143954:161792,Cc1nc(C2CCC2)cc2nc(CCNC(C)c3ccc(-c4cc5c(=O)nc[nH]c5s4)cn3)cn12,0.08719256946018764,0.5795454545454546
rxn:2:120621:157804,COc1ccc2ncnc(-c3ccc(C(C)Nc4nc(C5CC5)cnc4OC)s3)c2c1,0.08719125870735414,0.6764705882352942
rxn:2:107670:156548,CC(NCc1nc2c(s1)C(F)(F)CCC2)c1ccc(-c2cccc3nsnc23)s1,0.0871828136772945,0.6388888888888888
rxn:2:78196:144913,Cc1cc(C2CC2)nc(CNC(C)c2ccc(-c3ccc4ncc(=O)n(C)c4c3)s2)n1,0.08718202191014443,0.7027027027027027
rxn:2:134399:144913,CC(NCc1cc(-c2ccco2)nc(C2CC2)n1)c1ccc(-c2ccc3ncc(=O)n(C)c3c2)s1,0.08717867136001586,0.7435897435897436
rxn:2:137467:158710,Cc1[nH]c(C2(CNC(C)c3ccc(-c4ccnc5[nH]cc(C)c45)s3)CC2)nc1-c1cccs1,0.08717686660362012,0.6103896103896104
rxn:2:89971:151299,Cc1c(-c2ccc(C(C)NCCC3CC3c3cnc4cc[nH]c4c3)s2)ccc2nccn12,0.08717344328761101,0.7066666666666667
rxn:2:127844:156548,CCN1CCc2ccc(CNC(C)c3ccc(-c4cccc5nsnc45)s3)cc21,0.08717248357575515,0.5915492957746479
rxn:2:90533:154412,COc1cc(C)ccc1-c1cc(CNC(C)c2ccc(-c3ccc[nH]c3=O)s2)n[nH]1,0.0871716817220052,0.6944444444444444
rxn:2:90514:151299,Cc1c(-c2ccc(C(C)NCCc3nc4ncccc4[nH]3)s2)ccc2nccn12,0.08717122982288229,0.676056338028169
rxn:2:120150:150247,COc1cc(CNC(C)c2ccc(-c3ccc4n[nH]c(=O)n4c3)s2)cc(N(C)C)n1,0.08717011213302613,0.6081081081081081
rxn:2:105766:145452,CC(NCc1nc2ccccn2n1)c1ccc(-c2ccc3cc[nH]c(=O)c3c2)s1,0.08716131900918894,0.6575342465753424
rxn:2:67043:148983,CC(NCc1cc(-c2cccs2)on1)c1ccc(-c2ccc3o[nH]c(=O)c3c2)s1,0.08715338542543609,0.7391304347826086
rxn:2:105761:150247,CC(C)Cn1cc(-c2nc(CNC(C)c3ccc(-c4ccc5n[nH]c(=O)n5c4)s3)cs2)cn1,0.08715032628088286,0.6582278481012658
rxn:2:69844:159258,CC(NCc1cnn2c1CC1(CC1)C2)c1ncc(-c2ccc3ncsc3c2)s1,0.0871502331324986,0.589041095890411
rxn:2:120328:156548,Cc1cc(C)c(C2CC2CCNC(C)c2ccc(-c3cccc4nsnc34)s2)[nH]1,0.08714837041394465,0.6944444444444444
rxn:2:111321:158710,Cc1c[nH]c2nccc(-c3ccc(C(C)NCCC(C)c4nc(C5CCCC5)cs4)s3)c12,0.08714386634528637,0.6351351351351351
rxn:2:133607:157753,CCc1c[nH]c2ncnc(-c3ccc(C(C)Nc4cn(CCC5CCC5)nn4)s3)c12,0.08713563879330953,0.6578947368421053
rxn:2:134313:156548,CC(NCc1cc2c(s1)CSCC2)c1ccc(-c2cccc3nsnc23)s1,0.08712643605691416,0.625
rxn:2:131907:98748,Cc1cccc2c1SCCC2Nc1ncc(=O)[nH]n1,0.08712529822399742,0.6296296296296297
rxn:2:81071:156548,CC(C)COc1cc(CNC(C)c2ccc(-c3cccc4nsnc34)s2)nn1C,0.08712354199639682,0.6911764705882353
rxn:2:143954:156401,CCC(NCCc1cn2c(C)nc(C3CCC3)cc2n1)c1ccc(-c2ccc3c(c2)oc(=O)n3C)s1,0.08712147341834174,0.5617977528089888
rxn:2:130091:158710,CCCn1nc(NC(C)c2ccc(-c3ccnc4[nH]cc(C)c34)s2)cc1C1CCC1,0.08711989720662434,0.68
rxn:2:120009:159258,COC(C)c1nc(CNC(C)c2ncc(-c3ccc4ncsc4c3)s2)cs1,0.08711798102767379,0.7
rxn:2:103946:145893,COc1ccc(CNC(C)c2ccc(-c3ccc4cn(C)nc4c3)s2)nc1C1CC1,0.08711578051249186,0.6986301369863014
rxn:2:89661:147854,Cc1nn(C)c2ccc(-c3ccc(C(C)NCc4csc(-c5cccs5)n4)s3)cc12,0.0871150533358256,0.7323943661971831
rxn:2:137110:158710,Cc1c[nH]c2nccc(-c3ccc(C(C)NCc4nc(C(C)(C)C)co4)s3)c12,0.08711471302168709,0.703125
rxn:2:79964:158710,Cc1c[nH]c2nccc(-c3ccc(C(C)NCc4cc5ncccc5s4)s3)c12,0.08710137009620667,0.746031746031746
rxn:2:84312:147854,Cc1nn(C)c2ccc(-c3ccc(C(C)NCc4cc5n(n4)CCC(C)C5)s3)cc12,0.08709864815076192,0.6710526315789473
rxn:2:73607:147854,Cc1nn(C)c2ccc(-c3ccc(C(C)NCc4cc5c(n(C)c4=O)CCC5)s3)cc12,0.08709789091540922,0.6233766233766234
rxn:2:108815:171510,CCC(NCc1cc(C2CCCC2)n(CC2CC2)n1)c1ccc(-c2ccc3ncsc3c2)s1,0.0870940883954366,0.6666666666666666
rxn:2:87222:148983,CC(C)c1cc(CCNC(C)c2ccc(-c3ccc4o[nH]c(=O)c4c3)s2)no1,0.08708914688655309,0.6567164179104478
rxn:2:136710:156827,CCc1nc(CNC(C)c2ccc(-c3ccc(Cn4cccn4)cc3)s2)ccc1OC1CC1,0.08708598758235123,0.6282051282051282
rxn:2:91720:147854,Cc1nn(C)c2ccc(-c3ccc(C(C)NCc4[nH]nc5c4CSCC5)s3)cc12,0.08708547312637856,0.6103896103896104
rxn:2:93093:142484,CC(NCc1cc2c(s1)CCSC2)c1ccc(-c2ccc3scnc3c2)c2c1OCO2,0.08707822138263334,0.5316455696202531
rxn:2:121147:170874,Cc1cc(-c2ccc(C(C)NCc3cc4c(s3)CCCS4)s2)cc2cccnc12,0.08706896263977577,0.6956521739130435
rxn:2:149198:157753,CCc1c[nH]c2ncnc(-c3ccc(C(C)Nc4cc(-c5cccc(-n6ccnc6)c5)[nH]n4)s3)c12,0.08706893410001482,0.654320987654321
rxn:2:136748:145452,CC(NCc1cc(CC2CC2)n(C2CCOC2)n1)c1ccc(-c2ccc3cc[nH]c(=O)c3c2)s1,0.08706733409096212,0.6666666666666666
rxn:2:115779:145209,Cc1cc(-c2ccc(C(C)NCCc3cccc4c3OCO4)s2)cc2cnn(C)c12,0.08706674178441366,0.6714285714285714
rxn:2:131054:147854,Cc1nn(C)c2ccc(-c3ccc(C(C)NCc4cc5cccnc5[nH]4)s3)cc12,0.08706408944623224,0.6865671641791045
rxn:2:113898:145209,Cc1cc(-c2ccc(C(C)NCCC(C)c3cccs3)s2)cc2cnn(C)c12,0.08706284846578326,0.6984126984126984
rxn:2:100657:157753,CCc1c[nH]c2ncnc(-c3ccc(C(C)Nc4nn(C)c5nccnc45)s3)c12,0.08706096328538039,0.6428571428571429
rxn:2:79461:85686,CC(NCc1c[nH][nH]c1=O)c1csc(-c2cccs2)c1,0.08705845922231674,0.6792452830188679
rxn:2:139727:157753,CCc1c[nH]c2ncnc(-c3ccc(C(C)NCCc4nc(C(C)C)nn4C)s3)c12,0.08705626328786215,0.6621621621621622
rxn:2:138190:170892,Cc1nc(CNC(C)c2ccc(-c3cc4sccc4s3)s2)cc2ccccc12,0.08705190249851771,0.6307692307692307
rxn:2:108770:145209,Cc1scc(CNC(C)c2ccc(-c3cc(C)c4c(cnn4C)c3)s2)c1C,0.0870515991140295,0.8333333333333334
rxn:2:136201:157804,CCOc1cccc2[nH]cc(CCNC(C)c3ccc(-c4ncnc5ccc(OC)cc45)s3)c12,0.08704906176118289,0.821917808219178
rxn:2:107960:144913,CC(C)Cc1cc(CNC(C)c2ccc(-c3ccc4ncc(=O)n(C)c4c3)s2)nn1C1CCC1,0.08704807302531074,0.7534246575342466
rxn:2:102433:157403,COc1cncnc1-c1ccc(C(C)NCCc2cc(C3CC3)n(C)n2)s1,0.08704634286739209,0.6712328767123288
rxn:2:66728:158710,COCc1nnc2c(NC(C)c3ccc(-c4ccnc5[nH]cc(C)c45)s3)nccn12,0.08704622387886048,0.6338028169014085
rxn:2:80638:145209,Cc1cc(-c2ccc(C(C)NCCn3ccsc3=O)s2)cc2cnn(C)c12,0.08704591459698147,0.6857142857142857
rxn:2:93935:150247,Cc1cccc2c(CNC(C)c3ccc(-c4ccc5n[nH]c(=O)n5c4)s3)c[nH]c12,0.08704257011413574,0.8115942028985508
rxn:2:113774:149983,COc1cnc2[nH]cc(-c3ccc(C(C)NCCc4nc(C)c5c(n4)CCC5)s3)c2c1,0.087034652310033,0.6794871794871795
rxn:2:87285:148983,CC(NCc1nc2c(s1)COCC2)c1ccc(-c2ccc3o[nH]c(=O)c3c2)s1,0.08703318876879555,0.7681159420289855
rxn:2:150428:158710,Cc1c[nH]c2nccc(-c3ccc(C(C)Nc4cnn(-c5ccc(=O)n(C)c5)c4CC(C)C)s3)c12,0.08703154495784214,0.569620253164557
rxn:2:101672:169604,CC(C)c1nc(CNC(C)c2ccc(-c3ccc4ncsc4c3)s2)c2n1CCCC2,0.087029896179835,0.7971014492753623
rxn:2:125471:170874,Cc1cc(-c2ccc(C(C)NCc3cccc(N4CCC(C(C)(C)C)CC4)n3)s2)cc2cccnc12,0.08702842394510905,0.618421052631579
rxn:2:142181:145209,Cc1cc(-c2ccc(C(C)NCc3noc(C4CC5CCCN5C4)n3)s2)cc2cnn(C)c12,0.08702783512346672,0.7866666666666666
rxn:2:120123:157753,CCc1c[nH]c2ncnc(-c3ccc(C(C)NCCc4cc(C5CC5)ccn4)s3)c12,0.08702762126922607,0.704225352112676
rxn:2:110360:138701,Cc1ccccc1-c1cc(C(C)Nn2c(=O)[nH][nH]c2=O)cs1,0.0870227271860296,0.6739130434782609
rxn:2:86880:164117,Cc1cnc(CCNC(C)c2ccc(-c3cc4c(cn3)ncn4C)s2)cc1C,0.08702148284230914,0.6764705882352942
rxn:2:86731:158710,CCCC(C)c1cc(NC(C)c2ccc(-c3ccnc4[nH]cc(C)c34)s2)[nH]n1,0.08701797042574201,0.6619718309859155
rxn:2:86340:158710,CCn1cc(-c2cc(CNC(C)c3ccc(-c4ccnc5[nH]cc(C)c45)s3)no2)c(C)n1,0.0870148092508316,0.7123287671232876
rxn:2:91720:169604,CC(NCc1[nH]nc2c1CSCC2)c1ccc(-c2ccc3ncsc3c2)s1,0.08701429543671785,0.6857142857142857
rxn:2:138822:147854,Cc1nn(C)c2ccc(-c3ccc(C(C)NCCc4occ5ccccc45)s3)cc12,0.08701405127843222,0.6338028169014085
rxn:2:69582:158710,Cc1c[nH]c2nccc(-c3ccc(C(C)Nc4nc(C5CCCCC5)n[nH]4)s3)c12,0.08700970534620614,0.6764705882352942
rxn:2:146315:157652,CCc1ccnc(-n2cc(CNC(C)c3ccc(-c4ncnc5ccn(C)c45)s3)c(C3CC3)n2)c1,0.0870044572012765,0.7530864197530864
rxn:2:128543:157753,CCc1c[nH]c2ncnc(-c3ccc(C(C)NCc4cc(CC(C)C)n(CC)n4)s3)c12,0.08700282342972294,0.7
rxn:2:79964:149983,COc1cnc2[nH]cc(-c3ccc(C(C)NCc4cc5ncccc5s4)s3)c2c1,0.0870004234642818,0.6666666666666666
rxn:2:127080:158710,Cc1c[nH]c2nccc(-c3ccc(C(C)NCc4noc5c4CC(C)CC5)s3)c12,0.08699963832723684,0.6933333333333334
rxn:2:70348:149983,COc1cnc2[nH]cc(-c3ccc(C(C)NCCc4cn5c(n4)SCC5)s3)c2c1,0.08699762615664251,0.6585365853658537
rxn:2:151699:164117,Cc1nn(-c2cncc(C(C)(C)C)c2)cc1CNC(C)c1ccc(-c2cc3c(cn2)ncn3C)s1,0.08699542113712856,0.569620253164557
rxn:2:98732:157188,COc1c(-c2ccc(C(C)Nc3nc(N(C)C)c4nc[nH]c4n3)s2)ccnc1C,0.08698905747512291,0.7014925373134329
rxn:2:106875:145209,COc1c(CCNC(C)c2ccc(-c3cc(C)c4c(cnn4C)c3)s2)cnn1C(C)C,0.08698297700574321,0.8852459016393442
rxn:2:70165:147854,Cc1nn(C)c2ccc(-c3ccc(C(C)NCC4CC4c4cnc[nH]4)s3)cc12,0.08698191600186485,0.6621621621621622
rxn:2:87285:173019,CC(=O)n1cc(-c2ccc(C(C)NCc3nc4c(s3)COCC4)s2)c2ccccc21,0.08697717388470967,0.7397260273972602
rxn:2:88661:148983,CC(NCc1cc(C2CCC2)n(C(C)C)n1)c1ccc(-c2ccc3o[nH]c(=O)c3c2)s1,0.08697586674844066,0.6756756756756757
rxn:2:72531:158710,CCN(CC)c1nccnc1NC(C)c1ccc(-c2ccnc3[nH]cc(C)c23)s1,0.08697438856651044,0.6557377049180327
rxn:2:90897:158710,Cc1c[nH]c2nccc(-c3ccc(C(C)NC4CC5CCCN(C5)C4)s3)c12,0.08697311083475749,0.6811594202898551
rxn:2:121498:145452,CC(NCC(F)(F)c1ccn[nH]1)c1ccc(-c2ccc3cc[nH]c(=O)c3c2)s1,0.08697257084505898,0.6571428571428571
rxn:2:90510:151299,Cc1c(-c2ccc(C(C)NCc3ncc(C(C)(C)C)o3)s2)ccc2nccn12,0.08696740439959935,0.6515151515151515
rxn:2:87699:147854,CCc1cc(CNC(C)c2ccc(-c3ccc4c(c3)c(C)nn4C)s2)nn1C(C)(C)C,0.08696046183186193,0.7272727272727273
rxn:2:78664:142264,CCC(NCCc1nsc2ccccc12)c1ccc(-c2ccc3c(cnn3C)c2)s1,0.08695550958315532,0.6527777777777778
rxn:2:138947:148983,CC(NCc1cn2c(n1)CCCC2C)c1ccc(-c2ccc3o[nH]c(=O)c3c2)s1,0.08695190528343463,0.7567567567567568
rxn:2:106887:171510,CCC(NCc1nnc(Cc2ccc(C(C)C)cc2)o1)c1ccc(-c2ccc3ncsc3c2)s1,0.08695047392564662,0.6666666666666666
rxn:2:70962:157753,CCc1c[nH]c2ncnc(-c3ccc(C(C)NCC4CC4c4cn[nH]c4C)s3)c12,0.08695021580005514,0.7222222222222222
rxn:2:113551:151299,Cc1c(-c2ccc(C(C)NCc3cc(C(C)C)co3)s2)ccc2nccn12,0.08694938377097801,0.6825396825396826
rxn:2:127504:158710,Cc1c[nH]c2nccc(-c3ccc(C(C)NC4CC[C@@H]5CN(c6nccs6)C[C@@H]5C4)s3)c12,0.08694518357515335,0.6266666666666667
rxn:2:97743:156548,Cc1cccc2nc(CNC(C)c3ccc(-c4cccc5nsnc45)s3)cn12,0.08693962012018476,0.703125
rxn:2:101490:147106,CC(NCc1cn2c3c(sc2n1)CCC3)c1ccc(-c2ccc3c(c2)ncn3C)s1,0.08693732420603434,0.7714285714285715
rxn:2:81419:158710,Cc1c[nH]c2nccc(-c3ccc(C(C)Nc4cnc(-c5cnco5)nc4)s3)c12,0.08693459321712625,0.6515151515151515
rxn:2:96205:158710,Cc1c[nH]c2nccc(-c3ccc(C(C)Nc4nnc(S(=O)(=O)CC(C)C)[nH]4)s3)c12,0.08693441152572631,0.6285714285714286
rxn:2:146448:156548,CC(NCCC1C(c2cnc3[nH]ccc3n2)C1(F)F)c1ccc(-c2cccc3nsnc23)s1,0.08693336356769908,0.5263157894736842
rxn:2:117886:151299,Cc1c(-c2ccc(C(C)NCCc3cc(-c4ccccn4)n[nH]3)s2)ccc2nccn12,0.08693219577112506,0.5921052631578947
rxn:2:106574:170874,COc1cc(C)ccc1CCNC(C)c1ccc(-c2cc(C)c3ncccc3c2)s1,0.08692843516667684,0.7205882352941176
rxn:2:67716:165062,CCc1cc(CNC(C)n2cc(-c3ccc(C(C)=O)c(OC)c3)cn2)nn1C(C)C,0.0869254728158315,0.35714285714285715
rxn:2:66107:158710,Cc1c[nH]c2nccc(-c3ccc(C(C)NCCc4nnc(C5CC5)o4)s3)c12,0.08692221769264766,0.6956521739130435
rxn:2:84312:160502,CCC(NCc1cc2n(n1)CCC(C)C2)c1ccc(-c2ccc3cnn(C)c3c2)s1,0.08692187070846558,0.6282051282051282
rxn:2:95283:173019,CC(=O)n1cc(-c2ccc(C(C)NCCc3ncn4ccccc34)s2)c2ccccc21,0.08691723885074738,0.6621621621621622
rxn:2:66891:149983,COc1cnc2[nH]cc(-c3ccc(C(C)NCc4ncc(C5CCCC5)s4)s3)c2c1,0.08691622416178385,0.7428571428571429
rxn:2:139839:156548,COc1sc(C2CC2)cc1CNC(C)c1ccc(-c2cccc3nsnc23)s1,0.08691525459289551,0.6571428571428571
rxn:2:141710:170892,CC(NCc1nc2c(s1)CCCC2)c1ccc(-c2cc3sccc3s2)s1,0.08690920242896447,0.5714285714285714
rxn:2:98163:145452,Cc1cc(-c2ccncc2)nc(CCNC(C)c2ccc(-c3ccc4cc[nH]c(=O)c4c3)s2)n1,0.08690810203552246,0.6756756756756757
rxn:2:68894:157753,CCc1c[nH]c2ncnc(-c3ccc(C(C)Nc4nnc(-c5ccno5)o4)s3)c12,0.08689443612920827,0.5942028985507246
rxn:2:110032:166234,Cc1nc(CNC(C)c2cnc(-c3ccc4ncsc4c3)s2)cc(-c2cnoc2C)n1,0.08687843814972908,0.6538461538461539
rxn:2:132590:151299,Cc1c(-c2ccc(C(C)NCc3cc(-n4ccnc4)ccn3)s2)ccc2nccn12,0.08687817454338073,0.6617647058823529
rxn:2:162682:171510,CCC(NCCc1nc2c([nH]1)c(=O)[nH]c(=O)n2CC)c1ccc(-c2ccc3ncsc3c2)s1,0.08686712113293735,0.631578947368421
rxn:2:133767:151299,CCn1cc(C)nc1CCNC(C)c1ccc(-c2ccc3nccn3c2C)s1,0.08686449485165733,0.6142857142857143
rxn:2:114914:147071,Cc1cc(C)c2nc(CNC(C)c3ccc(-c4ccc5[nH]c(=O)cc(C)c5c4)s3)cn2c1,0.08685823157429695,0.7575757575757576
rxn:2:67619:145452,CC(NCCN1CCC(C(C)C)C1)c1ccc(-c2ccc3cc[nH]c(=O)c3c2)s1,0.08685796425260346,0.6764705882352942
rxn:2:133452:158710,CCC(CNC(C)c1ccc(-c2ccnc3[nH]cc(C)c23)s1)c1nnns1,0.08684953274550261,0.6285714285714286
rxn:2:133316:151299,Cc1c(-c2ccc(C(C)NCc3cccc(-c4cc[nH]n4)c3)s2)ccc2nccn12,0.08684400121370951,0.6301369863013698
rxn:2:67389:157753,CCc1cn2c(CNC(C)c3ccc(-c4ncnc5[nH]cc(CC)c45)s3)ccnc2n1,0.08683829922829905,0.6666666666666666
rxn:2:90627:159258,CC(NCc1noc(C2CCCO2)n1)c1ncc(-c2ccc3ncsc3c2)s1,0.08683599318776812,0.618421052631579
rxn:2:69539:164117,CCOc1nn(CC)cc1CNC(C)c1ccc(-c2cc3c(cn2)ncn3C)s1,0.08683571938810677,0.6911764705882353
rxn:2:69203:157652,CC(NCCc1nccc2cc[nH]c12)c1ccc(-c2ncnc3ccn(C)c23)s1,0.0868279399542973,0.6103896103896104
rxn:2:106574:168965,COc1cc(C)ccc1CCNC(C)c1ccc(-c2cccc(-c3cnco3)c2)s1,0.08682529926300049,0.7761194029850746
rxn:2:70155:157188,COc1c(-c2ccc(C(C)NCc3cn4nc(C)sc4n3)s2)ccnc1C,0.08682521184285481,0.7076923076923077
rxn:2:129925:158710,Cc1cc(NC(C)c2ccc(-c3ccnc4[nH]cc(C)c34)s2)cc(OC(C)C)c1,0.08682078739692425,0.65625
rxn:2:111922:157753,CCc1c[nH]c2ncnc(-c3ccc(C(C)Nc4nsc(-c5ccc(OC)c(OC)c5)n4)s3)c12,0.086815125801984,0.618421052631579
rxn:2:108972:158710,Cc1c[nH]c2nccc(-c3ccc(C(C)NCc4cccc(-n5cncn5)c4)s3)c12,0.08681503136952719,0.625
rxn:2:76423:150247,CCC(C)c1cc(CNC(C)c2ccc(-c3ccc4n[nH]c(=O)n4c3)s2)nc(C2CC2)n1,0.08681236766278744,0.8695652173913043
rxn:2:76423:167920,CCC(C)c1cc(CNC(C)c2ccc(-c3ccc4n[nH]c(C)c4c3)s2)nc(C2CC2)n1,0.08681119047105312,0.6233766233766234
rxn:2:154465:157753,CCc1c[nH]c2ncnc(-c3ccc(C(C)Nc4nc(SC)nc5cc(C)[nH]c(=O)c45)s3)c12,0.08680665131771204,0.6438356164383562
rxn:2:131362:145209,Cc1cc(-c2ccc(C(C)NCc3ccc(OCC4(C)COC4)nc3)s2)cc2cnn(C)c12,0.08680471687605887,0.7361111111111112
rxn:2:86437:149983,CCOCc1cc(CNC(C)c2ccc(-c3c[nH]c4ncc(OC)cc34)s2)co1,0.08680333351266795,0.631578947368421
rxn:2:135000:158710,COC(C)c1nccc(NC(C)c2ccc(-c3ccnc4[nH]cc(C)c34)s2)n1,0.08679985574313573,0.6451612903225806
rxn:2:66299:164117,CCn1cccc1-c1noc(CCNC(C)c2ccc(-c3cc4c(cn3)ncn4C)s2)n1,0.0867949053645134,0.8591549295774648
rxn:2:115463:170874,Cc1cc(-c2ccc(C(C)NCc3cc(C4CCCS4)[nH]n3)s2)cc2cccnc12,0.08678773641586304,0.6973684210526315
rxn:2:130248:158710,Cc1ccc(C)c(-n2ncc(CNC(C)c3ccc(-c4ccnc5[nH]cc(C)c45)s3)n2)c1,0.08678366616368294,0.6338028169014085
rxn:2:111512:142264,CCC(NCc1nc2c(s1)CCCC2(C)C)c1ccc(-c2ccc3c(cnn3C)c2)s1,0.08677981745812201,0.6363636363636364
rxn:2:109584:168671,CCn1cc(-c2ccc(C(C)NCCc3c[nH]c4cc(C)cc(C)c34)s2)ccc1=O,0.08677495916684469,0.6986301369863014
rxn:2:88321:149743,Cc1nc(CNC(C)c2ccc(-c3ccc4c(c3)oc(=O)n4C)s2)cc(C2CC2)n1,0.08676906824111938,0.6986301369863014
rxn:2:73759:158710,Cc1c[nH]c2nccc(-c3ccc(C(C)NCC4(n5cncn5)CCS(=O)(=O)CC4)s3)c12,0.08676682412624359,0.6081081081081081
rxn:2:97761:165748,CC(NCc1cn2c(C3CC3)cccc2n1)c1ccc(-c2cnc(N3CCOCC3)s2)s1,0.08676117844879627,0.676056338028169
rxn:2:160685:156548,CC(Nc1cnccc1Sc1n[nH]c(=O)n1C1CC1)c1ccc(-c2cccc3nsnc23)s1,0.08675510955579353,0.5454545454545454
rxn:2:66710:145452,CC(NCCc1cn(C)c2ccccc12)c1ccc(-c2ccc3cc[nH]c(=O)c3c2)s1,0.08675382598753899,0.7285714285714285
rxn:2:108362:157188,COc1c(-c2ccc(C(C)NCc3cc(OC(C)C)n(C)n3)s2)ccnc1C,0.08675351738929749,0.6428571428571429
rxn:2:73177:170874,Cc1cc(-c2ccc(C(C)NCCc3cc4ncccc4o3)s2)cc2cccnc12,0.0867513140042623,0.625
rxn:2:133625:157652,CC(NCCc1nn(C)c2ccsc12)c1ccc(-c2ncnc3ccn(C)c23)s1,0.08675009834355321,0.6857142857142857
rxn:2:122648:74829,CCC1(CNC(C)c2cc(C)cs2)N=N1,0.08674789269765218,0.5
rxn:2:86551:149983,CCCCc1[nH]ncc1CNC(C)c1ccc(-c2c[nH]c3ncc(OC)cc23)s1,0.08674603289571302,0.64
rxn:2:121044:156548,CCc1cc(CNC(C)c2ccc(-c3cccc4nsnc34)s2)nc(C)n1,0.08674493542423954,0.7868852459016393
rxn:2:106927:145209,Cc1cc(-c2ccc(C(C)NCc3ccnc(OC4CC4)c3)s2)cc2cnn(C)c12,0.08674251039822896,0.7681159420289855
rxn:2:79461:159258,CC(NCc1c[nH][nH]c1=O)c1ncc(-c2ccc3ncsc3c2)s1,0.08673943827549617,0.7666666666666667
rxn:2:166758:156548,CC(NCc1ccc2nnc(-c3ccco3)n2c1)c1ccc(-c2cccc3nsnc23)s1,0.08673887327313423,0.6103896103896104
rxn:2:162203:145452,Cc1cccc2ncc(CNC(C)c3ccc(-c4ccc5cc[nH]c(=O)c5c4)s3)c(=O)n12,0.0867372676730156,0.6712328767123288
rxn:2:153980:158710,Cc1c[nH]c2nccc(-c3ccc(C(C)Nc4cc(C5CC5)nc5cc(C6CCCC6)nn45)s3)c12,0.08673354046685355,0.72
rxn:2:95283:156548,CC(NCCc1ncn2ccccc12)c1ccc(-c2cccc3nsnc23)s1,0.08673326458249773,0.6060606060606061
rxn:2:110360:142192,CC(Nn1c(=O)[nH][nH]c1=O)c1ccc(-c2cccs2)cn1,0.08673198450179327,0.6181818181818182
rxn:2:93015:165909,CSc1ncc(-c2ccc(C(C)NCc3cc(C(C)(C)C)no3)s2)c2nncn12,0.08672867561208791,0.6301369863013698
rxn:2:89505:145209,Cc1cc(-c2ccc(C(C)NCc3noc4c3CC(C)(C)CC4)s2)cc2cnn(C)c12,0.08672834596326275,0.6753246753246753
rxn:2:139678:145452,COCC(F)CNC(C)c1ccc(-c2ccc3cc[nH]c(=O)c3c2)s1,0.08672712326049804,0.6666666666666666
rxn:2:123961:159082,Cc1cccc2[nH]cc(CCNC(C)c3ccc(-c4cc5c(s4)CCCC5)cn3)c12,0.08670977751413982,0.5443037974683544
rxn:2:90947:157753,CCc1c[nH]c2ncnc(-c3ccc(C(C)Nc4[nH]c(C)nc4Sc4nnc(C)o4)s3)c12,0.08670629933476448,0.5949367088607594
rxn:2:82809:164117,Cc1cc(C2CC2)[nH]c(=O)c1CNC(C)c1ccc(-c2cc3c(cn2)ncn3C)s1,0.08670177062352498,0.6301369863013698
rxn:2:74241:158710,CCc1cc(CNC(C)c2ccc(-c3ccnc4[nH]cc(C)c34)s2)nn1-c1ccc(OC)cc1,0.08670118626426249,0.6712328767123288
rxn:2:125084:164117,CC(NCCC1C(c2cc[nH]c2)C1(F)F)c1ccc(-c2cc3c(cn2)ncn3C)s1,0.08670079112052917,0.5365853658536586
rxn:2:136710:155263,CCc1nc(CNC(C)CCn2cc(-c3ccncc3)cc(C)c2=O)ccc1OC1CC1,0.08669532090425491,0.47126436781609193
rxn:2:94637:157753,CCc1c[nH]c2ncnc(-c3ccc(C(C)NC[C@@H]4CC[C@H](c5nc(C6CC6)n[nH]5)O4)s3)c12,0.08669222123695142,0.6410256410256411
rxn:2:103556:148983,CC(NCc1cnc2[nH]ccc2c1)c1ccc(-c2ccc3o[nH]c(=O)c3c2)s1,0.08669044928891319,0.7575757575757576
rxn:2:109584:172033,Cc1cc(C)c2c(CCNC(C)c3ccc(-c4ccc(-c5cn[nH]c5)cc4)s3)c[nH]c2c1,0.08668844029307365,0.6619718309859155
rxn:2:121044:161792,CCc1cc(CNC(C)c2ccc(-c3cc4c(=O)nc[nH]c4s3)cn2)nc(C)n1,0.08668798208236694,0.746031746031746
rxn:2:90792:157188,COc1c(-c2ccc(C(C)NCc3cc(C4CC4)n(C4CC4)n3)s2)ccnc1C,0.08668310683349083,0.803030303030303
rxn:2:123429:172033,Cc1cc2c(C)c[nH]c2cc1CNC(C)c1ccc(-c2ccc(-c3cn[nH]c3)cc2)s1,0.08668238885941044,0.6376811594202898
rxn:2:112263:159691,CC(NCc1cc2c(s1)CCOC2)c1cnc(-c2ccc3ncsc3c2)cn1,0.08667328953742981,0.547945205479452
rxn:2:124422:145209,Cc1cc(-c2ccc(C(C)NCc3csnn3)s2)cc2cnn(C)c12,0.08666924715042114,0.7540983606557377
rxn:2:102433:170874,Cc1cc(-c2ccc(C(C)NCCc3cc(C4CC4)n(C)n3)s2)cc2cccnc12,0.08666727542877198,0.7183098591549296
rxn:2:91814:151299,Cc1c(-c2ccc(C(C)NCc3nc(C(C)C)ns3)s2)ccc2nccn12,0.08666437202029759,0.6935483870967742
rxn:2:90533:147106,COc1cc(C)ccc1-c1cc(CNC(C)c2ccc(-c3ccc4c(c3)ncn4C)s2)n[nH]1,0.08666219133319276,0.7808219178082192
rxn:2:74342:157753,CCc1c[nH]c2ncnc(-c3ccc(C(C)Nc4cc(-c5cccs5)nn4C(CC)CC)s3)c12,0.08665518199696261,0.6
rxn:2:103577:148983,Cc1cccc2c1ccn2CCNC(C)c1ccc(-c2ccc3o[nH]c(=O)c3c2)s1,0.08665310939153036,0.6376811594202898
rxn:2:101490:173028,CCC(NCc1cn2c3c(sc2n1)CCC3)c1ccc(-c2cc3cn[nH]c3cc2C)s1,0.08664971397769067,0.6075949367088608
rxn:2:132632:147854,COc1sc(C)cc1CNC(C)c1ccc(-c2ccc3c(c2)c(C)nn3C)s1,0.08664893465382713,0.6911764705882353
rxn:2:99789:173019,CC(=O)n1cc(-c2ccc(C(C)NCc3c[nH]nc3CC3CCC3)s2)c2ccccc21,0.0866450878881639,0.6666666666666666
rxn:2:70476:157753,CCc1c[nH]c2ncnc(-c3ccc(C(C)NCc4ncc(COC)s4)s3)c12,0.0866449773311615,0.6666666666666666
rxn:2:112263:150247,CC(NCc1cc2c(s1)CCOC2)c1ccc(-c2ccc3n[nH]c(=O)n3c2)s1,0.08664487940924508,0.6
rxn:2:75710:147854,Cc1nn(C)c2ccc(-c3ccc(C(C)NCCc4ccc5cc[nH]c5c4)s3)cc12,0.08664368788401286,0.6486486486486487
rxn:2:117554:158710,Cc1c[nH]c2nccc(-c3ccc(C(C)NC[C@@H]4C[C@H]4c4ccco4)s3)c12,0.0866415059124982,0.7205882352941176
rxn:2:76500:157753,CCc1c[nH]c2ncnc(-c3ccc(C(C)Nc4csc5c4CSC5)s3)c12,0.08662710807941577,0.6984126984126984
rxn:2:72207:163340,Cc1cc(C)c2cc(CCC(C)NC3CCN(c4ncnc5ccsc45)C3)c(=O)n(C)c2c1,0.08662671934474599,0.625
rxn:2:106169:158710,Cc1cc(CNC(C)c2ccc(-c3ccnc4[nH]cc(C)c34)s2)nc(-c2ccc(C)o2)n1,0.08662130869925022,0.676056338028169
rxn:2:151637:158710,Cc1ccc2[nH]cc(-c3cnc(CNC(C)c4ccc(-c5ccnc6[nH]cc(C)c56)s4)cn3)c2c1,0.08661819866725377,0.6410256410256411
rxn:2:74380:161792,COc1cc2c(cc1CNC(C)c1ccc(-c3cc4c(=O)nc[nH]c4s3)cn1)CCC2,0.08661815812510829,0.7
rxn:2:74902:122855,CSc1n[nH]c(NC(C)c2ccc(-c3cccs3)s2)n1,0.08661428540945053,0.6981132075471698
rxn:2:157981:168965,CCc1nc(-c2ccco2)nc2[nH]cc(CNC(C)c3ccc(-c4cccc(-c5cnco5)c4)s3)c12,0.08660877744356792,0.6329113924050633
rxn:2:114027:147854,Cc1nn(C)c2ccc(-c3ccc(C(C)NCc4cc5[nH]ccc5s4)s3)cc12,0.08660728590829032,0.7692307692307693
rxn:2:103556:151299,Cc1c(-c2ccc(C(C)NCc3cnc4[nH]ccc4c3)s2)ccc2nccn12,0.08659937126295907,0.703125
rxn:2:66391:145452,Cc1cc2[nH]c(CNC(C)c3ccc(-c4ccc5cc[nH]c(=O)c5c4)s3)cc2s1,0.08659842096526048,0.7
rxn:2:144578:145209,Cc1cc(-c2ccc(C(C)Nc3ccccc3OCc3nnc(C(C)(C)C)o3)s2)cc2cnn(C)c12,0.0865957538286845,0.6172839506172839
rxn:2:121147:168965,CC(NCc1cc2c(s1)CCCS2)c1ccc(-c2cccc(-c3cnco3)c2)s1,0.08659450350136592,0.6164383561643836
rxn:2:135604:157652,COc1nc(CNC(C)c2ccc(-c3ncnc4ccn(C)c34)s2)ccc1C1CC1,0.08659330209096273,0.631578947368421
rxn:2:118833:165062,COc1cc(-c2cnn(C(C)NCc3cc4c(s3)CCCC4)c2)ccc1C(C)=O,0.08658846904491556,0.43373493975903615
rxn:2:68085:158710,Cc1cnc(CC(C)CNC(C)c2ccc(-c3ccnc4[nH]cc(C)c34)s2)[nH]1,0.08658270537853241,0.6363636363636364
rxn:2:115040:169604,Cc1nc(CCNC(C)c2ccc(-c3ccc4ncsc4c3)s2)c2ccccn12,0.08657974621345257,0.6619718309859155
rxn:2:105761:158710,Cc1c[nH]c2nccc(-c3ccc(C(C)NCc4csc(-c5cnn(CC(C)C)c5)n4)s3)c12,0.08657346349773985,0.6438356164383562
rxn:2:94456:158710,COc1ccnc2c1c(NC(C)c1ccc(-c3ccnc4[nH]cc(C)c34)s1)nn2C,0.086571204662323,0.7014925373134329
rxn:2:88072:157753,CCc1c[nH]c2ncnc(-c3ccc(C(C)NCc4ccc(N5CCCC(C)C5)nc4)s3)c12,0.08657042907946037,0.5853658536585366
rxn:2:132826:158710,CCC1CCCN(c2ccncc2NC(C)c2ccc(-c3ccnc4[nH]cc(C)c34)s2)C1,0.08656930178403854,0.6533333333333333
rxn:2:134028:157652,Cc1cccc2nc(CCNC(C)c3ccc(-c4ncnc5ccn(C)c45)s3)cn12,0.08656761646270753,0.6172839506172839
rxn:2:93935:169604,Cc1cccc2c(CNC(C)c3ccc(-c4ccc5ncsc5c4)s3)c[nH]c12,0.08656692292009081,0.8571428571428571
rxn:2:119234:151299,Cc1c(-c2ccc(C(C)NCc3cccc(C4CC(F)(F)C4)n3)s2)ccc2nccn12,0.08656649820266231,0.6266666666666667
rxn:2:141710:133432,COc1csc(-c2csc(C(C)NCc3nc4c(s3)CCCC4)c2)c1,0.08656431674957275,0.4838709677419355
rxn:2:138643:85686,CC(NC1CC(c2nc(-c3cc[nH]c3)c[nH]2)C1)c1csc(-c2cccs2)c1,0.08656206616648922,0.5384615384615384
rxn:2:118897:151299,Cc1c(-c2ccc(C(C)NCCc3ccc4cccnc4c3)s2)ccc2nccn12,0.08655805786450704,0.5945945945945946
rxn:2:119510:169604,CC(NCCc1cnn(-c2ccccc2)c1)c1ccc(-c2ccc3ncsc3c2)s1,0.08654957214991252,0.6515151515151515
rxn:2:116807:157753,CCOc1nc(C)nc(NC(C)c2ccc(-c3ncnc4[nH]cc(CC)c34)s2)n1,0.08654682595154335,0.6567164179104478
rxn:2:66299:149983,CCn1cccc1-c1noc(CCNC(C)c2ccc(-c3c[nH]c4ncc(OC)cc34)s2)n1,0.08654282309792259,0.868421052631579
rxn:2:84573:165909,CSc1ncc(-c2ccc(C(C)NCCc3nccc(C(C)C)n3)s2)c2nncn12,0.08653903007507324,0.618421052631579
rxn:2:69315:151299,Cc1c(-c2ccc(C(C)NCc3nnc(CC45CC6CC(CC(C6)C4)C5)o3)s2)ccc2nccn12,0.08653036185673305,0.581081081081081
rxn:2:66365:158710,Cc1c[nH]c2nccc(-c3ccc(C(C)NCCN4CCC(c5ccn(C)n5)CC4)s3)c12,0.0865301825106144,0.6363636363636364
rxn:2:91491:147854,CCOc1cnc(CNC(C)c2ccc(-c3ccc4c(c3)c(C)nn4C)s2)nc1,0.0865183842593226,0.703125
rxn:2:117470:149983,COc1cnc2[nH]cc(-c3ccc(C(C)NCCc4ncc5ccccn45)s3)c2c1,0.08651771148045857,0.6533333333333333
rxn:2:101490:169777,Cc1nc2ccc(-c3ccc(C(C)NCc4cn5c6c(sc5n4)CCC6)s3)cc2s1,0.08651004433631897,0.6533333333333333
rxn:2:121718:170940,CCn1nc(CNC(C)c2ccc(-c3cc4cc(OC)ccc4o3)s2)cc1CC1CC1,0.08650868169723018,0.620253164556962
rxn:2:100078:145452,Cc1ccc2c(c1)OCC2CNC(C)c1ccc(-c2ccc3cc[nH]c(=O)c3c2)s1,0.08650822440783183,0.6323529411764706
rxn:2:155568:164117,Cc1nccc(-n2cc(CNC(C)c3ccc(-c4cc5c(cn4)ncn5C)s3)c(C3CC3)n2)c1C,0.08650618621281216,0.6025641025641025
rxn:2:97598:149983,COc1cnc2[nH]cc(-c3ccc(C(C)NCc4cc(C)cc(C(C)C)n4)s3)c2c1,0.08650567134221394,0.8412698412698413
rxn:2:107529:164117,CC(NCc1cnc2occc2c1)c1ccc(-c2cc3c(cn2)ncn3C)s1,0.08650365471839905,0.6617647058823529
rxn:2:90783:145452,CC(NCc1[nH]nc2c1CCSCC2)c1ccc(-c2ccc3cc[nH]c(=O)c3c2)s1,0.08650315205256144,0.7638888888888888
rxn:2:128100:158710,Cc1cc(C)nc(N2CCC(NC(C)c3ccc(-c4ccnc5[nH]cc(C)c45)s3)C2)n1,0.08650282890565934,0.7432432432432432
rxn:2:70857:145452,CC(NCc1nnc(C2CCOCC2)[nH]1)c1ccc(-c2ccc3cc[nH]c(=O)c3c2)s1,0.08650057931100169,0.684931506849315
rxn:2:90792:124273,CC(NCc1cc(C2CC2)n(C2CC2)n1)c1ccc(-c2cnsc2)s1,0.08649975061416626,0.6571428571428571
rxn:2:124391:145452,CC(C)CCn1ccc(CNC(C)c2ccc(-c3ccc4cc[nH]c(=O)c4c3)s2)n1,0.08649686773618062,0.6666666666666666
rxn:2:116161:152911,CC(Nc1nc2c([nH]1)CCSC2)c1ccc(-c2ccc3ncsc3c2)c2c1OCO2,0.0864883820215861,0.4880952380952381
rxn:2:150051:148983,Cc1[nH]c(CNC(C)c2ccc(-c3ccc4o[nH]c(=O)c4c3)s2)nc1Cc1ccc(C(C)C)cc1,0.08647980008806501,0.6986301369863014
rxn:2:113891:157652,CC(NCc1cnc(C2CCC2)nc1)c1ccc(-c2ncnc3ccn(C)c23)s1,0.08647777705356993,0.625
rxn:2:76161:145452,Cc1csc(-c2[nH]ncc2CNC(C)c2ccc(-c3ccc4cc[nH]c(=O)c4c3)s2)c1,0.086472297868421,0.6891891891891891
rxn:2:120150:168965,COc1cc(CNC(C)c2ccc(-c3cccc(-c4cnco4)c3)s2)cc(N(C)C)n1,0.0864637840178705,0.6527777777777778
rxn:2:139252:157804,COc1ccc2ncnc(-c3ccc(C(C)NCCc4cscn4)s3)c2c1,0.08646324387303105,0.6301369863013698
rxn:2:87228:156401,CCC(NCc1cc(C2CC2)n(C)n1)c1ccc(-c2ccc3c(c2)oc(=O)n3C)s1,0.0864604910214742,0.5822784810126582
rxn:2:66817:169604,CC(NCCc1cnn(C2CC2)c1)c1ccc(-c2ccc3ncsc3c2)s1,0.08645970733077438,0.6521739130434783
rxn:2:128429:146533,CC(NCc1ccc2c(c1)N(C)CCC2)c1ccc(-c2ccc3cnoc3c2)s1,0.08645784854888916,0.64
rxn:2:103794:157188,COc1c(-c2ccc(C(C)NCc3nc4c(s3)CCCCCC4)s2)ccnc1C,0.086457634794301,0.5774647887323944
rxn:2:103609:163711,Cc1nc(CNC(C)c2ccc(-c3cnn(C4CCOC4)c3)s2)cc(C(C)(C)C)n1,0.08644952376683553,0.6842105263157895
rxn:2:69403:158710,Cc1c[nH]c2nccc(-c3ccc(C(C)NCC4(N(C)C5CCOCC5)CCSC4)s3)c12,0.0864468514919281,0.5921052631578947
rxn:2:90533:149451,COc1cc(C)ccc1-c1cc(CNC(C)c2ccc(-c3cncc4[nH]ncc34)s2)n[nH]1,0.08643608540296555,0.6575342465753424
rxn:2:164524:149983,CCc1nn(-c2ccnc(C3CC3)c2)cc1CNC(C)c1ccc(-c2c[nH]c3ncc(OC)cc23)s1,0.08643133110470241,0.7058823529411765
rxn:2:147952:158710,Cc1c[nH]c2nccc(-c3ccc(C(C)Nc4cccc5c4nnn5C4CS(=O)(=O)C4)s3)c12,0.08643047376112505,0.573170731707317
rxn:2:86459:171510,CCC(NCCc1nnc(-c2cccs2)[nH]1)c1ccc(-c2ccc3ncsc3c2)s1,0.08642585674921671,0.8095238095238095
rxn:2:111799:158710,Cc1c[nH]c2nccc(-c3ccc(C(C)Nc4cn[nH]c4-c4cnccn4)s3)c12,0.08640539646148682,0.6865671641791045
rxn:2:117330:157753,CCc1c[nH]c2ncnc(-c3ccc(C(C)NCc4ccc5c(n4)CCCC5)s3)c12,0.08640440503756205,0.6805555555555556
rxn:2:129796:164117,Cc1cc(C)n(-c2nc(CCNC(C)c3ccc(-c4cc5c(cn4)ncn5C)s3)cs2)n1,0.08640277851372957,0.5974025974025974
rxn:2:69041:157753,CCc1n[nH]cc1CC(C)NC(C)c1ccc(-c2ncnc3[nH]cc(CC)c23)s1,0.08639927362573557,0.6338028169014085
rxn:2:112715:145452,CC(NCc1nnc(C2CCCCO2)o1)c1ccc(-c2ccc3cc[nH]c(=O)c3c2)s1,0.08639518676265594,0.6363636363636364
rxn:2:110214:145452,CCOc1ccc(CNC(C)c2ccc(-c3ccc4cc[nH]c(=O)c4c3)s2)nc1,0.08639219711566794,0.6857142857142857
rxn:2:68666:169604,CC(NCCc1csc2c1CCCC2)c1ccc(-c2ccc3ncsc3c2)s1,0.08638968850885119,0.6764705882352942
rxn:2:95477:158710,CCc1cc(C)nc(CCNC(C)c2ccc(-c3ccnc4[nH]cc(C)c34)s2)n1,0.0863823520726171,0.7101449275362319
rxn:2:127117:173019,CCCc1cc(CNC(C)c2ccc(-c3cn(C(C)=O)c4ccccc34)s2)nn1C1CCCSC1,0.08637905972344535,0.7088607594936709
rxn:2:94497:147854,CCCc1nc(CCNC(C)c2ccc(-c3ccc4c(c3)c(C)nn4C)s2)c[nH]1,0.08637753026238804,0.7
rxn:2:108582:158710,Cc1c[nH]c2nccc(-c3ccc(C(C)NCCC4CCOc5ccccc54)s3)c12,0.08637715180714925,0.6351351351351351
rxn:2:131733:119985,CC(NCc1nc(=N)[nH][nH]1)c1cccc(-c2cccs2)c1,0.0863676184699649,0.7307692307692307
rxn:2:112674:158710,COc1ccc2ccnc(CCNC(C)c3ccc(-c4ccnc5[nH]cc(C)c45)s3)c2c1,0.08636221289634705,0.6857142857142857
rxn:2:117967:168965,COc1cccc2nc(CNC(C)c3ccc(-c4cccc(-c5cnco5)c4)s3)[nH]c12,0.08636183892526934,0.6533333333333333
rxn:2:144952:155491,CC(C)c1c[nH]c2nc(N3CCC(NC(C)c4ncc(-c5cnc6[nH]ccc6c5)s4)C3)ncc12,0.08636156951679903,0.5952380952380952
rxn:2:104477:148983,CC(NCCc1nc(C2CCC2)n[nH]1)c1ccc(-c2ccc3o[nH]c(=O)c3c2)s1,0.08636111226575129,0.6266666666666667
rxn:2:123634:156548,CC(NCCc1c[nH]c(-c2ccccn2)n1)c1ccc(-c2cccc3nsnc23)s1,0.08635920683542887,0.6176470588235294
rxn:2:152253:145209,Cc1cc(-c2ccc(C(C)Nc3c4c(nc5c(C6CC6)cnn35)CSC4)s2)cc2cnn(C)c12,0.08635836313752566,0.6493506493506493
rxn:2:145709:157753,CCc1c[nH]c2ncnc(-c3ccc(C(C)NCCn4c(=O)[nH]c5sc(C)c(C)c5c4=O)s3)c12,0.08635519532596364,0.6842105263157895
rxn:2:95971:148983,CC(NCc1cc2n(n1)CCSC2)c1ccc(-c2ccc3o[nH]c(=O)c3c2)s1,0.08635316363402776,0.7323943661971831
rxn:2:116625:151299,COc1cccc2c(CCNC(C)c3ccc(-c4ccc5nccn5c4C)s3)n[nH]c12,0.08634975456422375,0.6623376623376623
rxn:2:115779:158710,Cc1c[nH]c2nccc(-c3ccc(C(C)NCCc4cccc5c4OCO5)s3)c12,0.0863465584557632,0.6923076923076923
rxn:2:95830:158710,Cc1c[nH]c2nccc(-c3ccc(C(C)NCc4cccc(Oc5cccnn5)c4)s3)c12,0.0863449927419424,0.6164383561643836
rxn:2:113223:151299,COC(C)c1noc(CNC(C)c2ccc(-c3ccc4nccn4c3C)s2)n1,0.08634190474237714,0.6575342465753424
rxn:2:81567:164117,Cc1csc2nc(CCNC(C)c3ccc(-c4cc5c(cn4)ncn5C)s3)cn12,0.08633600843363795,0.7567567567567568
rxn:2:100546:157753,CCc1c[nH]c2ncnc(-c3ccc(C(C)NCc4c5c(c[nH]c4=O)COCC5)s3)c12,0.08632576850152784,0.6282051282051282
rxn:2:104982:156548,CC(NCCc1ncc[nH]1)c1ccc(-c2cccc3nsnc23)s1,0.08632396161556244,0.6923076923076923
rxn:2:94596:158710,Cc1cc(C)n2nc(NC(C)c3ccc(-c4ccnc5[nH]cc(C)c45)s3)nc2n1,0.08632127169905038,0.7575757575757576
rxn:2:81305:161792,CC(NCCc1ccc2sccc2n1)c1ccc(-c2cc3c(=O)nc[nH]c3s2)cn1,0.08631956179936727,0.6216216216216216
rxn:2:112615:157753,CCc1c[nH]c2ncnc(-c3ccc(C(C)NCCC4CCc5ccc6c(c54)CCO6)s3)c12,0.0863164175640453,0.5897435897435898
rxn:2:112923:157403,COc1cncnc1-c1ccc(C(C)Nc2ccc(SC)nn2)s1,0.08631290247042973,0.6349206349206349
rxn:2:107670:158710,Cc1c[nH]c2nccc(-c3ccc(C(C)NCc4nc5c(s4)C(F)(F)CCC5)s3)c12,0.08630710045496623,0.6805555555555556
rxn:2:105761:156548,CC(C)Cn1cc(-c2nc(CNC(C)c3ccc(-c4cccc5nsnc45)s3)cs2)cn1,0.08629997074604034,0.6388888888888888
rxn:2:66190:169604,CCCn1nc(C)c2cc(CNC(C)c3ccc(-c4ccc5ncsc5c4)s3)sc21,0.08629820744196574,0.6027397260273972
rxn:2:133067:169604,CC(NCCc1nnn(CC2CCCC2)n1)c1ccc(-c2ccc3ncsc3c2)s1,0.08629584312438965,0.6388888888888888
rxn:2:121520:145209,Cc1cc(-c2ccc(C(C)NCc3cn[nH]c3CC3CCCCC3)s2)cc2cnn(C)c12,0.08629339560866356,0.7681159420289855
rxn:2:139209:108287,COc1ccsc1-c1ccc(C(C)Nc2n[nH]c(=O)[nH]2)s1,0.08629325457981654,0.86
rxn:2:123574:169604,COCc1nc(CNC(C)c2ccc(-c3ccc4ncsc4c3)s2)c[nH]1,0.08629241585731506,0.7619047619047619
rxn:2:107070:164117,CC(NCc1nccc(N2CCC2)n1)c1ccc(-c2cc3c(cn2)ncn3C)s1,0.08628628171723464,0.6301369863013698
rxn:2:140657:168163,Cc1cncnc1-c1ccc(C(C)Nc2ncc3cc[nH]c3n2)s1,0.0862861027320226,0.6129032258064516
rxn:2:108627:164117,Cc1cccc2[nH]cc(CNC(C)c3ccc(-c4cc5c(cn4)ncn5C)s3)c12,0.08628471966447501,0.8461538461538461
rxn:2:74182:158710,Cc1cc(CNC(C)c2ccc(-c3ccnc4[nH]cc(C)c34)s2)n(C2CCCSC2)n1,0.08628460861021472,0.6666666666666666
rxn:2:124372:158710,Cc1c[nH]c2nccc(-c3ccc(C(C)NCCc4c[nH]nc4-c4ccccn4)s3)c12,0.0862741893337619,0.7313432835820896
rxn:2:139209:170828,CC(Nc1n[nH]c(=O)[nH]1)c1ccc(-c2ccc3sccc3c2)s1,0.08626944863277933,0.6428571428571429
rxn:2:78664:157753,CCc1c[nH]c2ncnc(-c3ccc(C(C)NCCc4nsc5ccccc45)s3)c12,0.08626843293507894,0.6619718309859155
rxn:2:74432:158710,Cc1ccc(-c2nnc(NC(C)c3ccc(-c4ccnc5[nH]cc(C)c45)s3)[nH]2)c(C)c1,0.08626268371458977,0.7230769230769231
rxn:2:130937:157753,CCc1c[nH]c2ncnc(-c3ccc(C(C)NCc4csc(-c5ccccc5)c4)s3)c12,0.0862488862006895,0.6764705882352942
rxn:2:117330:167920,Cc1[nH]nc2ccc(-c3ccc(C(C)NCc4ccc5c(n4)CCCC5)s3)cc12,0.08624075404528914,0.6027397260273972
rxn:2:113223:145452,COC(C)c1noc(CNC(C)c2ccc(-c3ccc4cc[nH]c(=O)c4c3)s2)n1,0.08623980037097273,0.6756756756756757
rxn:2:83428:114159,CC(Nc1n[nH]c(=O)[nH]c1=O)c1csc(-c2ccncc2)c1,0.08623365651477467,0.6428571428571429
rxn:2:72032:145452,CC(NCc1cc(=O)n2ccccc2n1)c1ccc(-c2ccc3cc[nH]c(=O)c3c2)s1,0.08623145472618841,0.6933333333333334
rxn:2:131010:147854,Cc1nn(C)c2ccc(-c3ccc(C(C)NCCc4cnn5ccccc45)s3)cc12,0.0862204909324646,0.6438356164383562
rxn:2:109218:165909,CSc1ncc(-c2ccc(C(C)NCc3nc4c(C)cc(C)cc4[nH]3)s2)c2nncn12,0.08620929910290626,0.6933333333333334
rxn:2:117470:147854,Cc1nn(C)c2ccc(-c3ccc(C(C)NCCc4ncc5ccccn45)s3)cc12,0.08620329896608989,0.6533333333333333
rxn:2:134897:157753,CCc1c[nH]c2ncnc(-c3ccc(C(C)Nc4nonc4-c4nnc(C)[nH]4)s3)c12,0.08619653582572936,0.6351351351351351
rxn:2:79494:158710,Cc1c[nH]c2nccc(-c3ccc(C(C)NCC45COCC(C4)OC5)s3)c12,0.08619619298864294,0.6285714285714286
rxn:2:113200:158710,Cc1c[nH]c2nccc(-c3ccc(C(C)NCc4ccc5c(c4)COCC5)s3)c12,0.08619207349316828,0.6901408450704225
rxn:2:91717:169604,CC(Nc1[nH]ncc1N=O)c1ccc(-c2ccc3ncsc3c2)s1,0.08618960529565811,0.6557377049180327
rxn:2:78120:158710,COc1cc(CNC(C)c2ccc(-c3ccnc4[nH]cc(C)c34)s2)ncn1,0.08618782184742114,0.6923076923076923
rxn:2:122458:158710,Cc1c[nH]c2nccc(-c3ccc(C(C)NCCc4cccc(N5CCCC5)n4)s3)c12,0.08618308459558795,0.6811594202898551
rxn:2:120032:157753,CCc1c[nH]c2ncnc(-c3ccc(C(C)Nc4ccccc4OCCc4nc(C)no4)s3)c12,0.08617454416611615,0.6794871794871795
rxn:2:100640:157652,CC(NCc1ccc2ncsc2n1)c1ccc(-c2ncnc3ccn(C)c23)s1,0.08617337260927473,0.6285714285714286
rxn:2:116043:164117,CCCc1[nH]c(=O)c(CNC(C)c2ccc(-c3cc4c(cn3)ncn4C)s2)c2c1CCC2,0.08617059327661991,0.6024096385542169
rxn:2:159234:158710,COc1cccc2[nH]c(-c3nonc3CNC(C)c3ccc(-c4ccnc5[nH]cc(C)c45)s3)cc12,0.08616656916482109,0.6219512195121951
rxn:2:125086:157753,CCc1c[nH]c2ncnc(-c3ccc(C(C)NCC4C(c5cncnc5)C4(F)F)s3)c12,0.08616644144058228,0.6052631578947368
rxn:2:83600:159258,CC(NCCC1CCSC1)c1ncc(-c2ccc3ncsc3c2)s1,0.08616370956103007,0.7213114754098361
rxn:2:103946:166631,COc1ccc(CNC(C)c2ccc(-c3cc(=O)c(C)c[nH]3)s2)nc1C1CC1,0.08616300991603307,0.6901408450704225
rxn:2:117888:145452,CC(NCC1CCc2cccnc21)c1ccc(-c2ccc3cc[nH]c(=O)c3c2)s1,0.08615923749989476,0.6470588235294118
rxn:2:129909:151299,CCn1nccc1-c1csc(CNC(C)c2ccc(-c3ccc4nccn4c3C)s2)n1,0.086158690914031,0.6197183098591549
rxn:2:84003:158710,Cc1c[nH]c2nccc(-c3ccc(C(C)NC(C)CCc4ccncn4)s3)c12,0.08615857362747192,0.6923076923076923
rxn:2:94648:157753,CCc1c[nH]c2ncnc(-c3ccc(C(C)Nc4nn(CCSC)cc4C)s3)c12,0.08615831260023446,0.64
rxn:2:126558:157753,CCCc1c(CN(C)C)noc1NC(C)c1ccc(-c2ncnc3[nH]cc(CC)c23)s1,0.08615492236229681,0.6438356164383562
rxn:2:128543:142273,CCn1nc(CNC(C)c2ccc(-c3cnc(N(C)C)s3)s2)cc1CC(C)C,0.0861517105783735,0.6056338028169014
rxn:2:114623:164117,CC(NCc1nnc(C2CCCO2)[nH]1)c1ccc(-c2cc3c(cn2)ncn3C)s1,0.08614954455145474,0.6025641025641025
rxn:2:79714:147854,Cc1nn(C)c2ccc(-c3ccc(C(C)NCc4noc(C(C)n5cccc5)n4)s3)cc12,0.08614405430853367,0.6666666666666666
rxn:2:159111:158710,Cc1c[nH]c2nccc(-c3ccc(C(C)NCc4noc(C(c5ccc[nH]5)n5cccc5)n4)s3)c12,0.08614381722041539,0.6710526315789473
rxn:2:92257:157753,CCc1c[nH]c2ncnc(-c3ccc(C(C)NCc4cc5n(n4)CC4(CC4)CO5)s3)c12,0.08614275916930168,0.6538461538461539
rxn:2:111697:145209,COCc1nncn1CCNC(C)c1ccc(-c2cc(C)c3c(cnn3C)c2)s1,0.08613946931115513,0.7285714285714285
rxn:2:112451:157753,CCc1c[nH]c2ncnc(-c3ccc(C(C)NCCc4c[nH]c5cc(OC)cc(OC)c45)s3)c12,0.08613277182859533,0.6805555555555556
rxn:2:108529:124273,CC(Nc1nc2cnncc2[nH]1)c1ccc(-c2cnsc2)s1,0.08612751147963783,0.6101694915254238
rxn:2:157791:145452,Cc1nn(-c2ccnc(C(C)(C)C)c2)cc1CNC(C)c1ccc(-c2ccc3cc[nH]c(=O)c3c2)s1,0.08612244327863057,0.6428571428571429
rxn:2:133107:145452,CC(NCc1ccc2oc(=O)n(C)c2c1)c1ccc(-c2ccc3cc[nH]c(=O)c3c2)s1,0.08611917111181444,0.7419354838709677
rxn:2:131848:157753,CCc1ccnc(CNC(C)c2ccc(-c3ncnc4[nH]cc(CC)c34)s2)c1,0.08611559867858887,0.7096774193548387
rxn:2:118833:157652,CC(NCc1cc2c(s1)CCCC2)c1ccc(-c2ncnc3ccn(C)c23)s1,0.08610985960279192,0.8
rxn:2:107070:157753,CCc1c[nH]c2ncnc(-c3ccc(C(C)NCc4nccc(N5CCC5)n4)s3)c12,0.08610968788464864,0.7428571428571429
rxn:2:124807:170828,Cc1ccc2nc(CNC(C)c3ccc(-c4ccc5sccc5c4)s3)cn2c1,0.08610963608537402,0.6567164179104478
rxn:2:86385:169604,CC(NCc1c[nH]nn1)c1ccc(-c2ccc3ncsc3c2)s1,0.08610268520272296,0.6964285714285714
rxn:2:157791:157753,CCc1c[nH]c2ncnc(-c3ccc(C(C)NCc4cn(-c5ccnc(C(C)(C)C)c5)nc4C)s3)c12,0.0861021810107761,0.6046511627906976
rxn:2:122024:145452,CC(NCCc1nc2ccncc2[nH]1)c1ccc(-c2ccc3cc[nH]c(=O)c3c2)s1,0.0861021359761556,0.6986301369863014
rxn:2:94274:149983,COc1cnc2[nH]cc(-c3ccc(C(C)NCc4cc(C)nc(-c5ccoc5)n4)s3)c2c1,0.08609413728117943,0.6533333333333333
rxn:2:141046:168965,CCCCc1[nH]cnc1CNC(C)c1ccc(-c2cccc(-c3cnco3)c2)s1,0.08608596900413776,0.5945945945945946
rxn:2:90510:158710,Cc1c[nH]c2nccc(-c3ccc(C(C)NCc4ncc(C(C)(C)C)o4)s3)c12,0.08608294384820121,0.6984126984126984
rxn:2:101490:150344,CC(NCc1cn2c3c(sc2n1)CCC3)c1ccc(-c2cccc3c2OCO3)s1,0.08608264347602582,0.6805555555555556
rxn:2:140540:164117,CC(NCc1ccnc(N2CCCC2)n1)c1ccc(-c2cc3c(cn2)ncn3C)s1,0.08608143329620362,0.6470588235294118
rxn:2:101479:171510,CCC(NCc1ncc(-c2ccccc2)[nH]1)c1ccc(-c2ccc3ncsc3c2)s1,0.08607842524846394,0.6521739130434783
rxn:2:160599:158710,COc1cc(C)c(-c2nc(CCNC(C)c3ccc(-c4ccnc5[nH]cc(C)c45)s3)n[nH]2)cc1C,0.08607712643487113,0.6575342465753424
rxn:2:71886:152429,COc1cccc2[nH]cc(CCNC(C)c3ccc(-c4ccc5nncn5c4)s3)c12,0.08607596556345622,0.7105263157894737
rxn:2:87699:173019,CCc1cc(CNC(C)c2ccc(-c3cn(C(C)=O)c4ccccc34)s2)nn1C(C)(C)C,0.08607596158981323,0.7323943661971831
rxn:2:137624:148983,CC(NCCc1cc(C2CCCC2)no1)c1ccc(-c2ccc3o[nH]c(=O)c3c2)s1,0.0860746403535207,0.631578947368421
rxn:2:70689:158710,Cc1c[nH]c2nccc(-c3ccc(C(C)NC4CC(c5csc(C(C)C)n5)C4)s3)c12,0.08607097268104554,0.6351351351351351
rxn:2:76767:147854,Cc1oc(-c2ccsc2)nc1CNC(C)c1ccc(-c2ccc3c(c2)c(C)nn3C)s1,0.0860706510082368,0.625
rxn:2:110312:157753,CCc1c[nH]c2ncnc(-c3ccc(C(C)NCCc4cnc5cc[nH]cc4-5)s3)c12,0.08606838782628377,0.6865671641791045
rxn:2:112858:145452,CC(NCc1cc(C2CC2)cs1)c1ccc(-c2ccc3cc[nH]c(=O)c3c2)s1,0.08606432804039546,0.7205882352941176
rxn:2:97025:145209,Cc1cc(-c2ccc(C(C)NCC3C(c4cnn(C)c4)C3(F)F)s2)cc2cnn(C)c12,0.08606310429111604,0.6081081081081081
rxn:2:112263:173019,CC(=O)n1cc(-c2ccc(C(C)NCc3cc4c(s3)CCOC4)s2)c2ccccc21,0.08605626026789347,0.7297297297297297
rxn:2:139804:145209,Cc1cc(-c2ccc(C(C)NCc3cc(C)n(C4CCCS(=O)(=O)C4)n3)s2)cc2cnn(C)c12,0.08605354673722211,0.6962025316455697
rxn:2:93685:161792,CCC(C)c1nc(CNC(C)c2ccc(-c3cc4c(=O)nc[nH]c4s3)cn2)co1,0.08605310834687331,0.625
rxn:2:123420:165748,COc1sc2c(c1CNC(C)c1ccc(-c3cnc(N4CCOCC4)s3)s1)CCCN2C,0.08604956790804863,0.5974025974025974
rxn:2:68758:149983,CCOC(C)c1noc(CNC(C)c2ccc(-c3c[nH]c4ncc(OC)cc34)s2)n1,0.0860489010810852,0.6835443037974683
rxn:2:96205:82536,CC(C)CS(=O)(=O)c1nnc(NC(C)CCCc2cccs2)[nH]1,0.08604859917060188,0.4918032786885246
rxn:2:87285:164117,CC(NCc1nc2c(s1)COCC2)c1ccc(-c2cc3c(cn2)ncn3C)s1,0.08604496717453003,0.7536231884057971
rxn:2:119320:158710,Cc1c[nH]c2nccc(-c3ccc(C(C)Nc4cc(C5CCCC6CC65)on4)s3)c12,0.08604485591252645,0.5866666666666667
rxn:2:134313:166234,CC(NCc1cc2c(s1)CSCC2)c1cnc(-c2ccc3ncsc3c2)s1,0.08604428503248426,0.6268656716417911
rxn:2:67741:133432,COc1csc(-c2csc(C(C)NCc3ncncn3)c2)c1,0.08604384552348744,0.5714285714285714
rxn:2:108529:169604,CC(Nc1nc2cnncc2[nH]1)c1ccc(-c2ccc3ncsc3c2)s1,0.08604219899727748,0.7096774193548387
rxn:2:105134:145209,CCSc1n[nH]c(NC(C)c2ccc(-c3cc(C)c4c(cnn4C)c3)s2)n1,0.08603873959294071,0.6714285714285714
rxn:2:66621:145452,Cc1cc2cc[nH]c2cc1CNC(C)c1ccc(-c2ccc3cc[nH]c(=O)c3c2)s1,0.08603593111038207,0.819672131147541
rxn:2:84866:148278,CC(NCCc1cc(-c2ccc[nH]2)n(C)n1)c1ccc(-c2cccc3cn[nH]c23)s1,0.0860355297724406,0.6805555555555556
rxn:2:127937:158710,Cc1c[nH]c2nccc(-c3ccc(C(C)NCc4cc5c(s4)CSC5)s3)c12,0.08602954502458926,0.8571428571428571
rxn:2:92434:133432,COc1csc(-c2csc(C(C)NC(CC(C)C)c3nnn[nH]3)c2)c1,0.08602724075317383,0.5079365079365079
rxn:2:120537:149983,COc1cnc2[nH]cc(-c3ccc(C(C)NCc4ccc(SC)nc4)s3)c2c1,0.08602205344608851,0.7
rxn:2:141046:142264,CCCCc1[nH]cnc1CNC(CC)c1ccc(-c2ccc3c(cnn3C)c2)s1,0.0860191563080097,0.7910447761194029
rxn:2:118833:144913,CC(NCc1cc2c(s1)CCCC2)c1ccc(-c2ccc3ncc(=O)n(C)c3c2)s1,0.08601409594217936,0.7285714285714285
rxn:2:138643:171510,CCC(NC1CC(c2nc(-c3cc[nH]c3)c[nH]2)C1)c1ccc(-c2ccc3ncsc3c2)s1,0.08601349405944347,0.6973684210526315
rxn:2:149307:156548,Cc1c(C)c2sccn2c1-c1cnc(CNC(C)c2ccc(-c3cccc4nsnc34)s2)[nH]1,0.08601315455003218,0.5569620253164557
rxn:2:164058:156548,CC(NCCc1c[nH]c2ccc3c(c12)OCCO3)c1ccc(-c2cccc3nsnc23)s1,0.08601297810673714,0.6933333333333334
rxn:2:108331:158710,Cc1c[nH]c2nccc(-c3ccc(C(C)NCc4ncc(-c5ccco5)o4)s3)c12,0.08600991758806951,0.6805555555555556
rxn:2:90792:150647,CC(NCc1cc(C2CC2)n(C2CC2)n1)c1ccc(-c2ccc3ocnc3c2)s1,0.08600966683749495,0.6712328767123288
rxn:2:99509:156548,Cc1cc(CNC(C)c2ccc(-c3cccc4nsnc34)s2)nc(C(C)C)n1,0.08600869136197227,0.7704918032786885
rxn:2:135530:145452,CC(NCc1cccc2cccnc12)c1ccc(-c2ccc3cc[nH]c(=O)c3c2)s1,0.08600699106852214,0.6956521739130435
rxn:2:142036:157753,CCc1c[nH]c2ncnc(-c3ccc(C(C)Nc4ncn(C5CCOC5)n4)s3)c12,0.08600421198483171,0.6153846153846154
rxn:2:117886:145452,CC(NCCc1cc(-c2ccccn2)n[nH]1)c1ccc(-c2ccc3cc[nH]c(=O)c3c2)s1,0.08600408583879471,0.6986301369863014
rxn:2:124397:157753,CCO[C@H]1CN(C)C[C@@H]1NC(C)c1ccc(-c2ncnc3[nH]cc(CC)c23)s1,0.08600406774452754,0.5609756097560976
rxn:2:129904:148983,CC(NCc1cc(CC2CCC2)n(C(C)C)n1)c1ccc(-c2ccc3o[nH]c(=O)c3c2)s1,0.08600221946835518,0.7777777777777778
rxn:2:90514:170874,Cc1cc(-c2ccc(C(C)NCCc3nc4ncccc4[nH]3)s2)cc2cccnc12,0.08600051800409952,0.7391304347826086
rxn:2:124422:158710,Cc1c[nH]c2nccc(-c3ccc(C(C)NCc4csnn4)s3)c12,0.08600009729464848,0.7966101694915254
rxn:2:81768:169537,CCc1nc(CNC(C)c2ccc(-c3nc4ccc(OC)cc4s3)s2)ccc1OC,0.08599950472513834,0.7014925373134329
rxn:2:76367:173019,CC(=O)n1cc(-c2ccc(C(C)NCCc3cn4ncsc4n3)s2)c2ccccc21,0.085987389087677,0.6493506493506493
rxn:2:89819:158710,CCn1nc(-c2csc(CNC(C)c3ccc(-c4ccnc5[nH]cc(C)c45)s3)n2)cc1C,0.08598185330629349,0.6486486486486487
rxn:2:78782:158710,Cc1c[nH]c2nccc(-c3ccc(C(C)Nc4nccc(-c5cnccn5)n4)s3)c12,0.08598149220148722,0.7049180327868853
rxn:2:117888:145209,Cc1cc(-c2ccc(C(C)NCC3CCc4cccnc43)s2)cc2cnn(C)c12,0.08597922119601019,0.72
rxn:2:100303:148983,Cc1ccc(CNC(C)c2ccc(-c3ccc4o[nH]c(=O)c4c3)s2)nc1C,0.08597317448368778,0.7741935483870968
rxn:2:89234:170874,Cc1cc(-c2ccc(C(C)NCc3[nH]nc4c3CCCC4)s2)cc2cccnc12,0.08596876366385098,0.6857142857142857
rxn:2:124807:149880,Cc1ccc2nc(CNC(C)c3ccc(-c4ccc5n[nH]c(=O)n5n4)s3)cn2c1,0.0859666528372929,0.589041095890411
rxn:2:86444:142273,CC(NCc1c[nH]c(C2CCCC2)n1)c1ccc(-c2cnc(N(C)C)s2)s1,0.08596105928774234,0.6323529411764706
rxn:2:76367:164117,CC(NCCc1cn2ncsc2n1)c1ccc(-c2cc3c(cn2)ncn3C)s1,0.08595904920782362,0.6538461538461539
rxn:2:151089:161792,Cc1cc(CNC(C)c2ccc(-c3cc4c(=O)nc[nH]c4s3)cn2)cnc1N(C)Cc1ccccc1,0.08595722251468235,0.618421052631579
rxn:2:65896:158710,Cc1c[nH]c2nccc(-c3ccc(C(C)NC4CCN(Cc5ncoc5C5CCC5)CC4)s3)c12,0.08595472223618451,0.6097560975609756
rxn:2:96298:165909,CSc1ncc(-c2ccc(C(C)NCc3ccc4nc(C)cn4c3)s2)c2nncn12,0.08595382769902547,0.684931506849315
rxn:2:136710:164604,CCc1nc(CNC(C)c2ccc(-c3cc(-n4cc(C)cn4)ncn3)s2)ccc1OC1CC1,0.0859526540293838,0.6024096385542169
rxn:2:107670:157804,COc1ccc2ncnc(-c3ccc(C(C)NCc4nc5c(s4)C(F)(F)CCC5)s3)c2c1,0.08595201000571251,0.6363636363636364
rxn:2:140366:147854,Cc1nn(C)c2ccc(-c3ccc(C(C)NCCc4[nH]ncc4-c4cc[nH]c4)s3)cc12,0.0859502669303648,0.6578947368421053
rxn:2:126708:157753,CCc1c[nH]c2ncnc(-c3ccc(C(C)Nc4cnn(CCN(C)C)c4)s3)c12,0.08594886804449148,0.6029411764705882
rxn:2:119297:145452,CC(NCc1cnc(Cc2cccs2)nc1)c1ccc(-c2ccc3cc[nH]c(=O)c3c2)s1,0.08594579622149467,0.6805555555555556
rxn:2:136409:145209,Cc1ccc(-c2nnc(CCNC(C)c3ccc(-c4cc(C)c5c(cnn5C)c4)s3)o2)s1,0.08594505488872528,0.7857142857142857
rxn:2:111558:156548,CC1CC(c2nc(CNC(C)c3ccc(-c4cccc5nsnc45)s3)cs2)C1,0.08594125083514623,0.8524590163934426
rxn:2:100479:156548,CC(C)c1sc(CNC(C)c2ccc(-c3cccc4nsnc34)s2)nc1-c1ccccn1,0.08593913912773132,0.6818181818181818
rxn:2:115080:161792,CC(NCCc1csc2c1CCC2)c1ccc(-c2cc3c(=O)nc[nH]c3s2)cn1,0.085932156135296,0.6447368421052632
rxn:2:70113:158710,Cc1c[nH]c2nccc(-c3ccc(C(C)NCC(C)(C)CC4CCCC4)s3)c12,0.08593035170010158,0.6714285714285714
rxn:2:73234:157753,CCc1c[nH]c2ncnc(-c3ccc(C(C)Nc4noc(CC5CC5)n4)s3)c12,0.08592664556843894,0.6486486486486487
rxn:2:112615:149983,COc1cnc2[nH]cc(-c3ccc(C(C)NCCC4CCc5ccc6c(c54)CCO6)s3)c2c1,0.08592585000124844,0.6547619047619048
rxn:2:84573:168965,CC(C)c1ccnc(CCNC(C)c2ccc(-c3cccc(-c4cnco4)c3)s2)n1,0.08592328429222107,0.5866666666666667
rxn:2:129249:157753,CCc1c[nH]c2ncnc(-c3ccc(C(C)NCC4CC4c4ncccn4)s3)c12,0.08592265638811834,0.75
rxn:2:156650:164117,CCc1nn(-c2cc(C3CC3)ccn2)cc1CNC(C)c1ccc(-c2cc3c(cn2)ncn3C)s1,0.08591755287987846,0.6785714285714286
rxn:2:154621:158710,CCn1cnc2c(cnn2CCNC(C)c2ccc(-c3ccnc4[nH]cc(C)c34)s2)c1=O,0.08591710776090622,0.6585365853658537
rxn:2:138177:146196,CCC(C)c1cc(CNC(C)c2ccc(-c3cc4cn[nH]c4cc3C)s2)no1,0.08591383695602417,0.6142857142857143
rxn:2:89509:124273,CC(Nc1cncc(=O)[nH]1)c1ccc(-c2cnsc2)s1,0.08591235280036927,0.6181818181818182
rxn:2:90783:148983,CC(NCc1[nH]nc2c1CCSCC2)c1ccc(-c2ccc3o[nH]c(=O)c3c2)s1,0.08591155142619691,0.6712328767123288
rxn:2:123903:145209,Cc1cc(-c2ccc(C(C)NCC3CC4CCCCC4O3)s2)cc2cnn(C)c12,0.08590881577853499,0.7391304347826086
rxn:2:129331:157753,CCc1c[nH]c2ncnc(-c3ccc(C(C)NCCc4csc(C)n4)s3)c12,0.08590782130206073,0.6923076923076923
rxn:2:86660:158710,COc1nc(-c2cnn(C)c2)ncc1NC(C)c1ccc(-c2ccnc3[nH]cc(C)c23)s1,0.08589697815477848,0.6533333333333333
rxn:2:112924:157753,CCc1c[nH]c2ncnc(-c3ccc(C(C)NCc4ccnc(-c5ccccn5)n4)s3)c12,0.0858940128237009,0.6901408450704225
rxn:2:98684:157753,CCc1c[nH]c2ncnc(-c3ccc(C(C)NCCc4nc(-c5ccoc5C)n[nH]4)s3)c12,0.08589217811822891,0.6351351351351351
rxn:2:105608:164117,CC(NCc1coc(C2CCCCC2)n1)c1ccc(-c2cc3c(cn2)ncn3C)s1,0.08588958183924357,0.7183098591549296
rxn:2:110516:158710,CCn1cc(CNC(C)c2ccc(-c3ccnc4[nH]cc(C)c34)s2)c(C2CC2)n1,0.08588873106857826,0.7027027027027027
rxn:2:139058:171510,CCC(NCCc1nc2ccccn2n1)c1ccc(-c2ccc3ncsc3c2)s1,0.08588089614078917,0.8153846153846154
rxn:2:105957:144913,COc1cncc2[nH]cc(CCNC(C)c3ccc(-c4ccc5ncc(=O)n(C)c5c4)s3)c12,0.0858774149056637,0.7307692307692307
rxn:2:165936:157753,CCc1c[nH]c2ncnc(-c3ccc(C(C)Nc4nc(=O)c5c6c(sc5[nH]4)CSC6)s3)c12,0.08587522804737091,0.6052631578947368
rxn:2:144952:150054,COc1nc(-c2ccc(C(C)NC3CCN(c4ncc5c(C(C)C)c[nH]c5n4)C3)nc2)nc2nc[nH]c12,0.08587474597466958,0.5108695652173914
rxn:2:69952:164117,CCC(C)(C)c1nc(CNC(C)c2ccc(-c3cc4c(cn3)ncn4C)s2)co1,0.08586664857535527,0.6712328767123288
rxn:2:167880:158710,Cc1c[nH]c2nccc(-c3ccc(C(C)Nc4nc5[nH]c6ccccc6c5c(=O)[nH]4)s3)c12,0.08586607128381729,0.7058823529411765
rxn:2:120502:158710,Cc1c[nH]c2nccc(-c3ccc(C(C)Nc4ccc(OCC5CCCC5)cn4)s3)c12,0.08586575523499519,0.7142857142857143
rxn:2:104440:149983,COc1cnc2[nH]cc(-c3ccc(C(C)NCCc4ccc(-c5csc(C)n5)s4)s3)c2c1,0.08586172759532928,0.6578947368421053
rxn:2:152872:145452,Cc1sc2nc(CCNC(C)c3ccc(-c4ccc5cc[nH]c(=O)c5c4)s3)[nH]c(=O)c2c1C,0.08585618481491551,0.6857142857142857
rxn:2:97860:152492,CCCc1[nH]cnc1CCNC(C)c1ccc(-c2ccc3[nH]cnc3c2C)s1,0.08585278157676969,0.6363636363636364
rxn:2:78115:145452,CC(NCc1cc(CC2CCCC2)n[nH]1)c1ccc(-c2ccc3cc[nH]c(=O)c3c2)s1,0.0858506944871718,0.6857142857142857
rxn:2:106227:155996,Cc1ccn2nc(CNC(C)c3ccc(-c4cc(OC(C)C)ncn4)s3)cc2c1,0.08585057176392653,0.5733333333333334
rxn:2:121445:92488,CCS(=O)(=O)c1n[nH]c(NC(C)c2cc(-c3ccsc3)cs2)n1,0.08584701237471207,0.8076923076923077
rxn:2:91525:145209,Cc1cc(-c2ccc(C(C)Nc3[nH]ncc3-c3cnn(C)c3)s2)cc2cnn(C)c12,0.08584568897883098,0.6027397260273972
rxn:2:122968:170892,CC(NCc1nc2n(n1)CC(F)CC2)c1ccc(-c2cc3sccc3s2)s1,0.08583839955153288,0.631578947368421
rxn:2:130068:165909,COc1cccc2[nH]cc(CNC(C)c3ccc(-c4cnc(SC)n5cnnc45)s3)c12,0.08583725652387066,0.7866666666666666
rxn:2:84889:158710,Cc1c[nH]c2nccc(-c3ccc(C(C)NC4CC(c5cc6cncnc6s5)CN(C)C4)s3)c12,0.0858244974823559,0.6233766233766234
rxn:2:127080:173019,CC(=O)n1cc(-c2ccc(C(C)NCc3noc4c3CC(C)CC4)s2)c2ccccc21,0.08581751392733666,0.6794871794871795
rxn:2:115262:157753,CCc1c[nH]c2ncnc(-c3ccc(C(C)Nc4noc5c(OC)cccc45)s3)c12,0.08581473032633463,0.6621621621621622
rxn:2:70664:147854,Cc1nn(C)c2ccc(-c3ccc(C(C)NCCc4nn(C)cc4-c4cccs4)s3)cc12,0.08580921962857246,0.7352941176470589
rxn:2:74902:145209,CSc1n[nH]c(NC(C)c2ccc(-c3cc(C)c4c(cnn4C)c3)s2)n1,0.08580558345868038,0.676923076923077
rxn:2:141018:158710,Cc1c[nH]c2nccc(-c3ccc(C(C)Nc4noc(CC5CCC5)n4)s3)c12,0.08580527135304042,0.6666666666666666
rxn:2:114693:156548,CC(NCc1cn2nc(C3CC3)ccc2n1)c1ccc(-c2cccc3nsnc23)s1,0.08580517371495565,0.7
rxn:2:151822:164117,CC(NCc1cnn(Cc2cccc(C3CC3)c2)c1)c1ccc(-c2cc3c(cn2)ncn3C)s1,0.08579683479140787,0.6133333333333333
rxn:2:117470:170892,CC(NCCc1ncc2ccccn12)c1ccc(-c2cc3sccc3s2)s1,0.08579236048239249,0.6111111111111112
rxn:2:128543:168671,CCn1nc(CNC(C)c2ccc(-c3ccc(=O)n(CC)c3)s2)cc1CC(C)C,0.08579063415527344,0.6911764705882353
rxn:2:111247:164117,CC(NCc1nn(C(C)C)c2c1CCCC2)c1ccc(-c2cc3c(cn2)ncn3C)s1,0.08579008233162665,0.625
rxn:2:109620:157753,CCc1c[nH]c2ncnc(-c3ccc(C(C)Nc4ccnn4S(C)(=O)=O)s3)c12,0.08578706213406154,0.6307692307692307
rxn:2:70107:147854,Cc1ccnc(CCNC(C)c2ccc(-c3ccc4c(c3)c(C)nn4C)s2)c1,0.08578648098877498,0.696969696969697
rxn:2:82911:161792,CC(NCc1cc2occc2s1)c1ccc(-c2cc3c(=O)nc[nH]c3s2)cn1,0.08578444165842873,0.75
rxn:2:141695:149983,COc1cnc2[nH]cc(-c3ccc(C(C)NC(CCSC)c4nnn[nH]4)s3)c2c1,0.08578406531235268,0.5443037974683544
rxn:2:164058:169604,CC(NCCc1c[nH]c2ccc3c(c12)OCCO3)c1ccc(-c2ccc3ncsc3c2)s1,0.08578094840049744,0.7222222222222222
rxn:2:70798:145209,Cc1cc(-c2ccc(C(C)NCCc3cnc4scc(C(C)C)n34)s2)cc2cnn(C)c12,0.08577974140644073,0.6533333333333333
rxn:2:139058:158710,Cc1c[nH]c2nccc(-c3ccc(C(C)NCCc4nc5ccccn5n4)s3)c12,0.0857749684103604,0.7285714285714285
rxn:2:142008:158710,Cc1c[nH]c2nccc(-c3ccc(C(C)Nc4cc(C5CC5)nn4C4CCCC4)s3)c12,0.08577047048076507,0.6712328767123288
rxn:2:117512:145209,Cc1cc(-c2ccc(C(C)NCC(C)Cn3cccn3)s2)cc2cnn(C)c12,0.08576411008834839,0.6617647058823529
rxn:2:66891:159258,CC(NCc1ncc(C2CCCC2)s1)c1ncc(-c2ccc3ncsc3c2)s1,0.08576068069253649,0.6615384615384615
rxn:2:115125:149983,COc1cnc2[nH]cc(-c3ccc(C(C)NCc4cc5[nH]ccc5cn4)s3)c2c1,0.08576029950174792,0.6811594202898551
rxn:2:138822:173019,CC(=O)n1cc(-c2ccc(C(C)NCCc3occ4ccccc34)s2)c2ccccc21,0.08576028962289134,0.6351351351351351
rxn:2:118897:157753,CCc1c[nH]c2ncnc(-c3ccc(C(C)NCCc4ccc5cccnc5c4)s3)c12,0.0857582938286566,0.6571428571428571
rxn:2:91419:157753,CCc1c[nH]c2ncnc(-c3ccc(C(C)Nc4cc(-c5cc(C)nn5C)nc(C)n4)s3)c12,0.08575638315894386,0.6052631578947368
rxn:2:138822:161792,CC(NCCc1occ2ccccc12)c1ccc(-c2cc3c(=O)nc[nH]c3s2)cn1,0.08575270374615987,0.676056338028169
rxn:2:130068:169537,COc1ccc2nc(-c3ccc(C(C)NCc4c[nH]c5cccc(OC)c45)s3)sc2c1,0.08575211032744377,0.5974025974025974
rxn:2:100817:170874,Cc1cc(-c2ccc(C(C)NCc3cc4ccncc4[nH]3)s2)cc2cccnc12,0.08574366158452527,0.6470588235294118
rxn:2:107531:158710,Cc1c[nH]c2nccc(-c3ccc(C(C)NCc4nn[nH]n4)s3)c12,0.08574174096186955,0.6875
rxn:2:87285:147106,CC(NCc1nc2c(s1)COCC2)c1ccc(-c2ccc3c(c2)ncn3C)s1,0.08573774780545916,0.5714285714285714
rxn:2:136591:157753,CCc1c[nH]c2ncnc(-c3ccc(C(C)NCc4ccc(-c5cn(C)cn5)cc4)s3)c12,0.08573748171329498,0.6811594202898551
rxn:2:108866:173019,CC(=O)n1cc(-c2ccc(C(C)NCc3coc(-c4cccs4)n3)s2)c2ccccc21,0.0857363708557621,0.6351351351351351
rxn:2:92698:157753,CCc1c[nH]c2ncnc(-c3ccc(C(C)Nc4nc(SC)n5nccc5n4)s3)c12,0.08573589523633321,0.6811594202898551
rxn:2:139954:158710,CCn1cc(-c2nnc(NC(C)c3ccc(-c4ccnc5[nH]cc(C)c45)s3)s2)cn1,0.08572840690612793,0.6716417910447762
rxn:2:78674:157753,CCc1c[nH]c2ncnc(-c3ccc(C(C)NCC(C)c4nc(-c5cc[nH]c5)c[nH]4)s3)c12,0.08572770468890667,0.6666666666666666
rxn:2:109652:145209,Cc1cc(-c2ccc(C(C)NCc3ncc(-c4ccccc4)cn3)s2)cc2cnn(C)c12,0.08572473004460335,0.8135593220338984
rxn:2:143757:157753,CCc1c[nH]c2ncnc(-c3ccc(C(C)Nc4ccccc4-c4cc(-c5cccs5)[nH]n4)s3)c12,0.08572454111916679,0.5897435897435898
rxn:2:93093:142264,CCC(NCc1cc2c(s1)CCSC2)c1ccc(-c2ccc3c(cnn3C)c2)s1,0.08572250810162775,0.6266666666666667
rxn:2:71252:157753,CCc1noc(-c2c(SC)n[nH]c2NC(C)c2ccc(-c3ncnc4[nH]cc(CC)c34)s2)n1,0.0857192494652488,0.5974025974025974
rxn:2:67197:158710,Cc1c[nH]c2nccc(-c3ccc(C(C)Nc4cc(-c5cc6c(s5)CCCC6)n[nH]4)s3)c12,0.08571531251072884,0.726027397260274
rxn:2:168328:168163,Cc1cnc(C)c(-n2cc(CNC(C)c3ccc(-c4ncncc4C)s3)c(C(C)C)n2)c1,0.08571511879563332,0.618421052631579
rxn:2:106959:157753,CCc1c[nH]c2ncnc(-c3ccc(C(C)NCc4cc(-c5ccoc5)cs4)s3)c12,0.08570830821990967,0.746268656716418
rxn:2:73114:145452,CSC1(CNC(C)c2ccc(-c3ccc4cc[nH]c(=O)c4c3)s2)CCCCC1,0.08570752825055804,0.6617647058823529
rxn:2:119847:157753,CCc1c[nH]c2ncnc(-c3ccc(C(C)NCc4csc(C5CCCC5)c4)s3)c12,0.08570311069488526,0.6986301369863014
rxn:2:66391:149983,COc1cnc2[nH]cc(-c3ccc(C(C)NCc4cc5sc(C)cc5[nH]4)s3)c2c1,0.08570027967979169,0.7536231884057971
rxn:2:128543:167920,CCn1nc(CNC(C)c2ccc(-c3ccc4n[nH]c(C)c4c3)s2)cc1CC(C)C,0.08569543361663819,0.6911764705882353
rxn:2:128773:145209,CCn1nnc(CNC(C)c2ccc(-c3cc(C)c4c(cnn4C)c3)s2)c1-c1cccs1,0.0856927689164877,0.6714285714285714
rxn:2:102426:157854,CCn1ncc2cc(-c3cnc(C(C)NCc4cc(C)nc(CCC(C)C)n4)s3)ccc21,0.0856925044208765,0.7464788732394366
rxn:2:121898:170874,Cc1cc(-c2ccc(C(C)NCCc3n[nH]c4c(C)cccc34)s2)cc2cccnc12,0.08568960235964868,0.6133333333333333
rxn:2:99015:157753,CCSc1nc(NC(C)c2ccc(-c3ncnc4[nH]cc(CC)c34)s2)[nH]c(=O)n1,0.08568651100684857,0.6901408450704225
rxn:2:102433:142264,CCC(NCCc1cc(C2CC2)n(C)n1)c1ccc(-c2ccc3c(cnn3C)c2)s1,0.08568340539932251,0.6575342465753424
rxn:2:148110:159258,CC(NCc1cc2cccc3c2n(c1=O)CCC3)c1ncc(-c2ccc3ncsc3c2)s1,0.08567769452929497,0.5526315789473685
rxn:2:111512:151143,CC(NCc1nc2c(s1)CCCC2(C)C)c1ncc(-c2cnn(C3CCCCO3)c2)s1,0.08567542414511403,0.449438202247191
rxn:2:127747:159258,CC(NCCc1n[nH]c2ccsc12)c1ncc(-c2ccc3ncsc3c2)s1,0.08567402097913954,0.7164179104477612
rxn:2:117642:147854,Cc1nn(C)c2ccc(-c3ccc(C(C)NCc4nc(CN5CCCCC5C)cs4)s3)cc12,0.08567297458648682,0.5975609756097561
rxn:2:136593:148983,CC(NCc1ccc2c(c1)N(C)CCO2)c1ccc(-c2ccc3o[nH]c(=O)c3c2)s1,0.08566607236862182,0.6944444444444444
rxn:2:131733:127220,Cc1ccc(-c2cc(C(C)NCc3nc(=N)[nH][nH]3)cs2)s1,0.08566457600820632,0.7307692307692307
rxn:2:130370:84225,CCc1ccc(-c2ccc(C(C)Nc3cc(=O)c4[nH]nnc4[nH]3)s2)s1,0.08566291093826293,0.5
rxn:2:134313:142664,CSc1cnc(-c2ccc(C(C)NCc3cc4c(s3)CSCC4)s2)cn1,0.08565621651135959,0.6521739130434783
rxn:2:95477:171510,CCc1cc(C)nc(CCNC(CC)c2ccc(-c3ccc4ncsc4c3)s2)n1,0.08565503564374201,0.6666666666666666
rxn:2:70758:169326,CC(NCCc1noc(-c2ccc[nH]2)n1)c1ccc(-c2cc3c(s2)CCCC3)s1,0.08565495343043886,0.5844155844155844
rxn:2:127627:145452,CC(NCCn1cc(-c2ccco2)cn1)c1ccc(-c2ccc3cc[nH]c(=O)c3c2)s1,0.08565305894420992,0.6753246753246753
rxn:2:131011:144913,Cc1cc(C)c2nc(CNC(C)c3ccc(-c4ccc5ncc(=O)n(C)c5c4)s3)[nH]c2n1,0.08564430102705956,0.7066666666666667
rxn:2:108529:170828,CC(Nc1nc2cnncc2[nH]1)c1ccc(-c2ccc3sccc3c2)s1,0.08564410072106582,0.7241379310344828
rxn:2:132220:166631,CSc1ncc(CNC(C)c2ccc(-c3cc(=O)c(C)c[nH]3)s2)cc1C,0.08564259455754207,0.6231884057971014
rxn:2:66560:156548,COc1ccc2c(CNC(C)c3ccc(-c4cccc5nsnc45)s3)c[nH]c2c1,0.08564008104390111,0.6231884057971014
rxn:2:81768:146547,CCc1nc(CNC(C)c2ccc(-c3cnc4c(ccn4C)c3)s2)ccc1OC,0.08563366429559116,0.6527777777777778
rxn:2:96798:158710,CCc1[nH]cnc1CNC(C)c1ccc(-c2ccnc3[nH]cc(C)c23)s1,0.0856313888843243,0.8333333333333334
rxn:2:131010:145452,CC(NCCc1cnn2ccccc12)c1ccc(-c2ccc3cc[nH]c(=O)c3c2)s1,0.08563126722971598,0.7361111111111112
rxn:2:103485:169604,COc1cccc2c(CNC(C)c3ccc(-c4ccc5ncsc5c4)s3)c[nH]c12,0.08563095125658758,0.7205882352941176
rxn:2:138643:82536,CC(CCCc1cccs1)NC1CC(c2nc(-c3cc[nH]c3)c[nH]2)C1,0.08562233924865723,0.4878048780487805
rxn:2:109584:144077,Cc1cc(C)c2c(CCNC(C)c3ccc(-c4ccc5nc(C)nn5c4)s3)c[nH]c2c1,0.08561751150315808,0.7027027027027027
rxn:2:145064:158710,Cc1c[nH]c2nccc(-c3ccc(C(C)Nc4cc(C5CCCC5)nc5cc(C6CC6)nn45)s3)c12,0.08561472892761231,0.72
rxn:2:89205:147854,COc1ccc(C)cc1-n1cc(CNC(C)c2ccc(-c3ccc4c(c3)c(C)nn4C)s2)nn1,0.0856113083222333,0.6944444444444444
rxn:2:92814:145209,CCCOc1nc(NC(C)c2ccc(-c3cc(C)c4c(cnn4C)c3)s2)nc2nc[nH]c12,0.08561082184314728,0.6075949367088608
rxn:2:98456:145452,CCCc1nnc2c(CNC(C)c3ccc(-c4ccc5cc[nH]c(=O)c5c4)s3)cccn12,0.08560250140726566,0.6486486486486487
rxn:2:111971:158710,Cc1c[nH]c2nccc(-c3ccc(C(C)Nc4ccc5[nH]c(C6CCCC6)nc5c4)s3)c12,0.08560089394450188,0.6794871794871795
rxn:2:118133:158710,Cc1c[nH]c2nccc(-c3ccc(C(C)NCc4nn(C)c5c4C4CC4C5)s3)c12,0.08560058988373855,0.631578947368421
rxn:2:117929:156548,COc1cccc2[nH]c(CNC(C)c3ccc(-c4cccc5nsnc45)s3)cc12,0.08559971842272528,0.6956521739130435
rxn:2:91717:159258,CC(Nc1[nH]ncc1N=O)c1ncc(-c2ccc3ncsc3c2)s1,0.08559747288624446,0.5967741935483871
rxn:2:90792:156679,CC(NCc1cc(C2CC2)n(C2CC2)n1)c1ccc(-c2cccc3[nH]ncc23)s1,0.08559174784298601,0.64
rxn:2:122383:158710,Cc1c[nH]c2nccc(-c3ccc(C(C)Nc4cnn5c4C(C)N(C)CC5)s3)c12,0.08558620255568931,0.6
rxn:2:93182:157753,CCc1c[nH]c2ncnc(-c3ccc(C(C)Nc4nn(CCc5ccsc5)cc4C)s3)c12,0.08558190055191517,0.5972222222222222
rxn:2:74931:149983,COc1cnc2[nH]cc(-c3ccc(C(C)NCc4cn(CC(C)C)nn4)s3)c2c1,0.08557311830849483,0.676056338028169
rxn:2:132921:149983,COc1cnc2[nH]cc(-c3ccc(C(C)NCc4cc(C(C)C)sc4OC)s3)c2c1,0.08557057976722718,0.6865671641791045
rxn:2:150258:157753,CCc1c[nH]c2ncnc(-c3ccc(C(C)Nc4nc(=O)c5cc(-c6ccccn6)sc5[nH]4)s3)c12,0.08556865283421107,0.5897435897435898
rxn:2:77387:158710,Cc1c[nH]c2nccc(-c3ccc(C(C)NCCc4ncco4)s3)c12,0.0855674409866333,0.8928571428571429
rxn:2:121147:156548,CC(NCc1cc2c(s1)CCCS2)c1ccc(-c2cccc3nsnc23)s1,0.08556423805378101,0.581081081081081
rxn:2:97011:172035,CC(Nc1nnc(-c2c[nH]nn2)[nH]1)c1csc(-c2ccc3[nH]ccc3c2)c1,0.08556250179255451,0.5970149253731343
rxn:2:83428:112899,O=c1[nH]nc(NC2CCc3c2ccc2c3CCC2)c(=O)[nH]1,0.08556055171149117,0.6875
rxn:2:152306:164117,CC(NCc1cc2cccc3c2n(c1=O)CC3)c1ccc(-c2cc3c(cn2)ncn3C)s1,0.085552042350173,0.5897435897435898
rxn:2:123541:158710,CCc1nnc2sc(CNC(C)c3ccc(-c4ccnc5[nH]cc(C)c45)s3)nn12,0.08554900103601916,0.676056338028169
rxn:2:120516:113963,CC(Nc1c(N=O)c(=O)[nH]c(=O)n1C)c1cc(-c2cc[nH]c2)cs1,0.08554114152987798,0.5689655172413793
rxn:2:70846:145452,CCc1ncc(CCNC(C)c2ccc(-c3ccc4cc[nH]c(=O)c4c3)s2)cn1,0.08554098523896315,0.7058823529411765
rxn:2:117260:145209,Cc1cc(-c2ccc(C(C)NCc3cnccc3C(C)C)s2)cc2cnn(C)c12,0.08553959172347496,0.7142857142857143
rxn:2:94362:145209,Cc1c(CNC(C)c2ccc(-c3cc(C)c4c(cnn4C)c3)s2)nn(C)c1C1CCOCC1,0.08553896889542088,0.6891891891891891
rxn:2:99618:158710,Cc1c[nH]c2nccc(-c3ccc(C(C)NCc4n[nH]c(=O)c5ccccc45)s3)c12,0.0855385144551595,0.6666666666666666
rxn:2:140539:158710,Cc1c[nH]c2nccc(-c3ccc(C(C)NCCc4nccc(-c5cccn5C)n4)s3)c12,0.08553662523627281,0.6376811594202898
rxn:2:90533:170892,COc1cc(C)ccc1-c1cc(CNC(C)c2ccc(-c3cc4sccc4s3)s2)n[nH]1,0.08553308440792945,0.6619718309859155
rxn:2:128636:147854,CCc1cncc(CNC(C)c2ccc(-c3ccc4c(c3)c(C)nn4C)s2)c1,0.0855317200933184,0.8032786885245902
rxn:2:93685:157753,CCc1c[nH]c2ncnc(-c3ccc(C(C)NCc4coc(C(C)CC)n4)s3)c12,0.08553110319992592,0.6818181818181818
rxn:2:137484:158710,Cc1nn(C)c2ccc(CNC(C)c3ccc(-c4ccnc5[nH]cc(C)c45)s3)cc12,0.08552818298339844,0.7014925373134329
rxn:2:116937:158710,Cc1c[nH]c2nccc(-c3ccc(C(C)NCc4cncc(N5CCCC5)c4)s3)c12,0.08552550077438355,0.7611940298507462
rxn:2:102433:150247,CC(NCCc1cc(C2CC2)n(C)n1)c1ccc(-c2ccc3n[nH]c(=O)n3c2)s1,0.08552372661130182,0.6578947368421053
rxn:2:140583:148983,Cc1cc(CNC(C)c2ccc(-c3ccc4o[nH]c(=O)c4c3)s2)ccc1N(C)C,0.08552338748142638,0.696969696969697
rxn:2:95901:151299,Cc1c(-c2ccc(C(C)NCCc3ccc4sccc4c3)s2)ccc2nccn12,0.08552316139484274,0.6029411764705882
rxn:2:163066:169777,COc1ccc(C)cc1Cc1nc(CNC(C)c2ccc(-c3ccc4nc(C)sc4c3)s2)cs1,0.08551081313806422,0.8169014084507042
rxn:2:92536:158710,Cc1c[nH]c2nccc(-c3ccc(C(C)NCc4ccc5nnccc5c4)s3)c12,0.0855099291637026,0.696969696969697
rxn:2:125784:158710,Cc1c[nH]c2nccc(-c3ccc(C(C)NCCn4c(C)nnc4CC4CCCC4)s3)c12,0.08550533652305603,0.6455696202531646
rxn:2:96169:147854,Cc1nn(C)c2ccc(-c3ccc(C(C)NCCc4nn(C)c5ccccc45)s3)cc12,0.08550360125880088,0.71875
rxn:2:81003:147854,Cc1nn(C)c2ccc(-c3ccc(C(C)NCCn4cnnc4C4CC4)s3)cc12,0.08550146735947707,0.6619718309859155
rxn:2:106493:156548,CC(NCc1c[nH]c(C(C)(C)C)n1)c1ccc(-c2cccc3nsnc23)s1,0.08549994892544216,0.696969696969697
rxn:2:99173:145452,Cc1ccc(-c2cn[nH]c2CNC(C)c2ccc(-c3ccc4cc[nH]c(=O)c4c3)s2)o1,0.08549556616813905,0.6486486486486487
rxn:2:104861:159258,CC(NCc1cn[nH]c1CC1CC1)c1ncc(-c2ccc3ncsc3c2)s1,0.08549086694364194,0.6666666666666666
rxn:2:138190:157080,Cc1cn2cc(-c3ccc(C(C)NCc4cc5ccccc5c(C)n4)s3)ccc2n1,0.08548719882965088,0.6268656716417911
rxn:2:99509:158710,Cc1cc(CNC(C)c2ccc(-c3ccnc4[nH]cc(C)c34)s2)nc(C(C)C)n1,0.08548586738520655,0.75
rxn:2:105699:145452,CC(NCc1ccc(SC(C)(C)C)o1)c1ccc(-c2ccc3cc[nH]c(=O)c3c2)s1,0.08548429608345032,0.6774193548387096
rxn:2:153596:157652,Cc1nn(-c2cc(C3CCC3)ccn2)cc1CNC(C)c1ccc(-c2ncnc3ccn(C)c23)s1,0.08548411982400077,0.7974683544303798
rxn:2:107997:156548,CC(NCCc1nc[nH]c1C1CCC1)c1ccc(-c2cccc3nsnc23)s1,0.08548106253147125,0.6338028169014085
rxn:2:117329:148983,CC(NCc1cc(C2CCCC2)on1)c1ccc(-c2ccc3o[nH]c(=O)c3c2)s1,0.08548029537858634,0.7391304347826086
rxn:2:95283:149983,COc1cnc2[nH]cc(-c3ccc(C(C)NCCc4ncn5ccccc45)s3)c2c1,0.08547789851824443,0.6891891891891891
rxn:2:70891:165062,COc1cc(-c2cnn(C(C)NCc3csc4c3CCCN4C)c2)ccc1C(C)=O,0.08546696503957113,0.43023255813953487
rxn:2:127199:170874,Cc1cc(-c2ccc(C(C)NCc3cc(=O)[nH]c(C4CC4)n3)s2)cc2cccnc12,0.08546181122461954,0.7246376811594203
rxn:2:93093:157403,COc1cncnc1-c1ccc(C(C)NCc2cc3c(s2)CCSC3)s1,0.0854565638762254,0.6388888888888888
rxn:2:72820:158710,CCSc1ccc(NC(C)c2ccc(-c3ccnc4[nH]cc(C)c34)s2)cn1,0.08545561190004702,0.6567164179104478
rxn:2:98405:151299,Cc1c[nH]c2nc(CNC(C)c3ccc(-c4ccc5nccn5c4C)s3)ncc12,0.08545396040225851,0.6811594202898551
rxn:2:93880:164117,Cc1cc(CNC(C)c2ccc(-c3cc4c(cn3)ncn4C)s2)nc2ccsc12,0.08545354316974509,0.7619047619047619
rxn:2:111512:142273,CC(NCc1nc2c(s1)CCCC2(C)C)c1ccc(-c2cnc(N(C)C)s2)s1,0.0854524735893522,0.6363636363636364
rxn:2:91720:159258,CC(NCc1[nH]nc2c1CSCC2)c1ncc(-c2ccc3ncsc3c2)s1,0.08545105987124973,0.6857142857142857
rxn:2:81768:149880,CCc1nc(CNC(C)c2ccc(-c3ccc4n[nH]c(=O)n4n3)s2)ccc1OC,0.08545077258142932,0.6
rxn:2:83016:173019,COc1cccc(CCNC(C)c2ccc(-c3cn(C(C)=O)c4ccccc34)s2)c1OC,0.08545005694031715,0.75
rxn:2:85211:158710,Cc1c[nH]c2nccc(-c3ccc(C(C)Nc4cc(C5CCCCCCC5)n[nH]4)s3)c12,0.08544382356828259,0.6764705882352942
rxn:2:69486:164117,CC(NCc1cc2sccc2s1)c1ccc(-c2cc3c(cn2)ncn3C)s1,0.08544202424861767,0.6376811594202898
rxn:2:155631:157753,CCc1c[nH]c2ncnc(-c3ccc(C(C)Nc4nc5sc(C(C)C)cc5c(=O)[nH]4)s3)c12,0.08544188365340233,0.6388888888888888
rxn:2:113245:151299,Cc1c(-c2ccc(C(C)NCCc3nc(Cn4cccc4)no3)s2)ccc2nccn12,0.08544010500754079,0.6533333333333333
rxn:2:135650:157753,CCc1c[nH]c2ncnc(-c3ccc(C(C)NCc4cc5[nH]ncc5s4)s3)c12,0.08543972032410758,0.6764705882352942
rxn:2:133162:158710,Cc1cc2cc(C(C)CNC(C)c3ccc(-c4ccnc5[nH]cc(C)c45)s3)ccc2[nH]1,0.08543725359824396,0.6231884057971014
rxn:2:96098:151299,Cc1c(-c2ccc(C(C)NCc3cccc(N4CCCC4)n3)s2)ccc2nccn12,0.08543288707733154,0.6567164179104478
rxn:2:83084:158710,Cc1c[nH]c2nccc(-c3ccc(C(C)Nc4cc(OC5CCOCC5)[nH]n4)s3)c12,0.08543278376261393,0.6486486486486487
rxn:2:81768:157652,CCc1nc(CNC(C)c2ccc(-c3ncnc4ccn(C)c34)s2)ccc1OC,0.08543233624820051,0.6857142857142857
rxn:2:83514:157753,CCc1c[nH]c2ncnc(-c3ccc(C(C)NCCn4nc(C)c(-c5cccs5)c4C)s3)c12,0.08543151797670306,0.6410256410256411
rxn:2:79242:158710,Cc1c[nH]c2nccc(-c3ccc(C(C)N[C@H]4CC[C@H](Oc5cnccn5)CC4)s3)c12,0.08542694776288924,0.6956521739130435
rxn:2:124240:164912,COc1ccc(OC)c2[nH]c(CNC(c3ccc(-c4cc5c(=O)nc[nH]c5s4)cc3)C(C)C)cc12,0.085418438911438,0.6666666666666666
rxn:2:114599:145209,Cc1cc(-c2ccc(C(C)NCc3nn(CC(C)C)c4c3C3CC3C4)s2)cc2cnn(C)c12,0.08541535247455943,0.6216216216216216
rxn:2:123259:145452,Cc1ccc2c(c1)CC(CNC(C)c1ccc(-c3ccc4cc[nH]c(=O)c4c3)s1)CO2,0.08541087181337419,0.6301369863013698
rxn:2:134580:147854,CCC(C)Oc1ccc(CNC(C)c2ccc(-c3ccc4c(c3)c(C)nn4C)s2)nn1,0.0854092913289224,0.6571428571428571
rxn:2:72956:157753,CCCOc1cc(CNC(C)c2ccc(-c3ncnc4[nH]cc(CC)c34)s2)nn1C,0.08540594577789307,0.6575342465753424
rxn:2:72781:149983,COc1cnc2[nH]cc(-c3ccc(C(C)NCc4cn(C)nc4-c4nccs4)s3)c2c1,0.08540568044108729,0.64
rxn:2:100303:149983,COc1cnc2[nH]cc(-c3ccc(C(C)NCc4ccc(C)c(C)n4)s3)c2c1,0.08539692844663348,0.7692307692307693
rxn:2:78781:158710,Cc1cc(-c2csc(CNC(C)c3ccc(-c4ccnc5[nH]cc(C)c45)s3)n2)n(C)n1,0.08539352109355311,0.6153846153846154
rxn:2:71902:158710,Cc1c[nH]c2nccc(-c3ccc(C(C)NCc4cnn(C5CC5)c4C)s3)c12,0.08539257943630219,0.7
rxn:2:89564:157753,CCc1c[nH]c2ncnc(-c3ccc(C(C)NCC[C@H]4CCc5ccc6c(c54)CCO6)s3)c12,0.08539231979485715,0.5897435897435898
rxn:2:117470:142273,CC(NCCc1ncc2ccccn12)c1ccc(-c2cnc(N(C)C)s2)s1,0.0853906097235503,0.6
rxn:2:127040:149983,COc1cnc2[nH]cc(-c3ccc(C(C)NCc4ccc5cccc(OC)c5n4)s3)c2c1,0.08539039455354214,0.7391304347826086
rxn:2:103729:161792,CCCc1cc(CNC(C)c2ccc(-c3cc4c(=O)nc[nH]c4s3)cn2)n[nH]1,0.08538859869752612,0.7205882352941176
rxn:2:135604:155378,COc1nc(CNC(C)c2ccc(-c3c(C)[nH]c(=O)[nH]c3=O)s2)ccc1C1CC1,0.08538359198076971,0.6266666666666667
rxn:2:122695:145209,Cc1cc(-c2ccc(C(C)NCC(C)c3noc(C4CCCCO4)n3)s2)cc2cnn(C)c12,0.0853738495797822,0.6375
rxn:2:70043:158710,CCc1ccccc1-n1cnc(CNC(C)c2ccc(-c3ccnc4[nH]cc(C)c34)s2)c1,0.08536961302161217,0.676056338028169
rxn:2:126051:158710,COCCn1c(NC(C)c2ccc(-c3ccnc4[nH]cc(C)c34)s2)cc(=O)[nH]c1=O,0.0853675643603007,0.5789473684210527
rxn:2:101348:147854,COc1c(C)ncnc1N1CC2C(CNC(C)c3ccc(-c4ccc5c(c4)c(C)nn5C)s3)C2C1,0.08536086933953421,0.726027397260274
rxn:2:138822:156548,CC(NCCc1occ2ccccc12)c1ccc(-c2cccc3nsnc23)s1,0.08536076971462794,0.6
rxn:2:68916:157652,CC(NCCc1cc2ccccc2[nH]1)c1ccc(-c2ncnc3ccn(C)c23)s1,0.08535921368105658,0.618421052631579
rxn:2:73177:157753,CCc1c[nH]c2ncnc(-c3ccc(C(C)NCCc4cc5ncccc5o4)s3)c12,0.08535574277242025,0.6621621621621622
rxn:2:120602:158710,CCCc1ccnc(-c2nsc(NC(C)c3ccc(-c4ccnc5[nH]cc(C)c45)s3)n2)c1,0.08535478264093399,0.581081081081081
rxn:2:87584:166234,CCc1c(CNC(C)c2cnc(-c3ccc4ncsc4c3)s2)cnc2c1CCC2,0.08535263867213808,0.582089552238806
rxn:2:137624:157804,COc1ccc2ncnc(-c3ccc(C(C)NCCc4cc(C5CCCC5)no4)s3)c2c1,0.08534276485443115,0.6410256410256411
rxn:2:126622:147854,Cc1nn(C)c2ccc(-c3ccc(C(C)NCc4nc(C(C)(C)n5cccc5)no4)s3)cc12,0.08534247224981134,0.6753246753246753
rxn:2:95477:165909,CCc1cc(C)nc(CCNC(C)c2ccc(-c3cnc(SC)n4cnnc34)s2)n1,0.08533976475397746,0.6582278481012658
rxn:2:95971:165909,CSc1ncc(-c2ccc(C(C)NCc3cc4n(n3)CCSC4)s2)c2nncn12,0.0853392296823962,0.684931506849315
rxn:2:134313:157188,COc1c(-c2ccc(C(C)NCc3cc4c(s3)CSCC4)s2)ccnc1C,0.08533897002538045,0.5945945945945946
rxn:2:165936:148983,CC(Nc1nc(=O)c2c3c(sc2[nH]1)CSC3)c1ccc(-c2ccc3o[nH]c(=O)c3c2)s1,0.0853383195015692,0.5625
rxn:2:89733:169604,CC(NCc1ccc2cc[nH]c2c1)c1ccc(-c2ccc3ncsc3c2)s1,0.08533524583887171,0.7678571428571429
rxn:2:118833:150504,CC(NCc1cc2c(s1)CCCC2)n1cc(-c2nc3c(s2)C(=O)CCC3)cn1,0.08533434782709394,0.5058823529411764
rxn:2:150051:149357,COc1ncnc(OC)c1-c1ccc(C(C)NCc2nc(Cc3ccc(C(C)C)cc3)c(C)[nH]2)s1,0.08533216374261039,0.6956521739130435
rxn:2:163853:165909,CCc1nn(-c2cncc(C(C)C)c2)cc1CNC(C)c1ccc(-c2cnc(SC)n3cnnc23)s1,0.08532687856091394,0.6144578313253012
rxn:2:67853:145209,CCC1CCN(c2ccc(CNC(C)c3ccc(-c4cc(C)c5c(cnn5C)c4)s3)nn2)CC1,0.08532335653024561,0.6533333333333333
rxn:2:124471:157652,CC(NCc1cc(C2CCC2)nc(C2CC2)n1)c1ccc(-c2ncnc3ccn(C)c23)s1,0.08532031625509262,0.6052631578947368
rxn:2:140366:149983,COc1cnc2[nH]cc(-c3ccc(C(C)NCCc4[nH]ncc4-c4cc[nH]c4)s3)c2c1,0.08530708282224593,0.6447368421052632
rxn:2:79964:157804,COc1ccc2ncnc(-c3ccc(C(C)NCc4cc5ncccc5s4)s3)c2c1,0.08530484040578207,0.6376811594202898
rxn:2:144227:145452,Cc1ccc(C)c(Cc2[nH]c(CCNC(C)c3ccc(-c4ccc5cc[nH]c(=O)c5c4)s3)nc2C)c1,0.08530150188340081,0.75
rxn:2:125912:147854,Cc1nn(C)c2ccc(-c3ccc(C(C)NCCc4[nH]nc5c4CCSCC5)s3)cc12,0.08530033403827299,0.631578947368421
rxn:2:97900:169604,CC(Nc1n[nH]c2[nH]ncc12)c1ccc(-c2ccc3ncsc3c2)s1,0.08529508829116822,0.6774193548387096
rxn:2:93880:168965,Cc1cc(CNC(C)c2ccc(-c3cccc(-c4cnco4)c3)s2)nc2ccsc12,0.08529175122578939,0.6619718309859155
rxn:2:121431:156548,CC(CNC(C)c1ccc(-c2cccc3nsnc23)s1)c1ncc[nH]1,0.08529078483581543,0.6060606060606061
rxn:2:154959:157753,CCc1c[nH]c2ncnc(-c3ccc(C(C)NCc4cn(-c5cc(C(C)C)ccn5)nc4C)s3)c12,0.0852899330002921,0.6266666666666667
rxn:2:116161:159258,CC(Nc1nc2c([nH]1)CCSC2)c1ncc(-c2ccc3ncsc3c2)s1,0.08528984051484328,0.6176470588235294
rxn:2:77576:156401,CCC(NCc1cc(C2CC2)ccn1)c1ccc(-c2ccc3c(c2)oc(=O)n3C)s1,0.08528889218966167,0.5949367088607594
rxn:2:147650:151299,Cc1c(-c2ccc(C(C)Nc3cc(-c4c[nH]c5ccccc45)n[nH]3)s2)ccc2nccn12,0.08528805524110794,0.5921052631578947
rxn:2:84514:157753,CCc1c[nH]c2ncnc(-c3ccc(C(C)Nc4cc(CC)n(C5CCCSC5)n4)s3)c12,0.08528519049286842,0.6
rxn:2:111568:133432,COc1csc(-c2csc(C(C)Nc3nc(S(C)(=O)=O)n[nH]3)c2)c1,0.08528489371140797,0.6666666666666666
rxn:2:142154:158710,COc1cc(CNC(C)c2ccc(-c3ccnc4[nH]cc(C)c34)s2)nc(OC)c1,0.08527565002441406,0.7101449275362319
rxn:2:127301:146533,CC(C)c1cc(CNC(C)c2ccc(-c3ccc4cnoc4c3)s2)nn1C1CC1,0.08527386394040339,0.6666666666666666
rxn:2:121422:145209,COc1cc(-c2cccs2)ccc1CNC(C)c1ccc(-c2cc(C)c3c(cnn3C)c2)s1,0.08527338866031531,0.7910447761194029
rxn:2:79128:158710,Cc1c[nH]c2nccc(-c3ccc(C(C)NCCc4nc(C5CC(C)C5)cs4)s3)c12,0.0852732539176941,0.6233766233766234
rxn:2:78464:157753,CCc1c[nH]c2ncnc(-c3ccc(C(C)NCc4nc(-c5nccs5)c(C(C)C)s4)s3)c12,0.08526782375393492,0.6527777777777778
rxn:2:144253:157753,CCc1c[nH]c2ncnc(-c3ccc(C(C)Nc4cc5[nH]c(=O)[nH]c5c(C)c4C)s3)c12,0.08526651705465009,0.6666666666666666
rxn:2:121898:157403,COc1cncnc1-c1ccc(C(C)NCCc2n[nH]c3c(C)cccc23)s1,0.0852648743561336,0.5753424657534246
rxn:2:108915:147854,CSc1nc(C)c(CCNC(C)c2ccc(-c3ccc4c(c3)c(C)nn4C)s2)s1,0.08526094823048033,0.6470588235294118
rxn:2:89509:70971,CSc1ncc(C)c(C(C)Nc2cncc(=O)[nH]2)n1,0.08525983910811574,0.6875
rxn:2:67387:164117,Cc1ccc(C)c(Cc2nc(CCNC(C)c3ccc(-c4cc5c(cn4)ncn5C)s3)c[nH]2)c1,0.08525238317601821,0.6410256410256411
rxn:2:70891:157854,CCn1ncc2cc(-c3cnc(C(C)NCc4csc5c4CCCN5C)s3)ccc21,0.0852485736211141,0.6666666666666666
rxn:2:74699:165909,COc1nc(NC(C)c2ccc(-c3cnc(SC)n4cnnc34)s2)ncc1SC,0.08523886368192475,0.5789473684210527
rxn:2:90169:159258,Cc1ccc2nnc(CNC(C)c3ncc(-c4ccc5ncsc5c4)s3)n2c1,0.08523830771446228,0.6
rxn:2:138643:113963,CC(NC1CC(c2nc(-c3cc[nH]c3)c[nH]2)C1)c1cc(-c2cc[nH]c2)cs1,0.08523299075939038,0.5694444444444444
rxn:2:93378:158710,Cc1cc2nn(C(C)CNC(C)c3ccc(-c4ccnc5[nH]cc(C)c45)s3)nc2cc1C,0.08522845059633255,0.6307692307692307
rxn:2:78648:171510,CCC(NCc1nc(C2CCSCC2)no1)c1ccc(-c2ccc3ncsc3c2)s1,0.08522734045982361,0.620253164556962
rxn:2:97860:161792,CCCc1[nH]cnc1CCNC(C)c1ccc(-c2cc3c(=O)nc[nH]c3s2)cn1,0.08522031430540414,0.7301587301587301
rxn:2:124938:145209,Cc1cc(-c2ccc(C(C)NCc3csc(C4(S(C)(=O)=O)CCC4)n3)s2)cc2cnn(C)c12,0.08521818392204517,0.7142857142857143
rxn:2:101442:157753,CCc1c[nH]c2ncnc(-c3ccc(C(C)NCc4cc(C(C)C)no4)s3)c12,0.08521709484713418,0.7391304347826086
rxn:2:72852:156548,CC(NCc1cnc(N(C)C)nc1)c1ccc(-c2cccc3nsnc23)s1,0.0852131203368858,0.7096774193548387
rxn:2:165503:158710,CCCc1cc(NC(C)c2ccc(-c3ccnc4[nH]cc(C)c34)s2)n(-c2cncc(CC)c2)n1,0.08520801277721629,0.5921052631578947
rxn:2:119830:145209,CCc1nc2ccc(CNC(C)c3ccc(-c4cc(C)c5c(cnn5C)c4)s3)cc2s1,0.08520751806997484,0.7741935483870968
rxn:2:84219:148983,COCc1cc(C)[nH]c(=O)c1CNC(C)c1ccc(-c2ccc3o[nH]c(=O)c3c2)s1,0.08520506024360656,0.647887323943662
rxn:2:128678:145452,CC(NCC[C@@]12CCC[C@@H]1C2)c1ccc(-c2ccc3cc[nH]c(=O)c3c2)s1,0.08520500306729917,0.684931506849315
rxn:2:122648:156548,CCC1(CNC(C)c2ccc(-c3cccc4nsnc34)s2)N=N1,0.08520267839017122,0.6271186440677966
rxn:2:79714:145452,CC(NCc1noc(C(C)n2cccc2)n1)c1ccc(-c2ccc3cc[nH]c(=O)c3c2)s1,0.08520223572850227,0.6666666666666666
rxn:2:83684:157753,CCc1c[nH]c2ncnc(-c3ccc(C(C)Nc4cn5c(n4)CCC(C)C5)s3)c12,0.08520056050399254,0.5822784810126582
rxn:2:134313:150647,CC(NCc1cc2c(s1)CSCC2)c1ccc(-c2ccc3ocnc3c2)s1,0.08519855914292512,0.6666666666666666
rxn:2:77548:170874,Cc1cc(-c2ccc(C(C)NCc3cccc(C4CC4)n3)s2)cc2cccnc12,0.08519836746413133,0.796875
rxn:2:106493:142273,CC(NCc1c[nH]c(C(C)(C)C)n1)c1ccc(-c2cnc(N(C)C)s2)s1,0.08519500035506028,0.6290322580645161
rxn:2:165873:156548,CC(Nc1nc2[nH]c3c(c2c(=O)[nH]1)CCCC3)c1ccc(-c2cccc3nsnc23)s1,0.0851910210424854,0.5694444444444444
rxn:2:93093:144913,CC(NCc1cc2c(s1)CCSC2)c1ccc(-c2ccc3ncc(=O)n(C)c3c2)s1,0.0851852814356486,0.631578947368421
rxn:2:109861:158710,Cc1c[nH]c2nccc(-c3ccc(C(C)NCC[C@H]4CCOC4)s3)c12,0.08518226146697998,0.6911764705882353
rxn:2:98456:145209,CCCc1nnc2c(CNC(C)c3ccc(-c4cc(C)c5c(cnn5C)c4)s3)cccn12,0.08518136292695999,0.6621621621621622
rxn:2:120857:173019,CC(=O)n1cc(-c2ccc(C(C)NCC(F)(F)c3c[nH]c4ccccc34)s2)c2ccccc21,0.08518117846864642,0.618421052631579
rxn:2:72892:142264,CCCc1cc(CNC(CC)c2ccc(-c3ccc4c(cnn4C)c3)s2)nc(C2CC2)n1,0.08517391420900822,0.684931506849315
rxn:2:76912:145452,CC(NCCc1cc(-c2ccncc2)[nH]n1)c1ccc(-c2ccc3cc[nH]c(=O)c3c2)s1,0.08516575954854488,0.6956521739130435
rxn:2:102856:158710,COc1cc(CNC(C)c2ccc(-c3ccnc4[nH]cc(C)c34)s2)ccc1C(C)C,0.08516397476196289,0.696969696969697
rxn:2:141710:163711,CC(NCc1nc2c(s1)CCCC2)c1ccc(-c2cnn(C3CCOC3)c2)s1,0.08515987225941249,0.6153846153846154
rxn:2:87222:156548,CC(C)c1cc(CCNC(C)c2ccc(-c3cccc4nsnc34)s2)no1,0.08515664824733028,0.6268656716417911
rxn:2:168236:157753,CCCc1cc(=O)n2nc(NC(C)c3ccc(-c4ncnc5[nH]cc(CC)c45)s3)nc2[nH]1,0.08515180088579655,0.631578947368421
rxn:2:83428:135854,Cc1csc2sc(C(C)Nc3n[nH]c(=O)[nH]c3=O)c(C)c12,0.08514732832000368,0.6862745098039216
rxn:2:88800:169777,Cc1nc2ccc(-c3ccc(C(C)NCCc4n[nH]c5cccc(C)c45)s3)cc2s1,0.08514549732208251,0.6712328767123288
rxn:2:128960:145452,Cc1cnc(OC(C)CNC(C)c2ccc(-c3ccc4cc[nH]c(=O)c4c3)s2)nc1,0.08514471054077148,0.6571428571428571
rxn:2:67147:157753,CCc1c[nH]c2ncnc(-c3ccc(C(C)NCCc4n[nH]c(-c5cccnc5)c4C)s3)c12,0.08513930169018832,0.6455696202531646
rxn:2:117287:122855,CSc1noc(NC(C)c2ccc(-c3cccs3)s2)n1,0.08513453006744384,0.4918032786885246
rxn:2:105391:158710,Cc1nc(-c2nonc2NC(C)c2ccc(-c3ccnc4[nH]cc(C)c34)s2)no1,0.08513408693773993,0.6323529411764706
rxn:2:76722:155002,CCCc1cc(CNC(C)c2ccc(-c3ccc(C)c4[nH]ncc34)s2)on1,0.08513404704906323,0.6417910447761194
rxn:2:124097:169604,CC(NCc1cc(C2CC2)cc(C(C)(F)F)c1)c1ccc(-c2ccc3ncsc3c2)s1,0.08513196053043488,0.6612903225806451
rxn:2:70040:157188,COc1c(-c2ccc(C(C)Nc3nn(C)c4nc(C5CC5)ccc34)s2)ccnc1C,0.08513018488883972,0.6716417910447762
rxn:2:138822:142273,CC(NCCc1occ2ccccc12)c1ccc(-c2cnc(N(C)C)s2)s1,0.08512733379999797,0.5857142857142857
rxn:2:103065:145209,CCCc1c(CNC(C)c2ccc(-c3cc(C)c4c(cnn4C)c3)s2)ncn1C,0.08512626228661373,0.7424242424242424
rxn:2:129133:145209,Cc1nsnc1CNC(C)c1ccc(-c2cc(C)c3c(cnn3C)c2)s1,0.0851262486897982,0.7931034482758621
rxn:2:119271:158710,Cc1c[nH]c2nccc(-c3ccc(C(C)NCCc4cnc(CN5CCC(C)CC5)[nH]4)s3)c12,0.0851221192966808,0.6301369863013698
rxn:2:116161:142264,CCC(Nc1nc2c([nH]1)CCSC2)c1ccc(-c2ccc3c(cnn3C)c2)s1,0.0851214634520667,0.6301369863013698
rxn:2:100817:164117,CC(NCc1cc2ccncc2[nH]1)c1ccc(-c2cc3c(cn2)ncn3C)s1,0.08511244612080711,0.6164383561643836
rxn:2:127741:157753,CCCc1cc(CNC(C)c2ccc(-c3ncnc4[nH]cc(CC)c34)s2)nn1CC,0.08510934909184774,0.7
rxn:2:119413:147854,Cc1nn(C)c2ccc(-c3ccc(C(C)NCc4cc(CC(C)C)n(C5CCOC5)n4)s3)cc12,0.08510407279519473,0.6933333333333334
rxn:2:84783:167920,Cc1[nH]nc2ccc(-c3ccc(C(C)NCCc4nc(-c5ccsc5)no4)s3)cc12,0.08510332504908244,0.631578947368421
rxn:2:101857:157753,CCc1c[nH]c2ncnc(-c3ccc(C(C)NC(C)CSc4ncccn4)s3)c12,0.08510071655799603,0.6164383561643836
rxn:2:111512:157804,COc1ccc2ncnc(-c3ccc(C(C)NCc4nc5c(s4)CCCC5(C)C)s3)c2c1,0.08509708195924759,0.6172839506172839
rxn:2:100752:157804,COc1ccc2ncnc(-c3ccc(C(C)NCc4nc(C(C)(C)C)c[nH]4)s3)c2c1,0.08509427706400553,0.6857142857142857
rxn:2:66976:156913,Cc1cc(-c2cc(C(C)Nc3ncon3)cs2)cc(C)n1,0.0850911367507208,0.5178571428571429
rxn:2:79375:158710,Cc1c[nH]c2nccc(-c3ccc(C(C)Nc4ccc(N5CCC(F)C5)nc4)s3)c12,0.0850878914197286,0.6025641025641025
rxn:2:110360:133406,CSc1ccc2c(c1)CCCC2Nn1c(=O)[nH][nH]c1=O,0.08508554995059966,0.5818181818181818
rxn:2:140044:145209,Cc1cc(-c2ccc(C(C)NCc3cnn(C4CCSCC4)c3)s2)cc2cnn(C)c12,0.08508499976127379,0.7428571428571429
rxn:2:114478:158710,Cc1c[nH]c2nccc(-c3ccc(C(C)NCc4cc(-c5cccs5)nn4C)s3)c12,0.08508270184199015,0.6901408450704225
rxn:2:88737:145209,Cc1cc(-c2ccc(C(C)Nc3ncn(C4CC5CCC4C5)n3)s2)cc2cnn(C)c12,0.08508148885542346,0.6103896103896104
rxn:2:109218:68868,Cc1cc(C)c2nc(CNC(C)c3ccc(S(C)(=O)=O)s3)[nH]c2c1,0.08508142828941345,0.6190476190476191
rxn:2:82272:145452,CC(NCc1cc2ccoc2cn1)c1ccc(-c2ccc3cc[nH]c(=O)c3c2)s1,0.08507905335261903,0.6901408450704225
rxn:2:109614:150329,Cc1c[nH]c2nccc(-c3ccc(C(C)NCc4c[nH]nc4CC(C)C)nc3)c12,0.08507689936407681,0.6417910447761194
rxn:2:98002:149983,COc1cnc2[nH]cc(-c3ccc(C(C)NCCc4cnc(Cc5ccccn5)nc4)s3)c2c1,0.08507477535920985,0.6578947368421053
rxn:2:113180:147854,CCn1ccc(CNC(C)c2ccc(-c3ccc4c(c3)c(C)nn4C)s2)c1,0.08507070276472303,0.671875
rxn:2:73759:157753,CCc1c[nH]c2ncnc(-c3ccc(C(C)NCC4(n5cncn5)CCS(=O)(=O)CC4)s3)c12,0.0850576993190881,0.620253164556962
rxn:2:76367:151299,Cc1c(-c2ccc(C(C)NCCc3cn4ncsc4n3)s2)ccc2nccn12,0.08504324299948555,0.6527777777777778
rxn:2:102433:168965,CC(NCCc1cc(C2CC2)n(C)n1)c1ccc(-c2cccc(-c3cnco3)c2)s1,0.08504008849461873,0.6986301369863014
rxn:2:134159:149983,COc1cnc2[nH]cc(-c3ccc(C(C)NCc4nc(-c5ccc(C)o5)oc4C)s3)c2c1,0.08502777107059956,0.6282051282051282
rxn:2:86887:173019,CC(=O)n1cc(-c2ccc(C(C)NCc3csc4c3CCSC4)s2)c2ccccc21,0.08502751588821411,0.6666666666666666
rxn:2:128006:157753,CCc1c[nH]c2ncnc(-c3ccc(C(C)Nc4c5c(nn4C4CCSC4)CC4CC54)s3)c12,0.08502086906722098,0.5287356321839081
rxn:2:100972:165126,Cc1cccc2c(CCNC(C)c3ccc(-c4ccnc5[nH]ncc45)s3)c[nH]c12,0.08501785788042791,0.7575757575757576
rxn:2:127937:159600,CC(NCc1cc2c(s1)CSC2)c1cnc(-c2ccc(C3CC3)nc2)s1,0.08501685582674466,0.4794520547945205
rxn:2:109583:158710,Cc1c[nH]c2nccc(-c3ccc(C(C)Nc4cc(=O)[nH]n4C4CCCSC4)s3)c12,0.08501518368721009,0.6753246753246753
rxn:2:85085:164747,Cc1nc(CNC(C)c2ccc(-c3ccc4n[nH]c(=O)n4n3)cn2)sc1C(C)F,0.0850120001825793,0.5844155844155844
rxn:2:103485:157652,COc1cccc2c(CNC(C)c3ccc(-c4ncnc5ccn(C)c45)s3)c[nH]c12,0.08500969807306925,0.684931506849315
rxn:2:81614:145452,Cc1nn(C)c(C)c1-c1noc(CNC(C)c2ccc(-c3ccc4cc[nH]c(=O)c4c3)s2)n1,0.08500628218506322,0.6883116883116883
rxn:2:114361:157753,CCc1c[nH]c2ncnc(-c3ccc(C(C)Nc4cc(C)n(CC5CCC5C)n4)s3)c12,0.08500384707604686,0.6883116883116883
rxn:2:148561:124930,CC(Nc1c(N=O)c(=O)nc2sccn12)c1ccc2c(c1)C(F)(F)CC2,0.08499954984738277,0.5
rxn:2:68300:173019,CC(=O)n1cc(-c2ccc(C(C)NCc3nnn(C4CCCC4)n3)s2)c2ccccc21,0.08499532745730493,0.6282051282051282
rxn:2:94355:173019,CC(=O)n1cc(-c2ccc(C(C)NCCC3CC4CCCC43)s2)c2ccccc21,0.08498932986423888,0.6103896103896104
rxn:2:85127:158710,Cc1c[nH]c2nccc(-c3ccc(C(C)Nc4cc(=O)[nH]n4C(C)C4CCSCC4)s3)c12,0.0849866271018982,0.5974025974025974
rxn:2:124963:158710,Cc1c[nH]c2nccc(-c3ccc(C(C)NCc4ccn(CC5CCC5)n4)s3)c12,0.08498520686708648,0.6857142857142857
rxn:2:107653:145452,COc1cncc(CNC(C)c2ccc(-c3ccc4cc[nH]c(=O)c4c3)s2)n1,0.08498246116297585,0.6956521739130435
rxn:2:123794:151299,Cc1c(-c2ccc(C(C)NCc3cn(Cc4noc(C5CC5)n4)nn3)s2)ccc2nccn12,0.08498086893197263,0.6493506493506493
rxn:2:92309:158710,CCc1ccc2nc(CNC(C)c3ccc(-c4ccnc5[nH]cc(C)c45)s3)ncc2c1,0.08497809979223436,0.6376811594202898
rxn:2:164862:164117,CC(NCc1nc(-c2csc3ccccc23)c[nH]1)c1ccc(-c2cc3c(cn2)ncn3C)s1,0.08497376333583485,0.6621621621621622
rxn:2:73858:149983,COc1cnc2[nH]cc(-c3ccc(C(C)NCc4cc(C(C)C)n(C(C)(C)C)n4)s3)c2c1,0.08497160114347935,0.6621621621621622
rxn:2:154694:163564,COc1ncc(-c2ccc(C(C)NCc3c[nH]c(Cc4ccc(C(C)(C)C)cc4)n3)s2)nc1OC,0.08497133084705898,0.6944444444444444
rxn:2:128543:170892,CCn1nc(CNC(C)c2ccc(-c3cc4sccc4s3)s2)cc1CC(C)C,0.08496941838945661,0.5857142857142857
rxn:2:68666:165909,CSc1ncc(-c2ccc(C(C)NCCc3csc4c3CCCC4)s2)c2nncn12,0.08496808211008708,0.6623376623376623
rxn:2:148985:171510,CCc1nn(-c2cc(C)c(C)cn2)cc1CNC(CC)c1ccc(-c2ccc3ncsc3c2)s1,0.08496224178987391,0.5822784810126582
rxn:2:102587:158710,CSc1cc(CNC(C)c2ccc(-c3ccnc4[nH]cc(C)c34)s2)ccn1,0.08495989110734728,0.7258064516129032
rxn:2:117641:145452,CCCn1nc(CNC(C)c2ccc(-c3ccc4cc[nH]c(=O)c4c3)s2)cc1C(C)C,0.08495890132842525,0.7391304347826086
rxn:2:122648:127220,CCC1(CNC(C)c2csc(-c3ccc(C)s3)c2)N=N1,0.08495856523513794,0.7083333333333334
rxn:2:110831:158710,Cc1noc(-c2cccc(CNC(C)c3ccc(-c4ccnc5[nH]cc(C)c45)s3)c2)n1,0.08495761886719734,0.64
rxn:2:96169:173019,CC(=O)n1cc(-c2ccc(C(C)NCCc3nn(C)c4ccccc34)s2)c2ccccc21,0.08495308086276054,0.6666666666666666
rxn:2:124995:73672,CCSCC(Nc1cc(-c2cccs2)n[nH]c1=O)c1cccs1,0.08495065958603569,0.631578947368421
rxn:2:74241:156548,CCc1cc(CNC(C)c2ccc(-c3cccc4nsnc34)s2)nn1-c1ccc(OC)cc1,0.08494547099778146,0.6527777777777778
rxn:2:86931:157753,CCc1c[nH]c2ncnc(-c3ccc(C(C)Nc4cc([C@@H]5C[C@@H]6C[C@@H]6C5)[nH]n4)s3)c12,0.08494408925374348,0.6575342465753424
rxn:2:100570:169604,CC(NCc1nnc(CC2CCCC2)o1)c1ccc(-c2ccc3ncsc3c2)s1,0.08494192567364924,0.6911764705882353
rxn:2:78050:148983,CC(C)c1nc(CCNC(C)c2ccc(-c3ccc4o[nH]c(=O)c4c3)s2)n[nH]1,0.08493496690477643,0.6617647058823529
rxn:2:120962:158710,Cc1cc(NC(C)c2ccc(-c3ccnc4[nH]cc(C)c34)s2)ncc1C(F)(F)c1nnn[nH]1,0.0849326541929534,0.6933333333333334
rxn:2:136432:147854,Cc1nn(C)c2ccc(-c3ccc(C(C)NCc4cnn(C(C)C5CCC5)c4)s3)cc12,0.08492529776788527,0.6233766233766234
rxn:2:120016:149983,COc1cnc2[nH]cc(-c3ccc(C(C)NCc4ccnc(N(C)C5CCCCC5)n4)s3)c2c1,0.08492359168389264,0.6891891891891891
rxn:2:83890:169604,CC(NCc1csc(-c2ccncc2)n1)c1ccc(-c2ccc3ncsc3c2)s1,0.08491551053935084,0.7424242424242424
rxn:2:109584:85400,Cc1cc(C)c2c(CCNC(C)c3ccc(-c4cccnc4)s3)c[nH]c2c1,0.08490718294073034,0.696969696969697
rxn:2:136688:158710,Cc1c[nH]c2nccc(-c3ccc(C(C)NCc4cc(-c5ccncc5)ncn4)s3)c12,0.08490503987958355,0.6323529411764706
rxn:2:125916:157753,CCc1c[nH]c2ncnc(-c3ccc(C(C)NCC4CC(S(C)(=N)=O)C4)s3)c12,0.08490381709166936,0.6764705882352942
rxn:2:82592:161792,Cc1cc(CNC(C)c2ccc(-c3cc4c(=O)nc[nH]c4s3)cn2)cnc1N1CCCC1,0.08490186184644699,0.6438356164383562
rxn:2:123961:149750,Cc1cccc2[nH]cc(CCNC(C)c3ccc(-c4ccc5c(c4)ncn5C)c4c3OCO4)c12,0.08489672050756567,0.5421686746987951
rxn:2:162348:158710,Cc1c[nH]c2nccc(-c3ccc(C(C)NCc4ccc(-c5c[nH]c(=O)[nH]c5=O)cc4)s3)c12,0.08489597746820161,0.6617647058823529
rxn:2:121147:158710,Cc1c[nH]c2nccc(-c3ccc(C(C)NCc4cc5c(s4)CCCS5)s3)c12,0.08489286260945457,0.7142857142857143
rxn:2:106574:157804,COc1ccc2ncnc(-c3ccc(C(C)NCCc4ccc(C)cc4OC)s3)c2c1,0.0848920306851787,0.7313432835820896
rxn:2:147616:145452,CC(NCCn1cnc2ncccc2c1=O)c1ccc(-c2ccc3cc[nH]c(=O)c3c2)s1,0.08488669991493225,0.6575342465753424
rxn:2:74975:145452,CC(C)Cc1nc(CCNC(C)c2ccc(-c3ccc4cc[nH]c(=O)c4c3)s2)co1,0.08488667805989583,0.6857142857142857
rxn:2:78459:158710,Cc1c[nH]c2nccc(-c3ccc(C(C)NCc4ccc(N(C)C5CCCCC5)nc4)s3)c12,0.08488476998878247,0.6712328767123288
rxn:2:134313:149743,CC(NCc1cc2c(s1)CSCC2)c1ccc(-c2ccc3c(c2)oc(=O)n3C)s1,0.08488211960628114,0.6714285714285714
rxn:2:74912:156548,CCc1nn(-c2ccc(C(C)C)nc2)cc1CNC(C)c1ccc(-c2cccc3nsnc23)s1,0.08487858316477608,0.7307692307692307
rxn:2:129331:151299,Cc1nc(CCNC(C)c2ccc(-c3ccc4nccn4c3C)s2)cs1,0.08487407060769889,0.7538461538461538
rxn:2:94432:145452,COc1nc(C)ccc1-n1cc(CNC(C)c2ccc(-c3ccc4cc[nH]c(=O)c4c3)s2)cn1,0.08487316440133487,0.6538461538461539
rxn:2:101024:145209,Cc1cc(-c2ccc(C(C)NCc3ccnc(N4CCCCC4C)n3)s2)cc2cnn(C)c12,0.08486413955688477,0.726027397260274
rxn:2:154694:158710,Cc1c[nH]c2nccc(-c3ccc(C(C)NCc4c[nH]c(Cc5ccc(C(C)(C)C)cc5)n4)s3)c12,0.08486096688679286,0.75
rxn:2:108728:101558,CSCCC(NC(c1nnn[nH]1)C1CC1)c1ccc2c(c1)CCCS2,0.08485955715179444,0.746031746031746
rxn:2:135113:164117,CC(Nc1cc(=O)[nH]c(SCc2cscn2)n1)c1ccc(-c2cc3c(cn2)ncn3C)s1,0.08485515043139458,0.4880952380952381
rxn:2:110892:164117,Cc1cc(CNC(C)c2ccc(-c3cc4c(cn3)ncn4C)s2)nc(C)n1,0.08485323852962917,0.7777777777777778
rxn:2:86444:157753,CCc1c[nH]c2ncnc(-c3ccc(C(C)NCc4c[nH]c(C5CCCC5)n4)s3)c12,0.0848481833934784,0.7230769230769231
rxn:2:107637:168163,Cc1cncnc1-c1ccc(C(C)Nc2ccn(-c3ccn(C)n3)n2)s1,0.08484659286645743,0.6363636363636364
rxn:2:83428:172035,CC(Nc1n[nH]c(=O)[nH]c1=O)c1csc(-c2ccc3[nH]ccc3c2)c1,0.08484556198120118,0.7288135593220338
rxn:2:106615:157753,CCc1c[nH]c2ncnc(-c3ccc(C(C)Nc4nccc(C)n4)s3)c12,0.0848425580905034,0.7540983606557377
rxn:2:91720:142264,CCC(NCc1[nH]nc2c1CSCC2)c1ccc(-c2ccc3c(cnn3C)c2)s1,0.08483430434917581,0.6933333333333334
rxn:2:88112:158710,Cc1c[nH]c2nccc(-c3ccc(C(C)NCc4c[nH]nc4-c4ccco4)s3)c12,0.08483310403495,0.6712328767123288
rxn:2:133128:145209,Cc1ccc(=O)n(CCNC(C)c2ccc(-c3cc(C)c4c(cnn4C)c3)s2)n1,0.08481944429463353,0.696969696969697
rxn:2:114845:145452,CCc1nnsc1CNC(C)c1ccc(-c2ccc3cc[nH]c(=O)c3c2)s1,0.084818199828819,0.6865671641791045
rxn:2:164524:148983,CCc1nn(-c2ccnc(C3CC3)c2)cc1CNC(C)c1ccc(-c2ccc3o[nH]c(=O)c3c2)s1,0.08481567587171282,0.6590909090909091
rxn:2:126116:158710,Cc1c[nH]c2nccc(-c3ccc(C(C)Nc4cc(CC5CCC5)n[nH]4)s3)c12,0.0848148592880794,0.6714285714285714
rxn:2:120150:157515,CCn1ncc2cc(-c3ncc(C(C)NCc4cc(OC)nc(N(C)C)c4)s3)ccc21,0.08481484459292504,0.6388888888888888
rxn:2:79461:145209,Cc1cc(-c2ccc(C(C)NCc3c[nH][nH]c3=O)s2)cc2cnn(C)c12,0.08481302628150353,0.7538461538461538
rxn:2:125959:161792,Cc1cnc(CCNC(C)c2ccc(-c3cc4c(=O)nc[nH]c4s3)cn2)cc1C1CC1,0.08481264691199025,0.6447368421052632
rxn:2:117206:145452,Cc1c(CNC(C)c2ccc(-c3ccc4cc[nH]c(=O)c4c3)s2)ccc2nccn12,0.084812593460083,0.6533333333333333
rxn:2:119067:169604,Cc1cc(-n2ccnc2CCNC(C)c2ccc(-c3ccc4ncsc4c3)s2)ncn1,0.08481191435167866,0.6805555555555556
rxn:2:113726:156548,CC(NCc1cc(CC(C)(C)C)on1)c1ccc(-c2cccc3nsnc23)s1,0.08481032507760185,0.6119402985074627
rxn:2:123429:156548,Cc1cc2c(C)c[nH]c2cc1CNC(C)c1ccc(-c2cccc3nsnc23)s1,0.08480982944883149,0.6268656716417911
rxn:2:118687:145209,Cc1cc(=O)n2nc(CNC(C)c3ccc(-c4cc(C)c5c(cnn5C)c4)s3)nc2[nH]1,0.08480918599713233,0.6901408450704225
rxn:2:95971:155002,Cc1ccc(-c2ccc(C(C)NCc3cc4n(n3)CCSC4)s2)c2cn[nH]c12,0.0848056652716228,0.6351351351351351
rxn:2:84792:171510,CCC(NCc1ccc2nc(C)cn2n1)c1ccc(-c2ccc3ncsc3c2)s1,0.08479911088943481,0.6984126984126984
rxn:2:127937:166234,CC(NCc1cc2c(s1)CSC2)c1cnc(-c2ccc3ncsc3c2)s1,0.08479464054107666,0.65625
rxn:2:117536:161792,CCc1cccc(Cn2cc(CNC(C)c3ccc(-c4cc5c(=O)nc[nH]c5s4)cn3)cn2)c1,0.08479367284213796,0.6103896103896104
rxn:2:118833:150247,CC(NCc1cc2c(s1)CCCC2)c1ccc(-c2ccc3n[nH]c(=O)n3c2)s1,0.08479347825050354,0.6575342465753424
rxn:2:87044:158710,Cc1c[nH]c2nccc(-c3ccc(C(C)NCc4nc(C5CC5)oc4C4CC4)s3)c12,0.08479053179423014,0.746268656716418
rxn:2:130649:158710,Cc1c[nH]c2nccc(-c3ccc(C(C)NCC4CC(C5CC5)CO4)s3)c12,0.08478984567854139,0.6567164179104478
rxn:2:83604:124273,CC(NCC1N=N1)c1ccc(-c2cnsc2)s1,0.08478412908666275,0.5344827586206896
rxn:2:78782:157753,CCc1c[nH]c2ncnc(-c3ccc(C(C)Nc4nccc(-c5cnccn5)n4)s3)c12,0.08477615925573534,0.6666666666666666
rxn:2:142801:169604,CC(NCCc1nc2c[nH]c3ccccc3c-2n1)c1ccc(-c2ccc3ncsc3c2)s1,0.08476894535124302,0.6266666666666667
rxn:2:144949:144913,CC(Nc1nc(=O)c2c3c(sc2[nH]1)CCC3)c1ccc(-c2ccc3ncc(=O)n(C)c3c2)s1,0.08476886243531198,0.5476190476190477
rxn:2:91918:157753,CCc1c[nH]c2ncnc(-c3ccc(C(C)NCc4ccc(-c5cnccn5)cc4)s3)c12,0.08476772718131542,0.6571428571428571
rxn:2:84315:144913,COc1sc2c(c1CNC(C)c1ccc(-c3ccc4ncc(=O)n(C)c4c3)s1)CCSC2,0.08476554229855537,0.5783132530120482
rxn:2:141893:158710,Cc1c[nH]c2nccc(-c3ccc(C(C)NCc4ccc(N5CCC(C(C)(C)C)CC5)nn4)s3)c12,0.08474794966833932,0.6133333333333333
rxn:2:130370:74375,CC(Nc1cc(=O)c2[nH]nnc2[nH]1)c1ccnc2ccsc12,0.08474387363954024,0.559322033898305
rxn:2:140366:171679,CCCC(NCCc1[nH]ncc1-c1cc[nH]c1)c1ccc(-c2cc(C)c3c(cnn3C)c2)cc1,0.08473432765287511,0.6363636363636364
rxn:2:101213:149983,COc1cnc2[nH]cc(-c3ccc(C(C)NCCc4ncc5cccn5n4)s3)c2c1,0.0847243587176005,0.6623376623376623
rxn:2:118833:157854,CCn1ncc2cc(-c3cnc(C(C)NCc4cc5c(s4)CCCC5)s3)ccc21,0.08471891386755581,0.6617647058823529
rxn:2:109584:152429,Cc1cc(C)c2c(CCNC(C)c3ccc(-c4ccc5nncn5c4)s3)c[nH]c2c1,0.08471627831459046,0.7027027027027027
rxn:2:123961:124273,Cc1cccc2[nH]cc(CCNC(C)c3ccc(-c4cnsc4)s3)c12,0.08470624923706055,0.676923076923077
rxn:2:134360:145452,Cc1cscc1CCNC(C)c1ccc(-c2ccc3cc[nH]c(=O)c3c2)s1,0.08470592675385652,0.8983050847457628
rxn:2:69041:147854,CCc1n[nH]cc1CC(C)NC(C)c1ccc(-c2ccc3c(c2)c(C)nn3C)s1,0.08470590772299931,0.6301369863013698
rxn:2:83907:149983,COc1cnc2[nH]cc(-c3ccc(C(C)NCc4ccc(-c5ccsc5)nc4)s3)c2c1,0.08470457215462962,0.6533333333333333
rxn:2:89969:158710,Cc1c[nH]c2nccc(-c3ccc(C(C)NCCC4CCN(c5ccncn5)CC4)s3)c12,0.08470112085342407,0.620253164556962
rxn:2:120150:149743,COc1cc(CNC(C)c2ccc(-c3ccc4c(c3)oc(=O)n4C)s2)cc(N(C)C)n1,0.08469671587790212,0.6153846153846154
rxn:2:106480:155502,Cc1cc(-c2ccc3c(c2)C(NCc2nc4c(o2)CCSC4)CC3)cc2cnn(C)c12,0.0846887134736584,0.575
rxn:2:98405:173019,CC(=O)n1cc(-c2ccc(C(C)NCc3ncc4c(C)c[nH]c4n3)s2)c2ccccc21,0.08468826355472688,0.6933333333333334
rxn:2:74698:155378,Cc1[nH]c(=O)[nH]c(=O)c1-c1ccc(C(C)NCc2cc(C(C)C)nc(C3CC3)n2)s1,0.08467758893966675,0.6301369863013698
rxn:2:138643:154742,Cc1cc(-c2ccc(C(C)NC3CC(c4nc(-c5cc[nH]c5)c[nH]4)C3)s2)n(C)n1,0.08467683093301182,0.64
rxn:2:75269:158710,CCc1cn(CCNC(C)c2ccc(-c3ccnc4[nH]cc(C)c34)s2)c(=O)s1,0.08466819354466029,0.6388888888888888
rxn:2:136694:158710,CCCC(CNC(C)c1ccc(-c2ccnc3[nH]cc(C)c23)s1)c1ccc(C)nn1,0.08466798265775045,0.7692307692307693
rxn:2:124807:167920,Cc1ccc2nc(CNC(C)c3ccc(-c4ccc5n[nH]c(C)c5c4)s3)cn2c1,0.08466480929276039,0.7846153846153846
rxn:2:116743:158710,Cc1nc2cc(OC(C)CNC(C)c3ccc(-c4ccnc5[nH]cc(C)c45)s3)ccc2[nH]1,0.08466068282723427,0.647887323943662
rxn:2:135614:157753,CCc1c[nH]c2ncnc(-c3ccc(C(C)NCC4(c5cccnn5)CC4)s3)c12,0.08466003064451547,0.6266666666666667
rxn:2:94481:157804,COc1ccc2ncnc(-c3ccc(C(C)NCc4ccc(C5CCC5)s4)s3)c2c1,0.08465744058291118,0.6266666666666667
rxn:2:99761:157753,CCc1c[nH]c2ncnc(-c3ccc(C(C)NCc4cnc(OC)s4)s3)c12,0.08465436652854637,0.7384615384615385
rxn:2:110478:172035,CC(NC(C)c1nnn[nH]1)c1csc(-c2ccc3[nH]ccc3c2)c1,0.08465259025494258,0.5714285714285714
rxn:2:129331:173019,CC(=O)n1cc(-c2ccc(C(C)NCCc3csc(C)n3)s2)c2ccccc21,0.08465070171015603,0.6756756756756757
rxn:2:72179:156548,CCOc1cncc(CNC(C)c2ccc(-c3cccc4nsnc34)s2)n1,0.08464993812419751,0.6470588235294118
rxn:2:118022:169604,CC(NCc1cn2cccc2cn1)c1ccc(-c2ccc3ncsc3c2)s1,0.08464785637678923,0.6615384615384615
rxn:2:99488:170874,Cc1cc(-c2ccc(C(C)NCc3n[nH]c(C(C)(C)C)n3)s2)cc2cccnc12,0.08463876206299355,0.6764705882352942
rxn:2:113466:157753,CCc1c[nH]c2ncnc(-c3ccc(C(C)NC4CCCc5[nH]c(=O)ccc54)s3)c12,0.08463875651359558,0.8
rxn:2:131227:157652,CC(NCc1cnn(-c2cc(C3CC3)ccn2)c1)c1ccc(-c2ncnc3ccn(C)c23)s1,0.08463497956593831,0.7468354430379747
rxn:2:122833:145209,Cc1cc(-c2ccc(C(C)NCCn3c(C)nc4cccnc43)s2)cc2cnn(C)c12,0.0846340117915984,0.7058823529411765
rxn:2:107070:171510,CCC(NCc1nccc(N2CCC2)n1)c1ccc(-c2ccc3ncsc3c2)s1,0.08463273377254091,0.6428571428571429
rxn:2:168313:158710,COc1ccc2c(c1)nc1[nH]c(CNC(C)c3ccc(-c4ccnc5[nH]cc(C)c45)s3)cn12,0.08463267304680565,0.5975609756097561
rxn:2:124352:151299,Cc1c(-c2ccc(C(C)NCc3cc4n(CC5CC5)ccn4n3)s2)ccc2nccn12,0.08463069315879576,0.6756756756756757
rxn:2:74510:157403,COc1cncnc1-c1ccc(C(C)NCCc2c[nH]c3nccc(C)c23)s1,0.08461952209472656,0.7424242424242424
rxn:2:134032:157753,CCOCc1cc2c(NC(C)c3ccc(-c4ncnc5[nH]cc(CC)c45)s3)ncnn2c1,0.08461744338274002,0.6578947368421053
rxn:2:115463:148983,CC(NCc1cc(C2CCCS2)[nH]n1)c1ccc(-c2ccc3o[nH]c(=O)c3c2)s1,0.08461436732061978,0.7397260273972602
rxn:2:124759:155378,Cc1cc(CNC(C)c2ccc(-c3c(C)[nH]c(=O)[nH]c3=O)s2)nc(C2CC2)c1,0.08461378727640424,0.5540540540540541
rxn:2:110156:167920,Cc1[nH]nc2ccc(-c3ccc(C(C)NCCc4c[nH]nc4C4CC4)s3)cc12,0.0846131763287953,0.7205882352941176
rxn:2:141710:165062,COc1cc(-c2cnn(C(C)NCc3nc4c(s3)CCCC4)c2)ccc1C(C)=O,0.08461201602015002,0.4166666666666667
rxn:2:110892:157753,CCc1c[nH]c2ncnc(-c3ccc(C(C)NCc4cc(C)nc(C)n4)s3)c12,0.08460960643632072,0.8095238095238095
rxn:2:165522:158710,Cc1cccc(-c2nc3cc(NC(C)c4ccc(-c5ccnc6[nH]cc(C)c56)s4)ccc3[nH]2)n1,0.08460848647005417,0.6842105263157895
rxn:2:138177:167920,CCC(C)c1cc(CNC(C)c2ccc(-c3ccc4n[nH]c(C)c4c3)s2)no1,0.08460813335009984,0.6521739130434783
rxn:2:99509:151299,Cc1cc(CNC(C)c2ccc(-c3ccc4nccn4c3C)s2)nc(C(C)C)n1,0.08460470314683585,0.7741935483870968
rxn:2:131874:158710,CCCn1ccc(CNC(C)c2ccc(-c3ccnc4[nH]cc(C)c34)s2)c1,0.08460468936849523,0.7014925373134329
rxn:2:109235:171510,CCC(CC)c1cc(CNC(CC)c2ccc(-c3ccc4ncsc4c3)s2)nc(C)n1,0.08460379415942777,0.7096774193548387
rxn:2:103485:142273,COc1cccc2c(CNC(C)c3ccc(-c4cnc(N(C)C)s4)s3)c[nH]c12,0.08460281150681633,0.7741935483870968
rxn:2:107070:165909,CSc1ncc(-c2ccc(C(C)NCc3nccc(N4CCC4)n3)s2)c2nncn12,0.0845942497253418,0.6052631578947368
rxn:2:80499:149983,COc1cnc2[nH]cc(-c3ccc(C(C)NCc4cnc(C5CC5)s4)s3)c2c1,0.0845935195684433,0.7142857142857143
rxn:2:139209:137914,CSCCC1CC(Nc2n[nH]c(=O)[nH]2)C1,0.0845891276995341,0.8
rxn:2:112451:173019,COc1cc(OC)c2c(CCNC(C)c3ccc(-c4cn(C(C)=O)c5ccccc45)s3)c[nH]c2c1,0.08458560023988997,0.8243243243243243
rxn:2:114790:164117,Cc1cnc2[nH]c(CNC(C)c3ccc(-c4cc5c(cn4)ncn5C)s3)cc2c1,0.08458175330326476,0.647887323943662
rxn:2:132632:158710,COc1sc(C)cc1CNC(C)c1ccc(-c2ccnc3[nH]cc(C)c23)s1,0.08458131110226666,0.6865671641791045
rxn:2:135987:164117,CC(NCc1cnc(C(C)(C)C)o1)c1ccc(-c2cc3c(cn2)ncn3C)s1,0.08458113883222852,0.6521739130434783
rxn:2:73811:145452,Cc1cccc2c1OCCCC2CCNC(C)c1ccc(-c2ccc3cc[nH]c(=O)c3c2)s1,0.08457890965721825,0.6708860759493671
rxn:2:79397:151299,Cc1c(-c2ccc(C(C)NCc3cc4cc(C5CC5)cnc4s3)s2)ccc2nccn12,0.08457297471261793,0.6351351351351351
rxn:2:126731:148983,CC(NCCc1cc(C2CCCC2)n(C)n1)c1ccc(-c2ccc3o[nH]c(=O)c3c2)s1,0.08457154227841285,0.6933333333333334
rxn:2:140366:72663,CCCN(C)CC(NCCc1[nH]ncc1-c1cc[nH]c1)c1cccs1,0.08457030296325684,0.42168674698795183
rxn:2:70891:150247,CC(NCc1csc2c1CCCN2C)c1ccc(-c2ccc3n[nH]c(=O)n3c2)s1,0.08456713577796673,0.6233766233766234
rxn:2:123387:157854,CCn1ncc2cc(-c3cnc(C(C)NCc4ccn(C5CC5)n4)s3)ccc21,0.0845598110130855,0.7
rxn:2:122648:142264,CCC(NCC1(CC)N=N1)c1ccc(-c2ccc3c(cnn3C)c2)s1,0.0845564341545105,0.6212121212121212
rxn:2:91819:165909,CSc1ncc(-c2ccc(C(C)NCc3cc(CCC4CCCCC4)ncn3)s2)c2nncn12,0.08454970226568334,0.7894736842105263
rxn:2:150051:145452,Cc1[nH]c(CNC(C)c2ccc(-c3ccc4cc[nH]c(=O)c4c3)s2)nc1Cc1ccc(C(C)C)cc1,0.08454804950290257,0.68
rxn:2:106493:157753,CCc1c[nH]c2ncnc(-c3ccc(C(C)NCc4c[nH]c(C(C)(C)C)n4)s3)c12,0.08454460316690905,0.7833333333333333
rxn:2:164524:157804,CCc1nn(-c2ccnc(C3CC3)c2)cc1CNC(C)c1ccc(-c2ncnc3ccc(OC)cc23)s1,0.0845440690581863,0.6705882352941176
rxn:2:90783:157753,CCc1c[nH]c2ncnc(-c3ccc(C(C)NCc4[nH]nc5c4CCSCC5)s3)c12,0.0845428983370463,0.6081081081081081
rxn:2:138177:148983,CCC(C)c1cc(CNC(C)c2ccc(-c3ccc4o[nH]c(=O)c4c3)s2)no1,0.08454186575753349,0.7272727272727273
rxn:2:128153:166234,CC(NCc1onc2ncoc12)c1cnc(-c2ccc3ncsc3c2)s1,0.08453716910802402,0.7777777777777778
rxn:2:80097:158710,CCn1cnc2cc(CNC(C)c3ccc(-c4ccnc5[nH]cc(C)c45)s3)ccc21,0.08453712066014608,0.6666666666666666
rxn:2:122968:147854,Cc1nn(C)c2ccc(-c3ccc(C(C)NCc4nc5n(n4)CC(F)CC5)s3)cc12,0.08453594048817953,0.6753246753246753
rxn:2:131011:169777,Cc1cc(C)c2nc(CNC(C)c3ccc(-c4ccc5nc(C)sc5c4)s3)[nH]c2n1,0.08453484773635864,0.7777777777777778
rxn:2:157981:145452,CCc1nc(-c2ccco2)nc2[nH]cc(CNC(C)c3ccc(-c4ccc5cc[nH]c(=O)c5c4)s3)c12,0.08453195956018236,0.654320987654321
rxn:2:131787:158710,Cc1cnn(-c2nccnc2NC(C)c2ccc(-c3ccnc4[nH]cc(C)c34)s2)c1,0.08452621002991995,0.6231884057971014
rxn:2:112263:142264,CCC(NCc1cc2c(s1)CCOC2)c1ccc(-c2ccc3c(cnn3C)c2)s1,0.08452599829640882,0.6133333333333333
rxn:2:103584:145209,Cc1cc(-c2ccc(C(C)NCCc3nc(-c4ccco4)cs3)s2)cc2cnn(C)c12,0.08452407390840593,0.7012987012987013
rxn:2:131785:145209,Cc1cc(-c2ccc(C(C)NCCn3ccn4nc(C5CCCC5)cc34)s2)cc2cnn(C)c12,0.08452252780689913,0.6582278481012658
rxn:2:94289:147854,Cc1nn(C)c2ccc(-c3ccc(C(C)NCc4nc5c([nH]4)CCCC5)s3)cc12,0.08451962676541559,0.8484848484848485
rxn:2:157545:158710,Cc1c[nH]c2nccc(-c3ccc(C(C)NCc4cc5ccccc5n(C)c4=O)s3)c12,0.08451806345293598,0.6712328767123288
rxn:2:154694:157753,CCc1c[nH]c2ncnc(-c3ccc(C(C)NCc4c[nH]c(Cc5ccc(C(C)(C)C)cc5)n4)s3)c12,0.08451406160990398,0.6811594202898551
rxn:2:135021:145209,Cc1cc(-c2ccc(C(C)NCc3cccc(N4CCCCC4)n3)s2)cc2cnn(C)c12,0.08451344445347786,0.7428571428571429
rxn:2:127492:157753,CCc1c[nH]c2ncnc(-c3ccc(C(C)Nc4ncc5ncn(C6CCCC6)c5n4)s3)c12,0.08451300498211023,0.6710526315789473
rxn:2:157607:161792,Cc1nc2c(C(C)C)cccc2cc1CNC(C)c1ccc(-c2cc3c(=O)nc[nH]c3s2)cn1,0.08450469900580014,0.6533333333333333
rxn:2:127005:145452,CCc1nn(C2CCCC2)cc1CNC(C)c1ccc(-c2ccc3cc[nH]c(=O)c3c2)s1,0.08450400456786156,0.6493506493506493
rxn:2:88483:169604,CCn1ncc2sc(CNC(C)c3ccc(-c4ccc5ncsc5c4)s3)cc21,0.08450396358966827,0.6567164179104478
rxn:2:78194:156548,CCN(c1ncc(CNC(C)c2ccc(-c3cccc4nsnc34)s2)s1)C(C)C,0.08450389730519262,0.6875
rxn:2:93093:146547,CC(NCc1cc2c(s1)CCSC2)c1ccc(-c2cnc3c(ccn3C)c2)s1,0.08450132395539965,0.6619718309859155
rxn:2:81149:158710,Cc1c[nH]c2nccc(-c3ccc(C(C)NCC45CCCC4CC5)s3)c12,0.08449566593536964,0.7076923076923077
rxn:2:84573:142264,CCC(NCCc1nccc(C(C)C)n1)c1ccc(-c2ccc3c(cnn3C)c2)s1,0.08448890447616578,0.6388888888888888
rxn:2:141365:148983,CC(NCc1cn(C2CCC2)nn1)c1ccc(-c2ccc3o[nH]c(=O)c3c2)s1,0.0844863908631461,0.68
rxn:2:77498:145452,CC(NCc1ccc(N(C)C2CCSC2)nc1)c1ccc(-c2ccc3cc[nH]c(=O)c3c2)s1,0.08448282516363895,0.6493506493506493
rxn:2:132590:149983,COc1cnc2[nH]cc(-c3ccc(C(C)NCc4cc(-n5ccnc5)ccn4)s3)c2c1,0.08447929736106627,0.64
rxn:2:107997:157753,CCc1c[nH]c2ncnc(-c3ccc(C(C)NCCc4nc[nH]c4C4CCC4)s3)c12,0.08446982502937317,0.6986301369863014
rxn:2:111909:145209,Cc1n[nH]cc1CNC(C)c1ccc(-c2cc(C)c3c(cnn3C)c2)s1,0.08446807815478398,0.8095238095238095
rxn:2:147460:156548,Cc1cnoc1-c1cn2c(CNC(C)c3ccc(-c4cccc5nsnc45)s3)csc2n1,0.08446436189115047,0.5443037974683544
rxn:2:90834:166234,CC(NCc1cc2c(s1)CCC2)c1cnc(-c2ccc3ncsc3c2)s1,0.08446079263320336,0.7419354838709677
rxn:2:134154:150247,CCCc1cnc(CNC(C)c2ccc(-c3ccc4n[nH]c(=O)n4c3)s2)s1,0.08445802441349735,0.6619718309859155
rxn:2:108548:149983,COc1cnc2[nH]cc(-c3ccc(C(C)NCCc4cn5cc(C)sc5n4)s3)c2c1,0.08445033232371012,0.6875
rxn:2:125118:151299,Cc1c(-c2ccc(C(C)NCCc3nc(-c4ccccc4)c[nH]3)s2)ccc2nccn12,0.0844434884286696,0.6216216216216216
rxn:2:85591:171510,CCC(C)c1cc(CNC(CC)c2ccc(-c3ccc4ncsc4c3)s2)nc(C)n1,0.08443841735521952,0.6984126984126984
rxn:2:154224:157753,CCc1c[nH]c2ncnc(-c3ccc(C(C)NCCC4CC4c4nc5c([nH]4)c(=O)[nH]c(=O)n5C)s3)c12,0.084436919954088,0.6309523809523809
rxn:2:129573:145452,CCc1cccc(CNC(C)c2ccc(-c3ccc4cc[nH]c(=O)c4c3)s2)n1,0.08443416655063629,0.7272727272727273
rxn:2:120835:158710,Cc1c[nH]c2nccc(-c3ccc(C(C)NC(C)(C)Cn4ccnc4)s3)c12,0.08442987336052789,0.6885245901639344
rxn:2:138643:142264,CCC(NC1CC(c2nc(-c3cc[nH]c3)c[nH]2)C1)c1ccc(-c2ccc3c(cnn3C)c2)s1,0.08442607612320871,0.6
rxn:2:117470:157753,CCc1c[nH]c2ncnc(-c3ccc(C(C)NCCc4ncc5ccccn45)s3)c12,0.08442463477452596,0.6486486486486487
rxn:2:114094:169604,COc1ccccc1-c1nc(CNC(C)c2ccc(-c3ccc4ncsc4c3)s2)co1,0.08442151738751319,0.6666666666666666
rxn:2:109218:147357,Cc1cc(C)c2nc(CNC(C)c3ccc(-c4cnc5nccnc5c4)s3)[nH]c2c1,0.08442048827807108,0.6956521739130435
rxn:2:118855:157804,CCOc1cc(CNC(C)c2ccc(-c3ncnc4ccc(OC)cc34)s2)nn1C,0.08441335161526999,0.6527777777777778
rxn:2:139839:169604,COc1sc(C2CC2)cc1CNC(C)c1ccc(-c2ccc3ncsc3c2)s1,0.08440748495715004,0.703125
rxn:2:122963:173019,CCc1cc(CNC(C)c2ccc(-c3cn(C(C)=O)c4ccccc34)s2)c(OC)nc1C,0.08440696634352207,0.6805555555555556
rxn:2:95535:149983,COc1cnc2[nH]cc(-c3ccc(C(C)NCC[C@@H]4CCc5ccc6c(c54)CCO6)s3)c2c1,0.08440570036570232,0.6547619047619048
rxn:2:140366:146547,CC(NCCc1[nH]ncc1-c1cc[nH]c1)c1ccc(-c2cnc3c(ccn3C)c2)s1,0.08440057039260865,0.6666666666666666
rxn:2:109614:149743,CC(C)Cc1n[nH]cc1CNC(C)c1ccc(-c2ccc3c(c2)oc(=O)n3C)s1,0.0844001317846364,0.6301369863013698
rxn:2:144952:144913,CC(C)c1c[nH]c2nc(N3CCC(NC(C)c4ccc(-c5ccc6ncc(=O)n(C)c6c5)s4)C3)ncc12,0.08439869494051547,0.625
rxn:2:142154:157753,CCc1c[nH]c2ncnc(-c3ccc(C(C)NCc4cc(OC)cc(OC)n4)s3)c12,0.08439520796140035,0.6716417910447762
rxn:2:141276:147854,Cc1nn(C)c2ccc(-c3ccc(C(C)NCc4ccnc(C(C)c5ccccc5)n4)s3)cc12,0.08439147647689371,0.6428571428571429
rxn:2:99417:158710,Cc1ccc(-c2nc(CNC(C)c3ccc(-c4ccnc5[nH]cc(C)c45)s3)co2)cc1C,0.08439088612794876,0.7605633802816901
rxn:2:87679:157753,CCc1c[nH]c2ncnc(-c3ccc(C(C)NCc4nc(C5CCCCC5)no4)s3)c12,0.08438804841810657,0.7162162162162162
rxn:2:106887:151299,Cc1c(-c2ccc(C(C)NCc3nnc(Cc4ccc(C(C)C)cc4)o3)s2)ccc2nccn12,0.08438790195128497,0.6857142857142857
rxn:2:125457:164117,Cc1nc(CNC(C)c2ccc(-c3cc4c(cn3)ncn4C)s2)c2n1CCCC2,0.08438538066272078,0.6351351351351351
rxn:2:93081:157403,COc1cncnc1-c1ccc(C(C)NC2CCN(c3ncnc4c3CCC4)C2)s1,0.0843825658162435,0.7066666666666667
rxn:2:138190:168476,Cc1nc(CNC(C)c2ccc(-c3cnc4scnc4c3)s2)cc2ccccc12,0.08437771838286827,0.734375
rxn:2:81768:166336,CCc1nc(CNC(C)c2ccc(-c3c(OC)cn[nH]c3=O)s2)ccc1OC,0.08437482586928777,0.6818181818181818
rxn:2:115219:149983,CCc1nc(CCNC(C)c2ccc(-c3c[nH]c4ncc(OC)cc34)s2)sc1C,0.08437246289746515,0.6901408450704225
rxn:2:161363:145452,CC(NCCc1nc2cccc(C(C)(C)C)c2n1C)c1ccc(-c2ccc3cc[nH]c(=O)c3c2)s1,0.0843696185520717,0.620253164556962
rxn:2:124436:158710,CCN1CCN(c2ncncc2NC(C)c2ccc(-c3ccnc4[nH]cc(C)c34)s2)CC1,0.08436860144138336,0.625
rxn:2:98732:173019,CC(=O)n1cc(-c2ccc(C(C)Nc3nc(N(C)C)c4nc[nH]c4n3)s2)c2ccccc21,0.08436159510165453,0.5866666666666667
rxn:2:120150:151299,COc1cc(CNC(C)c2ccc(-c3ccc4nccn4c3C)s2)cc(N(C)C)n1,0.08435712258021037,0.6571428571428571
rxn:2:118165:145209,Cc1ncc(C2CC2CCNC(C)c2ccc(-c3cc(C)c4c(cnn4C)c3)s2)cn1,0.08435447946671516,0.7971014492753623
rxn:2:74313:148983,CC(NCc1nc(CCC2CCCCC2)cn1C)c1ccc(-c2ccc3o[nH]c(=O)c3c2)s1,0.08435298457290187,0.5975609756097561
rxn:2:136489:145452,CC(NCc1cccn2c3c(nc12)CCCC3)c1ccc(-c2ccc3cc[nH]c(=O)c3c2)s1,0.08434412515524661,0.6666666666666666
rxn:2:131515:157515,CCn1ncc2cc(-c3ncc(C(C)NCc4cc(-c5ccoc5)nc(C5CC5)n4)s3)ccc21,0.08434167679618387,0.6
rxn:2:76367:157804,COc1ccc2ncnc(-c3ccc(C(C)NCCc4cn5ncsc5n4)s3)c2c1,0.0843396802743276,0.6233766233766234
rxn:2:101490:84225,CCc1ccc(-c2ccc(C(C)NCc3cn4c5c(sc4n3)CCC5)s2)s1,0.0843337752200939,0.6571428571428571
rxn:2:107997:147854,Cc1nn(C)c2ccc(-c3ccc(C(C)NCCc4nc[nH]c4C4CCC4)s3)cc12,0.08433267076810201,0.7323943661971831
rxn:2:105950:149983,COc1cnc2[nH]cc(-c3ccc(C(C)NCC(C)Oc4nc(C)cc(C)n4)s3)c2c1,0.08433172971971574,0.647887323943662
rxn:2:79072:145209,COCCN1Cc2cccc(NC(C)c3ccc(-c4cc(C)c5c(cnn5C)c4)s3)c2C1,0.08432913571596146,0.5679012345679012
rxn:2:129911:145209,Cc1cc(-c2ccc(C(C)Nc3nc4c([nH]3)CCC4)s2)cc2cnn(C)c12,0.08432715468936497,0.8095238095238095
rxn:2:131011:164767,CCC(NCc1nc2c(C)cc(C)nc2[nH]1)c1ccc(-c2ccc(=O)n(CC)c2)s1,0.08432194193204244,0.676056338028169
rxn:2:87989:169604,CC(NCC1CC1c1ccc(-c2cc[nH]n2)cc1)c1ccc(-c2ccc3ncsc3c2)s1,0.08432149887084961,0.8181818181818182
rxn:2:81249:165909,CSc1ncc(-c2ccc(C(C)NCc3nccc(C4CC4)n3)s2)c2nncn12,0.08431942298494537,0.7361111111111112
rxn:2:122083:157753,CCc1nn(-c2cc(C)ccn2)cc1CNC(C)c1ccc(-c2ncnc3[nH]cc(CC)c23)s1,0.08431729849647074,0.7183098591549296
rxn:2:93707:161792,CC(C)c1n[nH]cc1CNC(C)c1ccc(-c2cc3c(=O)nc[nH]c3s2)cn1,0.08431699446269444,0.6714285714285714
rxn:2:160533:171510,CCC(NCc1ncc(-c2cc3c(cc2C)OCCO3)[nH]1)c1ccc(-c2ccc3ncsc3c2)s1,0.08431484358651298,0.5897435897435898
rxn:2:130068:169777,COc1cccc2[nH]cc(CNC(C)c3ccc(-c4ccc5nc(C)sc5c4)s3)c12,0.08431261777877808,0.6621621621621622
rxn:2:109691:157753,CCc1c[nH]c2ncnc(-c3ccc(C(C)NC4C5CCC(C5)C4c4ccco4)s3)c12,0.08430943950530022,0.5421686746987951
rxn:2:127741:168965,CCCc1cc(CNC(C)c2ccc(-c3cccc(-c4cnco4)c3)s2)nn1CC,0.08430874745051066,0.6351351351351351
rxn:2:127937:157804,COc1ccc2ncnc(-c3ccc(C(C)NCc4cc5c(s4)CSC5)s3)c2c1,0.08430698000151536,0.6301369863013698
rxn:2:101450:98329,FC1(F)CC2(CCC(Nc3cnsn3)CC2)C1,0.08430415742537554,0.6923076923076923
rxn:2:135357:157753,CCc1c[nH]c2ncnc(-c3ccc(C(C)Nc4noc(C(C)C)n4)s3)c12,0.08430260861361469,0.676923076923077
rxn:2:106227:161792,Cc1ccn2nc(CNC(C)c3ccc(-c4cc5c(=O)nc[nH]c5s4)cn3)cc2c1,0.08430121938387553,0.6575342465753424
rxn:2:109584:133432,COc1csc(-c2csc(C(C)NCCc3c[nH]c4cc(C)cc(C)c34)c2)c1,0.08429068539823804,0.5526315789473685
rxn:2:148561:107408,CC(Nc1c(N=O)c(=O)nc2sccn12)c1ccc(-c2ccsc2)s1,0.084286789894104,0.6911764705882353
rxn:2:154694:151641,CC(NCc1c[nH]c(Cc2ccc(C(C)(C)C)cc2)n1)c1ccc(-c2ccc(=O)n(C)n2)s1,0.08428468848719742,0.6756756756756757
rxn:2:70758:168163,Cc1cncnc1-c1ccc(C(C)NCCc2noc(-c3ccc[nH]3)n2)s1,0.08428231433585838,0.6575342465753424
rxn:2:90533:148983,COc1cc(C)ccc1-c1cc(CNC(C)c2ccc(-c3ccc4o[nH]c(=O)c4c3)s2)n[nH]1,0.0842818816502889,0.6625
rxn:2:125410:157753,CCc1c[nH]c2ncnc(-c3ccc(C(C)NCc4nn(C)c5c4CCC(F)C5)s3)c12,0.0842795891146506,0.6125
rxn:2:112858:164117,CC(NCc1cc(C2CC2)cs1)c1ccc(-c2cc3c(cn2)ncn3C)s1,0.08427793670583654,0.6764705882352942
rxn:2:126273:145209,CCCCn1ccc(CNC(C)c2ccc(-c3cc(C)c4c(cnn4C)c3)s2)n1,0.08427694748187887,0.7205882352941176
rxn:2:126355:168163,Cc1cncnc1-c1ccc(C(C)Nc2ccc3nc(C(C)(C)C)cn3n2)s1,0.08427649097783226,0.746031746031746
rxn:2:95283:170892,CC(NCCc1ncn2ccccc12)c1ccc(-c2cc3sccc3s2)s1,0.0842762964743155,0.6027397260273972
rxn:2:122122:157753,CCc1c[nH]c2ncnc(-c3ccc(C(C)NCc4nc(-c5cnn(C)c5)no4)s3)c12,0.08427613012252315,0.6923076923076923
rxn:2:137505:158710,CCCc1cc(NC(C)c2ccc(-c3ccnc4[nH]cc(C)c34)s2)nn1C(C)C(C)(C)C,0.08427303843200207,0.6575342465753424
rxn:2:121718:151697,CCn1nc(CNC(C)c2nc(-c3ccc4c(c3)oc(=O)n4C)c[nH]2)cc1CC1CC1,0.08426929097021779,0.49411764705882355
rxn:2:93375:157804,COc1ccc2ncnc(-c3ccc(C(C)NCc4ncc(-c5cccs5)o4)s3)c2c1,0.08426421496175951,0.5844155844155844
rxn:2:126088:158710,COc1nccc(CNC(C)c2ccc(-c3ccnc4[nH]cc(C)c34)s2)c1C,0.08426382286208016,0.696969696969697
rxn:2:100972:124273,Cc1cccc2c(CCNC(C)c3ccc(-c4cnsc4)s3)c[nH]c12,0.08426151037216187,0.6617647058823529
rxn:2:74308:149983,CCc1nn2cc(CCNC(C)c3ccc(-c4c[nH]c5ncc(OC)cc45)s3)nc2s1,0.08425950234936129,0.7142857142857143
rxn:2:70891:115754,CSCC(NCc1csc2c1CCCN2C)c1ccc2c(c1)CCCS2,0.08425389230251312,0.5555555555555556
rxn:2:129269:169604,CCOc1nccc(CNC(C)c2ccc(-c3ccc4ncsc4c3)s2)n1,0.08425383656113236,0.819672131147541
rxn:2:121439:147854,Cc1nn(C2CCC2)cc1CNC(C)c1ccc(-c2ccc3c(c2)c(C)nn3C)s1,0.08424920241038004,0.6388888888888888
rxn:2:68627:147854,Cc1nn(C)c2ccc(-c3ccc(C(C)NCc4ccn(CC(C)(C)C)n4)s3)cc12,0.08423157533009847,0.6875
rxn:2:90841:158710,Cc1c[nH]c2nccc(-c3ccc(C(C)Nc4cnc5c(c4CC(C)C)CCCC5)s3)c12,0.08421977609395981,0.6285714285714286
rxn:2:73178:158710,Cc1c[nH]c2nccc(-c3ccc(C(C)NCCc4ncc5ccccc5n4)s3)c12,0.08421835700670878,0.68
rxn:2:139220:158710,Cc1c[nH]c2nccc(-c3ccc(C(C)NCc4cc(N(C)C)ncn4)s3)c12,0.08421653509140015,0.6923076923076923
rxn:2:107058:145209,Cc1cc(-c2ccc(C(C)Nc3nc4cc(C(C)C)ccc4[nH]3)s2)cc2cnn(C)c12,0.08421606402243337,0.8064516129032258
rxn:2:107315:166336,CCc1c[nH]c2cc(CNC(C)c3ccc(-c4c(OC)cn[nH]c4=O)s3)ccc12,0.08421481888869713,0.6351351351351351
rxn:2:70647:151299,Cc1c(-c2ccc(C(C)NCc3nc(C(C)(C)C)no3)s2)ccc2nccn12,0.08421153681618827,0.676056338028169
rxn:2:127721:147854,Cc1nn(C)c2ccc(-c3ccc(C(C)NCc4cnn(C)c4C4CC4)s3)cc12,0.08421091170146547,0.6714285714285714
rxn:2:131907:169604,CC(Nc1ncc(=O)[nH]n1)c1ccc(-c2ccc3ncsc3c2)s1,0.08420901248852412,0.6721311475409836
rxn:2:85428:145209,Cc1cc(-c2ccc(C(C)NCCc3ccnn3C3CCOC3)s2)cc2cnn(C)c12,0.08420644460185882,0.620253164556962
rxn:2:152489:150116,CC(NCCc1cn2c(-c3cn[nH]c3)csc2n1)c1ccc(-c2csc(N3CCOCC3)n2)s1,0.08420422497917623,0.8051948051948052
rxn:2:83100:157753,CCc1c[nH]c2ncnc(-c3ccc(C(C)Nc4nc(SC(C)C)ns4)s3)c12,0.08420362429959434,0.6615384615384615
rxn:2:154400:157188,COc1c(-c2ccc(C(C)NCc3ccc(-c4nc(-c5cc[nH]c5)c[nH]4)cc3)s2)ccnc1C,0.08420107995762545,0.5555555555555556
rxn:2:126058:110041,CC(NCc1cc(=O)cn[nH]1)c1csc(-c2ccsc2)c1,0.08420034249623616,0.7272727272727273
rxn:2:129837:145452,CC(NCc1nc(C2CC2)n[nH]1)c1ccc(-c2ccc3cc[nH]c(=O)c3c2)s1,0.08419409820011683,0.7352941176470589
rxn:2:96169:169604,CC(NCCc1nn(C)c2ccccc12)c1ccc(-c2ccc3ncsc3c2)s1,0.08418955885130784,0.6911764705882353
rxn:2:94946:145209,Cc1cc(-c2ccc(C(C)NCc3cc(C)n(Cc4cn[nH]c4)c3C)s2)cc2cnn(C)c12,0.08418924158269708,0.647887323943662
rxn:2:76848:142264,CCC(NCc1nnc(-c2cccn2C)o1)c1ccc(-c2ccc3c(cnn3C)c2)s1,0.08418347181812409,0.5866666666666667
rxn:2:129719:147854,Cc1nn(C)c2ccc(-c3ccc(C(C)NCc4ccc5ocnc5c4)s3)cc12,0.08418294479107034,0.6571428571428571
rxn:2:80420:145209,Cc1cc(-c2ccc(C(C)NCCC(C)C(C)(C)C)s2)cc2cnn(C)c12,0.08417903935467755,0.7457627118644068
rxn:2:87584:160321,CCc1c(CNC(C)n2ncc3c(-c4cccc5c4C(=O)CO5)cccc32)cnc2c1CCC2,0.08417538159033831,0.4222222222222222
rxn:2:113981:151299,Cc1c(-c2ccc(C(C)Nc3nc(OCC4CC4)c4[nH]cnc4n3)s2)ccc2nccn12,0.0841752253472805,0.6794871794871795
rxn:2:89509:119677,Cc1ccc2c(c1)SCCC2Nc1cncc(=O)[nH]1,0.08417521338713796,0.6111111111111112
rxn:2:104637:158710,Cc1c[nH]c2nccc(-c3ccc(C(C)N[C@H]4CC[C@H](N5CCC(C)CC5)CC4)s3)c12,0.08417296025060839,0.6571428571428571
rxn:2:86621:156548,CC(NC1C[C@H]2CSC[C@@H]2C1)c1ccc(-c2cccc3nsnc23)s1,0.08417273998260498,0.5857142857142857
rxn:2:139209:65814,Cc1ccc(-c2cccc(C(C)Nc3n[nH]c(=O)[nH]3)c2)s1,0.08417110783713204,0.8333333333333334
rxn:2:134374:148983,CC(NCc1cc2c(=O)[nH]cnc2s1)c1ccc(-c2ccc3o[nH]c(=O)c3c2)s1,0.08416190024079948,0.676923076923077
rxn:2:73177:157403,COc1cncnc1-c1ccc(C(C)NCCc2cc3ncccc3o2)s1,0.0841594139734904,0.5657894736842105
rxn:2:76423:170892,CCC(C)c1cc(CNC(C)c2ccc(-c3cc4sccc4s3)s2)nc(C2CC2)n1,0.08415380318959555,0.6301369863013698
rxn:2:95865:144913,CC(NCc1ccnc(N2CC3CCCC3C2)n1)c1ccc(-c2ccc3ncc(=O)n(C)c3c2)s1,0.0841470343726022,0.6835443037974683
rxn:2:97357:150329,CCc1nccc(CNC(C)c2ccc(-c3ccnc4[nH]cc(C)c34)cn2)n1,0.08414565452507564,0.7166666666666667
rxn:2:90533:152183,COc1cc(C)ccc1-c1cc(CNC(C)c2ccc(-c3ccc4c(c3)OCO4)s2)n[nH]1,0.08414369821548462,0.6351351351351351
rxn:2:114881:147854,Cc1nn(C)c2ccc(-c3ccc(C(C)NCc4cn5c(C6CCCCC6)csc5n4)s3)cc12,0.08414294439203598,0.6756756756756757
rxn:2:112263:168199,CC(NCc1cc2c(s1)CCOC2)c1ncc(-c2ccc3nn(C)cc3c2)s1,0.0841418206691742,0.4691358024691358
rxn:2:71886:146182,CCC(NCCc1c[nH]c2cccc(OC)c12)c1ccc(-c2cccc(OC)n2)s1,0.08414119879404704,0.6575342465753424
rxn:2:74902:114159,CSc1n[nH]c(NC(C)c2csc(-c3ccncc3)c2)n1,0.08413674717857725,0.7647058823529411
rxn:2:69041:164117,CCc1n[nH]cc1CC(C)NC(C)c1ccc(-c2cc3c(cn2)ncn3C)s1,0.08413094069276537,0.5945945945945946
rxn:2:131576:145452,CCc1n[nH]c(C)c1CCNC(C)c1ccc(-c2ccc3cc[nH]c(=O)c3c2)s1,0.08412651974579384,0.704225352112676
rxn:2:81246:157753,CCc1c[nH]c2ncnc(-c3ccc(C(C)Nc4cc5nc(C)ccn5n4)s3)c12,0.08412561128879416,0.6282051282051282
rxn:2:133020:145209,Cc1cc(C)c2c(c1)N(CCNC(C)c1ccc(-c3cc(C)c4c(cnn4C)c3)s1)CC2,0.0841253325343132,0.6323529411764706
rxn:2:76367:165909,CSc1ncc(-c2ccc(C(C)NCCc3cn4ncsc4n3)s2)c2nncn12,0.08412467816780353,0.65
rxn:2:137383:157188,COc1c(-c2ccc(C(C)NCc3cc4cc(C)cc(C)c4o3)s2)ccnc1C,0.08411804560957284,0.6388888888888888
rxn:2:71903:156548,CC(NCCc1noc(Cc2ccsc2)n1)c1ccc(-c2cccc3nsnc23)s1,0.08411458929379781,0.6986301369863014
rxn:2:88661:157188,COc1c(-c2ccc(C(C)NCc3cc(C4CCC4)n(C(C)C)n3)s2)ccnc1C,0.0841139554977417,0.684931506849315
rxn:2:99379:173019,CC(=O)n1cc(-c2ccc(C(C)NCc3csc(-c4ccccn4)n3)s2)c2ccccc21,0.08411382883787155,0.6621621621621622
rxn:2:90533:150247,COc1cc(C)ccc1-c1cc(CNC(C)c2ccc(-c3ccc4n[nH]c(=O)n4c3)s2)n[nH]1,0.084113825451244,0.6153846153846154
rxn:2:124693:145209,Cc1cc(-c2ccc(C(C)NCC(C)c3nnn[nH]3)s2)cc2cnn(C)c12,0.08411327997843425,0.6515151515151515
rxn:2:107070:145452,CC(NCc1nccc(N2CCC2)n1)c1ccc(-c2ccc3cc[nH]c(=O)c3c2)s1,0.08411148389180502,0.6447368421052632
rxn:2:95971:170874,Cc1cc(-c2ccc(C(C)NCc3cc4n(n3)CCSC4)s2)cc2cccnc12,0.08411100404015903,0.6944444444444444
rxn:2:97402:158710,Cc1c[nH]c2nccc(-c3ccc(C(C)Nc4c5c(nn4C4CCOC4)CCC5C)s3)c12,0.08411020040512085,0.5714285714285714
rxn:2:76235:157753,CCc1c[nH]c2ncnc(-c3ccc(C(C)Nc4[nH]ncc4S(=O)(=O)C(C)(C)C)s3)c12,0.08410483406436059,0.7384615384615385
rxn:2:131803:157753,CCc1c[nH]c2ncnc(-c3ccc(C(C)NCc4ncc(-c5ccncc5)[nH]4)s3)c12,0.08410423032699092,0.8153846153846154
rxn:2:68916:147854,Cc1nn(C)c2ccc(-c3ccc(C(C)NCCc4cc5ccccc5[nH]4)s3)cc12,0.08410141468048096,0.6351351351351351
rxn:2:160829:149983,COc1cnc2[nH]cc(-c3ccc(C(C)NCc4cn5c(nc6ccc(C(C)C)cc65)[nH]4)s3)c2c1,0.08409836632864816,0.6153846153846154
rxn:2:142013:164117,Cc1c(CNC(C)c2ccc(-c3cc4c(cn3)ncn4C)s2)ccc2[nH]ccc12,0.0840982095948581,0.6714285714285714
rxn:2:138566:164117,CC(NCc1ccc(C2CCCC2)s1)c1ccc(-c2cc3c(cn2)ncn3C)s1,0.08409645639616868,0.7424242424242424
rxn:2:138190:157652,Cc1nc(CNC(C)c2ccc(-c3ncnc4ccn(C)c34)s2)cc2ccccc12,0.08409455617268881,0.6714285714285714
rxn:2:70152:145452,Cc1ncc(CNC(C)c2ccc(-c3ccc4cc[nH]c(=O)c4c3)s2)c(C)c1CC(C)C,0.08409018814563751,0.6986301369863014
rxn:2:146799:157753,CCc1c[nH]c2ncnc(-c3ccc(C(C)NCCc4nc(-c5ccc(OC)c(C)c5)c(C)[nH]4)s3)c12,0.08408891492419773,0.6962025316455697
rxn:2:122619:145209,Cc1ccsc1CCNC(C)c1ccc(-c2cc(C)c3c(cnn3C)c2)s1,0.08408816213961001,0.7272727272727273
rxn:2:136552:158710,CCc1nc(-c2ccc(NC(C)c3ccc(-c4ccnc5[nH]cc(C)c45)s3)c(C)c2)n[nH]1,0.08408606052398682,0.6052631578947368
rxn:2:136710:143988,CCc1nc(CNC(C)c2ccc(-c3ccc(-c4ncccn4)cn3)s2)ccc1OC1CC1,0.08408144026091605,0.6666666666666666
rxn:2:164190:165909,CSc1ncc(-c2ccc(C(C)NCc3cn4nc(COc5ccccc5)[nH]c4n3)s2)c2nncn12,0.0840808285607232,0.5882352941176471
rxn:2:103172:145209,Cc1cc(-c2ccc(C(C)NC[C@@H]3CC[C@H]3c3cnn[nH]3)s2)cc2cnn(C)c12,0.08407822970686288,0.6666666666666666
rxn:2:127747:164117,CC(NCCc1n[nH]c2ccsc12)c1ccc(-c2cc3c(cn2)ncn3C)s1,0.08407542960984367,0.6891891891891891
rxn:2:164524:152359,CCc1nn(-c2ccnc(C3CC3)c2)cc1CNC(C)c1ccc(-c2cnc(C)n2C)s1,0.08407308347523212,0.6962025316455697
rxn:2:134313:142273,CC(NCc1cc2c(s1)CSCC2)c1ccc(-c2cnc(N(C)C)s2)s1,0.08406641850104699,0.6825396825396826
rxn:2:87065:148983,CCCc1n[nH]cc1CCNC(C)c1ccc(-c2ccc3o[nH]c(=O)c3c2)s1,0.08406535642487663,0.647887323943662
rxn:2:163443:145209,Cc1ccc2cc(CCNC(C)c3ccc(-c4cc(C)c5c(cnn5C)c4)s3)c(=O)[nH]c2c1,0.08406524044094664,0.7183098591549296
rxn:2:138643:173063,CCC(NC1CC(c2nc(-c3cc[nH]c3)c[nH]2)C1)c1ccc(-c2ccc3[nH]ccc3c2)s1,0.08406310994178057,0.5060240963855421
rxn:2:93049:145209,Cc1cc(-c2ccc(C(C)NCC3CCc4oncc4C3)s2)cc2cnn(C)c12,0.08406227621538885,0.631578947368421
rxn:2:128129:145452,CC(NCc1cc(=O)[nH]n1-c1ccccn1)c1ccc(-c2ccc3cc[nH]c(=O)c3c2)s1,0.08405643329024315,0.6282051282051282
rxn:2:72001:151299,CCc1[nH]c(CNC(C)c2ccc(-c3ccc4nccn4c3C)s2)nc1C,0.08405593368742201,0.7164179104477612
rxn:2:107651:158710,Cc1c[nH]c2nccc(-c3ccc(C(C)Nc4cnco4)s3)c12,0.08405465146769649,0.7166666666666667
rxn:2:133057:145452,CC(NCc1ccnc(-c2ccco2)n1)c1ccc(-c2ccc3cc[nH]c(=O)c3c2)s1,0.08405110528392176,0.7297297297297297
rxn:2:74698:142264,CCC(NCc1cc(C(C)C)nc(C2CC2)n1)c1ccc(-c2ccc3c(cnn3C)c2)s1,0.08404819294810295,0.684931506849315
rxn:2:106969:157753,CCc1c[nH]c2ncnc(-c3ccc(C(C)NCc4sc5nc(C)cn5c4C)s3)c12,0.08404677708943685,0.7761194029850746
rxn:2:106326:147854,Cc1nn(C)c2ccc(-c3ccc(C(C)NCc4csc(-c5ccsc5)n4)s3)cc12,0.08404675523440043,0.7464788732394366
rxn:2:93760:158156,CSc1nc(NC2c3ccccc3CCc3sccc32)c(N=O)c(=O)n1C,0.08404568389610008,0.2926829268292683
rxn:2:68758:145452,CCOC(C)c1noc(CNC(C)c2ccc(-c3ccc4cc[nH]c(=O)c4c3)s2)n1,0.08404497702916464,0.6578947368421053
rxn:2:112504:156548,Cc1[nH]c(=O)c(CNC(C)c2ccc(-c3cccc4nsnc34)s2)c2occc12,0.08404492612542777,0.5945945945945946
rxn:2:129099:145452,CC(NCC1CC1C1CC2CCC1O2)c1ccc(-c2ccc3cc[nH]c(=O)c3c2)s1,0.08404478828112284,0.6575342465753424
rxn:2:136916:171510,CCC(NCc1ccc(=O)n(CC)c1)c1ccc(-c2ccc3ncsc3c2)s1,0.08404292804854256,0.6323529411764706
rxn:2:121147:170892,CC(NCc1cc2c(s1)CCCS2)c1ccc(-c2cc3sccc3s2)s1,0.08404143039996807,0.5714285714285714
rxn:2:70833:157753,CCc1c[nH]c2ncnc(-c3ccc(C(C)NCc4csc(-c5cccc(C)c5)n4)s3)c12,0.08404110744595528,0.676056338028169
rxn:2:118735:145209,Cc1noc(-c2cn(CCNC(C)c3ccc(-c4cc(C)c5c(cnn5C)c4)s3)nn2)n1,0.08403914049267769,0.6197183098591549
rxn:2:117330:157854,CCn1ncc2cc(-c3cnc(C(C)NCc4ccc5c(n4)CCCC5)s3)ccc21,0.08403825958569845,0.6666666666666666
rxn:2:68828:157753,CCc1c[nH]c2ncnc(-c3ccc(C(C)Nc4cccc(Oc5ccsc5)c4)s3)c12,0.08403806148036834,0.6231884057971014
rxn:2:131907:141988,Cc1cc(-c2ccc(C(C)Nc3ncc(=O)[nH]n3)s2)cs1,0.08403701441628593,0.6607142857142857
rxn:2:98782:156548,CC(NCc1n[nH]c2c(N(C)C)cccc12)c1ccc(-c2cccc3nsnc23)s1,0.08403234481811524,0.5694444444444444
rxn:2:83412:157753,CCc1c[nH]c2ncnc(-c3ccc(C(C)NCc4cnn(C(C)C5CCCC5)c4)s3)c12,0.08403221145272255,0.6363636363636364
rxn:2:106227:157188,COc1c(-c2ccc(C(C)NCc3cc4cc(C)ccn4n3)s2)ccnc1C,0.08403068355151586,0.6527777777777778
rxn:2:127741:124273,CCCc1cc(CNC(C)c2ccc(-c3cnsc3)s2)nn1CC,0.08402907848358154,0.6461538461538462
rxn:2:138643:112817,COc1ccsc1-c1ncc(C(C)NC2CC(c3nc(-c4cc[nH]c4)c[nH]3)C2)s1,0.08402667888279619,0.5365853658536586
rxn:2:99816:144913,Cc1ccnc(CCNC(C)c2ccc(-c3ccc4ncc(=O)n(C)c4c3)s2)c1C1CC1,0.08402622863650322,0.6410256410256411
rxn:2:76171:145452,CCC(C)(CNC(C)c1ccc(-c2ccc3cc[nH]c(=O)c3c2)s1)c1cccs1,0.08402523501165982,0.6617647058823529
rxn:2:95971:153366,CC(NCc1cc2n(n1)CCSC2)n1ncc2c(-c3ccc4c(c3)CCC4=O)cccc21,0.08402294851839542,0.5476190476190477
rxn:2:131011:84225,CCc1ccc(-c2ccc(C(C)NCc3nc4c(C)cc(C)nc4[nH]3)s2)s1,0.08402087291081746,0.6363636363636364
rxn:2:67387:149983,COc1cnc2[nH]cc(-c3ccc(C(C)NCCc4c[nH]c(Cc5cc(C)ccc5C)n4)s3)c2c1,0.08401821000235421,0.6753246753246753
rxn:2:69824:156548,Cc1nc(N(C)C)sc1CCNC(C)c1ccc(-c2cccc3nsnc23)s1,0.08401783236435481,0.6212121212121212
rxn:2:120150:155002,COc1cc(CNC(C)c2ccc(-c3ccc(C)c4[nH]ncc34)s2)cc(N(C)C)n1,0.08401691516240438,0.6351351351351351
rxn:2:137383:151299,Cc1cc(C)c2oc(CNC(C)c3ccc(-c4ccc5nccn5c4C)s3)cc2c1,0.08401457071304322,0.6571428571428571
rxn:2:129822:157753,CCc1c[nH]c2ncnc(-c3ccc(C(C)NCCc4cccn5ccnc45)s3)c12,0.08401082754135132,0.676056338028169
rxn:2:72888:147854,COCCn1cnc(CNC(C)c2ccc(-c3ccc4c(c3)c(C)nn4C)s2)c1,0.08401081068762417,0.6571428571428571
rxn:2:128153:159258,CC(NCc1onc2ncoc12)c1ncc(-c2ccc3ncsc3c2)s1,0.08400875788468581,0.7777777777777778
rxn:2:111153:157753,CCc1c[nH]c2ncnc(-c3ccc(C(C)Nc4cc(C)n(C5CC5)n4)s3)c12,0.0840086042881012,0.6891891891891891
rxn:2:78664:157804,COc1ccc2ncnc(-c3ccc(C(C)NCCc4nsc5ccccc45)s3)c2c1,0.0840066017643098,0.6447368421052632
rxn:2:89574:158710,Cc1nc(C)c(Cn2cc(NC(C)c3ccc(-c4ccnc5[nH]cc(C)c45)s3)cn2)s1,0.08400619991364018,0.7323943661971831
rxn:2:68657:156548,Cc1ccnc(-n2cnc(CNC(C)c3ccc(-c4cccc5nsnc45)s3)n2)c1,0.0840061624844869,0.5949367088607594
rxn:2:87855:157753,CCCSc1nc(NC(C)c2ccc(-c3ncnc4[nH]cc(CC)c34)s2)ns1,0.08400198604379382,0.6617647058823529
rxn:2:123420:145452,COc1sc2c(c1CNC(C)c1ccc(-c3ccc4cc[nH]c(=O)c4c3)s1)CCCN2C,0.08399960398674011,0.6172839506172839
rxn:2:84444:84225,CCc1ccc(-c2ccc(C(C)NCc3cn4c(C)c(C)sc4n3)s2)s1,0.08399599332075852,0.6307692307692307
rxn:2:118410:145452,COc1ncc(CNC(C)c2ccc(-c3ccc4cc[nH]c(=O)c4c3)s2)c(OC)n1,0.08399559656778971,0.7571428571428571
rxn:2:137910:158710,Cc1c[nH]c2nccc(-c3ccc(C(C)Nc4nc(=O)nc(Cc5ccsc5)[nH]4)s3)c12,0.08399525669313246,0.6301369863013698
rxn:2:111139:147854,Cc1nn(C)c2ccc(-c3ccc(C(C)NCc4cc(CC(C)C)ncn4)s3)cc12,0.08398693402608236,0.7230769230769231
rxn:2:82711:165909,CSc1ncc(-c2ccc(C(C)NCc3ccnc(OCC4CC4)c3)s2)c2nncn12,0.08398333672554262,0.6538461538461539
rxn:2:152027:170874,Cc1cc(-c2ccc(C(C)NCc3csc(-c4ncc5ccccn45)n3)s2)cc2cccnc12,0.08398106518913717,0.6075949367088608
rxn:2:139209:172618,CC(Nc1n[nH]c(=O)[nH]1)c1cc(-c2cc3sccc3s2)cs1,0.08397710052403537,0.8461538461538461
rxn:2:128113:169604,COC(C)(C)c1cc(CNC(C)c2ccc(-c3ccc4ncsc4c3)s2)no1,0.08397503622940608,0.6865671641791045
rxn:2:128251:145209,Cc1cc(-c2ccc(C(C)NCc3cccc(S(C)(=O)=O)n3)s2)cc2cnn(C)c12,0.08397019704182943,0.7777777777777778
rxn:2:100651:169604,CC(NCc1ncc2occc2n1)c1ccc(-c2ccc3ncsc3c2)s1,0.08397017143390796,0.7076923076923077
rxn:2:87285:168965,CC(NCc1nc2c(s1)COCC2)c1ccc(-c2cccc(-c3cnco3)c2)s1,0.08396579068282554,0.7428571428571429
rxn:2:70632:157753,CCc1c[nH]c2ncnc(-c3ccc(C(C)NCc4cnc(C)c(C)n4)s3)c12,0.08396338777882713,0.7384615384615385
rxn:2:141003:145209,CCc1cc2c(=O)[nH]c(NC(C)c3ccc(-c4cc(C)c5c(cnn5C)c4)s3)nc2s1,0.08395456883215136,0.625
rxn:2:71886:172093,CCC(NCCc1c[nH]c2cccc(OC)c12)c1ccc(-c2cccc3ncccc23)s1,0.0839537214487791,0.6493506493506493
rxn:2:70758:157403,COc1cncnc1-c1ccc(C(C)NCCc2noc(-c3ccc[nH]3)n2)s1,0.08395182873521533,0.5897435897435898
rxn:2:96587:116842,CCn1cccc1-c1noc(CNC(C)c2ccc(-c3ccc(SC)cc3)s2)n1,0.08395179386796622,0.684931506849315
rxn:2:132839:157652,CC(C)c1ccc(Cc2nc(CNC(C)c3ccc(-c4ncnc5ccn(C)c45)s3)cs2)cc1,0.0839490715195151,0.6111111111111112
rxn:2:83851:157753,CCc1c[nH]c2ncnc(-c3ccc(C(C)Nc4c(CC(C)C)cc[nH]c4=O)s3)c12,0.08394578297932943,0.7205882352941176
rxn:2:112056:148983,CC(NCCC1CCC2CC12)c1ccc(-c2ccc3o[nH]c(=O)c3c2)s1,0.08394076503240146,0.647887323943662
rxn:2:120150:167705,CCn1ncc2cc(-c3cc(C(C)NCc4cc(OC)nc(N(C)C)c4)cs3)ccc21,0.08393904855174403,0.5641025641025641
rxn:2:105608:149983,COc1cnc2[nH]cc(-c3ccc(C(C)NCc4coc(C5CCCCC5)n4)s3)c2c1,0.08393775647686373,0.7066666666666667
rxn:2:86837:157753,CCc1c[nH]c2ncnc(-c3ccc(C(C)NCc4ncc(OC)o4)s3)c12,0.08392789628770617,0.6567164179104478
rxn:2:101994:151299,Cc1c(-c2ccc(C(C)NCc3csc(C(C)(F)F)n3)s2)ccc2nccn12,0.08391755393573216,0.6865671641791045
rxn:2:136710:142264,CCc1nc(CNC(CC)c2ccc(-c3ccc4c(cnn4C)c3)s2)ccc1OC1CC1,0.08391695842146873,0.6666666666666666
rxn:2:81169:149983,COc1cnc2[nH]cc(-c3ccc(C(C)NCCc4noc(C5CCCO5)n4)s3)c2c1,0.08390744270816926,0.6097560975609756
rxn:2:135615:164117,CC(NCc1cc(-c2ccccc2)[nH]n1)c1ccc(-c2cc3c(cn2)ncn3C)s1,0.0839042584101359,0.6944444444444444
rxn:2:131733:124273,CC(NCc1nc(=N)[nH][nH]1)c1ccc(-c2cnsc2)s1,0.0839027613401413,0.6065573770491803
rxn:2:90533:149743,COc1cc(C)ccc1-c1cc(CNC(C)c2ccc(-c3ccc4c(c3)oc(=O)n4C)s2)n[nH]1,0.08390245542806737,0.6506024096385542
rxn:2:166899:169604,CC(NCCC1C(c2ccc3cc[nH]c3c2)C1(F)F)c1ccc(-c2ccc3ncsc3c2)s1,0.0838970018155647,0.65
rxn:2:140089:145452,CC(NCc1nccn2ccnc12)c1ccc(-c2ccc3cc[nH]c(=O)c3c2)s1,0.08389505846747036,0.6666666666666666
rxn:2:142016:164117,Cc1nccc2cc(CNC(C)c3ccc(-c4cc5c(cn4)ncn5C)s3)ccc12,0.08389124870300294,0.7272727272727273
rxn:2:148803:145452,CC(NCc1cc(=O)[nH]c(-c2ccccn2)n1)c1ccc(-c2ccc3cc[nH]c(=O)c3c2)s1,0.08389121655261877,0.6756756756756757
rxn:2:97130:151299,Cc1c(-c2ccc(C(C)NCc3cn4cncc(C5CCCC5)c4n3)s2)ccc2nccn12,0.08388926766135475,0.6493506493506493
rxn:2:132147:157753,CCSc1nc2cc(NC(C)c3ccc(-c4ncnc5[nH]cc(CC)c45)s3)ccc2[nH]1,0.08388775010262767,0.64
rxn:2:92896:158710,Cc1c[nH]c2nccc(-c3ccc(C(C)NCc4ccc5cc[nH]c(=O)c5c4)s3)c12,0.08388649225234986,0.7014925373134329
rxn:2:88321:141988,Cc1nc(CNC(C)c2ccc(-c3csc(C)c3)s2)cc(C2CC2)n1,0.08388125896453857,0.6363636363636364
rxn:2:137383:145757,Cc1cc(C)c2oc(CNC(C)c3ccc(-c4ccc5[nH]c(C)cc(=O)c5c4)s3)cc2c1,0.0838776808232069,0.6956521739130435
rxn:2:106933:158710,Cc1c[nH]c2nccc(-c3ccc(C(C)Nc4ccc(C5CCCN5C)cn4)s3)c12,0.08387242356936137,0.625
rxn:2:128429:145757,Cc1cc(=O)c2cc(-c3ccc(C(C)NCc4ccc5c(c4)N(C)CCC5)s3)ccc2[nH]1,0.08387043885886669,0.575
rxn:2:79461:108287,COc1ccsc1-c1ccc(C(C)NCc2c[nH][nH]c2=O)s1,0.0838698609308763,0.6964285714285714
rxn:2:91770:158710,CCn1ccnc(N2CCCC(NC(C)c3ccc(-c4ccnc5[nH]cc(C)c45)s3)C2)c1=O,0.08386886119842529,0.6190476190476191
rxn:2:86451:158710,Cc1c[nH]c2nccc(-c3ccc(C(C)NCc4cc(OC5CCC(C)CC5)ccn4)s3)c12,0.08386611757856427,0.6756756756756757
rxn:2:140551:157753,CCc1c[nH]c2ncnc(-c3ccc(C(C)Nc4ccccc4-c4nc(C5CCC5)n[nH]4)s3)c12,0.08386555839987363,0.6329113924050633
rxn:2:101994:147854,Cc1nn(C)c2ccc(-c3ccc(C(C)NCc4csc(C(C)(F)F)n4)s3)cc12,0.0838639366215673,0.7205882352941176
rxn:2:101490:152359,Cc1ncc(-c2ccc(C(C)NCc3cn4c5c(sc4n3)CCC5)s2)n1C,0.08386322524812487,0.6527777777777778
rxn:2:104861:169604,CC(NCc1cn[nH]c1CC1CC1)c1ccc(-c2ccc3ncsc3c2)s1,0.08385476801130506,0.6571428571428571
rxn:2:70555:156548,COc1ncc(CCNC(C)c2ccc(-c3cccc4nsnc34)s2)cn1,0.08385194230962682,0.6470588235294118
rxn:2:74351:157753,CCc1c[nH]c2ncnc(-c3ccc(C(C)NCC45COCC(CN(C)C4)C5(F)F)s3)c12,0.08384674414992332,0.5783132530120482
rxn:2:83732:165909,CSc1ncc(-c2ccc(C(C)NCc3coc(CC4C5CC6CC(C5)CC4C6)n3)s2)c2nncn12,0.08384380572372013,0.5882352941176471
rxn:2:95535:145452,CC(NCC[C@@H]1CCc2ccc3c(c21)CCO3)c1ccc(-c2ccc3cc[nH]c(=O)c3c2)s1,0.0838405941471909,0.6419753086419753
rxn:2:103715:169326,Cc1ccc2nc(CNC(C)c3ccc(-c4cc5c(s4)CCCC5)s3)cn2n1,0.0838356784411839,0.5753424657534246
rxn:2:142087:149983,COc1cnc2[nH]cc(-c3ccc(C(C)NCc4ccc(OC)c(OC)n4)s3)c2c1,0.0838322401046753,0.8125
rxn:2:120516:76835,Cn1c(NC2CCc3c(C4CC4)cccc32)c(N=O)c(=O)[nH]c1=O,0.08382992694775264,0.49122807017543857
rxn:2:81600:159258,CC(NCC(F)c1cnc[nH]1)c1ncc(-c2ccc3ncsc3c2)s1,0.08382917881011963,0.5970149253731343
rxn:2:120406:145209,COc1cnc(C2CCC2)cc1CNC(C)c1ccc(-c2cc(C)c3c(cnn3C)c2)s1,0.08382566645741463,0.6986301369863014
rxn:2:94862:131422,CC(NCc1cc(=O)[nH][nH]1)c1ccc(S(F)(F)(F)(F)F)cc1,0.08382441780783913,0.52
rxn:2:110918:158710,Cc1c[nH]c2nccc(-c3ccc(C(C)NCc4ccc(C5CC5)cc4)s3)c12,0.08382068361554827,0.7301587301587301
rxn:2:82507:145452,CC(NCC1CCCN1c1ncccn1)c1ccc(-c2ccc3cc[nH]c(=O)c3c2)s1,0.08381948932524651,0.6376811594202898
rxn:2:110360:81705,CC(Nn1c(=O)[nH][nH]c1=O)c1ccc(C2(F)CC2)cc1,0.08381689190864564,0.5490196078431373
rxn:2:96945:145452,CC(NCc1cc(C2CCCO2)nc(C2CC2)n1)c1ccc(-c2ccc3cc[nH]c(=O)c3c2)s1,0.08381541686899521,0.8142857142857143
rxn:2:138383:158710,Cc1c[nH]c2nccc(-c3ccc(C(C)NCc4cc5cc[nH]c5cn4)s3)c12,0.08381417180810656,0.71875
rxn:2:113632:157753,CCc1c[nH]c2ncnc(-c3ccc(C(C)Nc4cc(N5CCN(C)CC5)nc(C5CC5)n4)s3)c12,0.08381353105817523,0.6375
rxn:2:93375:151299,Cc1c(-c2ccc(C(C)NCc3ncc(-c4cccs4)o3)s2)ccc2nccn12,0.08380692580650592,0.6027397260273972
rxn:2:109921:171510,CCC(NCc1nc(-c2ccccc2OC)no1)c1ccc(-c2ccc3ncsc3c2)s1,0.08380672708153725,0.6883116883116883
rxn:2:109218:166855,Cc1cc(C)c2nc(CNC(C)c3ccc(-c4cnc(C)c5cc[nH]c45)s3)[nH]c2c1,0.0838066538174947,0.6716417910447762
rxn:2:94166:157753,CCc1c[nH]c2ncnc(-c3ccc(C(C)NCC[C@H]4CC[C@@H](C)CC4)s3)c12,0.08380524175507682,0.6923076923076923
rxn:2:88800:168451,COc1cnc2ccc(-c3ccc(C(C)NCCc4n[nH]c5cccc(C)c45)s3)cc2n1,0.083805026486516,0.6282051282051282
rxn:2:127040:151299,COc1cccc2ccc(CNC(C)c3ccc(-c4ccc5nccn5c4C)s3)nc12,0.08380277695194367,0.7083333333333334
rxn:2:107988:145452,CCCC1(C)CC1NC(C)c1ccc(-c2ccc3cc[nH]c(=O)c3c2)s1,0.08379614582428566,0.6231884057971014
rxn:2:111568:119339,CCC(Nc1nc(S(C)(=O)=O)n[nH]1)c1ccc(-c2cc[nH]c2)s1,0.08379612798276155,0.6896551724137931
rxn:2:127539:167920,Cc1[nH]nc2ccc(-c3ccc(C(C)NCc4cc(C(C)(C)C)[nH]n4)s3)cc12,0.08379484925951276,0.65625
rxn:2:127741:155378,CCCc1cc(CNC(C)c2ccc(-c3c(C)[nH]c(=O)[nH]c3=O)s2)nn1CC,0.08379092386790685,0.6197183098591549
rxn:2:162482:165909,CCc1cc(-c2cc(CNC(C)c3ccc(-c4cnc(SC)n5cnnc45)s3)n[nH]2)ccc1OC,0.08378825528281075,0.7407407407407407
rxn:2:123961:155263,Cc1cc(-c2ccncc2)cn(CCC(C)NCCc2c[nH]c3cccc(C)c23)c1=O,0.083786997102922,0.44047619047619047
rxn:2:108935:158710,Cc1c[nH]c2nccc(-c3ccc(C(C)Nc4cnc5cc[nH]cc4-5)s3)c12,0.08378328658916333,0.625
rxn:2:84312:166855,Cc1ncc(-c2ccc(C(C)NCc3cc4n(n3)CCC(C)C4)s2)c2[nH]ccc12,0.0837784245096404,0.6623376623376623
rxn:2:104624:145452,CC(NCCc1cccnc1-c1cccs1)c1ccc(-c2ccc3cc[nH]c(=O)c3c2)s1,0.08377457037568092,0.6756756756756757
rxn:2:120704:151299,Cc1c(-c2ccc(C(C)NCc3ccc4c(c3)ncn4C3CC3)s2)ccc2nccn12,0.08376697378773842,0.6216216216216216
rxn:2:125955:147854,Cc1nn(C)c2ccc(-c3ccc(C(C)NCc4ccc5ccnn5c4)s3)cc12,0.08376344524580857,0.6428571428571429
rxn:2:82809:157753,CCc1c[nH]c2ncnc(-c3ccc(C(C)NCc4c(C)cc(C5CC5)[nH]c4=O)s3)c12,0.08376319177689091,0.704225352112676
rxn:2:69087:158710,Cc1cccc(-c2cnc(NC(C)c3ccc(-c4ccnc5[nH]cc(C)c45)s3)cn2)c1,0.08376050572241506,0.6428571428571429
rxn:2:104861:164117,CC(NCc1cn[nH]c1CC1CC1)c1ccc(-c2cc3c(cn2)ncn3C)s1,0.08375100578580584,0.7058823529411765
rxn:2:138190:162612,CCn1ncc2cc(-c3cnc(C(C)NCc4cc5ccccc5c(C)n4)c(OC)c3)ccc21,0.08375069849631366,0.6575342465753424
rxn:2:110360:147164,COc1cccc(-c2ccc(C(C)Nn3c(=O)[nH][nH]c3=O)s2)c1,0.08375056411909021,0.6206896551724138
rxn:2:138643:119339,CCC(NC1CC(c2nc(-c3cc[nH]c3)c[nH]2)C1)c1ccc(-c2cc[nH]c2)s1,0.08375040867498942,0.5753424657534246
rxn:2:137635:158710,Cc1c[nH]c2nccc(-c3ccc(C(C)NCCn4cnnc4-c4cnn(C)c4)s3)c12,0.08374595257543749,0.618421052631579
rxn:2:89249:157753,CCc1c[nH]c2ncnc(-c3ccc(C(C)NCC4(c5ccc(C)nn5)CCC4)s3)c12,0.0837440509949961,0.5974025974025974
rxn:2:162448:158710,Cc1c[nH]c2nccc(-c3ccc(C(C)NCc4ccc5c(=O)n(C)ccc5c4)s3)c12,0.08374326459823116,0.6956521739130435
rxn:2:65876:145452,CC(NCc1cc(-n2cncn2)ccn1)c1ccc(-c2ccc3cc[nH]c(=O)c3c2)s1,0.08374193983693276,0.6216216216216216
rxn:2:79001:157753,CCc1c[nH]c2ncnc(-c3ccc(C(C)NCc4cnc(CC5CC5)nc4)s3)c12,0.0837384541829427,0.6666666666666666
rxn:2:112858:168965,CC(NCc1cc(C2CC2)cs1)c1ccc(-c2cccc(-c3cnco3)c2)s1,0.0837341845035553,0.7313432835820896
rxn:2:119199:171510,CCC(NCc1cnc(SC2CCCCC2)c(C)c1)c1ccc(-c2ccc3ncsc3c2)s1,0.08373219316655939,0.6447368421052632
rxn:2:72104:157753,CCc1c[nH]c2ncnc(-c3ccc(C(C)Nc4c(OC)ccc5[nH]ccc45)s3)c12,0.08372902075449626,0.6388888888888888
rxn:2:76129:173019,CCCn1ccnc1CCNC(C)c1ccc(-c2cn(C(C)=O)c3ccccc23)s1,0.08372750282287597,0.6025641025641025
rxn:2:140218:145452,CCn1ccc2c(CNC(C)c3ccc(-c4ccc5cc[nH]c(=O)c5c4)s3)cccc21,0.08372629842450542,0.6857142857142857
rxn:2:106969:149983,COc1cnc2[nH]cc(-c3ccc(C(C)NCc4sc5nc(C)cn5c4C)s3)c2c1,0.0837232788403829,0.782608695652174
rxn:2:135640:157188,COc1c(-c2ccc(C(C)NCCc3c[nH]c4nc(C)ccc34)s2)ccnc1C,0.08372212483965118,0.5694444444444444
rxn:2:101490:168717,CC(NCc1cn2c3c(sc2n1)CCC3)c1ccc(-c2cnc3n2CCCC3)s1,0.08372150412921248,0.6081081081081081
rxn:2:139209:117232,Cc1cc(-c2ccoc2)ccc1C(C)Nc1n[nH]c(=O)[nH]1,0.08372030371711367,0.8367346938775511
rxn:2:89329:157804,COc1ccc2ncnc(-c3ccc(C(C)NCc4ccc(C(C)C)[nH]4)s3)c2c1,0.08371372058473785,0.6764705882352942
rxn:2:129062:147854,Cc1nn(C)c2ccc(-c3ccc(C(C)Nc4cnc5cc(C6CC6)nn5c4)s3)cc12,0.08371109347189626,0.6666666666666666
rxn:2:69041:168965,CCc1n[nH]cc1CC(C)NC(C)c1ccc(-c2cccc(-c3cnco3)c2)s1,0.08370876723322375,0.5657894736842105
rxn:2:124266:147854,Cc1nn(C)c2ccc(-c3ccc(C(C)NCCc4c[nH]c5ncnc(C6CCC6)c45)s3)cc12,0.08370597748195424,0.6923076923076923
rxn:2:85941:158710,Cc1c[nH]c2nccc(-c3ccc(C(C)NCc4ccnc5ncnn45)s3)c12,0.08370253443717957,0.6231884057971014
rxn:2:68085:168965,Cc1cnc(CC(C)CNC(C)c2ccc(-c3cccc(-c4cnco4)c3)s2)[nH]1,0.08369371192208652,0.5945945945945946
rxn:2:70572:170892,CC(NCc1cn[nH]c1-c1cccs1)c1ccc(-c2cc3sccc3s2)s1,0.08369332331198233,0.6197183098591549
rxn:2:88954:145209,CCc1cc(N2CCC(NC(C)c3ccc(-c4cc(C)c5c(cnn5C)c4)s3)C2)ncn1,0.08369266614317894,0.6883116883116883
rxn:2:127747:166234,CC(NCCc1n[nH]c2ccsc12)c1cnc(-c2ccc3ncsc3c2)s1,0.0836885306570265,0.6268656716417911
rxn:2:136710:157830,CCc1nc(CNC(C)c2ccc(-c3cnc(OC(C)C)s3)s2)ccc1OC1CC1,0.08368653853734334,0.6301369863013698
rxn:2:87222:151299,Cc1c(-c2ccc(C(C)NCCc3cc(C(C)C)on3)s2)ccc2nccn12,0.08368590474128723,0.6164383561643836
rxn:2:81603:158710,Cc1c[nH]c2nccc(-c3ccc(C(C)Nc4nonc4C(C)(C)C)s3)c12,0.08368225892384847,0.65625
rxn:2:87137:157652,CC(NCCc1cc(C2C3CC4CC(C3)CC2C4)[nH]n1)c1ccc(-c2ncnc3ccn(C)c23)s1,0.08367637225559779,0.6153846153846154
rxn:2:158945:158710,Cc1c[nH]c2nccc(-c3ccc(C(C)NCCc4nnc5c(-c6ccco6)ccnn45)s3)c12,0.08367169604581945,0.6
rxn:2:84559:145209,Cc1cc(-c2ccc(C(C)NCCC(C)n3ccnc3)s2)cc2cnn(C)c12,0.0836708162512098,0.676923076923077
rxn:2:151818:169604,CCCc1cc2c(=O)[nH]c(NC(C)c3ccc(-c4ccc5ncsc5c4)s3)nc2s1,0.08366902271906534,0.6376811594202898
rxn:2:91952:158710,Cc1csc2ccc(CNC(C)c3ccc(-c4ccnc5[nH]cc(C)c45)s3)cc12,0.08366847860402074,0.746031746031746
rxn:2:110360:173063,CCC(Nn1c(=O)[nH][nH]c1=O)c1ccc(-c2ccc3[nH]ccc3c2)s1,0.08366773605346679,0.6065573770491803
rxn:2:91306:145209,Cc1cc(C)nc(-n2cc(CNC(C)c3ccc(-c4cc(C)c5c(cnn5C)c4)s3)cn2)c1,0.08366764675487172,0.6891891891891891
rxn:2:114213:166234,CC(Nc1c[nH][nH]c1=O)c1cnc(-c2ccc3ncsc3c2)s1,0.08366706578627876,0.6557377049180327
rxn:2:94862:133432,COc1csc(-c2csc(C(C)NCc3cc(=O)[nH][nH]3)c2)c1,0.08366553214463321,0.6181818181818182
rxn:2:141710:78178,Cc1ccc(-c2ncc(C(C)NCc3nc4c(s3)CCCC4)s2)cn1,0.08366014480590821,0.5217391304347826
rxn:2:100752:156548,CC(NCc1nc(C(C)(C)C)c[nH]1)c1ccc(-c2cccc3nsnc23)s1,0.08365799321068658,0.6285714285714286
rxn:2:99816:151299,Cc1ccnc(CCNC(C)c2ccc(-c3ccc4nccn4c3C)s2)c1C1CC1,0.0836564064025879,0.6857142857142857
rxn:2:87228:170892,CC(NCc1cc(C2CC2)n(C)n1)c1ccc(-c2cc3sccc3s2)s1,0.08365460084034847,0.6417910447761194
rxn:2:136797:158710,Cc1c[nH]c2nccc(-c3ccc(C(C)NCC(C)Cc4nnns4)s3)c12,0.08365402619043986,0.6176470588235294
rxn:2:108877:148983,CC(NCc1cnn(C)c1N1CCCC1)c1ccc(-c2ccc3o[nH]c(=O)c3c2)s1,0.08364886045455933,0.64
rxn:2:125545:158710,Cc1c[nH]c2nccc(-c3ccc(C(C)Nc4cc(=O)[nH]c(=O)n4C4CCCC4)s3)c12,0.08364758952971428,0.5974025974025974
rxn:2:122968:166234,CC(NCc1nc2n(n1)CC(F)CC2)c1cnc(-c2ccc3ncsc3c2)s1,0.08364010070051466,0.581081081081081
rxn:2:133047:170874,Cc1cc(CNC(C)c2ccc(-c3cc(C)c4ncccc4c3)s2)nc(N2CCCC2)n1,0.0836392231285572,0.6617647058823529
rxn:2:131345:142273,Cc1cc(CNC(C)c2ccc(-c3cnc(N(C)C)s3)s2)nc(C2CC2)n1,0.08363851573732164,0.6231884057971014
rxn:2:99816:164117,Cc1ccnc(CCNC(C)c2ccc(-c3cc4c(cn3)ncn4C)s2)c1C1CC1,0.08363616863886515,0.6666666666666666
rxn:2:152306:169604,CC(NCc1cc2cccc3c2n(c1=O)CC3)c1ccc(-c2ccc3ncsc3c2)s1,0.0836326249184147,0.5822784810126582
rxn:2:66624:157753,CCc1c[nH]c2ncnc(-c3ccc(C(C)NCc4nc(C5CC(C)C5)cs4)s3)c12,0.0836296538511912,0.6351351351351351
rxn:2:108421:157753,CCc1c[nH]c2ncnc(-c3ccc(C(C)Nc4ncc(CCc5cccs5)n4C)s3)c12,0.08362551964819431,0.5974025974025974
rxn:2:123016:150247,CC(C)c1n[nH]cc1CCNC(C)c1ccc(-c2ccc3n[nH]c(=O)n3c2)s1,0.08362230232783727,0.6621621621621622
rxn:2:86459:149983,COc1cnc2[nH]cc(-c3ccc(C(C)NCCc4nnc(-c5cccs5)[nH]4)s3)c2c1,0.0836198253016318,0.6578947368421053
rxn:2:90812:151299,Cc1nc(CNC(C)c2ccc(-c3ccc4nccn4c3C)s2)cc(-c2ccco2)n1,0.08361890239100303,0.7323943661971831
rxn:2:115443:151299,Cc1nn2cc(CCNC(C)c3ccc(-c4ccc5nccn5c4C)s3)nc2s1,0.08361828532712214,0.647887323943662
rxn:2:110892:168965,Cc1cc(CNC(C)c2ccc(-c3cccc(-c4cnco4)c3)s2)nc(C)n1,0.0836181002003806,0.8064516129032258
rxn:2:129078:158710,Cc1cc(-c2cccc(NC(C)c3ccc(-c4ccnc5[nH]cc(C)c45)s3)c2)ccn1,0.08361632208670339,0.7619047619047619
rxn:2:78464:161792,CC(C)c1sc(CNC(C)c2ccc(-c3cc4c(=O)nc[nH]c4s3)cn2)nc1-c1nccs1,0.08360687891642253,0.6351351351351351
rxn:2:150051:147106,Cc1[nH]c(CNC(C)c2ccc(-c3ccc4c(c3)ncn4C)s2)nc1Cc1ccc(C(C)C)cc1,0.0836057152066912,0.726027397260274
rxn:2:105966:164117,COc1ccc2[nH]cc(CCNC(C)c3ccc(-c4cc5c(cn4)ncn5C)s3)c2n1,0.08360399738434822,0.7066666666666667
rxn:2:93707:144913,CC(C)c1n[nH]cc1CNC(C)c1ccc(-c2ccc3ncc(=O)n(C)c3c2)s1,0.08360122401138832,0.6666666666666666
rxn:2:93624:158710,Cc1oc2ccc(CCNC(C)c3ccc(-c4ccnc5[nH]cc(C)c45)s3)cc2c1C,0.08360022114169213,0.6575342465753424
rxn:2:127301:152183,CC(C)c1cc(CNC(C)c2ccc(-c3ccc4c(c3)OCO4)s2)nn1C1CC1,0.08359448663119612,0.6714285714285714
rxn:2:141263:173019,CC(=O)n1cc(-c2ccc(C(C)NCc3cnn4c3OCC(C)(C)C4)s2)c2ccccc21,0.08359399810433388,0.5783132530120482
rxn:2:89509:113963,CC(Nc1cncc(=O)[nH]1)c1cc(-c2cc[nH]c2)cs1,0.0835928589105606,0.6862745098039216
rxn:2:145378:158710,Cc1c[nH]c2nccc(-c3ccc(C(C)Nc4nc5cc6[nH]ncc6cc5s4)s3)c12,0.08359206716219585,0.6666666666666666
rxn:2:143954:168965,Cc1nc(C2CCC2)cc2nc(CCNC(C)c3ccc(-c4cccc(-c5cnco5)c4)s3)cn12,0.08358686651502337,0.6506024096385542
rxn:2:122532:107408,Cc1nc(CNC(C)c2ccc(-c3ccsc3)s2)sc1C(C)(F)F,0.08357847730318706,0.6212121212121212
rxn:2:93093:150647,CC(NCc1cc2c(s1)CCSC2)c1ccc(-c2ccc3ocnc3c2)s1,0.0835705907256515,0.6666666666666666
rxn:2:90792:170892,CC(NCc1cc(C2CC2)n(C2CC2)n1)c1ccc(-c2cc3sccc3s2)s1,0.08356838992663793,0.6027397260273972
rxn:2:84074:145452,CC(NCc1ccc2c(c1)ncn2C)c1ccc(-c2ccc3cc[nH]c(=O)c3c2)s1,0.08356642524401346,0.7419354838709677
rxn:2:119796:145209,Cc1ncsc1-c1ncc(CNC(C)c2ccc(-c3cc(C)c4c(cnn4C)c3)s2)s1,0.08356609267573203,0.8059701492537313
rxn:2:144549:164117,CC(Nc1nc(=O)c2c3c(sc2[nH]1)CSCC3)c1ccc(-c2cc3c(cn2)ncn3C)s1,0.0835652593523264,0.5609756097560976
rxn:2:128429:142273,CC(NCc1ccc2c(c1)N(C)CCC2)c1ccc(-c2cnc(N(C)C)s2)s1,0.08356489879744393,0.6164383561643836
rxn:2:135113:157753,CCc1c[nH]c2ncnc(-c3ccc(C(C)Nc4cc(=O)[nH]c(SCc5cscn5)n4)s3)c12,0.08356188282822118,0.5822784810126582
rxn:2:79461:157753,CCc1c[nH]c2ncnc(-c3ccc(C(C)NCc4c[nH][nH]c4=O)s3)c12,0.08356074186471793,0.8032786885245902
rxn:2:127539:142273,CC(NCc1cc(C(C)(C)C)[nH]n1)c1ccc(-c2cnc(N(C)C)s2)s1,0.08355399049245395,0.6129032258064516
rxn:2:103830:145209,Cc1cc(-c2ccc(C(C)NCc3n[nH]c(Cc4ccccc4)n3)s2)cc2cnn(C)c12,0.08355189114809036,0.8153846153846154
rxn:2:111046:145452,CC(NCc1nc2cc(N(C)C)ccc2o1)c1ccc(-c2ccc3cc[nH]c(=O)c3c2)s1,0.08355037495493889,0.7857142857142857
rxn:2:110360:123915,CC(CCc1c[nH]c2cnccc12)Nn1c(=O)[nH][nH]c1=O,0.08354892333348592,0.39655172413793105
rxn:2:121938:149983,COc1cnc2[nH]cc(-c3ccc(C(C)NCc4cc(-c5cccs5)cs4)s3)c2c1,0.08354803721110025,0.7571428571428571
rxn:2:145648:158710,Cc1c[nH]c2nccc(-c3ccc(C(C)NC(c4ccccc4)c4n[nH]c(C5CCCO5)n4)s3)c12,0.08354544469288418,0.5421686746987951
rxn:2:91920:145452,COCc1nsc(CNC(C)c2ccc(-c3ccc4cc[nH]c(=O)c4c3)s2)n1,0.08354543575218745,0.65625
rxn:2:68112:145209,Cc1cc(-c2ccc(C(C)Nc3ccccc3CCSc3nncs3)s2)cc2cnn(C)c12,0.08354439970218774,0.5769230769230769
rxn:2:106508:157753,CCc1c[nH]c2ncnc(-c3ccc(C(C)Nc4cncc5nnn(C(C)C)c45)s3)c12,0.08354411971184515,0.6323529411764706
rxn:2:130068:170874,COc1cccc2[nH]cc(CNC(C)c3ccc(-c4cc(C)c5ncccc5c4)s3)c12,0.0835355693294156,0.855072463768116
rxn:2:111103:158710,Cc1c[nH]c2nccc(-c3ccc(C(C)Nc4ncccc4-n4ccc(C5CC5)n4)s3)c12,0.08353420346975327,0.6266666666666667
rxn:2:81723:110041,CC(Nc1n[nH]c(=O)c2cnccc12)c1csc(-c2ccsc2)c1,0.08353366702795029,0.7288135593220338
rxn:2:112858:144913,CC(NCc1cc(C2CC2)cs1)c1ccc(-c2ccc3ncc(=O)n(C)c3c2)s1,0.08353329938033531,0.6666666666666666
rxn:2:108627:144232,Cc1cccc2[nH]cc(CNC(C)c3ccc(-c4cc(N(C)C)ncn4)s3)c12,0.08353024295398168,0.5857142857142857
rxn:2:104552:158710,COc1ccc(-c2nnc(CNC(C)c3ccc(-c4ccnc5[nH]cc(C)c45)s3)s2)cc1C,0.08352697618079907,0.6351351351351351
rxn:2:110603:158710,Cc1c[nH]c2nccc(-c3ccc(C(C)NCc4cnn5c4CCC5)s3)c12,0.08352526028951009,0.6428571428571429
rxn:2:84866:168965,CC(NCCc1cc(-c2ccc[nH]2)n(C)n1)c1ccc(-c2cccc(-c3cnco3)c2)s1,0.08352196216583252,0.5974025974025974
rxn:2:69824:147106,Cc1nc(N(C)C)sc1CCNC(C)c1ccc(-c2ccc3c(c2)ncn3C)s1,0.0835193590871219,0.6865671641791045
rxn:2:149511:157753,CCc1c[nH]c2ncnc(-c3ccc(C(C)NCc4cc(C(C)C)nc5[nH][nH]c(=O)c45)s3)c12,0.08351843284838127,0.6619718309859155
rxn:2:165024:158710,Cc1c[nH]c2nccc(-c3ccc(C(C)NCc4nc5nc(Cc6ccccc6)ccc5o4)s3)c12,0.0835164053099496,0.684931506849315
rxn:2:107171:170892,COc1cccc2[nH]nc(CCNC(C)c3ccc(-c4cc5sccc5s4)s3)c12,0.08351497403506575,0.6805555555555556
rxn:2:108627:158710,Cc1cccc2[nH]cc(CNC(C)c3ccc(-c4ccnc5[nH]cc(C)c45)s3)c12,0.08351451775123334,0.8333333333333334
rxn:2:136201:157403,CCOc1cccc2[nH]cc(CCNC(C)c3ccc(-c4ncncc4OC)s3)c12,0.08351303339004516,0.7878787878787878
rxn:2:74699:161792,COc1nc(NC(C)c2ccc(-c3cc4c(=O)nc[nH]c4s3)cn2)ncc1SC,0.08351086953590656,0.5641025641025641
rxn:2:106021:145209,CCCC(NC(C)c1ccc(-c2cc(C)c3c(cnn3C)c2)s1)c1nc(C2CC2)nn1C,0.08350477926433086,0.6805555555555556
rxn:2:69779:151299,Cc1n[nH]c2c(CNC(C)c3ccc(-c4ccc5nccn5c4C)s3)cccc12,0.08349214751144936,0.7101449275362319
rxn:2:109542:161792,CC(NCC[C@@H]1C[C@H]2CC[C@@H]1C2)c1ccc(-c2cc3c(=O)nc[nH]c3s2)cn1,0.08348229314599719,0.569620253164557
rxn:2:93632:170828,CC(NCc1nc2c(s1)CSCC2)c1ccc(-c2ccc3sccc3c2)s1,0.0834793073159677,0.7272727272727273
rxn:2:123315:151299,Cc1c(-c2ccc(C(C)NCc3cnc(OC(C)C)cn3)s2)ccc2nccn12,0.08347730801023286,0.6666666666666666
rxn:2:106572:157753,CCc1c[nH]c2ncnc(-c3ccc(C(C)Nc4nnc(SCCN5CCCCC5)[nH]4)s3)c12,0.0834768143567172,0.575
rxn:2:97860:170892,CCCc1[nH]cnc1CCNC(C)c1ccc(-c2cc3sccc3s2)s1,0.08347215560766366,0.65625
rxn:2:78664:157188,COc1c(-c2ccc(C(C)NCCc3nsc4ccccc34)s2)ccnc1C,0.08346607855388097,0.6764705882352942
rxn:2:154959:149983,COc1cnc2[nH]cc(-c3ccc(C(C)NCc4cn(-c5cc(C(C)C)ccn5)nc4C)s3)c2c1,0.08346395322254725,0.6049382716049383
rxn:2:127764:158710,Cc1c[nH]c2nccc(-c3ccc(C(C)NCC4COc5ccnn54)s3)c12,0.0834632295149344,0.6056338028169014
rxn:2:126914:148983,CC(C)c1nc(CNC(C)c2ccc(-c3ccc4o[nH]c(=O)c4c3)s2)c[nH]1,0.08346244582423458,0.7
rxn:2:71903:157188,COc1c(-c2ccc(C(C)NCCc3noc(Cc4ccsc4)n3)s2)ccnc1C,0.08346218665440877,0.5783132530120482
rxn:2:98396:150504,CC(NCc1cc(C2CCCC2)no1)n1cc(-c2nc3c(s2)C(=O)CCC3)cn1,0.08346126202879281,0.48314606741573035
rxn:2:144365:158710,Cc1c[nH]c2nccc(-c3ccc(C(C)NCCc4ncsc4-c4c[nH]c5ccccc45)s3)c12,0.08345794502426596,0.6712328767123288
rxn:2:83604:145209,Cc1cc(-c2ccc(C(C)NCC3N=N3)s2)cc2cnn(C)c12,0.08345694127290146,0.7096774193548387
rxn:2:106689:157753,CCc1c[nH]c2ncnc(-c3ccc(C(C)NCc4ncc(C(C)C)o4)s3)c12,0.08345559878008706,0.6875
rxn:2:130370:66791,Cc1csc(-c2csc(C(C)Nc3cc(=O)c4[nH]nnc4[nH]3)c2)c1,0.0834478884935379,0.603448275862069
rxn:2:133625:169604,CC(NCCc1nn(C)c2ccsc12)c1ccc(-c2ccc3ncsc3c2)s1,0.08344753086566925,0.6911764705882353
rxn:2:159469:158710,Cc1[nH]c2c(C)cccc2c1-c1cc(NC(C)c2ccc(-c3ccnc4[nH]cc(C)c34)s2)[nH]n1,0.08344558407278622,0.6944444444444444
rxn:2:155810:168163,Cc1cc(-n2cc(NC(C)c3ccc(-c4ncncc4C)s3)c(C3CCC3)n2)ccn1,0.0834438262447234,0.6933333333333334
rxn:2:118833:168050,CC(NCc1cc2c(s1)CCCC2)c1ncc(-c2ccc3occc3c2)s1,0.08344275421566433,0.5
rxn:2:113674:147106,CC(NCc1cc(C2CC2)nc(C2CC2)n1)c1ccc(-c2ccc3c(c2)ncn3C)s1,0.08344258800629646,0.6956521739130435
rxn:2:125973:158710,Cc1c[nH]c2nccc(-c3ccc(C(C)NCCc4c5n(c6ccncc46)CCC5)s3)c12,0.08344189822673798,0.6666666666666666
rxn:2:132112:157753,CCCc1ncc(CNC(C)c2ccc(-c3ncnc4[nH]cc(CC)c34)s2)o1,0.08344184287956782,0.6428571428571429
rxn:2:90533:157804,COc1ccc2ncnc(-c3ccc(C(C)NCc4cc(-c5ccc(C)cc5OC)[nH]n4)s3)c2c1,0.08343971456800188,0.6756756756756757
rxn:2:163066:170874,COc1ccc(C)cc1Cc1nc(CNC(C)c2ccc(-c3cc(C)c4ncccc4c3)s2)cs1,0.08342962605612618,0.7088607594936709
rxn:2:132944:145452,CC(NCc1cc2cccn2cn1)c1ccc(-c2ccc3cc[nH]c(=O)c3c2)s1,0.08342946397847142,0.6756756756756757
rxn:2:107230:168965,CC(NCc1cc(CC2CC2)n(C2CCCCC2)n1)c1ccc(-c2cccc(-c3cnco3)c2)s1,0.08342253821236746,0.72
rxn:2:112615:145452,CC(NCCC1CCc2ccc3c(c21)CCO3)c1ccc(-c2ccc3cc[nH]c(=O)c3c2)s1,0.08342164213007147,0.6419753086419753
rxn:2:71105:145452,Cc1nc(SC2CCCCC2)ccc1CNC(C)c1ccc(-c2ccc3cc[nH]c(=O)c3c2)s1,0.0834154486656189,0.6363636363636364
rxn:2:103011:156548,CC(NCc1ccc2ccoc2n1)c1ccc(-c2cccc3nsnc23)s1,0.08341472237198441,0.6875
rxn:2:87285:150247,CC(NCc1nc2c(s1)COCC2)c1ccc(-c2ccc3n[nH]c(=O)n3c2)s1,0.0834021270275116,0.7605633802816901
rxn:2:127844:146196,CCN1CCc2ccc(CNC(C)c3ccc(-c4cc5cn[nH]c5cc4C)s3)cc21,0.0833994468053182,0.6233766233766234
rxn:2:97860:150329,CCCc1[nH]cnc1CCNC(C)c1ccc(-c2ccnc3[nH]cc(C)c23)cn1,0.08339549549694719,0.75
rxn:2:76367:157403,COc1cncnc1-c1ccc(C(C)NCCc2cn3ncsc3n2)s1,0.08339373423502995,0.6351351351351351
rxn:2:109584:155996,Cc1cc(C)c2c(CCNC(C)c3ccc(-c4cc(OC(C)C)ncn4)s3)c[nH]c2c1,0.08339366220658825,0.6438356164383562
rxn:2:129370:145452,CC(NCc1ccc(Cn2ccnc2)o1)c1ccc(-c2ccc3cc[nH]c(=O)c3c2)s1,0.08339308154198431,0.6086956521739131
rxn:2:107780:157753,CCc1c[nH]c2ncnc(-c3ccc(C(C)NC(C)COc4cc[nH]n4)s3)c12,0.083391900573458,0.6027397260273972
rxn:2:69824:149983,COc1cnc2[nH]cc(-c3ccc(C(C)NCCc4sc(N(C)C)nc4C)s3)c2c1,0.08339169025421142,0.6447368421052632
rxn:2:83332:158710,Cc1c[nH]c2nccc(-c3ccc(C(C)Nc4cc(N5CCC(F)(F)CC5)ncn4)s3)c12,0.08338657207787037,0.6923076923076923
rxn:2:73946:145452,CCCn1ncc(CNC(C)c2ccc(-c3ccc4cc[nH]c(=O)c4c3)s2)c1CC,0.08338155349095662,0.6619718309859155
rxn:2:110272:156548,CC(NCc1noc(-c2cccn2C)n1)c1ccc(-c2cccc3nsnc23)s1,0.08337929331023118,0.7
rxn:2:113914:159258,CC(NCCc1noc(-c2cccn2C)n1)c1ncc(-c2ccc3ncsc3c2)s1,0.08337923685709635,0.6301369863013698
rxn:2:120150:156548,COc1cc(CNC(C)c2ccc(-c3cccc4nsnc34)s2)cc(N(C)C)n1,0.08337736335294,0.6376811594202898
rxn:2:114828:149983,COc1cnc2[nH]cc(-c3ccc(C(C)NCc4cn(CC5CCC5)nn4)s3)c2c1,0.08337675333023072,0.7341772151898734
rxn:2:128153:98748,Cc1cccc2c1SCCC2NCc1onc2ncoc12,0.08337037903921944,0.47692307692307695
rxn:2:117571:157753,CCc1c[nH]c2ncnc(-c3ccc(C(C)Nc4cc[nH]n4)s3)c12,0.08336922029654185,0.6949152542372882
rxn:2:122931:170874,Cc1cc(-c2ccc(C(C)NCc3ccnc(N(C)C)n3)s2)cc2cccnc12,0.08336903720066466,0.7258064516129032
rxn:2:106227:147106,Cc1ccn2nc(CNC(C)c3ccc(-c4ccc5c(c4)ncn5C)s3)cc2c1,0.0833647579982363,0.6338028169014085
rxn:2:131401:156548,CCc1nc(CCNC(C)c2ccc(-c3cccc4nsnc34)s2)c2ccccn12,0.08336403369903564,0.6323529411764706
rxn:2:133316:157804,COc1ccc2ncnc(-c3ccc(C(C)NCc4cccc(-c5cc[nH]n5)c4)s3)c2c1,0.08335886895656586,0.6363636363636364
rxn:2:102167:157753,CCc1c[nH]c2ncnc(-c3ccc(C(C)Nc4cnc5c(C)cccn45)s3)c12,0.08335658805123691,0.6029411764705882
rxn:2:88072:158710,Cc1c[nH]c2nccc(-c3ccc(C(C)NCc4ccc(N5CCCC(C)C5)nc4)s3)c12,0.08335307613015175,0.6153846153846154
rxn:2:131733:131422,CC(NCc1nc(=N)[nH][nH]1)c1ccc(S(F)(F)(F)(F)F)cc1,0.08335192095149647,0.509090909090909
rxn:2:141748:159258,CC(NCC1C(c2cnccn2)C1(F)F)c1ncc(-c2ccc3ncsc3c2)s1,0.08334816324299779,0.7205882352941176
rxn:2:137726:157753,CCc1nn(-c2cnccc2SC)cc1CNC(C)c1ccc(-c2ncnc3[nH]cc(CC)c23)s1,0.08334663254874093,0.6986301369863014
rxn:2:77585:158710,Cc1c[nH]c2nccc(-c3ccc(C(C)Nc4nncc5[nH]c(CC(C)C)nc45)s3)c12,0.08334523439407349,0.6338028169014085
rxn:2:121147:147854,Cc1nn(C)c2ccc(-c3ccc(C(C)NCc4cc5c(s4)CCCS5)s3)cc12,0.08334502680548306,0.6388888888888888
rxn:2:136506:170874,Cc1cc(-c2ccc(C(C)NCc3nccc(N(C)C)n3)s2)cc2cccnc12,0.08333327441379942,0.6818181818181818
rxn:2:98844:169604,CC(NCC1CC(F)CN1Cc1nccs1)c1ccc(-c2ccc3ncsc3c2)s1,0.0833307941754659,0.625
rxn:2:90865:158710,Cc1c[nH]c2nccc(-c3ccc(C(C)NCCc4ccc5c(c4)CCOC5)s3)c12,0.08332326610883077,0.6621621621621622
rxn:2:110348:164117,Cc1[nH]c(=O)c(CNC(C)c2ccc(-c3cc4c(cn3)ncn4C)s2)c2c1CCC2,0.0833214521408081,0.631578947368421
rxn:2:115776:157753,CCc1c[nH]c2ncnc(-c3ccc(C(C)Nc4nc(-n5ccc(C)n5)c(C)s4)s3)c12,0.08332047923918694,0.6527777777777778
rxn:2:110360:124273,CC(Nn1c(=O)[nH][nH]c1=O)c1ccc(-c2cnsc2)s1,0.08331921249628067,0.6458333333333334
rxn:2:92382:115754,CSCC(Nc1cn[nH]c1)c1ccc2c(c1)CCCS2,0.08330938965082169,0.8269230769230769
rxn:2:127847:145209,Cc1cc(-c2ccc(C(C)Nc3nc(SCC(C)C)n[nH]3)s2)cc2cnn(C)c12,0.08330824457365892,0.6619718309859155
rxn:2:164104:145452,CC(NCc1ccc(-c2cc(C(C)(C)C)ccn2)s1)c1ccc(-c2ccc3cc[nH]c(=O)c3c2)s1,0.08330373253141131,0.676056338028169
rxn:2:148488:147854,Cc1nn(C)c2ccc(-c3ccc(C(C)NCc4cccc(N5CCc6sccc6C5)n4)s3)cc12,0.08330237184252058,0.5769230769230769
rxn:2:95535:157753,CCc1c[nH]c2ncnc(-c3ccc(C(C)NCC[C@@H]4CCc5ccc6c(c54)CCO6)s3)c12,0.08330201380180591,0.5897435897435898
rxn:2:95624:164117,CC(NCCc1cc(C2CCOC2)no1)c1ccc(-c2cc3c(cn2)ncn3C)s1,0.08328856229782104,0.6986301369863014
rxn:2:138076:149983,COc1cnc2[nH]cc(-c3ccc(C(C)NCCc4ccon4)s3)c2c1,0.08328656049875113,0.6811594202898551
rxn:2:127789:158710,Cc1nc(NC(C)c2ccc(-c3ccnc4[nH]cc(C)c34)s2)cc(C2CC2)n1,0.08328531682491302,0.7301587301587301
rxn:2:137725:145452,CCc1c(CNC(C)c2ccc(-c3ccc4cc[nH]c(=O)c4c3)s2)ncn1C,0.08328192787511009,0.6666666666666666
rxn:2:93093:171438,CC(NCc1cc2c(s1)CCSC2)c1ccc(-c2ccc3cccnc3c2)s1,0.08327959052153996,0.6571428571428571
rxn:2:76322:141988,Cc1cc(-c2ccc(C(C)NC3CCN(c4cnsn4)CC3)s2)cs1,0.08327927112579346,0.45
rxn:2:162348:157753,CCc1c[nH]c2ncnc(-c3ccc(C(C)NCc4ccc(-c5c[nH]c(=O)[nH]c5=O)cc4)s3)c12,0.08327695552040548,0.6714285714285714
rxn:2:111250:164117,CC1CCC(CCNC(C)c2ccc(-c3cc4c(cn3)ncn4C)s2)C1,0.0832748688184298,0.6470588235294118
rxn:2:87563:156548,CC(NCCc1cc2ccccn2c1)c1ccc(-c2cccc3nsnc23)s1,0.08327459863254003,0.6285714285714286
rxn:2:95283:157188,COc1c(-c2ccc(C(C)NCCc3ncn4ccccc34)s2)ccnc1C,0.08327452625547137,0.6857142857142857
rxn:2:99911:145452,CC(NCCc1cnc(SC2CCCC2)nc1)c1ccc(-c2ccc3cc[nH]c(=O)c3c2)s1,0.08327309651808305,0.6527777777777778
rxn:2:116042:145452,CC(NCc1cccc(-c2c[nH]cn2)c1)c1ccc(-c2ccc3cc[nH]c(=O)c3c2)s1,0.0832720148947931,0.7142857142857143
rxn:2:77462:159258,CC(NCCc1noc(Cc2cccs2)n1)c1ncc(-c2ccc3ncsc3c2)s1,0.08327188889185587,0.6351351351351351
rxn:2:80268:158710,Cc1c[nH]c2nccc(-c3ccc(C(C)Nc4nc(SCC(C)C)ns4)s3)c12,0.08326810385499682,0.6285714285714286
rxn:2:103154:158710,CCn1nc(C)c(CNC(C)c2ccc(-c3ccnc4[nH]cc(C)c34)s2)n1,0.08326705738350197,0.6716417910447762
rxn:2:77263:145209,CCOc1c(CNC(C)c2ccc(-c3cc(C)c4c(cnn4C)c3)s2)cccc1OC,0.08326473159174766,0.7297297297297297
rxn:2:127539:148983,CC(NCc1cc(C(C)(C)C)[nH]n1)c1ccc(-c2ccc3o[nH]c(=O)c3c2)s1,0.0832643870796476,0.703125
rxn:2:76322:67081,Cc1ccc(-c2csc(C(C)NC3CCN(c4cnsn4)CC3)c2)o1,0.08326037526130677,0.43478260869565216
rxn:2:102268:148983,CC(NCc1nc2cccnc2o1)c1ccc(-c2ccc3o[nH]c(=O)c3c2)s1,0.0832565895148686,0.6956521739130435
rxn:2:118833:141436,CC(NCc1cc2c(s1)CCCC2)c1ccc(-c2cnn(C)c2)s1,0.08325649797916412,0.6875
rxn:2:133883:156548,Cc1nc(CNC(C)c2ccc(-c3cccc4nsnc34)s2)c[nH]1,0.08325295398632686,0.7301587301587301
rxn:2:137141:158710,CCCn1ncc(CNC(C)c2ccc(-c3ccnc4[nH]cc(C)c34)s2)c1C,0.08324508581842695,0.647887323943662
rxn:2:103729:165909,CCCc1cc(CNC(C)c2ccc(-c3cnc(SC)n4cnnc34)s2)n[nH]1,0.08324405125209264,0.6712328767123288
rxn:2:82902:145209,Cc1cc(-c2ccc(C(C)Nc3c[nH]nc3CC(C)C)s2)cc2cnn(C)c12,0.08323971075671059,0.7575757575757576
rxn:2:80016:145209,COc1cc(CCNC(C)c2ccc(-c3cc(C)c4c(cnn4C)c3)s2)cc(C)n1,0.08323948383331299,0.7272727272727273
rxn:2:131515:157804,COc1ccc2ncnc(-c3ccc(C(C)NCc4cc(-c5ccoc5)nc(C5CC5)n4)s3)c2c1,0.08322817427771433,0.6049382716049383
rxn:2:129822:145452,CC(NCCc1cccn2ccnc12)c1ccc(-c2ccc3cc[nH]c(=O)c3c2)s1,0.08322388927141826,0.684931506849315
rxn:2:133867:168965,Cc1cccc2[nH]cc(CCC(C)NC(C)c3ccc(-c4cccc(-c5cnco5)c4)s3)c12,0.08322359215129506,0.6233766233766234
rxn:2:71886:170892,COc1cccc2[nH]cc(CCNC(C)c3ccc(-c4cc5sccc5s4)s3)c12,0.08321888898981028,0.6666666666666666
rxn:2:109814:158710,CCc1nc2ccc(C(C)CCNC(C)c3ccc(-c4ccnc5[nH]cc(C)c45)s3)cc2[nH]1,0.0832149043227687,0.6835443037974683
rxn:2:139154:158710,Cc1c[nH]c2nccc(-c3ccc(C(C)NCc4[nH]c(-c5ccco5)nc4C4CC4)s3)c12,0.08321347460150719,0.6533333333333333
rxn:2:104981:151299,CCOc1c[nH]nc1CCNC(C)c1ccc(-c2ccc3nccn3c2C)s1,0.08321054492677961,0.6619718309859155
rxn:2:76995:147854,Cc1ccc2nc(CCNC(C)c3ccc(-c4ccc5c(c4)c(C)nn5C)s3)[nH]c2c1,0.0832067766497212,0.684931506849315
rxn:2:125192:159258,CC(C)c1nc(CCNC(C)c2ncc(-c3ccc4ncsc4c3)s2)c(-c2cc[nH]c2)[nH]1,0.08320648968219757,0.625
rxn:2:137467:145452,Cc1[nH]c(C2(CNC(C)c3ccc(-c4ccc5cc[nH]c(=O)c5c4)s3)CC2)nc1-c1cccs1,0.08320278805844925,0.6125
rxn:2:136710:171438,CCc1nc(CNC(C)c2ccc(-c3ccc4cccnc4c3)s2)ccc1OC1CC1,0.08320111228573707,0.75
rxn:2:106008:170874,Cc1cc(-c2ccc(C(C)NCc3nc4c(s3)CCCCC4)s2)cc2cccnc12,0.08320013086001078,0.7878787878787878
rxn:2:100824:145452,Cc1cc(C(C)(C)CNC(C)c2ccc(-c3ccc4cc[nH]c(=O)c4c3)s2)ncn1,0.08319857915242514,0.6212121212121212
rxn:2:117780:145209,CCC(CNC(C)c1ccc(-c2cc(C)c3c(cnn3C)c2)s1)n1cccn1,0.08319854097706932,0.6376811594202898
rxn:2:95283:165909,CSc1ncc(-c2ccc(C(C)NCCc3ncn4ccccc34)s2)c2nncn12,0.08319272001584371,0.6282051282051282
rxn:2:91748:145452,CCCc1cccc(-n2cc(CNC(C)c3ccc(-c4ccc5cc[nH]c(=O)c5c4)s3)cn2)n1,0.08318487335653867,0.6753246753246753
rxn:2:110083:169604,CC(NCCc1cnc(-c2cccs2)s1)c1ccc(-c2ccc3ncsc3c2)s1,0.08318379624136563,0.696969696969697
rxn:2:100197:148983,CC(C)c1cc(CNC(C)c2ccc(-c3ccc4o[nH]c(=O)c4c3)s2)ccn1,0.08318316297871726,0.7142857142857143
rxn:2:77770:151299,Cc1c(-c2ccc(C(C)NCc3c[nH]c(C4C5CC6CC(C5)CC4C6)n3)s2)ccc2nccn12,0.0831809376969057,0.7571428571428571
rxn:2:87113:158710,Cc1c[nH]c2nccc(-c3ccc(C(C)Nc4[nH]ncc4-c4nc(C5CCCCC5)no4)s3)c12,0.08317921792759615,0.65
rxn:2:127937:163711,CC(NCc1cc2c(s1)CSC2)c1ccc(-c2cnn(C3CCOC3)c2)s1,0.08317918247646755,0.6233766233766234
rxn:2:141538:151299,Cc1cc(-c2sccc2C)nc(CNC(C)c2ccc(-c3ccc4nccn4c3C)s2)n1,0.08317558839917183,0.676056338028169
rxn:2:119803:151299,Cc1c(-c2ccc(C(C)NCc3cc(C4C5CC6CC(C5)CC4C6)n[nH]3)s2)ccc2nccn12,0.08317407965660095,0.6025641025641025
rxn:2:128493:157753,CCc1c[nH]c2ncnc(-c3ccc(C(C)NCc4cc5n(n4)CCCCN5C)s3)c12,0.0831730769526574,0.7123287671232876
rxn:2:107077:147854,COc1cc(CCNC(C)c2ccc(-c3ccc4c(c3)c(C)nn4C)s2)on1,0.08317056724003383,0.6527777777777778
rxn:2:120768:159258,Cc1nc(CCNC(C)c2ncc(-c3ccc4ncsc4c3)s2)cn1C,0.08316711737559392,0.7230769230769231
rxn:2:165873:159258,CC(Nc1nc2[nH]c3c(c2c(=O)[nH]1)CCCC3)c1ncc(-c2ccc3ncsc3c2)s1,0.08316678577853788,0.6111111111111112
rxn:2:95971:144913,CC(NCc1cc2n(n1)CCSC2)c1ccc(-c2ccc3ncc(=O)n(C)c3c2)s1,0.08316353956858318,0.6533333333333333
rxn:2:81877:145452,CC(NCC1CC1c1cn(C)cn1)c1ccc(-c2ccc3cc[nH]c(=O)c3c2)s1,0.08316278046575086,0.6666666666666666
rxn:2:129681:145209,Cc1cc(-c2ccc(C(C)NC[C@H]3CCS[C@H](C)C3)s2)cc2cnn(C)c12,0.08315691683027479,0.6811594202898551
rxn:2:124864:157753,CCc1c[nH]c2ncnc(-c3ccc(C(C)N[C@H](C)c4ccc5[nH]ccc5c4)s3)c12,0.08315326571464539,0.6052631578947368
rxn:2:71886:169558,COc1cccc2[nH]cc(CCNC(C)c3ncc(-c4cc5cc(C)ccc5s4)s3)c12,0.08315180193993353,0.6533333333333333
rxn:2:83794:164117,CCc1ncc(CNC(C)c2ccc(-c3cc4c(cn3)ncn4C)s2)s1,0.0831456184387207,0.75
rxn:2:113364:149983,COc1cnc2[nH]cc(-c3ccc(C(C)NCCc4nn5c(c4C)CCC5)s3)c2c1,0.08314545154571533,0.65
rxn:2:83754:173019,COc1ccc2cc(CNC(C)c3ccc(-c4cn(C(C)=O)c5ccccc45)s3)[nH]c2c1,0.08314425311982632,0.6
rxn:2:116730:156548,CC(NCc1ccc(-n2cccn2)nn1)c1ccc(-c2cccc3nsnc23)s1,0.08314327535958126,0.6
rxn:2:123961:84225,CCc1ccc(-c2ccc(C(C)NCCc3c[nH]c4cccc(C)c34)s2)s1,0.08314268677322953,0.6935483870967742
rxn:2:69539:161792,CCOc1nn(CC)cc1CNC(C)c1ccc(-c2cc3c(=O)nc[nH]c3s2)cn1,0.08314077059427898,0.6266666666666667
rxn:2:134148:157753,CCc1c[nH]c2ncnc(-c3ccc(C(C)Nc4ccccc4-n4cccc4)s3)c12,0.08313986659049988,0.6935483870967742
rxn:2:137210:158710,Cc1c[nH]c2nccc(-c3ccc(C(C)Nc4n[nH]c(=O)c5[nH]ncc45)s3)c12,0.08313947064535958,0.6764705882352942
rxn:2:98904:149983,COc1cnc2[nH]cc(-c3ccc(C(C)NCc4nc5cccc(C)c5n4C)s3)c2c1,0.0831377467801494,0.6575342465753424
rxn:2:134511:158710,Cc1c[nH]c2nccc(-c3ccc(C(C)NCc4ccc5nnnn5c4)s3)c12,0.08313559634344918,0.6376811594202898
rxn:2:77516:158710,Cc1c[nH]c2nccc(-c3ccc(C(C)Nc4cncn5cnnc45)s3)c12,0.0831244256761339,0.6323529411764706
rxn:2:74698:142273,CC(C)c1cc(CNC(C)c2ccc(-c3cnc(N(C)C)s3)s2)nc(C2CC2)n1,0.08312233563127189,0.6376811594202898
rxn:2:138822:157188,COc1c(-c2ccc(C(C)NCCc3occ4ccccc34)s2)ccnc1C,0.08311877506119865,0.6811594202898551
rxn:2:104861:171510,CCC(NCc1cn[nH]c1CC1CC1)c1ccc(-c2ccc3ncsc3c2)s1,0.08311596938541957,0.6621621621621622
rxn:2:111709:158710,CSc1nc2ncnc(NC(C)c3ccc(-c4ccnc5[nH]cc(C)c45)s3)n2n1,0.08309943511568267,0.6818181818181818
rxn:2:83671:157753,CCc1c[nH]c2ncnc(-c3ccc(C(C)NCc4cn(CC5(F)CCCC5)nn4)s3)c12,0.08309560269117355,0.6538461538461539
rxn:2:97610:161792,CC(NCC1CCc2cn[nH]c2C1)c1ccc(-c2cc3c(=O)nc[nH]c3s2)cn1,0.08309464619077485,0.5945945945945946
rxn:2:99009:145452,Cc1ccc2[nH]c(CCNC(C)c3ccc(-c4ccc5cc[nH]c(=O)c5c4)s3)cc2c1,0.08308938241774036,0.7
rxn:2:75150:145452,Cc1cccn2c(CNC(C)c3ccc(-c4ccc5cc[nH]c(=O)c5c4)s3)cnc12,0.08308818340301513,0.6621621621621622
rxn:2:80244:145452,CC(NCc1ccc(-c2cnco2)cc1)c1ccc(-c2ccc3cc[nH]c(=O)c3c2)s1,0.08308796151991814,0.7377049180327869
rxn:2:94885:158710,Cc1cc(NC(C)c2ccc(-c3ccnc4[nH]cc(C)c34)s2)cnc1-c1cnn(C)c1,0.08308774425137427,0.7
rxn:2:123602:145452,Cc1noc(C2OCCC2CNC(C)c2ccc(-c3ccc4cc[nH]c(=O)c4c3)s2)n1,0.0830852908472861,0.6125
rxn:2:123420:164117,COc1sc2c(c1CNC(C)c1ccc(-c3cc4c(cn3)ncn4C)s1)CCCN2C,0.08308366421730287,0.5769230769230769
rxn:2:138822:164117,CC(NCCc1occ2ccccc12)c1ccc(-c2cc3c(cn2)ncn3C)s1,0.08308315688166125,0.6338028169014085
rxn:2:96587:168476,CCn1cccc1-c1noc(CNC(C)c2ccc(-c3cnc4scnc4c3)s2)n1,0.08308284481366475,0.6455696202531646
rxn:2:141979:170874,Cc1c[nH]c2cc(CNC(C)c3ccc(-c4cc(C)c5ncccc5c4)s3)ccc12,0.08307865460713705,0.6865671641791045
rxn:2:128543:165180,CCn1nc(CNC(C)c2ccc(-c3ccc4ncoc4c3)s2)cc1CC(C)C,0.08307712242521088,0.6714285714285714
rxn:2:140397:145452,CCc1cc(NC(C)c2ccc(-c3ccc4cc[nH]c(=O)c4c3)s2)n(C(C)C2CCCC2)n1,0.08307659987247351,0.5897435897435898
rxn:2:145116:171510,CCC(NCc1cc(Cc2cccs2)nc(C2CC2)n1)c1ccc(-c2ccc3ncsc3c2)s1,0.08307424012352438,0.6621621621621622
rxn:2:77168:171510,CCC(CC)c1nn2cc(CNC(CC)c3ccc(-c4ccc5ncsc5c4)s3)nc2s1,0.08307230472564697,0.7246376811594203
rxn:2:90792:160502,CCC(NCc1cc(C2CC2)n(C2CC2)n1)c1ccc(-c2ccc3cnn(C)c3c2)s1,0.08307202400699738,0.618421052631579
rxn:2:96673:147854,Cc1nn(C)c2ccc(-c3ccc(C(C)NCC(C)Cn4ccnc4)s3)cc12,0.08307104451315743,0.6216216216216216
rxn:2:89819:145209,CCn1nc(-c2csc(CNC(C)c3ccc(-c4cc(C)c5c(cnn5C)c4)s3)n2)cc1C,0.08306458502104788,0.7222222222222222
rxn:2:154847:156548,CC(Nc1nc2cc3[nH]cnc3cc2c(=O)[nH]1)c1ccc(-c2cccc3nsnc23)s1,0.08306456573547856,0.5616438356164384
rxn:2:163705:156548,Cc1cccc2[nH]cc(Cc3c[nH]nc3CNC(C)c3ccc(-c4cccc5nsnc45)s3)c12,0.08306135500178617,0.6025641025641025
rxn:2:97773:157753,CCc1c[nH]c2ncnc(-c3ccc(C(C)Nc4ccc(-c5oc(C)nc5C)cc4)s3)c12,0.08305716142058372,0.6111111111111112
rxn:2:78796:149983,COc1cnc2[nH]cc(-c3ccc(C(C)NCC(F)Cc4c[nH]c5ccccc45)s3)c2c1,0.08305341191589832,0.6578947368421053
rxn:2:119734:157753,CCc1nc(-c2cccc(C)c2NC(C)c2ccc(-c3ncnc4[nH]cc(CC)c34)s2)n[nH]1,0.08305308493700894,0.5866666666666667
rxn:2:112963:169604,Cc1cccc2[nH]c(CNC(C)c3ccc(-c4ccc5ncsc5c4)s3)nc12,0.08305235845702034,0.8153846153846154
rxn:2:112876:158710,Cc1c[nH]c2nccc(-c3ccc(C(C)Nc4nccc5[nH]c(=O)[nH]c45)s3)c12,0.08305156018052783,0.6716417910447762
rxn:2:100838:158710,Cc1ncn(CCNC(C)c2ccc(-c3ccnc4[nH]cc(C)c34)s2)c1C,0.08304740764476636,0.6617647058823529
rxn:2:139839:157753,CCc1c[nH]c2ncnc(-c3ccc(C(C)NCc4cc(C5CC5)sc4OC)s3)c12,0.08304705023765564,0.6712328767123288
rxn:2:91491:157753,CCOc1cnc(CNC(C)c2ccc(-c3ncnc4[nH]cc(CC)c34)s2)nc1,0.08304649385912664,0.6818181818181818
rxn:2:141710:170968,CC(NCc1nc2c(s1)CCCC2)c1ccc(-c2cnc3ccccc3c2)s1,0.08304516332490104,0.6142857142857143
rxn:2:107087:149983,COc1cnc2[nH]cc(-c3ccc(C(C)Nc4[nH]ncc4CC(C)C)s3)c2c1,0.08304508243288312,0.6086956521739131
rxn:2:82190:149983,COc1cnc2[nH]cc(-c3ccc(C(C)NCc4ccc5c(c4)C(C)CO5)s3)c2c1,0.08304049968719482,0.6712328767123288
rxn:2:81673:145209,CCCNC(C)c1ccc(-c2cc(C)c3c(cnn3C)c2)s1,0.08303945714777167,0.7818181818181819
rxn:2:132863:159258,CC(C)c1ncc(CNC(C)c2ncc(-c3ccc4ncsc4c3)s2)cn1,0.08303790180771439,0.7924528301886793
rxn:2:162801:148983,Cc1cc(C)c2cc(CNC(C)c3ccc(-c4ccc5o[nH]c(=O)c5c4)s3)c(=O)n(C)c2c1,0.08303426612507213,0.6486486486486487
rxn:2:84219:149983,COCc1cc(C)[nH]c(=O)c1CNC(C)c1ccc(-c2c[nH]c3ncc(OC)cc23)s1,0.0830227674976472,0.6973684210526315
rxn:2:136710:160502,CCc1nc(CNC(CC)c2ccc(-c3ccc4cnn(C)c4c3)s2)ccc1OC1CC1,0.08302267268300056,0.6493506493506493
rxn:2:123206:145452,Cc1cccc2c(CCC(C)NC(C)c3ccc(-c4ccc5cc[nH]c(=O)c5c4)s3)c[nH]c12,0.08302212483955151,0.7941176470588235
rxn:2:86444:172033,CC(NCc1c[nH]c(C2CCCC2)n1)c1ccc(-c2ccc(-c3cn[nH]c3)cc2)s1,0.08302023410797119,0.647887323943662
rxn:2:82801:173019,CC(=O)n1cc(-c2ccc(C(C)NCCc3cccc4ccsc34)s2)c2ccccc21,0.08301739923415645,0.6621621621621622
rxn:2:162298:145209,CCc1cc2n(CC)c(CNC(C)c3ccc(-c4cc(C)c5c(cnn5C)c4)s3)cc(=O)n2n1,0.08301587315166697,0.6486486486486487
rxn:2:127946:145452,CC(C)c1ccnc(-n2cc(CNC(C)c3ccc(-c4ccc5cc[nH]c(=O)c5c4)s3)cn2)c1,0.08301491947735057,0.68
rxn:2:101490:162609,CC(NCc1cn2c3c(sc2n1)CCC3)c1cc2cc(-c3ccnn3C)ccc2o1,0.0830129067103068,0.5466666666666666
rxn:2:77083:157804,COc1ccc2ncnc(-c3ccc(C(C)NCc4cnc(-c5ccsc5)nc4)s3)c2c1,0.08301138132810593,0.6486486486486487
rxn:2:151762:157753,CCc1c[nH]c2ncnc(-c3ccc(C(C)NCCc4cc(-c5cc6c(C)cccc6[nH]5)[nH]n4)s3)c12,0.08301099969281091,0.7272727272727273
rxn:2:110988:169604,CC(C)Cn1ccn2nc(CNC(C)c3ccc(-c4ccc5ncsc5c4)s3)cc12,0.08300753037134806,0.6666666666666666
rxn:2:109235:164117,CCC(CC)c1cc(CNC(C)c2ccc(-c3cc4c(cn3)ncn4C)s2)nc(C)n1,0.08300685113476168,0.696969696969697
rxn:2:139209:114159,CC(Nc1n[nH]c(=O)[nH]1)c1csc(-c2ccncc2)c1,0.08300556540489197,0.7021276595744681
rxn:2:109218:142264,CCC(NCc1nc2c(C)cc(C)cc2[nH]1)c1ccc(-c2ccc3c(cnn3C)c2)s1,0.0829967491088375,0.7910447761194029
rxn:2:132632:148983,COc1sc(C)cc1CNC(C)c1ccc(-c2ccc3o[nH]c(=O)c3c2)s1,0.08299292899944165,0.6811594202898551
rxn:2:106351:156548,CC(Nc1ncnc2[nH]c(=N)[nH]c12)c1ccc(-c2cccc3nsnc23)s1,0.08299118721926654,0.6060606060606061
rxn:2:91717:166003,O=Nc1cn[nH]c1NC1CCc2ccc(-c3cc[nH]c3)cc21,0.08299082246693698,0.5737704918032787
rxn:2:119796:86289,CCCCC1CCC1NCc1cnc(-c2scnc2C)s1,0.0829853784470331,0.4
rxn:2:92918:170874,Cc1[nH]c(CCNC(C)c2ccc(-c3cc(C)c4ncccc4c3)s2)nc1-c1ccc[nH]1,0.08298498392105103,0.7162162162162162
rxn:2:129331:156548,Cc1nc(CCNC(C)c2ccc(-c3cccc4nsnc34)s2)cs1,0.08298481225967408,0.8771929824561403
rxn:2:139543:165909,CSc1ncc(-c2ccc(C(C)NCCc3csc(N(C)C)n3)s2)c2nncn12,0.08298249491329851,0.6455696202531646
rxn:2:79051:151299,Cc1c(-c2ccc(C(C)NCc3ccc(C(C)(C)C)s3)s2)ccc2nccn12,0.08297779730388097,0.671875
rxn:2:96587:165748,CCn1cccc1-c1noc(CNC(C)c2ccc(-c3cnc(N4CCOCC4)s3)s2)n1,0.08297584019601345,0.6125
rxn:2:95824:156548,CCc1cc(CCNC(C)c2ccc(-c3cccc4nsnc34)s2)c(OC)nc1C,0.08297440608342489,0.6142857142857143
rxn:2:117329:157188,COc1c(-c2ccc(C(C)NCc3cc(C4CCCC4)on3)s2)ccnc1C,0.08296010749680656,0.6714285714285714
rxn:2:90792:167920,Cc1[nH]nc2ccc(-c3ccc(C(C)NCc4cc(C5CC5)n(C5CC5)n4)s3)cc12,0.08295888106028239,0.6756756756756757
rxn:2:87044:149983,COc1cnc2[nH]cc(-c3ccc(C(C)NCc4nc(C5CC5)oc4C4CC4)s3)c2c1,0.08295871942274032,0.6891891891891891
rxn:2:131011:173063,CCC(NCc1nc2c(C)cc(C)nc2[nH]1)c1ccc(-c2ccc3[nH]ccc3c2)s1,0.08295760949452718,0.6956521739130435
rxn:2:113313:131613,Cc1nccc2c(C(C)NC3CCN(c4ncnc5sccc45)C3)csc12,0.082957422291791,0.6323529411764706
rxn:2:88800:166855,Cc1ncc(-c2ccc(C(C)NCCc3n[nH]c4cccc(C)c34)s2)c2[nH]ccc12,0.08295671939849854,0.6363636363636364
rxn:2:137697:147854,Cc1nn(C)c2ccc(-c3ccc(C(C)NCc4cnc(C)n4C)s3)cc12,0.08294946176034433,0.6825396825396826
rxn:2:121718:147106,CCn1nc(CNC(C)c2ccc(-c3ccc4c(c3)ncn4C)s2)cc1CC1CC1,0.08294636408487956,0.7681159420289855
rxn:2:97686:149983,COc1cnc2[nH]cc(-c3ccc(C(C)Nc4cc(-c5ccccn5)no4)s3)c2c1,0.08294489781061808,0.5789473684210527
rxn:2:106792:145452,CC(NCCC1C(c2ccoc2)C1(F)F)c1ccc(-c2ccc3cc[nH]c(=O)c3c2)s1,0.08293655610853626,0.6338028169014085
rxn:2:125138:169604,CC(NCc1ccc2[nH]ncc2c1)c1ccc(-c2ccc3ncsc3c2)s1,0.08293542155513058,0.7543859649122807
rxn:2:122024:151299,Cc1c(-c2ccc(C(C)NCCc3nc4ccncc4[nH]3)s2)ccc2nccn12,0.08293343001398547,0.676056338028169
rxn:2:91142:158710,CCCc1nc(C(C)(NC(C)c2ccc(-c3ccnc4[nH]cc(C)c34)s2)C2CCCC2)no1,0.08292604215217358,0.6097560975609756
rxn:2:159690:145452,CC(NCC1C(c2ccnc3[nH]ccc23)C1(F)F)c1ccc(-c2ccc3cc[nH]c(=O)c3c2)s1,0.08291459784788244,0.6285714285714286
rxn:2:93399:157753,CCc1c[nH]c2ncnc(-c3ccc(C(C)NCc4noc5c(C)cccc45)s3)c12,0.08291332324345907,0.6956521739130435
rxn:2:123771:165909,CSc1ncc(-c2ccc(C(C)NCc3cn4nc(C5CCCCC5)sc4n3)s2)c2nncn12,0.0828942060470581,0.725
rxn:2:85591:107623,CCC(C)c1cc(CNC(C)c2csc(-c3ccc(C)cn3)c2)nc(C)n1,0.08289380426760073,0.4657534246575342
rxn:2:83985:145452,CC(Nc1cnc2c(C3CC3)cnn2c1)c1ccc(-c2ccc3cc[nH]c(=O)c3c2)s1,0.08289293704494353,0.6197183098591549
rxn:2:114213:159258,CC(Nc1c[nH][nH]c1=O)c1ncc(-c2ccc3ncsc3c2)s1,0.08289185295934262,0.671875
rxn:2:107354:158710,CCc1ccc2nnc(CCNC(C)c3ccc(-c4ccnc5[nH]cc(C)c45)s3)cc2c1,0.08288626931607723,0.6266666666666667
rxn:2:70572:159258,CC(NCc1cn[nH]c1-c1cccs1)c1ncc(-c2ccc3ncsc3c2)s1,0.08287584355899266,0.6417910447761194
rxn:2:88602:149983,COc1cnc2[nH]cc(-c3ccc(C(C)NCc4nnc(CSC)[nH]4)s3)c2c1,0.08287103474140167,0.6714285714285714
rxn:2:128243:148983,Cc1cccc2c1CC(CNC(C)c1ccc(-c3ccc4o[nH]c(=O)c4c3)s1)CS2,0.0828665018081665,0.6111111111111112
rxn:2:74510:157652,Cc1ccnc2[nH]cc(CCNC(C)c3ccc(-c4ncnc5ccn(C)c45)s3)c12,0.08286231756210327,0.7464788732394366
rxn:2:160604:156548,CC(Nc1nc2c(Cc3ccsc3)c[nH]c2c(=O)[nH]1)c1ccc(-c2cccc3nsnc23)s1,0.08285794655481975,0.5
rxn:2:144873:149983,COc1cnc2[nH]cc(-c3ccc(C(C)NCCc4cn(C)c(Cc5ccc(C)cc5C)n4)s3)c2c1,0.08284864160749647,0.65
rxn:2:134313:147854,Cc1nn(C)c2ccc(-c3ccc(C(C)NCc4cc5c(s4)CSCC5)s3)cc12,0.08284683885245488,0.6388888888888888
rxn:2:103688:147854,Cc1nn(C)c2ccc(-c3ccc(C(C)NCCc4ncc(-c5ccco5)o4)s3)cc12,0.08284101370842226,0.5974025974025974
rxn:2:86778:158710,CCc1cnnn1-c1nonc1NC(C)c1ccc(-c2ccnc3[nH]cc(C)c23)s1,0.08283030788103739,0.5866666666666667
rxn:2:109584:167920,Cc1cc(C)c2c(CCNC(C)c3ccc(-c4ccc5n[nH]c(C)c5c4)s3)c[nH]c2c1,0.08282370721140216,0.6944444444444444
rxn:2:70375:158710,Cc1ccc2nc(NC(C)c3ccc(-c4ccnc5[nH]cc(C)c45)s3)cnc2c1,0.08281842593489022,0.6666666666666666
rxn:2:119234:164117,CC(NCc1cccc(C2CC(F)(F)C2)n1)c1ccc(-c2cc3c(cn2)ncn3C)s1,0.08281203623740904,0.6712328767123288
rxn:2:123181:158710,Cc1c[nH]c2nccc(-c3ccc(C(C)Nc4cc(C(C)C)n(C5CCC5)n4)s3)c12,0.08281120657920837,0.6944444444444444
rxn:2:74717:145209,COCC1(NC(C)c2ccc(-c3cc(C)c4c(cnn4C)c3)s2)CC(C)C1,0.0828107198079427,0.625
rxn:2:131011:172033,Cc1cc(C)c2nc(CNC(C)c3ccc(-c4ccc(-c5cn[nH]c5)cc4)s3)[nH]c2n1,0.08280754473901564,0.6470588235294118
rxn:2:106574:149679,COc1cc(C)ccc1CCNC(C)c1ccc(-c2cnn(CC3CC3)c2)s1,0.08280158468655177,0.6388888888888888
rxn:2:127844:153725,CCN1CCc2ccc(CNC(C)c3ccc(-c4cnc(N(C)C)nc4)s3)cc21,0.08280004715097361,0.6438356164383562
rxn:2:130034:173019,CC(=O)n1cc(-c2ccc(C(C)NCc3cnn(C(C)C)c3)s2)c2ccccc21,0.08279847071088593,0.6811594202898551
rxn:2:120768:147854,Cc1nn(C)c2ccc(-c3ccc(C(C)NCCc4cn(C)c(C)n4)s3)cc12,0.08279606699943542,0.7611940298507462
rxn:2:158664:145452,CC(NCc1[nH]ncc1-c1c[nH]c2ccccc12)c1ccc(-c2ccc3cc[nH]c(=O)c3c2)s1,0.08279539206448723,0.64
rxn:2:121147:157804,COc1ccc2ncnc(-c3ccc(C(C)NCc4cc5c(s4)CCCS5)s3)c2c1,0.08279422322909037,0.620253164556962
rxn:2:114914:145451,Cc1cc(C)c2nc(CNC(C)c3ncc(-c4cnc(OC(C)C)nc4)s3)cn2c1,0.08278768658638,0.6470588235294118
rxn:2:91717:170379,CC(C1CC1)C(Nc1[nH]ncc1N=O)c1ccc(-c2cccc3[nH]ncc23)cc1,0.08278618598806448,0.65625
rxn:2:77576:166336,COc1cn[nH]c(=O)c1-c1ccc(C(C)NCc2cc(C3CC3)ccn2)s1,0.0827848337314747,0.6901408450704225
rxn:2:140540:165909,CSc1ncc(-c2ccc(C(C)NCc3ccnc(N4CCCC4)n3)s2)c2nncn12,0.08278453350067139,0.6533333333333333
rxn:2:160325:161792,COc1cccc(Cn2c(C)cc(CNC(C)c3ccc(-c4cc5c(=O)nc[nH]c5s4)cn3)c2C)c1,0.08278369572427538,0.5925925925925926
rxn:2:85085:116842,CSc1ccc(-c2ccc(C(C)NCc3nc(C)c(C(C)F)s3)s2)cc1,0.08278044141255893,0.6451612903225806
rxn:2:112821:166234,CC(C)c1ncc(CNC(C)c2cnc(-c3ccc4ncsc4c3)s2)s1,0.08277881145477295,0.6842105263157895
rxn:2:68796:145209,Cc1cc(-c2ccc(C(C)NCCc3cc4ccccc4o3)s2)cc2cnn(C)c12,0.08277634382247925,0.7058823529411765
rxn:2:118833:171510,CCC(NCc1cc2c(s1)CCCC2)c1ccc(-c2ccc3ncsc3c2)s1,0.08276480862072536,0.8032786885245902
rxn:2:116465:157753,CCc1c[nH]c2ncnc(-c3ccc(C(C)Nc4nc(C)nc5ncnn45)s3)c12,0.08276455772334132,0.6714285714285714
rxn:2:89509:172035,CC(Nc1cncc(=O)[nH]1)c1csc(-c2ccc3[nH]ccc3c2)c1,0.08276361723740895,0.6612903225806451
rxn:2:109269:164117,CSCc1ncc(CNC(C)c2ccc(-c3cc4c(cn3)ncn4C)s2)cn1,0.08276029569762093,0.746031746031746
rxn:2:162954:165909,CSc1ncc(-c2ccc(C(C)NCc3c[nH]c4nc(-c5ccccn5)nc(C)c34)s2)c2nncn12,0.08275341159767574,0.6222222222222222
rxn:2:135613:147854,Cc1nn(C)c2ccc(-c3ccc(C(C)NCCC4CC5CCC4C5)s3)cc12,0.08275309630802699,0.625
rxn:2:99457:145452,CC(NCc1cc2ccncc2o1)c1ccc(-c2ccc3cc[nH]c(=O)c3c2)s1,0.08275124944489577,0.6901408450704225
rxn:2:72001:148983,CCc1[nH]c(CNC(C)c2ccc(-c3ccc4o[nH]c(=O)c4c3)s2)nc1C,0.08275122774971856,0.7121212121212122
rxn:2:86253:157753,CCc1c[nH]c2ncnc(-c3ccc(C(C)Nc4csc5c4CCC5)s3)c12,0.08274750797836869,0.6984126984126984
rxn:2:74698:148278,CC(C)c1cc(CNC(C)c2ccc(-c3cccc4cn[nH]c34)s2)nc(C2CC2)n1,0.08274064858754476,0.6081081081081081
rxn:2:100122:147854,Cc1nn(C)c2ccc(-c3ccc(C(C)NCCc4nc(C(C)C)no4)s3)cc12,0.08273292821029136,0.7123287671232876
rxn:2:80613:169604,CC(NCc1c[nH]ncc1=O)c1ccc(-c2ccc3ncsc3c2)s1,0.08272780179977417,0.7142857142857143
rxn:2:107315:146196,CCc1c[nH]c2cc(CNC(C)c3ccc(-c4cc5cn[nH]c5cc4C)s3)ccc12,0.08272622227668762,0.6619718309859155
rxn:2:141365:156548,CC(NCc1cn(C2CCC2)nn1)c1ccc(-c2cccc3nsnc23)s1,0.08272446526421441,0.6619718309859155
rxn:2:101288:149983,COc1cnc2[nH]cc(-c3ccc(C(C)NCc4cc(CC(C)(C)C)ncn4)s3)c2c1,0.08271536903996621,0.6571428571428571
rxn:2:107070:168965,CC(NCc1nccc(N2CCC2)n1)c1ccc(-c2cccc(-c3cnco3)c2)s1,0.08271428147951762,0.6172839506172839
rxn:2:101490:170940,COc1ccc2oc(-c3ccc(C(C)NCc4cn5c6c(sc5n4)CCC6)s3)cc2c1,0.08271296370413996,0.6883116883116883
rxn:2:146532:145452,CC(Nc1nc2[nH]c(C3CC3)cc2c(=O)[nH]1)c1ccc(-c2ccc3cc[nH]c(=O)c3c2)s1,0.08271254971623421,0.6301369863013698
rxn:2:121718:172841,CCn1nc(CNC(C)c2cc(-c3ccc4sccc4c3)cs2)cc1CC1CC1,0.08271220223657016,0.5526315789473685
rxn:2:164362:158710,COc1cccc2c(=O)c(CNC(C)c3ccc(-c4ccnc5[nH]cc(C)c45)s3)c[nH]c12,0.08270991966128349,0.8787878787878788
rxn:2:71886:171438,COc1cccc2[nH]cc(CCNC(C)c3ccc(-c4ccc5cccnc5c4)s3)c12,0.08270938550272296,0.7534246575342466
rxn:2:74698:147106,CC(C)c1cc(CNC(C)c2ccc(-c3ccc4c(c3)ncn4C)s2)nc(C2CC2)n1,0.08270772234086067,0.7083333333333334
rxn:2:96169:150247,CC(NCCc1nn(C)c2ccccc12)c1ccc(-c2ccc3n[nH]c(=O)n3c2)s1,0.0827069620291392,0.6266666666666667
rxn:2:128917:145209,Cc1cc(-c2ccc(C(C)NCCn3nc(-c4ccsc4)c4c3CCC4)s2)cc2cnn(C)c12,0.08270413735333611,0.6710526315789473
rxn:2:91814:148983,CC(C)c1nsc(CNC(C)c2ccc(-c3ccc4o[nH]c(=O)c4c3)s2)n1,0.08270310031043158,0.6818181818181818
rxn:2:87285:156548,CC(NCc1nc2c(s1)COCC2)c1ccc(-c2cccc3nsnc23)s1,0.08270144904101337,0.7205882352941176
rxn:2:128897:145452,CC(NCc1nnc(C2CCC2)n1C)c1ccc(-c2ccc3cc[nH]c(=O)c3c2)s1,0.08270024061203003,0.6712328767123288
rxn:2:121718:133432,CCn1nc(CNC(C)c2cc(-c3cc(OC)cs3)cs2)cc1CC1CC1,0.08269534508387248,0.5512820512820513
rxn:2:107958:158710,CSCc1noc(-c2ccc(CNC(C)c3ccc(-c4ccnc5[nH]cc(C)c45)s3)cc2)n1,0.08269490978934547,0.631578947368421
rxn:2:92257:148983,CC(NCc1cc2n(n1)CC1(CC1)CO2)c1ccc(-c2ccc3o[nH]c(=O)c3c2)s1,0.08269436558087667,0.631578947368421
rxn:2:65944:159258,CC(NCc1ccc2c3c1CCCN3CCC2)c1ncc(-c2ccc3ncsc3c2)s1,0.08269283079331921,0.5675675675675675
rxn:2:70610:157753,CCc1c[nH]c2ncnc(-c3ccc(C(C)NCc4cc(C(C)(C)C)nc(C5CC5)n4)s3)c12,0.08268883553418246,0.7571428571428571
rxn:2:92814:157652,CCCOc1nc(NC(C)c2ccc(-c3ncnc4ccn(C)c34)s2)nc2nc[nH]c12,0.08268511487591651,0.6666666666666666
rxn:2:70891:159258,CC(NCc1csc2c1CCCN2C)c1ncc(-c2ccc3ncsc3c2)s1,0.08268197519438607,0.5833333333333334
rxn:2:139209:136237,Cc1c[nH]c2ccc(C(C)Nc3n[nH]c(=O)[nH]3)cc12,0.08268161510166369,0.8260869565217391
rxn:2:125118:147854,Cc1nn(C)c2ccc(-c3ccc(C(C)NCCc4nc(-c5ccccc5)c[nH]4)s3)cc12,0.08267756924033165,0.64
rxn:2:80678:157753,CCc1c[nH]c2ncnc(-c3ccc(C(C)NCc4cc5n(c4)CCCC5)s3)c12,0.08267618869913035,0.6527777777777778
rxn:2:97392:165909,CSc1cc(C)c(CNC(C)c2ccc(-c3cnc(SC)n4cnnc34)s2)cn1,0.08267612292848785,0.6714285714285714
rxn:2:66079:159258,Cc1nc(N2CCCCCC2)sc1CNC(C)c1ncc(-c2ccc3ncsc3c2)s1,0.08267593768335157,0.6470588235294118
