molecule_name,score,max_hist_sim,hf_unique,shelf_ok
rxn:2:116808:147405,0.1086606295020492,0.59375,True,True
rxn:2:116808:156270,0.10689189178603035,0.6140350877192983,True,True
rxn:2:79824:159352,0.1025120735168457,0.7464788732394366,True,True
rxn:2:147486:167865,0.10217846743762493,0.7121212121212122,True,True
rxn:2:138879:149475,0.10216866654378397,0.7101449275362319,True,True
rxn:2:153842:96095,0.1021025963127613,0.6617647058823529,True,True
rxn:2:93644:169241,0.1017940090252803,0.6557377049180327,True,True
rxn:2:153842:82351,0.1016994468097029,0.6833333333333333,True,True
rxn:2:153842:112303,0.101652842980844,0.7368421052631579,True,True
rxn:2:153842:66730,0.10161096078378183,0.6610169491525424,True,True
rxn:2:153842:91071,0.10151565074920654,0.711864406779661,True,True
rxn:2:147486:158647,0.10149262710051103,0.6470588235294118,True,True
rxn:2:68063:171868,0.10146844599928175,0.6111111111111112,True,True
rxn:2:153842:106310,0.10145014950207301,0.7377049180327869,True,True
rxn:2:138879:162805,0.10134844252696404,0.6842105263157895,True,True
rxn:2:147486:147290,0.10130161046981812,0.7272727272727273,True,True
rxn:2:119782:143259,0.10127065650054387,0.4166666666666667,True,True
rxn:2:153842:163723,0.10119076336131376,0.7384615384615385,True,True
rxn:2:73954:147925,0.10107239809903232,0.5066666666666667,True,True
rxn:2:147486:145958,0.10089561614123257,0.6666666666666666,True,True
rxn:2:153842:118558,0.10081084697477279,0.746031746031746,True,True
rxn:2:68063:170700,0.10078216832259605,0.6571428571428571,True,True
rxn:2:138879:155405,0.1007764797944289,0.6865671641791045,True,True
rxn:2:119020:143248,0.1007653783107626,0.7457627118644068,True,True
rxn:2:153842:103860,0.10072881367898756,0.7014925373134329,True,True
rxn:2:74989:161340,0.1006616223603487,0.6891891891891891,True,True
rxn:2:110360:171120,0.10060532225502862,0.6923076923076923,True,True
rxn:2:147486:114668,0.10054387152194977,0.6774193548387096,True,True
rxn:2:91355:107281,0.1004596437726702,0.71875,True,True
rxn:2:138879:157311,0.10042923463113379,0.7397260273972602,True,True
rxn:2:153842:170526,0.1004064492881298,0.6349206349206349,True,True
rxn:2:104126:171680,0.1003711784587187,0.5789473684210527,True,True
rxn:2:68063:169183,0.10032501618067423,0.7058823529411765,True,True
rxn:2:147486:149040,0.10020742671830314,0.6349206349206349,True,True
rxn:2:79824:124582,0.10020206066278312,0.6607142857142857,True,True
rxn:2:147486:170493,0.1001549243927002,0.6811594202898551,True,True
rxn:2:68063:171517,0.10015272652661358,0.6451612903225806,True,True
rxn:2:147486:102100,0.10012145289059343,0.6376811594202898,True,True
rxn:2:89333:167491,0.10009195974894933,0.5217391304347826,True,True
rxn:2:153842:160651,0.10001569285112269,0.6417910447761194,True,True
rxn:2:147486:156760,0.09997771417393404,0.704225352112676,True,True
rxn:2:138879:151477,0.09992367691463894,0.6557377049180327,True,True
rxn:2:147486:150150,0.09986359964717519,0.696969696969697,True,True
rxn:2:153842:159964,0.09984613006765192,0.6142857142857143,True,True
rxn:2:125488:129807,0.09980666160583496,0.5245901639344263,True,True
rxn:2:68063:173005,0.09980483507287913,0.6712328767123288,True,True
rxn:2:153842:66406,0.09979676283322848,0.7037037037037037,True,True
rxn:2:141847:169613,0.09971204510441532,0.5645161290322581,True,True
rxn:2:73951:171246,0.09970388135739736,0.6785714285714286,True,True
rxn:2:153842:99564,0.09966994565108726,0.7413793103448276,True,True
rxn:2:153842:131923,0.09963575502236684,0.6666666666666666,True,True
rxn:2:89081:171505,0.09961568767374213,0.6428571428571429,True,True
rxn:2:147486:150630,0.09957713589948766,0.7121212121212122,True,True
rxn:2:153842:85031,0.09955898235584128,0.7166666666666667,True,True
rxn:2:147486:160027,0.09952471653620402,0.6666666666666666,True,True
rxn:2:138879:67717,0.09952031821012497,0.6909090909090909,True,True
rxn:2:138879:154204,0.09945190261150229,0.7352941176470589,True,True
rxn:2:127178:130245,0.09939863946702746,0.5396825396825397,True,True
rxn:2:147486:142662,0.09937825347438003,0.6285714285714286,True,True
rxn:2:153842:167167,0.09937495986620586,0.711864406779661,True,True
rxn:2:74989:158141,0.09935787229826956,0.5657894736842105,True,True
rxn:2:153842:164917,0.099338048888791,0.7058823529411765,True,True
rxn:2:138879:150065,0.09933508367374025,0.6617647058823529,True,True
rxn:2:69594:161617,0.09932084517045454,0.5783132530120482,True,True
rxn:2:68063:169938,0.09931735481534686,0.7313432835820896,True,True
rxn:2:68063:151704,0.09930750727653503,0.6615384615384615,True,True
rxn:2:153842:126174,0.09926284423896245,0.6129032258064516,True,True
rxn:2:138879:165495,0.09921392984688282,0.6388888888888888,True,True
rxn:2:138879:160705,0.09921054169535637,0.6666666666666666,True,True
rxn:2:147486:154752,0.09921020991874463,0.7142857142857143,True,True
rxn:2:153842:118398,0.09918339164168746,0.65,True,True
rxn:2:127178:158135,0.09918030723929405,0.5,True,True
rxn:2:73951:158024,0.0991695445516835,0.5373134328358209,True,True
rxn:2:147486:146961,0.09916804414806944,0.6571428571428571,True,True
rxn:2:73951:80113,0.09915782156444732,0.6829268292682927,True,True
rxn:2:147486:152083,0.09913068811098735,0.7424242424242424,True,True
rxn:2:127178:104330,0.09912576419966561,0.7142857142857143,True,True
rxn:2:73951:171253,0.09908893601647739,0.6615384615384615,True,True
rxn:2:153842:139813,0.09907846848169963,0.7241379310344828,True,True
rxn:2:100318:170452,0.09907673398653666,0.7213114754098361,True,True
rxn:2:138879:102079,0.09904297727804917,0.6,True,True
rxn:2:81212:170420,0.09900071070744441,0.4666666666666667,True,True
rxn:2:122047:129807,0.09899036531095151,0.5151515151515151,True,True
rxn:2:153842:96975,0.09898491842406136,0.7192982456140351,True,True
rxn:2:116808:143259,0.09892057930981671,0.5230769230769231,True,True
rxn:2:138879:158884,0.09889885015559918,0.7162162162162162,True,True
rxn:2:153842:126337,0.09889142002378191,0.7454545454545455,True,True
rxn:2:147486:157470,0.09888468310236931,0.6666666666666666,True,True
rxn:2:138879:157505,0.09886908531188965,0.6388888888888888,True,True
rxn:2:147486:126309,0.09884319986615862,0.6875,True,True
rxn:2:153842:66064,0.09882233922298138,0.603448275862069,True,True
rxn:2:138879:155094,0.09881822810028539,0.6521739130434783,True,True
rxn:2:138879:143883,0.09881605975555652,0.7058823529411765,True,True
rxn:2:147486:120988,0.0987860517842429,0.7377049180327869,True,True
rxn:2:153842:140319,0.09878448148568471,0.7017543859649122,True,True
rxn:2:153842:143414,0.09877890732980543,0.6229508196721312,True,True
rxn:2:125845:172716,0.098766395678887,0.6779661016949152,True,True
rxn:2:147486:155198,0.09874854718937594,0.704225352112676,True,True
rxn:2:153842:74191,0.09874345858891805,0.7166666666666667,True,True
rxn:2:138879:131614,0.09869346022605896,0.6515151515151515,True,True
rxn:2:147486:163648,0.09867126110828284,0.6666666666666666,True,True
rxn:2:138879:170903,0.09866338549181819,0.6986301369863014,True,True
rxn:2:153842:129410,0.09864069797374585,0.6875,True,True
rxn:2:125845:171708,0.09863897164662679,0.7096774193548387,True,True
rxn:2:138879:171391,0.09863314574415033,0.7285714285714285,True,True
rxn:2:127178:129807,0.09860371397091793,0.5396825396825397,True,True
rxn:2:135063:142427,0.09859534911811352,0.5733333333333334,True,True
rxn:2:73951:159146,0.09857872128486633,0.5714285714285714,True,True
rxn:2:153842:145484,0.09857338998052809,0.6086956521739131,True,True
rxn:2:68063:151463,0.09855472630467908,0.6666666666666666,True,True
rxn:2:146530:147605,0.0984944043488338,0.5428571428571428,True,True
rxn:2:153842:106463,0.09845384955406189,0.7413793103448276,True,True
rxn:2:147486:167679,0.09841515801169655,0.6621621621621622,True,True
rxn:2:73951:172106,0.09841150045394897,0.6065573770491803,True,True
rxn:2:138879:119467,0.09841083907164061,0.7213114754098361,True,True
rxn:2:110360:145710,0.09839009827580945,0.6101694915254238,True,True
rxn:2:153842:121469,0.09838101598951551,0.6727272727272727,True,True
rxn:2:153842:154188,0.09837582803541614,0.5857142857142857,True,True
rxn:2:130455:95801,0.098325217211688,0.7076923076923077,True,True
rxn:2:73951:170373,0.09831951724158393,0.6612903225806451,True,True
rxn:2:138879:145007,0.09829055179249156,0.7333333333333333,True,True
rxn:2:138879:169501,0.09828631998971105,0.7384615384615385,True,True
rxn:2:153842:133217,0.09825726066316877,0.6379310344827587,True,True
rxn:2:153842:108765,0.09824240725973378,0.6111111111111112,True,True
rxn:2:79824:82968,0.09823566454428213,0.5882352941176471,True,True
rxn:2:68063:171068,0.09823065996170044,0.703125,True,True
rxn:2:125488:95801,0.09821862423861469,0.696969696969697,True,True
rxn:2:138879:171274,0.09819860708328985,0.7424242424242424,True,True
rxn:2:153842:159204,0.09816536222185407,0.6615384615384615,True,True
rxn:2:138879:171050,0.0981650217886894,0.6486486486486487,True,True
rxn:2:153842:131597,0.09814711553709847,0.6779661016949152,True,True
rxn:2:129990:170817,0.0981339043186557,0.7384615384615385,True,True
rxn:2:153842:141674,0.09812064524050113,0.6607142857142857,True,True
rxn:2:73951:124813,0.09811599358268407,0.711864406779661,True,True
rxn:2:147486:168151,0.0980835063704129,0.6865671641791045,True,True
rxn:2:153842:150343,0.09806584695289874,0.6440677966101694,True,True
rxn:2:125845:172999,0.09802689296858651,0.6142857142857143,True,True
rxn:2:138879:170222,0.0980221638455987,0.6944444444444444,True,True
rxn:2:138879:143259,0.09801054115478809,0.6615384615384615,True,True
rxn:2:153842:164079,0.09799684496486888,0.6714285714285714,True,True
rxn:2:153842:138143,0.09798351847208463,0.7090909090909091,True,True
rxn:2:108599:144917,0.09797798842191696,0.5822784810126582,True,True
rxn:2:147486:155222,0.09796442650258541,0.7258064516129032,True,True
rxn:2:153842:127716,0.09795774732317243,0.6825396825396826,True,True
rxn:2:138879:153317,0.097955122590065,0.7323943661971831,True,True
rxn:2:107276:171505,0.09795122286852669,0.6351351351351351,True,True
rxn:2:116808:91563,0.09792744230341029,0.5692307692307692,True,True
rxn:2:119020:111999,0.0979225869689669,0.4189189189189189,True,True
rxn:2:147486:144906,0.0979037054123417,0.746031746031746,True,True
rxn:2:79824:137859,0.09789212621175326,0.5873015873015873,True,True
rxn:2:100318:172716,0.09788415908813476,0.7068965517241379,True,True
rxn:2:68063:158141,0.09787173182876022,0.6571428571428571,True,True
rxn:2:138879:156042,0.09786617383360863,0.6891891891891891,True,True
rxn:2:68063:107277,0.09786523943362029,0.6885245901639344,True,True
rxn:2:103814:142427,0.09783423878252506,0.5657894736842105,True,True
rxn:2:119782:167491,0.09781669775644938,0.4235294117647059,True,True
rxn:2:111642:142269,0.09781456570471486,0.6438356164383562,True,True
rxn:2:122047:159352,0.09780139500094999,0.6025641025641025,True,True
rxn:2:138879:169908,0.09779665991663933,0.7083333333333334,True,True
rxn:2:153842:158406,0.09779374135865106,0.6440677966101694,True,True
rxn:2:167192:163343,0.09778744135147487,0.7466666666666667,True,True
rxn:2:147486:162201,0.09777902625501156,0.6216216216216216,True,True
rxn:2:153842:157131,0.09776998719861431,0.6935483870967742,True,True
rxn:2:127178:124289,0.09776223588872839,0.7192982456140351,True,True
rxn:2:122047:126112,0.09770467363554856,0.6065573770491803,True,True
rxn:2:138879:160149,0.0976993008967369,0.6956521739130435,True,True
rxn:2:147486:151132,0.09769251280360752,0.7222222222222222,True,True
rxn:2:127178:159352,0.09768168131510417,0.6986301369863014,True,True
rxn:2:139510:169205,0.09767319694642097,0.5844155844155844,True,True
rxn:2:146530:156479,0.09766450723012289,0.7377049180327869,True,True
rxn:2:79824:143248,0.09766307781482565,0.7096774193548387,True,True
rxn:2:130925:100837,0.09765396586486272,0.4782608695652174,True,True
rxn:2:141847:171515,0.0976529017738674,0.515625,True,True
rxn:2:147486:165062,0.09765268455852162,0.6216216216216216,True,True
rxn:2:127178:147405,0.09764157022748675,0.59375,True,True
rxn:2:153842:69890,0.09763032005679223,0.7166666666666667,True,True
rxn:2:142362:81380,0.0976185245173318,0.5428571428571428,True,True
rxn:2:153842:99129,0.09761491969779686,0.7258064516129032,True,True
rxn:2:137744:153790,0.09760734041531881,0.6756756756756757,True,True
rxn:2:147486:155462,0.09760718420147896,0.6461538461538462,True,True
rxn:2:153842:147716,0.09759701876079335,0.5897435897435898,True,True
rxn:2:153842:86683,0.09759220789218771,0.5714285714285714,True,True
rxn:2:153842:103540,0.09758891882719817,0.6545454545454545,True,True
rxn:2:146530:157397,0.09754825215185842,0.7323943661971831,True,True
rxn:2:153842:162470,0.09753773042133876,0.5,True,True
rxn:2:153842:112899,0.09752007546248259,0.7454545454545455,True,True
rxn:2:110360:170418,0.09750158416813817,0.6885245901639344,True,True
rxn:2:68063:171970,0.09749759236971538,0.7424242424242424,True,True
rxn:2:141847:169656,0.09749741355578105,0.6101694915254238,True,True
rxn:2:76493:147925,0.0974953712955598,0.46987951807228917,True,True
rxn:2:133078:158944,0.09746868908405304,0.3804347826086957,True,True
rxn:2:163724:166104,0.09746730989880031,0.5833333333333334,True,True
rxn:2:68063:155890,0.09746601751872472,0.6956521739130435,True,True
rxn:2:153842:94327,0.09745618471732506,0.6666666666666666,True,True
rxn:2:153842:148334,0.09743281525950279,0.5857142857142857,True,True
rxn:2:147486:158618,0.09743214398622513,0.6805555555555556,True,True
rxn:2:153842:160094,0.09742304785498257,0.5645161290322581,True,True
rxn:2:167192:151106,0.09739671434674944,0.7014925373134329,True,True
rxn:2:127178:143248,0.09738472001305942,0.7213114754098361,True,True
rxn:2:135685:169150,0.09738063992875995,0.6075949367088608,True,True
rxn:2:147486:159488,0.09735762021120857,0.5714285714285714,True,True
rxn:2:138879:156450,0.09733949421030103,0.6716417910447762,True,True
rxn:2:153842:116246,0.09731698036193848,0.7358490566037735,True,True
rxn:2:83401:142427,0.09731555382410685,0.6865671641791045,True,True
rxn:2:147486:170541,0.09728005002526675,0.7391304347826086,True,True
rxn:2:148549:83056,0.09727056180277178,0.5735294117647058,True,True
rxn:2:138879:168910,0.0972696840763092,0.5769230769230769,True,True
rxn:2:73951:170285,0.09725805691310338,0.6065573770491803,True,True
rxn:2:138879:70743,0.09725410298064903,0.7352941176470589,True,True
rxn:2:147486:169125,0.09725255767504375,0.7384615384615385,True,True
rxn:2:79824:137865,0.09723951954108018,0.6896551724137931,True,True
rxn:2:147486:161836,0.09723816134712912,0.6764705882352942,True,True
rxn:2:167192:163458,0.09723699398529835,0.6538461538461539,True,True
rxn:2:138879:108097,0.09721743187000012,0.7142857142857143,True,True
rxn:2:153842:97484,0.09721337373440082,0.6481481481481481,True,True
rxn:2:138879:163489,0.09720918256789446,0.6417910447761194,True,True
rxn:2:167192:150331,0.09719671041537555,0.5974025974025974,True,True
rxn:2:138879:166934,0.0971812502695964,0.7457627118644068,True,True
rxn:2:153842:150583,0.09717627879111998,0.6615384615384615,True,True
rxn:2:138879:169719,0.09717218803636954,0.7384615384615385,True,True
rxn:2:138879:148925,0.09716753363609314,0.6984126984126984,True,True
rxn:2:146530:166647,0.09716751294977524,0.7432432432432432,True,True
rxn:2:138879:143662,0.09715419430886546,0.7424242424242424,True,True
rxn:2:138879:169307,0.09715349972248077,0.7313432835820896,True,True
rxn:2:74989:169152,0.09715038869116041,0.7228915662650602,True,True
rxn:2:138879:170598,0.09713810538091967,0.7313432835820896,True,True
rxn:2:73951:167287,0.09712371000876793,0.711864406779661,True,True
rxn:2:147486:155530,0.0971049889922142,0.6575342465753424,True,True
rxn:2:141847:171222,0.09709514792148884,0.41935483870967744,True,True
rxn:2:147486:159518,0.09709391670842324,0.6619718309859155,True,True
rxn:2:147486:159190,0.09708051970510771,0.6923076923076923,True,True
rxn:2:153842:68086,0.09705033779144287,0.6666666666666666,True,True
rxn:2:138879:125014,0.09704798730936917,0.6875,True,True
rxn:2:147486:153937,0.09702997737460667,0.6621621621621622,True,True
rxn:2:108599:160081,0.09702952702840169,0.56,True,True
rxn:2:153842:154232,0.09702611366907755,0.6935483870967742,True,True
rxn:2:135881:171505,0.09700844865856749,0.6521739130434783,True,True
rxn:2:121263:171505,0.09698609872297807,0.6521739130434783,True,True
rxn:2:110360:172356,0.09697963573314526,0.6206896551724138,True,True
rxn:2:124004:90520,0.09697807899543218,0.65,True,True
rxn:2:125298:150065,0.09697386141746275,0.5194805194805194,True,True
rxn:2:138879:144474,0.09697147210439046,0.7183098591549296,True,True
rxn:2:110360:171376,0.09696353759084429,0.6981132075471698,True,True
rxn:2:138879:164385,0.09695609591223978,0.7125,True,True
rxn:2:153842:116552,0.09694897907751578,0.6065573770491803,True,True
rxn:2:73951:163118,0.09694038177358694,0.581081081081081,True,True
rxn:2:138879:171220,0.0969292726367712,0.704225352112676,True,True
rxn:2:147486:172289,0.09691083250623761,0.6666666666666666,True,True
rxn:2:153842:169544,0.09690265314919608,0.6617647058823529,True,True
rxn:2:69594:159446,0.0968993604183197,0.5675675675675675,True,True
rxn:2:141847:171036,0.09689678192138672,0.5441176470588235,True,True
rxn:2:138879:139315,0.09688291261936055,0.6911764705882353,True,True
rxn:2:111480:137865,0.09686935830999303,0.5161290322580645,True,True
rxn:2:153842:161420,0.09685957829157511,0.7,True,True
rxn:2:167192:125333,0.09685848280787468,0.7058823529411765,True,True
rxn:2:81212:78108,0.09683637569348018,0.4915254237288136,True,True
rxn:2:153842:138533,0.09682835998206303,0.6949152542372882,True,True
rxn:2:125845:171000,0.09682523983496207,0.6557377049180327,True,True
rxn:2:122047:105152,0.0968226564341578,0.5,True,True
rxn:2:68063:171296,0.09681812354496547,0.6619718309859155,True,True
rxn:2:79824:167405,0.09681420400738716,0.7164179104477612,True,True
rxn:2:81212:171566,0.09680348413961905,0.35384615384615387,True,True
rxn:2:147486:166209,0.09680302704081815,0.676056338028169,True,True
rxn:2:81212:169077,0.09680284023284912,0.4727272727272727,True,True
rxn:2:127178:141102,0.09679073095321655,0.6333333333333333,True,True
rxn:2:143189:171730,0.09677204675972462,0.47619047619047616,True,True
rxn:2:138879:165263,0.09677179744749359,0.6511627906976745,True,True
rxn:2:153842:111088,0.09677148929664067,0.7222222222222222,True,True
rxn:2:130455:167491,0.09676894442788486,0.43373493975903615,True,True
rxn:2:138879:171115,0.09676162004470826,0.5571428571428572,True,True
rxn:2:153842:160214,0.09676127187136946,0.7096774193548387,True,True
rxn:2:153842:107943,0.09674558894974845,0.7419354838709677,True,True
rxn:2:153842:74704,0.09673039255471065,0.7166666666666667,True,True
rxn:2:147486:145606,0.09672746062278748,0.6612903225806451,True,True
rxn:2:138879:171445,0.09671409608739795,0.7083333333333334,True,True
rxn:2:138879:151188,0.09669469462500678,0.5774647887323944,True,True
rxn:2:153842:156229,0.09669135345353021,0.7142857142857143,True,True
rxn:2:68063:152083,0.09669113407532375,0.5384615384615384,True,True
rxn:2:93644:103466,0.0966806071145194,0.5925925925925926,True,True
rxn:2:147486:147716,0.0966802362133475,0.575,True,True
rxn:2:141847:169818,0.09666019448867211,0.49206349206349204,True,True
rxn:2:138879:160797,0.09663149182285581,0.6825396825396826,True,True
rxn:2:138879:92797,0.09661942472060521,0.7407407407407407,True,True
rxn:2:141847:169361,0.0966193727824999,0.515625,True,True
rxn:2:138879:165331,0.09660253109353961,0.6621621621621622,True,True
rxn:2:97146:111999,0.09660125189814074,0.59375,True,True
rxn:2:167192:151609,0.09660082138501681,0.6049382716049383,True,True
rxn:2:138879:124340,0.09659704052168747,0.5945945945945946,True,True
rxn:2:138879:171921,0.09658398953351108,0.676056338028169,True,True
rxn:2:68063:171287,0.09658286968866985,0.5571428571428572,True,True
rxn:2:138879:125333,0.09655889983360584,0.6833333333333333,True,True
rxn:2:125488:159146,0.09652900916558725,0.5555555555555556,True,True
rxn:2:125845:172233,0.09652437482561384,0.5423728813559322,True,True
rxn:2:147486:156520,0.09651263803243637,0.6666666666666666,True,True
rxn:2:138879:84784,0.09650457236501905,0.6551724137931034,True,True
rxn:2:138879:134014,0.09650407234827678,0.7142857142857143,True,True
rxn:2:143189:171693,0.09649673849344254,0.7391304347826086,True,True
rxn:2:79824:116441,0.09648142037568269,0.6,True,True
rxn:2:150610:163265,0.09647540098581558,0.6216216216216216,True,True
rxn:2:68063:159898,0.09646339741136346,0.7424242424242424,True,True
rxn:2:153842:79989,0.09645987584673126,0.578125,True,True
rxn:2:91355:143340,0.09645986195766565,0.726027397260274,True,True
rxn:2:147486:164686,0.09645968675613403,0.7164179104477612,True,True
rxn:2:138879:159818,0.09644731506705284,0.7428571428571429,True,True
rxn:2:138879:170860,0.09644672321155667,0.7236842105263158,True,True
rxn:2:127178:167508,0.09644460485827538,0.5063291139240507,True,True
rxn:2:153842:103105,0.09644157778133046,0.7450980392156863,True,True
rxn:2:138879:147225,0.09643285721540451,0.6024096385542169,True,True
rxn:2:68063:172458,0.09643182584217616,0.7096774193548387,True,True
rxn:2:141847:172640,0.09642983586699874,0.7058823529411765,True,True
rxn:2:81404:144193,0.09641748666763306,0.5571428571428572,True,True
rxn:2:127178:167491,0.09639603694279988,0.5588235294117647,True,True
rxn:2:153842:123605,0.09638072894169734,0.7368421052631579,True,True
rxn:2:127178:143259,0.09637957385608129,0.5342465753424658,True,True
rxn:2:153842:161633,0.09635421001549924,0.5657894736842105,True,True
rxn:2:138879:173020,0.09635084966818491,0.7142857142857143,True,True
rxn:2:147486:142486,0.09634731096379898,0.6527777777777778,True,True
rxn:2:110360:170012,0.09634379943211874,0.7450980392156863,True,True
rxn:2:153842:125913,0.09634122481712928,0.640625,True,True
rxn:2:141847:134481,0.09633967032035191,0.6379310344827587,True,True
rxn:2:147486:144856,0.09633494913578033,0.7419354838709677,True,True
rxn:2:73951:172458,0.09632577719511809,0.7142857142857143,True,True
rxn:2:153842:131155,0.09632420098340069,0.7222222222222222,True,True
rxn:2:138879:168786,0.09632039757875296,0.6865671641791045,True,True
rxn:2:127178:95801,0.09630130870001656,0.7164179104477612,True,True
rxn:2:106467:151681,0.09628674738547381,0.3373493975903614,True,True
rxn:2:153842:103965,0.09628115807260786,0.6612903225806451,True,True
rxn:2:138879:170524,0.09627052509423459,0.7432432432432432,True,True
rxn:2:138879:119212,0.09625320672988891,0.6949152542372882,True,True
rxn:2:153842:104009,0.09625041112303734,0.6911764705882353,True,True
rxn:2:125845:170836,0.0962209701538086,0.44,True,True
rxn:2:108599:161725,0.09621162661190691,0.578125,True,True
rxn:2:73951:170777,0.09621012687683106,0.6,True,True
rxn:2:153842:84456,0.09619915911129542,0.6206896551724138,True,True
rxn:2:138879:143046,0.0961983935399489,0.7466666666666667,True,True
rxn:2:68063:170352,0.09616942916597639,0.6984126984126984,True,True
rxn:2:153842:103768,0.09615955444482657,0.7222222222222222,True,True
rxn:2:153842:145705,0.09614252362932478,0.6842105263157895,True,True
rxn:2:153842:132792,0.0961404059614454,0.7413793103448276,True,True
rxn:2:138879:172588,0.09613954251812351,0.7014925373134329,True,True
rxn:2:74989:125831,0.09613802926293735,0.5679012345679012,True,True
rxn:2:146530:144188,0.09613564785789042,0.6666666666666666,True,True
rxn:2:107035:147716,0.09613475992399104,0.5465116279069767,True,True
rxn:2:153842:125251,0.09613066682448754,0.6727272727272727,True,True
rxn:2:153842:73111,0.09612810611724854,0.6,True,True
rxn:2:81212:160817,0.09612757509404962,0.4406779661016949,True,True
rxn:2:167192:132189,0.09611476957798004,0.7424242424242424,True,True
rxn:2:147486:169205,0.0961134556461783,0.7361111111111112,True,True
rxn:2:153842:155076,0.09610675772031148,0.7377049180327869,True,True
rxn:2:153842:152047,0.09610557726451328,0.7123287671232876,True,True
rxn:2:138879:171143,0.09610465745772084,0.7352941176470589,True,True
rxn:2:121000:70782,0.09608251314896804,0.5714285714285714,True,True
rxn:2:153842:163515,0.09608205672233336,0.6428571428571429,True,True
rxn:2:136355:160027,0.09605417959392071,0.5,True,True
rxn:2:81212:170580,0.09605138576947726,0.45161290322580644,True,True
rxn:2:116808:101612,0.0960472638790424,0.6440677966101694,True,True
rxn:2:153842:169724,0.0960453919001988,0.6363636363636364,True,True
rxn:2:125488:145060,0.09604203701019287,0.5230769230769231,True,True
rxn:2:79824:124133,0.09602407308725211,0.5714285714285714,True,True
rxn:2:138879:149888,0.09601050307010782,0.6875,True,True
rxn:2:153842:101169,0.09600715126310076,0.5970149253731343,True,True
rxn:2:133969:146644,0.09598565462863806,0.7352941176470589,True,True
rxn:2:148549:139320,0.0959843567439488,0.6290322580645161,True,True
rxn:2:138879:145484,0.0959761029843128,0.6842105263157895,True,True
rxn:2:138879:102321,0.09596340894699097,0.7014925373134329,True,True
rxn:2:138879:113162,0.09596172554625405,0.6567164179104478,True,True
rxn:2:68063:151650,0.09593201916793297,0.5606060606060606,True,True
rxn:2:68063:156042,0.09592861348185046,0.5194805194805194,True,True
rxn:2:73951:171391,0.09588714303641484,0.6515151515151515,True,True
rxn:2:138879:169538,0.0958791607990861,0.7123287671232876,True,True
rxn:2:76489:162062,0.09587706724802653,0.6891891891891891,True,True
rxn:2:138879:170497,0.09586216845820027,0.6944444444444444,True,True
rxn:2:138879:161326,0.09585890918970108,0.7105263157894737,True,True
rxn:2:153842:79084,0.09585732663119281,0.6607142857142857,True,True
rxn:2:79824:156397,0.09585074840053436,0.5833333333333334,True,True
rxn:2:147486:86748,0.09584887964384896,0.7192982456140351,True,True
rxn:2:133969:137535,0.09584628713542018,0.4594594594594595,True,True
rxn:2:138879:171114,0.09583926107734442,0.7205882352941176,True,True
rxn:2:138879:161015,0.09583556652069092,0.6515151515151515,True,True
rxn:2:147486:170618,0.09582768753170967,0.7368421052631579,True,True
rxn:2:73951:100837,0.095808898860758,0.6271186440677966,True,True
rxn:2:138879:166989,0.09578457763118128,0.6081081081081081,True,True
rxn:2:138879:152250,0.09578446456880281,0.6764705882352942,True,True
rxn:2:138879:164534,0.09577457110087076,0.625,True,True
rxn:2:138879:159598,0.09577127839579727,0.6,True,True
rxn:2:110360:169217,0.09575699526688149,0.4696969696969697,True,True
rxn:2:147486:96355,0.09575495549610682,0.7230769230769231,True,True
rxn:2:111480:171505,0.09574248875890459,0.7246376811594203,True,True
rxn:2:167192:162253,0.0957384882746516,0.6578947368421053,True,True
rxn:2:153842:127862,0.09573601237658796,0.515625,True,True
rxn:2:73951:171078,0.09573599163975036,0.7288135593220338,True,True
rxn:2:138879:173197,0.0957296635165359,0.7361111111111112,True,True
rxn:2:138879:152293,0.09572914551044333,0.6818181818181818,True,True
rxn:2:138879:165251,0.09571349524682568,0.5443037974683544,True,True
rxn:2:68063:156600,0.0957082382270268,0.6338028169014085,True,True
rxn:2:138879:172744,0.09569480924895316,0.7391304347826086,True,True
rxn:2:104126:145533,0.09567282416603783,0.5584415584415584,True,True
rxn:2:152878:166104,0.09566603104273479,0.6071428571428571,True,True
rxn:2:73951:172905,0.09566436873541938,0.7454545454545455,True,True
rxn:2:141847:74779,0.09566012024879456,0.52,True,True
rxn:2:153842:84716,0.09564874001911708,0.6666666666666666,True,True
rxn:2:125845:169258,0.09564753814979836,0.639344262295082,True,True
rxn:2:119253:158135,0.09564588963985443,0.4342105263157895,True,True
rxn:2:146861:163243,0.09564562354769025,0.4444444444444444,True,True
rxn:2:138879:135108,0.09564473916744363,0.6296296296296297,True,True
rxn:2:147486:172224,0.09562834330967494,0.7313432835820896,True,True
rxn:2:138879:152660,0.09562662574979994,0.640625,True,True
rxn:2:141847:169712,0.09561311205228169,0.4461538461538462,True,True
rxn:2:153842:110305,0.09560613121305193,0.5967741935483871,True,True
rxn:2:153842:104272,0.09560023362819965,0.576271186440678,True,True
rxn:2:138879:171374,0.09559314046055079,0.7391304347826086,True,True
rxn:2:153842:154574,0.09557080082595348,0.6805555555555556,True,True
rxn:2:147486:154627,0.09556863456964493,0.6338028169014085,True,True
rxn:2:86497:169656,0.09556659683585167,0.5857142857142857,True,True
rxn:2:138879:171912,0.09556485805660486,0.6811594202898551,True,True
rxn:2:125488:158944,0.09556164344151814,0.4418604651162791,True,True
rxn:2:138879:135147,0.09554280494821482,0.5862068965517241,True,True
rxn:2:153842:81889,0.09553935571953102,0.582089552238806,True,True
rxn:2:68063:142351,0.09553477764129639,0.5571428571428572,True,True
rxn:2:125845:163474,0.09553419748942057,0.6986301369863014,True,True
rxn:2:67319:171661,0.09552395694396075,0.5416666666666666,True,True
rxn:2:153842:166112,0.09552185336748759,0.7142857142857143,True,True
rxn:2:153842:105204,0.0955169711794172,0.7346938775510204,True,True
rxn:2:130925:134720,0.09549042185147603,0.5384615384615384,True,True
rxn:2:153842:164948,0.09546128852026803,0.6056338028169014,True,True
rxn:2:68063:153937,0.0954345424969991,0.4819277108433735,True,True
rxn:2:138879:163790,0.09542721606069995,0.7142857142857143,True,True
rxn:2:138879:126004,0.0954263313458516,0.7301587301587301,True,True
rxn:2:146530:158687,0.09540995359420776,0.7027027027027027,True,True
rxn:2:153842:145767,0.09540472593572405,0.6944444444444444,True,True
rxn:2:68063:170838,0.09540385802586873,0.6103896103896104,True,True
rxn:2:138879:144878,0.09540004621852528,0.7397260273972602,True,True
rxn:2:81212:96382,0.09539793729782105,0.5769230769230769,True,True
rxn:2:91124:156270,0.0953938045672008,0.46774193548387094,True,True
rxn:2:138879:99564,0.09538584489088792,0.6811594202898551,True,True
rxn:2:111642:147508,0.09534855683644612,0.6621621621621622,True,True
rxn:2:147486:163286,0.09534088149666786,0.5138888888888888,True,True
rxn:2:68063:172174,0.09534042457054401,0.7301587301587301,True,True
rxn:2:83401:158191,0.09533636059079852,0.43037974683544306,True,True
rxn:2:111642:163458,0.09533500671386719,0.618421052631579,True,True
rxn:2:68063:156505,0.09533451996477586,0.7058823529411765,True,True
rxn:2:148549:84615,0.09533092166696276,0.5735294117647058,True,True
rxn:2:153842:76779,0.09532777113573891,0.6949152542372882,True,True
rxn:2:73951:173119,0.0953027421030505,0.6774193548387096,True,True
rxn:2:122047:102917,0.09530252834846234,0.59375,True,True
rxn:2:153842:119618,0.09529844125111898,0.6567164179104478,True,True
rxn:2:68063:170273,0.09529623985290528,0.5633802816901409,True,True
rxn:2:138879:139653,0.0952694625766189,0.65,True,True
rxn:2:97817:173150,0.09526684135198593,0.5897435897435898,True,True
rxn:2:138879:152084,0.09525209665298462,0.72,True,True
rxn:2:153842:116789,0.09524372117272739,0.7258064516129032,True,True
rxn:2:74989:159006,0.09524126964456894,0.7058823529411765,True,True
rxn:2:147486:163490,0.09523458353110723,0.6190476190476191,True,True
rxn:2:153842:161967,0.09522686221382835,0.6612903225806451,True,True
rxn:2:79824:135871,0.0952115196448106,0.7142857142857143,True,True
rxn:2:153842:121105,0.09520138848212457,0.7333333333333333,True,True
rxn:2:138879:150801,0.09519703099221893,0.7160493827160493,True,True
rxn:2:153842:171770,0.0951834013967803,0.6818181818181818,True,True
rxn:2:153842:130429,0.09517150478703636,0.639344262295082,True,True
rxn:2:147486:172711,0.09516619482348042,0.7454545454545455,True,True
rxn:2:147486:153692,0.09516420434502994,0.65625,True,True
rxn:2:138879:168966,0.09515180371024393,0.7368421052631579,True,True
rxn:2:147486:169840,0.09514644651701956,0.6911764705882353,True,True
rxn:2:138879:93872,0.09514366835355759,0.4925373134328358,True,True
rxn:2:141847:172801,0.095119636792403,0.5,True,True
rxn:2:138879:170649,0.09510974586009979,0.696969696969697,True,True
rxn:2:133078:159352,0.09508696679146059,0.68,True,True
rxn:2:138879:148407,0.09508404561451503,0.6231884057971014,True,True
rxn:2:76493:170211,0.0950810744844634,0.5147058823529411,True,True
rxn:2:153842:105283,0.09507347829639912,0.6716417910447762,True,True
rxn:2:73951:158214,0.0950685991690709,0.6949152542372882,True,True
rxn:2:110360:169173,0.0950655587788286,0.4117647058823529,True,True
rxn:2:73951:169567,0.09506041728533231,0.55,True,True
rxn:2:141309:142283,0.09505551352220423,0.5789473684210527,True,True
rxn:2:138879:171519,0.0950470631942153,0.726027397260274,True,True
rxn:2:141847:172505,0.09504314925935534,0.576271186440678,True,True
rxn:2:138879:163478,0.09502998097189541,0.7313432835820896,True,True
rxn:2:93644:143109,0.0950208231806755,0.6507936507936508,True,True
rxn:2:68063:169050,0.09499634916965778,0.5333333333333333,True,True
rxn:2:153842:114193,0.09499458755765643,0.7166666666666667,True,True
rxn:2:153842:130245,0.09498996181147439,0.7037037037037037,True,True
rxn:2:148549:136237,0.09498018129118557,0.5522388059701493,True,True
rxn:2:138879:172513,0.09497532807290554,0.7142857142857143,True,True
rxn:2:153842:154752,0.09497237386125507,0.6666666666666666,True,True
rxn:2:147486:165967,0.09494357506434123,0.696969696969697,True,True
rxn:2:153842:86936,0.09494273479168232,0.711864406779661,True,True
rxn:2:73951:170304,0.09493966863073153,0.603448275862069,True,True
rxn:2:73951:172451,0.09493240926946912,0.5967741935483871,True,True
rxn:2:122047:158135,0.09492824836210771,0.4605263157894737,True,True
rxn:2:110360:170819,0.09491546811728642,0.6031746031746031,True,True
rxn:2:148549:110337,0.09491341528685196,0.6842105263157895,True,True
rxn:2:153842:168676,0.09490509890019894,0.6349206349206349,True,True
rxn:2:79824:70907,0.09488818380567762,0.6285714285714286,True,True
rxn:2:138879:118726,0.09488503694534302,0.7166666666666667,True,True
rxn:2:153842:69908,0.09488369524478912,0.5652173913043478,True,True
rxn:2:153842:99664,0.09488098820050557,0.6666666666666666,True,True
rxn:2:147486:146244,0.09487986962000529,0.578125,True,True
rxn:2:138879:153870,0.09487803280353546,0.746268656716418,True,True
rxn:2:153842:152428,0.09487343629201253,0.6031746031746031,True,True
rxn:2:147486:159579,0.09487265017297533,0.6986301369863014,True,True
rxn:2:92749:124452,0.09486366808414459,0.46296296296296297,True,True
rxn:2:153842:151771,0.09486285484198367,0.746268656716418,True,True
rxn:2:73951:136837,0.09486153125762939,0.6440677966101694,True,True
rxn:2:93644:171384,0.09485322457772714,0.4603174603174603,True,True
rxn:2:122047:111999,0.09485042917317357,0.5522388059701493,True,True
rxn:2:138879:142835,0.094847604151695,0.6515151515151515,True,True
rxn:2:138879:154261,0.09484180994331837,0.7464788732394366,True,True
rxn:2:153842:76574,0.09483595831053597,0.7142857142857143,True,True
rxn:2:147486:170488,0.09482835145557628,0.6376811594202898,True,True
rxn:2:130455:162612,0.0948254010256599,0.5903614457831325,True,True
rxn:2:138879:169188,0.09482443183660508,0.7222222222222222,True,True
rxn:2:147486:171770,0.09480404311960394,0.7230769230769231,True,True
rxn:2:141847:170163,0.09480200593288128,0.46774193548387094,True,True
rxn:2:68063:169504,0.09480025439426817,0.6285714285714286,True,True
rxn:2:81212:106693,0.09479920268058777,0.5576923076923077,True,True
rxn:2:114206:166104,0.09479046240448952,0.6538461538461539,True,True
rxn:2:138879:144727,0.09477784236272176,0.6619718309859155,True,True
rxn:2:68063:154913,0.09477280080318451,0.6666666666666666,True,True
rxn:2:73951:170815,0.09476766586303711,0.7450980392156863,True,True
rxn:2:147486:161276,0.09475816041231155,0.6438356164383562,True,True
rxn:2:138879:74688,0.09475547533768874,0.6527777777777778,True,True
rxn:2:153842:153033,0.09475472196936607,0.6716417910447762,True,True
rxn:2:91546:172263,0.09475423570941477,0.6811594202898551,True,True
rxn:2:138879:143097,0.09474991848974518,0.6216216216216216,True,True
rxn:2:68063:172623,0.09474396705627441,0.589041095890411,True,True
rxn:2:147486:152112,0.0947348206273971,0.7121212121212122,True,True
rxn:2:119020:158944,0.09472567612125028,0.3563218390804598,True,True
rxn:2:153842:135873,0.09471760051591056,0.6825396825396826,True,True
rxn:2:127178:145535,0.094713056788725,0.5476190476190477,True,True
rxn:2:137744:171012,0.09471230953931808,0.6944444444444444,True,True
rxn:2:138879:157568,0.0947095715638363,0.6527777777777778,True,True
rxn:2:79824:146221,0.09470265692677991,0.5070422535211268,True,True
rxn:2:137744:169481,0.09469819863637288,0.581081081081081,True,True
rxn:2:146530:151489,0.09469730012557086,0.6052631578947368,True,True
rxn:2:138879:160658,0.09468417918240582,0.7333333333333333,True,True
rxn:2:138879:164498,0.09468129277229309,0.6885245901639344,True,True
rxn:2:153842:121583,0.09466347650245384,0.6964285714285714,True,True
rxn:2:68063:172736,0.09464436111350853,0.6764705882352942,True,True
rxn:2:137744:144188,0.09463587601979574,0.7333333333333333,True,True
rxn:2:141847:169195,0.0946274686742712,0.40625,True,True
rxn:2:68063:170015,0.09460858945493344,0.6825396825396826,True,True
rxn:2:147486:84317,0.09460505155416635,0.6785714285714286,True,True
rxn:2:147486:171552,0.09460196154458182,0.6805555555555556,True,True
rxn:2:73951:170970,0.09459849860933092,0.7321428571428571,True,True
rxn:2:79356:171505,0.0945980791002512,0.6338028169014085,True,True
rxn:2:138879:172488,0.09459741325939403,0.5,True,True
rxn:2:125845:171316,0.09459439714749654,0.6818181818181818,True,True
rxn:2:81212:143962,0.09459254918275056,0.3793103448275862,True,True
rxn:2:138879:145413,0.09459028280142581,0.6619718309859155,True,True
rxn:2:141847:170926,0.0945857048034668,0.5303030303030303,True,True
rxn:2:138879:172111,0.09457823435465496,0.6721311475409836,True,True
rxn:2:138879:169104,0.09457802546746802,0.703125,True,True
rxn:2:68063:117068,0.09457657814025879,0.5846153846153846,True,True
rxn:2:138879:171026,0.09455981478095055,0.7428571428571429,True,True
rxn:2:138879:117551,0.09455030918121338,0.6666666666666666,True,True
rxn:2:125845:171892,0.09454968057829759,0.6507936507936508,True,True
rxn:2:147486:158457,0.09454964314188276,0.6666666666666666,True,True
rxn:2:153842:144411,0.09454159582814863,0.5806451612903226,True,True
rxn:2:81212:161725,0.094535493850708,0.5373134328358209,True,True
rxn:2:138879:73139,0.09453516680261363,0.6964285714285714,True,True
rxn:2:153842:109244,0.09453373650709788,0.7115384615384616,True,True
rxn:2:68063:172743,0.09453047173363822,0.734375,True,True
rxn:2:68063:159791,0.09452717150411298,0.4583333333333333,True,True
rxn:2:73951:169818,0.09452201638902936,0.6491228070175439,True,True
rxn:2:147486:169675,0.09451597266727024,0.7313432835820896,True,True
rxn:2:147486:134635,0.0945145222875807,0.6290322580645161,True,True
rxn:2:138879:167143,0.09451062617630794,0.6388888888888888,True,True
rxn:2:96670:137865,0.09450488328933716,0.6792452830188679,True,True
rxn:2:138879:160188,0.0944851521522768,0.5949367088607594,True,True
rxn:2:138879:170333,0.094471734482795,0.7222222222222222,True,True
rxn:2:153842:69055,0.09446811217528123,0.6333333333333333,True,True
rxn:2:147486:154753,0.09446709975600243,0.6,True,True
rxn:2:153842:68886,0.09446654054853651,0.6666666666666666,True,True
rxn:2:110360:169878,0.09446467459201813,0.631578947368421,True,True
rxn:2:109859:143259,0.09446169779850887,0.49206349206349204,True,True
rxn:2:138879:170292,0.09445957162163474,0.7391304347826086,True,True
rxn:2:137744:170015,0.0944584978037867,0.6911764705882353,True,True
rxn:2:146530:120988,0.09445559339863914,0.7096774193548387,True,True
rxn:2:167192:91936,0.09445321101408738,0.671875,True,True
rxn:2:93644:116852,0.09440699517726898,0.5333333333333333,True,True
rxn:2:138879:160343,0.09440445899963379,0.65625,True,True
rxn:2:147486:169567,0.09440100915504224,0.7258064516129032,True,True
rxn:2:140661:160075,0.09439964832798127,0.5714285714285714,True,True
rxn:2:147486:148389,0.09439024142920971,0.6470588235294118,True,True
rxn:2:79824:133488,0.0943868664594797,0.5396825396825397,True,True
rxn:2:138879:129001,0.09438179016113282,0.671875,True,True
rxn:2:89333:143259,0.09438173129008366,0.4864864864864865,True,True
rxn:2:91355:105204,0.09435943620545524,0.6825396825396826,True,True
rxn:2:147486:146997,0.09435024484992027,0.6133333333333333,True,True
rxn:2:96670:170169,0.0943498646511751,0.6571428571428571,True,True
rxn:2:127178:148900,0.09434459286351357,0.4788732394366197,True,True
rxn:2:138879:160877,0.09434054927392439,0.7183098591549296,True,True
rxn:2:147486:168786,0.0943317433883404,0.7258064516129032,True,True
rxn:2:74989:164455,0.0943277014626397,0.6455696202531646,True,True
rxn:2:138879:159656,0.09432611588774056,0.7352941176470589,True,True
rxn:2:148549:107696,0.09432271917661031,0.5507246376811594,True,True
rxn:2:148549:157964,0.09432016809781392,0.6617647058823529,True,True
rxn:2:137744:150340,0.09431913392297153,0.6944444444444444,True,True
rxn:2:116808:167491,0.09431543843499546,0.5362318840579711,True,True
rxn:2:153842:114680,0.09430319496563502,0.6507936507936508,True,True
rxn:2:79824:167508,0.09429302523213048,0.4931506849315068,True,True
rxn:2:148549:128834,0.09427882394483013,0.5507246376811594,True,True
rxn:2:127178:135871,0.09426495203605065,0.7037037037037037,True,True
rxn:2:73951:172235,0.0942641540809914,0.582089552238806,True,True
rxn:2:148549:69215,0.09426215291023254,0.5588235294117647,True,True
rxn:2:153842:111306,0.0942574313708714,0.6129032258064516,True,True
rxn:2:147486:153799,0.09424590691924095,0.6666666666666666,True,True
rxn:2:153842:74733,0.09420127087625964,0.7049180327868853,True,True
rxn:2:147486:160232,0.09420005736812469,0.6229508196721312,True,True
rxn:2:138879:142262,0.09418562427163124,0.7205882352941176,True,True
rxn:2:138879:156578,0.09418440610170364,0.5625,True,True
rxn:2:81212:116497,0.09418226423717681,0.5576923076923077,True,True
rxn:2:153842:124930,0.09418199104922158,0.7321428571428571,True,True
rxn:2:147486:169612,0.09417346545628139,0.6714285714285714,True,True
rxn:2:153842:69452,0.09416686113064106,0.6481481481481481,True,True
rxn:2:147486:146082,0.09416601434350014,0.49411764705882355,True,True
rxn:2:119020:90520,0.09416116608513726,0.5344827586206896,True,True
rxn:2:68063:154206,0.09415912367403508,0.5540540540540541,True,True
rxn:2:127178:100837,0.09413786019597735,0.578125,True,True
rxn:2:147486:168679,0.09413131439324582,0.6666666666666666,True,True
rxn:2:147486:159714,0.09412816979668358,0.7076923076923077,True,True
rxn:2:147486:170062,0.09411214164325168,0.734375,True,True
rxn:2:153842:79139,0.09411059927057337,0.6440677966101694,True,True
rxn:2:119257:143259,0.09410997452559294,0.49333333333333335,True,True
rxn:2:68063:167696,0.09410932866324273,0.6811594202898551,True,True
rxn:2:89333:143248,0.09410728127868087,0.7457627118644068,True,True
rxn:2:73951:169123,0.09410484186534224,0.7258064516129032,True,True
rxn:2:73951:126537,0.0941030204296112,0.7115384615384616,True,True
rxn:2:138879:98366,0.09408860683441161,0.5405405405405406,True,True
rxn:2:143189:171280,0.09408727920416629,0.5063291139240507,True,True
rxn:2:153842:83798,0.09408588244997222,0.7,True,True
rxn:2:83611:75223,0.09408478825180619,0.59375,True,True
rxn:2:147486:144546,0.09408425353467464,0.7142857142857143,True,True
rxn:2:81212:171461,0.09408398469289143,0.5526315789473685,True,True
rxn:2:153842:81060,0.09407646705706914,0.7307692307692307,True,True
rxn:2:127178:72921,0.094071911914008,0.603448275862069,True,True
rxn:2:127178:139273,0.09406836986541749,0.6851851851851852,True,True
rxn:2:68063:149542,0.09405580052623043,0.7049180327868853,True,True
rxn:2:119257:147405,0.09404158592224121,0.59375,True,True
rxn:2:138879:149645,0.09404085949063301,0.7012987012987013,True,True
rxn:2:138879:120988,0.09403949379920959,0.7419354838709677,True,True
rxn:2:153842:82264,0.09403833389282226,0.6885245901639344,True,True
rxn:2:81212:171286,0.0940291404724121,0.48214285714285715,True,True
rxn:2:153842:86788,0.09402685293129512,0.5806451612903226,True,True
rxn:2:138879:169173,0.09402657277656323,0.6710526315789473,True,True
rxn:2:138879:129219,0.09401866197586059,0.640625,True,True
rxn:2:107276:133545,0.0940112935172187,0.5151515151515151,True,True
rxn:2:125845:172253,0.09400954246520996,0.6290322580645161,True,True
rxn:2:79824:166322,0.09400360584259033,0.4936708860759494,True,True
rxn:2:153842:69480,0.09399348497390747,0.7213114754098361,True,True
rxn:2:125845:142967,0.09399162232875824,0.6875,True,True
rxn:2:153842:80279,0.09399143854777019,0.5441176470588235,True,True
rxn:2:79824:168015,0.0939898133277893,0.5151515151515151,True,True
rxn:2:119253:143248,0.09398035345406368,0.7096774193548387,True,True
rxn:2:138879:145203,0.09397916084733503,0.746031746031746,True,True
rxn:2:120685:158944,0.09396639068921407,0.3977272727272727,True,True
rxn:2:153842:109161,0.09396634570189885,0.7407407407407407,True,True
rxn:2:79824:167491,0.09395102262496949,0.4342105263157895,True,True
rxn:2:100318:170701,0.09394770038538966,0.7068965517241379,True,True
rxn:2:167192:153790,0.09392403589712607,0.684931506849315,True,True
rxn:2:153842:125829,0.09392385397638593,0.7169811320754716,True,True
rxn:2:147486:162075,0.09392354768865249,0.7352941176470589,True,True
rxn:2:138879:161895,0.09392086043953896,0.6891891891891891,True,True
rxn:2:138879:150345,0.09391580798007823,0.6714285714285714,True,True
rxn:2:147486:144517,0.09391436331412371,0.7105263157894737,True,True
rxn:2:86497:145060,0.09391395387978389,0.6716417910447762,True,True
rxn:2:116100:162917,0.09391112888560575,0.5443037974683544,True,True
rxn:2:153842:171763,0.09389726093837193,0.6461538461538462,True,True
rxn:2:138879:160856,0.09389675408601761,0.7183098591549296,True,True
rxn:2:147486:156168,0.09389181062579155,0.6363636363636364,True,True
rxn:2:153842:146588,0.09388803089818647,0.6231884057971014,True,True
rxn:2:138879:140482,0.09388340512911478,0.6666666666666666,True,True
rxn:2:116808:158944,0.09388306935628256,0.42857142857142855,True,True
rxn:2:153842:114327,0.09387926184214078,0.6551724137931034,True,True
rxn:2:81212:170635,0.09387627124786377,0.49122807017543857,True,True
rxn:2:138879:168397,0.09387117624282837,0.6666666666666666,True,True
rxn:2:138879:156714,0.09386856853961945,0.6375,True,True
rxn:2:147486:169328,0.09386119842529297,0.6197183098591549,True,True
rxn:2:138879:171819,0.09385214505657072,0.6527777777777778,True,True
rxn:2:138879:153815,0.09384932729505724,0.7162162162162162,True,True
rxn:2:147486:152171,0.09384729208484772,0.7313432835820896,True,True
rxn:2:81797:88580,0.09383658426148551,0.463768115942029,True,True
rxn:2:73951:172193,0.09383191061871393,0.7407407407407407,True,True
rxn:2:153842:144718,0.093829297250317,0.734375,True,True
rxn:2:73951:163872,0.09382805866854532,0.6666666666666666,True,True
rxn:2:138879:155975,0.09382485349973044,0.676923076923077,True,True
rxn:2:138879:170862,0.09382386406262716,0.6666666666666666,True,True
rxn:2:122047:171505,0.09381750311170306,0.7352941176470589,True,True
rxn:2:138879:113563,0.09381038308143616,0.7169811320754716,True,True
rxn:2:138879:139061,0.09380372365315755,0.5857142857142857,True,True
rxn:2:153842:84046,0.09379595518112183,0.6065573770491803,True,True
rxn:2:153842:98992,0.0937924597944532,0.6885245901639344,True,True
rxn:2:138879:143741,0.09377496892755682,0.5875,True,True
rxn:2:73951:168982,0.09376122112627383,0.7288135593220338,True,True
rxn:2:147486:160414,0.09373833852655747,0.6567164179104478,True,True
rxn:2:138879:146783,0.09373324470860617,0.6338028169014085,True,True
rxn:2:141847:170701,0.09373258219824897,0.5932203389830508,True,True
rxn:2:147486:163787,0.09372839246477399,0.7466666666666667,True,True
rxn:2:153842:136155,0.09372395735520583,0.5932203389830508,True,True
rxn:2:147486:154890,0.09372111884030429,0.746268656716418,True,True
rxn:2:153842:160228,0.09372108181317647,0.6721311475409836,True,True
rxn:2:73951:171698,0.09371769869769062,0.5606060606060606,True,True
rxn:2:68063:170043,0.09371600747108459,0.581081081081081,True,True
rxn:2:96670:165827,0.09371387777906476,0.625,True,True
rxn:2:127178:101612,0.09370902953324495,0.6166666666666667,True,True
rxn:2:141847:171390,0.09370315533417922,0.5373134328358209,True,True
rxn:2:146530:145310,0.09370263598181984,0.6857142857142857,True,True
rxn:2:127178:72969,0.09370109438896179,0.5373134328358209,True,True
rxn:2:138879:154380,0.0937003427081638,0.6527777777777778,True,True
rxn:2:147486:166452,0.09369678388942372,0.6865671641791045,True,True
rxn:2:167192:170701,0.09368214240440956,0.6621621621621622,True,True
rxn:2:81212:171246,0.09368024881069477,0.576271186440678,True,True
rxn:2:146530:151609,0.0936772624651591,0.7051282051282052,True,True
rxn:2:141847:170397,0.09367608030637105,0.45,True,True
rxn:2:119253:90520,0.09366982954519766,0.6166666666666667,True,True
rxn:2:147486:169954,0.09366395814078195,0.7101449275362319,True,True
rxn:2:112460:158944,0.0936625849816107,0.5180722891566265,True,True
rxn:2:68063:172068,0.09366250860280004,0.5882352941176471,True,True
rxn:2:146530:153790,0.09365896968280568,0.7397260273972602,True,True
rxn:2:86233:133545,0.09365248017840916,0.5384615384615384,True,True
rxn:2:138879:153124,0.09365119953309337,0.6388888888888888,True,True
rxn:2:153842:117379,0.09364699858885545,0.6949152542372882,True,True
rxn:2:153842:148222,0.09364131573707826,0.6440677966101694,True,True
rxn:2:153842:75000,0.0936402939260006,0.6447368421052632,True,True
rxn:2:138879:168383,0.09363854604382668,0.7066666666666667,True,True
rxn:2:138879:157390,0.09363291813777043,0.6896551724137931,True,True
rxn:2:153842:145505,0.09363033853728196,0.7166666666666667,True,True
rxn:2:153842:114233,0.09360880613327026,0.6206896551724138,True,True
rxn:2:147486:170201,0.09360258868246367,0.6567164179104478,True,True
rxn:2:79824:66793,0.09358378692909523,0.5606060606060606,True,True
rxn:2:73951:172206,0.09358037554699442,0.631578947368421,True,True
rxn:2:137744:171461,0.09357788786292076,0.68,True,True
rxn:2:138879:134720,0.09357610877071108,0.746268656716418,True,True
rxn:2:138879:169143,0.09357335170110068,0.7424242424242424,True,True
rxn:2:125845:169854,0.09357056535523513,0.671875,True,True
rxn:2:138879:162891,0.09355948772281408,0.6623376623376623,True,True
rxn:2:141847:171078,0.09355643162360558,0.5,True,True
rxn:2:147486:155328,0.09355507002157323,0.6025641025641025,True,True
rxn:2:137744:159103,0.09355151845562842,0.5308641975308642,True,True
rxn:2:138879:163058,0.09354915150574275,0.7258064516129032,True,True
rxn:2:68063:170300,0.09354812332562037,0.578125,True,True
rxn:2:141847:172386,0.09354011659268979,0.52,True,True
rxn:2:118466:142427,0.09353402256965637,0.5733333333333334,True,True
rxn:2:138879:153789,0.09353006969798694,0.6666666666666666,True,True
rxn:2:147486:143497,0.09352186407361712,0.6307692307692307,True,True
rxn:2:153842:134944,0.09352031775883266,0.6949152542372882,True,True
rxn:2:153842:132627,0.0935187781298602,0.7272727272727273,True,True
rxn:2:139863:100837,0.09351859413660489,0.5230769230769231,True,True
rxn:2:138879:145587,0.0935159379785711,0.7236842105263158,True,True
rxn:2:153842:152715,0.09351310484549578,0.6911764705882353,True,True
rxn:2:138879:171105,0.09351013645981297,0.6811594202898551,True,True
rxn:2:79824:109386,0.09350793759028117,0.5217391304347826,True,True
rxn:2:153842:161883,0.0935033735106973,0.6716417910447762,True,True
rxn:2:138879:120808,0.09350068618853888,0.6779661016949152,True,True
rxn:2:137744:145862,0.09349131378634222,0.5844155844155844,True,True
rxn:2:152878:164913,0.0934911027099147,0.5053763440860215,True,True
rxn:2:141847:170589,0.093487282594045,0.4153846153846154,True,True
rxn:2:147486:141558,0.09348645806312561,0.7,True,True
rxn:2:147486:160124,0.09347909688949585,0.6440677966101694,True,True
rxn:2:68063:163380,0.09347305297851563,0.581081081081081,True,True
rxn:2:76489:170621,0.09346917644143105,0.5540540540540541,True,True
rxn:2:68063:170229,0.09346867635332305,0.7049180327868853,True,True
rxn:2:107633:110720,0.09346604088078374,0.5862068965517241,True,True
rxn:2:111642:171892,0.09345600008964539,0.6307692307692307,True,True
rxn:2:153842:163662,0.09344402514398098,0.5606060606060606,True,True
rxn:2:68063:171162,0.09344378539494105,0.703125,True,True
rxn:2:147486:92273,0.09343907545352804,0.5070422535211268,True,True
rxn:2:167192:157676,0.09343657300278947,0.6575342465753424,True,True
rxn:2:147486:145850,0.09342828194300333,0.7,True,True
rxn:2:153842:172722,0.09342062473297119,0.6515151515151515,True,True
rxn:2:157493:161725,0.09341502958728422,0.5974025974025974,True,True
rxn:2:153842:100147,0.09340952060840747,0.746031746031746,True,True
rxn:2:138879:159114,0.09340565146938448,0.696969696969697,True,True
rxn:2:153842:80925,0.09339730492953596,0.6129032258064516,True,True
rxn:2:68063:154226,0.09338617750576564,0.7142857142857143,True,True
rxn:2:81212:140742,0.0933798182578314,0.423728813559322,True,True
rxn:2:74921:171581,0.0933782418568929,0.6451612903225806,True,True
rxn:2:119782:143248,0.09337495729841035,0.7333333333333333,True,True
rxn:2:147486:154217,0.09337448893171368,0.6805555555555556,True,True
rxn:2:153842:125556,0.09337111562490463,0.6885245901639344,True,True
rxn:2:153842:159752,0.09337065754265621,0.711864406779661,True,True
rxn:2:138879:151604,0.09336917675458468,0.5555555555555556,True,True
rxn:2:87543:147469,0.0933640786579677,0.7368421052631579,True,True
rxn:2:147486:169325,0.09336389601230621,0.6923076923076923,True,True
rxn:2:153842:88580,0.09335992804595403,0.7321428571428571,True,True
rxn:2:137744:166720,0.09335746935435704,0.5526315789473685,True,True
rxn:2:100318:170201,0.09335387211579543,0.6451612903225806,True,True
rxn:2:157493:142887,0.09334669000393636,0.5180722891566265,True,True
rxn:2:138879:173214,0.09334365511313081,0.7121212121212122,True,True
rxn:2:138879:143034,0.09334062834580739,0.717948717948718,True,True
rxn:2:138879:156474,0.09333011988670595,0.7323943661971831,True,True
rxn:2:138879:170992,0.0933278827897964,0.6923076923076923,True,True
rxn:2:138879:172774,0.09332674692074458,0.7419354838709677,True,True
rxn:2:148549:135873,0.09332638382911682,0.734375,True,True
rxn:2:153842:121174,0.09332325281920256,0.6229508196721312,True,True
rxn:2:138879:168875,0.09331765715722684,0.7142857142857143,True,True
rxn:2:152878:169415,0.09331698417663574,0.6352941176470588,True,True
rxn:2:153842:85841,0.09330552595633047,0.7288135593220338,True,True
rxn:2:73951:172646,0.09329714446232237,0.6774193548387096,True,True
rxn:2:116808:150483,0.09329533576965332,0.6129032258064516,True,True
rxn:2:153842:132065,0.09329506754875183,0.7313432835820896,True,True
rxn:2:153842:108691,0.09329107633003822,0.6440677966101694,True,True
rxn:2:122047:158944,0.09328733012080193,0.43037974683544306,True,True
rxn:2:86497:172877,0.09328582356957828,0.7402597402597403,True,True
rxn:2:167192:145608,0.0932842106432528,0.6125,True,True
rxn:2:147486:131177,0.0932792318718774,0.6129032258064516,True,True
rxn:2:138879:167662,0.09327789660423033,0.7222222222222222,True,True
rxn:2:167192:163872,0.09325496617116426,0.6233766233766234,True,True
rxn:2:93644:165480,0.0932537696578286,0.4,True,True
rxn:2:73951:161725,0.09324856237931685,0.6724137931034483,True,True
rxn:2:153842:81380,0.09324575901031494,0.7169811320754716,True,True
rxn:2:136355:156397,0.09324324131011963,0.5921052631578947,True,True
rxn:2:153842:89586,0.09324021692629214,0.7368421052631579,True,True
rxn:2:138879:95801,0.09323847523102394,0.7166666666666667,True,True
rxn:2:153842:127635,0.09323246832247134,0.6557377049180327,True,True
rxn:2:68063:148916,0.09322029103835423,0.6774193548387096,True,True
rxn:2:69594:146808,0.09321092196873255,0.5542168674698795,True,True
rxn:2:147486:147605,0.09321040531684613,0.6,True,True
rxn:2:147486:166557,0.09320967594782512,0.6911764705882353,True,True
rxn:2:153842:84597,0.09318823997790997,0.6166666666666667,True,True
rxn:2:147486:170909,0.09318349361419678,0.6527777777777778,True,True
rxn:2:138879:164038,0.0931724727153778,0.6056338028169014,True,True
rxn:2:138879:138466,0.09317193868068549,0.6949152542372882,True,True
rxn:2:68063:142671,0.09315394533091578,0.5277777777777778,True,True
rxn:2:153842:103705,0.09314900857430918,0.7192982456140351,True,True
rxn:2:148549:100719,0.0931474765141805,0.7049180327868853,True,True
rxn:2:138879:166069,0.09314629836724354,0.6949152542372882,True,True
rxn:2:153842:96934,0.09314224353203407,0.5892857142857143,True,True
rxn:2:153842:115778,0.09312926900797877,0.6935483870967742,True,True
rxn:2:147486:172032,0.09312663924309515,0.7241379310344828,True,True
rxn:2:153842:99639,0.09312436197485242,0.7346938775510204,True,True
rxn:2:138879:161192,0.09312313795089722,0.6521739130434783,True,True
rxn:2:138879:111419,0.09312115554456357,0.5588235294117647,True,True
rxn:2:67319:155428,0.09311945510633064,0.5769230769230769,True,True
rxn:2:138879:131786,0.09311640570903645,0.7,True,True
rxn:2:138879:171373,0.0931120803861907,0.6619718309859155,True,True
rxn:2:138879:102336,0.12818341506154915,1.0,False,False
rxn:2:73951:159172,0.12703735960854423,1.0,False,False
rxn:2:73951:169656,0.1260188313630911,1.0,False,False
rxn:2:138879:88580,0.12597739815711975,1.0,False,False
rxn:2:138879:124193,0.12554517149925232,1.0,False,False
rxn:2:138879:163118,0.1244008866223422,1.0,False,False
rxn:2:138879:126699,0.12430770695209503,1.0,False,False
rxn:2:138879:110519,0.12293634474277497,1.0,False,False
rxn:2:138879:113949,0.12151234081158271,1.0,False,False
rxn:2:147486:161340,0.12142275646328926,1.0,False,False
rxn:2:138879:85188,0.12094661056995391,1.0,False,False
rxn:2:138879:150791,0.12024130696250547,1.0,False,False
rxn:2:147486:144193,0.11997828401368239,1.0,False,False
rxn:2:138879:171970,0.11996061512918182,1.0,False,False
rxn:2:153842:116170,0.11972055756128751,1.0,False,False
rxn:2:141847:128462,0.11968352893988292,1.0,False,False
rxn:2:68063:94041,0.11959868410359258,1.0,False,False
rxn:2:138879:143314,0.11951209364398833,1.0,False,False
rxn:2:73951:170015,0.11926722526550293,1.0,False,False
rxn:2:153842:78550,0.1188934467456959,1.0,False,False
rxn:2:138879:152271,0.1187049588188529,1.0,False,False
rxn:2:138879:170373,0.11838361668971277,1.0,False,False
rxn:2:143189:170015,0.11834655654045843,1.0,False,False
rxn:2:153842:87175,0.1178670388001662,1.0,False,False
rxn:2:68063:108496,0.11785152684087338,1.0,False,False
rxn:2:138879:170361,0.11766561288987437,1.0,False,False
rxn:2:138879:169697,0.11754841093094118,1.0,False,False
rxn:2:138879:172269,0.11754692392423749,1.0,False,False
rxn:2:138879:169236,0.11749450094772108,1.0,False,False
rxn:2:138879:170015,0.11746846536795298,1.0,False,False
rxn:2:138879:69615,0.1174534010887146,1.0,False,False
rxn:2:68063:172011,0.11731231638363429,1.0,False,False
rxn:2:138879:164654,0.11727445866122391,1.0,False,False
rxn:2:138879:97563,0.11725340723991394,1.0,False,False
rxn:2:74921:169656,0.11715319752693176,1.0,False,False
rxn:2:138879:103108,0.11704276874661446,1.0,False,False
rxn:2:138879:98838,0.1170425546169281,1.0,False,False
rxn:2:153842:138050,0.11668614470041715,1.0,False,False
rxn:2:153842:73581,0.1166671748672213,1.0,False,False
rxn:2:138879:147508,0.11666569579392672,1.0,False,False
rxn:2:138879:163265,0.11665003498395285,1.0,False,False
rxn:2:138879:169150,0.11664287409474773,1.0,False,False
rxn:2:138879:163343,0.11655313544201128,1.0,False,False
rxn:2:138879:133993,0.1164564073085785,1.0,False,False
rxn:2:147486:168750,0.11642693319628315,1.0,False,False
rxn:2:138879:172433,0.11637969363120294,1.0,False,False
rxn:2:138879:172366,0.11631076715209268,1.0,False,False
rxn:2:73951:172716,0.1162915587425232,1.0,False,False
rxn:2:73951:171533,0.11628316066883228,1.0,False,False
rxn:2:138879:161270,0.1162127940915525,1.0,False,False
rxn:2:138879:170021,0.11617859520695425,1.0,False,False
rxn:2:138879:81716,0.11616756558418273,1.0,False,False
rxn:2:138879:138244,0.1160820746421814,1.0,False,False
rxn:2:138879:156162,0.1160224387422204,1.0,False,False
rxn:2:138879:160813,0.11599631836781135,1.0,False,False
rxn:2:147486:166765,0.11592239322084369,1.0,False,False
rxn:2:147486:163205,0.11591059150117816,1.0,False,False
rxn:2:138879:164455,0.11586370432015622,1.0,False,False
rxn:2:138879:118521,0.11584400901427636,1.0,False,False
rxn:2:138879:170428,0.11572035185752376,1.0,False,False
rxn:2:153842:110962,0.11556046971907982,1.0,False,False
rxn:2:138879:171726,0.11555913928896189,1.0,False,False
rxn:2:147486:164881,0.1154981956762426,1.0,False,False
rxn:2:73951:169258,0.11545913036052997,1.0,False,False
rxn:2:138879:171533,0.11540189097004552,1.0,False,False
rxn:2:138879:158687,0.11527025513350964,1.0,False,False
rxn:2:100318:170015,0.11494756661928617,1.0,False,False
rxn:2:153842:134088,0.11476265907287597,1.0,False,False
rxn:2:138879:169690,0.1147513868230762,1.0,False,False
rxn:2:153842:75009,0.11460152626037598,1.0,False,False
rxn:2:138879:149210,0.11448486389652375,1.0,False,False
rxn:2:138879:96975,0.11442959904670716,1.0,False,False
rxn:2:153842:119230,0.11432411670684814,1.0,False,False
rxn:2:138879:139177,0.11427338480949402,1.0,False,False
rxn:2:138879:149814,0.11420172359794378,1.0,False,False
rxn:2:138879:147263,0.11417971551418304,1.0,False,False
rxn:2:138879:170777,0.11416576031980843,1.0,False,False
rxn:2:138879:171209,0.11411799224359648,1.0,False,False
rxn:2:153842:101019,0.11393672007101553,1.0,False,False
rxn:2:138879:74026,0.11386145591735841,1.0,False,False
rxn:2:138879:83809,0.11375546331206957,1.0,False,False
rxn:2:153842:128027,0.11374328136444092,1.0,False,False
rxn:2:138879:159172,0.11363452240344017,1.0,False,False
rxn:2:138879:130131,0.11354838411013285,1.0,False,False
rxn:2:138879:96559,0.11352069377899171,1.0,False,False
rxn:2:138879:112669,0.11343398503959179,1.0,False,False
rxn:2:138879:170663,0.1133971146998867,1.0,False,False
rxn:2:138879:164572,0.11332264271649448,1.0,False,False
rxn:2:73951:171139,0.1131133224282946,1.0,False,False
rxn:2:138879:170264,0.11311294743791223,1.0,False,False
rxn:2:153842:123527,0.11308311499082126,1.0,False,False
rxn:2:138879:79735,0.11296432713667551,1.0,False,False
rxn:2:138879:116279,0.11293921113014221,1.0,False,False
rxn:2:68063:110720,0.11286548863757741,1.0,False,False
rxn:2:138879:169656,0.11286196211973826,1.0,False,False
rxn:2:138879:113852,0.11283960193395615,1.0,False,False
rxn:2:153842:104907,0.11282565502020028,1.0,False,False
rxn:2:153842:100663,0.11282079308121293,1.0,False,False
rxn:2:138879:153265,0.11280175065621734,1.0,False,False
rxn:2:138879:111357,0.11276907563209533,1.0,False,False
rxn:2:138879:172098,0.11276313277982897,1.0,False,False
rxn:2:138879:151092,0.11276278272271156,1.0,False,False
rxn:2:138879:171831,0.11265528153988622,1.0,False,False
rxn:2:138879:167834,0.11262158836637223,1.0,False,False
rxn:2:138879:98477,0.11260139465332031,1.0,False,False
rxn:2:138879:101971,0.11242683172225951,1.0,False,False
rxn:2:138879:133601,0.11238723635673523,1.0,False,False
rxn:2:138879:118190,0.11235853910446167,1.0,False,False
rxn:2:138879:85128,0.11233446250359218,1.0,False,False
rxn:2:147486:147392,0.11228103678801964,1.0,False,False
rxn:2:138879:75017,0.11227988362312316,1.0,False,False
rxn:2:138879:70600,0.11226423233747482,1.0,False,False
rxn:2:138879:162253,0.11222277341350433,1.0,False,False
rxn:2:153842:114966,0.11215703248977661,1.0,False,False
rxn:2:153842:114486,0.11208044052124023,1.0,False,False
rxn:2:138879:130615,0.11204899311065675,1.0,False,False
rxn:2:138879:171012,0.11201306635683234,1.0,False,False
rxn:2:138879:171861,0.1120109776655833,1.0,False,False
rxn:2:138879:90955,0.11200533310572307,1.0,False,False
rxn:2:100318:169656,0.11187463998794556,1.0,False,False
rxn:2:153842:101264,0.11186435222625732,1.0,False,False
rxn:2:138879:170981,0.1118261399678886,1.0,False,False
rxn:2:153842:101185,0.11177066607134682,1.0,False,False
rxn:2:153842:124368,0.11176263008798872,1.0,False,False
rxn:2:147486:150401,0.11176229245734937,1.0,False,False
rxn:2:153842:127803,0.11171779367658827,1.0,False,False
rxn:2:153842:133982,0.11171607617978696,1.0,False,False
rxn:2:138879:163458,0.11166166627045833,1.0,False,False
rxn:2:147486:172095,0.1116523265838623,1.0,False,False
rxn:2:153842:88169,0.11156539193221501,1.0,False,False
rxn:2:138879:159368,0.11149749532341957,1.0,False,False
rxn:2:153842:99260,0.11148993097818814,1.0,False,False
rxn:2:153842:118661,0.11145800113677978,1.0,False,False
rxn:2:153842:73161,0.11144187494560524,1.0,False,False
rxn:2:68063:172754,0.11142503363745553,1.0,False,False
rxn:2:68063:172681,0.11141999341823437,1.0,False,False
rxn:2:138879:158796,0.11139776185154915,1.0,False,False
rxn:2:73951:171369,0.11139508640324627,1.0,False,False
rxn:2:138879:156816,0.11139355041086674,1.0,False,False
rxn:2:138879:86776,0.11138870981004503,1.0,False,False
rxn:2:153842:117845,0.11135233300072807,1.0,False,False
rxn:2:138879:154023,0.11132235238046356,1.0,False,False
rxn:2:138879:170106,0.11129277991130948,1.0,False,False
rxn:2:138879:149100,0.11127212643623352,1.0,False,False
rxn:2:153842:138344,0.11124341402735029,1.0,False,False
rxn:2:146530:157642,0.11120656308005838,1.0,False,False
rxn:2:138879:171316,0.11116096557992877,1.0,False,False
rxn:2:138879:154665,0.11113090515136718,1.0,False,False
rxn:2:73951:170701,0.11111759522865558,1.0,False,False
rxn:2:138879:78013,0.11107243970036507,1.0,False,False
rxn:2:68063:165658,0.11106470946607919,1.0,False,False
rxn:2:138879:66435,0.11104644605746636,1.0,False,False
rxn:2:138879:168418,0.1110301730223,1.0,False,False
rxn:2:111642:158214,0.11100893361227852,1.0,False,False
rxn:2:138879:173029,0.11097180939489795,1.0,False,False
rxn:2:153842:121313,0.11095995627916776,1.0,False,False
rxn:2:81212:169977,0.11094187912733658,1.0,False,False
rxn:2:138879:170865,0.11086444358030956,1.0,False,False
rxn:2:138879:172554,0.11083017818389401,1.0,False,False
rxn:2:138879:168542,0.11080744465192158,1.0,False,False
rxn:2:153842:71185,0.11076683723009549,1.0,False,False
rxn:2:138879:158373,0.11062977102495009,1.0,False,False
rxn:2:153842:76406,0.11053493287828234,1.0,False,False
rxn:2:138879:171071,0.11051413320725964,1.0,False,False
rxn:2:141847:92440,0.11045647660891215,1.0,False,False
rxn:2:138879:173260,0.11043101503993524,1.0,False,False
rxn:2:138879:72504,0.11040409711691049,1.0,False,False
rxn:2:138879:167198,0.11037241574376822,1.0,False,False
rxn:2:68063:169215,0.11035374658448356,1.0,False,False
rxn:2:138879:172271,0.11024454732735953,1.0,False,False
rxn:2:138879:110638,0.11018758356571198,1.0,False,False
rxn:2:138879:172510,0.11017248130613758,1.0,False,False
rxn:2:138879:135161,0.1101357527077198,1.0,False,False
rxn:2:143189:169258,0.11006720219888995,1.0,False,False
rxn:2:138879:170620,0.11005403869079822,1.0,False,False
rxn:2:125845:142887,0.10993676761101032,1.0,False,False
rxn:2:138879:113405,0.10989872924983501,1.0,False,False
rxn:2:153842:141942,0.10988996426264445,1.0,False,False
rxn:2:68063:159146,0.10985827964285146,1.0,False,False
rxn:2:146530:162247,0.10984715260565281,1.0,False,False
rxn:2:138879:172542,0.10983166640455072,1.0,False,False
rxn:2:153842:131763,0.10978218802699337,1.0,False,False
rxn:2:68063:169277,0.10976043453922978,1.0,False,False
rxn:2:138879:105376,0.10969887425502142,1.0,False,False
rxn:2:138879:169810,0.10967129375785589,1.0,False,False
rxn:2:138879:157171,0.10965999414523442,1.0,False,False
rxn:2:153842:135047,0.10963125870778011,1.0,False,False
rxn:2:147486:151174,0.109611976146698,1.0,False,False
rxn:2:138879:168933,0.10958593406460503,1.0,False,False
rxn:2:138879:158950,0.10955976694822311,1.0,False,False
rxn:2:138879:152317,0.10950480807911267,1.0,False,False
rxn:2:153842:114474,0.10950439529759544,1.0,False,False
rxn:2:138879:169938,0.1095020559526259,1.0,False,False
rxn:2:153842:84288,0.10941432582007514,1.0,False,False
rxn:2:153842:83526,0.10939830762368662,1.0,False,False
rxn:2:138879:170701,0.10938800374666849,1.0,False,False
rxn:2:138879:149975,0.10934329574758356,1.0,False,False
rxn:2:138879:78224,0.10932812365618619,1.0,False,False
rxn:2:138879:169596,0.10928666094938914,1.0,False,False
rxn:2:138879:148184,0.10928200339448862,1.0,False,False
rxn:2:138879:169183,0.10924349409161192,1.0,False,False
rxn:2:147486:148240,0.10924278287326589,1.0,False,False
rxn:2:138879:149517,0.10917645178992172,1.0,False,False
rxn:2:153842:77385,0.10914951342123526,1.0,False,False
rxn:2:68063:169656,0.10913244662461458,1.0,False,False
rxn:2:153842:85128,0.10912708441416423,1.0,False,False
rxn:2:138879:150745,0.10911975661292672,1.0,False,False
rxn:2:147486:140965,0.1091156005859375,1.0,False,False
rxn:2:153842:84426,0.10909404578032317,1.0,False,False
rxn:2:147486:157364,0.10906831175088882,1.0,False,False
rxn:2:137744:172246,0.10903780691085323,1.0,False,False
rxn:2:74989:171884,0.10903700192769368,1.0,False,False
rxn:2:153842:101661,0.10901730590396458,1.0,False,False
rxn:2:138879:170402,0.10901591662437685,1.0,False,False
rxn:2:138879:108953,0.10900589699546497,1.0,False,False
rxn:2:147486:159766,0.1089704975937352,1.0,False,False
rxn:2:138879:122335,0.1089319121837616,1.0,False,False
rxn:2:138879:166112,0.10890998387778247,1.0,False,False
rxn:2:153842:92484,0.10890696225342927,1.0,False,False
rxn:2:138879:157616,0.10882196733445833,1.0,False,False
rxn:2:73951:171236,0.1088026123387473,1.0,False,False
rxn:2:68063:165967,0.10876467823982239,1.0,False,False
rxn:2:138879:169611,0.10876014540272375,1.0,False,False
rxn:2:81212:83458,0.10872316878774892,1.0,False,False
rxn:2:138879:73581,0.10869956016540527,1.0,False,False
rxn:2:138879:169289,0.10863596899434924,1.0,False,False
rxn:2:138879:169542,0.10861574429454225,1.0,False,False
rxn:2:138879:164585,0.10857947587966918,1.0,False,False
rxn:2:138879:170844,0.10855690157040954,1.0,False,False
rxn:2:138879:130817,0.10854570815960565,1.0,False,False
rxn:2:153842:119868,0.10850771268208821,1.0,False,False
rxn:2:153842:129419,0.10850731815610613,1.0,False,False
rxn:2:138879:170870,0.10849644676331552,1.0,False,False
rxn:2:138879:166768,0.10847296367088954,1.0,False,False
rxn:2:138879:169179,0.10843858821317554,1.0,False,False
rxn:2:73951:170870,0.10841201411353217,1.0,False,False
rxn:2:138879:171076,0.10840685232993094,1.0,False,False
rxn:2:138879:170338,0.10840099905767747,1.0,False,False
rxn:2:138879:170332,0.1083233505487442,1.0,False,False
rxn:2:138879:167448,0.10827224934473634,1.0,False,False
rxn:2:138879:124368,0.10822695016860961,1.0,False,False
rxn:2:138879:163872,0.1082187993451953,1.0,False,False
rxn:2:138879:122654,0.1082075946033001,1.0,False,False
rxn:2:138879:172592,0.10820234542892826,1.0,False,False
rxn:2:153842:71540,0.10818207740783692,1.0,False,False
rxn:2:68063:171012,0.10816722512245178,1.0,False,False
rxn:2:147486:162612,0.10810621579488118,1.0,False,False
rxn:2:138879:73923,0.10809722211625841,1.0,False,False
rxn:2:153842:84299,0.10808899226012053,1.0,False,False
rxn:2:147486:167367,0.10808134620839899,1.0,False,False
rxn:2:138879:115667,0.1080663537979126,1.0,False,False
rxn:2:138879:159359,0.10802237490812938,1.0,False,False
rxn:2:153842:132995,0.10802061970417316,1.0,False,False
rxn:2:138879:143974,0.10800650523554894,1.0,False,False
rxn:2:138879:149053,0.10799749543269475,1.0,False,False
rxn:2:138879:165141,0.10799567545613936,1.0,False,False
rxn:2:138879:80103,0.10797802358865738,1.0,False,False
rxn:2:148549:111389,0.107968997496825,1.0,False,False
rxn:2:138879:142820,0.10795256089080463,1.0,False,False
rxn:2:153842:96937,0.10795016799654279,1.0,False,False
rxn:2:163153:66235,0.1079392603465489,1.0,False,False
rxn:2:92749:83458,0.10793888828028804,1.0,False,False
rxn:2:146530:74733,0.10792482721394506,1.0,False,False
rxn:2:138879:153427,0.10791708000244632,1.0,False,False
rxn:2:153842:68741,0.10788226348382456,1.0,False,False
rxn:2:138879:145444,0.10785882329118662,1.0,False,False
rxn:2:147486:145535,0.10782828841890607,1.0,False,False
rxn:2:153842:115391,0.10781725406646729,1.0,False,False
rxn:2:147486:152517,0.10780297915140788,1.0,False,False
rxn:2:138879:95544,0.10772873640060425,1.0,False,False
rxn:2:147486:162897,0.10771409926875945,1.0,False,False
rxn:2:138879:172246,0.10769885499030352,1.0,False,False
rxn:2:138879:171296,0.10769257670448673,1.0,False,False
rxn:2:153842:130899,0.10767425482089703,1.0,False,False
rxn:2:153842:120254,0.10766016774707371,1.0,False,False
rxn:2:138879:150069,0.10761632792877429,1.0,False,False
rxn:2:73951:171036,0.10761617068891172,1.0,False,False
rxn:2:138879:66745,0.10756685376167298,1.0,False,False
rxn:2:138879:172742,0.10754548851400614,1.0,False,False
rxn:2:153842:97388,0.1075430154800415,1.0,False,False
rxn:2:153842:113943,0.10753941077452439,1.0,False,False
rxn:2:147486:156438,0.1075392518724714,1.0,False,False
rxn:2:138879:155780,0.10753203568787412,1.0,False,False
rxn:2:93644:169656,0.10750763614972432,1.0,False,False
rxn:2:138879:92045,0.107489173412323,1.0,False,False
rxn:2:138879:160075,0.1074141131507026,1.0,False,False
rxn:2:138879:144901,0.10740130803277415,1.0,False,False
rxn:2:147486:168058,0.10739890734354655,1.0,False,False
rxn:2:125845:171533,0.10739574687821525,1.0,False,False
rxn:2:79824:95801,0.10736581470285143,1.0,False,False
rxn:2:138879:136685,0.10735157489776612,1.0,False,False
rxn:2:138879:98344,0.10733598636256324,1.0,False,False
rxn:2:147486:163388,0.10731432504124111,1.0,False,False
rxn:2:147486:148477,0.1072816579572616,1.0,False,False
rxn:2:138879:74198,0.10725587606430054,1.0,False,False
rxn:2:138879:164715,0.10725362811769758,1.0,False,False
rxn:2:153842:73498,0.10724672675132751,1.0,False,False
rxn:2:138879:171253,0.10724639441027786,1.0,False,False
rxn:2:138879:96937,0.1072367650270462,1.0,False,False
rxn:2:138879:151700,0.10722336894081486,1.0,False,False
rxn:2:153842:137763,0.10721410274505615,1.0,False,False
rxn:2:153842:140084,0.10721044628708451,1.0,False,False
rxn:2:138879:126883,0.10720597863197326,1.0,False,False
rxn:2:138879:89402,0.10716956853866577,1.0,False,False
rxn:2:138879:160109,0.10716433155125585,1.0,False,False
rxn:2:147486:142994,0.1071556955575943,1.0,False,False
rxn:2:138879:111140,0.107146717607975,1.0,False,False
rxn:2:138879:169303,0.10714135070641836,1.0,False,False
rxn:2:137744:163343,0.10713019967079163,1.0,False,False
rxn:2:73951:170908,0.10712975925869411,1.0,False,False
rxn:2:138879:172115,0.10709501899057819,1.0,False,False
rxn:2:153842:162114,0.10708355717360973,1.0,False,False
rxn:2:138879:146198,0.10707248471401355,1.0,False,False
rxn:2:138879:169818,0.10703359823673964,1.0,False,False
rxn:2:138879:169703,0.10701820906251669,1.0,False,False
rxn:2:153842:91227,0.10699278593063355,1.0,False,False
rxn:2:138879:171770,0.10696180413166681,1.0,False,False
rxn:2:138879:154668,0.10694236179877972,1.0,False,False
rxn:2:125845:173169,0.10693309483704744,1.0,False,False
rxn:2:153842:136837,0.10690585330680565,1.0,False,False
rxn:2:153842:89275,0.10683166027069092,1.0,False,False
rxn:2:138879:150000,0.1067729484418343,1.0,False,False
rxn:2:147486:147415,0.1067698856194814,1.0,False,False
rxn:2:147486:147696,0.1067533998778372,1.0,False,False
rxn:2:138879:150240,0.10675305641930678,1.0,False,False
rxn:2:138879:166720,0.10673925023654413,1.0,False,False
rxn:2:138879:132831,0.10672626128563514,1.0,False,False
rxn:2:147486:145339,0.10666488198673024,1.0,False,False
rxn:2:138879:171581,0.1066183215007186,1.0,False,False
rxn:2:147486:151489,0.10656358389293447,1.0,False,False
rxn:2:148549:92337,0.10655777270977314,1.0,False,False
rxn:2:138879:86748,0.10655480444431305,1.0,False,False
rxn:2:138879:170813,0.10654630186036229,1.0,False,False
rxn:2:138879:114253,0.10654520094394684,1.0,False,False
rxn:2:138879:171036,0.10653876104662496,1.0,False,False
rxn:2:138879:163777,0.10647351145744324,1.0,False,False
rxn:2:138879:171995,0.10644565522670746,1.0,False,False
rxn:2:73951:103473,0.10643980990756642,1.0,False,False
rxn:2:138879:170835,0.10641947253183885,1.0,False,False
rxn:2:147486:157397,0.10639707119234147,1.0,False,False
rxn:2:73951:171316,0.10637398012753191,1.0,False,False
rxn:2:125845:169656,0.10637116432189941,1.0,False,False
rxn:2:68063:153366,0.1063589870929718,1.0,False,False
rxn:2:138879:165117,0.10635577095672488,1.0,False,False
rxn:2:138879:138533,0.10631838211646447,1.0,False,False
rxn:2:153842:165003,0.10631375543532832,1.0,False,False
rxn:2:153842:115527,0.10631121308715255,1.0,False,False
rxn:2:138879:110740,0.10631008137916698,1.0,False,False
rxn:2:129081:171505,0.10629799691113559,1.0,False,False
rxn:2:153842:156697,0.10626785097451046,1.0,False,False
rxn:2:138879:160866,0.10625696859576486,1.0,False,False
rxn:2:73951:170297,0.10622489041295545,1.0,False,False
rxn:2:153842:95767,0.10616757251598218,1.0,False,False
rxn:2:138879:173074,0.1061610036319302,1.0,False,False
rxn:2:153842:103720,0.10613794837679182,1.0,False,False
rxn:2:138879:133531,0.10611705124378204,1.0,False,False
rxn:2:153842:111572,0.10608156265751008,1.0,False,False
rxn:2:153842:129650,0.10606257915496826,1.0,False,False
rxn:2:147486:170759,0.10605471953749657,1.0,False,False
rxn:2:138879:72165,0.10605074465274811,1.0,False,False
rxn:2:153842:117072,0.10604820207313255,1.0,False,False
rxn:2:153842:108213,0.10604758675281818,1.0,False,False
rxn:2:138879:151922,0.10604488011449575,1.0,False,False
rxn:2:138879:149625,0.10600978033295994,1.0,False,False
rxn:2:138879:172729,0.10600344929844141,1.0,False,False
rxn:2:138879:169201,0.10597043364278733,1.0,False,False
rxn:2:138879:169628,0.10596760455518961,1.0,False,False
rxn:2:138879:171892,0.10595990810543299,1.0,False,False
rxn:2:73951:97906,0.10595347393642772,1.0,False,False
rxn:2:147486:142835,0.10595127764870138,1.0,False,False
rxn:2:153842:111574,0.10593525568644206,1.0,False,False
rxn:2:138879:149476,0.10593141923690663,1.0,False,False
rxn:2:138879:170318,0.10593105806037784,1.0,False,False
rxn:2:153842:118071,0.10592368355503788,1.0,False,False
rxn:2:138879:144188,0.10589711512288738,1.0,False,False
rxn:2:138879:150340,0.10587425927321116,1.0,False,False
rxn:2:138879:170181,0.10586812707685656,1.0,False,False
rxn:2:68063:163388,0.10586406787236531,1.0,False,False
rxn:2:73951:169611,0.10586406235341672,1.0,False,False
rxn:2:138879:151673,0.10583039204920491,1.0,False,False
rxn:2:68063:171391,0.10581920146942139,1.0,False,False
rxn:2:138879:153739,0.10581533385045601,1.0,False,False
rxn:2:147486:148925,0.10578469977234349,1.0,False,False
rxn:2:138879:148761,0.1057669311761856,1.0,False,False
rxn:2:138879:170249,0.105743826366961,1.0,False,False
rxn:2:153842:98449,0.10567701607942581,1.0,False,False
rxn:2:68063:169958,0.1056714415550232,1.0,False,False
rxn:2:153842:120808,0.10567071702745226,1.0,False,False
rxn:2:138879:147078,0.10565724968910217,1.0,False,False
rxn:2:110360:169919,0.10565226475397746,1.0,False,False
rxn:2:138879:81254,0.10563821531832218,1.0,False,False
rxn:2:73951:169303,0.1056303336070134,1.0,False,False
rxn:2:138879:172180,0.10561506450176239,1.0,False,False
rxn:2:68063:145060,0.1055663675069809,1.0,False,False
rxn:2:138879:172396,0.10555175667808903,1.0,False,False
rxn:2:153842:97161,0.10554052282262731,1.0,False,False
rxn:2:147486:152221,0.10553378217360553,1.0,False,False
rxn:2:153842:138254,0.10552819569905598,1.0,False,False
rxn:2:153842:135690,0.10550239792576542,1.0,False,False
rxn:2:81212:144905,0.10537793419577858,1.0,False,False
rxn:2:138879:144820,0.10530591569840908,1.0,False,False
rxn:2:138879:162371,0.10530301580826441,1.0,False,False
rxn:2:138879:160734,0.10529575357213616,1.0,False,False
rxn:2:138879:132178,0.10529368991653125,1.0,False,False
rxn:2:138879:121557,0.10527695069710413,1.0,False,False
rxn:2:138879:171626,0.10525791347026825,1.0,False,False
rxn:2:138879:160281,0.10523793753236532,1.0,False,False
rxn:2:139906:75223,0.10519622053418841,1.0,False,False
rxn:2:74989:136791,0.1051935286357485,1.0,False,False
rxn:2:138879:172905,0.10514186707235151,1.0,False,False
rxn:2:68063:161603,0.1050781629703663,1.0,False,False
rxn:2:138879:106223,0.1050354927778244,1.0,False,False
rxn:2:138879:111741,0.10502399876713753,1.0,False,False
rxn:2:125845:170015,0.1050084078753436,1.0,False,False
rxn:2:138879:171063,0.10499779314830385,1.0,False,False
rxn:2:138879:160702,0.10497571065508085,1.0,False,False
rxn:2:147486:149247,0.1049743052572012,1.0,False,False
rxn:2:138879:136837,0.10497386443118253,1.0,False,False
rxn:2:146530:144901,0.1049410525490256,1.0,False,False
rxn:2:147486:104330,0.10492723974688299,1.0,False,False
rxn:2:68063:117307,0.10487929375275322,1.0,False,False
rxn:2:147486:164809,0.1048550195991993,1.0,False,False
rxn:2:138879:158851,0.10482889413833618,1.0,False,False
rxn:2:68063:171574,0.10482406403337206,1.0,False,False
rxn:2:138879:172725,0.10482324755960895,1.0,False,False
rxn:2:153842:80676,0.10481151512690953,1.0,False,False
rxn:2:138879:151609,0.10478550286004037,1.0,False,False
rxn:2:138879:172240,0.10476705944165587,1.0,False,False
rxn:2:153842:137724,0.10476189393263596,1.0,False,False
rxn:2:153842:114668,0.1047600167138236,1.0,False,False
rxn:2:138879:169645,0.10475994782014326,1.0,False,False
rxn:2:93644:139971,0.10475767913617585,1.0,False,False
rxn:2:153842:134163,0.10474991339903611,1.0,False,False
rxn:2:141847:169297,0.104733567237854,1.0,False,False
rxn:2:153842:83516,0.10471562238839957,1.0,False,False
rxn:2:138879:118209,0.10470687704426901,1.0,False,False
rxn:2:138879:121581,0.10465964142765317,1.0,False,False
rxn:2:147486:164385,0.10465701421101888,1.0,False,False
rxn:2:138879:171925,0.10464783459901811,1.0,False,False
rxn:2:138879:172995,0.10463767126202583,1.0,False,False
rxn:2:138879:172697,0.10462611487933568,1.0,False,False
rxn:2:138879:154752,0.10462447106838227,1.0,False,False
rxn:2:87543:146529,0.10460571758449078,1.0,False,False
rxn:2:138879:161177,0.1046007631286498,1.0,False,False
rxn:2:138879:170893,0.10458228262988004,1.0,False,False
rxn:2:138879:170421,0.10456388466285937,1.0,False,False
rxn:2:153842:118941,0.10454610298419821,1.0,False,False
rxn:2:138879:146558,0.10452126014617182,1.0,False,False
rxn:2:138879:143374,0.10449654562398791,1.0,False,False
rxn:2:68063:172006,0.10449547001293727,1.0,False,False
rxn:2:138879:124713,0.10449188947677612,1.0,False,False
rxn:2:138879:144482,0.10446512218444579,1.0,False,False
rxn:2:147486:172951,0.10446403755082025,1.0,False,False
rxn:2:73951:143503,0.10446040166748895,1.0,False,False
rxn:2:122047:83189,0.10444508879273026,1.0,False,False
rxn:2:138879:85371,0.10443109044661888,1.0,False,False
rxn:2:73951:170109,0.10442750270550068,1.0,False,False
rxn:2:138879:163049,0.10441797926570429,1.0,False,False
rxn:2:137744:171726,0.10441233650330574,1.0,False,False
rxn:2:104126:146644,0.10438993482878714,1.0,False,False
rxn:2:153842:125826,0.10438133389861495,1.0,False,False
rxn:2:138879:163433,0.10437674727290869,1.0,False,False
rxn:2:87543:150483,0.1043608303992979,1.0,False,False
rxn:2:138879:161702,0.10433834406637377,1.0,False,False
rxn:2:153842:125732,0.10433757305145264,1.0,False,False
rxn:2:68063:87886,0.1043267006223852,1.0,False,False
rxn:2:138879:68523,0.104320729970932,1.0,False,False
rxn:2:68063:171640,0.10432013560985696,1.0,False,False
rxn:2:138879:172125,0.10431756575902303,1.0,False,False
rxn:2:153842:137899,0.1042796288217817,1.0,False,False
rxn:2:138879:127420,0.10426745439569156,1.0,False,False
rxn:2:138879:145280,0.10424585143725076,1.0,False,False
rxn:2:138879:172156,0.10423580110073091,1.0,False,False
rxn:2:153842:140473,0.10422643025716145,1.0,False,False
rxn:2:153842:119956,0.10421321347907737,1.0,False,False
rxn:2:68063:171835,0.10418262439114707,1.0,False,False
rxn:2:79824:104330,0.1041712122304099,1.0,False,False
rxn:2:125488:124582,0.10416349649429321,1.0,False,False
rxn:2:138879:172934,0.10415375977754593,1.0,False,False
rxn:2:147486:142814,0.10414867230824061,1.0,False,False
rxn:2:74989:170529,0.10414378783282112,1.0,False,False
rxn:2:138879:148932,0.10411386843770742,1.0,False,False
rxn:2:138879:148647,0.10410672752186656,1.0,False,False
rxn:2:125845:170201,0.10409960040339718,1.0,False,False
rxn:2:147486:148042,0.10408500099883361,1.0,False,False
rxn:2:138879:170016,0.10407128659161655,1.0,False,False
rxn:2:138879:153360,0.10405973945894548,1.0,False,False
rxn:2:153842:97868,0.10404406144068791,1.0,False,False
rxn:2:138879:151643,0.10404318474954175,1.0,False,False
rxn:2:138879:164477,0.10403283685445786,1.0,False,False
rxn:2:138879:169923,0.10400416581861434,1.0,False,False
rxn:2:73951:173169,0.10397762518662673,1.0,False,False
rxn:2:138879:133412,0.10396476686000825,1.0,False,False
rxn:2:147486:152914,0.10396120510995388,1.0,False,False
rxn:2:153842:94375,0.10395875683537235,1.0,False,False
rxn:2:153842:124762,0.10394690036773682,1.0,False,False
rxn:2:138879:169987,0.10394373117014766,1.0,False,False
rxn:2:127178:124582,0.10392255507982694,1.0,False,False
rxn:2:116808:83189,0.10391227722167969,1.0,False,False
rxn:2:138879:80496,0.10388349569760835,1.0,False,False
rxn:2:138879:171146,0.10383217269554734,1.0,False,False
rxn:2:153842:162722,0.10382480174303055,1.0,False,False
rxn:2:138879:67392,0.10382402191559473,1.0,False,False
rxn:2:146530:161945,0.10382375572666977,1.0,False,False
rxn:2:138879:117927,0.1038103872729886,1.0,False,False
rxn:2:138879:154232,0.10380568658864056,1.0,False,False
rxn:2:146530:129753,0.10380493772440944,1.0,False,False
rxn:2:138879:72366,0.10379079557382144,1.0,False,False
rxn:2:138879:158301,0.10378791256384416,1.0,False,False
rxn:2:147486:146521,0.10378653336973752,1.0,False,False
rxn:2:137800:163807,0.10377828942404853,0.8,True,False
rxn:2:143189:169656,0.1037767356441867,1.0,False,False
rxn:2:68063:170620,0.10375427802403768,1.0,False,False
rxn:2:138879:105406,0.1037517786026001,1.0,False,False
rxn:2:147486:124713,0.10374988271639897,1.0,False,False
rxn:2:138879:170141,0.1037477720528841,1.0,False,False
rxn:2:146530:142286,0.10374207005781286,1.0,False,False
rxn:2:138879:170655,0.10373652523214166,1.0,False,False
rxn:2:147486:160133,0.10373579754548914,1.0,False,False
rxn:2:68063:170842,0.10372014337086252,1.0,False,False
rxn:2:138879:169020,0.10369687551452267,1.0,False,False
rxn:2:138879:172716,0.10364865537347465,1.0,False,False
rxn:2:81212:134481,0.10362974305947621,1.0,False,False
rxn:2:138879:169328,0.10361422505229712,1.0,False,False
rxn:2:138879:170871,0.10361336637288332,1.0,False,False
rxn:2:93644:79284,0.10361180901527405,1.0,False,False
rxn:2:138879:145015,0.10360740274190902,1.0,False,False
rxn:2:147486:150065,0.10358965769410133,1.0,False,False
rxn:2:138879:172407,0.10357674111922582,1.0,False,False
rxn:2:138879:126060,0.10352884779373805,1.0,False,False
rxn:2:138879:172764,0.10350924531618753,1.0,False,False
rxn:2:138879:170452,0.10348379611968994,1.0,False,False
rxn:2:153842:172608,0.10346693359315395,1.0,False,False
rxn:2:73951:170229,0.10345119876520974,1.0,False,False
rxn:2:138879:166610,0.10344641054830245,1.0,False,False
rxn:2:153842:123659,0.10343007399485661,1.0,False,False
rxn:2:74989:169539,0.10342848462027472,1.0,False,False
rxn:2:138879:163143,0.1034245246223041,1.0,False,False
rxn:2:153842:66175,0.10340938184942518,1.0,False,False
rxn:2:147486:164292,0.10340486803362446,1.0,False,False
rxn:2:143189:159172,0.10340370796620846,1.0,False,False
rxn:2:138879:150634,0.10337586800257365,1.0,False,False
rxn:2:68063:172686,0.10335458176476615,1.0,False,False
rxn:2:147486:145720,0.10333752993381384,1.0,False,False
rxn:2:68063:172565,0.10331245831080846,1.0,False,False
rxn:2:129990:169205,0.10330044031143189,1.0,False,False
rxn:2:138879:153790,0.1032985621883023,1.0,False,False
rxn:2:138879:129978,0.10328305429882473,1.0,False,False
rxn:2:147486:141963,0.10326702285695959,1.0,False,False
rxn:2:138879:161814,0.10326343961060047,1.0,False,False
rxn:2:138879:166647,0.10325638036574086,1.0,False,False
rxn:2:138879:173103,0.10324992916800758,1.0,False,False
rxn:2:138879:163229,0.10324457819972718,1.0,False,False
rxn:2:138879:170102,0.10323759680613875,1.0,False,False
rxn:2:68063:153532,0.10322780033637738,1.0,False,False
rxn:2:138879:169242,0.10321011766791344,1.0,False,False
rxn:2:138879:122014,0.10320853175861494,1.0,False,False
rxn:2:73951:151927,0.10320423157126815,1.0,False,False
rxn:2:141847:169528,0.1032033085823059,1.0,False,False
rxn:2:138879:170081,0.10319959540520945,1.0,False,False
rxn:2:153842:134635,0.10319282059316282,1.0,False,False
rxn:2:138879:145388,0.10317492304426251,1.0,False,False
rxn:2:73951:77666,0.10315993699160489,1.0,False,False
rxn:2:141847:96382,0.1031588852405548,1.0,False,False
rxn:2:153842:116559,0.10315788479951712,1.0,False,False
rxn:2:73951:173087,0.10315499986921038,1.0,False,False
rxn:2:86497:163807,0.10315254756382533,1.0,False,False
rxn:2:147486:163807,0.10315069556236267,1.0,False,False
rxn:2:68063:170480,0.10314402622835976,1.0,False,False
rxn:2:138879:69475,0.10313938371837139,1.0,False,False
rxn:2:73951:172290,0.10313933858504662,1.0,False,False
rxn:2:68063:87988,0.10311866619370201,1.0,False,False
rxn:2:108599:172058,0.1031162423246047,1.0,False,False
rxn:2:138879:112506,0.10311494897241177,1.0,False,False
rxn:2:153842:75715,0.10310149634325946,1.0,False,False
rxn:2:138879:161883,0.10308804290909922,1.0,False,False
rxn:2:153842:139478,0.10308750718832016,1.0,False,False
rxn:2:138879:67585,0.10307714572319618,1.0,False,False
rxn:2:138879:158214,0.10307318717241287,1.0,False,False
rxn:2:138879:74458,0.1030601461728414,1.0,False,False
rxn:2:73951:171782,0.10305998943470142,1.0,False,False
rxn:2:138879:113826,0.10305063009262085,1.0,False,False
rxn:2:138879:110743,0.10304054990410805,1.0,False,False
rxn:2:138879:82314,0.10303935160239537,1.0,False,False
rxn:2:138879:72473,0.10301230217401798,1.0,False,False
rxn:2:147486:143210,0.10300932147286156,1.0,False,False
rxn:2:153842:71187,0.10299391216701931,1.0,False,False
rxn:2:153842:98379,0.10296399946565982,1.0,False,False
rxn:2:138879:146902,0.1029379665851593,1.0,False,False
rxn:2:138879:116320,0.10293302476406098,1.0,False,False
rxn:2:138879:145512,0.10293220588937402,1.0,False,False
rxn:2:138879:103551,0.10292652711786074,1.0,False,False
rxn:2:138879:154688,0.10287107806652784,1.0,False,False
rxn:2:68063:126337,0.10285238515246999,1.0,False,False
rxn:2:138879:115927,0.10285106415931995,1.0,False,False
rxn:2:138879:171461,0.10284650054844943,1.0,False,False
rxn:2:138879:170201,0.10280059923728307,1.0,False,False
rxn:2:153842:80124,0.1027795855815594,1.0,False,False
rxn:2:138879:166991,0.10276788373788198,1.0,False,False
rxn:2:138879:171652,0.10276465502477461,1.0,False,False
rxn:2:153842:76835,0.1027496479175709,1.0,False,False
rxn:2:153842:131601,0.1027478107384273,1.0,False,False
rxn:2:138879:157219,0.10274195671081543,1.0,False,False
rxn:2:138879:142915,0.10271826290315197,1.0,False,False
rxn:2:153842:132750,0.10271650765623365,1.0,False,False
rxn:2:73951:172273,0.10270181404692785,1.0,False,False
rxn:2:138879:148708,0.10269926115870476,1.0,False,False
rxn:2:138879:100175,0.10268590599298477,1.0,False,False
rxn:2:125845:144092,0.10265489561217171,1.0,False,False
rxn:2:138879:158158,0.10265478119254112,1.0,False,False
rxn:2:79824:168881,0.10265038859459662,1.0,False,False
rxn:2:138879:161945,0.10261571904023489,1.0,False,False
rxn:2:153842:91634,0.10261571884155274,1.0,False,False
rxn:2:147486:95801,0.1026100495765949,1.0,False,False
rxn:2:73951:173005,0.10258373192378453,1.0,False,False
rxn:2:138879:115973,0.10257159918546677,1.0,False,False
rxn:2:73951:171209,0.10251329218347867,1.0,False,False
rxn:2:153842:127316,0.10251276360617743,1.0,False,False
rxn:2:147486:171354,0.10250432563550545,1.0,False,False
rxn:2:138879:142090,0.1024906900913819,1.0,False,False
rxn:2:153842:137475,0.10247470736503601,1.0,False,False
rxn:2:138879:169247,0.10247136652469635,1.0,False,False
rxn:2:68063:169852,0.10246410246553092,1.0,False,False
rxn:2:147486:142748,0.10245408072616115,1.0,False,False
rxn:2:153842:129042,0.10245157171178747,1.0,False,False
rxn:2:87543:164537,0.10245102836239722,1.0,False,False
rxn:2:135685:152271,0.10244796556584976,1.0,False,False
rxn:2:138879:143701,0.10243006022991957,1.0,False,False
rxn:2:73951:170001,0.10240628251007625,1.0,False,False
rxn:2:153842:108375,0.10239372083118983,0.7833333333333333,True,False
rxn:2:138879:169528,0.10238782628890007,1.0,False,False
rxn:2:138879:129459,0.10237059054466394,1.0,False,False
rxn:2:135685:136791,0.10236063386712756,1.0,False,False
rxn:2:73951:169854,0.10228939141545977,1.0,False,False
rxn:2:167192:102312,0.1022875584088839,1.0,False,False
rxn:2:138879:162183,0.10227983036348895,1.0,False,False
rxn:2:138879:158469,0.10227221051851909,1.0,False,False
rxn:2:87543:150501,0.10227157388414655,0.7866666666666666,True,False
rxn:2:138879:129379,0.1022654104232788,1.0,False,False
rxn:2:138879:172531,0.10226366741041983,1.0,False,False
rxn:2:147486:167620,0.10226287245750428,1.0,False,False
rxn:2:147486:169417,0.10225932257516043,1.0,False,False
rxn:2:138879:149333,0.10224005850878629,1.0,False,False
rxn:2:138879:114018,0.1022368793686231,1.0,False,False
rxn:2:153842:101429,0.10223625813211713,1.0,False,False
rxn:2:138879:169729,0.10223444031946588,1.0,False,False
rxn:2:141847:172936,0.10222770991148772,1.0,False,False
rxn:2:143189:173169,0.10222197732617778,0.7681159420289855,True,False
rxn:2:68063:172647,0.10221539338429769,1.0,False,False
rxn:2:130455:167405,0.10220554951698549,1.0,False,False
rxn:2:138879:149777,0.10220469123330611,1.0,False,False
rxn:2:138879:147333,0.1021972456946969,1.0,False,False
rxn:2:138879:146321,0.10218529055515925,1.0,False,False
rxn:2:138879:168760,0.10217681068640488,1.0,False,False
rxn:2:138879:118941,0.10217030461017902,1.0,False,False
rxn:2:138879:88281,0.1021634822800046,1.0,False,False
rxn:2:153842:85286,0.10215795040130615,1.0,True,False
rxn:2:138879:170961,0.10214598813364582,1.0,False,False
rxn:2:138879:158141,0.1021062841018041,1.0,False,False
rxn:2:73951:171114,0.10208622046879359,1.0,False,False
rxn:2:68063:91754,0.10207924934533927,1.0,False,False
rxn:2:112460:159352,0.10206697781880697,1.0,False,False
rxn:2:138879:97198,0.10203109264373779,1.0,False,False
rxn:2:138879:171645,0.10202430614403316,1.0,False,False
rxn:2:95534:169152,0.1020002672749181,0.8208955223880597,True,False
rxn:2:153842:95544,0.1019761392048427,1.0,False,False
rxn:2:138879:152598,0.10194911062717438,1.0,False,False
rxn:2:153842:132178,0.10194724135928684,1.0,False,False
rxn:2:153842:119902,0.10194678218276412,1.0,False,False
rxn:2:153842:96516,0.10193815401622228,0.7719298245614035,True,False
rxn:2:138879:156831,0.10191860795021057,1.0,False,False
rxn:2:138879:146546,0.10190342764059704,1.0,False,False
rxn:2:147486:166934,0.10189693549583698,0.8032786885245902,True,False
rxn:2:138879:154492,0.10188549276321165,1.0,False,False
rxn:2:138879:171786,0.1018779097181378,1.0,False,False
rxn:2:138879:85435,0.10186942542592685,1.0,False,False
rxn:2:138879:164693,0.10185583501026549,1.0,False,False
rxn:2:138879:171691,0.10184203274548054,1.0,False,False
rxn:2:138879:90061,0.10182871669530869,1.0,False,False
rxn:2:125488:143248,0.10181175172328949,1.0,False,False
rxn:2:138879:106238,0.10180641986705638,1.0,False,False
rxn:2:153842:113127,0.10180188047474828,0.7666666666666667,True,False
rxn:2:153842:133585,0.10179437058312553,1.0,False,False
rxn:2:138879:130375,0.10179369926452637,1.0,False,False
rxn:2:138879:137325,0.10179335996508598,1.0,False,False
rxn:2:100318:159172,0.1017912228902181,1.0,False,False
rxn:2:138879:158892,0.10178944518168767,1.0,False,False
rxn:2:138879:127795,0.10177304089069367,1.0,False,False
rxn:2:93644:169627,0.10176431655883789,1.0,False,False
rxn:2:153842:142090,0.10175519493909982,0.8076923076923077,True,False
rxn:2:138879:173094,0.10175329014178246,0.7910447761194029,True,False
rxn:2:114206:169750,0.10174993673960368,1.0,False,False
rxn:2:147486:149887,0.10174840338089887,1.0,False,False
rxn:2:153842:154640,0.10173558983309515,1.0,False,False
rxn:2:81212:103466,0.10172871464774721,1.0,False,False
rxn:2:153842:145604,0.10171453742419972,1.0,False,False
rxn:2:153842:118171,0.10170555556261981,0.7592592592592593,True,False
rxn:2:138879:171369,0.10169940225539668,1.0,False,False
rxn:2:73951:139971,0.10169735976627894,1.0,False,False
rxn:2:153842:78907,0.1016961381985591,0.9166666666666666,True,False
rxn:2:153842:69254,0.10166445970535279,1.0,False,False
rxn:2:138879:126337,0.10166143059730529,1.0,False,False
rxn:2:138879:154036,0.10165679703156152,1.0,False,False
rxn:2:112676:163807,0.10165216344775575,1.0,False,False
rxn:2:138879:169567,0.10164678394794463,1.0,False,False
rxn:2:73951:163433,0.10164645101342883,1.0,False,False
rxn:2:153842:109011,0.10163263632700993,1.0,False,False
rxn:2:153842:124647,0.10161824267486046,0.803921568627451,True,False
rxn:2:68063:162005,0.10161173343658447,0.7611940298507462,True,False
rxn:2:73951:150000,0.10160065650939941,1.0,False,False
rxn:2:138879:172009,0.10158512380815321,1.0,False,False
rxn:2:147486:151801,0.10158491475241525,1.0,False,False
rxn:2:138879:70591,0.101568945816585,1.0,False,False
rxn:2:73951:169236,0.1015670145380086,1.0,False,False
rxn:2:138879:171693,0.10155890353264348,0.7833333333333333,True,False
rxn:2:146530:168542,0.10155501690777866,1.0,False,False
rxn:2:138879:155617,0.1015504733659327,1.0,False,False
rxn:2:79824:71484,0.10154992783511127,1.0,False,False
rxn:2:138879:171154,0.10154524205192442,1.0,False,False
rxn:2:147486:150714,0.10154478890555245,1.0,False,False
rxn:2:138879:159547,0.10152392425844745,1.0,False,False
rxn:2:68063:154449,0.10152366161346435,1.0,False,False
rxn:2:138879:116770,0.10151887436707814,1.0,False,False
rxn:2:138879:146363,0.10151528287678957,1.0,False,False
rxn:2:73951:169478,0.10150993201467726,1.0,False,False
rxn:2:138879:171236,0.1015088758431375,1.0,False,False
rxn:2:153842:132675,0.10148933198716906,1.0,False,False
rxn:2:73951:148761,0.10148585988925053,0.7924528301886793,True,False
rxn:2:73951:170452,0.10145779848098754,1.0,False,False
rxn:2:125845:170001,0.10144187253097008,1.0,False,False
rxn:2:153842:146453,0.1014308004543699,0.8148148148148148,True,False
rxn:2:126861:163807,0.1014050918240701,1.0,False,False
rxn:2:153842:116852,0.10140086453536461,1.0,False,False
rxn:2:147486:167935,0.10138777530554569,1.0,False,False
rxn:2:153842:67392,0.1013834520622536,1.0,False,False
rxn:2:153842:93557,0.10137147857592656,0.8085106382978723,True,False
rxn:2:138879:173129,0.10136683044895049,1.0,False,False
rxn:2:138879:167258,0.10136412468648726,1.0,False,False
rxn:2:138879:154738,0.10135969158374902,1.0,False,False
rxn:2:153842:96295,0.10134677932812618,1.0,False,False
rxn:2:110360:170197,0.10134499669075012,1.0,False,False
rxn:2:91355:169205,0.10127138740876142,0.7692307692307693,True,False
rxn:2:153842:92797,0.10127021648265698,0.7959183673469388,True,False
rxn:2:138879:134635,0.1012590912481149,1.0,False,False
rxn:2:153842:81716,0.10125495280538287,1.0,False,False
rxn:2:147486:168666,0.10125468174616496,1.0,False,False
rxn:2:153842:98659,0.10125267505645752,1.0,False,False
rxn:2:138879:162321,0.10125075280666351,1.0,False,False
rxn:2:81212:143109,0.1012335071961085,1.0,False,False
rxn:2:153842:122164,0.10122482134745671,1.0,False,False
rxn:2:79526:169750,0.10122461803257465,1.0,False,False
rxn:2:141847:170418,0.10122084396856802,1.0,False,False
rxn:2:93644:76382,0.1012100636959076,0.851063829787234,True,False
rxn:2:153842:121564,0.10121005347796849,0.7755102040816326,True,False
rxn:2:138879:162016,0.1012064153328538,1.0,False,False
rxn:2:147486:142283,0.10120547540260083,1.0,False,False
rxn:2:147486:101429,0.10117534228733607,1.0,False,False
rxn:2:68063:162347,0.10117133600371224,1.0,False,False
rxn:2:138879:147657,0.10116785963376362,1.0,False,False
rxn:2:138879:91563,0.10113771030536065,1.0,False,False
rxn:2:138879:111467,0.10113171425958474,1.0,False,False
rxn:2:138879:79209,0.10112124460714834,0.847457627118644,True,False
rxn:2:153842:157464,0.10111967209846742,1.0,False,False
rxn:2:125845:164662,0.10111578702926635,1.0,False,False
rxn:2:153842:134178,0.1011116902033488,0.7924528301886793,True,False
rxn:2:153842:100649,0.10110805928707123,0.7962962962962963,True,False
rxn:2:147486:156484,0.101105297313017,1.0,False,False
rxn:2:81212:128462,0.10108925153811772,1.0,False,False
rxn:2:73951:170141,0.10108352558953422,1.0,False,False
rxn:2:138879:92168,0.10108079761266708,1.0,False,False
rxn:2:153842:166124,0.10103127631274136,0.8135593220338984,True,False
rxn:2:68063:161725,0.1010274835254835,1.0,False,False
rxn:2:153842:172610,0.10102334092645084,1.0,False,False
rxn:2:138879:161166,0.10098814219236374,1.0,False,False
rxn:2:122047:124582,0.10096702090016117,1.0,False,False
rxn:2:147486:94008,0.10096513799258641,1.0,False,False
rxn:2:138879:169583,0.1009272476658225,1.0,False,False
rxn:2:138879:172902,0.1009020539931953,1.0,False,False
rxn:2:153842:116676,0.1008965637948778,0.7777777777777778,True,False
rxn:2:138879:66933,0.1008882290787167,1.0,False,False
rxn:2:153842:81248,0.10088718682527542,1.0,False,False
rxn:2:153842:74458,0.10087729824913873,1.0,False,False
rxn:2:138879:103752,0.10087435603141784,1.0,False,False
rxn:2:138879:171509,0.10085663385689259,1.0,False,False
rxn:2:138879:171782,0.10084939099127246,1.0,False,False
rxn:2:138879:112307,0.10082898785670599,1.0,False,False
rxn:2:138879:142933,0.10081203597964662,1.0,False,False
rxn:2:147486:167711,0.10080371571309638,1.0,False,False
rxn:2:153842:162993,0.10080214341481526,1.0,False,False
rxn:2:147486:142161,0.10079847914831978,1.0,False,False
rxn:2:73951:169150,0.10078435915487784,1.0,False,False
rxn:2:153842:99030,0.10078263724291767,1.0,False,False
rxn:2:73951:172240,0.1007654539176396,1.0,False,False
rxn:2:138879:171297,0.10075008282155702,1.0,False,False
rxn:2:138879:171078,0.10074605513364077,1.0,False,False
rxn:2:120685:143248,0.10074471575873238,0.7719298245614035,True,False
rxn:2:108599:143248,0.10072953303654988,1.0,False,False
rxn:2:138879:150513,0.10072843509691734,1.0,False,False
rxn:2:147486:154739,0.10070623720393461,1.0,False,False
rxn:2:138879:89120,0.10069199403127035,1.0,False,False
rxn:2:74989:101612,0.10068434476852417,1.0,False,False
rxn:2:138879:156438,0.10067280568182468,1.0,False,False
rxn:2:138879:122318,0.10064169640342394,1.0,False,False
rxn:2:138879:125732,0.10063922529419263,1.0,False,False
rxn:2:153842:72504,0.10062960098529684,1.0,False,False
rxn:2:153842:93291,0.1006263975913708,0.8333333333333334,True,False
rxn:2:68063:171235,0.10062345266342163,1.0,False,False
rxn:2:141847:171756,0.10062265396118164,1.0,False,False
rxn:2:125845:169236,0.10061982075373331,1.0,False,False
rxn:2:138879:173114,0.10060768155381083,1.0,False,False
rxn:2:138879:107632,0.10060291221508613,0.86,True,False
rxn:2:153842:108354,0.10059986795697894,1.0,False,False
rxn:2:138879:98737,0.10058706998825073,1.0,False,False
rxn:2:153842:89853,0.10056958099206288,1.0,False,False
rxn:2:138879:162172,0.10056586707791976,1.0,False,False
rxn:2:138879:167186,0.10053669548395908,1.0,False,False
rxn:2:125845:170701,0.10052645405133566,1.0,False,False
rxn:2:138879:108213,0.10047161708707394,1.0,False,False
rxn:2:153842:116064,0.10043125427686252,1.0,False,False
rxn:2:147486:158190,0.1004299900748513,0.8088235294117647,True,False
rxn:2:138879:155743,0.10039397422224283,0.8181818181818182,True,False
rxn:2:138879:132787,0.10037414969936494,1.0,False,False
rxn:2:138879:101429,0.1003553456068039,1.0,False,False
rxn:2:138879:143269,0.10035320199452913,1.0,False,False
rxn:2:138879:114899,0.1003369614481926,1.0,False,False
rxn:2:73951:80786,0.10033539455869923,1.0,False,False
rxn:2:138879:106310,0.10033334016799927,1.0,False,False
rxn:2:68063:170317,0.10031049339859574,1.0,False,False
rxn:2:138879:136392,0.10030911920162347,1.0,False,False
rxn:2:138879:157071,0.10027868891584463,1.0,False,False
rxn:2:138879:170273,0.10027520674647708,0.7681159420289855,True,False
rxn:2:138879:171222,0.10026679374277592,0.835820895522388,True,False
rxn:2:153842:92381,0.1002474959407534,1.0,False,False
rxn:2:126861:150438,0.10024677884989772,1.0,False,False
rxn:2:138879:142269,0.10023500973528082,1.0,False,False
rxn:2:86497:171726,0.10018491043764002,1.0,False,False
rxn:2:138879:144117,0.10017431599478568,1.0,False,False
rxn:2:138879:170792,0.10017398480446107,0.8392857142857143,True,False
rxn:2:153842:103752,0.10017266018050057,0.84,True,False
rxn:2:138879:151463,0.10016183601692319,1.0,False,False
rxn:2:153842:80956,0.1001608871644543,0.8103448275862069,True,False
rxn:2:138879:157676,0.10014825386385764,1.0,False,False
rxn:2:74989:166784,0.10013207708086286,0.8888888888888888,True,False
rxn:2:68063:148462,0.10012960859707423,0.8032786885245902,True,False
rxn:2:138879:116282,0.10010126605629921,1.0,False,False
rxn:2:138879:147065,0.1000933567682902,1.0,False,False
rxn:2:138879:172290,0.10008393377065658,0.8888888888888888,True,False
rxn:2:147486:149753,0.10007257172555635,0.819672131147541,True,False
rxn:2:86497:132717,0.10006762784102867,1.0,False,False
rxn:2:138879:114558,0.1000289922952652,1.0,False,False
rxn:2:153842:86110,0.10002876179558891,1.0,False,False
rxn:2:138879:149510,0.1000271987530493,1.0,False,False
rxn:2:138879:119246,0.10001652240753173,0.9803921568627451,True,False
rxn:2:138879:153567,0.10001199096441268,1.0,False,False
rxn:2:81212:99377,0.10001035332679749,1.0,False,False
rxn:2:147486:164585,0.10000453676496233,1.0,False,False
rxn:2:138879:148534,0.100003932570589,0.78125,True,False
rxn:2:138879:145310,0.1000014990568161,1.0,False,False
rxn:2:147486:155920,0.09998978268016469,0.7846153846153846,True,False
rxn:2:153842:86744,0.09998735097738412,1.0,False,False
rxn:2:153842:79566,0.09998221580798809,0.8545454545454545,True,False
rxn:2:138879:156482,0.0999688059091568,1.0,False,False
rxn:2:153842:131973,0.09996801827635084,0.8113207547169812,True,False
rxn:2:138879:168951,0.09996794981341207,1.0,False,False
rxn:2:147486:168504,0.09996084996632167,1.0,False,False
rxn:2:68063:170530,0.09995038168770927,0.7666666666666667,True,False
rxn:2:153842:89465,0.09994640836009273,1.0,False,False
rxn:2:138879:166049,0.09994590944714016,0.7592592592592593,True,False
rxn:2:138879:166376,0.09994568795927108,1.0,False,False
rxn:2:147486:170455,0.09993594884872437,0.78125,True,False
rxn:2:138879:173092,0.09993593208491802,0.8813559322033898,True,False
rxn:2:138879:148208,0.09993403879078952,1.0,False,False
rxn:2:138879:117232,0.09991837235597464,1.0,False,False
rxn:2:153842:113325,0.0999167928328881,1.0,False,False
rxn:2:68063:110310,0.09991221874952316,1.0,False,False
rxn:2:147486:151136,0.09990762510607319,0.75,True,False
rxn:2:91124:83189,0.09990215301513672,0.7592592592592593,True,False
rxn:2:141847:170452,0.09989161576543536,1.0,False,False
rxn:2:138879:169793,0.09988793730735779,0.7536231884057971,True,False
rxn:2:138879:161882,0.09988715033978224,1.0,False,False
rxn:2:153842:81014,0.09988701785052265,1.0,False,False
rxn:2:146530:166720,0.09987147152423859,1.0,False,False
rxn:2:138879:151701,0.09985134303569793,1.0,False,False
rxn:2:73951:172107,0.09983475735554329,0.8846153846153846,True,False
rxn:2:138879:67691,0.09983302354812623,1.0,False,False
rxn:2:138879:160232,0.09982662115778242,1.0,False,False
rxn:2:147486:129625,0.0998238205909729,1.0,False,False
rxn:2:138879:169867,0.09982297401274404,1.0,False,False
rxn:2:138879:133066,0.09981900563946478,0.8392857142857143,True,False
rxn:2:138879:173169,0.09979763378699621,0.873015873015873,True,False
rxn:2:89356:173005,0.09979338612821367,0.8701298701298701,True,False
rxn:2:73951:145944,0.09978845715522766,1.0,False,False
rxn:2:138879:131601,0.09978596091270447,1.0,False,False
rxn:2:147486:167406,0.0997827760875225,1.0,False,False
rxn:2:87543:113973,0.09972591797510783,0.782608695652174,True,False
rxn:2:138879:90555,0.09971922636032104,1.0,False,False
rxn:2:138879:165136,0.09969952205816904,1.0,False,False
rxn:2:138879:159548,0.09968679212033749,1.0,False,False
rxn:2:138879:168034,0.09966217031081517,0.7761194029850746,True,False
rxn:2:138879:67554,0.0996551263332367,1.0,False,False
rxn:2:138879:172999,0.09965223554641969,1.0,False,False
rxn:2:153842:157397,0.0996351703520744,1.0,False,False
rxn:2:138879:146582,0.09963149448920941,1.0,False,False
rxn:2:138879:155974,0.09960376471281052,1.0,False,False
rxn:2:129990:149417,0.09959947293804537,0.8461538461538461,True,False
rxn:2:138879:161293,0.09959546933251043,1.0,False,False
rxn:2:138879:171433,0.09958961244785425,0.7941176470588235,True,False
rxn:2:148549:131923,0.09958768005554493,0.7924528301886793,True,False
rxn:2:138879:156612,0.09957573691318775,1.0,False,False
rxn:2:91355:152271,0.09956819329942976,1.0,False,False
rxn:2:153842:66372,0.09956761130264827,0.8235294117647058,True,False
rxn:2:138879:80093,0.09954391133326751,0.8225806451612904,True,False
rxn:2:138879:144026,0.09952828800305724,1.0,False,False
rxn:2:79526:146644,0.09951793029904366,1.0,False,False
rxn:2:138879:156348,0.09951246507240065,1.0,False,False
rxn:2:138879:142286,0.09949505088790771,1.0,False,False
rxn:2:138879:148224,0.09948502336778949,1.0,False,False
rxn:2:138879:168982,0.09948500894731091,1.0,False,False
rxn:2:138879:116819,0.09947830824940293,0.7627118644067796,True,False
rxn:2:74989:144074,0.09946962489801295,1.0,False,False
rxn:2:87213:169205,0.09946335707941363,0.75,True,False
rxn:2:138879:172386,0.09943373094905505,1.0,False,False
rxn:2:87543:152380,0.09942362830042839,0.8709677419354839,True,False
rxn:2:163724:150714,0.09940579130842879,1.0,False,False
rxn:2:138879:172810,0.09936909191310406,1.0,False,False
rxn:2:73951:171892,0.09936106417860303,1.0,False,False
rxn:2:146530:143457,0.09936020908684566,1.0,False,False
rxn:2:153842:85918,0.09934332966804504,1.0,False,False
rxn:2:138879:74175,0.09934209974912497,1.0,False,False
rxn:2:153842:69829,0.09933077830534714,0.8518518518518519,True,False
rxn:2:153842:84085,0.09931915336185032,1.0,False,False
rxn:2:138879:94800,0.09931389335542917,0.8428571428571429,True,False
rxn:2:153842:159511,0.0993070900440216,1.0,False,False
rxn:2:153842:148665,0.09930508770048618,0.8709677419354839,True,False
rxn:2:138879:169226,0.0993031787149834,1.0,False,False
rxn:2:125488:104330,0.09929684135648939,0.75,True,False
rxn:2:110360:170624,0.09929269949595133,1.0,False,False
rxn:2:138879:169840,0.09927904506524404,1.0,False,False
rxn:2:138879:89884,0.09926867943543655,1.0,False,False
rxn:2:138879:161603,0.09924556761980056,1.0,False,False
rxn:2:153842:133488,0.09924142007474546,0.8113207547169812,True,False
rxn:2:147486:150703,0.09923250099708295,0.8363636363636363,True,False
rxn:2:138879:111563,0.0992186372478803,1.0,False,False
rxn:2:138879:152324,0.09919338390744965,1.0,False,False
rxn:2:138879:145340,0.09919254617257552,1.0,False,False
rxn:2:138879:147539,0.09918070291027878,0.8428571428571429,True,False
rxn:2:138879:170908,0.09917720863896032,0.819672131147541,True,False
rxn:2:153842:132034,0.09914390908347236,0.875,True,False
rxn:2:138879:117106,0.0991386306973604,0.9298245614035088,True,False
rxn:2:138879:68715,0.09913368165493011,1.0,False,False
rxn:2:138879:167617,0.09912762848230508,1.0,False,False
rxn:2:138879:75435,0.09910911500453948,0.8214285714285714,True,False
rxn:2:73951:173092,0.09910003628049578,0.8627450980392157,True,False
rxn:2:81506:171505,0.09909856144119711,0.9047619047619048,True,False
rxn:2:153842:66804,0.09906772466806266,0.9166666666666666,True,False
rxn:2:138879:165502,0.09906170703470707,0.7763157894736842,True,False
rxn:2:153842:141558,0.09904335553829487,0.9245283018867925,True,False
rxn:2:138879:111203,0.09903829577176468,0.8461538461538461,True,False
rxn:2:135685:169539,0.09900051189793481,0.8823529411764706,True,False
rxn:2:138879:80113,0.09899551153182984,1.0,False,False
rxn:2:138879:154670,0.09898496587430278,1.0,False,False
rxn:2:166916:145444,0.09897714853286743,1.0,False,False
rxn:2:153842:144742,0.09897553343926707,1.0,False,False
rxn:2:147486:172308,0.09896096587181091,0.864406779661017,True,False
rxn:2:138879:153681,0.09895081289352908,1.0,False,False
rxn:2:73951:171708,0.09894567556106126,0.7719298245614035,True,False
rxn:2:73951:136392,0.09893656860698354,1.0,False,False
rxn:2:147486:147673,0.09893583825656346,1.0,False,False
rxn:2:138879:146993,0.09892270075423376,0.864406779661017,True,False
rxn:2:138879:157225,0.0989181048447086,1.0,False,False
rxn:2:153842:119786,0.09891737390447546,0.896551724137931,True,False
rxn:2:125488:159352,0.09891695400764203,0.8769230769230769,True,False
rxn:2:68063:154629,0.09891417423884073,0.7536231884057971,True,False
rxn:2:93644:122014,0.09891098195856268,1.0,False,False
rxn:2:153842:73061,0.09889825185139973,1.0,False,False
rxn:2:138879:167370,0.09889596412258764,1.0,False,False
rxn:2:153842:166049,0.0988575577735901,1.0,False,False
rxn:2:138879:91522,0.09885163022124249,1.0,False,False
rxn:2:147486:161575,0.09884796882497854,1.0,False,False
rxn:2:138879:152147,0.09884485974907875,1.0,False,False
rxn:2:147486:150639,0.09883715347810225,1.0,False,False
rxn:2:138879:166193,0.09882642142474651,1.0,False,False
rxn:2:138879:97777,0.09881551907612726,0.8392857142857143,True,False
rxn:2:138879:67483,0.09881455852435186,0.7619047619047619,True,False
rxn:2:138879:145608,0.0988115995160995,0.7702702702702703,True,False
rxn:2:153842:99377,0.09879948764011778,0.7758620689655172,True,False
rxn:2:153842:114453,0.0987931564450264,1.0,False,False
rxn:2:73951:170201,0.09878739943871132,0.8545454545454545,True,False
rxn:2:69549:169750,0.09875780902802944,0.835820895522388,True,False
rxn:2:153842:128120,0.09873514705234104,1.0,False,False
rxn:2:147486:156462,0.09873434156179428,1.0,False,False
rxn:2:93644:86475,0.09872110784053803,1.0,False,False
rxn:2:73951:96382,0.09871650013056668,1.0,False,False
rxn:2:68063:170636,0.09871269123894828,0.7666666666666667,True,False
rxn:2:143189:172107,0.09870539749822309,0.7647058823529411,True,False
rxn:2:147486:158932,0.09870370891359118,0.8082191780821918,True,False
rxn:2:147486:143760,0.09866943359375,1.0,False,False
rxn:2:153842:98834,0.0986682860939591,1.0,False,False
rxn:2:89456:149417,0.09866086952388287,0.8333333333333334,True,False
rxn:2:138879:109852,0.0986507311463356,0.92,True,False
rxn:2:153842:115927,0.09864913800667072,0.75,True,False
rxn:2:138879:167188,0.09863262783203806,0.78125,True,False
rxn:2:89456:163807,0.09863205750783284,0.8405797101449275,True,False
rxn:2:138879:136034,0.09860527515411377,1.0,False,False
rxn:2:153842:131894,0.09860302720751081,1.0,False,False
rxn:2:138879:172054,0.09860186504595207,1.0,False,False
rxn:2:167192:163265,0.09860043953626584,0.875,True,False
rxn:2:138879:72382,0.09859257936477661,0.8688524590163934,True,False
rxn:2:138879:169739,0.09858794606501056,1.0,False,False
rxn:2:138879:87401,0.09858132898807526,1.0,False,False
rxn:2:73954:169750,0.09857759230277117,0.863013698630137,True,False
rxn:2:159840:169656,0.09857678052150842,1.0,False,False
rxn:2:138879:94799,0.09857224941253662,0.7586206896551724,True,False
rxn:2:153842:68974,0.09856079305921282,1.0,False,False
rxn:2:138879:156324,0.09855116858626857,1.0,False,False
rxn:2:139863:169205,0.0985330996974822,1.0,False,False
rxn:2:138879:160362,0.09851998311501962,1.0,False,False
rxn:2:73951:170952,0.09849415080887931,0.7884615384615384,True,False
rxn:2:73951:169241,0.09848949632474355,1.0,False,False
rxn:2:138879:170970,0.09847696846531284,0.8166666666666667,True,False
rxn:2:138879:154870,0.09847103491906198,1.0,False,False
rxn:2:138879:69270,0.09846568902333577,1.0,False,False
rxn:2:87543:169205,0.0984634914818932,0.8157894736842105,True,False
rxn:2:138879:145509,0.0984596437023532,0.8636363636363636,True,False
rxn:2:138879:169838,0.09845864863106699,0.78125,True,False
rxn:2:73951:172995,0.09845744499138423,1.0,False,False
rxn:2:130925:169969,0.09844252892902919,1.0,False,False
rxn:2:138879:112249,0.0984349184566074,1.0,False,False
rxn:2:153842:144193,0.09841023231374807,1.0,False,False
rxn:2:138879:126032,0.0983927059173584,1.0,False,False
rxn:2:153842:91756,0.09839014070374626,1.0,False,False
rxn:2:138879:145270,0.09838629431194729,1.0,False,False
rxn:2:138879:172597,0.09837528053791292,0.8,True,False
rxn:2:138879:141864,0.09835158575039643,1.0,False,False
rxn:2:89456:169205,0.09832206080036779,0.8253968253968254,True,False
rxn:2:110360:169028,0.09832125050680977,1.0,False,False
rxn:2:138879:160181,0.09832117970912688,0.8153846153846154,True,False
rxn:2:138879:150343,0.09830428201418656,1.0,False,False
rxn:2:138879:127803,0.09830392772952716,1.0,False,False
rxn:2:138879:118381,0.09830372201071845,0.819672131147541,True,False
rxn:2:147486:143850,0.09829497337341309,1.0,False,False
rxn:2:138879:109290,0.0982871303955714,1.0,False,False
rxn:2:130455:104330,0.09826887095416034,1.0,False,False
rxn:2:138879:116441,0.0982468020915985,1.0,False,False
rxn:2:138879:169717,0.09824128355830908,1.0,False,False
rxn:2:138879:147032,0.09823315404355526,0.7611940298507462,True,False
rxn:2:101925:171788,0.09821920096874237,0.8857142857142857,True,False
rxn:2:153842:135192,0.09819731888947664,0.8148148148148148,True,False
rxn:2:153842:113255,0.09819196377481733,0.7962962962962963,True,False
rxn:2:138879:173067,0.09819010284639174,0.8260869565217391,True,False
rxn:2:138879:102374,0.0981755405664444,0.9122807017543859,True,False
rxn:2:138879:100343,0.0981575071811676,0.75,True,False
rxn:2:138879:133585,0.09815748453140258,1.0,False,False
rxn:2:138879:152052,0.09815036934433563,0.7746478873239436,True,False
rxn:2:135685:150390,0.09815010854176112,0.8852459016393442,True,False
rxn:2:148549:96912,0.09811988898686,0.7636363636363637,True,False
rxn:2:138879:142907,0.09811786826579802,0.7941176470588235,True,False
rxn:2:74989:152380,0.09811651706695557,0.8709677419354839,True,False
rxn:2:87543:143269,0.09811169114606134,1.0,False,False
rxn:2:138879:101216,0.09810845429698627,1.0,False,False
rxn:2:138879:74733,0.0980993790122179,0.7846153846153846,True,False
rxn:2:138879:98449,0.09806321144104004,1.0,False,False
rxn:2:138879:157642,0.09806127798172735,1.0,False,False
rxn:2:138879:164265,0.09805388003587723,1.0,False,False
rxn:2:138879:155804,0.09805132785151081,1.0,False,False
rxn:2:125845:159172,0.09805074121270861,1.0,False,False
rxn:2:91355:161725,0.09804569030630178,1.0,False,False
rxn:2:138879:150251,0.09804072705182162,1.0,False,False
rxn:2:112460:124582,0.09803980818161598,0.8478260869565217,True,False
rxn:2:138879:169854,0.09801274817436934,1.0,False,False
rxn:2:153842:161912,0.09801130525527461,1.0,False,False
rxn:2:138879:138272,0.09800903952640036,0.7543859649122807,True,False
rxn:2:148549:89499,0.09795565646270225,1.0,False,False
rxn:2:138879:117309,0.09795331358909606,0.7735849056603774,True,False
rxn:2:125845:172290,0.09791415046762537,0.8727272727272727,True,False
rxn:2:153842:92613,0.09790498239022714,0.9607843137254902,True,False
rxn:2:138879:147306,0.09790489636361599,1.0,False,False
rxn:2:68063:96950,0.09789759957272073,0.86,True,False
rxn:2:138879:74143,0.09787240872780482,1.0,False,False
rxn:2:147486:171676,0.09787233086193309,0.8166666666666667,True,False
rxn:2:153842:135981,0.09786701660889846,0.8113207547169812,True,False
rxn:2:138879:146699,0.09786312654614449,0.7794117647058824,True,False
rxn:2:138879:171474,0.09785206567856573,1.0,False,False
rxn:2:129990:169750,0.09779376560641874,0.7611940298507462,True,False
rxn:2:68063:172766,0.0977906112013192,1.0,False,False
rxn:2:74989:132717,0.09778717954953511,0.8666666666666667,True,False
rxn:2:138879:159146,0.09775024423232445,0.7666666666666667,True,False
rxn:2:138879:152943,0.09774920068405293,0.873015873015873,True,False
rxn:2:153842:102520,0.09774297262941088,1.0,False,False
rxn:2:73954:149417,0.09774203510845408,0.8571428571428571,True,False
rxn:2:138879:158733,0.09773573838174343,1.0,False,False
rxn:2:138879:158165,0.09771880733244348,0.7671232876712328,True,False
rxn:2:138879:158791,0.09771616850048304,0.8088235294117647,True,False
rxn:2:73951:171652,0.09767850240071616,1.0,False,False
rxn:2:138879:170039,0.09766141076882681,0.9838709677419355,True,False
rxn:2:153842:122866,0.09765252700218788,1.0,False,False
rxn:2:146530:169656,0.09764206770694617,0.8059701492537313,True,False
rxn:2:138879:153222,0.09761846970234599,1.0,False,False
rxn:2:138879:100837,0.09761550220159385,1.0,False,False
rxn:2:122936:169750,0.097589291193906,0.782608695652174,True,False
rxn:2:138879:144816,0.09758555889129639,1.0,False,False
rxn:2:138879:70750,0.09757038176059724,1.0,False,False
rxn:2:138879:114117,0.0975612447812007,0.7580645161290323,True,False
rxn:2:147486:162609,0.09753384813666344,0.84375,True,False
rxn:2:73951:124757,0.0975332422689958,0.7843137254901961,True,False
rxn:2:138879:109470,0.09752744092391087,0.7580645161290323,True,False
rxn:2:153842:164056,0.09752442759852256,1.0,False,False
rxn:2:138879:170802,0.09751413166522979,1.0,False,False
rxn:2:156874:172095,0.09751054402944204,0.8591549295774648,True,False
rxn:2:138879:172701,0.09747630556424458,0.7777777777777778,True,False
rxn:2:138879:101185,0.09747546195983886,1.0,False,False
rxn:2:138879:148171,0.09747146566708884,0.8333333333333334,True,False
rxn:2:138879:89544,0.09745038032531739,1.0,False,False
rxn:2:135685:71484,0.09743389818403456,0.873015873015873,True,False
rxn:2:68063:169242,0.09743320530858533,1.0,False,False
rxn:2:153842:160625,0.09743200829534819,0.7692307692307693,True,False
rxn:2:138879:93151,0.09742928420503935,1.0,False,False
rxn:2:147486:168243,0.09742354645448573,0.75,True,False
rxn:2:102148:96355,0.0974074955339785,1.0,False,False
rxn:2:147486:152010,0.0973895754132952,0.8253968253968254,True,False
rxn:2:153842:80103,0.09738746837333397,0.782608695652174,True,False
rxn:2:153842:102773,0.09738359186384413,0.7678571428571429,True,False
rxn:2:138879:74223,0.09738055330056411,1.0,False,False
rxn:2:147486:163498,0.09737223036148969,1.0,False,False
rxn:2:148549:104272,0.09737147390842438,0.75,True,False
rxn:2:68063:163156,0.09736584292517768,1.0,False,False
rxn:2:138879:134186,0.09734797835350037,0.8032786885245902,True,False
rxn:2:153842:116994,0.09733356590624209,1.0,True,False
rxn:2:153842:74469,0.09730307040391145,1.0,False,False
rxn:2:138879:172106,0.09729846639017906,0.8,True,False
rxn:2:153842:170027,0.09729622742708992,1.0,False,False
rxn:2:153842:107710,0.09728228223734889,0.8103448275862069,True,False
rxn:2:138879:145677,0.09728195331990719,0.8208955223880597,True,False
rxn:2:138879:170774,0.09724354382717249,0.7647058823529411,True,False
rxn:2:138879:170004,0.09723671165204817,0.7794117647058824,True,False
rxn:2:147486:147494,0.0972285336918301,0.7536231884057971,True,False
rxn:2:68063:172832,0.09721852894182559,0.8421052631578947,True,False
rxn:2:138879:120084,0.09721822788317999,1.0,False,False
rxn:2:147486:152427,0.09720548987388611,0.7681159420289855,True,False
rxn:2:147486:144455,0.09718241542577744,0.7846153846153846,True,False
rxn:2:87543:80295,0.09717357820934719,0.9107142857142857,True,False
rxn:2:86497:152271,0.09714100115439471,0.8108108108108109,True,False
rxn:2:153842:135697,0.09713563425787564,0.9245283018867925,True,False
rxn:2:153842:98811,0.0971330851316452,0.9574468085106383,True,False
rxn:2:153842:144628,0.09713233600963246,0.7692307692307693,True,False
rxn:2:138879:85716,0.09711688241133323,1.0,False,False
rxn:2:138879:68974,0.09710863471031189,1.0,False,False
rxn:2:153842:69780,0.09710694047120902,0.84,True,False
rxn:2:133676:169750,0.0971024751663208,0.7794117647058824,True,False
rxn:2:138879:166473,0.0970974204869106,0.835820895522388,True,False
rxn:2:153842:115394,0.0970966939268441,0.8,True,False
rxn:2:147486:159446,0.0970963564786044,1.0,False,False
rxn:2:153842:90520,0.09708846041134425,0.8181818181818182,True,False
rxn:2:138879:135496,0.09707435248074708,0.8545454545454545,True,False
rxn:2:153842:81254,0.09706646866268581,0.8653846153846154,True,False
rxn:2:68063:160204,0.09704376500228355,1.0,False,False
rxn:2:153842:161551,0.09703651378894675,1.0,False,False
rxn:2:138879:154843,0.09703200711653784,1.0,False,False
rxn:2:138879:171252,0.09702993503638677,0.7846153846153846,True,False
rxn:2:138879:169243,0.09702668858296942,0.7538461538461538,True,False
rxn:2:138879:169102,0.09702591443883962,0.7894736842105263,True,False
rxn:2:153842:125333,0.09701325975615403,0.7692307692307693,True,False
rxn:2:74989:103464,0.0970111057676118,0.8548387096774194,True,False
rxn:2:138879:118071,0.09700003638863564,1.0,False,False
rxn:2:138879:171847,0.09699399336691826,0.8615384615384616,True,False
rxn:2:138879:158024,0.09699043521174679,1.0,False,False
rxn:2:153842:101578,0.09698381594249181,0.8103448275862069,True,False
rxn:2:153842:110638,0.09697609288351876,0.75,True,False
rxn:2:138879:122030,0.0969670621248392,0.7777777777777778,True,False
rxn:2:125845:171847,0.0969665093081338,0.8421052631578947,True,False
rxn:2:153842:71019,0.09695600611822945,0.7758620689655172,True,False
rxn:2:138879:170272,0.09694016029437383,0.8135593220338984,True,False
rxn:2:153842:74209,0.09693559893855343,1.0,False,False
rxn:2:138879:116131,0.09693514727629149,0.8518518518518519,True,False
rxn:2:153842:96906,0.09693072392390324,0.88,True,False
rxn:2:146530:158214,0.09692773313233347,0.8225806451612904,True,False
rxn:2:138879:156412,0.09692501925653027,0.7777777777777778,True,False
rxn:2:138879:92446,0.09691829302094199,1.0,False,False
rxn:2:114206:146644,0.09689940105785023,0.7714285714285715,True,False
rxn:2:138879:104330,0.09688743375814879,1.0,False,False
rxn:2:86497:152107,0.09688272476196289,1.0,False,False
rxn:2:138879:166209,0.09688081568287266,0.7647058823529411,True,False
rxn:2:138879:151535,0.09685888141393661,1.0,False,False
rxn:2:153842:95004,0.09682994163953342,0.88,True,False
rxn:2:147486:159237,0.09682243689894676,0.765625,True,False
rxn:2:95534:169750,0.09681222438812256,1.0,False,False
rxn:2:138879:172026,0.09680856716248297,0.8088235294117647,True,False
rxn:2:87543:170817,0.09679945877620152,0.7894736842105263,True,False
rxn:2:138879:150703,0.09677768212098342,0.7758620689655172,True,False
rxn:2:113840:163807,0.09677685424685478,0.7910447761194029,True,False
rxn:2:70791:169205,0.09676932437079293,0.8387096774193549,True,False
rxn:2:73951:150331,0.09676745842243063,0.8,True,False
rxn:2:143189:170389,0.09675294353115943,1.0,False,False
rxn:2:138879:167142,0.09673769309602935,1.0,False,False
rxn:2:138879:86544,0.09671340758601824,1.0,False,False
rxn:2:138879:171888,0.09669875120744109,0.873015873015873,True,False
rxn:2:153842:84719,0.09669491291046142,0.8113207547169812,True,False
rxn:2:138879:86858,0.09669205030569664,0.7741935483870968,True,False
rxn:2:138879:172645,0.09667791290716692,0.7638888888888888,True,False
rxn:2:153842:91616,0.09667668519196687,0.8301886792452831,True,False
rxn:2:153842:99473,0.09667248150397992,0.7636363636363637,True,False
rxn:2:138879:87059,0.0966654855471391,0.8333333333333334,True,False
rxn:2:138879:142586,0.09665874334482047,1.0,False,False
rxn:2:146530:131807,0.09664738178253174,1.0,False,False
rxn:2:153842:81238,0.09664462672339545,0.75,True,False
rxn:2:87543:110519,0.09661913769585746,0.7704918032786885,True,False
rxn:2:153842:124791,0.09660745991600884,0.8113207547169812,True,False
rxn:2:135685:150501,0.09660676998250625,0.8985507246376812,True,False
rxn:2:153842:126322,0.09660497188568115,0.9777777777777777,True,False
rxn:2:138879:141727,0.09660186866919199,0.8490566037735849,True,False
rxn:2:153842:85412,0.0966004832037564,0.7966101694915254,True,False
rxn:2:138879:147172,0.09655522002327827,1.0,False,False
rxn:2:147486:164038,0.09654173706517075,0.7794117647058824,True,False
rxn:2:138879:169123,0.09653646927891354,1.0,False,False
rxn:2:147486:161313,0.09653489291667938,0.7605633802816901,True,False
rxn:2:138879:158287,0.09651802047606436,0.890625,True,False
rxn:2:153842:129483,0.09648105502128601,0.7678571428571429,True,False
rxn:2:135685:169969,0.0964672429221017,0.8974358974358975,True,False
rxn:2:138879:96382,0.09644970297813416,0.8596491228070176,True,False
rxn:2:138879:96516,0.09644877552986145,0.7758620689655172,True,False
rxn:2:138879:170540,0.09643659939368565,0.8360655737704918,True,False
rxn:2:72054:150438,0.09642778865752681,1.0,False,False
rxn:2:138879:173255,0.09642002731561661,0.8064516129032258,True,False
rxn:2:143189:160109,0.09641666014989217,0.7910447761194029,True,False
rxn:2:138879:147744,0.09641640952655248,1.0,False,False
rxn:2:153842:122992,0.09640549288855658,1.0,False,False
rxn:2:69549:156925,0.09638320246050434,0.7567567567567568,True,False
rxn:2:68063:173094,0.09636501755033221,1.0,False,False
rxn:2:153842:107666,0.09636296897098937,0.9591836734693877,True,False
rxn:2:138879:170001,0.0963344294577837,0.8059701492537313,True,False
rxn:2:147486:169633,0.09632065977369036,0.765625,True,False
rxn:2:104043:171505,0.09629526296082665,0.9047619047619048,True,False
rxn:2:127075:169750,0.09629244189108571,0.8082191780821918,True,False
rxn:2:153842:70680,0.0962901053757503,0.8823529411764706,True,False
rxn:2:153842:138205,0.09629000723361969,0.9555555555555556,True,False
rxn:2:86497:142748,0.09626888483762741,0.7777777777777778,True,False
rxn:2:138879:172863,0.09623799820741018,0.85,True,False
rxn:2:138879:172770,0.09622728002482447,0.8253968253968254,True,False
rxn:2:138879:171276,0.0962196804823414,0.8125,True,False
rxn:2:138879:171681,0.09621880316373074,0.7538461538461538,True,False
rxn:2:153842:78013,0.09621119057690655,0.7619047619047619,True,False
rxn:2:153842:94041,0.09620783657863222,1.0,False,False
rxn:2:138879:85498,0.0962022602558136,0.8596491228070176,True,False
rxn:2:81212:112225,0.09619611815402382,1.0,False,False
rxn:2:138879:97947,0.09619260082642236,0.7818181818181819,True,False
rxn:2:147486:144133,0.09617137032396653,0.7941176470588235,True,False
rxn:2:138879:152181,0.09615917305151622,1.0,False,False
rxn:2:138879:159129,0.09614649466399489,0.8166666666666667,True,False
rxn:2:72417:154945,0.09614501981174245,0.8947368421052632,True,False
rxn:2:138879:160836,0.09613579703915504,0.835820895522388,True,False
rxn:2:147486:161141,0.09611977591659084,0.78125,True,False
rxn:2:153842:104273,0.09610669259671811,0.9166666666666666,True,False
rxn:2:153842:92158,0.09610269619868352,0.8461538461538461,True,False
rxn:2:153842:138030,0.09610169438215402,0.9148936170212766,True,False
rxn:2:147486:172180,0.09608847264087561,0.7758620689655172,True,False
rxn:2:138879:122248,0.09607772688780514,0.7605633802816901,True,False
rxn:2:125845:171756,0.09607125180108207,1.0,False,False
rxn:2:138879:147494,0.09606646859284604,1.0,False,False
rxn:2:138879:144630,0.09603692455725236,1.0,False,False
rxn:2:74989:98838,0.09603427563394819,0.7580645161290323,True,False
rxn:2:138879:66372,0.0960195541381836,0.8103448275862069,True,False
rxn:2:73951:172944,0.09599381259509496,0.8166666666666667,True,False
rxn:2:138879:132151,0.09599137663841248,0.8846153846153846,True,False
rxn:2:138879:171153,0.09598271692952802,1.0,False,False
rxn:2:153842:124133,0.09597479855572735,1.0,False,False
rxn:2:138879:168456,0.09596618451178074,0.7733333333333333,True,False
rxn:2:138879:96368,0.09596414577502471,0.7833333333333333,True,False
rxn:2:153842:83097,0.0959568948581301,0.8035714285714286,True,False
rxn:2:153842:101977,0.09592418012947872,1.0,False,False
rxn:2:138879:159511,0.09591807617295173,0.78125,True,False
rxn:2:138879:171813,0.09591460277636846,0.75,True,False
rxn:2:138879:167593,0.09590562591046999,0.7714285714285715,True,False
rxn:2:138879:92484,0.0958922083179156,0.7719298245614035,True,False
rxn:2:138879:82968,0.09588049232959747,0.7962962962962963,True,False
rxn:2:153842:98580,0.09586679706206688,1.0,False,False
rxn:2:138879:169642,0.09584560267853015,0.7575757575757576,True,False
rxn:2:138879:139868,0.09584501147270202,0.8823529411764706,True,False
rxn:2:153842:141039,0.09584259545361554,0.8888888888888888,True,False
rxn:2:68063:173136,0.0958216631854022,1.0,False,False
rxn:2:100318:169258,0.09580094309953543,1.0,False,False
rxn:2:138879:113393,0.09579132076190866,0.7666666666666667,True,False
rxn:2:139863:149417,0.09577324241399765,0.875,True,False
rxn:2:153842:140528,0.09576720212187086,0.8214285714285714,True,False
rxn:2:125845:171036,0.09576196329934257,1.0,False,False
rxn:2:73954:163807,0.09574522120612008,0.8666666666666667,True,False
rxn:2:138879:172018,0.09573693621543146,1.0,False,False
rxn:2:74989:130381,0.09573350747426351,0.8769230769230769,True,False
rxn:2:72417:149417,0.09573155992171344,0.9014084507042254,True,False
rxn:2:138879:95401,0.09572553634643555,1.0,False,False
rxn:2:138879:144335,0.09572400777570664,0.7571428571428571,True,False
rxn:2:153842:100343,0.0957235193678311,0.7959183673469388,True,False
rxn:2:153842:109602,0.09572068576155038,0.8,True,False
rxn:2:138879:123626,0.09571605467278024,0.96,True,False
rxn:2:147486:124265,0.09571320846162994,0.8421052631578947,True,False
rxn:2:138879:170297,0.09570369575962875,0.8545454545454545,True,False
rxn:2:87543:71484,0.09569394588470459,0.7647058823529411,True,False
rxn:2:73951:160109,0.09567152261734009,0.7735849056603774,True,False
rxn:2:138879:73770,0.0956662274323977,1.0,False,False
rxn:2:68063:142269,0.09565684000651041,1.0,False,False
rxn:2:138879:119395,0.09564832515186733,1.0,False,False
rxn:2:68063:173124,0.09564686704564977,1.0,False,False
rxn:2:153842:125129,0.09563083278721776,1.0,False,False
rxn:2:147486:172058,0.09561635466182933,0.75,True,False
rxn:2:87543:107281,0.09560188438211169,0.75,True,False
rxn:2:68063:133379,0.09559875478347142,1.0,False,False
rxn:2:68063:172413,0.0955853100333895,1.0,False,False
rxn:2:138879:169231,0.09558500200510026,1.0,False,False
rxn:2:138879:172930,0.09557311236858368,0.7910447761194029,True,False
rxn:2:135685:172994,0.0955286676233465,0.8904109589041096,True,False
rxn:2:87543:143340,0.09552842739856604,1.0,False,False
rxn:2:138879:130381,0.09550479385587904,1.0,False,False
rxn:2:138879:146929,0.09548141062259674,0.8787878787878788,True,False
rxn:2:138879:110960,0.09547250151634215,0.8947368421052632,True,False
rxn:2:138879:107666,0.09547166182444647,0.9607843137254902,True,False
rxn:2:153842:81833,0.09546443132253793,0.9423076923076923,True,False
rxn:2:74989:158305,0.09545133691845518,0.7671232876712328,True,False
rxn:2:153842:114723,0.09544202354219225,0.7647058823529411,True,False
rxn:2:138879:92447,0.09543903231620789,0.8166666666666667,True,False
rxn:2:73951:152199,0.09541215231785408,0.7843137254901961,True,False
rxn:2:167192:131807,0.09540513638527162,0.828125,True,False
rxn:2:138879:170398,0.09537250498930613,0.8412698412698413,True,False
rxn:2:138879:118138,0.09537210011923755,0.7794117647058824,True,False
rxn:2:138879:87988,0.09535853266716003,0.8620689655172413,True,False
rxn:2:138879:117703,0.09534630731300071,0.8333333333333334,True,False
rxn:2:138879:82074,0.09534376859664917,1.0,False,False
rxn:2:147486:79725,0.09534255222037986,0.7592592592592593,True,False
rxn:2:138879:143127,0.09532570491234461,0.9344262295081968,True,False
rxn:2:138879:88169,0.095311838388443,1.0,False,False
rxn:2:138879:152687,0.09531117254687893,0.835820895522388,True,False
rxn:2:138879:171000,0.09530624349912006,1.0,False,False
rxn:2:146530:150340,0.09530499848452481,0.8307692307692308,True,False
rxn:2:68063:169690,0.09530410766601563,0.8571428571428571,True,False
rxn:2:138879:171562,0.0953026358038187,1.0,False,False
rxn:2:147486:153925,0.09530189037322997,0.7704918032786885,True,False
rxn:2:138879:91541,0.095299391746521,0.8103448275862069,True,False
rxn:2:146530:166473,0.09529075399041176,0.7727272727272727,True,False
rxn:2:138879:172020,0.09526375215500593,0.8225806451612904,True,False
rxn:2:153842:77199,0.09525969395270714,0.7758620689655172,True,False
rxn:2:138879:171235,0.09525755589658563,0.7887323943661971,True,False
rxn:2:153842:159488,0.09523012708215152,0.8947368421052632,True,False
rxn:2:147486:165324,0.09521091977755229,0.8181818181818182,True,False
rxn:2:153842:108478,0.09520538495137142,0.8181818181818182,True,False
rxn:2:135685:147265,0.09519822256905693,0.8870967741935484,True,False
rxn:2:138879:96744,0.09518180787563324,0.9122807017543859,True,False
rxn:2:135685:149417,0.09517432661617503,0.9027777777777778,True,False
rxn:2:138879:172438,0.09516351790197435,0.828125,True,False
rxn:2:73951:169810,0.09515601822308131,0.8032786885245902,True,False
rxn:2:153842:128292,0.09514098564783732,0.7547169811320755,True,False
rxn:2:91355:77928,0.09513954718907675,0.75,True,False
rxn:2:147486:147841,0.09513900911106783,0.8253968253968254,True,False
rxn:2:119257:83189,0.09513328075408936,0.7962962962962963,True,False
rxn:2:153842:124879,0.09512987307139806,0.7735849056603774,True,False
rxn:2:138879:169098,0.09512206239085044,0.7714285714285715,True,False
rxn:2:138879:133697,0.09511969685554504,0.88,True,False
rxn:2:73951:170382,0.09511913997786386,0.7959183673469388,True,False
rxn:2:153842:130039,0.0951118515088008,0.7962962962962963,True,False
rxn:2:122047:94375,0.09509400968198423,0.7678571428571429,True,False
rxn:2:138879:104766,0.095085388670365,1.0,False,False
rxn:2:138879:160148,0.09508527535945177,0.75,True,False
rxn:2:153842:78305,0.09508418595349347,0.7924528301886793,True,False
rxn:2:138879:134909,0.09505342348263815,0.8620689655172413,True,False
rxn:2:138879:164469,0.09505162667483091,1.0,False,False
rxn:2:153842:127420,0.09504636570259377,1.0,False,False
rxn:2:138879:170842,0.09504178262525989,0.7538461538461538,True,False
rxn:2:138879:129483,0.0950351858139038,0.7758620689655172,True,False
rxn:2:153842:82314,0.09502479985908226,1.0,False,False
rxn:2:138879:171780,0.09502459168434144,1.0,False,False
rxn:2:153842:79668,0.09501610323786736,0.7761194029850746,True,False
rxn:2:87543:172877,0.09501363549913679,0.8026315789473685,True,False
rxn:2:153842:104956,0.09501167138417561,0.9230769230769231,True,False
rxn:2:68063:173197,0.09500962694485983,1.0,False,False
rxn:2:153842:165123,0.09500425202505929,0.803921568627451,True,False
rxn:2:153842:167523,0.09500254354169292,0.8253968253968254,True,False
rxn:2:138879:88498,0.09498810357060926,1.0,True,False
rxn:2:153842:122654,0.09498064827035975,0.7777777777777778,True,False
rxn:2:81212:91754,0.09497473032578178,0.9183673469387755,True,False
rxn:2:138879:169530,0.09494210731598639,0.8208955223880597,True,False
rxn:2:138879:73856,0.0949367330624507,1.0,False,False
rxn:2:138879:140270,0.09488462235616602,1.0,False,False
rxn:2:147486:171001,0.09487084150314332,0.75,True,False
rxn:2:138879:78658,0.09485771134495735,0.8,True,False
rxn:2:147486:170333,0.09485757861818586,0.8507462686567164,True,False
rxn:2:138879:72787,0.09484809041023254,0.8,True,False
rxn:2:138879:171845,0.09483842365443707,1.0,False,False
rxn:2:111480:83189,0.09481214593957972,0.7719298245614035,True,False
rxn:2:138879:150810,0.09479313456650937,1.0,False,False
rxn:2:147486:146508,0.09478897415101528,0.8166666666666667,True,False
rxn:2:153842:95975,0.09478869261565032,0.7547169811320755,True,False
rxn:2:138879:153813,0.0947645683772862,0.7916666666666666,True,False
rxn:2:138879:169584,0.09476008079946041,0.8088235294117647,True,False
rxn:2:138879:102541,0.09475832788840585,0.8301886792452831,True,False
rxn:2:87543:171884,0.09475588979143085,0.8857142857142857,True,False
rxn:2:138879:152226,0.09475427711832113,0.7966101694915254,True,False
rxn:2:138879:152412,0.09475426701828837,0.7714285714285715,True,False
rxn:2:138879:171455,0.09474911590417226,0.7666666666666667,True,False
rxn:2:138879:139585,0.09474585771560669,1.0,False,False
rxn:2:68063:134481,0.09472495758974994,0.9285714285714286,True,False
rxn:2:138879:168938,0.09471831377595663,0.7777777777777778,True,False
rxn:2:138879:168452,0.09471796356862591,0.7647058823529411,True,False
rxn:2:73951:169276,0.09471025549132249,1.0,False,False
rxn:2:72417:152107,0.09469300508499146,0.8253968253968254,True,False
rxn:2:153842:121173,0.09468952738321744,0.7843137254901961,True,False
rxn:2:125845:169890,0.0946769118309021,0.7666666666666667,True,False
rxn:2:153842:127314,0.09467247554234096,0.7735849056603774,True,False
rxn:2:73951:170021,0.09464642919343093,1.0,False,False
rxn:2:153842:73345,0.09462377854755946,0.7543859649122807,True,False
rxn:2:153842:116641,0.09462331842493128,1.0,True,False
rxn:2:138879:145117,0.09462132569282286,0.803030303030303,True,False
rxn:2:87543:152271,0.09461545944213867,0.8157894736842105,True,False
rxn:2:153842:94799,0.09460514783859253,0.7543859649122807,True,False
rxn:2:153842:75453,0.09459113191675257,0.8125,True,False
rxn:2:138879:169422,0.09458448644727468,1.0,False,False
rxn:2:138879:104390,0.09455498059590658,0.8035714285714286,True,False
rxn:2:147486:172658,0.09455036289162105,0.75,True,False
rxn:2:138879:167629,0.09454229686941419,0.8260869565217391,True,False
rxn:2:111642:169923,0.09453952518002741,0.7666666666666667,True,False
rxn:2:138879:172913,0.09453204721212387,0.7727272727272727,True,False
rxn:2:73951:158287,0.09452763310185185,0.8703703703703703,True,False
rxn:2:138879:74326,0.09452629478081413,1.0,False,False
rxn:2:122566:150438,0.09448909362157186,0.8507462686567164,True,False
rxn:2:153842:87796,0.09448456147621417,0.7540983606557377,True,False
rxn:2:138879:104470,0.09447806266446908,0.7868852459016393,True,False
rxn:2:138879:134155,0.094453164935112,0.7592592592592593,True,False
rxn:2:153842:164091,0.09443616455998914,0.7678571428571429,True,False
rxn:2:147486:158529,0.09443599837166923,0.7681159420289855,True,False
rxn:2:127178:83189,0.09442357833568867,0.9791666666666666,True,False
rxn:2:138879:102220,0.09442246533357179,0.78125,True,False
rxn:2:147486:143624,0.0944185733795166,0.8103448275862069,True,False
rxn:2:96670:171505,0.09441630045572917,0.8064516129032258,True,False
rxn:2:153842:136685,0.09439781095300402,0.7962962962962963,True,False
rxn:2:147486:150872,0.09439640045166016,0.8412698412698413,True,False
rxn:2:138879:143503,0.09439142769382847,0.8225806451612904,True,False
rxn:2:68063:173103,0.09437750975290934,1.0,False,False
rxn:2:138879:170389,0.09436902453502019,0.8166666666666667,True,False
rxn:2:138879:169865,0.09436404053121805,0.7903225806451613,True,False
rxn:2:138879:80295,0.0943610096971194,1.0,False,False
rxn:2:74989:156086,0.09436037259943345,0.7560975609756098,True,False
rxn:2:138879:168211,0.09435921320409486,0.7534246575342466,True,False
rxn:2:138879:170726,0.0943488334164475,0.7575757575757576,True,False
rxn:2:138879:171464,0.09433844397144933,0.8333333333333334,True,False
rxn:2:138879:172743,0.09433699423266995,0.835820895522388,True,False
rxn:2:73951:170389,0.09433652460575104,0.8627450980392157,True,False
rxn:2:138879:171416,0.09431751118972898,0.9298245614035088,True,False
rxn:2:68063:172770,0.09430748682755691,0.7966101694915254,True,False
rxn:2:147486:146832,0.09430413246154785,0.7761194029850746,True,False
rxn:2:138879:151170,0.0943012265143571,0.7719298245614035,True,False
rxn:2:153842:136634,0.09429566383361816,0.8,True,False
rxn:2:146530:156554,0.09429526726404826,0.7627118644067796,True,False
rxn:2:153842:169828,0.09427680628640311,0.7543859649122807,True,False
rxn:2:153842:137328,0.09427233978554055,0.8627450980392157,True,False
rxn:2:138879:143429,0.09424146336893882,0.7647058823529411,True,False
rxn:2:138879:144705,0.09423267841339111,0.75,True,False
rxn:2:73951:169697,0.09422611086456864,1.0,False,False
rxn:2:91355:148871,0.09421642167227609,0.9,True,False
rxn:2:138879:143206,0.09421202354133129,1.0,False,False
rxn:2:138879:170109,0.09420166412989298,0.8245614035087719,True,False
rxn:2:73951:170318,0.09418629109859467,1.0,False,False
rxn:2:147486:168874,0.0941854294608621,0.7794117647058824,True,False
rxn:2:138879:90758,0.09418114398916562,0.7931034482758621,True,False
rxn:2:138879:146693,0.0941688311951501,0.819672131147541,True,False
rxn:2:138879:172782,0.09415467468000227,0.7727272727272727,True,False
rxn:2:138879:71793,0.09414517420988816,1.0,False,False
rxn:2:147486:152199,0.09413885528391058,0.7719298245614035,True,False
rxn:2:138879:79757,0.0941364785720562,0.9838709677419355,True,False
rxn:2:135685:169205,0.09412726669600516,0.8904109589041096,True,False
rxn:2:153842:98629,0.09412201551290658,1.0,False,False
rxn:2:138879:172107,0.09411884546279908,0.7903225806451613,True,False
rxn:2:153842:87470,0.09410727449825831,0.9272727272727272,True,False
rxn:2:138879:84466,0.09410078878755922,0.847457627118644,True,False
rxn:2:138879:170685,0.09409038722515106,0.7727272727272727,True,False
rxn:2:111642:163343,0.09408767761722688,1.0,False,False
rxn:2:138879:164302,0.09405287829312411,0.8235294117647058,True,False
rxn:2:98709:163807,0.09403446587649258,0.8356164383561644,True,False
rxn:2:153842:135605,0.09400405486424764,0.9545454545454546,True,False
rxn:2:138879:160278,0.09396346170326758,1.0,False,False
rxn:2:138879:146230,0.09396311866514612,0.8285714285714286,True,False
rxn:2:72417:146529,0.09396022365939233,0.7761194029850746,True,False
rxn:2:68063:171036,0.09395320074898857,0.75,True,False
rxn:2:138879:113942,0.09394532799720764,0.8,True,False
rxn:2:153842:119686,0.09394462750508235,0.8431372549019608,True,False
rxn:2:138879:167682,0.0939412956436475,0.7741935483870968,True,False
rxn:2:73951:171645,0.09393716603517532,0.7735849056603774,True,False
rxn:2:153842:72787,0.093927834715162,0.8103448275862069,True,False
rxn:2:138879:158357,0.0939163786749686,0.7540983606557377,True,False
rxn:2:147486:157807,0.09391521556036812,0.7818181818181819,True,False
rxn:2:138879:150331,0.09390830000241598,0.8382352941176471,True,False
rxn:2:138879:169738,0.0938855278672594,0.8095238095238095,True,False
rxn:2:138879:118732,0.0938817059993744,0.8333333333333334,True,False
rxn:2:153842:94460,0.09386065910602438,0.9259259259259259,True,False
rxn:2:138879:138445,0.09386044144630432,0.8367346938775511,True,False
rxn:2:138879:89586,0.09385115653276443,0.8571428571428571,True,False
rxn:2:153842:100719,0.09382592354501997,0.8,True,False
rxn:2:138879:170887,0.09381904573209823,0.7647058823529411,True,False
rxn:2:91355:150438,0.09381637152503519,0.8157894736842105,True,False
rxn:2:138879:154206,0.09380209536263437,0.8088235294117647,True,False
rxn:2:138879:171863,0.09380129277706145,0.8333333333333334,True,False
rxn:2:138879:150164,0.09379880279302596,1.0,False,False
rxn:2:138879:171600,0.09376737023844864,0.7647058823529411,True,False
rxn:2:153842:108953,0.09375559400629113,0.8235294117647058,True,False
rxn:2:147486:100712,0.09375480046639076,0.7551020408163265,True,False
rxn:2:138879:79725,0.09375406863788764,1.0,False,False
rxn:2:138879:172030,0.09374534722530481,0.7746478873239436,True,False
rxn:2:138879:107281,0.09374261140823364,1.0,False,False
rxn:2:153842:169654,0.09373769067948864,0.7636363636363637,True,False
rxn:2:68063:172765,0.09371476748894,0.78125,True,False
rxn:2:138879:97161,0.09371013442675273,0.7931034482758621,True,False
rxn:2:138879:170007,0.09369875923279793,0.8688524590163934,True,False
rxn:2:73951:172613,0.09369540214538574,0.7627118644067796,True,False
rxn:2:138879:171002,0.09369383656209515,0.782608695652174,True,False
rxn:2:147486:172438,0.09369251307319193,0.819672131147541,True,False
rxn:2:138879:143799,0.09368579188982645,0.7647058823529411,True,False
rxn:2:138879:148775,0.09368436237176259,0.8032786885245902,True,False
rxn:2:153842:76378,0.0936779294695173,0.7678571428571429,True,False
rxn:2:138879:172860,0.09367626544201013,0.7727272727272727,True,False
rxn:2:153842:152574,0.09367182850837708,0.7538461538461538,True,False
rxn:2:147486:143916,0.09365861343614983,0.7741935483870968,True,False
rxn:2:153842:85371,0.09365497786423256,0.9636363636363636,True,False
rxn:2:147486:170235,0.09363940448471994,0.7619047619047619,True,False
rxn:2:138879:71557,0.09363642930984498,0.9148936170212766,True,False
rxn:2:138879:124757,0.09361555541937167,0.7758620689655172,True,False
rxn:2:138879:173105,0.09360094914833705,0.7692307692307693,True,False
rxn:2:153842:125097,0.09359779457251231,0.7547169811320755,True,False
rxn:2:138879:153014,0.0935739372615461,0.75,True,False
rxn:2:138879:129044,0.09356900334358215,0.7857142857142857,True,False
rxn:2:138879:83361,0.09356296857198079,0.803030303030303,True,False
rxn:2:138879:172569,0.09354302512876915,0.8253968253968254,True,False
rxn:2:74989:171087,0.09354121720089632,0.821917808219178,True,False
rxn:2:138879:168958,0.09354096154371896,0.8153846153846154,True,False
rxn:2:153842:136864,0.09349731162742332,0.8545454545454545,True,False
rxn:2:138879:145121,0.09349291026592255,0.7619047619047619,True,False
rxn:2:73951:129459,0.09349052472548051,1.0,False,False
rxn:2:138879:117355,0.09348854136008483,0.9090909090909091,True,False
rxn:2:138879:146628,0.09346394706517458,0.8088235294117647,True,False
rxn:2:153842:95933,0.09345731352056776,0.8888888888888888,True,False
rxn:2:138879:170841,0.09345401727384137,0.8,True,False
rxn:2:125845:172107,0.09343072661647091,0.7547169811320755,True,False
rxn:2:153842:123625,0.09342481913389983,0.7777777777777778,True,False
rxn:2:141733:146644,0.09342318388723558,0.7538461538461538,True,False
rxn:2:72417:162262,0.09340488209443934,0.9014084507042254,True,False
rxn:2:138879:171708,0.09337928195794423,0.8153846153846154,True,False
rxn:2:138879:84052,0.09336796456149646,0.8064516129032258,True,False
rxn:2:153842:124582,0.09335708397406119,0.803921568627451,True,False
rxn:2:138879:78367,0.09335522651672364,0.8253968253968254,True,False
rxn:2:153842:103466,0.09333320061365763,0.7962962962962963,True,False
rxn:2:147486:143162,0.09332981179742252,0.75,True,False
rxn:2:153842:129967,0.093327168907438,0.9245283018867925,True,False
rxn:2:138879:148228,0.09332457094481497,0.7857142857142857,True,False
rxn:2:138879:169705,0.09331210273684878,0.8870967741935484,True,False
rxn:2:153842:109976,0.09329821513249324,0.9423076923076923,True,False
rxn:2:153842:100980,0.09327668172341806,0.8,True,False
rxn:2:138879:154846,0.09326263070106507,0.7575757575757576,True,False
rxn:2:153842:67554,0.09326145052909851,0.8035714285714286,True,False
rxn:2:153842:96094,0.09323774851285495,0.7758620689655172,True,False
rxn:2:153842:132231,0.09322435580767117,0.7924528301886793,True,False
rxn:2:153842:98737,0.09321744688625994,0.7735849056603774,True,False
rxn:2:153842:78670,0.09321133552059051,0.9310344827586207,True,False
rxn:2:138879:109889,0.09320004843175411,0.9473684210526315,True,False
rxn:2:153842:103126,0.09319748328282283,0.8301886792452831,True,False
rxn:2:68063:170201,0.09318926157774748,0.7580645161290323,True,False
rxn:2:153842:115578,0.09316466404841496,0.88,True,False
rxn:2:138879:112303,0.0931509348253409,0.8571428571428571,True,False
rxn:2:81212:96307,0.0931281715631485,1.0,False,False
rxn:2:92166:169656,0.09311395266960407,0.8225806451612904,True,False
