molecule_name,final_score,epoch
rxn:1:50513:723,0.2079434179597431,21632
rxn:2:141397:112875,0.2033972251109588,21632
rxn:1:41711:3819,0.1973238848149776,21632
rxn:2:141397:173095,0.1942593782555823,21632
rxn:2:141397:128669,0.1936405499776204,21632
rxn:2:141397:130267,0.1925974182593517,21632
rxn:1:41711:28754,0.1900577334066232,21632
rxn:1:41711:5553,0.1857496375838915,21632
rxn:1:60111:24341,0.1847151821734858,21632
rxn:2:141397:90175,0.182664978198516,21632
rxn:2:141397:126659,0.1823832846823192,21632
rxn:2:141397:85300,0.1785560704412914,21632
rxn:2:141397:143624,0.1774201089260625,21632
rxn:2:87086:142183,0.1772125375767549,21632
rxn:1:60111:27954,0.1737268604338169,21632
rxn:2:141397:170235,0.1733404725790024,21632
rxn:2:141397:97710,0.1729278763135274,21632
rxn:2:141397:169414,0.1726805222661871,21632
rxn:2:73857:142183,0.1715369449721442,21632
rxn:2:110352:71708,0.1711874662661085,21632
rxn:2:141397:169115,0.1705362190802891,21632
rxn:2:67101:142183,0.167928380270799,21632
rxn:1:62096:723,0.1678306725290086,21632
rxn:2:141397:164659,0.1631964141247319,21632
rxn:2:141397:152898,0.1631757194797198,21632
rxn:2:141397:83009,0.1624871461819379,21632
rxn:2:141397:88106,0.1624186720166887,21632
rxn:2:141397:143698,0.1569859472413858,21632
rxn:2:141397:145184,0.1562515766012902,21632
rxn:2:136412:142183,0.1562026801208655,21632
rxn:2:141397:86454,0.1415889037979973,21632
rxn:2:74866:169412,0.1184968767421586,21632
rxn:1:49432:27968,0.1055402450940825,21632
rxn:1:41869:32494,0.0915985405445098,21632
rxn:1:52141:2756,0.0587064884603023,21632
rxn:1:57801:1060,0.0572826175586037,21632
rxn:2:122644:142183,0.1868876914183298,21633
rxn:1:64149:723,0.1828902307010832,21633
rxn:1:65513:28754,0.1810867971844143,21633
rxn:1:43730:39052,0.1799331617852052,21633
rxn:1:43730:28754,0.1799331617852052,21633
rxn:2:141397:172751,0.1774919818318079,21633
rxn:2:141397:113546,0.1760713429678054,21633
rxn:2:141397:170061,0.1747361123561859,21633
rxn:2:141397:83817,0.1742406175250098,21633
rxn:1:43730:11753,0.1733905509406445,21633
rxn:2:85158:142183,0.1724955886602401,21633
rxn:1:65513:5553,0.1721052514182196,21633
rxn:2:141397:170548,0.1717018275349228,21633
rxn:1:65513:3819,0.1714794874191284,21633
rxn:2:110352:171179,0.1685059028759337,21633
rxn:2:141397:143246,0.1668430136309729,21633
rxn:2:141397:100235,0.1646051222369784,21633
rxn:2:141397:160624,0.1624214251836141,21633
rxn:2:110352:84335,0.1605950752894084,21633
rxn:1:41711:11753,0.1543634533882141,21633
rxn:2:141397:156984,0.1519248706323129,21633
rxn:2:141397:152446,0.1502464159771248,21633
rxn:2:141397:68909,0.1480961874419567,21633
rxn:2:141397:143660,0.1442684063724442,21633
rxn:2:94402:94314,0.1425945881085518,21633
rxn:2:136872:142183,0.14080032242669,21633
rxn:2:105205:142183,0.1395156284173329,21633
rxn:2:123151:142183,0.1337635027037726,21633
rxn:2:137960:169412,0.1309723381338448,21633
rxn:2:141397:171392,0.1290411481670305,21633
rxn:2:72890:126659,0.1261484223333272,21633
rxn:2:96733:78538,0.1089442853223193,21633
rxn:2:68737:108959,0.0990260651578074,21633
rxn:1:52141:2983,0.064798289835453,21633
rxn:1:43388:2983,0.0618009085838611,21633
rxn:1:43683:31454,0.0605748565867543,21633
rxn:1:51585:28139,0.0589081540238112,21633
rxn:2:77260:142183,0.1852769116560618,21634
rxn:2:126579:142183,0.1786155047324987,21634
rxn:2:66029:142183,0.1729116717974345,21634
rxn:2:141397:169821,0.1723498577872912,21634
rxn:1:43730:39051,0.1718787085264921,21634
rxn:2:165796:142183,0.1709369026562747,21634
rxn:2:110352:83991,0.1690846760483349,21634
rxn:2:122351:171179,0.1690617610107768,21634
rxn:2:141397:167658,0.1680821596007597,21634
rxn:1:42412:723,0.1677425747567957,21634
rxn:2:141397:151289,0.1675332209893635,21634
rxn:2:110352:134317,0.1621391089523539,21634
rxn:2:141397:172189,0.1597017601132392,21634
rxn:2:117485:170060,0.1565929027619185,21634
rxn:2:110352:169305,0.155512076758203,21634
rxn:2:141397:118208,0.1552590355277061,21634
rxn:2:83604:171180,0.1543888226151466,21634
rxn:2:141397:94314,0.1536951203431402,21634
rxn:2:98645:142183,0.1504815490916371,21634
rxn:2:105340:170060,0.1503801695678545,21634
rxn:2:110352:172062,0.1503227725625038,21634
rxn:2:68583:142183,0.1495610363781452,21634
rxn:2:90109:142183,0.1493880569934845,21634
rxn:1:60111:11984,0.1487874676783879,21634
rxn:2:141397:135659,0.1479320579341479,21634
rxn:2:141397:172618,0.1478627902619979,21634
rxn:2:124198:127577,0.1400953978300094,21634
rxn:2:87876:70812,0.1396107937801968,21634
rxn:2:150747:139886,0.138990843185672,21634
rxn:2:118262:142183,0.1389767570155007,21634
rxn:2:78032:169305,0.1235860427220662,21634
rxn:1:49432:27964,0.0913182637908242,21634
rxn:1:43683:2836,0.0789210564815081,21634
rxn:1:61592:28050,0.077758153527975,21634
rxn:1:52141:1429,0.0772313104867935,21634
rxn:1:60111:2756,0.0485086491474738,21634
rxn:1:62039:22757,0.0344317583438868,21634
rxn:2:91909:142183,0.1787454176407594,21635
rxn:2:85769:142183,0.1742763938382268,21635
rxn:2:141397:166167,0.171625536866486,21635
rxn:2:100451:142183,0.1676273735669943,21635
rxn:2:68546:142183,0.1667714513400021,21635
rxn:2:95448:142183,0.1664248845643467,21635
rxn:2:106030:142183,0.1662299144599173,21635
rxn:2:148598:142183,0.1659574185808499,21635
rxn:2:141397:102419,0.1648049994426615,21635
rxn:2:134387:142183,0.1635919352372487,21635
rxn:2:97648:142183,0.1629332891768879,21635
rxn:2:141397:169286,0.1625326618552207,21635
rxn:2:141397:167458,0.1608071904629469,21635
rxn:2:141397:110334,0.1584450364112853,21635
rxn:2:108752:142183,0.1584321781992912,21635
rxn:2:93898:142183,0.1577643250164233,21635
rxn:2:148312:142183,0.1576814353466034,21635
rxn:1:65438:38380,0.1558992248028516,21635
rxn:2:104210:142183,0.1558307148516178,21635
rxn:2:141397:95623,0.1553255638905934,21635
rxn:2:112846:142183,0.1500050489391599,21635
rxn:2:141397:143882,0.148862491051356,21635
rxn:2:97157:142183,0.1475366622209549,21635
rxn:2:103132:142183,0.1463850392028689,21635
rxn:2:122763:142183,0.1459508445113897,21635
rxn:2:81924:142183,0.144142997264862,21635
rxn:2:66197:142183,0.1431554523961884,21635
rxn:2:150747:108959,0.13997164203061,21635
rxn:2:141397:66800,0.1388566633065541,21635
rxn:2:141397:106742,0.1369561564463835,21635
rxn:2:73749:97346,0.1355482730127516,21635
rxn:2:67058:169412,0.1329934335671938,21635
rxn:2:82914:142183,0.1301301100424358,21635
rxn:2:141397:97346,0.1244914366648747,21635
rxn:1:41869:31500,0.082459391977476,21635
rxn:1:61827:32494,0.0677996009588241,21635
rxn:1:41960:28642,0.0403751354813575,21635
rxn:1:41924:3803,0.0341047994115135,21635
rxn:1:62688:38413,0.0311498187874492,21635
rxn:1:60111:28048,0.1743857562541961,21636
rxn:2:127791:142183,0.1718331482261419,21636
rxn:1:41624:3819,0.1657766858115792,21636
rxn:2:141397:170482,0.1635603865510539,21636
rxn:2:141397:171179,0.1631818678643968,21636
rxn:2:73289:142183,0.1612367355509808,21636
rxn:2:105340:170913,0.16083081305027,21636
rxn:2:141397:169810,0.1596654775467786,21636
rxn:2:141397:154787,0.1589498988219669,21636
rxn:2:106342:142183,0.1571047622710466,21636
rxn:2:134867:142183,0.1569045558571815,21636
rxn:2:122351:97563,0.1568934297875354,21636
rxn:2:120356:96010,0.1559752374887466,21636
rxn:2:110352:169414,0.1554599002003669,21636
rxn:2:83604:71708,0.1553907723803269,21636
rxn:2:110352:108245,0.1532750780645169,21636
rxn:2:79366:142183,0.1511377584603097,21636
rxn:1:60111:23613,0.1483065478941973,21636
rxn:1:60111:13903,0.1475558622794993,21636
rxn:2:141397:161103,0.145888625698931,21636
rxn:2:105340:152446,0.1456618859716084,21636
rxn:2:119484:142183,0.1448080530390143,21636
rxn:1:65013:3819,0.1439987947543462,21636
rxn:2:141397:157807,0.142104043563207,21636
rxn:2:76322:120181,0.1387296562194824,21636
rxn:2:120365:97346,0.1383827605417796,21636
rxn:2:162493:108959,0.1379617479230676,21636
rxn:2:124198:112875,0.1375992120731444,21636
rxn:2:116191:102373,0.1339800052699588,21636
rxn:2:95144:142183,0.1324182639519373,21636
rxn:2:76896:97346,0.1321133937348019,21636
rxn:2:75840:112875,0.132071965187788,21636
rxn:2:97024:149524,0.1316328662633895,21636
rxn:1:65013:39052,0.1313805441061655,21636
rxn:1:41718:11753,0.1288863350363338,21636
rxn:1:57014:723,0.125878823796908,21636
rxn:2:77784:169305,0.1204752718960797,21636
rxn:2:116191:97346,0.1160440477457913,21636
rxn:1:59830:32494,0.055358134616505,21636
rxn:1:60111:27946,0.0263743501156568,21636
rxn:1:43730:5553,0.1832295395433902,21637
rxn:2:97941:142183,0.1669313332864216,21637
rxn:2:94771:97563,0.1650661763391996,21637
rxn:2:158765:142183,0.1643381916424807,21637
rxn:2:169132:142183,0.1609623006411961,21637
rxn:2:75321:142183,0.1609155035444668,21637
rxn:2:169054:142183,0.1607018737565903,21637
rxn:2:141397:70866,0.1592076395948728,21637
rxn:1:60111:37744,0.1577430275770334,21637
rxn:2:145483:142183,0.1570259219124203,21637
rxn:2:141397:117186,0.1550765014611757,21637
rxn:2:141397:102373,0.1546531195441881,21637
rxn:2:141397:153417,0.1543256856501102,21637
rxn:2:78417:142183,0.1536808217826642,21637
rxn:2:110352:87593,0.1533054754137993,21637
rxn:2:139209:146828,0.1517105536027388,21637
rxn:2:141397:169111,0.151225745677948,21637
rxn:2:80349:142183,0.1487361252307892,21637
rxn:2:141397:112929,0.1470815581934792,21637
rxn:1:65438:723,0.1457204391558965,21637
rxn:2:126579:149524,0.143915239572525,21637
rxn:1:65513:8774,0.1428507328033447,21637
rxn:2:76822:173089,0.141506044814984,21637
rxn:2:124198:97346,0.1372629013799485,21637
rxn:1:65013:5553,0.1368023653825124,21637
rxn:2:124198:113546,0.1367830742489207,21637
rxn:2:141397:151179,0.1362992580980062,21637
rxn:2:146036:96010,0.1362082338226693,21637
rxn:2:124198:142183,0.1360395653889729,21637
rxn:2:141397:68636,0.1273813684071813,21637
rxn:2:66507:142183,0.1129206650397356,21637
rxn:1:65013:8770,0.1051414885691234,21637
rxn:1:61827:38410,0.088328227926703,21637
rxn:2:173056:142183,0.1686690146462959,21638
rxn:2:96101:142183,0.1686146159966786,21638
rxn:1:60111:5745,0.1664930327850229,21638
rxn:2:123503:173089,0.1656515447298685,21638
rxn:2:141397:172904,0.1649196829114641,21638
rxn:2:81174:142183,0.1626664444252296,21638
rxn:2:169202:142183,0.1600526911871773,21638
rxn:2:141397:171799,0.1592375673944988,21638
rxn:2:141397:171648,0.1584567769810005,21638
rxn:2:138647:142183,0.1575213494124236,21638
rxn:2:141397:111053,0.1563944107010251,21638
rxn:2:162493:139886,0.1561011764265242,21638
rxn:2:126579:104330,0.1552643362018797,21638
rxn:2:101118:142183,0.1537522359898215,21638
rxn:2:91885:170060,0.1534721659517836,21638
rxn:2:124198:125758,0.1531873621802399,21638
rxn:2:117731:126659,0.1529493143161137,21638
rxn:1:41624:39052,0.1510269790887832,21638
rxn:2:68028:142183,0.149179662598504,21638
rxn:2:133540:142183,0.1489077140303219,21638
rxn:2:109913:172618,0.1472214079565472,21638
rxn:2:141397:77845,0.1460900704065958,21638
rxn:2:97024:96187,0.1454507699911145,21638
rxn:2:70378:170060,0.1452544675423548,21638
rxn:2:141397:74209,0.1451881840115501,21638
rxn:1:46492:5553,0.1451748636033799,21638
rxn:2:97024:70812,0.1440658948638222,21638
rxn:1:46492:28754,0.1437823586993747,21638
rxn:2:97024:127577,0.1419787165047465,21638
rxn:2:141397:74816,0.1410643122135064,21638
rxn:2:79586:142183,0.1407269755999247,21638
rxn:2:76322:96010,0.1369085842370987,21638
rxn:2:124198:102373,0.1333336323499679,21638
rxn:1:65438:1398,0.1297129626785005,21638
rxn:2:76625:97346,0.1282300201673356,21638
rxn:2:116191:118376,0.1096193633973598,21638
rxn:2:116191:97954,0.1083377346396446,21638
rxn:1:49411:20555,0.0850137160582975,21638
rxn:1:41662:7279,0.0460193297442267,21638
rxn:2:141397:169295,0.1674174732632107,21639
rxn:2:173217:142183,0.1673731964731973,21639
rxn:1:60111:5742,0.1662456682499717,21639
rxn:2:155325:142183,0.1649792118678017,21639
rxn:2:141397:125240,0.1638014160451435,21639
rxn:2:130128:171179,0.1631670666463447,21639
rxn:2:110352:172933,0.1622025058383033,21639
rxn:2:139397:142183,0.1599382917086283,21639
rxn:2:117485:169412,0.1577364412354834,21639
rxn:2:141397:169935,0.1557146655885797,21639
rxn:2:75016:142183,0.1555767725495731,21639
rxn:2:119869:142183,0.1554656053582827,21639
rxn:2:148324:142183,0.1549531161785125,21639
rxn:2:78981:142183,0.1549362592529832,21639
rxn:2:141397:170026,0.1546303367975986,21639
rxn:2:135826:142183,0.1532555339383144,21639
rxn:2:141397:123403,0.1520139589196159,21639
rxn:2:105340:172375,0.1514852738674776,21639
rxn:1:41624:11753,0.1500656008720398,21639
rxn:1:65438:31214,0.1466985816756884,21639
rxn:2:82977:142183,0.1460358670779637,21639
rxn:2:130089:169414,0.1453932358158959,21639
rxn:1:60111:8826,0.1446315000454584,21639
rxn:2:74377:102373,0.1432530028479439,21639
rxn:2:134099:173089,0.14302170753479,21639
rxn:2:109119:142183,0.1409011681874593,21639
rxn:2:76425:169412,0.135471564133962,21639
rxn:2:93703:142183,0.1349653881043195,21639
rxn:2:143779:142183,0.1346898861959868,21639
rxn:2:164506:142183,0.1337765151379155,21639
rxn:2:124198:87736,0.127549949017438,21639
rxn:2:139102:142183,0.1268473733216524,21639
rxn:2:91909:97954,0.1243864972340433,21639
rxn:1:41723:5553,0.1225832998752594,21639
rxn:1:61827:2836,0.1174126209124274,21639
rxn:1:64149:38380,0.112304683526357,21639
rxn:2:121887:112875,0.1109694384393237,21639
rxn:2:126579:118376,0.1109649256656044,21639
rxn:2:83604:172062,0.1648308554043372,21640
rxn:2:141397:170940,0.1622971385717392,21640
rxn:2:110352:173089,0.1596542738378048,21640
rxn:2:86811:94314,0.1580984002122512,21640
rxn:2:155401:142183,0.1579935744404793,21640
rxn:2:89509:88103,0.1577267022359939,21640
rxn:2:141397:171246,0.1571313176642764,21640
rxn:2:110352:172375,0.1557279533666113,21640
rxn:1:45225:38380,0.1549369332037473,21640
rxn:2:66959:170060,0.1538900545349827,21640
rxn:2:110352:169560,0.1531772516667842,21640
rxn:1:60111:5755,0.1520185645888833,21640
rxn:2:82296:142183,0.1518981398807631,21640
rxn:2:86811:123403,0.1516342592927125,21640
rxn:2:93644:70192,0.1502079634289992,21640
rxn:2:159299:142183,0.1499749413794941,21640
rxn:2:141397:169785,0.1490360364317894,21640
rxn:2:145455:142183,0.148860467891944,21640
rxn:2:136508:171231,0.1488084638757365,21640
rxn:2:124198:149524,0.1461890393495559,21640
rxn:2:141397:87151,0.1460598653980663,21640
rxn:2:141397:85327,0.1411946406587958,21640
rxn:2:141397:84335,0.1399852071489606,21640
rxn:2:124198:94554,0.1397645332596518,21640
rxn:1:60111:28813,0.1376839660935931,21640
rxn:2:131871:142183,0.1360682110701288,21640
rxn:2:76322:108959,0.1329855322837829,21640
rxn:2:141397:142160,0.1270345489184061,21640
rxn:2:141397:107746,0.1264291661126272,21640
rxn:2:110352:143246,0.1257079067983125,21640
rxn:2:97597:142183,0.125691863708198,21640
rxn:1:63757:723,0.1253047787226163,21640
rxn:2:77560:111053,0.1248006476296319,21640
rxn:2:127751:146828,0.1234132945537567,21640
rxn:2:75840:102373,0.1214671818833602,21640
rxn:2:83604:75228,0.1193660967490252,21640
rxn:2:124198:97954,0.1189757723557321,21640
rxn:1:65438:7805,0.101033532051813,21640
rxn:2:126579:71586,0.0981963094912077,21640
rxn:2:124198:108204,0.0899592029420953,21640
rxn:2:93838:142183,0.1719524817807333,21641
rxn:1:60111:2836,0.1629378472765286,21641
rxn:2:141397:148809,0.1621865910111052,21641
rxn:2:83604:173089,0.1615570097258596,21641
rxn:2:100318:133871,0.1576178830767435,21641
rxn:2:141397:170668,0.1571450740098953,21641
rxn:2:105648:142183,0.1569371372461319,21641
rxn:2:169813:142183,0.1554408678932795,21641
rxn:2:141397:135410,0.155139988909165,21641
rxn:2:77560:171179,0.1548124822703274,21641
rxn:1:41624:5553,0.154344850530227,21641
rxn:1:41624:25795,0.154344850530227,21641
rxn:2:128000:173089,0.153578376604451,21641
rxn:1:45229:23328,0.153237513701121,21641
rxn:2:160401:96010,0.1524238196157273,21641
rxn:2:92382:169414,0.1506154934565226,21641
rxn:2:77560:70192,0.1502328034032855,21641
rxn:2:169557:142183,0.1497580264553879,21641
rxn:2:100097:94314,0.148211947745747,21641
rxn:2:141397:110310,0.1443848738483354,21641
rxn:2:141397:159008,0.1430437520698264,21641
rxn:2:141397:172841,0.1421280812334131,21641
rxn:2:76155:142183,0.1414232390622297,21641
rxn:2:127440:171492,0.1408576360647229,21641
rxn:1:60111:23617,0.1391715953747431,21641
rxn:2:101785:142183,0.1388518125922591,21641
rxn:2:162493:92488,0.1375990973578559,21641
rxn:2:77560:169518,0.1362150160471598,21641
rxn:1:46492:3819,0.135606915420956,21641
rxn:2:66658:112875,0.1354943949078756,21641
rxn:1:41711:38410,0.1346808905694999,21641
rxn:1:60111:13907,0.1343458344539006,21641
rxn:2:115819:142183,0.1342776417732238,21641
rxn:2:167592:120822,0.1322333826905205,21641
rxn:2:150747:96010,0.1313778242947142,21641
rxn:2:97024:160916,0.1285342558224995,21641
rxn:2:133978:81152,0.1238308799439582,21641
rxn:2:92436:142183,0.1204348433585393,21641
rxn:2:97900:70866,0.1189631213221633,21641
rxn:1:57014:28528,0.1176923201197669,21641
rxn:2:69416:142183,0.1153030550038373,21641
rxn:2:91909:108204,0.1138186005123874,21641
rxn:2:126579:97954,0.109192481166438,21641
rxn:2:125416:142183,0.0923885119458039,21641
rxn:2:116191:120311,0.0858579022543771,21641
rxn:2:141397:170813,0.1577948873693292,21642
rxn:2:141397:168989,0.155109183182792,21642
rxn:2:141397:171550,0.1541543896647467,21642
rxn:2:141397:173089,0.1535836008557102,21642
rxn:2:141397:171933,0.1533773982966387,21642
rxn:2:141397:172697,0.1529171036349402,21642
rxn:2:171029:142183,0.1520284820686687,21642
rxn:2:141397:166392,0.1513854795032077,21642
rxn:2:70440:170060,0.1512425123226075,21642
rxn:2:110352:127550,0.1506004929542541,21642
rxn:2:141397:87593,0.1503244011025679,21642
rxn:2:95901:142183,0.1499509493509928,21642
rxn:2:86297:169412,0.149872008441151,21642
rxn:2:92660:170060,0.1494747357709067,21642
rxn:2:141397:172356,0.1493654128104921,21642
rxn:2:141397:111828,0.1489807742613333,21642
rxn:2:141397:171534,0.148353912527599,21642
rxn:2:120823:170060,0.1475131014982859,21642
rxn:2:104688:170235,0.1471353241767006,21642
rxn:2:139798:170060,0.1465271416751817,21642
rxn:1:45229:38380,0.1434598125909504,21642
rxn:2:116191:91582,0.1432601366982315,21642
rxn:2:108880:170892,0.1400226313206884,21642
rxn:2:132002:94314,0.1372145728932486,21642
rxn:2:141397:147673,0.1364229520161946,21642
rxn:2:124198:138958,0.1337136834386795,21642
rxn:2:109913:170892,0.130858032239808,21642
rxn:2:96712:160916,0.1302569268478287,21642
rxn:2:78535:96010,0.1297222200112465,21642
rxn:2:124198:70812,0.1289238261454033,21642
rxn:2:73585:123403,0.1285319186392284,21642
rxn:2:110352:123403,0.1236346801122029,21642
rxn:1:55948:28048,0.1224596113489385,21642
rxn:2:116191:94661,0.1186546432799187,21642
rxn:2:141397:164279,0.1160340485749421,21642
rxn:2:97941:70252,0.1119583854169556,21642
rxn:1:64149:31214,0.1095067567295498,21642
rxn:2:102215:142183,0.1028694929899992,21642
rxn:2:117731:123403,0.1620887197554111,21643
rxn:2:86297:170060,0.1598296593064847,21643
rxn:2:83604:171179,0.1591449585698899,21643
rxn:2:105340:172751,0.1589672095500506,21643
rxn:2:83604:83991,0.1575504227688438,21643
rxn:2:141397:169400,0.1569064127074347,21643
rxn:2:73951:172751,0.1562197467795124,21643
rxn:2:127778:102373,0.1552992883053693,21643
rxn:2:73728:71708,0.1548026195830769,21643
rxn:2:87202:170892,0.1547656992207403,21643
rxn:2:92382:172751,0.1535403603315353,21643
rxn:2:131711:170235,0.1522505399253633,21643
rxn:1:45225:31214,0.1519279221170827,21643
rxn:2:77440:88103,0.1515519509190007,21643
rxn:2:166241:96010,0.1513361488950663,21643
rxn:2:80704:142183,0.1508608527481556,21643
rxn:2:141397:170801,0.1505134013437089,21643
rxn:2:75324:142183,0.1494658568075725,21643
rxn:2:110222:170060,0.149410227437814,21643
rxn:2:169860:142183,0.1476608926341647,21643
rxn:1:45229:31214,0.1469595032302956,21643
rxn:2:141695:169412,0.1465692222118377,21643
rxn:2:150492:142183,0.1443223670909279,21643
rxn:2:132946:152446,0.1434907832493384,21643
rxn:2:98374:169412,0.1415475220591933,21643
rxn:2:141397:72523,0.1406896149410921,21643
rxn:2:75081:142183,0.1404296662658453,21643
rxn:2:66093:142183,0.1369497666756312,21643
rxn:2:112350:112875,0.1339353830976919,21643
rxn:2:76440:170060,0.1302394797759396,21643
rxn:2:94771:173089,0.1287337042715238,21643
rxn:2:141397:135942,0.1279685381386015,21643
rxn:2:96101:118376,0.1277570859952406,21643
rxn:2:113668:96010,0.1273095986495415,21643
rxn:2:141397:163402,0.1262444676831364,21643
rxn:2:141397:169412,0.1262253133787049,21643
rxn:2:114522:108959,0.1241937248657147,21643
rxn:2:92934:96010,0.1187142924620555,21643
rxn:2:122923:96010,0.1151314659251107,21643
rxn:1:45225:723,0.1129442561003896,21643
rxn:2:141397:99472,0.1091612736384073,21643
rxn:1:45225:28265,0.1069942498984544,21643
rxn:1:61827:8770,0.1058171093463897,21643
rxn:2:100304:142183,0.1004194082582698,21643
rxn:2:141397:78538,0.0981408357620239,21643
rxn:1:45225:23379,0.0880668816112336,21643
rxn:1:43730:34570,0.0864880930851487,21643
rxn:2:76625:173089,0.1612495393664748,21644
rxn:2:110352:170668,0.1587599005017961,21644
rxn:2:141397:173016,0.1575315117835998,21644
rxn:2:162493:69998,0.1567020661064556,21644
rxn:2:73951:170026,0.1561352780887058,21644
rxn:2:115896:70192,0.1547603349794041,21644
rxn:2:114522:170060,0.1544651499500981,21644
rxn:2:141497:170060,0.1540337723234425,21644
rxn:2:148173:142183,0.1519704825348324,21644
rxn:2:141847:171231,0.1516817770898342,21644
rxn:1:61827:5553,0.1512389220297336,21644
rxn:2:77371:156984,0.1511127209663391,21644
rxn:2:141397:112163,0.1504063208897908,21644
rxn:2:136832:142183,0.1502232206495184,21644
rxn:2:110352:111125,0.1498659362918452,21644
rxn:2:83604:170026,0.1497210121154785,21644
rxn:2:102870:142183,0.1480355123678843,21644
rxn:2:110352:117327,0.147992436823092,21644
rxn:2:87971:94314,0.1479226524631182,21644
rxn:2:110352:173079,0.1469004774093628,21644
rxn:2:90396:142183,0.1463799104094505,21644
rxn:2:97543:141195,0.1457538967547209,21644
rxn:2:172455:142183,0.1456879178682963,21644
rxn:1:45229:12105,0.1456510672966639,21644
rxn:2:155997:142183,0.1418133497238159,21644
rxn:2:146036:108959,0.1410223032746996,21644
rxn:2:129885:142183,0.1406078994274139,21644
rxn:2:141397:161514,0.1395267633830799,21644
rxn:2:110352:169295,0.1394051191481677,21644
rxn:2:110352:117995,0.1368345399697621,21644
rxn:2:94771:172265,0.1367763527061628,21644
rxn:2:100318:173089,0.13666188955307,21644
rxn:2:110352:172751,0.1323014118454673,21644
rxn:2:124198:113807,0.1293361810120669,21644
rxn:2:87876:127577,0.1292099434396494,21644
rxn:1:64168:5553,0.1285271346569061,21644
rxn:2:96101:138122,0.1257919899441979,21644
rxn:2:73959:156984,0.1247800636291504,21644
rxn:2:141397:150091,0.1241638765615575,21644
rxn:2:103296:169412,0.1234612464904785,21644
rxn:2:96101:108204,0.1202106313271956,21644
rxn:1:60111:31373,0.1170999192529254,21644
rxn:1:63757:11984,0.111295998096466,21644
rxn:2:73576:169964,0.1650761940649577,21645
rxn:2:144681:112875,0.1567740119420565,21645
rxn:2:141397:134317,0.1560981124639511,21645
rxn:2:66959:169412,0.1557555629147423,21645
rxn:2:154793:142183,0.1554963618516922,21645
rxn:1:43730:38410,0.1527007555260378,21645
rxn:2:139105:173089,0.152463616044433,21645
rxn:2:128825:171231,0.1522546918303878,21645
rxn:2:108517:142183,0.1520093199279573,21645
rxn:2:141397:151992,0.1516338210356863,21645
rxn:2:132131:171231,0.1513080486544856,21645
rxn:2:141397:171073,0.1511332080477759,21645
rxn:2:150747:141988,0.1506373451815711,21645
rxn:2:85204:142183,0.1501241847872734,21645
rxn:2:141397:172893,0.1499512404203415,21645
rxn:2:91779:170060,0.1498839189608892,21645
rxn:2:92144:142183,0.1487201499311547,21645
rxn:2:124198:95635,0.1486057289268659,21645
rxn:2:94039:142183,0.1484301318140591,21645
rxn:2:91952:142183,0.1479380071163177,21645
rxn:2:74199:108959,0.1477420837790877,21645
rxn:2:114450:142183,0.1467602690060933,21645
rxn:2:73951:169856,0.1456664696983669,21645
rxn:2:93644:147222,0.1438561444697172,21645
rxn:2:125116:142183,0.1438181891160853,21645
rxn:2:131907:169412,0.1429336878160635,21645
rxn:2:168945:142183,0.1429319164969704,21645
rxn:2:128745:170060,0.1417279217554175,21645
rxn:2:141544:107408,0.1410477289131709,21645
rxn:2:126873:158208,0.138544455818508,21645
rxn:2:101450:171492,0.1371819726798845,21645
rxn:2:131682:142183,0.1355113727705819,21645
rxn:2:135415:169666,0.1341030885775884,21645
rxn:2:87876:125758,0.1336276570092076,21645
rxn:2:110352:170940,0.1330872348376682,21645
rxn:2:139659:169412,0.1321162471064814,21645
rxn:2:83604:170482,0.1300345063209533,21645
rxn:2:93644:111053,0.1297260853979322,21645
rxn:2:83604:170813,0.1224666666984558,21645
rxn:2:92382:143624,0.1209738595145089,21645
rxn:1:46492:2836,0.1204518269408832,21645
rxn:1:45229:723,0.1169225308630201,21645
rxn:2:110352:171550,0.1095981672406196,21645
rxn:1:60111:5736,0.1095400294836829,21645
rxn:2:122723:97563,0.157071801332327,21646
rxn:2:129587:171231,0.1570264329867703,21646
rxn:2:104973:142183,0.1551885455846786,21646
rxn:2:88838:142183,0.1544288165039486,21646
rxn:2:70440:169412,0.152509017182248,21646
rxn:2:74393:169412,0.1524053559355113,21646
rxn:2:141397:169300,0.150100702517911,21646
rxn:2:83170:171231,0.1498602186994893,21646
rxn:2:131125:173089,0.1493815693717736,21646
rxn:2:141397:119377,0.1492586199726377,21646
rxn:2:141397:141889,0.1481043378512064,21646
rxn:2:112058:142183,0.1464593748251597,21646
rxn:1:60111:5759,0.1463319694294649,21646
rxn:2:97081:169412,0.1458852644319887,21646
rxn:2:96838:170026,0.1454087876611285,21646
rxn:2:117731:146828,0.1453503240709719,21646
rxn:2:122351:88103,0.1452102496435768,21646
rxn:2:118157:173089,0.1451107891542571,21646
rxn:2:78535:108959,0.1449102151852387,21646
rxn:2:125927:142183,0.1447504311800003,21646
rxn:2:116191:103126,0.1444583961909467,21646
rxn:2:92699:142183,0.1443660577138265,21646
rxn:2:134689:170060,0.143893446083422,21646
rxn:2:100318:73940,0.1430509977042675,21646
rxn:2:139383:169412,0.1428612178122555,21646
rxn:2:150747:159692,0.1416068135627678,21646
rxn:2:132946:169810,0.141517697168248,21646
rxn:2:135915:170060,0.1397684493235179,21646
rxn:2:127261:170060,0.1394215375185012,21646
rxn:2:91991:170060,0.1372250529198811,21646
rxn:2:125739:123403,0.1368278336265812,21646
rxn:2:142139:170060,0.1357297008788144,21646
rxn:2:112217:142183,0.1338914781808853,21646
rxn:2:86224:171231,0.1329030295213063,21646
rxn:2:141397:96094,0.1220975082654219,21646
rxn:2:97024:87151,0.1179296387867494,21646
rxn:2:116191:107746,0.1117762845495472,21646
rxn:2:70378:169412,0.1591964329664523,21647
rxn:2:141397:169197,0.1549033067292637,21647
rxn:2:74393:170060,0.1548092281040938,21647
rxn:2:105340:169305,0.154144702553749,21647
rxn:1:65513:11753,0.1539698736742139,21647
rxn:2:141397:172278,0.1531913992431428,21647
rxn:2:69619:94314,0.1513634157868532,21647
rxn:2:154815:142183,0.1511493921279907,21647
rxn:2:108186:170060,0.1502408276001612,21647
rxn:2:81673:171246,0.1487038787454366,21647
rxn:2:110222:169412,0.1485567435622215,21647
rxn:2:141397:169560,0.147998549436268,21647
rxn:2:110352:173016,0.1478729858284904,21647
rxn:2:124198:81729,0.1475715544074773,21647
rxn:2:92379:142183,0.1449019230074352,21647
rxn:2:110352:170482,0.1447673134505748,21647
rxn:2:141397:169739,0.1427060394060044,21647
rxn:2:74199:96010,0.1421906964646445,21647
rxn:2:147243:142183,0.1412734585373025,21647
rxn:2:139383:170060,0.1408991830216514,21647
rxn:2:141397:139724,0.1407463738792821,21647
rxn:2:134218:142183,0.1404333785176277,21647
rxn:2:86385:169412,0.138199837959331,21647
rxn:2:113171:118539,0.1381973440830524,21647
rxn:2:105340:172893,0.1373443192243576,21647
rxn:2:113894:152446,0.1352696579694748,21647
rxn:2:146036:85686,0.1348668082996651,21647
rxn:2:93644:91563,0.1337891802191734,21647
rxn:2:97550:142183,0.1331121763214469,21647
rxn:2:114522:169412,0.1328016679596018,21647
rxn:2:83604:169305,0.1325831730728564,21647
rxn:2:136172:152446,0.1305982489948687,21647
rxn:2:95086:142183,0.1281026482582092,21647
rxn:2:113672:170060,0.1279138116924851,21647
rxn:2:126929:142183,0.1162429622241428,21647
rxn:2:78725:70192,0.1617242474305002,21648
rxn:2:141397:158637,0.1567654492277087,21648
rxn:2:110352:153417,0.1532602035810077,21648
rxn:2:141397:170891,0.1529844425342701,21648
rxn:2:99084:171231,0.152309156494376,21648
rxn:2:83604:171423,0.1520062668455971,21648
rxn:2:91885:169412,0.1517213809079137,21648
rxn:1:41711:8770,0.1506515330738491,21648
rxn:2:140908:166167,0.150009937044503,21648
rxn:2:142033:172397,0.1498725301977516,21648
rxn:2:131974:171231,0.1490832907812936,21648
rxn:2:83604:160838,0.1484823788421741,21648
rxn:2:141397:154446,0.1469319787892428,21648
rxn:2:114213:171492,0.1467863668998082,21648
rxn:2:141397:172076,0.1457428181612933,21648
rxn:2:68710:123403,0.1451332817475001,21648
rxn:2:135058:169412,0.1449570829669634,21648
rxn:2:141397:159185,0.1443160561223825,21648
rxn:2:135415:168058,0.1440047745046944,21648
rxn:2:93644:87722,0.1439353834699701,21648
rxn:2:150747:123403,0.1437895175738212,21648
rxn:2:141397:81152,0.1435288886229197,21648
rxn:2:141397:67845,0.1424957329318636,21648
rxn:2:103573:133871,0.1423598508986215,21648
rxn:2:107531:78538,0.1416736008628966,21648
rxn:2:67562:170060,0.1413337458139178,21648
rxn:2:76322:111147,0.1407163206736247,21648
rxn:2:69022:170411,0.1406065991946629,21648
rxn:2:122923:108959,0.1403395592430491,21648
rxn:2:141397:171462,0.1401819162296526,21648
rxn:2:98184:87722,0.1400376123095315,21648
rxn:2:114843:170060,0.1359240133085368,21648
rxn:2:114506:94292,0.1348119491622561,21648
rxn:1:60111:31372,0.1347726092619054,21648
rxn:2:77915:142183,0.1316153791215684,21648
rxn:1:41847:31609,0.1249604741732279,21648
rxn:2:94771:168989,0.1213989162445068,21648
rxn:2:116191:112875,0.117470948082028,21648
rxn:2:141397:172062,0.1174048913849724,21648
rxn:1:65513:2836,0.1087034398859197,21648
rxn:2:91909:71586,0.1055864879959507,21648
rxn:1:45225:2927,0.0919558670785692,21648
rxn:2:141397:171991,0.1561753488423531,21649
rxn:2:77560:169366,0.152458043434681,21649
rxn:2:116427:70192,0.151119129224257,21649
rxn:2:141397:172864,0.1510305747841343,21649
rxn:1:65513:28813,0.1506644065181414,21649
rxn:2:139798:169412,0.1502681237527693,21649
rxn:2:105340:169412,0.148541750251383,21649
rxn:2:132400:172375,0.1483546464871137,21649
rxn:2:101439:156984,0.1477569057827904,21649
rxn:2:165375:142183,0.1460658562810797,21649
rxn:2:140868:170235,0.1459439622944799,21649
rxn:2:79270:170060,0.1454705519553942,21649
rxn:2:122923:170060,0.144784386952718,21649
rxn:2:172848:142183,0.1445813106768059,21649
rxn:2:114505:170060,0.1440139994209195,21649
rxn:2:105246:171043,0.1433815036290957,21649
rxn:2:141397:72767,0.1427491605281829,21649
rxn:2:73951:173089,0.1418383502960205,21649
rxn:2:110352:171877,0.1416337915829249,21649
rxn:2:94771:171179,0.1409136020775997,21649
rxn:2:128825:81963,0.1392146195426131,21649
rxn:2:73576:173089,0.1381523292741657,21649
rxn:2:124422:169412,0.1360409544861834,21649
rxn:2:86297:169964,0.1336955054601033,21649
rxn:2:67593:170060,0.1329470332463582,21649
rxn:2:91909:118376,0.1326992135298879,21649
rxn:2:87876:97346,0.1326486184483482,21649
rxn:2:132002:73940,0.1314117684960365,21649
rxn:2:79984:169414,0.1278815203242831,21649
rxn:2:110352:171231,0.126661703700111,21649
rxn:2:72913:150277,0.1229027215345406,21649
rxn:2:141397:169155,0.1577517363158139,21650
rxn:2:108274:142183,0.1557960050801436,21650
rxn:2:167169:120822,0.1529553404876164,21650
rxn:2:146036:169412,0.1524068290187466,21650
rxn:2:82050:172751,0.1491995696668271,21650
rxn:2:141497:171246,0.1486495556654753,21650
rxn:2:86224:170235,0.1484063105818666,21650
rxn:2:110222:150277,0.1483585039774576,21650
rxn:1:60111:31609,0.1480161489224901,21650
rxn:2:77440:91315,0.1467320218420865,21650
rxn:2:110352:170813,0.1464624784994816,21650
rxn:2:138516:169412,0.1463568747779469,21650
rxn:2:132946:172751,0.1456742676687829,21650
rxn:2:110352:148809,0.1437502874844316,21650
rxn:2:141397:70812,0.1430459788867405,21650
rxn:2:87876:149524,0.1428607519467671,21650
rxn:2:132373:172618,0.1419797216852506,21650
rxn:2:73749:145184,0.1414283752441406,21650
rxn:2:132002:166540,0.1407157079673107,21650
rxn:2:110352:168989,0.1406633510734095,21650
rxn:2:77440:152446,0.1405539259766087,21650
rxn:2:76425:172751,0.1401796241601308,21650
rxn:1:43781:11984,0.1397551781889321,21650
rxn:2:85600:70192,0.1379049441270661,21650
rxn:2:141397:83991,0.1358621530234813,21650
rxn:2:141397:169366,0.1337226529916127,21650
rxn:2:112350:170060,0.1333058711923198,21650
rxn:2:97858:152446,0.1331138594282998,21650
rxn:2:141397:146731,0.132664422194163,21650
rxn:2:117731:94314,0.1293947865565617,21650
rxn:2:150747:114519,0.1273697082485471,21650
rxn:2:97900:171231,0.127229298338478,21650
rxn:2:123503:170482,0.126266241868337,21650
rxn:1:60111:27961,0.1256668520908729,21650
rxn:2:103296:78538,0.1256353978126768,21650
rxn:2:96101:102564,0.122024655342102,21650
rxn:2:135338:152446,0.1214860733350117,21650
rxn:2:141397:91563,0.1213692811628182,21650
rxn:2:76009:107408,0.121138001481692,21650
rxn:2:114934:112875,0.118209810256958,21650
rxn:2:122668:88952,0.1703055302302042,21651
rxn:2:110352:148339,0.157037807504336,21651
rxn:2:97900:78077,0.1535665945730347,21651
rxn:2:110352:119703,0.1525544016449539,21651
rxn:2:83604:170913,0.1524547580359638,21651
rxn:2:88266:97563,0.1520360494271302,21651
rxn:2:83604:84335,0.1517104775297875,21651
rxn:2:105340:170514,0.1503447890281677,21651
rxn:2:132131:169412,0.149735722541809,21651
rxn:2:141397:70192,0.149244483311971,21651
rxn:2:119366:94314,0.1490611696243286,21651
rxn:2:83604:126829,0.1485079945179454,21651
rxn:2:65963:169412,0.1479101822926448,21651
rxn:2:76360:169412,0.1472712281422737,21651
rxn:2:170761:142183,0.1470588174733248,21651
rxn:2:87637:170060,0.1468983034292856,21651
rxn:1:43756:39051,0.1455126081903775,21651
rxn:2:104688:169851,0.1436908892643304,21651
rxn:2:97900:88103,0.1420405452901667,21651
rxn:2:102928:70192,0.1418711825420981,21651
rxn:2:81212:146828,0.1415660674609835,21651
rxn:2:135414:170060,0.1413033818587278,21651
rxn:2:126873:151128,0.141275374425782,21651
rxn:2:142513:142183,0.1412509941218192,21651
rxn:2:137524:94314,0.1406887626647949,21651
rxn:2:77440:141195,0.1404161103188045,21651
rxn:2:144300:142183,0.1388868071414806,21651
rxn:2:141397:153399,0.1379511889658476,21651
rxn:2:125739:126659,0.1375163854032323,21651
rxn:1:45225:12105,0.1346454267148618,21651
rxn:2:76625:112875,0.1346178338641212,21651
rxn:2:105340:173089,0.134304097129239,21651
rxn:1:61827:28754,0.1323248955110708,21651
rxn:2:124198:91582,0.1320230175578405,21651
rxn:2:101355:111147,0.1298533746829399,21651
rxn:2:128745:169412,0.1295312599859376,21651
rxn:1:46492:28813,0.1281501220332251,21651
rxn:2:141397:124159,0.1276590327421824,21651
rxn:2:78725:173089,0.1266355462696241,21651
rxn:1:41624:38410,0.1235856647584952,21651
rxn:2:88304:169594,0.1188802583651109,21651
rxn:2:122351:73940,0.1563262376520368,21652
rxn:2:101439:96010,0.1539907002449035,21652
rxn:2:140832:142183,0.1536474088827769,21652
rxn:2:107104:142183,0.1531466282904148,21652
rxn:2:110352:170235,0.1524125458229155,21652
rxn:2:110352:171180,0.1516458249904892,21652
rxn:2:67380:108959,0.151605486869812,21652
rxn:2:91991:169412,0.1507115718619577,21652
rxn:2:128114:170060,0.1504308118351868,21652
rxn:2:171340:142183,0.1489549807526848,21652
rxn:2:126499:142183,0.1430195029824972,21652
rxn:2:93644:88359,0.1427904594512213,21652
rxn:2:88304:70192,0.1425984541052266,21652
rxn:2:73959:170060,0.1423002046346664,21652
rxn:2:77440:171492,0.1417956093083257,21652
rxn:2:166244:120181,0.1414229974702552,21652
rxn:2:77560:170482,0.1413376104572545,21652
rxn:2:106940:169412,0.140521390363574,21652
rxn:1:65513:39466,0.1404465520754456,21652
rxn:1:65513:8770,0.1388783454895019,21652
rxn:1:65134:39051,0.1383301001042127,21652
rxn:2:89454:169412,0.1381031605932447,21652
rxn:2:77560:173089,0.1375572888747505,21652
rxn:2:110352:169366,0.1361085299564444,21652
rxn:2:110352:78173,0.1355127924018436,21652
rxn:2:139218:96010,0.1354118830391338,21652
rxn:2:143007:142183,0.1348519521324258,21652
rxn:2:120365:112875,0.1348268219402858,21652
rxn:1:61827:11753,0.1343029982903424,21652
rxn:2:110352:160624,0.1321931406855583,21652
rxn:1:41869:2836,0.1303792271925055,21652
rxn:1:41907:5553,0.128743945620954,21652
rxn:2:73728:171179,0.1274248726665973,21652
rxn:2:124198:101283,0.1274134751997495,21652
rxn:2:125549:170060,0.1263914367666951,21652
rxn:2:70889:169412,0.1259156821862511,21652
rxn:2:105340:170668,0.1246225708723068,21652
rxn:2:94771:169197,0.1231018508022481,21652
rxn:2:101355:108959,0.1160406928796034,21652
rxn:2:139105:97346,0.1104940722386042,21652
rxn:2:96388:97346,0.1076253411315736,21652
rxn:2:129600:170060,0.1549479769564223,21653
rxn:2:141397:105841,0.1538088137195223,21653
rxn:2:141397:138958,0.150657037893931,21653
rxn:2:139383:169666,0.1482407384448581,21653
rxn:2:106106:142183,0.1469001115537157,21653
rxn:2:128825:84335,0.1463235692372397,21653
rxn:2:117045:172618,0.1461699348356988,21653
rxn:1:43975:38380,0.1459899931623224,21653
rxn:2:92382:97563,0.1455627993533486,21653
rxn:2:72890:170060,0.1451775416349753,21653
rxn:2:130225:152446,0.1423628057042757,21653
rxn:2:68710:97563,0.1423212091128031,21653
rxn:2:73585:171231,0.1417555838455388,21653
rxn:2:97980:152911,0.1416348364108648,21653
rxn:1:61827:28813,0.1406730850537618,21653
rxn:2:134099:169964,0.1406635275253882,21653
rxn:2:133392:169412,0.1406602599681952,21653
rxn:2:110352:169155,0.1405401877734972,21653
rxn:2:77793:170060,0.1398068018901495,21653
rxn:2:95804:144172,0.1379291363384412,21653
rxn:2:128000:171231,0.1377255900700887,21653
rxn:2:139637:170060,0.1375856546388156,21653
rxn:2:141397:132130,0.1375451683998108,21653
rxn:2:67058:170060,0.1363192582741761,21653
rxn:2:141695:172189,0.1347439289093017,21653
rxn:2:121028:173089,0.1339297736132586,21653
rxn:2:107115:170060,0.1335128177831202,21653
rxn:2:104473:142183,0.1334543923536936,21653
rxn:2:86811:130267,0.132792633374532,21653
rxn:1:41904:11984,0.1322590446833408,21653
rxn:2:76896:112875,0.1314227770675312,21653
rxn:2:67009:141988,0.1294864050547282,21653
rxn:2:122668:171392,0.1272585449947251,21653
rxn:2:141397:159692,0.126651664574941,21653
rxn:2:141397:171682,0.1250316762562954,21653
rxn:2:96968:108959,0.1205639036802145,21653
rxn:1:41907:28754,0.1200786940753459,21653
rxn:1:43730:8774,0.1037389449775219,21653
rxn:2:140546:88952,0.1653353875143486,21654
rxn:2:146036:170060,0.1552686601556757,21654
rxn:2:74393:171246,0.1542084975007139,21654
rxn:2:141397:172621,0.1520925760269165,21654
rxn:2:130089:171246,0.1498858472447336,21654
rxn:2:105340:171246,0.1495896327642747,21654
rxn:2:105340:169964,0.1493843301137288,21654
rxn:2:100031:142183,0.148219233751297,21654
rxn:2:73728:83991,0.1481319047786571,21654
rxn:2:141397:172927,0.1477319218895652,21654
rxn:2:141397:169305,0.1474449932575225,21654
rxn:2:67593:172618,0.1470613247818417,21654
rxn:2:96741:70192,0.1454570124546687,21654
rxn:2:80739:142183,0.1449188714226087,21654
rxn:1:59915:723,0.144886953490121,21654
rxn:2:67187:171492,0.1447951594988505,21654
rxn:2:124198:96187,0.1442943293115367,21654
rxn:2:84123:172751,0.1442414749236334,21654
rxn:2:110352:143058,0.1432913372913996,21654
rxn:1:41907:39051,0.1425002242128054,21654
rxn:2:89531:170060,0.1413597836010698,21654
rxn:2:141397:148339,0.1412125167093778,21654
rxn:2:141397:169964,0.1410390635331471,21654
rxn:2:76662:142183,0.140769340243994,21654
rxn:2:132946:170026,0.1391884202048892,21654
rxn:2:141397:170060,0.1385181998765027,21654
rxn:2:80341:142183,0.1379156124358083,21654
rxn:2:118157:170668,0.1378604043489214,21654
rxn:2:137136:112875,0.1377290363113085,21654
rxn:2:105333:142183,0.1348521846036116,21654
rxn:2:140876:170060,0.1325450724079495,21654
rxn:2:130128:158071,0.1319727578024933,21654
rxn:2:139123:142183,0.1312958337366581,21654
rxn:2:141397:171231,0.1300711611906687,21654
rxn:2:87876:102373,0.1276819080114364,21654
rxn:2:78804:142183,0.1229885078611828,21654
rxn:2:141397:155258,0.12271498888731,21654
rxn:2:113181:71586,0.1085263842886144,21654
rxn:2:124198:109382,0.0943116602443513,21654
rxn:2:141397:159993,0.1601440824568271,21655
rxn:2:135415:170060,0.1523527127725106,21655
rxn:2:75149:170060,0.1514988541603088,21655
rxn:2:97081:170060,0.1510679512112229,21655
rxn:2:97543:172751,0.1509899679157469,21655
rxn:2:97980:70192,0.149538179761485,21655
rxn:2:67380:96010,0.1495164867777091,21655
rxn:2:97900:94292,0.147634656532951,21655
rxn:2:125874:108959,0.1460031232348195,21655
rxn:2:92475:142183,0.1441528444227419,21655
rxn:2:142234:142183,0.1438988767564296,21655
rxn:2:122351:78104,0.1435037114553981,21655
rxn:2:103216:170060,0.1430362159455264,21655
rxn:2:135415:169412,0.1429674388081939,21655
rxn:2:67187:171231,0.142074007987976,21655
rxn:2:75442:85300,0.1410528620084126,21655
rxn:2:89554:111147,0.1408404960082127,21655
rxn:2:70889:170060,0.1408204313205636,21655
rxn:2:75442:169115,0.1397578523804744,21655
rxn:1:43756:25795,0.1397317424416542,21655
rxn:2:118218:108959,0.1387160936227211,21655
rxn:1:65513:31609,0.1381447535494099,21655
rxn:2:122351:169594,0.13764688372612,21655
rxn:2:70411:107408,0.1365612991727315,21655
rxn:2:131377:142183,0.1365382710569783,21655
rxn:2:87202:104330,0.1359125870195302,21655
rxn:2:160401:102373,0.1350765091180801,21655
rxn:2:141397:88952,0.1333899085338299,21655
rxn:1:43756:28754,0.1329781021922826,21655
rxn:2:134984:170060,0.1324381922130231,21655
rxn:2:141397:170892,0.1312987409970339,21655
rxn:2:87876:142183,0.1301258355379104,21655
rxn:2:78991:170060,0.1294471520398344,21655
rxn:2:79379:169412,0.1291521611037077,21655
rxn:2:91779:112875,0.1284875440597534,21655
rxn:2:148180:108959,0.1282912966396127,21655
rxn:2:73749:112875,0.1281944754577818,21655
rxn:2:95026:142183,0.1278627266486486,21655
rxn:2:122351:130267,0.1263854547458536,21655
rxn:2:103972:142183,0.125099609605968,21655
rxn:1:43730:8770,0.1242124011119206,21655
rxn:2:95035:142183,0.1231096764405568,21655
rxn:2:127791:137914,0.1109624505043029,21655
rxn:2:123884:70192,0.1549014637867609,21656
rxn:2:110352:75004,0.1534063076531445,21656
rxn:2:141397:169039,0.1503361548696245,21656
rxn:2:73728:173089,0.1499942654655093,21656
rxn:2:78786:142183,0.1491605371236801,21656
rxn:2:86811:126659,0.1479554864076467,21656
rxn:2:72200:171231,0.1477445864383085,21656
rxn:2:130089:173089,0.1466730220450295,21656
rxn:2:84697:170060,0.146386125258037,21656
rxn:2:123884:170060,0.1455335012380627,21656
rxn:2:67380:123403,0.1450576575597127,21656
rxn:2:68712:70192,0.1448671108200436,21656
rxn:2:92749:146828,0.1438427728319925,21656
rxn:2:75557:169412,0.1427545873324076,21656
rxn:2:145769:142183,0.14224262195721,21656
rxn:2:132400:171246,0.1420654975450956,21656
rxn:2:141397:169729,0.1404758570850759,21656
rxn:2:136521:170026,0.1390346715479721,21656
rxn:2:110352:129722,0.1389090136477822,21656
rxn:2:144681:102373,0.1382394615809122,21656
rxn:2:74972:169412,0.1378287724826647,21656
rxn:1:65134:25795,0.1365275060137113,21656
rxn:2:141397:115233,0.1364304224650065,21656
rxn:2:106616:170060,0.1361894391585087,21656
rxn:2:161584:142183,0.1351471857020729,21656
rxn:2:129306:171231,0.1342254246788463,21656
rxn:2:112079:170060,0.1324179449251719,21656
rxn:2:111985:100719,0.1304695895223906,21656
rxn:1:41865:31609,0.1303664628664652,21656
rxn:1:65513:28048,0.129698343898939,21656
rxn:2:89615:152446,0.1271077052752177,21656
rxn:2:89063:71586,0.1259992801480823,21656
rxn:2:68737:112875,0.1256273010420421,21656
rxn:2:110352:170060,0.1233577655072797,21656
rxn:2:87876:112875,0.1232810909785921,21656
rxn:2:137922:107408,0.1118375794092814,21656
rxn:2:122303:142183,0.1029226647482978,21656
rxn:2:131711:169412,0.1646378183364868,21657
rxn:2:114191:102419,0.1550042057037353,21657
rxn:2:108432:170060,0.1534254670143127,21657
rxn:2:93644:133871,0.1525546239133466,21657
rxn:2:141397:120205,0.1517215543323093,21657
rxn:2:109607:170913,0.1508432993522057,21657
rxn:2:106940:172751,0.1482471463121013,21657
rxn:2:110352:150431,0.1477974558633471,21657
rxn:2:122474:170060,0.1471754963370575,21657
rxn:2:172280:142183,0.1468254586060842,21657
rxn:2:99558:170060,0.145475556453069,21657
rxn:2:139504:123403,0.1450743241743608,21657
rxn:2:141397:88957,0.1448084389170011,21657
rxn:2:85225:170060,0.144603849929056,21657
rxn:2:112020:170060,0.1428657228919281,21657
rxn:2:83959:170060,0.1423042454780676,21657
rxn:2:141397:96972,0.1413950628704494,21657
rxn:2:101439:68807,0.1404023726781209,21657
rxn:2:121203:169412,0.1381125509003062,21657
rxn:2:128825:108959,0.1377186260440132,21657
rxn:2:131711:172927,0.137294765861555,21657
rxn:2:131603:108959,0.133412670398104,21657
rxn:2:128024:170813,0.1329925131230127,21657
rxn:2:72293:173089,0.1329773305318294,21657
rxn:2:144636:96010,0.1326817366338911,21657
rxn:2:86811:128808,0.1326575342814127,21657
rxn:2:92934:108959,0.1320255528657864,21657
rxn:2:163783:142183,0.1287962051860073,21657
rxn:2:71647:170060,0.1274671922495335,21657
rxn:2:96101:77015,0.1229849883488246,21657
rxn:2:66658:71586,0.1220844210239878,21657
rxn:2:138592:142183,0.1189848091088089,21657
rxn:2:112958:142183,0.1142411778370539,21657
rxn:2:87876:71586,0.1117770379049736,21657
rxn:2:75115:170060,0.1116676557631719,21657
rxn:2:114717:173089,0.0935578499084863,21657
rxn:1:41918:3819,0.1568602183833718,21658
rxn:2:86811:87722,0.1522752906267459,21658
rxn:2:95795:170060,0.1518851115747734,21658
rxn:2:76236:97563,0.1503977574981176,21658
rxn:2:109567:170060,0.1487981003263722,21658
rxn:2:141397:73318,0.1481853574514389,21658
rxn:2:103172:170060,0.146270928007585,21658
rxn:2:87637:169412,0.1429119656483332,21658
rxn:2:123884:83817,0.1426136219187787,21658
rxn:2:87876:95635,0.1416069975365763,21658
rxn:2:130889:170060,0.1409585091375535,21658
rxn:2:101439:171392,0.1404557156342047,21658
rxn:2:125010:152446,0.1394218195367742,21658
rxn:2:136727:142183,0.1393460838331116,21658
rxn:2:138933:170411,0.138638005724975,21658
rxn:2:141397:151136,0.1363594051864412,21658
rxn:2:83959:169412,0.136214419053151,21658
rxn:2:97860:170060,0.1358400136232376,21658
rxn:2:114429:169412,0.1352303552406805,21658
rxn:2:97063:169412,0.1351878827810287,21658
rxn:2:89554:78538,0.1349677973323398,21658
rxn:2:141544:172893,0.1348833392063776,21658
rxn:2:111682:152446,0.1346894613018742,21658
rxn:2:172342:142183,0.1342474310235543,21658
rxn:2:163596:142183,0.1332410973937887,21658
rxn:2:150747:120822,0.1324705460241862,21658
rxn:2:75313:170060,0.1316061839461326,21658
rxn:2:127920:170060,0.1303292536735534,21658
rxn:2:109392:169412,0.1302373527238766,21658
rxn:2:114281:170060,0.1286346432955368,21658
rxn:2:144681:96010,0.1260166226753166,21658
rxn:1:64149:31609,0.1225240242977937,21658
rxn:1:59985:28813,0.1192261983047832,21658
rxn:2:128825:169412,0.1187777805328369,21658
rxn:1:64149:8770,0.1175087561209996,21658
rxn:2:88299:113807,0.1160289437874503,21658
rxn:2:122521:170060,0.1146734484604426,21658
rxn:2:110352:119317,0.1505489953254398,21659
rxn:2:142033:169295,0.1502875482494181,21659
rxn:2:93644:173095,0.1501492112874984,21659
rxn:2:135654:71708,0.1489991039037704,21659
rxn:2:84697:169412,0.1475613596183912,21659
rxn:2:141397:170858,0.1473188856068779,21659
rxn:2:100318:172751,0.1472229946542669,21659
rxn:2:120365:145184,0.146588522195816,21659
rxn:2:96304:170060,0.1449603705570615,21659
rxn:2:101097:142183,0.1443801990577152,21659
rxn:2:73728:117327,0.1441722854971885,21659
rxn:2:129993:170060,0.1440648692846298,21659
rxn:2:110352:169550,0.1440020948648452,21659
rxn:2:97063:173089,0.1437605831485528,21659
rxn:2:121552:70192,0.143496598303318,21659
rxn:2:124805:169412,0.1428527877880976,21659
rxn:2:114505:169412,0.1411089764700995,21659
rxn:2:110352:80718,0.1405582684609625,21659
rxn:2:128114:169412,0.1394608276230948,21659
rxn:2:141497:169412,0.1391882740932962,21659
rxn:2:89640:142183,0.1371389031410217,21659
rxn:2:103216:169412,0.1370234500478815,21659
rxn:2:92382:85686,0.1361833736300468,21659
rxn:2:141544:122855,0.1358610221317836,21659
rxn:2:162054:142183,0.1345465384423732,21659
rxn:2:108857:170060,0.1335695937827781,21659
rxn:2:108432:173089,0.1334026507460154,21659
rxn:2:134853:169412,0.1314878057816932,21659
rxn:2:97374:170060,0.1262994235754013,21659
rxn:2:128000:171179,0.12446807195311,21659
rxn:2:73576:169412,0.1244306421050658,21659
rxn:2:114506:78538,0.1213080471470242,21659
rxn:2:110352:171991,0.1172599583864212,21659
rxn:2:83604:172751,0.1170312240719795,21659
rxn:2:74393:169964,0.1163920307159423,21659
rxn:2:83604:158637,0.1130321019887924,21659
rxn:1:60111:3265,0.1803722070022063,21660
rxn:2:141397:170514,0.1531609006618198,21660
rxn:2:72890:169412,0.1513035967946052,21660
rxn:2:90698:169412,0.1500847019531108,21660
rxn:2:110352:146037,0.1499914356640407,21660
rxn:2:96304:169412,0.1495082989848893,21660
rxn:2:76822:169305,0.1488544589281082,21660
rxn:2:141397:170962,0.1479068923937647,21660
rxn:2:103172:169412,0.1451157447364595,21660
rxn:2:141397:169042,0.1447518377200417,21660
rxn:2:125739:170060,0.1445312604860023,21660
rxn:2:138606:170060,0.1439241353008482,21660
rxn:2:83604:169286,0.1435463208219279,21660
rxn:2:131517:170060,0.143175916425113,21660
rxn:2:94402:123403,0.1418992750919782,21660
rxn:2:122351:84708,0.1418831638991832,21660
rxn:2:110352:172904,0.1410589163953607,21660
rxn:2:131711:171231,0.1401369825557426,21660
rxn:2:127440:147222,0.1398220677738604,21660
rxn:2:135811:70192,0.1394500210881233,21660
rxn:2:103739:170060,0.1388357867797215,21660
rxn:2:118218:141988,0.1385670527815818,21660
rxn:2:88919:170060,0.1377128697931766,21660
rxn:2:70925:169412,0.1368450114020594,21660
rxn:2:131506:170235,0.1362604808348875,21660
rxn:2:126579:158814,0.1336607858538627,21660
rxn:1:64149:28813,0.1324484753608703,21660
rxn:2:99048:173089,0.12882828215758,21660
rxn:2:110352:126659,0.1284892717997233,21660
rxn:2:75457:170060,0.1278882997817006,21660
rxn:2:82511:96010,0.1277873510563815,21660
rxn:2:95355:150277,0.1269701338476604,21660
rxn:2:66260:170060,0.1250998829973155,21660
rxn:2:84138:173089,0.1241739497140601,21660
rxn:2:133307:171669,0.1235157827968183,21660
rxn:2:110352:159692,0.1072707667070276,21660
rxn:2:110622:142183,0.1064077377319335,21660
rxn:1:41918:5553,0.153932104508082,21661
rxn:2:82050:173089,0.1523011485735575,21661
rxn:2:126579:95801,0.1503974000612894,21661
rxn:2:83604:147222,0.1496258052912625,21661
rxn:2:91779:169412,0.1496115605036417,21661
rxn:2:141397:146037,0.1478767544031143,21661
rxn:2:158858:170060,0.1472664244713321,21661
rxn:2:112350:169412,0.1456792148542992,21661
rxn:2:142033:169039,0.1452741370056614,21661
rxn:2:110352:130166,0.1440048670327222,21661
rxn:2:131711:169400,0.1439670674006144,21661
rxn:2:80519:108959,0.1437286613644033,21661
rxn:2:67140:169412,0.142918684016699,21661
rxn:2:100083:150277,0.142858652131898,21661
rxn:2:70411:85686,0.1425812030449891,21661
rxn:2:114204:169412,0.1425655545332493,21661
rxn:2:155876:142183,0.1424513529328739,21661
rxn:2:84114:170060,0.1423555077650608,21661
rxn:2:72299:170060,0.1420057592568574,21661
rxn:2:111746:170060,0.1387547004370042,21661
rxn:1:60111:3091,0.1370984421056859,21661
rxn:2:131907:170060,0.1365464429060618,21661
rxn:2:82050:171043,0.1349824335840013,21661
rxn:1:45225:23328,0.1348410954078038,21661
rxn:2:77631:169412,0.1342222335792723,21661
rxn:2:81212:169305,0.1332457049025429,21661
rxn:2:66858:170060,0.131508997928949,21661
rxn:2:104299:173089,0.1304980920893805,21661
rxn:2:130399:170060,0.1300798496980776,21661
rxn:2:114843:169412,0.1262473574391117,21661
rxn:2:81162:170060,0.1247849265734354,21661
rxn:2:141397:172959,0.1223666745203512,21661
rxn:2:124637:170060,0.1212823435112282,21661
rxn:2:110352:164659,0.1203679674201541,21661
rxn:2:141397:146533,0.1197325708689513,21661
rxn:2:91779:96010,0.1101658565026742,21661
rxn:2:94948:142183,0.1531349530345515,21662
rxn:2:79834:170060,0.1513500650723775,21662
rxn:2:76360:170060,0.149869102698106,21662
rxn:2:85225:169412,0.1470701650336936,21662
rxn:2:123488:152446,0.1414887714385986,21662
rxn:2:156072:120822,0.1407238367412771,21662
rxn:2:110352:169300,0.1403974771499634,21662
rxn:2:125578:170060,0.139794718225797,21662
rxn:2:125031:142183,0.1387083206106635,21662
rxn:2:169101:142183,0.1386401619423519,21662
rxn:2:100318:78104,0.1383799999952316,21662
rxn:2:141397:171572,0.1383117600565865,21662
rxn:2:116191:85300,0.1382888730453408,21662
rxn:2:122055:150277,0.1379511252045631,21662
rxn:2:97024:143698,0.1373122787723938,21662
rxn:2:123884:169412,0.1359392553567886,21662
rxn:2:172870:142183,0.1357126597847257,21662
rxn:2:95380:150277,0.1353330446614159,21662
rxn:2:75557:172265,0.1343938410282135,21662
rxn:2:72121:169412,0.1338002559329782,21662
rxn:2:69755:142183,0.1327989666085494,21662
rxn:2:158133:142183,0.1322345043483533,21662
rxn:1:45225:661,0.1319303614528555,21662
rxn:2:142033:126659,0.1313530385494232,21662
rxn:1:65134:39052,0.1311455611139536,21662
rxn:2:115463:170060,0.1310227039669241,21662
rxn:2:86467:169412,0.1297776308552972,21662
rxn:2:93504:170668,0.1288276767289197,21662
rxn:2:67262:142183,0.1256318618269527,21662
rxn:2:163073:142183,0.1250066090571253,21662
rxn:2:70238:91582,0.1238324174826795,21662
rxn:2:135990:70192,0.1213485910133882,21662
rxn:2:73326:170060,0.1209985470133168,21662
rxn:2:141397:122301,0.1203505056244986,21662
rxn:2:114483:170060,0.1200395810604095,21662
rxn:2:126579:125758,0.1200394429590391,21662
rxn:2:69457:172618,0.1176350799699624,21662
rxn:1:41916:2836,0.1152546231945355,21662
rxn:1:41723:11753,0.1145526118138257,21662
rxn:1:60111:38555,0.1697706431150436,21663
rxn:1:60111:4439,0.1585092069581151,21663
rxn:1:41918:28754,0.1555240480229258,21663
rxn:2:73959:172618,0.1505247180660565,21663
rxn:2:131711:170060,0.1496109277009964,21663
rxn:2:135878:142183,0.148369206322564,21663
rxn:2:134180:170813,0.1463565688442301,21663
rxn:2:86811:104467,0.1462230795621872,21663
rxn:2:141544:169412,0.1455838596820831,21663
rxn:2:141397:170260,0.1444992179220373,21663
rxn:2:72890:84335,0.1444397460330616,21663
rxn:2:124198:145184,0.1433164775371551,21663
rxn:2:110352:96033,0.1416292723856474,21663
rxn:2:67380:100541,0.140291035748445,21663
rxn:2:66303:170060,0.1387964662696634,21663
rxn:2:70962:169412,0.1377008993316579,21663
rxn:2:139051:170060,0.1369369421844129,21663
rxn:2:139105:156984,0.1364653402796158,21663
rxn:2:101355:126659,0.1354765772819519,21663
rxn:2:92382:130267,0.1353860541301615,21663
rxn:2:101355:78538,0.1353852191457042,21663
rxn:2:110352:94314,0.1347527652978897,21663
rxn:2:141819:173089,0.1323307781265332,21663
rxn:2:96388:72767,0.1315243852635224,21663
rxn:2:115966:70192,0.1312569871544838,21663
rxn:2:142622:96010,0.1302603033504316,21663
rxn:2:98014:170060,0.1298850583178656,21663
rxn:2:120356:108959,0.1286124922335147,21663
rxn:2:133009:169412,0.1282544589291016,21663
rxn:2:128990:169412,0.1244615958287165,21663
rxn:2:138845:169412,0.1243902428282631,21663
rxn:2:101355:90390,0.1240459475666284,21663
rxn:2:126646:173089,0.1220477640628814,21663
rxn:2:110005:170060,0.1211497203029435,21663
rxn:2:72955:173089,0.1155666916266731,21663
rxn:2:110040:173089,0.1111500299182431,21663
rxn:2:91603:169412,0.1100497005077508,21663
rxn:2:114122:142183,0.1049936721722284,21663
rxn:2:141204:142183,0.0669125265934888,21663
rxn:2:142033:111125,0.1530614322737643,21664
rxn:2:67140:170060,0.1513901075412487,21664
rxn:2:142622:108959,0.150611616138901,21664
rxn:2:141397:170288,0.1483823696249409,21664
rxn:2:98374:170060,0.1480637904670503,21664
rxn:2:66982:142183,0.1478296264129526,21664
rxn:2:73951:171246,0.147181676434619,21664
rxn:2:104688:171218,0.1461996230585821,21664
rxn:2:141397:169545,0.1455175131559372,21664
rxn:2:110352:156047,0.1432251997969367,21664
rxn:2:170748:142183,0.1423053592443466,21664
rxn:2:170140:142183,0.1417017856782133,21664
rxn:2:132002:96010,0.1410505205392837,21664
rxn:2:128024:173089,0.1372761732339859,21664
rxn:2:114204:173089,0.1371354968459517,21664
rxn:2:167169:105101,0.1351488044968357,21664
rxn:2:66894:170502,0.1343514791556767,21664
rxn:2:141397:90451,0.1331190874179204,21664
rxn:2:86551:170060,0.1326433911367699,21664
rxn:2:135414:169412,0.1318347752094268,21664
rxn:2:74377:113807,0.1297565756932548,21664
rxn:2:77440:165123,0.1294247900184832,21664
rxn:2:84114:169412,0.1262871829363016,21664
rxn:2:89871:170060,0.1262765010962119,21664
rxn:2:94862:171043,0.1251334525920726,21664
rxn:2:130188:169412,0.1233282840500275,21664
rxn:2:128990:173089,0.1227879960227895,21664
rxn:2:124422:70192,0.1223735198378563,21664
rxn:2:166916:169412,0.1181007289680941,21664
rxn:2:118846:173089,0.1165685137467724,21664
rxn:2:74330:142183,0.1142688577666002,21664
rxn:2:141497:91563,0.1138418650343304,21664
rxn:2:142033:118142,0.152505620320638,21665
rxn:2:130128:171492,0.1520265820233718,21665
rxn:2:141397:71586,0.1511026241562583,21665
rxn:2:86224:170060,0.1491105532646179,21665
rxn:2:110352:166766,0.1481107011437416,21665
rxn:2:67562:169412,0.1477805787119372,21665
rxn:2:165709:142183,0.1471406349114009,21665
rxn:2:86518:170060,0.1471133232116699,21665
rxn:2:90771:170060,0.146887079377969,21665
rxn:2:95370:170060,0.145096273223559,21665
rxn:2:141238:123403,0.144658954895061,21665
rxn:2:139504:70192,0.1437964841075565,21665
rxn:2:141397:172375,0.1431630639867349,21665
rxn:2:128535:169305,0.14304387755692,21665
rxn:2:76044:81963,0.1397280584682118,21665
rxn:2:125916:169412,0.1380887386890558,21665
rxn:2:84138:170060,0.1377415164158894,21665
rxn:1:65013:28812,0.1363350674510002,21665
rxn:2:162493:110041,0.1360743873649173,21665
rxn:2:130089:172893,0.1353991740942001,21665
rxn:2:141397:171043,0.1353200063818976,21665
rxn:2:75515:142183,0.1347680745216516,21665
rxn:2:161599:142183,0.1344143773118654,21665
rxn:2:93066:170060,0.1325016463032135,21665
rxn:2:82267:170060,0.1312506988092705,21665
rxn:2:124198:103126,0.1274855243308203,21665
rxn:2:141397:81729,0.1266438094899058,21665
rxn:2:105832:170060,0.1262234318256378,21665
rxn:2:82584:142183,0.1262007867917418,21665
rxn:2:121203:170060,0.1244475571093735,21665
rxn:2:88299:70812,0.1137185660393341,21665
rxn:2:66894:171043,0.1118833549596645,21665
rxn:2:130089:170060,0.099051688676295,21665
rxn:2:77560:171492,0.1592117936714835,21666
rxn:2:141397:170926,0.1471369231031054,21666
rxn:2:73576:171231,0.1453774539487702,21666
rxn:2:172720:142183,0.1452809363603592,21666
rxn:2:92382:147222,0.1452191206424132,21666
rxn:2:99670:142183,0.143985406440847,21666
rxn:2:105246:171231,0.1436370576803501,21666
rxn:2:141397:156943,0.1421833932399749,21666
rxn:2:86811:96010,0.141688190124653,21666
rxn:2:75557:169964,0.1405328837809739,21666
rxn:2:141397:170411,0.1397735051810741,21666
rxn:2:141397:101943,0.1393032651394605,21666
rxn:1:41918:11753,0.1387130574268453,21666
rxn:2:153741:142183,0.1380813203752041,21666
rxn:2:103296:170060,0.1376995075008143,21666
rxn:2:87971:170060,0.1374768034688064,21666
rxn:2:142622:112875,0.1365976998439202,21666
rxn:2:105340:150277,0.1359294162442287,21666
rxn:2:132002:170060,0.1354242770799568,21666
rxn:2:78560:172009,0.1346815239105905,21666
rxn:2:82490:150277,0.1340077444911003,21666
rxn:2:66658:156984,0.1338215968929804,21666
rxn:2:141397:165123,0.1332416613896687,21666
rxn:2:124198:77187,0.1330373669448106,21666
rxn:2:108162:170060,0.1328477242163249,21666
rxn:2:100861:142183,0.132674770320163,21666
rxn:2:131053:142183,0.1291220282253466,21666
rxn:2:141397:166540,0.126799423028441,21666
rxn:1:43719:28813,0.1252514016628265,21666
rxn:2:71517:142183,0.1241525043459499,21666
rxn:2:92749:169305,0.1226212388525406,21666
rxn:2:114506:170060,0.1219964176416397,21666
rxn:2:141397:147222,0.121148521178647,21666
rxn:2:127112:142183,0.1186049580574035,21666
rxn:2:94434:108959,0.1142313468914765,21666
rxn:2:94771:170060,0.1052309721708297,21666
rxn:2:105080:170892,0.1596351350131242,21667
rxn:2:77560:94292,0.1493584617972373,21667
rxn:2:93066:171231,0.1487085563795907,21667
rxn:2:128039:142183,0.1483130998909473,21667
rxn:2:119211:170060,0.1480810918189861,21667
rxn:2:142033:169305,0.1446157786108198,21667
rxn:2:169887:142183,0.1445582901889627,21667
rxn:2:129600:169412,0.144032348846567,21667
rxn:2:141397:173009,0.1438870235629703,21667
rxn:2:68784:170060,0.1436993143072835,21667
rxn:2:137534:172751,0.1432706156262645,21667
rxn:2:104678:169412,0.1422644467265517,21667
rxn:2:67380:139886,0.1419884390555895,21667
rxn:2:77793:169412,0.141862917277548,21667
rxn:2:81212:155104,0.141573828127649,21667
rxn:2:92382:107408,0.1415190117226706,21667
rxn:2:128153:172618,0.1414518940448761,21667
rxn:2:110352:101943,0.1407470703124999,21667
rxn:2:141397:170897,0.1404982663691044,21667
rxn:2:89454:170060,0.1402584165334701,21667
rxn:2:136508:172751,0.1396499923590956,21667
rxn:2:118218:170060,0.1391102106406771,21667
rxn:2:136508:170060,0.1385124021997818,21667
rxn:2:97024:170060,0.137616943854552,21667
rxn:2:137136:170060,0.137529745184142,21667
rxn:2:132131:170060,0.1372860467433929,21667
rxn:2:124198:67213,0.1367063630710948,21667
rxn:2:101450:170060,0.1347092159769751,21667
rxn:2:114168:169412,0.1342297127613654,21667
rxn:2:114592:169412,0.1319381086914627,21667
rxn:2:90598:142183,0.1306997701525688,21667
rxn:2:130209:170060,0.1305984683610775,21667
rxn:2:141397:98332,0.127950519323349,21667
rxn:2:150747:126659,0.1245385660574986,21667
rxn:2:80661:142183,0.120851706713438,21667
rxn:2:88212:142183,0.1571506947278976,21668
rxn:2:88848:170060,0.1520033280054728,21668
rxn:2:139656:70192,0.150071141620477,21668
rxn:2:160401:156984,0.1476324056425402,21668
rxn:2:98749:171231,0.1474856180804116,21668
rxn:2:127204:168989,0.1471172523285661,21668
rxn:2:79984:173089,0.1460249709586302,21668
rxn:2:104755:154103,0.1452942105631033,21668
rxn:2:125916:170060,0.1436538318028817,21668
rxn:2:100083:170060,0.1433817004715954,21668
rxn:1:60111:2190,0.1425941613587466,21668
rxn:2:76638:170060,0.1424751102924347,21668
rxn:2:73728:111125,0.1407023437321186,21668
rxn:2:65963:170060,0.1396250191789407,21668
rxn:2:94862:170060,0.138643187781175,21668
rxn:2:128000:169412,0.1379056624744249,21668
rxn:2:139798:150277,0.136957785487175,21668
rxn:2:72371:142183,0.1364372491836547,21668
rxn:2:128738:169412,0.1358279657584649,21668
rxn:2:109392:170060,0.1357328506807486,21668
rxn:2:95795:108959,0.1336529335627953,21668
rxn:2:87065:170060,0.1324722016299212,21668
rxn:2:110352:85892,0.1320573428743764,21668
rxn:2:141397:111441,0.1302632470925649,21668
rxn:2:68784:169412,0.1301798925355629,21668
rxn:2:124422:170060,0.1267503817444262,21668
rxn:2:94309:142183,0.1247894465923309,21668
rxn:2:66658:97346,0.1158751242217563,21668
rxn:2:141397:109872,0.10526740444558,21668
rxn:2:141397:82393,0.15084335009257,21669
rxn:2:117148:142183,0.1461665669554158,21669
rxn:2:86811:169412,0.1461512928207715,21669
rxn:2:72890:102419,0.1458640789985656,21669
rxn:2:141397:171784,0.1456652527505701,21669
rxn:2:135058:170060,0.1455417741090059,21669
rxn:1:45220:38380,0.1454839690735465,21669
rxn:2:115896:83817,0.1449159114133744,21669
rxn:2:125447:171231,0.1446897880784396,21669
rxn:2:97063:169739,0.1425009268735136,21669
rxn:2:92426:170060,0.1419270220730039,21669
rxn:2:108076:140099,0.1416849434375763,21669
rxn:2:140051:169412,0.14113596241389,21669
rxn:2:137922:170060,0.1401888758971773,21669
rxn:2:87923:142183,0.1396483065266358,21669
rxn:2:70238:97346,0.13964713297107,21669
rxn:2:77560:172375,0.1383953317999839,21669
rxn:2:103624:152446,0.137924979130427,21669
rxn:2:87382:116404,0.137878032028675,21669
rxn:2:104688:171460,0.1365842932257159,21669
rxn:2:141397:152226,0.1363540072190134,21669
rxn:2:88266:170060,0.1358416635414649,21669
rxn:2:84123:170668,0.135478068281103,21669
rxn:2:142139:169412,0.1343228645898677,21669
rxn:2:91717:133871,0.1335787496396473,21669
rxn:2:68710:170060,0.1335158640784876,21669
rxn:2:141544:170060,0.1320600306987762,21669
rxn:2:141238:94314,0.1319881023272224,21669
rxn:2:106818:142183,0.1311529939994216,21669
rxn:2:130128:170060,0.12948232347315,21669
rxn:2:129587:170060,0.1290666266129567,21669
rxn:2:92937:142183,0.1270508459385703,21669
rxn:2:97024:137603,0.1251173127781261,21669
rxn:2:83170:170060,0.1214829064332521,21669
rxn:2:81212:130267,0.1532080173492431,21670
rxn:2:99849:171231,0.1512487525386469,21670
rxn:2:139310:169412,0.1494678998434985,21670
rxn:2:149481:169412,0.1474563758219442,21670
rxn:2:85637:169412,0.1472348173459371,21670
rxn:2:110352:172397,0.1454334913388542,21670
rxn:2:150747:150277,0.1452461856026803,21670
rxn:2:71980:170026,0.1444379463791847,21670
rxn:2:141695:170060,0.1432682082608894,21670
rxn:2:79379:170060,0.1429811114514315,21670
rxn:2:91447:171231,0.142803030985373,21670
rxn:2:105340:170235,0.1422995233535766,21670
rxn:2:142033:170913,0.1405839721361796,21670
rxn:2:105340:171682,0.1399219775641406,21670
rxn:2:128000:170813,0.1384591123572102,21670
rxn:2:99048:170060,0.1383728940899555,21670
rxn:2:92749:130267,0.1383171554873971,21670
rxn:2:78809:102373,0.1378563358025117,21670
rxn:2:97900:140099,0.1377751190554011,21670
rxn:2:89509:172751,0.1373447229464848,21670
rxn:2:66879:142183,0.1367014721035957,21670
rxn:2:164588:142183,0.1351536628272798,21670
rxn:2:133008:170235,0.1351140603423118,21670
rxn:2:95355:170060,0.1342941642953799,21670
rxn:2:130225:169305,0.1338836361582462,21670
rxn:1:41918:39124,0.1336238365620374,21670
rxn:2:125874:169412,0.1323245406150817,21670
rxn:2:101616:170060,0.1318771196850414,21670
rxn:2:77440:172751,0.1302978485822677,21670
rxn:2:74972:170060,0.1276258761468141,21670
rxn:2:75557:170060,0.1253095418214798,21670
rxn:2:133392:170060,0.1246198438681089,21670
rxn:2:142071:142183,0.1126386193292481,21670
rxn:2:127785:70192,0.1490669935941696,21671
rxn:2:160401:170060,0.1470202462327096,21671
rxn:2:72890:170411,0.1450506629688399,21671
rxn:2:135573:169412,0.1447719379707619,21671
rxn:2:92749:155104,0.1444435169299443,21671
rxn:2:152434:139886,0.1442920390901894,21671
rxn:2:117725:97346,0.1438796463711508,21671
rxn:2:77560:170813,0.1437244908167765,21671
rxn:2:126669:142183,0.1435705333948135,21671
rxn:2:92382:171179,0.1435140743851661,21671
rxn:2:148874:142183,0.1431391714584259,21671
rxn:2:109607:169305,0.1431231452868535,21671
rxn:2:132373:170060,0.1428982496261596,21671
rxn:2:97980:152446,0.1426873064853928,21671
rxn:2:118433:170026,0.1418628122272162,21671
rxn:2:141397:115335,0.1411722027941754,21671
rxn:2:122723:170060,0.1407989859580993,21671
rxn:2:139808:94314,0.1397715849535805,21671
rxn:2:89237:172317,0.1394842278498869,21671
rxn:2:76425:170060,0.1388084846735,21671
rxn:2:141397:172226,0.1374538520520383,21671
rxn:2:110352:166392,0.1362242737883015,21671
rxn:2:77962:142183,0.1360895027716954,21671
rxn:2:141238:170060,0.1349604157386003,21671
rxn:2:91097:171231,0.1347761111600058,21671
rxn:2:97900:148477,0.1345746535062789,21671
rxn:2:114429:170060,0.1343757118339892,21671
rxn:2:114592:170060,0.1332162646231827,21671
rxn:2:87065:169412,0.1311268403574272,21671
rxn:2:141397:152462,0.1310219310224056,21671
rxn:2:70378:102419,0.1290392643213272,21671
rxn:2:97543:170060,0.126063609495759,21671
rxn:2:162493:111147,0.1239201751138482,21671
rxn:2:97024:96010,0.1088448652754659,21671
rxn:2:66784:170026,0.1495290347214402,21672
rxn:2:92382:73940,0.1478309027022785,21672
rxn:2:135573:170235,0.147797071728213,21672
rxn:2:79984:171179,0.1453516068665877,21672
rxn:2:104748:173089,0.1431412333250045,21672
rxn:2:120365:96187,0.1428913040005642,21672
rxn:2:169973:142183,0.1420041756196455,21672
rxn:2:113721:170235,0.1418650756279627,21672
rxn:2:130089:152446,0.1408590674400329,21672
rxn:2:96163:170813,0.1402942427882441,21672
rxn:2:114934:170060,0.1396924858291943,21672
rxn:2:89509:170026,0.1391303933092526,21672
rxn:2:141544:170913,0.1383559102261508,21672
rxn:2:85110:170060,0.1382393139813627,21672
rxn:2:130128:172375,0.1382279934791418,21672
rxn:2:140051:170060,0.1382110470107623,21672
rxn:2:129306:170060,0.137874897983339,21672
rxn:2:137534:88359,0.1374853985465091,21672
rxn:2:158967:142183,0.1363578509343297,21672
rxn:2:76644:142183,0.1360811282481465,21672
rxn:2:92382:169412,0.1357473162087527,21672
rxn:2:88157:170060,0.1356644119535173,21672
rxn:2:94771:147222,0.135089649454407,21672
rxn:2:74199:170060,0.1347849190235138,21672
rxn:2:97024:67845,0.1347463476386937,21672
rxn:2:104678:170060,0.1339751443377247,21672
rxn:1:59830:28813,0.1331943285961945,21672
rxn:2:97900:96010,0.1314609782262282,21672
rxn:2:82511:170060,0.1311732679605484,21672
rxn:2:73951:156984,0.1274974681437015,21672
rxn:2:141397:171847,0.1271673235155287,21672
rxn:2:150747:78538,0.1238094185079847,21672
rxn:2:162493:141988,0.1222028072391237,21672
rxn:2:160401:112875,0.1154549783812119,21672
rxn:2:100318:88103,0.149418273851985,21673
rxn:2:108076:88103,0.1493987180292606,21673
rxn:2:139659:170060,0.147621300485399,21673
rxn:2:135134:79735,0.1473116893321275,21673
rxn:2:87579:169412,0.1471420024280195,21673
rxn:2:125578:169412,0.1470698138078053,21673
rxn:2:130401:170060,0.1468474401368035,21673
rxn:2:92382:172375,0.1444812497267356,21673
rxn:2:117046:170892,0.1431374497711658,21673
rxn:2:81212:173095,0.1430235363188244,21673
rxn:2:82490:170060,0.1427529376965982,21673
rxn:2:108432:169412,0.1414866572618484,21673
rxn:2:127204:171180,0.1406863044415201,21673
rxn:2:86811:95623,0.1405373295912375,21673
rxn:2:111985:172189,0.1398226315224612,21673
rxn:2:92382:173016,0.1397417690604925,21673
rxn:2:74082:172375,0.1384680730104446,21673
rxn:2:76009:68807,0.1382348334789276,21673
rxn:2:141397:172441,0.1381817324595017,21673
rxn:2:139310:170060,0.1369129441402576,21673
rxn:2:85637:170060,0.1366505386928717,21673
rxn:2:72890:169666,0.1346265694190715,21673
rxn:2:65967:170060,0.1337537206709385,21673
rxn:2:73585:170668,0.133569911122322,21673
rxn:2:87971:87790,0.1330175143480301,21673
rxn:2:76822:170913,0.1324213469028473,21673
rxn:2:127440:170060,0.1322519921443679,21673
rxn:2:108432:172751,0.1310701519250869,21673
rxn:2:70925:170060,0.1305108771280006,21673
rxn:1:65306:28813,0.1254871915216031,21673
rxn:2:83170:96010,0.1248628561911375,21673
rxn:2:125751:70192,0.1245608499104326,21673
rxn:2:104604:142183,0.1219936348497867,21673
rxn:1:65685:723,0.1151199673230831,21673
rxn:2:167169:108959,0.1131530244041372,21673
rxn:2:92660:169412,0.1514798759349755,21674
rxn:2:141397:144761,0.1509517207741737,21674
rxn:2:120985:170060,0.1502159272631009,21674
rxn:2:109607:171231,0.14959895496185,21674
rxn:2:76089:170060,0.1475572341254779,21674
rxn:2:135573:170060,0.1470262264763867,21674
rxn:2:120971:169412,0.1452657225040289,21674
rxn:2:141397:172105,0.1439564255150881,21674
rxn:2:79495:169412,0.1418822993125234,21674
rxn:2:79379:171231,0.1418818065832401,21674
rxn:2:66358:171179,0.1413083884578484,21674
rxn:2:122351:171231,0.1409573691586653,21674
rxn:2:110352:73049,0.1405876008793711,21674
rxn:1:42029:28813,0.1401947951316833,21674
rxn:1:42018:28813,0.1401357543468475,21674
rxn:2:150679:142183,0.1394460141658783,21674
rxn:2:66959:172189,0.138986356299499,21674
rxn:2:140908:143698,0.1388822878184525,21674
rxn:2:110352:171492,0.1388313204050064,21674
rxn:2:167905:142183,0.1372381331104981,21674
rxn:2:78025:142183,0.1362955041229724,21674
rxn:2:128000:170060,0.13587319591771,21674
rxn:2:83604:134317,0.1357295536681225,21674
rxn:2:125874:170060,0.1356844370563825,21674
rxn:1:65123:28813,0.1326696932315826,21674
rxn:2:141290:169412,0.1325306969660299,21674
rxn:2:101914:170060,0.1321437254548073,21674
rxn:2:78725:97563,0.1321071731416802,21674
rxn:2:158858:112875,0.1313353914480943,21674
rxn:2:104688:170060,0.1309616615374883,21674
rxn:2:136346:170060,0.1290058349740916,21674
rxn:2:81673:169305,0.1257853413170034,21674
rxn:2:85757:112875,0.1193220466375351,21674
rxn:2:141497:172751,0.1189076327360593,21674
rxn:2:78032:70192,0.0850045437875546,21674
rxn:1:60111:2025,0.1529468310376008,21675
rxn:1:41805:39052,0.1498889606446027,21675
rxn:2:95370:169412,0.1497536172469457,21675
rxn:2:111346:113826,0.1471019652874573,21675
rxn:2:117633:142183,0.146678806344668,21675
rxn:2:73951:152446,0.1454629655927419,21675
rxn:2:158858:96010,0.1430835404566356,21675
rxn:2:77560:169810,0.1427167929135836,21675
rxn:2:128000:170026,0.1426605996158388,21675
rxn:2:117241:170026,0.1420702774976862,21675
rxn:2:124805:170060,0.1420294825847332,21675
rxn:2:109607:173089,0.1408843731880187,21675
rxn:2:119211:152446,0.1404760209498582,21675
rxn:2:122055:170060,0.1404172808959566,21675
rxn:2:107531:171648,0.1396002419616865,21675
rxn:2:166744:142183,0.136577295511961,21675
rxn:1:65013:28813,0.1361332765469948,21675
rxn:2:167592:170060,0.1356624990701675,21675
rxn:2:77202:171231,0.1355724489247357,21675
rxn:2:119168:130974,0.1350047034025192,21675
rxn:2:74737:170060,0.1338577983634812,21675
rxn:2:76236:170060,0.133786831436486,21675
rxn:2:70378:169666,0.1336768711435383,21675
rxn:1:63757:28813,0.1335264357427756,21675
rxn:2:105765:170235,0.1320043812905039,21675
rxn:2:146234:142183,0.1317293395598729,21675
rxn:2:114665:142183,0.1314970254898071,21675
rxn:2:89509:170060,0.1281905757884184,21675
rxn:2:116191:87151,0.1280751565228337,21675
rxn:2:114204:170060,0.1278146717410821,21675
rxn:2:124198:128669,0.1258072639289109,21675
rxn:2:87625:170813,0.1240790427795478,21675
rxn:2:66907:142183,0.1237221276387572,21675
rxn:2:88299:91582,0.1455584574829448,21676
rxn:2:97063:107408,0.1453976652451923,21676
rxn:2:102230:171231,0.1432407673980508,21676
rxn:2:150990:142183,0.1429376807950791,21676
rxn:2:70962:170060,0.1426820330045841,21676
rxn:2:120985:169412,0.1426746353507041,21676
rxn:2:141397:97264,0.1422058226806777,21676
rxn:2:102094:142183,0.1419622236862778,21676
rxn:2:171916:142183,0.1416061500256711,21676
rxn:2:141397:150431,0.1415707506239414,21676
rxn:2:97543:88359,0.1402103175287661,21676
rxn:2:69022:171231,0.1393017774181706,21676
rxn:2:90327:169739,0.1384732435856547,21676
rxn:2:167169:139886,0.1376676625675625,21676
rxn:1:41805:3819,0.1368309361860156,21676
rxn:2:116427:170235,0.1365510534357141,21676
rxn:2:150747:170060,0.1350577736894289,21676
rxn:2:97024:97346,0.1342578480641047,21676
rxn:2:97145:142183,0.1340292347595095,21676
rxn:2:137960:170060,0.1333516327471568,21676
rxn:1:43756:28813,0.1319428968429565,21676
rxn:2:122723:113826,0.1318817419501451,21676
rxn:2:124198:88532,0.1305630227381532,21676
rxn:2:131506:170892,0.126494912997536,21676
rxn:2:96388:170060,0.1257586656854702,21676
rxn:2:78560:170060,0.1248067474365234,21676
rxn:2:110352:170999,0.1244123977693644,21676
rxn:2:76089:169412,0.120944186512913,21676
rxn:2:85823:170060,0.1206330467875187,21676
rxn:2:69232:112875,0.1197139449417591,21676
rxn:2:116191:109382,0.1162237518213012,21676
rxn:2:91447:170060,0.115867063999176,21676
rxn:2:98544:142183,0.1022816580884597,21676
rxn:2:156132:142183,0.1524024501442909,21677
rxn:2:65837:169412,0.1490930902957916,21677
rxn:2:171940:142183,0.1455562606453895,21677
rxn:2:100246:171231,0.1441875658929348,21677
rxn:2:114522:96010,0.1436611774067084,21677
rxn:2:138365:171231,0.1436081508110309,21677
rxn:2:94771:171492,0.1433597220026928,21677
rxn:2:92382:169305,0.1405820517490307,21677
rxn:2:83604:171492,0.1404934721914204,21677
rxn:2:110352:170026,0.1404356515925863,21677
rxn:2:66657:170060,0.1402557353888239,21677
rxn:2:77560:171246,0.1399888035196524,21677
rxn:2:87579:170060,0.1394568477515821,21677
rxn:2:97024:113546,0.1375628635287284,21677
rxn:2:67380:170060,0.1369411040996683,21677
rxn:2:86297:70192,0.136840833723545,21677
rxn:2:69401:169810,0.1366892044360821,21677
rxn:1:45229:3433,0.1365928593136015,21677
rxn:2:117954:142183,0.1361945639638339,21677
rxn:2:79495:170060,0.1340343446603843,21677
rxn:2:81194:170060,0.1327286468398186,21677
rxn:2:141397:118142,0.1310396641492843,21677
rxn:1:41916:31609,0.1304299914836883,21677
rxn:2:122668:169412,0.1298291534185409,21677
rxn:2:68618:76379,0.1290980747767857,21677
rxn:2:136934:142183,0.127379955848058,21677
rxn:2:110097:169305,0.1254539750516414,21677
rxn:2:106136:70812,0.124463881055514,21677
rxn:2:77560:172751,0.1231551653146743,21677
rxn:2:141397:125758,0.1214007447163264,21677
rxn:2:110352:171423,0.1193238781257109,21677
rxn:2:114485:112875,0.1188693723895333,21677
rxn:2:132329:142183,0.1718766570091247,21678
rxn:1:60111:3886,0.1551961560140956,21678
rxn:2:71980:170813,0.1479800822479384,21678
rxn:2:86811:170060,0.1456781233350436,21678
rxn:2:104030:170060,0.1420792209414335,21678
rxn:2:102522:170060,0.1408216458346162,21678
rxn:2:74972:172733,0.1392915255349615,21678
rxn:2:127440:172388,0.1391210931318777,21678
rxn:2:76617:170060,0.1379000434169063,21678
rxn:2:129587:170411,0.1368806388761315,21678
rxn:2:131711:170801,0.1365450067179543,21678
rxn:2:141397:169856,0.1365107262835783,21678
rxn:2:83604:172631,0.1362183584521214,21678
rxn:2:111346:70192,0.135907390843267,21678
rxn:2:92382:170060,0.1357913924889131,21678
rxn:2:110352:111828,0.1350288265629818,21678
rxn:2:86071:112875,0.1343439757823944,21678
rxn:2:112830:170060,0.1326371850790801,21678
rxn:2:115966:170060,0.1316925857378089,21678
rxn:2:81212:172893,0.1301643457263708,21678
rxn:2:77560:170060,0.1293205388567664,21678
rxn:2:97063:170060,0.1290237361192703,21678
rxn:2:104271:122855,0.1274471913392727,21678
rxn:2:126579:127577,0.1211460096680599,21678
rxn:2:76322:90126,0.1208230745792389,21678
rxn:2:89554:120822,0.1204087645919234,21678
rxn:2:110352:70192,0.1200856566429138,21678
rxn:2:77440:159185,0.1509291589260101,21679
rxn:2:122351:88396,0.1499207019805908,21679
rxn:2:122923:169412,0.1483223870396613,21679
rxn:2:117045:120822,0.147599546805672,21679
rxn:2:129587:169412,0.1472274162448369,21679
rxn:2:139637:171246,0.1469370827630714,21679
rxn:2:124847:142183,0.1463361009955406,21679
rxn:2:92382:141195,0.145241638024648,21679
rxn:2:105863:170813,0.1451701963389361,21679
rxn:2:131711:171180,0.1450056933930942,21679
rxn:2:99048:169412,0.1449335074195495,21679
rxn:2:125739:94314,0.143331652102263,21679
rxn:2:72203:142183,0.1431197902330985,21679
rxn:2:141555:94314,0.1416039097088354,21679
rxn:2:89509:171492,0.1412739545106888,21679
rxn:2:93104:170060,0.1408525476498263,21679
rxn:2:122723:169412,0.140507193474934,21679
rxn:2:76822:168989,0.1394124082647837,21679
rxn:2:141290:170060,0.139010488986969,21679
rxn:2:110352:170954,0.1373983472585678,21679
rxn:2:130128:152446,0.1361713693900542,21679
rxn:2:144681:120181,0.1359182191746575,21679
rxn:2:116706:152446,0.1356730163097381,21679
rxn:2:78725:171231,0.1350016879538695,21679
rxn:2:92018:170892,0.1343785946567853,21679
rxn:2:139209:143624,0.1282172758470882,21679
rxn:2:104748:120822,0.1270801675590601,21679
rxn:2:65837:170060,0.1262828075885772,21679
rxn:2:77560:120822,0.1247959040105342,21679
rxn:2:132946:170668,0.1225969246946848,21679
rxn:2:100318:169412,0.1191173649082581,21679
rxn:2:77780:112875,0.1029278486967086,21679
rxn:2:88848:169412,0.1535381316034882,21680
rxn:2:105267:170060,0.1472621657725038,21680
rxn:2:74393:170892,0.1470287042585286,21680
rxn:2:75212:169305,0.1465096301757372,21680
rxn:2:137734:170060,0.1460923018126652,21680
rxn:2:77719:170060,0.1452827310332885,21680
rxn:2:141847:146828,0.1449320522092637,21680
rxn:2:83484:146828,0.1443880261345343,21680
rxn:2:70555:170411,0.1443318313565747,21680
rxn:2:107833:142183,0.1431422672337955,21680
rxn:2:74393:171231,0.1421634840965271,21680
rxn:2:123716:170060,0.1416744298261144,21680
rxn:2:130128:170813,0.1406355815438124,21680
rxn:2:117485:171231,0.1400513577050176,21680
rxn:2:73951:170999,0.1392848789691925,21680
rxn:2:131711:171179,0.1385974478721618,21680
rxn:1:65013:31609,0.1373812718235928,21680
rxn:2:101840:142183,0.1363849067374279,21680
rxn:2:84871:127220,0.1363345861434936,21680
rxn:2:108432:171231,0.1359799697443291,21680
rxn:2:124198:97710,0.135264362801205,21680
rxn:2:167169:120181,0.1332133809725443,21680
rxn:2:141819:172751,0.1330239762152944,21680
rxn:2:114485:170060,0.1329192513668978,21680
rxn:2:105340:156984,0.130665176588556,21680
rxn:2:114213:169305,0.128378095626831,21680
rxn:2:134698:117056,0.127575712899367,21680
rxn:1:64917:28813,0.1244665297369162,21680
rxn:2:74393:91563,0.1202362463587806,21680
rxn:2:92462:142183,0.1192816803231835,21680
rxn:2:168920:142183,0.0652127299043867,21680
rxn:2:158617:142183,0.1545317874235265,21681
rxn:2:66636:169412,0.1525984801675962,21681
rxn:2:78535:120822,0.1467942181560728,21681
rxn:2:82050:172618,0.1452494147031203,21681
rxn:2:68805:88103,0.1446887803348628,21681
rxn:2:142033:171231,0.1435287353538331,21681
rxn:2:92382:170813,0.142702226455395,21681
rxn:2:75149:171231,0.1424358898195727,21681
rxn:2:137085:142183,0.1414232916302151,21681
rxn:2:75149:169412,0.1410310478122146,21681
rxn:2:139686:170060,0.1407089906710165,21681
rxn:2:162493:120181,0.1405805642051356,21681
rxn:2:76625:120822,0.1400834545493126,21681
rxn:2:72890:171231,0.1392584980598517,21681
rxn:2:73951:171492,0.1390048658847809,21681
rxn:2:150747:169412,0.1387059142192205,21681
rxn:2:133307:172751,0.1384844597842958,21681
rxn:2:92749:172893,0.1369554164508978,21681
rxn:2:69951:142183,0.1368509521707892,21681
rxn:2:122923:150277,0.1360722232249475,21681
rxn:2:84668:169305,0.1356941570456211,21681
rxn:2:79834:169412,0.1353119164705276,21681
rxn:2:107531:120822,0.1342209974924723,21681
rxn:2:90290:142183,0.1328131205269268,21681
rxn:2:110352:110334,0.1326201800256967,21681
rxn:2:88848:96010,0.1311250124126672,21681
rxn:2:88299:169412,0.1310595500248449,21681
rxn:2:78481:152446,0.1282865935564041,21681
rxn:2:78366:169412,0.1275622778468662,21681
rxn:2:75620:169412,0.1253611129522323,21681
rxn:2:112079:169412,0.1249252861099583,21681
rxn:2:167169:111147,0.1244476211291772,21681
rxn:2:116191:70812,0.1197438440893007,21681
rxn:2:167169:76379,0.1463039611224775,21682
rxn:2:100318:146828,0.1450805366039276,21682
rxn:2:93644:159185,0.1435460321605205,21682
rxn:2:83604:169729,0.1426490677090791,21682
rxn:2:113732:151136,0.1424981653690338,21682
rxn:2:92382:159185,0.1415672734379768,21682
rxn:2:141397:171956,0.1412242168471926,21682
rxn:2:69022:171180,0.1409866748184993,21682
rxn:2:171783:142183,0.140923454680226,21682
rxn:2:131003:78104,0.1408754885196685,21682
rxn:2:87971:110334,0.1407960432767868,21682
rxn:2:108186:169412,0.1403959651788076,21682
rxn:2:110352:152446,0.1399414217785785,21682
rxn:2:107485:142183,0.1398977025559074,21682
rxn:2:128825:96010,0.1398064819249239,21682
rxn:2:102928:152446,0.1385034823959524,21682
rxn:2:139209:173095,0.1367193724621425,21682
rxn:2:120365:91582,0.1363681164525804,21682
rxn:2:140908:171231,0.1352505937770561,21682
rxn:2:140074:170813,0.1351346687546798,21682
rxn:2:70378:171231,0.1350828994597707,21682
rxn:2:141397:167133,0.1349624676836861,21682
rxn:2:118433:172189,0.1343822159149028,21682
rxn:2:125032:142183,0.1329254766828135,21682
rxn:2:77780:170060,0.1321803658054425,21682
rxn:2:76236:169412,0.1313396805319292,21682
rxn:2:120564:173016,0.1303711621849625,21682
rxn:2:76360:171231,0.128254056509052,21682
rxn:2:71188:170060,0.1275337256234267,21682
rxn:2:67200:169412,0.1253219278795378,21682
rxn:1:41869:39124,0.125283932313323,21682
rxn:2:97543:156984,0.122676528369387,21682
rxn:2:134698:138958,0.1095648753643036,21682
rxn:1:58690:3433,0.1079919185293348,21682
rxn:2:79392:102419,0.1559016782045364,21683
rxn:2:92623:83817,0.1500494579474131,21683
rxn:2:73576:170411,0.1498148047498294,21683
rxn:2:131953:170502,0.147084866464138,21683
rxn:2:141397:166766,0.1437991755573373,21683
rxn:2:90771:169412,0.1437435805797577,21683
rxn:2:141847:171331,0.1435770311703284,21683
rxn:2:120823:169412,0.1434896130646978,21683
rxn:2:139637:169412,0.1414115675117658,21683
rxn:2:104688:171492,0.1413069713328565,21683
rxn:2:132350:171231,0.1412525807435696,21683
rxn:2:130401:169412,0.1402844985326131,21683
rxn:2:113822:170060,0.1382855949578461,21683
rxn:2:77472:108959,0.1379746311902999,21683
rxn:2:105267:169412,0.1379265831462268,21683
rxn:2:69444:97346,0.1364989286219632,21683
rxn:2:131711:172751,0.1358342729508876,21683
rxn:2:139469:142183,0.1349991876631975,21683
rxn:2:141397:172265,0.1348615288734436,21683
rxn:2:138805:171231,0.1346120119094848,21683
rxn:2:77440:173095,0.1340764462947845,21683
rxn:2:97858:169305,0.1330905659840657,21683
rxn:2:139637:171231,0.1329511845111846,21683
rxn:2:141397:160558,0.1320025771856308,21683
rxn:2:84715:142183,0.1307020356257756,21683
rxn:2:85757:102373,0.1305029446428472,21683
rxn:2:141397:110041,0.130032690508025,21683
rxn:2:141397:90501,0.1267484184354543,21683
rxn:2:107531:91563,0.1247706853208087,21683
rxn:2:104748:169412,0.124536824102203,21683
rxn:1:61827:39051,0.1116418084129691,21683
rxn:2:116949:171231,0.1504195375101907,21684
rxn:2:109983:142183,0.1496084610621134,21684
rxn:2:76625:172189,0.1486832174871649,21684
rxn:2:78560:173089,0.145828739954875,21684
rxn:2:137734:169412,0.1446337622815165,21684
rxn:2:132946:171231,0.1443213757414084,21684
rxn:2:95380:155734,0.1442563298803109,21684
rxn:2:141238:169412,0.1438765498223128,21684
rxn:2:67187:171179,0.1437180638313293,21684
rxn:2:142033:173079,0.142338752746582,21684
rxn:2:110352:171605,0.1420041133056987,21684
rxn:2:138076:169305,0.141918601324925,21684
rxn:2:97063:85686,0.1417047991639091,21684
rxn:2:100451:95801,0.1396351003398498,21684
rxn:2:68710:169412,0.1396249144205025,21684
rxn:2:128024:168989,0.1394028039994063,21684
rxn:2:124198:88106,0.1391304609450427,21684
rxn:2:79270:169412,0.1388604509142729,21684
rxn:2:75948:169305,0.1376290682416696,21684
rxn:2:124198:95801,0.1375732403248548,21684
rxn:2:152434:108959,0.1370191481606713,21684
rxn:2:104080:142183,0.1364932515119251,21684
rxn:2:101355:94543,0.1358901858329773,21684
rxn:2:66636:170060,0.1350705882777338,21684
rxn:2:101355:114519,0.1348559602543159,21684
rxn:2:128024:171180,0.1338551232108363,21684
rxn:2:146036:150277,0.1328191217035055,21684
rxn:2:136996:170060,0.1326590205232302,21684
rxn:2:74972:173095,0.1304002932526848,21684
rxn:2:133522:169412,0.1291462663147184,21684
rxn:2:141238:171231,0.1273391529403884,21684
rxn:2:101355:96514,0.1250856942855394,21684
rxn:2:97543:173089,0.1215440070629119,21684
rxn:2:101355:120181,0.1139087722851679,21684
rxn:2:105568:161103,0.1111218804121017,21684
rxn:2:160401:97264,0.1072580483224656,21684
rxn:2:105196:142183,0.158720446860089,21685
rxn:2:166241:108959,0.1538380661915088,21685
rxn:2:77560:169594,0.1504675949161703,21685
rxn:2:135058:169305,0.1497010519871345,21685
rxn:2:101433:173089,0.148696881921395,21685
rxn:2:94862:169810,0.146747352289302,21685
rxn:2:120564:170060,0.1451713591814041,21685
rxn:2:125739:169412,0.1449443074288191,21685
rxn:1:46574:3819,0.1431513090928395,21685
rxn:2:99048:171231,0.1416074399437223,21685
rxn:2:162493:76379,0.140118196606636,21685
rxn:2:129993:169412,0.1397551798820495,21685
rxn:2:130128:169366,0.1393441953338109,21685
rxn:2:101969:94314,0.1391901278495788,21685
rxn:2:92382:111053,0.1388895296388202,21685
rxn:2:103216:171231,0.1383191845540342,21685
rxn:2:113889:87722,0.1382657926190983,21685
rxn:2:78484:112875,0.1366039540456688,21685
rxn:2:75212:172893,0.1365066377016214,21685
rxn:2:94771:170913,0.1363754508395989,21685
rxn:2:101355:139886,0.1354398458049847,21685
rxn:2:130401:172189,0.1349692611858762,21685
rxn:2:117571:70192,0.1349490480987649,21685
rxn:2:101160:172375,0.1327304685115814,21685
rxn:2:126873:70192,0.1325769095044387,21685
rxn:2:110097:88396,0.1320507952145168,21685
rxn:2:117045:169412,0.1313393533229828,21685
rxn:2:135305:142183,0.1310323993949329,21685
rxn:2:139105:137603,0.1295974857427857,21685
rxn:2:101355:169777,0.1241732016205787,21685
rxn:2:69619:104467,0.1237478351593017,21685
rxn:2:99667:142183,0.1189802214503288,21685
rxn:2:138365:169412,0.1175774175811696,21685
rxn:2:129306:169666,0.1528302684426307,21686
rxn:2:76638:171231,0.1482660135737172,21686
rxn:2:160195:142183,0.1477623693645,21686
rxn:2:76939:169305,0.1475596074014902,21686
rxn:2:131953:171231,0.1469065562954971,21686
rxn:2:79392:84335,0.1458618342876434,21686
rxn:1:46574:723,0.1451136091580757,21686
rxn:2:103903:170060,0.1425382735637518,21686
rxn:2:104030:150277,0.1407574139259479,21686
rxn:2:104030:169412,0.1403100284246298,21686
rxn:2:117661:142183,0.1393915579507225,21686
rxn:2:110055:126659,0.1391479195583434,21686
rxn:2:141397:169594,0.1386164377133051,21686
rxn:2:83178:169305,0.1382877166782106,21686
rxn:2:131953:169412,0.1375071108341217,21686
rxn:2:72890:171043,0.1372842711621317,21686
rxn:2:121629:170060,0.1367201236663041,21686
rxn:2:139209:169412,0.1366825473049412,21686
rxn:2:96838:171231,0.1362889695167541,21686
rxn:2:110352:159008,0.1360809214805302,21686
rxn:2:113875:170235,0.1351724112475359,21686
rxn:2:81585:152446,0.1344757446398337,21686
rxn:2:84871:170060,0.1341438793710299,21686
rxn:2:102636:170060,0.1319863966533116,21686
rxn:2:66636:173089,0.1313410823543866,21686
rxn:2:121443:169305,0.1294748609264691,21686
rxn:2:122341:152446,0.121681084036827,21686
rxn:2:127463:150277,0.1143672558768042,21686
rxn:2:114213:169412,0.1140425989161366,21686
rxn:2:139209:170060,0.1124551380458085,21686
rxn:2:126671:142183,0.0812010185586081,21686
rxn:2:112728:170892,0.147520383199056,21687
rxn:2:103739:169412,0.1458648317390018,21687
rxn:2:75557:171231,0.1423000060481789,21687
rxn:2:139686:169412,0.1421958958661114,21687
rxn:2:76360:169964,0.1420992087750207,21687
rxn:2:122568:169412,0.1419516847683833,21687
rxn:2:121277:170060,0.1408741176128387,21687
rxn:2:164315:170892,0.1408575953294833,21687
rxn:2:114934:169412,0.1406179640028211,21687
rxn:2:73585:170026,0.1405105960780176,21687
rxn:2:81680:102419,0.1402102915445963,21687
rxn:2:86811:120822,0.1401972344943455,21687
rxn:2:66657:169412,0.1398989040227163,21687
rxn:2:135668:70192,0.1397695216265591,21687
rxn:2:130128:169305,0.1393759581777784,21687
rxn:2:141397:93647,0.1376195016006628,21687
rxn:2:130523:152446,0.1368875956535339,21687
rxn:2:76625:170411,0.1361724734306335,21687
rxn:2:103624:171492,0.1352506136894226,21687
rxn:2:122055:169412,0.1347019672393798,21687
rxn:2:85630:170060,0.1346903516922468,21687
rxn:2:141397:156455,0.1338106647685722,21687
rxn:2:131974:170411,0.1332506104594185,21687
rxn:2:90138:169412,0.1321366900279198,21687
rxn:2:116949:169412,0.1311714358818836,21687
rxn:2:87876:67213,0.130086238637115,21687
rxn:2:74972:173089,0.1268251256810294,21687
rxn:2:97827:142183,0.1259565735474611,21687
rxn:2:82050:170892,0.124903444794641,21687
rxn:2:155192:142183,0.1222957289009763,21687
rxn:2:108049:112875,0.1125419976418478,21687
rxn:2:120564:171231,0.1578227066331439,21688
rxn:2:126873:112875,0.1535666330772287,21688
rxn:2:160401:169412,0.1515263943902907,21688
rxn:2:111985:171231,0.1490896967826066,21688
rxn:2:104011:122855,0.1457103670671068,21688
rxn:2:167260:170060,0.1452619931660592,21688
rxn:2:77397:170060,0.1447324128821492,21688
rxn:2:159419:98873,0.1442350688434782,21688
rxn:2:127751:169305,0.1436266273260116,21688
rxn:2:77560:159185,0.1432490065693855,21688
rxn:2:88326:172375,0.1425837806115547,21688
rxn:2:136172:172751,0.1424788706577741,21688
rxn:2:110352:172778,0.1423538696765899,21688
rxn:2:137922:169412,0.1418191497695857,21688
rxn:2:110765:170060,0.1412325157173748,21688
rxn:2:92749:171231,0.1404340459654728,21688
rxn:2:127440:172375,0.1397415777811637,21688
rxn:2:80704:98873,0.1384165607392788,21688
rxn:2:141397:109770,0.1380488705985686,21688
rxn:2:76625:113546,0.1356626891277053,21688
rxn:2:135811:171231,0.1355674520686821,21688
rxn:2:135915:169412,0.1353541154946599,21688
rxn:2:97900:173089,0.1353077802520532,21688
rxn:2:130477:102419,0.1344520424803097,21688
rxn:2:104011:124273,0.1333492269803737,21688
rxn:2:125751:172618,0.133172295987606,21688
rxn:2:124198:68909,0.1328578674793243,21688
rxn:2:74972:171231,0.1318141508102417,21688
rxn:2:101969:126659,0.1314197480678558,21688
rxn:2:72135:142183,0.1307763746008277,21688
rxn:2:139383:169851,0.1292595890937028,21688
rxn:2:83604:169366,0.1272750169038772,21688
rxn:2:158858:108959,0.1237494732652391,21688
rxn:2:96388:160916,0.1167267167568206,21688
rxn:2:116191:127577,0.1162046026438474,21688
rxn:2:74377:70812,0.1135452124087706,21688
rxn:2:74972:170502,0.1479195891707032,21689
rxn:2:141544:85686,0.1472708370004381,21689
rxn:2:92749:88103,0.1469163761327141,21689
rxn:2:73585:172189,0.1452005174424913,21689
rxn:2:67187:169305,0.144896410703659,21689
rxn:2:88848:170411,0.1438312391782629,21689
rxn:2:83579:169085,0.1427972689270973,21689
rxn:2:141397:88368,0.1422999650239944,21689
rxn:2:109607:172189,0.1422310930031996,21689
rxn:2:162493:68807,0.1412832545382636,21689
rxn:2:171414:142183,0.1393787264823913,21689
rxn:2:105340:169414,0.1391694949318965,21689
rxn:2:127440:171231,0.1382897521058718,21689
rxn:2:71745:170060,0.1382561907172203,21689
rxn:2:116427:97563,0.1377777382731437,21689
rxn:2:107651:169810,0.1367930626639953,21689
rxn:2:138606:169412,0.1362232863903045,21689
rxn:2:139105:172189,0.1360428924007075,21689
rxn:2:134454:169412,0.135970373566334,21689
rxn:2:141111:169412,0.1358504473016812,21689
rxn:2:74541:169305,0.1356481077342197,21689
rxn:2:97024:169412,0.1349048041380368,21689
rxn:2:103172:171231,0.1348814671409541,21689
rxn:2:113732:144172,0.1336623189541009,21689
rxn:2:66959:107716,0.1332048801360306,21689
rxn:2:77560:146828,0.1315518532480512,21689
rxn:2:126873:117558,0.1313322817578035,21689
rxn:2:96741:171231,0.1298677045106888,21689
rxn:2:134099:152446,0.1256414925058682,21689
rxn:2:87202:171179,0.1252633302162091,21689
rxn:2:145188:170892,0.1243498786803214,21689
rxn:2:83604:86454,0.1219945980442894,21689
rxn:2:156072:78538,0.109768764248916,21689
rxn:1:45229:29637,0.1509284282985486,21690
rxn:2:92382:172009,0.1504556647936503,21690
rxn:2:115896:170235,0.148028090412234,21690
rxn:2:135668:171231,0.1448142123811039,21690
rxn:2:90768:68807,0.1437068709305354,21690
rxn:2:141397:120822,0.1425226504604021,21690
rxn:2:105108:170060,0.1422577186297345,21690
rxn:2:129306:169412,0.1414777305391099,21690
rxn:2:122723:70192,0.1406676547649579,21690
rxn:2:125128:171231,0.1397019584973653,21690
rxn:2:94769:170235,0.1395543265616756,21690
rxn:2:75198:68807,0.1390363162961499,21690
rxn:2:116191:97264,0.1386281994805819,21690
rxn:2:130970:169412,0.1384124618310194,21690
rxn:2:134107:142183,0.1382674417997661,21690
rxn:2:97063:171231,0.1381573029506353,21690
rxn:2:139252:169305,0.1374435134423084,21690
rxn:2:97900:108959,0.1370650367303328,21690
rxn:2:107531:172575,0.1370222929083271,21690
rxn:2:122568:170060,0.1365402554854368,21690
rxn:2:111746:169412,0.1361292166474424,21690
rxn:2:130128:70192,0.1351026411642108,21690
rxn:2:116231:169412,0.1334822060149393,21690
rxn:2:118218:169412,0.1326568366467267,21690
rxn:2:92382:169400,0.1320841520121603,21690
rxn:2:126247:152446,0.1313826500633616,21690
rxn:2:87971:123403,0.1311875184377034,21690
rxn:2:113112:172189,0.1308699356658118,21690
rxn:2:86297:171246,0.1305081836971235,21690
rxn:2:93499:171231,0.1302896833714143,21690
rxn:2:93644:171460,0.1300867133670382,21690
rxn:2:114506:100719,0.1297415226697922,21690
rxn:2:100318:141195,0.1217749688936316,21690
rxn:2:76822:172751,0.1200727606431031,21690
rxn:2:87876:91582,0.1150300285172841,21690
rxn:2:141397:159720,0.1145685595624587,21690
rxn:1:41974:11753,0.1091801851403479,21690
rxn:2:141397:116388,0.1582191251218319,21691
rxn:2:92565:169305,0.1564421229637586,21691
rxn:2:81212:88103,0.1511137963909851,21691
rxn:2:172182:142183,0.1500662246888334,21691
rxn:2:73951:88103,0.1480904100906281,21691
rxn:2:120294:156984,0.1470232733658382,21691
rxn:2:77202:172189,0.1467608721167952,21691
rxn:2:95375:170060,0.1454832976063092,21691
rxn:2:121350:170060,0.1446053030399176,21691
rxn:2:79392:169666,0.1442532025534531,21691
rxn:2:131517:169412,0.142362686580625,21691
rxn:2:163272:142183,0.1421573114666071,21691
rxn:2:127751:171231,0.1419007492065429,21691
rxn:2:136457:142183,0.1417381655838754,21691
rxn:2:137706:170411,0.1406817883253097,21691
rxn:2:73851:142183,0.1403450573745526,21691
rxn:2:92926:152446,0.1396814769506454,21691
rxn:2:88919:169412,0.1380134858191013,21691
rxn:2:137136:169412,0.137776440587537,21691
rxn:2:101602:171231,0.1376425248605233,21691
rxn:2:131125:169305,0.1375251804237012,21691
rxn:2:87208:152446,0.1371619281443682,21691
rxn:2:66858:169412,0.1368673504502685,21691
rxn:2:128024:171231,0.1360727078639544,21691
rxn:2:112048:142183,0.1347950665574324,21691
rxn:2:102522:68807,0.1347717720270156,21691
rxn:2:141555:123403,0.1338558770992137,21691
rxn:2:100115:171231,0.1335581064224243,21691
rxn:2:83604:132436,0.1330266085110212,21691
rxn:2:141397:91582,0.1324725598096847,21691
rxn:2:105784:170060,0.1318061532718794,21691
rxn:2:114934:151136,0.1304005369544029,21691
rxn:2:66358:84335,0.1295111619613387,21691
rxn:2:121552:83817,0.1292307235692676,21691
rxn:2:110352:158874,0.1290023522941689,21691
rxn:2:135237:97346,0.105190546739669,21691
rxn:2:66303:169412,0.1512492590007328,21692
rxn:2:126579:141122,0.1441431533959176,21692
rxn:2:133180:170026,0.1440909379794273,21692
rxn:2:123459:170060,0.1438561266866223,21692
rxn:2:68805:133871,0.1434952535412528,21692
rxn:2:97063:172618,0.1430432051420211,21692
rxn:2:110352:149614,0.1426850452757718,21692
rxn:2:77440:171231,0.1423986131946245,21692
rxn:2:90691:170235,0.1423840920130411,21692
rxn:2:132005:170060,0.1411092366491045,21692
rxn:2:130225:170235,0.1406216216393006,21692
rxn:2:69232:81963,0.1380621041312362,21692
rxn:2:117045:170892,0.1380560124913851,21692
rxn:2:110342:170060,0.1378633010955084,21692
rxn:2:122474:169412,0.1377949550234038,21692
rxn:2:119211:169412,0.1377181580037246,21692
rxn:2:69022:170060,0.1367884568679027,21692
rxn:2:124177:171231,0.1364986045019967,21692
rxn:2:84233:170060,0.1364181130020706,21692
rxn:2:126471:170235,0.1349192673251742,21692
rxn:2:100318:107567,0.1347339910174173,21692
rxn:2:91885:70192,0.1342923855170225,21692
rxn:2:125751:169412,0.1339291763305664,21692
rxn:2:78560:171231,0.1330354478624132,21692
rxn:2:132946:170060,0.1329104370541043,21692
rxn:2:109614:150277,0.1327337594259352,21692
rxn:2:134454:170060,0.1324798938555595,21692
rxn:2:135535:171231,0.1322704235712687,21692
rxn:2:67187:92656,0.1321677014683232,21692
rxn:2:121629:169412,0.1320165697439217,21692
rxn:2:120564:170668,0.1319950097872887,21692
rxn:2:92382:172265,0.1284866350284521,21692
rxn:2:113672:169412,0.1253939984757223,21692
rxn:2:102522:141988,0.1217689108848571,21692
rxn:2:94771:172841,0.1216776876738577,21692
rxn:2:110352:118142,0.119274193710751,21692
rxn:2:66658:127577,0.1095703822979028,21692
rxn:2:92742:126659,0.0895159482955932,21692
rxn:2:92926:170235,0.1466476549336939,21693
rxn:2:67187:170813,0.1459923791296688,21693
rxn:2:91717:88103,0.1456569158841693,21693
rxn:2:106992:150277,0.1442230365894458,21693
rxn:2:81194:170892,0.1440659953488244,21693
rxn:2:118350:170813,0.1436904392072132,21693
rxn:2:109788:102419,0.1431418593724568,21693
rxn:2:91999:170235,0.1430745933737073,21693
rxn:2:95743:170026,0.1428936173518498,21693
rxn:2:119995:135410,0.1417327834212261,21693
rxn:2:120564:169412,0.1415987118085225,21693
rxn:2:73959:169412,0.1415967909495036,21693
rxn:2:72298:170060,0.1403963477523238,21693
rxn:1:45229:661,0.1397673832742791,21693
rxn:2:87579:169666,0.1394326143794589,21693
rxn:2:79984:169305,0.1394268234570821,21693
rxn:2:70925:123403,0.1384130750877269,21693
rxn:2:109895:169412,0.1383826803593408,21693
rxn:2:123716:169412,0.1382244220678357,21693
rxn:2:85858:170060,0.1380830105693861,21693
rxn:2:86811:106287,0.1379043745994567,21693
rxn:2:92382:88103,0.1374416278119672,21693
rxn:2:93644:171426,0.1367495407660802,21693
rxn:2:141397:65814,0.1367055438458919,21693
rxn:2:93644:171218,0.1351851481530401,21693
rxn:2:110352:83715,0.1341791258917914,21693
rxn:2:101450:169305,0.1339004726873503,21693
rxn:2:108728:172751,0.1307500313068258,21693
rxn:2:76896:91582,0.130638526244597,21693
rxn:2:100318:173095,0.1287651597589686,21693
rxn:2:125968:84335,0.1274162245833355,21693
rxn:2:100318:171231,0.1257119606702755,21693
rxn:2:141397:172767,0.1235236044515643,21693
rxn:2:92382:117186,0.1115233278742023,21693
rxn:2:141397:166934,0.1103541279832522,21693
rxn:2:88299:102373,0.1008108040643116,21693
rxn:2:126873:85300,0.0892378069736339,21693
rxn:2:136572:142183,0.0876560385028521,21693
rxn:2:132946:169412,0.1464113932516839,21694
rxn:2:87202:152446,0.1461908709671762,21694
rxn:2:91779:108959,0.1439170903629726,21694
rxn:2:123785:169412,0.1438164618280198,21694
rxn:2:73915:169085,0.1422912180423736,21694
rxn:2:134482:171231,0.1421119815263992,21694
rxn:2:76939:88103,0.1418475916511134,21694
rxn:2:121350:169412,0.1411447601440625,21694
rxn:2:103585:152446,0.1407072920174825,21694
rxn:2:136575:169412,0.1405403954642159,21694
rxn:2:106791:108959,0.1393255694707234,21694
rxn:2:85110:169412,0.1376252075036367,21694
rxn:2:94771:173095,0.1375187408356439,21694
rxn:2:69750:170235,0.1373632861508263,21694
rxn:2:93026:170235,0.1366581821147306,21694
rxn:2:100097:107408,0.1364494595262739,21694
rxn:2:95375:169412,0.1364060858885447,21694
rxn:2:105340:170502,0.1354197418248212,21694
rxn:2:133800:170060,0.133717669617562,21694
rxn:2:107531:170892,0.1333282364137245,21694
rxn:2:66304:112875,0.133209326201015,21694
rxn:2:124198:129753,0.1331865373584959,21694
rxn:2:140868:158071,0.1324632678713117,21694
rxn:2:73576:170502,0.131769890917672,21694
rxn:2:79984:172009,0.1316595039306543,21694
rxn:2:95380:156984,0.1287096310884524,21694
rxn:2:125198:88359,0.1282315064167631,21694
rxn:2:150747:68807,0.1281247183128639,21694
rxn:2:101355:105101,0.1279978293638963,21694
rxn:2:107651:172375,0.1267703114411769,21694
rxn:2:120294:169412,0.126027178906259,21694
rxn:2:141397:127577,0.1228950950834486,21694
rxn:2:84976:142183,0.1225893646478653,21694
rxn:2:67562:108959,0.1213865723365392,21694
rxn:2:110478:169412,0.1188109111454751,21694
rxn:2:114522:102419,0.1145028548362927,21694
rxn:2:141397:108959,0.110246189435323,21694
rxn:2:74377:95635,0.1094047584467464,21694
rxn:2:137510:112478,0.0292360385258992,21694
rxn:2:163791:80751,0.0097702175187758,21694
rxn:2:78711:104956,-0.004621314505736,21694
rxn:2:114506:154103,0.1486427749412647,21695
rxn:2:79178:170060,0.1462190774665482,21695
rxn:2:71745:123403,0.145445595949124,21695
rxn:2:132002:139570,0.1450403118133545,21695
rxn:2:140868:152446,0.1449826300880055,21695
rxn:2:98901:170060,0.1449005677376264,21695
rxn:2:134607:169666,0.1432695587476094,21695
rxn:2:83006:172189,0.1422447194287806,21695
rxn:2:101366:170060,0.1415172432150159,21695
rxn:2:114522:157908,0.1414168607229473,21695
rxn:1:41805:5553,0.1397804853816827,21695
rxn:2:108076:146828,0.1390939445206613,21695
rxn:2:80346:123403,0.1390348927179972,21695
rxn:2:73173:170060,0.138735389425641,21695
rxn:2:123459:169412,0.1383898340422531,21695
rxn:2:130225:170668,0.1378130530699705,21695
rxn:2:85116:170060,0.1376143999588795,21695
rxn:2:91950:170060,0.1374892910321553,21695
rxn:2:75948:173089,0.1371474925676981,21695
rxn:2:140546:173089,0.1367564169565836,21695
rxn:2:120564:170502,0.1353617776399371,21695
rxn:2:159419:142183,0.1352623171276516,21695
rxn:2:103296:169810,0.1329089903537137,21695
rxn:2:84123:69508,0.1323572492253953,21695
rxn:2:112903:169412,0.1323125255959374,21695
rxn:2:132005:169412,0.1310101790087563,21695
rxn:2:74393:170502,0.1304063156799033,21695
rxn:2:132002:126659,0.1300783861014578,21695
rxn:2:125845:169412,0.1285103607177734,21695
rxn:2:68583:98873,0.1283916868269443,21695
rxn:2:101355:90126,0.1232642432053883,21695
rxn:1:46574:5553,0.1203808916939629,21695
rxn:2:79392:156984,0.119557363864703,21695
rxn:2:97796:142183,0.1185036523669373,21695
rxn:1:41974:39124,0.1144224926829338,21695
rxn:2:124198:126848,0.1069727600484654,21695
rxn:2:141839:113546,0.0123378018538157,21695
rxn:2:97024:156984,0.1509490236639976,21696
rxn:2:117731:169305,0.1492922306060791,21696
rxn:2:75290:123403,0.1478667557239532,21696
rxn:2:93504:171179,0.1476627612113952,21696
rxn:2:139105:169115,0.1469870097935199,21696
rxn:2:79379:170411,0.1449717894710343,21696
rxn:2:110352:158208,0.1432877212762832,21696
rxn:2:73951:160181,0.1426005269642229,21696
rxn:2:76625:170235,0.1412933287875993,21696
rxn:2:73728:172375,0.1407255288213491,21696
rxn:2:131711:169666,0.1404760298984391,21696
rxn:2:141397:150277,0.1395515203475952,21696
rxn:2:131711:170813,0.1376569173459348,21696
rxn:2:140230:169412,0.1374420470425061,21696
rxn:1:41974:3819,0.136931724846363,21696
rxn:2:130089:172375,0.1368913832637998,21696
rxn:2:74393:68807,0.1360682129859924,21696
rxn:2:86689:170026,0.1358467242841062,21696
rxn:2:105340:170813,0.134895458817482,21696
rxn:2:128000:172009,0.1339592601244266,21696
rxn:2:117045:156984,0.1326911211013794,21696
rxn:2:75442:152446,0.1310975030064582,21696
rxn:2:122351:120822,0.1301994025707245,21696
rxn:2:80330:169115,0.1299707172093568,21696
rxn:2:119168:88532,0.1299168723821639,21696
rxn:2:67187:172009,0.1295289597832239,21696
rxn:2:131620:172375,0.1290966507333975,21696
rxn:2:87202:156984,0.1288971807807684,21696
rxn:2:131603:171231,0.128624578671796,21696
rxn:2:141497:170828,0.126773882171382,21696
rxn:2:118832:142183,0.1258543044328689,21696
rxn:2:150747:109025,0.125253172384368,21696
rxn:2:83484:173089,0.1220785994082689,21696
rxn:2:167169:116515,0.1163724153130142,21696
rxn:2:114949:129239,-0.022153201557341,21696
rxn:2:86397:102419,0.1469917291402817,21697
rxn:2:134785:156984,0.145260790096862,21697
rxn:2:130089:170502,0.1445905339938623,21697
rxn:2:93644:169305,0.1434857156127691,21697
rxn:2:86811:73299,0.1430665821983264,21697
rxn:2:79379:156984,0.1427562214710094,21697
rxn:2:75442:172189,0.1416056218246618,21697
rxn:2:104517:170060,0.1403503721313817,21697
rxn:2:86811:94638,0.1400559681157271,21697
rxn:2:120105:171231,0.1395026584123743,21697
rxn:2:85030:169412,0.1394196775342736,21697
rxn:2:86397:135410,0.1390051742394765,21697
rxn:2:92565:170235,0.1385442436887667,21697
rxn:2:141397:170300,0.1371838116929644,21697
rxn:2:132002:123403,0.1370246857404709,21697
rxn:2:126273:170060,0.13663502699799,21697
rxn:2:91719:142183,0.1364634037017822,21697
rxn:2:141397:172820,0.136211408810182,21697
rxn:2:76360:170502,0.1361928025881449,21697
rxn:2:89470:170060,0.1356635822781494,21697
rxn:2:91717:171231,0.1347934798552439,21697
rxn:2:116191:135659,0.1342233872931936,21697
rxn:2:97024:95635,0.1328529138927874,21697
rxn:2:128825:170892,0.1328177582472562,21697
rxn:1:41974:28813,0.1324806487560272,21697
rxn:2:100097:123403,0.1313893236219883,21697
rxn:2:142093:142183,0.1303377505391836,21697
rxn:2:89509:170813,0.1297021125044141,21697
rxn:2:94771:169594,0.1291967312043363,21697
rxn:2:128535:170913,0.1283968507001797,21697
rxn:2:110352:169821,0.1249864924895136,21697
rxn:2:141397:173248,0.1135748335056834,21697
rxn:2:156072:76379,0.1124527150834048,21697
rxn:1:60111:8787,0.1053020864725113,21697
rxn:2:81194:122855,0.1019714088351638,21697
rxn:2:110352:173012,0.1500063741748983,21698
rxn:2:67593:170892,0.147173482303818,21698
rxn:2:119344:171231,0.1470798541759622,21698
rxn:2:167592:169412,0.1462329452236493,21698
rxn:2:70104:123403,0.1449474130685513,21698
rxn:2:110352:169039,0.1447112898934971,21698
rxn:2:84123:169400,0.1443790674209594,21698
rxn:2:98859:170060,0.1442950932042939,21698
rxn:2:79178:169412,0.1442191950206099,21698
rxn:2:98374:84335,0.1436977600273878,21698
rxn:2:88919:173089,0.1430729705095291,21698
rxn:2:128114:170235,0.1425012027223905,21698
rxn:2:129097:172189,0.1408502714974539,21698
rxn:2:122351:169400,0.140810644084757,21698
rxn:2:77560:88103,0.1382547969880857,21698
rxn:2:71745:126659,0.1377799843366329,21698
rxn:2:73173:169412,0.1365019397011825,21698
rxn:2:110352:151136,0.134948833208335,21698
rxn:2:107952:70192,0.1345706894284203,21698
rxn:2:106791:170060,0.1317940514002527,21698
rxn:2:117687:166167,0.1303846797217493,21698
rxn:2:110704:152446,0.1290752907162127,21698
rxn:2:110097:171231,0.1285165871183077,21698
rxn:2:114506:169412,0.1244708286679309,21698
rxn:2:125874:139886,0.122130188677046,21698
rxn:2:105080:126659,0.1218845948576927,21698
rxn:2:141397:89245,0.1212036577718598,21698
rxn:2:117731:156984,0.1206729002296924,21698
rxn:2:104688:169412,0.1196052807348745,21698
rxn:2:70411:70866,0.1174921747297048,21698
rxn:2:139637:68807,0.1164831973612308,21698
rxn:2:133339:169412,0.1107152054707209,21698
rxn:2:98749:170026,0.1447804450988769,21699
rxn:2:128000:172631,0.1447230195387815,21699
rxn:2:122351:155104,0.1444958006894147,21699
rxn:2:118048:170235,0.1442739757753554,21699
rxn:2:109895:170060,0.14358451962471,21699
rxn:2:131711:170502,0.1434111334811681,21699
rxn:2:70198:169412,0.1433158034370059,21699
rxn:2:67380:139570,0.1432364689998137,21699
rxn:2:140230:170060,0.1428241956801641,21699
rxn:2:132946:169739,0.142646653416716,21699
rxn:2:73951:172388,0.1416397067322128,21699
rxn:2:93644:170235,0.1397207453846931,21699
rxn:2:88848:150277,0.1389910117501304,21699
rxn:2:87127:173095,0.1378469331697984,21699
rxn:2:100611:107408,0.1378108889628679,21699
rxn:2:70440:173016,0.1375736494859059,21699
rxn:2:92382:169810,0.1370656039470281,21699
rxn:2:102959:142183,0.1367306311925252,21699
rxn:2:140546:169305,0.1363785029985965,21699
rxn:2:112139:170026,0.1361622454106122,21699
rxn:2:110352:171799,0.1337748883348522,21699
rxn:2:136620:170060,0.1336950659751892,21699
rxn:2:105080:169305,0.1304156543352665,21699
rxn:2:141397:148060,0.1301175488366021,21699
rxn:2:162493:120822,0.1285113363430418,21699
rxn:2:99084:170813,0.1279826616418772,21699
rxn:2:141397:158208,0.1276573361011973,21699
rxn:2:88098:173089,0.1276310284932454,21699
rxn:2:92382:170892,0.1274298684937613,21699
rxn:2:77717:171231,0.1269350822766622,21699
rxn:2:97876:170060,0.1251515426806041,21699
rxn:2:109607:152446,0.1249147239658567,21699
rxn:2:97858:170892,0.1236082695532536,21699
rxn:2:102522:173089,0.1186594531453889,21699
rxn:2:78484:96010,0.1168301637967427,21699
rxn:2:158858:92488,0.1072673264109058,21699
rxn:2:117348:156984,0.0919489096372555,21699
rxn:2:107766:169412,0.1483216845783694,21700
rxn:2:124198:67083,0.1475770111594881,21700
rxn:2:110055:123403,0.1460976707083838,21700
rxn:2:104688:170913,0.143955633558076,21700
rxn:2:112020:169412,0.1435816776135872,21700
rxn:2:83460:88359,0.1420743974546591,21700
rxn:2:121431:173089,0.1401452072537862,21700
rxn:2:74737:169412,0.1397868384207998,21700
rxn:2:69000:170060,0.1396358295761305,21700
rxn:2:86811:139570,0.1393577230197412,21700
rxn:2:90345:152446,0.1391763252019882,21700
rxn:2:104517:169412,0.1386184149554797,21700
rxn:2:94862:170502,0.1383235289582184,21700
rxn:2:71745:150277,0.1372671329206036,21700
rxn:2:72121:170060,0.1367998415870326,21700
rxn:2:141397:137452,0.1364147835656216,21700
rxn:2:120585:142183,0.1359334505266613,21700
rxn:2:139209:141195,0.1347265697338364,21700
rxn:2:73951:169305,0.1343362228228495,21700
rxn:2:67200:170060,0.1342113252196993,21700
rxn:2:75442:156984,0.1340177682313052,21700
rxn:2:139209:97563,0.1334416069090366,21700
rxn:2:105701:172375,0.1328905633202305,21700
rxn:2:71006:170235,0.1327627474069595,21700
rxn:2:132002:140099,0.1313658142089843,21700
rxn:2:137743:123403,0.1312101754275235,21700
rxn:2:113171:172189,0.1308112536315564,21700
rxn:2:80330:171231,0.1294802940554089,21700
rxn:2:93899:170235,0.1257515919619593,21700
rxn:2:67593:156984,0.1210959368944168,21700
rxn:2:75442:82393,0.117938082469137,21700
rxn:2:106136:112875,0.1120489563630974,21700
rxn:2:132002:87722,0.1013376433402299,21700
rxn:2:132899:172751,0.1471093457054209,21701
rxn:2:73100:170060,0.1467758538546385,21701
rxn:2:120823:168058,0.146051150560379,21701
rxn:2:139105:172751,0.1452490815828586,21701
rxn:2:78444:170060,0.1428100047288117,21701
rxn:2:110352:173108,0.1425205177587011,21701
rxn:2:84487:170913,0.1424123105303994,21701
rxn:2:87202:169305,0.1424025486295039,21701
rxn:2:122723:152446,0.1417071973455363,21701
rxn:2:138903:142183,0.1414834519750193,21701
rxn:2:68710:152446,0.1411082739276545,21701
rxn:2:82050:169305,0.1385860070586204,21701
rxn:2:124198:141122,0.1385442453126112,21701
rxn:2:122468:170235,0.138037231351648,21701
rxn:2:88919:71708,0.1378215713934465,21701
rxn:2:115571:142183,0.1374217061435475,21701
rxn:2:167169:125117,0.1370621334229196,21701
rxn:2:131974:169666,0.1362244024358946,21701
rxn:2:88326:170502,0.1346492649366458,21701
rxn:2:120823:169666,0.133784778656498,21701
rxn:2:113171:169739,0.13332485301154,21701
rxn:2:124693:85686,0.1330499677431015,21701
rxn:2:106992:170060,0.1313751958883725,21701
rxn:2:93644:170913,0.1305333040654659,21701
rxn:2:97024:170235,0.1303443812898227,21701
rxn:2:135414:170235,0.1278831623494625,21701
rxn:2:141397:154312,0.1230371278875014,21701
rxn:2:106940:170892,0.119590859050336,21701
rxn:2:101439:152446,0.1146923303604126,21701
rxn:2:97374:120822,0.1129560185515362,21701
rxn:2:93795:102419,0.1125093810260295,21701
rxn:2:138255:94314,0.1523416203757127,21702
rxn:2:133307:172893,0.1511863217904017,21702
rxn:1:65513:28956,0.1462704727183217,21702
rxn:2:107112:170060,0.1440895100434621,21702
rxn:2:120365:95635,0.1436232561650483,21702
rxn:2:86811:140099,0.1429512688407191,21702
rxn:2:127204:170813,0.1428473355441258,21702
rxn:2:131711:169810,0.1418476875486045,21702
rxn:2:136575:170060,0.1415863383029188,21702
rxn:2:139105:169305,0.1409671961196831,21702
rxn:2:108268:152446,0.1391177177429199,21702
rxn:2:97980:170813,0.1384754673792765,21702
rxn:2:140546:169412,0.1380481043209632,21702
rxn:2:109607:171179,0.1374269556254148,21702
rxn:2:83579:172927,0.1366816229861358,21702
rxn:2:110093:170060,0.1365885417307576,21702
rxn:2:93504:173016,0.1362349137111946,21702
rxn:2:93644:171423,0.1354508650302887,21702
rxn:2:141290:73940,0.1343681378209072,21702
rxn:2:118048:171231,0.1342496169464928,21702
rxn:2:90355:170026,0.1326934060564747,21702
rxn:2:125198:171231,0.1325488634980642,21702
rxn:2:119773:170060,0.1322392416851861,21702
rxn:2:130523:172751,0.1315535253712109,21702
rxn:2:67883:171246,0.1309325265196653,21702
rxn:2:127642:170235,0.13020118454407,21702
rxn:2:66304:102373,0.1288641704165417,21702
rxn:2:113731:108959,0.1278768376662181,21702
rxn:2:145188:126659,0.1251884762729917,21702
rxn:2:85122:156984,0.1196791529655456,21702
rxn:2:93504:156984,0.1088496494293212,21702
rxn:2:126873:156984,0.1076258495450019,21702
rxn:2:120356:97346,0.1063939481973648,21702
rxn:2:110352:173161,0.1507113596849274,21703
rxn:2:140051:147330,0.1478747619049889,21703
rxn:2:97024:67213,0.147141902735739,21703
rxn:2:69457:169085,0.1460318942864736,21703
rxn:2:116574:169412,0.1431215336689582,21703
rxn:2:66894:169085,0.1421384105737182,21703
rxn:2:97063:134261,0.1410331361823611,21703
rxn:2:132946:170813,0.1376041535820279,21703
rxn:2:67187:170235,0.137493257522583,21703
rxn:2:74364:170060,0.1360523067874673,21703
rxn:2:135535:169739,0.1359761410798781,21703
rxn:2:110440:169412,0.1358408076422555,21703
rxn:2:130970:168989,0.1358086939515738,21703
rxn:2:82757:171426,0.1353590935468673,21703
rxn:2:75442:164787,0.1352853675683339,21703
rxn:2:93504:171231,0.1349457789350439,21703
rxn:2:70104:122855,0.1339692267087789,21703
rxn:2:77560:169821,0.1336976533586328,21703
rxn:2:83006:170026,0.1335904728407147,21703
rxn:2:117731:172009,0.1320963538723227,21703
rxn:2:122334:142183,0.1298749436411941,21703
rxn:2:100097:100235,0.1292387205693456,21703
rxn:2:104688:169366,0.1276942722259029,21703
rxn:2:167592:108959,0.1265867345127058,21703
rxn:2:94771:172009,0.1250860961278279,21703
rxn:2:117731:171043,0.1243753006428848,21703
rxn:2:107115:169412,0.1215609841876559,21703
rxn:2:138975:170060,0.1200572656996456,21703
rxn:2:82511:141988,0.1143648778950726,21703
rxn:2:113875:70192,0.1505795681115352,21704
rxn:2:134607:171231,0.1491079563382028,21704
rxn:2:92382:107567,0.1485623936904104,21704
rxn:2:132002:85092,0.1477080194155375,21704
rxn:2:113894:169739,0.1471036984806969,21704
rxn:2:91999:169412,0.1427236199378967,21704
rxn:2:87971:107408,0.1426127966907289,21704
rxn:2:69935:171492,0.141908181750256,21704
rxn:2:105701:169412,0.141870593679124,21704
rxn:2:66657:73940,0.141293021539847,21704
rxn:2:92382:169366,0.1400656692492656,21704
rxn:2:125751:150277,0.1397876342137654,21704
rxn:2:141238:170411,0.1392984910943042,21704
rxn:2:104688:170482,0.1382193707284473,21704
rxn:2:91597:171956,0.1380509400651568,21704
rxn:2:69576:169412,0.135990084636779,21704
rxn:2:114435:169412,0.1357599248488744,21704
rxn:2:116338:170913,0.1350326301195682,21704
rxn:2:110352:172105,0.1342705384544704,21704
rxn:2:69457:169412,0.133664534886678,21704
rxn:2:116092:152446,0.1336488167444865,21704
rxn:2:67288:169412,0.1306390680115798,21704
rxn:2:100106:170235,0.1292164304426738,21704
rxn:2:113399:91563,0.1290088712222992,21704
rxn:2:144636:108959,0.1285282976570583,21704
rxn:2:141819:169412,0.1279551617304484,21704
rxn:2:82791:146828,0.1255672738172006,21704
rxn:2:77560:117667,0.1252010409478788,21704
rxn:2:78535:76379,0.117938267878997,21704
rxn:2:117583:170060,0.1112794549692244,21704
rxn:2:116690:169412,0.1505020754090671,21705
rxn:2:141695:73940,0.1504505820896314,21705
rxn:2:122351:156549,0.1447159985701243,21705
rxn:2:141238:169739,0.1441353480021159,21705
rxn:2:137587:172751,0.1425857389414752,21705
rxn:2:73576:171428,0.142248273605392,21705
rxn:1:65013:28956,0.1419358581736467,21705
rxn:2:126471:169412,0.1413475320889399,21705
rxn:1:65013:3096,0.1408582079237785,21705
rxn:2:67380:173089,0.1400744994481404,21705
rxn:2:132131:170502,0.1400501351246888,21705
rxn:2:67380:113826,0.1381726830433576,21705
rxn:2:77780:169412,0.1374619205792745,21705
rxn:2:122723:87722,0.1357946308453877,21705
rxn:2:167169:141122,0.1357104210626511,21705
rxn:2:117254:169305,0.1351011983553568,21705
rxn:2:141055:170060,0.1349827562059674,21705
rxn:2:98283:170060,0.1348955382903417,21705
rxn:1:65513:3096,0.1344191863916922,21705
rxn:2:70889:171246,0.1344081465108895,21705
rxn:2:140908:170813,0.1330405597029061,21705
rxn:2:120762:169305,0.132270961235731,21705
rxn:2:141397:95446,0.13142873622753,21705
rxn:2:117485:171428,0.1298252905922374,21705
rxn:2:75840:111364,0.1271003325780232,21705
rxn:1:65513:28935,0.1217355166656383,21705
rxn:2:75442:170668,0.1143879145383834,21705
rxn:2:128825:102419,0.1115674591726726,21705
rxn:2:140614:170060,0.1472742791686739,21706
rxn:2:82757:171231,0.1456931992655708,21706
rxn:2:123785:170060,0.1455908609761132,21706
rxn:2:78535:111147,0.1455746850906274,21706
rxn:2:104688:172375,0.1448580789309675,21706
rxn:2:114506:169594,0.1444780282352281,21706
rxn:2:141381:173089,0.1440934120189575,21706
rxn:2:75557:171426,0.1440399097807613,21706
rxn:2:86811:109025,0.143417493060783,21706
rxn:2:139991:169414,0.1392619860025099,21706
rxn:2:109042:169412,0.1381397350334826,21706
rxn:2:82511:169412,0.1379249811172485,21706
rxn:2:86811:108959,0.1378848361380306,21706
rxn:2:98374:169666,0.1367269045776791,21706
rxn:2:96388:169412,0.1351996965897388,21706
rxn:2:76440:169851,0.1343570727677572,21706
rxn:2:116581:142183,0.1336921374003092,21706
rxn:2:141397:151175,0.1333004810191966,21706
rxn:2:117594:170235,0.1327493142807621,21706
rxn:2:92382:146828,0.1295798600666106,21706
rxn:2:78571:171602,0.1288379919834626,21706
rxn:2:68737:169115,0.1285096690768287,21706
rxn:2:98374:170235,0.1281006582852067,21706
rxn:2:87255:170060,0.127148863474528,21706
rxn:2:71006:172751,0.1217423035548283,21706
rxn:2:70350:169412,0.121550707022349,21706
rxn:1:61827:28956,0.1213909851180182,21706
rxn:2:137057:170060,0.1147240140499212,21706
rxn:2:93499:91563,0.1125094182249428,21706
rxn:2:129842:173089,0.1513459655371579,21707
rxn:2:141397:136699,0.1485369271702236,21707
rxn:2:107766:170060,0.1468523199530853,21707
rxn:2:141397:149887,0.1462639797301519,21707
rxn:2:127778:112875,0.1458624411320341,21707
rxn:2:119399:170060,0.1439277560282976,21707
rxn:2:134607:170235,0.143812206969864,21707
rxn:2:114509:169412,0.1430098208097311,21707
rxn:2:125128:171180,0.1419400526927068,21707
rxn:2:66038:170235,0.140356073114607,21707
rxn:2:91597:170668,0.1401117628003344,21707
rxn:2:134689:123403,0.1396833917369013,21707
rxn:2:121911:88103,0.1375011678725954,21707
rxn:2:105340:170482,0.1367194925745328,21707
rxn:2:76822:169412,0.1342339697091475,21707
rxn:2:85030:170060,0.1340975144079753,21707
rxn:2:129963:142183,0.1338075973369457,21707
rxn:2:125968:170235,0.1334677215280204,21707
rxn:2:91597:169412,0.13322727282842,21707
rxn:2:82050:156984,0.1326980665326118,21707
rxn:2:110413:142183,0.1313138268887996,21707
rxn:2:158602:142183,0.1308871021977177,21707
rxn:2:114213:170813,0.1294487140796802,21707
rxn:2:68756:142183,0.1226370798216925,21707
rxn:2:94190:170060,0.1219487855067619,21707
rxn:2:137816:96010,0.1195445998509724,21707
rxn:2:101355:117186,0.114790497554673,21707
rxn:2:110768:96010,0.1090498918142074,21707
rxn:2:99558:169412,0.1498535012915021,21708
rxn:2:108919:152446,0.146713512066083,21708
rxn:2:97024:72767,0.1461016270849439,21708
rxn:2:69935:70192,0.1459880628083881,21708
rxn:2:125425:68807,0.1441645806218371,21708
rxn:2:113875:83817,0.1438758070506746,21708
rxn:2:135415:169851,0.1424865913979801,21708
rxn:2:87066:170813,0.1422744695051216,21708
rxn:2:110352:147222,0.1419915527105331,21708
rxn:2:139357:88103,0.1408970324616683,21708
rxn:2:116338:170116,0.1385620796964282,21708
rxn:2:72200:171331,0.1385130874904585,21708
rxn:2:166241:110334,0.1383359247240526,21708
rxn:2:134984:171231,0.1363667044146307,21708
rxn:2:69576:170060,0.1362314990588597,21708
rxn:2:79984:170235,0.1355500229199727,21708
rxn:2:76939:171492,0.1340514982956043,21708
rxn:2:131711:168989,0.1321668759697959,21708
rxn:2:117359:123403,0.1318686767703011,21708
rxn:2:89615:171231,0.1317223781420861,21708
rxn:2:107531:172618,0.131373408165845,21708
rxn:2:72317:170060,0.1311909504878668,21708
rxn:2:101718:173089,0.1300330093273749,21708
rxn:2:144636:107408,0.1283971078601884,21708
rxn:2:91999:170060,0.1239447456139784,21708
rxn:2:83460:73940,0.1220808265701172,21708
rxn:1:57290:723,0.121408762885075,21708
rxn:2:141397:103339,0.120784626652797,21708
rxn:2:130503:171231,0.1142153268978919,21708
rxn:2:97024:126848,0.1098878176315971,21708
rxn:2:111045:152446,0.1060666847229003,21708
rxn:2:78032:171231,0.1491259882847468,21709
rxn:2:108186:169851,0.1447320871882968,21709
rxn:2:141695:72893,0.1442232365193574,21709
rxn:2:87971:173089,0.1434983631660198,21709
rxn:2:66657:133871,0.1431734538078307,21709
rxn:2:81194:169412,0.1430681213255851,21709
rxn:2:109042:170060,0.1426511097837377,21709
rxn:2:93577:170235,0.1418737748573566,21709
rxn:2:72356:169412,0.140976897544331,21709
rxn:2:109607:171180,0.1387005168714641,21709
rxn:2:136231:169412,0.1386639841141239,21709
rxn:2:139991:170060,0.1383332564280583,21709
rxn:2:83029:152446,0.1369182476098986,21709
rxn:2:137587:173089,0.1344627833366394,21709
rxn:2:100097:113826,0.1333237886428833,21709
rxn:2:80519:73236,0.1328569711118504,21709
rxn:2:116338:171492,0.1297456073760986,21709
rxn:2:97659:170060,0.1296537084343992,21709
rxn:2:77440:172375,0.1283179682034712,21709
rxn:2:96304:150277,0.1279717213577694,21709
rxn:2:140614:169412,0.1262126039891015,21709
rxn:2:124198:128062,0.1246921347849296,21709
rxn:2:128000:171492,0.122715499666002,21709
rxn:2:116996:173089,0.1209352170979535,21709
rxn:2:137534:170892,0.120280208794967,21709
rxn:2:105445:96010,0.1186889108570142,21709
rxn:2:125962:138958,0.1173629784584045,21709
rxn:2:127486:172751,0.1041433928925314,21709
rxn:2:117731:172751,0.1464459614621268,21710
rxn:2:131711:173089,0.14606173737691,21710
rxn:2:86385:172618,0.1457655240188945,21710
rxn:2:92434:68807,0.1453491219629844,21710
rxn:2:84487:170482,0.1438866151230675,21710
rxn:2:67187:172751,0.1431349435677895,21710
rxn:2:114506:78077,0.140133478811809,21710
rxn:2:93710:170060,0.1399840856420582,21710
rxn:2:77287:109382,0.1397717284659544,21710
rxn:2:138255:110334,0.1395832222700119,21710
rxn:2:99048:170235,0.1387459108872073,21710
rxn:2:123716:172751,0.1386004015803337,21710
rxn:2:87066:169739,0.1384285751443643,21710
rxn:2:162493:127220,0.1378428813602243,21710
rxn:2:97374:152446,0.1370928990840911,21710
rxn:2:120564:173089,0.1340485713802851,21710
rxn:2:132400:173089,0.1339365522498669,21710
rxn:2:79379:170235,0.1337758909011709,21710
rxn:2:116526:152446,0.1333925034160967,21710
rxn:2:70238:112875,0.1308634721420028,21710
rxn:2:131041:129487,0.1301992436250051,21710
rxn:2:134689:126659,0.1298393309116363,21710
rxn:2:87202:173089,0.1260032773017883,21710
rxn:2:141544:173134,0.1249287246416012,21710
rxn:2:108306:87722,0.1226067188240233,21710
rxn:2:130477:139886,0.1195270879702134,21710
rxn:2:81212:170913,0.1181434492270151,21710
rxn:2:83604:94314,0.1150471883661606,21710
rxn:2:106136:102373,0.0990880368785424,21710
rxn:2:68710:170235,0.1450203458468119,21711
rxn:2:141397:170175,0.1443813461065292,21711
rxn:2:86811:165092,0.1437863658214437,21711
rxn:2:110352:72523,0.1428913162814246,21711
rxn:2:152434:96010,0.1428751986602257,21711
rxn:2:66959:72893,0.1426860861156297,21711
rxn:2:82050:172388,0.1426450215536972,21711
rxn:2:130829:171231,0.1420383742877415,21711
rxn:2:107302:169305,0.141896018717024,21711
rxn:2:67380:68807,0.1417892290995671,21711
rxn:2:141555:120822,0.1406258632396829,21711
rxn:2:150990:98873,0.1404390374819438,21711
rxn:2:83178:152446,0.1404269287219414,21711
rxn:2:82286:170060,0.1394734338477806,21711
rxn:2:66959:73940,0.1389281055201655,21711
rxn:2:138255:123403,0.1388607343037923,21711
rxn:2:128738:170060,0.1383514439618146,21711
rxn:2:107777:169412,0.1378624046290362,21711
rxn:2:97024:105841,0.1348492161794142,21711
rxn:2:106387:169412,0.1346149099284204,21711
rxn:2:66038:170060,0.1341849480356489,21711
rxn:2:132131:173089,0.1340550005435943,21711
rxn:2:114945:129880,0.1297756713170271,21711
rxn:2:88943:173089,0.1290673636621044,21711
rxn:2:141397:71784,0.1275524027645588,21711
rxn:2:140015:171231,0.1256526942910819,21711
rxn:2:78535:169300,0.1246036716302236,21711
rxn:2:121350:170235,0.1241829335689544,21711
rxn:2:77560:170999,0.1241614918708801,21711
rxn:2:87876:87151,0.1209946675734086,21711
rxn:2:70226:142183,0.1187924273808797,21711
rxn:2:125874:96010,0.1152761719844959,21711
rxn:2:165559:139886,0.101909726858139,21711
rxn:2:75557:171336,0.150100753042433,21712
rxn:2:149481:170060,0.149666686980955,21712
rxn:2:141819:169085,0.1448579204082489,21712
rxn:2:83460:169739,0.1438111343554088,21712
rxn:2:86071:96010,0.1436225078724048,21712
rxn:2:138527:170411,0.1429426415213223,21712
rxn:2:139991:169412,0.1427120786446791,21712
rxn:2:105340:171460,0.1419255666732788,21712
rxn:2:144681:172076,0.1412923997448336,21712
rxn:2:141397:168941,0.1409825225671132,21712
rxn:2:127751:170235,0.1407842803001404,21712
rxn:2:140276:170060,0.1404579462828459,21712
rxn:2:97212:170060,0.1400629682200295,21712
rxn:2:92623:87722,0.1399283761069888,21712
rxn:2:76243:170060,0.1397158291604783,21712
rxn:2:97063:169964,0.1391626415429291,21712
rxn:2:141397:162938,0.1386844858527183,21712
rxn:2:86811:170892,0.1383709258046643,21712
rxn:2:130128:170940,0.1377904454867045,21712
rxn:2:95245:170026,0.1347011127642222,21712
rxn:2:139357:171231,0.1346841578682263,21712
rxn:2:78535:169412,0.1346037704369117,21712
rxn:2:139105:172317,0.1344089657068252,21712
rxn:2:78560:122855,0.1313891603833153,21712
rxn:2:76822:170668,0.1309943251609802,21712
rxn:2:138255:122855,0.1300369198123613,21712
rxn:2:108306:83817,0.1263544008845374,21712
rxn:2:65967:169851,0.125736111828259,21712
rxn:2:70238:170235,0.1255216836929321,21712
rxn:2:97063:127220,0.11363006234169,21712
rxn:2:70238:96187,0.1115338752667109,21712
rxn:2:87876:94554,0.0903461272066289,21712
rxn:2:137534:172893,0.1505220445302816,21713
rxn:2:86811:125117,0.1493678859301976,21713
rxn:2:76625:172751,0.1471466372753011,21713
rxn:2:110405:169412,0.1456827768257686,21713
rxn:2:124992:169412,0.145453143119812,21713
rxn:2:140546:172751,0.1437670932875739,21713
rxn:2:75313:169851,0.1429769430841718,21713
rxn:2:97543:171246,0.1422363766602107,21713
rxn:2:70440:170235,0.1419879798094431,21713
rxn:2:130401:123403,0.1415591960367949,21713
rxn:2:86811:68807,0.1415058188968234,21713
rxn:2:67595:70192,0.1410068494932992,21713
rxn:2:124445:170060,0.1405337267908556,21713
rxn:2:71095:170060,0.1394479089769824,21713
rxn:2:89509:159185,0.1392988898537376,21713
rxn:2:118279:143698,0.1390618567881376,21713
rxn:2:82050:171246,0.1374856514590127,21713
rxn:2:136508:173089,0.1374660686210349,21713
rxn:2:137922:78538,0.1373717060795536,21713
rxn:2:140720:108959,0.1369730630091258,21713
rxn:2:78571:170235,0.1364188171350039,21713
rxn:2:70104:107408,0.1362488989646618,21713
rxn:2:84487:173089,0.1350136629172734,21713
rxn:2:132899:156984,0.133266831934452,21713
rxn:2:73728:146037,0.1329495570876381,21713
rxn:2:75557:171246,0.1319804364237292,21713
rxn:2:126006:169412,0.1311105570622853,21713
rxn:2:146036:141988,0.1310590586491993,21713
rxn:2:110866:152446,0.130477022241663,21713
rxn:2:108320:108959,0.1290909276008606,21713
rxn:2:134802:171231,0.1276499152183532,21713
rxn:2:94304:169412,0.1276163712143898,21713
rxn:2:108320:96010,0.1273609681129455,21713
rxn:2:73959:170892,0.1218328138192494,21713
rxn:2:141397:116312,0.1138110494613647,21713
rxn:2:156846:142183,0.1132213961510431,21713
rxn:2:128000:169964,0.1450827965736389,21714
rxn:2:103296:172751,0.1450248108460353,21714
rxn:2:91717:169856,0.1445993972861248,21714
rxn:2:116489:169412,0.1420218863487243,21714
rxn:2:138375:171231,0.1419457252209003,21714
rxn:2:141580:170026,0.1411304601307573,21714
rxn:2:113171:172317,0.1410787533830713,21714
rxn:2:109607:172893,0.1405764231315026,21714
rxn:2:92434:170892,0.1405288655024308,21714
rxn:2:136729:142183,0.1395865187925451,21714
rxn:2:127108:170235,0.1383408879411631,21714
rxn:2:93504:173089,0.1379465222358703,21714
rxn:2:141397:170913,0.1377708458900451,21714
rxn:2:131733:82123,0.1375869696790522,21714
rxn:2:141544:173089,0.1372322068764613,21714
rxn:2:108740:169412,0.1356242705274511,21714
rxn:2:122351:171492,0.1351923776709515,21714
rxn:2:113171:92817,0.1345806580323439,21714
rxn:2:130902:171231,0.1334767173837732,21714
rxn:2:107777:170060,0.1330765918449119,21714
rxn:2:124198:73313,0.1325917295787645,21714
rxn:2:141397:169394,0.1320973827725365,21714
rxn:2:118708:173089,0.1306564445848818,21714
rxn:2:89554:96010,0.1303862204918494,21714
rxn:1:41974:5553,0.1297927975654602,21714
rxn:2:100318:88359,0.1288222364757372,21714
rxn:2:98014:169412,0.1277903761182512,21714
rxn:2:115581:142183,0.1273701247046975,21714
rxn:2:117731:173089,0.1272819876670837,21714
rxn:2:132946:162901,0.124794340133667,21714
rxn:2:167592:96010,0.1181963823459766,21714
rxn:2:71740:158353,-0.000258467067033,21714
rxn:2:132868:152446,0.1460081847814413,21715
rxn:2:122351:81254,0.1431936694516076,21715
rxn:2:130089:172751,0.1425147753495436,21715
rxn:2:98863:173016,0.1424641583647047,21715
rxn:2:127318:169412,0.142284126193435,21715
rxn:2:134961:170060,0.1397310610328402,21715
rxn:2:85122:120822,0.139612314375964,21715
rxn:2:141397:171261,0.1394370710849762,21715
rxn:2:141544:156984,0.1392660541534423,21715
rxn:2:73959:171043,0.1385267406702041,21715
rxn:2:110352:116045,0.1380569219589233,21715
rxn:2:69457:171043,0.1374024982963289,21715
rxn:2:141397:172631,0.1373917937278747,21715
rxn:2:70400:170813,0.1357757901323252,21715
rxn:2:154844:142183,0.1357128118213854,21715
rxn:2:86811:76379,0.1354487551583184,21715
rxn:2:126189:169412,0.1322668607745852,21715
rxn:2:167592:78538,0.1315597014767782,21715
rxn:2:127875:169305,0.1314436894875985,21715
rxn:2:116949:173089,0.1306702485790959,21715
rxn:2:86811:120181,0.1303889649885672,21715
rxn:2:118157:173016,0.127770997738016,21715
rxn:2:132946:173089,0.126923996925354,21715
rxn:2:67380:122855,0.1267877020835876,21715
rxn:2:124177:120822,0.1257421612739563,21715
rxn:2:86811:111147,0.125449123205962,21715
rxn:2:97212:169412,0.124898675084114,21715
rxn:2:140399:87722,0.1243389720008486,21715
rxn:2:114485:169412,0.1233396684681927,21715
rxn:2:76896:102615,0.1225301558321172,21715
rxn:2:105568:108959,0.1122095838837001,21715
rxn:2:80519:78538,0.1082554971178372,21715
rxn:2:135988:90368,-0.0148785612235466,21715
rxn:2:145665:142183,0.1499987202882766,21716
rxn:2:128763:170060,0.1484963174909353,21716
rxn:2:144636:172076,0.1468839672303969,21716
rxn:2:141397:149066,0.1455335246889215,21716
rxn:2:106940:171246,0.1445992921079908,21716
rxn:2:128354:170060,0.1428192215306418,21716
rxn:2:69576:152446,0.1425665770258222,21716
rxn:2:124992:170060,0.1411201664379665,21716
rxn:2:126006:170060,0.1404309783663068,21716
rxn:2:145188:128669,0.1404070459563156,21716
rxn:2:77560:97563,0.1400155067443847,21716
rxn:2:93644:94292,0.1399196296930313,21716
rxn:2:99084:171426,0.1398838489143936,21716
rxn:2:110352:110310,0.1397438406944275,21716
rxn:2:110405:170060,0.1388443674360003,21716
rxn:2:100246:170026,0.1382079978783925,21716
rxn:2:73920:171231,0.1381476432085037,21716
rxn:2:141544:171336,0.1368896956796999,21716
rxn:2:100138:170026,0.1365164995193481,21716
rxn:2:83460:91563,0.1355997194414553,21716
rxn:2:132131:170668,0.1353735067226268,21716
rxn:2:99842:107408,0.1347208249568939,21716
rxn:2:149481:150277,0.134574780985713,21716
rxn:2:100406:170060,0.1324703812599182,21716
rxn:2:116355:169412,0.1305367770018401,21716
rxn:2:94190:169115,0.1295895261423928,21716
rxn:2:80641:152446,0.1277409248352051,21716
rxn:2:134689:173089,0.117910007919584,21716
rxn:2:86071:108959,0.1175225262288694,21716
rxn:2:89554:114519,0.1106455118567855,21716
rxn:2:68410:171231,0.1512626559646041,21717
rxn:2:67391:171180,0.1479536274383808,21717
rxn:2:141397:169857,0.1454616872887862,21717
rxn:2:88943:170482,0.1446845031553699,21717
rxn:2:141397:172405,0.1418771883715754,21717
rxn:2:141695:169115,0.1417073948629971,21717
rxn:2:141397:171650,0.140779413495745,21717
rxn:2:92882:170060,0.1405507493902135,21717
rxn:2:119304:169412,0.1382647368643019,21717
rxn:2:140276:169412,0.1379748790352432,21717
rxn:2:73938:170060,0.1374832817486354,21717
rxn:2:133483:169412,0.1373714284102122,21717
rxn:2:140720:96010,0.1358065145356314,21717
rxn:2:92434:170060,0.1349965956475999,21717
rxn:2:131292:139228,0.1347561150789261,21717
rxn:2:114506:141195,0.1343342591415752,21717
rxn:2:88326:172751,0.1328277743381002,21717
rxn:2:122351:101729,0.1326840775353567,21717
rxn:2:108919:173089,0.1320173493138066,21717
rxn:2:130209:169412,0.1310594708831222,21717
rxn:2:76625:169412,0.1298838592492616,21717
rxn:2:141856:170060,0.1291789753096444,21717
rxn:2:91717:173095,0.1281937770221544,21717
rxn:2:126579:78351,0.1276852395223534,21717
rxn:2:119514:125240,0.1270538585526602,21717
rxn:2:84680:78077,0.1262797402647825,21717
rxn:2:106272:152446,0.125463064511617,21717
rxn:2:110352:169518,0.1214094091545451,21717
rxn:2:117731:115113,0.1193971520662307,21717
rxn:2:110478:97563,0.1072209971291678,21717
rxn:2:70400:171231,0.1489484486756501,21718
rxn:2:67236:171231,0.1463195136615208,21718
rxn:2:136407:172189,0.1450820509876523,21718
rxn:2:105340:170940,0.1436302323341369,21718
rxn:2:128000:172969,0.1435850319862365,21718
rxn:2:138365:173089,0.1433841105018343,21718
rxn:2:127204:170411,0.14277424370801,21718
rxn:2:111453:152446,0.1426909668104989,21718
rxn:2:128000:172105,0.14251896098808,21718
rxn:2:127429:152446,0.1421592307942254,21718
rxn:2:107302:172893,0.141390750143263,21718
rxn:2:73728:93647,0.1413014849026997,21718
rxn:2:94977:173089,0.1411524993401986,21718
rxn:2:129097:169810,0.140926589568456,21718
rxn:2:102195:171231,0.1407116536583219,21718
rxn:2:102070:169412,0.1397540096725736,21718
rxn:2:144636:170892,0.1387641994158426,21718
rxn:2:127917:172375,0.1385491265190972,21718
rxn:2:91903:115745,0.1343607358310533,21718
rxn:2:142033:170026,0.1343269094176914,21718
rxn:2:126189:170060,0.1335202510867799,21718
rxn:2:76425:171043,0.1332712799310684,21718
rxn:2:139105:120822,0.1332699691255887,21718
rxn:2:121028:155734,0.1308698539550487,21718
rxn:2:82519:169412,0.1293523418051856,21718
rxn:2:108049:145184,0.129124567301377,21718
rxn:2:115091:169412,0.1265831938496342,21718
rxn:2:141397:171376,0.1236947308887134,21718
rxn:2:81600:152446,0.1206027936935424,21718
rxn:2:141397:72783,0.0995798349380493,21718
rxn:2:144636:169412,0.1462268725518257,21719
rxn:2:81817:84708,0.1460887748262156,21719
rxn:2:158858:169412,0.1447079919999645,21719
rxn:2:107254:158071,0.143943255934222,21719
rxn:2:67380:126659,0.1437021350860595,21719
rxn:2:67688:84708,0.1423228378295898,21719
rxn:2:132946:170411,0.1407015768381265,21719
rxn:2:110352:109770,0.1406196726693047,21719
rxn:2:136250:169412,0.1400258873190198,21719
rxn:2:133307:169085,0.139470742077663,21719
rxn:2:79984:172751,0.139401724246832,21719
rxn:2:79984:171246,0.1393920174351445,21719
rxn:2:115896:152446,0.1392493381500244,21719
rxn:2:94763:169412,0.1389709926568544,21719
rxn:2:114168:170411,0.1384033552237919,21719
rxn:2:97858:104330,0.1382250634106722,21719
rxn:2:84123:126659,0.1375688376880827,21719
rxn:2:135811:169739,0.1372911598001208,21719
rxn:2:90327:170482,0.1371171942124,21719
rxn:2:128825:169964,0.1370554888689959,21719
rxn:2:140456:170060,0.1369480790915312,21719
rxn:2:85225:142724,0.1357968069888927,21719
rxn:2:83460:148477,0.1352885737419128,21719
rxn:2:101450:152446,0.1350288461555134,21719
rxn:2:82286:169412,0.1348943679421036,21719
rxn:2:97063:170892,0.1347420319914817,21719
rxn:2:82050:82123,0.1337327474897558,21719
rxn:2:118149:170060,0.1332748820041788,21719
rxn:2:87404:170235,0.1319978755254011,21719
rxn:2:127440:171179,0.1474888937039808,21720
rxn:2:91293:169810,0.1461769671275698,21720
rxn:2:133483:170060,0.1454567424456278,21720
rxn:2:109607:169518,0.1446488592359754,21720
rxn:2:67391:169412,0.1405025014510521,21720
rxn:2:94862:169412,0.1403876413901646,21720
rxn:2:141397:171336,0.1402203440666198,21720
rxn:2:99709:170060,0.1400445848703384,21720
rxn:2:135338:173089,0.1397675298727475,21720
rxn:2:141397:116557,0.1396122250292036,21720
rxn:2:101602:169666,0.1395589475120817,21720
rxn:2:110352:173006,0.1391542888823009,21720
rxn:2:128000:172233,0.1381198199895712,21720
rxn:2:141397:172210,0.1380157266344343,21720
rxn:2:86811:91563,0.1379591920546123,21720
rxn:2:134916:146533,0.1375190116110302,21720
rxn:2:132350:70192,0.1371311204774039,21720
rxn:2:141397:168988,0.1363024735450744,21720
rxn:2:110352:168988,0.1353577369735354,21720
rxn:2:85387:70866,0.1353026851363803,21720
rxn:2:134099:168989,0.1325459219791271,21720
rxn:2:110097:70192,0.1324246431651868,21720
rxn:2:83604:157478,0.131370811028914,21720
rxn:2:110352:91563,0.1310401306432836,21720
rxn:2:138255:91563,0.1300229856601128,21720
rxn:2:112098:170060,0.1288092391831534,21720
rxn:2:82050:152446,0.1233056887984275,21720
rxn:2:99601:170060,0.1173938494462233,21720
rxn:2:83579:172317,0.1475991288820902,21721
rxn:2:100097:110334,0.1442297654151916,21721
rxn:2:104214:80566,0.1431545749954555,21721
rxn:2:141397:164787,0.1422568172216415,21721
rxn:2:141544:152446,0.1419195680618286,21721
rxn:2:93024:171231,0.1406062965039853,21721
rxn:2:83579:172575,0.1400488491716056,21721
rxn:2:101404:170502,0.1396918892860412,21721
rxn:2:95795:123403,0.1391096783720928,21721
rxn:2:82757:170858,0.1389081125259399,21721
rxn:2:167260:169412,0.1383369136601686,21721
rxn:2:99667:100235,0.1380074848299441,21721
rxn:2:68618:169412,0.1379877128908711,21721
rxn:2:125169:170060,0.1375840101923261,21721
rxn:2:133991:170060,0.137477926854734,21721
rxn:2:73951:159185,0.1366710527376695,21721
rxn:2:131795:87722,0.1323109399704705,21721
rxn:2:142033:169286,0.131857959429423,21721
rxn:2:140501:142183,0.1313502200444539,21721
rxn:2:70411:122855,0.1305644791859846,21721
rxn:2:70104:126659,0.1302286569888775,21721
rxn:2:74541:170913,0.1302237407914523,21721
rxn:2:92434:169412,0.1291275359966137,21721
rxn:2:91097:173089,0.1284819629457261,21721
rxn:2:76625:170668,0.1262669422796794,21721
rxn:2:119304:170060,0.1259179940930119,21721
rxn:2:148180:141988,0.1201154662030083,21721
rxn:2:81194:85686,0.1164971894688076,21721
rxn:2:73576:150277,0.1154772648104915,21721
rxn:2:167169:82388,0.1151946421022768,21721
rxn:2:77560:171426,0.1490290159980455,21722
rxn:2:139504:88952,0.1437084470476423,21722
rxn:2:144636:170060,0.1430370000100905,21722
rxn:2:128024:171043,0.1413826289000334,21722
rxn:2:96838:168989,0.1409753790268531,21722
rxn:2:127558:173016,0.1402488840477807,21722
rxn:2:120003:170026,0.1387094453529075,21722
rxn:2:78151:172751,0.1376339554786682,21722
rxn:2:138076:169115,0.1372048873167771,21722
rxn:2:113889:97563,0.1371683094812476,21722
rxn:2:104073:171231,0.1368296187657576,21722
rxn:2:141397:86916,0.1362496634324391,21722
rxn:2:91859:138122,0.1359971563021342,21722
rxn:2:73713:107408,0.1351475431368901,21722
rxn:2:124198:72767,0.1349264726042747,21722
rxn:2:93644:117186,0.1344897501608904,21722
rxn:2:85964:170235,0.1343131729534694,21722
rxn:2:141397:173261,0.1330047862870352,21722
rxn:2:138643:122855,0.1327888272426746,21722
rxn:2:139668:170235,0.1310740922178541,21722
rxn:2:68555:97563,0.1304193268651547,21722
rxn:2:125447:169412,0.1285991876213638,21722
rxn:2:118618:108127,0.1283524081110954,21722
rxn:2:70973:171231,0.1278251162597111,21722
rxn:2:80641:170060,0.1246544227600097,21722
rxn:2:101433:169305,0.1208659668763478,21722
rxn:2:131907:172189,0.1199991771808037,21722
rxn:2:72583:170668,0.1172241389751434,21722
rxn:2:87876:103126,0.1067654252052307,21722
rxn:2:108049:125240,0.1063599109649658,21722
rxn:2:141397:117874,0.1590635442733765,21723
rxn:2:141397:169370,0.1512500697916204,21723
rxn:2:115282:171179,0.1486141070075657,21723
rxn:2:66894:170218,0.1479080443198864,21723
rxn:2:87290:70192,0.145200663027556,21723
rxn:2:106940:156984,0.1451255684097608,21723
rxn:2:117046:78351,0.144275418917338,21723
rxn:2:69619:123403,0.1442161193260779,21723
rxn:2:92194:170235,0.1439693689346313,21723
rxn:2:138643:107408,0.1439660730185332,21723
rxn:2:122723:79735,0.1409479117393493,21723
rxn:2:128114:168058,0.1384419600168863,21723
rxn:2:141397:171114,0.1371900238774039,21723
rxn:2:107531:172332,0.1371696233749389,21723
rxn:2:124805:173089,0.135884510146247,21723
rxn:2:96821:170060,0.1354482756720648,21723
rxn:2:141555:129880,0.1348493950120333,21723
rxn:2:134110:172751,0.1341612184489214,21723
rxn:2:141397:172933,0.1334538781642913,21723
rxn:2:81212:171231,0.1324323286612828,21723
rxn:2:73696:169412,0.1319164320274635,21723
rxn:2:145188:141889,0.1312078537612126,21723
rxn:2:141397:169537,0.1306287223100662,21723
rxn:2:141819:169305,0.1304597912011323,21723
rxn:2:124936:142183,0.1281223939524756,21723
rxn:2:135811:173089,0.1264737431819622,21723
rxn:2:139383:117995,0.1242054135903068,21723
rxn:2:85670:172189,0.1217618500744855,21723
rxn:2:141397:70565,0.1215469987768876,21723
rxn:2:92660:97346,0.1196102282275324,21723
rxn:2:92618:152446,0.1481303443908691,21724
rxn:2:88686:171231,0.1449137806892395,21724
rxn:2:76939:97563,0.144484940328096,21724
rxn:2:84487:170235,0.1440518227116815,21724
rxn:2:141544:88359,0.142013694345951,21724
rxn:2:86811:141988,0.1400784214337667,21724
rxn:2:120936:146828,0.1392098841459854,21724
rxn:2:81817:88396,0.1390828882654508,21724
rxn:2:134607:156984,0.1388659645009923,21724
rxn:2:81401:171231,0.1383783755479035,21724
rxn:2:132131:169964,0.1380316535631815,21724
rxn:2:112565:80566,0.1368469160536061,21724
rxn:2:141397:171535,0.1365165775472467,21724
rxn:2:90345:172751,0.135155929837908,21724
rxn:2:132946:171180,0.1348754405975341,21724
rxn:2:132946:173204,0.1344749795065985,21724
rxn:2:95575:170060,0.1324333838054112,21724
rxn:2:85064:88359,0.1323923875888188,21724
rxn:2:77440:70192,0.132173930971246,21724
rxn:2:107531:170218,0.1297053670883178,21724
rxn:2:137534:173095,0.1295697383258653,21724
rxn:2:68525:105101,0.1287131543159484,21724
rxn:2:141815:96010,0.1279439061880111,21724
rxn:2:110736:169412,0.1278840967587062,21724
rxn:2:79461:169412,0.1254558116197586,21724
rxn:2:134689:170482,0.1248291147606713,21724
rxn:2:134839:173089,0.120851458952977,21724
rxn:2:116055:169412,0.1189238810539245,21724
rxn:2:124198:132189,0.10187851836284,21724
rxn:2:66894:172332,0.1547278482180375,21725
rxn:2:117504:173089,0.144726322705929,21725
rxn:2:103564:80566,0.1422639076908429,21725
rxn:2:66894:171734,0.1407611860678746,21725
rxn:2:84123:171179,0.1396214175224304,21725
rxn:2:84487:169412,0.139257886674669,21725
rxn:2:77440:156549,0.1389075988531112,21725
rxn:2:97063:156984,0.1383828811645508,21725
rxn:2:128000:171460,0.1382061409950256,21725
rxn:2:68618:170060,0.1371429574105047,21725
rxn:2:83579:155734,0.1371271657943726,21725
rxn:2:91348:171246,0.1369761185986655,21725
rxn:2:127785:83817,0.1368093710196645,21725
rxn:2:141544:171179,0.136097361087799,21725
rxn:2:70411:92488,0.1360284530199491,21725
rxn:2:97024:88106,0.1357994296334006,21725
rxn:2:108186:169666,0.1347061345071503,21725
rxn:2:73749:173089,0.1338772199772022,21725
rxn:2:85122:126659,0.1334756588935852,21725
rxn:2:123884:172189,0.1334345355033874,21725
rxn:2:121736:170060,0.1328172687826485,21725
rxn:2:156072:125117,0.1327716333525521,21725
rxn:2:102072:80566,0.1323577811320622,21725
rxn:2:66894:172751,0.1316189311168812,21725
rxn:2:110711:169412,0.1306772598198481,21725
rxn:2:92919:171423,0.125888780593872,21725
rxn:2:138255:98332,0.1255486650466918,21725
rxn:2:83050:170060,0.125089746316274,21725
rxn:2:70411:108959,0.1247591098149617,21725
rxn:2:135058:156984,0.1231011326114336,21725
rxn:2:87780:142183,0.1193831026554107,21725
rxn:2:155314:107408,0.1123519557493704,21725
rxn:2:85387:97563,0.1458521792521843,21726
rxn:2:73728:173079,0.1427973605119265,21726
rxn:2:68710:126659,0.1408623352646827,21726
rxn:2:104271:108959,0.1404557749077125,21726
rxn:2:136521:172751,0.1404013014756716,21726
rxn:2:103585:173089,0.1400614865894975,21726
rxn:2:132373:120822,0.1397527513296707,21726
rxn:2:124805:168989,0.1397179936540538,21726
rxn:2:68525:112875,0.1394465643426646,21726
rxn:2:131506:171423,0.1393399693347789,21726
rxn:2:72200:171426,0.1392563652109217,21726
rxn:2:67593:169412,0.1388700761795044,21726
rxn:2:141544:172618,0.1381412297487259,21726
rxn:2:130128:147222,0.1377824622651804,21726
rxn:2:100611:96010,0.1374611633795279,21726
rxn:2:80917:169412,0.1370387852191925,21726
rxn:2:141397:156786,0.1365991914272308,21726
rxn:2:86965:170235,0.1365749756495158,21726
rxn:2:96838:169305,0.1360060181617736,21726
rxn:2:120356:112875,0.1356060689145868,21726
rxn:2:116949:104467,0.1350577956154233,21726
rxn:2:116191:76255,0.1345916916926701,21726
rxn:2:118350:168989,0.1340824206670125,21726
rxn:2:81292:169305,0.1327539905905723,21726
rxn:1:61827:28931,0.1310998740403548,21726
rxn:2:114168:171231,0.1281696110963821,21726
rxn:2:141397:147330,0.1281292213333977,21726
rxn:2:117241:171231,0.1280428700976901,21726
rxn:2:72913:169412,0.1272050825449136,21726
rxn:1:65513:31063,0.1214352434873581,21726
rxn:2:108134:173089,0.1189670407253763,21726
rxn:2:116191:115092,0.107633009978703,21726
rxn:2:113171:170411,0.1468173106511434,21727
rxn:2:87625:169739,0.1442823577810216,21727
rxn:2:137534:156984,0.1439747139811516,21727
rxn:2:80433:170060,0.1434147284581111,21727
rxn:2:137534:152446,0.1397463540236155,21727
rxn:2:74541:172375,0.139361685322177,21727
rxn:2:76726:156984,0.1391103315353394,21727
rxn:2:140189:134351,0.1381036832219078,21727
rxn:2:167676:142183,0.1378443666866847,21727
rxn:2:118855:170060,0.1367803260132118,21727
rxn:2:85688:156984,0.136746066570282,21727
rxn:2:95380:171152,0.1366490483283996,21727
rxn:2:69935:97563,0.1361822523568805,21727
rxn:2:94771:170813,0.1357756536740523,21727
rxn:2:68710:70192,0.1337544651031494,21727
rxn:2:99080:96010,0.1329430053631464,21727
rxn:2:72583:170060,0.1329070114172422,21727
rxn:2:118048:169412,0.1324486420704768,21727
rxn:2:96821:169412,0.1323828215952273,21727
rxn:2:97024:97710,0.1319286974993619,21727
rxn:2:110768:173089,0.1318597348531087,21727
rxn:2:142033:172751,0.1316640366207469,21727
rxn:2:83604:172893,0.1316375934559366,21727
rxn:2:97063:171428,0.1313701912208839,21727
rxn:2:93066:169412,0.1296252732093517,21727
rxn:1:45220:723,0.1295407017072042,21727
rxn:2:132005:173089,0.1295077266364262,21727
rxn:2:107531:171734,0.1291685671806335,21727
rxn:2:119428:171231,0.122513214747111,21727
rxn:2:123503:152446,0.121600829064846,21727
rxn:2:124435:170060,0.1156220083236694,21727
rxn:2:74393:73323,0.0861864340932745,21727
rxn:2:95319:70192,0.1443177995681762,21728
rxn:2:141695:84708,0.1438389005661011,21728
rxn:2:68737:173089,0.1422636349995931,21728
rxn:2:116138:123403,0.1405879487162051,21728
rxn:2:120356:169810,0.1404240619751715,21728
rxn:2:109713:169412,0.1402023086547851,21728
rxn:2:98374:168058,0.1390332024672935,21728
rxn:2:85204:98873,0.1389774960279464,21728
rxn:2:135524:170235,0.1381390614168984,21728
rxn:2:108681:110334,0.1380607252120971,21728
rxn:2:89509:171246,0.1374066829681396,21728
rxn:2:141815:171231,0.1371279815147663,21728
rxn:2:117731:171423,0.1368531085826732,21728
rxn:2:88131:171231,0.1368053851304231,21728
rxn:2:97854:170235,0.1365093465362276,21728
rxn:2:141544:110041,0.1354933574086143,21728
rxn:2:77440:170813,0.1347081688734201,21728
rxn:2:94771:146828,0.13423996198745,21728
rxn:2:89554:108959,0.1328252485165229,21728
rxn:2:76009:108959,0.1326897392272949,21728
rxn:2:139383:170411,0.1323533033502513,21728
rxn:2:67434:170060,0.1322988986968994,21728
rxn:2:138592:119877,0.1314091020160251,21728
rxn:2:149197:108959,0.1304968825093022,21728
rxn:2:92194:172751,0.1301110544375011,21728
rxn:2:112728:173089,0.1298131699562072,21728
rxn:2:160401:107956,0.1293942642211914,21728
rxn:2:77371:112875,0.1281853085756302,21728
rxn:2:142033:170235,0.1279127524012611,21728
rxn:2:134099:169305,0.1201897451510796,21728
rxn:2:112350:95635,0.1185551886757214,21728
rxn:2:141397:89838,0.0842569087232862,21728
rxn:2:73235:170060,0.14709176699320475,21729
rxn:2:111961:142183,0.14317311048507692,21729
rxn:2:105108:169412,0.1427359031092736,21729
rxn:2:110866:169412,0.14201743911813808,21729
rxn:2:117897:170060,0.1418176416997556,21729
rxn:2:138085:169412,0.14054166833559673,21729
rxn:2:150732:170060,0.14018944963332144,21729
rxn:2:141847:170913,0.14000996152559916,21729
rxn:2:106940:169739,0.13943509702329282,21729
rxn:2:123503:172375,0.13903980127402712,21729
rxn:2:91777:172751,0.1388544019063314,21729
rxn:2:90275:170060,0.1382820339038454,21729
rxn:2:82287:173089,0.13758454720179242,21729
rxn:2:99084:170668,0.1374763396051195,21729
rxn:2:128825:173089,0.1356958696475396,21729
rxn:2:73365:173089,0.13565949155734133,21729
rxn:2:114485:169810,0.13373237309917324,21729
rxn:2:92382:170270,0.13360525170962018,21729
rxn:2:141397:172233,0.1333374239149548,21729
rxn:2:93026:172751,0.1328063292162759,21729
rxn:2:107531:68807,0.13051909267902376,21729
rxn:2:124637:169412,0.13038119430895206,21729
rxn:2:124805:173204,0.1299822108498935,21729
rxn:2:76332:172189,0.12982597992970396,21729
rxn:2:126471:171676,0.12918809446795235,21729
rxn:2:114506:110334,0.1264283049106598,21729
rxn:2:84778:170270,0.12558640241622926,21729
rxn:2:114984:170060,0.12527721432539135,21729
rxn:2:104224:171231,0.12238070214236225,21729
rxn:2:167169:138996,0.12086743818862097,21729
rxn:2:96712:172189,0.11286098338939525,21729
rxn:2:141397:94756,0.09337112733295985,21729
