Reactant analysis summary
========================================================================
Source:    /root/workspace/nova-4090/data/rxn3.csv
Molecules: 9107
Detail:    /root/workspace/nova-4090/data/rxn3_reactant_analysis.csv

------------------------------------------------------------------------
Position 1  (279 unique reactants)
------------------------------------------------------------------------
   reactant_id   count       avg_score       max_score
         54545     923   -4.7729726721    0.1244104553
         59937     799   -3.6507662634    0.1268698411
         52876     631   -1.4841708622    0.1309995111
         59969     431    0.0962453273    0.1217384709
         54200     349    0.0955476104    0.1209297912
         60054     308    0.0954256444    0.1164845607
         52219     276    0.0903624925    0.1169897165
         52491     221    0.0925741067    0.1134556915
         52959     187    0.0948751122    0.1150486590
         54615     185   -2.6051484977    0.1225003943
         59958     185    0.0915830055    0.1171648762
         59446     171    0.0860158599    0.1132685810
         52743     166    0.0950167483    0.1174215016
         61918     154   -9.6494785219    0.1224188025
         53630     145    0.0952305986    0.1183173735
         61930     134  -11.1034705268    0.1180651022
         46365     131    0.0915885911    0.1124921318
         53843     104    0.0813420794    0.1071110053
         54194     100    0.0937558731    0.1157527357
         53632     100    0.0884893914    0.1093003169
         60038      94    0.0917886068    0.1152355700
         54431      90    0.0946270125    0.1166359379
         54428      86    0.0976734782    0.1193628956
         51872      85    0.0922784256    0.1147441069
         53954      83    0.0930464130    0.1154106058
         52966      83    0.0903559072    0.1130878986
         52484      83    0.0913831351    0.1089428687
         50151      73    0.0355637618    0.0786021175
         54621      69    0.0901964265    0.1148219362
         64509      69    0.0886707013    0.1132709607
         52746      69    0.0962210921    0.1128163557
         54100      65    0.0937575341    0.1116984236
         62550      64    0.0912891659    0.1133149889
         54432      63    0.0850449543    0.1102319413
         52962      60    0.0912125602    0.1168056235
         49156      58    0.0674980737    0.1203613145
         60580      54    0.0499297229    0.1133258625
         60368      53    0.0922700191    0.1117343996
         40071      53    0.0944618914    0.1085581626
         49485      52    0.0923577145    0.1067153496
         51870      49    0.0890090231    0.1118089921
         49499      48    0.0944342319    0.1143286698
         56329      47    0.0855153959    0.1047416724
         54427      44    0.0938512850    0.1124735020
         60582      43    0.0460472959    0.1083456811
         43458      42    0.0832099708    0.1180625801
         61524      41    0.0781848883    0.1105488022
         52965      39    0.0878823119    0.1051092640
         61523      36    0.0895041640    0.1097387816
         54396      35    0.0942205526    0.1101727004
         54620      35    0.0929925367    0.1094236771
         58257      35    0.0912121666    0.1088057231
         53235      34    0.0924745623    0.1092787338
         56474      32    0.0811167196    0.1176628023
         53634      32    0.0878683580    0.1074166878
         52381      32    0.0864107949    0.1062470729
         54192      32    0.0899139904    0.1043308950
         52722      31    0.0949447965    0.1116081331
         59818      31    0.0930037466    0.1058834083
         52482      29    0.0879569481    0.0991002179
         54405      28    0.0926612160    0.1130847372
         56510      28    0.0877489385    0.1055442299
         57294      27    0.0873994490    0.1063692312
         59990      27    0.0846878254    0.0997988582
         49821      26    0.0631820347    0.1062816324
         53691      26    0.0877610078    0.0996857536
         55245      25    0.0826714091    0.1033528552
         59842      24    0.1117884709    0.1297882103
         64208      24    0.0906145328    0.1106230430
         46060      24    0.0826930076    0.1076639329
         55465      23    0.0846753082    0.1044497302
         56856      22    0.0905161769    0.1084815783
         53842      22    0.0855389408    0.0983412945
         54411      21    0.0897033034    0.1165501972
         54518      20    0.0797319027    0.1114649450
         50033      20    0.0867419681    0.1020184149
         50150      19    0.0782293254    0.1140756488
         52717      19    0.0671710809    0.1060386961
         50439      19    0.0765437267    0.1052585464
         54519      18    0.0920516931    0.1073661268
         58334      18    0.0719725500    0.1072201148
         53957      18    0.0901572359    0.1026661754
         59957      17    0.0874361003    0.0979393413
         50873      16    0.0877661046    0.1129164178
         51042      15    0.0921874209    0.1045798570
         52096      15    0.0859083944    0.0984747764
         52707      14    0.0841235789    0.1064092146
         56461      14    0.0869561431    0.1016277123
         51006      13    0.0866086841    0.1053701456
         54804      13    0.0894373453    0.1037360203
         56732      13    0.0844065839    0.1012010123
         55584      12    0.0849708750    0.1032093406
         49115      12    0.0836575752    0.1020386783
         51060      11    0.0928766752    0.1138931421
         52748      11    0.0920977479    0.1081608683
         54617      11    0.0872388812    0.1026932995
         58591      11    0.0877284048    0.0981364588
         50034      11    0.0851042552    0.0979097540
         52963      10    0.0837985493    0.1000339091
         56874      10    0.0802478343    0.0986344540
         49823      10    0.0763529837    0.0948807194
         45558      10    0.0788536012    0.0914110839
         56926       9    0.0762088606    0.0955670580
         65150       9    0.0763685122    0.0916993991
         62479       9    0.0633754402    0.0888727616
         55887       8    0.0802638535    0.1046302747
         46253       8    0.0919180528    0.1037042711
         56473       8    0.0799032470    0.1008217915
         56158       8    0.0920781365    0.1002524863
         52489       8    0.0751005392    0.0987057911
         63484       8    0.0876584973    0.0968724677
         56875       8    0.0844811652    0.0942885186
         43417       7    0.1157771580    0.1235601767
         46427       7    0.0879252323    0.1014117198
         51290       7    0.0885165704    0.0989425927
         40856       7    0.0662892373    0.0983805977
         54196       7    0.0793442424    0.0982931131
         51936       7    0.0783002093    0.0942633442
         63408       7    0.0847684871    0.0933497064
         52849       7    0.0788521148    0.0929290620
         50980       7    0.0760557320    0.0901693019
         62466       7    0.0787928148    0.0873891341
         56119       6    0.0992478627    0.1027233125
         55243       6    0.0746846714    0.1023948799
         52716       6    0.0936110372    0.1013661498
         50699       6    0.0780378147    0.1003707838
         54852       6    0.0922999536    0.0994035516
         54412       6    0.0922129779    0.0989107813
         54198       6    0.0835065764    0.0934108367
         56299       6    0.0833043821    0.0888913678
         50426       6    0.0686058748    0.0879967034
         55884       6    0.0820991470    0.0872096758
         52742       5    0.0736095604    0.0982835740
         46364       5    0.0893942290    0.0964993207
         56493       5    0.0809398970    0.0956236546
         56470       5    0.0849108499    0.0953515799
         58592       5    0.0799995913    0.0903622210
         50983       5    0.0786595084    0.0839452384
         62633       5    0.0713065096    0.0806326003
         46430       5    0.0534784939    0.0776698977
         50435       4    0.0778013800    0.1052334217
         60588       4    0.0715182983    0.1023409057
         46054       4    0.0694054052    0.1001726091
         45961       4    0.0747915142    0.0973762390
         56114       4    0.0851433503    0.0962368477
         51021       4    0.0897921380    0.0961426275
         65227       4    0.0810620938    0.0961316511
         50700       4    0.0873979014    0.0957455486
         40948       4    0.0853914653    0.0950446154
         45168       4    0.0834415734    0.0942846771
         41437       4    0.0764746584    0.0857010264
         63635       4    0.0694610874    0.0761866540
         62323       4    0.0521079166    0.0689707228
         61929       3    0.0906156292    0.1087153753
         51022       3    0.1017118964    0.1049162157
         56855       3    0.0938723497    0.0995532251
         62035       3    0.0826659602    0.0979885861
         58111       3    0.0939686708    0.0975916065
         55881       3    0.0706616168    0.0969488223
         46621       3    0.0845029002    0.0964658198
         53157       3    0.0914322384    0.0962298604
         46239       3    0.0823093276    0.0957715237
         54193       3    0.0828527101    0.0954597113
         51018       3    0.0882578551    0.0953761019
         55311       3    0.0815382413    0.0933847524
         64382       3    0.0830202751    0.0910487179
         56434       3    0.0749169597    0.0906604802
         49819       3    0.0862744853    0.0899576310
         52848       3    0.0872680409    0.0893690967
         56298       3    0.0840286351    0.0868437048
         55593       3    0.0765405032    0.0864249570
         63598       3    0.0764282975    0.0821684219
         52964       3    0.0634763980    0.0792013378
         49824       3    0.0535133583    0.0748678352
         52222       3    0.0497651637    0.0668704493
         55246       3    0.0218507085    0.0304865554
         62284       2    0.0970172997    0.1078952456
         48016       2    0.1011090449    0.1064167751
         54197       2    0.0970627064    0.1042246024
         51423       2    0.0986890056    0.1041865235
         56113       2    0.0867478036    0.1026268710
         50708       2    0.0973478586    0.1005251683
         54788       2    0.0957694790    0.0986290783
         55874       2    0.0876240661    0.0920176274
         50844       2    0.0899083805    0.0910607846
         43509       2    0.0899607173    0.0906522655
         54406       2    0.0752674190    0.0904330110
         46256       2    0.0826463161    0.0889991828
         63492       2    0.0829146004    0.0875319964
         49937       2    0.0860946841    0.0864255143
         65277       2    0.0810212280    0.0852297370
         62154       2    0.0809388105    0.0841571496
         61795       2    0.0826657826    0.0838361777
         50843       2    0.0715695247    0.0831218638
         40003       2    0.0517452885    0.0823041110
         57627       2    0.0783910280    0.0802028775
         50430       2    0.0739262984    0.0753758319
         55878       2    0.0657774292    0.0750780678
         52483       2    0.0399708792    0.0715096161
         50431       2    0.0552938975    0.0653919692
         50841       2    0.0577303399    0.0620193465
         62888       2    0.0539866248    0.0548256044
         60338       2    0.0443052358    0.0452333119
         56722       2    0.0333386272    0.0397379089
         55244       2    0.0168928930    0.0353736262
         55586       2    0.0179443491    0.0222624219
         61928       1    0.1097068317    0.1097068317
         57628       1    0.0994428735    0.0994428735
         52223       1    0.0980738966    0.0980738966
         50434       1    0.0951827208    0.0951827208
         58130       1    0.0946411055    0.0946411055
         40562       1    0.0933792889    0.0933792889
         50657       1    0.0916833408    0.0916833408
         63237       1    0.0897936546    0.0897936546
         55883       1    0.0886568791    0.0886568791
         64795       1    0.0879376324    0.0879376324
         46055       1    0.0875621986    0.0875621986
         44848       1    0.0869405793    0.0869405793
         54618       1    0.0847861824    0.0847861824
         51469       1    0.0843525746    0.0843525746
         52875       1    0.0833567789    0.0833567789
         58665       1    0.0822235686    0.0822235686
         49127       1    0.0818853940    0.0818853940
         50663       1    0.0794984970    0.0794984970
         49518       1    0.0783509413    0.0783509413
         63963       1    0.0775434094    0.0775434094
         58105       1    0.0761960685    0.0761960685
         53635       1    0.0760455557    0.0760455557
         51495       1    0.0759028611    0.0759028611
         48101       1    0.0756657299    0.0756657299
         40785       1    0.0715994537    0.0715994537
         63332       1    0.0696918737    0.0696918737
         54404       1    0.0676120330    0.0676120330
         58340       1    0.0653111939    0.0653111939
         41118       1    0.0628000920    0.0628000920
         54195       1    0.0497903837    0.0497903837
         57295       1    0.0486662045    0.0486662045
         63988       1    0.0448376954    0.0448376954
         46433       1    0.0431802153    0.0431802153
         64480       1    0.0425935023    0.0425935023
         51023       1    0.0422474993    0.0422474993
         65514       1    0.0417685102    0.0417685102
         62737       1    0.0405170187    0.0405170187
         62653       1    0.0396051370    0.0396051370
         51050       1    0.0391360186    0.0391360186
         49882       1    0.0378668393    0.0378668393
         64524       1    0.0376723294    0.0376723294
         50436       1    0.0375566374    0.0375566374
         57883       1    0.0372762963    0.0372762963
         52713       1    0.0361432847    0.0361432847
         53633       1    0.0354826175    0.0354826175
         62819       1    0.0330358050    0.0330358050
         62779       1    0.0323845881    0.0323845881
         64679       1    0.0285881412    0.0285881412
         65445       1    0.0280928424    0.0280928424
         50667       1    0.0276312624    0.0276312624
         40559       1    0.0276071749    0.0276071749
         65314       1    0.0270063577    0.0270063577
         61917       1    0.0251014742    0.0251014742
         46058       1    0.0250275002    0.0250275002
         40787       1    0.0221089392    0.0221089392
         65492       1    0.0216569935    0.0216569935
         63706       1    0.0214013098    0.0214013098
         52485       1    0.0171724494    0.0171724494
         56128       1    0.0166578053    0.0166578053
         58115       1    0.0161798081    0.0161798081
         52492       1    0.0148974705    0.0148974705
         63787       1    0.0126315022    0.0126315022
         60637       1    0.0104777990    0.0104777990
         46343       1    0.0084394363    0.0084394363
         46258       1    0.0066044018    0.0066044018
         46249       1    0.0050148890    0.0050148890
         45154       1    0.0038001224    0.0038001224
         54935       1    0.0030882680    0.0030882680
         51561       1   -0.0058461918   -0.0058461918
         56242       1   -0.0060268121   -0.0060268121
         56160       1   -0.0078415035   -0.0078415035
         52744       1   -0.0078950164   -0.0078950164
         50655       1   -0.0085686933   -0.0085686933

------------------------------------------------------------------------
Position 2  (442 unique reactants)
------------------------------------------------------------------------
   reactant_id   count       avg_score       max_score
          1305     747   -2.5808858892    0.1309995111
          7694     418    0.0958114329    0.1204535459
         39010     364   -1.2747047003    0.1208092570
          6387     266   -3.6634994925    0.1228206481
          7692     240    0.0990528416    0.1230762104
          7654     227    0.0965892569    0.1235981313
         31525     221   -8.9542072344    0.1297882103
         38195     190   -2.5351376305    0.1190919558
         31649     186    0.0965537318    0.1217384709
         32201     168    0.0977293178    0.1229508519
          5864     162    0.0945900381    0.1155188728
         17983     156    0.0966635878    0.1194174504
         14045     150    0.0939500852    0.1214523477
         38328     149    0.0943939084    0.1147925513
          8721     143    0.0976969443    0.1244104553
         32379     142   -3.4271283603    0.1202164404
         32254     133   -3.6627034996    0.1163989251
         38534     133   -3.6652986706    0.1144459973
          7401     132    0.0928436261    0.1182898671
           413     122    0.0970490514    0.1253421516
         32025     119    0.0957931647    0.1184182252
         30489     117    0.1004499900    0.1268698411
          6384     116    0.0963270495    0.1190919558
         27782     101    0.0928505495    0.1203579210
          2503     101    0.0373421322    0.1052585464
          5439      94   -5.2239544987    0.1236284956
         37814      94    0.0964665221    0.1166732468
          7655      92    0.0987818779    0.1228963023
         34475      92    0.0949361660    0.1169997767
          1306      90    0.0963619996    0.1157527357
          5565      82    0.0947460677    0.1097084593
         39405      81    0.0921151137    0.1209297912
         38763      79    0.0921762677    0.1214989494
           411      78    0.0959357206    0.1233457610
          2530      74    0.0956070444    0.1225003943
         38306      74    0.0950444014    0.1188586222
          3864      68    0.0996228065    0.1187018072
          7399      67   -7.3707388323    0.1163954026
         39443      59    0.0889213642    0.1191224916
         31346      57    0.0947510651    0.1166715459
         38356      56    0.0900579996    0.1118089921
         39780      53    0.0948483673    0.1132543171
         39372      52    0.0911477990    0.1145697812
         28567      52    0.0927023218    0.1103795066
          6149      48    0.1007870845    0.1226379350
         39005      48    0.0907763838    0.1168736560
         27942      47    0.0912382971    0.1193271596
         38287      45    0.0928065256    0.1106811385
         38811      44    0.0964523524    0.1123236895
          2565      43    0.0927908934    0.1112304908
          6377      42    0.0937422109    0.1220261938
         38610      42    0.0956281343    0.1171767389
         31491      40  -12.4085281072    0.1202842202
         31235      38    0.0932789966    0.1091681841
          6137      37    0.0899488138    0.1183390232
         39055      36    0.0946072080    0.1171519404
          7664      36    0.0899353585    0.1148029506
            17      35    0.0904507472    0.1143324477
          6427      34    0.0445374336    0.1133258625
         14049      34    0.0884922992    0.1087096301
          6441      34    0.0880629425    0.1052334217
         38326      33    0.0936327130    0.1161405052
          2875      33    0.0936610295    0.1142210584
         31441      31    0.0859259676    0.1108892911
          7668      31    0.0896474365    0.1071335834
          6359      30    0.0893297564    0.1165303911
           360      30    0.0951106678    0.1138999432
          6378      29    0.0928472619    0.1150487500
          9307      29    0.0914516872    0.1121632541
          6998      29    0.0860976221    0.1073917888
         31220      28    0.0951137017    0.1154334228
          7693      28    0.0850484261    0.1067486421
         39393      27    0.0901390674    0.1116728340
           395      27    0.0949419876    0.1100934416
           442      26    0.0951026936    0.1065831710
          2589      25    0.0910657602    0.1103059433
          6373      25    0.0908383327    0.1097843268
          6385      25    0.0934524885    0.1085516775
          6999      25    0.0870504245    0.1050325382
         18162      24    0.0877402524    0.1073932299
         39395      23    0.0897184758    0.1162713394
         37769      23    0.0547534424    0.1083456811
          3654      23    0.0889866598    0.1078288823
          6425      22    0.0911430183    0.1097387816
         31041      22    0.0918760050    0.1061273249
          6391      22    0.0880861855    0.1049369898
          6422      21    0.0463930538    0.1045683523
         31795      21    0.0894708306    0.1009362834
          6147      20    0.0951708657    0.1151615977
          6364      19  -26.2235113111    0.1155091073
          1890      19    0.0894366866    0.1100530089
          7141      19  -26.2301607214    0.1094204451
         37476      18    0.0924373774    0.1083072907
         23873      18    0.0914447790    0.1076640591
           381      16    0.0900255339    0.1148411883
          7660      16    0.0919281686    0.1144807763
           430      16    0.0990683860    0.1114649450
         38283      16    0.0955700780    0.1089835525
         37805      16    0.0822437290    0.1083006346
           179      15    0.1079223062    0.1191533916
         38842      15    0.0984019742    0.1148414863
         31476      15    0.0925653985    0.1006121693
          6148      14    0.0950993596    0.1159138270
         16924      14    0.1006070677    0.1135896585
         39336      14    0.0835210872    0.1129728969
          7697      14    0.0893654378    0.1103575756
         30453      13    0.0767851942    0.1057014836
          5469      13    0.0921746691    0.1039352234
         10393      13    0.0899830821    0.1002416438
         32082      12    0.0861655445    0.1164570791
         16841      12    0.0952715083    0.1121148288
         37715      12    0.0606165931    0.1111324951
         30291      12    0.0896351931    0.1111175724
         35036      12    0.0837553744    0.1056825299
          1066      12    0.0924490469    0.1001053733
          6438      12    0.0435465241    0.0965956271
          2946      11    0.0970413707    0.1179135384
         31939      11    0.0903685247    0.1177972136
          7147      11  -45.3615867531    0.1143554994
          2974      11    0.1049909029    0.1133670895
         33027      11    0.0833405020    0.1132685810
         17601      11    0.0671506448    0.1093436517
          6381      11    0.0893298606    0.1073665538
          1887      11    0.0896980376    0.1055625724
          8753      11    0.0807836187    0.1011253165
         31256      11    0.0869807937    0.1004770021
          3937      11    0.0904445731    0.0991792433
          3066      10    0.0928266384    0.1098115146
          7698      10    0.0879820155    0.1090400237
           359      10    0.0966903478    0.1082858098
         10448      10    0.0902246654    0.1053197197
         31790      10    0.0873188899    0.0998618396
          6424      10    0.0427667654    0.0729420770
         37853       9    0.0931138486    0.1235601767
         38699       9    0.0748569092    0.1110707300
         29051       9    0.0932553870    0.1106230430
         30464       9    0.0762358209    0.1102893752
          2985       9    0.0875167053    0.1077299356
         31852       9    0.0891716242    0.1047181040
           427       9    0.0878787147    0.1044930464
          1067       9    0.0564911868    0.1013828824
          2089       8    0.1012625462    0.1139427026
         31170       8    0.0618495166    0.1133941729
         31765       8    0.0989035265    0.1095806566
          7661       8    0.0936487412    0.1068899299
         39459       8    0.0728045927    0.1045180631
           357       8    0.0645299018    0.1027980262
          6215       8    0.0940242002    0.1003790642
          7667       7    0.0984949059    0.1107970941
           465       7    0.0796855930    0.1053394993
         28920       7    0.0931368957    0.0998236269
          6435       7    0.0366203922    0.0531789869
         14599       6    0.0845561280    0.1167511090
         37896       6    0.0807431279    0.1159649640
          1371       6    0.0846779709    0.1112304565
         14995       6    0.0807522120    0.1103530331
          2360       6    0.0872468733    0.1101629460
         18618       6    0.0929115396    0.1027687941
         17988       6    0.0914190695    0.0994428735
         22938       5    0.0897918080    0.1215228823
         14600       5    0.0887704740    0.1152056203
          6320       5    0.0916451243    0.1115598037
          2625       5    0.0825520768    0.1114121694
         38676       5    0.0939274048    0.1113328212
         38765       5    0.0827732889    0.1100314416
         38364       5    0.0917586167    0.1093820132
          1251       5    0.0763262824    0.1090852674
          5468       5    0.0943204313    0.1076910697
         39720       5    0.0928383993    0.1075748467
          6383       5    0.0885462407    0.1048656907
         38977       5    0.0650465779    0.1033034042
          1258       5    0.0915745416    0.1030615047
         31499       5    0.0877797226    0.1006468643
         31291       5    0.0845887952    0.1002642270
          6388       5    0.0898140400    0.0972525372
           390       5    0.0910677406    0.0966365950
         35065       5    0.0619388677    0.0881989767
         10480       5    0.0730373961    0.0810684934
          6362       4    0.0981659574    0.1136719232
          3197       4    0.0796767273    0.1125212727
          2529       4  -124.9095476831    0.1119660888
          6146       4    0.0788328945    0.1107676454
         23903       4    0.0652692420    0.1107130583
         38943       4    0.0895651499    0.1106594388
         39067       4    0.0854036404    0.1065107988
         35061       4    0.0875437428    0.1052296951
         18720       4    0.0546861303    0.1050501412
          7653       4    0.0973845806    0.1049560351
         32592       4    0.0932074344    0.1041326579
         38366       4    0.0860249756    0.0997111094
         38843       4    0.0607676372    0.0980190714
          1079       4    0.0569910710    0.0965261426
         27804       4    0.0730380082    0.0963541302
          6419       4    0.0886274664    0.0961689025
         38703       4    0.0814799785    0.0937239726
         31762       4    0.0641937573    0.0900680432
           367       4    0.0795740805    0.0855061627
         38961       3    0.1085719312    0.1171648762
          6440       3    0.0861682159    0.1108385452
         18034       3    0.0906957673    0.1063692312
          6428       3    0.0897987054    0.1055148587
         34520       3    0.0914023816    0.1052890580
          2739       3    0.0951991289    0.1000068282
          6439       3    0.0891722560    0.0989694017
         31672       3    0.0951760667    0.0984611511
         18044       3    0.0817445509    0.0972441071
          2666       3    0.0863496826    0.0966175810
         10499       3    0.0815526757    0.0948174927
         16849       3    0.0933504611    0.0944550857
          6356       3    0.0879111100    0.0935761621
          1167       3    0.0908711203    0.0931219969
          3882       3    0.0896354841    0.0921265898
           391       3    0.0854012911    0.0902689497
           544       3    0.0744376347    0.0891903043
         31339       3    0.0739455883    0.0876366841
          6678       3    0.0760627918    0.0866941015
          1920       3    0.0748742812    0.0799446603
          6360       3    0.0717513406    0.0767975698
           290       3    0.0291477363    0.0330000248
         22935       2    0.0720347975    0.1141918674
         38579       2    0.0728889048    0.1119338498
         22934       2    0.0953652790    0.1076025512
           340       2    0.0964067630    0.1071550846
         32195       2    0.0910759996    0.1063584968
         17654       2    0.0982960105    0.1059620567
         18614       2    0.1016655976    0.1054483266
          7400       2    0.1030715372    0.1046941985
         38880       2    0.0979846097    0.1042246024
          2187       2    0.0793085481    0.1036752640
         18031       2    0.0931764691    0.1023948799
         18010       2    0.1021564496    0.1021649807
         38166       2    0.1003244627    0.1020654887
         18723       2    0.0979543870    0.1015351857
          6452       2    0.0972436827    0.0991436579
         16783       2    0.0940316782    0.0990716823
         17552       2    0.0854129074    0.0989177159
         36046       2    0.0955343483    0.0982624054
          6367       2    0.0816788757    0.0978165916
          7805       2    0.0840048949    0.0977358068
          6432       2    0.0897312431    0.0976746455
           464       2    0.0968406183    0.0975840795
         17548       2    0.0706023100    0.0967314904
           428       2    0.0964577650    0.0964879822
         16799       2    0.0909389691    0.0961269190
         31592       2    0.0902785144    0.0957173778
          6124       2    0.0764709441    0.0954215050
          7625       2    0.0710461904    0.0946979107
          7657       2    0.0900655297    0.0946359371
           160       2    0.0891465539    0.0929204045
         16829       2    0.0907007556    0.0927470355
          6420       2    0.0732759624    0.0916833408
         10500       2    0.0847912299    0.0914170618
           376       2    0.0870735073    0.0888853258
         37763       2    0.0842220906    0.0886568791
           429       2    0.0832591555    0.0865680183
         37835       2    0.0774929764    0.0853684563
         27770       2    0.0754704151    0.0848765820
         32167       2    0.0821123239    0.0842615802
         31555       2    0.0698644242    0.0835621325
           441       2    0.0717153125    0.0830217702
          7717       2    0.0764520674    0.0825014500
          2176       2    0.0629578595    0.0810780236
         16842       2    0.0719258336    0.0803250477
          1881       2    0.0727958596    0.0797422890
         31829       2    0.0705676189    0.0760409850
         11990       2    0.0454851742    0.0737978989
          6389       2    0.0719726774    0.0737370402
         18019       2    0.0668735380    0.0734823376
          7626       2    0.0512349144    0.0719131994
         38574       2    0.0621914024    0.0689022197
         29224       2    0.0503475671    0.0634188380
         38372       2    0.0559564485    0.0604317329
         34501       2    0.0490080443    0.0507007495
         39087       2    0.0437169463    0.0489467344
           287       2    0.0362080641    0.0430382315
          2227       2    0.0409263181    0.0422474993
         37211       2    0.0200939800    0.0275564579
         16816       2    0.0189202248    0.0214013098
         31185       1    0.1085093429    0.1085093429
         16807       1    0.1080882122    0.1080882122
         32262       1    0.1080392284    0.1080392284
         35058       1    0.1077932980    0.1077932980
           339       1    0.1064928712    0.1064928712
         19337       1    0.1039994616    0.1039994616
          8658       1    0.1038850797    0.1038850797
          6492       1    0.1035544872    0.1035544872
         19336       1    0.1034006732    0.1034006732
         17984       1    0.1032093406    0.1032093406
         28271       1    0.1027442353    0.1027442353
             8       1    0.1016594849    0.1016594849
           341       1    0.1008500971    0.1008500971
         27780       1    0.1002210736    0.1002210736
         31800       1    0.1001798677    0.1001798677
         27803       1    0.1000783667    0.1000783667
          2719       1    0.0998606227    0.0998606227
         24101       1    0.0990868012    0.0990868012
         16895       1    0.0988227897    0.0988227897
         31365       1    0.0986707455    0.0986707455
         18624       1    0.0984638608    0.0984638608
         38870       1    0.0979389443    0.0979389443
         14406       1    0.0969097507    0.0969097507
         11750       1    0.0964256122    0.0964256122
         31848       1    0.0963697564    0.0963697564
         36899       1    0.0961263747    0.0961263747
          5564       1    0.0959810658    0.0959810658
          5559       1    0.0959617087    0.0959617087
           462       1    0.0956922079    0.0956922079
          6414       1    0.0956749338    0.0956749338
          6372       1    0.0955951972    0.0955951972
          1299       1    0.0955233197    0.0955233197
         14047       1    0.0954676182    0.0954676182
          2542       1    0.0953133217    0.0953133217
          7344       1    0.0949843463    0.0949843463
         38325       1    0.0948341853    0.0948341853
           337       1    0.0944152945    0.0944152945
           566       1    0.0941906010    0.0941906010
          6219       1    0.0938184687    0.0938184687
          2996       1    0.0934952535    0.0934952535
          6445       1    0.0934237932    0.0934237932
          7722       1    0.0925161605    0.0925161605
          6494       1    0.0924098780    0.0924098780
             9       1    0.0918643966    0.0918643966
          1858       1    0.0917835717    0.0917835717
          6474       1    0.0915888564    0.0915888564
         17991       1    0.0913604163    0.0913604163
         37843       1    0.0912417117    0.0912417117
         27893       1    0.0907664512    0.0907664512
         39693       1    0.0907258119    0.0907258119
         37392       1    0.0905576068    0.0905576068
          7001       1    0.0904991612    0.0904991612
          3040       1    0.0903778550    0.0903778550
         39774       1    0.0903337309    0.0903337309
         28730       1    0.0901066354    0.0901066354
          6144       1    0.0898996900    0.0898996900
           491       1    0.0894642968    0.0894642968
           394       1    0.0884767198    0.0884767198
         31833       1    0.0874337133    0.0874337133
          6436       1    0.0873734839    0.0873734839
          6123       1    0.0867392732    0.0867392732
         23807       1    0.0863710540    0.0863710540
         32709       1    0.0861105800    0.0861105800
          3694       1    0.0846822544    0.0846822544
         32206       1    0.0820674481    0.0820674481
          6355       1    0.0799197704    0.0799197704
          7624       1    0.0798507160    0.0798507160
         27773       1    0.0796639630    0.0796639630
          5477       1    0.0794531211    0.0794531211
         32251       1    0.0793149724    0.0793149724
          8725       1    0.0792416732    0.0792416732
         31589       1    0.0767056430    0.0767056430
         38858       1    0.0760329925    0.0760329925
         31732       1    0.0751726539    0.0751726539
          3914       1    0.0745130161    0.0745130161
          6145       1    0.0735300409    0.0735300409
          6136       1    0.0726090670    0.0726090670
          2927       1    0.0720848152    0.0720848152
         18724       1    0.0719763120    0.0719763120
          2641       1    0.0691220500    0.0691220500
          2903       1    0.0677157179    0.0677157179
         31798       1    0.0666253551    0.0666253551
          2248       1    0.0664504766    0.0664504766
          7155       1    0.0663306679    0.0663306679
          5474       1    0.0661021145    0.0661021145
          3122       1    0.0657500682    0.0657500682
         16822       1    0.0640978473    0.0640978473
         39712       1    0.0635751248    0.0635751248
          1149       1    0.0620787827    0.0620787827
          6778       1    0.0619491524    0.0619491524
         38335       1    0.0600632792    0.0600632792
           971       1    0.0593392940    0.0593392940
         17567       1    0.0592259698    0.0592259698
          8678       1    0.0576144792    0.0576144792
         23811       1    0.0561082421    0.0561082421
         31326       1    0.0545610019    0.0545610019
         27771       1    0.0535405379    0.0535405379
          6403       1    0.0531476453    0.0531476453
          5527       1    0.0526872743    0.0526872743
         19219       1    0.0512177916    0.0512177916
           412       1    0.0511034558    0.0511034558
         12138       1    0.0502929201    0.0502929201
         38764       1    0.0497903837    0.0497903837
         38974       1    0.0496661261    0.0496661261
         34504       1    0.0496169250    0.0496169250
          1780       1    0.0479406438    0.0479406438
         28592       1    0.0476927578    0.0476927578
         28948       1    0.0471742763    0.0471742763
          1728       1    0.0452333119    0.0452333119
         38355       1    0.0440913141    0.0440913141
          5970       1    0.0435921044    0.0435921044
         32621       1    0.0433771597    0.0433771597
           881       1    0.0429228445    0.0429228445
         36001       1    0.0425935023    0.0425935023
         17992       1    0.0411308098    0.0411308098
         12157       1    0.0405170187    0.0405170187
         39781       1    0.0403276408    0.0403276408
          9202       1    0.0398396893    0.0398396893
         21267       1    0.0391360186    0.0391360186
         27834       1    0.0376723294    0.0376723294
         28369       1    0.0373298926    0.0373298926
          7402       1    0.0361068912    0.0361068912
         31337       1    0.0353736262    0.0353736262
          2866       1    0.0330358050    0.0330358050
          6504       1    0.0325908484    0.0325908484
         23130       1    0.0318452053    0.0318452053
          8711       1    0.0305276397    0.0305276397
         18559       1    0.0304865554    0.0304865554
          6876       1    0.0285881412    0.0285881412
         36920       1    0.0280928424    0.0280928424
         37440       1    0.0276071749    0.0276071749
         16372       1    0.0270063577    0.0270063577
         31186       1    0.0269791705    0.0269791705
         17620       1    0.0269393454    0.0269393454
         18011       1    0.0251014742    0.0251014742
         11679       1    0.0250275002    0.0250275002
          6411       1    0.0246324056    0.0246324056
           180       1    0.0219956830    0.0219956830
          6386       1    0.0216569935    0.0216569935
           417       1    0.0211864659    0.0211864659
         19700       1    0.0200403914    0.0200403914
         17872       1    0.0180169478    0.0180169478
         19123       1    0.0178935779    0.0178935779
         23033       1    0.0171159896    0.0171159896
         23777       1    0.0161798081    0.0161798081
         28591       1    0.0150251788    0.0150251788
          1179       1    0.0148974705    0.0148974705
         18673       1    0.0129350760    0.0129350760
         35117       1    0.0125414193    0.0125414193
         19497       1    0.0104777990    0.0104777990
         27846       1    0.0084394363    0.0084394363
         31916       1    0.0066736402    0.0066736402
          7305       1    0.0066044018    0.0066044018
         17665       1    0.0038001224    0.0038001224
         17856       1    0.0030882680    0.0030882680
         37072       1   -0.0008769214   -0.0008769214
         16286       1   -0.0015878401   -0.0015878401
         27875       1   -0.0058461918   -0.0058461918
          3094       1   -0.0060268121   -0.0060268121
          3675       1   -0.0078415035   -0.0078415035
          5182       1   -0.0078950164   -0.0078950164
          7680       1   -0.0085686933   -0.0085686933
         37866       1  -499.9441530160  -499.9441530160
         37729       1  -499.9473049813  -499.9473049813

------------------------------------------------------------------------
Position 3  (1869 unique reactants)
------------------------------------------------------------------------
   reactant_id   count       avg_score       max_score
        103193     263   -1.7997748429    0.1297882103
         67547     257   -5.7355528997    0.1214001807
         81565     181    0.1001280157    0.1239419862
        160657     167    0.0983589824    0.1253421516
         86939     145   -3.3468348336    0.1225003943
        140179     132   -7.4796479401    0.1202842202
         84545     105    0.1010287850    0.1206622317
        100526     102   -4.8006272959    0.1214523477
         93764      98    0.1041342146    0.1193255257
         87956      72    0.0959044957    0.1168954321
         99989      70    0.1029515243    0.1201970884
        119000      68   -7.2521544852    0.1212018316
         91344      66    0.0986884959    0.1309995111
         69450      66    0.0997178726    0.1167967476
         98272      65   -7.5920004610    0.1190919558
        130015      62    0.0965405422    0.1224677291
        102514      55   -8.9970201323    0.1268698411
        138803      54    0.1020067597    0.1199597987
         71082      54    0.0946673189    0.1153662375
         69818      48    0.0985053301    0.1236284956
         86603      48    0.0927537200    0.1166639871
        121407      47    0.1003405253    0.1244104553
         69550      44    0.0994632535    0.1206020068
         97665      44    0.1006717219    0.1174934531
         92507      43    0.0957956790    0.1157461993
        106448      43    0.0881927773    0.1057867793
         97183      41    0.0959190290    0.1169209052
        113817      41    0.0956279100    0.1146151064
         93475      40    0.0951001340    0.1235981313
         69875      40    0.1030522569    0.1170208752
        110290      40    0.0907693945    0.1077751902
        134539      39    0.0907444188    0.1079932516
         67656      38    0.0985531974    0.1233457610
        100092      38    0.0958251314    0.1204960292
        105789      38    0.0917300042    0.1105031386
        132123      37    0.0949926675    0.1195607168
         97941      36    0.0970048289    0.1184725039
         68997      36    0.0953670209    0.1170745352
         81388      36    0.0996332821    0.1127368089
         85242      36    0.0978015013    0.1115879086
        131269      35    0.0961441158    0.1187018072
         82076      35    0.0901199381    0.1111326547
        148585      35    0.0979230986    0.1098115146
        120301      33    0.0957682029    0.1105878598
        107045      33    0.0935147274    0.1085022790
        113363      32    0.1024078404    0.1189530704
         88863      31    0.0937825729    0.1230762104
         86223      31    0.1030108075    0.1203198127
        116691      31    0.0989017069    0.1188202824
        141397      30    0.0932682604    0.1140756488
        122364      29    0.0979294801    0.1171671796
        111146      29    0.0997138610    0.1145724984
         75391      29    0.1007595310    0.1142682830
        137772      29    0.0971151994    0.1134661541
        126167      28    0.0949811814    0.1063516587
        104005      27    0.0936594363    0.1228963023
         83261      27    0.0989574395    0.1178866203
        114254      27    0.0985645345    0.1174167332
        123290      27    0.0995289924    0.1143167844
        117576      27    0.0925827204    0.1130753015
         68555      27    0.0910352024    0.1116219221
        135468      27    0.0957966802    0.1085581626
        115003      26    0.0931206634    0.1169897165
         85341      26  -19.1339052118    0.1152704947
        105454      26    0.0914781921    0.1127624481
        124024      25    0.0990036991    0.1170730450
        135052      25    0.1000805725    0.1134556915
         86076      25    0.0974040204    0.1105862848
        113902      25    0.0837560397    0.1075149641
        110509      24    0.0997884826    0.1154554092
        113520      24    0.0925510183    0.1151599254
        108348      24    0.0968765156    0.1139932710
        106574      24    0.0923547051    0.1090834737
         85499      24    0.0942019698    0.1083674258
        112457      24    0.0961155599    0.1037019860
        123146      23    0.0980834405    0.1162203176
        101539      23    0.0853749053    0.1093396293
         71719      22    0.0911959871    0.1228206481
        103643      22  -22.6285537350    0.1208345352
        104428      22  -22.6316460986    0.1139427026
        138016      22    0.0972642412    0.1120110842
        104029      22    0.0935698027    0.1081644022
        117532      21    0.0979790905    0.1172351982
        100468      21    0.0953156625    0.1133331029
         79415      20    0.0924446135    0.1129771150
         72859      20    0.0955111965    0.1113570678
         66238      20    0.0887113984    0.1085083864
         68588      20    0.0921289112    0.1072116144
        111877      19    0.0885101173    0.1149525209
        129785      19    0.0948956195    0.1145018917
         93981      19    0.0860378217    0.1067153496
        132325      19    0.0922998404    0.1062706816
         77354      18    0.0995560984    0.1168736560
        126896      18    0.0924591173    0.1118885004
         96152      18    0.0867034637    0.1111402687
        140779      18    0.0908707331    0.1089766362
        104107      18    0.0984685390    0.1076451173
        107436      17    0.0923058322    0.1190919558
        134326      17    0.0963484959    0.1174571545
        101659      17    0.0979373639    0.1153762510
        131041      17    0.0880699602    0.1079213865
        131552      17    0.0924235646    0.1070044652
         96041      17    0.0915700256    0.1034722074
         85929      17    0.0766800946    0.0993958414
        111362      16    0.1049145891    0.1169206072
        113246      16    0.1010127355    0.1125698943
        117748      16    0.0922886779    0.1124137357
         88249      16    0.0983098892    0.1121243086
        141987      16    0.0994481180    0.1105840399
        127125      16    0.0871816444    0.1091457856
         99734      16    0.0963194639    0.1077105874
        154558      16    0.0912223390    0.1044683854
        125666      15    0.0866013843    0.1216202869
        121162      15    0.0946141427    0.1196622849
         74800      15    0.1019447967    0.1145881779
         66996      15    0.0984117709    0.1144923830
         71840      15    0.0971755424    0.1127231428
        124335      15    0.0934241698    0.1087339490
        120781      15    0.0956476161    0.1055843372
         71573      14    0.1022621385    0.1168907983
         95017      14    0.0865450180    0.1148587547
        108188      14    0.0879358155    0.1134197194
         93179      14    0.0899620184    0.1101722717
         94391      14    0.0940567911    0.1052160898
         82825      14    0.0908679495    0.1007382838
        102751      13    0.0992529886    0.1188586222
        134343      13    0.0956213206    0.1173572326
        110260      13    0.0993391406    0.1125963017
         90742      13    0.0944996991    0.1099459035
        132397      13    0.0943634446    0.1094148565
         68255      13    0.0946550235    0.1087188993
        126906      13    0.0931664869    0.1073062271
         99666      13    0.0864963720    0.1052358605
         94470      13    0.0907285847    0.1034880454
        121654      13    0.0921249260    0.1012886135
        114205      12    0.1013006654    0.1155188728
         91725      12    0.0964413819    0.1143984654
        108763      12    0.0922054569    0.1131138878
        119839      12    0.0882619773    0.1119634702
        119424      12    0.0916043263    0.1114234560
         92992      12  -41.5725102316    0.1113148440
        120650      12    0.0964161557    0.1093955526
        102596      12    0.0927058275    0.1089428687
        108734      12    0.0907662424    0.1082341671
         73545      12    0.0985005132    0.1079555765
        133847      12    0.0642968010    0.1077932980
         83350      12    0.0909066999    0.1065395065
         72621      12    0.0822639788    0.1052299432
        130340      12    0.0926423622    0.1052064161
         92846      12    0.0896303613    0.0962298604
         87112      12    0.0462247986    0.0772333081
         95686      12    0.0404850074    0.0583208203
        124325      11    0.0978036016    0.1180651022
        135035      11    0.1013883060    0.1158924926
        131621      11    0.1048302139    0.1151372107
        126791      11    0.0973437218    0.1125045968
        107217      11    0.0903606058    0.1123800576
        124735      11    0.0943058545    0.1122950529
         85813      11    0.0944598840    0.1113296681
         68373      11    0.0864430367    0.1110169411
        121499      11    0.0906790395    0.1099897560
         80420      11    0.0915044181    0.1095557377
         91797      11    0.0639559587    0.1089737660
         65867      11    0.0971335725    0.1050964626
         92200      11    0.0954037742    0.1040324663
         84040      11    0.0894521496    0.1030585093
        107606      11    0.0925111976    0.1009412047
        127102      10    0.0953792824    0.1166320035
        130810      10    0.0969942723    0.1160449862
        110115      10    0.0908935914    0.1137716463
        127809      10    0.0952558186    0.1129888527
        102279      10    0.0934188035    0.1128163557
         78393      10    0.0792467000    0.1126067819
        132303      10    0.1001941560    0.1097544534
         82598      10    0.0886400341    0.1093840277
        141566      10    0.0909708067    0.1044084921
         79039      10    0.0965569142    0.1035651312
        113504      10    0.0896903385    0.1030661719
        138058      10    0.0916770082    0.1016776998
        105551      10    0.0333366957    0.0507007495
        141063       9    0.0643444650    0.1236284956
         74875       9    0.0968095887    0.1161374404
         77777       9    0.1014895050    0.1149416753
        133958       9    0.1028141576    0.1143788590
         77762       9    0.0973180931    0.1139177241
        136867       9    0.0942762972    0.1135103243
         94493       9  -55.4559734506    0.1118245329
         97230       9    0.0966637419    0.1116973679
         74679       9    0.1019037113    0.1114649450
        102307       9    0.1010121985    0.1114182535
         78789       9    0.0930542388    0.1107508615
        132804       9    0.0982527610    0.1105892031
         97076       9    0.0981172432    0.1103365353
        113916       9    0.0928241215    0.1095982790
        126488       9    0.0918979571    0.1094236771
         70651       9    0.0925468000    0.1093978026
        130240       9    0.0978179694    0.1090202018
        113901       9    0.0973493112    0.1048275742
         80400       9  -55.4652114157    0.1040909832
        138266       9    0.0888616095    0.1035396539
        120194       9    0.0943525714    0.1034251725
        121405       9    0.0983413509    0.1033939257
        119624       9    0.0935238449    0.1029461317
        115813       9    0.0791922462    0.1023673996
        142223       9    0.0852277300    0.1002882736
        156006       9    0.0834284920    0.0978945173
        133399       8    0.0979711726    0.1158415042
        103495       8    0.1008589660    0.1156683203
        141717       8    0.0943281109    0.1147445537
         77967       8    0.1005978963    0.1145623326
         66332       8    0.0964236806    0.1138260365
         75945       8    0.0921061850    0.1132282700
         73531       8    0.1012522171    0.1122324421
         72661       8    0.1008655657    0.1115357203
         87167       8    0.0961849488    0.1115145753
        132134       8    0.0974140871    0.1098633081
        101464       8    0.0879523604    0.1092091851
        118738       8    0.0958058726    0.1088921443
        101383       8    0.1001153320    0.1088724014
        133355       8    0.0993390808    0.1086420582
        140102       8    0.0958016509    0.1070958804
         66069       8    0.0562823632    0.1069864776
        138920       8    0.0960918088    0.1061689846
        104147       8    0.0930901708    0.1058106020
         89976       8    0.0946677852    0.1056172267
        101175       8    0.0845033503    0.1052834300
        116032       8    0.0958719104    0.1047122873
         87233       8    0.0977017812    0.1039819270
         66426       8    0.0958474254    0.1033964096
         70785       8    0.0945554018    0.1030803904
         82019       8    0.0923247051    0.1023180571
         87417       8    0.0944060998    0.1016263492
        133121       8    0.0861836874    0.1016141501
        112950       8    0.0920923801    0.1003393322
        141304       8    0.0755815440    0.0992553555
        137263       8    0.0900701570    0.0991112712
         85508       8    0.0962162619    0.0983701043
        114617       8    0.0382228321    0.0920058859
         81540       7    0.0908639639    0.1159094930
        135073       7    0.0860310365    0.1147487751
        107102       7    0.1003950976    0.1147262849
         70417       7    0.0851164054    0.1144548445
         93545       7    0.0958666392    0.1143286698
        117200       7    0.0945411148    0.1141377295
        108176       7    0.0890721988    0.1136466673
        127371       7    0.0814192637    0.1136147479
        125606       7    0.0977712862    0.1132438609
         78955       7    0.0992738958    0.1120085644
        131017       7    0.0890916090    0.1118822926
        123072       7    0.0909619292    0.1096464685
         78248       7    0.0935699236    0.1092584729
        128537       7    0.0972656422    0.1077871124
        140180       7    0.0920465865    0.1067518047
        107127       7    0.0971403019    0.1065627078
         68585       7    0.0851812336    0.1062659211
         76043       7    0.0975789393    0.1060399904
        130625       7    0.0808667177    0.1057373385
         98771       7    0.0901581469    0.1042525432
        111287       7    0.0914441828    0.1039352234
         86610       7    0.0969492175    0.1038809892
        112693       7    0.0972858087    0.1033887662
         90816       7    0.0856885684    0.1024583794
        129155       7    0.0932803989    0.1021124346
        138905       7    0.0910758851    0.1004989285
         86062       7    0.0902786897    0.1001571433
        106338       7    0.0876905843    0.0997336813
        104336       7    0.0788712832    0.0997289419
        135592       7    0.0884888107    0.0997216472
        131368       7    0.0862039630    0.0995441121
        129417       7    0.0906987080    0.0970085389
        114122       6    0.0912693242    0.1178870915
        105364       6    0.1026908670    0.1158012709
         75515       6    0.0733129978    0.1140499007
         95862       6    0.1003783085    0.1127393246
         90909       6    0.0918350122    0.1125758309
         80995       6    0.0970472204    0.1117669320
         90337       6    0.0918312387    0.1113827901
         83692       6    0.0949887760    0.1112854516
        128868       6    0.0964501098    0.1106714308
         71721       6    0.0989669705    0.1106651935
         75256       6    0.0957173883    0.1098424965
        108061       6    0.1017281673    0.1087082256
         93826       6    0.0848911309    0.1082610173
        101732       6    0.0845216579    0.1078128893
        133301       6    0.0959400815    0.1077397289
        138075       6    0.0941169538    0.1076037207
         95082       6    0.1000621997    0.1066988147
        126105       6    0.0853753020    0.1062529828
         73147       6    0.0970144548    0.1060152410
         82907       6    0.0931135579    0.1059430328
        100928       6    0.0738761798    0.1055226037
         70313       6    0.0956447797    0.1047839958
         71285       6    0.0844941747    0.1045705613
         88110       6    0.0796741582    0.1042609858
        141774       6    0.0982252490    0.1037867633
        119250       6    0.0911353012    0.1037244405
        105296       6    0.0853993418    0.1035651048
        136551       6    0.0971656585    0.1031640539
        136372       6    0.0901617465    0.1031183066
        130434       6    0.0969693930    0.1030275893
         98447       6    0.0857762563    0.1029057465
         73744       6    0.0968268168    0.1028164792
        133640       6    0.0868814445    0.1027754672
         94674       6    0.0924322356    0.1026473880
        124975       6    0.0589071925    0.1020386783
         76593       6    0.0937224868    0.1014979521
        170730       6    0.0822820032    0.1008464858
        123644       6    0.0842412336    0.1005300105
         76407       6    0.0841024758    0.1002782892
        108387       6    0.0844414030    0.0999394728
         66440       6    0.0911722609    0.0995603087
         78564       6    0.0925265633    0.0989418352
         76872       6    0.0846264753    0.0984450434
        130458       6    0.0855948667    0.0983722524
         86997       6    0.0938844391    0.0980464942
        123970       6    0.0811475755    0.0937529422
        136556       6    0.0423322740    0.0925941358
         69460       6    0.0714479444    0.0901810963
        139427       6    0.0742276038    0.0868519301
        140353       6    0.0419507935    0.0573881849
        102708       5    0.0875964995    0.1205813068
         94884       5    0.0866375945    0.1190062021
        103896       5    0.0957484723    0.1185692421
        166472       5    0.1109037346    0.1179944194
        131631       5    0.1097922553    0.1165830695
        133626       5    0.1033407216    0.1126467122
         76481       5    0.0982129975    0.1118048107
        107928       5    0.1025097254    0.1116081331
        103870       5    0.0970097676    0.1099161596
         67249       5    0.0934681503    0.1096647596
        105940       5    0.0961765368    0.1096179594
        115490       5    0.0965147298    0.1087378143
        114176       5    0.0883800955    0.1084813858
         78158       5    0.0913414712    0.1081646197
         76171       5    0.0817909063    0.1075879273
        130115       5    0.0928180728    0.1073831121
         74328       5    0.0982949993    0.1071253984
        107734       5    0.0934792360    0.1070051350
        130339       5    0.0973380730    0.1068394219
         98012       5    0.0890847087    0.1067194963
        137685       5    0.0909721274    0.1067081313
         83916       5    0.0829462945    0.1060170094
         93416       5    0.0960517600    0.1059976743
        139881       5    0.0650606827    0.1053816203
        133696       5    0.0507645228    0.1052240653
         97666       5    0.0889990639    0.1052118163
         77134       5    0.0958242783    0.1047910130
         96959       5    0.0763351491    0.1039363432
         68167       5    0.0950786151    0.1037752989
        103034       5    0.0985016629    0.1036064142
         95872       5    0.0872276122    0.1032858815
        113139       5    0.0646334876    0.1032648887
         80820       5    0.0781504407    0.1031129482
        101335       5    0.0944677050    0.1028869607
        135919       5    0.0725521319    0.1028492294
         96578       5    0.0921659016    0.1028059895
         99033       5    0.0959190239    0.1025674366
        138710       5    0.0942026704    0.1025414234
         86440       5    0.0832573761    0.1025364717
         86890       5    0.0971542058    0.1025054319
         94911       5    0.0914959734    0.1024195231
         73431       5    0.0975450749    0.1020652652
         83478       5    0.0794946410    0.1019290300
         91659       5    0.0930989155    0.1018805320
        151493       5    0.0891537928    0.1017676355
        141239       5    0.0929298852    0.1015485831
        100710       5    0.0822775550    0.1015409717
        101822       5    0.0927856634    0.1013897520
        114873       5    0.0941453970    0.1012428984
         72393       5    0.0920797323    0.1011914756
        141033       5    0.0936562172    0.1011017213
         94564       5    0.0888001257    0.1010592025
        111643       5    0.0866211963    0.1005444927
        105077       5    0.0923054294    0.1003996250
         81440       5    0.0905366295    0.0996611300
         96158       5    0.0906294739    0.0995995379
        127212       5    0.0856820424    0.0994840406
        140635       5    0.0909539139    0.0974820820
         66627       5    0.0915057786    0.0970449269
        137088       5    0.0914773422    0.0961967936
        116230       5    0.0870866048    0.0957363462
        140957       5    0.0866016580    0.0954045976
        120442       5    0.0650574688    0.0952396790
         92606       5    0.0811062710    0.0889507459
         73862       5    0.0759143845    0.0866868384
         67725       5    0.0743513012    0.0775474820
        117371       5    0.0364829023    0.0635751248
         71829       4    0.0737553350    0.1208092570
        132181       4    0.0910986874    0.1159292705
        100466       4    0.1092166538    0.1158204815
         83031       4    0.0954508137    0.1145792703
         72309       4    0.0713177438    0.1133258625
        140038       4    0.0972035820    0.1132679369
         97623       4    0.0976830472    0.1130847372
         69965       4    0.0971568744    0.1127550006
        107071       4    0.0826093083    0.1123622775
        102960       4    0.1075218467    0.1122692035
         80752       4    0.0962667340    0.1112186648
        114099       4    0.0981553232    0.1109646652
        127929       4    0.0947605723    0.1101443416
         74027       4    0.0742630780    0.1098652133
         78705       4    0.1014553805    0.1088290165
        141673       4    0.0920064300    0.1086273242
        105206       4    0.0928186980    0.1084662347
        134109       4    0.0958908756    0.1078952456
        134260       4    0.0935411558    0.1078952456
        115606       4    0.0925930132    0.1077299356
        116659       4    0.0799986727    0.1076767521
         90918       4    0.1011419523    0.1068349104
        127777       4    0.0953657335    0.1067203581
        127228       4    0.0837751171    0.1062241375
         74883       4    0.0935104493    0.1059687978
        137956       4    0.0817470757    0.1058503611
         69372       4    0.0786439402    0.1058304982
         73114       4    0.0925100199    0.1057726113
         87765       4    0.0993955587    0.1056557530
         98869       4    0.0783758240    0.1052585464
         84575       4    0.0932882431    0.1052179839
        137071       4    0.0998790803    0.1049848827
        133740       4    0.0945943451    0.1043976820
        131610       4    0.0950419349    0.1043438777
         86014       4    0.0807958368    0.1040583314
        132820       4    0.0948896430    0.1039624867
         99331       4    0.0908275958    0.1031696548
         78932       4    0.0971060433    0.1028621478
        118601       4    0.0962851387    0.1021459110
         71533       4    0.0927045344    0.1020422520
        131704       4    0.0922795610    0.1016986660
        114283       4    0.0854040327    0.1016359169
         96379       4    0.0875888046    0.1016005262
        107719       4    0.0774249805    0.1013792417
        117023       4    0.0821212716    0.1012897245
        142014       4    0.0842577227    0.1010673046
         91767       4    0.0939646990    0.1007732328
         85731       4    0.0914462765    0.1005476930
         67555       4    0.0799936170    0.1005099431
         76588       4    0.0911130924    0.1004136555
        115701       4    0.0806400761    0.1002321330
         92463       4    0.0825851047    0.1002110375
        126359       4    0.0940062477    0.1000879159
         90686       4    0.0764527902    0.0998241473
        126722       4    0.0900657000    0.0998058863
        132653       4    0.0965411064    0.0994832841
         79523       4    0.0949236566    0.0994008392
        130840       4    0.0947473199    0.0992564023
         80373       4    0.0942798927    0.0992434935
        125896       4    0.0933077429    0.0984530441
         75807       4    0.0827506049    0.0984363483
        137572       4    0.0946961611    0.0984129108
        134500       4    0.0918124508    0.0975393482
        113898       4    0.0932856212    0.0974775553
        124462       4    0.0929621487    0.0973543108
         97783       4    0.0934700666    0.0971910174
        118290       4    0.0874790659    0.0956771680
        101160       4    0.0752645302    0.0951827208
        142084       4    0.0922273007    0.0950525318
         86887       4    0.0684140303    0.0949464502
         80623       4    0.0837347089    0.0946371598
        123002       4    0.0912749900    0.0944275740
        132550       4    0.0911609079    0.0929875156
        108892       4  -124.9376129189    0.0906300045
         90584       4    0.0871311858    0.0901185973
         88586       4    0.0844664150    0.0893016387
         94698       4    0.0759231218    0.0846895953
         76957       4    0.0774337184    0.0810001989
        134602       4    0.0371293954    0.0451958259
         84799       3    0.1084531918    0.1152105879
        101193       3    0.1049115796    0.1149200234
         91125       3    0.1064820611    0.1147925513
        118286       3    0.0948493828    0.1146880147
        141848       3    0.0877118834    0.1127057301
         86572       3    0.1068381167    0.1127055679
         96410       3    0.1040014881    0.1126476449
         84681       3    0.0805869967    0.1112021106
         89027       3    0.0908999505    0.1111151231
        116894       3    0.0987399459    0.1102615640
        140091       3    0.1002508397    0.1099831647
        110940       3    0.1056156123    0.1096231447
         68309       3    0.1026399957    0.1095821230
        120642       3    0.1035559176    0.1087339461
         81991       3    0.0951214636    0.1084662347
        140910       3    0.0771621699    0.1084189636
        105164       3    0.0947335854    0.1080785861
        137874       3    0.0971741411    0.1079521824
        111623       3    0.0971381545    0.1077497093
         91558       3    0.0987934398    0.1076018559
         98781       3    0.0966259309    0.1075253341
         92643       3    0.0940816604    0.1075225972
        114319       3    0.1007640345    0.1075099418
         83246       3    0.1025333678    0.1073932299
        111020       3    0.1009369049    0.1073620533
        103392       3    0.1028671973    0.1073253638
         68589       3    0.0548812208    0.1072597912
        118449       3    0.1002251513    0.1068211023
         94056       3    0.0862565095    0.1064294393
        111936       3    0.0976217231    0.1063388922
        103803       3    0.0804155314    0.1062599456
         75153       3    0.0648253805    0.1061683635
         83600       3    0.0990380104    0.1059764220
         75869       3    0.0991550390    0.1058836916
        122257       3    0.1027912115    0.1058043418
        140731       3    0.0981956287    0.1056853737
        103295       3    0.0930343850    0.1054189333
         83220       3    0.0991346815    0.1053988304
        140820       3    0.0883155009    0.1053935258
        103173       3    0.0581649036    0.1051833489
         88641       3    0.0854921546    0.1050375775
        121765       3    0.0962572056    0.1049000226
        137589       3    0.0957332781    0.1048921882
         79079       3    0.0925319187    0.1048857816
        124897       3    0.0970519360    0.1047579030
         85539       3    0.0806903610    0.1045804523
        127434       3    0.0934304067    0.1041110224
        120535       3    0.0973690325    0.1040400140
         74063       3    0.0927372383    0.1039840251
        113991       3    0.1013384319    0.1039203186
        111556       3    0.0949793080    0.1036294932
        124880       3    0.0940206203    0.1035791900
        122549       3    0.0908089713    0.1031510050
        164048       3    0.0950148996    0.1031435125
        141993       3    0.0987331692    0.1030456886
        111000       3    0.0684684305    0.1027059776
        141284       3    0.0891630246    0.1026296973
        107662       3    0.1009124723    0.1025873966
         87041       3    0.0859969974    0.1024942389
        135345       3    0.0974051216    0.1023073290
        117948       3    0.0983416259    0.1022151658
         78915       3    0.0824681029    0.1021032844
        105967       3    0.0914985756    0.1018140167
        110652       3    0.0899703919    0.1017071247
         77110       3    0.0950959097    0.1015341863
        117595       3    0.1000536343    0.1014140329
        125665       3    0.0837035167    0.1013625782
        133296       3    0.0951055897    0.1013434896
        135366       3    0.0782591464    0.1012386647
         76555       3    0.0827053571    0.1006148773
        130432       3    0.0906476278    0.1005961313
        128234       3    0.0931867402    0.1005730470
         94896       3    0.0985890499    0.1002319853
        106477       3    0.0925990338    0.1001511847
        112378       3    0.0905465135    0.1001316003
         81781       3    0.0902912927    0.1001060267
         75935       3    0.0926337512    0.1000837292
         96946       3    0.0483358946    0.0999947878
        121707       3    0.0855750708    0.0999908894
         71470       3    0.0906726672    0.0999744773
         85018       3    0.0899375499    0.0999644074
        110188       3    0.0839136649    0.0997635228
        117766       3    0.0952317156    0.0997438900
        107083       3    0.0958359295    0.0997152030
         66152       3    0.0828185825    0.0996864496
         75023       3    0.0952133370    0.0996537896
        129853       3    0.0944914380    0.0996286418
         95263       3    0.0925304951    0.0993987769
         86693       3    0.0980249752    0.0993416052
        137013       3    0.0853595773    0.0992090916
         78761       3    0.0910026459    0.0991450294
        132506       3    0.0936268148    0.0991056760
         81149       3    0.0958200227    0.0990771396
         99210       3    0.0915684357    0.0990707121
        137765       3    0.0897035911    0.0990497503
        127906       3    0.0905608016    0.0988621496
         73295       3    0.0966418281    0.0987090071
         73995       3    0.0945638826    0.0986976154
        123649       3    0.0734958031    0.0986576326
        111094       3    0.0925077803    0.0986276865
         98894       3    0.0894270128    0.0986194814
        134592       3    0.0684765531    0.0984405064
         70466       3    0.0925516444    0.0983992575
         83480       3    0.0793933754    0.0981507705
        108664       3    0.0965433498    0.0980530819
         79553       3    0.0915162265    0.0978843429
        110884       3    0.0950750250    0.0977916411
         66683       3    0.0825507569    0.0977185288
         67357       3    0.0956692971    0.0976483880
        120513       3    0.0860695665    0.0975984136
         69723       3    0.0952023324    0.0975378931
        141903       3    0.0931730520    0.0973888170
        113550       3    0.0939469881    0.0973666737
         69294       3    0.0941191447    0.0971073116
         85130       3    0.0776991398    0.0970562009
         99635       3    0.0937959380    0.0968638726
         76027       3    0.0942558675    0.0968419365
        172064       3    0.0876063312    0.0967430666
         96469       3    0.0588425469    0.0965956271
         75214       3    0.0852915304    0.0963618888
         70390       3    0.0857700419    0.0961423548
        130361       3    0.0824062916    0.0960334092
        101847       3    0.0911199352    0.0957918321
        111878       3    0.0941116339    0.0956870192
         70340       3    0.0813087688    0.0955951972
        104179       3    0.0884641355    0.0952127803
        110701       3    0.0793715393    0.0950242403
        118577       3    0.0934874316    0.0948858294
         98036       3    0.0884398834    0.0948721111
        125761       3    0.0889337694    0.0944804375
        111496       3    0.0900500276    0.0944403057
        120444       3    0.0827031774    0.0944123612
         79630       3    0.0788044465    0.0940368160
         85846       3    0.0858589946    0.0934451118
         88471       3    0.0568110005    0.0933372248
        118593       3    0.0763998670    0.0931168424
         99176       3    0.0869467103    0.0929474405
         76946       3    0.0802918982    0.0928188120
        114833       3    0.0889561990    0.0927775583
        126571       3    0.0888562005    0.0925166961
        102870       3    0.0923319312    0.0924345755
        133320       3    0.0893741563    0.0919886390
         77909       3    0.0672983307    0.0917241409
         89713       3    0.0776582354    0.0908528308
        121759       3    0.0698754529    0.0905620960
         93009       3    0.0785720269    0.0903762406
        104836       3    0.0830580422    0.0898023461
         91052       3    0.0859393631    0.0881543392
         70425       3    0.0733335787    0.0844584107
        116551       3    0.0829478083    0.0842815003
         85488       3    0.0613873556    0.0835002898
        120159       3    0.0704259169    0.0823220525
        117695       3    0.0743681331    0.0767603125
        119622       3    0.0681405031    0.0724417626
         86643       3    0.0631758794    0.0715822004
         67336       3    0.0663681350    0.0687355794
         74826       3    0.0401420041    0.0541527400
        138711       3    0.0372390751    0.0496661261
        113045       3    0.0362177902    0.0457423851
        100378       3    0.0285774476    0.0359340814
        105737       2    0.0935352742    0.1203613145
        116581       2    0.1111951660    0.1174588633
        120616       2    0.0969932698    0.1174588633
         91943       2    0.1110708775    0.1169223119
         74932       2    0.0817316998    0.1157247550
         66449       2    0.1064458375    0.1144685134
         85807       2    0.0746967970    0.1132486445
        133649       2    0.1108730960    0.1126915716
        129849       2    0.1084980624    0.1125940604
        105668       2    0.1022356329    0.1119970413
        140832       2    0.1069359382    0.1119321187
        135824       2    0.0784256873    0.1117901695
        103481       2    0.1021446646    0.1106226098
         88758       2    0.1004303738    0.1097165155
         76856       2    0.1085740895    0.1097032694
        120409       2    0.1035765788    0.1095264804
        115576       2    0.1053715043    0.1088401518
         75161       2    0.1015534465    0.1087115678
        137798       2    0.1013712116    0.1085379377
         69618       2    0.1027835983    0.1085253591
        141019       2    0.1040346373    0.1084068537
        124005       2    0.0845553118    0.1083456811
        112511       2    0.0722365959    0.1079794810
        128883       2    0.0998867213    0.1076208140
         96225       2    0.1040909999    0.1072940569
         90659       2    0.1002362090    0.1072227337
         69632       2    0.1039662874    0.1069361755
        110359       2    0.0935046926    0.1067001581
        142520       2    0.0996214179    0.1065486494
         74908       2    0.1002997092    0.1064294393
        109615       2    0.1032036655    0.1063333328
        139764       2    0.0994397537    0.1062899147
        105416       2    0.0957099184    0.1062359192
         76478       2    0.0974990514    0.1059928263
         84402       2    0.1048215770    0.1059490573
        121994       2    0.1030793625    0.1056612754
         67408       2    0.1054234698    0.1055481241
        122582       2    0.0983964118    0.1054561867
         92120       2    0.1015482110    0.1054367955
         90054       2    0.0999968516    0.1053830612
         68622       2    0.1023981001    0.1053701456
        137916       2    0.1018179020    0.1053383131
         95178       2    0.0963844207    0.1053333741
        112819       2    0.0764105452    0.1052079681
         68293       2    0.1023233205    0.1051159014
        120675       2    0.0932629521    0.1050199850
         83784       2    0.0806081985    0.1047396064
        121692       2    0.0982291362    0.1046336089
         87365       2    0.1044542431    0.1046320515
         95421       2    0.1006004198    0.1046119896
         68379       2  -249.9227283174    0.1045472763
         71910       2    0.0916537443    0.1044340861
        100797       2    0.1037651856    0.1043489286
        140286       2    0.0784853044    0.1043347026
         68743       2    0.0945952338    0.1041946494
        109899       2    0.0981859864    0.1039011313
         68563       2    0.1011677919    0.1038047514
         66565       2    0.0976551761    0.1037677318
        117496       2    0.0966913595    0.1036779591
        100947       2    0.0957902204    0.1036391899
        103326       2    0.0966082980    0.1036130190
        109334       2    0.0788554244    0.1035698935
         72931       2    0.0620412394    0.1035030822
        134675       2    0.1006342752    0.1034193742
        120387       2    0.0991499074    0.1032199838
        121947       2    0.0935890211    0.1032199838
         82149       2    0.1022626506    0.1032130480
        128514       2    0.0905126398    0.1030853442
        140151       2    0.0882521817    0.1028990537
        117296       2    0.0793485335    0.1028585006
         78388       2    0.0874730434    0.1028356502
         65860       2    0.0954057282    0.1026150131
        134640       2    0.0932733504    0.1024261002
        105306       2    0.0941837772    0.1023534472
         92623       2    0.0911440943    0.1023053317
         97347       2    0.0790792815    0.1021738382
         95538       2    0.1009442261    0.1020906653
        107939       2    0.0985270023    0.1020809777
        129876       2    0.0890109618    0.1019837175
        118958       2    0.0953801672    0.1019169887
        110263       2    0.0978464983    0.1019081716
         74562       2    0.0963475990    0.1017872902
         67889       2    0.0734696721    0.1017088474
         86624       2    0.1001104428    0.1012940342
        106188       2    0.0820610630    0.1012872703
        113605       2    0.1009579691    0.1010655600
        111579       2    0.0997871079    0.1009872511
        134564       2    0.0898517424    0.1009242404
        132856       2    0.1006132820    0.1008213704
        121480       2    0.0998764977    0.1007836141
         68455       2    0.0980242115    0.1007589036
         77054       2    0.0616116811    0.1006031018
        130663       2    0.0975271548    0.1005909644
         86903       2    0.0980763507    0.1005481685
        141946       2    0.0933304020    0.1005251683
        108923       2    0.0937085079    0.1004576105
        126499       2    0.0843154824    0.1003637700
        135905       2    0.0947370992    0.1002960421
         94102       2    0.1000163903    0.1002228207
        142138       2    0.0902612102    0.1001784040
         77858       2    0.0711459811    0.1000444628
        139996       2    0.0969755356    0.0999673346
        117764       2    0.0895257762    0.0999178535
        138689       2    0.0806384640    0.0998497425
        134916       2    0.0901069005    0.0997988582
        115431       2    0.0774746933    0.0997372525
         99158       2    0.0873381972    0.0997313336
         72147       2    0.0940721612    0.0996571502
         70514       2    0.0989753543    0.0996537896
         93949       2    0.0714719445    0.0995667293
        100027       2    0.0987932951    0.0994618583
        115725       2    0.0885404901    0.0993605088
        122914       2    0.0818026384    0.0993113475
         81466       2    0.0778857945    0.0993113475
        131511       2    0.0983120908    0.0992771662
        138548       2    0.0964915603    0.0992424214
         80121       2    0.0584409841    0.0992352537
        121068       2    0.0859666431    0.0991780036
        140239       2    0.0827758611    0.0991136581
         92352       2    0.0768658192    0.0991066726
         70806       2    0.0971927136    0.0991002179
         98324       2    0.0882721893    0.0987891925
         78264       2    0.0962117908    0.0987528893
        140127       2    0.0961834491    0.0987181485
        139272       2    0.0944806941    0.0986888577
        122807       2    0.0884304932    0.0984927445
         77865       2    0.0875756981    0.0984457531
         99125       2    0.0894165409    0.0984291611
        141097       2    0.0955617703    0.0983521536
        124451       2    0.0838773848    0.0983101749
        115982       2    0.0856325340    0.0982839151
         80790       2    0.0969317978    0.0982760767
        124595       2    0.0927808158    0.0981322317
         80699       2    0.0928467116    0.0981170817
        137209       2    0.0961786102    0.0981099645
        133207       2    0.0943237412    0.0980144982
         70625       2    0.0909132860    0.0978808900
         83259       2    0.0864218730    0.0978234724
        105964       2    0.0933078970    0.0975586546
        130823       2    0.0954110380    0.0975481775
        123150       2    0.0811736595    0.0973786861
        108306       2    0.0970420837    0.0973178113
        119785       2    0.0847556656    0.0973167710
         71532       2    0.0744352280    0.0973148436
         73790       2    0.0876193381    0.0971505416
         99676       2    0.0963250628    0.0971130331
         97265       2    0.0914845989    0.0970706329
        103402       2    0.0770375833    0.0970331665
         85180       2    0.0910030870    0.0969292947
        126770       2    0.0943609777    0.0969155056
         80336       2    0.0943609777    0.0969155056
         87641       2    0.0968038012    0.0968223206
         96700       2    0.0933195654    0.0968038942
         80289       2    0.0955475694    0.0966508340
        105874       2    0.0635863657    0.0966450917
         73244       2    0.0922174745    0.0965446549
        108411       2    0.0918479962    0.0965210490
        125213       2    0.0956421301    0.0964684706
        137070       2    0.0799864911    0.0964532062
        124332       2    0.0962541320    0.0963661848
         99227       2    0.0936245689    0.0963027090
         84310       2    0.0949619716    0.0962965336
         81812       2    0.0930761550    0.0962828424
         77695       2    0.0892116161    0.0962577783
         87608       2    0.0694299660    0.0962386107
        106788       2    0.0893060536    0.0962174017
        127079       2    0.0944433644    0.0960966624
         69192       2    0.0940648545    0.0960849291
         94209       2    0.0917465910    0.0959663838
        107998       2    0.0749606552    0.0959502490
         90804       2    0.0937244823    0.0959060636
         98273       2    0.0700771503    0.0958561550
         72175       2    0.0940382786    0.0956164018
         82531       2    0.0940871247    0.0956067443
         84771       2    0.0804090921    0.0955708731
         77681       2    0.0922329774    0.0955706291
         84735       2    0.0922521917    0.0955397820
         99238       2    0.0898214076    0.0954042665
        126683       2    0.0917725767    0.0952562581
         75032       2    0.0940512405    0.0950498172
        118321       2    0.0896662272    0.0950418512
        118441       2    0.0938219351    0.0949416341
        139504       2    0.0899398266    0.0948959168
         86815       2    0.0826670081    0.0948809452
        138719       2    0.0945849833    0.0946220784
         85650       2    0.0933659483    0.0945958376
        145619       2    0.0916327303    0.0945657392
        122392       2    0.0920903977    0.0945021441
        110980       2    0.0858676944    0.0944081885
        121202       2    0.0942368973    0.0943137247
         67976       2    0.0916222867    0.0942438973
         73310       2    0.0935167020    0.0941615065
         97647       2    0.0925386395    0.0940048459
         69062       2    0.0931768259    0.0939707536
         81658       2    0.0933710311    0.0938814351
        105806       2    0.0817454907    0.0938259445
        127928       2    0.0920692512    0.0937898620
        112855       2    0.0923536337    0.0937667018
         71875       2    0.0521211608    0.0937645226
        130618       2    0.0915628903    0.0937239726
         73825       2    0.0927509316    0.0936671022
        111958       2    0.0876707043    0.0936226301
         76522       2    0.0902187830    0.0935982478
         88544       2    0.0726278401    0.0935800232
        130107       2    0.0878132196    0.0934814913
         90059       2    0.0850151024    0.0934463629
         87602       2    0.0927047548    0.0933216381
        108957       2    0.0814856858    0.0932109312
        173263       2    0.0885701148    0.0931499451
        128095       2    0.0897430085    0.0928865373
        105615       2    0.0899561123    0.0928414944
        115802       2    0.0728664693    0.0927672364
        109847       2    0.0858713463    0.0927497937
         71020       2    0.0637180863    0.0926035173
         96428       2    0.0882207679    0.0924408508
        115046       2    0.0878254516    0.0922402259
         85564       2    0.0860474401    0.0922363871
        122784       2    0.0835946804    0.0922069890
        140124       2    0.0855493774    0.0921657021
         74710       2    0.0915465204    0.0921620798
         72934       2    0.0880834564    0.0920889921
        138813       2    0.0860539570    0.0920533339
         86559       2    0.0902096345    0.0920463675
        125363       2    0.0846473077    0.0917860771
         79829       2    0.0904113635    0.0916795403
        113643       2    0.0863300950    0.0914038971
         91576       2    0.0880704681    0.0912429958
        115863       2    0.0858345539    0.0910507828
         92353       2    0.0889120381    0.0909913418
         93155       2    0.0895522003    0.0907350104
        114721       2    0.0838799144    0.0905792933
         88527       2    0.0785984444    0.0905130586
         97905       2    0.0808650764    0.0903501556
        137077       2    0.0877639258    0.0903298945
        108367       2    0.0879024913    0.0901671300
         86757       2    0.0895536322    0.0900355846
        133273       2    0.0810448184    0.0899471140
        115845       2    0.0748210107    0.0898580983
        140874       2    0.0745059192    0.0898258124
        111684       2    0.0620202444    0.0895468905
        105173       2    0.0771452794    0.0893689307
        112663       2    0.0791101208    0.0892202990
        114475       2    0.0875271318    0.0890809586
         68377       2    0.0827072648    0.0889280268
        135990       2    0.0814554132    0.0888853258
        120137       2    0.0845200807    0.0887902826
         69932       2    0.0867313257    0.0884052381
         86012       2    0.0809776134    0.0880966875
        120381       2    0.0868409266    0.0879967034
        103471       2    0.0620008077    0.0878583307
         66705       2    0.0782833704    0.0877499435
         71506       2    0.0827218178    0.0876639151
         79755       2    0.0590288683    0.0875011072
        141235       2    0.0819876077    0.0874775350
         75206       2    0.0835573049    0.0871937617
         81270       2    0.0854200420    0.0867392732
         99656       2    0.0740320044    0.0863188308
         65807       2    0.0421530907    0.0858940216
        110613       2    0.0834554338    0.0853659021
        173149       2    0.0786057953    0.0849518827
         67264       2    0.0802723372    0.0847996820
         82020       2    0.0846842337    0.0847922342
        136872       2    0.0843514235    0.0846052129
         78059       2    0.0836658264    0.0838887374
        133661       2    0.0801502102    0.0826937697
        108615       2    0.0727792729    0.0826502719
        138423       2    0.0782075524    0.0826382412
         91405       2    0.0821778437    0.0826105277
         98222       2    0.0806584332    0.0822021687
         94416       2    0.0814166726    0.0821945748
         87487       2    0.0816645932    0.0820073768
        105472       2    0.0621334015    0.0819008536
        138521       2    0.0759416990    0.0818341563
         70084       2    0.0797352024    0.0814454737
        120082       2    0.0778388957    0.0802028775
         79786       2    0.0779760744    0.0797326142
        110582       2    0.0775733498    0.0787417477
        134680       2    0.0642461938    0.0780318479
        115859       2    0.0741054802    0.0746809194
        124228       2    0.0701074590    0.0717439912
         84943       2    0.0631591038    0.0714496237
         99675       2    0.0527820814    0.0712461036
         79293       2    0.0539668689    0.0710395759
         94330       2    0.0475461465    0.0641543350
        118219       2    0.0596882222    0.0631842890
         96481       2    0.0575849629    0.0631556395
        124120       2    0.0611619892    0.0630980087
        129558       2    0.0398316283    0.0542997512
        130812       2    0.0422730866    0.0540596178
        137138       2    0.0530987790    0.0534413332
        119381       2    0.0402349630    0.0531789869
        118904       2    0.0370468178    0.0478353674
         66915       2    0.0329721802    0.0441430160
        122949       2    0.0376853982    0.0400427090
        117555       1    0.1224188025    0.1224188025
        112033       1    0.1200056341    0.1200056341
         77372       1    0.1151266903    0.1151266903
        115713       1    0.1140957910    0.1140957910
         89630       1    0.1137607191    0.1137607191
         95920       1    0.1137396892    0.1137396892
        109671       1    0.1135406397    0.1135406397
        109810       1    0.1132438609    0.1132438609
         80687       1    0.1128793629    0.1128793629
         88630       1    0.1125178276    0.1125178276
        112090       1    0.1123069334    0.1123069334
         98627       1    0.1107780685    0.1107780685
         92951       1    0.1104825974    0.1104825974
        129191       1    0.1098687649    0.1098687649
         95019       1    0.1096524535    0.1096524535
        137700       1    0.1095661503    0.1095661503
         66635       1    0.1095543553    0.1095543553
         87609       1    0.1093473666    0.1093473666
        100024       1    0.1091875998    0.1091875998
        142189       1    0.1089835525    0.1089835525
        120786       1    0.1088057231    0.1088057231
         92050       1    0.1087232550    0.1087232550
         79477       1    0.1081037127    0.1081037127
        139644       1    0.1080826536    0.1080826536
        123325       1    0.1079668403    0.1079668403
         99003       1    0.1077363607    0.1077363607
         66732       1    0.1071641155    0.1071641155
        107063       1    0.1067182910    0.1067182910
        100206       1    0.1067042626    0.1067042626
         83555       1    0.1065391195    0.1065391195
         73888       1    0.1064093770    0.1064093770
         98269       1    0.1064082256    0.1064082256
         85833       1    0.1063692312    0.1063692312
        111238       1    0.1063044601    0.1063044601
        107650       1    0.1060579735    0.1060579735
         83781       1    0.1060536351    0.1060536351
         76298       1    0.1058847403    0.1058847403
        101097       1    0.1058112962    0.1058112962
        130590       1    0.1058104170    0.1058104170
        101192       1    0.1058090048    0.1058090048
         78430       1    0.1057348333    0.1057348333
         92503       1    0.1056599433    0.1056599433
        122117       1    0.1054670327    0.1054670327
        115602       1    0.1054348920    0.1054348920
        124659       1    0.1054249155    0.1054249155
         70300       1    0.1053726692    0.1053726692
        127714       1    0.1050990959    0.1050990959
         94305       1    0.1049786431    0.1049786431
        128332       1    0.1046656428    0.1046656428
         77877       1    0.1046160168    0.1046160168
         93715       1    0.1045683523    0.1045683523
        126926       1    0.1045614824    0.1045614824
         77471       1    0.1045077180    0.1045077180
        140095       1    0.1044154035    0.1044154035
         82491       1    0.1042942712    0.1042942712
        137406       1    0.1042385715    0.1042385715
         80721       1    0.1042253645    0.1042253645
        141982       1    0.1041819602    0.1041819602
        140220       1    0.1041666482    0.1041666482
         69112       1    0.1040640214    0.1040640214
        118434       1    0.1040567069    0.1040567069
         66130       1    0.1040439253    0.1040439253
        137644       1    0.1038882596    0.1038882596
        135156       1    0.1038140319    0.1038140319
         72198       1    0.1037794181    0.1037794181
         74221       1    0.1036999424    0.1036999424
         70093       1    0.1036608946    0.1036608946
         94830       1    0.1036148180    0.1036148180
        101026       1    0.1034877217    0.1034877217
        106411       1    0.1034410530    0.1034410530
        138869       1    0.1033894467    0.1033894467
         92898       1    0.1033289875    0.1033289875
        121859       1    0.1030678225    0.1030678225
         90047       1    0.1029251633    0.1029251633
        102725       1    0.1029149332    0.1029149332
        141759       1    0.1028925410    0.1028925410
        100871       1    0.1028497226    0.1028497226
         88530       1    0.1028356502    0.1028356502
        116679       1    0.1026992118    0.1026992118
        112106       1    0.1026641846    0.1026641846
         94474       1    0.1025939181    0.1025939181
         84314       1    0.1025807281    0.1025807281
         83272       1    0.1025508264    0.1025508264
        126949       1    0.1025371082    0.1025371082
         83089       1    0.1024885020    0.1024885020
        110498       1    0.1024326086    0.1024326086
        109115       1    0.1022148074    0.1022148074
        130009       1    0.1022124688    0.1022124688
        137515       1    0.1022090719    0.1022090719
         78728       1    0.1021883971    0.1021883971
        115956       1    0.1020467710    0.1020467710
         72734       1    0.1020271870    0.1020271870
        110095       1    0.1019449517    0.1019449517
        102883       1    0.1018916644    0.1018916644
         82782       1    0.1018713980    0.1018713980
        120182       1    0.1018120850    0.1018120850
         90419       1    0.1017017158    0.1017017158
        110731       1    0.1015980679    0.1015980679
        106696       1    0.1013987708    0.1013987708
         89511       1    0.1013987708    0.1013987708
         79671       1    0.1011570788    0.1011570788
         77544       1    0.1011520767    0.1011520767
         77097       1    0.1011179440    0.1011179440
         99281       1    0.1010603379    0.1010603379
        116266       1    0.1010467755    0.1010467755
         78403       1    0.1010270088    0.1010270088
        105767       1    0.1010120526    0.1010120526
         68832       1    0.1009963994    0.1009963994
        116054       1    0.1009493317    0.1009493317
         76999       1    0.1008782365    0.1008782365
         95436       1    0.1008651690    0.1008651690
         68606       1    0.1008233757    0.1008233757
         84979       1    0.1007916992    0.1007916992
        122935       1    0.1007763180    0.1007763180
        128352       1    0.1007740560    0.1007740560
        122237       1    0.1007167590    0.1007167590
         81702       1    0.1006668144    0.1006668144
        124987       1    0.1006287404    0.1006287404
         78517       1    0.1006087414    0.1006087414
        129681       1    0.1005614201    0.1005614201
         77317       1    0.1005137594    0.1005137594
         88729       1    0.1004891215    0.1004891215
        105587       1    0.1004615235    0.1004615235
         78700       1    0.1004366982    0.1004366982
         94866       1    0.1004341762    0.1004341762
         95501       1    0.1004254539    0.1004254539
        127894       1    0.1003900296    0.1003900296
        125058       1    0.1003088577    0.1003088577
         88311       1    0.1002268348    0.1002268348
         90722       1    0.1001201397    0.1001201397
         84401       1    0.1000232500    0.1000232500
        123532       1    0.1000002928    0.1000002928
        137513       1    0.0998917490    0.0998917490
         69597       1    0.0998889605    0.0998889605
        118268       1    0.0998778652    0.0998778652
         69794       1    0.0998322424    0.0998322424
         70366       1    0.0998180226    0.0998180226
         68921       1    0.0996809489    0.0996809489
        100927       1    0.0995761123    0.0995761123
        172363       1    0.0994300246    0.0994300246
        138855       1    0.0993754058    0.0993754058
        128448       1    0.0992273713    0.0992273713
         77182       1    0.0992086470    0.0992086470
        101086       1    0.0992055849    0.0992055849
        116108       1    0.0991903946    0.0991903946
        103588       1    0.0991783126    0.0991783126
         98158       1    0.0991540071    0.0991540071
         67615       1    0.0990686209    0.0990686209
        116372       1    0.0990065801    0.0990065801
         85718       1    0.0989596801    0.0989596801
         88601       1    0.0989330672    0.0989330672
        113406       1    0.0989220118    0.0989220118
        119454       1    0.0989153242    0.0989153242
        100073       1    0.0988986881    0.0988986881
        138971       1    0.0988013437    0.0988013437
        110121       1    0.0987545332    0.0987545332
        137008       1    0.0987524382    0.0987524382
         74863       1    0.0987258248    0.0987258248
        116728       1    0.0986867696    0.0986867696
        121740       1    0.0986791423    0.0986791423
        114807       1    0.0986510957    0.0986510957
        109086       1    0.0986447334    0.0986447334
         71637       1    0.0986328450    0.0986328450
         71263       1    0.0985543231    0.0985543231
        130387       1    0.0985183823    0.0985183823
         74636       1    0.0985171634    0.0985171634
        104899       1    0.0984873735    0.0984873735
         74523       1    0.0984781050    0.0984781050
         78144       1    0.0984518031    0.0984518031
        123860       1    0.0984486406    0.0984486406
         95542       1    0.0983306314    0.0983306314
        116612       1    0.0982907909    0.0982907909
         95459       1    0.0982818659    0.0982818659
        140526       1    0.0982616475    0.0982616475
         77725       1    0.0982541865    0.0982541865
         75098       1    0.0981346980    0.0981346980
        134878       1    0.0980972232    0.0980972232
         93613       1    0.0980894942    0.0980894942
        117765       1    0.0980171033    0.0980171033
         94838       1    0.0980149688    0.0980149688
        113857       1    0.0979833596    0.0979833596
         68248       1    0.0979707204    0.0979707204
        124657       1    0.0979360893    0.0979360893
        125053       1    0.0979313544    0.0979313544
        113151       1    0.0979116162    0.0979116162
         80240       1    0.0978174702    0.0978174702
         98759       1    0.0976940961    0.0976940961
         87314       1    0.0976898804    0.0976898804
        133022       1    0.0976453008    0.0976453008
        104776       1    0.0976098051    0.0976098051
         68082       1    0.0975703093    0.0975703093
        151936       1    0.0975532681    0.0975532681
         87323       1    0.0975257666    0.0975257666
         89403       1    0.0975186850    0.0975186850
         90556       1    0.0974789895    0.0974789895
        115329       1    0.0974735590    0.0974735590
        122901       1    0.0973706731    0.0973706731
         81649       1    0.0972944098    0.0972944098
         73615       1    0.0972631145    0.0972631145
        118169       1    0.0971938339    0.0971938339
        137166       1    0.0971411247    0.0971411247
        118910       1    0.0971288293    0.0971288293
         74629       1    0.0970524036    0.0970524036
        117710       1    0.0970128687    0.0970128687
        134908       1    0.0970042914    0.0970042914
         89935       1    0.0969829712    0.0969829712
         79260       1    0.0969768025    0.0969768025
         72190       1    0.0969757261    0.0969757261
         86843       1    0.0969434922    0.0969434922
         67708       1    0.0969229322    0.0969229322
        136679       1    0.0969125545    0.0969125545
        151396       1    0.0968681299    0.0968681299
        137221       1    0.0968432694    0.0968432694
         79850       1    0.0968157100    0.0968157100
        111759       1    0.0967681746    0.0967681746
        110273       1    0.0967209339    0.0967209339
         93756       1    0.0966775475    0.0966775475
         80206       1    0.0966463913    0.0966463913
         67520       1    0.0966252180    0.0966252180
        105466       1    0.0966244078    0.0966244078
         73490       1    0.0966244078    0.0966244078
         72348       1    0.0965731425    0.0965731425
        101926       1    0.0965504638    0.0965504638
         76535       1    0.0964759298    0.0964759298
         90359       1    0.0964609971    0.0964609971
         89299       1    0.0964077135    0.0964077135
        139336       1    0.0963432425    0.0963432425
        114080       1    0.0963069993    0.0963069993
         82977       1    0.0962857830    0.0962857830
        132612       1    0.0962785381    0.0962785381
        110352       1    0.0962654190    0.0962654190
        131770       1    0.0962524302    0.0962524302
         83854       1    0.0962490765    0.0962490765
        137518       1    0.0961796294    0.0961796294
        106859       1    0.0961555055    0.0961555055
        139167       1    0.0960875073    0.0960875073
         93439       1    0.0960493531    0.0960493531
        125860       1    0.0960277380    0.0960277380
        124080       1    0.0960156158    0.0960156158
         80187       1    0.0959925585    0.0959925585
        137997       1    0.0959810658    0.0959810658
         67374       1    0.0959250605    0.0959250605
         88275       1    0.0958730827    0.0958730827
         79681       1    0.0958013147    0.0958013147
        137782       1    0.0957631498    0.0957631498
         79792       1    0.0957421998    0.0957421998
        122194       1    0.0957333463    0.0957333463
         90884       1    0.0956817244    0.0956817244
         83718       1    0.0956101063    0.0956101063
         68326       1    0.0955821319    0.0955821319
         68390       1    0.0955647214    0.0955647214
         84107       1    0.0955062023    0.0955062023
        130540       1    0.0954914942    0.0954914942
        134708       1    0.0954800022    0.0954800022
         74761       1    0.0954728817    0.0954728817
        121303       1    0.0953821829    0.0953821829
         92078       1    0.0953812951    0.0953812951
         85818       1    0.0953796914    0.0953796914
        107714       1    0.0952924904    0.0952924904
         77799       1    0.0952608190    0.0952608190
        127112       1    0.0952467802    0.0952467802
        106612       1    0.0952347148    0.0952347148
        125580       1    0.0951419560    0.0951419560
        122976       1    0.0951417888    0.0951417888
         80788       1    0.0951218264    0.0951218264
         84429       1    0.0951177608    0.0951177608
        110682       1    0.0950519718    0.0950519718
        122523       1    0.0949922713    0.0949922713
         80577       1    0.0949773144    0.0949773144
         74907       1    0.0949390818    0.0949390818
         94477       1    0.0949162521    0.0949162521
        125529       1    0.0948922424    0.0948922424
        133335       1    0.0948640656    0.0948640656
        119727       1    0.0948054422    0.0948054422
        118342       1    0.0948003549    0.0948003549
        129945       1    0.0947993678    0.0947993678
         98068       1    0.0947885166    0.0947885166
        139207       1    0.0947612345    0.0947612345
        133321       1    0.0947461164    0.0947461164
         85578       1    0.0946881881    0.0946881881
         96834       1    0.0946700573    0.0946700573
        111866       1    0.0946520661    0.0946520661
        105553       1    0.0946408839    0.0946408839
        112053       1    0.0945988481    0.0945988481
        116251       1    0.0944883482    0.0944883482
         99685       1    0.0944326599    0.0944326599
         85754       1    0.0944199059    0.0944199059
         86598       1    0.0944075905    0.0944075905
        126159       1    0.0944003081    0.0944003081
        132521       1    0.0943602264    0.0943602264
        133371       1    0.0943246654    0.0943246654
         71225       1    0.0942911983    0.0942911983
        140993       1    0.0942625877    0.0942625877
        134413       1    0.0942083049    0.0942083049
         72244       1    0.0941890458    0.0941890458
         85713       1    0.0941637738    0.0941637738
         85964       1    0.0941476431    0.0941476431
         69083       1    0.0941309222    0.0941309222
        117898       1    0.0941149468    0.0941149468
        110022       1    0.0941028476    0.0941028476
        112767       1    0.0940587521    0.0940587521
         74113       1    0.0940192844    0.0940192844
         71163       1    0.0940071073    0.0940071073
        135198       1    0.0939700531    0.0939700531
         92380       1    0.0938748137    0.0938748137
         92739       1    0.0938288114    0.0938288114
         92508       1    0.0938123159    0.0938123159
        129776       1    0.0937894031    0.0937894031
        138513       1    0.0937699012    0.0937699012
        141628       1    0.0937593606    0.0937593606
        138111       1    0.0937579053    0.0937579053
         87674       1    0.0937472532    0.0937472532
        132622       1    0.0937463827    0.0937463827
        128461       1    0.0937046707    0.0937046707
         98057       1    0.0936857925    0.0936857925
        127457       1    0.0936485521    0.0936485521
        132984       1    0.0936332910    0.0936332910
         84657       1    0.0935843085    0.0935843085
         85342       1    0.0934589182    0.0934589182
        120930       1    0.0934560238    0.0934560238
         70519       1    0.0933621476    0.0933621476
        170048       1    0.0933568134    0.0933568134
        101069       1    0.0933534320    0.0933534320
         86621       1    0.0932640314    0.0932640314
        113434       1    0.0932374558    0.0932374558
        107782       1    0.0932244417    0.0932244417
         69705       1    0.0932232990    0.0932232990
        134411       1    0.0931844600    0.0931844600
        114795       1    0.0931330629    0.0931330629
        129725       1    0.0931280382    0.0931280382
         89902       1    0.0930856255    0.0930856255
         71352       1    0.0930691934    0.0930691934
         99552       1    0.0930399028    0.0930399028
        134542       1    0.0930032889    0.0930032889
         66254       1    0.0929763768    0.0929763768
         84968       1    0.0928913330    0.0928913330
         73719       1    0.0928714510    0.0928714510
         80434       1    0.0928714510    0.0928714510
        116597       1    0.0928023112    0.0928023112
         75917       1    0.0927555166    0.0927555166
         75047       1    0.0926987020    0.0926987020
        104511       1    0.0926716146    0.0926716146
         87343       1    0.0926540949    0.0926540949
        107692       1    0.0925360578    0.0925360578
         78362       1    0.0924747514    0.0924747514
         83685       1    0.0924741393    0.0924741393
         82186       1    0.0923681383    0.0923681383
        114067       1    0.0922794621    0.0922794621
        102533       1    0.0922402959    0.0922402959
         66697       1    0.0922113165    0.0922113165
        136117       1    0.0921994293    0.0921994293
        109663       1    0.0921663407    0.0921663407
         99954       1    0.0921520804    0.0921520804
        102149       1    0.0920476980    0.0920476980
         96897       1    0.0919465270    0.0919465270
         71681       1    0.0919097433    0.0919097433
         97379       1    0.0919083464    0.0919083464
         70503       1    0.0918894478    0.0918894478
        132494       1    0.0918178479    0.0918178479
         71310       1    0.0917749483    0.0917749483
         81904       1    0.0917744728    0.0917744728
        108934       1    0.0917538741    0.0917538741
        134825       1    0.0917251688    0.0917251688
        117705       1    0.0917021123    0.0917021123
         87347       1    0.0916562457    0.0916562457
        107726       1    0.0916241833    0.0916241833
        120256       1    0.0915964607    0.0915964607
        125121       1    0.0915702920    0.0915702920
        136266       1    0.0915251738    0.0915251738
         88174       1    0.0914922148    0.0914922148
         69857       1    0.0914540768    0.0914540768
         80531       1    0.0913478654    0.0913478654
        128020       1    0.0913453853    0.0913453853
        114021       1    0.0913124435    0.0913124435
        116087       1    0.0913085181    0.0913085181
         83660       1    0.0912192362    0.0912192362
        114331       1    0.0912180785    0.0912180785
         77803       1    0.0911448791    0.0911448791
         71402       1    0.0911340842    0.0911340842
        131143       1    0.0910758525    0.0910758525
        100977       1    0.0910616318    0.0910616318
        109257       1    0.0910593553    0.0910593553
        128951       1    0.0909817432    0.0909817432
        123081       1    0.0909664394    0.0909664394
        106483       1    0.0909374310    0.0909374310
        107265       1    0.0909374074    0.0909374074
         76321       1    0.0909125460    0.0909125460
         87994       1    0.0908269048    0.0908269048
         75520       1    0.0907489274    0.0907489274
        115388       1    0.0907320555    0.0907320555
         66039       1    0.0907095526    0.0907095526
        131810       1    0.0906518579    0.0906518579
        136424       1    0.0906446572    0.0906446572
         77123       1    0.0906376629    0.0906376629
        126814       1    0.0906202426    0.0906202426
        134808       1    0.0905663065    0.0905663065
         84992       1    0.0905585717    0.0905585717
         95135       1    0.0905539364    0.0905539364
        139846       1    0.0905404442    0.0905404442
         84237       1    0.0905085262    0.0905085262
         67726       1    0.0904749930    0.0904749930
         81024       1    0.0904467022    0.0904467022
         76717       1    0.0904365103    0.0904365103
         67891       1    0.0904043691    0.0904043691
        132752       1    0.0903189387    0.0903189387
         92924       1    0.0902862948    0.0902862948
         65891       1    0.0902574803    0.0902574803
         89559       1    0.0902419303    0.0902419303
         85104       1    0.0902315399    0.0902315399
        135812       1    0.0901899401    0.0901899401
        128486       1    0.0901149801    0.0901149801
         89915       1    0.0900096756    0.0900096756
        119126       1    0.0899382706    0.0899382706
        138125       1    0.0898742299    0.0898742299
        124091       1    0.0898678550    0.0898678550
         89340       1    0.0898492096    0.0898492096
        134162       1    0.0897215056    0.0897215056
        111952       1    0.0897189248    0.0897189248
         90580       1    0.0896787594    0.0896787594
        105513       1    0.0896097058    0.0896097058
         81533       1    0.0896068744    0.0896068744
        105774       1    0.0895936372    0.0895936372
        112675       1    0.0895776477    0.0895776477
        140390       1    0.0895767862    0.0895767862
         83667       1    0.0895094481    0.0895094481
        141338       1    0.0895060614    0.0895060614
        129570       1    0.0894497178    0.0894497178
        105933       1    0.0893787331    0.0893787331
        137472       1    0.0893737333    0.0893737333
         82446       1    0.0893266159    0.0893266159
        113006       1    0.0893238676    0.0893238676
         78239       1    0.0893023853    0.0893023853
        123705       1    0.0892870809    0.0892870809
         74833       1    0.0892814929    0.0892814929
        135387       1    0.0891587912    0.0891587912
        107813       1    0.0891456359    0.0891456359
         69358       1    0.0890831639    0.0890831639
        117477       1    0.0890701552    0.0890701552
         92560       1    0.0890305814    0.0890305814
         71801       1    0.0889908671    0.0889908671
         75825       1    0.0889731765    0.0889731765
         94961       1    0.0889423046    0.0889423046
         84646       1    0.0888913678    0.0888913678
        126458       1    0.0888782112    0.0888782112
        112966       1    0.0887701437    0.0887701437
        103356       1    0.0887281911    0.0887281911
         74397       1    0.0886906973    0.0886906973
         75836       1    0.0886554738    0.0886554738
        124543       1    0.0885818405    0.0885818405
        109715       1    0.0884801973    0.0884801973
        101094       1    0.0884068397    0.0884068397
        142071       1    0.0883786125    0.0883786125
        110076       1    0.0883505619    0.0883505619
         93666       1    0.0883471898    0.0883471898
         68712       1    0.0883414684    0.0883414684
         67128       1    0.0883228008    0.0883228008
         75393       1    0.0882874884    0.0882874884
         95517       1    0.0882141775    0.0882141775
         72212       1    0.0881989767    0.0881989767
         85516       1    0.0881535009    0.0881535009
        161596       1    0.0881146113    0.0881146113
         77752       1    0.0880635362    0.0880635362
         95837       1    0.0879934177    0.0879934177
        134740       1    0.0878080466    0.0878080466
        128097       1    0.0876851357    0.0876851357
         99047       1    0.0875785178    0.0875785178
        136607       1    0.0875472533    0.0875472533
         91282       1    0.0875418995    0.0875418995
         95552       1    0.0874601054    0.0874601054
         94958       1    0.0873843330    0.0873843330
        113418       1    0.0873797745    0.0873797745
         77880       1    0.0873737782    0.0873737782
         99542       1    0.0873165629    0.0873165629
         81033       1    0.0873125564    0.0873125564
         81799       1    0.0872274578    0.0872274578
         68785       1    0.0872256933    0.0872256933
        116072       1    0.0870669246    0.0870669246
         77629       1    0.0869954675    0.0869954675
         71785       1    0.0869677471    0.0869677471
         70576       1    0.0869494267    0.0869494267
        114029       1    0.0869376217    0.0869376217
        137180       1    0.0869048175    0.0869048175
        140772       1    0.0868779354    0.0868779354
         68780       1    0.0866893065    0.0866893065
         69134       1    0.0866777887    0.0866777887
        102215       1    0.0866726878    0.0866726878
         66248       1    0.0866704699    0.0866704699
        112595       1    0.0866332604    0.0866332604
         76754       1    0.0866284402    0.0866284402
        114577       1    0.0865999848    0.0865999848
         82455       1    0.0864489705    0.0864489705
        141209       1    0.0864256183    0.0864256183
        123342       1    0.0864145479    0.0864145479
        102388       1    0.0863181674    0.0863181674
         89560       1    0.0862759643    0.0862759643
        118843       1    0.0862593345    0.0862593345
        139304       1    0.0862352779    0.0862352779
        100826       1    0.0861393539    0.0861393539
         86734       1    0.0861196438    0.0861196438
        137581       1    0.0859415008    0.0859415008
         66085       1    0.0859034352    0.0859034352
         89537       1    0.0859014243    0.0859014243
         81268       1    0.0858626172    0.0858626172
        138288       1    0.0856676629    0.0856676629
        136659       1    0.0855651113    0.0855651113
         89385       1    0.0854661060    0.0854661060
        114564       1    0.0854225057    0.0854225057
         86827       1    0.0853810593    0.0853810593
        117396       1    0.0852770355    0.0852770355
         83341       1    0.0852613902    0.0852613902
         70086       1    0.0852500980    0.0852500980
        134601       1    0.0852260264    0.0852260264
        108515       1    0.0851270534    0.0851270534
         72280       1    0.0850177646    0.0850177646
         78541       1    0.0848829150    0.0848829150
        123267       1    0.0848303139    0.0848303139
         86795       1    0.0848225512    0.0848225512
         89487       1    0.0847605969    0.0847605969
         73222       1    0.0846143980    0.0846143980
         88774       1    0.0844652335    0.0844652335
        122067       1    0.0843578378    0.0843578378
         69687       1    0.0842345996    0.0842345996
         96733       1    0.0842266237    0.0842266237
         81691       1    0.0842008293    0.0842008293
        113882       1    0.0841959489    0.0841959489
        156104       1    0.0841477245    0.0841477245
        114452       1    0.0840975628    0.0840975628
        116550       1    0.0840163158    0.0840163158
         96722       1    0.0839734483    0.0839734483
         72940       1    0.0839512792    0.0839512792
         92333       1    0.0838898630    0.0838898630
        137375       1    0.0838183577    0.0838183577
        170140       1    0.0838144397    0.0838144397
        106190       1    0.0836540398    0.0836540398
         70837       1    0.0836486327    0.0836486327
        130649       1    0.0835868597    0.0835868597
        130350       1    0.0835668715    0.0835668715
        119258       1    0.0834656668    0.0834656668
        139519       1    0.0833168014    0.0833168014
         68766       1    0.0832632309    0.0832632309
        120987       1    0.0832612060    0.0832612060
         95831       1    0.0832518891    0.0832518891
        106748       1    0.0832384061    0.0832384061
        119421       1    0.0831848681    0.0831848681
         72728       1    0.0831814666    0.0831814666
         98339       1    0.0831601616    0.0831601616
         72751       1    0.0830589143    0.0830589143
        124179       1    0.0830128763    0.0830128763
        118680       1    0.0829807788    0.0829807788
        109691       1    0.0829317223    0.0829317223
        130852       1    0.0828226388    0.0828226388
        114293       1    0.0827908852    0.0827908852
        117915       1    0.0827885121    0.0827885121
        109135       1    0.0827857037    0.0827857037
         91580       1    0.0825722059    0.0825722059
         91682       1    0.0825211349    0.0825211349
        125554       1    0.0824252881    0.0824252881
        109134       1    0.0823874715    0.0823874715
         69711       1    0.0823700459    0.0823700459
         72812       1    0.0823526588    0.0823526588
        132400       1    0.0822758663    0.0822758663
         82748       1    0.0820918998    0.0820918998
         74682       1    0.0820387946    0.0820387946
         69969       1    0.0820207076    0.0820207076
        110778       1    0.0819868128    0.0819868128
         77541       1    0.0818692036    0.0818692036
         84816       1    0.0817878407    0.0817878407
        125670       1    0.0817864617    0.0817864617
        123306       1    0.0817796091    0.0817796091
         84026       1    0.0817425694    0.0817425694
         81597       1    0.0817290674    0.0817290674
         86060       1    0.0817179063    0.0817179063
        127481       1    0.0816236233    0.0816236233
        139405       1    0.0816026668    0.0816026668
         94039       1    0.0815593577    0.0815593577
        141735       1    0.0814638546    0.0814638546
         80132       1    0.0814056092    0.0814056092
         65822       1    0.0813874122    0.0813874122
        127225       1    0.0812856021    0.0812856021
        124396       1    0.0811980915    0.0811980915
         92583       1    0.0809982612    0.0809982612
        100517       1    0.0807741838    0.0807741838
        103106       1    0.0807173848    0.0807173848
         88461       1    0.0806967907    0.0806967907
        131013       1    0.0806698159    0.0806698159
        120034       1    0.0804626233    0.0804626233
         87418       1    0.0803807852    0.0803807852
         86260       1    0.0803749187    0.0803749187
        126632       1    0.0803475494    0.0803475494
         93824       1    0.0803202055    0.0803202055
        139546       1    0.0801927328    0.0801927328
        127935       1    0.0800724914    0.0800724914
        121040       1    0.0799502927    0.0799502927
        109975       1    0.0798968028    0.0798968028
         77597       1    0.0798159845    0.0798159845
        138622       1    0.0797973432    0.0797973432
         67613       1    0.0797689267    0.0797689267
        129524       1    0.0797210857    0.0797210857
        103460       1    0.0796800780    0.0796800780
         81688       1    0.0796264578    0.0796264578
         99103       1    0.0795896836    0.0795896836
        136860       1    0.0795796584    0.0795796584
        121567       1    0.0794891183    0.0794891183
        105757       1    0.0793945801    0.0793945801
        108467       1    0.0793106418    0.0793106418
         65986       1    0.0792620996    0.0792620996
         76783       1    0.0792382158    0.0792382158
         76586       1    0.0791731037    0.0791731037
         70293       1    0.0791239480    0.0791239480
        104819       1    0.0790721861    0.0790721861
         89196       1    0.0790592046    0.0790592046
        136111       1    0.0789810780    0.0789810780
         93202       1    0.0787947658    0.0787947658
         89975       1    0.0787406126    0.0787406126
         77086       1    0.0786789517    0.0786789517
         83728       1    0.0786760793    0.0786760793
         93860       1    0.0786021175    0.0786021175
         70528       1    0.0784866221    0.0784866221
        113745       1    0.0782757952    0.0782757952
        106317       1    0.0782640846    0.0782640846
         79879       1    0.0781864749    0.0781864749
         75680       1    0.0781653980    0.0781653980
        119857       1    0.0781068123    0.0781068123
        107833       1    0.0781033267    0.0781033267
        140238       1    0.0780180480    0.0780180480
        126816       1    0.0779489847    0.0779489847
         76808       1    0.0779429259    0.0779429259
        122414       1    0.0778732466    0.0778732466
        119847       1    0.0776564150    0.0776564150
         88792       1    0.0775622080    0.0775622080
        133395       1    0.0774449076    0.0774449076
        126993       1    0.0773928463    0.0773928463
        109107       1    0.0772663532    0.0772663532
         81180       1    0.0772333081    0.0772333081
        141040       1    0.0768698875    0.0768698875
        109698       1    0.0768531683    0.0768531683
        158765       1    0.0768227717    0.0768227717
         73761       1    0.0766738883    0.0766738883
        107244       1    0.0766018377    0.0766018377
         85627       1    0.0765791785    0.0765791785
         81738       1    0.0765737600    0.0765737600
        110021       1    0.0764924774    0.0764924774
         69562       1    0.0764306108    0.0764306108
         70502       1    0.0763719440    0.0763719440
         91023       1    0.0758600029    0.0758600029
        131344       1    0.0758549146    0.0758549146
         96735       1    0.0757763922    0.0757763922
         83557       1    0.0754990709    0.0754990709
        107729       1    0.0754645141    0.0754645141
         97592       1    0.0752804259    0.0752804259
         77600       1    0.0752653592    0.0752653592
         69936       1    0.0752327464    0.0752327464
        110611       1    0.0751715610    0.0751715610
        136449       1    0.0751651444    0.0751651444
         78779       1    0.0750641780    0.0750641780
         70946       1    0.0749130294    0.0749130294
        132613       1    0.0748457611    0.0748457611
        102603       1    0.0747860706    0.0747860706
         79635       1    0.0747797129    0.0747797129
         73728       1    0.0745402565    0.0745402565
        157615       1    0.0744367838    0.0744367838
        127513       1    0.0744082562    0.0744082562
        117420       1    0.0744051842    0.0744051842
         70698       1    0.0743842040    0.0743842040
         85811       1    0.0743572499    0.0743572499
        152463       1    0.0740744028    0.0740744028
        141142       1    0.0740513976    0.0740513976
         91004       1    0.0738631040    0.0738631040
        127691       1    0.0738597968    0.0738597968
         92436       1    0.0738471661    0.0738471661
        139634       1    0.0737241263    0.0737241263
        101573       1    0.0735967358    0.0735967358
        108725       1    0.0734823376    0.0734823376
         91115       1    0.0734609724    0.0734609724
        140763       1    0.0733406701    0.0733406701
        108745       1    0.0733116660    0.0733116660
        102895       1    0.0732324594    0.0732324594
        169254       1    0.0732221901    0.0732221901
         68779       1    0.0732040311    0.0732040311
         87784       1    0.0731741167    0.0731741167
         78419       1    0.0730506850    0.0730506850
         70380       1    0.0729116594    0.0729116594
        127082       1    0.0727378448    0.0727378448
        119551       1    0.0726224738    0.0726224738
        134313       1    0.0725776713    0.0725776713
        104845       1    0.0724726328    0.0724726328
        122782       1    0.0724175109    0.0724175109
         66010       1    0.0722689469    0.0722689469
        113889       1    0.0721150825    0.0721150825
        113444       1    0.0721147844    0.0721147844
         73132       1    0.0720588089    0.0720588089
         98216       1    0.0720481575    0.0720481575
         75876       1    0.0719272143    0.0719272143
         70731       1    0.0718371883    0.0718371883
        136752       1    0.0714832460    0.0714832460
         73143       1    0.0714762117    0.0714762117
        137167       1    0.0714179089    0.0714179089
         83476       1    0.0713331643    0.0713331643
        102649       1    0.0712583816    0.0712583816
        146917       1    0.0712528568    0.0712528568
         76517       1    0.0710798879    0.0710798879
         95881       1    0.0710629913    0.0710629913
         94899       1    0.0709781211    0.0709781211
        128746       1    0.0708687363    0.0708687363
        113684       1    0.0707505289    0.0707505289
         80860       1    0.0705090521    0.0705090521
         94684       1    0.0703622639    0.0703622639
        104708       1    0.0701043390    0.0701043390
        134779       1    0.0700432609    0.0700432609
         81161       1    0.0700348012    0.0700348012
         90599       1    0.0700157988    0.0700157988
        154793       1    0.0699395827    0.0699395827
        127229       1    0.0698889843    0.0698889843
         70329       1    0.0698416659    0.0698416659
         97796       1    0.0697131131    0.0697131131
        113182       1    0.0695793825    0.0695793825
        150999       1    0.0693811555    0.0693811555
        137820       1    0.0692799493    0.0692799493
        137234       1    0.0691622985    0.0691622985
         93276       1    0.0689022197    0.0689022197
         85828       1    0.0687083131    0.0687083131
         90785       1    0.0685477561    0.0685477561
         77416       1    0.0685333315    0.0685333315
         70594       1    0.0682622853    0.0682622853
         95188       1    0.0682448257    0.0682448257
        129136       1    0.0681935691    0.0681935691
         93107       1    0.0680693908    0.0680693908
         76295       1    0.0679932277    0.0679932277
        111022       1    0.0679102562    0.0679102562
         93216       1    0.0677766363    0.0677766363
         76329       1    0.0677202174    0.0677202174
         81857       1    0.0677095018    0.0677095018
        168739       1    0.0674333962    0.0674333962
         94409       1    0.0673608009    0.0673608009
        128163       1    0.0671504793    0.0671504793
        120447       1    0.0670944095    0.0670944095
        117810       1    0.0670491279    0.0670491279
        141285       1    0.0668300979    0.0668300979
         79703       1    0.0668209063    0.0668209063
        114350       1    0.0667661905    0.0667661905
        100070       1    0.0665559000    0.0665559000
        133062       1    0.0665506637    0.0665506637
        126879       1    0.0664504766    0.0664504766
        147868       1    0.0663286040    0.0663286040
        159327       1    0.0658633235    0.0658633235
        120997       1    0.0657500682    0.0657500682
        102996       1    0.0657304336    0.0657304336
        134636       1    0.0655469811    0.0655469811
         97595       1    0.0653919692    0.0653919692
        111829       1    0.0653770837    0.0653770837
         83785       1    0.0652273254    0.0652273254
         86552       1    0.0651388538    0.0651388538
        120091       1    0.0651233158    0.0651233158
         77705       1    0.0644773948    0.0644773948
        140495       1    0.0643904511    0.0643904511
        105747       1    0.0637314856    0.0637314856
         82193       1    0.0634310581    0.0634310581
        134440       1    0.0634188380    0.0634188380
         99990       1    0.0632153815    0.0632153815
        140959       1    0.0632018447    0.0632018447
         84178       1    0.0630553380    0.0630553380
        126580       1    0.0628000920    0.0628000920
        117103       1    0.0626937436    0.0626937436
        133868       1    0.0624519862    0.0624519862
         99724       1    0.0623618386    0.0623618386
        124126       1    0.0622494490    0.0622494490
         97308       1    0.0620787827    0.0620787827
         66361       1    0.0617791067    0.0617791067
         85663       1    0.0617661680    0.0617661680
        120288       1    0.0616482178    0.0616482178
        136590       1    0.0615719597    0.0615719597
        126737       1    0.0613397418    0.0613397418
        166186       1    0.0607492250    0.0607492250
         98810       1    0.0606612916    0.0606612916
         89843       1    0.0602647384    0.0602647384
        112481       1    0.0600632792    0.0600632792
         82499       1    0.0599606153    0.0599606153
         71657       1    0.0599074982    0.0599074982
        110622       1    0.0597750045    0.0597750045
        138600       1    0.0592484062    0.0592484062
         75342       1    0.0585594349    0.0585594349
        106201       1    0.0585377476    0.0585377476
         92748       1    0.0585359090    0.0585359090
         71192       1    0.0578133584    0.0578133584
        101143       1    0.0575474277    0.0575474277
         79993       1    0.0575203832    0.0575203832
         68011       1    0.0573123834    0.0573123834
         78780       1    0.0572690874    0.0572690874
        139417       1    0.0571503017    0.0571503017
         95853       1    0.0563211581    0.0563211581
         69739       1    0.0560970892    0.0560970892
         70620       1    0.0554805851    0.0554805851
        113439       1    0.0553427002    0.0553427002
        125792       1    0.0552226623    0.0552226623
        113781       1    0.0551904088    0.0551904088
        140166       1    0.0545237675    0.0545237675
        105041       1    0.0543358565    0.0543358565
         70239       1    0.0542864543    0.0542864543
        124466       1    0.0538084566    0.0538084566
        118833       1    0.0531103208    0.0531103208
         67525       1    0.0526915495    0.0526915495
         73117       1    0.0516389587    0.0516389587
         92652       1    0.0515763040    0.0515763040
         75639       1    0.0514811640    0.0514811640
         97072       1    0.0513756320    0.0513756320
         73250       1    0.0503814884    0.0503814884
         94880       1    0.0502986693    0.0502986693
         78323       1    0.0502929201    0.0502929201
        164482       1    0.0498424579    0.0498424579
        139481       1    0.0496169250    0.0496169250
         98525       1    0.0494445335    0.0494445335
        108030       1    0.0489467344    0.0489467344
        113711       1    0.0488520120    0.0488520120
        127923       1    0.0486662045    0.0486662045
         91952       1    0.0479497109    0.0479497109
         92899       1    0.0476927578    0.0476927578
        131359       1    0.0476650404    0.0476650404
         76445       1    0.0471742763    0.0471742763
         81736       1    0.0470359202    0.0470359202
        139777       1    0.0466797465    0.0466797465
        137098       1    0.0464942168    0.0464942168
        129184       1    0.0452333119    0.0452333119
        120874       1    0.0448376954    0.0448376954
        128812       1    0.0447850287    0.0447850287
         91201       1    0.0445496798    0.0445496798
         66966       1    0.0444977482    0.0444977482
         96721       1    0.0444731296    0.0444731296
        127908       1    0.0442420587    0.0442420587
         67305       1    0.0441345813    0.0441345813
         88152       1    0.0440913141    0.0440913141
         90046       1    0.0436916844    0.0436916844
        161587       1    0.0435921044    0.0435921044
        133877       1    0.0431802153    0.0431802153
        116181       1    0.0425935023    0.0425935023
         83176       1    0.0425279829    0.0425279829
        106637       1    0.0424137551    0.0424137551
        127276       1    0.0421487527    0.0421487527
        116748       1    0.0420263084    0.0420263084
         83380       1    0.0418550416    0.0418550416
         86268       1    0.0417685102    0.0417685102
        122637       1    0.0415587017    0.0415587017
        105071       1    0.0412889821    0.0412889821
         91188       1    0.0411308098    0.0411308098
         78843       1    0.0407259473    0.0407259473
        122602       1    0.0405170187    0.0405170187
        126417       1    0.0404524279    0.0404524279
        169193       1    0.0403276408    0.0403276408
        140905       1    0.0398396893    0.0398396893
         96011       1    0.0397379089    0.0397379089
         85155       1    0.0396051370    0.0396051370
         71005       1    0.0391360186    0.0391360186
         74341       1    0.0390933653    0.0390933653
         78983       1    0.0385781790    0.0385781790
        103220       1    0.0379988882    0.0379988882
        108389       1    0.0378172802    0.0378172802
         73665       1    0.0376723294    0.0376723294
        133901       1    0.0375827253    0.0375827253
        109967       1    0.0373298926    0.0373298926
        100502       1    0.0372762963    0.0372762963
         83466       1    0.0371949796    0.0371949796
        117509       1    0.0371919042    0.0371919042
         80827       1    0.0370652336    0.0370652336
        122195       1    0.0369377673    0.0369377673
        111688       1    0.0366338568    0.0366338568
         83752       1    0.0357968004    0.0357968004
        118436       1    0.0353736262    0.0353736262
         69323       1    0.0350691799    0.0350691799
         86074       1    0.0347769649    0.0347769649
         70705       1    0.0344548965    0.0344548965
         66524       1    0.0343161764    0.0343161764
        131865       1    0.0341684229    0.0341684229
        113420       1    0.0338192218    0.0338192218
        106248       1    0.0332097344    0.0332097344
        130729       1    0.0325908484    0.0325908484
         88398       1    0.0324255003    0.0324255003
         90068       1    0.0321989931    0.0321989931
        114703       1    0.0321235643    0.0321235643
        139330       1    0.0318452053    0.0318452053
         66066       1    0.0317442746    0.0317442746
         87400       1    0.0315297036    0.0315297036
         66285       1    0.0307587637    0.0307587637
        116307       1    0.0297809690    0.0297809690
        130947       1    0.0294401325    0.0294401325
         74834       1    0.0288522166    0.0288522166
         67552       1    0.0287777313    0.0287777313
        173121       1    0.0285881412    0.0285881412
        127865       1    0.0284200734    0.0284200734
        137785       1    0.0280928424    0.0280928424
         98343       1    0.0277119041    0.0277119041
        172122       1    0.0276312624    0.0276312624
        121893       1    0.0275564579    0.0275564579
         70332       1    0.0275313373    0.0275313373
         85351       1    0.0275179250    0.0275179250
         76706       1    0.0270063577    0.0270063577
        103630       1    0.0269799089    0.0269799089
         74664       1    0.0269393454    0.0269393454
        125369       1    0.0267634345    0.0267634345
         71839       1    0.0258933836    0.0258933836
         68874       1    0.0254938424    0.0254938424
        119045       1    0.0253329296    0.0253329296
         88963       1    0.0250275002    0.0250275002
        130189       1    0.0245705992    0.0245705992
        106938       1    0.0243773612    0.0243773612
        116356       1    0.0242921633    0.0242921633
         96345       1    0.0241799921    0.0241799921
        121868       1    0.0237500957    0.0237500957
        121241       1    0.0236932269    0.0236932269
         97944       1    0.0230690384    0.0230690384
         76795       1    0.0224347668    0.0224347668
         98734       1    0.0221089392    0.0221089392
        163596       1    0.0216569935    0.0216569935
         86658       1    0.0214013098    0.0214013098
        131860       1    0.0211864659    0.0211864659
        165709       1    0.0200403914    0.0200403914
        112853       1    0.0196930435    0.0196930435
        100128       1    0.0187327944    0.0187327944
         66890       1    0.0184621914    0.0184621914
        125944       1    0.0184148336    0.0184148336
        118589       1    0.0180169478    0.0180169478
         66456       1    0.0178935779    0.0178935779
         76556       1    0.0171724494    0.0171724494
        161132       1    0.0171159896    0.0171159896
         94809       1    0.0166578053    0.0166578053
         81163       1    0.0164828307    0.0164828307
        120845       1    0.0161798081    0.0161798081
        141390       1    0.0157726901    0.0157726901
        103559       1    0.0155880263    0.0155880263
        112845       1    0.0148974705    0.0148974705
        105272       1    0.0136262763    0.0136262763
         65866       1    0.0129350760    0.0129350760
        113133       1    0.0126315022    0.0126315022
         94539       1    0.0099663953    0.0099663953
        164505       1    0.0084394363    0.0084394363
        112632       1    0.0084321422    0.0084321422
        128889       1    0.0066736402    0.0066736402
        172760       1    0.0050148890    0.0050148890
        147526       1    0.0038001224    0.0038001224
         86410       1    0.0030882680    0.0030882680
         82360       1   -0.0008769214   -0.0008769214
         94983       1   -0.0058461918   -0.0058461918
         88188       1   -0.0060268121   -0.0060268121
        134066       1   -0.0078415035   -0.0078415035
         86122       1   -0.0078950164   -0.0078950164
         99426       1   -0.0085686933   -0.0085686933
         88065       1  -499.9395789456  -499.9395789456
        110493       1  -499.9434981174  -499.9434981174
        111677       1  -499.9460330094  -499.9460330094
         97089       1  -499.9498244822  -499.9498244822
         84501       1  -499.9509728904  -499.9509728904

