molecule_name,score
rxn:3:55915:38843:113646,0.1341692338819089
rxn:3:44002:1179:88237,0.12853810080775507
rxn:3:42129:3197:88237,0.12845060030619304
rxn:3:55915:2623:88237,0.12597059175885958
rxn:3:42129:3937:113646,0.12590228689127955
rxn:3:55915:3197:88237,0.12574118581311455
rxn:3:42129:39087:134963,0.12569476664066315
rxn:3:42129:7121:125245,0.12508548630608451
rxn:3:55915:6428:88237,0.1245017965634664
rxn:3:42129:38974:125245,0.12421314716339112
rxn:3:44002:39336:88237,0.12364132757540103
rxn:3:55586:38879:125245,0.12303691903750101
rxn:3:42129:39336:88237,0.12231292174412654
rxn:3:62819:38974:113646,0.12204327272332233
rxn:3:62819:6427:142033,0.1217341113973547
rxn:3:62819:37853:88237,0.121010129098539
rxn:3:42129:37853:125245,0.1209857485124043
rxn:3:55586:37853:96332,0.1204983361305729
rxn:3:55915:18011:134963,0.12048950046300888
rxn:3:44002:7452:88237,0.12040709832618976
rxn:3:55915:6424:88237,0.12018814991260397
rxn:3:50151:1912:125245,0.12016334136327107
rxn:3:62819:6428:88237,0.12016147573788961
rxn:3:44002:31220:88237,0.1197572668393453
rxn:3:55915:2625:113646,0.11967276675360543
rxn:3:62819:5970:125245,0.11955403127977925
rxn:3:55586:35051:125245,0.11935612847728114
rxn:3:44002:39443:88237,0.11879277229309082
rxn:3:62819:8783:125245,0.11860956748326619
rxn:3:42129:21267:88237,0.11859571933746338
rxn:3:44002:6424:113646,0.1184786856174469
rxn:3:42129:7122:113646,0.1183640786579677
rxn:3:50151:38894:88237,0.11830352619290352
rxn:3:62819:39443:113646,0.1182502559993578
rxn:3:62819:2643:113646,0.1182006849692418
rxn:3:62819:1067:134963,0.11817429242310701
rxn:3:62819:2643:125245,0.11817282659036142
rxn:3:62819:1067:88237,0.11815741658210754
rxn:3:62819:35065:113646,0.11799482158992601
rxn:3:55586:2089:96332,0.11794471946255915
rxn:3:55586:38974:113646,0.11782235824144803
rxn:3:55915:35065:125245,0.11778894066810608
rxn:3:44002:3937:125245,0.11775460358588927
rxn:3:50151:1305:125245,0.1177424967288971
rxn:3:42129:38324:88237,0.11769117249382867
rxn:3:50151:24882:125245,0.11748872598012289
rxn:3:55586:38411:88237,0.11747533082962036
rxn:3:42129:29621:88237,0.11745364849384014
rxn:3:62819:2643:134963,0.11745144213948931
rxn:3:55586:179:96332,0.11741978122342017
rxn:3:55915:19900:88237,0.11731255451838175
rxn:3:55915:39338:136811,0.1172939759713632
rxn:3:50151:38411:88237,0.11728980924401965
rxn:3:55915:2866:125245,0.1172447403271993
rxn:3:42129:23159:113646,0.11711851535020051
rxn:3:62819:39338:125245,0.11701075388835026
rxn:3:55915:18028:113646,0.11693133513132731
rxn:3:55915:35051:113646,0.1169234381781684
rxn:3:42129:9202:113646,0.1168492711507357
rxn:3:62819:39336:142033,0.11682778337727422
rxn:3:55915:38166:88237,0.11669374887759869
rxn:3:62819:35051:125245,0.11663236362593514
rxn:3:55586:39443:88237,0.11660653352737427
rxn:3:55586:1305:96332,0.1165891351370976
rxn:3:55915:2643:96332,0.1164918031011309
rxn:3:62819:37729:125245,0.11649010799549243
rxn:3:59882:37853:125245,0.11637869477272034
rxn:3:62819:3197:88237,0.1163275776238277
rxn:3:55915:35058:88237,0.116314431031545
rxn:3:55586:38894:125245,0.11626590092976888
rxn:3:55915:2643:113646,0.11615370557858394
rxn:3:44002:31814:113646,0.11611944657784921
rxn:3:55915:6441:113646,0.11608659398966822
rxn:3:62819:8783:113646,0.1160736450782189
rxn:3:62819:6439:113646,0.1160665853270169
rxn:3:55586:38843:113646,0.11601168834246121
rxn:3:62819:357:125245,0.1160093355178833
rxn:3:50151:39443:88237,0.1160078870839086
rxn:3:44002:9202:88237,0.11600148039204734
rxn:3:50151:39443:142033,0.11598270469241673
rxn:3:59882:29621:125245,0.11597316998701829
rxn:3:44002:6424:88237,0.11590861312804683
rxn:3:42129:6424:125245,0.11590524514516194
rxn:3:55586:21267:113646,0.11588278412818909
rxn:3:59882:35065:125245,0.11586910486221313
rxn:3:44002:12104:88237,0.1157507378122081
rxn:3:52219:29621:113646,0.11575037240982056
rxn:3:62819:34501:113646,0.11561771233876546
rxn:3:44002:38843:88237,0.11559209915307853
rxn:3:55586:39527:88237,0.11541284896709302
rxn:3:55915:31814:136811,0.1153595800752993
rxn:3:42129:29621:125245,0.1153072164608882
rxn:3:55915:29621:125245,0.11530452966690063
rxn:3:42129:38880:125245,0.11523630789348058
rxn:3:59882:38879:125245,0.11522105761936732
rxn:3:52219:8634:125245,0.11520843108495077
rxn:3:50151:39527:113646,0.11514365673065186
rxn:3:62819:3268:88237,0.11493972663221688
rxn:3:62819:1154:96332,0.11491902385439191
rxn:3:62819:6424:134963,0.11491671005884806
rxn:3:55915:22566:125245,0.11485230481183087
rxn:3:55915:18011:136811,0.11481151729822159
rxn:3:55915:8654:88237,0.11476075152556102
rxn:3:42129:23158:125245,0.11473609341515435
rxn:3:55915:2125:134564,0.11471546579290319
rxn:3:50151:9202:88237,0.11470783525897611
rxn:3:55915:1964:125245,0.11453630881650108
rxn:3:42129:39087:125245,0.11451974122420601
rxn:3:62819:1154:88237,0.1145121521419949
rxn:3:62819:6427:96332,0.11449288129806519
rxn:3:42129:38411:113646,0.11432810969974684
rxn:3:62819:3054:125245,0.11431345462799072
rxn:3:62819:37853:113646,0.11430366451923664
rxn:3:62819:6422:125245,0.11430025511774523
rxn:3:62819:1067:113646,0.11426684856414795
rxn:3:42129:2125:88237,0.11425974633958605
rxn:3:55586:3937:113646,0.11410011783722908
rxn:3:55915:5439:88237,0.11407721996307373
rxn:3:44002:31045:88237,0.11407719339643206
rxn:3:62819:39336:125245,0.11397438049316407
rxn:3:42129:37782:113646,0.11394262313842773
rxn:3:62819:28569:125245,0.11392167636326381
rxn:3:55586:35058:113646,0.11387591436505318
rxn:3:55586:35065:125245,0.11385452747344971
rxn:3:42129:2089:88237,0.11384066710105309
rxn:3:50151:3054:125245,0.11380165417989095
rxn:3:55915:37782:125245,0.11377837402479989
rxn:3:62819:38166:88237,0.11374545326599708
rxn:3:50151:38879:88237,0.11371101066470146
rxn:3:44002:1305:113646,0.11370289096465477
rxn:3:42129:2089:113646,0.1136241865158081
rxn:3:62819:38166:125245,0.11360783301866971
rxn:3:55915:6418:88237,0.11359845201174418
rxn:3:62819:37782:96332,0.1135903103598233
rxn:3:55915:38943:88237,0.11356801898391158
rxn:3:50151:2089:96332,0.11346549757065312
rxn:3:55915:7399:125245,0.11345238597304733
rxn:3:44002:38372:88237,0.113433837890625
rxn:3:55915:18028:88237,0.11342195733900994
rxn:3:62819:38865:113646,0.11339384538156015
rxn:3:55915:6427:125245,0.11335774536790519
rxn:3:60054:6428:71470,0.11334301233291626
rxn:3:42129:35065:125245,0.11332495212554931
rxn:3:55915:39087:134963,0.11332292142121689
rxn:3:62819:3268:125245,0.11326980179753797
rxn:3:50151:35065:88237,0.11322559775977299
rxn:3:55586:38974:88237,0.1132251951429579
rxn:3:62819:1305:134963,0.11317353294445918
rxn:3:55915:18011:88237,0.11308721957668182
rxn:3:50151:38843:113646,0.1130799949169159
rxn:3:42129:1179:136811,0.11306882787633825
rxn:3:42129:32185:88237,0.11302682956059774
rxn:3:62819:6418:125245,0.11301350990931193
rxn:3:62819:34501:88237,0.11298419713973999
rxn:3:55915:3937:125245,0.11295839424791007
rxn:3:62819:31952:134963,0.11295814514160156
rxn:3:55915:38974:113646,0.11295088477756667
rxn:3:55586:3054:125245,0.11285321627344404
rxn:3:55586:38843:125245,0.11285288687105532
rxn:3:42129:7759:136811,0.11278872830527169
rxn:3:50151:38894:113646,0.11276857314571258
rxn:3:55915:21267:88237,0.11274023489518599
rxn:3:50151:7121:125245,0.11266152704915693
rxn:3:62819:357:134963,0.11264267793068519
rxn:3:59882:35058:125245,0.11259876912639986
rxn:3:62819:38880:134963,0.11259559222630092
rxn:3:62819:6428:113646,0.11257602839634337
rxn:3:62819:31220:134963,0.11257252816496224
rxn:3:50151:37853:113646,0.11256244490223546
rxn:3:55586:2625:125245,0.1125505305826664
rxn:3:62819:7654:113646,0.11252365288911043
rxn:3:62819:8654:88237,0.11247757077217102
rxn:3:55586:31220:113646,0.11247237324714661
rxn:3:42129:1179:113646,0.11245803356170654
rxn:3:55915:5439:125245,0.11242712259292603
rxn:3:62819:38764:134963,0.11242495821072505
rxn:3:45558:29621:88237,0.1124166382683648
rxn:3:55915:38534:88237,0.11241593032047667
rxn:3:50151:29621:125245,0.11239231427510579
rxn:3:50151:7122:113646,0.11239004507660866
rxn:3:62819:35058:125245,0.11234371662139893
rxn:3:42129:38974:136811,0.1122978008710421
rxn:3:42129:1371:113646,0.11228823867337458
rxn:3:50151:31814:125245,0.11228153205687
rxn:3:62819:38974:88237,0.1121775358915329
rxn:3:52219:1179:125245,0.11215673232900686
rxn:3:42129:8654:113646,0.11214217295249303
rxn:3:45558:7654:88237,0.11203070481618245
rxn:3:42129:38843:88237,0.11202657699584961
rxn:3:59882:1848:88237,0.11201944748560587
rxn:3:55915:6425:125245,0.11200986901919047
rxn:3:52219:29621:125245,0.11200432325231618
rxn:3:62819:38894:134963,0.11195960640907288
rxn:3:55915:6428:125245,0.11195536851882934
rxn:3:55915:6439:88237,0.11190695365269979
rxn:3:55915:37782:113646,0.11188850579438386
rxn:3:55915:1154:113646,0.11186899130160992
rxn:3:62819:18011:88237,0.1118608578558891
rxn:3:55915:3268:113646,0.1118248701095581
rxn:3:62819:9202:88237,0.11179113617310157
rxn:3:62819:3197:134963,0.11178536017735799
rxn:3:59882:38324:125245,0.11178528821026837
rxn:3:44002:6427:88237,0.1117029574609572
rxn:3:62819:18011:113646,0.11169691483179728
rxn:3:62819:6422:113646,0.11165965454918998
rxn:3:42129:39372:88237,0.1116586791144477
rxn:3:55915:5970:136811,0.1116577722132206
rxn:3:50151:39336:113646,0.111650458697615
rxn:3:59882:37853:113646,0.11161725167874936
rxn:3:59882:22566:125245,0.11156114935874939
rxn:3:62819:18028:134963,0.11155826039612293
rxn:3:62819:38485:125245,0.11150497403638117
rxn:3:42129:38372:113646,0.11149971989484933
rxn:3:55915:2623:125245,0.11149236662634487
rxn:3:59882:37782:125245,0.11143043740042324
rxn:3:44002:37782:88237,0.11136682033538818
rxn:3:55586:3197:125245,0.11134861037135124
rxn:3:55586:37853:110719,0.11132832802832127
rxn:3:62819:1154:134963,0.11132726924760002
rxn:3:55915:3937:88237,0.11131359790933543
rxn:3:55915:18028:134963,0.11129015311598778
rxn:3:42129:1912:110719,0.11118265560695104
rxn:3:42129:35058:88237,0.11117561786405501
rxn:3:42129:2625:113646,0.11113216959196946
rxn:3:62819:2125:125245,0.11112062059915982
rxn:3:55586:38166:113646,0.11109465786388942
rxn:3:42129:14995:125245,0.11108868286527436
rxn:3:55915:2643:134963,0.11106416583061218
rxn:3:62819:37782:110719,0.1110591967900594
rxn:3:55586:38879:88237,0.11103330850601197
rxn:3:42129:7121:88237,0.11103107311107495
rxn:3:50151:38879:113646,0.11101766555540023
rxn:3:55586:37782:125245,0.11100300473551597
rxn:3:42129:31166:96332,0.11097014361414416
rxn:3:55915:3197:125245,0.11092785309100973
rxn:3:62819:38605:88237,0.11089565135814526
rxn:3:55915:39338:96332,0.11088628680617721
rxn:3:55586:39336:88237,0.11083063908985682
rxn:3:44002:34501:88237,0.1108104564525463
rxn:3:50151:2089:134963,0.11077817409269271
rxn:3:42129:7121:136811,0.11076709840978895
rxn:3:62819:1305:88237,0.11074697494506835
rxn:3:62819:35058:113646,0.1107181064013777
rxn:3:55915:38605:113646,0.11070792950116672
rxn:3:59882:7399:125245,0.11066895723342896
rxn:3:50151:8634:136811,0.110650435090065
rxn:3:62819:18028:113646,0.11061880389849345
rxn:3:55915:38324:88237,0.11061721123181857
rxn:3:50151:3297:88237,0.11058916305673533
rxn:3:62819:1149:88237,0.1105761740888868
rxn:3:55915:31592:125245,0.11057473506246294
rxn:3:50151:12215:113646,0.11056390777230263
rxn:3:55915:39338:113646,0.11050542831420898
rxn:3:50151:38764:113646,0.11049371341179157
rxn:3:62819:1964:113646,0.11049173496387622
rxn:3:42129:31045:113646,0.11043240015323345
rxn:3:62819:7654:88237,0.11042727530002594
rxn:3:42129:1305:88237,0.11042638466908382
rxn:3:42129:12215:113646,0.11042576602527074
rxn:3:55915:38880:136811,0.11037537029811315
rxn:3:62819:6422:88237,0.11035945086643614
rxn:3:55915:1964:113646,0.11030679278903538
rxn:3:62819:7657:125245,0.110294328795539
rxn:3:62819:2623:134963,0.11028623978296916
rxn:3:55915:38324:136811,0.1102211872736613
rxn:3:62819:27843:142033,0.11021296467099871
rxn:3:55586:31814:96332,0.11020632187525431
rxn:3:55915:1964:88237,0.11019490446363177
rxn:3:42129:22566:88237,0.11012550336974007
rxn:3:55915:38324:134963,0.11008287800682916
rxn:3:42129:7063:96332,0.11007794018449454
rxn:3:44002:35065:113646,0.11007417201995849
rxn:3:55915:7654:134963,0.1100670654198219
rxn:3:55586:23158:136811,0.11005852222442628
rxn:3:55915:6428:142033,0.11005127004214696
rxn:3:62819:6425:88237,0.11002293825149537
rxn:3:60054:6425:71470,0.11001625855763754
rxn:3:59882:1067:88237,0.10999361011717054
rxn:3:55586:38166:125245,0.10996550527112238
rxn:3:50151:39527:125245,0.10995453596115112
rxn:3:55586:39527:96332,0.10993073242051261
rxn:3:55915:8634:96332,0.10991277959611681
rxn:3:55586:1305:136811,0.10988968816296808
rxn:3:59882:1371:113646,0.10985804015192492
rxn:3:50151:23159:88237,0.10985125787556171
rxn:3:45558:29621:125245,0.1097921088889793
rxn:3:55915:3937:113646,0.10978231685502189
rxn:3:55915:15511:88237,0.10977626808228032
rxn:3:60054:35058:71470,0.1097616970539093
rxn:3:62819:357:88237,0.10976007461547851
rxn:3:55915:27843:113646,0.10975685407375467
rxn:3:59882:39087:88237,0.10974039202151091
rxn:3:42129:23163:125245,0.10972050258091517
rxn:3:50151:7063:125245,0.10970788076519966
rxn:3:62819:38879:96332,0.10969172205243792
rxn:3:62819:23195:88237,0.10966424643993378
rxn:3:62819:7803:113646,0.10965331643819809
rxn:3:55915:6428:96332,0.10963468782363399
rxn:3:59882:6418:125245,0.10962516646231374
rxn:3:55915:490:96332,0.10960984450799448
rxn:3:55915:7707:113646,0.10960831741491954
rxn:3:42129:31814:136811,0.10960316232272557
rxn:3:55915:38879:125245,0.10951994083545825
rxn:3:55915:39338:134963,0.10950962260917381
rxn:3:42129:28569:113646,0.1094120102269309
rxn:3:50151:39527:88237,0.10934052796199403
rxn:3:42129:31220:136811,0.10931518077850341
rxn:3:44002:38974:125245,0.10929471712846023
rxn:3:62819:6441:113646,0.10926343654764109
rxn:3:55915:6418:113646,0.10926253631197173
rxn:3:62819:38764:113646,0.10922912259896596
rxn:3:42129:1305:125245,0.10921503947331355
rxn:3:62819:35051:113646,0.10920969645182292
rxn:3:42129:31814:113646,0.10919449421075675
rxn:3:44002:2489:88237,0.10919134744576045
rxn:3:42129:31220:125245,0.10918443983998792
rxn:3:42129:38879:88237,0.10916158131190709
rxn:3:55915:8783:88237,0.10913484847104107
rxn:3:55915:11684:96332,0.10913377006848653
rxn:3:62819:2643:110719,0.10909508836680445
rxn:3:62819:38879:113646,0.10909258173062251
rxn:3:59882:6419:125245,0.10904681874859717
rxn:3:55915:32185:125245,0.10902686571252757
rxn:3:55586:3297:125245,0.10902058636700665
rxn:3:42129:1179:88237,0.10898574269734897
rxn:3:55915:38605:125245,0.10896628432803684
rxn:3:55915:2643:136811,0.1089537079845156
rxn:3:55915:39399:96332,0.10893702727776987
rxn:3:59882:37729:125245,0.10893336577074868
rxn:3:55915:1149:88237,0.10893157976014274
rxn:3:55915:357:88237,0.10893077850341797
rxn:3:62819:2625:125245,0.1089196040712554
rxn:3:55915:31814:110719,0.10890740581921168
rxn:3:62819:2643:88237,0.108878371892152
rxn:3:55586:6424:125245,0.10884953290224075
rxn:3:42129:31814:88237,0.10883942136058102
rxn:3:55586:23163:96332,0.10883644703895815
rxn:3:59882:6424:125245,0.10882752339045207
rxn:3:55915:37853:125245,0.10881707403394911
rxn:3:59882:3268:113646,0.10881422716995766
rxn:3:55915:7654:88237,0.10876298376492091
rxn:3:59882:1371:125245,0.10874224106470744
rxn:3:50151:38411:125245,0.1087259224482945
rxn:3:59882:2625:113646,0.10872582526042543
rxn:3:42129:8634:110719,0.10872063554566481
rxn:3:55586:7452:113646,0.10870945042577283
rxn:3:55586:2623:113646,0.10870220199708015
rxn:3:52219:37853:125245,0.10869331321408672
rxn:3:62819:1371:125245,0.10868950753376402
rxn:3:62819:38324:113646,0.10868550777435303
rxn:3:50151:31045:125245,0.10867182477827995
rxn:3:62819:7452:125245,0.1086695150092796
rxn:3:62819:2625:134963,0.10862960418065389
rxn:3:50151:38894:125245,0.10861150920391083
rxn:3:55586:37853:134963,0.10861025318022698
rxn:3:62819:38974:136811,0.1086064863204956
rxn:3:42129:39527:113646,0.10860046744346619
rxn:3:62819:6422:134963,0.10858998894691467
rxn:3:55915:31220:136811,0.10854611725642763
rxn:3:55915:6424:113646,0.10850469980921064
rxn:3:50151:31814:96332,0.10849390178918839
rxn:3:42129:6425:88237,0.10845712692506852
rxn:3:62819:6424:136811,0.1084068497021993
rxn:3:52219:3937:113646,0.1083593275398016
rxn:3:50151:34501:113646,0.10835793511620884
rxn:3:42129:31814:134963,0.10833563123430524
rxn:3:50151:23159:113646,0.1083322936488736
rxn:3:62819:18028:88237,0.10833173028884395
rxn:3:62819:37853:125245,0.10831320506555063
rxn:3:55915:29621:96332,0.108261016698984
rxn:3:50151:38324:88237,0.1082559093352287
rxn:3:62819:2643:96332,0.10824179223605565
rxn:3:55915:2125:136811,0.10822325503384625
rxn:3:55586:38642:125245,0.1082088330696369
rxn:3:55915:32185:113646,0.10819980076381139
rxn:3:55586:39336:113646,0.10819629165861341
rxn:3:44002:38764:88237,0.1081558245199698
rxn:3:42129:39399:88237,0.10814471377266778
rxn:3:55586:23158:134963,0.10814272960027059
rxn:3:55915:35065:134963,0.10813755989074707
rxn:3:44002:3197:113646,0.10813557306925456
rxn:3:62819:31952:142033,0.10812049662625348
rxn:3:55915:7657:125245,0.10810767942004734
rxn:3:42129:3937:125245,0.10806578000386556
rxn:3:52219:2623:113646,0.1080649271607399
rxn:3:50151:7399:88237,0.10804144479334354
rxn:3:50151:31045:88237,0.10803403008368707
rxn:3:50151:37853:88237,0.10802794247865677
rxn:3:55915:39496:88237,0.10802629947662354
rxn:3:62819:1964:125245,0.10797429510525294
rxn:3:62819:3254:125245,0.10796840588251749
rxn:3:55915:2089:113646,0.10795722405115764
rxn:3:62819:38943:125245,0.1079378260506524
rxn:3:42129:29621:136811,0.10789127703066226
rxn:3:55586:2089:88237,0.1078785743032183
rxn:3:55915:12067:113646,0.10787817001342774
rxn:3:59882:2125:125245,0.10786173961780689
rxn:3:55915:38843:134963,0.10785767793655396
rxn:3:42129:38605:113646,0.10784177868454545
rxn:3:55586:23163:136811,0.10784165320857879
rxn:3:45558:2089:88237,0.10781323247485691
rxn:3:44002:34501:113646,0.10779709999377911
rxn:3:59882:2623:125245,0.10778518517812093
rxn:3:55915:490:125245,0.1077782534635984
rxn:3:50151:3054:88237,0.10776460369428
rxn:3:59882:35051:125245,0.10776440234019838
rxn:3:55586:179:88237,0.1077310045560201
rxn:3:50151:35065:96332,0.10772726933161418
rxn:3:55586:2089:113646,0.10771513647503322
rxn:3:55915:39338:142033,0.10770702362060547
rxn:3:55915:37853:113646,0.10769659739274245
rxn:3:50151:38843:88237,0.10769278838716705
rxn:3:42129:9202:125245,0.10768675362622296
rxn:3:44002:3054:113646,0.10767000455122727
rxn:3:52219:7759:125245,0.10766825874646505
rxn:3:55915:1179:125245,0.10765333414077759
rxn:3:55915:28569:113646,0.10764619597682247
rxn:3:55586:1912:134963,0.10760621983429482
rxn:3:62819:39443:88237,0.10760458062092464
rxn:3:50151:38879:125245,0.1075928844511509
rxn:3:59882:6409:125245,0.10756933316588402
rxn:3:52219:8783:125245,0.10750098766819123
rxn:3:62819:6419:113646,0.10749686997512291
rxn:3:50151:39336:88237,0.10749231179555258
rxn:3:62819:38880:96332,0.10746688076428004
rxn:3:44002:7063:113646,0.10745840626103538
rxn:3:55586:7121:136811,0.10745296478271485
rxn:3:50151:21267:125245,0.10743753115336101
rxn:3:62819:14995:125245,0.10743175659860883
rxn:3:59882:35065:113646,0.10742718229691188
rxn:3:62819:3297:125245,0.10741768529017766
rxn:3:62819:8654:113646,0.1074120195015617
rxn:3:52219:38880:113646,0.10739085674285889
rxn:3:50151:179:88237,0.1073879636824131
rxn:3:55586:7122:136811,0.1073688454926014
rxn:3:55915:1154:88237,0.107357625608091
rxn:3:44002:7759:113646,0.10735396544138591
rxn:3:42129:7121:110719,0.10735008223303433
rxn:3:50151:38764:125245,0.10734352668126425
rxn:3:62819:6418:113646,0.10733084843076508
rxn:3:44002:6422:88237,0.10732822264394452
rxn:3:42129:9202:96332,0.10731200235230583
rxn:3:62819:7122:125245,0.10730706368173872
rxn:3:59882:2623:113646,0.10728369293541744
rxn:3:44002:39336:113646,0.10727868630335881
rxn:3:44002:7759:88237,0.10726992573056902
rxn:3:55915:31220:96332,0.10725868364860272
rxn:3:59882:8783:125245,0.10723999568394252
rxn:3:42129:5970:125245,0.10720056854188442
rxn:3:55586:38974:125245,0.10719339715109931
rxn:3:62819:38894:96332,0.1071748435497284
rxn:3:42129:2489:88237,0.10716062563437002
rxn:3:55915:7082:113646,0.10713763148696334
rxn:3:44002:37853:125245,0.10712723485354719
rxn:3:62819:31220:125245,0.10712032658713204
rxn:3:55915:8634:125245,0.10711644704525287
rxn:3:62819:3297:134963,0.10711236476898194
rxn:3:45558:35065:125245,0.10711099551274227
rxn:3:55915:6441:136811,0.10709821793340868
rxn:3:55586:2625:113646,0.10708859659010364
rxn:3:62819:3297:113646,0.10707539060841435
rxn:3:62819:32185:125245,0.10705574216513798
rxn:3:42129:7063:110719,0.10704443454742432
rxn:3:55586:7452:88237,0.10703545014063517
rxn:3:50151:21267:88237,0.10703058596010562
rxn:3:52219:7063:125245,0.10700315621591383
rxn:3:55915:8783:96332,0.10699770280293056
rxn:3:42129:5439:113646,0.10697353839874267
rxn:3:59882:38843:113646,0.1069689393043518
rxn:3:55586:6424:113646,0.10696183096977972
rxn:3:55586:3054:113646,0.10694693194495307
rxn:3:42129:38642:88237,0.10694305322788379
rxn:3:55915:35065:142033,0.10693765770305287
rxn:3:50151:39336:125245,0.1069247047106425
rxn:3:50151:12104:125245,0.1069098711013794
rxn:3:62819:7399:125245,0.10689503175240976
rxn:3:55586:37853:113646,0.10687832996763032
rxn:3:55586:31220:88237,0.10687279124413768
rxn:3:55586:23159:88237,0.1068682054678599
rxn:3:61928:31166:127714,0.10680368542671204
rxn:3:44002:39087:113646,0.10679802687271782
rxn:3:55915:31220:134963,0.10679367081872349
rxn:3:52219:2877:113646,0.10674796501795451
rxn:3:55915:38764:88237,0.10674795150756836
rxn:3:55586:39338:125245,0.10674435311350329
rxn:3:55586:35065:113646,0.10674027296213004
rxn:3:62819:1371:113646,0.10673709000859942
rxn:3:42129:1912:96332,0.10672810784092655
rxn:3:55586:2623:125245,0.10672193393111229
rxn:3:55915:1912:96332,0.10671883362990159
rxn:3:55586:35065:88237,0.10670922420642993
rxn:3:62819:7399:88237,0.10667981483318188
rxn:3:59882:39443:125245,0.10667357921600341
rxn:3:42129:1912:136811,0.10664814710617065
rxn:3:50151:8634:125245,0.10664007740636025
rxn:3:42129:39399:113646,0.10663682222366333
rxn:3:62819:6428:134963,0.1066330325218939
rxn:3:52219:38894:113646,0.10662252306938172
rxn:3:44002:38605:88237,0.10661398542338404
rxn:3:55915:31814:134963,0.1065972955138595
rxn:3:55915:6414:125245,0.10659543160469301
rxn:3:62819:39087:125245,0.10659292611208829
rxn:3:55915:1964:142033,0.10657153679774357
rxn:3:44002:2176:88237,0.10655957673277174
rxn:3:55586:32185:88237,0.10652291029691696
rxn:3:44002:38974:113646,0.10651902198791503
rxn:3:44002:23158:88237,0.1065162718296051
rxn:3:52219:2489:125245,0.1065088152885437
rxn:3:55915:38894:125245,0.10649387924759476
rxn:3:55915:31814:96332,0.10649002039874042
rxn:3:55586:8783:113646,0.10646848637482216
rxn:3:50151:3054:113646,0.10644645526491363
rxn:3:55586:39443:142033,0.10644501209259033
rxn:3:55915:357:113646,0.10643841822942098
rxn:3:59882:2089:125245,0.10642683047514695
rxn:3:42129:38843:125245,0.10642157077789306
rxn:3:55915:2643:110719,0.10642007712660165
rxn:3:62819:1371:88237,0.10641384330289118
rxn:3:50151:35065:142033,0.10639918733526159
rxn:3:55915:38166:134963,0.10635450151231554
rxn:3:50151:39087:125245,0.10633721616533068
rxn:3:55586:31045:113646,0.10630076272147042
rxn:3:55586:38485:125245,0.10629146173596382
rxn:3:42129:7399:88237,0.10627686551639012
rxn:3:62819:3268:134963,0.10626609524091085
rxn:3:62819:18028:125245,0.10625220883277155
rxn:3:52219:31166:125245,0.10624747122487714
rxn:3:55586:39087:125245,0.10624483585357666
rxn:3:50151:2089:113646,0.10624118097897234
rxn:3:42129:2643:113646,0.1062122141873395
rxn:3:55915:14320:113646,0.10619300603866577
rxn:3:55915:14995:134963,0.10617542266845703
rxn:3:55915:6439:113646,0.10616905935879412
rxn:3:62819:31952:88237,0.10615778791493383
rxn:3:55586:179:113646,0.10614940010268113
rxn:3:50151:38324:125245,0.1061267122145622
rxn:3:55915:23195:136811,0.10611743351508832
rxn:3:55915:38485:113646,0.10610953399113246
rxn:3:55915:8783:113646,0.10610848665237427
rxn:3:55586:38324:113646,0.10609038812773568
rxn:3:55586:12104:125245,0.10607967774073283
rxn:3:42129:3054:136811,0.10604421739225034
rxn:3:55915:7759:96332,0.10604285752331769
rxn:3:55915:2125:134963,0.10601996933972394
rxn:3:62819:1305:142033,0.10600633984026701
rxn:3:55586:3268:113646,0.10598299964781731
rxn:3:50151:2089:142033,0.10597207077911922
rxn:3:62819:18011:96332,0.10596432723104954
rxn:3:62819:38974:134963,0.10595969676971435
rxn:3:62819:1154:113646,0.1059596836566925
rxn:3:55915:3297:125245,0.10595877716938655
rxn:3:55915:357:125245,0.10595759630203247
rxn:3:55586:39527:136811,0.1059540297303881
rxn:3:55915:3054:113646,0.1059403121471405
rxn:3:45558:38764:88237,0.10593855601769907
rxn:3:44002:8706:125245,0.10593247029089159
rxn:3:42129:38764:88237,0.10591843953499427
rxn:3:44002:2877:125245,0.10591825534557474
rxn:3:62819:3054:71470,0.10591647945917569
rxn:3:55915:7654:125245,0.1059054923909051
rxn:3:59882:3937:125245,0.10589810013771057
rxn:3:52219:3197:113646,0.1058594323694706
rxn:3:62819:37853:142033,0.10585424184799194
rxn:3:55586:1305:142033,0.10580739149680504
rxn:3:44002:39443:113646,0.1057972240447998
rxn:3:52219:23158:125245,0.10576674143473307
rxn:3:55586:31814:88237,0.10576012216765306
rxn:3:42129:38894:96332,0.10573265470307448
rxn:3:42129:38372:134963,0.1057145254952567
rxn:3:62819:6422:142033,0.10571084640644214
rxn:3:55915:1912:125245,0.10569122791290284
rxn:3:55915:1371:96332,0.10566973288853963
rxn:3:44002:39443:134963,0.10565913165057148
rxn:3:55586:2089:134963,0.10564957816025307
rxn:3:44002:35065:134963,0.10562303110405251
rxn:3:62819:22566:134963,0.10560508923871177
rxn:3:59882:6428:113646,0.10559734304745992
rxn:3:42129:37853:88237,0.10558382102421351
rxn:3:55586:37729:88237,0.10557904243469238
rxn:3:42129:7063:134963,0.1055743118812298
rxn:3:55915:21267:125245,0.10557187687266957
rxn:3:55586:8706:113646,0.10556855124811973
rxn:3:55915:28569:88237,0.10555604100227356
rxn:3:42129:38485:88237,0.10555399854977926
rxn:3:42129:38880:113646,0.10553665735103467
rxn:3:62819:22937:142033,0.10548586368560792
rxn:3:44002:35065:96332,0.10547250288504141
rxn:3:42129:38880:88237,0.10546489698546273
rxn:3:55915:7452:134963,0.10545702065740313
rxn:3:42129:8634:96332,0.10545602440834045
rxn:3:55915:38324:96332,0.10544507150296811
rxn:3:62819:1179:88237,0.10543306589126587
rxn:3:42129:1067:113646,0.10541551617475656
rxn:3:44002:31814:88237,0.10538525879383087
rxn:3:62819:38372:113646,0.105382399559021
rxn:3:55915:3268:96332,0.10537306467692058
rxn:3:62819:24882:88237,0.10537198781967164
rxn:3:62819:38411:113646,0.105369356545535
rxn:3:52219:28569:125245,0.10536053776741028
rxn:3:62819:6424:96332,0.10535713036855061
rxn:3:44002:2089:113646,0.10535621643066406
rxn:3:62819:38411:125245,0.10534036159515381
rxn:3:55586:3268:125245,0.10533198341727257
rxn:3:42129:38324:96332,0.10532993503979274
rxn:3:55586:39527:113646,0.10531657246442941
rxn:3:55586:31045:88237,0.10530736528593919
rxn:3:55586:31814:136811,0.10529331763585409
rxn:3:55915:38764:125245,0.10528761386871338
rxn:3:50151:29621:96332,0.10526937054049584
rxn:3:55586:31952:125245,0.10526842623949051
rxn:3:55915:38642:96332,0.10526704125934178
rxn:3:55915:23195:88237,0.10525983572006226
rxn:3:42129:34501:125245,0.1052326147372906
rxn:3:55915:7122:88237,0.10522669553756714
rxn:3:55586:37729:113646,0.10519026887827906
rxn:3:42129:2643:88237,0.10518606007099152
rxn:3:60054:37853:96332,0.10518572727839152
rxn:3:50151:7452:88237,0.10517692752182484
rxn:3:62819:37853:110719,0.10517125705192829
rxn:3:55915:1154:125245,0.10511476463741726
rxn:3:55915:1067:88237,0.1050953589952909
rxn:3:55915:8634:136811,0.10508424485171283
rxn:3:55586:1371:125245,0.10506180301308632
rxn:3:52219:23158:113646,0.10505481012936296
rxn:3:55915:6425:96332,0.10504926020099271
rxn:3:50151:38974:88237,0.1050241651206181
rxn:3:50151:38974:113646,0.1050241185086114
rxn:3:44002:14995:88237,0.10502240856488546
rxn:3:59882:2625:125245,0.10501868724822998
rxn:3:55915:3197:96332,0.10500111778577169
rxn:3:55586:38764:125245,0.1049872807094029
rxn:3:55586:37853:88237,0.10495709578196208
rxn:3:50151:38943:113646,0.10495097406448857
rxn:3:42129:7063:88237,0.10495067068508693
rxn:3:62819:6409:125245,0.10494486170430337
rxn:3:62819:38324:125245,0.10493671664824852
rxn:3:42129:24882:113646,0.10491842269897461
rxn:3:55586:8783:125245,0.10489302476247152
rxn:3:62819:6427:113646,0.10488226371152061
rxn:3:45558:38843:125245,0.10488204314158513
rxn:3:55915:2489:96332,0.10488184734627053
rxn:3:55586:7122:113646,0.10485835274060568
rxn:3:42129:1912:88237,0.10485782073094295
rxn:3:62819:37782:113646,0.10485566324657863
rxn:3:42129:38764:113646,0.10485141277313233
rxn:3:62819:39336:113646,0.10483350853125255
rxn:3:62819:2176:88237,0.10482640449817364
rxn:3:42129:38974:113646,0.10482557614644368
rxn:3:55586:12215:113646,0.10482451121012369
rxn:3:60054:6419:71470,0.10480616092681885
rxn:3:55915:1067:142033,0.10480450342098872
rxn:3:55915:1964:134818,0.10478448867797852
rxn:3:52219:8634:136811,0.10477564411778603
rxn:3:55915:27843:125245,0.10476257006327311
rxn:3:44002:24882:113646,0.10476228824028602
rxn:3:55915:31220:88237,0.10474486861910139
rxn:3:45558:39336:88237,0.10471547532964635
rxn:3:55586:3937:88237,0.10468852519989014
rxn:3:52219:22937:125245,0.10468773303493377
rxn:3:62819:32185:88237,0.1046818967523246
rxn:3:59882:31166:125245,0.1046807851110186
rxn:3:52219:12215:88237,0.10466871410608292
rxn:3:55915:6427:142033,0.10463926527235243
rxn:3:55915:2176:125245,0.10463855816767766
rxn:3:44002:31814:125245,0.10458825315747942
rxn:3:42129:2625:88237,0.10458636085192362
rxn:3:55586:7121:96332,0.104578697681427
rxn:3:62819:2623:113646,0.10457309229033333
rxn:3:42129:3197:113646,0.10456360619643638
rxn:3:52219:1912:113646,0.10455828266484397
rxn:3:52219:12215:113646,0.10451726375087615
rxn:3:55915:6414:136811,0.10449890419840813
rxn:3:62819:6441:88237,0.10447694857915242
rxn:3:62819:35051:96332,0.1044699816868223
rxn:3:55586:31220:125245,0.1044428079358993
rxn:3:42129:7399:113646,0.10440943638483684
rxn:3:55915:22937:88237,0.10440323970935962
rxn:3:62819:2625:88237,0.1044011116027832
rxn:3:44002:8634:88237,0.10437941976955958
rxn:3:55915:6422:113646,0.10437600101743426
rxn:3:55586:38943:113646,0.10437591322537126
rxn:3:62819:3937:88237,0.1043731508583858
rxn:3:62819:22566:113646,0.10436762296236478
rxn:3:62819:9202:113646,0.10435708045959473
rxn:3:50151:31045:113646,0.10435118277867635
rxn:3:62819:2877:134963,0.10434947269303459
rxn:3:42129:38894:125245,0.10434607522828239
rxn:3:62819:28569:113646,0.10434399710761176
rxn:3:42129:38879:125245,0.10433355825287956
rxn:3:62819:37853:134963,0.10432163306644984
rxn:3:55915:37853:88237,0.10430886568846526
rxn:3:62819:1900:113646,0.10430514017740886
rxn:3:62819:38764:88237,0.10429864406585693
rxn:3:42129:31220:96332,0.10429601669311524
rxn:3:62819:1179:134963,0.1042932730454665
rxn:3:55586:23159:113646,0.10429273186058834
rxn:3:42129:8783:125245,0.10428567443575178
rxn:3:55915:9202:134963,0.1042771162810149
rxn:3:62819:2623:88237,0.10427583908212595
rxn:3:55915:31220:113646,0.10425955277902109
rxn:3:59882:7654:134963,0.10425299008687337
rxn:3:62819:22566:110719,0.10422164818336224
rxn:3:42129:7759:96332,0.10417810082435608
rxn:3:42129:38879:113646,0.1041606554278621
rxn:3:55586:6427:113646,0.10414595950034357
rxn:3:62819:37769:88237,0.10414477189381917
rxn:3:42129:6414:125245,0.10413814336061478
rxn:3:55915:6424:125245,0.1041332277758368
rxn:3:55586:9202:88237,0.10412254826775913
rxn:3:55915:31220:110719,0.10411882400512695
rxn:3:55915:38865:96332,0.10411008473100333
rxn:3:55586:29621:96332,0.10410998607503957
rxn:3:44002:7121:113646,0.10410364027376529
rxn:3:55586:1067:134963,0.10405072967211405
rxn:3:55915:1067:136811,0.10404852143040409
rxn:3:55586:29621:142033,0.10402727127075195
rxn:3:62819:39336:134963,0.10401317247977623
rxn:3:55915:38880:125245,0.10400326163680465
rxn:3:62819:39338:134963,0.10399531214325516
rxn:3:50151:7063:113646,0.10398382525290212
rxn:3:55586:23158:96332,0.10395495096842448
rxn:3:62819:15511:142033,0.10394923234808034
rxn:3:62819:38865:134963,0.10393420170093405
rxn:3:52219:38879:125245,0.10393081172820061
rxn:3:44002:23158:113646,0.10392072465684679
rxn:3:62819:1149:125245,0.10391582761492048
rxn:3:50151:2089:88237,0.10391578078269958
rxn:3:55915:1149:125245,0.10391505701201302
rxn:3:55586:7759:125245,0.10390988917186342
rxn:3:55915:3197:110719,0.1039040050198955
rxn:3:42129:7654:113646,0.10389469989708491
rxn:3:62819:3197:125245,0.10388855276436641
rxn:3:42129:23158:96332,0.10387800208159856
rxn:3:42129:357:125245,0.1038690576186547
rxn:3:62819:37782:88237,0.10386805023465838
rxn:3:55586:39443:125245,0.10381190423612241
rxn:3:45558:9202:88237,0.10380964619772774
rxn:3:55586:38605:110719,0.10380214266479015
rxn:3:55586:38764:113646,0.10379722824803105
rxn:3:55586:39443:134963,0.10377682106835502
rxn:3:55586:1179:110719,0.10375728209813435
rxn:3:50151:2125:125245,0.1037557432728429
rxn:3:55915:1149:134818,0.10374906659126282
rxn:3:52219:23163:113646,0.10372622410456339
rxn:3:42129:37729:113646,0.103714801647045
rxn:3:55586:1179:96332,0.10371468807088918
rxn:3:55586:8706:125245,0.10371272638440132
rxn:3:42129:7399:125245,0.10368588992527553
rxn:3:42129:38166:136811,0.10368311830929347
rxn:3:59882:38764:113646,0.10364158153533935
rxn:3:55586:7122:125245,0.10362207889556885
rxn:3:42129:2877:113646,0.10361537447682133
rxn:3:55915:3054:88237,0.10360216140747071
rxn:3:50151:39087:88237,0.10360091703909415
rxn:3:44002:37853:88237,0.10359836857894371
rxn:3:62819:3297:88237,0.10359709958235423
rxn:3:62819:22937:134963,0.10358277814728874
rxn:3:55915:9202:113646,0.10357929468154907
rxn:3:55915:1964:136811,0.10357590379386113
rxn:3:62819:24882:125245,0.10353211402893066
rxn:3:45558:3054:88237,0.1035164440119708
rxn:3:55915:3197:136811,0.10349148313204447
rxn:3:55915:2877:125245,0.10347491723519785
rxn:3:44002:3268:113646,0.10347073276837666
rxn:3:44002:1067:88237,0.10344504884311131
rxn:3:44002:7122:113646,0.10343628094114106
rxn:3:55586:38894:88237,0.10343448519706726
rxn:3:55915:38943:134963,0.10343111838613238
rxn:3:44002:1179:113646,0.10342955589294434
rxn:3:55915:7654:96332,0.10342170041182945
rxn:3:50151:1067:88237,0.10337946107310633
rxn:3:42129:3197:142033,0.10337893451963152
rxn:3:55915:9307:125245,0.10337644356947678
rxn:3:62819:522:125245,0.10337616779186108
rxn:3:55586:38485:113646,0.10336781894007037
rxn:3:55915:7399:96332,0.10336661764553615
rxn:3:52219:35051:88237,0.10335318744182587
rxn:3:42129:7121:96332,0.10332839829581124
rxn:3:55915:2623:96332,0.10330525239308676
rxn:3:62819:38865:88237,0.10330171883106232
rxn:3:59882:7452:125245,0.10327245933668953
rxn:3:42129:3054:113646,0.10327245235443115
rxn:3:50151:23158:88237,0.10327015769097113
rxn:3:55915:38605:88237,0.10326422585381402
rxn:3:62819:31952:113646,0.10325327515602112
rxn:3:62819:38642:125245,0.10324890338457547
rxn:3:55586:38166:88237,0.10323649439318426
rxn:3:62819:35065:142033,0.10321364890445363
rxn:3:62819:2866:113646,0.1031938034754533
rxn:3:55915:8783:134963,0.10317687477384295
rxn:3:62819:6439:88237,0.10317609310150147
rxn:3:52219:7122:88237,0.1031597200781107
rxn:3:62819:38324:96332,0.10315484470791286
rxn:3:62819:6424:113646,0.10314661690167018
rxn:3:44002:39372:88237,0.10314281071935381
rxn:3:59882:39443:88237,0.103134503364563
rxn:3:59882:6425:113646,0.10310193498929342
rxn:3:62819:38764:125245,0.10309842824935914
rxn:3:55586:1912:88237,0.10309793480804988
rxn:3:55586:6422:88237,0.10307497717440128
rxn:3:55915:1149:96332,0.10305917674097521
rxn:3:44002:39443:125245,0.10305241438058707
rxn:3:42129:7452:134963,0.10304826292498358
rxn:3:50151:179:125245,0.10303360596299171
rxn:3:44002:2623:88237,0.10303114306542181
rxn:3:62819:37853:96332,0.10303005789007459
rxn:3:55586:38943:125245,0.10302979151407878
rxn:3:62819:29621:113646,0.10300719241301219
rxn:3:62819:31814:88237,0.10300700022624089
rxn:3:55915:15511:136811,0.10300449281930923
rxn:3:62819:38642:134963,0.10298793845706516
rxn:3:55915:31166:125245,0.10297974392219826
rxn:3:62819:39443:136811,0.10296066284179688
rxn:3:59882:35065:88237,0.10294857263565063
rxn:3:50151:39338:125245,0.10294346271022674
rxn:3:42129:3937:96332,0.10293954034005443
rxn:3:55915:2623:136811,0.10291126966476441
rxn:3:62819:1371:134963,0.10290806492169698
rxn:3:62819:38880:113646,0.10290780434241661
rxn:3:62819:31952:96332,0.10289739767710368
rxn:3:55586:179:110719,0.10288912430405617
rxn:3:55586:6422:113646,0.10288831110923521
rxn:3:50151:23158:113646,0.1028853972752889
rxn:3:55915:38979:125245,0.1028613703591483
rxn:3:55586:12215:125245,0.10284597642960087
rxn:3:42129:24882:125245,0.1028448068178617
rxn:3:62819:37782:134963,0.1028306217029177
rxn:3:62819:38943:113646,0.10283025640707749
rxn:3:55586:29621:136811,0.10282070883389177
rxn:3:59882:38943:125245,0.10281688826424736
rxn:3:59882:37769:125245,0.10281466586249215
rxn:3:55915:8706:113646,0.10279832567487444
rxn:3:55586:8634:136811,0.10277598102887471
rxn:3:62819:22937:113646,0.10276105541449326
rxn:3:55586:31045:125245,0.10275522182727682
rxn:3:62819:2489:125245,0.10274801575220548
rxn:3:52219:1912:125245,0.10273853252673971
rxn:3:60054:22937:71470,0.10273033159750479
rxn:3:55586:12215:88237,0.10272681136285106
rxn:3:59882:1067:110719,0.10272492622507029
rxn:3:62819:27843:134963,0.1027115891056676
rxn:3:55586:38372:125245,0.10270813826856942
rxn:3:59882:31220:88237,0.10270547455754774
rxn:3:55586:14995:113646,0.10268722375233968
rxn:3:42129:1179:96332,0.10267509796001294
rxn:3:50151:1179:96332,0.10263407614923292
rxn:3:55915:38943:136811,0.10262471011706761
rxn:3:45558:8706:88237,0.10261378749724358
rxn:3:62819:3197:113646,0.10261254438332149
rxn:3:45558:38764:125245,0.10261078675587972
rxn:3:42129:35058:113646,0.10260858535766601
rxn:3:42129:7399:136811,0.10260093212127686
rxn:3:42129:37782:125245,0.10259177561463981
rxn:3:62819:7082:88237,0.10257728184972491
rxn:3:55915:38879:96332,0.10257448894636971
rxn:3:44002:12104:113646,0.10257299379868941
rxn:3:62819:357:71470,0.10257283999369694
rxn:3:59882:6441:125245,0.10257214884604177
rxn:3:55915:18809:88237,0.10257031999785325
rxn:3:55915:2623:110719,0.10256395416875039
rxn:3:50151:38642:125245,0.10254133132196241
rxn:3:62819:8706:125245,0.10253897617603171
rxn:3:42129:37729:96332,0.10253368780530732
rxn:3:59882:1179:88237,0.10253079579426692
rxn:3:55915:39336:88237,0.10252942085266113
rxn:3:62819:38943:134963,0.10252196873937335
rxn:3:52219:14995:125245,0.10251662880182266
rxn:3:42129:6422:88237,0.10251204172770183
rxn:3:59882:22937:125245,0.10251141233103615
rxn:3:55586:6428:113646,0.10250805504620075
rxn:3:45558:38974:125245,0.10250531939359811
rxn:3:55915:11759:125245,0.102477843944843
rxn:3:44002:7121:88237,0.10247749090194702
rxn:3:59882:39336:125245,0.10247501960167518
rxn:3:55586:1067:88237,0.10247072269176614
rxn:3:55915:6439:125245,0.10246523221333821
rxn:3:55915:28569:96332,0.10246057140416112
rxn:3:55586:24882:96332,0.10241264721442914
rxn:3:55915:22937:134963,0.10241053785596575
rxn:3:62819:8706:88237,0.10240850982994869
rxn:3:55586:39336:110719,0.10239493052164714
rxn:3:42129:38843:113646,0.10238874951998393
rxn:3:55915:2125:85433,0.10238617658615112
rxn:3:42129:1371:88237,0.10238321224848429
rxn:3:62819:31814:134963,0.10237497974325109
rxn:3:59882:3054:125245,0.1023684969315162
rxn:3:55915:38951:113646,0.10236227512359619
rxn:3:50151:23163:125245,0.10235554724931717
rxn:3:45558:179:125245,0.10235339403152466
rxn:3:62819:8783:134963,0.10234535591942924
rxn:3:59882:2625:88237,0.10233948230743409
rxn:3:62819:3254:134963,0.10233155373604066
rxn:3:42129:39336:113646,0.10233006477355958
rxn:3:62819:7658:88237,0.10232652609164898
rxn:3:55586:39399:113646,0.10231997924191612
rxn:3:42129:37782:88237,0.10230707711186902
rxn:3:55915:39399:134963,0.1023027499516805
rxn:3:55586:37853:136811,0.10229830588063886
rxn:3:55915:6422:134963,0.10228699445724487
rxn:3:55915:6422:125245,0.10224880843326964
rxn:3:55915:1964:96332,0.10224397634637766
rxn:3:42129:38324:113646,0.10224159635030307
rxn:3:55586:1912:136811,0.10223745888677137
rxn:3:52219:2089:125245,0.10223729651549766
rxn:3:55586:22566:113646,0.10222361622185543
rxn:3:52219:37853:88237,0.10221474016866376
rxn:3:45558:38372:88237,0.10219182925564903
rxn:3:62819:6419:96332,0.1021843917908207
rxn:3:42129:2623:113646,0.10217742673281965
rxn:3:55915:23158:125245,0.10216030936974746
rxn:3:42129:22937:96332,0.10214920701651738
rxn:3:44002:11684:88237,0.10214634895324708
rxn:3:62819:6419:125245,0.10214372475941975
rxn:3:50151:35065:125245,0.10213449289058817
rxn:3:42129:6424:113646,0.10211905528759134
rxn:3:62819:8783:88237,0.10211382971869574
rxn:3:59882:38974:125245,0.10209905624389648
rxn:3:62819:38605:113646,0.10206867639835064
rxn:3:55586:2877:113646,0.10202551299128039
rxn:3:60054:6427:125245,0.10202170695577349
rxn:3:55915:38865:125245,0.10200341684477669
rxn:3:55586:29621:134963,0.10200224457115963
rxn:3:55915:38951:125245,0.10199396036289356
rxn:3:62819:2089:113646,0.10198920220136642
rxn:3:55915:5970:113646,0.10198893944422403
rxn:3:55915:6424:142033,0.10198876592848036
rxn:3:55915:2125:96332,0.10198500200554177
rxn:3:52219:38324:125245,0.10197187066078187
rxn:3:55915:38974:125245,0.10195100804169972
rxn:3:55586:2089:142033,0.10194887793981113
rxn:3:42129:12104:136811,0.10192529533220374
rxn:3:62819:6427:136811,0.10187857945760091
rxn:3:55915:7063:96332,0.10187199073178428
rxn:3:42129:1305:136811,0.10186605541794388
rxn:3:50151:1305:113646,0.10186112749165502
rxn:3:55915:38642:136811,0.10184606578614977
rxn:3:55915:38865:113646,0.10179658289308902
rxn:3:50151:38372:113646,0.10177106062571208
rxn:3:42129:22566:113646,0.10176841197190462
rxn:3:44002:38411:125245,0.10175100564956666
rxn:3:55586:35051:88237,0.10173383835823305
rxn:3:55586:38372:88237,0.1017158606956745
rxn:3:55915:22937:125245,0.10171122904177066
rxn:3:62819:2877:113646,0.10170448743380033
rxn:3:42129:1067:88237,0.10169569651285808
rxn:3:55586:27843:113646,0.10169564001262188
rxn:3:62819:34501:134963,0.10169331844036396
rxn:3:52219:8634:113646,0.10169168176322148
rxn:3:42129:7121:113646,0.10168637220676129
rxn:3:55586:22566:125245,0.10167168776194255
rxn:3:55586:31166:125245,0.10166621208190918
rxn:3:50151:39443:134963,0.10164977709452311
rxn:3:45558:24882:113646,0.1016436517238617
rxn:3:60054:6427:113646,0.10164178080028957
rxn:3:44002:1154:125245,0.10160542562090118
rxn:3:59882:1067:96332,0.10159816060747419
rxn:3:55915:22937:113646,0.10158414565599881
rxn:3:52219:38843:125245,0.10156820288726262
rxn:3:59882:38880:125245,0.10156500552381788
rxn:3:55586:22937:113646,0.1015629480625021
rxn:3:59882:39338:125245,0.10155927693402325
rxn:3:55915:38843:71470,0.10155347347259522
rxn:3:55915:38894:88237,0.10154907350186948
rxn:3:55915:38411:136811,0.10154712200164795
rxn:3:62819:38411:110719,0.10154045343399049
rxn:3:52219:39087:113646,0.10152338027954101
rxn:3:42129:38974:88237,0.10152230024337769
rxn:3:50151:31814:88237,0.10151645637327625
rxn:3:50151:1067:113646,0.10151499112447103
rxn:3:42129:7063:136811,0.1014837725409146
rxn:3:55586:9202:113646,0.10147795506886073
rxn:3:59882:3197:88237,0.10146971146265665
rxn:3:42129:39336:125245,0.10145308879705575
rxn:3:62819:12067:71470,0.10144791779694734
rxn:3:55915:38843:136811,0.10143924951553344
rxn:3:62819:14320:71470,0.10143870487809181
rxn:3:55915:7654:136811,0.10143642384430458
rxn:3:44002:6422:113646,0.10143307050069174
rxn:3:44002:27843:88237,0.10142187029123306
rxn:3:45558:39336:113646,0.10142079224953285
rxn:3:55915:7082:134963,0.10140697914978554
rxn:3:62819:3054:134963,0.10138378693507268
rxn:3:59882:38485:125245,0.10137531359990438
rxn:3:44002:37729:88237,0.10136722285172035
rxn:3:55915:32185:88237,0.10135981132244241
rxn:3:55586:38324:125245,0.10134809181608002
rxn:3:60054:6439:125245,0.10133978210646531
rxn:3:55586:21267:88237,0.10132956981658936
rxn:3:62819:28569:134963,0.10132630118008318
rxn:3:50151:23163:113646,0.10132204332659321
rxn:3:52219:31814:113646,0.1013207271181304
rxn:3:45558:6424:88237,0.10131012239763813
rxn:3:52219:38894:125245,0.10129643255664457
rxn:3:59882:6425:125245,0.10129254095015987
rxn:3:42129:3054:96332,0.10127761628892687
rxn:3:42129:39443:88237,0.10125794887542724
rxn:3:42129:38894:88237,0.10124946492058891
rxn:3:55915:28569:136811,0.10121776317727976
rxn:3:55915:14320:88237,0.10121642197332074
rxn:3:62819:490:125245,0.10121294397574204
rxn:3:55915:2176:136811,0.10118684503767225
rxn:3:45558:38764:136811,0.10118481729711805
rxn:3:55915:6419:125245,0.10115661223729451
rxn:3:55586:7122:96332,0.10114988312125206
rxn:3:45558:2089:113646,0.10114432527468754
rxn:3:55586:9202:125245,0.1011385753236968
rxn:3:62819:9202:125245,0.10113118245051457
rxn:3:44002:37853:113646,0.10110206689153399
rxn:3:44002:37769:125245,0.10105624281126878
rxn:3:55586:38764:88237,0.10104410988943917
rxn:3:50151:23159:125245,0.10104185715317726
rxn:3:44002:35065:136811,0.10104086663987902
rxn:3:55915:39443:113646,0.10101559369460396
rxn:3:44002:38879:125245,0.10100984573364258
rxn:3:42129:38879:96332,0.10100343926199551
rxn:3:55915:23195:110719,0.10099400281906128
rxn:3:42129:6427:113646,0.1009914443410676
rxn:3:55915:1149:113646,0.1009879023940475
rxn:3:62819:6419:142033,0.10098723428589958
rxn:3:55915:3268:125245,0.10098679312344255
rxn:3:55586:1154:125245,0.10096733768781026
rxn:3:50151:8783:88237,0.1009657122194767
rxn:3:55915:7452:88237,0.10096357928382026
rxn:3:52219:1179:113646,0.10095853464944023
rxn:3:55915:23195:96332,0.10095447918464398
rxn:3:44002:38843:96332,0.10095295199641476
rxn:3:55915:37769:88237,0.10095225440131293
rxn:3:62819:2625:113646,0.10094340571335383
rxn:3:62819:38943:88237,0.1009398963716295
rxn:3:42129:38411:125245,0.10093309978644054
rxn:3:62819:38485:88237,0.10093049139812074
rxn:3:62819:31045:125245,0.10092955139967111
rxn:3:59882:6441:88237,0.10091626259588427
rxn:3:55586:1305:88237,0.10090561849730355
rxn:3:52219:38166:125245,0.10090206066767375
rxn:3:55915:23195:71470,0.10087472405926935
rxn:3:42129:23158:136811,0.10086197086742946
rxn:3:55586:24882:134963,0.10084971477245462
rxn:3:55915:39338:71470,0.10084796834875036
rxn:3:44002:7399:125245,0.10082665394092429
rxn:3:42129:38974:96332,0.10076145483897282
rxn:3:62819:3254:88237,0.10074750979741415
rxn:3:44002:35065:85433,0.10073945036640873
rxn:3:52219:1371:113646,0.10073158517479897
rxn:3:62819:34501:142033,0.10070262784543245
rxn:3:55586:39443:96332,0.1007024667092732
rxn:3:55915:1848:113646,0.10069861156599862
rxn:3:50151:9202:125245,0.10069799038671678
rxn:3:62819:5439:71470,0.1006915019108699
rxn:3:55915:39336:125245,0.10068658351898194
rxn:3:44002:29621:113646,0.10068616958764884
rxn:3:59882:31220:125245,0.10068282176708353
rxn:3:62819:38974:110719,0.10065889587769142
rxn:3:55586:7399:88237,0.10064222415288289
rxn:3:42129:38411:110719,0.1006415830208705
rxn:3:55915:14995:113646,0.10061728733557242
rxn:3:62819:7121:125245,0.10061244322703435
rxn:3:55915:38642:134963,0.1006123666410093
rxn:3:62819:39372:113646,0.10059903144836425
rxn:3:62819:22937:136811,0.10059334550585065
rxn:3:55586:7452:125245,0.10059249997138978
rxn:3:44002:6428:125245,0.10055680759251118
rxn:3:59882:7082:125245,0.10053163150261188
rxn:3:55915:2089:88237,0.1004806113243103
rxn:3:45558:3197:113646,0.10047747890154521
rxn:3:55915:35065:136811,0.10046921730041504
rxn:3:62819:21267:125245,0.10044710744510997
rxn:3:52219:22566:113646,0.100435205300649
rxn:3:55915:38411:96332,0.1004241332411766
rxn:3:62819:5439:125245,0.10039218664169311
rxn:3:62819:11684:88237,0.1003832195116126
rxn:3:62819:29621:134963,0.10037752756705651
rxn:3:55915:2877:96332,0.10037124582699367
rxn:3:55915:22937:96332,0.10036935337952205
rxn:3:60054:38894:125245,0.10035828443673941
rxn:3:42129:39087:88237,0.10035555259041164
rxn:3:62819:1305:113646,0.10035172353188197
rxn:3:42129:3054:88237,0.10035140697772686
rxn:3:62819:6418:96332,0.10032794937010735
rxn:3:55586:38324:88237,0.10030847582323797
rxn:3:55915:27843:88237,0.10030354261398315
rxn:3:42129:37729:125245,0.10029965851988111
rxn:3:55915:6427:134963,0.10028871893882751
rxn:3:55915:6425:110719,0.10026740655303001
rxn:3:55586:1305:113646,0.10025744747232508
rxn:3:55915:23158:96332,0.10025386898605912
rxn:3:45558:35065:88237,0.1002532564676725
rxn:3:44002:38166:125245,0.1002516895532608
rxn:3:62819:6418:142033,0.10024167597293854
rxn:3:42129:1305:134963,0.10021556086010402
rxn:3:62819:2623:125245,0.10020531868112498
rxn:3:55586:38605:113646,0.1001834746064811
rxn:3:44002:179:125245,0.10016663321133318
rxn:3:42129:29621:96332,0.10015838676028782
rxn:3:62819:27843:74279,0.10014881049433062
rxn:3:52219:7063:113646,0.10014847914377849
rxn:3:50151:7399:125245,0.10012570768594742
rxn:3:55915:1149:136811,0.10012494078997908
rxn:3:55586:32185:113646,0.10012020795576033
rxn:3:50151:38166:113646,0.10010921955108643
rxn:3:50151:7759:88237,0.10007762908935547
rxn:3:45558:2623:125245,0.10004969566099105
rxn:3:50151:12104:113646,0.10002076625823975
rxn:3:55915:39399:136811,0.10001868230325205
rxn:3:44002:38485:125245,0.0999874722573065
rxn:3:59882:9202:125245,0.09998565249972874
rxn:3:55915:3297:88237,0.09998202323913574
rxn:3:55915:39372:125245,0.09998200489924504
rxn:3:55915:21267:96332,0.09997678062190181
rxn:3:55915:35051:125245,0.09997206500598363
rxn:3:44002:38324:88237,0.09996864625385829
rxn:3:55915:38324:110719,0.09995150140353612
rxn:3:62819:2623:142033,0.09994956519868639
rxn:3:55915:2489:125245,0.09994345903396606
rxn:3:44002:7452:125245,0.09992908609324488
rxn:3:55915:1067:96332,0.09992901925687436
rxn:3:55586:7121:110719,0.09991792517323647
rxn:3:62819:38974:71470,0.0999151086807251
rxn:3:62819:38605:125245,0.09988054743519535
rxn:3:42129:12104:125245,0.09987785599448464
rxn:3:55915:1371:71470,0.09987239638964335
rxn:3:45558:1179:125245,0.09985079809471413
rxn:3:62819:2125:113646,0.09983404636383057
rxn:3:45558:31045:88237,0.09983287538800921
rxn:3:50151:23163:88237,0.09982369095087051
rxn:3:55915:31045:125245,0.09981315411054172
rxn:3:59882:29621:88237,0.09980358527256893
rxn:3:55586:2489:125245,0.09980324013479824
rxn:3:55586:24882:136811,0.09980134306282833
rxn:3:52219:6427:113646,0.09979069232940674
rxn:3:62819:7657:88237,0.09978767015315869
rxn:3:44002:22937:113646,0.09976427469934736
rxn:3:55586:2125:125245,0.09976250960909087
rxn:3:55915:6414:88237,0.09975823471623083
rxn:3:62819:38974:96332,0.09975488901138306
rxn:3:50151:38166:125245,0.09974854607735911
rxn:3:50151:2643:113646,0.09973560225579046
rxn:3:50151:29621:134963,0.0997339871621901
rxn:3:62819:3268:113646,0.09972367116383143
rxn:3:42129:31166:125245,0.0997097258056913
rxn:3:62819:3197:142033,0.0997032920519511
rxn:3:62819:15511:113646,0.09970099131266276
rxn:3:62819:6428:142033,0.09970026782580785
rxn:3:55915:3197:113646,0.09969796027456011
rxn:3:42129:1305:113646,0.09969408035278321
rxn:3:55586:14995:125245,0.09969171785539196
rxn:3:42129:2623:88237,0.09969072341918946
rxn:3:55915:12104:134963,0.0996902205727317
rxn:3:62819:6427:88237,0.09968893692411225
rxn:3:42129:1179:125245,0.09967881670364967
rxn:3:17548:42129:125245,0.09965609439781734
rxn:3:55915:23159:88237,0.09962203326048674
rxn:3:55915:6422:136811,0.09962100187937419
rxn:3:45558:3937:113646,0.09961156845092774
rxn:3:50151:38411:113646,0.09959170553419325
rxn:3:55915:1371:130107,0.09957775274912516
rxn:3:55915:31952:113646,0.09957478727613177
rxn:3:42129:6428:88237,0.09954543267526934
rxn:3:59882:1371:88237,0.09953993956247965
rxn:3:42129:2877:88237,0.09953931186880384
rxn:3:42129:179:113646,0.09952230365188033
rxn:3:55915:179:125245,0.09951940289250126
rxn:3:44002:7121:125245,0.09950679540634155
rxn:3:55915:2625:71470,0.09950335025787353
rxn:3:50151:24882:88237,0.09945862094561259
rxn:3:50151:1305:88237,0.09945555925369262
rxn:3:55915:6418:134963,0.09944970184756864
rxn:3:55915:6441:96332,0.09944930384235998
rxn:3:55915:39399:88237,0.0994374408171727
rxn:3:55915:38372:125245,0.09942996272673973
rxn:3:62819:6428:125245,0.0994279662768046
rxn:3:45558:1305:88237,0.09942643951486659
rxn:3:62819:6439:134963,0.0993975285560854
rxn:3:55915:1305:113646,0.09939579168955485
rxn:3:55915:7082:96332,0.09938473125983929
rxn:3:42129:357:113646,0.0993828821182251
rxn:3:62819:21267:134963,0.09935260078181392
rxn:3:50151:1179:134963,0.09934313066544072
rxn:3:42129:3054:134963,0.09932743619989466
rxn:3:55586:3054:88237,0.09930536576679774
rxn:3:55915:1371:136811,0.09929719567298889
rxn:3:42129:35051:125245,0.09928461395460984
rxn:3:50151:1179:110719,0.09928256832063198
rxn:3:62819:39087:96332,0.09927588701248169
rxn:3:42129:31220:113646,0.09927154864583697
rxn:3:55586:1305:110719,0.0992166519165039
rxn:3:60054:27843:88237,0.09920621945940215
rxn:3:59882:14995:125245,0.09920354341638499
rxn:3:55915:34501:134963,0.09919932713875404
rxn:3:55915:39336:113646,0.09918927401304245
rxn:3:59882:27843:113646,0.0991489847501119
rxn:3:62819:38642:88237,0.09912505516639122
rxn:3:55915:6441:110719,0.09912128560245037
rxn:3:42129:39087:96332,0.09910638630390167
rxn:3:44002:7122:125245,0.09909536441167195
rxn:3:55915:2089:125245,0.09907940864562988
rxn:3:55915:8706:134963,0.09907823006312053
rxn:3:55586:23159:125245,0.09906503756841024
rxn:3:62819:39443:96332,0.0990572738647461
rxn:3:55586:38943:88237,0.09905541936556499
rxn:3:62819:7654:142033,0.09905513891806969
rxn:3:55915:14320:125245,0.09905427694320679
rxn:3:50151:8783:125245,0.09905357658863068
rxn:3:44002:1305:134963,0.09904525109699794
rxn:3:45558:3937:88237,0.09903849324872417
rxn:3:50151:14995:113646,0.09901669062674046
rxn:3:62819:24882:134963,0.09900515354596652
rxn:3:50151:6424:142033,0.09900002554059029
rxn:3:62819:35051:71470,0.0989973627287766
rxn:3:55586:32185:125245,0.09898940101265907
rxn:3:62819:23195:125245,0.09898377103464943
rxn:3:44002:34501:125245,0.09898058352647005
rxn:3:50151:38372:88237,0.098959457489752
rxn:3:62819:1305:125245,0.09895933628082275
rxn:3:62819:2643:136811,0.09894779324531555
rxn:3:55915:14995:88237,0.09894512380872454
rxn:3:55915:2643:88237,0.09894295754256072
rxn:3:52219:1067:125245,0.09893432259559631
rxn:3:55915:1371:142033,0.09892274053008468
rxn:3:62819:38324:88237,0.09891013457224919
rxn:3:50151:11684:88237,0.09889523259231023
rxn:3:55915:18011:113646,0.0988948663075765
rxn:3:42129:2489:113646,0.09889440353100117
rxn:3:55586:2125:88237,0.09889147199433425
rxn:3:55915:2125:88237,0.09888753294944763
rxn:3:62819:7082:113646,0.0988792754985668
rxn:3:52219:7399:113646,0.09887804587682088
rxn:3:62819:31814:125245,0.0988744909946735
rxn:3:55586:23720:125245,0.09887356182624554
rxn:3:55915:35058:134963,0.09886585897014986
rxn:3:50151:38605:113646,0.09886459381349626
rxn:3:60054:2623:71470,0.09886351536060202
rxn:3:50151:31166:88237,0.0988587997853756
rxn:3:50151:7759:125245,0.09885672215492494
rxn:3:55915:6425:142033,0.09885246413094657
rxn:3:44002:31220:113646,0.0988519705575088
rxn:3:45558:9202:125245,0.09882949079786028
rxn:3:60054:357:71470,0.09880532026290893
rxn:3:62819:38880:88237,0.09880095720291138
rxn:3:52219:2089:88237,0.098795839424791
rxn:3:50151:39399:125245,0.0987592666379867
rxn:3:42129:31166:134963,0.09875921339824281
rxn:3:55586:1912:96332,0.09875801513934958
rxn:3:55586:39338:88237,0.09875411206278308
rxn:3:42129:23159:125245,0.09875379928520747
rxn:3:42129:6418:88237,0.09873853383525726
rxn:3:42129:39338:88237,0.09872937643969501
rxn:3:62819:3054:88237,0.09872218370437622
rxn:3:55915:31952:134963,0.09871457815170288
rxn:3:55915:38642:113646,0.09870045661926269
rxn:3:59882:1179:125245,0.09869625935187706
rxn:3:62819:6419:136811,0.09867977134643062
rxn:3:44002:7063:88237,0.09867154729777369
rxn:3:59882:38974:88237,0.0986714506149292
rxn:3:62819:3937:113646,0.09866715754781451
rxn:3:55915:38764:113646,0.09866699328025182
rxn:3:55586:37782:113646,0.09866096377372742
rxn:3:42129:35065:88237,0.09865118980407715
rxn:3:62819:6414:136811,0.09864988923072815
rxn:3:62819:3054:113646,0.09863699972629547
rxn:3:50151:29621:110719,0.09863604232668877
rxn:3:44002:2089:125245,0.09863390304424145
rxn:3:55586:1179:71470,0.09862932665594693
rxn:3:42129:2489:96332,0.09861108234950475
rxn:3:59882:3268:88237,0.09860933423042298
rxn:3:55915:3054:125245,0.09860679388046265
rxn:3:52219:38865:125245,0.0986035205423832
rxn:3:55915:22566:113646,0.09859747382310721
rxn:3:50151:38642:88237,0.0985886646855262
rxn:3:42129:12104:96332,0.09858859362809555
rxn:3:50151:39443:96332,0.09858492016792297
rxn:3:52219:32185:113646,0.09857993014156818
rxn:3:62819:1964:88237,0.09857831682477679
rxn:3:52219:3268:113646,0.09857756644487381
rxn:3:50151:39338:113646,0.09857058127721151
rxn:3:55586:1154:113646,0.09856932738731647
rxn:3:55915:12067:88237,0.09855918700878437
rxn:3:45558:29621:113646,0.09854248853830191
rxn:3:45558:8783:113646,0.09854108946663993
rxn:3:44002:9202:113646,0.0985295331036603
rxn:3:62819:38485:113646,0.09852679712431771
rxn:3:50151:2877:113646,0.09852636052716163
rxn:3:55915:2877:113646,0.09851789932984573
rxn:3:44002:35065:88237,0.09851737205798809
rxn:3:50151:2089:136811,0.09851671034289945
rxn:3:62819:3254:113646,0.0985082901757339
rxn:3:55915:2623:71470,0.09850213925043742
rxn:3:55915:2623:142033,0.09849636643021195
rxn:3:44002:29621:136811,0.09849498527390617
rxn:3:55586:31166:88237,0.09849154750506083
rxn:3:55586:2623:88237,0.09849130734801292
rxn:3:55915:8706:125245,0.0984665689797237
rxn:3:42129:6425:113646,0.09846103390057882
rxn:3:52219:38166:113646,0.09845877515858617
rxn:3:45558:7452:125245,0.09844954054931114
rxn:3:60054:28569:71470,0.09843991696834564
rxn:3:42129:37853:136811,0.09843066231957798
rxn:3:55915:34501:142033,0.09842179909996364
rxn:3:52219:9202:125245,0.09841811656951904
rxn:3:55586:7399:96332,0.09840698780552033
rxn:3:45558:1179:134963,0.09840588058744158
rxn:3:62819:21267:96332,0.0984021114266437
rxn:3:44002:38894:125245,0.0983915822259311
rxn:3:62819:2089:125245,0.09838967323303223
rxn:3:62819:22937:88237,0.09838687932049786
rxn:3:42129:22937:125245,0.09838664957455226
rxn:3:50151:38880:113646,0.09837850063077865
rxn:3:59882:35058:113646,0.09837656021118164
rxn:3:62819:6427:71470,0.09837251504262289
rxn:3:50151:24882:113646,0.09837034652973044
rxn:3:42129:38943:136811,0.09836854605839171
rxn:3:55915:37853:96332,0.09836849996021815
rxn:3:55915:7122:125245,0.09835781369890485
rxn:3:44002:38951:113646,0.09833116616521563
rxn:3:55586:7121:113646,0.09831748264176506
rxn:3:55915:1179:96332,0.0983149134195768
rxn:3:45558:37853:113646,0.09831058766160693
rxn:3:45558:7121:88237,0.09829454336847578
rxn:3:44002:3268:125245,0.09828975892836048
rxn:3:44002:38880:113646,0.09827689826488495
rxn:3:50151:37729:113646,0.09825639186366912
rxn:3:62819:22566:96332,0.098231560417584
rxn:3:62819:2125:88237,0.09821075888780448
rxn:3:42129:38943:125245,0.09820193903786796
rxn:3:55915:7082:125245,0.09820046595164708
rxn:3:55915:6428:110719,0.09819081798195839
rxn:3:62819:14995:134963,0.09819007125394098
rxn:3:44002:38879:88237,0.09818344486170802
rxn:3:42129:37782:136811,0.09817248582839966
rxn:3:42129:179:96332,0.09817114780689108
rxn:3:59882:6425:88237,0.09816681377349361
rxn:3:62819:38879:134963,0.09816603149686541
rxn:3:55915:39338:88237,0.09816324940094581
rxn:3:59882:31814:125245,0.09815948539310032
rxn:3:42129:7759:110719,0.09815907067266004
rxn:3:45558:39443:125245,0.0981576328094189
rxn:3:62819:6425:125245,0.09815477927525838
rxn:3:52219:38879:113646,0.09814374844233195
rxn:3:55915:1174:88237,0.09813300905556514
rxn:3:55915:7452:136811,0.09812249669006892
rxn:3:42129:35065:136811,0.09809347757926354
rxn:3:45558:38764:96332,0.09809266669409615
rxn:3:62819:7654:125245,0.09808888605662755
rxn:3:50151:35051:113646,0.09806384146213531
rxn:3:59882:3937:88237,0.09805181622505188
rxn:3:62819:6441:125245,0.09804949561754862
rxn:3:55915:5439:113646,0.09804786245028178
rxn:3:55915:7121:125245,0.09801452664228585
rxn:3:42129:8634:134963,0.09800603560038976
rxn:3:44002:2489:113646,0.09800603213133635
rxn:3:42129:37729:88237,0.09799184969493321
rxn:3:55915:38879:113646,0.09798071705378018
rxn:3:55586:8706:88237,0.09797779098153114
rxn:3:44002:6424:142033,0.097971655171493
rxn:3:62819:38894:88237,0.09793548672287553
rxn:3:50151:1154:125245,0.09792454540729523
rxn:3:62819:35058:142033,0.09791797825268336
rxn:3:55586:37729:125245,0.09791150490442911
rxn:3:55915:1179:113646,0.09790857384602229
rxn:3:44002:27843:125245,0.09789840504527092
rxn:3:42129:1067:125245,0.09789816538492839
rxn:3:42129:38166:88237,0.09789631101820204
rxn:3:55915:39087:88237,0.09789235483516347
rxn:3:50151:23195:113646,0.09788494557142258
rxn:3:45558:38324:113646,0.0978654247743112
rxn:3:42129:38865:125245,0.09786329187195876
rxn:3:44002:38843:136811,0.09784981056495949
rxn:3:50151:7063:88237,0.09784565679728985
rxn:3:45558:24882:88237,0.0978378278237802
rxn:3:62819:2089:142033,0.09783773318580959
rxn:3:55915:1964:110719,0.09783680041631063
rxn:3:55915:38166:110719,0.09783535770007543
rxn:3:55915:2176:113646,0.09781781911849975
rxn:3:50151:1067:125245,0.097807357388158
rxn:3:55915:23159:125245,0.09780562807012487
rxn:3:55915:9202:136811,0.09779731432596843
rxn:3:55586:1912:110719,0.09779728253682454
rxn:3:59882:35051:88237,0.09779574747743278
rxn:3:50151:38166:88237,0.09779288691859092
rxn:3:50151:1154:113646,0.09777822802143712
rxn:3:50151:2489:125245,0.0977766013914539
rxn:3:52219:35065:125245,0.09777308787618365
rxn:3:62819:357:96332,0.09774951292918278
rxn:3:62819:28569:142033,0.09774766518519475
rxn:3:50151:1964:113646,0.09773953258991241
rxn:3:62819:37782:71470,0.09773687247572274
rxn:3:52219:12104:113646,0.09773300091425578
rxn:3:55915:38880:113646,0.09772917857536903
rxn:3:50151:2877:125245,0.09772409312427044
rxn:3:55586:31166:113646,0.09769774305409398
rxn:3:55915:2125:71470,0.09769693789658723
rxn:3:62819:31952:136811,0.09769389629364014
rxn:3:55915:6409:71470,0.09768584370613098
rxn:3:55915:38605:96332,0.09768042181219373
rxn:3:45558:38324:125245,0.09767212186540876
rxn:3:55586:7399:113646,0.09766534279132712
rxn:3:55915:7063:125245,0.09765886377405238
rxn:3:55915:3254:113646,0.09765037585949075
rxn:3:42129:6419:125245,0.09763959338588099
rxn:3:55586:38763:113646,0.09761035442352295
rxn:3:62819:38865:96332,0.09759623839937408
rxn:3:50151:2489:88237,0.09759129247357769
rxn:3:42129:37782:110719,0.09758762390382829
rxn:3:52219:38372:125245,0.09758195082346598
rxn:3:55915:3254:96332,0.09757864859796339
rxn:3:50151:35065:136811,0.09757376313209534
rxn:3:52219:22566:125245,0.09756887728168119
rxn:3:45558:2623:113646,0.09755991697311402
rxn:3:42129:31045:96332,0.09755893690245492
rxn:3:55915:37782:96332,0.0975487314421555
rxn:3:62819:1154:71470,0.09754563868045807
rxn:3:55586:24882:88237,0.09754451683589391
rxn:3:62819:39399:88237,0.09753753588749813
rxn:3:62819:6418:134963,0.09753488532958492
rxn:3:55915:31045:96332,0.0975342282542476
rxn:3:55915:35058:96332,0.0975205167647331
rxn:3:62819:38324:110719,0.09751937644822258
rxn:3:50151:1179:136811,0.0975098225378221
rxn:3:50151:7121:88237,0.09747400014631209
rxn:3:55586:2877:125245,0.09746903975804647
rxn:3:62819:2089:134963,0.09746496493999775
rxn:3:52219:7121:113646,0.09746228415390541
rxn:3:62819:22566:136811,0.09745268097945622
rxn:3:42129:1964:113646,0.09744653531483241
rxn:3:55915:39399:71470,0.09744575730076542
rxn:3:44002:2089:96332,0.09744509203093392
rxn:3:62819:6409:113646,0.09743963877360026
rxn:3:55586:31814:71470,0.09743766784667969
rxn:3:42129:24882:134963,0.09740914459581729
rxn:3:55915:18028:136811,0.09740272536873817
rxn:3:62819:22566:88237,0.09740157039077194
rxn:3:62819:6425:134963,0.0974004037918583
rxn:3:44002:7063:125245,0.09738227416729105
rxn:3:62819:38605:134963,0.09737485647201538
rxn:3:62819:31814:96332,0.0973395065025047
rxn:3:59882:38411:125245,0.09733369449774425
rxn:3:42129:22937:113646,0.09732576211293538
rxn:3:52219:24882:125245,0.09732370952080036
rxn:3:55586:7759:88237,0.09731348013055735
rxn:3:44002:23163:88237,0.09731305056604846
rxn:3:44002:7122:88237,0.09730983972549438
rxn:3:42129:38166:113646,0.09730929594773513
rxn:3:55915:39443:134963,0.09730048179626465
rxn:3:50151:38843:125245,0.09729695114596136
rxn:3:55915:38166:113646,0.09729467630386353
rxn:3:52219:37782:125245,0.09729043394327164
rxn:3:59882:38843:88237,0.09728976249694825
rxn:3:50151:23158:125245,0.09727981013636436
rxn:3:62819:23159:88237,0.0972797296665333
rxn:3:50803:1912:125245,0.09727742522954941
rxn:3:42129:38843:136811,0.09727368446496817
rxn:3:42129:38894:113646,0.09726906264269794
rxn:3:59882:38843:125245,0.09725432395935059
rxn:3:55586:2625:88237,0.09723322279751301
rxn:3:50151:179:113646,0.09723187262012113
rxn:3:42129:2089:136811,0.09722528413490013
rxn:3:55586:2089:136811,0.09721251808363816
rxn:3:44002:38894:88237,0.09720773532472808
rxn:3:62819:3937:125245,0.09720482908446214
rxn:3:55915:38880:96332,0.09720337390899658
rxn:3:44002:31814:110719,0.09719622135162354
rxn:3:62819:37782:136811,0.09719288143618353
rxn:3:59882:7654:113646,0.09716772607394628
rxn:3:55586:23163:110719,0.09716675616800785
rxn:3:55915:38642:88237,0.09716647863388062
rxn:3:55915:1371:110719,0.09714945093277962
rxn:3:42129:38764:136811,0.0971155497762892
rxn:3:44002:38642:88237,0.09710846202714103
rxn:3:42129:2089:125245,0.0971073920910175
rxn:3:50151:38324:113646,0.09710315863291423
rxn:3:44002:6427:113646,0.0970914383729299
rxn:3:44002:29621:125245,0.09707060345896969
rxn:3:55915:2125:142033,0.09706306457519531
rxn:3:62819:6441:134963,0.09705544287158598
rxn:3:45558:2877:113646,0.09704852104187012
rxn:3:44002:38605:125245,0.09704573812155888
rxn:3:55586:8634:88237,0.09704514207511113
rxn:3:42129:2489:136811,0.09703898855618068
rxn:3:52219:39336:125245,0.09703777576314992
rxn:3:62819:6419:134963,0.09703692313163512
rxn:3:55586:7063:125245,0.0970367968082428
rxn:3:55915:31952:136811,0.09703261852264404
rxn:3:44002:24882:88237,0.09702557325363159
rxn:3:42129:179:125245,0.09700924158096313
rxn:3:45558:7122:88237,0.09700074593226114
rxn:3:55915:38951:88237,0.0969991683959961
rxn:3:62819:2877:136811,0.09699791244098119
rxn:3:62819:38487:125245,0.09698968509147907
rxn:3:55915:3254:88237,0.09696125785509745
rxn:3:42129:9202:110719,0.09695897842275686
rxn:3:42129:6422:113646,0.09695701352481184
rxn:3:55586:179:136811,0.0969553647502776
rxn:3:59882:35051:113646,0.09694916009902954
rxn:3:55915:2877:88237,0.09693850411309136
rxn:3:44002:3054:125245,0.09691451876251786
rxn:3:50151:8654:113646,0.09689598849841527
rxn:3:55586:8654:113646,0.09689023861518273
rxn:3:55586:38605:96332,0.09688339694853752
rxn:3:55915:6414:113646,0.09687341849009196
rxn:3:60054:37729:71470,0.09687237386350278
rxn:3:55915:38894:113646,0.09686608039415799
rxn:3:62819:6414:113646,0.09685738881429036
rxn:3:62819:37853:136811,0.09684941598347255
rxn:3:52219:39338:125245,0.09684346119562785
rxn:3:55915:38865:88237,0.09683843169893537
rxn:3:60054:6427:134963,0.0968375822593426
rxn:3:55915:22566:88237,0.09681048216643157
rxn:3:45558:38843:113646,0.09680139541625976
rxn:3:55586:39443:136811,0.0967992331300463
rxn:3:42129:23158:110719,0.09679838706707132
rxn:3:55586:35051:113646,0.09679076274236044
rxn:3:55586:1179:134963,0.09676169526988063
rxn:3:62819:7399:113646,0.09675595852044913
rxn:3:55915:3297:113646,0.09675151368846065
rxn:3:44002:27843:113646,0.09674099952943864
rxn:3:62819:12104:136811,0.09672878005287865
rxn:3:52219:8706:113646,0.0966969970613718
rxn:3:55586:34501:113646,0.09668721093071832
rxn:3:50151:31220:113646,0.09667951613664627
rxn:3:55586:6424:88237,0.0966789722442627
rxn:3:55586:1371:113646,0.09664959676804082
rxn:3:42129:29621:113646,0.0966495180130005
rxn:3:55915:38324:142033,0.09663591782251994
rxn:3:50151:29621:136811,0.09662280736430999
rxn:3:62819:31814:110719,0.09661307079451424
rxn:3:62819:2125:134963,0.09660163632145634
rxn:3:44002:7452:113646,0.09660013658659798
rxn:3:55915:7658:88237,0.09659855640851535
rxn:3:42129:35051:88237,0.09655016249623792
rxn:3:44002:37729:125245,0.09653557580092857
rxn:3:62819:6441:142033,0.09652596286364964
rxn:3:60054:6418:125245,0.09652057187310581
rxn:3:52219:23159:88237,0.09651684761047363
rxn:3:45558:2625:125245,0.09651676301033266
rxn:3:55915:34501:125245,0.09651568412780762
rxn:3:55586:2489:88237,0.09651390437422128
rxn:3:55586:39338:113646,0.09651110853467669
rxn:3:44002:7759:125245,0.09650493945394244
rxn:3:55915:38642:71470,0.09650095303853352
rxn:3:42129:357:88237,0.09649361096895658
rxn:3:55915:38324:113646,0.09645586252212525
rxn:3:60054:39372:113646,0.09644397596518199
rxn:3:44002:37782:113646,0.09644332630880947
rxn:3:50151:38764:88237,0.09644286632537842
rxn:3:62819:1179:125245,0.09644171237945556
rxn:3:59882:2877:125245,0.09644103475979396
rxn:3:44002:38843:113646,0.09643515586853027
rxn:3:50151:9202:113646,0.09642079671223959
rxn:3:50151:8783:113646,0.09641723863540157
rxn:3:45558:2877:125245,0.09640776905520208
rxn:3:62819:38880:136811,0.09638301389557975
rxn:3:62819:5970:88237,0.0963698394836918
rxn:3:62819:38372:96332,0.09636916937651457
rxn:3:42129:39399:125245,0.09636894420341209
rxn:3:55915:37814:88237,0.09636465708414714
rxn:3:42129:9202:136811,0.09635971699442182
rxn:3:62819:38865:136811,0.09635616787548723
rxn:3:62819:39443:134963,0.09631262302398681
rxn:3:55915:14995:136811,0.09630859720295873
rxn:3:55915:6425:71470,0.09630540493995912
rxn:3:62819:6425:96332,0.09630304382693383
rxn:3:42129:29621:134963,0.09629584241796423
rxn:3:59882:8706:125245,0.09628791411717733
rxn:3:44002:8783:125245,0.09627431836621515
rxn:3:60054:27843:71470,0.09627002080281576
rxn:3:62819:38894:136811,0.09626197814941406
rxn:3:55586:39087:134963,0.09625634780296913
rxn:3:55915:3297:96332,0.09624168872833253
rxn:3:44002:38166:113646,0.09623740116755168
rxn:3:62819:7759:88237,0.09622984207593478
rxn:3:50151:8654:125245,0.09622288161310656
rxn:3:62819:35058:96332,0.09621988573381977
rxn:3:62819:7121:88237,0.09620859531255868
rxn:3:45558:8706:113646,0.09620559215545654
rxn:3:55915:37769:113646,0.0962007137445303
rxn:3:59882:31814:113646,0.09619694718947777
rxn:3:42129:38411:136811,0.09619425773620606
rxn:3:42129:38642:125245,0.09615805413987902
rxn:3:55915:24882:88237,0.09614433765411377
rxn:3:50151:37769:88237,0.0961197204887867
rxn:3:55915:28569:134963,0.09611626329093144
rxn:3:42129:38642:136811,0.09610855792249952
rxn:3:55915:6427:96332,0.09610453248023987
rxn:3:52219:31220:125245,0.09608646854758263
rxn:3:60054:9202:71470,0.09606867799392113
rxn:3:59882:1067:113646,0.09606844645280105
rxn:3:62819:1964:96332,0.09605638323159053
rxn:3:55586:24882:110719,0.09602691729863484
rxn:3:55915:3268:142033,0.09602536978545012
rxn:3:55586:3268:88237,0.09600981511175632
rxn:3:42129:2089:134963,0.09599736664030287
rxn:3:55915:39087:96332,0.09597762512124103
rxn:3:55915:18028:96332,0.09596503898501396
rxn:3:55915:28569:71470,0.09596029437821486
rxn:3:55586:37769:113646,0.09595132696217504
rxn:3:62819:6418:110719,0.0959470123052597
rxn:3:55915:22937:71470,0.09594059203352247
rxn:3:52219:37853:96332,0.09593676589429379
rxn:3:59882:6427:113646,0.09593475481559491
rxn:3:62819:6428:136811,0.09592335454879268
rxn:3:61523:31166:101193,0.09592139295169286
rxn:3:42129:39443:113646,0.09592098494370778
rxn:3:50151:8654:88237,0.0958935310100687
rxn:3:55586:37769:125245,0.09588767290115356
rxn:3:55586:39399:88237,0.09588392849626212
rxn:3:45558:2625:113646,0.0958638310432434
rxn:3:42129:23195:113646,0.09585849727903094
rxn:3:44002:11759:88237,0.09585459317479815
rxn:3:50151:7759:113646,0.09585421085357666
rxn:3:60054:38880:125245,0.0958370382969196
rxn:3:62819:37729:113646,0.09583360185989967
rxn:3:44002:2489:125245,0.09582783494676862
rxn:3:42129:22937:136811,0.09582500211123762
rxn:3:44002:23163:113646,0.09581811513219561
rxn:3:42129:2125:136811,0.095815652183124
rxn:3:45558:38879:125245,0.09581021604866817
rxn:3:55915:35065:71470,0.09580845832824707
rxn:3:62819:6424:88237,0.09580831281070051
rxn:3:42129:1149:88237,0.09580674253661058
rxn:3:52219:38605:125245,0.09580258784755584
rxn:3:45558:1371:113646,0.09575691223144531
rxn:3:55586:1964:88237,0.09575314291061894
rxn:3:52219:38324:113646,0.09574585947497137
rxn:3:62819:8783:142033,0.0957348108291626
rxn:3:55915:6418:142033,0.09573450684547424
rxn:3:50151:34501:125245,0.09573261539141337
rxn:3:55915:38166:136811,0.09571325337445294
rxn:3:50151:38605:125245,0.0956876203417778
rxn:3:62819:38880:110719,0.09565997123718262
rxn:3:50151:38974:125245,0.09565671764571092
rxn:3:55586:3197:88237,0.09565368294715881
rxn:3:55915:8783:110719,0.09563901095554747
rxn:3:62819:39338:142033,0.0956363429625829
rxn:3:42129:38764:125245,0.09563295199320866
rxn:3:55915:31952:88237,0.09562127138006277
rxn:3:42129:3297:88237,0.09561753273010254
rxn:3:62819:2625:142033,0.09556825514192935
rxn:3:55586:31952:88237,0.0955677218735218
rxn:3:62819:39338:88237,0.09556342088259183
rxn:3:55586:2089:110719,0.09555405974388123
rxn:3:60054:6424:71470,0.09555380508817475
rxn:3:44002:39443:110719,0.09555333427020482
rxn:3:45558:1305:113646,0.09554957885008591
rxn:3:42129:39336:134963,0.0955391217161108
rxn:3:45558:2623:88237,0.09553825855255127
rxn:3:42129:11684:136811,0.09551139354705811
rxn:3:55586:1179:136811,0.09548788235105317
rxn:3:52219:2089:113646,0.0954851039818355
rxn:3:50151:39443:125245,0.0954803886084721
rxn:3:55915:7452:96332,0.09547937980719975
rxn:3:55915:12215:88237,0.09546603901045662
rxn:3:50151:38372:125245,0.09546544667213194
rxn:3:62819:38879:88237,0.09546254299305103
rxn:3:44002:3297:125245,0.09546109346243051
rxn:3:55915:39372:134963,0.0954212193135862
rxn:3:59882:6414:125245,0.09541680477559566
rxn:3:55915:8783:136811,0.09540887815611702
rxn:3:62819:6155:88237,0.09540552377700806
rxn:3:62819:39399:125245,0.09538917816602267
rxn:3:44002:39443:96332,0.09538860232741744
rxn:3:55586:23158:88237,0.0953860118471343
rxn:3:42129:2089:96332,0.09538556469811334
rxn:3:55915:39399:113646,0.09537336111068725
rxn:3:55915:3197:71470,0.09537306626637777
rxn:3:50151:7452:113646,0.09536827764203472
rxn:3:45558:2489:88237,0.09535316484315055
rxn:3:62819:1154:142033,0.09533925056457519
rxn:3:42129:8783:88237,0.09533690554755074
rxn:3:55915:7121:96332,0.09532799102641919
rxn:3:42129:35065:113646,0.09532540788253148
rxn:3:62819:27843:125245,0.095322585105896
rxn:3:50151:38880:88237,0.0953177884221077
rxn:3:44002:7654:88237,0.09531664649645487
rxn:3:45558:37853:125245,0.09531584690357077
rxn:3:55586:28569:113646,0.09531415899594625
rxn:3:50151:3297:113646,0.09530676688466753
rxn:3:55586:38485:88237,0.09530657529830933
rxn:3:59882:6428:125245,0.09529879016260948
rxn:3:59882:34501:113646,0.09528680324554444
rxn:3:42129:3268:113646,0.09528055273253343
rxn:3:55586:1067:96332,0.09526632229487102
rxn:3:60054:38879:125245,0.09526567046458904
rxn:3:62819:38166:134963,0.09525399958645855
rxn:3:44002:38943:113646,0.09523559893880572
rxn:3:62819:1964:136811,0.09522638238709548
rxn:3:62819:38951:125245,0.09522156803696244
rxn:3:42129:490:88237,0.09522112210591634
rxn:3:62819:39443:110719,0.09521654477486244
rxn:3:42129:31952:125245,0.0952077607313792
rxn:3:55586:7654:125245,0.09520607994448754
rxn:3:55915:38880:88237,0.09519737296634251
rxn:3:55915:31220:142033,0.09518566956886879
rxn:3:59882:1154:125245,0.09518131826605115
rxn:3:62819:357:142033,0.09516628928806471
rxn:3:42129:31045:134963,0.09513499055589948
rxn:3:42129:22566:110719,0.09512457847595215
rxn:3:55915:1305:125245,0.09512258052825928
rxn:3:55915:5970:88237,0.09509520376882245
rxn:3:59882:29621:113646,0.09508474588394165
rxn:3:55586:7121:88237,0.0950695070727118
rxn:3:59882:34501:125245,0.09505743246812087
rxn:3:62819:18011:142033,0.09505550203652217
rxn:3:42129:22566:125245,0.0950517909867423
rxn:3:42129:8706:113646,0.09504435802328176
rxn:3:44002:31814:96332,0.09503284610550979
rxn:3:62819:6439:125245,0.09502891302108765
rxn:3:44002:38974:88237,0.09502514967551598
rxn:3:42129:22937:88237,0.09502272520746503
rxn:3:44002:31220:125245,0.09502253731091817
rxn:3:55586:7063:88237,0.0950206716855367
rxn:3:60054:1154:125245,0.09501581467114963
rxn:3:55915:37769:125245,0.09499639493447763
rxn:3:50151:39443:136811,0.09498397509256999
rxn:3:55586:7063:113646,0.09496914107224037
rxn:3:50151:39338:88237,0.09496360055861934
rxn:3:62819:35058:134963,0.09495412534283053
rxn:3:50151:1154:88237,0.09493125602602959
rxn:3:45558:7654:113646,0.09493115030486009
rxn:3:55586:8634:125245,0.09493075157033987
rxn:3:45558:31220:125245,0.09492653409639994
rxn:3:52219:39336:113646,0.09491878322192601
rxn:3:60054:35051:71470,0.09489527344703674
rxn:3:55915:3268:136811,0.09489248196283977
rxn:3:45558:38166:88237,0.0948816452707563
rxn:3:62819:31220:88237,0.09486119449138641
rxn:3:17548:42129:134818,0.09485110214778356
rxn:3:62819:38372:134963,0.09481479945006194
rxn:3:62819:8654:125245,0.09481003135442734
rxn:3:55915:6422:96332,0.09480638305346172
rxn:3:52219:35065:88237,0.0948063497032438
rxn:3:44002:1305:125245,0.0948012978942306
rxn:3:55915:6418:136811,0.09478726117841658
rxn:3:62819:38865:110719,0.09477210640907288
rxn:3:44002:39443:136811,0.0947674932303252
rxn:3:42129:31045:136811,0.09475998367582049
rxn:3:55915:6428:136811,0.09475551305278655
rxn:3:55915:6155:88237,0.09474731683731079
rxn:3:62819:37782:142033,0.09472453823456398
rxn:3:55586:7654:88237,0.09472215175628662
rxn:3:42129:3268:88237,0.09470903873443604
rxn:3:62819:1371:142033,0.0946991487785622
rxn:3:52219:37782:113646,0.0946987521263861
rxn:3:50151:2089:110719,0.09469400532543659
rxn:3:62819:38166:113646,0.09469378232955933
rxn:3:62819:23159:134963,0.09467879789216178
rxn:3:42129:34501:96332,0.09465943000934741
rxn:3:62819:23195:113646,0.09465253353118896
rxn:3:42129:9202:88237,0.09464741636205602
rxn:3:55915:38411:125245,0.09464402043301126
rxn:3:55915:39399:142033,0.09461695204178493
rxn:3:45558:2089:125245,0.09460128236699987
rxn:3:52219:7452:125245,0.09459204443039433
rxn:3:52219:7452:113646,0.09459121624628702
rxn:3:42129:7122:125245,0.09458413206297776
rxn:3:60054:38865:71470,0.09457122428076607
rxn:3:55915:38894:96332,0.09455433062144689
rxn:3:52219:38943:125245,0.09455330141129033
rxn:3:55586:38372:113646,0.09455152068819318
rxn:3:44002:38894:113646,0.09454859154564994
rxn:3:62819:12215:113646,0.09453492252914994
rxn:3:50151:22937:125245,0.09452684968709946
rxn:3:55915:1174:113646,0.0945232127393995
rxn:3:45558:6424:113646,0.09452246030171713
rxn:3:62819:29621:142033,0.0945095445798791
rxn:3:42129:38764:134963,0.09450837638643053
rxn:3:44002:6418:88237,0.09449863061308861
rxn:3:59882:31814:96332,0.09447879237788064
rxn:3:62819:2125:142033,0.09446650246779124
rxn:3:55915:6427:136811,0.09446407159169515
rxn:3:55915:2625:110719,0.09446402134433869
rxn:3:62819:2176:125245,0.09445787163881156
rxn:3:50151:38865:113646,0.09445680677890778
rxn:3:55586:1305:134963,0.0944524859559947
rxn:3:55915:6439:142033,0.09444644195692879
rxn:3:44002:38324:113646,0.09444549790135136
rxn:3:55586:38605:136811,0.09444319817327684
rxn:3:42688:7063:125245,0.09443939143213732
rxn:3:62819:15511:88237,0.09443825675595191
rxn:3:55915:38485:134963,0.09443397521972656
rxn:3:62819:37769:142033,0.09442131519317627
rxn:3:55915:35065:80866,0.09441277980804444
rxn:3:50151:38880:125245,0.0944121666252613
rxn:3:45558:1179:113646,0.09441015582818252
rxn:3:44002:28569:125245,0.09439438978830973
rxn:3:45558:3054:113646,0.0943922813122089
rxn:3:55915:38979:113646,0.0943833280492712
rxn:3:42129:1154:88237,0.09437386478696551
rxn:3:42129:1067:96332,0.09437153807708196
rxn:3:55915:38879:88237,0.09435621014347782
rxn:3:62819:2176:113646,0.0943551254272461
rxn:3:52219:6424:113646,0.0943443588912487
rxn:3:44002:1067:113646,0.09433865105664288
rxn:3:55586:38865:113646,0.09431701103846232
rxn:3:50151:37769:113646,0.09430822633927868
rxn:3:55915:38974:136811,0.09430820465087891
rxn:3:42129:3054:125245,0.09430716817195599
rxn:3:55586:3197:113646,0.09429366742410968
rxn:3:55915:8654:125245,0.0942905992269516
rxn:3:42129:7654:88237,0.09429021539359257
rxn:3:55915:1067:113646,0.09428757667541504
rxn:3:52219:39527:125245,0.09428462599005018
rxn:3:62819:6427:110719,0.09426082334210796
rxn:3:50151:34501:88237,0.09424690008163453
rxn:3:60054:6427:71470,0.09424101895299451
rxn:3:42129:1179:110719,0.0942385196685791
rxn:3:62819:38879:110719,0.0942359237835325
rxn:3:42129:6439:113646,0.09423284928003947
rxn:3:42129:18011:125245,0.0942273773252964
rxn:3:55915:35058:142033,0.09418916489396777
rxn:3:55586:31814:110719,0.09418562150770618
rxn:3:55915:31814:88237,0.09417680135140052
rxn:3:42129:31166:88237,0.09416362004620689
rxn:3:62819:1067:125245,0.09414354883707486
rxn:3:55915:6422:142033,0.09412501476429126
rxn:3:44002:39372:113646,0.09411601667050962
rxn:3:55586:39336:136811,0.09407368610645163
rxn:3:42129:38880:136811,0.09406205292405753
rxn:3:62819:38865:71470,0.09405771822764955
rxn:3:45558:3268:125245,0.0940532184416248
rxn:3:42129:3297:125245,0.09403837203979493
rxn:3:42129:7452:125245,0.09403676433222634
rxn:3:55586:38974:110719,0.09403132570200953
rxn:3:44053:2877:125245,0.09403096396347572
rxn:3:60054:37853:125245,0.09400688684903659
rxn:3:42129:39443:134963,0.09400291167772733
rxn:3:62819:2089:88237,0.09399841785430908
rxn:3:62819:32185:113646,0.09399705273764473
rxn:3:55586:1067:136811,0.09399057825406393
rxn:3:50151:7654:113646,0.09398362599313259
rxn:3:62819:7452:88237,0.09398092384691592
rxn:3:62819:24200:125245,0.09397608280181885
rxn:3:42129:31220:134963,0.09397520621617635
rxn:3:60054:22937:125245,0.09397304516572219
rxn:3:59882:6428:88237,0.09396941046560964
rxn:3:42129:24882:88237,0.09396591553321251
rxn:3:45558:2625:88237,0.09396193873497748
rxn:3:62819:34501:125245,0.0939572286605835
rxn:3:50151:31814:113646,0.0939544399579366
rxn:3:62819:9202:134963,0.09394039048088922
rxn:3:52219:29621:88237,0.09393760664709683
rxn:3:55586:31814:113646,0.09393730972494398
rxn:3:55586:38880:113646,0.09393095148020777
rxn:3:62819:32185:134963,0.09391728639602662
rxn:3:50151:21267:113646,0.09391070787723248
rxn:3:62819:7452:113646,0.09389228316453788
rxn:3:60054:38764:71470,0.0938904333114624
rxn:3:55915:24882:113646,0.09387409687042236
rxn:3:55586:7082:125245,0.0938629065790484
rxn:3:59882:6427:125245,0.09383775393168131
rxn:3:62819:38372:136811,0.09383562759116844
rxn:3:55586:29621:110719,0.09383248488108317
rxn:3:55915:1067:134963,0.0938123067220052
rxn:3:55586:23163:113646,0.09380641682394619
rxn:3:62819:24882:113646,0.09380500266949336
rxn:3:42129:37782:134963,0.09380233287811279
rxn:3:55586:31952:113646,0.09379839704882714
rxn:3:55915:29454:125245,0.09379063645998637
rxn:3:42129:28569:88237,0.09378281338461514
rxn:3:50151:29621:142033,0.09376539715698787
rxn:3:50151:1179:142033,0.09376506507396698
rxn:3:59882:31952:125245,0.09375924269358317
rxn:3:55915:7399:113646,0.09375788615300105
rxn:3:50151:11684:113646,0.09373947426124855
rxn:3:59882:3268:125245,0.09371933937072754
rxn:3:42129:2176:113646,0.09371201350138737
rxn:3:55915:14995:142033,0.09370991358390221
rxn:3:55915:11684:125245,0.09369855082553366
rxn:3:42129:31814:71470,0.09369646225656782
rxn:3:45558:38605:125245,0.0936673509663549
rxn:3:55915:7654:110719,0.09366267124811808
rxn:3:50151:7082:113646,0.09365487843751907
rxn:3:42129:5970:88237,0.09364745393395424
rxn:3:62819:35065:125245,0.0936374415953954
rxn:3:45558:38880:113646,0.09363733444895063
rxn:3:44002:37729:113646,0.09363638077463422
rxn:3:62819:37769:125245,0.09362520332689639
rxn:3:55915:3254:136811,0.0936117902878792
rxn:3:55586:24882:113646,0.09359080261654323
rxn:3:44002:38411:113646,0.09358769655227661
rxn:3:55915:12104:96332,0.0935806930065155
rxn:3:42129:6424:88237,0.09357769290606181
rxn:3:55915:6409:136811,0.09354712814092636
rxn:3:42129:38372:88237,0.09354593135692456
rxn:3:62819:5970:113646,0.09353973468144734
rxn:3:55586:12104:88237,0.09352916230758031
rxn:3:44002:3268:88237,0.09352364655463927
rxn:3:42129:37729:134963,0.09350477415939858
rxn:3:59882:6439:88237,0.09350373283509285
rxn:3:45558:38166:113646,0.09349370885778356
rxn:3:55586:11684:125245,0.09347335650370671
rxn:3:62819:38324:136811,0.09346103888970834
rxn:3:52219:23159:113646,0.09340138037999471
rxn:3:62819:31220:142033,0.09339254865279564
rxn:3:52219:1179:88237,0.0933898769575974
rxn:3:44002:1912:113646,0.09338921767014724
rxn:3:55586:38843:88237,0.09338693707077592
rxn:3:62819:1067:142033,0.093360535800457
rxn:3:44053:2176:113646,0.09335877277232983
rxn:3:24200:49508:125245,0.09333878755569458
rxn:3:42129:38485:125245,0.09333488345146179
rxn:3:52219:1305:125245,0.09332105620154019
rxn:3:42688:2489:125245,0.09331914356776647
rxn:3:62819:22937:71470,0.09331728730882917
rxn:3:44002:38865:125245,0.09331467946370443
rxn:3:62819:38485:142033,0.09329756763246325
rxn:3:60054:38485:71470,0.0932856510425436
rxn:3:50033:357:88237,0.09328003587393925
rxn:3:42129:8634:88237,0.09324857923719618
rxn:3:44002:5439:88237,0.09324846885822437
rxn:3:50151:38943:88237,0.09323866851627827
rxn:3:62819:11684:134963,0.09322801480690639
rxn:3:59882:6439:71470,0.09320399723947048
rxn:3:42129:38485:110719,0.09319743700325489
rxn:3:42129:35051:136811,0.09318977991739909
rxn:3:62819:7654:136811,0.09318816250768201
rxn:3:44002:38324:125245,0.09318772809846061
rxn:3:42129:1912:113646,0.09317403793334961
rxn:3:60054:3268:125245,0.09317215851375035
rxn:3:55586:6424:142033,0.09315330584843953
rxn:3:55915:22566:96332,0.09314616663115365
rxn:3:52219:31952:113646,0.09312735497951508
rxn:3:55586:6422:125245,0.0931028351187706
rxn:3:45558:1179:96332,0.09310062442507062
rxn:3:55915:2176:96332,0.09307392438252766
rxn:3:42129:7121:134963,0.09307324460574559
rxn:3:55915:2625:142033,0.09307158434832538
rxn:3:55915:29621:113646,0.09306467324495316
rxn:3:44053:2176:125245,0.09306462321962629
rxn:3:44053:34501:88237,0.09305591936464663
rxn:3:62819:37729:134963,0.09305442018168313
rxn:3:55586:23158:110719,0.09304712280150383
rxn:3:42129:2489:110719,0.09303785192555394
rxn:3:62819:6424:110719,0.09302785896485852
rxn:3:62819:37729:88237,0.09302336419070209
rxn:3:55915:2934:113646,0.09301967532546432
rxn:3:60054:38943:71470,0.09301726244114063
rxn:3:62819:38764:142033,0.09301555156707764
rxn:3:44002:38764:125245,0.09300457548212122
rxn:3:55915:31814:113646,0.09300285339355469
rxn:3:44002:2623:113646,0.09298525055249532
rxn:3:55915:7452:113646,0.09298452276449937
rxn:3:62819:7122:134963,0.09297555890576593
rxn:3:55915:8706:136811,0.09297534227371215
rxn:3:44002:2125:88237,0.09297141007014684
rxn:3:55586:38642:113646,0.09296779547418867
rxn:3:55586:1154:88237,0.09296119411786398
rxn:3:42129:38605:88237,0.09296013414859772
rxn:3:55915:6419:136811,0.09295954819648497
rxn:3:42129:7452:113646,0.09294788925736039
rxn:3:55915:6428:134963,0.09294511425879694
rxn:3:42129:6439:88237,0.09293935760374993
rxn:3:62819:1912:88237,0.09293867826461792
rxn:3:55915:3268:71470,0.0929293155670166
rxn:3:55915:2625:96332,0.09292301138242086
rxn:3:42129:23163:136811,0.09291980184357741
rxn:3:52219:38880:125245,0.092915702250696
rxn:3:55915:6409:88237,0.09290882848924206
rxn:3:42129:1154:125245,0.09290704131126404
rxn:3:42129:6424:134963,0.09289032797659597
rxn:3:55915:179:113646,0.0928876124895536
rxn:3:52219:3054:113646,0.09288583695888519
rxn:3:62819:1154:136811,0.09287009494645256
rxn:3:59882:28569:125245,0.09286745663346915
rxn:3:60054:1067:125245,0.09285099744796753
rxn:3:50151:38943:125245,0.09284261241555214
rxn:3:42129:12215:125245,0.09281484011946053
rxn:3:59882:38943:113646,0.09279070518634937
rxn:3:62819:8634:125245,0.09278089725054227
rxn:3:55586:38865:88237,0.09277632159571494
rxn:3:62819:35058:71470,0.0927679346453759
rxn:3:42688:24200:125245,0.09276728276853208
rxn:3:55915:9202:88237,0.09275343555670518
rxn:3:55586:23163:88237,0.09275299112002054
rxn:3:45558:3254:88237,0.09273241460323334
rxn:3:42129:6427:88237,0.09273170828819274
rxn:3:44002:22937:88237,0.09272942871882997
rxn:3:52219:31045:113646,0.09272302430251549
rxn:3:42129:39443:136811,0.09270890859457162
rxn:3:42129:37853:113646,0.09270371551866885
rxn:3:50151:37782:113646,0.09268873371183872
rxn:3:45558:24882:125245,0.09267172990021882
rxn:3:52219:38843:88237,0.09267066206250872
rxn:3:55586:24882:142033,0.09266892763284537
rxn:3:60054:3268:71470,0.09266612447541335
rxn:3:55586:23195:88237,0.09265027123112832
rxn:3:45558:7063:113646,0.0926496854850224
rxn:3:50151:37729:125245,0.09264623373746872
rxn:3:50151:1912:113646,0.09263279314698844
rxn:3:62819:7452:134963,0.0926307567528316
rxn:3:55915:2625:136811,0.09260897636413574
rxn:3:55915:7399:88237,0.09260280485506411
rxn:3:55915:6409:113646,0.09259952306747436
rxn:3:44002:2625:125245,0.09258575593271563
rxn:3:55586:37782:88237,0.09256330613167055
rxn:3:42129:1964:88237,0.09256170535909719
rxn:3:62819:38943:142033,0.0925458574295044
rxn:3:55915:522:88237,0.09253160379551074
rxn:3:42129:38642:113646,0.09252418463046734
rxn:3:55915:7759:88237,0.092517784008613
rxn:3:50151:1912:88237,0.09251461823781332
rxn:3:55915:35058:125245,0.09249622027079264
rxn:3:55586:7082:88237,0.09247464518393239
rxn:3:62819:1149:113646,0.09247228392848263
rxn:3:44002:38485:113646,0.0924688180287679
rxn:3:24200:42129:85433,0.09245787284992359
rxn:3:42129:6428:113646,0.09244992733001708
rxn:3:45558:38485:113646,0.09242454369862875
rxn:3:62819:6428:110719,0.09241774305701256
rxn:3:55915:24882:125245,0.09241569519042969
rxn:3:55586:3886:88237,0.09241293536292182
rxn:3:55915:39443:136811,0.09240975141525269
rxn:3:62819:2877:110719,0.0923939429480454
rxn:3:62819:37769:134963,0.09239219341959272
rxn:3:55915:37729:136811,0.09238480457237788
rxn:3:44002:6419:125245,0.09237979166209698
rxn:3:52219:39087:88237,0.09236313288028423
rxn:3:55915:12215:96332,0.0923623853716357
rxn:3:50151:12104:134963,0.09232597439377396
rxn:3:42129:7122:96332,0.09232542713483174
rxn:3:50151:38605:88237,0.09231040999293327
rxn:3:55915:5970:96332,0.09230750426650047
rxn:3:45558:31814:113646,0.09230507303167272
rxn:3:62819:18028:142033,0.09229889203762186
rxn:3:55586:3297:88237,0.09229509035746257
rxn:3:55586:38880:88237,0.09228823781013488
rxn:3:62819:2877:88237,0.09228666844191374
rxn:3:59882:38605:125245,0.0922325530222484
rxn:3:55915:7121:113646,0.09223161220550537
rxn:3:55915:3937:96332,0.09219358563423156
rxn:3:59882:1964:88237,0.09219194897289934
rxn:3:42129:38974:134963,0.0921892340366657
rxn:3:55915:3254:134963,0.09218654324931483
rxn:3:55586:22937:125245,0.09218506813049317
rxn:3:44002:11684:125245,0.09218310594558715
rxn:3:24200:42129:134963,0.09217913504000064
rxn:3:55915:39443:142033,0.09217846935445612
rxn:3:62819:7082:134963,0.09217643737792969
rxn:3:60054:1371:125245,0.09215848786490304
rxn:3:62819:18011:136811,0.09215751104056835
rxn:3:17548:42129:96332,0.09214953718514278
rxn:3:50151:2489:113646,0.09214376012484232
rxn:3:45558:37782:125245,0.0921424667040507
rxn:3:17548:42129:88237,0.09213674919945854
rxn:3:52219:7122:113646,0.09213482564495455
rxn:3:59882:1964:113646,0.09213226182120186
rxn:3:62819:38979:88237,0.09212980738707952
rxn:3:42129:31220:88237,0.09212902907667489
rxn:3:62819:37729:142033,0.09212748050689697
rxn:3:55586:7759:113646,0.09212528807776314
rxn:3:55586:1067:125245,0.09211109013393007
rxn:3:42129:3270:125245,0.09209711684121026
rxn:3:42129:37853:134963,0.09209519830243341
rxn:3:55586:8654:125245,0.09209345446692573
rxn:3:62819:8634:113646,0.09207993507385254
rxn:3:55586:1179:142033,0.09207384402935322
rxn:3:42129:179:88237,0.09207102230616979
rxn:3:50151:2089:71470,0.0920602640798015
rxn:3:59882:6418:88237,0.09205469392961071
rxn:3:42129:31952:113646,0.09204339775545843
rxn:3:42129:7759:113646,0.09204266163019034
rxn:3:55915:31045:88237,0.0920373980815594
rxn:3:59882:6427:88237,0.09203320344289144
rxn:3:42129:1067:134963,0.09203206641333443
rxn:3:44002:29621:142033,0.09202914714813232
rxn:3:42129:38974:142033,0.09202644617661186
rxn:3:50151:39087:134963,0.09202611659254346
rxn:3:55915:6427:110719,0.09202344955936555
rxn:3:42129:7399:96332,0.09201712443910796
rxn:3:42129:37853:96332,0.09200835227966309
rxn:3:42129:6427:136811,0.09200465679168701
rxn:3:59882:38485:88237,0.09200313091278076
rxn:3:55915:3268:83471,0.09199643904162992
rxn:3:59882:1964:136811,0.09197804927825928
rxn:3:42129:39527:88237,0.09196599483489991
rxn:3:62819:28569:88237,0.09196049400738307
rxn:3:55586:6425:113646,0.09191951900720596
rxn:3:55915:6441:142033,0.0919128635099956
rxn:3:45558:37853:88237,0.09190800272185227
rxn:3:62819:1964:104708,0.09190315646784646
rxn:3:55915:6439:110719,0.09188389405608177
rxn:3:62819:31814:71470,0.09187924861907959
rxn:3:45558:3268:88237,0.0918664739977929
rxn:3:62819:38642:113646,0.09186567783355713
rxn:3:60054:1371:71470,0.0918365634720901
rxn:3:62819:39372:125245,0.09181920840190007
rxn:3:62819:38974:142033,0.09181858192790639
rxn:3:55586:38411:125245,0.0917970950786884
rxn:3:62819:23158:125245,0.09179463982582092
rxn:3:55915:38974:96332,0.09178070306777954
rxn:3:55915:3254:110719,0.09177791327238083
rxn:3:42129:7759:134963,0.09177589416503906
rxn:3:62819:9307:88237,0.09177463329755343
rxn:3:42129:39336:96332,0.09174620222162318
rxn:3:60054:6428:142033,0.09173489941491021
rxn:3:55915:6418:125245,0.09172500769297282
rxn:3:62819:2489:88237,0.09171053767204285
rxn:3:62819:19567:71470,0.09170871178309123
rxn:3:61523:413:134054,0.09170427245478477
rxn:3:42129:2623:125245,0.09168348709742229
rxn:3:44002:29621:96332,0.09168067148753575
rxn:3:50151:38642:113646,0.09167789618174235
rxn:3:52219:35051:113646,0.09166850197699762
rxn:3:55586:1964:113646,0.09166826407114664
rxn:3:55915:18011:96332,0.09166363254189491
rxn:3:59882:357:71470,0.09165046170905784
rxn:3:60054:22566:125245,0.09164884686470032
rxn:3:55915:2623:120815,0.09164256652196248
rxn:3:42129:39338:136811,0.09162756374904088
rxn:3:42129:35065:110719,0.09159665637546116
rxn:3:52219:39399:125245,0.09159483512242635
rxn:3:60054:6409:71470,0.0915918715538517
rxn:3:55586:38642:88237,0.09157422082177524
rxn:3:45558:8654:88237,0.09156933656105629
rxn:3:62819:7063:125245,0.09155645193877043
rxn:3:62819:31952:71470,0.0915540874004364
rxn:3:55915:1371:137347,0.09154856577515602
rxn:3:44002:3937:113646,0.09153188864390055
rxn:3:55586:28569:88237,0.09152382035409251
rxn:3:42129:2176:125245,0.09152269804919208
rxn:3:50151:3297:125245,0.09151121665691507
rxn:3:55586:39336:96332,0.09149408751520617
rxn:3:42129:2125:125245,0.09148842317086679
rxn:3:62819:7063:88237,0.09148612728825321
rxn:3:62819:19567:113646,0.09146767003195626
rxn:3:60054:3197:71470,0.09146606922149658
rxn:3:42129:37782:96332,0.09146260023117066
rxn:3:52219:8783:113646,0.09145297209421793
rxn:3:55915:6439:136811,0.0914416947672444
rxn:3:42129:39087:113646,0.09144111384044994
rxn:3:62819:23159:125245,0.09143473042382134
rxn:3:42129:8634:113646,0.09143068010990436
rxn:3:55586:6427:88237,0.09143022075295448
rxn:3:62819:490:88237,0.09141399539433993
rxn:3:52219:9202:113646,0.09139347076416016
rxn:3:55915:38642:142033,0.09138934562603633
rxn:3:59882:6422:88237,0.0913881778717041
rxn:3:45558:7759:88237,0.09136779393468585
rxn:3:55915:38372:113646,0.09135530471801757
rxn:3:62819:39336:88237,0.09133881568908692
rxn:3:55915:35051:71470,0.09133595433728449
rxn:3:55915:28569:110719,0.09132806857426962
rxn:3:55915:7452:110719,0.09130068894090324
rxn:3:55915:38979:88237,0.09129078473363604
rxn:3:42129:6422:134963,0.0912790144643476
rxn:3:44002:8706:113646,0.0912606914838155
rxn:3:55915:38843:142033,0.09125856377861717
rxn:3:55915:14995:110719,0.09125677943229675
rxn:3:55915:31952:96332,0.09125057260195414
rxn:3:49499:12067:71470,0.0912388801574707
rxn:3:55915:14425:113646,0.09122735261917114
rxn:3:62819:6439:71470,0.09122476270121913
rxn:3:42129:23195:88237,0.09122158741128855
rxn:3:55915:38166:96332,0.09121015116020485
rxn:3:62819:3054:142033,0.09120115249053291
rxn:3:62819:2176:134963,0.09119757899531612
rxn:3:55915:6428:104708,0.09119557539621989
rxn:3:62819:2625:71470,0.09118723074595134
rxn:3:60054:2625:71470,0.09116775825105865
rxn:3:42129:6441:113646,0.09113958676656088
rxn:3:44002:11684:113646,0.09113698701063792
rxn:3:55915:35065:96332,0.09111600160598755
rxn:3:62819:14995:113646,0.09111202204668964
rxn:3:44002:38166:88237,0.09109531768730708
rxn:3:60054:2877:125245,0.09105565914740929
rxn:3:62819:38166:142033,0.09105089803536733
rxn:3:55915:7082:71470,0.09102989270769317
rxn:3:42129:6439:136811,0.09102412685751915
rxn:3:55915:31814:71470,0.09102358199931958
rxn:3:52219:38943:113646,0.09101854165395101
rxn:3:44002:38865:113646,0.09101306775520587
rxn:3:55915:23195:113646,0.09100269829785382
rxn:3:49499:6428:71470,0.09099042826685412
rxn:3:62819:35051:110719,0.0909903605779012
rxn:3:55915:6419:142033,0.09098918948854719
rxn:3:44002:8783:113646,0.09097931640488761
rxn:3:60054:27843:113646,0.09097176364489964
rxn:3:62819:179:113646,0.09096579139049236
rxn:3:42129:2125:110719,0.09096556901931763
rxn:3:60054:2877:71470,0.09096421135796441
rxn:3:55915:8654:113646,0.09095097624737283
rxn:3:62819:35051:134963,0.09093632780272386
rxn:3:62819:38843:134963,0.09093135118484497
rxn:3:44002:2623:125245,0.0909167681970904
rxn:3:52219:38605:113646,0.09091406265894572
rxn:3:62819:7122:113646,0.09091251867788809
rxn:3:62819:1179:142033,0.09089978881504225
rxn:3:62819:39443:142033,0.09089785814285278
rxn:3:62819:1149:96332,0.09089700106916757
rxn:3:55915:38843:96332,0.09089032649993896
rxn:3:50151:7452:125245,0.09087293036282063
rxn:3:55586:8783:88237,0.09086812734603882
rxn:3:62819:14995:142033,0.09086693937961872
rxn:3:42129:38894:136811,0.09086449803977177
rxn:3:60054:6422:71470,0.09084795672318031
rxn:3:60054:37782:125245,0.09084732002682155
rxn:3:55586:3297:113646,0.0908471575150123
rxn:3:44002:5970:113646,0.09083824791014194
rxn:3:62819:6409:134963,0.09083528444170952
rxn:3:59882:38372:125245,0.09083250275364628
rxn:3:59882:1067:136811,0.09081946100507464
rxn:3:60054:6422:88237,0.09081756642886571
rxn:3:44002:1179:125245,0.09079453017976549
rxn:3:42129:7759:88237,0.09077716756750036
rxn:3:55915:11684:88237,0.09077283092167067
rxn:3:55915:27843:96332,0.09077009847087245
rxn:3:42129:39336:136811,0.09075241618686253
rxn:3:42129:22566:134963,0.09074710977488551
rxn:3:45558:38865:125245,0.09074468612670898
rxn:3:59882:6439:125245,0.09073939246516075
rxn:3:42129:7399:134963,0.09073892749589064
rxn:3:45558:38166:125245,0.09073366011892046
rxn:3:44002:1912:88237,0.09072838889227973
rxn:3:52219:7399:125245,0.090700791728112
rxn:3:60054:37853:110719,0.09068193605967931
rxn:3:59882:38974:113646,0.09067109475533168
rxn:3:55915:1305:96332,0.09066909780869117
rxn:3:52219:38485:113646,0.09065477922558784
rxn:3:55915:18011:142033,0.0906323687783603
rxn:3:42129:3268:125245,0.09063189029693604
rxn:3:55586:7121:142033,0.0906181048463892
rxn:3:44002:31952:113646,0.0906132181485494
rxn:3:55915:39527:88237,0.09059824297825496
rxn:3:55586:38880:125245,0.0905917763710022
rxn:3:42129:22937:110719,0.09058430194854736
rxn:3:42129:6439:125245,0.09057940013947026
rxn:3:55915:1305:88237,0.09056795597076416
rxn:3:55915:357:110719,0.09056440106144657
rxn:3:44002:38943:88237,0.09056091925193524
rxn:3:42129:39087:136811,0.09055858105421066
rxn:3:55915:3268:134564,0.09055830240249634
rxn:3:55915:38372:88237,0.0905581208375784
rxn:3:55915:8706:96332,0.09055520296096801
rxn:3:42129:23158:134963,0.09054891977991376
rxn:3:55915:31166:96332,0.09054885166031974
rxn:3:55586:38605:88237,0.09053534666697184
rxn:3:60054:38764:113646,0.09053411172783893
rxn:3:62819:6414:88237,0.09052394090160247
rxn:3:42129:38943:88237,0.09052362186568123
rxn:3:55915:23815:125245,0.09050563971201579
rxn:3:45558:3197:125245,0.0905007739220896
rxn:3:62819:38411:96332,0.09049878766139348
rxn:3:55586:34501:125245,0.09048967702048165
rxn:3:42129:23159:136811,0.09048562214292329
rxn:3:62819:29621:88237,0.09044299602508545
rxn:3:42129:14995:136811,0.09043088754018148
rxn:3:59882:27843:88237,0.0903674440999185
rxn:3:55915:8706:71470,0.09036571979522705
rxn:3:42129:38880:110719,0.09035889506340027
rxn:3:60054:6425:113646,0.09034335613250732
rxn:3:42129:8706:96332,0.09030308646540489
rxn:3:55915:1912:88237,0.09030267238616943
rxn:3:52219:24882:113646,0.09030181169509888
rxn:3:62819:7759:113646,0.09030131816864014
rxn:3:50151:22937:88237,0.09029294736683369
rxn:3:42129:38324:125245,0.09028049751564309
rxn:3:55915:6418:96332,0.09027604518398162
rxn:3:42129:29621:110719,0.09027472138404846
rxn:3:59882:7063:125245,0.09027211580957685
rxn:3:60054:1067:71470,0.09026492558992825
rxn:3:60054:39006:71470,0.0902636448542277
rxn:3:52219:31220:113646,0.09025751775310885
rxn:3:62819:11684:96332,0.09025552868843079
rxn:3:62819:31045:113646,0.09023805618286133
rxn:3:62819:38843:142033,0.09021930802952159
rxn:3:59882:7122:88237,0.09019057504061995
rxn:3:42129:27843:88237,0.09018942809874012
rxn:3:55915:38974:110719,0.09018494074161236
rxn:3:42129:38605:96332,0.09018267023152318
rxn:3:59882:37853:71470,0.09018239481695767
rxn:3:44002:39443:142033,0.0901796966791153
rxn:3:59882:39399:125245,0.09016951366707131
rxn:3:45558:7121:113646,0.09016920019079137
rxn:3:55586:2643:88237,0.09016537268956502
rxn:3:44002:31045:113646,0.09015666996991192
rxn:3:60054:8783:71470,0.09015527036454943
rxn:3:55915:3268:110719,0.09014828551200128
rxn:3:55586:2125:113646,0.09012980546270098
rxn:3:62819:38951:71470,0.0901272680078234
rxn:3:62819:38894:110719,0.0901203833777329
rxn:3:44002:6424:125245,0.09011581251698156
rxn:3:60054:39372:71470,0.09009995827308068
rxn:3:59882:2623:88237,0.09009212652842204
rxn:3:44002:38485:88237,0.09009210525020477
rxn:3:55915:11759:88237,0.09008604288101196
rxn:3:55915:38166:71470,0.09008333638862327
rxn:3:50151:2125:113646,0.09004685084025064
rxn:3:45558:1154:125245,0.09004233212306581
rxn:3:60054:1371:88237,0.09003098947661263
rxn:3:50151:7121:113646,0.09001862208048503
rxn:3:55915:38485:96332,0.09001555641492208
rxn:3:62819:1964:134818,0.09001047696386065
rxn:3:44002:1371:125245,0.09000987968137188
rxn:3:62819:2623:71470,0.08999772270520529
rxn:3:50151:35065:134963,0.08999322652816773
rxn:3:62819:38324:142033,0.08998239040374756
rxn:3:59882:5970:125245,0.0899787712842226
rxn:3:62819:38894:113646,0.0899759462246528
rxn:3:50151:22566:113646,0.08997393808057232
rxn:3:59882:38166:125245,0.08996792634328206
rxn:3:62819:6425:142033,0.08995287333215986
rxn:3:55586:6419:113646,0.0899434182792902
rxn:3:44002:39006:88237,0.0899424696790761
rxn:3:45558:31166:88237,0.08993088376933131
rxn:3:55915:7122:113646,0.08993051228699861
rxn:3:52219:37729:125245,0.08987758621092766
rxn:3:60054:7452:71470,0.08987662748054222
rxn:3:55915:38324:71470,0.08987661644264504
rxn:3:50151:37729:88237,0.08986286446452141
rxn:3:42129:38979:125245,0.08986223977187584
rxn:3:55915:2125:110719,0.08985317179134913
rxn:3:62819:38879:142033,0.08984815597534179
rxn:3:42129:8783:113646,0.08984701721756547
rxn:3:42129:6427:110719,0.08984422869980335
rxn:3:62819:7654:96332,0.0898347229793154
rxn:3:42129:3197:125245,0.08982925415039063
rxn:3:45558:1067:113646,0.0898072984483507
rxn:3:60054:35065:125245,0.08979949743851372
rxn:3:55586:23158:113646,0.08979810135705131
rxn:3:62819:38324:134963,0.08978318726574933
rxn:3:42129:2625:134963,0.08977431251156714
rxn:3:62819:2877:96332,0.08975939878395625
rxn:3:55915:1149:110719,0.08974729379018148
rxn:3:44002:1912:125245,0.08974145076892993
rxn:3:55586:39443:110719,0.08972255525917842
rxn:3:60054:6425:88237,0.08969905869714145
rxn:3:44002:3054:136811,0.08969728010041374
rxn:3:42129:12104:88237,0.08969291773709384
rxn:3:55915:38843:110719,0.08967602023711571
rxn:3:55915:6425:136811,0.08967601483868014
rxn:3:42129:27843:125245,0.08967283848793275
rxn:3:44002:38372:113646,0.08967032697465685
rxn:3:44002:179:113646,0.08966807595321111
rxn:3:59882:3197:125245,0.08965402642885843
rxn:3:42129:23159:96332,0.08965355568918688
rxn:3:44002:31166:88237,0.08965020755241657
rxn:3:42129:38166:96332,0.08963767119816371
rxn:3:62819:31045:88237,0.08962912284410916
rxn:3:42129:38411:142033,0.08962627432563088
rxn:3:59882:179:125245,0.08961827201502663
rxn:3:59882:39443:113646,0.08961185316244762
rxn:3:50151:22566:88237,0.08960914053022861
rxn:3:60054:6439:113646,0.08960343684468951
rxn:3:59882:3254:125245,0.08958667516708374
rxn:3:55915:1149:134564,0.08957560720114872
rxn:3:50151:39087:113646,0.08956763836053702
rxn:3:60054:6418:88237,0.08956402334673651
rxn:3:44002:3297:88237,0.08956277599701515
rxn:3:62819:31220:113646,0.0895597846419723
rxn:3:55915:39399:110719,0.08955768815108708
rxn:3:62819:6414:71470,0.08955341763794422
rxn:3:55915:38943:96332,0.0895506739616394
rxn:3:17548:42129:113646,0.08953157619193748
rxn:3:42129:1154:113646,0.08951806139062952
rxn:3:42129:7452:96332,0.0895068439944037
rxn:3:55915:6422:110719,0.08950097137881864
rxn:3:60054:7658:125245,0.08949991703033447
rxn:3:62819:1179:113646,0.08949880301952362
rxn:3:62819:1964:130107,0.0894920908171555
rxn:3:55915:7063:88237,0.08947682601434213
rxn:3:55915:37729:110719,0.08946250224935598
rxn:3:59882:31045:125245,0.08945774590527569
rxn:3:42129:23163:88237,0.08945256045886449
rxn:3:55586:7654:113646,0.08944604396820069
rxn:3:59882:1179:113646,0.0894425344467163
rxn:3:45558:23159:113646,0.08943521550723485
rxn:3:62819:6414:96332,0.08943132497370243
rxn:3:62819:38411:136811,0.08942923943201701
rxn:3:52219:39527:113646,0.08939988083309597
rxn:3:55915:6414:96332,0.08938385173678398
rxn:3:45558:38605:113646,0.08938089438847133
rxn:3:60054:5970:71470,0.08937234647812382
rxn:3:55915:2176:134818,0.08936064289166377
rxn:3:52219:38865:113646,0.08935512073578374
rxn:3:42129:38642:96332,0.08934735613209861
rxn:3:55586:38865:125245,0.08934627040739983
rxn:3:42129:34501:88237,0.08933614309017475
rxn:3:62819:8706:134963,0.08933507204055786
rxn:3:60054:6418:136811,0.08930556774139405
rxn:3:55915:38943:71470,0.08929908275604248
rxn:3:52219:38843:113646,0.08927393401110614
rxn:3:45558:3197:88237,0.08925864388865809
rxn:3:62819:35065:96332,0.08925386905670166
rxn:3:42129:3297:134963,0.08925356773229745
rxn:3:55915:8634:88237,0.08925136236044076
rxn:3:45558:37729:125245,0.08925067556315455
rxn:3:24200:49508:71470,0.089234608191031
rxn:3:45558:6427:113646,0.08922501802444457
rxn:3:44002:1305:142033,0.08922200918197631
rxn:3:55915:23163:96332,0.08921643665858678
rxn:3:45558:31952:113646,0.08920889298121135
rxn:3:62819:1149:71470,0.08920736970572636
rxn:3:62819:1912:113646,0.08920713017384212
rxn:3:62819:1154:110719,0.08920445318879752
rxn:3:55915:38974:134963,0.0891953182220459
rxn:3:42129:18028:113646,0.0891839035095707
rxn:3:50151:1179:71470,0.08918346704975251
rxn:3:55586:39399:125245,0.08916321705127585
rxn:3:45558:39336:125245,0.08915360989394011
rxn:3:62819:6425:71470,0.0891440337704074
rxn:3:45558:38894:125245,0.0891353652395051
rxn:3:55915:8654:96332,0.08913282394409179
rxn:3:44002:8783:88237,0.08912846548803921
rxn:3:62819:6418:71470,0.08911936513839229
rxn:3:42129:32185:125245,0.0891023576259613
rxn:3:55915:6419:134963,0.08910043777958039
rxn:3:45558:1912:88237,0.0890939853809498
rxn:3:55915:413:88237,0.08909188818048548
rxn:3:55586:2877:88237,0.08908546169598898
rxn:3:55915:522:125245,0.08907945730068066
rxn:3:62819:1912:125245,0.08907753944396973
rxn:3:55915:38485:125245,0.0890743588579112
rxn:3:50151:22937:113646,0.0890648941839895
rxn:3:62819:35051:136811,0.08906058196363778
rxn:3:62819:38485:134963,0.08905370632807413
rxn:3:55915:6424:71470,0.08904683987299601
rxn:3:62819:38894:71470,0.08902431172983986
rxn:3:62819:29621:125245,0.08900360107421874
rxn:3:44002:6418:125245,0.0890023410320282
rxn:3:55586:37853:142033,0.08899819850921631
rxn:3:55915:11759:113646,0.08899595260620118
rxn:3:42129:6422:125245,0.08899363279342651
rxn:3:44002:23159:88237,0.08898779852636929
rxn:3:42129:22937:134963,0.08895606419135785
rxn:3:42129:3254:125245,0.08894542917128533
rxn:3:60054:6428:96332,0.0889423648516337
rxn:3:55586:23195:113646,0.08894102573394776
rxn:3:45558:37729:113646,0.08893517085484096
rxn:3:62819:7654:110719,0.08891316652297973
rxn:3:62819:29454:125245,0.08891198635101319
rxn:3:42129:12215:110719,0.08889933939903014
rxn:3:62819:12067:125245,0.08888983268004197
rxn:3:55586:6441:113646,0.08888694643974304
rxn:3:17548:42129:110719,0.08888594309488933
rxn:3:55915:31166:113646,0.08887375776584332
rxn:3:42129:3937:142033,0.08885071107319423
rxn:3:52219:1305:88237,0.08884299212488635
rxn:3:62819:8706:113646,0.0888402419430869
rxn:3:60054:24200:71470,0.08883971214294434
rxn:3:55915:31952:142033,0.08883293911262795
rxn:3:42129:31814:85433,0.08882830398423332
rxn:3:45558:3268:113646,0.0888258417447408
rxn:3:62819:38372:88237,0.08882115895931537
rxn:3:44002:38879:113646,0.08881522289344243
rxn:3:42129:18011:113646,0.0888111783612159
rxn:3:55915:7759:125245,0.08880534997353187
rxn:3:60054:3937:71470,0.08880451629901755
rxn:3:52219:2625:113646,0.08880320936441422
rxn:3:50151:2125:88237,0.08879859601297686
rxn:3:42129:21267:113646,0.08879467032172463
rxn:3:55915:37729:113646,0.08878596929403451
rxn:3:55586:1067:142033,0.08878121552643953
rxn:3:59882:7654:125245,0.08874280699368181
rxn:3:55915:37853:71470,0.08873979321547917
rxn:3:55915:35051:134963,0.08871919122235529
rxn:3:42129:12215:136811,0.088714861869812
rxn:3:42129:3254:113646,0.08870292107264201
rxn:3:52219:38764:113646,0.08868666418961116
rxn:3:42129:38372:136811,0.08867729348795754
rxn:3:55915:3197:142033,0.0886550126252351
rxn:3:59882:1067:71470,0.08864529856613704
rxn:3:44002:8654:125245,0.08862916781352116
rxn:3:52219:1154:113646,0.08862378398577372
rxn:3:42129:38324:136811,0.08862288083348956
rxn:3:42129:9307:125245,0.08862160311804877
rxn:3:62819:1964:142033,0.08862058015970084
rxn:3:50803:7063:125245,0.08861400072391216
rxn:3:62819:6425:110719,0.08861149847507477
rxn:3:42129:31045:125245,0.08859733298972801
rxn:3:62819:22566:71470,0.08857575271810804
rxn:3:59882:39372:71470,0.08856431714126042
rxn:3:44002:1305:96332,0.08856043006692614
rxn:3:55586:6418:113646,0.08854965679347515
rxn:3:62819:6424:120274,0.0885486698919727
rxn:3:55915:35058:110719,0.08853089809417725
rxn:3:62819:3937:134963,0.08851628700892131
rxn:3:55586:39336:142033,0.08851220516058114
rxn:3:42129:38485:113646,0.08851030571707363
rxn:3:24200:42129:71470,0.08849278644279197
rxn:3:52219:2125:125245,0.08848536411921183
rxn:3:60054:38943:125245,0.08845884983356182
rxn:3:45558:31814:88237,0.08844864794186183
rxn:3:50151:29621:71470,0.08844051822539299
rxn:3:62819:38605:142033,0.08843079090118408
rxn:3:42129:38880:134963,0.08842264372726967
rxn:3:17548:42129:136811,0.08842028215013702
rxn:3:55915:3937:128145,0.0884198443642978
rxn:3:62819:3937:142033,0.08841636666545162
rxn:3:60054:38979:71470,0.08840660112244743
rxn:3:55915:3268:134963,0.08838021953900656
rxn:3:62819:35058:110719,0.08836077526211739
rxn:3:60054:6441:88237,0.08835775687776763
rxn:3:42129:1154:96332,0.08835172036598468
rxn:3:62819:7122:142033,0.08835088289701022
rxn:3:55915:2643:85433,0.08834111903394971
rxn:3:44002:38605:113646,0.08833046470369611
rxn:3:55915:38166:142033,0.0883293350537618
rxn:3:62819:39399:134963,0.08831693949522795
rxn:3:44002:12215:113646,0.0883002260635639
rxn:3:55915:38880:71470,0.0882938312632697
rxn:3:60054:6419:113646,0.08828069482530866
rxn:3:45558:7122:113646,0.08827248935041757
rxn:3:42129:1179:134963,0.08826107007485849
rxn:3:62819:12215:125245,0.08825651236942836
rxn:3:45558:7399:125245,0.08825603024712925
rxn:3:42129:9202:134963,0.08824994308607918
rxn:3:55915:35051:134818,0.08824029990604945
rxn:3:55915:3254:71470,0.08823831235208819
rxn:3:55586:34501:88237,0.08822419600827354
rxn:3:44002:6425:125245,0.08822071179747581
rxn:3:44002:7399:88237,0.08820231207485857
rxn:3:55915:6409:142033,0.08818606878149099
rxn:3:42129:3054:110719,0.08818453763212476
rxn:3:55915:6425:116611,0.08816673486463485
rxn:3:55915:1149:120274,0.08816338380177816
rxn:3:55915:22937:136811,0.08814319116728646
rxn:3:62819:3268:142033,0.08813970618777806
rxn:3:52219:14995:113646,0.08812877247410436
rxn:3:62819:35051:142033,0.0881283558332003
rxn:3:55915:1371:134963,0.08809671004613241
rxn:3:59882:6419:88237,0.08808533222444596
rxn:3:62819:3197:71470,0.0880778988202413
rxn:3:42129:8706:110719,0.08806888572871685
rxn:3:24200:44520:136811,0.0880667258953226
rxn:3:42129:39443:110719,0.08804989302599872
rxn:3:55915:7082:136811,0.08804292514406402
rxn:3:62819:24200:85433,0.08802940066044147
rxn:3:55586:8654:88237,0.08802653242040563
rxn:3:55586:37769:88237,0.08802501360575359
rxn:3:44002:39399:113646,0.08800878789689806
rxn:3:62819:7063:134963,0.08799847534724645
rxn:3:52219:31045:88237,0.08799668153127034
rxn:3:55915:37769:96332,0.08798702274050031
rxn:3:55915:24200:125245,0.08797818183898926
rxn:3:55915:7759:113646,0.08797745943069459
rxn:3:59882:6422:125245,0.08795568545659384
rxn:3:55915:37729:88237,0.08794847461912367
rxn:3:60054:35058:88237,0.08794531739991286
rxn:3:60054:7452:125245,0.08794531455406776
rxn:3:44002:3937:88237,0.08793683013608379
rxn:3:62819:31814:113646,0.08792203903198242
rxn:3:59882:32185:125245,0.08789806167284647
rxn:3:45558:7452:113646,0.0878854649407523
rxn:3:44002:38372:125245,0.08787912130355835
rxn:3:44002:6425:113646,0.0878722321602606
rxn:3:62819:5970:142033,0.08786947562776763
rxn:3:50151:39399:88237,0.08786880585455126
rxn:3:55586:7082:113646,0.0878588358561198
rxn:3:42129:2125:96332,0.08785788076264518
rxn:3:62819:6409:88237,0.0878573425354496
rxn:3:60054:15511:113646,0.08784396483980376
rxn:3:42129:38485:96332,0.08783376409161475
rxn:3:62819:1964:128145,0.08780321904591151
rxn:3:62819:1964:74279,0.0878002355838644
rxn:3:59882:37769:113646,0.08778494154965436
rxn:3:44002:3054:96332,0.08776662179401942
rxn:3:55915:31952:110719,0.08776128676629835
rxn:3:55915:39443:125245,0.08775666852792104
rxn:3:42129:38764:110719,0.0877557247877121
rxn:3:62819:179:134963,0.08774081298283168
rxn:3:55915:31814:93498,0.08774001510054977
rxn:3:42129:38764:96332,0.08773983628661544
rxn:3:45558:38411:113646,0.08771268526713054
rxn:3:55586:14995:88237,0.08770893850634175
rxn:3:55915:39338:110719,0.08770184431757246
rxn:3:44002:14995:125245,0.08769274950027466
rxn:3:55915:8783:142033,0.08768091678619384
rxn:3:55915:18028:71470,0.08768057078123093
rxn:3:55915:35051:142033,0.08767363429069519
rxn:3:55915:39527:96332,0.08764037847518921
rxn:3:55915:6414:142033,0.08763865766854122
rxn:3:55915:34491:88237,0.087635839426959
rxn:3:42129:8783:136811,0.08763236218485339
rxn:3:45558:38880:88237,0.0876286872502031
rxn:3:60054:2623:113646,0.08761183420817058
rxn:3:45558:37853:71470,0.08759907086690268
rxn:3:62819:31952:110719,0.08759432646536058
rxn:3:62819:39006:125245,0.08759096595976087
rxn:3:52219:31220:88237,0.08757507801055908
rxn:3:44002:2625:88237,0.08757495495580858
rxn:3:55915:37729:134963,0.08755986392498016
rxn:3:42129:2625:125245,0.08755886753400167
rxn:3:42688:39443:88237,0.08755715764485873
rxn:3:42129:2489:134963,0.08755531907081604
rxn:3:55915:23163:125245,0.08754766870428014
rxn:3:59882:2089:88237,0.08754296715442951
rxn:3:55915:5970:71470,0.08752601779997349
rxn:3:55915:1067:110719,0.08752293884754181
rxn:3:24200:44520:88237,0.08751337017331805
rxn:3:55586:6427:125245,0.08748980984091759
rxn:3:42129:24882:96332,0.08748526043362087
rxn:3:59882:1067:142033,0.08746516704559326
rxn:3:44002:9202:125245,0.08746355133397239
rxn:3:55915:6418:110719,0.08745456486940384
rxn:3:44002:6439:125245,0.0874449647963047
rxn:3:62819:7122:88237,0.0874357351234981
rxn:3:42129:7063:113646,0.0874354397809064
rxn:3:45558:7759:113646,0.08742025163438585
rxn:3:45558:11684:88237,0.08741580963134765
rxn:3:45558:35065:113646,0.08741527557373047
rxn:3:55915:9202:96332,0.08739146479853878
rxn:3:59882:35058:88237,0.08738865198627595
rxn:3:42129:37853:110719,0.08738672335942586
rxn:3:52219:37729:113646,0.08738000591595968
rxn:3:55586:28569:125245,0.08736896899438673
rxn:3:52219:38642:125245,0.08736189603805541
rxn:3:62819:38843:71470,0.08735783576965332
rxn:3:42129:8706:136811,0.08735060884106544
rxn:3:55915:38880:110719,0.0873481322979105
rxn:3:45558:34501:113646,0.08732514198009785
rxn:3:59882:38764:125245,0.08730431703420785
rxn:3:55915:37782:88237,0.08730131813458034
rxn:3:62819:6425:136811,0.08727818150674144
rxn:3:55915:9202:110719,0.08727574135575976
rxn:3:60054:9202:125245,0.08727519035339355
rxn:3:42129:1149:113646,0.08725975240979876
rxn:3:62819:31592:71470,0.08723055494242701
rxn:3:42129:28569:125245,0.08722344760237069
rxn:3:52219:179:113646,0.08721623818079631
rxn:3:50151:39399:113646,0.08720919688542685
rxn:3:55915:29621:88237,0.08720638990402221
rxn:3:62819:27843:71470,0.0871681474870251
rxn:3:62819:6439:142033,0.08716159633227757
rxn:3:42129:7452:88237,0.08716054260730743
rxn:3:55915:38764:96332,0.08714728630506076
rxn:3:60054:37853:136811,0.08712338518213343
rxn:3:62819:12215:134963,0.08710562771764295
rxn:3:42129:39338:113646,0.0871045497747568
rxn:3:55915:5970:142033,0.08710078946475325
rxn:3:62819:413:125245,0.08709585225140606
rxn:3:45558:38485:88237,0.08709457805079798
rxn:3:55915:8706:142033,0.08709261593995271
rxn:3:60054:6441:71470,0.08708770672480265
rxn:3:55915:38411:134963,0.08708197871843974
rxn:3:62819:38372:142033,0.08707943807045619
rxn:3:44002:38642:113646,0.08707473675409953
rxn:3:55915:1964:124208,0.08707015117009481
rxn:3:55915:6441:134963,0.08706199161468013
rxn:3:62819:39372:71470,0.08705046441819933
rxn:3:62819:1912:134963,0.08703355147288395
rxn:3:42129:32185:142033,0.08701918380601066
rxn:3:55586:29621:71470,0.08698393764166996
rxn:3:60054:2089:71470,0.08698381423950195
rxn:3:62819:35065:71470,0.08697824954986572
rxn:3:55915:35058:136811,0.08696441496572187
rxn:3:55915:29621:110719,0.08695479234059651
rxn:3:62819:31045:134963,0.08690872457292345
rxn:3:60054:37769:71470,0.08690795412770023
rxn:3:42129:11684:113646,0.08689063010008438
rxn:3:60054:3197:125245,0.08688041142054967
rxn:3:42129:31220:110719,0.08688002632510278
rxn:3:42129:23159:110719,0.08687488635381063
rxn:3:55915:2176:142033,0.08685749769210815
rxn:3:42129:7399:110719,0.0868566393852234
rxn:3:60054:6418:134963,0.08683611154556274
rxn:3:50151:2877:88237,0.08682850562036037
rxn:3:55915:9202:142033,0.08682315051555634
rxn:3:44053:38880:125245,0.0868063158002393
rxn:3:44002:1371:113646,0.08679960171381633
rxn:3:45558:1179:110719,0.08679360767890668
rxn:3:55915:37814:113646,0.08676191018177913
rxn:3:55586:22566:88237,0.08672701120376587
rxn:3:59882:1067:134963,0.08671795044626508
rxn:3:49499:39372:71470,0.08670696496963501
rxn:3:50151:39443:110719,0.08669712082032234
rxn:3:62819:38894:142033,0.08668906688690185
rxn:3:55915:31166:88237,0.08668636834179913
rxn:3:59882:3297:125245,0.08668272495269776
rxn:3:55915:1964:104708,0.08667633363178798
rxn:3:42129:3937:134963,0.0866726867614254
rxn:3:55915:1149:142033,0.08666755144412701
rxn:3:45558:38843:88237,0.0866481363773346
rxn:3:42129:31814:131989,0.08662908241666596
rxn:3:44002:1154:113646,0.08657542509692055
rxn:3:42129:23815:113646,0.08656220965915257
rxn:3:55915:490:88237,0.08654675575403067
rxn:3:45558:31220:88237,0.08653672138849894
rxn:3:44002:8706:88237,0.0865348962045485
rxn:3:62819:6419:110719,0.08651983924210072
rxn:3:62819:8634:134963,0.08651620811886257
rxn:3:42129:2643:136811,0.08650351803878258
rxn:3:62819:22937:110719,0.08649943409294918
rxn:3:55586:22937:88237,0.08647849957148233
rxn:3:62819:38411:134963,0.08647036800781886
rxn:3:44002:39527:88237,0.086464340870197
rxn:3:60054:14320:71470,0.0864583638406569
rxn:3:44002:39338:88237,0.08644819472517286
rxn:3:60054:2623:88237,0.08644598722457886
rxn:3:62819:39338:113646,0.08644249439239501
rxn:3:42129:38372:125245,0.08644222771679913
rxn:3:44002:35058:113646,0.08642224727138396
rxn:3:44002:23159:125245,0.08642032845266934
rxn:3:44002:1067:125245,0.08641772397926875
rxn:3:44002:14995:113646,0.08641502774994948
rxn:3:44002:31220:96332,0.08639132976531982
rxn:3:55915:39006:125245,0.08638119256054913
rxn:3:42129:1067:110719,0.08635995716884218
rxn:3:52219:39443:125245,0.08635735086032323
rxn:3:55915:22937:142033,0.08635735034942627
rxn:3:62819:7759:125245,0.08634098218037532
rxn:3:55915:37729:142033,0.08633252620697021
rxn:3:42129:7654:136811,0.08631941477457682
rxn:3:62819:39087:136811,0.0863192573837612
rxn:3:44002:22566:88237,0.08630850808373813
rxn:3:45558:37782:113646,0.08630779693866598
rxn:3:59882:1305:113646,0.0862997055053711
rxn:3:42129:3297:96332,0.0862887639265794
rxn:3:42129:32185:96332,0.08627568906353365
rxn:3:50151:2643:125245,0.0862689483910799
rxn:3:55915:35058:71470,0.08626092249347318
rxn:3:55915:6422:71470,0.08625857631365458
rxn:3:42129:39399:136811,0.08625802823475429
rxn:3:62819:38272:113646,0.08624839782714844
rxn:3:52219:35065:113646,0.08623878161112468
rxn:3:42129:490:113646,0.0862208421413715
rxn:3:55915:38880:134963,0.08620343463761466
rxn:3:50151:37769:125245,0.08620022609829903
rxn:3:62819:35058:136811,0.08619069284008395
rxn:3:62819:2934:113646,0.08617996286462855
rxn:3:59882:6419:113646,0.0861690322558085
rxn:3:55915:2623:134963,0.08615668813387553
rxn:3:55915:3268:85433,0.08615554968516032
rxn:3:55586:3254:113646,0.08614762872457504
rxn:3:42129:37769:113646,0.08613012455127857
rxn:3:42129:37729:110719,0.08612961371739705
rxn:3:62819:1964:80866,0.08612175645499394
rxn:3:42129:39338:125245,0.08612114853329128
rxn:3:60054:6418:113646,0.08611756563186646
rxn:3:55915:2176:110719,0.08610774576663971
rxn:3:62819:2176:71470,0.08607644504970974
rxn:3:62819:6414:142033,0.08607011827929266
rxn:3:55915:38485:136811,0.0860692818959554
rxn:3:62819:7082:142033,0.0860646000275245
rxn:3:55586:39527:134963,0.08605832287243434
rxn:3:50151:2643:88237,0.08604039810597897
rxn:3:60054:6418:96332,0.08602469364802043
rxn:3:55586:1371:88237,0.0860169492661953
rxn:3:55915:39338:124208,0.08600232430866786
rxn:3:44002:1305:136811,0.0859963766166142
rxn:3:52219:1305:113646,0.08598272289548602
rxn:3:62819:1964:85433,0.08597462341703217
rxn:3:62819:39087:110719,0.08596437672773997
rxn:3:44002:1154:88237,0.08596021553565716
rxn:3:42129:38843:96332,0.08592813290082492
rxn:3:24200:44520:125245,0.0859265114579882
rxn:3:55915:6409:96332,0.08591484278440475
rxn:3:62819:37769:96332,0.08590158820152283
rxn:3:45558:9202:113646,0.08589858478969997
rxn:3:45558:27843:88237,0.08588681183755398
rxn:3:42129:7654:110719,0.08588273679056475
rxn:3:60054:3197:88237,0.08583158680370875
rxn:3:55915:490:113646,0.08582814931869506
rxn:3:42129:39527:134963,0.0858181485762963
rxn:3:52219:38372:113646,0.0858109737264699
rxn:3:42129:6441:88237,0.08580689660964473
rxn:3:45558:1067:88237,0.085774907044002
rxn:3:52219:39087:125245,0.08571944328454825
rxn:3:60054:1371:113646,0.08571284788626211
rxn:3:55586:7399:134963,0.08569291906972085
rxn:3:62819:14995:88237,0.08568827595029559
rxn:3:45558:31045:113646,0.0856832221702293
rxn:3:59882:1305:125245,0.0856811862725478
rxn:3:62819:6428:96332,0.08566804278281427
rxn:3:59882:21267:125245,0.08566660984702733
rxn:3:55915:2623:124208,0.08566415694452101
rxn:3:45558:37729:88237,0.08564336957602665
rxn:3:42129:39087:110719,0.0856325650215149
rxn:3:52219:2489:113646,0.08561100219858103
rxn:3:60054:6428:88237,0.08560592552711224
rxn:3:55915:37729:96332,0.08560065286500114
rxn:3:42129:11684:96332,0.0855993390083313
rxn:3:42129:3937:110719,0.0855850875377655
rxn:3:42129:38642:110719,0.08558314422081256
rxn:3:42129:38166:125245,0.08558045934747767
rxn:3:44002:3197:125245,0.08557629969812208
rxn:3:61928:31166:88087,0.08557296544313431
rxn:3:52219:34501:88237,0.08557278945528228
rxn:3:42129:38974:110719,0.08556260444499829
rxn:3:62819:29454:71470,0.08555569187287361
rxn:3:44002:39338:113646,0.08554245365990533
rxn:3:55915:179:96332,0.08554143352167946
rxn:3:50151:22566:125245,0.08553461730480194
rxn:3:52219:39443:88237,0.08552707518850054
rxn:3:62819:2643:71470,0.08552624498094831
rxn:3:55915:2489:88237,0.08551406401854295
rxn:3:60054:7658:88237,0.08547389030456543
rxn:3:60054:12067:104708,0.08547326326370239
rxn:3:55586:7399:136811,0.08546785769924041
rxn:3:42129:8783:134963,0.08545904529505763
rxn:3:42129:22566:96332,0.08544345354211741
rxn:3:60054:15511:71470,0.08542245626449585
rxn:3:55586:1912:71470,0.08541243240751069
rxn:3:42129:31952:110719,0.08538664504885674
rxn:3:24200:49508:110719,0.08537058319364275
rxn:3:42129:3268:136811,0.08536314579748339
rxn:3:55915:3197:93498,0.08534677823384602
rxn:3:45558:38324:88237,0.08534341624804906
rxn:3:55915:7759:71470,0.08530720516487404
rxn:3:45558:31952:125245,0.08529519650243944
rxn:3:44002:3197:88237,0.08528286218643188
rxn:3:62819:179:125245,0.08528218004438612
rxn:3:60054:29621:71470,0.08528080224990844
rxn:3:62819:23824:71470,0.08527577349117824
rxn:3:42129:31166:110719,0.08524672587712606
rxn:3:52219:2643:113646,0.08524269262949626
rxn:3:55915:7082:110719,0.08523976008097331
rxn:3:62819:31166:134963,0.08523800330502647
rxn:3:42688:23824:85433,0.08522852659225463
rxn:3:55915:38411:120815,0.08521903554598491
rxn:3:42129:31814:100232,0.08521018151579232
rxn:3:60054:12067:88237,0.08519652843475342
rxn:3:62819:31166:125245,0.08517833992286965
rxn:3:42129:39443:96332,0.08516962711627667
rxn:3:59882:38642:125245,0.08516652054256862
rxn:3:45558:23158:88237,0.0851643979549408
rxn:3:42129:8783:110719,0.08514774243036906
rxn:3:62819:7121:113646,0.0851466965675354
rxn:3:42129:6424:96332,0.08513912462419079
rxn:3:62819:1067:71470,0.08513237811900952
rxn:3:55915:14995:96332,0.08513049421639278
rxn:3:44002:12215:88237,0.08512630462646484
rxn:3:55915:34501:110719,0.0851132074991862
rxn:3:42129:38943:113646,0.08509226198549624
rxn:3:44002:23195:88237,0.08508263429005941
rxn:3:45558:1912:125245,0.08507282645614059
rxn:3:50151:7399:113646,0.0850560357493739
rxn:3:52219:2877:125245,0.08505274403479791
rxn:3:62819:2877:142033,0.08505142211914063
rxn:3:62819:35065:134963,0.08502588748931884
rxn:3:42129:179:136811,0.08500444066935572
rxn:3:55915:39527:125245,0.08499242862065633
rxn:3:44002:1371:88237,0.08498815182716615
rxn:3:55915:6424:96332,0.08497650225957235
rxn:3:42129:38605:125245,0.08494460369859423
rxn:3:52219:38642:113646,0.0849432164225085
rxn:3:55586:24882:71470,0.08493914686400315
rxn:3:44002:18028:113646,0.08492423221468925
rxn:3:42129:38865:110719,0.08490387085945375
rxn:3:52219:7082:88237,0.0848868116736412
rxn:3:45558:7399:113646,0.08488422206469945
rxn:3:44002:38843:134963,0.08487483086409392
rxn:3:55915:522:113646,0.08486599647081815
rxn:3:55915:39443:96332,0.08485589027404786
rxn:3:42129:38411:96332,0.084834885597229
rxn:3:42129:38865:134963,0.08483110467592875
rxn:3:55915:1154:96332,0.08482967529978071
rxn:3:55915:1964:127225,0.08482624164649419
rxn:3:55915:179:88237,0.08482182467425312
rxn:3:55915:23159:96332,0.08481219410896301
rxn:3:60054:35058:113646,0.08480126091412135
rxn:3:45558:31220:113646,0.08480016527504756
rxn:3:62819:39399:71470,0.08479189431225811
rxn:3:62819:23815:125245,0.08478552323800546
rxn:3:45558:18011:113646,0.08477248810231686
rxn:3:55915:29454:88237,0.08476822376251221
rxn:3:62819:27843:96332,0.08476443059982793
rxn:3:42129:37769:125245,0.08475597202777863
rxn:3:42129:2643:134963,0.08475160804288141
rxn:3:42129:2623:110719,0.08474699035286903
rxn:3:62819:22937:96332,0.08472127999578204
rxn:3:42129:12215:134963,0.08471510807673137
rxn:3:55915:38411:113646,0.08471365950324318
rxn:3:55915:31592:88237,0.08470897802284785
rxn:3:42688:29621:88237,0.08467729886372884
rxn:3:45558:179:88237,0.08467496469103057
rxn:3:45558:6441:88237,0.08467117883265018
rxn:3:55915:14045:125245,0.08467107415199279
rxn:3:42129:35051:96332,0.08467039068539937
rxn:3:42129:3297:142033,0.08466460393822711
rxn:3:45558:39527:125245,0.08465356093186599
rxn:3:42129:6425:125245,0.08463864941750804
rxn:3:50151:31166:125245,0.08463596180081367
rxn:3:60054:38166:125245,0.08461234092712402
rxn:3:62819:38843:96332,0.08459261417388916
rxn:3:42129:34501:110719,0.08459218485014779
rxn:3:55915:8783:71470,0.08458798059395381
rxn:3:52219:39338:113646,0.08458451155958505
rxn:3:44002:7654:113646,0.0845679496896678
rxn:3:42129:18028:88237,0.084566880017519
rxn:3:55915:6419:110719,0.08456297777593136
rxn:3:45558:1371:88237,0.08455325326611919
rxn:3:44002:3054:110719,0.08452713489532471
rxn:3:44002:37769:113646,0.08452334148543221
rxn:3:42688:38324:85433,0.08451685823243239
rxn:3:44002:23158:125245,0.08450450216020856
rxn:3:45558:1179:136811,0.08449943363666534
rxn:3:44002:12215:125245,0.08448722163836161
rxn:3:44002:6441:125245,0.08447743207216263
rxn:3:42129:39372:96332,0.0844549834728241
rxn:3:60054:6428:113646,0.08444754353591374
rxn:3:44053:2623:113646,0.08443242311477661
rxn:3:62819:38879:71470,0.08442380385739463
rxn:3:45558:7063:88237,0.08441169097505767
rxn:3:55915:24200:88237,0.08437694072723388
rxn:3:55915:38485:110719,0.08436652537315123
rxn:3:60054:6355:71470,0.08435834999437686
rxn:3:60054:2625:88237,0.08433656820229121
rxn:3:24200:44520:130107,0.08431933871630964
rxn:3:52219:37853:142033,0.08430494933292784
rxn:3:42129:6424:110719,0.08430339582264423
rxn:3:45558:7399:88237,0.08429191235838265
rxn:3:42129:24882:136811,0.0842849369402285
rxn:3:44002:18011:113646,0.08426527678966522
rxn:3:62819:8654:134963,0.08425013303756713
rxn:3:42129:2643:125245,0.08424013427325658
rxn:3:59882:38411:88237,0.08423354228337605
rxn:3:42129:2089:110719,0.08422300006662096
rxn:3:55915:357:104708,0.08421989917755127
rxn:3:55915:2934:88237,0.08420938040528979
rxn:3:62819:8634:88237,0.08420827755561242
rxn:3:42688:357:85433,0.08420143382889884
rxn:3:62819:2877:71470,0.08419998628752572
rxn:3:62819:2489:113646,0.08419854164123536
rxn:3:42129:23163:96332,0.08417780234895904
rxn:3:44002:22566:113646,0.08416150084563664
rxn:3:52219:39399:113646,0.08413937174040696
rxn:3:45558:2643:88237,0.08408590842937601
rxn:3:60054:1179:71470,0.0840777349472046
rxn:3:55586:12104:134963,0.08407433032989502
rxn:3:62819:6409:142033,0.08406554830485377
rxn:3:60054:35065:88237,0.08402630557184634
rxn:3:55915:38880:142033,0.08400498867034913
rxn:3:42129:38979:96332,0.08400390545527141
rxn:3:60054:18809:71470,0.08399776960241384
rxn:3:62819:27843:136811,0.08399068540142428
rxn:3:45558:38974:113646,0.08397788763046264
rxn:3:55915:5970:134963,0.08396808058023453
rxn:3:60054:1154:71470,0.0839629261581986
rxn:3:62819:37769:136811,0.08395020663738251
rxn:3:62819:7063:113646,0.0839321888410128
rxn:3:62819:22566:142033,0.08392513751983642
rxn:3:62819:23159:113646,0.08390950010373043
rxn:3:55586:7122:142033,0.08390072707472176
rxn:3:42129:8654:96332,0.0838904999769651
rxn:3:55915:2625:134963,0.08388627568880717
rxn:3:62819:1964:128859,0.08388019800186157
rxn:3:62819:2643:142033,0.08387107849121093
rxn:3:44002:39336:125245,0.08387068907419841
rxn:3:62819:12104:96332,0.0838666558265686
rxn:3:62819:7759:134963,0.08385463997169777
rxn:3:55915:38485:71470,0.08384689291318258
rxn:3:42129:39338:96332,0.08383136561938695
rxn:3:42129:1305:96332,0.08382142031634296
rxn:3:50151:31166:113646,0.08380939306751374
rxn:3:42129:7063:90711,0.08380264242490133
rxn:3:44002:6439:88237,0.08379138261079788
rxn:3:55915:1371:77927,0.08378835581243038
rxn:3:55915:2125:113646,0.0837801718711853
rxn:3:45558:39443:113646,0.08376822471618653
rxn:3:55915:2623:104708,0.08376450785275164
rxn:3:55915:39338:131989,0.08375730684825353
rxn:3:62819:38979:71470,0.08374661001665838
rxn:3:45558:22566:113646,0.0837419160774776
rxn:3:42129:38865:113646,0.08372424117156438
rxn:3:55586:12104:113646,0.08372284536776335
rxn:3:52219:1154:125245,0.08369596927396712
rxn:3:59882:18011:125245,0.083689508959651
rxn:3:42129:2125:113646,0.0836674846135653
rxn:3:62819:39399:142033,0.08364563683668773
rxn:3:42129:1149:125245,0.08364210252104134
rxn:3:62819:179:88237,0.08360397374188458
rxn:3:55915:19567:88237,0.08357767812136946
rxn:3:45558:38764:110719,0.08353891865960483
rxn:3:42129:7759:71470,0.08350274818284172
rxn:3:45558:22566:125245,0.08349611430332579
rxn:3:55915:38411:110719,0.08348726272583008
rxn:3:42129:38166:134963,0.0834744679076331
rxn:3:42129:6439:134963,0.08344316855072975
rxn:3:55915:24200:113646,0.08342485129833221
rxn:3:42129:21267:125245,0.08342329833818518
rxn:3:42129:14995:96332,0.08342301448186239
rxn:3:42129:2623:134963,0.08342173022608604
rxn:3:55586:6439:113646,0.08341765031218529
rxn:3:55915:38485:142033,0.08340624526694969
rxn:3:55915:32185:110719,0.08338928991748441
rxn:3:62819:12215:88237,0.08338354740824018
rxn:3:55915:1067:71470,0.08338250937285246
rxn:3:44002:38411:88237,0.08337898969650269
rxn:3:42129:7654:96332,0.08336546818415323
rxn:3:60054:1964:131989,0.08336415784112339
rxn:3:55915:39372:71470,0.08335569611302128
rxn:3:55915:1371:104708,0.08335252054806414
rxn:3:55586:11684:113646,0.08334090232849121
rxn:3:45558:35051:88237,0.08333526055018108
rxn:3:45558:22937:88237,0.08331525531308405
rxn:3:42129:23158:88237,0.08329835644474735
rxn:3:62819:24882:142033,0.08329605019610861
rxn:3:55915:11684:113646,0.08328399062156677
rxn:3:62819:6419:71470,0.0832796827439339
rxn:3:60054:2625:113646,0.08327788997579504
rxn:3:55915:38642:110719,0.08327206330639976
rxn:3:59882:6424:142033,0.08323612809181213
rxn:3:52219:34501:113646,0.08321979641914368
rxn:3:55915:3937:81857,0.08319800130782588
rxn:3:44002:7082:88237,0.0831978718439738
rxn:3:60054:6439:134963,0.08319518168767294
rxn:3:42129:37769:88237,0.08319473692349025
rxn:3:55586:39087:88237,0.0831929874420166
rxn:3:49507:1964:86621,0.0831803534970139
rxn:3:55915:2176:128145,0.0831699142089257
rxn:3:55915:38372:96332,0.08316712909274632
rxn:3:55915:6427:71470,0.08315782944361369
rxn:3:45558:8634:125245,0.08313900658062526
rxn:3:44002:38865:88237,0.08313380678494771
rxn:3:59882:8654:125245,0.0831215000152588
rxn:3:62819:9202:142033,0.08309720456600189
rxn:3:42129:12215:96332,0.08309664130210877
rxn:3:55915:6409:134963,0.08307148143649101
rxn:3:42129:7122:110719,0.08307037430424843
rxn:3:55915:35065:110719,0.08304327726364136
rxn:3:42129:38865:136811,0.08303729097048441
rxn:3:59882:31045:88237,0.08302969181979145
rxn:3:60054:1067:113646,0.08302327493826549
rxn:3:62819:31592:113646,0.08302076657613118
rxn:3:55915:2643:71470,0.08301398583820888
rxn:3:60054:38894:71470,0.08301291200849745
rxn:3:60054:39372:88237,0.08299907445907592
rxn:3:42129:8654:125245,0.08296865463256836
rxn:3:44002:29621:110719,0.08295178618924372
rxn:3:42129:6419:96332,0.08294660598039627
rxn:3:42688:38843:113646,0.08293501853942871
rxn:3:42129:12104:110719,0.08292905489603679
rxn:3:55915:38272:113646,0.08289916427047164
rxn:3:55915:6439:71470,0.08289091240975165
rxn:3:60054:31814:96332,0.08288044195908767
rxn:3:60054:31166:71470,0.08286830672511349
rxn:3:55915:1179:88237,0.08285987615585327
rxn:3:55915:1964:77927,0.08284972367748138
rxn:3:60054:18028:125245,0.08284708857536316
rxn:3:50151:8634:88237,0.08284322677120086
rxn:3:42129:18011:88237,0.08282822370529175
rxn:3:59882:11684:125245,0.08282788594563802
rxn:3:24200:44520:110719,0.08281575441360474
rxn:3:45558:8634:113646,0.08274258507622613
rxn:3:55586:23158:142033,0.08272706800036961
rxn:3:62819:31592:88237,0.08271740589823041
rxn:3:44002:37782:125245,0.0827132781346639
rxn:3:42129:32185:110719,0.0827040933072567
rxn:3:55586:2489:113646,0.0827010806117739
rxn:3:42129:34501:136811,0.08268354115662752
rxn:3:60054:1305:88237,0.08268142243226369
rxn:3:55915:1371:80866,0.08267622391382853
rxn:3:42129:5439:125245,0.0826637653204111
rxn:3:42129:7654:134963,0.08264701366424561
rxn:3:52219:1067:113646,0.08262704775251191
rxn:3:44002:35051:125245,0.08262480894724528
rxn:3:45558:21267:88237,0.08261788388093312
rxn:3:45558:23158:113646,0.08261339752762406
rxn:3:60054:38843:88237,0.0826084561969923
rxn:3:45558:22937:125245,0.08259601839657488
rxn:3:45558:1371:125245,0.0825910452873476
rxn:3:55915:38943:142033,0.08258687734603881
rxn:3:59882:34501:88237,0.0825715042077578
rxn:3:55915:39443:110719,0.08256987424997184
rxn:3:60054:1174:71470,0.08256671757533632
rxn:3:62819:3254:142033,0.08256292343139648
rxn:3:55915:2176:88237,0.08252558341393104
rxn:3:55915:18809:71470,0.08251473704973857
rxn:3:55915:522:110719,0.0825037195764739
rxn:3:62819:22937:120274,0.08246672564539416
rxn:3:42129:6441:134963,0.08243465609848499
rxn:3:55586:8634:113646,0.08242905139923096
rxn:3:60054:38879:71470,0.08242171340518528
rxn:3:42129:23163:134963,0.08238730348389724
rxn:3:42129:5970:113646,0.08234578371047974
rxn:3:55915:1964:120815,0.08234292885352826
rxn:3:60054:3254:71470,0.08232465982437134
rxn:3:60054:6439:96332,0.08231736818949381
rxn:3:50151:8634:113646,0.08230034907658895
rxn:3:55915:6419:71470,0.08229679061520484
rxn:3:44053:38951:113646,0.08228844404220581
rxn:3:42129:35065:96332,0.08226706660710849
rxn:3:44002:24882:125245,0.0822598625112463
rxn:3:42129:21267:136811,0.08225879321495692
rxn:3:45558:38642:88237,0.08225601485797338
rxn:3:52219:38411:88237,0.08223637386604592
rxn:3:55915:5439:71470,0.08222271845890926
rxn:3:42688:5439:85433,0.08218833378383092
rxn:3:60054:38843:125245,0.08218017350072446
rxn:3:62819:6414:134963,0.08217331022024155
rxn:3:62819:23163:125245,0.08217151076705367
rxn:3:55586:2089:71470,0.08216030227726903
rxn:3:45558:39087:113646,0.08215320628622304
rxn:3:42129:7082:136811,0.08214251597722372
rxn:3:60054:38865:125245,0.08213342119146276
rxn:3:55915:35051:136811,0.08212867687488425
rxn:3:55915:1964:116611,0.08212466692102366
rxn:3:42129:7082:113646,0.08212100608008248
rxn:3:44002:2089:136811,0.08211768524987358
rxn:3:52219:31166:113646,0.08209591309229533
rxn:3:55915:3254:142033,0.08209286843027387
rxn:3:55915:2176:127225,0.08209188855611362
rxn:3:62819:38372:71470,0.08208857421521787
rxn:3:62819:31045:142033,0.08208104719718297
rxn:3:42129:2877:134963,0.0820628363510658
rxn:3:55915:7082:142033,0.08204909471365121
rxn:3:62819:1964:131989,0.08204895257949829
rxn:3:45558:1305:125245,0.0820463498433431
rxn:3:55915:38943:110719,0.08201474567939496
rxn:3:52219:38974:113646,0.08200396652574893
rxn:3:55586:11684:88237,0.08198480422680195
rxn:3:55915:2623:83471,0.081976754050101
rxn:3:45558:2489:113646,0.08196370248441343
rxn:3:60054:38974:71470,0.08196179568767548
rxn:3:55586:38605:142033,0.08196065255573817
rxn:3:42129:8654:110719,0.0819431013531155
rxn:3:60054:38880:71470,0.08194081209324024
rxn:3:44002:31952:88237,0.08190402676982264
rxn:3:55915:7063:113646,0.08189968420909001
rxn:3:45558:7063:125245,0.08189400105640807
rxn:3:55586:39336:134963,0.0818880611452563
rxn:3:42129:38843:134963,0.08187700693423931
rxn:3:62819:6424:83471,0.0818076902820218
rxn:3:44002:3297:113646,0.0818029761314392
rxn:3:55915:32675:113646,0.08179051961217608
rxn:3:49507:6155:94785,0.08179018352970932
rxn:3:42129:34501:113646,0.08176398992538453
rxn:3:44002:29621:137347,0.08173595269521078
rxn:3:44002:22566:125245,0.08172703611439672
rxn:3:45558:39527:88237,0.08172173224962674
rxn:3:42129:38880:96332,0.08170194872494402
rxn:3:55915:31814:120815,0.08169624982056795
rxn:3:55915:6419:96332,0.0816959104230327
rxn:3:45558:23163:88237,0.08168455033466734
rxn:3:42129:23163:113646,0.08167286272402163
rxn:3:62819:34501:71470,0.08164830620472248
rxn:3:42129:2643:96332,0.0816479859680965
rxn:3:42129:38605:136811,0.08164354439439445
rxn:3:55915:14320:120815,0.08160753920674324
rxn:3:62819:1964:124208,0.08159626324971517
rxn:3:42129:2625:136811,0.08159367884359052
rxn:3:62819:37769:71470,0.08158413640090398
rxn:3:42129:38324:134963,0.08153522653239113
rxn:3:60054:38605:71470,0.08153339668556496
rxn:3:45558:1912:113646,0.08150539489892814
rxn:3:55915:6414:134963,0.0814956147223711
rxn:3:52219:2643:125245,0.08149237017477712
rxn:3:42129:7654:125245,0.08148134576863256
rxn:3:55915:38487:96332,0.08147454460461935
rxn:3:55915:1964:120274,0.08146496812502543
rxn:3:42129:23159:134963,0.08146079244284794
rxn:3:55915:2176:104708,0.08146075101999137
rxn:3:60054:38324:71470,0.08144931839062618
rxn:3:42688:24200:100232,0.08143884354624255
rxn:3:44002:8654:88237,0.08142977035962619
rxn:3:42129:1067:136811,0.08140928830419268
rxn:3:42129:38865:88237,0.08139128520570953
rxn:3:55586:7399:110719,0.08138318359851837
rxn:3:55915:1964:90711,0.08138147989908855
rxn:3:55915:23815:110719,0.08137463290115883
rxn:3:42129:8706:142033,0.08136830159596034
rxn:3:45558:12215:88237,0.08136588335037231
rxn:3:42129:39399:96332,0.08135934386934553
rxn:3:44002:1964:125245,0.08135799964269003
rxn:3:62819:38843:125245,0.08134808639685313
rxn:3:45558:6427:88237,0.08134705405081472
rxn:3:55915:2489:113646,0.08134401559829713
rxn:3:42129:38485:134963,0.08133794415381647
rxn:3:42129:38485:136811,0.08133258165851716
rxn:3:62819:6155:125245,0.08133206367492676
rxn:3:44002:23163:125245,0.08132949163173807
rxn:3:62819:7121:134963,0.08131038921850699
rxn:3:42129:3254:88237,0.08129600555666032
rxn:3:42129:22566:136811,0.08129282244320574
rxn:3:55586:7654:134963,0.08123211376369
rxn:3:55915:34501:120815,0.0812259499843304
rxn:3:60054:6414:71470,0.0812202807395689
rxn:3:42688:24200:110719,0.08121748011687706
rxn:3:42129:6441:96332,0.08120774105191231
rxn:3:44002:31166:113646,0.08118158153125218
rxn:3:44002:2125:125245,0.0811629125050136
rxn:3:24200:44520:96332,0.08115806661803147
rxn:3:44053:2176:88237,0.08115449122020177
rxn:3:49507:12067:126488,0.08115427060560747
rxn:3:42129:1371:125245,0.08112957080205281
rxn:3:45558:38605:88237,0.08112365624000287
rxn:3:42129:14995:88237,0.0810998822080678
rxn:3:62819:7399:142033,0.08109952449798584
rxn:3:24200:44520:131989,0.08109607696533203
rxn:3:62819:38880:142033,0.08108180522918701
rxn:3:62819:23163:88237,0.08107061739321109
rxn:3:55915:7121:88237,0.08106942360217755
rxn:3:62819:21267:110719,0.0810196300347646
rxn:3:55915:7122:96332,0.08101413578822694
rxn:3:60054:357:113646,0.08100799373958421
rxn:3:62819:7452:142033,0.08100156545639038
rxn:3:62819:11684:110719,0.08100110054016113
rxn:3:60054:6428:125245,0.08099579811096191
rxn:3:62819:11684:71470,0.08099500834941864
rxn:3:17548:42129:142033,0.08095513398830707
rxn:3:52219:7082:113646,0.08092520698424309
rxn:3:62819:8634:136811,0.08092474275165135
rxn:3:55915:6439:96332,0.0809107941965903
rxn:3:52219:38411:113646,0.08089984609530522
rxn:3:44002:37769:88237,0.08089150848059819
rxn:3:44002:35051:88237,0.08086538314819336
rxn:3:62819:1964:116611,0.08085484751339617
rxn:3:62819:38843:110719,0.08083915022703317
rxn:3:55915:2643:74279,0.08083845887865339
rxn:3:42129:3297:136811,0.08082125507868253
rxn:3:44002:38880:125245,0.08081361343120706
rxn:3:44002:179:88237,0.08081184995585475
rxn:3:52219:22937:113646,0.08080848852793375
rxn:3:44002:3254:113646,0.08079138494306995
rxn:3:55915:14320:100232,0.08072389617110744
rxn:3:55915:23163:88237,0.08070275518629286
rxn:3:52219:21267:113646,0.08069355010986329
rxn:3:55915:3268:131989,0.08068966480993456
rxn:3:45558:14995:88237,0.08065390586853027
rxn:3:62819:21267:136811,0.08061257393463798
rxn:3:62819:38880:127225,0.08060997503775137
rxn:3:44002:35065:110719,0.08058958394186837
rxn:3:55586:2643:113646,0.08058262693470922
rxn:3:61928:31166:119415,0.08057999610900879
rxn:3:55915:35051:110719,0.08056827386220296
rxn:3:45558:3297:88237,0.08056810727486244
rxn:3:55915:24200:71470,0.08053417847706722
rxn:3:44002:2643:113646,0.08052400180271693
rxn:3:59882:24882:125245,0.08052304157843956
rxn:3:60054:6418:110719,0.08051703437682121
rxn:3:55915:1912:113646,0.08051686485608418
rxn:3:45558:38880:125245,0.0805138555066339
rxn:3:42129:14995:134963,0.08050809105237325
rxn:3:42129:2625:110719,0.08049939572811127
rxn:3:49499:1964:71470,0.08048971273280957
rxn:3:55915:3054:96332,0.08047843896425687
rxn:3:44002:2125:113646,0.08046278688642713
rxn:3:52219:38974:125245,0.08043137618473598
rxn:3:55915:24904:88237,0.08043051999190758
rxn:3:42129:2623:136811,0.08042572775194722
rxn:3:45558:14995:125245,0.08040465116500854
rxn:3:44002:28569:88237,0.08040426770846049
rxn:3:42129:31952:88237,0.08039166927337646
rxn:3:62819:5970:134963,0.08036956563591957
rxn:3:59882:7082:88237,0.08036197053975072
rxn:3:42129:3937:136811,0.08036111247154974
rxn:3:44002:31045:125245,0.08033795867647443
rxn:3:42129:38943:134963,0.08033447430051606
rxn:3:42129:39336:110719,0.08030040775026594
rxn:3:50151:37853:142033,0.08027951717376709
rxn:3:59882:38865:125245,0.08027581921939192
rxn:3:62819:39527:113646,0.08027240504389224
rxn:3:45558:32185:88237,0.08027189200924288
rxn:3:42129:11684:88237,0.08021289110183716
rxn:3:62819:1149:110719,0.08018604318300883
rxn:3:60054:2125:71470,0.08016519592358516
rxn:3:42129:3197:71470,0.08015271540611021
rxn:3:60054:31220:125245,0.08015165726343791
rxn:3:42129:7452:136811,0.08014614417635162
rxn:3:45558:39527:113646,0.08013431787490845
rxn:3:42129:23158:113646,0.08012341306759761
rxn:3:55915:38974:93498,0.08012062549591065
rxn:3:62819:31166:71470,0.08009139554841178
rxn:3:42129:18028:125245,0.0800832025706768
rxn:3:52219:6424:142033,0.08006756344149189
rxn:3:59882:6427:134963,0.0800639429400044
rxn:3:49508:18809:113646,0.08002483228157306
rxn:3:60054:7654:134963,0.08000871113368443
rxn:3:44053:2623:71470,0.07999757491052151
rxn:3:60054:39336:125245,0.07999662061532338
rxn:3:62819:1964:137347,0.07996592983122795
rxn:3:59882:8706:88237,0.07988890012105306
rxn:3:44053:2176:136811,0.07988302049965694
rxn:3:55915:29454:113646,0.07988205038267991
rxn:3:44002:7399:113646,0.07986633266721453
rxn:3:44002:39087:136811,0.07984612941741943
rxn:3:42129:6427:134963,0.07983978140738703
rxn:3:42129:6427:96332,0.07981066934524043
rxn:3:62819:35065:110719,0.0798011513856741
rxn:3:45558:22937:113646,0.07978372275829315
rxn:3:62819:37769:110719,0.0797781307121803
rxn:3:55915:39006:113646,0.07977473506560692
rxn:3:55915:38974:142033,0.07976521687074141
rxn:3:62819:38879:136811,0.07975800548280988
rxn:3:52219:3054:88237,0.079754664980132
rxn:3:59882:1149:71470,0.07970762650171916
rxn:3:49499:1174:71470,0.0796914164509092
rxn:3:45558:8783:88237,0.07965814245158229
rxn:3:44002:2089:110719,0.0796472245249255
rxn:3:55586:179:142033,0.07964346664292472
rxn:3:45558:38372:113646,0.07963701089223225
rxn:3:45558:38943:88237,0.07960046159810033
rxn:3:59882:7759:125245,0.07956997995023374
rxn:3:55915:31166:110719,0.07955906719997011
rxn:3:55915:31952:71470,0.07953444321950277
rxn:3:55915:357:71470,0.07950440278420082
rxn:3:42129:39527:125245,0.07949856758117675
rxn:3:60054:6439:136811,0.07948464155197144
rxn:3:55915:35051:96332,0.07948098511531435
rxn:3:42129:3268:134963,0.07947620076517906
rxn:3:42129:1371:136811,0.07946581225241384
rxn:3:42129:6428:134963,0.07944781333208084
rxn:3:42129:12215:142033,0.07943796228479456
rxn:3:55915:15511:142033,0.07943395499525399
rxn:3:60054:8706:71470,0.07942816306804788
rxn:3:45558:6428:88237,0.07940694689750671
rxn:3:42129:2877:125245,0.07939493017537254
rxn:3:42129:38894:134963,0.07934856825861437
rxn:3:62819:2489:71470,0.07934315557833072
rxn:3:44002:39399:88237,0.07932948427540916
rxn:3:44002:21267:125245,0.07929550607999165
rxn:3:45558:37769:88237,0.07928977341487489
rxn:3:55915:7063:71470,0.0792733005114964
rxn:3:60054:2643:71470,0.07924556732177734
rxn:3:42129:3197:136811,0.0792339309569328
rxn:3:55915:3054:71470,0.07921751187397884
rxn:3:55915:357:130107,0.07921101955267099
rxn:3:45558:38943:113646,0.07920757148947034
rxn:3:52219:28569:113646,0.0791941592770238
rxn:3:45558:6424:142033,0.07916909867319567
rxn:3:42129:38372:96332,0.07914644905499049
rxn:3:42129:8654:142033,0.07914618305538011
rxn:3:55915:23159:113646,0.07910831616475032
rxn:3:60054:1149:113646,0.07909217247596154
rxn:3:55915:39006:88237,0.07907656387046531
rxn:3:44002:32185:88237,0.07907622475777903
rxn:3:62819:6428:71470,0.07906908565951933
rxn:3:42129:28569:136811,0.0790611227353414
rxn:3:44053:5439:71470,0.07905966894967216
rxn:3:45558:8634:88237,0.07904752237456185
rxn:3:42688:35065:85433,0.07904357380337185
rxn:3:55915:34501:71470,0.07904303990877591
rxn:3:60054:31220:71470,0.07903023702757699
rxn:3:42129:35051:110719,0.07902417836650726
rxn:3:60054:7082:71470,0.07901920165334429
rxn:3:62819:23163:113646,0.07901475979731633
rxn:3:42129:31814:90711,0.07899535729967315
rxn:3:62819:38324:71470,0.07899535143816913
rxn:3:42129:32185:136811,0.07899118238879789
rxn:3:55915:6425:134963,0.07898902508520311
rxn:3:44002:38843:142033,0.07898467282454173
rxn:3:60054:6439:88237,0.07897728681564331
rxn:3:42129:23195:136811,0.07897307475407918
rxn:3:55915:2089:96332,0.07896063419488761
rxn:3:59882:6418:71470,0.07896030880510807
rxn:3:59882:19567:71470,0.07895874592565721
rxn:3:44002:3054:142033,0.07895383596420288
rxn:3:45558:23158:125245,0.07894759093012128
rxn:3:60054:2623:125245,0.07892836630344391
rxn:3:60054:3268:88237,0.07891645176070076
rxn:3:59882:1964:134818,0.07887580065891661
rxn:3:42129:8706:125245,0.07886078953742981
rxn:3:45558:6422:88237,0.0788549876982166
rxn:3:42129:31166:136811,0.07885324543920057
rxn:3:62819:27843:110719,0.07884164340794086
rxn:3:60054:6428:134963,0.07884073257446289
rxn:3:42129:6418:113646,0.07883223295211791
rxn:3:55915:38487:113646,0.07882437535694667
rxn:3:55915:19567:71470,0.07882373332977295
rxn:3:44053:39399:125245,0.07881541763033185
rxn:3:42129:38487:125245,0.07879594961802165
rxn:3:42129:1305:110719,0.07879458154950823
rxn:3:62819:11684:136811,0.07877767831087112
rxn:3:45558:37769:113646,0.07877162311758314
rxn:3:44002:6409:113646,0.07875770889222622
rxn:3:45558:6422:113646,0.07875513633092245
rxn:3:55915:8634:113646,0.07874972105026246
rxn:3:55915:6355:110719,0.07874621605050974
rxn:3:44002:38843:110719,0.07873796565192086
rxn:3:60054:7121:125245,0.07872036933898925
rxn:3:60054:28569:125245,0.07871974618346603
rxn:3:62819:32675:71470,0.07870967586835226
rxn:3:42129:37729:136811,0.07869843984472341
rxn:3:42129:1154:136811,0.07869483684671336
rxn:3:44002:8634:125245,0.07868032583168574
rxn:3:55915:35065:120274,0.07866608638029832
rxn:3:44053:7658:71470,0.07866064844460323
rxn:3:52219:2125:113646,0.07865591295834246
rxn:3:44002:2877:88237,0.0786535123298908
rxn:3:60054:37853:113646,0.07860983371734619
rxn:3:52219:21267:88237,0.07859953091694759
rxn:3:55915:23158:88237,0.07859870332937974
rxn:3:55915:7452:142033,0.07858561992645263
rxn:3:55915:3886:125245,0.07856295009454091
rxn:3:42129:6424:136811,0.07853698153649608
rxn:3:62819:39527:88237,0.0785345087448756
rxn:3:62819:38974:80866,0.07849372625350952
rxn:3:62819:23158:88237,0.07847824463477501
rxn:3:45558:38865:113646,0.07846089067130253
rxn:3:61523:34491:69178,0.07846033573150635
rxn:3:49507:1149:86621,0.07844975500395804
rxn:3:55586:21267:125245,0.07842456340789795
rxn:3:55915:1149:85433,0.07841968330843695
rxn:3:44002:2643:88237,0.07840125314120588
rxn:3:60054:3054:71470,0.07837223529815673
rxn:3:44002:8634:113646,0.0783412809725161
rxn:3:45558:38865:88237,0.07833170493443807
rxn:3:60054:1964:85433,0.07832713212285723
rxn:3:59882:2176:71470,0.07829477531569344
rxn:3:55915:6419:128859,0.07827196270227432
rxn:3:62819:39006:88237,0.07823733488718669
rxn:3:42129:7063:71470,0.07822476995402369
rxn:3:44002:38642:125245,0.07821695719446455
rxn:3:60054:37853:127225,0.0782097211250892
rxn:3:55915:1371:116611,0.07817695538202922
rxn:3:44002:6441:88237,0.07812684029340744
rxn:3:55915:6428:134564,0.0781147672284034
rxn:3:62819:2489:134963,0.0781121916241116
rxn:3:55915:1149:77927,0.07810033521344585
rxn:3:55586:1912:113646,0.07809410051063255
rxn:3:44002:29621:71470,0.07808723407132286
rxn:3:42129:6425:134963,0.0780804418027401
rxn:3:44002:6441:113646,0.07806495889540642
rxn:3:42129:31952:134963,0.07804691791534424
rxn:3:42129:2125:134963,0.07801651103155953
rxn:3:44002:38943:125245,0.07800571671847639
rxn:3:42129:522:113646,0.07799250770498205
rxn:3:55915:35058:100232,0.07794837467372417
rxn:3:45558:39338:113646,0.07794749295270001
rxn:3:55586:1067:110719,0.07794620144751764
rxn:3:60054:6428:110719,0.07791850836046281
rxn:3:55915:6439:134963,0.07791016563292473
rxn:3:44002:1964:88237,0.07790384689966838
rxn:3:64509:2623:113646,0.07789914254788999
rxn:3:42129:2623:96332,0.07788766968634821
rxn:3:50151:35065:71470,0.07788429458936055
rxn:3:55915:14320:104708,0.07787016899354997
rxn:3:45558:1067:125245,0.0778658219746181
rxn:3:42129:1371:96332,0.07785945938479516
rxn:3:44053:38843:88237,0.07785093096586373
rxn:3:44002:6428:88237,0.07783505320549011
rxn:3:55915:1067:77927,0.07782629029504184
rxn:3:44002:7654:125245,0.07782019178072612
rxn:3:45558:6425:88237,0.07779916375875473
rxn:3:42129:6439:96332,0.07776732370257378
rxn:3:55915:37814:110719,0.0777670432781351
rxn:3:44002:23195:113646,0.07776593750920789
rxn:3:42129:38865:96332,0.07774435679117839
rxn:3:62819:38642:142033,0.07773323357105255
rxn:3:60054:6424:125245,0.0777266366141183
rxn:3:52219:7654:113646,0.07765533847193565
rxn:3:60054:6439:110719,0.0776295046652517
rxn:3:62819:522:71470,0.07762154936790466
rxn:3:42129:23159:71470,0.07757657766342163
rxn:3:55915:7658:71470,0.07757476965586345
rxn:3:62819:29454:113646,0.07756060156328924
rxn:3:62819:35065:136811,0.07755700588226318
rxn:3:45558:2489:125245,0.07754507235118321
rxn:3:45558:3254:125245,0.07754037156701088
rxn:3:44002:32185:113646,0.07753885984420776
rxn:3:55915:8706:110719,0.07753461407076928
rxn:3:55915:38272:125245,0.07752870236124311
rxn:3:42688:3937:71470,0.07752054929733276
rxn:3:62819:32185:142033,0.07751543875093814
rxn:3:42129:38879:110719,0.07749330600102743
rxn:3:42129:11684:125245,0.07747311145067215
rxn:3:49499:6355:71470,0.07745315019900982
rxn:3:42129:32185:123090,0.07743594146543933
rxn:3:42129:31814:104708,0.07743144476855243
rxn:3:49508:6428:113646,0.07740545670191447
rxn:3:42129:8634:71470,0.07737868811403002
rxn:3:59882:18809:71470,0.07736014166185932
rxn:3:42129:38894:110719,0.07735625902811687
rxn:3:60054:2089:125245,0.0773463894923528
rxn:3:44002:31952:125245,0.07734572118328463
rxn:3:62819:39087:88237,0.0773426429791884
rxn:3:55915:18028:142033,0.07732086346067231
rxn:3:55915:39336:96332,0.07730385890373817
rxn:3:42129:6425:136811,0.07729697972536087
rxn:3:42129:1964:96332,0.07728881438573201
rxn:3:42129:34501:134963,0.0772596972960013
rxn:3:44002:7707:134963,0.07725916590009417
rxn:3:62819:24200:71470,0.07721466284531814
rxn:3:42688:24200:113646,0.07721148545925434
rxn:3:42129:21267:110719,0.07718769788742065
rxn:3:62819:31166:113646,0.07718365238263057
rxn:3:49507:39399:86621,0.07718357924492128
rxn:3:52219:6422:113646,0.07715202681720257
rxn:3:55915:14320:131989,0.07714944716655847
rxn:3:44002:35058:125245,0.0771176777780056
rxn:3:55915:28569:142033,0.0771105197759775
rxn:3:50151:28569:113646,0.07710493914783001
rxn:3:60054:6428:136811,0.07710070212682088
rxn:3:42129:28569:134963,0.07709552844365437
rxn:3:45558:2877:88237,0.07707190719144098
rxn:3:42129:31952:136811,0.07706773281097412
rxn:3:55915:490:71470,0.07706424925062391
rxn:3:44002:39338:125245,0.07705324462481908
rxn:3:42129:28569:110719,0.07699239253997803
rxn:3:42129:23195:125245,0.07695386327546218
rxn:3:62819:7399:134963,0.0769483915397099
rxn:3:17548:42129:137347,0.07691036308965375
rxn:3:55915:6425:83471,0.07690062746405602
rxn:3:61523:31592:65891,0.07689334452152252
rxn:3:55915:1067:134564,0.0768860070793717
rxn:3:60054:12067:113646,0.07688419024149577
rxn:3:55915:6428:137347,0.07685561613603072
rxn:3:55915:39527:113646,0.07683681145958278
rxn:3:44002:6422:125245,0.07680033483812886
rxn:3:42129:38642:134963,0.07678572407790593
rxn:3:60054:37769:113646,0.0767749309539795
rxn:3:42129:1964:136811,0.07675655682881673
rxn:3:52219:39443:113646,0.07674676842159694
rxn:3:64509:3197:113646,0.07672280735439724
rxn:3:44002:31220:110719,0.0767180286347866
rxn:3:60054:6419:88237,0.07671361545036579
rxn:3:42688:24200:88237,0.0767086766384266
rxn:3:42129:38605:110719,0.07666584650675455
rxn:3:24200:44520:113646,0.07664593723085192
rxn:3:62819:38372:110719,0.07664188316890172
rxn:3:60054:35051:88237,0.07662796311908299
rxn:3:49499:3197:71470,0.07657216702188764
rxn:3:44002:35058:88237,0.07656789943575859
rxn:3:42129:24882:110719,0.07656091025897435
rxn:3:49508:2623:113646,0.07654555912675529
rxn:3:45558:35051:113646,0.07647741663044896
rxn:3:62819:38865:142033,0.0764771424807035
rxn:3:42129:11684:134963,0.0764770269393921
rxn:3:59882:3197:71470,0.07647254582374327
rxn:3:62819:38880:71470,0.07646786527974266
rxn:3:62819:22937:137347,0.07645470499992371
rxn:3:59882:35065:71470,0.07642535062936637
rxn:3:42129:6441:125245,0.076403554408781
rxn:3:42129:2625:96332,0.07637793402517995
rxn:3:44002:8634:136811,0.07637706707263815
rxn:3:59882:31814:110719,0.07635756196646855
rxn:3:64509:2623:88237,0.07634506906781878
rxn:3:62819:12104:110719,0.0763307732084523
rxn:3:62819:38487:113646,0.07632405843053545
rxn:3:42129:6419:113646,0.07631965080897013
rxn:3:55915:1912:71470,0.07629292286359347
rxn:3:55915:8706:127225,0.07628147766507905
rxn:3:55915:522:71470,0.07624987193516322
rxn:3:44002:1305:110719,0.07624780926211126
rxn:3:45558:14995:113646,0.07623244770641985
rxn:3:45558:28569:125245,0.07623034119606018
rxn:3:62819:7654:71470,0.07623013956793423
rxn:3:60054:37853:134963,0.07622835812745271
rxn:3:60054:1149:88237,0.0762075803897999
rxn:3:55915:38979:71470,0.07620742403227708
rxn:3:50151:11684:125245,0.07619652577808925
rxn:3:62819:23158:113646,0.07617684364318848
rxn:3:55915:38411:71470,0.07616351544857025
rxn:3:60054:18011:71470,0.07615415127046647
rxn:3:44002:37853:71470,0.07615395585695903
rxn:3:59882:7121:125245,0.0761268138885498
rxn:3:44002:2089:142033,0.0761257553100586
rxn:3:60054:1149:96332,0.0760830385344369
rxn:3:42129:7122:88237,0.07608111973466544
rxn:3:60054:18011:125245,0.07604170838991801
rxn:3:44002:357:120274,0.07603164787950187
rxn:3:44002:21267:88237,0.07602130124966304
rxn:3:44002:1305:120274,0.07595489353969179
rxn:3:60054:7399:71470,0.07594226687042802
rxn:3:59882:21267:88237,0.07592660966126816
rxn:3:61523:31166:136461,0.07592550292611122
rxn:3:45558:21267:113646,0.07588954593824304
rxn:3:59882:23163:125245,0.07585938274860382
rxn:3:62819:179:142033,0.0758347749710083
rxn:3:42129:8706:71470,0.07583350135434058
rxn:3:60054:37814:71470,0.07583333165557296
rxn:3:59882:11684:113646,0.07581802036451257
rxn:3:55586:39087:113646,0.07569753626982371
rxn:3:44002:3054:134963,0.07568594813346863
rxn:3:45558:38974:88237,0.07565911458088802
rxn:3:60054:2125:125245,0.07565475463867187
rxn:3:44002:35065:142033,0.0756380558013916
rxn:3:42129:23195:96332,0.07563666701316833
rxn:3:44002:35051:113646,0.07562971937245336
rxn:3:55915:12215:113646,0.07562540416364316
rxn:3:60054:12067:127225,0.07560236930847168
rxn:3:44002:6355:88237,0.07559669428858264
rxn:3:60054:1964:113646,0.07555462763859676
rxn:3:42129:35058:96332,0.07555028423666954
rxn:3:55915:3197:127225,0.07548634348244503
rxn:3:62819:39372:80866,0.07547036144468519
rxn:3:60054:38943:113646,0.07545843124389648
rxn:3:55915:24882:96332,0.0754308494237753
rxn:3:60054:1964:125245,0.0753444234530131
rxn:3:59882:12215:88237,0.07532356525289602
rxn:3:44002:23159:113646,0.07530905093465533
rxn:3:49499:31592:71470,0.07529930494449756
rxn:3:42129:35051:113646,0.07529067993164062
rxn:3:42129:8706:134963,0.07529031845831102
rxn:3:50151:12104:88237,0.07528209227782029
rxn:3:42129:1912:134963,0.07524168491363525
rxn:3:55915:6427:66395,0.07522669331780796
rxn:3:42129:11684:110719,0.07519273574535663
rxn:3:42129:3254:136811,0.0751758273690939
rxn:3:60054:38485:88237,0.07516808594976153
rxn:3:42129:7082:125245,0.0751479041987452
rxn:3:60054:31952:71470,0.07511740306328082
rxn:3:24200:49508:113646,0.07511309146881104
rxn:3:42129:3297:71470,0.07510679960250854
rxn:3:59882:18028:125245,0.07505304552614689
rxn:3:55915:3054:120274,0.07503756991139164
rxn:3:42688:3054:88237,0.07503402012365835
rxn:3:42129:2489:130107,0.0750211306980678
rxn:3:45558:31952:88237,0.07500368741250807
rxn:3:62819:23195:142033,0.07496327620286208
rxn:3:55915:3197:134963,0.07494281729062398
rxn:3:44002:1964:113646,0.07492528701650686
rxn:3:42129:6441:136811,0.0749008059501648
rxn:3:55586:23163:142033,0.07485157038484301
rxn:3:49508:2643:125245,0.07482325604983739
rxn:3:52219:8654:88237,0.07482147216796875
rxn:3:60054:34491:71470,0.07480531047891688
rxn:3:55915:1149:137347,0.0747928753975899
rxn:3:55915:24200:85433,0.07471583439753605
rxn:3:52219:37769:113646,0.07470502853393554
rxn:3:24200:44520:90711,0.0746948520342509
rxn:3:44002:35051:71470,0.07467998612311579
rxn:3:55915:31045:113646,0.07467636585235596
rxn:3:42688:24200:137347,0.07462541262308757
rxn:3:42129:27843:113646,0.07460555036862691
rxn:3:42129:38943:110719,0.07460056742032369
rxn:3:42688:490:85433,0.07459649135326517
rxn:3:62819:8706:142033,0.07457651032341851
rxn:3:55915:6428:120274,0.07456697709858418
rxn:3:42129:31592:125245,0.07456149726078429
rxn:3:60054:38974:125245,0.07452138610508131
rxn:3:55915:357:128859,0.07451274439140602
rxn:3:44002:2089:134963,0.07450505665370397
rxn:3:55586:7399:142033,0.07449303780283247
rxn:3:44002:6419:113646,0.07448024519028203
rxn:3:45558:7759:125245,0.07441059180668422
rxn:3:42129:23163:110719,0.07435882091522217
rxn:3:55915:23824:71470,0.07434386440685817
rxn:3:55915:34501:124208,0.07433208271309182
rxn:3:42129:2877:136811,0.07432774839730098
rxn:3:62819:31166:88237,0.07432522155620434
rxn:3:60054:1964:88237,0.07430002645209983
rxn:3:44002:38880:88237,0.07429279541147166
rxn:3:55915:357:120274,0.0742841362953186
rxn:3:44002:3254:125245,0.07426813431084156
rxn:3:60054:6439:142033,0.07421797293203848
rxn:3:55915:39443:123090,0.07421701431274413
rxn:3:59882:1912:125245,0.07421336724207951
rxn:3:45558:2643:113646,0.0742115271942956
rxn:3:62819:24904:71470,0.07420581579208374
rxn:3:42129:1371:134963,0.07418322947717482
rxn:3:55915:38974:120274,0.07417551829264714
rxn:3:52219:179:125245,0.07417130085729784
rxn:3:55915:34501:131989,0.07416811916563246
rxn:3:52219:39087:134963,0.07416607273949517
rxn:3:62819:6355:88237,0.07408754913895219
rxn:3:52219:8654:113646,0.07407695275765878
rxn:3:55915:34501:136811,0.07406749175145076
rxn:3:45558:38411:88237,0.07405446767807007
rxn:3:44002:6419:88237,0.0740436352789402
rxn:3:24200:44520:124208,0.07402171691258748
rxn:3:55915:3268:124208,0.07400340418661794
rxn:3:59882:12215:125245,0.07399161108608904
rxn:3:61523:413:88087,0.07394229806959629
rxn:3:49499:35051:71470,0.07392246634871871
rxn:3:49507:34501:86621,0.07391463716824849
rxn:3:44002:23195:125245,0.07391176223754883
rxn:3:45558:6441:113646,0.07390467005391274
rxn:3:44002:39087:142033,0.07390434904531999
rxn:3:62819:39399:113646,0.07389394283294677
rxn:3:62819:1964:90711,0.07387874126434327
rxn:3:64509:2623:125245,0.07381059655121394
rxn:3:17548:42129:124208,0.07379916906356812
rxn:3:44002:32185:125245,0.07378524157308763
rxn:3:55915:34491:113646,0.07376039486664993
rxn:3:55915:2176:130107,0.0737422506014506
rxn:3:55915:34501:96332,0.07373222479453453
rxn:3:55915:2176:128859,0.07372699465070452
rxn:3:49508:38979:88237,0.07372291334744158
rxn:3:59882:8634:125245,0.07372157662003129
rxn:3:42688:34491:85433,0.07371273438135782
rxn:3:42129:2643:110719,0.07367899815241495
rxn:3:62819:1964:110719,0.07367633779843648
rxn:3:62819:38487:88237,0.07366338680530417
rxn:3:60054:31814:71470,0.07365116247764
rxn:3:60054:2625:125245,0.07363973983696528
rxn:3:17548:60580:94785,0.07363394191188197
rxn:3:42129:6419:88237,0.07363120202095277
rxn:3:44053:39372:71470,0.0736158140774431
rxn:3:60054:1149:136811,0.07360658475330897
rxn:3:45558:22566:88237,0.07359234217939706
rxn:3:42129:3197:110719,0.07355990260839462
rxn:3:59882:32185:113646,0.07345867156982422
rxn:3:55915:38843:120274,0.07342442411642808
rxn:3:44002:7654:134963,0.07336913385698872
rxn:3:60054:12067:96332,0.07335314842370841
rxn:3:55915:6428:130107,0.07334338465044575
rxn:3:42129:1912:124208,0.07334269370351519
rxn:3:55915:1964:128859,0.07334059476852417
rxn:3:45558:39399:88237,0.07333946228027344
rxn:3:42688:1067:85433,0.07329445460747028
rxn:3:60054:1964:134818,0.07324299105891476
rxn:3:60054:37782:71470,0.07323896884918213
rxn:3:42129:19567:125245,0.07323035399119059
rxn:3:55915:2623:116611,0.0732007126013438
rxn:3:24200:49508:88237,0.07318511376014122
rxn:3:59882:7122:125245,0.07317825432481437
rxn:3:45558:31166:125245,0.07312895922825255
rxn:3:55915:35065:83471,0.07311033285581149
rxn:3:45558:38894:88237,0.0731018041742259
rxn:3:49499:357:71470,0.07307769358158112
rxn:3:62819:31166:142033,0.07304074764251708
rxn:3:44002:8654:113646,0.07303163051605224
rxn:3:60054:38372:71470,0.0730228194823632
rxn:3:55915:6155:113646,0.07301786541938782
rxn:3:60054:6414:125245,0.0730038324991862
rxn:3:42129:38372:110719,0.07291925364527209
rxn:3:44053:37729:125245,0.0729165899342504
rxn:3:59882:522:71470,0.07288250224343662
rxn:3:55915:23158:113646,0.07286651849746704
rxn:3:45558:1179:142033,0.07285490989685059
rxn:3:60054:7658:80866,0.07285009897672214
rxn:3:55915:1149:127225,0.07284773673330035
rxn:3:45558:5970:113646,0.07282119244337082
rxn:3:44002:6425:88237,0.07281998544931412
rxn:3:60054:38487:71470,0.07280573557163107
rxn:3:55915:39006:110719,0.07279783281786688
rxn:3:52219:38974:88237,0.07279478439262935
rxn:3:55915:6355:120274,0.07277681498691954
rxn:3:60054:37729:125245,0.07274075654836801
rxn:3:24200:44520:71470,0.07271568323003835
rxn:3:24200:44520:83471,0.07270988424619039
rxn:3:44002:22937:125245,0.07270788324290309
rxn:3:55915:7452:71470,0.07270582233156477
rxn:3:62819:2934:71470,0.07269944815800108
rxn:3:62819:1964:120274,0.07266910870869954
rxn:3:55915:23163:113646,0.07264951559213492
rxn:3:60054:38843:71470,0.0726487785577774
rxn:3:45558:6409:113646,0.07264095917344093
rxn:3:50151:39443:71470,0.07263029615084331
rxn:3:42129:6155:125245,0.07258926217372601
rxn:3:44002:6428:113646,0.07258755930008427
rxn:3:49507:34491:121640,0.0725874764578683
rxn:3:55915:12067:71470,0.07256500367765073
rxn:3:60054:14995:125245,0.07255800565083821
rxn:3:60054:31952:125245,0.07254936226776668
rxn:3:60054:38324:125245,0.07254716873168945
rxn:3:59882:2489:125245,0.07249707425082172
rxn:3:42129:31045:110719,0.07248722273727944
rxn:3:42688:2176:85433,0.07248111017819109
rxn:3:42129:32185:134963,0.07246388158490581
rxn:3:42129:1964:125245,0.07245772665944593
rxn:3:49499:1149:125245,0.07239717015853295
rxn:3:55915:23195:142033,0.07238819507452157
rxn:3:55915:9307:113646,0.0723522138595581
rxn:3:55586:2643:125245,0.07233095566431681
rxn:3:61523:34491:65891,0.0723272798390224
rxn:3:55586:1912:142033,0.07231077322593102
rxn:3:44002:39527:125245,0.072289010653129
rxn:3:42129:7082:96332,0.07223778963088989
rxn:3:55915:35065:128859,0.07221420453144954
rxn:3:60054:7654:113646,0.07218034909321712
rxn:3:59882:39087:125245,0.07216717885888141
rxn:3:60054:3937:88237,0.0721513671534402
rxn:3:44002:3254:88237,0.07214757800102234
rxn:3:45558:38943:125245,0.07214524006021433
rxn:3:62819:1964:136687,0.07212756831070473
rxn:3:59882:2643:125245,0.0721158619437899
rxn:3:45558:18028:113646,0.07210053876042366
rxn:3:55915:1149:123614,0.07206714749336243
rxn:3:62819:23158:134963,0.07204977892063281
rxn:3:44002:31220:136811,0.07201299936540666
rxn:3:42129:1912:81857,0.071944317647389
rxn:3:42129:38324:110719,0.0719176880244551
rxn:3:62819:1964:70183,0.07190942391753197
rxn:3:42129:8706:120274,0.07190641760826111
rxn:3:42688:2623:85433,0.07188265025615692
rxn:3:59882:8634:136811,0.07187696014131818
rxn:3:55915:39338:123090,0.07186440626780193
rxn:3:45558:28569:113646,0.07185478868155644
rxn:3:42129:6428:136811,0.07181432098150253
rxn:3:55915:22937:110719,0.07179822592899718
rxn:3:60054:22566:71470,0.07179509268866645
rxn:3:42688:39399:85433,0.07178615701609645
rxn:3:62819:38843:136811,0.0717751932144165
rxn:3:55915:1964:80866,0.07173262793442299
rxn:3:42129:38943:96332,0.07172526162246178
rxn:3:55915:1149:90711,0.07168062130610148
rxn:3:62819:1149:120274,0.07162197828292846
rxn:3:55915:1964:136687,0.07159416839994233
rxn:3:45558:3297:113646,0.07159252405166626
rxn:3:44002:29621:130107,0.07157685075487409
rxn:3:42129:6427:125245,0.07156317035357157
rxn:3:62819:37814:71470,0.07154037271227155
rxn:3:42129:6409:125245,0.07153397426009178
rxn:3:45558:38372:125245,0.0715276449918747
rxn:3:45558:179:113646,0.07140026347977775
rxn:3:42129:31814:81857,0.0713887070787364
rxn:3:42129:3197:134963,0.07137923086843183
rxn:3:59882:1964:131989,0.07137728121972853
rxn:3:59882:1964:142033,0.07135737383807148
rxn:3:60054:37853:142033,0.07133924961090088
rxn:3:45558:39443:88237,0.07130837440490723
rxn:3:45558:8654:113646,0.07130337953567505
rxn:3:45558:37782:88237,0.07128703594207764
rxn:3:55915:32185:96332,0.07127352158228556
rxn:3:55586:23158:71470,0.07125698725382487
rxn:3:62819:35065:120274,0.07125587188280545
rxn:3:62819:3297:142033,0.07125360586426475
rxn:3:42129:38843:110719,0.07124617364671496
rxn:3:24200:49508:127225,0.07119249380551852
rxn:3:55915:2176:131989,0.0711592606135777
rxn:3:50803:2623:125245,0.07113342200006757
rxn:3:60054:5970:125245,0.07112441062927247
rxn:3:42129:35058:134963,0.07105531916022301
rxn:3:42129:6414:88237,0.0710299201309681
rxn:3:45558:38642:125245,0.07102522253990173
rxn:3:45558:38894:113646,0.07097664901188441
rxn:3:17548:42129:77927,0.07096763580076156
rxn:3:45558:35058:88237,0.07095443457365036
rxn:3:59882:34501:71470,0.07095379299587673
rxn:3:55915:1964:74279,0.07094155919962916
rxn:3:44002:3054:71470,0.07093870001179832
rxn:3:44002:29621:134963,0.07091206525053297
rxn:3:55915:31814:142033,0.07090528806050618
rxn:3:62819:3054:120274,0.07087323842225252
rxn:3:60054:7082:88237,0.07084700134065416
rxn:3:44002:38843:71470,0.07081045486308911
rxn:3:64509:24200:71470,0.07078609466552735
rxn:3:62819:23815:71470,0.07075719322477068
rxn:3:42688:24200:130107,0.07071523155484881
rxn:3:52219:3297:113646,0.07071095925790293
rxn:3:49508:31814:110719,0.07070796654142182
rxn:3:42129:15511:113646,0.07070424864369054
rxn:3:64509:2125:125245,0.07068561553955079
rxn:3:42129:28569:96332,0.07066471974054972
rxn:3:55915:2176:116611,0.07064670765841449
rxn:3:42129:39527:96332,0.07064557533997756
rxn:3:42129:2623:71470,0.07061276705034318
rxn:3:60054:12067:125245,0.07060972690582275
rxn:3:42129:3268:96332,0.0706086850935413
rxn:3:55915:37729:131989,0.07059428404117453
rxn:3:55915:2176:85433,0.0705728707490144
rxn:3:45558:32185:113646,0.07055782874425252
rxn:3:42129:7452:110719,0.07051881949106852
rxn:3:45558:31166:113646,0.07051653734275273
rxn:3:42688:39372:85433,0.07048544801514724
rxn:3:24200:49508:96332,0.07045892874399821
rxn:3:64509:3054:88237,0.0704289178053538
rxn:3:42129:2877:110719,0.07039373715718587
rxn:3:60054:1305:113646,0.07039203591968703
rxn:3:42129:21267:96332,0.07039062678813934
rxn:3:64509:357:88237,0.0703862855831782
rxn:3:44002:6155:88237,0.07035817923369231
rxn:3:45558:38879:88237,0.0703296681930279
rxn:3:60054:7122:88237,0.07032741440667047
rxn:3:49508:490:125245,0.0702993737326728
rxn:3:59882:1964:128145,0.07029594840674565
rxn:3:42129:39399:110719,0.070252800809926
rxn:3:44002:2877:113646,0.07024618557521276
rxn:3:62819:7063:142033,0.07018444061279297
rxn:3:42129:38879:134963,0.07017683571782606
rxn:3:44002:31220:142033,0.07015683821269444
rxn:3:42129:31166:113646,0.07015204429626465
rxn:3:64509:1149:125245,0.07015186548233032
rxn:3:45558:38879:113646,0.07015095225402287
rxn:3:49507:3054:126488,0.07013109046965837
rxn:3:55586:38605:134963,0.07012572211603965
rxn:3:60054:1149:110719,0.07010477986829035
rxn:3:42129:38272:125245,0.0700696377918638
rxn:3:60054:1149:130107,0.07004596931593758
rxn:3:55915:12215:125245,0.07003194093704224
rxn:3:60054:3268:113646,0.07002650808404993
rxn:3:42129:37769:136811,0.0700174405657012
rxn:3:45558:8783:125245,0.07001089638677137
rxn:3:42129:15511:125245,0.069960106164217
rxn:3:61928:31592:65891,0.06992510110139846
rxn:3:55915:6155:96332,0.06991936610295223
rxn:3:62819:39527:125245,0.069895605246226
rxn:3:55915:34501:123090,0.06987303953904372
rxn:3:42129:39338:134963,0.06986911807741437
rxn:3:42688:3197:85433,0.06986523047089577
rxn:3:17548:42129:130107,0.0698568163246944
rxn:3:42129:14995:113646,0.06981313867228371
rxn:3:42129:3254:96332,0.06979986280202866
rxn:3:42129:39527:136811,0.06978603051258968
rxn:3:44002:6427:125245,0.06976476215547131
rxn:3:42129:6422:96332,0.0697213968923015
rxn:3:55915:35051:100232,0.06971633235613504
rxn:3:42129:38605:134963,0.06971519157804291
rxn:3:60054:32675:71470,0.06968367716361737
rxn:3:61523:9307:129418,0.06967950505869729
rxn:3:61928:31166:86313,0.06967158855930451
rxn:3:44002:31166:125245,0.0696537001379605
rxn:3:60054:1964:83471,0.06960909942100788
rxn:3:42129:8783:96332,0.06954986062543146
rxn:3:62819:39527:134963,0.0695191478729248
rxn:3:60054:18028:71470,0.06951813543996503
rxn:3:60054:23159:71470,0.06951565654189498
rxn:3:42688:24200:83471,0.06950092315673828
rxn:3:45558:23159:88237,0.06949448174443738
rxn:3:42129:6422:136811,0.06945154743809853
rxn:3:50803:2623:88237,0.06944738115583148
rxn:3:42129:1912:83471,0.06943681836128235
rxn:3:42129:23159:142033,0.06942090621361366
rxn:3:44002:6155:125245,0.06940294636620416
rxn:3:60054:2934:71470,0.06939234478133065
rxn:3:61928:31166:65891,0.06933469916212148
rxn:3:49507:23815:86621,0.06931983027607203
rxn:3:60054:39443:71470,0.06927296767632167
rxn:3:59882:23815:71470,0.06925689968569525
rxn:3:45558:11684:113646,0.06925532221794128
rxn:3:42129:6418:125245,0.06925438296410345
rxn:3:55915:35051:116611,0.06924793638032058
rxn:3:44053:35065:88237,0.06923838532887973
rxn:3:45558:23163:113646,0.06923344731330872
rxn:3:24200:49508:137347,0.06921597184806035
rxn:3:42129:29454:125245,0.06915906744618569
rxn:3:60054:7654:71470,0.06915325139250074
rxn:3:60054:39336:71470,0.0691526174545288
rxn:3:60054:34501:88237,0.06913471718629201
rxn:3:60054:5439:88237,0.06913371135791142
rxn:3:55915:1149:66449,0.06913321812947591
rxn:3:55915:2176:93498,0.06912806298997667
rxn:3:42129:15511:88237,0.06911828182637691
rxn:3:55915:34501:137347,0.06907293200492859
rxn:3:45558:39087:125245,0.06905657052993774
rxn:3:42129:31045:142033,0.06902034521102905
rxn:3:55915:38487:88237,0.06899099925468707
rxn:3:62819:34501:120274,0.06896091832054986
rxn:3:55915:9307:88237,0.0689078477712778
rxn:3:42129:6418:136811,0.06890621036291122
rxn:3:60054:1149:124208,0.06887811216814764
rxn:3:64509:6355:134963,0.06887663293767858
rxn:3:55915:39399:86559,0.06887402616698167
rxn:3:42129:1154:134963,0.0688332278152992
rxn:3:61523:9307:136461,0.06881483139530305
rxn:3:42129:27843:96332,0.06879162602126598
rxn:3:45558:6427:125245,0.06878353318860454
rxn:3:60054:1964:124208,0.06871974879297717
rxn:3:59882:24200:85433,0.06870152332164624
rxn:3:44053:2176:86621,0.0686899833381176
rxn:3:42129:7063:80866,0.06868822821255388
rxn:3:55915:1149:133649,0.0686488226056099
rxn:3:55915:1149:74279,0.06861833251755813
rxn:3:42688:8706:85433,0.06861717998981476
rxn:3:55915:14995:71470,0.06855588329249415
rxn:3:60054:8783:125245,0.06855521752284123
rxn:3:59882:1964:85433,0.06853903929392496
rxn:3:49508:32675:113646,0.06853353977203369
rxn:3:45558:38764:142033,0.06852906942367554
rxn:3:59882:3297:113646,0.0685268094142278
rxn:3:60054:1964:130107,0.06849457962172371
rxn:3:60054:6424:142033,0.0684818487900954
rxn:3:49508:32185:113646,0.06847634603237283
rxn:3:62819:38411:130107,0.06847301125526428
rxn:3:64509:39372:125245,0.06839972972869873
rxn:3:60054:12067:120274,0.06838052361099808
rxn:3:44002:6418:113646,0.06836869639735069
rxn:3:49507:24200:86621,0.06836620867252349
rxn:3:55915:1964:83471,0.06836406191190084
rxn:3:42129:6424:142033,0.06834935290472847
rxn:3:64509:7063:125245,0.06832459568977356
rxn:3:45558:39087:88237,0.06827787558237712
rxn:3:52219:12104:134963,0.06827282905578613
rxn:3:42129:1371:110719,0.06826870702207088
rxn:3:60054:23195:71470,0.06813174273286547
rxn:3:55915:37729:124208,0.06812092970157492
rxn:3:44053:39443:71470,0.06811719912069815
rxn:3:55915:38974:136687,0.06805742502212525
rxn:3:61523:39443:134054,0.06804319151810237
rxn:3:42129:3197:96332,0.06802646575435516
rxn:3:42688:1371:85433,0.06802154891192913
rxn:3:62819:23159:142033,0.0680158805847168
rxn:3:49508:31814:125245,0.06799914439519246
rxn:3:60054:12215:71470,0.06797978707722255
rxn:3:44053:3054:120274,0.06796246561510809
rxn:3:49508:38979:113646,0.06794908217021398
rxn:3:59882:1964:104708,0.06790184152537379
rxn:3:42129:38166:110719,0.067847753393239
rxn:3:64509:37729:125245,0.06782319454046395
rxn:3:62819:38411:71470,0.06782315174738567
rxn:3:44053:357:71470,0.06774775045258659
rxn:3:44002:15511:113646,0.067736079916358
rxn:3:55915:1149:104708,0.06773221918514796
rxn:3:24200:49508:136811,0.06770345237520006
rxn:3:44002:12104:125245,0.06768682210341743
rxn:3:60054:3054:88237,0.0676831379532814
rxn:3:60054:3297:71470,0.0676730548342069
rxn:3:44002:2643:125245,0.0676132974953487
rxn:3:55915:38843:80866,0.06760372161865234
rxn:3:42129:23195:110719,0.06755435851312452
rxn:3:55915:6427:120274,0.06754557163484635
rxn:3:42129:3297:123090,0.06754208528078519
rxn:3:55915:8706:85433,0.06751934289932252
rxn:3:60054:38951:113646,0.06750677108764648
rxn:3:44002:6414:113646,0.06748827360570431
rxn:3:62819:23163:134963,0.06744793908936637
rxn:3:59882:2934:71470,0.0674294908841451
rxn:3:60054:12067:120815,0.06742393511992234
rxn:3:55915:3197:120274,0.06726511063114289
rxn:3:64509:19567:113646,0.0672588789904559
rxn:3:24200:49508:134818,0.06725632915130028
rxn:3:42129:31166:142033,0.0672533787213839
rxn:3:55915:39372:77927,0.06722761433700035
rxn:3:44053:35065:71470,0.06722623330575449
rxn:3:62819:357:120274,0.06719557444254558
rxn:3:62819:38843:70183,0.06718290277889796
rxn:3:42129:6419:134963,0.0671306662261486
rxn:3:42129:179:110719,0.06702494223912557
rxn:3:45558:12215:113646,0.06701575065481252
rxn:3:49499:1149:85433,0.06699519245712846
rxn:3:60054:35065:71470,0.06697030365467072
rxn:3:44053:357:120274,0.06696766203847425
rxn:3:55915:37729:120274,0.06696502915744124
rxn:3:60054:38605:125245,0.0669632966701801
rxn:3:42129:2489:71470,0.0669367036649159
rxn:3:64509:31814:110719,0.06692236220395123
rxn:3:61523:5439:88087,0.06689431170622508
rxn:3:64509:3197:125245,0.06686392426490784
rxn:3:45558:34501:88237,0.06681624827561555
rxn:3:49499:1149:137347,0.06679320335388184
rxn:3:45558:12104:88237,0.066763276639192
rxn:3:44002:1149:88237,0.06674285531044007
rxn:3:59882:1964:83471,0.06670579218095349
rxn:3:45558:28569:88237,0.06667759815851847
rxn:3:55915:2176:77927,0.0666572143291605
rxn:3:62819:12215:142033,0.0666280618080726
rxn:3:49508:39443:88237,0.06662669658660889
rxn:3:55915:1149:83471,0.0666115939617157
rxn:3:64509:3197:88237,0.06660239824226924
rxn:3:59882:32185:88237,0.06655925114949544
rxn:3:24200:49508:116611,0.06655882685272782
rxn:3:45558:6419:88237,0.06654275394976139
rxn:3:42129:6425:96332,0.06654165871441364
rxn:3:55915:39443:77927,0.06652632907584861
rxn:3:45558:6428:113646,0.06651199248529249
rxn:3:45558:6418:113646,0.06649400726441414
rxn:3:44053:1912:125245,0.06649104974887989
rxn:3:42688:24200:96332,0.0664845768894468
rxn:3:49499:1149:136811,0.06648068957858616
rxn:3:42129:3268:110719,0.06642704457044601
rxn:3:42129:14995:110719,0.06642385644297447
rxn:3:44002:1964:96332,0.0664143600771504
rxn:3:42129:35051:134963,0.06640231211980184
rxn:3:44053:39399:71470,0.06632740744229021
rxn:3:49507:37729:126488,0.06627675014383652
rxn:3:49508:23815:125245,0.06614588839667183
rxn:3:62819:6355:120274,0.06614083668281293
rxn:3:44053:2176:130107,0.0661007207015465
rxn:3:60054:1964:66449,0.06605192299546866
rxn:3:55915:1964:121640,0.06603260040283203
rxn:3:17548:42129:93498,0.06603186706016803
rxn:3:42129:1912:71470,0.06600978639390734
rxn:3:45558:39338:125245,0.06598754014287676
rxn:3:60054:6409:125245,0.06596319675445557
rxn:3:60054:1305:71470,0.065957350730896
rxn:3:44053:6428:71470,0.0659553191878579
rxn:3:59882:8654:88237,0.06588046073913574
rxn:3:24200:42129:128859,0.06587601133755275
rxn:3:60054:39338:71470,0.06583344019376315
rxn:3:17548:42129:134564,0.06582775609246616
rxn:3:60054:39527:71470,0.06580965220928192
rxn:3:62819:1964:133649,0.06574168428778648
rxn:3:44053:2176:120274,0.0657050887743632
rxn:3:45558:2125:88237,0.06570081625665937
rxn:3:42129:39399:134963,0.06569305062294006
rxn:3:55915:2643:142033,0.06568405628204346
rxn:3:45558:35058:113646,0.06561014344615321
rxn:3:42129:1912:120274,0.06559168015207563
rxn:3:24200:42129:120274,0.06557596581322807
rxn:3:61523:6428:91517,0.06556914108140129
rxn:3:44002:3054:120274,0.06555768950232144
rxn:3:45558:27843:113646,0.06555710108049455
rxn:3:44002:39399:125245,0.06552342644759587
rxn:3:55915:39087:120815,0.06552139572475267
rxn:3:64509:1149:96332,0.06550188362598419
rxn:3:59882:23159:88237,0.06548107309000832
rxn:3:61523:31592:133617,0.0654731709510088
rxn:3:55915:14320:80866,0.06542693078517914
rxn:3:17548:42129:83471,0.06542124549547831
rxn:3:61928:31592:133617,0.0654154047369957
rxn:3:55915:23815:71470,0.06539690494537354
rxn:3:59882:1964:127225,0.06538398923545048
rxn:3:62819:38272:134963,0.06538210655080862
rxn:3:24200:49508:80866,0.06537010493101897
rxn:3:42688:1964:71470,0.0653581888444962
rxn:3:55915:37814:120274,0.06528742765558176
rxn:3:62819:6155:71470,0.06526123789640573
rxn:3:42129:27843:134963,0.065260861068964
rxn:3:45558:38764:134963,0.06522751705987113
rxn:3:60054:1964:104708,0.06520484332685117
rxn:3:64509:9307:120274,0.06518750499795985
rxn:3:42129:32185:80866,0.06516462949014479
rxn:3:60054:38372:125245,0.06515933036804199
rxn:3:62819:38487:71470,0.06514604290326437
rxn:3:62819:2877:120274,0.0650934022048424
rxn:3:42129:7063:70183,0.06507598236203194
rxn:3:59882:1964:124208,0.0650757570420542
rxn:3:61523:6355:86313,0.0650746928107354
rxn:3:49499:35051:88237,0.06502852073082557
rxn:3:44002:39443:86559,0.06502791930889261
rxn:3:60054:12067:123614,0.06499427998507465
rxn:3:60054:29454:71470,0.06494713028271994
rxn:3:62819:1964:139211,0.06492911947184596
rxn:3:42688:24200:120274,0.06479961502140966
rxn:3:42129:35058:125245,0.06478309054528514
rxn:3:42129:39338:110719,0.06478241188772793
rxn:3:60054:31166:125245,0.06470153881953312
rxn:3:17548:42129:133649,0.06470060534775257
rxn:3:42129:179:134963,0.06469141512081542
rxn:3:44053:2176:131989,0.0646748423576355
rxn:3:45558:39338:88237,0.06463994511536189
rxn:3:42129:6428:96332,0.0646340399980545
rxn:3:62819:1964:121640,0.06462298120771136
rxn:3:64509:32185:113646,0.06461554986459238
rxn:3:24200:44520:137347,0.06459350739755938
rxn:3:42129:8654:136811,0.0644910610639132
rxn:3:62819:2877:137347,0.0644907812277476
rxn:3:45558:39399:125245,0.06446721298354012
rxn:3:62819:21267:71470,0.06442883740300717
rxn:3:24200:44520:77927,0.06439555460406889
rxn:3:52219:11684:113646,0.06430832697794987
rxn:3:44053:3054:71470,0.06430272970880781
rxn:3:55915:38324:136687,0.06428698698679607
rxn:3:55915:2176:90711,0.0642630500452859
rxn:3:42129:6414:113646,0.06423133034859935
rxn:3:60054:7063:71470,0.06422463169804325
rxn:3:49507:2623:129676,0.06420608303126167
rxn:3:62819:37814:120274,0.06420485315651729
rxn:3:55915:9202:71470,0.06420326674426044
rxn:3:55915:39338:136687,0.06418897487499096
rxn:3:62819:8654:142033,0.06412492827935652
rxn:3:60054:2176:71470,0.06407340673299936
rxn:3:61523:31592:88087,0.06406325553402756
rxn:3:55915:6428:133649,0.06406113330055685
rxn:3:45558:8634:136811,0.06405259206377227
rxn:3:61523:37729:123614,0.0640412660745474
rxn:3:44053:37729:71470,0.06403915484746298
rxn:3:42129:357:120274,0.06402551489216941
rxn:3:60054:1149:83471,0.06399504891757307
rxn:3:59882:39087:134963,0.06398747364679973
rxn:3:59882:39527:125245,0.06397507190704346
rxn:3:64509:19567:88237,0.06396055221557617
rxn:3:49507:37814:86621,0.06395040266215801
rxn:3:55915:2934:71470,0.0639372550207993
rxn:3:45558:38642:113646,0.0639148818122016
rxn:3:61928:31592:81857,0.06389597665380549
rxn:3:42688:39087:134963,0.06388810873031617
rxn:3:60054:34501:71470,0.06387919902801514
rxn:3:60054:12067:131989,0.06384359465705024
rxn:3:60054:1149:128859,0.06382113489611395
rxn:3:42129:6418:134963,0.0638168528676033
rxn:3:49508:24200:85433,0.0638016594780816
rxn:3:60054:1305:125245,0.06378884116808574
rxn:3:59882:1964:120274,0.06371622700845042
rxn:3:42129:35058:136811,0.06368354335427284
rxn:3:64509:3268:88237,0.06366825316633497
rxn:3:42688:38979:85433,0.06364513597180767
rxn:3:60054:29621:113646,0.06362037036729895
rxn:3:62819:37782:100232,0.06361304124196371
rxn:3:49507:35065:125245,0.06360618352890014
rxn:3:55915:1964:66449,0.06356808741887411
rxn:3:60054:31814:110719,0.0635650290383233
rxn:3:62819:490:71470,0.063536595415186
rxn:3:42129:27843:136811,0.06352975964546204
rxn:3:42688:24200:134818,0.0635041528277927
rxn:3:42129:6428:125245,0.06350286353018976
rxn:3:24200:44520:85433,0.06349792562682054
rxn:3:59882:3054:71470,0.06347349617216322
rxn:3:17548:42129:131989,0.06343945264816284
rxn:3:60054:12067:130107,0.0634074669617873
rxn:3:61928:31592:136461,0.06333542773217866
rxn:3:44053:2176:85433,0.06331350474522032
rxn:3:49499:1149:104708,0.06325181860190171
rxn:3:60054:1964:96332,0.06320455244609288
rxn:3:60054:31814:125245,0.06319173097610474
rxn:3:59882:23158:125245,0.06317743990156385
rxn:3:64509:9307:121640,0.06316958367824554
rxn:3:55915:2176:120274,0.06316496006080083
rxn:3:60054:8654:71470,0.06314243872960408
rxn:3:55915:37729:121640,0.0630947982563692
rxn:3:45558:3254:113646,0.0630937103302248
rxn:3:42688:2176:71470,0.06309268803432069
rxn:3:49508:23815:88237,0.06308812754494804
rxn:3:49507:9307:123705,0.06307794874714266
rxn:3:55915:2176:74279,0.06301033938372577
rxn:3:44053:2934:71470,0.06298688342494349
rxn:3:60054:1964:127225,0.06298494338989258
rxn:3:45558:6424:125245,0.06298049419156966
rxn:3:24200:44520:133649,0.06297644041478634
rxn:3:55915:6428:118819,0.06296334302786624
rxn:3:45558:6414:113646,0.06295610591769218
rxn:3:24200:44520:81857,0.06291919946670532
rxn:3:42129:35065:134963,0.0629161183650677
rxn:3:49507:34491:86621,0.06287562195211649
rxn:3:60054:23824:71470,0.06286540296342638
rxn:3:59882:357:120274,0.06284538975783757
rxn:3:42129:6422:110719,0.0628045592457056
rxn:3:24200:49508:74279,0.06279247999191284
rxn:3:60054:23195:125245,0.06278556364553946
rxn:3:45558:6439:113646,0.06277512734936129
rxn:3:55915:38843:90711,0.06277269583482009
rxn:3:49508:32675:88237,0.06275138060251871
rxn:3:55915:34501:100232,0.06269132649457013
rxn:3:64509:2623:96332,0.0626774656361547
rxn:3:44002:2625:113646,0.06265186468760173
rxn:3:55915:2623:120274,0.06264883087527368
rxn:3:42129:38411:134963,0.06264236450195312
rxn:3:55915:7452:116611,0.06258068340165275
rxn:3:49508:38843:88237,0.06252629280090333
rxn:3:64509:6425:88237,0.06249325850914265
rxn:3:60054:38166:71470,0.06244799265494713
rxn:3:60054:490:71470,0.062437435755362876
rxn:3:55915:14320:116611,0.06242142617702484
rxn:3:61523:179:127714,0.0624193155339786
rxn:3:55915:1964:133649,0.06241791695356369
rxn:3:55586:31814:142033,0.062342703342437744
rxn:3:60054:31220:88237,0.06222289359128034
rxn:3:64509:3197:96332,0.06221772473433922
rxn:3:45558:39399:113646,0.062200709625526714
rxn:3:49499:39006:71470,0.062182483764795154
rxn:3:42129:6418:96332,0.06218239292502403
rxn:3:17548:60582:86621,0.06218025514057705
rxn:3:60054:31045:71470,0.06215767218516423
rxn:3:60054:39338:125245,0.06206382989883423
rxn:3:44002:6439:113646,0.06204898511209796
rxn:3:60054:1149:125245,0.061942217526612456
rxn:3:60054:1964:128859,0.0619336592740026
rxn:3:45558:6425:113646,0.06192535738791189
rxn:3:42129:2489:142033,0.061905651092529296
rxn:3:60054:2089:88237,0.061900037030378975
rxn:3:42129:6409:88237,0.06188894622027874
rxn:3:49499:1149:113646,0.061854195594787595
rxn:3:49507:5439:86621,0.06161427696545919
rxn:3:49507:490:86621,0.061527661738857146
rxn:3:42129:37769:96332,0.06152052303840374
rxn:3:45558:7082:88237,0.061519493659337364
rxn:3:49499:1149:127225,0.0615082337306096
rxn:3:24200:49508:120274,0.061484532696860175
rxn:3:55915:34501:77927,0.06145628435271127
rxn:3:24200:49508:90711,0.0614280892269952
rxn:3:49508:32675:127225,0.06137040456136068
rxn:3:55915:1149:116611,0.06136371349466258
rxn:3:42129:1154:110719,0.06133785645167033
rxn:3:62819:6355:71470,0.06130864577633994
rxn:3:60054:29621:88237,0.06130609412988027
rxn:3:60054:24882:71470,0.06130570888519287
rxn:3:50803:8706:88237,0.06127106079033443
rxn:3:60054:1964:90711,0.06122634739711367
rxn:3:44053:1964:71470,0.061208761507464994
rxn:3:61523:9307:91517,0.0611569554575028
rxn:3:62819:31814:142033,0.061148643493652344
rxn:3:52849:3197:71470,0.06112904208047049
rxn:3:60054:11684:71470,0.06112050491830577
rxn:3:55915:35051:81857,0.061117180188496906
rxn:3:42129:3297:110719,0.06107936523578785
rxn:3:17548:42129:120815,0.06106791002997037
rxn:3:60054:1149:142033,0.06104645013809204
rxn:3:42129:7082:88237,0.06104543907889005
rxn:3:49507:38979:86621,0.061017264019359245
rxn:3:42688:24200:77927,0.06100237965583801
rxn:3:42129:6409:113646,0.06097908366111017
rxn:3:42129:6419:136811,0.06097542122006416
rxn:3:60054:6418:86559,0.0609517153352499
rxn:3:52849:34491:124208,0.06091128377353444
rxn:3:42129:32185:128145,0.06090166171391805
rxn:3:24200:49508:124208,0.06089941305773599
rxn:3:61928:31592:119415,0.06088570753733317
rxn:3:60054:2489:125245,0.060875959396362304
rxn:3:60054:11684:125245,0.0607893629507585
rxn:3:60054:1149:137347,0.06078748305638631
rxn:3:49507:18809:86621,0.06077154769616969
rxn:3:49507:23824:121640,0.06074340258325849
rxn:3:55915:1149:132368,0.06073264152772965
rxn:3:64509:2176:96332,0.06072978789989765
rxn:3:62819:38411:77927,0.060719460248947144
rxn:3:49507:9307:94785,0.0607064822140862
rxn:3:42688:12067:71470,0.06069277072774953
rxn:3:55915:35065:90711,0.06066091931783236
rxn:3:64509:1149:110719,0.06065901394548087
rxn:3:44002:29621:77927,0.060657223065694175
rxn:3:42129:23195:134963,0.06065361102422078
rxn:3:49508:1912:125245,0.060642166779591486
rxn:3:49499:1149:88237,0.06063366394776564
rxn:3:44002:31220:134963,0.06061400905732186
rxn:3:44002:1149:71470,0.06061119610263455
rxn:3:49508:32675:80866,0.06059435490638979
rxn:3:42688:357:120274,0.06056821962882732
rxn:3:49507:19567:86621,0.060552290257285625
rxn:3:49499:38979:71470,0.060550314408761484
rxn:3:42129:1964:134963,0.060542229811350504
rxn:3:61523:3054:119415,0.06037707229455312
rxn:3:55915:6441:71470,0.06036251975644019
rxn:3:42688:18809:85433,0.060361724346876144
rxn:3:61523:39443:127714,0.06031897902488709
rxn:3:61523:39443:69178,0.060297229290008546
rxn:3:45558:38764:71470,0.060286197279180796
rxn:3:61928:31592:90711,0.060255719555748835
rxn:3:60054:8706:88237,0.0602179936000279
rxn:3:64509:29621:88237,0.06019501884778341
rxn:3:55915:38642:127714,0.060166315237681074
rxn:3:49499:38487:71470,0.0601501784154347
rxn:3:42129:39527:110719,0.06013324304863259
rxn:3:44002:39087:125245,0.060059373577435814
rxn:3:60054:522:71470,0.0600588807353267
rxn:3:49507:3197:86621,0.0600012225263259
rxn:3:55915:1149:118819,0.05998966386241297
rxn:3:42688:34501:85433,0.059965976646968296
rxn:3:45558:2125:125245,0.05987119248935154
rxn:3:60054:1179:88237,0.059866259495417275
rxn:3:62819:8634:142033,0.059853553771972656
rxn:3:49507:38487:86621,0.05984141633791082
rxn:3:62819:27843:100232,0.0598391517996788
rxn:3:49507:35051:86621,0.059821839585448754
rxn:3:64509:6355:110719,0.059821639742170064
rxn:3:49499:1149:96332,0.059769882096184626
rxn:3:42688:24200:128859,0.059732404248467805
rxn:3:42129:1149:96332,0.059726415077845256
rxn:3:55915:23815:88237,0.05968802505069309
rxn:3:60054:39443:125245,0.05964874184649924
rxn:3:60054:1964:77927,0.05959976116816203
rxn:3:60054:179:125245,0.05948902322695805
rxn:3:55915:1964:118819,0.059393665482920986
rxn:3:55915:29454:86559,0.059386123310435905
rxn:3:60054:37853:88237,0.05938088893890381
rxn:3:60054:1149:104708,0.05938031938340929
rxn:3:61523:31592:129418,0.05932133197784424
rxn:3:62819:2489:142033,0.059313918153444924
rxn:3:45558:2125:113646,0.05927779939439562
rxn:3:52849:34491:113646,0.059239960485889066
rxn:3:49499:37814:71470,0.05912544177128719
rxn:3:55915:38487:71470,0.05910174647967021
rxn:3:42129:32185:77927,0.05901826150489576
rxn:3:42688:9307:85433,0.05898887946687896
rxn:3:49507:3937:129676,0.05890485359465375
rxn:3:45558:1154:113646,0.05888948696000235
rxn:3:55915:38974:81857,0.05888158999956571
rxn:3:64509:32675:120274,0.05887710452079773
rxn:3:49499:1149:90711,0.058873576777321954
rxn:3:61928:31166:133617,0.05882413541117022
rxn:3:61523:5439:119415,0.05881861050923665
rxn:3:24200:42129:121640,0.05879892905553182
rxn:3:49499:1149:124208,0.058769934943744113
rxn:3:44053:2176:116611,0.05873188684726584
rxn:3:45558:12104:113646,0.05869538675655018
rxn:3:44053:32675:71470,0.05864624306559563
rxn:3:64509:8634:125245,0.05864327669143677
rxn:3:61523:31592:69178,0.0586000865903394
rxn:3:55915:35065:100232,0.05858369056995098
rxn:3:24200:49508:130107,0.05846697754330105
rxn:3:45558:6439:88237,0.05845239385962486
rxn:3:55915:39443:81857,0.05837420316842886
rxn:3:60054:2489:71470,0.058319529661765464
rxn:3:60054:1964:137347,0.05826947490374247
rxn:3:49508:5439:113646,0.05825538873672485
rxn:3:45558:1179:71470,0.058210951941353936
rxn:3:64509:12215:88237,0.05820608139038086
rxn:3:61928:31592:142071,0.058202431086570985
rxn:3:64509:18809:71470,0.0581656067535795
rxn:3:24200:44520:86559,0.058098992993754726
rxn:3:49508:38979:125245,0.05808054167648841
rxn:3:49507:490:123705,0.05807701426167642
rxn:3:59882:23159:125245,0.058076090046337674
rxn:3:64509:1149:113646,0.05807137947816115
rxn:3:42884:34491:101193,0.058006084578878736
rxn:3:55915:1149:128859,0.057870014508565264
rxn:3:62819:1964:86559,0.05784525025275446
rxn:3:24200:49508:131989,0.057831364018576484
rxn:3:60054:12067:132368,0.05782969508852277
rxn:3:60054:1964:116611,0.05781137943267822
rxn:3:49507:35065:126488,0.057788277826001565
rxn:3:42129:31814:142033,0.05778415203094482
rxn:3:44002:21267:113646,0.05777633190155029
rxn:3:55586:1912:127714,0.057773053646087646
rxn:3:61523:34491:88087,0.05776926456019282
rxn:3:49508:18809:88237,0.057659578323364255
rxn:3:62819:23158:142033,0.05764931937058767
rxn:3:42129:32185:100232,0.057635629549622536
rxn:3:24200:49508:104708,0.05739501347908607
rxn:3:55915:6422:86559,0.057324040681123734
rxn:3:49508:39399:88237,0.057316210534837514
rxn:3:64509:6355:88237,0.05730456572312575
rxn:3:62819:7121:142033,0.05719404915968577
rxn:3:44002:39087:110719,0.05717603518412663
rxn:3:61523:6355:133617,0.057165398232398495
rxn:3:55915:29454:71470,0.05715355950017129
rxn:3:45558:7082:113646,0.05710779387375404
rxn:3:42688:1149:85433,0.05710201494155392
rxn:3:45558:2643:125245,0.0570666872221848
rxn:3:44002:2089:71470,0.057024310742105754
rxn:3:64509:19567:110719,0.05700522065162659
rxn:3:64509:2623:134564,0.05699919832163844
rxn:3:61523:31166:125665,0.05699483411652701
rxn:3:60054:24200:85433,0.05697935581207275
rxn:3:49507:38974:97944,0.05696498201443599
rxn:3:42688:32675:85433,0.05696449242532253
rxn:3:62819:39527:142033,0.05688666755502874
rxn:3:42129:31814:86559,0.05688016812006633
rxn:3:62819:37853:127714,0.05674614252582673
rxn:3:59882:1964:116611,0.05673896869023641
rxn:3:61523:31166:88625,0.056722629070281985
rxn:3:49508:3937:125245,0.05671347777048747
rxn:3:50803:3268:88237,0.05670311621257237
rxn:3:60054:35065:113646,0.05669403618032282
rxn:3:44053:2176:124208,0.05661118427912394
rxn:3:64509:23824:71470,0.0565849675072564
rxn:3:60054:39399:71470,0.05655983778146597
rxn:3:50803:2623:137347,0.05655588257697321
rxn:3:60054:35051:113646,0.0565430957537431
rxn:3:61523:5439:65891,0.05654127178368745
rxn:3:64509:3937:125245,0.05648578490529742
rxn:3:62819:29454:86559,0.05647704637411869
rxn:3:52219:37853:71470,0.0564405859913677
rxn:3:60054:1149:123090,0.056432902812957764
rxn:3:55915:1149:80866,0.05643015483330036
rxn:3:64509:6419:88237,0.05637223556123931
rxn:3:44002:1149:125245,0.056328471501668295
rxn:3:24200:44520:83031,0.05631852522492409
rxn:3:64509:6428:113646,0.05629055414881025
rxn:3:49508:490:121640,0.056288422907100004
rxn:3:64509:19567:104708,0.05628695871148791
rxn:3:60054:31045:88237,0.056270887851715086
rxn:3:49508:8706:88237,0.056215500831604
rxn:3:49508:39372:88237,0.056200623512268066
rxn:3:49499:2934:71470,0.056186804064997924
rxn:3:59882:1964:132368,0.056179214268922806
rxn:3:49499:31166:71470,0.056128547741816595
rxn:3:55915:1149:86559,0.056127913536563996
rxn:3:44002:39087:96332,0.05610396385192871
rxn:3:42688:35051:85433,0.05604876049103275
rxn:3:42129:7122:134963,0.05594512224197388
rxn:3:42688:24200:74279,0.055931261607578824
rxn:3:42129:31166:85433,0.055864995923535575
rxn:3:64509:1149:136811,0.055855678660529
rxn:3:42688:1149:71470,0.05583414339250134
rxn:3:64509:1912:125245,0.055794283747673035
rxn:3:55586:39443:71470,0.05573416607720511
rxn:3:42129:8654:134963,0.05573150974053603
rxn:3:55586:39336:71470,0.05572900176048279
rxn:3:62819:22937:86559,0.05572872360547384
rxn:3:60054:1964:133649,0.05572333835786389
rxn:3:60054:2643:125245,0.055721899637809165
rxn:3:55915:2176:136687,0.05572018137684575
rxn:3:52849:34491:71470,0.055535283955660736
rxn:3:60054:1149:66449,0.05542086527265351
rxn:3:49499:1149:100232,0.05539655685424805
rxn:3:60054:1964:70183,0.05530376395871563
rxn:3:49507:3197:129676,0.055285376660964065
rxn:3:49508:22937:125245,0.055182618754250665
rxn:3:49508:32675:136811,0.055108716410975304
rxn:3:59882:12104:134963,0.055093003355938454
rxn:3:52849:34491:88237,0.05504655838012695
rxn:3:61523:39443:129418,0.05504220150984251
rxn:3:45558:6418:88237,0.05501801334321499
rxn:3:49508:5439:71470,0.054969977449487756
rxn:3:64509:2643:125245,0.05494999427061815
rxn:3:49508:32675:71470,0.05490005400873
rxn:3:61523:37729:88087,0.05488611664623022
rxn:3:49499:1149:142033,0.054819648464520775
rxn:3:60054:1149:136687,0.054817376392228265
rxn:3:64509:1964:71470,0.05481205667768206
rxn:3:49507:5439:69178,0.05480303764343262
rxn:3:49499:1149:130107,0.05471133302759241
rxn:3:49508:39087:88237,0.05469354339267896
rxn:3:49508:23815:110719,0.05468925635019938
rxn:3:49508:6155:113646,0.05466667652130127
rxn:3:60054:38843:113646,0.05463360385461287
rxn:3:44053:23815:71470,0.05462259848912557
rxn:3:61523:31166:129676,0.05459957782711301
rxn:3:55915:37729:74279,0.05459415486880711
rxn:3:52849:1912:125245,0.05454386472702026
rxn:3:55915:39399:133649,0.05443683664004008
rxn:3:60054:8634:71470,0.054432882712437555
rxn:3:59882:1964:74279,0.05442245006561279
rxn:3:42129:21267:134963,0.05440083642800649
rxn:3:49507:1149:129676,0.0543786296338746
rxn:3:42129:1912:128859,0.05435025904859815
rxn:3:60054:23163:71470,0.0543403183972394
rxn:3:44002:1964:71470,0.0542251871478173
rxn:3:49507:6355:86621,0.054177175275981426
rxn:3:64509:19567:96332,0.054147662787601865
rxn:3:60054:32185:113646,0.05413028045936867
rxn:3:49508:9307:81702,0.05411040398382371
rxn:3:49507:32185:97944,0.05407393940033451
rxn:3:24200:44520:120274,0.054045788447062176
rxn:3:61523:2625:125245,0.05404302707085243
rxn:3:44053:31814:71470,0.05403420020794046
rxn:3:52849:39372:69760,0.05397667713901576
rxn:3:44053:2176:66395,0.05397559915270124
rxn:3:55915:39372:133649,0.05395778814951579
rxn:3:49507:5439:129676,0.05392091671625773
rxn:3:55915:31814:86559,0.053918341110492575
rxn:3:60054:23159:88237,0.053838681716185346
rxn:3:55915:31166:65891,0.053716154769062996
rxn:3:49507:6427:113646,0.053688715244161675
rxn:3:42884:11759:77920,0.05367939919233322
rxn:3:60054:38974:88237,0.05367699654205986
rxn:3:50803:2623:110719,0.053575388590494794
rxn:3:64509:19567:136811,0.05356366881008806
rxn:3:42129:3254:134963,0.05354299023747444
rxn:3:60054:24882:125245,0.053497254848480225
rxn:3:55915:1067:121640,0.053493906151164665
rxn:3:44053:34491:71470,0.0534931480884552
rxn:3:61523:5970:125245,0.053415532623018534
rxn:3:42129:8634:142033,0.053397576808929446
rxn:3:49507:1149:88237,0.05335904400924157
rxn:3:50803:2643:71470,0.05335792347236916
rxn:3:61523:37729:127714,0.05334636994770595
rxn:3:55915:1149:121640,0.05334533963884626
rxn:3:24200:49508:83471,0.05328356793948582
rxn:3:44002:7082:113646,0.053265879894125054
rxn:3:60054:1149:74279,0.05325864042554583
rxn:3:44053:2176:110719,0.05324743390083313
rxn:3:55915:38843:121640,0.053233777323076804
rxn:3:61523:34491:91517,0.053185494150966406
rxn:3:62819:32185:71470,0.053145225842793783
rxn:3:42129:7063:142033,0.05314035599048321
rxn:3:49508:23815:85433,0.05308854785458795
rxn:3:24200:44520:116611,0.053080961622040845
rxn:3:49508:5439:85433,0.05304937450974076
rxn:3:44053:38979:71470,0.05299320528584142
rxn:3:49499:1305:88237,0.05296997402025306
rxn:3:49507:5439:71470,0.05294954556005972
rxn:3:49508:35051:113646,0.052913908447538106
rxn:3:42688:19567:85433,0.05291185528039932
rxn:3:55915:38843:81857,0.052897705481602594
rxn:3:49508:9307:113646,0.052857660330258883
rxn:3:62819:39006:120274,0.05279618707196466
rxn:3:64509:6355:137347,0.05279313490308564
rxn:3:52849:34491:120274,0.05269961059093475
rxn:3:64509:3937:96332,0.05267899611900593
rxn:3:45558:6419:113646,0.05266205341585221
rxn:3:60054:7121:71470,0.05265385370988112
rxn:3:59882:1964:66449,0.05264336832108036
rxn:3:62819:7759:142033,0.05264140168825785
rxn:3:59882:12104:125245,0.052636666731400925
rxn:3:62819:2877:86559,0.05261824528376261
rxn:3:60054:1149:77927,0.05261676907539368
rxn:3:60054:7063:125245,0.0525511778317965
rxn:3:49508:35065:88237,0.05252788543701172
rxn:3:49507:34491:97944,0.05250121293396785
rxn:3:49507:39443:86621,0.052488898408824
rxn:3:17548:42129:136687,0.05247946443228886
rxn:3:49507:23815:121640,0.05247077260698591
rxn:3:60054:1964:74279,0.052467550550188334
rxn:3:55915:1149:136687,0.05246308137630594
rxn:3:64509:32675:71470,0.05239649887742667
rxn:3:64509:6418:88237,0.052307724952697754
rxn:3:61523:6355:77920,0.052217318066235245
rxn:3:60054:23158:71470,0.05220430860152611
rxn:3:61523:31045:127714,0.052183186566388165
rxn:3:60054:38411:71470,0.05214195147804592
rxn:3:42129:31166:66395,0.05212730807917459
rxn:3:49508:23815:120274,0.05209338665008545
rxn:3:44002:7082:125245,0.052090156078338626
rxn:3:42129:7082:134963,0.05205471118291219
rxn:3:61523:18809:88087,0.05203607809894225
rxn:3:59882:1964:80866,0.05200231870015462
rxn:3:60054:39443:88237,0.05196270735367485
rxn:3:44002:39527:113646,0.05195910453796387
rxn:3:64509:1964:110719,0.05195164886014215
rxn:3:49507:5439:97944,0.0519352224138048
rxn:3:60054:31166:91517,0.05192881471970502
rxn:3:61928:6424:71470,0.05190239239622046
rxn:3:64509:2125:71470,0.05190234459363497
rxn:3:61523:5439:91517,0.05188940366109212
rxn:3:49507:490:94785,0.051870922831928026
rxn:3:42688:31166:85433,0.05179691513379415
rxn:3:55915:1964:86559,0.0517524826911188
rxn:3:61523:1067:133617,0.051750413080056505
rxn:3:42129:31952:96332,0.05173124421027399
rxn:3:61523:9307:88087,0.051720855216826164
rxn:3:61523:6155:88087,0.05171966254711151
rxn:3:64509:1149:80866,0.05171857135636466
rxn:3:55915:38974:77927,0.05170184815371478
rxn:3:55915:39399:120274,0.05169829300471714
rxn:3:49508:37729:125245,0.05167888956410544
rxn:3:62819:34501:77927,0.051678627729415894
rxn:3:49507:1371:125245,0.05158826410770416
rxn:3:55915:39087:127225,0.05148817192424427
rxn:3:59882:24200:71470,0.05145236960163823
rxn:3:64509:8706:88237,0.05144433890070234
rxn:3:64509:1067:125245,0.05143252611160278
rxn:3:44053:2489:71470,0.051396030804206586
rxn:3:42688:38487:85433,0.051375312730669975
rxn:3:44053:31166:71470,0.05129922827084859
rxn:3:49508:490:96332,0.051255613565444946
rxn:3:60054:3297:113646,0.051224909045479515
rxn:3:62819:1964:66449,0.051216832796732586
rxn:3:24200:44520:121640,0.05119844675064087
rxn:3:60054:23815:71470,0.05119430798071402
rxn:3:49508:490:110719,0.05118374577884016
rxn:3:55915:7654:127714,0.051149994134902954
rxn:3:49507:39006:121640,0.05113404393196106
rxn:3:49507:18809:97944,0.05112788273442176
rxn:3:49507:3054:129676,0.051036912202835086
rxn:3:60054:1912:125245,0.050965651869773865
rxn:3:44053:19567:71470,0.05096369981765747
rxn:3:60054:6439:66449,0.050917573513523225
rxn:3:55915:34491:71470,0.050896482808249335
rxn:3:60054:32185:88237,0.05087954657418387
rxn:3:49499:31220:125245,0.0508154951609098
rxn:3:44053:2176:137347,0.05080046769111387
rxn:3:42129:6418:71470,0.05075906217098236
rxn:3:61523:1964:127714,0.050729888009613956
rxn:3:59882:490:71470,0.05072052989687238
rxn:3:64509:6355:77927,0.050660496128016506
rxn:3:49507:9307:120274,0.05064596595435307
rxn:3:55915:1964:139211,0.05062619159961569
rxn:3:49499:3054:71470,0.05060424407323202
rxn:3:60054:1149:70183,0.050593729942075664
rxn:3:49507:38487:77927,0.05056081215540568
rxn:3:49507:19567:97944,0.05054942830916374
rxn:3:56327:357:123705,0.05053383337728905
rxn:3:55915:1149:70183,0.05051776021718979
rxn:3:61523:9307:65891,0.050458122310893874
rxn:3:55915:38843:77927,0.05045795219915884
rxn:3:49499:34491:71470,0.050456076860427856
rxn:3:62819:1149:86559,0.05043616987043811
rxn:3:42129:37769:110719,0.05038189689318339
rxn:3:49508:38485:88237,0.05037962794303894
rxn:3:61928:31592:123705,0.050298521230960715
rxn:3:49499:1149:128859,0.05029099753924778
rxn:3:64509:1149:85433,0.050257274082728794
rxn:3:61523:5439:77920,0.05023192917859113
rxn:3:49508:23815:136811,0.05021156113723229
rxn:3:55915:14320:120274,0.050206141038374466
rxn:3:60054:34501:113646,0.05019716594530189
rxn:3:64509:6355:121640,0.05019150764653177
rxn:3:24200:44520:127225,0.050114959478378296
rxn:3:44053:31592:85708,0.05006420332938433
rxn:3:55915:31166:123614,0.05005453167290523
rxn:3:42129:7082:110719,0.05003401540940808
rxn:3:55915:1964:70183,0.04998276196420193
rxn:3:49508:23815:74279,0.04990371753429544
rxn:3:60054:39399:125245,0.049884614944458006
rxn:3:49508:38979:93498,0.0498689075311025
rxn:3:60054:1149:90711,0.04985149564414189
rxn:3:49508:32675:125245,0.049829260508219404
rxn:3:49499:32675:71470,0.049791080611092706
rxn:3:61928:31592:83031,0.049732051019010876
rxn:3:64509:39372:96332,0.04965039858451256
rxn:3:60054:1149:86559,0.049612311522165935
rxn:3:60054:8634:136811,0.04954858238880451
rxn:3:64509:3937:113646,0.04954825507269965
rxn:3:60054:19567:71470,0.049505357084603144
rxn:3:49508:23815:104708,0.04950396929468427
rxn:3:62819:23163:142033,0.04945982694625854
rxn:3:60054:39006:120274,0.049458937985556464
rxn:3:61523:1305:127714,0.0494455649302556
rxn:3:49508:32675:74279,0.04943126632321265
rxn:3:24200:49508:133649,0.04942988157272339
rxn:3:64509:39006:88237,0.049425485042425304
rxn:3:62819:39087:86559,0.04940195798873901
rxn:3:55915:5439:120274,0.04939362737867567
rxn:3:49507:23824:86621,0.049353623762726784
rxn:3:24200:44520:74279,0.0493488517300836
rxn:3:59882:11759:71470,0.04934600421360561
rxn:3:52849:2176:71470,0.049336738884449005
rxn:3:49507:357:129676,0.04932421346505483
rxn:3:60054:7658:100232,0.049220133710790565
rxn:3:42688:1964:85433,0.04916720236501386
rxn:3:44002:6427:134963,0.04916616156697273
rxn:3:60054:8634:125245,0.049139168262481686
rxn:3:64509:3054:125245,0.049128872652848564
rxn:3:62819:38894:127714,0.049126330883272236
rxn:3:61523:2934:88087,0.049099788521275375
rxn:3:60054:7759:71470,0.04908746022444505
rxn:3:49508:2623:71470,0.049068074072560953
rxn:3:55915:1067:86559,0.049051625975247086
rxn:3:61523:37814:91517,0.049020945094525814
rxn:3:49508:3268:88237,0.049000215530395505
rxn:3:60054:1912:71470,0.04897857666015625
rxn:3:44053:2176:83471,0.04897570610046387
rxn:3:44053:24200:85433,0.048965594598225186
rxn:3:49499:19567:71470,0.04895623666899545
rxn:3:61523:9307:119415,0.04893229324971476
rxn:3:49508:38487:88237,0.048804616928100585
rxn:3:49499:38974:71470,0.048794355081475296
rxn:3:64509:23815:71470,0.04878181219100952
rxn:3:60054:1149:81857,0.04877765014253814
rxn:3:64509:1149:116611,0.048721829695361
rxn:3:61523:31592:91517,0.0487201249960697
rxn:3:64509:31814:96332,0.04871995861713703
rxn:3:17548:60582:136461,0.04870666493661702
rxn:3:55915:6425:123614,0.04868224635720253
rxn:3:17548:42129:104708,0.04858994909695217
rxn:3:52849:34491:131989,0.048553280970629525
rxn:3:44002:39087:77927,0.048551976680755615
rxn:3:61523:6355:119415,0.04852991085499525
rxn:3:49507:31592:142071,0.04852347757135119
rxn:3:49499:37782:71470,0.048488850946779606
rxn:3:60054:1149:134818,0.04847574675524676
rxn:3:55586:39527:142033,0.048471462726593015
rxn:3:49508:23815:116611,0.048442610378923084
rxn:3:52849:2934:71470,0.04843269770636278
rxn:3:61523:6355:127714,0.04840137596641268
rxn:3:64509:3937:88237,0.04839871823787689
rxn:3:55915:39443:70183,0.04839011813913073
rxn:3:60054:1149:120274,0.04837690550705482
rxn:3:60054:1964:86559,0.04836422801017761
rxn:3:42688:24200:132368,0.0483506699403127
rxn:3:24200:49508:128859,0.04833785976682391
rxn:3:64509:19567:125245,0.048316161547388346
rxn:3:49507:6428:97944,0.048289001919329166
rxn:3:49508:32675:104708,0.04825754165649414
rxn:3:61928:31592:86313,0.048212223686277866
rxn:3:49507:9307:97944,0.04820809832641056
rxn:3:60054:1149:80866,0.0481839690889631
rxn:3:49508:490:113646,0.0481528089596675
rxn:3:60054:3054:120274,0.0481374768110422
rxn:3:64509:3054:142071,0.048120103279749554
rxn:3:64509:5439:120274,0.048102738765569836
rxn:3:64509:12215:71470,0.048081359692982266
rxn:3:49508:32185:66449,0.04805030068382621
rxn:3:55915:38843:86559,0.04802648005662141
rxn:3:60054:1149:116611,0.04798502581460135
rxn:3:64509:27843:113646,0.04798398699079241
rxn:3:55915:35065:77927,0.04798033502366808
rxn:3:49507:39372:129676,0.04790653720978768
rxn:3:42688:24200:83031,0.047824278954536684
rxn:3:44053:24200:71470,0.04774228377001626
rxn:3:49507:31592:92428,0.04770328663289547
rxn:3:64509:1149:88237,0.047699429370738844
rxn:3:49507:357:97944,0.047690499711919715
rxn:3:42129:2176:71470,0.04767690811838422
rxn:3:49508:39399:113646,0.04766341126882113
rxn:3:49508:38979:96332,0.047663219769795734
rxn:3:62819:27843:123614,0.04764947667717934
rxn:3:55915:2176:70183,0.0476340651512146
rxn:3:64509:2623:80866,0.04761416953185509
rxn:3:49508:23815:127225,0.047577319400651116
rxn:3:64509:35051:113646,0.047572351419008695
rxn:3:49507:2176:129676,0.047565220825133786
rxn:3:62819:31166:69178,0.0475649602951542
rxn:3:49507:39372:86621,0.047463122875459736
rxn:3:42688:1149:110719,0.04740419238805771
rxn:3:60054:12215:88237,0.04740116110554448
rxn:3:64509:37814:88087,0.04735840079100693
rxn:3:49507:18809:92428,0.04731702082084887
rxn:3:60054:39087:134963,0.047293194315650246
rxn:3:49508:19567:71470,0.04728329566217238
rxn:3:60054:3254:125245,0.04727522669167354
rxn:3:44053:1149:71470,0.047270951732512445
rxn:3:60054:357:120274,0.04723939528832069
rxn:3:61523:6355:134054,0.047200708139327266
rxn:3:49507:38487:77920,0.04718966015747615
rxn:3:49508:18809:142033,0.04718794992991856
rxn:3:49508:23815:142033,0.04713788399329552
rxn:3:55915:1964:127714,0.04707003012299538
rxn:3:49508:29454:66449,0.04700971733440052
rxn:3:42688:3054:120274,0.04697463430207351
rxn:3:49508:23815:96332,0.0469602264206985
rxn:3:60054:8654:88237,0.046946966129800545
rxn:3:49507:357:142071,0.04693171288818121
rxn:3:49508:23815:83471,0.04687024354934692
rxn:3:49507:34491:69760,0.04685914804858546
rxn:3:49507:9307:86621,0.04685254827622445
rxn:3:42129:1149:71470,0.046837560335795086
rxn:3:49507:29454:86621,0.046819413559777395
rxn:3:61523:23824:134054,0.04679782544412921
rxn:3:62819:9307:121640,0.04679374622576164
rxn:3:64509:19567:85433,0.046773464515291414
rxn:3:64509:19567:77927,0.046764839080072215
rxn:3:56327:35051:139211,0.04675507635781259
rxn:3:49507:5439:96332,0.046744187672932945
rxn:3:60054:7399:125245,0.046738422833956204
rxn:3:61523:29454:65891,0.04671298712491989
rxn:3:49508:5439:125245,0.04665243167143602
rxn:3:49508:38979:71470,0.04662882884343465
rxn:3:49508:32675:116611,0.046591047317750996
rxn:3:49507:39372:71470,0.04656893014907837
rxn:3:61523:6424:127714,0.04653917451699575
rxn:3:49507:490:121640,0.04652883901315577
rxn:3:55586:24882:127714,0.04649322107434273
rxn:3:59882:6355:120274,0.04645561774571737
rxn:3:59882:1964:86559,0.04644297808408737
rxn:3:55915:23195:127714,0.0464386735111475
rxn:3:49507:522:126488,0.04643195341615116
rxn:3:42688:24200:133649,0.04634129424248972
rxn:3:52849:34491:132368,0.04634072440011161
rxn:3:61523:37814:134054,0.04631969813377627
rxn:3:42688:24200:86559,0.04631468653678894
rxn:3:60054:38272:71470,0.04630949880395617
rxn:3:55915:3268:86559,0.04629969596862793
rxn:3:64509:5439:88237,0.046278675397237144
rxn:3:61523:38979:91517,0.04625712289954677
rxn:3:49508:5439:116611,0.04620880330050433
rxn:3:49499:31166:119415,0.04620211142482179
rxn:3:42129:32185:81857,0.04613244906067848
rxn:3:49507:9307:134443,0.046107487696589844
rxn:3:55586:179:71470,0.0460612581622216
rxn:3:61523:413:69178,0.04604704145874296
rxn:3:17548:42129:70183,0.0460396409034729
rxn:3:49507:38487:69178,0.04602829323095434
rxn:3:64509:11759:71470,0.04602678922506479
rxn:3:60054:12067:86559,0.04601132018225534
rxn:3:49507:2176:86621,0.04598796367645264
rxn:3:44053:39006:71470,0.04595896402994792
rxn:3:24200:44520:70183,0.045947201550006866
rxn:3:60054:37853:127714,0.04592769543329875
rxn:3:24200:49508:77927,0.045913492811137234
rxn:3:61523:34501:119415,0.04582864244778951
rxn:3:49499:1149:74279,0.045796478236163105
rxn:3:50803:2623:113646,0.04576773555190475
rxn:3:61523:12215:127714,0.045582832318955456
rxn:3:55915:2176:121640,0.045553276033112496
rxn:3:49499:1149:86559,0.04553627967834473
rxn:3:49508:18809:120274,0.04552195593714714
rxn:3:64509:34501:88237,0.045486619075139366
rxn:3:49507:6428:88237,0.04546937250321911
rxn:3:64509:2176:125245,0.04545469284057617
rxn:3:49508:9307:125272,0.04543798373026006
rxn:3:61523:3054:91517,0.04543493688106537
rxn:3:55915:31814:127714,0.04542588790257772
rxn:3:61523:6441:127714,0.045415578349944086
rxn:3:55915:35051:139211,0.04539711722012224
rxn:3:49508:6155:125245,0.0453772797034337
rxn:3:49508:39399:136811,0.0453577424798693
rxn:3:49508:23815:131989,0.04526147643725077
rxn:3:61523:6427:113646,0.045255266427993775
rxn:3:45558:7654:134963,0.045251219503341183
rxn:3:49507:39006:142071,0.04519613569273668
rxn:3:49508:38979:142033,0.045159485605027944
rxn:3:49508:5439:88237,0.04513608950835008
rxn:3:61928:31592:81702,0.04510625580261494
rxn:3:50803:39399:71470,0.045004379290800825
rxn:3:49507:5439:88237,0.044984909204336315
rxn:3:60054:7759:125245,0.04497620105743408
rxn:3:17548:42129:80866,0.044901268235568344
rxn:3:49508:490:137347,0.04489365617434184
rxn:3:64509:39006:125245,0.04487088551888099
rxn:3:64509:357:85433,0.04484694242477417
rxn:3:24200:49508:120815,0.044796506563822426
rxn:3:49507:34501:113646,0.04478860139846802
rxn:3:44053:490:71470,0.04476001344878098
rxn:3:64509:522:113646,0.04472769737243652
rxn:3:52849:34491:74279,0.044707556114052284
rxn:3:52849:31166:69760,0.04469243288040161
rxn:3:55915:6428:71470,0.04467839242950562
rxn:3:61523:19567:65891,0.044669925205169186
rxn:3:44002:39443:71470,0.04466919214637191
rxn:3:42129:2877:96332,0.0446579620755952
rxn:3:49507:18809:125665,0.04462927579879761
rxn:3:60054:29621:125245,0.04460878173510233
rxn:3:49507:413:86621,0.044608356431126595
rxn:3:42129:1964:110719,0.044606456833501014
rxn:3:55915:34501:70183,0.044604934495070886
rxn:3:17548:60580:96332,0.044587782621383666
rxn:3:55915:23815:132368,0.044533868630727134
rxn:3:24200:42129:132368,0.044527397073548414
rxn:3:62819:38879:127714,0.044508507174830285
rxn:3:59882:31592:71470,0.04447610874970754
rxn:3:64509:6355:85433,0.044435863141660335
rxn:3:61523:9202:127714,0.04443358491968225
rxn:3:61523:34491:119415,0.04441351909190416
rxn:3:49507:6428:113646,0.044411279757817584
rxn:3:49508:39399:120815,0.04438722346510206
rxn:3:49507:31166:129676,0.04437463264912367
rxn:3:42688:19567:71470,0.04431205987930298
rxn:3:49508:490:88237,0.044307867685953774
rxn:3:49507:38487:92428,0.04430355899261706
rxn:3:55915:1149:139211,0.04428652648268075
rxn:3:60054:38411:88237,0.044279664754867554
rxn:3:64509:19567:120274,0.04427171548207601
rxn:3:49508:39399:96332,0.04421039990016392
rxn:3:62819:22937:81857,0.044186844907957934
rxn:3:44053:31592:71470,0.044184954416367314
rxn:3:64509:3054:113646,0.04416528214579043
rxn:3:49507:490:125272,0.04414274762658512
rxn:3:55915:7082:127714,0.044124994426965714
rxn:3:49499:2176:71470,0.04411960601806641
rxn:3:49508:23815:113646,0.044090975213933875
rxn:3:50803:39087:71470,0.04405676776712591
rxn:3:49508:38979:136811,0.04402711391448975
rxn:3:49508:23815:136687,0.04401588439941406
rxn:3:64509:6424:120274,0.04400732517242432
rxn:3:42129:38974:71470,0.043985997255031876
rxn:3:49508:5439:104708,0.04389493740521944
rxn:3:42688:24200:80866,0.04388626132692609
rxn:3:49499:1149:80866,0.04383434631206371
rxn:3:62819:1912:142033,0.04382498627123625
rxn:3:64509:2623:70183,0.043812647461891174
rxn:3:44053:2176:133649,0.043800633400678635
rxn:3:62819:38880:86559,0.04377336899439494
rxn:3:49507:357:120274,0.04376642193113055
rxn:3:64509:2176:80866,0.04367950100165147
rxn:3:49508:18809:136811,0.04366167899101011
rxn:3:64509:6419:71470,0.043638281027475995
rxn:3:61523:6418:127714,0.04361775313173571
rxn:3:64509:24200:85433,0.04361676216125488
rxn:3:64509:3197:134564,0.04357734425314542
rxn:3:49507:31166:69178,0.04352001007646322
rxn:3:60054:38642:71470,0.04350909819969764
rxn:3:17548:60580:85433,0.0435040020942688
rxn:3:50803:38487:71470,0.0434952501592965
rxn:3:42884:11759:71470,0.04344458083311717
rxn:3:49508:32675:124208,0.04344017058610916
rxn:3:61523:35065:88087,0.043425944344750764
rxn:3:49507:9307:108894,0.04341458937814159
rxn:3:42688:6355:85433,0.043412917852401735
rxn:3:49507:39006:97944,0.04339981695701336
rxn:3:60054:1964:120274,0.04339120511350961
rxn:3:49508:18809:110719,0.043384112417697906
rxn:3:60054:31166:134054,0.043380084362897
rxn:3:49508:38487:125245,0.0433793048063914
rxn:3:61523:1067:134054,0.04337676664193471
rxn:3:17548:60582:125245,0.04337084417541822
rxn:3:49508:9307:139272,0.043366303046544395
rxn:3:61928:31592:134054,0.0433640917763114
rxn:3:17548:60582:129676,0.04334824000086103
rxn:3:49499:1149:131989,0.04334366747311184
rxn:3:49507:37814:129676,0.04330467851832509
rxn:3:49507:522:86621,0.04328989423811436
rxn:3:42688:2934:85433,0.043284879576775334
rxn:3:62819:39372:133649,0.0432639479637146
rxn:3:42688:24200:142033,0.04322453737258911
rxn:3:64509:6355:113646,0.04318929672241211
rxn:3:59882:5439:71470,0.04317659139633179
rxn:3:61523:6355:69178,0.043168186609234126
rxn:3:61523:37853:69178,0.04316811263561249
rxn:3:61523:18011:127714,0.04313868610188365
rxn:3:42688:24200:116611,0.04311048558780125
rxn:3:61523:12104:127714,0.043068967082283714
rxn:3:49508:38979:130107,0.043068734804789226
rxn:3:44002:19567:71470,0.04306501429527998
rxn:3:55915:38324:127714,0.043021094799041745
rxn:3:42688:39087:85433,0.04301751136779785
rxn:3:64509:1149:127225,0.04298283325301276
rxn:3:49508:38979:83471,0.0429813515755438
rxn:3:62819:2877:66449,0.042948143235568344
rxn:3:49508:1174:88237,0.0429218848546346
rxn:3:61523:23824:91517,0.042920251842588186
rxn:3:61523:34491:86313,0.042919125768446156
rxn:3:49508:6155:121640,0.0429077609018846
rxn:3:49508:32675:96332,0.04284357640051072
rxn:3:64509:37853:71470,0.042807703768765484
rxn:3:24200:44520:136687,0.042794835978540884
rxn:3:60054:31166:119415,0.04276101203525767
rxn:3:61523:6419:127714,0.04274875021749927
rxn:3:49499:1149:116611,0.0427362808474788
rxn:3:49508:35065:113646,0.04273375868797302
rxn:3:62819:1964:83031,0.04270701855421066
rxn:3:17548:42129:116611,0.04269733305635123
rxn:3:49507:31166:65891,0.04269518274249452
rxn:3:49508:5439:74279,0.042667773034837514
rxn:3:61928:6419:86559,0.04263137876987457
rxn:3:42688:24200:70183,0.04262091459766511
rxn:3:49507:23815:142071,0.042616023298572094
rxn:3:49499:6355:120274,0.04260100258721246
rxn:3:49508:39399:110719,0.04259243093687912
rxn:3:64509:35058:113646,0.04253975834165301
rxn:3:60054:7658:120274,0.04253229830000135
rxn:3:64509:3937:142033,0.042469208057110124
rxn:3:61523:5439:134054,0.04246676482003311
rxn:3:45558:12104:134963,0.042450285206238426
rxn:3:49507:5439:125245,0.042448124060264
rxn:3:64509:39372:104708,0.04239832878112793
rxn:3:61928:31592:92428,0.04234289697238377
rxn:3:64509:3268:71470,0.04233860764010199
rxn:3:49508:18809:125245,0.042305902640024824
rxn:3:49508:32675:120274,0.04229234345257282
rxn:3:61523:6428:127714,0.042287310284952966
rxn:3:49508:32675:83471,0.04226498678326607
rxn:3:60054:29454:86559,0.04226437211036682
rxn:3:61523:5970:127714,0.04225615947507322
rxn:3:49508:6155:120274,0.04222903719970158
rxn:3:49507:2623:71470,0.042213135188625704
rxn:3:55915:31166:127714,0.04218106981246702
rxn:3:49508:34501:88237,0.0421445002922645
rxn:3:49499:1149:66449,0.04212530595915658
rxn:3:49507:9307:96332,0.04208471519606454
rxn:3:42688:6155:85433,0.04205988986151559
rxn:3:61523:38764:127714,0.042008661306821383
rxn:3:64509:2623:134818,0.04199586170060294
rxn:3:62819:5439:142071,0.04197901102804368
rxn:3:61523:35051:88087,0.04191899864059506
rxn:3:61928:31592:86621,0.04184709437962236
rxn:3:49508:9307:125245,0.04181394753632722
rxn:3:49507:38974:86621,0.04174568992236565
rxn:3:64509:38979:120274,0.041734853695178854
rxn:3:61523:6422:88237,0.04170700449209947
rxn:3:49508:490:136811,0.041704143796648295
rxn:3:64509:12067:71470,0.0416747870353552
rxn:3:49499:5439:71470,0.04166887576381365
rxn:3:49508:35051:88237,0.04166735862863475
rxn:3:61523:23824:119415,0.04165584035217762
rxn:3:61523:39006:91517,0.04161196597851813
rxn:3:60054:39443:113646,0.041575017300519074
rxn:3:64509:38411:88237,0.041558585383675316
rxn:3:61523:7399:127714,0.041532061461891444
rxn:3:55915:3268:142071,0.041506811550685335
rxn:3:49508:1174:125245,0.04149027268091838
rxn:3:24200:44520:104708,0.04145139455795288
rxn:3:61523:2623:88087,0.04140209669575972
rxn:3:44053:2176:74279,0.041394638604131236
rxn:3:64509:2176:116611,0.04138018305485065
rxn:3:61523:6355:129418,0.041290018835972095
rxn:3:64509:6355:96332,0.04125035250628436
rxn:3:60054:38974:113646,0.04123714295300571
rxn:3:60054:1149:118819,0.04117598136266073
rxn:3:55915:39443:86559,0.04116306260780052
rxn:3:42129:32185:71470,0.04114270642880471
rxn:3:49508:39399:133649,0.041131811757241524
rxn:3:49508:6155:110719,0.041107313973563056
rxn:3:49508:32675:137347,0.04110557382757014
rxn:3:49507:37853:71470,0.04109261262005773
rxn:3:42129:7759:142033,0.04104416847229004
rxn:3:44053:2176:128859,0.0410377303759257
rxn:3:59882:31166:71470,0.04102394087561246
rxn:3:42129:31166:123614,0.04098520477612813
rxn:3:42688:39006:120274,0.04096185199676022
rxn:3:55915:39338:127714,0.04094700415929158
rxn:3:60054:31166:88087,0.04093264832216151
rxn:3:49507:1174:97944,0.04092132083831295
rxn:3:61523:23824:133617,0.04092017200685317
rxn:3:49508:32675:110719,0.04091404937207699
rxn:3:49508:38979:134564,0.04090580940246582
rxn:3:55915:5439:142071,0.040888755552230344
rxn:3:44053:2176:80866,0.040884634544109476
rxn:3:64509:1149:104708,0.04087350545106111
rxn:3:42884:23824:101193,0.040828317403793335
rxn:3:61523:9307:133617,0.04081367701292038
rxn:3:55915:2125:83031,0.04081284602483114
rxn:3:61523:31166:92428,0.04081184334225125
rxn:3:17548:42129:74279,0.04080113871344205
rxn:3:64509:34491:71470,0.04075631609669438
rxn:3:61523:522:134054,0.04069676093997494
rxn:3:64509:522:125245,0.04068353542914757
rxn:3:55915:1964:142071,0.04062901524936452
rxn:3:49508:6155:142033,0.04061378041903178
rxn:3:24200:44520:142033,0.040584649030978866
rxn:3:49508:23815:80866,0.04053663385325465
rxn:3:49508:32675:131989,0.04052662290632725
rxn:3:49507:37814:120274,0.04038738012313843
rxn:3:61523:34491:123614,0.04037065918628986
rxn:3:56327:357:108894,0.0403670867284139
rxn:3:42688:24200:126488,0.040305896238847214
rxn:3:50803:3197:88237,0.04030256186212812
rxn:3:49508:490:71470,0.04025651727403913
rxn:3:49507:9307:139272,0.040235248930526504
rxn:3:49508:9307:74279,0.040235125592776706
rxn:3:61523:1149:86313,0.04022110940422863
rxn:3:61523:6439:127714,0.040213714443868204
rxn:3:42884:5439:101193,0.04019973846152425
rxn:3:49508:38979:85433,0.040170900026957196
rxn:3:49507:5439:108894,0.040127821763356525
rxn:3:64509:7063:71470,0.04012618572623641
rxn:3:17548:60582:134054,0.04008600019639538
rxn:3:64509:39399:125245,0.040078229904174804
rxn:3:49508:490:120274,0.040058014721705996
rxn:3:60054:6439:86559,0.04002978838980198
rxn:3:61523:2176:71470,0.040005614360173546
rxn:3:64509:2489:71470,0.039962673416504495
rxn:3:49507:6355:92428,0.03992640323215915
rxn:3:49508:32675:93498,0.0398756496367916
rxn:3:64509:3197:83471,0.03986547986666362
rxn:3:64509:2176:77927,0.03985511085816792
rxn:3:49507:39006:129676,0.03980703465640545
rxn:3:55586:179:134963,0.039771427550623496
rxn:3:49508:9307:125665,0.039766966335235104
rxn:3:49508:6155:116611,0.039673950937059194
rxn:3:49507:38487:113646,0.0396390413415843
rxn:3:44053:2176:77927,0.03963838854143696
rxn:3:49508:18809:85433,0.039634512316796086
rxn:3:62819:1154:127714,0.039608143991039645
rxn:3:49507:39399:121640,0.03959692751660066
rxn:3:49508:18809:83471,0.039521269500255585
rxn:3:62819:1964:118819,0.03951561450958252
rxn:3:64509:2176:136811,0.039508853967373185
rxn:3:49508:38979:110719,0.03938740299594018
rxn:3:64509:37814:88237,0.03936892747879028
rxn:3:24200:49508:136687,0.03930041525099012
rxn:3:61523:8706:127714,0.03928898324569066
rxn:3:49507:1964:129676,0.039239433452938545
rxn:3:64509:2176:120274,0.03923007956257573
rxn:3:42129:5439:142071,0.039216358214616776
rxn:3:42688:29454:86559,0.03920399802071708
rxn:3:64509:23815:120274,0.0391926360981805
rxn:3:49508:23815:130107,0.03917785759629874
rxn:3:61523:6419:77920,0.03917290852405131
rxn:3:52849:34491:85433,0.03916961180441307
rxn:3:52849:34491:130107,0.03914509036324241
rxn:3:61523:31166:69760,0.03912331329451667
rxn:3:49507:38487:132368,0.03911467302929272
rxn:3:49508:5439:110719,0.039061584642955234
rxn:3:49508:38979:120815,0.03904918829600016
rxn:3:64509:38487:120274,0.039040035009384154
rxn:3:24200:44520:80866,0.03903509008473363
rxn:3:64509:39372:121640,0.03898531664162874
rxn:3:52849:31166:123614,0.038971503867822534
rxn:3:49507:490:120274,0.03896575960619696
rxn:3:49499:1149:120274,0.038936495780944824
rxn:3:55915:9202:127714,0.03892775376637777
rxn:3:59882:39399:71470,0.0389275848865509
rxn:3:55915:35065:86559,0.0389196894786976
rxn:3:50803:2623:131989,0.03891514142354329
rxn:3:52849:357:69760,0.03890343868371212
rxn:3:59882:31166:127714,0.03888319618999958
rxn:3:49507:3268:88237,0.03885902762413025
rxn:3:61523:39372:65891,0.03882463542478425
rxn:3:49508:23815:134564,0.03881380270267355
rxn:3:44053:38487:71470,0.038808202371001244
rxn:3:24200:49508:121640,0.03879301566066164
rxn:3:52849:24200:85433,0.03876845298274871
rxn:3:60054:1964:85708,0.038766293690122404
rxn:3:60054:1964:121640,0.0387310455827152
rxn:3:61523:6155:91517,0.0387234369913737
rxn:3:49507:1174:129676,0.03860744746292338
rxn:3:62819:38979:66449,0.038607303301493326
rxn:3:49507:2934:129676,0.03854908929629759
rxn:3:42688:24200:136687,0.03853565028735569
rxn:3:64509:6425:71470,0.038496412833531696
rxn:3:49508:38979:127225,0.03849472259653026
rxn:3:59882:1964:85708,0.038489341735839844
rxn:3:49507:1149:142071,0.038485826339040484
rxn:3:49508:29454:132368,0.03845699569758247
rxn:3:50803:35065:88237,0.03845679759979248
rxn:3:64509:39399:71470,0.038425365319618814
rxn:3:62819:7654:127714,0.038410354405641556
rxn:3:61523:2489:127714,0.03840611819867735
rxn:3:55915:37729:86559,0.038297005494435626
rxn:3:24200:44520:66449,0.03827166159947713
rxn:3:55586:39336:127714,0.03824898786842823
rxn:3:64509:490:71470,0.03824780537531926
rxn:3:49508:9307:110719,0.03824651652369006
rxn:3:64509:2176:121640,0.038201180286705494
rxn:3:42884:35065:101193,0.03816421450145783
rxn:3:55915:1067:66449,0.03816198876925877
rxn:3:24200:49508:142033,0.03816037873427073
rxn:3:49507:31166:126488,0.03809662787791561
rxn:3:55915:39443:133649,0.038075655698776245
rxn:3:49508:9307:116611,0.0380660742521286
rxn:3:62819:37782:127714,0.03805496543645859
rxn:3:61523:9307:134054,0.0380500316619873
rxn:3:44002:39087:133649,0.03804422276360648
rxn:3:42129:39372:71470,0.037992669003350396
rxn:3:50803:12067:71470,0.037973642349243164
rxn:3:61523:14320:134054,0.037971934463296615
rxn:3:64509:1149:134818,0.03794503653490985
rxn:3:62819:31166:127714,0.03791979435951479
rxn:3:49507:31166:77920,0.037858504237550675
rxn:3:49508:490:142033,0.03785033226013183
rxn:3:49508:5439:80866,0.03782652042530201
rxn:3:60054:1964:80866,0.03779144585132599
rxn:3:61523:3054:86313,0.03771242704884759
rxn:3:49507:5439:65891,0.037667791689595866
rxn:3:49508:32675:130107,0.037658779851851926
rxn:3:49507:5439:123705,0.03765159994363785
rxn:3:24200:42129:142071,0.037569524720311165
rxn:3:55915:38880:127714,0.03754644047829413
rxn:3:49508:490:83471,0.03753432734259244
rxn:3:50803:39338:71470,0.03751453528037438
rxn:3:49508:39443:125272,0.03747106157243252
rxn:3:49507:357:121640,0.03746980654470848
rxn:3:55915:1149:101193,0.037453312426805496
rxn:3:64509:39372:110719,0.037450936105516225
rxn:3:49507:1964:71470,0.03743558625380198
rxn:3:64509:37814:77927,0.03742632783692459
rxn:3:44053:2176:121640,0.037379458972385954
rxn:3:60054:1964:139211,0.03737930314881461
rxn:3:52849:34491:85708,0.037336567307219785
rxn:3:64509:19567:142033,0.037304541239371665
rxn:3:62819:1964:69760,0.03727964912691424
rxn:3:64509:2934:121640,0.037258205168387466
rxn:3:17548:42129:90711,0.037236615022023516
rxn:3:49508:490:104708,0.037228668177569355
rxn:3:24200:42129:83031,0.03720194896062215
rxn:3:59882:35051:139211,0.037200760841369626
rxn:3:64509:39372:136811,0.03718578356962938
rxn:3:64509:6355:125245,0.03712150225272545
rxn:3:64509:3937:128145,0.03710171154567173
rxn:3:42129:12215:71470,0.037085396548112236
rxn:3:49507:38979:126488,0.03708174441541944
rxn:3:49507:2934:142071,0.03705262116023472
rxn:3:42688:9307:121640,0.03704547882080078
rxn:3:49508:3054:120274,0.037021981818335395
rxn:3:64509:357:90711,0.03701100784998674
rxn:3:64509:39443:88237,0.03698226679926333
rxn:3:49507:522:121640,0.03694551970277514
rxn:3:49508:6155:127225,0.03693951322482182
rxn:3:55586:7399:71470,0.0369263022176681
rxn:3:55915:2176:66449,0.03691810369491577
rxn:3:64509:2176:113646,0.03688843051592509
rxn:3:49508:38979:80866,0.036865488688151045
rxn:3:61523:31592:86313,0.03684507869184017
rxn:3:49508:18809:124208,0.03681773319840431
rxn:3:61523:2934:91517,0.03679715142105565
rxn:3:64509:2623:127225,0.0367944347006934
rxn:3:60054:31166:86313,0.03672649643637917
rxn:3:49499:1149:70183,0.0367025097211202
rxn:3:49507:23815:129676,0.036691815592348576
rxn:3:64509:3937:137347,0.036653072603287234
rxn:3:64509:1149:77927,0.03665223519007365
rxn:3:17548:60580:136461,0.03661531815305352
rxn:3:61523:9307:121640,0.036596366514762245
rxn:3:64509:1149:74279,0.03657561114856175
rxn:3:17548:60582:85433,0.03656443119049072
rxn:3:61523:39006:133617,0.036555184952674374
rxn:3:52849:34491:93498,0.03653957446416219
rxn:3:49507:6155:137347,0.036497062650220145
rxn:3:64509:2176:74279,0.03648130022562467
rxn:3:55915:38974:86559,0.03644342996456005
rxn:3:59882:37814:120274,0.036436776320139565
rxn:3:61523:413:125665,0.03642898904425757
rxn:3:61523:3054:120274,0.03641920847197374
rxn:3:61523:14320:127714,0.036414905334822834
rxn:3:64509:31814:120274,0.03636778284002234
rxn:3:49508:1067:125245,0.036318942352577495
rxn:3:55915:2176:142071,0.03627798333764076
rxn:3:49499:38974:88237,0.03627104650844227
rxn:3:49508:23815:81857,0.03626866936683655
rxn:3:64509:3197:131989,0.03626094261805216
rxn:3:49508:39399:80866,0.03623984328338078
rxn:3:64509:39372:88087,0.03621996239279256
rxn:3:49508:6155:80866,0.03620498930966413
rxn:3:49507:5439:90711,0.036196355308805196
rxn:3:64509:37814:121640,0.036191960175832115
rxn:3:52849:522:71470,0.03615934198552912
rxn:3:64509:39372:133649,0.03612194184599252
rxn:3:64509:357:86313,0.036119550947220094
rxn:3:61523:6155:86313,0.036114633083343506
rxn:3:64509:19567:132368,0.036095551906093475
rxn:3:61523:29454:134054,0.036089369479347676
rxn:3:49499:522:71470,0.036059668430915244
rxn:3:61928:31592:71470,0.03604202717542648
rxn:3:42129:1912:123614,0.03603099286556244
rxn:3:49508:490:116611,0.03598209364073617
rxn:3:61523:2934:119415,0.03597355024381117
rxn:3:49507:11759:101193,0.03596819504614799
rxn:3:49507:3054:120274,0.03596400682415281
rxn:3:49508:9307:134443,0.03587854947104598
rxn:3:61523:38487:65891,0.035876259207725525
rxn:3:55915:2176:86559,0.035868073331898655
rxn:3:64509:39372:74279,0.0358108992759998
rxn:3:64509:2176:70183,0.03580957445605048
rxn:3:61928:7658:86559,0.035796199853603654
rxn:3:45558:39087:134963,0.03576805830001831
rxn:3:60054:12067:118819,0.035742453166416714
rxn:3:64509:6355:142033,0.0356917679309845
rxn:3:61523:39443:119415,0.03561311703303765
rxn:3:49508:18809:134818,0.035612601041793826
rxn:3:49508:23815:137347,0.035593151084838376
rxn:3:61523:31166:126158,0.035526394844055176
rxn:3:64509:2176:88237,0.03547370433807373
rxn:3:49508:5439:131989,0.03544032573699951
rxn:3:60054:23158:125245,0.0354265022277832
rxn:3:64509:38880:125245,0.03541654577622047
rxn:3:49508:18809:127225,0.03540704846382141
rxn:3:61523:39372:129418,0.03536786192229816
rxn:3:55915:1149:142071,0.03532268019283519
rxn:3:49507:6155:126488,0.03531239926815033
rxn:3:64509:2934:134818,0.035297656500781024
rxn:3:62819:39443:71470,0.03529058158397674
rxn:3:59882:6428:71470,0.035289814695715904
rxn:3:62819:38880:127714,0.03526915273358745
rxn:3:24200:44520:139211,0.03522881146135001
rxn:3:60054:38642:125245,0.03522399425506592
rxn:3:17548:60582:137347,0.03522384773801874
rxn:3:56327:39372:108894,0.035201044205357045
rxn:3:64509:3937:85433,0.03519845830983129
rxn:3:55915:32675:118819,0.03518224321305752
rxn:3:61523:357:119415,0.03517565230528514
rxn:3:60054:23163:125245,0.03516694215627817
rxn:3:55915:39087:133649,0.03516296239999624
rxn:3:55915:28569:127714,0.03511602431535721
rxn:3:64509:357:125245,0.03511238098144531
rxn:3:64509:3054:85433,0.035040562152862546
rxn:3:49507:38487:97944,0.03503032725664877
rxn:3:56327:35065:108894,0.0350300632417202
rxn:3:64509:2176:104708,0.03502584934234619
rxn:3:49508:5439:83471,0.03501932110105242
rxn:3:49507:357:92428,0.035014344700451554
rxn:3:61928:31592:88625,0.035009939343698566
rxn:3:49508:18809:131989,0.03497823886573315
rxn:3:64509:31220:120274,0.03492519567752707
rxn:3:61523:1964:86313,0.03486472461372614
rxn:3:49507:6155:121640,0.03486075003941854
rxn:3:49508:5439:96332,0.03485495072823984
rxn:3:49508:38979:124208,0.034853400722626715
rxn:3:64509:3937:120274,0.034817387660344444
rxn:3:64509:2176:133649,0.03481224693101028
rxn:3:49507:38979:129676,0.03478235186952533
rxn:3:42129:357:123705,0.034769749641418456
rxn:3:49508:5439:124208,0.0347674446446555
rxn:3:59882:3054:120274,0.03470580918448312
rxn:3:49508:23815:93498,0.03467618391431611
rxn:3:55915:31166:69178,0.034662626443370696
rxn:3:64509:14320:120274,0.03460016753524542
rxn:3:24200:42129:101193,0.034595563014348345
rxn:3:52849:1149:71470,0.0345879444742904
rxn:3:49507:35051:139211,0.03458336641391118
rxn:3:62819:1964:127714,0.03458177670836449
rxn:3:61523:2934:86313,0.03456426504999399
rxn:3:60054:1964:118819,0.034553154309590654
rxn:3:49507:5439:121640,0.03453885109135599
rxn:3:49507:37814:94820,0.034533617477263176
rxn:3:59882:38487:71470,0.034513638865563176
rxn:3:61523:3197:71470,0.03449118661659735
rxn:3:55915:2176:132368,0.034469505836223734
rxn:3:60054:35051:139211,0.034466419901166646
rxn:3:49508:6155:90711,0.03443734560694013
rxn:3:49508:18809:71470,0.03443722378823065
rxn:3:64509:9307:136461,0.03442125699736855
rxn:3:49508:34501:113646,0.03441807508468628
rxn:3:17548:60582:90711,0.03437270911840292
rxn:3:56327:23824:104708,0.03435187137896015
rxn:3:49508:490:128859,0.03432079430284171
rxn:3:49507:39372:121640,0.03427456845255459
rxn:3:49507:2176:92428,0.03425977031389872
rxn:3:60054:1179:125245,0.03425851960976919
rxn:3:64509:1149:137347,0.03420572876930237
rxn:3:42129:39006:120274,0.03416286657253901
rxn:3:49507:38487:69760,0.03415373509580439
rxn:3:61523:3254:127714,0.03414394538248739
rxn:3:61523:27843:127714,0.03413920633254513
rxn:3:49507:357:123705,0.034049288183450696
rxn:3:49508:38979:131989,0.03402534992464127
rxn:3:64509:2877:125245,0.0340119875394381
rxn:3:42129:38974:127714,0.03399302527822297
rxn:3:61523:23824:88087,0.033984215930104256
rxn:3:64509:3054:136461,0.03398007247596979
rxn:3:49499:490:71470,0.033949575424194335
rxn:3:49508:490:80866,0.03394368929522378
rxn:3:49507:19567:92428,0.03392477920561126
rxn:3:55915:2176:118819,0.03390129270224736
rxn:3:49508:31592:104505,0.03386720708187889
rxn:3:17548:60582:123705,0.033859762230089734
rxn:3:55915:37729:92428,0.033778047561645506
rxn:3:49499:24200:71470,0.03375027577082316
rxn:3:49508:6155:96332,0.03366869025760227
rxn:3:49499:1149:118819,0.033628036235940864
rxn:3:17548:44520:128859,0.03358920477330685
rxn:3:64509:37814:91517,0.03355410278720014
rxn:3:55915:37729:66449,0.033525730001515354
rxn:3:44002:39087:65891,0.03352083214398088
rxn:3:64509:39372:88237,0.033495063781738284
rxn:3:49507:34491:142071,0.03348936622633653
rxn:3:61928:5439:85708,0.03347955644130707
rxn:3:49508:38979:74279,0.03345738152662913
rxn:3:64509:1149:133649,0.033440041926599315
rxn:3:42129:39087:127714,0.03343368790767811
rxn:3:42688:24200:71470,0.03342139508043017
rxn:3:55915:9307:136461,0.03341920805328032
rxn:3:49507:2176:71470,0.033404533352170675
rxn:3:55586:1305:71470,0.033334400633285785
rxn:3:64509:31592:120274,0.03332067049782852
rxn:3:61523:1149:91517,0.0333153535470818
rxn:3:49507:9307:65891,0.033304943703114986
rxn:3:61523:1179:127714,0.03329606698109554
rxn:3:44053:29454:71470,0.03325938817226526
rxn:3:49508:5439:128859,0.03323473674910409
rxn:3:61523:6355:88087,0.03323186107445508
rxn:3:49508:23815:90711,0.033219367265701294
rxn:3:64509:357:136811,0.03315015077590942
rxn:3:62819:31166:65891,0.033144332468509674
rxn:3:61523:35058:88237,0.0331360399723053
rxn:3:49508:32675:128859,0.03312397934496403
rxn:3:49507:1964:142071,0.03312219509056636
rxn:3:49508:35051:125245,0.03311472514580036
rxn:3:49507:38487:133649,0.033101357957896066
rxn:3:61928:29454:86621,0.033092660288656914
rxn:3:49507:490:137347,0.033070339759190874
rxn:3:44053:37814:120274,0.03306917605861541
rxn:3:24200:49508:142071,0.0330421132966876
rxn:3:49507:5439:69760,0.0329744101598345
rxn:3:55586:1305:127714,0.0329717556014657
rxn:3:49508:23815:86559,0.03296080712349184
rxn:3:44053:2176:136687,0.03291746460158249
rxn:3:56327:23824:90711,0.032897240736267784
rxn:3:49508:32675:77927,0.032891939083735146
rxn:3:61523:38880:127714,0.032881300896406174
rxn:3:64509:1964:120274,0.032860036554007696
rxn:3:64509:39372:80866,0.03277192436731779
rxn:3:49507:38487:137347,0.03276645956617413
rxn:3:64509:3197:120274,0.03273648718992869
rxn:3:61523:31166:121640,0.03270688713077576
rxn:3:61928:31592:88237,0.0326963746547699
rxn:3:60054:1149:86621,0.03268221116835071
rxn:3:61928:31592:132368,0.032681183091231754
rxn:3:61523:29454:91517,0.03267557621002197
rxn:3:64509:6439:71470,0.03265105485916138
rxn:3:55915:34501:133649,0.03264405398533262
rxn:3:49508:1174:96332,0.032622052777198055
rxn:3:49507:522:79585,0.032580198254436255
rxn:3:49508:12067:71470,0.03252263367176056
rxn:3:61928:12067:71470,0.03250403764347235
rxn:3:64509:19567:127225,0.03246307639139039
rxn:3:49508:9307:133617,0.03240005058400771
rxn:3:60054:1149:133649,0.032381471126310284
rxn:3:61523:6425:127714,0.03229225691287748
rxn:3:64509:29621:71470,0.03224856853485107
rxn:3:64509:357:116611,0.03224372386932373
rxn:3:56327:23824:83031,0.03223640727145331
rxn:3:49508:5439:120274,0.032220344458307536
rxn:3:49499:31166:88087,0.03219003568996082
rxn:3:64509:39372:142033,0.032181050466454544
rxn:3:61928:357:86559,0.03218067109584808
rxn:3:64509:39372:116611,0.03217498384989225
rxn:3:49508:29454:139211,0.032157108187675476
rxn:3:61523:19567:134054,0.032123524582747254
rxn:3:49508:9307:136811,0.03208989756447928
rxn:3:49508:38979:116611,0.03208664655685425
rxn:3:64509:39372:90711,0.032015438433046696
rxn:3:49508:39399:137347,0.031953759988149005
rxn:3:64509:1371:120274,0.03194991151491801
rxn:3:55915:38979:66449,0.031935101747512816
rxn:3:64509:37814:85433,0.031911622594904016
rxn:3:61523:31166:71470,0.031889140605926514
rxn:3:62819:34501:142071,0.03188364063539813
rxn:3:49507:38487:88237,0.031881995995839435
rxn:3:61523:1067:127714,0.031858288027622084
rxn:3:17548:60580:77927,0.0318488566963761
rxn:3:56327:23824:96332,0.03184809908270836
rxn:3:49508:490:134818,0.03181891088132505
rxn:3:64509:39006:136811,0.03181224840658682
rxn:3:52849:490:69760,0.031810568755163866
rxn:3:64509:6155:123705,0.031802982091903687
rxn:3:64509:3937:142071,0.03179702447617755
rxn:3:49507:19567:129676,0.03173364698886871
rxn:3:49507:6155:126158,0.03172535747289658
rxn:3:49507:9307:77927,0.03171808322270711
rxn:3:61523:31166:100232,0.031612432920015775
rxn:3:61523:2623:69178,0.03158650994300842
rxn:3:60054:1179:113646,0.031584690446438995
rxn:3:42129:23815:132368,0.031577255456678326
rxn:3:44002:12104:134963,0.03157524516185125
rxn:3:49508:6155:136687,0.03154554631974962
rxn:3:61523:39372:134054,0.031500484546025595
rxn:3:44053:5439:142071,0.03146942275943178
rxn:3:49499:1149:121640,0.03142559889591101
rxn:3:64509:37814:137347,0.03141602565502298
rxn:3:64509:2934:65891,0.03140751225873828
rxn:3:49507:9307:126488,0.03134640328811877
rxn:3:61523:1149:88087,0.031345287281455414
rxn:3:49508:6155:128145,0.03134326751415546
rxn:3:64509:6418:71470,0.03130875031153361
rxn:3:49507:38487:120274,0.031283457297831774
rxn:3:60054:9307:121640,0.03127583768218756
rxn:3:52849:34491:80866,0.03126037707834533
rxn:3:61523:38974:127714,0.031241164207458497
rxn:3:49508:1174:85433,0.03121447370898339
rxn:3:55915:37729:71470,0.03121419038091387
rxn:3:64509:2176:110719,0.03117925590938992
rxn:3:64509:39006:137347,0.031125237201822215
rxn:3:64509:357:121640,0.031096570914791476
rxn:3:61523:5439:69178,0.031060201617387626
rxn:3:49508:3197:71470,0.031038578479520736
rxn:3:61928:31592:94785,0.031038479879498482
rxn:3:59882:31166:77920,0.0309986797246066
rxn:3:49507:6155:136461,0.03098422770991045
rxn:3:49507:5439:136811,0.03097877899805705
rxn:3:49499:357:120274,0.030976476669311522
rxn:3:49508:23815:71470,0.030973954447384537
rxn:3:64509:37814:113646,0.030962440967559814
rxn:3:64509:2934:88237,0.030950404979564524
rxn:3:49507:31166:134054,0.030946915916034153
rxn:3:49508:6155:130107,0.030926655839990685
rxn:3:60054:5439:142071,0.03092006842295329
rxn:3:61523:6428:119415,0.030915082139628274
rxn:3:61523:39006:86313,0.03091140692272494
rxn:3:49508:5439:121640,0.03088819438760931
rxn:3:60054:39087:71470,0.030791206793351608
rxn:3:49499:24200:85433,0.030772211651007336
rxn:3:55915:31166:86313,0.03075568553279428
rxn:3:64509:3937:74279,0.03072389240922599
rxn:3:64509:522:85433,0.030662386505692092
rxn:3:49507:23815:125245,0.03062663972377777
rxn:3:59882:1964:139211,0.030625462532043457
rxn:3:49507:9307:142071,0.030617212707346134
rxn:3:61523:1964:113646,0.03061192234357198
rxn:3:64509:6355:86559,0.030594371516129065
rxn:3:55915:5439:66449,0.030573050181070965
rxn:3:64509:2176:134818,0.030533294677734375
rxn:3:64509:34491:120274,0.030527023332459585
rxn:3:49508:39399:130107,0.030526088816779002
rxn:3:55586:29621:127714,0.030471118167042732
rxn:3:49507:12067:79585,0.030466236895130526
rxn:3:55915:38843:133649,0.030457422137260437
rxn:3:49507:31592:85708,0.03045405832029158
rxn:3:49508:6155:104708,0.03044889638057122
rxn:3:59882:31166:86313,0.030415334020342147
rxn:3:55586:23163:71470,0.030398545726653067
rxn:3:60054:23815:132368,0.03036263893390524
rxn:3:49508:29454:86559,0.03035167560857885
rxn:3:49499:9307:136461,0.030324822291731834
rxn:3:55915:31166:77920,0.03032469004392624
rxn:3:60054:6355:120274,0.030323354261262075
rxn:3:61928:9307:136461,0.030226731973309672
rxn:3:42884:11759:127714,0.03019369009769324
rxn:3:64509:35058:120274,0.030136699638059063
rxn:3:61523:19567:133617,0.030103699727491898
rxn:3:49507:31166:142071,0.030067058170542997
rxn:3:49507:1174:86621,0.030003304976750824
rxn:3:55915:2176:139211,0.029977295133802626
rxn:3:64509:1149:130107,0.029974699020385742
rxn:3:49508:14320:71470,0.029973387718200684
rxn:3:49499:1149:136687,0.029952508431893808
rxn:3:49508:6155:85433,0.02984839677810669
rxn:3:64509:39372:120274,0.029840460530033818
rxn:3:49507:5439:127225,0.029838933394505426
rxn:3:49508:5439:137347,0.029823627965203648
rxn:3:49507:23824:108894,0.029810363426804543
rxn:3:56327:37729:108894,0.02980854170663016
rxn:3:49507:9307:137347,0.02978022297223409
rxn:3:64509:6428:120274,0.02971197905079011
rxn:3:49507:490:69760,0.029711111386617025
rxn:3:61928:9307:121640,0.029708985487620035
rxn:3:52849:34491:127225,0.029682543594390154
rxn:3:60054:14995:71470,0.029678976429360255
rxn:3:44002:6155:86621,0.029678348572023453
rxn:3:64509:357:74279,0.029668829441070556
rxn:3:44002:39087:127714,0.02960428169795445
rxn:3:44053:2176:83031,0.02959203626960516
rxn:3:17548:42129:127225,0.029578609125954763
rxn:3:49507:9307:110719,0.02955729385902142
rxn:3:17548:60582:77927,0.029542792726446082
rxn:3:60054:37814:120274,0.02954068992819105
rxn:3:64509:3197:127225,0.0295293927192688
rxn:3:49507:31166:86313,0.02951581563268389
rxn:3:49507:38487:134818,0.02947484850883484
rxn:3:50803:2623:90711,0.02943970759709676
rxn:3:42688:24200:65891,0.029434803873300552
rxn:3:64509:3197:136687,0.029392967964040822
rxn:3:49507:35051:129676,0.02937722070650621
rxn:3:49507:9307:88087,0.02935469320842198
rxn:3:64509:19567:121640,0.02932902829987662
rxn:3:55915:39006:71470,0.029317574309451238
rxn:3:64509:18809:120274,0.029317392905553182
rxn:3:49508:24200:132368,0.029310057903158254
rxn:3:64509:39087:120274,0.029294151326884395
rxn:3:64509:37814:136811,0.029203787997916893
rxn:3:49508:1964:110719,0.029197515979889902
rxn:3:52849:34491:104708,0.029166525695472956
rxn:3:64509:29454:71470,0.02915194034576416
rxn:3:64509:1149:70183,0.02910440102700264
rxn:3:49508:32675:90711,0.02906708512455225
rxn:3:64509:2623:120274,0.02904158135255178
rxn:3:49507:5439:125665,0.029033366590738297
rxn:3:17548:60580:83031,0.029019920953682492
rxn:3:64509:3054:121640,0.029012270512119416
rxn:3:24200:42129:139211,0.029008079458166053
rxn:3:17548:60582:86313,0.029007626637335745
rxn:3:55915:1964:97944,0.02898664721127214
rxn:3:49508:6155:92428,0.028985826105907046
rxn:3:52849:19567:71470,0.02888211937887328
rxn:3:49499:1149:77927,0.02888161560584759
rxn:3:55915:1964:83031,0.02887757122516632
rxn:3:42129:31166:71470,0.02887504162459538
rxn:3:49507:31166:79585,0.028859168756753206
rxn:3:49508:5439:136687,0.028749485810597736
rxn:3:49508:1174:116611,0.028727564119523572
rxn:3:61523:6428:123614,0.02869971353432228
rxn:3:61523:2089:127714,0.02869895902963785
rxn:3:49508:38979:123090,0.028687795003255207
rxn:3:49508:18809:104708,0.02866585155328115
rxn:3:49507:5439:137347,0.028642686276600278
rxn:3:64509:357:113646,0.02862689806067425
rxn:3:64509:1912:71470,0.028613047599792482
rxn:3:49507:37814:97944,0.02859591718377738
rxn:3:49507:6355:142071,0.028573396889602438
rxn:3:49499:35051:139211,0.028553366661071777
rxn:3:61523:1149:129418,0.028542514642079672
rxn:3:56327:522:71470,0.028512180550023913
rxn:3:49508:31592:125665,0.028502292705304695
rxn:3:61523:2176:91517,0.028494360946839856
rxn:3:64509:3054:96332,0.02849003791809082
rxn:3:44002:31166:127714,0.028489869652372418
rxn:3:64509:2934:125245,0.028464518211506033
rxn:3:49508:39399:120274,0.028447974344779706
rxn:3:61928:31166:134054,0.02843512606716925
rxn:3:17548:60582:110719,0.028400838375091553
rxn:3:49507:35051:97944,0.02836768627166748
rxn:3:56327:39372:71470,0.028366923332214355
rxn:3:55915:1964:94820,0.028361197440854965
rxn:3:24200:44520:118819,0.028350741632523074
rxn:3:49507:37782:125245,0.02834233025024677
rxn:3:49507:9307:125272,0.0283184033982894
rxn:3:49507:9307:119415,0.028315003003392902
rxn:3:55915:39399:127714,0.028287307421366373
rxn:3:61523:2625:127714,0.028250587979952495
rxn:3:55915:38974:92428,0.02824996025473983
rxn:3:64509:9307:123705,0.028229473993696016
rxn:3:61523:5439:133617,0.028170794248580933
rxn:3:49507:5439:134443,0.02817028108984232
rxn:3:60054:1149:91517,0.02815441063472203
rxn:3:64509:39006:70183,0.028152958552042643
rxn:3:61523:6427:134963,0.028146556130161992
rxn:3:64509:39372:127225,0.028138935565948486
rxn:3:64509:522:136811,0.028101325035095215
rxn:3:49507:39372:92428,0.02809773286183675
rxn:3:49508:5439:136811,0.02808226920940258
rxn:3:64509:2623:123090,0.028074744446524257
rxn:3:49507:6355:120274,0.028061348696549734
rxn:3:64509:37814:110719,0.028060159512928555
rxn:3:61523:38487:133617,0.02802481163631786
rxn:3:17548:60580:90711,0.02800534264399455
rxn:3:60054:38979:66449,0.02799155383274473
rxn:3:55586:37853:71470,0.027983288130452557
rxn:3:59882:1964:142071,0.027951691831861223
rxn:3:61523:39087:127714,0.027950071770211925
rxn:3:64509:2643:71470,0.027936041355133057
rxn:3:49507:1149:97944,0.027884712815284728
rxn:3:62819:35051:139211,0.027872097903284532
rxn:3:49499:23824:71470,0.027855705756407518
rxn:3:49508:18809:116611,0.02785530686378479
rxn:3:61523:6428:134054,0.027841439580216128
rxn:3:62819:38324:127714,0.02782513697942098
rxn:3:42884:9307:101193,0.027816888960925015
rxn:3:62819:22937:127714,0.027803460436482585
rxn:3:17548:60582:121640,0.027791851470547337
rxn:3:61523:2125:129418,0.02778433103646551
rxn:3:64509:3937:133649,0.0277358777821064
rxn:3:49508:32675:136687,0.027731051368098104
rxn:3:24200:49508:83031,0.027725636959075928
rxn:3:49507:37814:79585,0.027649356285110116
rxn:3:64509:2934:133617,0.027648510082679635
rxn:3:52849:34491:134564,0.027635170654817062
rxn:3:50803:2176:71470,0.027614898406542264
rxn:3:49507:490:108894,0.027578651905059814
rxn:3:17548:60580:136811,0.027576841115951538
rxn:3:64509:39006:86559,0.02755578324712556
rxn:3:64509:2176:142033,0.027526985044064728
rxn:3:64509:39372:113646,0.027519444624582928
rxn:3:61523:35058:127714,0.027508376346480463
rxn:3:49507:490:65891,0.027507254853844643
rxn:3:56327:23824:131989,0.027479186428315712
rxn:3:64509:522:96332,0.027466672438162344
rxn:3:64509:6355:71470,0.027464956597045617
rxn:3:49508:9307:104708,0.027463714281717937
rxn:3:61523:18028:127714,0.02746264194138348
rxn:3:49507:2089:86621,0.027461054921150207
rxn:3:55915:31166:119415,0.0273776079927172
rxn:3:49508:1174:113646,0.027373165919862944
rxn:3:64509:6355:80866,0.027373124051977088
rxn:3:49508:6155:134564,0.02736839983198378
rxn:3:49508:35051:110719,0.027362931159234816
rxn:3:49507:9307:136461,0.0273560494184494
rxn:3:64509:39006:77927,0.02733618432077868
rxn:3:49507:38487:118819,0.027332147865584404
rxn:3:49508:32675:134818,0.027295913298924765
rxn:3:49507:38487:127225,0.02724975347518921
rxn:3:49507:9307:136811,0.027245657784598216
rxn:3:64509:37814:70183,0.027204674482345582
rxn:3:61523:38843:133617,0.02719848177262715
rxn:3:55915:35051:127714,0.027135703712701797
rxn:3:49508:39399:124208,0.0271178648389619
rxn:3:61523:6409:127714,0.027092492440715432
rxn:3:61928:31592:88087,0.027072540738365868
rxn:3:64509:39006:113646,0.027043418884277345
rxn:3:55586:2089:127714,0.027034791186451912
rxn:3:61523:34491:134054,0.027031767752862746
rxn:3:24200:42129:65891,0.026984283039646763
rxn:3:64509:6355:131989,0.026971861720085144
rxn:3:61523:5439:74163,0.02693291368155644
rxn:3:49507:5439:92428,0.026909056408651943
rxn:3:56327:2176:71470,0.02687968578069441
rxn:3:61523:1174:91517,0.026869583655806148
rxn:3:42129:31166:127714,0.026818033307790756
rxn:3:55915:35065:66449,0.026725115684362557
rxn:3:64509:1067:71470,0.02671707020356105
rxn:3:64509:11759:120274,0.026690348430916114
rxn:3:52849:31592:85708,0.026686947686331612
rxn:3:50803:9307:121640,0.026652321219444275
rxn:3:42129:6439:71470,0.02663937909528613
rxn:3:52849:2176:69760,0.026638991363784847
rxn:3:52849:9307:69760,0.02662862662006827
rxn:3:49508:1174:74279,0.026559295192841562
rxn:3:17548:42129:86559,0.026558397277708975
rxn:3:49507:37814:121640,0.026557761217866627
rxn:3:64509:2176:137347,0.026554988963263377
rxn:3:49507:38487:104708,0.02652733325958252
rxn:3:61523:413:77920,0.026516096345309555
rxn:3:64509:357:96332,0.026500604152679443
rxn:3:60054:12067:139211,0.02649950522642869
rxn:3:64509:39372:70183,0.026491031564515214
rxn:3:24200:44520:86621,0.026461423374712467
rxn:3:61523:39399:134054,0.026421709855397543
rxn:3:24200:49508:66449,0.02642089979989188
rxn:3:62819:31592:85708,0.026397013664245607
rxn:3:55915:1067:127714,0.026356401046117146
rxn:3:42129:38411:71470,0.026341893672943116
rxn:3:64509:19567:83031,0.02632500370964408
rxn:3:42129:3937:71470,0.026313653876704556
rxn:3:61523:522:86313,0.026286256409460498
rxn:3:55915:2125:127714,0.026215368509292604
rxn:3:52849:34491:120815,0.026198824246724445
rxn:3:49507:38272:125245,0.026189513247588586
rxn:3:61523:1964:134054,0.026179000036790967
rxn:3:55915:6428:129418,0.026083370617457798
rxn:3:64509:19567:124208,0.026068392395973205
rxn:3:49508:18809:137347,0.026063386237982548
rxn:3:42129:31045:71470,0.026049066867147173
rxn:3:59882:6155:71470,0.02603737954740171
rxn:3:61523:2176:133617,0.026034241914749144
rxn:3:64509:522:88237,0.026033252477645874
rxn:3:64509:1149:124208,0.0260257782607243
rxn:3:17548:60580:110719,0.026014445492854484
rxn:3:42688:24200:123705,0.026006608240066037
rxn:3:49508:6418:88237,0.026001422635970578
rxn:3:64509:38485:71470,0.025989509862044763
rxn:3:60054:1149:121640,0.02596127285676844
rxn:3:42688:24200:77920,0.025960582308471203
rxn:3:49507:5439:86559,0.025949829097451835
rxn:3:49507:5439:80866,0.025944189892874822
rxn:3:49508:35051:142033,0.02591581035543371
rxn:3:49507:23815:120274,0.02588339646657308
rxn:3:64509:39372:77927,0.025881245732307434
rxn:3:49507:522:71470,0.025877848781388383
rxn:3:62819:1964:123705,0.02587109198793769
rxn:3:50803:35065:71470,0.025867427388827007
rxn:3:61928:31592:74163,0.025859331712126732
rxn:3:49499:1149:132368,0.025855475458605535
rxn:3:61523:37853:113646,0.02583478974259418
rxn:3:55586:1179:127714,0.02581794746220112
rxn:3:49507:3054:121640,0.02581730123722192
rxn:3:61523:3054:88087,0.025811817248662314
rxn:3:61523:1964:125245,0.025792462825775145
rxn:3:49508:6155:71470,0.025717293774640118
rxn:3:55915:35065:77920,0.02571123016291651
rxn:3:64509:32185:120274,0.02567478020985921
rxn:3:64509:6355:124208,0.0256450708423342
rxn:3:49507:38487:86559,0.025576669609907902
rxn:3:49507:490:83031,0.02556489984835348
rxn:3:49507:38979:97944,0.0255431334177653
rxn:3:64509:12067:120274,0.025505730399379024
rxn:3:49508:1174:110719,0.025475502014160156
rxn:3:61523:5439:142071,0.02546142360993794
rxn:3:52849:6355:120274,0.02545530129881466
rxn:3:61523:1964:96332,0.02538520900102762
rxn:3:49508:38979:120274,0.025350280346408967
rxn:3:55915:18011:71470,0.025344264693558216
rxn:3:52849:1964:71470,0.025334015488624573
rxn:3:49508:35051:85433,0.025330495834350587
rxn:3:64509:2176:90711,0.02530127763748169
rxn:3:61523:34501:129418,0.025301013831739074
rxn:3:61523:6439:71470,0.025285978934594562
rxn:3:55915:37729:83031,0.025283848085711078
rxn:3:49508:6155:136811,0.025242633289761014
rxn:3:49508:357:120274,0.02523515054157802
rxn:3:55915:1149:86621,0.02523370273411274
rxn:3:49508:35051:136811,0.025233169396718342
rxn:3:61523:35058:113646,0.025180870523819558
rxn:3:60054:12067:94785,0.025152337970212102
rxn:3:56327:23824:137347,0.025121226030237535
rxn:3:64509:39372:137347,0.025095020021711077
rxn:3:17548:42129:134443,0.025072032037903282
rxn:3:64509:6355:70183,0.02506643533706665
rxn:3:64509:31592:71470,0.02506516660962786
rxn:3:49507:38487:139211,0.025054337516907724
rxn:3:61523:1964:65891,0.025022791822751363
rxn:3:49508:9307:119415,0.025008557523999896
rxn:3:61523:413:129676,0.024995153503758565
rxn:3:17548:60582:81702,0.02496094522731645
rxn:3:42129:7759:127714,0.024960104496248307
rxn:3:61523:7654:134963,0.024949022783682898
rxn:3:17548:60582:83031,0.02494135020034654
rxn:3:49507:357:86621,0.024917252361774445
rxn:3:49507:34501:142071,0.024917062371969223
rxn:3:49507:38487:125665,0.024915489203789654
rxn:3:60054:21267:71470,0.024912200190804222
rxn:3:60054:1964:125272,0.024909498936989728
rxn:3:49499:1149:139211,0.024898021309464065
rxn:3:49508:1174:130107,0.024880905305185625
rxn:3:55915:1067:83031,0.02485389510790507
rxn:3:49508:9307:97944,0.024847047669546946
rxn:3:60054:12067:85708,0.024828798241085477
rxn:3:64509:6355:94785,0.024821385741233826
rxn:3:64509:2176:83031,0.024815500296395402
rxn:3:49507:1964:92428,0.024799635633826256
rxn:3:55915:31592:85708,0.024780369798342385
rxn:3:49507:35051:88237,0.024767313537926508
rxn:3:49508:6155:124208,0.024766613330159868
rxn:3:49508:38979:137347,0.024757306091487408
rxn:3:49507:29454:97944,0.024742192588746548
rxn:3:49508:39399:134818,0.02470426426993476
rxn:3:64509:31166:120274,0.024665334394999912
rxn:3:49507:23824:97944,0.024651887087986386
rxn:3:62819:38487:129676,0.024627296536257774
rxn:3:17548:60580:108894,0.024594486291919435
rxn:3:61523:357:123705,0.024585752819593135
rxn:3:49508:32675:70183,0.024582292227184072
rxn:3:49508:9307:137347,0.024561158816019692
rxn:3:49507:413:129676,0.024547642562538385
rxn:3:49507:9307:134054,0.024542757693459007
rxn:3:42129:23159:127714,0.02452898770570755
rxn:3:50803:2623:80866,0.024481738435811008
rxn:3:42129:37853:71470,0.02446391253635801
rxn:3:61523:357:120274,0.024454530328512192
rxn:3:55915:31592:71470,0.024445694068382526
rxn:3:42688:5439:142071,0.02444222704930739
rxn:3:49507:490:142071,0.02442360059781508
rxn:3:61523:23815:69178,0.024423161255461828
rxn:3:49507:38487:136811,0.024399764114810575
rxn:3:60054:1964:74163,0.02435010123778792
rxn:3:49508:18809:80866,0.024348938657391454
rxn:3:49508:38979:104708,0.024335369981568437
rxn:3:64509:3054:80866,0.02433440923690796
rxn:3:49508:1174:80866,0.02432017845492209
rxn:3:49508:19567:66449,0.02427016571164131
rxn:3:61523:6427:127714,0.024266500025987625
rxn:3:17548:60580:123705,0.024237961641379764
rxn:3:50803:38979:71470,0.024213090538978577
rxn:3:49507:6355:121640,0.024210026115179063
rxn:3:64509:9307:71470,0.02420441462443425
rxn:3:49508:6155:81857,0.02419577326093401
rxn:3:49508:5439:90711,0.02416321635246277
rxn:3:49507:38843:129676,0.024154824686461483
rxn:3:49507:1964:94820,0.02410828648135066
rxn:3:61928:1149:71470,0.02410336297291976
rxn:3:49507:5439:66449,0.024069575326783315
rxn:3:64509:1149:120274,0.024047886503153836
rxn:3:55915:1964:92428,0.024014332602100986
rxn:3:61523:35051:134054,0.023983225226402283
rxn:3:56327:23824:74279,0.023971539456397295
rxn:3:49507:490:85433,0.023950934410095215
rxn:3:61523:9202:125245,0.023943834978601208
rxn:3:24200:60580:86559,0.023932088613510132
rxn:3:60054:9307:136461,0.023893325617819122
rxn:3:49507:29621:88237,0.023883163928985596
rxn:3:62819:38951:65891,0.02387700043618679
rxn:3:55915:38166:127714,0.02385957638422648
rxn:3:62819:37853:97944,0.02385767868586949
rxn:3:49508:35051:80866,0.023843358953793845
rxn:3:60054:1149:139211,0.023814275860786438
rxn:3:49508:39399:131989,0.023798128654216898
rxn:3:61523:1149:96332,0.023758338047907904
rxn:3:64509:6427:120274,0.023677984873453777
rxn:3:55915:34501:139211,0.023622104754814736
rxn:3:62819:9307:92428,0.023599101551647843
rxn:3:61523:39372:88087,0.023598559441105012
rxn:3:49508:1174:104708,0.023590960105260215
rxn:3:42129:2489:127714,0.023590376300196492
rxn:3:42129:6428:71470,0.023550122044980526
rxn:3:61523:32185:123614,0.023544891604355404
rxn:3:17548:60582:65891,0.023525976415338188
rxn:3:49507:38487:85708,0.02351083606481552
rxn:3:60054:31166:77920,0.023485444245799895
rxn:3:64509:39372:142071,0.02345238914412837
rxn:3:64509:2176:83471,0.02343646243766502
rxn:3:49507:6155:120274,0.02343421216521944
rxn:3:49508:32675:133649,0.023433841326657462
rxn:3:61523:413:104505,0.023406446236988593
rxn:3:61523:18809:65891,0.023403744303411054
rxn:3:64509:6355:128859,0.023342121924672807
rxn:3:49508:2176:71470,0.023341932467051914
rxn:3:24200:49508:101193,0.02331262528896332
rxn:3:61928:31592:129676,0.0232946600379615
rxn:3:24200:42129:127714,0.023252830902735392
rxn:3:61523:38487:88087,0.023246920722372392
rxn:3:55915:35065:139211,0.023223087787628174
rxn:3:64509:31166:71470,0.023215225449314824
rxn:3:61523:9307:127714,0.02319674359427558
rxn:3:49508:35051:116611,0.023193101088205974
rxn:3:55915:22937:127714,0.02317756029867357
rxn:3:64509:39372:97555,0.023149859692369188
rxn:3:49507:1964:97944,0.023147049794594445
rxn:3:64509:24200:120274,0.023141762385001548
rxn:3:49507:32675:129676,0.02313061584444607
rxn:3:61523:2176:69178,0.023130429839646374
rxn:3:49508:38487:71470,0.02307933953500563
rxn:3:49508:23815:142071,0.023034402552772972
rxn:3:61928:29454:139272,0.023012183380849434
rxn:3:49507:490:96332,0.023008080465453013
rxn:3:62819:22566:127714,0.022994674021197904
rxn:3:44053:31166:65891,0.02299452178618487
rxn:3:49507:38974:88237,0.022961888313293457
rxn:3:49507:9307:90711,0.02293167545877654
rxn:3:17548:60582:93498,0.02292860209941864
rxn:3:64509:3054:137347,0.022916522290971544
rxn:3:64509:37814:125245,0.02289901329920842
rxn:3:49507:9307:129676,0.022894447849642847
rxn:3:61523:6155:134054,0.022862501185515832
rxn:3:60054:12067:142071,0.022823399113070582
rxn:3:64509:6355:136811,0.02281966695079097
rxn:3:42688:9307:92428,0.022811534904664563
rxn:3:17548:60580:65891,0.02278758328536461
rxn:3:61523:32675:65891,0.022783768753851612
rxn:3:61523:357:86313,0.02277079019053229
rxn:3:56327:23824:120274,0.022757674256960552
rxn:3:49507:38487:128859,0.022737519815564156
rxn:3:49508:1174:136811,0.022716249189069195
rxn:3:60054:1149:85708,0.022715334234566523
rxn:3:64509:1305:88237,0.022692414621512096
rxn:3:49507:19567:71470,0.022691936742874882
rxn:3:24200:49508:85708,0.022680038852351054
rxn:3:17548:60580:129676,0.022639730146953037
rxn:3:61523:1067:125245,0.022608903439148613
rxn:3:61523:14320:71470,0.022570550184825372
rxn:3:64509:2623:86559,0.022564714954745387
rxn:3:49499:1149:133649,0.022521028916041057
rxn:3:49499:1912:71470,0.02252069239815076
rxn:3:61523:6414:125245,0.022513406617300852
rxn:3:64509:490:120274,0.0224784634731434
rxn:3:61523:3054:65891,0.022452331251568265
rxn:3:42129:1964:71470,0.02244828293720881
rxn:3:61523:37853:71470,0.02241959989070892
rxn:3:52849:38979:66449,0.022387435606547764
rxn:3:60054:1149:83031,0.02235049201596168
rxn:3:64509:39372:83031,0.02234322243723376
rxn:3:62819:39087:94820,0.022336117029190063
rxn:3:44053:2176:132368,0.022319778319328062
rxn:3:64509:3937:77927,0.02231354098166189
rxn:3:49507:5439:120274,0.022297470697334835
rxn:3:62819:35051:127714,0.02224660851061344
rxn:3:49507:34501:92428,0.022243750506433946
rxn:3:61523:34491:69760,0.02223164505428738
rxn:3:64509:2934:96332,0.0222280068056924
rxn:3:56327:2176:108894,0.022209097795626697
rxn:3:64509:3054:70183,0.022182612546852658
rxn:3:64509:19567:93498,0.022180984760152882
rxn:3:49508:9307:134818,0.022136710308216238
rxn:3:64509:35065:88237,0.0221348586289779
rxn:3:56327:6155:86621,0.022119503355387485
rxn:3:61523:23815:126488,0.02211575855811437
rxn:3:64509:19567:136687,0.022104437495100087
rxn:3:49508:35051:96332,0.022100826104482014
rxn:3:61523:23824:65891,0.022089711551008553
rxn:3:49507:2176:121640,0.02206159010529518
rxn:3:49507:39006:92428,0.022035512712693984
rxn:3:49508:5439:134818,0.022031905559393074
rxn:3:49507:2934:92428,0.02201875241007656
rxn:3:52849:24200:69760,0.0220180226094795
rxn:3:44053:2176:123614,0.02199015816052755
rxn:3:59882:23815:132368,0.02198102493439951
rxn:3:49508:39399:128859,0.021966993808746338
rxn:3:61928:31592:134443,0.021961627227644765
rxn:3:49508:9307:120274,0.021922584237723516
rxn:3:49508:6155:137347,0.021922185503203292
rxn:3:61523:23815:134054,0.02189025499166981
rxn:3:49508:37814:120274,0.02187575896581014
rxn:3:56327:23824:80866,0.02186784683726728
rxn:3:61523:35065:69178,0.02185602068901062
rxn:3:64509:6355:116611,0.02184501400700322
rxn:3:49507:9307:125665,0.021817958403018214
rxn:3:49508:1174:137347,0.021811542185870083
rxn:3:42129:1912:142033,0.021808500091234844
rxn:3:59882:413:71470,0.021793752908706665
rxn:3:64509:6355:129676,0.02179322938124339
rxn:3:24200:44520:132368,0.0217612789523217
rxn:3:55915:14995:127714,0.0217449888586998
rxn:3:64509:357:127225,0.021724180628856022
rxn:3:55915:39443:69178,0.021702604102236882
rxn:3:49508:9307:130107,0.02167717899594988
rxn:3:49507:9307:125245,0.0216768361904003
rxn:3:64509:35051:71470,0.02157409063407353
rxn:3:49508:35051:128859,0.02151292754757789
rxn:3:64509:35051:120274,0.02150158224434688
rxn:3:55915:2176:83031,0.021492425600687662
rxn:3:24200:42129:118819,0.02148271840194176
rxn:3:64509:21267:71470,0.021419752727855335
rxn:3:64509:2176:93498,0.02141605890714205
rxn:3:60054:1964:126488,0.021396537621815998
rxn:3:64509:38843:71470,0.02137349049250285
rxn:3:64509:357:70183,0.02135403667177473
rxn:3:64509:3268:120274,0.021328981717427573
rxn:3:64509:357:71470,0.021325082778930665
rxn:3:24200:44520:77920,0.021321832230596832
rxn:3:49499:29454:71470,0.021313579945728696
rxn:3:55915:6414:71470,0.021311437711119652
rxn:3:62819:12104:71470,0.021307435902682217
rxn:3:61523:6424:125245,0.021265295835641716
rxn:3:42129:7063:127714,0.0212486837990582
rxn:3:62819:31166:77920,0.0212329663336277
rxn:3:42129:32185:118819,0.02119480479847301
rxn:3:61523:6155:133617,0.02118943374732445
rxn:3:64509:19567:81857,0.021185238162676492
rxn:3:61523:1149:119415,0.02114571450334607
rxn:3:61523:2176:127714,0.02112842627145626
rxn:3:55915:35065:127714,0.021112501621246338
rxn:3:56327:34491:69760,0.02109561685253592
rxn:3:61928:29454:134443,0.02108136937022209
rxn:3:64509:3054:83471,0.021077334880828857
rxn:3:49508:9307:134054,0.02107611999792211
rxn:3:64509:37814:127225,0.021054921815028556
rxn:3:64509:19567:133649,0.02103821560740471
rxn:3:49507:6155:71470,0.02101387580235799
rxn:3:49508:38979:134818,0.020987899139009673
rxn:3:49508:5439:77927,0.020986026731030696
rxn:3:55915:1964:125272,0.020956296154430936
rxn:3:49508:1174:71470,0.020947847635515274
rxn:3:64509:39006:124208,0.02094626213823046
rxn:3:49508:9307:123705,0.020936481894985322
rxn:3:61523:32675:127714,0.02092700054248174
rxn:3:49507:5439:119415,0.020839815192362842
rxn:3:44002:39087:123705,0.02082598635128566
rxn:3:49507:490:129676,0.02082125986776044
rxn:3:62819:18011:71470,0.020819444674998522
rxn:3:60054:1964:83031,0.020797542987331268
rxn:3:55915:34491:69760,0.020751519997914632
rxn:3:49507:34491:92428,0.02073618288963072
rxn:3:64509:23824:120274,0.020621519003595625
rxn:3:64509:37814:86559,0.020616302202487814
rxn:3:49508:490:131989,0.02058620288454253
rxn:3:62819:1964:129676,0.02058025635778904
rxn:3:61523:19567:91517,0.020546828999238854
rxn:3:50803:1964:71470,0.020542144775390625
rxn:3:64509:19567:128859,0.020540115237236024
rxn:3:61523:39336:127714,0.02047582543813265
rxn:3:61523:39399:91517,0.020474045026686885
rxn:3:49508:29454:118819,0.020451167927068824
rxn:3:49508:9307:88087,0.020444955144609724
rxn:3:61523:31166:97944,0.020434749126434327
rxn:3:64509:39006:130107,0.02042955822414822
rxn:3:49507:1174:81702,0.020392114625257605
rxn:3:49507:490:136811,0.020386233925819397
rxn:3:64509:2623:118819,0.020373534771703904
rxn:3:61523:31952:127714,0.02037059652308623
rxn:3:55915:2176:126158,0.02036088194165911
rxn:3:17548:60582:88625,0.02034464068710804
rxn:3:49499:39006:120274,0.020290862630914758
rxn:3:49507:39006:120274,0.020256514350573223
rxn:3:49507:37814:92428,0.02021277611774783
rxn:3:64509:39372:91517,0.020149074043288376
rxn:3:55915:9307:121640,0.020144828341223976
rxn:3:64509:39006:88087,0.02011831893640406
rxn:3:49508:9307:74163,0.020091513500494117
rxn:3:49508:9307:91517,0.020089309556143624
rxn:3:64509:19567:142071,0.020043435342171612
rxn:3:49508:35051:77927,0.020042819902300835
rxn:3:61523:6155:119415,0.02002772092819214
rxn:3:64509:2176:86313,0.02002411731518805
rxn:3:49508:18809:136687,0.019980414259818294
rxn:3:61523:23163:127714,0.019953219486134394
rxn:3:61523:27843:113646,0.019945651292800903
rxn:3:61523:18809:134054,0.019943553389924946
rxn:3:61928:357:123705,0.019940474858650796
rxn:3:49508:5439:133649,0.019932258129119872
rxn:3:49508:31166:65891,0.01991833791588292
rxn:3:64509:6155:71470,0.019892101287841798
rxn:3:55915:34501:118819,0.019865789583751133
rxn:3:49508:23815:86313,0.01985556994165693
rxn:3:49508:490:90711,0.019807959425038303
rxn:3:64509:6355:104708,0.019794548933322612
rxn:3:49507:23815:134054,0.01978790887764522
rxn:3:49508:35051:120274,0.019768801427656604
rxn:3:49507:5439:136461,0.01976751141688403
rxn:3:49507:38487:142033,0.01970969938806125
rxn:3:55915:1149:83031,0.01968572288751602
rxn:3:17548:60582:71470,0.019619004726409914
rxn:3:49508:35051:104708,0.019604613041055614
rxn:3:64509:522:121640,0.019575754801432293
rxn:3:49507:38272:88237,0.01953532880750196
rxn:3:49499:31166:86313,0.019504204392433167
rxn:3:61928:1174:86559,0.01947584337201612
rxn:3:49508:35051:130107,0.019458520412445068
rxn:3:55915:31166:91517,0.019452594007764543
rxn:3:44053:2176:126488,0.019420139053288626
rxn:3:64509:6355:134818,0.019413150273836575
rxn:3:61523:9307:86313,0.019406989961862565
rxn:3:49507:39399:129676,0.019401927628824787
rxn:3:17548:60580:137347,0.019375391028545522
rxn:3:42129:8634:127714,0.019363764793642105
rxn:3:61523:38843:127714,0.019359389543533324
rxn:3:49508:38979:77927,0.019296370446681976
rxn:3:64509:23815:132368,0.019294936081458783
rxn:3:17548:60582:142071,0.019285696744918823
rxn:3:49507:6155:125272,0.01926983260747158
rxn:3:64509:6355:136461,0.019207625704653123
rxn:3:49507:38843:92428,0.01917842695755618
rxn:3:55915:31166:71470,0.019124697361673628
rxn:3:64509:413:71470,0.019119567341274686
rxn:3:49507:1067:125245,0.019063120638882672
rxn:3:64509:39006:121640,0.01906270556377642
rxn:3:62819:1964:134443,0.019046653719509348
rxn:3:56327:2623:71470,0.01904045308337492
rxn:3:49507:38487:74279,0.019022026369648594
rxn:3:49508:522:71470,0.019016703654979837
rxn:3:44002:31220:71470,0.01900739150662576
rxn:3:61523:8634:119415,0.018952616280125033
rxn:3:42129:3297:127714,0.018938684257967717
rxn:3:49499:9307:121640,0.018937856920303836
rxn:3:49508:24200:118819,0.018937789160629798
rxn:3:61523:32675:86313,0.01892158840641831
rxn:3:55915:7654:71470,0.018919718676599962
rxn:3:59882:1964:69760,0.01888631470501423
rxn:3:49507:38487:131989,0.018869599793106318
rxn:3:44002:1305:71470,0.018862080361161913
rxn:3:64509:39372:86559,0.018855062978608266
rxn:3:64509:522:137347,0.018819369118789148
rxn:3:55915:1964:108894,0.0188173595815897
rxn:3:49507:31166:92428,0.018806336868193843
rxn:3:56327:23824:70183,0.018787579664162227
rxn:3:49507:490:86313,0.01877156294444028
rxn:3:64509:37814:126488,0.018751213792711496
rxn:3:64509:522:104708,0.01874042474306547
rxn:3:61928:29454:94785,0.018735765972558188
rxn:3:50803:2623:83471,0.018731335798899334
rxn:3:61928:39372:86559,0.018730979699354906
rxn:3:61523:38324:129418,0.018708703241177967
rxn:3:44053:2176:85708,0.01869145631790161
rxn:3:61523:38487:69178,0.018671944551169873
rxn:3:64509:3054:131989,0.018666973480811484
rxn:3:50803:2623:132368,0.01866264497080157
rxn:3:56327:3054:108894,0.018654990828398502
rxn:3:17548:60580:71470,0.018649797439575195
rxn:3:64509:6355:83471,0.018619860921587263
rxn:3:61523:6414:127714,0.01858825352974236
rxn:3:49508:35051:74279,0.01850160360336304
rxn:3:24200:60582:94785,0.01848623978680578
rxn:3:49507:23815:88237,0.01848114069019045
rxn:3:64509:37814:90711,0.01846941720162119
rxn:3:49507:39399:142071,0.018463160729769505
rxn:3:49507:31166:97944,0.018459321352942235
rxn:3:62819:2877:127714,0.018445645609209613
rxn:3:49508:23815:66449,0.01835299332936605
rxn:3:24200:49508:70183,0.01834890345732371
rxn:3:60054:31592:71470,0.01834832557610103
rxn:3:49508:6155:134818,0.018335069601352397
rxn:3:49507:31166:94820,0.018314036390473767
rxn:3:49507:9307:133649,0.018307091247650883
rxn:3:61523:38487:119415,0.01830490689505549
rxn:3:17548:60580:139211,0.018293790817260742
rxn:3:49507:3937:92428,0.01826840548804312
rxn:3:64509:357:80866,0.01824295163154602
rxn:3:61928:1067:86559,0.018238354187745314
rxn:3:24200:42129:126488,0.0182319525629282
rxn:3:64509:38979:71470,0.018228281821523393
rxn:3:49507:490:134443,0.018219641663811424
rxn:3:44002:39443:97944,0.018211851517359417
rxn:3:49507:31166:121640,0.018199282033102854
rxn:3:61523:1149:134054,0.01818347768858075
rxn:3:49508:18809:123090,0.018170768214810278
rxn:3:64509:2176:132368,0.018167607486248016
rxn:3:55915:31220:71470,0.018150614253405868
rxn:3:42129:31166:77920,0.018146150943004723
rxn:3:64509:39087:71470,0.018144958398558876
rxn:3:55915:37729:101193,0.018104482081628615
rxn:3:61928:39372:71470,0.018069473405679066
rxn:3:49508:1174:136687,0.01805020340027348
rxn:3:42129:37814:120274,0.018036261449257532
rxn:3:55915:5439:129418,0.01801250477631887
rxn:3:49507:7658:71470,0.018012426793575287
rxn:3:42129:1912:65891,0.017998235840951244
rxn:3:61523:31166:126488,0.017983559146523477
rxn:3:49508:490:124208,0.017947801228227287
rxn:3:52849:34491:128859,0.017897294286419365
rxn:3:49508:18809:66449,0.01786711812019348
rxn:3:59882:1964:81702,0.01784475554119457
rxn:3:64509:3054:130107,0.017827732563018797
rxn:3:45558:38764:127714,0.017822347341045257
rxn:3:24200:42129:91517,0.017815951038809383
rxn:3:64509:7063:120274,0.017814489347594126
rxn:3:61523:31166:83031,0.01778535864182881
rxn:3:61523:2934:77920,0.017782160888115565
rxn:3:49507:35065:92428,0.01777560742838042
rxn:3:49508:9307:69760,0.017733263472716015
rxn:3:64509:3054:128859,0.01773264201787802
rxn:3:49507:3197:71470,0.017704237853327105
rxn:3:64509:38843:88237,0.017674386501312256
rxn:3:61523:38880:88087,0.01766536757349968
rxn:3:60054:12067:74908,0.017663556116598624
rxn:3:49507:29454:92428,0.01764025933602277
rxn:3:49508:9307:94785,0.01761732338105931
rxn:3:49507:522:92428,0.017608885563188983
rxn:3:49508:9307:86621,0.017601677006290804
rxn:3:64509:522:136461,0.01759383739794002
rxn:3:62819:357:123705,0.017572666036671604
rxn:3:49507:5439:77927,0.01756502019947973
rxn:3:42129:32185:120274,0.01755561213940382
rxn:3:61523:522:91517,0.017539148218929768
rxn:3:44053:2176:139211,0.017528333540620476
rxn:3:62819:1964:97944,0.017516732215881348
rxn:3:55915:34501:127714,0.017500671847113246
rxn:3:64509:357:104708,0.01749347150325775
rxn:3:64509:39006:128859,0.017455154231616428
rxn:3:49507:32675:97944,0.01743833864888837
rxn:3:61523:29454:86313,0.017404426546657786
rxn:3:61523:6419:113646,0.017401746832407437
rxn:3:49507:9307:133617,0.017392748857245725
rxn:3:64509:34491:69760,0.01739121099998211
rxn:3:49507:11759:129676,0.01736542582511902
rxn:3:61523:11684:127714,0.017355841894944508
rxn:3:64509:357:86559,0.017316235436333552
rxn:3:61523:39006:119415,0.01731305755674839
rxn:3:64509:6355:133649,0.01730284293492635
rxn:3:56327:23824:71470,0.01729845441877842
rxn:3:17548:60582:139211,0.017294800877571105
rxn:3:55915:1149:77920,0.017284855698094223
rxn:3:44002:35065:127714,0.017280213038126626
rxn:3:61523:37853:91517,0.017275362508371472
rxn:3:55915:1964:86621,0.017261069267988205
rxn:3:61928:29454:74163,0.01725893029395272
rxn:3:17548:60582:96332,0.017252508401870727
rxn:3:59882:1964:65891,0.017238052452311796
rxn:3:17548:60580:125245,0.017202149455746014
rxn:3:49508:38979:128859,0.017180389934970487
rxn:3:49508:9307:131989,0.01715924410984434
rxn:3:42884:1964:101193,0.01715537586382457
rxn:3:61523:2934:134054,0.017148325918242335
rxn:3:64509:9307:92428,0.017140301210539683
rxn:3:61523:2176:77920,0.01712237298488617
rxn:3:61523:357:88087,0.017086734374364216
rxn:3:55915:31166:134054,0.01708297256161185
rxn:3:64509:39006:134564,0.0170326828956604
rxn:3:61523:1174:119415,0.017025604186689153
rxn:3:49508:18809:128859,0.016999059356749058
rxn:3:49508:23815:65891,0.0169917516636126
rxn:3:59882:1067:127714,0.016974745258208242
rxn:3:61523:35051:119415,0.016969326770666874
rxn:3:64509:1149:90711,0.01696759873423083
rxn:3:64509:39372:83471,0.016955923151086877
rxn:3:56327:522:108894,0.016938007729394095
rxn:3:44053:2176:86559,0.016925327239498016
rxn:3:62819:23815:132368,0.016917979717254637
rxn:3:24200:60582:86559,0.016912565231323243
rxn:3:61523:35051:91517,0.01691189001907002
rxn:3:49507:38487:130107,0.01689693908537588
rxn:3:42129:21267:127714,0.016894808521977178
rxn:3:49508:23824:66449,0.01689213216304779
rxn:3:64509:522:83031,0.01687557597955068
rxn:3:64509:39372:136461,0.016872874489336304
rxn:3:64509:29454:86559,0.016872376203536987
rxn:3:64509:38880:120274,0.01683834195137024
rxn:3:55915:34501:126158,0.01683111927088569
rxn:3:61523:18809:91517,0.016822562936474297
rxn:3:24200:42129:136461,0.01682241085697623
rxn:3:49507:38487:90711,0.016818302683532238
rxn:3:64509:522:133649,0.01677622099717458
rxn:3:62819:32675:118819,0.01672966778278351
rxn:3:64509:2176:69760,0.016714562262807573
rxn:3:60054:1149:65891,0.016711503267288208
rxn:3:64509:6355:92428,0.016705134819293845
rxn:3:52849:35051:139211,0.016681460115839455
rxn:3:55915:1149:133617,0.01666714463915144
rxn:3:62819:38411:127714,0.016661694756260625
rxn:3:49508:35051:90711,0.01660222968747539
rxn:3:64509:38974:88237,0.01659263735232146
rxn:3:49508:23815:118819,0.016588683089902325
rxn:3:61523:1149:65891,0.01658847158153852
rxn:3:61523:11759:101193,0.016533931096394856
rxn:3:64509:37814:128859,0.01653327899319785
rxn:3:61523:35051:129418,0.01651683126886686
rxn:3:42129:11759:101193,0.016511362406515306
rxn:3:17548:60580:142071,0.016487734268109004
rxn:3:61523:38979:88087,0.016445632233764187
rxn:3:64509:2176:134564,0.01638196981870211
rxn:3:55915:1149:65891,0.016377049865144672
rxn:3:62819:2643:127714,0.016364820541874055
rxn:3:42688:24200:127714,0.016362097955519152
rxn:3:64509:522:136687,0.016322098396442556
rxn:3:64509:6355:119415,0.016313550226828632
rxn:3:64509:39399:120274,0.01629839782361631
rxn:3:61523:2934:65891,0.016293418904145558
rxn:3:64509:2125:120274,0.01624354499357718
rxn:3:60054:1964:65891,0.016240116208791733
rxn:3:64509:1149:86559,0.016233555475870767
rxn:3:61523:31166:142033,0.01621695946563374
rxn:3:64509:357:142071,0.01619468331336975
rxn:3:49499:5439:142071,0.016190464126652683
rxn:3:64509:2176:94785,0.01617462793365121
rxn:3:64509:522:74279,0.016109005168632225
rxn:3:61523:39372:88237,0.01608243843783503
rxn:3:49507:39372:97944,0.015987809215273176
rxn:3:24200:49508:136461,0.015961366541245404
rxn:3:49508:18809:85708,0.015961184166371822
rxn:3:49507:5439:88087,0.015950567582074332
rxn:3:62819:39006:71470,0.015933048512254442
rxn:3:61523:37853:127714,0.015918089875153134
rxn:3:61928:5439:86559,0.015851058065891266
rxn:3:56327:23824:116611,0.01583731221035123
rxn:3:49508:38979:133649,0.015830804001201283
rxn:3:49507:1149:92428,0.01577935926616192
rxn:3:64509:357:130107,0.01575913667678833
rxn:3:56327:9307:92428,0.015690499634453743
rxn:3:61523:6427:125245,0.015683546089209043
rxn:3:55915:38487:129676,0.0156830142844807
rxn:3:56327:5439:108894,0.015647742784384525
rxn:3:55915:38974:71470,0.01563215970993042
rxn:3:49508:32675:86559,0.015629580526640922
rxn:3:49507:6155:88237,0.015605142483344445
rxn:3:49507:24200:129676,0.01560108910004298
rxn:3:49507:6155:113646,0.015598313808441162
rxn:3:61523:6422:127714,0.01559323991338412
rxn:3:64509:29454:120274,0.01557128083321356
rxn:3:49507:9307:91517,0.015540023573807307
rxn:3:61523:2643:127714,0.01553181345973696
rxn:3:17548:60580:121640,0.015517810179341224
rxn:3:44002:39087:83471,0.015498941907515893
rxn:3:49508:9307:92428,0.015472023685773214
rxn:3:44053:9307:121640,0.015470222064426968
rxn:3:61523:2176:119415,0.015445218932244086
rxn:3:64509:2934:129676,0.015445021371687613
rxn:3:64509:6355:123705,0.015414627641439438
rxn:3:49507:6155:83471,0.015397608280181885
rxn:3:17548:60582:104505,0.015377073452390474
rxn:3:64509:522:90711,0.015338094106742315
rxn:3:55915:31166:133617,0.015315939398372875
rxn:3:49507:5439:126158,0.015273140157972064
rxn:3:61523:31166:120274,0.015267092734575272
rxn:3:55586:38605:71470,0.015248418815674321
rxn:3:56327:23815:132368,0.01524257133988773
rxn:3:42129:1912:127714,0.015229163567225139
rxn:3:64509:1149:128859,0.015193498340146295
rxn:3:42129:39087:71470,0.015191843112309774
rxn:3:24200:42129:66449,0.015159110937799727
rxn:3:61523:7452:127714,0.015152365235345704
rxn:3:24200:44520:134443,0.015146772651111378
rxn:3:49507:490:90711,0.015141178821695262
rxn:3:64509:38487:71470,0.015130752119524726
rxn:3:49507:490:127225,0.015085595625418204
rxn:3:61523:6355:65891,0.015079773962497711
rxn:3:64509:39006:131989,0.015071077006203788
rxn:3:49508:490:70183,0.015065514272259127
rxn:3:61523:31166:90711,0.015055877084915455
rxn:3:49508:39399:121640,0.015052536831182592
rxn:3:64509:6355:86313,0.01503183218565854
rxn:3:64509:357:77927,0.015014449755350748
rxn:3:56327:31592:85708,0.014961306224851048
rxn:3:49508:2934:71470,0.014940206209818523
rxn:3:55915:34501:77920,0.014926093816757201
rxn:3:55915:38974:139211,0.014913620948791504
rxn:3:64509:2176:142071,0.014907617722788164
rxn:3:64509:39006:123705,0.014887993037700654
rxn:3:55915:1964:69760,0.014861529873263451
rxn:3:49508:1174:131989,0.014852819964289665
rxn:3:17548:60582:108894,0.01483298625264849
rxn:3:61523:38979:133617,0.01482818415388465
rxn:3:55915:8783:127714,0.014812911710431498
rxn:3:42129:23815:104505,0.014812473094824589
rxn:3:64509:522:128859,0.014808571764401026
rxn:3:61523:38411:77920,0.014801416993141175
rxn:3:49508:1174:124208,0.014784952625632286
rxn:3:55915:1067:123705,0.01477365493774414
rxn:3:64509:6355:108894,0.014759264389673869
rxn:3:55915:1371:92428,0.014730505645275116
rxn:3:64509:2934:125272,0.014720867442734101
rxn:3:64509:522:125272,0.014669636433774775
rxn:3:17548:60582:136811,0.014666441679000854
rxn:3:64509:37814:96332,0.014662301098858868
rxn:3:49508:39399:116611,0.014648984585489546
rxn:3:49508:39006:125272,0.014648639730044774
rxn:3:49508:35051:71470,0.01463850736618042
rxn:3:52849:39006:120274,0.01459119753802524
rxn:3:64509:1067:120274,0.014585790810761627
rxn:3:64509:357:94785,0.014548855202813302
rxn:3:55915:38943:127714,0.014516557416608256
rxn:3:61523:1149:133617,0.01450826833024621
rxn:3:64509:19567:123705,0.014494565781205893
rxn:3:49508:6155:128859,0.014488118035452706
rxn:3:49508:18809:86559,0.014477635874892727
rxn:3:55586:39443:127714,0.01447175971923336
rxn:3:64509:1149:136687,0.01446284247296197
rxn:3:44002:1305:127714,0.014446176828876618
rxn:3:61523:38943:125245,0.014444655428330103
rxn:3:64509:357:123090,0.014405448436737061
rxn:3:49508:24200:139211,0.014396865058828283
rxn:3:62819:37769:127714,0.014373198632271059
rxn:3:49507:31166:133617,0.014368040221078055
rxn:3:42129:12104:127714,0.014344094464412102
rxn:3:64509:2934:88625,0.014311403487667892
rxn:3:55915:6418:71470,0.014261277452591927
rxn:3:64509:37814:116611,0.014243784326094168
rxn:3:61928:31592:97944,0.01421194294324288
rxn:3:49507:23815:113646,0.014204945829179551
rxn:3:64509:522:70183,0.014200876156489054
rxn:3:62819:38372:127714,0.014198764165242513
rxn:3:49507:9307:113646,0.014196888758586003
rxn:3:49507:38487:70183,0.01419164503321928
rxn:3:49507:490:77927,0.014186171690622966
rxn:3:49508:38979:136687,0.014169928431510926
rxn:3:49508:39399:71470,0.014162614941596985
rxn:3:49507:2934:71470,0.014134413997332255
rxn:3:49507:39399:139272,0.014093623129707394
rxn:3:55915:6428:123705,0.01408058054306928
rxn:3:64509:522:131989,0.014065161347389221
rxn:3:49507:490:88237,0.014029900232950846
rxn:3:44002:39443:127714,0.013991838693618775
rxn:3:49508:38979:90711,0.013976118256968836
rxn:3:61523:18809:86313,0.013974392052852747
rxn:3:49507:38487:71470,0.013961089234198294
rxn:3:64509:2934:91517,0.013953649997711181
rxn:3:64509:14320:71470,0.013943116511068037
rxn:3:61928:5439:74163,0.013917476966463286
rxn:3:44053:6355:120274,0.01387536189248485
rxn:3:61523:34501:127714,0.013873979449272156
rxn:3:64509:357:142033,0.013872368769212202
rxn:3:49507:522:142071,0.01386966775445377
rxn:3:49508:34491:125272,0.013831959877695357
rxn:3:62819:38487:74908,0.013816163424522646
rxn:3:49508:1964:71470,0.01381376584370931
rxn:3:64509:3054:142033,0.013801760294220665
rxn:3:55586:1067:71470,0.013797212640444438
rxn:3:50803:1149:71470,0.013787431376320975
rxn:3:56327:1149:71470,0.01378044124805566
rxn:3:61523:3054:133617,0.013751799690312353
rxn:3:64509:1149:121640,0.01373917215010699
rxn:3:61523:31166:94785,0.013732270367683904
rxn:3:64509:19567:134564,0.013718310101278898
rxn:3:24200:42129:69178,0.013717467586199442
rxn:3:17548:60580:81702,0.013713435935122626
rxn:3:17548:60580:86621,0.013699231935398919
rxn:3:61523:31952:125245,0.01369446344100512
rxn:3:24200:49508:74163,0.013681285309069084
rxn:3:24200:44520:85708,0.013642853498458863
rxn:3:49508:1174:81857,0.013627744279801846
rxn:3:64509:357:110719,0.013622591128716102
rxn:3:56327:37814:120274,0.013611108290426659
rxn:3:49507:9307:79585,0.013602755723461028
rxn:3:64509:39372:136687,0.013578514640147869
rxn:3:61523:39006:134054,0.013571363302969163
rxn:3:61523:2623:71470,0.013560446324171844
rxn:3:56327:23824:113646,0.013541029393672943
rxn:3:50803:2623:121640,0.013454462800707136
rxn:3:42688:35051:139211,0.013447596180823541
rxn:3:49508:6155:77927,0.013445589049109098
rxn:3:61523:31166:86559,0.013393406514768247
rxn:3:44002:39087:69760,0.01338318873334814
rxn:3:61523:31166:81857,0.013378653388756972
rxn:3:49507:490:86559,0.013368400434652964
rxn:3:61523:357:134054,0.013358232276193026
rxn:3:49499:38411:71470,0.013343754139813509
rxn:3:56327:23824:86559,0.013327342184150921
rxn:3:55915:6155:141843,0.013297626376152038
rxn:3:64509:6355:139272,0.013296501711010933
rxn:3:61523:413:71470,0.013274794816970826
rxn:3:61928:2934:71470,0.013269209231321629
rxn:3:61523:23824:86313,0.013260652942042197
rxn:3:42129:8654:127714,0.013238745516744154
rxn:3:61523:35051:86313,0.013189953984692693
rxn:3:64509:357:131989,0.013188027418576755
rxn:3:62819:38974:127714,0.013158129794257028
rxn:3:64509:37729:71470,0.013156583463704144
rxn:3:64509:3937:136687,0.01315166004772844
rxn:3:52849:522:69760,0.013149045194898333
rxn:3:49507:23824:92428,0.013143826396234574
rxn:3:42129:32185:101193,0.013133162961286656
rxn:3:56327:23824:128859,0.01313061018784841
rxn:3:62819:31166:91517,0.013089373282023838
rxn:3:64509:37814:131989,0.01308267457144601
rxn:3:61523:39006:77920,0.013080333584341509
rxn:3:64509:3054:86559,0.013060792728706642
rxn:3:64509:522:83471,0.013050671134676253
rxn:3:49507:24200:121640,0.013023106889291243
rxn:3:61523:12067:134054,0.013009228308995565
rxn:3:49508:1174:90711,0.012988006696105003
rxn:3:61523:34501:123614,0.01289009116590023
rxn:3:64509:522:65891,0.012879874437086044
rxn:3:61523:2125:127714,0.012867557229819122
rxn:3:42129:31045:127714,0.012831828286570887
rxn:3:64509:522:77927,0.012824056477382266
rxn:3:61523:3937:127714,0.012815422688921293
rxn:3:55915:6155:126158,0.012799718800713034
rxn:3:49508:39087:126158,0.012767652049660683
rxn:3:61523:413:139272,0.01274387612938881
rxn:3:64509:2176:85433,0.012740939855575562
rxn:3:17548:60582:97944,0.012735405266284942
rxn:3:49508:9307:120815,0.012713704790387834
rxn:3:55915:2176:92428,0.012712891759543583
rxn:3:49508:35051:133649,0.012708129304828066
rxn:3:55915:490:97944,0.012707599887141475
rxn:3:61523:23815:88087,0.012692573014646769
rxn:3:45558:1179:127714,0.012689548154031076
rxn:3:44002:39087:92428,0.012689474556181166
rxn:3:64509:6355:130107,0.012681029461048267
rxn:3:61523:29621:127714,0.012629560839671355
rxn:3:44053:9307:71470,0.01261653160226756
rxn:3:64509:522:134818,0.012595731478471022
rxn:3:49508:18809:118819,0.012587701732462103
rxn:3:49507:23815:132368,0.012581108077879875
rxn:3:61523:31166:123705,0.012540367032800401
rxn:3:24200:42129:123705,0.012498143315315246
rxn:3:49499:1149:142071,0.012469178065657616
rxn:3:64509:34501:123705,0.012467560491391591
rxn:3:49507:23815:100232,0.012437629203001658
rxn:3:24200:60582:134443,0.012428870690720422
rxn:3:64509:6355:74279,0.01241030626826816
rxn:3:49507:490:100232,0.012396701451005607
rxn:3:49508:9307:66449,0.012378481441530687
rxn:3:49507:6355:126488,0.012371467864688705
rxn:3:49507:23815:104505,0.012371298264373432
rxn:3:49507:9307:85433,0.012361966073513031
rxn:3:64509:357:133649,0.012334369122982025
rxn:3:61523:1149:123614,0.012320612867673239
rxn:3:49508:5439:142071,0.012279897928237915
rxn:3:24200:60580:85433,0.01226991285448489
rxn:3:49508:39399:142071,0.012228974790284128
rxn:3:60054:32675:118819,0.012192539630397674
rxn:3:55915:1149:134054,0.012191131285258701
rxn:3:49507:5439:116611,0.012187338537640043
rxn:3:64509:522:80866,0.012176688070650454
rxn:3:61523:1174:134054,0.0121699156183185
rxn:3:61523:490:125272,0.012169194221496583
rxn:3:49508:9307:90711,0.01216077290732285
rxn:3:61523:38979:88625,0.012141842034555251
rxn:3:24200:44520:123705,0.012137123849242926
rxn:3:49507:6155:110719,0.012124685304505485
rxn:3:49507:31166:86621,0.01211261679418385
rxn:3:60054:1149:125272,0.012092294938424054
rxn:3:49507:5439:83031,0.012090213100115458
rxn:3:55915:34501:121640,0.012061980552971363
rxn:3:64509:2934:142071,0.012058022347363558
rxn:3:42884:357:101193,0.012048045406118035
rxn:3:64509:37814:74279,0.01204128177077682
rxn:3:49507:5439:142033,0.012025751173496246
rxn:3:49508:39399:74279,0.011891277773039681
rxn:3:61928:31592:130107,0.011878570111898275
rxn:3:49508:18809:133649,0.011842779376927544
rxn:3:55915:6155:71470,0.011816647190314073
rxn:3:64509:31166:123705,0.011804309984048208
rxn:3:17548:60580:69760,0.011802498389173436
rxn:3:61523:413:134443,0.011783759792645771
rxn:3:61523:2623:127714,0.011760914822419484
rxn:3:42129:31814:127714,0.011760319432904643
rxn:3:50803:34501:71470,0.011753876209259034
rxn:3:56327:6355:120274,0.011742744481924808
rxn:3:64509:3054:71470,0.011741994619369507
rxn:3:64509:522:116611,0.01173543930053711
rxn:3:17548:60582:133649,0.011721958007131304
rxn:3:49508:38979:100232,0.011715225635036346
rxn:3:55915:6428:69760,0.011712393977425316
rxn:3:49508:1912:66449,0.011703180415289742
rxn:3:60054:31166:127714,0.011654959122339884
rxn:3:55586:39527:71470,0.01163948220866067
rxn:3:24200:60582:83031,0.011607787356926845
rxn:3:56327:23824:133649,0.0116060380424772
rxn:3:56327:23824:97944,0.011555466335266829
rxn:3:64509:2934:134443,0.011554909362034365
rxn:3:64509:39372:123705,0.011542109066042406
rxn:3:61523:6428:71470,0.011540812041078295
rxn:3:49507:23815:71470,0.011514705316773776
rxn:3:24200:60580:134054,0.011511919827296817
rxn:3:64509:19567:129676,0.011457400978542864
rxn:3:61523:39372:133617,0.011449383199214935
rxn:3:64509:14320:123705,0.011437544270473369
rxn:3:17548:60580:133649,0.01143307877438409
rxn:3:55915:1149:123705,0.011402742937207222
rxn:3:61523:2176:129418,0.0113844419164317
rxn:3:64509:522:110719,0.011361816099711828
rxn:3:49508:490:81857,0.011353641748428345
rxn:3:61928:1067:125245,0.011353107250255087
rxn:3:64509:37814:83471,0.011349735515458243
rxn:3:44002:39087:108894,0.011283094329493386
rxn:3:61523:7121:127714,0.011268984388422084
rxn:3:55915:6428:69178,0.011267700616051169
rxn:3:49508:35051:131989,0.011256381388633482
rxn:3:62819:1964:65891,0.011254928328774193
rxn:3:49508:9307:124208,0.01122059493229307
rxn:3:42688:11759:101193,0.011192606762051582
rxn:3:61523:32675:91517,0.01118548258262522
rxn:3:64509:6355:125272,0.011176652529022911
rxn:3:52849:34491:116611,0.011167707768353548
rxn:3:61523:38951:77920,0.011155881244560769
rxn:3:49507:5439:88625,0.011154694948345423
rxn:3:55915:38843:127714,0.011127833809171404
rxn:3:17548:60582:134564,0.011122479140758514
rxn:3:64509:357:134818,0.01111672818660736
rxn:3:49508:5439:88087,0.01109361056895817
rxn:3:62819:39443:127714,0.011082724801131658
rxn:3:49499:3054:120274,0.011077687740325928
rxn:3:64509:39372:130107,0.011017900246840257
rxn:3:49507:5439:104708,0.011011571838305546
rxn:3:55915:34501:123705,0.010997933046571139
rxn:3:17548:60582:69760,0.010977774858474731
rxn:3:49507:3937:71470,0.010914943871959563
rxn:3:61523:6155:86621,0.010902077246170778
rxn:3:55915:6355:71470,0.010892984058175768
rxn:3:55915:35065:85708,0.010892927646636963
rxn:3:59882:29454:71470,0.01084372028708458
rxn:3:52849:34491:86559,0.010830633235829216
rxn:3:61928:6155:86621,0.01079660883316627
rxn:3:55915:6155:86621,0.01079358931245475
rxn:3:64509:1149:123090,0.010745888842003686
rxn:3:61523:1149:69178,0.010729061632320798
rxn:3:64509:6355:66449,0.010696176971708025
rxn:3:49508:5439:70183,0.01069348653157552
rxn:3:55915:1964:129418,0.010683872482993385
rxn:3:59882:34491:71470,0.010665112528307685
rxn:3:61523:3197:127714,0.010664190351963043
rxn:3:17548:60580:86313,0.010619827816563268
rxn:3:56327:2934:71470,0.010599151253700256
rxn:3:49508:32675:69760,0.010597406914739899
rxn:3:49507:9307:136687,0.010586234075682504
rxn:3:24200:49508:118819,0.010558420214159736
rxn:3:61928:31592:104708,0.01054650455713272
rxn:3:49507:6155:88087,0.01052746724556474
rxn:3:49508:35051:83471,0.010520788931077527
rxn:3:61523:35065:127714,0.010514877736568451
rxn:3:56327:9307:108894,0.010491671369356267
rxn:3:64509:39372:94785,0.010481499950401485
rxn:3:55915:1149:97944,0.010481242475838497
rxn:3:49507:38487:116611,0.010442243468376898
rxn:3:55586:39527:127714,0.010436340205131038
rxn:3:64509:2934:77927,0.010388388236363729
rxn:3:62819:38865:127714,0.01037316769361496
rxn:3:56327:39006:120274,0.010332051551703251
rxn:3:49507:9307:83031,0.01031661706586038
rxn:3:55915:2176:119415,0.010308939306175007
rxn:3:61523:2176:88087,0.010247922712756742
rxn:3:64509:2176:86559,0.0102431092943464
rxn:3:49508:1174:70183,0.010232043616911945
rxn:3:64509:23824:123705,0.010217570265134176
rxn:3:64509:31166:127714,0.010196461280186971
rxn:3:56327:23824:123705,0.010187060066631863
rxn:3:64509:19567:86313,0.01017426209790366
rxn:3:56327:23815:108894,0.010163477914673941
rxn:3:55915:38272:94820,0.010107456195739007
rxn:3:64509:39372:132368,0.010103483285222734
rxn:3:59882:1964:129676,0.01009095437598951
rxn:3:61928:31592:80866,0.010089118893329915
rxn:3:64509:357:136687,0.01008073091506958
rxn:3:61928:38979:88625,0.010069893973488961
rxn:3:64509:2176:128859,0.010067876842286851
rxn:3:55915:34501:101193,0.01006063305098435
rxn:3:64509:39443:71470,0.010025359690189362
rxn:3:49507:413:133617,0.009965085131781442
rxn:3:49508:9307:86313,0.00995798671946806
rxn:3:55915:38843:129676,0.009912510003362383
rxn:3:24200:49508:77920,0.009911242992647232
rxn:3:60054:1149:94785,0.0098925522145103
rxn:3:64509:34491:123705,0.009877239912748336
rxn:3:44053:2176:118819,0.00986429952806042
rxn:3:49507:490:133649,0.009808611965948535
rxn:3:60054:1149:92428,0.009806134303410848
rxn:3:49508:1174:120274,0.009788107126951218
rxn:3:62819:39087:71470,0.009779082692187765
rxn:3:61523:39399:139272,0.009759550079189497
rxn:3:49508:35051:70183,0.00975692452806415
rxn:3:49508:9307:128859,0.009747203054099247
rxn:3:44002:39006:120274,0.009728137043214614
rxn:3:62819:11759:101193,0.009692009290059407
rxn:3:49508:1174:128859,0.00967743806540966
rxn:3:42688:23815:132368,0.009664695709943771
rxn:3:24200:42129:77920,0.009638190269470215
rxn:3:49507:6155:80866,0.009630055339248092
rxn:3:61523:3054:127714,0.009608383362109844
rxn:3:24200:42129:86621,0.009604252378145854
rxn:3:24200:42129:119415,0.00956031066529891
rxn:3:42129:38411:127714,0.009558382843221937
rxn:3:64509:3937:86559,0.009547781559728807
rxn:3:55915:2643:74908,0.009489630830699
rxn:3:55915:9307:71470,0.0094358683736236
rxn:3:42129:1912:133617,0.009434526616876776
rxn:3:17548:60580:134564,0.009382660686969756
rxn:3:49508:357:136461,0.009367872686947094
rxn:3:61523:15511:127714,0.009348333347588778
rxn:3:62819:35065:127714,0.009344022188867842
rxn:3:52849:34491:139211,0.009261388670314442
rxn:3:61523:14995:127714,0.00923917673785111
rxn:3:49508:23824:139211,0.009219938311083564
rxn:3:64509:37814:104708,0.009219856216357304
rxn:3:44053:2176:94785,0.009213142735617501
rxn:3:61523:29454:133617,0.009202519322142881
rxn:3:62819:38843:127714,0.00919440814426967
rxn:3:61928:29454:65891,0.009190555661916733
rxn:3:49508:490:133649,0.009144736874488092
rxn:3:49508:9307:65891,0.009144468698650599
rxn:3:61523:27843:69178,0.009108553249989786
rxn:3:44002:35065:71470,0.009107460578282675
rxn:3:49508:9307:123614,0.00909371725444136
rxn:3:61523:31166:142071,0.00909157817562421
rxn:3:64509:6355:69760,0.009042886824443423
rxn:3:60054:31592:85708,0.00903982386506837
rxn:3:24200:60580:70183,0.009026011595359216
rxn:3:52849:39006:69760,0.009004659418548857
rxn:3:49508:35051:137347,0.0089840367436409
rxn:3:49507:24200:85433,0.008958791693051657
rxn:3:55915:5439:141843,0.008933809399604798
rxn:3:62819:1964:69178,0.008923637215048075
rxn:3:64509:3054:94785,0.008896543854667295
rxn:3:61523:37782:127714,0.00889528619832006
rxn:3:64509:2176:119415,0.008873450485142794
rxn:3:17548:60582:74163,0.008851651222475113
rxn:3:64509:39006:136461,0.008846316267462337
rxn:3:61523:31166:125272,0.00884078202709075
rxn:3:64509:1174:71470,0.00879794873040298
rxn:3:49507:6155:123705,0.008779992163181306
rxn:3:42129:1912:136461,0.008777309866512524
rxn:3:49507:7063:125245,0.00875468339238848
rxn:3:42129:38272:94820,0.008754196343943477
rxn:3:64509:6355:86621,0.008748934666315714
rxn:3:64509:357:124208,0.008738446694154006
rxn:3:49507:490:125665,0.008709949831808768
rxn:3:61523:6155:141843,0.008697759222101283
rxn:3:49508:1912:118819,0.008685459350717479
rxn:3:24200:60580:134443,0.008683043931211745
rxn:3:24200:49508:126488,0.00867801159620285
rxn:3:49508:11759:101193,0.008675135431751128
rxn:3:52849:3054:120274,0.008669516071677208
rxn:3:49508:38979:142071,0.00864706209727696
rxn:3:55915:34501:123614,0.008644346837644224
rxn:3:61523:522:88087,0.008567533222958446
rxn:3:49508:490:136687,0.008532264402934484
rxn:3:64509:18809:123705,0.008527091471478343
rxn:3:49507:9307:88237,0.008487034727025914
rxn:3:49507:6155:119415,0.008475195397348964
rxn:3:56327:1964:71470,0.008452160340366941
rxn:3:61523:38879:127714,0.008426778550658907
rxn:3:61523:35065:65891,0.008411659930761043
rxn:3:61928:5439:142071,0.008408753999641963
rxn:3:55915:39399:123705,0.008399120966593425
rxn:3:44002:39087:94820,0.00839702398688705
rxn:3:24200:49508:123705,0.008388960361480713
rxn:3:49508:18809:92428,0.008311286568641663
rxn:3:60054:1964:69760,0.008298790454864502
rxn:3:42129:38979:66449,0.008295935007833665
rxn:3:64509:490:123705,0.00828530305418475
rxn:3:24200:60580:94785,0.008275705164876478
rxn:3:49507:23815:134818,0.008267502699579512
rxn:3:64509:31166:123614,0.00826152680175645
rxn:3:49507:38487:83471,0.008248570375144482
rxn:3:64509:2934:90711,0.008248334300929102
rxn:3:49507:9307:131989,0.008233624285665053
rxn:3:64509:2934:74163,0.008233623031307669
rxn:3:24200:60580:129418,0.00822110280946449
rxn:3:61523:357:133617,0.00820654425127753
rxn:3:64509:38843:120274,0.008145391941070557
rxn:3:64509:2934:81857,0.008141556690479147
rxn:3:52849:357:123705,0.008050819530206569
rxn:3:49499:1149:126158,0.00802987175328391
rxn:3:61523:11759:119415,0.008008330820068237
rxn:3:49499:1149:86621,0.007996737957000732
rxn:3:64509:2934:128859,0.007996162463878763
rxn:3:64509:3054:125272,0.007994646026242164
rxn:3:61928:38487:129676,0.007977836579084397
rxn:3:49508:6155:65891,0.007927638869131766
rxn:3:64509:34501:120274,0.00792288207090818
rxn:3:49508:490:83031,0.007910396783582626
rxn:3:17548:60582:86559,0.007886671357684664
rxn:3:61523:2934:133617,0.007885863538831472
rxn:3:44002:23815:132368,0.007861280348151922
rxn:3:49508:18809:108894,0.007849353639518513
rxn:3:62819:39087:123705,0.007840982996500455
rxn:3:61523:31166:108894,0.00783771968313626
rxn:3:50803:6424:71470,0.007829497600423879
rxn:3:24200:49508:134054,0.007790402932600541
rxn:3:62819:1964:139272,0.007787981454063864
rxn:3:49508:23815:74163,0.007761777990630695
rxn:3:17548:49508:86559,0.007738447477740626
rxn:3:64509:5439:123705,0.007715228945016861
rxn:3:24200:49508:129418,0.007710248231887817
rxn:3:64509:35065:71470,0.007678188383579254
rxn:3:24200:60582:70183,0.007626846432685852
rxn:3:49508:490:101193,0.007614279946973247
rxn:3:61523:3268:69178,0.007605251918236414
rxn:3:55915:1149:92428,0.007604141389170001
rxn:3:64509:3054:136687,0.007587764263153076
rxn:3:61928:2934:86559,0.007585639666233744
rxn:3:49499:357:123705,0.007584580668696651
rxn:3:61523:2176:65891,0.007563090750149318
rxn:3:49508:6355:125665,0.007555291056632996
rxn:3:59882:1964:139272,0.007539107118334089
rxn:3:49507:32675:118819,0.007528649135069413
rxn:3:49507:32675:92428,0.007517829988942001
rxn:3:24200:49508:88087,0.007493720335118911
rxn:3:49508:39006:139272,0.007486235131235684
rxn:3:64509:2934:104708,0.007441088005348488
rxn:3:49508:35051:142071,0.00742607627596174
rxn:3:61928:1371:88237,0.007357058616784902
rxn:3:61523:23815:104505,0.007347979422273307
rxn:3:61523:6355:120274,0.007338030120501151
rxn:3:49508:6155:125272,0.007330541357849584
rxn:3:60054:23815:126488,0.007324922131374478
rxn:3:61523:2623:133617,0.007294843142682856
rxn:3:61523:32675:77920,0.007287162446206616
rxn:3:64509:39006:134818,0.007237869959611159
rxn:3:64509:2176:130107,0.0072013185574458195
rxn:3:61523:29454:88087,0.007197791976588113
rxn:3:64509:6355:83031,0.007194016873836517
rxn:3:61523:6424:142033,0.007174305617809296
rxn:3:55915:2176:133617,0.007164816061655681
rxn:3:64509:37814:125272,0.0071622634475881405
rxn:3:64509:37814:136687,0.007148008655618738
rxn:3:49507:6155:142071,0.007080494426190853
rxn:3:55915:2176:86621,0.007070595026016235
rxn:3:49508:1964:66449,0.007005851114949872
rxn:3:42884:490:101193,0.006999719775084293
rxn:3:50803:31166:71470,0.006995062033335368
rxn:3:49507:6155:85433,0.0069804224703047014
rxn:3:24200:49508:134443,0.00696738762781024
rxn:3:24200:42129:123614,0.0069624121700014386
rxn:3:49508:490:133617,0.006962320383857279
rxn:3:61523:6409:125245,0.006937758730990546
rxn:3:49508:490:77927,0.00693581501642863
rxn:3:61523:39372:71470,0.006903515507777532
rxn:3:42688:24200:136461,0.006880878550665719
rxn:3:59882:9307:121640,0.0068685780553256765
rxn:3:64509:37814:104505,0.006867894121716099
rxn:3:55915:1964:123705,0.00682948250323534
rxn:3:64509:1174:120274,0.00680902103583018
rxn:3:64509:2934:83471,0.006781639723942198
rxn:3:49508:1149:71470,0.006778808434804281
rxn:3:55915:37729:127714,0.006765661701079338
rxn:3:49499:37814:120274,0.006742807450117888
rxn:3:49507:9307:127714,0.0067416342996781875
rxn:3:60054:1964:94785,0.006740496877361746
rxn:3:24200:49508:139211,0.00673602576609011
rxn:3:42688:24200:86621,0.006723816356351299
rxn:3:49508:3268:132368,0.0067147522261648464
rxn:3:49508:5439:66449,0.006680126701082502
rxn:3:61928:29454:121640,0.006596444284214693
rxn:3:49507:6155:83031,0.006588115294774374
rxn:3:61523:37814:120274,0.006553593449867689
rxn:3:49507:490:113646,0.006513508466573862
rxn:3:61523:38979:134054,0.006497909082099795
rxn:3:49507:38487:124208,0.006476008333265781
rxn:3:61523:14995:125245,0.006445863246917725
rxn:3:49507:39006:86621,0.006415995419956744
rxn:3:49507:2176:97944,0.006408989961658206
rxn:3:49508:23824:118819,0.006388160490220593
rxn:3:49507:38272:85433,0.0063566039005915325
rxn:3:44002:522:71470,0.006347471475601196
rxn:3:56327:23824:77927,0.0063271487460416906
rxn:3:44002:38843:127714,0.006307586034138998
rxn:3:49507:38487:81702,0.006284914034254411
rxn:3:49508:9307:121640,0.006246813956428976
rxn:3:24200:42129:86313,0.006202211434190924
rxn:3:55915:38843:101193,0.006180969732148307
rxn:3:64509:2176:123705,0.006160128476290867
rxn:3:61928:29454:81702,0.006150316807531541
rxn:3:64509:37814:134443,0.006149988388642669
rxn:3:49508:5439:134443,0.006146326893940568
rxn:3:61523:31166:86621,0.00614054873585701
rxn:3:49507:5439:66395,0.006109951207270989
rxn:3:60054:9307:71470,0.006097425061922807
rxn:3:49508:6155:139211,0.006080272021117034
rxn:3:49508:39006:120274,0.006076306104660034
rxn:3:64509:2934:113646,0.006017671181605413
rxn:3:24200:60580:65891,0.006000271549931279
rxn:3:64509:357:65891,0.005989453402058831
rxn:3:49508:490:91517,0.0059773973056248255
rxn:3:61928:29454:142071,0.005962698297067122
rxn:3:49507:9307:128859,0.005946980981991209
rxn:3:49508:38979:132368,0.005929781123995781
rxn:3:64509:37814:123705,0.005915597329537074
rxn:3:61523:1305:88237,0.005895903164690191
rxn:3:61928:6155:126158,0.005882413877594856
rxn:3:64509:357:83031,0.005875069115843091
rxn:3:49507:9307:123614,0.005865488586754635
rxn:3:61523:19567:71470,0.005826505245985808
rxn:3:49508:39399:70183,0.005812447878622239
rxn:3:49508:38974:88625,0.005777692121844138
rxn:3:55915:34501:91517,0.005767199126156894
rxn:3:49507:6155:92428,0.005755193788429786
rxn:3:64509:2176:139211,0.005738999981146593
rxn:3:49508:35051:124208,0.005722943813570084
rxn:3:42129:12104:71470,0.005676746368408203
rxn:3:56327:34491:108894,0.005674277033124652
rxn:3:50803:9307:71470,0.005633291143637437
rxn:3:64509:5439:71470,0.005632991790771484
rxn:3:64509:5439:142071,0.005603831509749095
rxn:3:64509:522:134054,0.0055899520715077715
rxn:3:55915:1149:139272,0.005581967970904182
rxn:3:64509:3054:132368,0.005534013112386067
rxn:3:64509:19567:86559,0.005529237370337209
rxn:3:24200:44520:133617,0.00551679049219404
rxn:3:49508:31592:132368,0.0054949261248111725
rxn:3:49507:490:124208,0.005480898865338029
rxn:3:60054:12067:134443,0.005480682897952295
rxn:3:61523:2176:86313,0.0054515371719996136
rxn:3:61928:29454:133649,0.00544021422824552
rxn:3:17548:60580:85708,0.005436690954061655
rxn:3:49507:29454:86559,0.005435431266532224
rxn:3:64509:2934:137347,0.005423914392789205
rxn:3:49507:9307:86313,0.005398317294962266
rxn:3:49508:9307:71470,0.0053866761071341375
rxn:3:42884:1964:71470,0.005369859281927347
rxn:3:61523:22937:127714,0.005318912012236459
rxn:3:55915:357:123705,0.0053059602605885475
rxn:3:64509:2176:81857,0.005300177468193902
rxn:3:55915:1149:134443,0.005236464388230268
rxn:3:64509:357:126158,0.0052328552260543365
rxn:3:61928:1149:86559,0.00521097332239151
rxn:3:64509:357:136461,0.005201051477342844
rxn:3:56327:31166:123614,0.0051943745576974116
rxn:3:61523:32185:127714,0.00518379012743632
rxn:3:61523:2623:134054,0.0051785915186910916
rxn:3:49508:38979:70183,0.005153560277187463
rxn:3:64509:37814:130107,0.005149863384388111
rxn:3:49507:490:139211,0.0051443736468042645
rxn:3:49507:9307:66449,0.0051441783535069435
rxn:3:24200:44520:94785,0.0051159471273422245
rxn:3:59882:9307:71470,0.005086905189922878
rxn:3:49508:6355:125272,0.0050864381449563165
rxn:3:55915:39006:120274,0.005069940768439194
rxn:3:44053:5439:74163,0.005027057493434232
rxn:3:49507:9307:86559,0.0049657026926676435
rxn:3:64509:6355:134443,0.0049627781845629215
rxn:3:49499:32675:118819,0.004954401652018229
rxn:3:42688:24200:94785,0.004919028238338583
rxn:3:64509:11759:101193,0.004916118136767684
rxn:3:49507:23815:92428,0.004912005797509224
rxn:3:17548:60582:77920,0.004892380073152739
rxn:3:49508:2176:136461,0.0048416682652064735
rxn:3:64509:1149:123705,0.0048227394300122415
rxn:3:50803:6418:71470,0.004812467098236084
rxn:3:55915:5439:86313,0.0048049334436655045
rxn:3:24200:44520:94820,0.004771109550229965
rxn:3:50803:1174:71470,0.0047586549972665725
rxn:3:61523:522:71470,0.004750462770462036
rxn:3:62819:490:97944,0.004740622308519151
rxn:3:55915:34501:94785,0.004728766158223152
rxn:3:62819:39087:127714,0.004727961925359873
rxn:3:61523:1964:88237,0.004707382321357727
rxn:3:49508:23824:139272,0.004702732843511245
rxn:3:55915:9307:92428,0.004643436649750019
rxn:3:49508:19567:118819,0.004615472121672196
rxn:3:61928:31592:113646,0.00458726038535436
rxn:3:61523:1964:71470,0.004558952381977668
rxn:3:44002:39087:134963,0.004548946619033814
rxn:3:61523:31166:81702,0.004535863442080361
rxn:3:64509:6355:125665,0.00453099807103475
rxn:3:49508:6155:70183,0.004528933763504028
rxn:3:24200:42129:134054,0.004465141982743235
rxn:3:64509:3054:83031,0.004441691296441215
rxn:3:64509:522:94785,0.004430078647353433
rxn:3:64509:1149:66449,0.0044192034622718545
rxn:3:64509:2934:86559,0.004405797521273295
rxn:3:49508:2623:139211,0.004394204385818974
rxn:3:49507:490:104708,0.004368319555565163
rxn:3:64509:1149:118819,0.004342709978421529
rxn:3:61523:1154:125245,0.004342131316661835
rxn:3:64509:6155:141843,0.004317932858549315
rxn:3:64509:6355:65891,0.0042873582532328945
rxn:3:62819:31166:134054,0.004257593084784115
rxn:3:56327:23824:92428,0.004242132253506605
rxn:3:61523:490:86313,0.004204603532950084
rxn:3:61523:413:123614,0.00417846326644604
rxn:3:60054:1964:92428,0.004174131155014038
rxn:3:64509:32675:118819,0.004161819334953062
rxn:3:61523:7654:127714,0.004157217412159361
rxn:3:61523:38894:127714,0.004128827979522092
rxn:3:17548:60580:116611,0.004074048399925232
rxn:3:64509:7658:71470,0.004055250149506789
rxn:3:61523:18809:69178,0.004054026305675506
rxn:3:49507:38487:136687,0.004049866910903684
rxn:3:17548:49508:94785,0.004041912938867296
rxn:3:55915:35065:65891,0.004010991803530989
rxn:3:49508:490:66449,0.004002205256758065
rxn:3:49507:490:74163,0.004000427968361799
rxn:3:24200:42129:85708,0.003967568278312683
rxn:3:49507:38951:97944,0.003953023203488054
rxn:3:61523:2625:88237,0.003911061928822444
rxn:3:24200:42129:139272,0.0038905013352632523
rxn:3:64509:6355:126158,0.003865815486226763
rxn:3:49507:39399:97944,0.003844122269323894
rxn:3:49507:9307:83471,0.00382184571233289
rxn:3:61523:38979:65891,0.003807161251703898
rxn:3:49508:1174:77927,0.0037695404255028925
rxn:3:61928:1964:86559,0.0037670577211039408
rxn:3:49507:31166:123614,0.003758693238099416
rxn:3:64509:34501:71470,0.0037466764450073244
rxn:3:64509:37814:80866,0.003744872079955207
rxn:3:60054:1149:134443,0.0037363609581282644
rxn:3:55915:1149:125272,0.0037347702043397085
rxn:3:59882:39399:139272,0.0037021420218727803
rxn:3:61523:18809:119415,0.003698235487236696
rxn:3:61523:31166:85433,0.003685610294342041
rxn:3:49507:2934:97944,0.003637523328264554
rxn:3:49499:1149:94785,0.0036196744803226356
rxn:3:49508:23824:108894,0.0035885930992662907
rxn:3:49507:9307:70183,0.003581515242976527
rxn:3:64509:522:86559,0.003565567320790784
rxn:3:24200:60580:71470,0.003551718981369682
rxn:3:64509:39006:136687,0.0035324494043986
rxn:3:49507:9307:88625,0.0035270147702910685
rxn:3:56327:23824:136811,0.003521181643009186
rxn:3:61523:8783:125245,0.0035145233074824014
rxn:3:49508:39399:123614,0.003499815176273214
rxn:3:64509:2176:125272,0.00343141274061054
rxn:3:49508:413:125665,0.0033763484098017216
rxn:3:49507:5439:124208,0.003348682607923235
rxn:3:55915:38843:86313,0.0032985739169582246
rxn:3:61523:39399:86313,0.0032951901356379192
rxn:3:44002:39087:71470,0.0032925128936767576
rxn:3:56327:6355:108894,0.0032869832856314523
rxn:3:61523:11759:91517,0.0032631202090171074
rxn:3:49507:23815:97944,0.003262303255755326
rxn:3:44002:39087:119415,0.003257458098232746
rxn:3:55915:2176:123705,0.003244760632514954
rxn:3:42129:8654:71470,0.0032386321287888745
rxn:3:49508:18809:123705,0.003211799351608052
rxn:3:49507:490:133617,0.003193626508993261
rxn:3:64509:38979:66449,0.003174069626577969
rxn:3:60054:357:123705,0.0031329435961587088
rxn:3:49507:39399:125245,0.0031033842651932327
rxn:3:64509:37814:94785,0.003088812202666745
rxn:3:60054:39527:125245,0.0030747548393581224
rxn:3:42688:31592:85708,0.0030639152973890305
rxn:3:24200:42129:88087,0.003045936717706568
rxn:3:62819:22937:86621,0.0030088530432793403
rxn:3:17548:42129:94785,0.0029969619853155954
rxn:3:61523:8654:127714,0.0029821711778640746
rxn:3:61523:23158:127714,0.00297899654618016
rxn:3:49508:34491:69760,0.00296058097193318
rxn:3:49508:18809:83031,0.002931231084991904
rxn:3:49499:38979:66449,0.0029254555702209473
rxn:3:49507:357:79585,0.002922675758600235
rxn:3:49508:39372:71470,0.002878108194896153
rxn:3:17548:60580:97944,0.002876043617725372
rxn:3:61928:1174:81702,0.0028709443906943005
rxn:3:62819:39372:97944,0.002866559558444553
rxn:3:55915:7452:66449,0.0028510381435525828
rxn:3:61928:31592:127225,0.0028380322456359863
rxn:3:64509:3054:133649,0.002811500004359654
rxn:3:64509:2623:139211,0.00278470228458273
rxn:3:61523:35051:133617,0.0027687991969287395
rxn:3:49508:32675:132368,0.0027645925680796304
rxn:3:61928:39372:85708,0.002717248797416687
rxn:3:55915:38974:127714,0.00267849862575531
rxn:3:49499:9307:71470,0.0026710546016693116
rxn:3:64509:1912:123705,0.00266574855361666
rxn:3:61523:3054:69178,0.0026634696584481457
rxn:3:49508:490:134054,0.0026621187434476964
rxn:3:61928:29454:90711,0.0026534635188250706
rxn:3:64509:2176:118819,0.0026472551482064383
rxn:3:49508:1964:132368,0.0026452867314219475
rxn:3:49507:490:92428,0.0026289160052935284
rxn:3:64509:6355:139211,0.002628696185571176
rxn:3:49508:37814:74163,0.0026275268622807093
rxn:3:61928:6355:86559,0.002616672052277459
rxn:3:44002:3054:127714,0.002613849216891873
rxn:3:64509:522:120274,0.0026054467473711285
rxn:3:55586:7122:71470,0.0025958623737096786
rxn:3:64509:39006:88625,0.002570291981101036
rxn:3:49508:490:86559,0.0025295138359069822
rxn:3:61523:39399:127714,0.0025200090474552577
rxn:3:64509:2176:66449,0.00251878853197451
rxn:3:64509:32675:123705,0.002475046319887042
rxn:3:62819:21267:127714,0.0024250631148998556
rxn:3:64509:35065:120274,0.0024021971225738526
rxn:3:64509:2934:120274,0.0024002132744624697
rxn:3:44002:39087:97944,0.002356974482536316
rxn:3:24200:60580:86313,0.002300254229841561
rxn:3:49507:9307:139211,0.0022966734000614713
rxn:3:56327:23824:86621,0.0022550931998661585
rxn:3:49508:39372:136461,0.0022380590438842774
rxn:3:64509:39372:66449,0.0022170830655980993
rxn:3:59882:1174:81702,0.0021951549193438362
rxn:3:49507:1149:71470,0.0021875063578287762
rxn:3:55915:39399:139272,0.002183564007282257
rxn:3:61523:3197:125245,0.0021771003420536336
rxn:3:24200:42129:74908,0.0021473909062998636
rxn:3:61523:23195:125245,0.0021413016319274903
rxn:3:55915:3268:129676,0.002140630375255238
rxn:3:60054:1964:125665,0.0021277079659123574
rxn:3:49508:23815:77920,0.002126132900064642
rxn:3:61523:39338:127714,0.0021110174280625804
rxn:3:61928:32675:86559,0.0020920667668868757
rxn:3:64509:39372:65891,0.0020871798197428385
rxn:3:61523:31166:74163,0.0020836127861853567
rxn:3:55915:35065:94785,0.002081648236320865
rxn:3:49508:490:139272,0.0020481862805106425
rxn:3:61523:18809:133617,0.0020337468295386343
rxn:3:64509:1149:83031,0.002008614040190174
rxn:3:42884:11759:88625,0.001975187020642417
rxn:3:42129:1912:77920,0.0019728272191939815
rxn:3:61523:38979:86313,0.001961029600352049
rxn:3:64509:2089:71470,0.0019363033771514892
rxn:3:55915:37729:97944,0.0019180519240243094
rxn:3:62819:1964:108894,0.0018884027376770973
rxn:3:17548:60582:130107,0.0018833553791046142
rxn:3:49508:39006:74163,0.0018829907689775739
rxn:3:64509:357:125272,0.0018820363667703445
rxn:3:64509:2934:136811,0.0018787958792277745
rxn:3:49508:35051:66449,0.001868205685769358
rxn:3:55915:32185:71470,0.0018020028869311015
rxn:3:49508:35051:86559,0.0017453068867325783
rxn:3:49508:34491:104505,0.0017436178344668765
rxn:3:62819:490:125272,0.0017418861389160156
rxn:3:49508:5439:86559,0.0017088579720464245
rxn:3:55915:1964:134443,0.001698753413032083
rxn:3:49508:3054:139211,0.001685729733219853
rxn:3:55915:2176:134443,0.0016755033284425735
rxn:3:49508:9307:77927,0.0016639461119969687
rxn:3:17548:60580:104708,0.0016543293992678325
rxn:3:49508:31592:118819,0.0016368310898542404
rxn:3:49508:39399:66449,0.0016326349357078816
rxn:3:44053:357:123705,0.0016198408219122117
rxn:3:64509:522:133617,0.0016186467625878074
rxn:3:61523:522:69178,0.0016113716576780593
rxn:3:49508:490:74163,0.0016097741968491498
rxn:3:49507:6155:77920,0.001609104775613354
rxn:3:50803:1964:88237,0.0015733573171827528
rxn:3:59882:18809:125665,0.0015452153542462516
rxn:3:49508:6155:133649,0.0015357454617818196
rxn:3:49508:1149:132368,0.0015070829540491104
rxn:3:64509:39006:83031,0.0014864747722943624
rxn:3:60054:1964:88625,0.001394554746873451
rxn:3:61523:3197:69178,0.0013812119762102763
rxn:3:61928:29454:77927,0.0013288276890913646
rxn:3:55915:39443:127714,0.001323893666267395
rxn:3:44053:490:97944,0.0012652267669809275
rxn:3:61523:7122:127714,0.0012628546562688104
rxn:3:64509:6355:69178,0.0012596972286701203
rxn:3:49507:490:83471,0.0012542317653524465
rxn:3:44002:39087:88625,0.0012307211756706238
rxn:3:49508:39399:136461,0.0011661844594138009
rxn:3:49508:1174:86559,0.0011107542298056862
rxn:3:64509:1149:139211,0.0011069285018103464
rxn:3:44053:6155:141843,0.0010995622724294662
rxn:3:64509:37814:86621,0.001078920066356659
rxn:3:64509:38411:120274,0.0010619660218556721
rxn:3:61928:1964:71470,0.0010507656977726864
rxn:3:49507:5439:83471,0.001006072121007102
rxn:3:49507:1174:92428,0.0010041517741752393
rxn:3:49507:522:97944,0.000996688830441442
rxn:3:49507:3268:92428,0.0008846413005482067
rxn:3:64509:2934:123090,0.0008754687649863106
rxn:3:56327:23824:124208,0.000861342657696117
rxn:3:61523:6418:88237,0.0008404704707640189
rxn:3:61523:2934:71470,0.0008384081033559946
rxn:3:64509:2176:134054,0.0008074399083852768
rxn:3:64509:2934:131989,0.0008062432552206105
rxn:3:49508:490:92428,0.0007971664269765218
rxn:3:42129:32185:123614,0.0007685166783630848
rxn:3:49508:5439:69760,0.0007579814771126056
rxn:3:60054:413:133617,0.0007399618625640869
rxn:3:49508:490:132368,0.0007104496161142985
rxn:3:61523:38487:86313,0.0007015178826722232
rxn:3:49508:18809:70183,0.0006812543553464553
rxn:3:62819:21267:91517,0.0006784369548161824
rxn:3:56327:23824:125665,0.0006643625242369515
rxn:3:44002:2089:127714,0.0006532649840078046
rxn:3:64509:37814:83031,0.0006404350201288859
rxn:3:17548:60582:125272,0.000634902907956031
rxn:3:55915:39443:104505,0.0006323348859260822
rxn:3:56327:23824:83471,0.000620649845311136
rxn:3:49508:5439:133617,0.000615260817787864
rxn:3:49508:18809:86621,0.000613663564710056
rxn:3:49507:3197:92428,0.000595910982652144
rxn:3:64509:2623:123705,0.0005806395784020424
rxn:3:56327:23824:125245,0.0005791591059777045
rxn:3:44053:2176:123705,0.0005391847807914019
rxn:3:49507:38485:88237,0.0005349477132161458
rxn:3:55915:1149:94785,0.0005329706839152745
rxn:3:44053:37814:71470,0.0005225876967112224
rxn:3:64509:2934:130107,0.0005149394273757935
rxn:3:49507:490:125245,0.0004977981249491373
rxn:3:60054:34491:69760,0.0004908622338854033
rxn:3:42129:31166:86313,0.0004889752183641706
rxn:3:64509:2934:88087,0.0004826158285140991
rxn:3:24200:60582:81857,0.0004673774043718974
rxn:3:61523:3054:88237,0.0004061216657811945
rxn:3:49508:3054:136461,0.00038966010598575365
rxn:3:49507:490:131989,0.0003826988154444201
rxn:3:24200:44520:134054,0.0003760295254843576
rxn:3:49507:23815:66449,0.0003410557905832926
rxn:3:61928:31592:118819,0.00033918608512197224
rxn:3:55915:35065:91517,0.000325237400829792
rxn:3:42129:31166:65891,0.0003150430592623624
rxn:3:64509:357:128859,0.00030717024436363805
rxn:3:49508:39372:132368,0.0002998073895772298
rxn:3:64509:37814:126158,0.0002757930329867772
rxn:3:42129:35051:139211,0.00026213725407918295
rxn:3:61523:21267:77920,0.00023433193564414978
rxn:3:49508:9307:108894,0.00021457239504783383
rxn:3:49508:23815:133617,0.00021272684846605574
rxn:3:24200:42129:126158,0.00020985518183026995
rxn:3:55915:3937:71470,0.00019129316012064617
rxn:3:61523:6419:88237,0.00018411212497287325
rxn:3:64509:2176:129418,0.00016541282335917154
rxn:3:49507:490:71470,0.00014097349984305247
rxn:3:49508:23815:134443,0.00013860534219180837
rxn:3:24200:60580:123705,0.0001341614585656386
rxn:3:49508:1149:118819,0.000126739963889122
rxn:3:60054:5439:71470,0.00011893749237060547
rxn:3:61928:29454:83031,9.254690620207018e-05
rxn:3:61523:35065:133617,8.673513574259622e-05
rxn:3:24200:49508:139272,6.014574319124222e-05
rxn:3:24200:60580:88625,5.923743758882795e-05
rxn:3:60054:5439:74163,5.717287140507852e-05
rxn:3:64509:357:134054,5.247083402449085e-05
rxn:3:56327:31166:108894,4.3417939117976595e-05
rxn:3:49507:1912:125245,3.2819234407865086e-05
rxn:3:17548:60580:66449,-2.98997530570397e-06
rxn:3:56327:23824:110719,-1.2316487052223899e-05
rxn:3:49507:490:116611,-1.3274273702076503e-05
rxn:3:60054:1149:136461,-1.4522671699523926e-05
rxn:3:56327:6155:108894,-1.5969529296412613e-05
rxn:3:61523:31166:139211,-2.193927764892578e-05
rxn:3:55915:7452:127714,-2.888614131558326e-05
rxn:3:49508:31592:139211,-4.664361476898193e-05
rxn:3:64509:35065:113646,-8.598782799460672e-05
rxn:3:49508:6424:66449,-0.00010437704622745514
rxn:3:64509:2934:124208,-0.00010959238841615874
rxn:3:64509:39006:74279,-0.00012286504109700522
rxn:3:49508:5439:91517,-0.00012619201751316294
rxn:3:42688:24200:86313,-0.0001321934601839851
rxn:3:49508:3197:132368,-0.00017544356259432706
rxn:3:49508:18809:69178,-0.00017815039438359877
rxn:3:24200:42129:94820,-0.00017854674109097184
rxn:3:64509:19567:139211,-0.00019573343211206896
rxn:3:49508:23815:123705,-0.00020472519099712372
rxn:3:49508:1149:66449,-0.00020650029182434082
rxn:3:61523:2176:134054,-0.00020879904429117838
rxn:3:17548:60580:88237,-0.00022340565919876099
rxn:3:56327:23824:85708,-0.00023725357922640714
rxn:3:49508:490:123705,-0.0002429187297821045
rxn:3:55586:7121:71470,-0.00024464776118596394
rxn:3:61523:7759:127714,-0.00024939604379512647
rxn:3:49507:490:74908,-0.00025647518963649356
rxn:3:17548:60582:134818,-0.0002765537550052007
rxn:3:49508:23815:139211,-0.0002850813084635241
rxn:3:61523:7063:127714,-0.00028613475816590447
rxn:3:61928:2176:86559,-0.0003057936063179603
rxn:3:61928:29454:86313,-0.0003204330363694359
rxn:3:49507:6155:90711,-0.0003508382609912327
rxn:3:49508:9307:139211,-0.00035978427955082485
rxn:3:61523:23815:86313,-0.00036206504990977625
rxn:3:61523:1912:134054,-0.0004033520817756653
rxn:3:49508:31166:66449,-0.0004071017106374105
rxn:3:60054:12067:134054,-0.00046921102330088615
rxn:3:61928:29454:97944,-0.0004870481789112091
rxn:3:64509:3054:118819,-0.0004910418280848751
rxn:3:64509:522:86313,-0.0005071556026285344
rxn:3:49508:413:133617,-0.0005292858396257673
rxn:3:55915:2176:94785,-0.0005360114755052509
rxn:3:61523:6439:88237,-0.0005367552792584454
rxn:3:64509:1912:120274,-0.0005537202725043664
rxn:3:49508:37814:125272,-0.000553915330341884
rxn:3:49507:6155:133617,-0.0005549330151442325
rxn:3:64509:2934:74279,-0.0005587392619677953
rxn:3:61928:29454:137347,-0.0005625938375790914
rxn:3:49508:3197:118819,-0.0005694185242508397
rxn:3:55915:1149:69760,-0.0005703861674954814
rxn:3:49507:490:91517,-0.0005942908780915396
rxn:3:61928:34491:86559,-0.0006096547952404728
rxn:3:55915:32675:71470,-0.0006885955731074016
rxn:3:49507:9307:104708,-0.0006913068117918792
rxn:3:61523:22566:127714,-0.0007155864898647581
rxn:3:61523:31166:131989,-0.0007210657573663271
rxn:3:49508:357:74163,-0.0007338397430651115
rxn:3:49507:5439:133649,-0.00074673593044281
rxn:3:49508:35051:86621,-0.0007491080146847349
rxn:3:64509:19567:65891,-0.0007696336869037513
rxn:3:61523:38979:119415,-0.0007704351887558446
rxn:3:64509:39006:116611,-0.0007805758052402072
rxn:3:49507:490:128859,-0.0007987371806440683
rxn:3:55915:23815:126488,-0.0008118175195925163
rxn:3:49508:23815:134054,-0.0008448490074702672
rxn:3:17548:60582:66449,-0.0008958990757281964
rxn:3:49508:32675:66449,-0.0008966866880655289
rxn:3:49508:6155:86621,-0.0008968323469161988
rxn:3:61928:29454:123705,-0.000896985492398662
rxn:3:64509:1149:136461,-0.0009013646415301732
rxn:3:24200:60580:90711,-0.000911027193069458
rxn:3:61523:31814:133617,-0.0009297579526901245
rxn:3:49508:6155:123705,-0.0009351899226506551
rxn:3:49508:6155:83031,-0.0009647727012634278
rxn:3:49507:6155:131989,-0.0009900714669908797
rxn:3:49508:23815:83031,-0.0009915330447256565
rxn:3:60054:1964:108894,-0.0010306354491941391
rxn:3:64509:2934:136687,-0.001046216913631984
rxn:3:62819:38880:92428,-0.0010527571042378743
rxn:3:49507:490:80866,-0.001087824148791177
rxn:3:61523:37853:125245,-0.001097528263926506
rxn:3:62819:1964:86621,-0.0010993215255439281
rxn:3:55915:31166:88087,-0.001118044342313494
rxn:3:17548:60580:92428,-0.001138529567806809
rxn:3:61928:31592:137347,-0.0011460344706262862
rxn:3:49499:1149:123705,-0.0011462976535161337
rxn:3:61523:31220:127714,-0.0011990093465509086
rxn:3:24200:60582:100232,-0.0012513526404897373
rxn:3:62819:9307:71470,-0.0012658249448846887
rxn:3:61523:37769:113646,-0.0012836773758349211
rxn:3:61523:19567:123614,-0.0013380231601851328
rxn:3:64509:19567:94785,-0.0013488780174936567
rxn:3:49507:490:88625,-0.0013795264742591164
rxn:3:49507:9307:134818,-0.0014075791394269025
rxn:3:55915:31220:92428,-0.0014424386524385022
rxn:3:64509:39006:127225,-0.001464241399214818
rxn:3:60054:31166:133617,-0.0014647715019457269
rxn:3:61523:413:100232,-0.0014707767046414888
rxn:3:49507:490:66449,-0.0014934416474967167
rxn:3:55915:2176:134054,-0.001507645303552801
rxn:3:42688:24200:133617,-0.001510472858653349
rxn:3:24200:42129:92428,-0.0015154265124222327
rxn:3:42129:1912:139211,-0.0015419589148627387
rxn:3:49508:2176:74163,-0.001601124949315015
rxn:3:60054:1964:134443,-0.001602581956169822
rxn:3:49508:6155:86559,-0.0016054901583441373
rxn:3:24200:42129:69760,-0.001613256232491855
rxn:3:17548:60580:86559,-0.001614989505873786
rxn:3:49508:5439:94785,-0.0016150998346733325
rxn:3:61523:3297:77920,-0.0016377591169797457
rxn:3:64509:2877:123705,-0.0016631153722604117
rxn:3:61523:32185:134054,-0.0016650010013219082
rxn:3:49507:9307:69760,-0.0017095702389876048
rxn:3:59882:38487:129676,-0.0017248924602480495
rxn:3:24200:60580:142071,-0.0017356984317302704
rxn:3:55915:39443:71470,-0.0017642378807067871
rxn:3:49508:357:88625,-0.0017770249396562576
rxn:3:64509:39006:125665,-0.0017972993354002634
rxn:3:49508:9307:133649,-0.0018126310840729744
rxn:3:64509:357:88625,-0.00183763454357783
rxn:3:55915:35065:133617,-0.0018456212935909148
rxn:3:49508:5439:65891,-0.0018531795470945298
rxn:3:55915:38324:123705,-0.0018649975458780925
rxn:3:64509:19567:134443,-0.0018968911403242279
rxn:3:56327:23824:66449,-0.0019014486760804148
rxn:3:49508:31166:133617,-0.001933934007372175
rxn:3:49507:38487:120815,-0.0019462560453722554
rxn:3:49507:6155:142033,-0.001977182924747467
rxn:3:42688:24200:134054,-0.001993119716644287
rxn:3:49507:37814:142071,-0.0019962507135727827
rxn:3:56327:490:108894,-0.001999891856137444
rxn:3:60054:1149:88087,-0.00202410135950361
rxn:3:55915:2176:129676,-0.0020253231128056844
rxn:3:49508:38487:118819,-0.002025347315903866
rxn:3:64509:2934:70183,-0.002037613622603878
rxn:3:52849:23824:69760,-0.0020879832761628286
rxn:3:64509:39372:86621,-0.002098847565979793
rxn:3:49508:5439:136461,-0.002116517109029433
rxn:3:64509:357:139211,-0.0021241247653961183
rxn:3:61523:1912:91517,-0.002164813131093979
rxn:3:49507:31166:127714,-0.0021717771887779236
rxn:3:64509:6355:133617,-0.0021770768093340325
rxn:3:59882:37814:71470,-0.0021968617521483324
rxn:3:64509:31592:85708,-0.002228793399087314
rxn:3:42884:11759:134564,-0.0022372045864661534
rxn:3:61523:29454:86559,-0.0022413358713189763
rxn:3:17548:60580:70183,-0.0022451148501464297
rxn:3:61523:1149:71470,-0.002267801417754247
rxn:3:49507:490:110719,-0.0022814171067599594
rxn:3:49507:490:118819,-0.0022857492168744404
rxn:3:62819:38974:74908,-0.0023098003405791065
rxn:3:64509:35051:139211,-0.0023145824670791626
rxn:3:61523:29454:119415,-0.0023503409964697702
rxn:3:61523:35051:139211,-0.002383911838898292
rxn:3:62819:6155:86621,-0.0023964319763512447
rxn:3:49508:6155:136461,-0.0024125409476897296
rxn:3:61928:31592:136811,-0.002422831952571869
rxn:3:49499:1149:101193,-0.0024332170685132343
rxn:3:64509:31166:69178,-0.002456157157818476
rxn:3:49508:39372:66449,-0.00246214352805039
rxn:3:49508:490:94785,-0.0024650574607007645
rxn:3:49508:6155:66449,-0.0024661400488444735
rxn:3:61523:39399:119415,-0.002474034265164406
rxn:3:62819:1964:74163,-0.0024828593645777022
rxn:3:60054:179:71470,-0.0024867300634030943
rxn:3:49499:1149:74908,-0.002502843737602234
rxn:3:61523:23195:127714,-0.0025190104698312693
rxn:3:49507:6155:70183,-0.0025502979755401612
rxn:3:55915:1149:108894,-0.002554509788751602
rxn:3:49507:5439:133617,-0.0025862789515293007
rxn:3:24200:44520:139272,-0.0025972469764597274
rxn:3:42688:5439:74163,-0.0026591450852506303
rxn:3:62819:1964:92428,-0.0026643285828251992
rxn:3:64509:39372:118819,-0.0026784262486866544
rxn:3:61523:31166:80866,-0.0026847505569458007
rxn:3:42688:23815:126488,-0.0027084648609161377
rxn:3:55915:1964:94785,-0.002722944532121931
rxn:3:49508:1174:133649,-0.002728980253724491
rxn:3:49508:2176:125272,-0.0027374905698439654
rxn:3:49499:31166:65891,-0.0027654021978378296
rxn:3:61928:38487:86559,-0.0027658596377948233
rxn:3:61523:35051:127714,-0.002805554147424369
rxn:3:61928:9307:86559,-0.0028234470922213336
rxn:3:62819:11684:127714,-0.0028274445622055618
rxn:3:49508:6155:101193,-0.0028323014577229817
rxn:3:49508:32675:129676,-0.0028668102972647723
rxn:3:49508:38979:118819,-0.0028914399445056915
rxn:3:55915:2176:86313,-0.002895723238135829
rxn:3:49508:6355:120274,-0.0029239535331726076
rxn:3:61523:28569:127714,-0.002925566558180184
rxn:3:49508:38979:86559,-0.0029437141492962837
rxn:3:49508:39399:94785,-0.0029652995221755084
rxn:3:24200:60582:77927,-0.002986699938774109
rxn:3:60054:490:125272,-0.002990595530718565
rxn:3:44002:490:97944,-0.0030097899765803896
rxn:3:44053:2176:125272,-0.0030203084860529216
rxn:3:49507:38979:142071,-0.0030236431530543738
rxn:3:56327:23824:120815,-0.0030249322298914194
rxn:3:64509:357:129418,-0.003059050646321527
rxn:3:24200:49508:119415,-0.003071176216882818
rxn:3:61523:31166:116611,-0.0030742430686950682
rxn:3:64509:6355:118819,-0.0030917843867992534
rxn:3:64509:357:133617,-0.0030993703872926773
rxn:3:17548:60580:83471,-0.0031180651142047
rxn:3:42688:24200:134443,-0.0031242950847654633
rxn:3:42688:24200:139272,-0.003135267532233036
rxn:3:56327:23824:118819,-0.0031361788073006797
rxn:3:61523:31166:83471,-0.0031564894777077893
rxn:3:64509:3054:86313,-0.0031846555009964975
rxn:3:44053:39399:139272,-0.0032307128695880667
rxn:3:24200:42129:133617,-0.003245169466192072
rxn:3:61523:6428:88237,-0.0032527347405751548
rxn:3:49507:38272:66449,-0.003313966816471469
rxn:3:64509:38979:123705,-0.0033325403928756714
rxn:3:60054:1964:129676,-0.0033333964886203887
rxn:3:49508:1174:123705,-0.0033458931481136996
rxn:3:49507:23815:74163,-0.003388245403766632
rxn:3:64509:39006:91517,-0.0034002418465474073
rxn:3:61928:31592:131989,-0.0034253249565760293
rxn:3:61523:38943:127714,-0.0034347487879650934
rxn:3:49508:3054:66449,-0.00346645393541881
rxn:3:17548:60580:74279,-0.003522588610649109
rxn:3:64509:39372:128859,-0.003533480343995271
rxn:3:60054:1149:97944,-0.0035428713474954876
rxn:3:61523:31166:77927,-0.003571463127930959
rxn:3:50803:357:120274,-0.003576002441919767
rxn:3:64509:6155:120274,-0.003595921855706435
rxn:3:42129:1912:134443,-0.003602803684771061
rxn:3:55915:1174:71470,-0.0036490201950073243
rxn:3:62819:1174:71470,-0.003672495484352112
rxn:3:49508:38979:104505,-0.0036794508204740636
rxn:3:64509:1174:123705,-0.003685888135805726
rxn:3:64509:12215:123705,-0.0036945460784819817
rxn:3:17548:60580:134054,-0.003701390758637459
rxn:3:64509:3054:65891,-0.00370322219256697
rxn:3:42688:490:97944,-0.0037128565640285097
rxn:3:49508:39399:125272,-0.0037148274919565987
rxn:3:55915:2176:91517,-0.003745112129870583
rxn:3:49508:490:88087,-0.003755835975919451
rxn:3:64509:19567:126488,-0.00375858332742663
rxn:3:42884:34501:101193,-0.003761531668715179
rxn:3:49499:1149:65891,-0.0037735815971128403
rxn:3:49508:6155:119415,-0.0037744746488683366
rxn:3:49507:24200:97944,-0.003828935601093151
rxn:3:64509:2934:69178,-0.003857661639490435
rxn:3:60054:6155:126158,-0.0038772595651222
rxn:3:60054:1149:119415,-0.003889624774456024
rxn:3:42688:357:123705,-0.0038956466221040293
rxn:3:61523:19567:86313,-0.003925250109398004
rxn:3:24200:60582:131989,-0.003938975433508555
rxn:3:49508:37814:88625,-0.003943489535766489
rxn:3:60054:1964:79585,-0.0040491007028087495
rxn:3:64509:357:91517,-0.004052898846566677
rxn:3:49508:39399:133617,-0.004054521155707976
rxn:3:24200:60582:128859,-0.004058017705877622
rxn:3:61523:39006:88087,-0.004101246362552047
rxn:3:61523:23824:108894,-0.00410791060754231
rxn:3:64509:38487:74908,-0.004112059747179349
rxn:3:55915:2176:139272,-0.0041131144389510155
rxn:3:49508:18809:139211,-0.004138138025037704
rxn:3:55915:31220:127714,-0.0041496166959404945
rxn:3:60054:1149:133617,-0.004184253075543572
rxn:3:64509:23815:126488,-0.004186579375527799
rxn:3:24200:60580:83471,-0.004202219347159068
rxn:3:17548:49508:134443,-0.00431078760062947
rxn:3:64509:357:132368,-0.004314663233580413
rxn:3:49507:35065:88237,-0.004328267574310303
rxn:3:64509:2934:123705,-0.004332506848919776
rxn:3:49508:5439:83031,-0.004334190487861633
rxn:3:64509:37814:69760,-0.004381690045882915
rxn:3:24200:42129:129418,-0.004394983091662007
rxn:3:62819:12104:127714,-0.0043980306386947636
rxn:3:49508:6355:139272,-0.004402732147889978
rxn:3:49508:38979:83031,-0.0044509353059710875
rxn:3:64509:39006:104505,-0.004464291997494236
rxn:3:61928:37814:85708,-0.00447891537959759
rxn:3:49508:9307:70183,-0.004498485595949234
rxn:3:49499:1149:134443,-0.004517911933362484
rxn:3:49508:39372:81702,-0.004537791013717651
rxn:3:49507:490:74279,-0.0045726533446993145
rxn:3:64509:2934:86621,-0.0045832732031422276
rxn:3:56327:23824:81702,-0.004645627524171557
rxn:3:61928:29454:66449,-0.004688962780196091
rxn:3:64509:37814:71470,-0.0047061001812970195
rxn:3:49507:6155:124208,-0.004709450261933463
rxn:3:24200:42129:97944,-0.004747428275920727
rxn:3:24200:44520:69760,-0.00475237782924406
rxn:3:64509:39372:77920,-0.004772192239761353
rxn:3:55915:1174:81702,-0.004775610611294255
rxn:3:61928:29454:88087,-0.004780391710145133
rxn:3:49507:6155:129676,-0.004786527901887894
rxn:3:49508:23815:139272,-0.004792550907415503
rxn:3:49507:6155:91517,-0.004818783525158377
rxn:3:42688:39399:139272,-0.004822754684616537
rxn:3:59882:32675:71470,-0.004835414309655467
rxn:3:24200:49508:91517,-0.0048678854809087865
rxn:3:64509:522:93498,-0.004916015598509047
rxn:3:49507:38979:66449,-0.0049693219123348115
rxn:3:17548:60580:136687,-0.0049977248907089235
rxn:3:61523:18028:125245,-0.00501912140420505
rxn:3:49508:5439:126158,-0.005047592094966344
rxn:3:61928:31592:124208,-0.005054977205064561
rxn:3:61523:2089:88237,-0.005073037337173115
rxn:3:49508:1964:81702,-0.005130051211877303
rxn:3:61523:6425:113646,-0.00513252501304333
rxn:3:24200:42129:74163,-0.005198389517538475
rxn:3:49508:23815:125272,-0.005227243048804147
rxn:3:55915:2176:136461,-0.005227717406609479
rxn:3:49508:39006:125665,-0.005236171651631594
rxn:3:44053:2176:133617,-0.005242922902107238
rxn:3:55915:1149:129676,-0.005243501625955105
rxn:3:49507:38979:88625,-0.005259285760777337
rxn:3:62819:35065:74908,-0.00526039875470675
rxn:3:61928:490:97944,-0.005262844264507294
rxn:3:49508:39399:91517,-0.005304760379450661
rxn:3:61928:35051:86559,-0.005311428968395505
rxn:3:55915:37729:91517,-0.005317934496062143
rxn:3:64509:1149:94785,-0.005318346707259908
rxn:3:49508:1174:66449,-0.00532769039273262
rxn:3:61523:2623:125245,-0.005418626161722036
rxn:3:49508:5439:132368,-0.0054328564939827755
rxn:3:49508:31166:132368,-0.005483853240166941
rxn:3:49507:9307:71470,-0.0054869359093053
rxn:3:49499:29454:86559,-0.0055020836091810655
rxn:3:49508:18809:69760,-0.005514226402297165
rxn:3:50803:2623:134054,-0.005522279228482928
rxn:3:64509:3054:134054,-0.0055254380549153975
rxn:3:49508:6355:81702,-0.005568081047385931
rxn:3:49508:31166:77920,-0.005574642257256942
rxn:3:49499:5439:74163,-0.005577349166075388
rxn:3:49508:31166:127714,-0.005578814074397087
rxn:3:64509:2934:116611,-0.005592043910707746
rxn:3:61523:39399:88087,-0.00563809996651065
rxn:3:64509:39372:92428,-0.005640583378928048
rxn:3:64509:39372:139211,-0.0056502979535322925
rxn:3:64509:34501:110320,-0.00565756910613605
rxn:3:61928:31592:74279,-0.005668107706766862
rxn:3:49508:23824:125272,-0.005669589979307992
rxn:3:61928:39006:86559,-0.005680221650335524
rxn:3:49508:31166:139272,-0.005693598705179551
rxn:3:49508:9307:83031,-0.005721895444777704
rxn:3:64509:357:88087,-0.005722902249544859
rxn:3:49508:3054:118819,-0.005770300996714625
rxn:3:60054:6155:71470,-0.0058255261182785035
rxn:3:56327:23824:85433,-0.005862759659066796
rxn:3:61523:37769:127714,-0.00586485570030553
rxn:3:17548:60582:92428,-0.005928541499155539
rxn:3:55915:15511:71470,-0.0059539214707911015
rxn:3:61523:38979:66449,-0.005954571344234326
rxn:3:60054:1964:123705,-0.005966968113376248
rxn:3:49508:1149:125665,-0.005980186390154289
rxn:3:64509:35051:123705,-0.005990622505064934
rxn:3:61523:413:90711,-0.006018113631468553
rxn:3:24200:49508:86313,-0.006040490937955452
rxn:3:49508:35065:66449,-0.0060657936113852045
rxn:3:61523:31166:123090,-0.006065851747989654
rxn:3:64509:39006:132368,-0.006067164499184181
rxn:3:61523:1371:69178,-0.006081817547480265
rxn:3:17548:60582:70183,-0.006113948300480843
rxn:3:17548:60580:128859,-0.006123031274630473
rxn:3:64509:1149:134443,-0.006134222628492297
rxn:3:49507:38272:113646,-0.006143245313848768
rxn:3:64509:3054:123705,-0.006144286266395024
rxn:3:49508:31592:66449,-0.006147530771070911
rxn:3:49508:2176:132368,-0.0061832785606384276
rxn:3:49508:490:136461,-0.0061921162264687675
rxn:3:61523:31166:134443,-0.006240683421492576
rxn:3:64509:2934:80866,-0.006255225943667548
rxn:3:49507:6155:136811,-0.006255873927363643
rxn:3:60054:39399:139272,-0.006293838062594014
rxn:3:61928:29454:125272,-0.006349128397072063
rxn:3:64509:522:123705,-0.006380228201548258
rxn:3:56327:23824:88237,-0.006397932767868042
rxn:3:61523:31166:104708,-0.006477294489741325
rxn:3:60054:1149:139272,-0.006512204806009929
rxn:3:61523:490:134054,-0.006512266397476196
rxn:3:52849:23815:69760,-0.006513415170567376
rxn:3:24200:44520:92428,-0.006571070801827216
rxn:3:49508:32675:139211,-0.006597116108863584
rxn:3:24200:60580:124208,-0.006599673380454381
rxn:3:49507:9307:81702,-0.0066276359702310255
rxn:3:64509:39006:139272,-0.006633862853050232
rxn:3:49507:490:81702,-0.006807094139437522
rxn:3:49508:31592:85708,-0.006824782779139857
rxn:3:61523:38411:86313,-0.006849686856623049
rxn:3:61523:38487:129676,-0.006858718395233154
rxn:3:49507:490:70183,-0.006860074016355699
rxn:3:61523:6428:113646,-0.006860092282295227
rxn:3:61523:7082:127714,-0.006871472016490739
rxn:3:49508:2934:88625,-0.0068733683654240195
rxn:3:64509:1149:85708,-0.006883649990476411
rxn:3:49508:5439:118819,-0.006903810747738542
rxn:3:64509:1964:123705,-0.006904752504441046
rxn:3:49507:6155:97944,-0.006908290916019016
rxn:3:24200:60580:121640,-0.006928136636470926
rxn:3:55915:37814:71470,-0.006965862853186471
rxn:3:56327:490:97944,-0.007010267626854682
rxn:3:61523:38642:127714,-0.007016406842955836
rxn:3:49508:31592:139272,-0.00702358569417681
rxn:3:52849:23815:132368,-0.007050276547670364
rxn:3:64509:19567:125272,-0.007073844224214554
rxn:3:64509:2623:66449,-0.007089659571647644
rxn:3:49507:5439:79585,-0.007109856108824412
rxn:3:55915:3268:123705,-0.007116045012618556
rxn:3:17548:60582:128859,-0.007140885178859417
rxn:3:55915:2176:97944,-0.007207387023501926
rxn:3:56327:23824:139211,-0.007210067939013243
rxn:3:24200:42129:141843,-0.007236222105641519
rxn:3:64509:2934:86313,-0.007236965000629425
rxn:3:49508:32675:123705,-0.007245575461317511
rxn:3:61523:38880:125245,-0.007252330581347148
rxn:3:49508:35051:118819,-0.0072739869356155396
rxn:3:49499:1149:125272,-0.007297600309054057
rxn:3:64509:37814:142033,-0.007357581208149592
rxn:3:61523:23159:127714,-0.00736693326117737
rxn:3:55915:34501:69760,-0.007410825363227299
rxn:3:49508:39372:125665,-0.007413853560724566
rxn:3:49508:1174:139211,-0.00742006157675097
rxn:3:49508:6155:91517,-0.007433296564747305
rxn:3:61523:31592:85708,-0.0074428678662688645
rxn:3:24200:60580:131989,-0.007448332384228706
rxn:3:55915:1149:74163,-0.00745596204485212
rxn:3:64509:37814:133649,-0.007467610637346903
rxn:3:49508:37729:132368,-0.007486878864226803
rxn:3:64509:3054:139272,-0.0075234584510326385
rxn:3:49508:1964:139272,-0.007543038044657026
rxn:3:61928:37814:86559,-0.007550318483953123
rxn:3:60054:18809:125665,-0.007586816092953086
rxn:3:49508:39399:134443,-0.007609633785305601
rxn:3:64509:522:86621,-0.007619597514470418
rxn:3:49508:1964:139211,-0.007648500800132752
rxn:3:60054:1149:108894,-0.0076590641852348085
rxn:3:61928:29454:118819,-0.007673155392209688
rxn:3:49508:19567:139211,-0.00770812121129805
rxn:3:49508:35051:92428,-0.007760784588754177
rxn:3:24200:44520:97944,-0.007771858881259787
rxn:3:49508:35051:85708,-0.007789073451872795
rxn:3:24200:42129:108894,-0.0077917118867238365
rxn:3:49508:32675:125665,-0.007818114669883953
rxn:3:42129:8634:129418,-0.007827864959836006
rxn:3:55915:11759:101193,-0.007832592725753785
rxn:3:44053:18809:125665,-0.007838060600417002
rxn:3:49508:7658:74908,-0.007858850318810036
rxn:3:61523:7654:113646,-0.007868390530347824
rxn:3:61928:31166:86559,-0.007875537982693425
rxn:3:24200:44520:108894,-0.007886851206421852
rxn:3:59882:1964:134443,-0.00788912091936384
rxn:3:64509:2623:101193,-0.007892633322626352
rxn:3:61523:490:91517,-0.00791589867684149
rxn:3:55915:38843:123705,-0.007921156074319567
rxn:3:64509:39006:71470,-0.007924726715794316
rxn:3:49508:3054:74163,-0.00793798403306441
rxn:3:64509:1149:133617,-0.007940724492073059
rxn:3:56327:23824:132368,-0.007960928275304683
rxn:3:56327:23824:123090,-0.008013438316993415
rxn:3:60054:1964:97944,-0.008042015667472566
rxn:3:55915:34501:133617,-0.00805799849331379
rxn:3:49508:38974:74908,-0.008094320694605509
rxn:3:64509:522:91517,-0.008142212734502904
rxn:3:49508:6155:94785,-0.00814936106855219
rxn:3:55915:1964:88625,-0.008161642095621894
rxn:3:61928:9307:85708,-0.008172662258148193
rxn:3:49508:490:119415,-0.008213599239076887
rxn:3:64509:3054:88625,-0.008218827098608017
rxn:3:49508:35051:65891,-0.008227860226350673
rxn:3:55915:490:125272,-0.008260893325010935
rxn:3:49508:490:108894,-0.008273931280259163
rxn:3:49499:1149:97944,-0.008280626049748174
rxn:3:17548:60582:126158,-0.00831392046177026
rxn:3:64509:1149:134054,-0.008387466783032697
rxn:3:44053:2176:81702,-0.008403247687965631
rxn:3:64509:39006:133649,-0.008425753315289814
rxn:3:49508:12067:141843,-0.008495058165863156
rxn:3:61523:1912:127714,-0.008498829431258716
rxn:3:49508:23815:94785,-0.008534300965922219
rxn:3:49508:490:134443,-0.008549510981097366
rxn:3:64509:2176:129676,-0.008566244922835252
rxn:3:61928:31592:86559,-0.008568985653775079
rxn:3:64509:6355:81702,-0.00858393261830012
rxn:3:64509:39372:133617,-0.008585815317928791
rxn:3:61523:31166:93498,-0.00861197993159294
rxn:3:61523:1174:81702,-0.008630335082610447
rxn:3:64509:3197:85708,-0.00868013600508372
rxn:3:61523:19567:119415,-0.008681468227330376
rxn:3:64509:38979:88625,-0.0086890310049057
rxn:3:49507:6155:134443,-0.0087069240398705
rxn:3:49508:31592:81702,-0.00871413584911462
rxn:3:49508:39006:81702,-0.008718166500329971
rxn:3:61928:38324:86559,-0.008726585369843703
rxn:3:60054:12067:81702,-0.008747419406627786
rxn:3:61523:12067:71470,-0.00875774398446083
rxn:3:60054:38487:129676,-0.008783264551311731
rxn:3:49508:1174:129418,-0.008789844172341483
rxn:3:62819:23824:108894,-0.008807644728691347
rxn:3:49507:23815:74279,-0.00881737470626831
rxn:3:49508:37814:66449,-0.00882764756679535
rxn:3:49508:3054:126158,-0.008859813213348389
rxn:3:64509:2176:86621,-0.008876140775351688
rxn:3:55915:23824:108894,-0.008898417795858076
rxn:3:61523:6441:88237,-0.008919568249472865
rxn:3:49508:3054:132368,-0.008941942247851142
rxn:3:49508:34491:118819,-0.00894521176815033
rxn:3:49508:18809:97944,-0.008960239348873016
rxn:3:64509:5439:74163,-0.00898725587514139
rxn:3:49507:9307:74279,-0.009007436356374196
rxn:3:61928:31592:83471,-0.00902631437336957
rxn:3:49508:39372:139211,-0.009055273873465402
rxn:3:44002:3937:71470,-0.009074215777218342
rxn:3:64509:19567:108894,-0.009075304493308067
rxn:3:56327:37814:108894,-0.009090209007263183
rxn:3:49508:490:85708,-0.009093759388759219
rxn:3:44053:2176:142071,-0.00909897334435407
rxn:3:64509:39006:104708,-0.009131838495914753
rxn:3:64509:31166:129418,-0.009134986708241125
rxn:3:62819:1174:81702,-0.009214903820644726
rxn:3:64509:2176:92428,-0.009221927928073066
rxn:3:44053:1174:81702,-0.009226958240781511
rxn:3:49507:5439:74908,-0.009280602580734662
rxn:3:24200:49508:92428,-0.00931742016611428
rxn:3:61928:18809:125665,-0.009351058180133502
rxn:3:49508:31592:88625,-0.009370302941117967
rxn:3:24200:60582:125245,-0.009384370662949303
rxn:3:49507:490:134818,-0.009392820022724293
rxn:3:49508:32675:104505,-0.009403181501797267
rxn:3:62819:31166:86313,-0.009447043871178347
rxn:3:49508:39372:118819,-0.009475481510162354
rxn:3:49508:38979:77920,-0.009485625168856452
rxn:3:61523:3268:127714,-0.009524048616488775
rxn:3:49507:6155:86559,-0.009552487011613518
rxn:3:49508:24200:88625,-0.009568636305630207
rxn:3:49508:34491:139272,-0.009590748478384578
rxn:3:49507:6155:108894,-0.009601799647013347
rxn:3:49508:1067:88625,-0.009616881157412674
rxn:3:61928:31592:110719,-0.009628224152105826
rxn:3:17548:60580:134818,-0.009651906167467436
rxn:3:61928:522:85708,-0.009655325172039179
rxn:3:61523:522:127714,-0.009685575695974486
rxn:3:61523:31166:137347,-0.009691580026238053
rxn:3:61928:1964:85708,-0.009732538075358779
rxn:3:49507:9307:80866,-0.009733090443270547
rxn:3:60054:490:97944,-0.00976494699716568
rxn:3:49508:29454:81702,-0.00984831154346466
rxn:3:49508:9307:132368,-0.009867302576700846
rxn:3:49507:39399:92428,-0.009892229735851289
rxn:3:64509:3937:74163,-0.009893169786248887
rxn:3:49508:39399:108894,-0.009910916609148826
rxn:3:49507:6155:139272,-0.00994994305074215
rxn:3:24200:60580:100232,-0.009965146581331888
rxn:3:49508:31166:134054,-0.009991084677832468
rxn:3:49499:1149:86313,-0.010000467300415039
rxn:3:44053:2176:108894,-0.010012462036684155
rxn:3:61523:35051:65891,-0.010045468186338743
rxn:3:24200:60580:77927,-0.010060354471206664
rxn:3:61523:3937:133617,-0.010063447058200836
rxn:3:49507:6155:134054,-0.0100679797205058
rxn:3:64509:1149:125272,-0.01009511377881555
rxn:3:17548:60582:116611,-0.010128718614578248
rxn:3:61928:31592:77927,-0.010139364217008864
rxn:3:24200:42129:134443,-0.010173540562391281
rxn:3:61523:31166:70183,-0.010247073003223963
rxn:3:60054:1149:123705,-0.010257919949869956
rxn:3:44002:29621:127714,-0.010265296986026148
rxn:3:49508:6155:134054,-0.010282823533722849
rxn:3:61523:413:125272,-0.01031065660138284
rxn:3:49499:490:125272,-0.010323865279074638
rxn:3:49508:14320:139211,-0.010325518521395597
rxn:3:59882:34491:69760,-0.010329727684297869
rxn:3:55915:3268:104505,-0.010386109352111816
rxn:3:64509:3054:86621,-0.010388253522770745
rxn:3:59882:39006:71470,-0.010397860716129172
rxn:3:24200:60582:124208,-0.010415548458695412
rxn:3:17548:60580:120274,-0.010421962405626591
rxn:3:49508:490:139211,-0.01046266726085118
rxn:3:62819:1964:81702,-0.01050458149984479
rxn:3:49508:6428:132368,-0.010505026754210977
rxn:3:55915:39087:132368,-0.010505387187004089
rxn:3:64509:31166:88087,-0.010510027408599854
rxn:3:24200:44520:81702,-0.010514324996620417
rxn:3:60054:31166:65891,-0.010525930312372023
rxn:3:42129:31814:69178,-0.010547796564717446
rxn:3:49508:39399:86559,-0.010554679234822591
rxn:3:64509:357:118819,-0.010559972789552476
rxn:3:59882:31592:85708,-0.010573766885265228
rxn:3:49508:19567:125665,-0.010594932910274057
rxn:3:24200:42129:104505,-0.010597749102500177
rxn:3:61523:6425:88237,-0.010614793057794924
rxn:3:60054:1149:88625,-0.010615306821736422
rxn:3:49508:2176:139211,-0.01064197186912809
rxn:3:49508:23815:125665,-0.010647073853760958
rxn:3:24200:60580:123090,-0.01066061530424201
rxn:3:42129:6155:141843,-0.010664205878011642
rxn:3:61523:8634:127714,-0.010664699806107415
rxn:3:64509:522:118819,-0.010665508179829038
rxn:3:42129:6155:126158,-0.010767248698643275
rxn:3:64509:2934:132368,-0.010788972675800323
rxn:3:61928:31592:128859,-0.010793072481950125
rxn:3:17548:60582:131989,-0.01079600934798901
rxn:3:61523:31166:120815,-0.010838709771633148
rxn:3:61523:38485:127714,-0.010865658521652222
rxn:3:61523:18011:125245,-0.010897826935563768
rxn:3:49508:31166:118819,-0.010925987555134681
rxn:3:42129:31814:79585,-0.010928562091242882
rxn:3:64509:31166:65891,-0.010934179829012963
rxn:3:64509:357:119415,-0.010940855368971825
rxn:3:49508:38979:139211,-0.010949565966924032
rxn:3:60054:1149:134054,-0.010954505380462198
rxn:3:49508:38979:134443,-0.010969031708581108
rxn:3:49508:35051:132368,-0.010974124073982239
rxn:3:61523:9307:92428,-0.011060796104944669
rxn:3:49508:23824:74163,-0.01108988704425948
rxn:3:61523:31814:88087,-0.011096955307068364
rxn:3:49499:6155:71470,-0.01109820231795311
rxn:3:61928:6355:120274,-0.011109478198564969
rxn:3:49508:5439:92428,-0.01111316783674832
rxn:3:17548:60580:80866,-0.011156190037727356
rxn:3:49508:32675:83031,-0.01116565045188455
rxn:3:55915:413:133617,-0.011199966073036194
rxn:3:24200:60580:96332,-0.011209802783053854
rxn:3:49507:6155:133649,-0.011250291516383489
rxn:3:49508:522:125272,-0.011271521023341587
rxn:3:61928:2176:71470,-0.011273230115572611
rxn:3:24200:60582:90711,-0.011288182809948921
rxn:3:61523:24882:127714,-0.011303319667394344
rxn:3:49508:37729:66449,-0.011321153243382771
rxn:3:24200:42129:125272,-0.011335961746447014
rxn:3:49508:34491:132368,-0.011339472186180853
rxn:3:64509:39372:86313,-0.011383710894733667
rxn:3:49508:38979:85708,-0.01141653137822305
rxn:3:61928:1371:113646,-0.011453480720520019
rxn:3:49508:1964:118819,-0.011471005156636238
rxn:3:49508:1174:118819,-0.011550061630480217
rxn:3:49508:357:139211,-0.011568502143577294
rxn:3:24200:42129:129676,-0.011577108502388
rxn:3:42688:24200:69760,-0.011597620695829392
rxn:3:24200:60580:136687,-0.01161856657784918
rxn:3:49508:1174:132368,-0.011666395447470924
rxn:3:49508:23815:126488,-0.011671625515993904
rxn:3:49508:5439:86313,-0.011677153182752205
rxn:3:60054:1964:81702,-0.011704845293875664
rxn:3:49508:35065:74163,-0.011716709937900305
rxn:3:49507:5439:139272,-0.011816352372989058
rxn:3:49508:39399:139211,-0.011853930673428945
rxn:3:64509:490:125272,-0.011888597859069705
rxn:3:49508:1149:139211,-0.011900619665781657
rxn:3:55915:38843:129418,-0.011930466212075332
rxn:3:61523:23824:123614,-0.011947697458358912
rxn:3:49508:29454:125665,-0.01195601224899292
rxn:3:24200:60580:133649,-0.011974025517702103
rxn:3:49508:490:86313,-0.012023703140370986
rxn:3:49508:38979:139272,-0.012044541324887957
rxn:3:64509:357:134443,-0.01208078364531199
rxn:3:61523:38865:127714,-0.012086743424678671
rxn:3:49507:8634:125245,-0.01215939168576841
rxn:3:64509:23815:123705,-0.012166569630304972
rxn:3:64509:2176:134443,-0.012170307097896453
rxn:3:61928:522:86559,-0.012174203991889954
rxn:3:42884:11759:92428,-0.012215101160109043
rxn:3:17548:60582:120274,-0.012254970864607738
rxn:3:61523:2934:69178,-0.012279448324236376
rxn:3:49508:32675:92428,-0.012324443369200735
rxn:3:49508:39087:74163,-0.012337097525596618
rxn:3:49508:2934:132368,-0.012399561703205109
rxn:3:49499:1149:139272,-0.012402322143316269
rxn:3:61928:35051:139211,-0.012411232178027812
rxn:3:64509:3054:91517,-0.012452010065317154
rxn:3:49508:2176:118819,-0.012456571062405905
rxn:3:49508:5439:97944,-0.012486914793650309
rxn:3:64509:37814:133617,-0.012494554122289022
rxn:3:24200:44520:86313,-0.012503175224576677
rxn:3:49508:5439:129676,-0.012505646546681721
rxn:3:61523:357:65891,-0.012546344487755387
rxn:3:61928:490:86559,-0.01258257719186636
rxn:3:64509:522:134443,-0.012607169570401311
rxn:3:61523:490:119415,-0.012673290987168588
rxn:3:64509:1149:88087,-0.012693867087364197
rxn:3:49508:39399:118819,-0.012701578934987386
rxn:3:62819:31166:129418,-0.012705927714705467
rxn:3:49508:1174:86621,-0.012706547099001268
rxn:3:60054:12067:92428,-0.012706563941070012
rxn:3:64509:39006:134443,-0.012717656325548887
rxn:3:49508:35051:139272,-0.012729938115392412
rxn:3:59882:39006:120274,-0.012743046879768372
rxn:3:61928:29454:120274,-0.012756816528994462
rxn:3:61523:18809:125665,-0.012784068286418915
rxn:3:42688:38979:66449,-0.012789202854037285
rxn:3:59882:6155:126158,-0.012791011588914054
rxn:3:49508:39006:66449,-0.012800113360087077
rxn:3:42688:24200:88087,-0.012812200614384242
rxn:3:64509:39006:118819,-0.012819055853218868
rxn:3:24200:60580:128859,-0.01282665723313888
rxn:3:49508:1149:104505,-0.01282742400379742
rxn:3:24200:60582:96332,-0.012840746537498806
rxn:3:49499:1149:69760,-0.012870130353960497
rxn:3:24200:49508:94785,-0.012893367897380482
rxn:3:49508:1149:139272,-0.012895037872450693
rxn:3:61523:490:88087,-0.012986014927587202
rxn:3:61523:38411:127714,-0.013022523373365402
rxn:3:49508:1067:139272,-0.013022706364140366
rxn:3:55915:37729:139272,-0.013066584413701838
rxn:3:61928:29454:130107,-0.013096444574849946
rxn:3:49508:35051:108894,-0.013104254549199884
rxn:3:62819:35065:134054,-0.013151034232108824
rxn:3:64509:3054:66449,-0.013171718670771672
rxn:3:60054:9307:92428,-0.013224086591175624
rxn:3:49507:9307:116611,-0.013228199311665126
rxn:3:42129:3297:123614,-0.013272279942477191
rxn:3:49499:31166:134054,-0.013301054947078228
rxn:3:55915:1964:74163,-0.013301265665463038
rxn:3:64509:39006:86313,-0.013302096814820261
rxn:3:61523:32675:118819,-0.013313213042144117
rxn:3:49508:1174:83031,-0.013316208387122434
rxn:3:24200:60582:134564,-0.013340267150298409
rxn:3:49508:5439:123705,-0.013389987995227177
rxn:3:49508:39372:125272,-0.013424121719949385
rxn:3:60054:1149:74163,-0.013441836680559552
rxn:3:49507:23815:139211,-0.013443316365110463
rxn:3:24200:60582:137347,-0.013445618748664855
rxn:3:64509:522:139211,-0.0134612492941044
rxn:3:49508:31166:125272,-0.013462360416139876
rxn:3:61523:31166:118819,-0.013474382322143626
rxn:3:49508:9307:88625,-0.013510124249891802
rxn:3:61928:6355:85708,-0.013534668546456557
rxn:3:50803:2623:134443,-0.013563657946446362
rxn:3:61928:490:125272,-0.013602305452028911
rxn:3:17548:60582:132368,-0.01364809219483976
rxn:3:49499:23815:104505,-0.013653154422839483
rxn:3:49508:39372:88625,-0.013686459624406063
rxn:3:49507:6155:139211,-0.013696739519083942
rxn:3:64509:6355:134054,-0.013719806616956537
rxn:3:49508:35051:125665,-0.013726114323644928
rxn:3:55915:38411:91517,-0.013729530476754712
rxn:3:49508:6155:134443,-0.013732211198657751
rxn:3:49508:38979:125665,-0.013736279624881166
rxn:3:61523:31166:66449,-0.013793524641257066
rxn:3:44053:39087:71470,-0.013850669860839843
rxn:3:61523:39006:120274,-0.013889210728498606
rxn:3:49508:23824:125665,-0.013908162247389555
rxn:3:50803:2623:129418,-0.013939528754263214
rxn:3:49508:357:125272,-0.013950790419723049
rxn:3:56327:38979:66449,-0.013952544506858377
rxn:3:64509:3197:125272,-0.013959298815046038
rxn:3:49508:6355:74163,-0.013969847772802626
rxn:3:24200:49508:125272,-0.013994789033225088
rxn:3:17548:60580:125665,-0.014005698263645172
rxn:3:64509:39006:125272,-0.014007718274087616
rxn:3:49508:5439:139211,-0.0140281253390842
rxn:3:49507:6155:125245,-0.014034503927597633
rxn:3:17548:60580:88625,-0.014052245020866393
rxn:3:49508:5439:86621,-0.014078546315431595
rxn:3:49508:35051:134443,-0.014093529752322606
rxn:3:49508:6155:132368,-0.01416513940383648
rxn:3:64509:38272:94820,-0.01422205666700999
rxn:3:44002:31166:129418,-0.014227868441273184
rxn:3:55915:2643:127714,-0.014228759754088617
rxn:3:24200:60580:69178,-0.01425989717245102
rxn:3:49508:2623:125665,-0.014265191905638751
rxn:3:49508:9307:86559,-0.014268491665522258
rxn:3:64509:39372:69760,-0.01430715833391462
rxn:3:61523:15511:113646,-0.014311322459468135
rxn:3:64509:39372:119415,-0.014319468628276478
rxn:3:49508:39399:88087,-0.014322737285069057
rxn:3:49508:37814:139211,-0.014323104044486737
rxn:3:61928:29454:124208,-0.014330674990497786
rxn:3:42129:1912:141843,-0.014335954381573585
rxn:3:61928:31592:133649,-0.014350064612668136
rxn:3:49507:6155:96332,-0.014356525959791961
rxn:3:49508:39372:104505,-0.01435696892440319
rxn:3:61928:38843:86559,-0.014358749302724997
rxn:3:61523:28569:125245,-0.014378023147583009
rxn:3:49507:6155:74163,-0.014386902817270973
rxn:3:64509:3197:86313,-0.014388280255453927
rxn:3:49507:38843:88237,-0.014527480602264404
rxn:3:17548:60580:132368,-0.014632777759322414
rxn:3:49508:35065:118819,-0.014645484941346305
rxn:3:61928:9307:92428,-0.014650013584357042
rxn:3:64509:39372:97944,-0.014670635358645366
rxn:3:49507:35051:92428,-0.014691047836095095
rxn:3:64509:31166:133617,-0.014705848061677181
rxn:3:49508:357:66449,-0.01472492516040802
rxn:3:24200:60580:125245,-0.014758977361700752
rxn:3:64509:38487:129676,-0.014764121267944574
rxn:3:64509:1149:86621,-0.014801427481635925
rxn:3:64509:3054:134443,-0.01481867084900538
rxn:3:61523:1371:127714,-0.014833621184031169
rxn:3:64509:19567:129418,-0.014894756290948752
rxn:3:64509:39399:139272,-0.014900107537546465
rxn:3:49508:1174:129676,-0.014920781640445484
rxn:3:49508:11759:139272,-0.014948132363232699
rxn:3:59882:23824:108894,-0.014950932934880257
rxn:3:49508:31166:74163,-0.014995141114507402
rxn:3:49499:490:97944,-0.014997793436050415
rxn:3:44002:29621:92428,-0.015008766452471416
rxn:3:49507:9307:132368,-0.015041738748550415
rxn:3:61523:38372:127714,-0.0150436794868222
rxn:3:61523:31166:110719,-0.015103817845766362
rxn:3:49508:35051:83031,-0.01513567566871643
rxn:3:49508:357:118819,-0.015191949647048423
rxn:3:61523:34501:88237,-0.015198275446891785
rxn:3:64509:39372:139272,-0.01520006070213933
rxn:3:44053:2176:86313,-0.015218630007335117
rxn:3:61523:31166:136687,-0.015238510072231292
rxn:3:64509:2934:133649,-0.015242548719529183
rxn:3:64509:37814:81702,-0.0152625339726607
rxn:3:42688:24200:97944,-0.0152897589973041
rxn:3:64509:6355:97944,-0.015291821625497606
rxn:3:61523:1371:125245,-0.015297751014049236
rxn:3:49507:38979:92428,-0.015392396366223693
rxn:3:49499:1149:134054,-0.015399333202477657
rxn:3:61928:29454:69760,-0.01542249359190464
rxn:3:24200:60580:126158,-0.015434513168950234
rxn:3:49508:2176:139272,-0.015478941075729601
rxn:3:64509:357:66449,-0.015493356264554538
rxn:3:17548:60582:80866,-0.015495103597640992
rxn:3:24200:42129:94785,-0.015509725068554733
rxn:3:64509:37814:119415,-0.01552828708115746
rxn:3:49508:2934:139272,-0.015545907403741564
rxn:3:49508:6155:118819,-0.015558008489937618
rxn:3:17548:60582:74279,-0.015598992705345155
rxn:3:49508:1174:108894,-0.01566647957353031
rxn:3:24200:44520:125665,-0.015680767595767975
rxn:3:49499:9307:92428,-0.01570316155751546
rxn:3:62819:38974:94820,-0.015715620032063237
rxn:3:49508:2176:66449,-0.01572881998686955
rxn:3:49508:490:118819,-0.015743586421012878
rxn:3:55915:31166:129418,-0.015778095461428165
rxn:3:61928:29454:110719,-0.015827839487585527
rxn:3:24200:60580:130107,-0.015841603926990345
rxn:3:61523:31166:134963,-0.01585690975189209
rxn:3:44053:2176:74163,-0.015909488924912046
rxn:3:61523:31166:128859,-0.015911280535734616
rxn:3:49507:5439:74163,-0.015932015171556763
rxn:3:55915:1067:81702,-0.015967445572217305
rxn:3:61523:35065:77920,-0.015969282732560083
rxn:3:49508:38979:65891,-0.016008370939423058
rxn:3:49508:39399:83031,-0.016015627691822666
rxn:3:55915:5439:74163,-0.01601861184462905
rxn:3:61928:31592:120274,-0.01602563731096409
rxn:3:49508:37814:132368,-0.016043427971101577
rxn:3:64509:31166:134054,-0.016046709635040977
rxn:3:49508:3054:125272,-0.016064185310493816
rxn:3:61523:11759:77920,-0.01610722073486873
rxn:3:49507:6155:136687,-0.01610939039124383
rxn:3:64509:522:129676,-0.016117254147926967
rxn:3:61928:2176:85708,-0.01614519476890564
rxn:3:17548:60582:83471,-0.01615021377801895
rxn:3:49508:39399:125665,-0.016158155375911344
rxn:3:61523:3254:125245,-0.016159287757343717
rxn:3:49508:37814:118819,-0.016160367477324702
rxn:3:64509:39372:125272,-0.016198369208723307
rxn:3:49508:6155:69178,-0.016201244791348775
rxn:3:64509:490:97944,-0.016262922149438124
rxn:3:49508:23815:69760,-0.016322871369700277
rxn:3:61523:31045:88237,-0.016366661566755047
rxn:3:55915:18809:125665,-0.01637988289197286
rxn:3:49508:38979:97944,-0.016385450959205627
rxn:3:64509:3054:129676,-0.016389723334993635
rxn:3:64509:31166:77920,-0.016435713296936404
rxn:3:64509:1149:88625,-0.016483688670577423
rxn:3:49508:5439:85708,-0.016521144126142775
rxn:3:64509:39372:134443,-0.016529557205015612
rxn:3:60054:1149:125665,-0.016551640725904895
rxn:3:61523:7082:88237,-0.01656654357910156
rxn:3:55915:1964:81702,-0.016603361815214157
rxn:3:24200:44520:129676,-0.01660524820908904
rxn:3:42688:24200:81702,-0.01661238795326602
rxn:3:49508:34491:88625,-0.016619637608528137
rxn:3:55915:2176:74163,-0.016622232216777222
rxn:3:49508:38979:69760,-0.01664323639124632
rxn:3:49508:31166:86313,-0.016647911071777342
rxn:3:64509:31166:91517,-0.01665311065666816
rxn:3:64509:522:66449,-0.01665686337011201
rxn:3:49508:6155:88087,-0.016666950110126946
rxn:3:55915:38411:127714,-0.016674328733373572
rxn:3:61523:38605:127714,-0.016723559903247014
rxn:3:42688:24200:125272,-0.016725439578294754
rxn:3:61928:29454:91517,-0.01678748961005892
rxn:3:49508:490:88625,-0.016857416340799042
rxn:3:61523:31166:127225,-0.016907985632618267
rxn:3:64509:6155:86621,-0.0169104380267007
rxn:3:55915:39443:88625,-0.016910574088493984
rxn:3:49508:6155:108894,-0.01697496324777603
rxn:3:61523:31166:124208,-0.016994239332584236
rxn:3:61928:14320:71470,-0.017157410753184353
rxn:3:64509:35065:136638,-0.017167741289505593
rxn:3:61523:35051:71470,-0.017210044539891757
rxn:3:61523:3937:71470,-0.017224053817766684
rxn:3:55915:1149:125665,-0.017236579209566116
rxn:3:61928:29454:139211,-0.017258865226592337
rxn:3:56327:413:108894,-0.017265728328909193
rxn:3:49508:490:104505,-0.01729525439441204
rxn:3:49508:38974:132368,-0.01738957315683365
rxn:3:61928:2934:85708,-0.01740871535407172
rxn:3:49508:5439:125272,-0.017414354013674187
rxn:3:49508:19567:81702,-0.017472595852964064
rxn:3:49508:5439:139272,-0.017506809905171394
rxn:3:64509:37814:139211,-0.01751094283881011
rxn:3:49508:34491:74163,-0.017524512325014386
rxn:3:42129:21267:71470,-0.017573957641919453
rxn:3:64509:19567:92428,-0.01759043311880481
rxn:3:64509:2934:69760,-0.017674165964126586
rxn:3:59882:5439:74163,-0.01767497622605526
rxn:3:55915:34501:134443,-0.017680365231729323
rxn:3:49508:38979:129676,-0.017693262660142147
rxn:3:61523:31166:66395,-0.017739947885274887
rxn:3:49508:1964:125665,-0.017754340713674373
rxn:3:49508:1174:92428,-0.017809048746571396
rxn:3:49508:357:132368,-0.017815577572789686
rxn:3:49508:6155:85708,-0.01781770693404334
rxn:3:49508:31166:88625,-0.0178386126370991
rxn:3:49508:39399:92428,-0.017860689262549082
rxn:3:60054:31166:69178,-0.017865297695000965
rxn:3:61928:23815:86559,-0.017871444148046
rxn:3:62819:31166:133617,-0.017887040534440207
rxn:3:49508:23824:88625,-0.017897130811915678
rxn:3:49508:39443:88625,-0.01789809186612406
rxn:3:61523:35051:88237,-0.017928475737571715
rxn:3:49507:9307:74163,-0.017959145829081535
rxn:3:61523:24200:129418,-0.017989626637211553
rxn:3:49508:357:126158,-0.01801696717739105
rxn:3:49507:6155:116611,-0.01816201044453515
rxn:3:24200:44520:74163,-0.01818169355392456
rxn:3:49508:1174:104505,-0.01819726995059422
rxn:3:61523:31166:133649,-0.018211116482104574
rxn:3:64509:2934:118819,-0.01821501652399699
rxn:3:49508:2934:118819,-0.0182205094024539
rxn:3:49499:39399:139272,-0.018275320529937744
rxn:3:55915:490:79585,-0.01828731099764506
rxn:3:61523:6155:126158,-0.018317654728889465
rxn:3:52849:39399:69760,-0.018319378880893484
rxn:3:52849:5439:69760,-0.018336554594112164
rxn:3:61523:31166:134564,-0.018345907628536225
rxn:3:49507:5439:118819,-0.01835102279638422
rxn:3:49508:23815:97944,-0.018399034080834223
rxn:3:49508:2176:88625,-0.018405283039266414
rxn:3:49508:6155:74163,-0.018409222815975998
rxn:3:49508:522:66449,-0.018418920040130616
rxn:3:55915:35065:69760,-0.018421110179689195
rxn:3:61928:38979:86559,-0.01846963300236634
rxn:3:49508:3268:104505,-0.01847031371934073
rxn:3:49508:2623:104505,-0.018512678146362305
rxn:3:61523:38487:123614,-0.018663566559553146
rxn:3:61523:413:120274,-0.01866572780104784
rxn:3:64509:6155:126158,-0.018679737141638092
rxn:3:55915:35065:69178,-0.01870673256261008
rxn:3:64509:18809:125665,-0.018715819343924522
rxn:3:64509:1149:81702,-0.018721232971837445
rxn:3:42129:1912:81702,-0.018728625774383546
rxn:3:49507:6155:74279,-0.018761133706128155
rxn:3:49508:31166:125665,-0.0187721848487854
rxn:3:61928:39399:139272,-0.01877278808889718
rxn:3:61523:37782:125245,-0.018782513141632082
rxn:3:62819:38951:74908,-0.0187909839482143
rxn:3:49508:38979:126488,-0.018847109590257916
rxn:3:49508:38951:74908,-0.01885064095258713
rxn:3:64509:2934:139211,-0.01889224031141826
rxn:3:64509:357:69760,-0.018945576416121587
rxn:3:61523:37729:125245,-0.018961661184827488
rxn:3:61928:23824:108894,-0.018968609826905385
rxn:3:61928:31592:134818,-0.01903701215982437
rxn:3:49508:5439:69178,-0.01904355486234029
rxn:3:24200:60580:110719,-0.01905071797470252
rxn:3:52849:6155:69760,-0.01905438258792415
rxn:3:60054:1149:81702,-0.01907120885387544
rxn:3:24200:60580:125272,-0.019111442154851454
rxn:3:55915:2176:125272,-0.019115402391462616
rxn:3:61523:38166:127714,-0.019129106292018184
rxn:3:24200:60580:134818,-0.01914266293699091
rxn:3:49508:522:74163,-0.019170798574175155
rxn:3:49508:35051:97944,-0.01920872926712036
rxn:3:61523:24200:133617,-0.019219650019859445
rxn:3:61523:31166:85708,-0.019229281693696976
rxn:3:64509:37814:92428,-0.019242069330708735
rxn:3:49508:34491:125665,-0.019246883690357208
rxn:3:49508:6355:118819,-0.019265266195420298
rxn:3:24200:60582:133649,-0.019293702565706693
rxn:3:49508:5439:108894,-0.01931359867254893
rxn:3:64509:31166:119415,-0.01932699978351593
rxn:3:61523:7452:125245,-0.019333838174740475
rxn:3:64509:39006:126158,-0.01936262228659221
rxn:3:49508:38979:123705,-0.019400862130251797
rxn:3:61928:6155:86559,-0.019407588094472884
rxn:3:61928:19567:85708,-0.019434267655014992
rxn:3:55915:34501:119415,-0.019438279397559887
rxn:3:61523:1067:113646,-0.01952725581147454
rxn:3:49508:31166:139211,-0.01956197824971429
rxn:3:64509:1149:129676,-0.019623899652111913
rxn:3:64509:37814:66449,-0.019650535924094065
rxn:3:17548:60580:113646,-0.019654732683430546
rxn:3:64509:2934:108894,-0.019659785013045033
rxn:3:60054:7122:71470,-0.01966914694224085
rxn:3:17548:60580:74163,-0.019707384609406995
rxn:3:24200:42129:81702,-0.01971680422623952
rxn:3:42129:490:97944,-0.019758403301239014
rxn:3:49508:1912:126158,-0.019767476192542485
rxn:3:61523:38324:127714,-0.0197962803973092
rxn:3:55915:2176:81702,-0.019825470447540284
rxn:3:60054:1149:129676,-0.01983232363577812
rxn:3:64509:39006:86621,-0.019849902391433714
rxn:3:24200:49508:108894,-0.019903125365575154
rxn:3:49507:6155:66449,-0.01993601130587714
rxn:3:24200:60580:66449,-0.019959780698021252
rxn:3:64509:2623:86313,-0.020023744659764427
rxn:3:49508:357:123705,-0.020066560804843904
rxn:3:61523:3937:119415,-0.020074157592128303
rxn:3:49499:6155:126158,-0.020077606197446585
rxn:3:55915:35065:139272,-0.02010627885659536
rxn:3:55915:23815:104505,-0.020195876015350223
rxn:3:64509:357:86621,-0.020197327647890364
rxn:3:49508:1174:125665,-0.020219877362251282
rxn:3:62819:6155:126158,-0.020252370111205998
rxn:3:49508:38487:125665,-0.020292483708437753
rxn:3:49508:6155:129676,-0.020319536328315735
rxn:3:44053:490:125272,-0.02035453574998038
rxn:3:64509:1067:82004,-0.020368293479636864
rxn:3:17548:60582:85708,-0.020377893573962726
rxn:3:49508:34501:66449,-0.020383062107222422
rxn:3:61523:3268:125245,-0.02042528413809263
rxn:3:49508:39399:69760,-0.02045042465130488
rxn:3:56327:39399:108894,-0.020481068640947342
rxn:3:49508:39006:132368,-0.020482270948348508
rxn:3:24200:49508:129676,-0.020487254858016966
rxn:3:61523:38865:125245,-0.020511322021484375
rxn:3:49508:31166:81702,-0.020593115128576756
rxn:3:49508:39399:129676,-0.020657212503494754
rxn:3:55915:1149:81702,-0.02068229578435421
rxn:3:49508:1067:125665,-0.02069254748282894
rxn:3:62819:21267:94785,-0.020696745350443083
rxn:3:64509:357:95615,-0.020715152775799786
rxn:3:61523:31166:134818,-0.020730289320151012
rxn:3:49499:31166:133617,-0.02074160799384117
rxn:3:55915:34501:69178,-0.020750809332420087
rxn:3:50803:35051:139211,-0.0207608448607581
rxn:3:55915:1149:88625,-0.020761304041918588
rxn:3:61523:490:133617,-0.020771431922912597
rxn:3:49508:24200:126158,-0.02078565231391362
rxn:3:24200:42129:125665,-0.020829832057158153
rxn:3:64509:357:97944,-0.02083888441324234
rxn:3:49508:2934:66449,-0.020846585112233317
rxn:3:60054:413:71470,-0.020887072991441796
rxn:3:49508:6155:123614,-0.020898965852601186
rxn:3:49499:1149:108894,-0.020907423893610635
rxn:3:49507:9307:118819,-0.020919473220904667
rxn:3:49508:1149:81702,-0.020931142749208393
rxn:3:49508:39006:88625,-0.02093611767186838
rxn:3:64509:37814:139272,-0.020953156054019928
rxn:3:61523:27843:88237,-0.020972867254857665
rxn:3:61523:31166:136811,-0.021010194420814515
rxn:3:64509:39006:133617,-0.021056800177603058
rxn:3:61523:38411:123614,-0.021085444499145855
rxn:3:24200:42129:88625,-0.02109130658209324
rxn:3:62819:38272:94820,-0.021204781147741502
rxn:3:17548:60582:104708,-0.021219563360015552
rxn:3:61928:29454:131989,-0.02124312584256304
rxn:3:64509:522:126158,-0.021244078555277417
rxn:3:49507:6155:88625,-0.021250559657346457
rxn:3:49508:39443:125665,-0.021292287214048976
rxn:3:17548:60580:129418,-0.021299995738884497
rxn:3:55915:35065:104505,-0.02130232802752791
rxn:3:42884:11759:97944,-0.0213660662372907
rxn:3:49508:32675:97944,-0.021418367662737445
rxn:3:64509:39372:126158,-0.02142738298896481
rxn:3:55915:35065:86621,-0.021461247333458493
rxn:3:64509:522:92428,-0.021507014488351756
rxn:3:61928:29454:108894,-0.021648170486573252
rxn:3:61523:38843:129418,-0.021648182891882382
rxn:3:49508:3054:88625,-0.021673163399100304
rxn:3:49508:490:125665,-0.021685596915983384
rxn:3:49508:1149:88625,-0.021708557435444423
rxn:3:64509:1149:97944,-0.02172669449022838
rxn:3:44053:2176:125665,-0.021773722022771835
rxn:3:61523:31166:130107,-0.02182673752307892
rxn:3:64509:23824:108894,-0.021835483610630035
rxn:3:61928:3937:71470,-0.021878325828799495
rxn:3:64509:1149:65891,-0.02190681779757142
rxn:3:24200:60580:81702,-0.021909883962227747
rxn:3:49508:39399:134054,-0.021914383944343117
rxn:3:49508:3268:81702,-0.02195852907264934
rxn:3:61928:29454:136687,-0.021986769113157476
rxn:3:64509:37814:108894,-0.022034706175327302
rxn:3:61523:38605:125245,-0.022072276721398037
rxn:3:50803:31592:85708,-0.022099214381185072
rxn:3:61928:29454:70183,-0.022132040211750616
rxn:3:44053:2176:66449,-0.022184404234091442
rxn:3:44053:39006:120274,-0.022200602677560622
rxn:3:49507:9307:85708,-0.022289394047753566
rxn:3:61523:3268:123614,-0.022331887057849338
rxn:3:49508:6155:74908,-0.022351922201258794
rxn:3:61928:37729:125245,-0.022414644559224445
rxn:3:62819:38979:88625,-0.022436542546047884
rxn:3:64509:413:133617,-0.02243838526985862
rxn:3:49508:2176:125665,-0.022440245074610555
rxn:3:17548:60582:127225,-0.022441469132900238
rxn:3:24200:60580:137347,-0.022524207830429077
rxn:3:61928:23824:86559,-0.02255144742903886
rxn:3:49508:522:139272,-0.02261731116210713
rxn:3:44053:2176:88625,-0.022641320438945994
rxn:3:64509:2623:129418,-0.02267180834755753
rxn:3:62819:39399:139272,-0.022676140069961548
rxn:3:49508:31166:104505,-0.02267988116452188
rxn:3:49508:34501:88625,-0.022690861485898495
rxn:3:49508:6355:132368,-0.022697244921038227
rxn:3:64509:39006:69760,-0.02270456146577309
rxn:3:49508:18809:81702,-0.022720556925324834
rxn:3:49508:522:118819,-0.022773079333766814
rxn:3:49508:490:97944,-0.02281425254685538
rxn:3:24200:44520:125272,-0.02282291054725647
rxn:3:61523:8783:127714,-0.022827137261629105
rxn:3:62819:5439:74163,-0.02283395000267774
rxn:3:17548:60582:113646,-0.02283748984336853
rxn:3:49508:6155:139272,-0.022874376270920038
rxn:3:64509:1149:74163,-0.02288599662921008
rxn:3:61523:31166:132368,-0.02298237272986659
rxn:3:64509:357:139272,-0.022986613710721335
rxn:3:61523:39527:127714,-0.023062498569488527
rxn:3:55915:35065:88625,-0.023074830571810406
rxn:3:61523:413:88237,-0.023107551659146946
rxn:3:61523:31166:128145,-0.02311985505123933
rxn:3:49508:11759:88625,-0.02319433291753133
rxn:3:61523:3297:127714,-0.02331844627857208
rxn:3:49508:32675:81702,-0.023369773784104514
rxn:3:64509:3054:133617,-0.023436556900701216
rxn:3:64509:490:79585,-0.023503047638926012
rxn:3:64509:3054:119415,-0.02351115271449089
rxn:3:49508:23815:129676,-0.023572971113026142
rxn:3:49508:35051:81702,-0.02359543785904393
rxn:3:24200:60582:136811,-0.023650700631348984
rxn:3:61928:29454:80866,-0.023686145365770375
rxn:3:49508:34491:81702,-0.023728210479021072
rxn:3:64509:6355:85708,-0.02376576646098069
rxn:3:61928:29454:128859,-0.023895056982492578
rxn:3:64509:1149:139272,-0.023913541978055782
rxn:3:49508:39399:74163,-0.023919033215326423
rxn:3:64509:3937:97944,-0.02396460185790884
rxn:3:59882:6155:86621,-0.023972340673208237
rxn:3:61523:3937:88237,-0.023989539306897383
rxn:3:49508:6355:66449,-0.024002832174301148
rxn:3:64509:522:88625,-0.024058698443695903
rxn:3:64509:1149:108894,-0.02406969137730137
rxn:3:64509:2176:126158,-0.02414693639558904
rxn:3:55915:38974:134443,-0.024176649252573647
rxn:3:64509:3054:125665,-0.024222793855837414
rxn:3:60054:38979:88625,-0.024232990362427452
rxn:3:49499:1149:79585,-0.024275227884451547
rxn:3:64509:522:69760,-0.024481845826938235
rxn:3:64509:357:74163,-0.024493519577287858
rxn:3:49499:32185:71470,-0.024647595626967295
rxn:3:17548:60582:139272,-0.024678965285420417
rxn:3:55915:2176:69760,-0.024722751101543164
rxn:3:24200:60580:80866,-0.024759629498357357
rxn:3:49508:3054:81702,-0.02479526201883952
rxn:3:64509:1149:92428,-0.024795747299989065
rxn:3:60054:6155:86621,-0.024829662271908352
rxn:3:49499:1149:125665,-0.024854035178820292
rxn:3:61523:31814:127714,-0.02488287897021682
rxn:3:49508:23815:81702,-0.024885025806725025
rxn:3:64509:357:94820,-0.025025665760040283
rxn:3:49508:38979:81702,-0.025108932545690826
rxn:3:64509:1174:81702,-0.02511458285152912
rxn:3:61928:357:120274,-0.025170196779072285
rxn:3:49508:34501:125665,-0.025170384844144186
rxn:3:59882:38979:88625,-0.025185004302433558
rxn:3:49508:5439:81702,-0.025194162627061208
rxn:3:49508:35051:129676,-0.025229049451423412
rxn:3:49508:38487:129676,-0.025426360175890082
rxn:3:49508:522:139211,-0.025467929141274815
rxn:3:59882:23824:71470,-0.025543278404350937
rxn:3:49508:35051:88625,-0.025547313690185546
rxn:3:49507:6155:118819,-0.025602244611444145
rxn:3:61523:24200:85433,-0.025640897128892982
rxn:3:49508:9307:118819,-0.025647142032782237
rxn:3:49508:6155:86313,-0.025744105830337063
rxn:3:61523:413:127225,-0.025877142945925396
rxn:3:64509:522:108894,-0.025937479734420777
rxn:3:49508:37814:125665,-0.026036463677883148
rxn:3:61928:29454:71470,-0.0261087210050651
rxn:3:49508:6155:97944,-0.02623094673509951
rxn:3:64509:31166:86313,-0.02631067033066894
rxn:3:49508:38979:108894,-0.02641632520791256
rxn:3:24200:60580:74279,-0.02642484592354816
rxn:3:49508:2934:139211,-0.026640562216440837
rxn:3:61523:38943:113646,-0.026653743308523426
rxn:3:61523:35051:113646,-0.026661448801557224
rxn:3:24200:60582:110719,-0.026710497836271923
rxn:3:64509:2934:97944,-0.026793721531118666
rxn:3:64509:39399:123705,-0.026841762764700527
rxn:3:61523:1964:69178,-0.02689749272219066
rxn:3:49499:38979:88625,-0.02697969786822796
rxn:3:61523:8706:88237,-0.026996177549545582
rxn:3:61928:31592:125245,-0.027011982202529906
rxn:3:61523:5439:88237,-0.027014697139913387
rxn:3:64509:2934:92428,-0.02702818562587102
rxn:3:49508:23824:81702,-0.027053944766521454
rxn:3:55915:2176:108894,-0.027088325222333273
rxn:3:60054:23824:108894,-0.02709206541379293
rxn:3:61523:413:97944,-0.027142027616500853
rxn:3:49508:5439:125665,-0.027182433505853018
rxn:3:61928:37814:120274,-0.0272417263342784
rxn:3:49508:39399:86313,-0.027273899053826052
rxn:3:55915:38979:88625,-0.02745099803980659
rxn:3:49508:39006:139211,-0.027500912033278365
rxn:3:24200:60580:74163,-0.027524275255614315
rxn:3:55915:2176:125665,-0.027532857656478883
rxn:3:64509:2623:125272,-0.02753449593271528
rxn:3:64509:522:85708,-0.027689925261906216
rxn:3:64509:39372:108894,-0.02785855428925876
rxn:3:49499:23824:108894,-0.02807550491957829
rxn:3:64509:357:85708,-0.028105004475666925
rxn:3:24200:49508:97944,-0.028126014051613985
rxn:3:49508:32675:108894,-0.028209777439341825
rxn:3:49508:37814:81702,-0.02828778186812997
rxn:3:44053:2176:92428,-0.02831372017821958
rxn:3:49508:6355:139211,-0.028382783306056057
rxn:3:61928:3054:85708,-0.02841963122288386
rxn:3:49508:522:88625,-0.02842530038426904
rxn:3:49507:9307:142033,-0.028556311726570128
rxn:3:61928:29454:96332,-0.028627748202000345
rxn:3:24200:60580:86621,-0.028741120145871088
rxn:3:49507:6155:127225,-0.028762613351528462
rxn:3:42688:1174:81702,-0.028786612834249225
rxn:3:61523:2125:125245,-0.02884942811468373
rxn:3:49508:39399:81702,-0.028875653782198505
rxn:3:49508:38979:92428,-0.029036086052656174
rxn:3:49499:1174:81702,-0.0291399109748102
rxn:3:17548:60580:118819,-0.02916665044095781
rxn:3:61523:22937:125245,-0.02922440382341544
rxn:3:17548:60580:126158,-0.029251329375035835
rxn:3:49499:6155:86621,-0.029255682671511615
rxn:3:64509:37814:118819,-0.029329606171312004
rxn:3:49508:24200:125272,-0.029333513342972958
rxn:3:49508:39399:123705,-0.029354470391427318
rxn:3:64509:357:92428,-0.029521120919121638
rxn:3:55915:2176:88625,-0.029594104271382093
rxn:3:64509:522:74163,-0.029644240709868343
rxn:3:61928:38487:85708,-0.029654853578124727
rxn:3:61523:7122:88237,-0.029697672724723817
rxn:3:49508:357:139272,-0.02971323486417532
rxn:3:49508:3054:139272,-0.02977951429784298
rxn:3:55915:34501:139272,-0.02979732232709085
rxn:3:49499:18809:125665,-0.029948443174362183
rxn:3:24200:44520:88625,-0.02995799218907076
rxn:3:61928:3054:120274,-0.02997145801782608
rxn:3:64509:2934:66449,-0.029994712821368515
rxn:3:61523:31166:139272,-0.029995849231878917
rxn:3:49507:6155:81702,-0.030020622164011003
rxn:3:61523:38879:125245,-0.03009663832684358
rxn:3:64509:6355:74163,-0.03016987894520615
rxn:3:61523:2877:127714,-0.0302253785942282
rxn:3:17548:60582:118819,-0.030275686195603124
rxn:3:61523:2623:88237,-0.030349922008239306
rxn:3:49508:357:125665,-0.030352152387301125
rxn:3:64509:2176:74163,-0.03059332654811442
rxn:3:24200:60580:118819,-0.03069829732179642
rxn:3:61523:1305:125245,-0.03075624731453982
rxn:3:49507:21267:88237,-0.030791961628457775
rxn:3:61523:38894:125245,-0.030807378391424816
rxn:3:49508:38979:86621,-0.030898981925212975
rxn:3:49508:2176:81702,-0.030930007657697125
rxn:3:61928:357:85708,-0.030970970789591473
rxn:3:61928:29454:74279,-0.031133718256439482
rxn:3:61928:29454:125245,-0.03130883613118419
rxn:3:64509:39372:74163,-0.03142416966147721
rxn:3:61928:29454:85708,-0.031540947741475596
rxn:3:64509:35065:82004,-0.03166727900505066
rxn:3:49508:1964:88625,-0.03167985422270639
rxn:3:24200:49508:81702,-0.031686181823412575
rxn:3:61523:31166:125245,-0.031768753503759704
rxn:3:61523:31166:113646,-0.031930481610090836
rxn:3:64509:39006:139211,-0.03195647646983465
rxn:3:24200:60582:127225,-0.03198679434982213
rxn:3:61928:29454:88237,-0.03201484873338982
rxn:3:55915:38974:97944,-0.03220226526260376
rxn:3:61928:29454:104708,-0.032267131049323966
rxn:3:61523:2877:125245,-0.03236654525001844
rxn:3:64509:37814:74163,-0.03242552156249682
rxn:3:61928:38979:85708,-0.03247028754817115
rxn:3:24200:60580:136811,-0.032545032708541206
rxn:3:61928:29454:116611,-0.03259027882346085
rxn:3:64509:522:125665,-0.03262156496445338
rxn:3:64509:2176:97944,-0.03265855031517836
rxn:3:61928:29454:92428,-0.03270106116930644
rxn:3:64509:39372:125665,-0.03292869648029064
rxn:3:17548:60582:88237,-0.03293547655145327
rxn:3:49499:1149:81702,-0.03296167403459549
rxn:3:61523:38487:74908,-0.03307649439999035
rxn:3:60054:32185:71470,-0.03308847366735853
rxn:3:61523:38166:125245,-0.03330215293428172
rxn:3:61928:18809:86559,-0.033415152851877544
rxn:3:64509:2176:125665,-0.033491385907962405
rxn:3:49508:35065:139272,-0.03353807858882412
rxn:3:64509:2176:81702,-0.03360342491289665
rxn:3:59882:38979:66449,-0.033612643518755515
rxn:3:49507:6155:104708,-0.03366583299178343
rxn:3:24200:60580:139211,-0.03369076355643894
rxn:3:61928:29454:125665,-0.03374963806521508
rxn:3:55915:2176:79585,-0.0338767205675443
rxn:3:49508:39399:97944,-0.03400026261806488
rxn:3:49507:6155:85708,-0.034117571477379115
rxn:3:49508:490:81702,-0.03416520741678054
rxn:3:61523:31166:88237,-0.03417113019774357
rxn:3:64509:2176:108894,-0.03421231950151509
rxn:3:49508:32675:86621,-0.03434091083267156
rxn:3:24200:60580:92428,-0.03439251601696015
rxn:3:49508:34501:74908,-0.034712775477341244
rxn:3:55915:35065:81702,-0.03486998379230499
rxn:3:61928:522:71470,-0.03490464210510254
rxn:3:49508:39399:88625,-0.03491310007644422
rxn:3:24200:49508:126158,-0.03492667845317295
rxn:3:42688:24200:88625,-0.03500677193656112
rxn:3:64509:39006:85708,-0.03514746842639787
rxn:3:60054:1174:81702,-0.03522562421858311
rxn:3:17548:60582:142033,-0.035348320549184624
rxn:3:61523:29621:125245,-0.03541487794030796
rxn:3:61523:8634:125245,-0.035470082708027054
rxn:3:49508:5439:88625,-0.035544739570468664
rxn:3:61928:23824:85708,-0.03568422221220457
rxn:3:49508:6155:125665,-0.035827413698037464
rxn:3:49508:2934:125665,-0.03585360447565714
rxn:3:61928:19567:71470,-0.035944074392318726
rxn:3:61523:39336:125245,-0.03604900972409682
rxn:3:61523:32185:113646,-0.03605417937040329
rxn:3:49508:357:81702,-0.036350592970848083
rxn:3:61523:2625:113646,-0.03640090048313141
rxn:3:64509:3054:126158,-0.0367844845309402
rxn:3:61523:31166:74279,-0.0368219330906868
rxn:3:64509:522:97944,-0.03692266289834623
rxn:3:64509:3054:97944,-0.0369641774892807
rxn:3:24200:60580:104708,-0.037152172150936996
rxn:3:61523:22566:125245,-0.03737651432553927
rxn:3:64509:39006:97944,-0.03765011468419322
rxn:3:64509:357:81702,-0.03766379638441971
rxn:3:61523:179:125245,-0.03769582323729992
rxn:3:64509:2623:125665,-0.037729442468844354
rxn:3:49508:6155:88625,-0.03777727670967579
rxn:3:61523:3197:88237,-0.03780308122245165
rxn:3:55915:38411:123614,-0.037896754145622255
rxn:3:17548:60582:123614,-0.03806731563348036
rxn:3:64509:37814:97944,-0.03818089763323466
rxn:3:49508:522:81702,-0.038214514032006264
rxn:3:24200:60582:80866,-0.03824719203555066
rxn:3:61523:21267:127714,-0.03827080616484518
rxn:3:64509:39006:119415,-0.03838214694577105
rxn:3:55915:34501:108894,-0.03850064195435623
rxn:3:64509:357:125665,-0.03855842990534646
rxn:3:61928:31166:85708,-0.03896949870082048
rxn:3:64509:3054:81702,-0.038987865671515465
rxn:3:24200:60580:116611,-0.03928084477134373
rxn:3:61928:38979:66449,-0.03929455426556093
rxn:3:61523:2643:125245,-0.039322881028056145
rxn:3:61928:39087:86559,-0.039385325529358604
rxn:3:24200:60582:74279,-0.039521047602529114
rxn:3:49507:6155:69178,-0.0395441085100174
rxn:3:64509:357:108894,-0.039572199540478845
rxn:3:61523:31166:96332,-0.03965051651000977
rxn:3:64509:39006:74163,-0.03966116758458542
rxn:3:61523:3268:113646,-0.03976197600364685
rxn:3:61523:490:97944,-0.03979708254337311
rxn:3:61928:35051:85708,-0.04000144479451356
rxn:3:61523:413:110719,-0.04001209569665102
rxn:3:61523:2089:125245,-0.040082842111587524
rxn:3:49508:6155:81702,-0.040346837043762206
rxn:3:61928:32675:118819,-0.040489362873907746
rxn:3:61523:23159:88237,-0.04056290350854397
rxn:3:64509:522:81702,-0.04057429557045301
rxn:3:64509:39372:81702,-0.04073507518603884
rxn:3:24200:60582:116611,-0.04095329603423243
rxn:3:61523:23158:125245,-0.04110596750093543
rxn:3:61928:32675:85708,-0.04136016805257116
rxn:3:24200:60580:88237,-0.04144912484017285
rxn:3:49499:38487:129676,-0.04147404288091967
rxn:3:61523:12215:88237,-0.04174234315752983
rxn:3:61523:31220:88237,-0.04219466626644135
rxn:3:49507:6155:125665,-0.04235550326605638
rxn:3:61523:23815:132368,-0.042392014215389885
rxn:3:61928:39006:85708,-0.04259029116768103
rxn:3:42884:11759:88237,-0.042903773229697656
rxn:3:61928:1912:125245,-0.04291365498846227
rxn:3:24200:60580:120274,-0.042967296515901886
rxn:3:61523:32185:88237,-0.04302742876685583
rxn:3:61928:29454:136811,-0.04375695623457432
rxn:3:61523:1371:113646,-0.044348176717758175
rxn:3:64509:2176:88625,-0.04451300588346297
rxn:3:61523:1371:88237,-0.044584323007326856
rxn:3:24200:60580:127225,-0.04480343379757621
rxn:3:61928:6155:85708,-0.04481434573729833
rxn:3:61928:1174:85708,-0.045144696054714065
rxn:3:61523:38324:125245,-0.0457685939643694
rxn:3:61928:490:85708,-0.0458266818523407
rxn:3:24200:60580:69760,-0.04587132930755615
rxn:3:24200:60580:132368,-0.04598494380712509
rxn:3:61523:31814:110719,-0.046182528138160706
rxn:3:24200:60580:108894,-0.04718745786410112
rxn:3:61928:31814:125245,-0.04751756916875425
rxn:3:61928:29454:113646,-0.04787029383274225
rxn:3:24200:60580:85708,-0.04796323552727699
rxn:3:61928:23815:132368,-0.04816055973922765
rxn:3:64509:39372:88625,-0.04819210594700229
rxn:3:61523:31220:125245,-0.049452390670776364
rxn:3:61523:2623:113646,-0.04987890124320984
rxn:3:24200:60580:97944,-0.05075705634511035
rxn:3:61928:24200:85433,-0.05090579682070276
rxn:3:61523:7399:125245,-0.05171701560417811
rxn:3:61523:38485:88237,-0.05292271421505855
rxn:3:61928:39338:85708,-0.052969372272491454
rxn:3:61523:31814:96332,-0.053072765469551086
rxn:3:61928:38951:113646,-0.053165943726249366
rxn:3:61523:7759:125245,-0.05363092085589533
rxn:3:61928:39399:85708,-0.054118887186050416
rxn:3:61523:23163:125245,-0.05437555412451426
rxn:3:61523:3268:88237,-0.05495962414603967
rxn:3:61523:31814:125245,-0.05513972951018292
rxn:3:61523:1912:125245,-0.05568256906487725
rxn:3:42884:11759:113646,-0.05665436866027968
rxn:3:24200:60582:88237,-0.06096533550457521
rxn:3:61928:24200:85708,-0.061227694153785706
rxn:3:61523:8634:136811,-0.06165719653169314
rxn:3:61523:29621:88237,-0.061775227839296516
rxn:3:61523:2489:125245,-0.061980905092280845
rxn:3:61523:7121:125245,-0.06296574615913889
rxn:3:24200:60582:104708,-0.06358975510705601
rxn:3:61523:38642:125245,-0.06458096335763516
rxn:3:61523:6155:123614,-0.06507756747305393
rxn:3:17548:60580:142033,-0.06760452687740326
rxn:3:61523:413:113646,-0.06817886362905087
rxn:3:61523:24882:125245,-0.06881393627686934
rxn:3:24200:60580:113646,-0.07019437210900444
rxn:3:61523:7063:125245,-0.07267556836207707
rxn:3:61523:38372:125245,-0.07313276244246442
rxn:3:61523:39399:125245,-0.07362847289313441
rxn:3:61523:39338:125245,-0.07372278039870055
rxn:3:61928:29454:142033,-0.07799416899681091
rxn:3:61523:1179:125245,-0.09882937507195906
rxn:3:24200:60582:113646,-0.09947635730107625
rxn:3:61523:1179:88237,-0.09988855638287285
rxn:3:24200:60582:142033,-0.10846191644668579
rxn:3:24200:60580:142033,-0.11288862973451615
