molecule_name,score
rxn:4:173723:228692,0.13116677449299738
rxn:4:174728:223227,0.12254055188252376
rxn:4:173723:223421,0.12229331181599544
rxn:4:173723:228140,0.12195185820261638
rxn:4:173723:223350,0.12113758369728371
rxn:4:191658:226130,0.12054392269679479
rxn:4:191437:225436,0.11733482849030268
rxn:4:205160:223110,0.11700210117158436
rxn:4:174728:223195,0.11658576130867004
rxn:4:191437:222633,0.11576856672763824
rxn:4:191437:223109,0.11566236019134521
rxn:4:216463:223109,0.11541401743888854
rxn:4:173723:228543,0.11539044517737168
rxn:4:205192:223110,0.11512323915958404
rxn:4:176409:223195,0.11451721668243409
rxn:4:216413:222683,0.11429544376290363
rxn:4:176409:222859,0.1130694832120623
rxn:4:208255:222683,0.11266324312790581
rxn:4:173723:223227,0.11186833253928594
rxn:4:208362:226990,0.11182280590659693
rxn:4:202967:223110,0.11167830228805542
rxn:4:191658:222608,0.1115835400728079
rxn:4:174721:228293,0.11156875391801198
rxn:4:215347:222633,0.11115412414073944
rxn:4:216586:222529,0.11101164726110604
rxn:4:191658:222859,0.11010364086731621
rxn:4:205192:222864,0.10998635942285712
rxn:4:205192:224046,0.10970528423786163
rxn:4:208362:222541,0.10966148853302002
rxn:4:188207:223109,0.10943832722577182
rxn:4:191437:226088,0.10915804505348206
rxn:4:191895:227892,0.10912601351737976
rxn:4:215347:222583,0.1090181016921997
rxn:4:215347:222683,0.10896912217140198
rxn:4:216413:222633,0.10853525866632877
rxn:4:191437:223130,0.10845880508422852
rxn:4:216463:222541,0.10829347133636474
rxn:4:173723:228097,0.10806756990927237
rxn:4:173723:223400,0.1076158147591811
rxn:4:216137:226990,0.10749551756628628
rxn:4:216463:222683,0.10747793316841125
rxn:4:174728:223421,0.10728720823923747
rxn:4:174728:228293,0.10724392890930176
rxn:4:193131:223396,0.10639646878609291
rxn:4:216463:225456,0.10626789785566784
rxn:4:188104:225178,0.10606314824975055
rxn:4:208255:225098,0.10578034037635439
rxn:4:209284:223110,0.10574489290064032
rxn:4:202967:227291,0.10541400455293201
rxn:4:205660:223227,0.1053606997365537
rxn:4:216470:222683,0.1053474818666776
rxn:4:174721:227892,0.1052407721678416
rxn:4:173723:228695,0.10509311694365281
rxn:4:193131:223421,0.10507950415978065
rxn:4:174728:223130,0.1050330091405798
rxn:4:174728:228140,0.10497513771057129
rxn:4:195862:223227,0.1049134297804399
rxn:4:191437:226130,0.10459791421890259
rxn:4:174728:227892,0.10456303119659424
rxn:4:176409:223108,0.10451640991064218
rxn:4:202967:223195,0.1045144966670445
rxn:4:208252:222608,0.10439817607402802
rxn:4:191658:222683,0.10439208269119263
rxn:4:215347:223147,0.10423472821712494
rxn:4:202967:226583,0.104140582409772
rxn:4:193518:226990,0.10413780500148904
rxn:4:205192:227022,0.10386658342261064
rxn:4:173723:223198,0.1037859490939549
rxn:4:216463:223147,0.10350025296211243
rxn:4:191658:222633,0.1034984016418457
rxn:4:208033:222541,0.10348891258239747
rxn:4:188104:224046,0.10343981742858886
rxn:4:208363:222608,0.10343910932540894
rxn:4:215347:222529,0.10336356163024903
rxn:4:174728:226330,0.1033506746645327
rxn:4:188104:222859,0.10330438095590343
rxn:4:216586:222583,0.10321707908923809
rxn:4:209284:222859,0.10321173320213954
rxn:4:209284:223108,0.10298889062621376
rxn:4:191437:222693,0.10295202831427257
rxn:4:174728:223219,0.10283832825147189
rxn:4:174721:226583,0.1027196874985328
rxn:4:216463:222529,0.10261121511459351
rxn:4:193131:223147,0.10255737140260894
rxn:4:205401:222633,0.10254355118824886
rxn:4:205192:223197,0.10239439261587042
rxn:4:176409:223054,0.10233336907845957
rxn:4:191658:225436,0.10232895612716675
rxn:4:193131:228692,0.10226163497337928
rxn:4:216393:222541,0.10214617351690929
rxn:4:205160:222593,0.10213285455336937
rxn:4:216393:222592,0.1020212173461914
rxn:4:215324:222633,0.1018969863653183
rxn:4:191437:222529,0.10176772594451905
rxn:4:211123:222683,0.10171778906475414
rxn:4:216463:222583,0.10170840501785278
rxn:4:216463:222451,0.10169794382872405
rxn:4:205160:224046,0.10168193817138672
rxn:4:209284:226088,0.10167050361633301
rxn:4:174728:223350,0.10159727096557618
rxn:4:208362:224617,0.1015917788381162
rxn:4:193131:223130,0.1013584856329293
rxn:4:191437:222608,0.10127731323242188
rxn:4:205192:222529,0.10119569778442383
rxn:4:174728:223194,0.10116929274338943
rxn:4:188106:226130,0.10107207298278809
rxn:4:215347:225436,0.10100156636465163
rxn:4:173723:227829,0.10094998721723203
rxn:4:205205:222592,0.10093444806558115
rxn:4:205192:222683,0.10093265275160472
rxn:4:174721:223227,0.10070581912994385
rxn:4:205205:222859,0.10065457224845886
rxn:4:191658:223197,0.10061862170696259
rxn:4:176409:223398,0.10056298193724258
rxn:4:205160:227023,0.10040225386619568
rxn:4:173723:228002,0.10031733689484773
rxn:4:174682:228692,0.10022612758304762
rxn:4:174721:222983,0.09999236795637342
rxn:4:191658:223130,0.0998816688855489
rxn:4:215347:222608,0.09986850738525391
rxn:4:174728:223398,0.09983503818511963
rxn:4:174728:223197,0.09975295112683223
rxn:4:205160:222980,0.09970580989664252
rxn:4:174721:227022,0.09967872619628906
rxn:4:193131:228384,0.09965724194491352
rxn:4:216586:222633,0.09961798191070556
rxn:4:215324:223109,0.09957934319972991
rxn:4:191551:223194,0.09943210536783392
rxn:4:191658:222864,0.0992982646693354
rxn:4:216586:223108,0.09916556165331886
rxn:4:191437:224046,0.09916070103645325
rxn:4:202967:223227,0.09915136723291307
rxn:4:191437:222980,0.0991303353082566
rxn:4:205192:227291,0.09912515314001787
rxn:4:191437:223194,0.09908949073992278
rxn:4:191437:223108,0.09908320009708405
rxn:4:208252:222592,0.09902901450792949
rxn:4:208360:226990,0.09902302842391164
rxn:4:216137:223442,0.0989495561673091
rxn:4:174721:223219,0.09884133815765381
rxn:4:208435:225723,0.0988295518833658
rxn:4:205311:222451,0.09881438953535897
rxn:4:216586:225456,0.0987717563455755
rxn:4:193131:223398,0.09876469465402457
rxn:4:208255:222431,0.09875634864524559
rxn:4:191658:222693,0.09873826026916505
rxn:4:205192:222984,0.0987224124726795
rxn:4:195538:223147,0.09871160416376024
rxn:4:176409:226088,0.09870555538397568
rxn:4:205192:223195,0.09869227911296644
rxn:4:191437:222449,0.09864939583672418
rxn:4:191658:225581,0.09859141436490146
rxn:4:176409:222983,0.09859053735379819
rxn:4:193518:223234,0.09845281058344348
rxn:4:176409:228140,0.09845153987407684
rxn:4:205311:222592,0.09842435671732976
rxn:4:188104:225581,0.09840116175738248
rxn:4:174721:223350,0.09833190093437831
rxn:4:216413:222592,0.09830562770366669
rxn:4:191658:222984,0.09821623021906073
rxn:4:205205:222593,0.09818445090894345
rxn:4:208435:226130,0.0981697982007807
rxn:4:174728:228692,0.0981329157948494
rxn:4:215324:222541,0.0981105899810791
rxn:4:191658:224046,0.09807941675186158
rxn:4:205401:224046,0.09803659411577079
rxn:4:208360:227023,0.09793264928616975
rxn:4:173723:223146,0.09793178377480342
rxn:4:176409:223279,0.09790223598480224
rxn:4:174728:222983,0.09789543066705976
rxn:4:208360:224617,0.09788314674211585
rxn:4:208255:224621,0.09786099195480347
rxn:4:216463:223110,0.09780732393264771
rxn:4:205192:222451,0.09772177537282307
rxn:4:208362:227023,0.09768200548071611
rxn:4:205160:222984,0.09763756123456088
rxn:4:205160:222683,0.09761460542678833
rxn:4:191658:223147,0.09760597206297375
rxn:4:205160:222982,0.09742429581555453
rxn:4:191437:222541,0.09741346836090088
rxn:4:205192:222980,0.09741309710911342
rxn:4:205192:222693,0.09736692408720653
rxn:4:174728:223127,0.09714604969377871
rxn:4:193131:223442,0.09711742877960206
rxn:4:216463:224933,0.09707282889973033
rxn:4:215347:223110,0.09700967371463776
rxn:4:191658:225532,0.09694408286701549
rxn:4:205192:224933,0.09691741791638461
rxn:4:173723:223312,0.09677532425633183
rxn:4:216413:224617,0.09669504111463373
rxn:4:205192:222592,0.0966871166229248
rxn:4:173723:227914,0.09667857267238476
rxn:4:176409:223130,0.0966633466573862
rxn:4:208435:223194,0.09661122730800084
rxn:4:205205:223227,0.09660263288588751
rxn:4:174721:223130,0.09655219774979812
rxn:4:208362:225098,0.09649927507747304
rxn:4:191437:222984,0.0964782124473935
rxn:4:216463:222864,0.09645746512846513
rxn:4:208255:222592,0.09645694990952809
rxn:4:193518:227609,0.09637990902210104
rxn:4:188104:222982,0.0963776328346946
rxn:4:191895:226330,0.09635475819761102
rxn:4:174721:223398,0.09632427277772324
rxn:4:188104:222608,0.09630996218094459
rxn:4:176409:228293,0.09627054631710052
rxn:4:191658:223127,0.0962492170787993
rxn:4:191595:223195,0.09624137567437213
rxn:4:173723:223356,0.09618334196231983
rxn:4:205192:224619,0.09616650705752165
rxn:4:174721:226330,0.09611013302436242
rxn:4:205205:222608,0.09603352679146661
rxn:4:205192:222982,0.09602026712326776
rxn:4:208033:222451,0.09601723706280743
rxn:4:203639:228384,0.0960158476462731
rxn:4:174721:223045,0.09601554605695936
rxn:4:208199:222592,0.09596822023391724
rxn:4:188207:222859,0.09595604240894318
rxn:4:208362:222683,0.09594390044609706
rxn:4:205311:222593,0.09589358934989342
rxn:4:193131:227892,0.09586663599367495
rxn:4:208360:222583,0.09580601692199707
rxn:4:191437:226583,0.09580461084842681
rxn:4:174682:223195,0.09576879024505615
rxn:4:191437:223195,0.09575037893496062
rxn:4:174728:226088,0.09571347413239656
rxn:4:174728:223312,0.09570774555206299
rxn:4:205192:225436,0.09569534801301502
rxn:4:174728:223045,0.09567794629505702
rxn:4:208252:222541,0.09565678735574086
rxn:4:215347:222592,0.09560931444168091
rxn:4:211114:222449,0.09559847414493561
rxn:4:193518:223421,0.09555134729102806
rxn:4:205192:223127,0.09552664756774902
rxn:4:174728:228695,0.09545241047938664
rxn:4:191437:222593,0.09537899255752563
rxn:4:195538:225456,0.09534676508470015
rxn:4:174721:228692,0.09531279491341632
rxn:4:188207:222633,0.09529255445186909
rxn:4:188104:227022,0.09523456394672394
rxn:4:216586:225723,0.09520865028554742
rxn:4:191658:223227,0.09517970085144042
rxn:4:208252:222683,0.0951554852983226
rxn:4:174728:227297,0.09514286884894738
rxn:4:193386:223396,0.09514158248901367
rxn:4:174728:223198,0.0951384099630209
rxn:4:208199:222608,0.09511555194854736
rxn:4:208360:224933,0.09507629004391757
rxn:4:191658:224619,0.09502540032068889
rxn:4:174728:223054,0.09495405427047185
rxn:4:174728:226130,0.0949492542831986
rxn:4:191658:224617,0.09486015141010284
rxn:4:193518:225532,0.09482113199849282
rxn:4:216463:222593,0.09481673955917358
rxn:4:173723:228693,0.09475803833741409
rxn:4:191658:222980,0.09474142302166332
rxn:4:174728:222980,0.09473113715648651
rxn:4:191658:223234,0.09472241401672363
rxn:4:216463:226990,0.09471590581693147
rxn:4:195517:223147,0.09466695785522461
rxn:4:174721:228140,0.0945687194665273
rxn:4:216393:222864,0.09455675170535133
rxn:4:205192:223234,0.09453560804065905
rxn:4:188104:222541,0.09451943635940552
rxn:4:173723:223223,0.094474196434021
rxn:4:191975:222859,0.09446658518003381
rxn:4:209284:222864,0.09443575888872147
rxn:4:188104:222592,0.09433482472713177
rxn:4:208362:223195,0.0942781222494025
rxn:4:174721:228092,0.09425962467988332
rxn:4:188207:225098,0.09425123035907745
rxn:4:205401:227022,0.09423956416902088
rxn:4:216413:222583,0.09417693316936493
rxn:4:176409:225532,0.09416484832763672
rxn:4:208255:225456,0.0941407710313797
rxn:4:202967:222982,0.09412207292473834
rxn:4:193386:223234,0.09408141065526891
rxn:4:176409:223109,0.09404164781937233
rxn:4:205401:227892,0.09402163028717041
rxn:4:188104:225436,0.09393670884045688
rxn:4:174728:223108,0.09393165288148103
rxn:4:215347:225532,0.09382893357958112
rxn:4:205192:226088,0.09379270672798157
rxn:4:188104:222980,0.0936726223338734
rxn:4:216463:222431,0.09366806064333234
rxn:4:208362:224933,0.093665672974153
rxn:4:205160:222693,0.0936483097076416
rxn:4:191618:223194,0.09364751478036244
rxn:4:205205:222984,0.09363634689994481
rxn:4:188104:223227,0.09349464178085327
rxn:4:205192:222431,0.0934645299400602
rxn:4:191658:222541,0.0934330179141118
rxn:4:193131:227291,0.09340508282184601
rxn:4:191437:227023,0.0933781485808523
rxn:4:208360:222593,0.09332245826721192
rxn:4:216586:224933,0.09330991299256035
rxn:4:173723:223045,0.09327242771784465
rxn:4:173723:222983,0.09325168132781983
rxn:4:173723:228091,0.09319135657063236
rxn:4:195585:223195,0.09309461570921398
rxn:4:174728:227291,0.09307343684709989
rxn:4:216586:224619,0.09306110938390096
rxn:4:174682:223421,0.09305194668147874
rxn:4:191595:223194,0.0930476655130801
rxn:4:191437:223227,0.0930462448220504
rxn:4:191551:222633,0.09296232241171377
rxn:4:205205:222982,0.09295234213704648
rxn:4:191658:227023,0.09294435381889343
rxn:4:205660:227022,0.09282110048376996
rxn:4:176409:222984,0.09275077007434986
rxn:4:191658:222451,0.09270968394620079
rxn:4:173723:228629,0.0926979871896597
rxn:4:188104:223109,0.09269071760631743
rxn:4:216586:223110,0.09268077498390562
rxn:4:205160:222449,0.09255237664495196
rxn:4:205311:227023,0.09253920316696167
rxn:4:216470:222592,0.09250478267669678
rxn:4:176409:223359,0.09250226120154063
rxn:4:194456:223442,0.09248499075571696
rxn:4:193518:223195,0.09247756415400012
rxn:4:208362:223110,0.09237239956855774
rxn:4:202967:222683,0.0923622388106126
rxn:4:208360:223110,0.09232536256313324
rxn:4:173723:223219,0.09230047251496996
rxn:4:208362:222864,0.0922983695160259
rxn:4:174728:223125,0.0921708036352087
rxn:4:174682:226330,0.09217037833653964
rxn:4:208435:222593,0.09214300137979013
rxn:4:195517:222633,0.09213989476362865
rxn:4:173723:223194,0.09210399431841713
rxn:4:174728:225532,0.09208384581974574
rxn:4:208360:222592,0.0920534634590149
rxn:4:174682:223198,0.09202911853790283
rxn:4:174728:222966,0.09200192775045123
rxn:4:191658:224933,0.09199205170507016
rxn:4:215347:223195,0.09198428768860667
rxn:4:174728:227893,0.09194831371307373
rxn:4:205311:222608,0.09187365953738873
rxn:4:174728:223199,0.09187173384886521
rxn:4:193131:227022,0.09186344061579023
rxn:4:205401:226130,0.09182543104345148
rxn:4:188104:227023,0.09177418947219848
rxn:4:194456:228384,0.09176658667050876
rxn:4:191658:225178,0.09170640292374985
rxn:4:174682:227892,0.09169768542051315
rxn:4:216586:222431,0.09167080501030231
rxn:4:174721:223195,0.09156728744506835
rxn:4:205205:226130,0.09154500202699141
rxn:4:173723:228990,0.09153673648834229
rxn:4:193518:229006,0.0914498705130357
rxn:4:191895:222633,0.09142797268353976
rxn:4:176409:225178,0.09136391750403813
rxn:4:176409:222980,0.0913470674444128
rxn:4:216586:222451,0.09132576840264457
rxn:4:202967:222583,0.09132131823786983
rxn:4:176409:227291,0.0912889575958252
rxn:4:176409:226330,0.09128612279891968
rxn:4:191437:223234,0.09126059005134984
rxn:4:205311:225581,0.0912310237234289
rxn:4:205311:227291,0.09123086929321289
rxn:4:208435:223002,0.091211401897928
rxn:4:174721:223194,0.09120868682861329
rxn:4:195296:222859,0.09120496023784984
rxn:4:216463:222633,0.09118455151716869
rxn:4:208252:222529,0.09117475648721059
rxn:4:193518:227022,0.09111469367454791
rxn:4:174728:226583,0.09110758039686415
rxn:4:183729:222969,0.09108750609790578
rxn:4:173723:223195,0.09107784075396401
rxn:4:208435:223110,0.09106282212517479
rxn:4:211123:222541,0.09105539840200673
rxn:4:173723:227063,0.09101483864443642
rxn:4:208255:222541,0.09100859115521114
rxn:4:208362:222888,0.0910037864338268
rxn:4:205160:222529,0.09097989476644076
rxn:4:216413:225723,0.090958172082901
rxn:4:208363:226990,0.09091270911066156
rxn:4:195296:222633,0.09076964358488719
rxn:4:195777:226990,0.0907313048839569
rxn:4:174728:227022,0.09071758618721595
rxn:4:174721:223054,0.09066894760838261
rxn:4:205160:223227,0.09066194295883179
rxn:4:193131:223197,0.09065267017909459
rxn:4:194456:223130,0.09063388620104108
rxn:4:205205:222431,0.09060927232106526
rxn:4:191437:223054,0.09048543657575335
rxn:4:193518:223147,0.0904750386873881
rxn:4:208033:224933,0.09044771573760292
rxn:4:176409:227892,0.0903550237417221
rxn:4:193518:227929,0.09032949805259705
rxn:4:216586:224621,0.09030116349458694
rxn:4:174682:223219,0.09029596090316773
rxn:4:188104:222449,0.0902472904750279
rxn:4:176409:225898,0.0902122524049547
rxn:4:216470:226990,0.09020268289666426
rxn:4:216586:222864,0.09015113892762558
rxn:4:195296:223194,0.09015061353382312
rxn:4:202967:222593,0.09013870910361961
rxn:4:174728:223311,0.09013229370117187
rxn:4:173723:223236,0.0899823818887983
rxn:4:216463:224617,0.08997692232546599
rxn:4:216463:222888,0.08997579867189581
rxn:4:193131:223234,0.08988058141299657
rxn:4:202967:223054,0.08986021124798318
rxn:4:205242:227022,0.08982201984950475
rxn:4:192165:223195,0.08978465625217982
rxn:4:205160:228140,0.0897467575575176
rxn:4:216586:222593,0.0896962032868312
rxn:4:215347:223108,0.08967993259429932
rxn:4:173723:223109,0.08965289798276178
rxn:4:216463:225086,0.08964427492835304
rxn:4:191595:225456,0.08963061809539795
rxn:4:216586:223195,0.08958704471588134
rxn:4:191551:223195,0.08954313668337735
rxn:4:205192:222449,0.08953648584860342
rxn:4:191658:222449,0.08944971220833915
rxn:4:205160:227022,0.08931952714920044
rxn:4:202967:223421,0.08928902525650828
rxn:4:188104:222633,0.08924358367919921
rxn:4:205205:225436,0.08924332390660825
rxn:4:215347:226130,0.08920385241508484
rxn:4:174682:227023,0.08919465780258179
rxn:4:202967:222541,0.08913037953553377
rxn:4:191595:223227,0.08910328408946162
rxn:4:216413:222541,0.0891008327404658
rxn:4:205311:222693,0.08909744739532471
rxn:4:191658:227022,0.08907596468925476
rxn:4:176409:228692,0.0890756949134495
rxn:4:205401:226088,0.08906113017689098
rxn:4:174720:223350,0.08902915318806966
rxn:4:208360:222864,0.08901072632182729
rxn:4:193518:228530,0.08898326202675148
rxn:4:174721:228695,0.0889698370643284
rxn:4:208360:223195,0.08892032347227398
rxn:4:193518:223127,0.0889090100924174
rxn:4:174721:223108,0.08879144145892216
rxn:4:205205:222888,0.08871648212273915
rxn:4:191551:225456,0.08867734670639038
rxn:4:174728:222978,0.08867290616035461
rxn:4:216463:223108,0.0886419266462326
rxn:4:208360:223197,0.0885750463134364
rxn:4:188197:226330,0.08852718197382413
rxn:4:205192:223128,0.08851894736289978
rxn:4:216470:222864,0.08849179744720459
rxn:4:174721:228097,0.08848791321118672
rxn:4:202967:222592,0.0884655095912792
rxn:4:191895:228794,0.08844283693715145
rxn:4:205205:222451,0.08841526508331299
rxn:4:216463:225723,0.08836333524613153
rxn:4:195296:223147,0.08835471272468567
rxn:4:205401:222541,0.08830664334473787
rxn:4:173723:223196,0.08829334378242493
rxn:4:195862:227023,0.08829200809652155
rxn:4:216393:225098,0.08820222956793648
rxn:4:173723:227625,0.08818364569119044
rxn:4:208255:226990,0.0881733496983846
rxn:4:191895:228140,0.08813722133636474
rxn:4:202967:225098,0.08810849487781525
rxn:4:176409:222529,0.08808111567651072
rxn:4:205160:222451,0.08806653107915606
rxn:4:205205:224046,0.08800686781223004
rxn:4:216463:222592,0.08800573110580444
rxn:4:216413:222593,0.08800201863050461
rxn:4:191551:223147,0.08796226200850113
rxn:4:174728:223400,0.08793975909550984
rxn:4:174682:228293,0.08787388602892558
rxn:4:174721:223311,0.08782138178745906
rxn:4:191551:226990,0.08781991221688011
rxn:4:174728:226662,0.0878184128690649
rxn:4:216413:223109,0.08775243006254498
rxn:4:201699:223110,0.08774263243521413
rxn:4:173723:228092,0.08772427947432906
rxn:4:208435:224617,0.08771457433700562
rxn:4:208255:225723,0.08770294189453125
rxn:4:176409:226583,0.08770160491649921
rxn:4:174721:223400,0.08766993750696597
rxn:4:205192:226130,0.08766875863075256
rxn:4:208255:223109,0.08765778729790136
rxn:4:173723:223311,0.0876556016780712
rxn:4:194456:223147,0.08760281120027814
rxn:4:174728:223156,0.08758528365029229
rxn:4:191975:226990,0.08756500482559204
rxn:4:191658:225098,0.08754874830660613
rxn:4:208601:223109,0.08754545450210571
rxn:4:192165:223128,0.0874413089318709
rxn:4:202967:225805,0.08743914313938307
rxn:4:208252:222431,0.087417412687231
rxn:4:205160:222592,0.08737186514414273
rxn:4:174728:227292,0.0873017219396738
rxn:4:205160:222541,0.08729991087546715
rxn:4:205160:222583,0.08728819856276879
rxn:4:174728:223236,0.08726373085608849
rxn:4:208435:225724,0.08721972289292709
rxn:4:191437:225581,0.08720420371918451
rxn:4:188197:223195,0.08716998100280762
rxn:4:215327:222541,0.08716866016387939
rxn:4:208252:225098,0.08715399674006871
rxn:4:174721:223421,0.08710640928019649
rxn:4:216463:226130,0.0870887279510498
rxn:4:205192:225581,0.08703197751726423
rxn:4:216586:222592,0.0870230243756221
rxn:4:215347:222982,0.08701338370641072
rxn:4:174728:227303,0.0870018876515902
rxn:4:174721:227291,0.08699481010437012
rxn:4:205205:222449,0.08698984261216788
rxn:4:193518:228695,0.08698723492798982
rxn:4:176409:225805,0.08694331292752866
rxn:4:216463:222984,0.08693860258374896
rxn:4:174721:223200,0.08693029165267945
rxn:4:208362:224619,0.0869220028752866
rxn:4:192165:227291,0.08691603796822685
rxn:4:208362:222633,0.08689179023106892
rxn:4:215347:222693,0.0868874837954839
rxn:4:216413:222451,0.08687435205166157
rxn:4:191895:223227,0.08686743463788714
rxn:4:195777:223195,0.08684784173965454
rxn:4:216463:224619,0.08684261467145837
rxn:4:173723:227040,0.08684139805180686
rxn:4:191437:223219,0.08683766816791735
rxn:4:188104:227892,0.08682287053058022
rxn:4:191437:223127,0.08680905103683471
rxn:4:174721:222966,0.08678578888928448
rxn:4:215324:222592,0.08677992343902588
rxn:4:216470:225723,0.08671965769359044
rxn:4:174721:226088,0.0867165602170504
rxn:4:174728:223170,0.08670524756113689
rxn:4:195777:222633,0.08669877529144288
rxn:4:208363:222593,0.08665077209472656
rxn:4:208360:226130,0.08663122653961182
rxn:4:205205:222693,0.08662438851136428
rxn:4:195585:226990,0.08660386857532319
rxn:4:174721:222980,0.08659730575702808
rxn:4:193131:227297,0.086550344313894
rxn:4:209284:224046,0.08644248889042781
rxn:4:208362:222859,0.08643137324940074
rxn:4:215324:223130,0.08632284700870514
rxn:4:191415:223147,0.08631050109863281
rxn:4:173723:228514,0.08623722883371207
rxn:4:213484:226340,0.0862253059943517
rxn:4:193518:226088,0.08619492053985596
rxn:4:174728:223239,0.08617672553429237
rxn:4:215327:222592,0.08615565299987793
rxn:4:205311:222888,0.08612062620080035
rxn:4:174721:223197,0.08611435174942017
rxn:4:215347:225098,0.08608837019313466
rxn:4:174682:223197,0.08608476877212524
rxn:4:208033:225723,0.08607824075789679
rxn:4:216413:222859,0.08604020447958083
rxn:4:188104:222451,0.08603664806910924
rxn:4:208362:223892,0.08603603601455688
rxn:4:176409:225724,0.08600377594983136
rxn:4:193131:223360,0.0859839364334389
rxn:4:195862:223128,0.08597402987272842
rxn:4:215324:223195,0.0859586941568475
rxn:4:205205:224933,0.08593384424845378
rxn:4:205401:222583,0.08591117682280364
rxn:4:191437:222592,0.08590292453765869
rxn:4:193518:223197,0.0858876869596284
rxn:4:195517:222859,0.08587992733175104
rxn:4:174728:225178,0.08585353555350468
rxn:4:195777:222859,0.08580348802649457
rxn:4:173723:223127,0.08579504900965197
rxn:4:216413:222431,0.08578213938960323
rxn:4:216586:225087,0.08577112529588782
rxn:4:195862:226130,0.08574457272239354
rxn:4:205205:223194,0.08570937031791323
rxn:4:174728:226867,0.08570202853944567
rxn:4:208255:222593,0.08566715816656749
rxn:4:205205:225532,0.0856293128884357
rxn:4:195862:223110,0.08562284967173701
rxn:4:208435:222984,0.08561937705330226
rxn:4:188106:226990,0.08559648195902507
rxn:4:205192:224621,0.08559270008750584
rxn:4:188207:223147,0.08555062792517922
rxn:4:195862:225724,0.0855252097050349
rxn:4:173723:228567,0.08552098274230957
rxn:4:189394:228683,0.08550122238340832
rxn:4:174682:228695,0.08549243989198105
rxn:4:173723:223110,0.08548076399441423
rxn:4:202967:225436,0.0854571643082992
rxn:4:193518:228384,0.08545106649398804
rxn:4:176409:223421,0.08544072897537895
rxn:4:208252:222593,0.08539193371931712
rxn:4:208360:222529,0.0853913426399231
rxn:4:193131:223400,0.08537903198829064
rxn:4:188106:222982,0.0853670913240184
rxn:4:208601:223194,0.08529543063857338
rxn:4:193131:223194,0.0852464245898383
rxn:4:205205:227291,0.08514401742390224
rxn:4:174728:225537,0.08513527257101876
rxn:4:174728:225438,0.08513503415243966
rxn:4:173723:223239,0.08513211565358299
rxn:4:173723:227825,0.08509937922159831
rxn:4:208363:222592,0.08508658885955811
rxn:4:216413:224619,0.0850806940685619
rxn:4:215347:223194,0.08507167351873297
rxn:4:174728:223001,0.0850696223122733
rxn:4:216463:224508,0.08505978791610054
rxn:4:208435:222608,0.08504800884811967
rxn:4:176409:225581,0.08504737748040093
rxn:4:174682:222983,0.08503756258222792
rxn:4:176409:223350,0.08503465354442596
rxn:4:176409:223002,0.08498501336133038
rxn:4:216586:224046,0.08498328685760498
rxn:4:216413:224933,0.08497750759124756
rxn:4:205311:222683,0.08493432998657227
rxn:4:191437:222431,0.08493121819836753
rxn:4:191975:226130,0.08491574582599458
rxn:4:174728:225581,0.08490837897573199
rxn:4:191595:222633,0.08488995262554713
rxn:4:216463:224621,0.08487549553746762
rxn:4:195862:227022,0.08486477353356102
rxn:4:173723:223052,0.08485319415728251
rxn:4:191415:223227,0.08484531193971634
rxn:4:174728:223241,0.08484502939077523
rxn:4:191895:228803,0.08483056018227025
rxn:4:174720:228692,0.0848076317621314
rxn:4:208360:224619,0.08479831011398979
rxn:4:208255:224617,0.08478038148446516
rxn:4:184063:228103,0.08477579778240572
rxn:4:195538:223195,0.08477451801300048
rxn:4:195517:222451,0.08476529298005281
rxn:4:208362:222451,0.08476360197420474
rxn:4:193518:226583,0.08475963075955709
rxn:4:208360:225086,0.08474129980260675
rxn:4:216463:225098,0.08473462408239191
rxn:4:173723:227294,0.0847258950982775
rxn:4:176409:223280,0.08471062660217285
rxn:4:173723:227923,0.08470991364231815
rxn:4:205205:222529,0.08467672047791658
rxn:4:174721:223312,0.08466535806655884
rxn:4:193131:228695,0.08465040647066556
rxn:4:214057:228683,0.0846380694159146
rxn:4:208199:222593,0.08463463783264161
rxn:4:188104:228140,0.08460776429427297
rxn:4:193131:226990,0.084579912679536
rxn:4:208363:223109,0.0845751404762268
rxn:4:189394:223382,0.0845617110078985
rxn:4:208360:225723,0.08455875941685267
rxn:4:174728:227299,0.0845285218495589
rxn:4:205311:224046,0.08447208881378174
rxn:4:188207:226130,0.08444033427671953
rxn:4:193238:227892,0.08442156791687011
rxn:4:194456:223396,0.08441600799560547
rxn:4:174721:227297,0.08439932584762573
rxn:4:174721:227023,0.08436721801757813
rxn:4:174728:225595,0.08436563185283116
rxn:4:205205:222980,0.08431077262629634
rxn:4:202967:223234,0.0842807690302531
rxn:4:191437:225178,0.08427622643384067
rxn:4:215324:222859,0.08422167192805897
rxn:4:174728:225533,0.0842190512589046
rxn:4:201699:223147,0.08419855179325227
rxn:4:209284:224933,0.08415323992570241
rxn:4:216137:226130,0.08411839405695597
rxn:4:193518:223198,0.08409016296781342
rxn:4:195777:227022,0.08408709466457367
rxn:4:196952:228306,0.08406583287499168
rxn:4:188207:222864,0.08406080057223637
rxn:4:202967:226330,0.0840571874921972
rxn:4:205242:223195,0.084040709904262
rxn:4:174728:223169,0.08401817524874652
rxn:4:205242:223227,0.08399808974493117
rxn:4:174721:223109,0.08397489327650803
rxn:4:191437:226990,0.08390665054321289
rxn:4:203639:229006,0.08388486007849376
rxn:4:202967:222451,0.08386954356884134
rxn:4:202967:222431,0.08384461601575216
rxn:4:193518:228130,0.08378839492797852
rxn:4:193131:223195,0.08378798408167702
rxn:4:205205:226088,0.08378589153289795
rxn:4:191618:222633,0.08377049709188528
rxn:4:173723:223221,0.08376382078443255
rxn:4:216393:224619,0.08375724879178134
rxn:4:205160:226583,0.08375065951120286
rxn:4:205192:225086,0.08374455842104825
rxn:4:215327:222633,0.08372975885868073
rxn:4:205160:226130,0.08370390960148402
rxn:4:216586:223130,0.08369144939240955
rxn:4:176409:227023,0.08366215229034424
rxn:4:191658:226990,0.08366146087646484
rxn:4:193518:222859,0.08365022018551826
rxn:4:208362:222984,0.08364550840286981
rxn:4:195862:223197,0.08364167267625983
rxn:4:209284:222451,0.08363537541751204
rxn:4:173723:227291,0.0836083995444434
rxn:4:193518:223398,0.0835547888720477
rxn:4:174728:223137,0.0835379406257912
rxn:4:216463:223130,0.0834813505411148
rxn:4:174721:225898,0.083480230084172
rxn:4:174728:225805,0.08345628210476466
rxn:4:216586:222683,0.08344160079956055
rxn:4:174682:228140,0.08344003806511562
rxn:4:211123:222592,0.08340522776479306
rxn:4:208435:227291,0.08340167147772652
rxn:4:193131:226088,0.08339694450641501
rxn:4:174728:226090,0.08335419937416359
rxn:4:193131:226583,0.0833360819981016
rxn:4:191595:226088,0.08332833151022594
rxn:4:174728:223147,0.08331841671908344
rxn:4:191895:223195,0.08329653739929199
rxn:4:216586:227022,0.08329089283943177
rxn:4:191895:224046,0.08326646227103013
rxn:4:202967:222608,0.08326228459676106
rxn:4:191551:226130,0.08326115038083948
rxn:4:174728:223109,0.08324077394273546
rxn:4:205205:222683,0.0832361441392165
rxn:4:205192:222608,0.08323246479034424
rxn:4:202967:222529,0.08323239176361649
rxn:4:174721:222845,0.08321257148470197
rxn:4:208363:225086,0.08320209654894742
rxn:4:219210:228742,0.08319184184074402
rxn:4:174728:226129,0.08315903389895404
rxn:4:174721:225532,0.08315022344942447
rxn:4:193518:222984,0.08313005970370385
rxn:4:176409:224046,0.08311590751012167
rxn:4:174728:225723,0.08309494171823774
rxn:4:205401:227023,0.08306847299848284
rxn:4:208362:222592,0.08305086135864258
rxn:4:184099:227625,0.08304276806967599
rxn:4:174728:223280,0.08299137766544636
rxn:4:202967:222888,0.08298195898532867
rxn:4:208360:224046,0.08294983208179474
rxn:4:208363:222541,0.08290666103363037
rxn:4:205160:228293,0.08289835641258642
rxn:4:202967:228293,0.08286482095718384
rxn:4:194456:225456,0.08284404360014817
rxn:4:216463:222693,0.08282408118247986
rxn:4:193131:229006,0.0827809476852417
rxn:4:193518:228543,0.08275367595531323
rxn:4:205311:222431,0.08274655506528657
rxn:4:188104:227291,0.08271191120147706
rxn:4:176409:225723,0.08270798568372373
rxn:4:205401:223109,0.08268814195286144
rxn:4:208252:226990,0.0826805830001831
rxn:4:205311:225532,0.0826743407682939
rxn:4:208360:222683,0.08265754828850429
rxn:4:205205:223054,0.08264608486838963
rxn:4:195862:223147,0.08264335342075514
rxn:4:208252:222864,0.08263214713051206
rxn:4:173723:223130,0.08262418467423012
rxn:4:202967:222449,0.08261401899929705
rxn:4:205192:223227,0.08260258875395123
rxn:4:173723:223280,0.08253651857376099
rxn:4:205192:225456,0.08251985481807164
rxn:4:208033:225456,0.08250265745889573
rxn:4:215324:227022,0.08249870726936742
rxn:4:188104:225532,0.08247875083576549
rxn:4:188106:224046,0.0824710543339069
rxn:4:173723:229081,0.08247000694274903
rxn:4:208362:222593,0.08245283365249634
rxn:4:191437:222888,0.08244495500217784
rxn:4:205160:223054,0.0824387940493497
rxn:4:174682:225898,0.0824366984543977
rxn:4:173723:228014,0.08240628684008564
rxn:4:193518:223351,0.0824010180575507
rxn:4:208362:226130,0.08239626288414001
rxn:4:216586:224617,0.08238993088404338
rxn:4:208252:224617,0.08235896175557916
rxn:4:191595:226990,0.08233645687932553
rxn:4:191975:223127,0.08233635482333955
rxn:4:173723:228116,0.08231395262259024
rxn:4:205311:222984,0.08231331543488936
rxn:4:191437:227022,0.08225719552291066
rxn:4:205192:223194,0.08224476011175859
rxn:4:205401:223130,0.0822372328151356
rxn:4:208435:226088,0.08219023726203224
rxn:4:215324:226130,0.08216699957847595
rxn:4:205401:222431,0.08215623299280803
rxn:4:208252:224933,0.08215448402223133
rxn:4:174728:224508,0.08215211629867554
rxn:4:202967:226129,0.08214059201153842
rxn:4:173723:226130,0.08212655577166326
rxn:4:205401:222529,0.08212050243660256
rxn:4:176409:225098,0.08211179290499006
rxn:4:193518:222541,0.08210551398141043
rxn:4:191658:222888,0.0821023816647737
rxn:4:176409:226130,0.08203733425873977
rxn:4:205192:224617,0.08201621926349142
rxn:4:205205:222864,0.08200233429670334
rxn:4:176409:222982,0.08195539315541585
rxn:4:191658:227892,0.0819400799901862
rxn:4:205311:225178,0.08187900937121848
rxn:4:193386:228692,0.08186981916427612
rxn:4:216470:224933,0.08184958046132867
rxn:4:205401:227291,0.08181351139431908
rxn:4:208363:224617,0.08181112227232559
rxn:4:188207:227022,0.08178955032711938
rxn:4:195862:223054,0.08177944521109264
rxn:4:174721:225591,0.08173897972813358
rxn:4:174728:225724,0.08172927583966937
rxn:4:173723:225898,0.08168741663297018
rxn:4:174682:227893,0.08166858553886414
rxn:4:209284:222608,0.08165753770757604
rxn:4:193131:227023,0.08165734154837472
rxn:4:191658:223279,0.08165244460105896
rxn:4:174721:223199,0.08164901733398437
rxn:4:173723:223352,0.08162560286345305
rxn:4:173303:228097,0.08162477383246788
rxn:4:176409:223236,0.08161059856414794
rxn:4:174720:223198,0.08160583019256591
rxn:4:174721:225438,0.08156368909058748
rxn:4:174682:223054,0.08156079716152614
rxn:4:195862:226088,0.08155496224113133
rxn:4:174682:227291,0.0815412473678589
rxn:4:216413:222864,0.08152963717778523
rxn:4:174721:223236,0.08150171995162964
rxn:4:208435:224619,0.08144981861114502
rxn:4:193518:226330,0.08142094214757284
rxn:4:188104:222984,0.08141907778653232
rxn:4:193518:226130,0.08136484026908875
rxn:4:208360:225087,0.08136075193231757
rxn:4:216394:225723,0.0813446432352066
rxn:4:201699:223442,0.0813422644579852
rxn:4:216393:225087,0.08133931954701741
rxn:4:216137:227892,0.08133687717573983
rxn:4:205311:226330,0.08129775807971046
rxn:4:176409:222431,0.08129658769158755
rxn:4:216413:223147,0.08126582597431384
rxn:4:174728:223360,0.08124914169311523
rxn:4:208360:222431,0.08123426777975899
rxn:4:208363:222683,0.08122317989667256
rxn:4:174728:225591,0.0812057341848101
rxn:4:173723:228623,0.08120221816576444
rxn:4:195777:223197,0.0811427116394043
rxn:4:216463:224046,0.08112231393655141
rxn:4:208033:223110,0.0810912698507309
rxn:4:193238:226990,0.0810624911234929
rxn:4:188104:223234,0.08104109168052673
rxn:4:195517:226990,0.08103079544870477
rxn:4:205160:223234,0.08098158836364747
rxn:4:216586:222982,0.08097314563664523
rxn:4:208255:222451,0.08095981524540828
rxn:4:188207:227023,0.08091798282804943
rxn:4:208033:225098,0.08091388236392628
rxn:4:176409:223360,0.08090063681205113
rxn:4:188207:224619,0.08089790344238282
rxn:4:215347:222449,0.08088047416121871
rxn:4:208199:223147,0.08081703186035157
rxn:4:176409:227024,0.08080888271331788
rxn:4:174728:228097,0.08080612182617188
rxn:4:174721:227893,0.0808025449514389
rxn:4:191595:223110,0.08077255884806316
rxn:4:193131:225532,0.08076303402582805
rxn:4:191895:224179,0.0807626866377317
rxn:4:174728:226425,0.08075048746886077
rxn:4:174728:228629,0.08075039585431416
rxn:4:174728:223110,0.08073982927534315
rxn:4:174728:223142,0.08073677177782412
rxn:4:215324:224046,0.08069782455762227
rxn:4:195296:222683,0.08069006105264027
rxn:4:191595:225724,0.08068527460098267
rxn:4:208360:222451,0.08066609612217655
rxn:4:188106:222984,0.08065995444422183
rxn:4:191895:225532,0.08059926654981531
rxn:4:208252:223147,0.08059132099151611
rxn:4:205311:222982,0.0805895057591525
rxn:4:193518:223004,0.08058916753338229
rxn:4:174728:222888,0.08055476895694075
rxn:4:192165:227892,0.08055244088172912
rxn:4:173723:226088,0.0805437318209944
rxn:4:201699:229006,0.08053183997118915
rxn:4:194456:228140,0.08052523319537823
rxn:4:205311:222529,0.08051877755385178
rxn:4:192165:223194,0.08050743171146937
rxn:4:173303:228140,0.0805026522049537
rxn:4:191895:226990,0.08049140090034121
rxn:4:192165:222859,0.08044987916946411
rxn:4:191545:226990,0.08044064044952393
rxn:4:193131:223110,0.08043866321958344
rxn:4:215324:223194,0.08042566713533904
rxn:4:174728:223176,0.08040544721815321
rxn:4:188197:223194,0.08038116693496704
rxn:4:205205:227023,0.08038066682361421
rxn:4:193518:222980,0.08035264861199164
rxn:4:195755:222969,0.0802910951050845
rxn:4:205401:222693,0.08026343354812035
rxn:4:208363:225723,0.08022472971961611
rxn:4:191895:222583,0.08021930632767854
rxn:4:208362:222982,0.08021078223273867
rxn:4:193238:223442,0.08020496886709462
rxn:4:208255:222859,0.0801701063201541
rxn:4:174728:223131,0.0801698675862065
rxn:4:193131:223128,0.08015412092208862
rxn:4:205160:222608,0.08012118935585022
rxn:4:193518:223156,0.0801201343536377
rxn:4:193518:229050,0.08011391529670128
rxn:4:208033:225086,0.08011249520561912
rxn:4:216393:225456,0.08010583221912385
rxn:4:191437:222583,0.0800967788696289
rxn:4:216586:226130,0.08007381643567767
rxn:4:205160:222888,0.08004065700199293
rxn:4:193518:224088,0.08002988380544326
rxn:4:205192:223147,0.07999352812767029
rxn:4:208199:222633,0.07998001327117284
rxn:4:205311:222449,0.07995697004454476
rxn:4:173723:227009,0.07995287222521645
rxn:4:216463:222982,0.07994847070603144
rxn:4:193131:227303,0.07993950588362557
rxn:4:191975:227892,0.07991570548007362
rxn:4:214900:228683,0.07985406702962415
rxn:4:188207:223110,0.07984814318743619
rxn:4:173723:228991,0.07982868671417237
rxn:4:205242:222592,0.07982205240814774
rxn:4:191551:224046,0.07980778482225206
rxn:4:174728:222957,0.07978656888008118
rxn:4:205401:222982,0.07978078334227852
rxn:4:176409:222888,0.07977703213691711
rxn:4:205160:226330,0.07976023923783075
rxn:4:188207:222982,0.07973403516023056
rxn:4:173723:228191,0.07972941133711073
rxn:4:205660:225532,0.07972919464111328
rxn:4:174721:224508,0.079714585994852
rxn:4:174721:225805,0.07968616706353647
rxn:4:174682:223227,0.07968533515930176
rxn:4:174728:222846,0.07966095414654963
rxn:4:205401:222683,0.07963816936199482
rxn:4:208360:227022,0.0796337504135935
rxn:4:173723:228984,0.07962761163711547
rxn:4:188106:227291,0.07962298677081153
rxn:4:205192:228293,0.07961983813179864
rxn:4:191437:224933,0.07961126349189064
rxn:4:216470:222541,0.07960344314575195
rxn:4:174720:223400,0.07959834389064623
rxn:4:209284:223130,0.07959636503999884
rxn:4:173723:228305,0.07958002664424756
rxn:4:202967:224933,0.07950945446888606
rxn:4:202967:228140,0.07950561046600342
rxn:4:195755:225723,0.07949642972512679
rxn:4:191895:222984,0.07943736470263937
rxn:4:174721:225607,0.07940773389957569
rxn:4:174721:226129,0.07940095663070679
rxn:4:205311:227022,0.07935908436775208
rxn:4:174728:227024,0.07935855709589444
rxn:4:191551:222859,0.07933556079864502
rxn:4:193518:228621,0.07931730261555424
rxn:4:193518:228140,0.07931240115846906
rxn:4:205205:223421,0.07931138967212878
rxn:4:215324:222431,0.0793019107409886
rxn:4:174721:223280,0.07928779125213622
rxn:4:192165:226990,0.07928316082273211
rxn:4:205192:225532,0.07925914582752046
rxn:4:184063:223381,0.07924136807841639
rxn:4:188104:223195,0.0792009174823761
rxn:4:208033:222608,0.07918876647949219
rxn:4:188207:223195,0.0791702043442499
rxn:4:191545:223110,0.07912951966990596
rxn:4:173723:227403,0.07908901146480016
rxn:4:193131:226130,0.0790848916974561
rxn:4:174728:223162,0.07906610435909694
rxn:4:173723:223254,0.07905745506286621
rxn:4:205160:222431,0.07905123151581862
rxn:4:208255:222583,0.07903281599283218
rxn:4:174721:225437,0.07901695039537218
rxn:4:208252:223109,0.07897917847884328
rxn:4:216470:224619,0.07897855924523395
rxn:4:209284:224621,0.07897376537322998
rxn:4:216586:222608,0.07894535018847539
rxn:4:193518:222633,0.07891510514652028
rxn:4:194456:227892,0.07890315239246075
rxn:4:193238:223234,0.0788997274178725
rxn:4:205160:225581,0.07888985492966392
rxn:4:174721:223279,0.07885086536407471
rxn:4:211114:222592,0.0788482969457453
rxn:4:174728:226990,0.07884685351298405
rxn:4:202272:228683,0.0788240393002828
rxn:4:176409:223146,0.07879213186410758
rxn:4:174721:223198,0.07878485202789307
rxn:4:174728:223185,0.07877634189746997
rxn:4:205242:227023,0.07876269590286981
rxn:4:213484:223421,0.07873905556542533
rxn:4:173723:227836,0.07872307521325571
rxn:4:215347:223130,0.07868191003799438
rxn:4:216586:225098,0.07860549118207849
rxn:4:174728:223052,0.07857572180884224
rxn:4:205311:224933,0.07857055249421493
rxn:4:191618:223147,0.07856655597686768
rxn:4:208362:223002,0.0784966264452253
rxn:4:191437:223147,0.0784843236207962
rxn:4:216394:222593,0.07848304510116577
rxn:4:195777:223147,0.07846685818263463
rxn:4:215324:226088,0.07845457196235657
rxn:4:174682:227022,0.07845086574554444
rxn:4:193518:223194,0.07837113840826626
rxn:4:205205:227892,0.0783310890197754
rxn:4:217925:222592,0.07830258556034254
rxn:4:208255:222888,0.07829055615833827
rxn:4:174828:228692,0.07823885005453358
rxn:4:188104:226130,0.07820249171484084
rxn:4:174728:228099,0.07819716453552246
rxn:4:216393:224933,0.07819551797140212
rxn:4:205192:226990,0.07817929042013068
rxn:4:208362:227892,0.07817733287811279
rxn:4:176409:226129,0.07817533383002648
rxn:4:202309:228103,0.07816594454549974
rxn:4:216413:225087,0.07814575944628034
rxn:4:195862:222982,0.07808072368303935
rxn:4:202967:223147,0.07806322791359642
rxn:4:191658:227291,0.07806192934513093
rxn:4:193518:222583,0.07806191103799003
rxn:4:188197:223197,0.07801937580108642
rxn:4:174721:223147,0.0780001374391409
rxn:4:195862:226990,0.07798310301520607
rxn:4:205401:225581,0.07798295435698135
rxn:4:174682:223400,0.07796991908031961
rxn:4:174728:228794,0.07795568307240804
rxn:4:183940:228103,0.07795565743600169
rxn:4:215347:222888,0.07794721018184315
rxn:4:215327:222683,0.07794247567653656
rxn:4:188207:225178,0.07794225464264552
rxn:4:215347:226088,0.07793723344802857
rxn:4:205205:226990,0.07790940148489815
rxn:4:174728:228623,0.07787120342254639
rxn:4:173723:222846,0.07785627534312586
rxn:4:208199:225723,0.07783700738634382
rxn:4:205160:223130,0.0778222367877052
rxn:4:216137:227022,0.07781143435116472
rxn:4:188207:224933,0.07780472934246063
rxn:4:193518:225591,0.07779757053621354
rxn:4:216463:226088,0.07777663469314575
rxn:4:208601:226990,0.07772478732195767
rxn:4:205205:226330,0.07771625302054665
rxn:4:173723:227835,0.07764890238090798
rxn:4:209284:225098,0.07763249178727467
rxn:4:205311:227892,0.07763161784724186
rxn:4:188104:222683,0.07762967586517334
rxn:4:173723:228127,0.07762765442883526
rxn:4:208199:225086,0.0776178240776062
rxn:4:208360:222693,0.07759679357210796
rxn:4:216413:225456,0.07757553458213806
rxn:4:174728:225598,0.07757212434496198
rxn:4:191618:222859,0.07756776279873318
rxn:4:174728:223223,0.07756743293542129
rxn:4:203639:223442,0.07753980159759521
rxn:4:216463:223195,0.07752400636672974
rxn:4:191437:225532,0.07750915345691499
rxn:4:174720:223360,0.07750122249126434
rxn:4:173723:228542,0.077500391464967
rxn:4:193131:222980,0.07748403747876485
rxn:4:193518:228629,0.07746390722416065
rxn:4:191895:223130,0.07745550979267467
rxn:4:173723:228089,0.07744265927208795
rxn:4:173723:222980,0.07743692795435587
rxn:4:174720:224508,0.0774150881273993
rxn:4:174728:228091,0.07737792253494263
rxn:4:205205:223234,0.07737476485116142
rxn:4:173723:228631,0.07737010717391968
rxn:4:215347:227023,0.07736634580712569
rxn:4:195517:226130,0.07734856605529786
rxn:4:208435:222888,0.07732214530309041
rxn:4:173723:229010,0.07729219436645508
rxn:4:191895:222982,0.0772786399592524
rxn:4:188207:222693,0.07724202825472905
rxn:4:173723:227931,0.07721221446990967
rxn:4:209284:224619,0.07720480918884277
rxn:4:173303:224508,0.07717333878240278
rxn:4:191545:227023,0.0771498598835685
rxn:4:174728:223263,0.07714766263961792
rxn:4:213484:223227,0.07712272457454515
rxn:4:208363:227023,0.07711843754115857
rxn:4:188104:226088,0.07711744876134963
rxn:4:205311:222541,0.07710935060794537
rxn:4:173723:223442,0.07709510326385498
rxn:4:215347:223197,0.07708976143284847
rxn:4:216393:222431,0.07707736006489506
rxn:4:205401:222593,0.07704664380462081
rxn:4:191895:222541,0.0770456040347064
rxn:4:205160:223421,0.07702084713511997
rxn:4:188104:222583,0.07701576673067533
rxn:4:173723:223242,0.07700726815632411
rxn:4:195517:223195,0.07700077483528539
rxn:4:215324:225723,0.07700009856905256
rxn:4:195585:222633,0.07697164553862351
rxn:4:216586:225086,0.07692913387132727
rxn:4:205160:224621,0.07692414025465648
rxn:4:194456:226990,0.07690559493170844
rxn:4:191437:227892,0.07688309748967488
rxn:4:202967:228695,0.07685272944600959
rxn:4:195517:225456,0.0768335603532337
rxn:4:174728:228774,0.07683352132638295
rxn:4:174720:223311,0.07682984073956807
rxn:4:192165:226130,0.07682452960447832
rxn:4:192165:223147,0.07682211832566695
rxn:4:193518:228683,0.07681759419264617
rxn:4:202967:222864,0.07679008940855662
rxn:4:193518:223359,0.07677155945982252
rxn:4:173723:226990,0.07676945200988225
rxn:4:191551:227023,0.07675400647250089
rxn:4:188197:227291,0.07675152778625488
rxn:4:174728:222410,0.07674990709011371
rxn:4:215320:229050,0.07674615006697805
rxn:4:174728:228990,0.07674510064332382
rxn:4:174721:223142,0.07673013210296631
rxn:4:173723:223359,0.0767093057985659
rxn:4:208362:224046,0.0766960655649503
rxn:4:214062:228683,0.0766902486483256
rxn:4:208435:226129,0.0766661600633101
rxn:4:208255:223147,0.07666595358597605
rxn:4:216393:225723,0.07666390538215637
rxn:4:175181:223219,0.07665657043457032
rxn:4:174721:222693,0.07664735317230224
rxn:4:208362:227022,0.07659684356890227
rxn:4:173723:228201,0.07658930619557698
rxn:4:214894:228683,0.07656982849384177
rxn:4:176409:223147,0.07655648543284489
rxn:4:173723:228210,0.07654515902201335
rxn:4:174728:222693,0.07650706460399012
rxn:4:175181:223110,0.07647966192318843
rxn:4:193518:222915,0.07647618092596531
rxn:4:208199:222431,0.07647485392434257
rxn:4:174728:223351,0.0764563512802124
rxn:4:208033:224619,0.07644871784293134
rxn:4:193131:223109,0.07644188198549993
rxn:4:188207:223194,0.07640092429660615
rxn:4:188207:226088,0.07639366659251126
rxn:4:205401:225178,0.07636411239703496
rxn:4:202967:225898,0.07634046285048775
rxn:4:191595:227023,0.07633800610252049
rxn:4:173723:223200,0.07632178706782204
rxn:4:173723:227886,0.07631560608192726
rxn:4:208435:223195,0.07629955950237456
rxn:4:211123:222529,0.07629491453585417
rxn:4:216586:225532,0.07628743756901134
rxn:4:202272:228103,0.07628523726617137
rxn:4:173723:227879,0.0762792428334554
rxn:4:174721:228091,0.07626636326313019
rxn:4:205160:227892,0.07623858514584993
rxn:4:201699:226990,0.0761943240960439
rxn:4:174721:225436,0.07614306167319969
rxn:4:216463:227023,0.07607818904675935
rxn:4:208435:222980,0.07607256070427272
rxn:4:208435:222592,0.07606392436557347
rxn:4:176409:223198,0.0760585594177246
rxn:4:205192:225087,0.07605085589668968
rxn:4:195862:222451,0.07602281173070272
rxn:4:208360:222984,0.07601980084464663
rxn:4:191437:222683,0.07600763440132141
rxn:4:173723:227838,0.07599344297691628
rxn:4:205205:222633,0.07597898978453416
rxn:4:195517:224046,0.0759534016251564
rxn:4:208435:222633,0.07594491426761334
rxn:4:195585:225456,0.07594479944394983
rxn:4:191658:224621,0.07592349251111348
rxn:4:193518:228248,0.07591717796666282
rxn:4:174728:223124,0.07590654602757206
rxn:4:208360:223127,0.07587233185768127
rxn:4:216394:222541,0.07586552699406941
rxn:4:205311:226130,0.07584605330512637
rxn:4:174721:223156,0.07583802479964036
rxn:4:174721:222858,0.07581971372876849
rxn:4:191618:223054,0.07578229674926171
rxn:4:205401:223110,0.07576987418261441
rxn:4:174728:225436,0.07576073919023786
rxn:4:191975:223194,0.07574653625488281
rxn:4:214889:228683,0.07573483671460833
rxn:4:215347:222984,0.07572123834065028
rxn:4:216463:223194,0.07569572172666851
rxn:4:215327:222431,0.07567194955689567
rxn:4:195755:228683,0.07560635937584771
rxn:4:176409:225591,0.07560599512524074
rxn:4:173303:227303,0.07558546684406421
rxn:4:214889:223382,0.07556697212416551
rxn:4:174682:223128,0.07554555397767287
rxn:4:174720:223197,0.07542864799499512
rxn:4:193518:223109,0.07542226711908977
rxn:4:174721:225724,0.07542223400539821
rxn:4:196952:228103,0.07541340860453519
rxn:4:216586:222984,0.0754057223146612
rxn:4:215324:224621,0.07540155493694803
rxn:4:201699:227022,0.07537823518117269
rxn:4:174728:223023,0.07536981787000384
rxn:4:215347:223227,0.07536205492521587
rxn:4:174721:225723,0.07528540381678829
rxn:4:174721:223137,0.07528488911115207
rxn:4:194456:222859,0.07528323729832967
rxn:4:173723:227426,0.07527797562735421
rxn:4:173723:228995,0.07526922225952148
rxn:4:191895:227023,0.0752416451772054
rxn:4:188197:227023,0.07520704984664917
rxn:4:208360:223194,0.07520367597278796
rxn:4:195296:223195,0.07519632577896118
rxn:4:216586:222693,0.0751951551437378
rxn:4:191618:223110,0.07515069961547852
rxn:4:193518:222864,0.0751340314745903
rxn:4:191437:227291,0.07512189840015612
rxn:4:208363:226130,0.07511745691299439
rxn:4:188207:222583,0.07511120813864249
rxn:4:174728:223139,0.07510014375050862
rxn:4:194456:223110,0.07509775459766388
rxn:4:205160:225178,0.07507536981416785
rxn:4:173723:228628,0.07506874891427848
rxn:4:193518:227023,0.07506795998277335
rxn:4:193518:229262,0.07506099700927735
rxn:4:216393:222608,0.075054536263148
rxn:4:205160:225805,0.07504237781871449
rxn:4:174728:222859,0.07503581252591364
rxn:4:191595:222859,0.07503140889681302
rxn:4:191895:225805,0.07502558438674263
rxn:4:208435:222451,0.07502150535583496
rxn:4:216463:223234,0.07495948515440289
rxn:4:176409:223234,0.07494803428649903
rxn:4:176409:223031,0.07488159780149106
rxn:4:205192:223130,0.07487562894821168
rxn:4:208255:225086,0.074833801814488
rxn:4:173723:222982,0.07482559482256572
rxn:4:216586:222449,0.07479124409811837
rxn:4:193518:223110,0.07479095061620077
rxn:4:208360:225098,0.07477837259119208
rxn:4:205242:222683,0.07473325729370117
rxn:4:191658:225086,0.07472330072651738
rxn:4:202285:228103,0.0747097373008728
rxn:4:173723:228683,0.0747020817719973
rxn:4:173723:228562,0.07467762782023503
rxn:4:208362:225086,0.07466812025416981
rxn:4:173723:227036,0.07466077378817967
rxn:4:208255:225087,0.07465738625753493
rxn:4:203724:228103,0.07460725536713234
rxn:4:193518:223360,0.07458188278334481
rxn:4:208199:222583,0.07457988739013671
rxn:4:205205:222541,0.07456316109056826
rxn:4:195777:226130,0.07455473286764962
rxn:4:195296:222583,0.07453546524047852
rxn:4:216463:222980,0.07450675396692186
rxn:4:211123:224046,0.07450101863254201
rxn:4:174728:222984,0.07447110542229243
rxn:4:174728:223000,0.07446915762765068
rxn:4:216413:224046,0.0744288330492766
rxn:4:202967:226990,0.0744028091430664
rxn:4:174720:227892,0.07438920189936955
rxn:4:195862:225532,0.0743861695130666
rxn:4:208252:225086,0.07438166368575323
rxn:4:194456:229006,0.07437336196502049
rxn:4:208362:224508,0.07434710471526436
rxn:4:174721:226130,0.07433933248886695
rxn:4:173723:227889,0.07433147562874688
rxn:4:192165:228692,0.07432790806418971
rxn:4:205160:223194,0.07430356442928314
rxn:4:195777:224046,0.07428313493728637
rxn:4:195777:222583,0.07427587875953087
rxn:4:188207:222608,0.0742573274506463
rxn:4:205311:222604,0.07423995549862202
rxn:4:173723:228511,0.0742333118732159
rxn:4:173723:227626,0.07423230367047447
rxn:4:188207:223197,0.07422749201456706
rxn:4:191658:223280,0.07422267794609069
rxn:4:174721:223185,0.07419631343621474
rxn:4:191658:225456,0.07419321753761986
rxn:4:216463:227022,0.07415560044740376
rxn:4:203639:228692,0.07415254354476929
rxn:4:188207:222592,0.07412700962137293
rxn:4:195585:227023,0.07412699858347575
rxn:4:173303:223127,0.07412682686533247
rxn:4:174728:225593,0.07409735662596566
rxn:4:193518:223236,0.07408844191452553
rxn:4:173723:227942,0.07406176902629712
rxn:4:176409:225595,0.07405686378479004
rxn:4:173723:227973,0.07405664302684643
rxn:4:174682:225591,0.07402804604283085
rxn:4:191595:226130,0.07402237256368001
rxn:4:195755:225724,0.07401913404464722
rxn:4:176409:222470,0.07401483319699764
rxn:4:193518:225724,0.07400349647768083
rxn:4:173723:227812,0.07399112206918222
rxn:4:174728:226734,0.07397501556961625
rxn:4:216137:223234,0.07397475735894565
rxn:4:194456:222541,0.07396813414313576
rxn:4:188207:226990,0.07395262661434356
rxn:4:176488:228692,0.0739235444502397
rxn:4:208252:222583,0.07392216722170512
rxn:4:188207:222593,0.07387917792355572
rxn:4:191658:223054,0.07387518882751465
rxn:4:174728:223021,0.07382486973490034
rxn:4:174721:222889,0.0737723857164383
rxn:4:203639:223396,0.07377114295959472
rxn:4:173723:228549,0.07377026631281926
rxn:4:191618:226130,0.07376779317855835
rxn:4:175181:223227,0.07376484870910645
rxn:4:205160:225098,0.07373867864194124
rxn:4:203639:225581,0.07373790083260372
rxn:4:193518:222982,0.07373467568428285
rxn:4:205311:223234,0.0737187922000885
rxn:4:173303:223219,0.07369244981695104
rxn:4:208252:225087,0.0736766258875529
rxn:4:188106:226088,0.07367633960463783
rxn:4:208360:225456,0.07366071144739787
rxn:4:193131:223108,0.07364177703857422
rxn:4:173723:227072,0.07364076163087573
rxn:4:202967:222983,0.07362425845602284
rxn:4:201699:223195,0.07362197041511535
rxn:4:175181:226583,0.07361339376522945
rxn:4:208363:222864,0.0736074068329551
rxn:4:174728:228543,0.07360231628020604
rxn:4:208199:222541,0.07358428955078125
rxn:4:205401:222592,0.07358032685739023
rxn:4:188207:227291,0.07357863017490932
rxn:4:205660:227892,0.07357735525478017
rxn:4:195777:222683,0.07353503704071045
rxn:4:188104:224621,0.0735349381963412
rxn:4:191595:225723,0.07345228433609009
rxn:4:193518:225178,0.07342348247766495
rxn:4:205311:226990,0.0734136462211609
rxn:4:205192:227023,0.0733899944706967
rxn:4:173723:227908,0.07335887794141416
rxn:4:174728:228130,0.07335429191589356
rxn:4:216393:224617,0.0733470998027108
rxn:4:173723:228105,0.07333890597025554
rxn:4:193518:226623,0.07332456906636556
rxn:4:208255:224619,0.07328673926266757
rxn:4:192165:225723,0.07328565224357274
rxn:4:216463:227892,0.07327528132332696
rxn:4:174721:225178,0.0732434264251164
rxn:4:205660:228293,0.07323114709420638
rxn:4:215327:222693,0.07321143647034963
rxn:4:194456:222980,0.07320609380458963
rxn:4:174721:225593,0.07319709769001713
rxn:4:216394:222633,0.07318697804990022
rxn:4:173723:228608,0.0731523885176732
rxn:4:216470:223147,0.07314176559448242
rxn:4:209284:222431,0.0731378157933553
rxn:4:216137:227292,0.07312838373513057
rxn:4:193131:227024,0.07312469823019845
rxn:4:173723:223381,0.07312282809504757
rxn:4:173723:223396,0.07310310693887564
rxn:4:202967:228692,0.07308467438346461
rxn:4:208435:222683,0.07308056721320519
rxn:4:193131:227929,0.07307492362128364
rxn:4:205205:225178,0.07305349409580231
rxn:4:193131:228293,0.07304521843239113
rxn:4:192165:223130,0.07302234118635004
rxn:4:193143:223236,0.0730020637097566
rxn:4:193131:228543,0.07298373717528123
rxn:4:189394:228306,0.0729833570393649
rxn:4:195777:223194,0.07296416163444519
rxn:4:209284:226990,0.07295800390697661
rxn:4:208255:222633,0.07295729803002399
rxn:4:176409:228695,0.07295091255851414
rxn:4:174728:228693,0.07293908049662907
rxn:4:208362:222431,0.07291143919740405
rxn:4:209284:225723,0.07290698652682097
rxn:4:216470:224617,0.07289740313654361
rxn:4:205401:222984,0.07288404651310133
rxn:4:174728:225456,0.07287208310195378
rxn:4:173723:227491,0.0728626549243927
rxn:4:196952:222969,0.0728303861618042
rxn:4:205242:222693,0.07281910456143893
rxn:4:201699:227892,0.07281579847993522
rxn:4:208363:224933,0.07281525026668202
rxn:4:174721:228995,0.07279847155917775
rxn:4:173723:225532,0.07279072403907776
rxn:4:216470:222583,0.0727730417251587
rxn:4:205660:222541,0.07276879096853323
rxn:4:176409:222864,0.07275925363813128
rxn:4:208435:224933,0.07275089869896571
rxn:4:195517:222608,0.07274762630462646
rxn:4:193518:224080,0.07273546913090874
rxn:4:205242:222608,0.07271524711891457
rxn:4:191658:228293,0.07267047229566072
rxn:4:191618:226990,0.07266509036223094
rxn:4:173303:227914,0.07265902711794926
rxn:4:188207:224046,0.07265899502314054
rxn:4:208362:223108,0.07262415885925293
rxn:4:203639:227022,0.07261218848051848
rxn:4:174720:223110,0.07258292115651645
rxn:4:208362:222529,0.07257673740386963
rxn:4:173723:228325,0.07256416038230613
rxn:4:174728:222592,0.07252130284905434
rxn:4:173723:223199,0.07251897880009242
rxn:4:174721:222593,0.07246376237561626
rxn:4:191895:223234,0.07245817070915586
rxn:4:211123:222693,0.07245036688717929
rxn:4:216463:225087,0.07244828614321622
rxn:4:193518:229135,0.07241621155005235
rxn:4:173723:227982,0.07239831818474664
rxn:4:174728:223354,0.07236024379730224
rxn:4:205205:223128,0.07235498861833052
rxn:4:173303:223195,0.07234807809193929
rxn:4:201699:223194,0.07234321037928264
rxn:4:174728:223157,0.07232392055016977
rxn:4:195862:224046,0.07232264236167625
rxn:4:173723:223286,0.07231748955590385
rxn:4:215324:222529,0.07230854034423828
rxn:4:193518:223131,0.07230037450790405
rxn:4:203639:228683,0.07228516101837158
rxn:4:216470:225086,0.07226978648792613
rxn:4:208255:222529,0.07225712140401204
rxn:4:184096:227625,0.07225679299410652
rxn:4:205242:223130,0.07224938544360074
rxn:4:208360:224179,0.07223901152610779
rxn:4:188106:227892,0.0722334325313568
rxn:4:215347:227022,0.07221516809965435
rxn:4:202272:228570,0.07221205631891886
rxn:4:191895:223110,0.07221172614531084
rxn:4:201265:225318,0.07219592045093405
rxn:4:184065:228683,0.07218267520268758
rxn:4:176409:223400,0.07218039035797119
rxn:4:216413:222604,0.0721776932477951
rxn:4:188207:225532,0.07216447850932246
rxn:4:195777:227892,0.07216221407840126
rxn:4:216413:222693,0.07214936484461246
rxn:4:209284:222583,0.07212005941956132
rxn:4:173723:228304,0.07211856047312419
rxn:4:215324:222593,0.07210256576538086
rxn:4:216586:222888,0.07210101770318073
rxn:4:173723:227834,0.07209632573304353
rxn:4:215327:222529,0.07208635807037353
rxn:4:203639:224933,0.07208218177159627
rxn:4:208255:222864,0.07207264786674863
rxn:4:193131:228140,0.07205152953112567
rxn:4:173723:223224,0.07205109085355486
rxn:4:173723:227226,0.07205074386937278
rxn:4:173723:228103,0.07205047651573464
rxn:4:195777:222451,0.07204351254871913
rxn:4:215347:222980,0.07204194295974005
rxn:4:191437:222451,0.0720008479224311
rxn:4:174682:223194,0.0719962215423584
rxn:4:174728:223002,0.0719869349684034
rxn:4:191895:226088,0.0719745782288638
rxn:4:188207:224617,0.07196734428405761
rxn:4:191595:224619,0.07194302700184009
rxn:4:202967:224088,0.07193401226630577
rxn:4:213484:228629,0.0719228500411624
rxn:4:195862:222583,0.07188660332134791
rxn:4:195296:224619,0.07188364215519118
rxn:4:174728:223234,0.07184063929777879
rxn:4:188207:223108,0.07180556654930115
rxn:4:173723:228563,0.07179494087512676
rxn:4:191551:222583,0.07175484725407191
rxn:4:174728:227645,0.07170160458638118
rxn:4:205192:227892,0.07168283727433947
rxn:4:205660:227291,0.07167167248933212
rxn:4:208252:224621,0.07166513800621033
rxn:4:174721:223128,0.07166196749760555
rxn:4:188104:223130,0.07165686857132685
rxn:4:205192:225178,0.07164874401959506
rxn:4:192165:222593,0.07164743211534289
rxn:4:192165:223227,0.0716358054251898
rxn:4:208435:225086,0.07163404921690623
rxn:4:208033:222593,0.071625018119812
rxn:4:205160:228692,0.0716227756606208
rxn:4:208362:224621,0.07158142069111699
rxn:4:193131:223156,0.07157982217854467
rxn:4:174728:223242,0.07157972225776085
rxn:4:188207:222980,0.07156367923902429
rxn:4:195862:223127,0.07155522574549136
rxn:4:173723:227332,0.07153845259121486
rxn:4:205205:224619,0.07150392770767212
rxn:4:205401:225436,0.07149843029353929
rxn:4:195538:223895,0.07147298409388615
rxn:4:174720:223219,0.0714701509475708
rxn:4:174728:222998,0.07143820609365191
rxn:4:205660:223421,0.07141906306857154
rxn:4:174728:223140,0.0714174266214724
rxn:4:216463:222859,0.07136879725889726
rxn:4:205401:222980,0.07136456603589265
rxn:4:193518:228560,0.07134795630419696
rxn:4:205205:223280,0.07133715493338448
rxn:4:176409:223219,0.07133171081542969
rxn:4:191895:223194,0.07133137044452485
rxn:4:208601:227022,0.07128873738375577
rxn:4:174721:225533,0.07127085438481083
rxn:4:193518:228693,0.07126330225555985
rxn:4:216394:225098,0.07124997604460943
rxn:4:195517:225436,0.07124841213226318
rxn:4:173723:229235,0.07122451563676198
rxn:4:191895:222864,0.0712227076292038
rxn:4:195862:223130,0.07121222952137822
rxn:4:174721:223239,0.07120687484741212
rxn:4:193386:225456,0.07119978707412193
rxn:4:175181:228695,0.07117733229761539
rxn:4:174728:225560,0.0711701044014522
rxn:4:174721:225587,0.07116179333792792
rxn:4:208033:222859,0.07115826281634244
rxn:4:203639:226583,0.071149400302342
rxn:4:201699:226330,0.07113184082892633
rxn:4:193131:222984,0.07111425995826721
rxn:4:208199:224617,0.07109985403392625
rxn:4:208362:225436,0.07108243874141149
rxn:4:174721:222984,0.07107701787242184
rxn:4:193238:227022,0.07104625839453477
rxn:4:216137:223130,0.07102635304133097
rxn:4:174728:222405,0.0710092740399497
rxn:4:191551:225723,0.07099524140357971
rxn:4:174720:228097,0.07098941008249919
rxn:4:193131:227292,0.07098854652472905
rxn:4:174728:223160,0.07098044289482965
rxn:4:205660:222593,0.07097313321869948
rxn:4:173723:227031,0.07097207648413521
rxn:4:195517:222683,0.07096055646737416
rxn:4:205401:223195,0.07095596336183094
rxn:4:174721:227024,0.07094866514205933
rxn:4:216413:222529,0.07092487812042236
rxn:4:208255:223195,0.07090395357873705
rxn:4:208033:222529,0.07088954448699951
rxn:4:188207:223127,0.07088515975258568
rxn:4:174728:222974,0.07087506140981402
rxn:4:214728:222969,0.07087127504677608
rxn:4:173723:227232,0.07087062086377825
rxn:4:174720:222983,0.07087039064477992
rxn:4:216137:227023,0.07086383885350721
rxn:4:205311:222983,0.07084708864038641
rxn:4:193131:225595,0.07082031766573588
rxn:4:195777:222529,0.07081819497621976
rxn:4:174721:228099,0.07081723213195801
rxn:4:205311:223054,0.07076920975338329
rxn:4:174728:223468,0.07076885104179383
rxn:4:216413:225086,0.07075547604333787
rxn:4:188207:225723,0.07075277100438657
rxn:4:205205:222583,0.07074576837045175
rxn:4:173723:223241,0.07072160925183978
rxn:4:208252:224619,0.07072086767716841
rxn:4:188104:222693,0.07069659948349
rxn:4:176409:222449,0.07069345857157852
rxn:4:195862:225436,0.07068788011868794
rxn:4:174728:223288,0.07065657468942496
rxn:4:208435:222541,0.07065200364148175
rxn:4:215347:226990,0.07061275055533961
rxn:4:195862:223351,0.07059002490270705
rxn:4:174728:223356,0.07057409286499024
rxn:4:174728:223058,0.07057269769055503
rxn:4:174720:223109,0.07056889167198768
rxn:4:205660:228692,0.07053177129654657
rxn:4:174728:227929,0.07051610469818115
rxn:4:194456:228692,0.07050436973571778
rxn:4:213484:228367,0.07049519365484064
rxn:4:193518:229147,0.0704935284761282
rxn:4:198112:228683,0.07048513094584147
rxn:4:191263:223195,0.0704747410047622
rxn:4:208252:224046,0.07047208754912666
rxn:4:191437:225723,0.07046886285146077
rxn:4:174721:227299,0.07044275760650635
rxn:4:216137:228570,0.07042874009520919
rxn:4:208199:222864,0.07041486284949562
rxn:4:188104:224933,0.07039819593014925
rxn:4:193131:225087,0.07039356616235548
rxn:4:174720:223227,0.07038582324981689
rxn:4:191595:223054,0.07033737182617188
rxn:4:191595:225436,0.07032964706420898
rxn:4:173723:228016,0.07031795272120724
rxn:4:220020:228248,0.07027049859364827
rxn:4:208435:223108,0.0702632340517911
rxn:4:193131:222859,0.07025595634214339
rxn:4:191263:223110,0.07025309584357521
rxn:4:173723:228566,0.0702504561497615
rxn:4:208435:222583,0.07023376888699001
rxn:4:193386:222859,0.070229172706604
rxn:4:205311:222864,0.07022517142088516
rxn:4:192165:222683,0.0702243447303772
rxn:4:191658:223128,0.07021861984616234
rxn:4:174728:223031,0.0702137393610818
rxn:4:174720:227023,0.07021051168441772
rxn:4:174721:223146,0.07020547069036044
rxn:4:191975:223195,0.07019421458244324
rxn:4:216137:227893,0.07017411930220467
rxn:4:215347:227291,0.07016951786844354
rxn:4:188207:222888,0.07013272245724995
rxn:4:174728:222967,0.0701253456728799
rxn:4:176409:222608,0.07010969808024745
rxn:4:202967:225087,0.07008829216162364
rxn:4:195862:223004,0.07007371137539546
rxn:4:208255:224933,0.07006991477239699
rxn:4:174682:222980,0.07005922220371387
rxn:4:217962:228683,0.07003653711742824
rxn:4:195517:225723,0.07003584929874965
rxn:4:173723:228584,0.0700216660132775
rxn:4:216586:225436,0.07001660086891869
rxn:4:205205:225581,0.07000758336937946
rxn:4:201265:228608,0.06998472039898236
rxn:4:205311:223147,0.06996499924432664
rxn:4:216137:226583,0.06994620561599732
rxn:4:208360:223130,0.06990482211112976
rxn:4:195538:223170,0.0699033226285662
rxn:4:195777:223110,0.0698853021576291
rxn:4:191895:223054,0.06983867935512376
rxn:4:174728:227212,0.06982920261529776
rxn:4:216463:223197,0.06981270564229865
rxn:4:173723:227837,0.0698123508029514
rxn:4:188207:222683,0.06980403111531185
rxn:4:173723:223351,0.06979718914738407
rxn:4:216463:225581,0.06978871141161237
rxn:4:215324:223147,0.06978748738765717
rxn:4:188207:222541,0.06975500671951859
rxn:4:209284:222449,0.06970018148422241
rxn:4:191658:225087,0.06968361139297485
rxn:4:205205:223198,0.06966669786544073
rxn:4:192165:225724,0.0696621096652487
rxn:4:191618:223195,0.06965834399064381
rxn:4:195128:223227,0.06962581475575765
rxn:4:216393:222529,0.06960358719031016
rxn:4:174682:223130,0.06960082512635452
rxn:4:216137:227291,0.06958134009920318
rxn:4:174720:223195,0.0695792531967163
rxn:4:173723:227064,0.06956752283232552
rxn:4:205205:222604,0.06955099988866735
rxn:4:205660:222592,0.06954221478823958
rxn:4:176409:225087,0.06952681924615588
rxn:4:195585:226088,0.06951651248064908
rxn:4:195517:223110,0.06951205730438233
rxn:4:188104:222864,0.06950201677239459
rxn:4:195777:223002,0.06949929757551714
rxn:4:183940:223381,0.06948912335980323
rxn:4:215324:225532,0.06945672489347912
rxn:4:203724:228683,0.06944580793380738
rxn:4:216586:227892,0.06943267897555702
rxn:4:173723:228735,0.06942707987932059
rxn:4:174721:222592,0.069397755207554
rxn:4:173723:227657,0.06939693859645299
rxn:4:195517:222864,0.06938526847145775
rxn:4:191595:224481,0.069374473006637
rxn:4:174682:224046,0.0693702220916748
rxn:4:211114:222593,0.06934850324283946
rxn:4:195862:224619,0.06933845923497127
rxn:4:193131:223127,0.06933373212814331
rxn:4:174721:223139,0.06932985782623291
rxn:4:174721:222973,0.06926282026149609
rxn:4:191658:223219,0.06925223469734192
rxn:4:205242:228140,0.06924163699150085
rxn:4:216470:225098,0.06923950802196156
rxn:4:208033:225087,0.06922277266328986
rxn:4:174720:227022,0.0692213249206543
rxn:4:208033:224621,0.06922064656796663
rxn:4:205160:224933,0.06921911239624023
rxn:4:174721:224882,0.06920141407421657
rxn:4:174721:228990,0.06919653849168257
rxn:4:208360:223108,0.06913883686065674
rxn:4:216413:223130,0.06912191918021754
rxn:4:215347:227892,0.0691073735555013
rxn:4:192165:222984,0.06909328439961308
rxn:4:216393:225086,0.06906802881331671
rxn:4:201699:226130,0.06904966985025714
rxn:4:193131:228091,0.06903721226586236
rxn:4:208362:222583,0.06903269529342651
rxn:4:216393:222859,0.06903188001541864
rxn:4:173723:223147,0.06901948616422456
rxn:4:216470:222984,0.06901635442461286
rxn:4:205401:222449,0.06901097297668457
rxn:4:191895:223002,0.06900337468022885
rxn:4:195777:222431,0.06896493763759218
rxn:4:173723:227000,0.0689524667603629
rxn:4:174728:223038,0.06894417532852717
rxn:4:174728:223166,0.06893155530646995
rxn:4:205311:228293,0.0689114206715634
rxn:4:193131:225456,0.06891004244486491
rxn:4:174728:228120,0.06889978170394898
rxn:4:193518:228608,0.06886395922413578
rxn:4:195862:224617,0.06882708347760715
rxn:4:193131:222982,0.06882359584172566
rxn:4:205311:225098,0.06881481149922246
rxn:4:216393:222451,0.06878753350331233
rxn:4:208033:222633,0.06878381470839183
rxn:4:195296:226130,0.06877419054508209
rxn:4:211114:222541,0.06875156272541393
rxn:4:211114:222431,0.0687461519241333
rxn:4:173723:225378,0.06874427872319375
rxn:4:174721:222888,0.06874108740261622
rxn:4:208360:224621,0.06873796556306921
rxn:4:195517:222431,0.06867898787770953
rxn:4:208435:222864,0.0686769187450409
rxn:4:173723:227286,0.0686693127666201
rxn:4:216463:228306,0.0686654183599684
rxn:4:208360:223234,0.0686619846444381
rxn:4:216393:223234,0.06865929232703315
rxn:4:173723:227125,0.06862527557781764
rxn:4:188207:225581,0.06861610775408537
rxn:4:176409:227893,0.06861086189746857
rxn:4:208601:224088,0.06857991218566895
rxn:4:176409:225456,0.06856760713789198
rxn:4:175181:228692,0.06853975938714069
rxn:4:174728:227485,0.06853820039675786
rxn:4:205242:222859,0.06852199633916219
rxn:4:209284:222593,0.06851961656853005
rxn:4:195755:223195,0.06849892735481262
rxn:4:208252:222451,0.06849819421768188
rxn:4:193518:223382,0.06849801540374756
rxn:4:215324:222451,0.06848003246166089
rxn:4:173723:229281,0.06844380497932434
rxn:4:173723:228554,0.06841070376909696
rxn:4:195296:225456,0.06840432257879347
rxn:4:174721:228693,0.06840174094490382
rxn:4:174720:223398,0.06839076591574628
rxn:4:193518:228091,0.06838057296616691
rxn:4:173723:229009,0.06837778091430664
rxn:4:208033:226990,0.0683562253650866
rxn:4:192165:225532,0.06834826262100883
rxn:4:208199:222451,0.06829764224864819
rxn:4:195862:225805,0.0682969441016515
rxn:4:174721:222859,0.06829628986971718
rxn:4:184065:228103,0.06828987213873094
rxn:4:209284:225436,0.06828323913657147
rxn:4:209284:224617,0.0682830810546875
rxn:4:195517:222984,0.06827706950051445
rxn:4:188197:227024,0.06825273513793945
rxn:4:174682:226130,0.06824593819104709
rxn:4:173723:229015,0.06823471307754517
rxn:4:216586:227023,0.06822166442871094
rxn:4:195538:226130,0.06821655659448533
rxn:4:188207:223031,0.06821438022281813
rxn:4:215324:227023,0.0682057173628556
rxn:4:213484:228803,0.06819525786808558
rxn:4:195777:222541,0.06819376578697792
rxn:4:216470:222693,0.06817036370436351
rxn:4:191658:228140,0.06815786738144725
rxn:4:202967:224621,0.068153657913208
rxn:4:174721:225595,0.0681503967002586
rxn:4:174721:223170,0.06814229488372803
rxn:4:174728:223053,0.06814200537545341
rxn:4:174721:225392,0.0681191020541721
rxn:4:205311:228140,0.06808338667217054
rxn:4:188106:223195,0.06806260347366333
rxn:4:216470:222888,0.06803348660469055
rxn:4:174728:222449,0.06803161957684685
rxn:4:208252:225456,0.06801868081092835
rxn:4:191595:224933,0.06799868895457341
rxn:4:188207:222984,0.06799705132194188
rxn:4:173723:227898,0.06798628966013591
rxn:4:208199:225098,0.06798208301717584
rxn:4:173723:227987,0.06797977730079934
rxn:4:193518:227024,0.06795589677218733
rxn:4:215327:225723,0.06795355535688855
rxn:4:174728:224046,0.06795035062297698
rxn:4:174720:228695,0.06793183865754501
rxn:4:205401:222608,0.06793146221726029
rxn:4:208199:227022,0.06792296233930085
rxn:4:195862:223007,0.06792049358288448
rxn:4:193518:227834,0.06788479004587446
rxn:4:194456:226088,0.0678803665297372
rxn:4:201699:223108,0.06786964401122063
rxn:4:216394:222592,0.06785605351130168
rxn:4:173723:227954,0.06784788988254688
rxn:4:193131:226330,0.06783212464431236
rxn:4:215347:223280,0.06782409391905132
rxn:4:208033:224617,0.06782208836596945
rxn:4:174721:227303,0.06782164573669433
rxn:4:195862:222984,0.06780874232451121
rxn:4:193518:223108,0.0677978515625
rxn:4:191551:222529,0.06779414415359497
rxn:4:191618:223227,0.06775899728139241
rxn:4:209284:222984,0.0677583010300346
rxn:4:195862:227892,0.06775338592983428
rxn:4:173723:228510,0.06775209078421959
rxn:4:195777:225724,0.06773114746267145
rxn:4:195517:227023,0.06770049270830657
rxn:4:193518:226361,0.0676850696404775
rxn:4:203639:225178,0.06768326958020528
rxn:4:173723:223222,0.06768281544957842
rxn:4:188106:223110,0.06767904216592963
rxn:4:216394:222864,0.06765081201280866
rxn:4:193386:223442,0.06764396280050278
rxn:4:173723:227815,0.0676414657522131
rxn:4:202967:227893,0.06762962341308594
rxn:4:176409:224933,0.06760408622877938
rxn:4:173303:223109,0.06759151816368103
rxn:4:193238:227291,0.06756301109607403
rxn:4:216470:222431,0.06755028452192034
rxn:4:173723:227968,0.06754081337540238
rxn:4:208252:223195,0.06750630338986714
rxn:4:191595:225087,0.06747327859585102
rxn:4:173723:227943,0.06745397823828238
rxn:4:173723:228985,0.06744554042816162
rxn:4:208252:222693,0.0674408855645553
rxn:4:173723:228622,0.06743307526295002
rxn:4:174721:222832,0.06741807929107121
rxn:4:173723:228338,0.0674132748886391
rxn:4:191551:225805,0.06740875293811162
rxn:4:205242:223110,0.06740739670666782
rxn:4:195777:225723,0.06740586866031993
rxn:4:174728:227713,0.06739483659084027
rxn:4:208601:225724,0.06738474468390147
rxn:4:195128:223131,0.06734559481794183
rxn:4:191895:225724,0.06734424052031143
rxn:4:174720:223156,0.06733102523363553
rxn:4:191595:222451,0.06731456133627123
rxn:4:195585:222859,0.06728281329075496
rxn:4:217545:225378,0.06727191585081595
rxn:4:188106:225581,0.0672674878783848
rxn:4:195777:222982,0.06726615537296642
rxn:4:188197:228293,0.06726002941528957
rxn:4:174721:228794,0.06723418443099312
rxn:4:215327:222593,0.06721416473388672
rxn:4:174721:223360,0.06721082329750061
rxn:4:205311:224619,0.06720355401436488
rxn:4:176409:222633,0.06720226208368937
rxn:4:176409:228097,0.06720105310281117
rxn:4:216413:223110,0.06719359598661724
rxn:4:195517:222982,0.06718677566165016
rxn:4:203639:227303,0.06718138412193016
rxn:4:173723:227321,0.06718039725508008
rxn:4:216137:228543,0.06717316088853059
rxn:4:173723:228513,0.06716564068427452
rxn:4:208255:223234,0.0671655469470554
rxn:4:208362:223130,0.06715640425682068
rxn:4:176409:222693,0.06715404391288757
rxn:4:208033:223109,0.06712825298309326
rxn:4:173723:227887,0.06712649486683032
rxn:4:174721:223241,0.06712563037872314
rxn:4:191437:228140,0.06711220741271973
rxn:4:174728:223128,0.0671089181193599
rxn:4:208435:224481,0.06709592342376709
rxn:4:173723:227828,0.06709173652860853
rxn:4:176409:223396,0.06708340022874915
rxn:4:173723:227967,0.06707585740972448
rxn:4:216463:226330,0.06707384586334228
rxn:4:174721:225598,0.0670580201678806
rxn:4:213484:228683,0.06704458736238025
rxn:4:193518:225318,0.06702418997883797
rxn:4:191895:222608,0.06701756185955471
rxn:4:173723:222470,0.06701106684548515
rxn:4:191595:225532,0.06700120210647582
rxn:4:195538:224179,0.06698925495147705
rxn:4:173723:228713,0.06698472224749051
rxn:4:205311:225595,0.0669749758460305
rxn:4:193131:227893,0.06697071040118183
rxn:4:176409:227297,0.06696449041366577
rxn:4:174721:228629,0.06696016892142918
rxn:4:184096:223381,0.06695381439093387
rxn:4:192165:222982,0.06691386388695758
rxn:4:195296:222541,0.06690717935562134
rxn:4:191975:227023,0.06689366102218627
rxn:4:174682:223360,0.06686908503373463
rxn:4:194456:227022,0.06685343495121708
rxn:4:203639:224621,0.0668347631731341
rxn:4:193518:223139,0.06683429876963297
rxn:4:208199:225087,0.06683426011692394
rxn:4:195862:222529,0.0668077894619533
rxn:4:193131:223054,0.06680519580841064
rxn:4:174682:223109,0.06676993461755606
rxn:4:216393:222583,0.06676866859197617
rxn:4:202967:223442,0.06675883796479967
rxn:4:208255:222693,0.06675490089084792
rxn:4:174682:225805,0.06674730336224591
rxn:4:174728:225613,0.0667416091476168
rxn:4:205205:224617,0.06672810554504395
rxn:4:191658:223398,0.06668362021446228
rxn:4:174682:223146,0.06668016773003799
rxn:4:174720:223421,0.06666279357412587
rxn:4:188106:225532,0.06662481764088506
rxn:4:173723:228335,0.06659977524368851
rxn:4:208362:225087,0.06659743731672113
rxn:4:193131:222864,0.06659135895390664
rxn:4:203639:223130,0.06658518527235303
rxn:4:203724:223131,0.06658104062080383
rxn:4:205242:222541,0.06657186702445701
rxn:4:173723:227814,0.06657102152153298
rxn:4:174721:224865,0.06655433348246984
rxn:4:202851:228803,0.06655312180519105
rxn:4:174721:228570,0.06654862994733064
rxn:4:174728:229270,0.0665258223360235
rxn:4:193518:222969,0.06652291743986068
rxn:4:174721:226990,0.06651605129241943
rxn:4:216586:223280,0.06651594638824462
rxn:4:173723:227960,0.06651007687603985
rxn:4:205311:225805,0.06647532094608653
rxn:4:174728:228570,0.06644512464602788
rxn:4:192165:225581,0.06643948347672173
rxn:4:173723:226919,0.06642997690609523
rxn:4:173723:228598,0.06642574301132789
rxn:4:174721:222982,0.06641551079573454
rxn:4:205205:223197,0.06641506581079393
rxn:4:209284:222529,0.0664100205456769
rxn:4:203724:225318,0.06640665133794149
rxn:4:191437:228293,0.06639745169215733
rxn:4:183999:228683,0.06639220317204793
rxn:4:173723:227963,0.06634984855298642
rxn:4:208363:225098,0.06634967435490001
rxn:4:174728:226428,0.06634675131903754
rxn:4:191618:226088,0.06633616685867309
rxn:4:174728:223178,0.06627903602741382
rxn:4:205311:226583,0.06627106098901658
rxn:4:174828:228140,0.06626871228218079
rxn:4:173723:227295,0.06625962683132716
rxn:4:183940:228683,0.06624780495961508
rxn:4:174728:225437,0.06623960818563189
rxn:4:195128:223110,0.06623950058763678
rxn:4:195777:223130,0.06622710682096936
rxn:4:176488:228140,0.06621788636497829
rxn:4:205401:225532,0.06617672028748886
rxn:4:174721:229005,0.0661085464737632
rxn:4:195517:222583,0.06608603477478027
rxn:4:191415:229253,0.06608430445194244
rxn:4:215320:222846,0.06606296181678772
rxn:4:208360:222888,0.0660623691298745
rxn:4:174728:227992,0.06604137420654296
rxn:4:173723:223170,0.0660222234397099
rxn:4:188207:225436,0.0660023481949516
rxn:4:193518:228178,0.06600182822772435
rxn:4:188104:222431,0.06598045086038523
rxn:4:173723:225438,0.06598033507664998
rxn:4:174721:223351,0.06596908469994862
rxn:4:174728:223161,0.06594851502665768
rxn:4:193518:227945,0.06594069940703255
rxn:4:205160:227291,0.06592165529727936
rxn:4:193131:222529,0.0659068787799162
rxn:4:205192:226583,0.06589878797531128
rxn:4:205205:224621,0.06589112281799317
rxn:4:191437:223197,0.065870159550717
rxn:4:174728:222803,0.06584952672322592
rxn:4:174728:223028,0.06584645594869341
rxn:4:174728:223141,0.06584541002909343
rxn:4:205242:227291,0.06582732995351155
rxn:4:191895:228293,0.06581816673278809
rxn:4:174721:223125,0.06581586140852708
rxn:4:191895:222683,0.0658155267055218
rxn:4:209284:222693,0.065803940479572
rxn:4:173723:227287,0.06577771476336888
rxn:4:201699:226088,0.06577633273216986
rxn:4:191975:222583,0.06577082322194026
rxn:4:173723:227296,0.06576835257666451
rxn:4:211123:222593,0.06576258721558945
rxn:4:205160:222604,0.06575845984312204
rxn:4:176409:226990,0.06572355508804321
rxn:4:174728:228542,0.0657006377975146
rxn:4:191551:225436,0.06568613151709239
rxn:4:176409:224619,0.06566125360028498
rxn:4:174682:226088,0.06563289348895733
rxn:4:174728:222999,0.06562359418187823
rxn:4:173723:227335,0.06562298536300659
rxn:4:188207:226330,0.06561962311918085
rxn:4:216586:223194,0.06561906039714813
rxn:4:208435:226330,0.06561716036363081
rxn:4:216393:222633,0.06561531191286833
rxn:4:205242:223054,0.06561284479887589
rxn:4:174721:222986,0.06560797603042037
rxn:4:174721:223023,0.06560440416689273
rxn:4:174682:225595,0.06557913179750796
rxn:4:174720:223194,0.06554673671722412
rxn:4:173723:228505,0.06552958029967088
rxn:4:216586:226990,0.06551235914230347
rxn:4:173723:228154,0.06551134144818341
rxn:4:193518:225438,0.0654958890330407
rxn:4:173723:227938,0.06548191441429986
rxn:4:176409:228000,0.06547719985246658
rxn:4:191975:222633,0.06546092987060546
rxn:4:174682:222859,0.06543697842529841
rxn:4:205242:226583,0.06541045145554976
rxn:4:215327:224617,0.06540736685628476
rxn:4:193518:227893,0.06537464686802455
rxn:4:174682:223398,0.0653616267701854
rxn:4:216470:225087,0.06535900722850453
rxn:4:173723:227824,0.065356002913581
rxn:4:205401:223234,0.0653376749583653
rxn:4:195862:225723,0.06533121565977733
rxn:4:173723:227381,0.06532335068498339
rxn:4:191551:223197,0.06531450423327359
rxn:4:191975:223130,0.06529124010176886
rxn:4:208363:223054,0.06526102338518415
rxn:4:205205:226583,0.0652353357185017
rxn:4:174728:227131,0.06522839344464816
rxn:4:173723:228582,0.06521554635121272
rxn:4:195585:223147,0.06520227410576561
rxn:4:208360:227892,0.0652009646097819
rxn:4:195517:226088,0.06519371867179871
rxn:4:209284:225086,0.06519232193628947
rxn:4:191437:226330,0.06518325507640839
rxn:4:192165:222541,0.06518258430339673
rxn:4:173723:227891,0.06517191286440249
rxn:4:193518:225595,0.06516993814899076
rxn:4:174682:226990,0.06515591621398925
rxn:4:193518:223311,0.0651538861649377
rxn:4:193518:227004,0.06513543581140452
rxn:4:193518:227291,0.06512885669182086
rxn:4:205160:223398,0.06511481271849738
rxn:4:191658:222604,0.06510792558009808
rxn:4:174721:227292,0.06510666370391846
rxn:4:191437:225805,0.06510021573021299
rxn:4:208033:222592,0.06507783412933349
rxn:4:174721:223396,0.06507545450459355
rxn:4:174721:228000,0.06505907575289409
rxn:4:193131:225805,0.06505219141642253
rxn:4:216137:227303,0.06503986490183863
rxn:4:173723:227939,0.06502998979003341
rxn:4:174721:226663,0.06502983203301063
rxn:4:208601:223127,0.06501897003339685
rxn:4:191975:227022,0.06501739621162414
rxn:4:173723:227376,0.06501612492970057
rxn:4:192165:227023,0.06499133223579043
rxn:4:191437:222604,0.06498098373413086
rxn:4:174721:223031,0.06496054375613178
rxn:4:195862:222864,0.06492066860198975
rxn:4:194718:228306,0.06492020686467488
rxn:4:201699:227023,0.06491358677546183
rxn:4:173723:227656,0.0648969795022692
rxn:4:175469:228692,0.0648956055994387
rxn:4:208252:223194,0.06487054295010036
rxn:4:174721:222925,0.06486329010554723
rxn:4:195862:223108,0.06477354661278102
rxn:4:174728:223261,0.06476570551212017
rxn:4:174682:224508,0.06476102204158388
rxn:4:191618:225723,0.06476065516471863
rxn:4:173723:227011,0.06475040742329188
rxn:4:174728:223286,0.06474363803863525
rxn:4:174728:226334,0.06473733319176568
rxn:4:216413:227022,0.06472610433896382
rxn:4:195862:228693,0.06472524106502534
rxn:4:174721:228543,0.06470915027286696
rxn:4:209284:223109,0.06468594345179471
rxn:4:174721:223079,0.06467362686439797
rxn:4:174728:223032,0.06466418078967504
rxn:4:208255:225436,0.0646634578704834
rxn:4:174728:229014,0.0646596732346908
rxn:4:216394:222982,0.06464864015579223
rxn:4:195296:222431,0.0646258464881352
rxn:4:176409:222583,0.06461595143041303
rxn:4:191415:226843,0.0646112585067749
rxn:4:205205:223127,0.06460209868170998
rxn:4:173723:227131,0.06459131411143712
rxn:4:191545:223127,0.06457982374274213
rxn:4:191437:224621,0.06457689534062924
rxn:4:192165:222583,0.06457352196728741
rxn:4:191895:222980,0.06449600665465645
rxn:4:188207:222449,0.06449560461373165
rxn:4:195862:222608,0.06445731435503278
rxn:4:173723:228178,0.06442729190543846
rxn:4:205242:224046,0.06441130317174472
rxn:4:193518:223128,0.06439839204152426
rxn:4:174721:225001,0.06437804017748151
rxn:4:205242:228293,0.06436875462532043
rxn:4:209284:223195,0.06435669036138625
rxn:4:173723:227034,0.06435261453901019
rxn:4:174682:222693,0.06434961358706157
rxn:4:209284:222592,0.06434318312892208
rxn:4:216463:225898,0.06432662123725527
rxn:4:195777:223127,0.06431688013530913
rxn:4:176409:228384,0.06430906554063161
rxn:4:173723:227992,0.06429844873922842
rxn:4:208363:222431,0.06429527699947357
rxn:4:174682:227303,0.06428021669387818
rxn:4:208033:222864,0.0642581582069397
rxn:4:208435:222693,0.06425188137934758
rxn:4:201699:223396,0.06424717392240252
rxn:4:205160:225724,0.06424641609191895
rxn:4:174728:226411,0.0642078850004408
rxn:4:220020:223131,0.06420748809288288
rxn:4:191895:222888,0.06420659025510152
rxn:4:205205:225456,0.06417170296544614
rxn:4:215327:222859,0.06416507200761275
rxn:4:216470:227023,0.06415773379175287
rxn:4:174728:223175,0.06415330922162091
rxn:4:173723:226994,0.0640803554228374
rxn:4:205660:224046,0.06407583611352104
rxn:4:174728:222541,0.06406510062515736
rxn:4:215324:225098,0.06406208601864902
rxn:4:191658:228692,0.06402728623814052
rxn:4:173723:225723,0.0640035609404246
rxn:4:174728:223255,0.06400300906254695
rxn:4:188104:226990,0.06395684480667115
rxn:4:208435:225098,0.06393907964229584
rxn:4:174728:228384,0.06392666816711426
rxn:4:195862:223421,0.06391575932502747
rxn:4:188104:222529,0.06390906526492192
rxn:4:209284:225581,0.06389879662057628
rxn:4:208363:224508,0.06389734537705132
rxn:4:191658:226583,0.0638941242581322
rxn:4:209284:223234,0.0638733562969026
rxn:4:195862:223138,0.06387254725331845
rxn:4:174721:222604,0.06386471563769926
rxn:4:173303:223227,0.063861350218455
rxn:4:195517:222529,0.0638483476638794
rxn:4:174721:223254,0.06384727954864503
rxn:4:174728:223260,0.06384548315635094
rxn:4:192165:222980,0.06383865294249161
rxn:4:193518:228794,0.06383672908500389
rxn:4:193518:227303,0.0638366567677465
rxn:4:209284:227291,0.06381569589887347
rxn:4:191595:224046,0.06378710695675441
rxn:4:173723:226997,0.06378219383103508
rxn:4:174721:223234,0.06377811908721924
rxn:4:191895:226583,0.06377804821187799
rxn:4:174728:227625,0.06373380697690524
rxn:4:205660:223110,0.06372580677270889
rxn:4:216137:226088,0.06371450821558634
rxn:4:191895:223197,0.06370703379313152
rxn:4:176409:227292,0.06370232105255128
rxn:4:192165:222529,0.06370083932523374
rxn:4:174728:227331,0.06369701257118812
rxn:4:174682:222984,0.06369557204069914
rxn:4:191263:223194,0.0636848495120094
rxn:4:176409:223382,0.06367108722527821
rxn:4:173723:227915,0.06366848724859732
rxn:4:215320:226340,0.06364974509114804
rxn:4:174682:222966,0.06364415089289348
rxn:4:205660:228695,0.0636415992464338
rxn:4:209284:223147,0.06362245841459795
rxn:4:205242:225532,0.06362243320630945
rxn:4:205311:222583,0.06361796305729793
rxn:4:193238:223396,0.06360586484273274
rxn:4:174721:222854,0.06360532556261335
rxn:4:195538:223197,0.06360344886779785
rxn:4:174728:225098,0.06356076536507442
rxn:4:208199:224933,0.06352706118063493
rxn:4:174728:227063,0.06352370518904465
rxn:4:208435:225532,0.06351478721784509
rxn:4:205660:226088,0.06350557506084442
rxn:4:195777:224933,0.06348490196725597
rxn:4:195128:223139,0.06348364732482216
rxn:4:215324:226990,0.063481048533791
rxn:4:194456:222633,0.0634455755352974
rxn:4:193131:222888,0.0634437587953383
rxn:4:174721:223138,0.06342996313021733
rxn:4:192165:223398,0.06341106640665155
rxn:4:216137:228140,0.06340053038937705
rxn:4:174728:228550,0.06337237606445949
rxn:4:205205:227022,0.06336972543171474
rxn:4:173303:228570,0.06335746049880982
rxn:4:208255:222984,0.06335704922676086
rxn:4:173723:223309,0.0633535385131836
rxn:4:191658:226330,0.06335022903624035
rxn:4:193518:223223,0.06334982863787947
rxn:4:191618:225456,0.06330212033711947
rxn:4:220020:225378,0.0632968746846722
rxn:4:193518:228293,0.06324592232704163
rxn:4:205311:224621,0.06322937955458958
rxn:4:174728:229216,0.06321222131902521
rxn:4:193238:228692,0.06320557494958241
rxn:4:195296:223054,0.06319108463469006
rxn:4:220020:228560,0.06315156588187584
rxn:4:208199:222859,0.0631472874771465
rxn:4:174721:223050,0.06311503163090458
rxn:4:173723:229339,0.0630890889601274
rxn:4:194456:223194,0.06307574996241817
rxn:4:195777:223054,0.06307380849664862
rxn:4:216586:225581,0.06307370554317128
rxn:4:216413:224508,0.06306640126488426
rxn:4:173723:227093,0.06306232299123492
rxn:4:174728:225378,0.06306123939053766
rxn:4:174721:222842,0.06305132167679924
rxn:4:191618:225436,0.06302838142101581
rxn:4:216394:222431,0.06301001266196922
rxn:4:193518:223045,0.06300826034238262
rxn:4:191895:222859,0.06300762295722961
rxn:4:173723:227007,0.06299148074218205
rxn:4:216394:225087,0.06297797816140312
rxn:4:191595:223421,0.06297000249226888
rxn:4:216394:225456,0.06295942664146423
rxn:4:174728:222404,0.0628804521901267
rxn:4:188197:227303,0.06287588596343995
rxn:4:193131:228560,0.06286273782069866
rxn:4:216586:223054,0.0628222254189578
rxn:4:193131:225436,0.06282199621200561
rxn:4:209284:225456,0.06282033091006071
rxn:4:174721:222957,0.06280341634043941
rxn:4:174728:223047,0.06273640479360308
rxn:4:174728:224933,0.06273221558537977
rxn:4:194456:225581,0.06272727251052856
rxn:4:192165:224933,0.06269300977389018
rxn:4:174828:223350,0.0626872976620992
rxn:4:173723:227444,0.0626815812928336
rxn:4:208435:222431,0.06266447305679321
rxn:4:191595:225098,0.06264285399363591
rxn:4:215327:222451,0.06263150550701001
rxn:4:174721:228564,0.06258631789165994
rxn:4:174728:223057,0.0625844235931124
rxn:4:208255:226088,0.06257663275066175
rxn:4:205192:223054,0.06257471584138416
rxn:4:192165:226583,0.06256831776012074
rxn:4:195128:228091,0.0625646471977234
rxn:4:176409:223170,0.0625637540450463
rxn:4:183834:222969,0.06256327484593247
rxn:4:173723:229343,0.06253996220501987
rxn:4:195862:224933,0.06253038883209229
rxn:4:193131:228306,0.06251366712428906
rxn:4:176409:228091,0.06250529487927754
rxn:4:174721:227929,0.06248528261979421
rxn:4:193131:223146,0.06247597110682521
rxn:4:203724:223279,0.062470831252910475
rxn:4:174721:222431,0.06246477716109332
rxn:4:205205:223360,0.062459510564804074
rxn:4:191895:222529,0.062458660867479115
rxn:4:195585:223110,0.06245041977275501
rxn:4:205660:228530,0.06241980336961292
rxn:4:187677:228683,0.062419191996256514
rxn:4:211123:223109,0.06241321894857618
rxn:4:211123:222633,0.06237574057145552
rxn:4:173723:228211,0.06237369113498264
rxn:4:195862:227291,0.062364077026193794
rxn:4:187677:223381,0.06232631975604642
rxn:4:216470:222529,0.062313611507415774
rxn:4:191595:222583,0.062309470669976594
rxn:4:201699:227291,0.06230725447336833
rxn:4:191975:223197,0.06228613257408142
rxn:4:174720:225898,0.06228291326098972
rxn:4:174728:228103,0.062273712158203126
rxn:4:205160:222864,0.062250987343166184
rxn:4:188104:222888,0.06223654747009277
rxn:4:205401:225098,0.06223621964454651
rxn:4:191551:223227,0.062216739762913094
rxn:4:203639:227292,0.06221666600969103
rxn:4:173723:227979,0.062201248274909124
rxn:4:203639:227023,0.06219572049600107
rxn:4:193518:223927,0.062188938685825895
rxn:4:188106:223194,0.062187498524075464
rxn:4:174721:223124,0.06217352931316082
rxn:4:173723:227307,0.062167197465896606
rxn:4:194456:223031,0.062162968619116424
rxn:4:175181:227022,0.06215588092803955
rxn:4:209284:227023,0.06214687937781924
rxn:4:205401:224933,0.062144930164019264
rxn:4:174728:228995,0.06212750465973564
rxn:4:173723:223007,0.06211981376012166
rxn:4:174721:222969,0.062094937872003625
rxn:4:173723:227094,0.06209353038242885
rxn:4:173723:229299,0.062061835890230926
rxn:4:176409:222915,0.0620304388659341
rxn:4:216470:223109,0.06202865242958069
rxn:4:174728:227480,0.06202806876255916
rxn:4:216393:223109,0.06201430998350445
rxn:4:193518:228803,0.062006451465465406
rxn:4:220020:223360,0.06200552869726111
rxn:4:208033:222431,0.062003561428615024
rxn:4:174721:227362,0.06200122594833374
rxn:4:174728:228621,0.06197915971279144
rxn:4:195862:228091,0.061960214660281225
rxn:4:192165:222451,0.06193847080756878
rxn:4:193131:224046,0.06193532726981423
rxn:4:193131:223227,0.06186482097421374
rxn:4:195862:223139,0.06185398931088655
rxn:4:195862:223892,0.0618525573185512
rxn:4:195777:227291,0.06180997788906097
rxn:4:191551:222864,0.06180870532989502
rxn:4:205160:226990,0.061807054281234744
rxn:4:191895:222449,0.06179587799927284
rxn:4:202967:223398,0.06177230257737009
rxn:4:193518:222592,0.061767383984157015
rxn:4:211114:222604,0.0617602521722967
rxn:4:205311:223130,0.06175618512289865
rxn:4:193518:226129,0.06175121466318766
rxn:4:195777:226088,0.061743248076665966
rxn:4:216413:225098,0.06173257884525117
rxn:4:174728:227294,0.06172663431901198
rxn:4:205401:223054,0.06170977716860564
rxn:4:191551:222541,0.061708039471081326
rxn:4:215324:222583,0.06169815063476562
rxn:4:211123:222608,0.06168290324833082
rxn:4:209284:225087,0.06166908144950867
rxn:4:174728:223009,0.06166215453829084
rxn:4:216393:223147,0.06165554021534167
rxn:4:216393:226990,0.06164984901746114
rxn:4:174728:223022,0.06164404111249106
rxn:4:191437:224619,0.06164362637893013
rxn:4:173723:224841,0.06163777843598397
rxn:4:193238:226583,0.061622701309345385
rxn:4:216470:223110,0.06157902479171753
rxn:4:191895:223147,0.06157799200578169
rxn:4:208363:222451,0.061565889252556696
rxn:4:209284:222604,0.061537605744821054
rxn:4:174728:223042,0.06151620405060904
rxn:4:191895:225581,0.06151230179745218
rxn:4:188106:226330,0.061472212726419624
rxn:4:216393:223110,0.06145938446647242
rxn:4:208435:227892,0.061454153060913085
rxn:4:188106:225723,0.06143894402877144
rxn:4:205242:222633,0.06142580050688524
rxn:4:193131:223350,0.061425085420961735
rxn:4:201699:223227,0.06142068107922872
rxn:4:193518:228367,0.06140516059739249
rxn:4:208601:223197,0.06139082258397883
rxn:4:174720:225532,0.06137753415990759
rxn:4:194456:222982,0.0613683112736406
rxn:4:174721:223166,0.06136035919189453
rxn:4:215347:225178,0.061346219344572586
rxn:4:174721:222840,0.06133359670639038
rxn:4:174728:223396,0.061332677801450096
rxn:4:193131:223198,0.06133073568344116
rxn:4:173723:228455,0.061325302830448854
rxn:4:203639:227893,0.061307159753946155
rxn:4:174728:226692,0.06130676578592371
rxn:4:205160:225898,0.06129610267552463
rxn:4:191551:224481,0.061284615443303034
rxn:4:174728:222633,0.0612797160302439
rxn:4:208252:223110,0.06127704444684481
rxn:4:208199:224619,0.06124149198117464
rxn:4:191263:223197,0.0612191983631679
rxn:4:208363:222982,0.061203139168875556
rxn:4:174728:223182,0.06120183291258635
rxn:4:174828:223421,0.0611729621887207
rxn:4:174721:223000,0.0611625247531467
rxn:4:215327:224619,0.061156843019568405
rxn:4:173723:229016,0.061118364334106445
rxn:4:195755:223109,0.06111181917644683
rxn:4:208363:222693,0.061097281674544014
rxn:4:215324:227291,0.061086758186942654
rxn:4:174721:228683,0.06101925995038903
rxn:4:192165:222633,0.06100828601763798
rxn:4:216586:226088,0.06100139163789295
rxn:4:191595:223108,0.06100039184093475
rxn:4:205311:222980,0.06099394776604392
rxn:4:176409:222593,0.06098440001087804
rxn:4:211114:222529,0.06098289110443809
rxn:4:193518:227622,0.06097336267602855
rxn:4:195777:223227,0.06096602976322174
rxn:4:174728:226578,0.060951281476903846
rxn:4:176409:225086,0.06093093752861023
rxn:4:191437:223280,0.06092606092754163
rxn:4:205205:228692,0.06086283294778121
rxn:4:188106:225178,0.06083710491657257
rxn:4:173723:227089,0.06083073786326817
rxn:4:191895:225436,0.06082419727159583
rxn:4:215324:225086,0.06081260334361683
rxn:4:192165:224088,0.06079817505983206
rxn:4:173723:225436,0.060793389876683555
rxn:4:176409:227303,0.06078158378601074
rxn:4:191975:222683,0.06077268362045288
rxn:4:176409:222683,0.06076255440711975
rxn:4:208435:224046,0.06075395987584041
rxn:4:195128:222803,0.06074013113975525
rxn:4:216413:224621,0.06070708686655218
rxn:4:174720:222980,0.06070415178934733
rxn:4:188207:224621,0.06069998264312744
rxn:4:193518:223054,0.06069257567005773
rxn:4:205401:222888,0.060687502225240074
rxn:4:174728:226576,0.060684791317692506
rxn:4:174721:222935,0.06068400825772967
rxn:4:183994:228683,0.06066707290452102
rxn:4:173723:227126,0.060649167214121134
rxn:4:191551:224617,0.0606416784800016
rxn:4:220020:228002,0.06063837585625825
rxn:4:208360:225532,0.06062665439787365
rxn:4:173723:222984,0.06061585148175557
rxn:4:205401:222451,0.06061284706510346
rxn:4:173723:225724,0.060609271128972374
rxn:4:173723:223002,0.06060444513956706
rxn:4:174728:223019,0.060597826327596395
rxn:4:173723:223354,0.06059731819011547
rxn:4:173723:227437,0.06058494533811297
rxn:4:195862:225098,0.0605843710899353
rxn:4:216463:223127,0.06057398319244385
rxn:4:211168:222449,0.0605251082667598
rxn:4:173723:225581,0.06049710909525553
rxn:4:173723:223399,0.060470402240753174
rxn:4:188104:228293,0.06047018578178004
rxn:4:193518:228306,0.060463669044630866
rxn:4:208199:223109,0.06046267151832581
rxn:4:174728:222973,0.06045741268566677
rxn:4:195517:222541,0.060454096794128415
rxn:4:175181:227297,0.06044071435928345
rxn:4:194456:228695,0.06043173789978027
rxn:4:196954:228683,0.060410261154174805
rxn:4:203639:228306,0.06039726046415476
rxn:4:174728:223146,0.060396803749932185
rxn:4:173723:228115,0.06039531694518195
rxn:4:213693:222969,0.0603630356490612
rxn:4:173723:222683,0.06035718953970707
rxn:4:195585:222864,0.06035138169924418
rxn:4:205160:223147,0.06034227779933384
rxn:4:203639:222859,0.06034000714619955
rxn:4:174721:222608,0.060319515966599985
rxn:4:205311:226088,0.060318532444181894
rxn:4:193518:223280,0.060316151586072196
rxn:4:205311:225436,0.060306229374625465
rxn:4:208360:227291,0.060304466046785056
rxn:4:195517:223128,0.0602972686290741
rxn:4:193518:225581,0.060296795060557705
rxn:4:188207:227892,0.060288137197494505
rxn:4:201699:226583,0.06028445305362824
rxn:4:173723:228570,0.060274954025561996
rxn:4:205160:223195,0.06027208864688873
rxn:4:205660:222980,0.060245778560638424
rxn:4:216463:227291,0.06024444103240967
rxn:4:192165:228091,0.06021740436553955
rxn:4:174728:228202,0.060194449424743654
rxn:4:194456:223398,0.06019132375717163
rxn:4:174728:229106,0.06014808364536451
rxn:4:193238:226130,0.060140018109922054
rxn:4:174720:227893,0.060134281714757286
rxn:4:202967:222604,0.06008524364895291
rxn:4:205160:224481,0.06008415917555491
rxn:4:193518:223400,0.06007531837180809
rxn:4:208362:223054,0.06007033302670434
rxn:4:173723:227078,0.060052137289728434
rxn:4:173723:226924,0.06004247282232557
rxn:4:194456:227291,0.06001985514605487
rxn:4:193131:228995,0.06001199245452881
rxn:4:174728:223122,0.06000245058978045
rxn:4:175181:223108,0.05999619227189284
rxn:4:187677:228103,0.059979934846201254
rxn:4:195517:224619,0.05994439125061035
rxn:4:216394:224619,0.05994106964631514
rxn:4:173723:223128,0.0599355502375241
rxn:4:176409:228543,0.059925929359767746
rxn:4:208435:225087,0.05990184098482132
rxn:4:211168:222529,0.05989184379577637
rxn:4:174682:226582,0.05986383328071007
rxn:4:208435:225178,0.0598554735382398
rxn:4:195777:222864,0.05983973326890365
rxn:4:173723:225456,0.05983050664265951
rxn:4:203724:228629,0.059824635982513426
rxn:4:173723:227046,0.059814235993794033
rxn:4:195777:225436,0.0597980645569888
rxn:4:205242:225581,0.05975819152334462
rxn:4:193238:223054,0.05975295177527836
rxn:4:176409:222592,0.0597406433474633
rxn:4:215324:223280,0.059727527593311514
rxn:4:174728:227657,0.05971875786781311
rxn:4:193131:223139,0.059698162407710635
rxn:4:213484:226331,0.05969363202651342
rxn:4:215327:227022,0.05968266098122848
rxn:4:173723:228548,0.059673845767974854
rxn:4:196954:222969,0.05965560913085938
rxn:4:191545:223197,0.05964961918917569
rxn:4:193518:227892,0.059645384550094604
rxn:4:174721:224864,0.059594690799713135
rxn:4:205205:225723,0.059583119724107826
rxn:4:174728:228210,0.059579527378082274
rxn:4:184063:223382,0.05957431947031329
rxn:4:174728:222431,0.05957231521606445
rxn:4:216463:222604,0.059561419486999514
rxn:4:173723:227230,0.0595588173185076
rxn:4:174720:227291,0.059556918144226076
rxn:4:174721:224973,0.05955645867756435
rxn:4:216470:226330,0.05955351144075394
rxn:4:174682:223170,0.05954629182815552
rxn:4:174720:223054,0.05953914810110022
rxn:4:174728:227337,0.059530723553437456
rxn:4:191551:225532,0.0595168670018514
rxn:4:193131:222983,0.05951281587282817
rxn:4:174728:223225,0.05950939426055321
rxn:4:209284:223227,0.05949410370418003
rxn:4:203639:225456,0.05949138772898707
rxn:4:208363:222583,0.059482455253601074
rxn:4:193131:225581,0.059461557865142824
rxn:4:216137:225723,0.05943996291006765
rxn:4:173723:227086,0.059430250099727085
rxn:4:211114:222608,0.05942072787068107
rxn:4:208435:222982,0.05941685386326002
rxn:4:191658:223350,0.059414025984312356
rxn:4:184063:225456,0.059395523632273954
rxn:4:203724:222969,0.05938723169524094
rxn:4:193518:224715,0.05930988716356682
rxn:4:173723:226828,0.05930832028388977
rxn:4:195296:224046,0.0593040386835734
rxn:4:192165:222592,0.059299998813205294
rxn:4:195862:222888,0.05929947137832642
rxn:4:188207:222431,0.05927809476852417
rxn:4:215324:222864,0.05927450006658381
rxn:4:195517:223108,0.05926380157470703
rxn:4:188106:222633,0.05925250511903029
rxn:4:174682:223359,0.059251646200815834
rxn:4:173723:227054,0.05920843780040741
rxn:4:220020:223351,0.059204951480582906
rxn:4:173723:223004,0.059202565749486284
rxn:4:176409:222846,0.05920088929789407
rxn:4:173723:227881,0.05917291729538529
rxn:4:173723:229005,0.05916717767715454
rxn:4:195862:224179,0.0591476007744118
rxn:4:205205:223146,0.05914520946415988
rxn:4:174728:226579,0.05913044567461367
rxn:4:201699:228140,0.059125431652726795
rxn:4:208255:222982,0.059122347831726076
rxn:4:174721:223176,0.05911482755954449
rxn:4:174728:224179,0.059059116148179575
rxn:4:208435:224179,0.05905240774154663
rxn:4:211114:224046,0.05904878888811384
rxn:4:208360:225436,0.05901068732852027
rxn:4:174728:226582,0.05899531090701068
rxn:4:205311:222633,0.058980073928833004
rxn:4:205205:223147,0.058967779983173714
rxn:4:174721:228130,0.05896299829085668
rxn:4:174721:222998,0.058945148079483596
rxn:4:174721:223119,0.058913776507744424
rxn:4:193238:222859,0.058905210988274934
rxn:4:195296:226088,0.05889865756034851
rxn:4:193518:227625,0.05888346556959481
rxn:4:195862:223381,0.058868090311686196
rxn:4:174728:223020,0.0588664710521698
rxn:4:193518:223130,0.058863075574239095
rxn:4:201699:223234,0.05885262091954549
rxn:4:203639:226990,0.05881521878419099
rxn:4:173303:223398,0.0587734842300415
rxn:4:173723:227056,0.05875962546893528
rxn:4:173723:226923,0.0587463134101459
rxn:4:202967:224619,0.058727269172668455
rxn:4:215324:225456,0.058724352291652133
rxn:4:205660:223147,0.058697208762168884
rxn:4:174721:222855,0.05869605924401965
rxn:4:220020:223109,0.05868109033025544
rxn:4:215347:223234,0.05867364532069156
rxn:4:208435:222859,0.05866710841655731
rxn:4:193131:228103,0.05864926620765969
rxn:4:193518:225436,0.05864450623912196
rxn:4:173723:227517,0.058639194284166606
rxn:4:219210:226458,0.05863916873931885
rxn:4:188207:226583,0.05862671678716486
rxn:4:203724:228621,0.05862482070922852
rxn:4:219210:225308,0.058619262995543306
rxn:4:203639:222592,0.058591587976975876
rxn:4:175181:223400,0.05857397162395975
rxn:4:173723:227320,0.058573901653289795
rxn:4:174728:227421,0.05856861517979549
rxn:4:191415:227689,0.058553822338581085
rxn:4:191658:225805,0.058550607074390755
rxn:4:214079:228794,0.05854960878690084
rxn:4:174721:223892,0.058541459421957695
rxn:4:188106:225436,0.058526526326718536
rxn:4:188207:228293,0.05852280557155609
rxn:4:194456:228683,0.05851053476333618
rxn:4:195585:225723,0.058507323265075684
rxn:4:216470:222451,0.05846058880841291
rxn:4:174721:229014,0.05844064192338423
rxn:4:174682:222604,0.058427383822779504
rxn:4:184096:223382,0.05841858639861598
rxn:4:175181:223350,0.058405729631582894
rxn:4:195585:224046,0.058357188334831826
rxn:4:174721:227923,0.05835180232922236
rxn:4:195704:228543,0.05834726634479705
rxn:4:173723:223268,0.05833721586636135
rxn:4:217925:222593,0.05833556859389595
rxn:4:205401:226583,0.05833092060956088
rxn:4:195585:223194,0.058294421150570826
rxn:4:208255:222980,0.05829034149646759
rxn:4:203724:228306,0.0582866003880134
rxn:4:174721:224884,0.058281523840768
rxn:4:205660:227023,0.058279312175253166
rxn:4:174721:225189,0.05827924609184265
rxn:4:174721:222529,0.05826088882261707
rxn:4:202967:225456,0.05825198733288309
rxn:4:174721:223001,0.058239243648670336
rxn:4:205205:228384,0.05823357105255127
rxn:4:193518:228092,0.0582325884274074
rxn:4:208362:227291,0.05821992221631502
rxn:4:174721:223141,0.058217722636002764
rxn:4:202967:223146,0.05821560187773271
rxn:4:176409:224617,0.05821193086689916
rxn:4:209284:228293,0.058192625641822815
rxn:4:174682:228621,0.05819140569023464
rxn:4:174728:228351,0.0581903076171875
rxn:4:213484:228560,0.05818216573624384
rxn:4:184063:222969,0.058181189438875985
rxn:4:193386:229006,0.0581501250465711
rxn:4:174828:227892,0.05814632028341293
rxn:4:173723:223139,0.058139137152967785
rxn:4:176409:228794,0.058134071204973305
rxn:4:188106:222529,0.05812409409770259
rxn:4:209284:222980,0.05811174019523289
rxn:4:174728:228608,0.05810969819625219
rxn:4:191895:222592,0.05809901378772877
rxn:4:208362:222693,0.05805176993211111
rxn:4:191437:225456,0.058022476377941314
rxn:4:215347:226330,0.05801813006401062
rxn:4:174728:223187,0.05801639733491121
rxn:4:193518:226331,0.0580119252204895
rxn:4:193131:224490,0.058007268235087395
rxn:4:193386:222982,0.05800225816923996
rxn:4:215320:223130,0.05798339325448741
rxn:4:188207:222529,0.05797437385276512
rxn:4:193131:225098,0.057973865539796894
rxn:4:174728:223079,0.0579680289540972
rxn:4:202967:227303,0.05796347629456293
rxn:4:174728:226331,0.057944001974882905
rxn:4:194456:222984,0.05794395454998674
rxn:4:195777:223108,0.0579305716923305
rxn:4:191975:228293,0.057924317686181316
rxn:4:173723:225547,0.05790013273557027
rxn:4:173723:226925,0.057876529438155036
rxn:4:191595:223197,0.05787621373715608
rxn:4:216394:225086,0.05786141895112537
rxn:4:173723:227364,0.05784877815416881
rxn:4:191263:223054,0.05782779921656069
rxn:4:183999:223279,0.057818587869405746
rxn:4:191263:224088,0.057814251918059126
rxn:4:191437:225098,0.05780936913056807
rxn:4:192165:228092,0.05778491199016571
rxn:4:215324:225087,0.057784015482122246
rxn:4:208252:223130,0.05778162102950247
rxn:4:174682:225178,0.057771378329821994
rxn:4:193238:228695,0.05775481959184011
rxn:4:174728:226338,0.05770016378826565
rxn:4:173723:222803,0.057699352502822876
rxn:4:191975:222541,0.05768960255842943
rxn:4:205242:226330,0.05768329176035794
rxn:4:173723:227924,0.05768159804520784
rxn:4:213484:223004,0.05767362117767334
rxn:4:194456:223054,0.05766644560057541
rxn:4:174721:228789,0.05766361433526744
rxn:4:173723:228585,0.05765025890790499
rxn:4:174728:227086,0.0576394062775832
rxn:4:173723:225178,0.05762056189198648
rxn:4:174721:222999,0.0576093903294316
rxn:4:174728:227638,0.05760262104181143
rxn:4:195755:226990,0.057599937915802
rxn:4:174721:222856,0.05759451857634953
rxn:4:174728:228206,0.05759120464324951
rxn:4:208363:222984,0.057581788017636255
rxn:4:191595:223147,0.057576688627401985
rxn:4:173723:223234,0.057567864656448364
rxn:4:215324:224617,0.05756018991055696
rxn:4:208255:224508,0.05755103176290339
rxn:4:205160:223892,0.05753694130824162
rxn:4:205205:222983,0.05753407271012016
rxn:4:193238:226330,0.05753231269341928
rxn:4:201699:223400,0.05748656179223742
rxn:4:208199:222529,0.057468657493591306
rxn:4:174728:223024,0.05744371669633048
rxn:4:205205:225098,0.057425243159135185
rxn:4:176409:223223,0.05741298675537109
rxn:4:208362:222980,0.057401606014796665
rxn:4:216394:222529,0.05738444626331329
rxn:4:202967:225086,0.057371137042840324
rxn:4:202967:227292,0.057370662689208984
rxn:4:173303:226990,0.05733595954047309
rxn:4:195296:222529,0.057330350875854495
rxn:4:174728:223071,0.057294417704854696
rxn:4:191595:227291,0.057291637296261994
rxn:4:193131:228097,0.05728406376308865
rxn:4:191895:225178,0.057237873474756874
rxn:4:205205:227292,0.05723220393771217
rxn:4:174728:222583,0.057221535593271255
rxn:4:174728:222608,0.05721373111009598
rxn:4:217925:222541,0.057213425636291504
rxn:4:174728:228173,0.05721176147460937
rxn:4:208199:222693,0.05720209081967672
rxn:4:211168:223227,0.05716700930344431
rxn:4:174721:223242,0.05716519594192505
rxn:4:215327:222583,0.05711848258972168
rxn:4:174728:222529,0.05709867179393768
rxn:4:195538:223002,0.05709160728888078
rxn:4:176409:228683,0.05707708130712095
rxn:4:195296:227023,0.057066384114717185
rxn:4:174728:228306,0.05706544876098633
rxn:4:205311:225723,0.057042029770937835
rxn:4:173723:227945,0.05704176094796923
rxn:4:191595:222529,0.05701993662735511
rxn:4:173723:227055,0.05700086163622992
rxn:4:174728:226427,0.05699958624663176
rxn:4:196952:227625,0.056997636090154236
rxn:4:173723:223240,0.05699557065963745
rxn:4:213484:225438,0.05698146104812622
rxn:4:174728:229135,0.05697463647178982
rxn:4:208363:224619,0.05697424515433933
rxn:4:208255:224046,0.05697230670763099
rxn:4:174721:224952,0.05696776509284973
rxn:4:195517:224481,0.05696032358252484
rxn:4:173723:228306,0.056958419305306894
rxn:4:195862:224481,0.05694896899736845
rxn:4:173723:223031,0.05692902406056722
rxn:4:216394:222451,0.056903754289333634
rxn:4:173723:227438,0.056902870535850525
rxn:4:215324:222693,0.056877916057904564
rxn:4:193518:225898,0.05687518658176545
rxn:4:192165:228293,0.0568657636642456
rxn:4:173723:228085,0.056862740604965774
rxn:4:174728:226424,0.05683679050869412
rxn:4:174728:227230,0.056806002671901994
rxn:4:174728:223039,0.056804461138589044
rxn:4:216394:224933,0.056777238845825195
rxn:4:174728:227656,0.056771271503888644
rxn:4:205660:228140,0.05676334554498846
rxn:4:214603:226843,0.05676164535375742
rxn:4:174728:227914,0.05675965309143066
rxn:4:208199:227023,0.056754460460261294
rxn:4:216586:222980,0.0567447922446511
rxn:4:174720:228140,0.05670126527547836
rxn:4:195517:227291,0.05669009058099044
rxn:4:174728:223027,0.05668898139681135
rxn:4:209284:222683,0.056669643292060264
rxn:4:174728:228002,0.056668968200683595
rxn:4:174721:227356,0.05666855812072754
rxn:4:191595:222683,0.05665376143796103
rxn:4:176409:228099,0.05665009220441183
rxn:4:174720:223279,0.05662185430526733
rxn:4:191595:227024,0.05660800700602324
rxn:4:173723:223468,0.05660099332982844
rxn:4:188207:225087,0.05660030742486318
rxn:4:174728:228178,0.056599726676940916
rxn:4:193238:227023,0.05658509181096004
rxn:4:216394:222984,0.056581640243530275
rxn:4:173723:229287,0.056577019069505775
rxn:4:193386:228695,0.05657528638839722
rxn:4:194456:226130,0.05656921224934714
rxn:4:174721:225098,0.05653569953782218
rxn:4:192165:223110,0.05650243434039029
rxn:4:173723:228550,0.05648656533314632
rxn:4:173723:228612,0.05642547057225154
rxn:4:174728:222864,0.05641136909353322
rxn:4:195517:222592,0.05640958309173584
rxn:4:193238:225456,0.05640605092048645
rxn:4:188207:228692,0.05639872425480893
rxn:4:195862:225438,0.056379303336143494
rxn:4:191551:224619,0.05637815365424523
rxn:4:220020:224301,0.056372967633334076
rxn:4:191895:224933,0.05636560916900635
rxn:4:173723:228979,0.05635909080505371
rxn:4:192165:222864,0.056354875365893044
rxn:4:174728:222470,0.05635039372877641
rxn:4:174728:223119,0.05633050865597195
rxn:4:215347:228140,0.05630053414238824
rxn:4:208252:222449,0.056297705723689154
rxn:4:208363:222633,0.05629737675189972
rxn:4:213484:223007,0.05628785133361816
rxn:4:193131:223031,0.056263744831085205
rxn:4:191975:224617,0.05626096328099569
rxn:4:202967:227024,0.056256498609270365
rxn:4:191595:222541,0.056225918490311194
rxn:4:173723:222888,0.056225278685169834
rxn:4:205660:222451,0.05621588999225247
rxn:4:209284:226130,0.05617806044491855
rxn:4:174728:228386,0.056170721054077145
rxn:4:211123:222431,0.056159111169668346
rxn:4:208435:222529,0.05615053795002125
rxn:4:188106:222683,0.05614373775628897
rxn:4:191551:224933,0.056136476993560794
rxn:4:195777:224617,0.056135560075441994
rxn:4:195296:222864,0.05612873760136691
rxn:4:205036:223007,0.05612766742706299
rxn:4:174728:223151,0.056098375055525035
rxn:4:174728:228455,0.05608818292617798
rxn:4:191658:223198,0.0560874879360199
rxn:4:174728:229226,0.056074811653657394
rxn:4:191595:222864,0.056039780378341675
rxn:4:191595:222888,0.05603321928244371
rxn:4:173723:223108,0.05602992403096166
rxn:4:173303:227892,0.0559899967450362
rxn:4:191618:225532,0.055967858204474814
rxn:4:173723:226915,0.055957922978060584
rxn:4:176409:222604,0.05595357187332645
rxn:4:174728:223443,0.05594874724097874
rxn:4:203639:227291,0.055946815896917274
rxn:4:174728:227470,0.05592306760641245
rxn:4:173303:226583,0.05590158062321799
rxn:4:174728:227232,0.05590154574467586
rxn:4:215320:222859,0.05589896202087402
rxn:4:208435:224080,0.0558858192884005
rxn:4:208199:224046,0.05587230622768402
rxn:4:205660:223234,0.055867405041404396
rxn:4:173723:227901,0.05586242234265363
rxn:4:193386:224621,0.05585644514329972
rxn:4:174728:226361,0.0558325449625651
rxn:4:216137:225532,0.05580297785420572
rxn:4:174728:228248,0.0557797122001648
rxn:4:201306:226843,0.0557750811179479
rxn:4:173723:227840,0.05577320743490149
rxn:4:216137:225581,0.055734478658245455
rxn:4:205242:226990,0.05572437956219628
rxn:4:217545:223382,0.05571579933166504
rxn:4:174682:222982,0.05571211267400671
rxn:4:191895:222593,0.05570858496206778
rxn:4:174721:224046,0.05570811629295349
rxn:4:174728:223224,0.05570527681937584
rxn:4:174721:225087,0.055695682764053345
rxn:4:216394:224617,0.05566605112769387
rxn:4:174721:228103,0.05566451698541641
rxn:4:174721:228608,0.05565381050109863
rxn:4:195517:222593,0.05564867496490478
rxn:4:192165:226088,0.05564850026910955
rxn:4:195128:226623,0.0556234365159815
rxn:4:208252:223197,0.05562155776553684
rxn:4:174728:228683,0.05559751888116201
rxn:4:175181:228693,0.05557184634001359
rxn:4:203639:226088,0.05555481144360134
rxn:4:208363:222888,0.05553808266466314
rxn:4:174728:229081,0.05551935797152312
rxn:4:201699:223421,0.055518578205789836
rxn:4:173723:227470,0.055517393563474925
rxn:4:195517:223194,0.055494029270975215
rxn:4:205311:228692,0.05547343360053168
rxn:4:173723:227300,0.05546973113502775
rxn:4:188197:222983,0.05545867151684231
rxn:4:195777:222608,0.055435811097805314
rxn:4:173723:228135,0.05542802369153058
rxn:4:174721:225456,0.05540817313724094
rxn:4:173303:227022,0.05539376647384078
rxn:4:220020:223279,0.05535434825079782
rxn:4:205401:228140,0.055350261926651004
rxn:4:174728:223007,0.0553485495703561
rxn:4:174728:228355,0.05533756017684936
rxn:4:174720:222984,0.05533562766181098
rxn:4:174721:223160,0.0553191602230072
rxn:4:192165:226330,0.05531055006113919
rxn:4:205311:223146,0.0552638570467631
rxn:4:173723:227302,0.0552485500063215
rxn:4:191618:222888,0.05523974586416174
rxn:4:195777:225098,0.05518708540045697
rxn:4:173723:228574,0.0551839883510883
rxn:4:216393:224046,0.055178165435791016
rxn:4:201699:223130,0.05516913052528135
rxn:4:194456:225532,0.055161373368624984
rxn:4:208252:226130,0.05516044717085989
rxn:4:173723:223138,0.05509244573527369
rxn:4:173723:228547,0.05505611804815439
rxn:4:201265:228530,0.05505289137363434
rxn:4:215327:222864,0.05504580790346319
rxn:4:173723:227972,0.054998949722007466
rxn:4:173723:228122,0.05499333805508084
rxn:4:195777:222449,0.054963860128607066
rxn:4:196952:223279,0.05495820356451947
rxn:4:205205:223398,0.05494459679252223
rxn:4:173723:227033,0.054883766387190135
rxn:4:174728:223138,0.054877923594580755
rxn:4:195704:223236,0.05485949697701827
rxn:4:188207:227303,0.0548579352242606
rxn:4:193131:228683,0.05484655270209679
rxn:4:191895:228091,0.05483128428459168
rxn:4:203724:226843,0.05481436848640442
rxn:4:208199:223130,0.05479975938796997
rxn:4:174682:223350,0.05479908982912699
rxn:4:175469:223350,0.05479784522737775
rxn:4:188207:223054,0.05475969936536706
rxn:4:174728:228697,0.05475747585296631
rxn:4:174721:226766,0.05474146971335778
rxn:4:208252:226088,0.05473040279589201
rxn:4:173723:227513,0.05472727758543832
rxn:4:216586:227291,0.05472041368484497
rxn:4:191551:223054,0.05471907059351603
rxn:4:193518:223170,0.054715688029925026
rxn:4:208033:222583,0.054709384441375734
rxn:4:176409:222541,0.05470563519385553
rxn:4:174721:223042,0.05469709193264997
rxn:4:205205:223130,0.0546526854688471
rxn:4:203639:225723,0.0546451210975647
rxn:4:193131:228092,0.05462531248728434
rxn:4:205192:222604,0.05461536407470703
rxn:4:191895:225723,0.05461031457652216
rxn:4:205401:228692,0.05460685177853233
rxn:4:173723:223382,0.05459180805418226
rxn:4:216470:226088,0.05458563566207886
rxn:4:173723:226916,0.054584816098213196
rxn:4:191618:222982,0.05457998009828421
rxn:4:191595:223127,0.05457222710053126
rxn:4:216470:222633,0.05453284333149592
rxn:4:214458:226843,0.05452993783083829
rxn:4:215324:222982,0.05452880972907657
rxn:4:173723:228126,0.054521509894618285
rxn:4:174721:223007,0.054518130090501576
rxn:4:187677:223382,0.054515919377726894
rxn:4:188104:223146,0.054500537259238105
rxn:4:174728:226166,0.05448237613395408
rxn:4:174728:228445,0.054471731185913086
rxn:4:174721:228002,0.05447015166282654
rxn:4:191895:224621,0.05446152687072754
rxn:4:174682:223110,0.054452295486743636
rxn:4:174728:226575,0.05444631753144441
rxn:4:208360:222980,0.054444892065865655
rxn:4:192165:228140,0.05444457232952118
rxn:4:208033:223147,0.05444054901599884
rxn:4:184065:222969,0.05439115622464348
rxn:4:173723:227958,0.0543859843854551
rxn:4:173723:228757,0.054384396626399115
rxn:4:213484:227303,0.054374404575513756
rxn:4:215320:226130,0.05437222771022631
rxn:4:174728:227070,0.05435362228980431
rxn:4:208435:225456,0.05433423622794773
rxn:4:191618:222864,0.05432226922776964
rxn:4:193518:228000,0.054321693522589545
rxn:4:205660:226583,0.05430906514326731
rxn:4:174728:228571,0.05425211042165756
rxn:4:220020:223421,0.05424796961821043
rxn:4:173723:227990,0.054237966184262874
rxn:4:191551:222982,0.05423144996166229
rxn:4:195517:225087,0.05421028624881397
rxn:4:173723:227003,0.05420605944735663
rxn:4:173723:223047,0.054186925292015076
rxn:4:193238:229006,0.05416548511256342
rxn:4:174728:223069,0.054146798593657355
rxn:4:205160:228695,0.05413340859942966
rxn:4:191658:223421,0.05411971939934625
rxn:4:208255:227023,0.054111083348592125
rxn:4:202851:223054,0.05409408609072367
rxn:4:173723:223131,0.05408102479474298
rxn:4:193131:224933,0.05406831156822943
rxn:4:173723:226921,0.05406193860939571
rxn:4:208252:225723,0.05405193567276001
rxn:4:174682:222541,0.05405129540351129
rxn:4:173723:227441,0.0540461391210556
rxn:4:190254:226843,0.054033760513578145
rxn:4:188106:222859,0.05400558064381281
rxn:4:195155:225724,0.053991797069708504
rxn:4:211123:222583,0.053989591805831245
rxn:4:195777:224481,0.053977919121583305
rxn:4:195862:222593,0.053975120186805725
rxn:4:215327:224621,0.053972233896670135
rxn:4:174728:223895,0.05395986884832382
rxn:4:194456:223195,0.053955285637466995
rxn:4:195585:223108,0.05393664674325423
rxn:4:213484:228693,0.053927509557633174
rxn:4:203617:227622,0.05392724224205675
rxn:4:184096:226843,0.05389523846762521
rxn:4:183994:226583,0.0538873840123415
rxn:4:188104:226583,0.05388267267317999
rxn:4:216470:224621,0.05387799895328024
rxn:4:174728:225087,0.05386994213893496
rxn:4:191551:226088,0.0538593141928963
rxn:4:208255:223130,0.05385911464691162
rxn:4:205401:226330,0.05385754867033525
rxn:4:176409:223007,0.05385318288096675
rxn:4:193518:222413,0.053848661225417566
rxn:4:174721:223895,0.053844771077555996
rxn:4:173723:227085,0.05383277152265821
rxn:4:173723:227010,0.053831527275698524
rxn:4:173723:227005,0.05382865880216871
rxn:4:195862:225178,0.05381303310394287
rxn:4:205205:225805,0.05377619681151017
rxn:4:173723:228701,0.05377618624613835
rxn:4:173723:227050,0.053773115788187296
rxn:4:174728:224619,0.053763703505198164
rxn:4:173723:228591,0.05375419900967525
rxn:4:175181:225724,0.05374663405948215
rxn:4:174728:226180,0.053738664697717736
rxn:4:202967:225723,0.05371540525685186
rxn:4:208435:227022,0.05371102832612537
rxn:4:216413:226088,0.053706118935032895
rxn:4:202851:226330,0.0536826693493387
rxn:4:174721:222449,0.05364345420490612
rxn:4:174728:229053,0.05363379613212917
rxn:4:174721:224179,0.05361302296320598
rxn:4:215327:223109,0.053608360886573794
rxn:4:196952:223382,0.05360664562745528
rxn:4:173723:227379,0.053605676761695316
rxn:4:216470:226130,0.05359743535518646
rxn:4:173723:227322,0.053591539817196984
rxn:4:174721:227286,0.05357522487640381
rxn:4:188207:223227,0.05357291584923154
rxn:4:193131:228000,0.05355992140593352
rxn:4:205160:228384,0.05355775983710038
rxn:4:188197:228692,0.05353771085324495
rxn:4:193143:228683,0.053518650077638175
rxn:4:187677:222969,0.053471204112557805
rxn:4:191263:223227,0.05346287999834333
rxn:4:174721:225432,0.05345797538757324
rxn:4:174721:222803,0.05345083516219567
rxn:4:176409:224508,0.05344812623385725
rxn:4:213484:223350,0.053448026830499824
rxn:4:191551:223110,0.05344674639079882
rxn:4:191975:222608,0.053442693673647367
rxn:4:191263:227291,0.05343320823851086
rxn:4:174728:223099,0.05342546318258558
rxn:4:174721:222915,0.053422819290842326
rxn:4:173723:229026,0.05341429710388183
rxn:4:193131:226623,0.05340812535121523
rxn:4:174721:222583,0.053397503591352896
rxn:4:195777:222592,0.05336632636877207
rxn:4:216137:228695,0.05334808208324291
rxn:4:175469:223421,0.053322143024868436
rxn:4:174728:223442,0.053319980268893036
rxn:4:194456:225178,0.053314344088236494
rxn:4:191545:223895,0.05331101587840489
rxn:4:205160:222983,0.053298215974460945
rxn:4:174721:228542,0.05328347371972125
rxn:4:191437:224617,0.05325811842213506
rxn:4:174682:222431,0.053250915863934684
rxn:4:191551:227291,0.05323324420235374
rxn:4:215324:223110,0.05320178270339966
rxn:4:195296:223130,0.05314158797264099
rxn:4:173723:228010,0.05314000447591146
rxn:4:175181:223198,0.05312192440032959
rxn:4:174721:222968,0.05311567253536648
rxn:4:195777:225532,0.05311353911053051
rxn:4:217925:222451,0.053102335929870605
rxn:4:174682:228683,0.053091142488562545
rxn:4:202967:224617,0.053064844608306884
rxn:4:174721:223002,0.05306002387294063
rxn:4:174728:228316,0.0530463433265686
rxn:4:193518:223386,0.05304218190056937
rxn:4:174721:223140,0.05303961497086745
rxn:4:173723:227504,0.0530366131237575
rxn:4:211114:222693,0.05301040978658767
rxn:4:188104:225098,0.05300207241721775
rxn:4:193143:222969,0.052986063957214356
rxn:4:205205:228695,0.052985900326779016
rxn:4:214647:226843,0.052976266101554585
rxn:4:192165:223421,0.05294440451421236
rxn:4:195704:226458,0.05292875599116087
rxn:4:191618:223197,0.052919271091620125
rxn:4:219210:226340,0.0529113632440567
rxn:4:191975:222864,0.052885252496470574
rxn:4:174720:226330,0.052880825904699474
rxn:4:195862:226330,0.052875026412632156
rxn:4:174720:223108,0.05285387314282931
rxn:4:195777:225086,0.05284953635671864
rxn:4:203639:225087,0.0528471569220225
rxn:4:205160:227303,0.05282694697380066
rxn:4:173723:228998,0.05279469728469849
rxn:4:174721:222864,0.05278747848102024
rxn:4:205205:227303,0.05278205871582031
rxn:4:173723:227497,0.052781258310590475
rxn:4:195538:227022,0.05276384055614471
rxn:4:215327:223147,0.052749013900756835
rxn:4:208252:227291,0.05273179875479804
rxn:4:205660:223109,0.05270381271839142
rxn:4:216413:222982,0.05264803171157837
rxn:4:211123:222451,0.05263351440429687
rxn:4:173723:227062,0.052622798298086436
rxn:4:193518:224736,0.05261872573332353
rxn:4:174728:223033,0.05260727022375379
rxn:4:203724:228608,0.05260002851486206
rxn:4:193386:225436,0.05258750915527344
rxn:4:174721:228384,0.052572508653004967
rxn:4:191595:224621,0.05256443995016592
rxn:4:191895:222431,0.05255674521128337
rxn:4:174728:226332,0.05252477416285762
rxn:4:195777:223139,0.05252320993514288
rxn:4:174728:226623,0.05251778938152172
rxn:4:205192:227303,0.052512363383644504
rxn:4:193518:224046,0.052510505213456994
rxn:4:191551:225087,0.05245008945465088
rxn:4:174728:222961,0.05243861036641257
rxn:4:173723:223201,0.052432223090103695
rxn:4:211701:228683,0.052423332866869475
rxn:4:201699:223360,0.052389847307369626
rxn:4:174728:229319,0.05238490445273263
rxn:4:205242:225436,0.05238109049589738
rxn:4:174721:227232,0.052380547523498536
rxn:4:195777:225438,0.052379423921758476
rxn:4:187677:227625,0.05237935110926628
rxn:4:208362:223234,0.0523738421891865
rxn:4:173723:229216,0.05236925184726715
rxn:4:202967:228384,0.05236877799034119
rxn:4:195517:227022,0.05235909788232101
rxn:4:193518:225805,0.05235092389968134
rxn:4:215324:223227,0.05232778505275124
rxn:4:201265:227893,0.052316503524780275
rxn:4:215320:225581,0.05231393873691559
rxn:4:208255:226130,0.05230920565755744
rxn:4:195777:222984,0.05228962681510232
rxn:4:191618:222583,0.05226921240488688
rxn:4:174721:227920,0.052251684168974556
rxn:4:192165:222431,0.05224761962890625
rxn:4:173723:223244,0.05224335619381496
rxn:4:173723:227060,0.05222030941929136
rxn:4:193386:226990,0.052220280523653385
rxn:4:219210:226188,0.05219364821910858
rxn:4:215324:224619,0.05218765010004458
rxn:4:195585:223054,0.05216857402221016
rxn:4:173723:227091,0.05215694861752646
rxn:4:174721:223223,0.05214004039764404
rxn:4:173723:223358,0.052109738190968834
rxn:4:192165:228803,0.052098329129971956
rxn:4:213484:223131,0.05208858599265417
rxn:4:174728:223004,0.052014129502432685
rxn:4:188207:225086,0.052012493213017784
rxn:4:174721:228167,0.0520118772983551
rxn:4:174728:227886,0.05199932098388672
rxn:4:205205:228293,0.05199722945690155
rxn:4:195517:225532,0.05199000381288074
rxn:4:173723:227245,0.05198242941073009
rxn:4:191551:227022,0.05198106440630826
rxn:4:193518:227292,0.051979595217211495
rxn:4:195585:222541,0.05197223910578975
rxn:4:194456:225436,0.05196356362309949
rxn:4:203639:228695,0.05195079326629639
rxn:4:195777:225087,0.05192511496336564
rxn:4:191415:226045,0.051913946866989136
rxn:4:174682:223031,0.05191208477373476
rxn:4:174682:227292,0.05190042495727539
rxn:4:174721:227040,0.051872177124023436
rxn:4:191545:224481,0.05187001595130333
rxn:4:174721:229053,0.05186218023300171
rxn:4:173723:227959,0.0518435173564487
rxn:4:214889:222683,0.05183344568525042
rxn:4:192165:228695,0.05181185665883516
rxn:4:193238:228543,0.05179798106352488
rxn:4:174721:228697,0.051794850307962166
rxn:4:205401:224617,0.05179166316986084
rxn:4:174721:225449,0.05176696733192161
rxn:4:205242:223194,0.051735849607558476
rxn:4:173723:226582,0.05170744246449964
rxn:4:195862:223146,0.05168361767478611
rxn:4:195296:223002,0.051677502336956206
rxn:4:198076:222470,0.05165105798970098
rxn:4:208360:223227,0.05164767252771478
rxn:4:194456:224933,0.051629247268040974
rxn:4:208435:223227,0.05162456773576282
rxn:4:173723:228117,0.051597279530984384
rxn:4:215324:223054,0.051583640632175264
rxn:4:174728:223266,0.05158232954832224
rxn:4:211123:224933,0.051580405235290526
rxn:4:188106:222593,0.0515439510345459
rxn:4:215320:226129,0.051542349483655846
rxn:4:203617:226340,0.051533446709314985
rxn:4:217545:223004,0.051521784984148465
rxn:4:188106:228683,0.05151250174171046
rxn:4:193131:223279,0.05150286001818521
rxn:4:173723:227026,0.05150214795555387
rxn:4:194456:223400,0.05149639844894409
rxn:4:188104:225723,0.05148534883152355
rxn:4:203639:225436,0.05146571274461417
rxn:4:193386:227892,0.051458959396068864
rxn:4:174721:227829,0.05143089095751444
rxn:4:211168:222592,0.051418242454528806
rxn:4:201699:228570,0.05140873949442591
rxn:4:191975:223147,0.05140268802642822
rxn:4:174728:228987,0.05139051053834998
rxn:4:209284:227022,0.05138585681007022
rxn:4:188106:222583,0.05137911770078871
rxn:4:191595:222984,0.05136103391647339
rxn:4:173723:225545,0.05136022369066874
rxn:4:208252:227023,0.05135813355445862
rxn:4:173723:227905,0.051324813454239455
rxn:4:195704:228803,0.051299505290530976
rxn:4:174720:226088,0.05129335018304678
rxn:4:209284:225532,0.05129032808801402
rxn:4:208360:226088,0.05127672553062439
rxn:4:208435:226583,0.051272674040360885
rxn:4:195128:224179,0.05126526493292589
rxn:4:174728:225584,0.051263228058815
rxn:4:208362:228293,0.05125208033455743
rxn:4:205242:226129,0.051251370798457756
rxn:4:211123:225532,0.05124862570511667
rxn:4:208360:225898,0.05122714950924828
rxn:4:191895:222451,0.0512068353850266
rxn:4:215320:226583,0.051163885904395065
rxn:4:192165:223359,0.051162582635879514
rxn:4:208435:222983,0.05112687919450843
rxn:4:205660:226844,0.051125697791576385
rxn:4:205660:222604,0.0511107311166566
rxn:4:208252:223234,0.051100184520085655
rxn:4:208252:227022,0.05107234915097555
rxn:4:173723:222592,0.05105174990261302
rxn:4:208252:222888,0.05103849513190133
rxn:4:205401:223227,0.051032639685131255
rxn:4:191895:223108,0.05103140527551824
rxn:4:195296:223197,0.05102550356011642
rxn:4:191618:227291,0.051013246178627014
rxn:4:205192:226330,0.050999236106872556
rxn:4:173723:227067,0.05097201147249767
rxn:4:189394:223279,0.05095283363176429
rxn:4:174721:224941,0.050951287150382996
rxn:4:173723:228684,0.05093908768433791
rxn:4:173723:226331,0.05093604531781427
rxn:4:191263:226583,0.05092518437992443
rxn:4:208362:225178,0.050906343893571335
rxn:4:173723:228559,0.05089125266441932
rxn:4:208363:222859,0.050883694128556686
rxn:4:174721:225581,0.05087581828788475
rxn:4:174721:226734,0.0508609780898461
rxn:4:191551:222451,0.05084712902704875
rxn:4:203639:223110,0.05084158267293658
rxn:4:195862:228692,0.05083172917366028
rxn:4:183999:222969,0.0508268720963422
rxn:4:214057:226330,0.05081716272979975
rxn:4:174721:222633,0.05080062945683797
rxn:4:208199:222604,0.050797734260559085
rxn:4:188197:226583,0.05077172242678129
rxn:4:173723:227371,0.05076207646301815
rxn:4:174721:223442,0.050667946988886055
rxn:4:194456:224621,0.050664942110738444
rxn:4:208601:223110,0.050664043944814934
rxn:4:205311:225087,0.05059876130974811
rxn:4:203639:226130,0.050594138247626166
rxn:4:174721:227070,0.050586700439453125
rxn:4:191618:222683,0.05057950677542851
rxn:4:203724:227929,0.050541309209970325
rxn:4:215324:223146,0.05053771436214447
rxn:4:174728:222413,0.05052649287077097
rxn:4:195517:225098,0.050464917312968864
rxn:4:215324:224933,0.05045855587179011
rxn:4:188106:222980,0.0504582783450251
rxn:4:174682:228560,0.05045786629552427
rxn:4:174721:229050,0.05045180700042031
rxn:4:205401:225723,0.05044481546982475
rxn:4:214057:228140,0.05044269561767578
rxn:4:195704:222969,0.05043787002563477
rxn:4:195862:226166,0.0504362272179645
rxn:4:193386:227291,0.05042796885525739
rxn:4:176409:228803,0.05041598237079123
rxn:4:208435:223054,0.05040413659551869
rxn:4:195585:222583,0.05038113947267885
rxn:4:195862:227303,0.05034541541879827
rxn:4:191437:223360,0.050336976846059166
rxn:4:194456:226583,0.05032209626265934
rxn:4:174721:223382,0.05031381050745646
rxn:4:208360:222604,0.050297818183898925
rxn:4:201699:223109,0.050297064165915215
rxn:4:203724:228530,0.05028062343597412
rxn:4:174728:228211,0.05019424438476563
rxn:4:174682:225581,0.05017385659394441
rxn:4:192165:224046,0.05016918365771954
rxn:4:193131:223223,0.05016126164368221
rxn:4:193131:227625,0.05014363782746451
rxn:4:191595:222982,0.050135865211486816
rxn:4:201699:228002,0.05012871376399336
rxn:4:205311:224481,0.05012103170156479
rxn:4:205036:223054,0.05009094715118408
rxn:4:205311:225898,0.050077703866091644
rxn:4:195704:223054,0.05007652759552002
rxn:4:174828:223400,0.05003940670386604
rxn:4:211168:222604,0.05003291845321655
rxn:4:194456:223108,0.05003077856131962
rxn:4:195296:223234,0.05002695008328086
rxn:4:195777:223895,0.04999395058705257
rxn:4:195862:228794,0.049986410140991214
rxn:4:173723:228865,0.04997951480058523
rxn:4:194456:226330,0.04997923970222473
rxn:4:174728:222683,0.04997650269539126
rxn:4:191595:222449,0.049974453064703175
rxn:4:208435:224621,0.049970874786376955
rxn:4:208360:222449,0.049964463269269024
rxn:4:174728:228352,0.04996112823486328
rxn:4:175181:223109,0.04995042314896217
rxn:4:193238:225436,0.049944162368774414
rxn:4:216413:226990,0.04991874429914686
rxn:4:173723:229147,0.04991265773773193
rxn:4:173723:228530,0.04990525887562679
rxn:4:216470:224046,0.049903069933255516
rxn:4:205160:227893,0.04989934595007645
rxn:4:205036:222969,0.04988022804260254
rxn:4:174721:226582,0.04987746706375709
rxn:4:173723:228698,0.04986617886103117
rxn:4:205242:228692,0.04985084031757556
rxn:4:211123:224619,0.04979197751908075
rxn:4:191437:225087,0.049772094596516
rxn:4:201699:228692,0.04975967960698264
rxn:4:205660:222683,0.04974815249443054
rxn:4:205242:225178,0.049746076265970864
rxn:4:201699:227303,0.04974457621574402
rxn:4:174682:228693,0.04974214667859285
rxn:4:203639:222864,0.04970851143201192
rxn:4:173723:228384,0.04969756250028257
rxn:4:214057:223054,0.04969227494615497
rxn:4:211168:222451,0.049689041243659124
rxn:4:195777:222593,0.049672177204718955
rxn:4:214889:223279,0.04966295957565307
rxn:4:191595:222593,0.049661644573869373
rxn:4:195517:224617,0.04965091788250467
rxn:4:174682:223147,0.0496319647018726
rxn:4:216393:222982,0.0496298760175705
rxn:4:191545:223054,0.04962652797500292
rxn:4:203724:227622,0.04962445850725527
rxn:4:201265:227892,0.049623459577560425
rxn:4:216394:224621,0.049599796533584595
rxn:4:195862:225087,0.0495814323425293
rxn:4:174728:227242,0.04956465042554415
rxn:4:216470:225436,0.04956100100562686
rxn:4:182497:222969,0.049552708864212036
rxn:4:192165:223054,0.04954419447028119
rxn:4:216394:223147,0.04953855589816445
rxn:4:194718:227023,0.04949931175478043
rxn:4:191618:227023,0.04947409282128016
rxn:4:174682:223045,0.04945643301363344
rxn:4:220020:223004,0.04942319591840108
rxn:4:205660:222859,0.04941652371333195
rxn:4:191895:224619,0.04938080072402954
rxn:4:174721:224881,0.04937455483845302
rxn:4:208360:223892,0.04935339450836182
rxn:4:194487:228140,0.049351337764944346
rxn:4:205660:222583,0.04933566882692535
rxn:4:195517:224933,0.04933317682959817
rxn:4:205160:224619,0.049330477913220726
rxn:4:208362:222604,0.04931361436843872
rxn:4:174728:222969,0.04929957219532558
rxn:4:216394:223110,0.04929217539335552
rxn:4:184063:226990,0.04929206520318985
rxn:4:195862:222541,0.04926795193127224
rxn:4:174721:222848,0.049260703580720086
rxn:4:195585:223197,0.049252388023194815
rxn:4:205059:226458,0.04924588402112325
rxn:4:184063:223236,0.04922916926443577
rxn:4:205660:223895,0.04920278335439748
rxn:4:174728:227040,0.0491985586973337
rxn:4:191658:223360,0.0491911486575478
rxn:4:174721:222852,0.04918248312813895
rxn:4:208033:223227,0.04918052020825838
rxn:4:205660:222693,0.04916981288364956
rxn:4:215347:223054,0.04915382180895124
rxn:4:193131:225178,0.049144541063616355
rxn:4:174721:226748,0.04913983665979826
rxn:4:203724:223382,0.04913655611184927
rxn:4:195585:225436,0.04911433872969254
rxn:4:174720:223130,0.049092613733731784
rxn:4:174721:228554,0.049087721368540886
rxn:4:195862:222449,0.04906646907329559
rxn:4:203724:227625,0.04904484748840332
rxn:4:205205:223031,0.04904460388681163
rxn:4:173723:223055,0.04902564982573191
rxn:4:195862:222683,0.04902257742705168
rxn:4:194456:227023,0.04900644664411192
rxn:4:174728:222915,0.04896606248000573
rxn:4:191437:222864,0.04896584153175354
rxn:4:205401:222864,0.04895338664452235
rxn:4:205064:222969,0.04892282962799072
rxn:4:208362:226583,0.048918908834457396
rxn:4:195517:223197,0.0489115087609542
rxn:4:205401:225087,0.048902615904808044
rxn:4:173723:225308,0.04889010998510545
rxn:4:208360:226330,0.04889002442359924
rxn:4:191975:223110,0.04885700203123547
rxn:4:173723:228601,0.048826245161203236
rxn:4:191551:223127,0.048818523469178574
rxn:4:174721:228598,0.0488056929215141
rxn:4:173723:228308,0.04878947911439119
rxn:4:203724:228140,0.04878362096272982
rxn:4:205160:225723,0.048776090145111084
rxn:4:195704:222846,0.04876736322274575
rxn:4:195296:227022,0.048756451983200874
rxn:4:203639:223400,0.0487553071975708
rxn:4:211123:222859,0.048752504587173465
rxn:4:205401:226990,0.048745141142890566
rxn:4:208363:223234,0.04873967170715332
rxn:4:217925:222604,0.048732814581497856
rxn:4:176409:228621,0.04872918647268544
rxn:4:193518:227914,0.04870838352612087
rxn:4:217962:226843,0.04869568347930908
rxn:4:216586:223234,0.04868074655532837
rxn:4:205242:223147,0.04867833310907537
rxn:4:174682:228092,0.0486641526222229
rxn:4:191551:225086,0.04866197943687439
rxn:4:188207:228140,0.048661726713180545
rxn:4:173723:227928,0.048642093384707416
rxn:4:174721:225553,0.048637209115204985
rxn:4:174682:222592,0.048631844982024164
rxn:4:173723:227991,0.04860844656273171
rxn:4:205205:225087,0.04860449333985647
rxn:4:208363:224046,0.048598227401574455
rxn:4:195862:225581,0.048580534756183624
rxn:4:193238:228140,0.04851608991622925
rxn:4:174728:227472,0.04851531523924608
rxn:4:192165:223895,0.04849900581218578
rxn:4:174721:228211,0.04849702616532644
rxn:4:176488:223421,0.04849620027975603
rxn:4:205311:223002,0.0484941303730011
rxn:4:192165:227303,0.04849197325252351
rxn:4:219210:229050,0.04849143964903695
rxn:4:174728:223041,0.04849014963422503
rxn:4:173723:222693,0.048484054478732025
rxn:4:174721:229147,0.04846910455010154
rxn:4:174682:223176,0.04839035180898813
rxn:4:191551:226330,0.04837888220082159
rxn:4:208033:225436,0.04835088763918195
rxn:4:193518:228987,0.04834519441311176
rxn:4:205242:226088,0.04832335222851147
rxn:4:173723:228526,0.04828135554607098
rxn:4:174721:223071,0.04825799111966734
rxn:4:216413:223234,0.048252258035871715
rxn:4:192165:224617,0.048230183124542234
rxn:4:203617:223421,0.04822859940705476
rxn:4:195862:228140,0.04822047551472982
rxn:4:205660:223195,0.048178260741026505
rxn:4:193518:228995,0.048167645931243896
rxn:4:217925:222529,0.04816704211027726
rxn:4:193518:225723,0.048157453536987305
rxn:4:174682:222529,0.04815321583901682
rxn:4:208362:223227,0.04813827652680246
rxn:4:195862:224088,0.04810609530519556
rxn:4:184065:223382,0.048104845708416354
rxn:4:174682:223234,0.048101253509521484
rxn:4:195585:222529,0.048099645861872924
rxn:4:174721:224088,0.04807082414627075
rxn:4:173303:228306,0.04806913779332088
rxn:4:173723:228216,0.04804758230845133
rxn:4:173723:227334,0.0480405656354768
rxn:4:208199:226088,0.048017489910125735
rxn:4:174682:228097,0.047976588209470115
rxn:4:176409:224621,0.04795365497983735
rxn:4:173723:229087,0.04793722152709961
rxn:4:208255:223110,0.047936091297551206
rxn:4:174682:225723,0.04793328488314593
rxn:4:201699:227292,0.04792003234227498
rxn:4:173723:228319,0.04791096404746727
rxn:4:191551:222683,0.04790428832725242
rxn:4:174721:224933,0.047897585800715854
rxn:4:205160:223146,0.04786997182028634
rxn:4:192165:223234,0.047853239945002964
rxn:4:195585:227892,0.047850102186203
rxn:4:195862:222803,0.04781946081381578
rxn:4:173723:229013,0.047819303274154665
rxn:4:205311:227893,0.047818158802233245
rxn:4:195128:223127,0.04780496250499378
rxn:4:195585:226130,0.04779649864543568
rxn:4:173723:227244,0.047791496983596256
rxn:4:211168:222593,0.0477840256690979
rxn:4:174721:222838,0.04778085010392325
rxn:4:194718:228103,0.0477806568145752
rxn:4:174728:227017,0.04774962938748873
rxn:4:205311:224617,0.04773010561863581
rxn:4:202309:223279,0.047697195783257484
rxn:4:191551:223895,0.047682221446718485
rxn:4:174682:223280,0.047640328407287595
rxn:4:216413:222984,0.04763875603675842
rxn:4:193238:225087,0.04762937282693797
rxn:4:211168:222608,0.04762205362319946
rxn:4:174728:227422,0.04761827450532179
rxn:4:211168:224046,0.04761142532030741
rxn:4:209284:227892,0.04760998487472534
rxn:4:188104:228692,0.047608640458848744
rxn:4:173723:227839,0.047590297681313974
rxn:4:174728:226128,0.04758143424987793
rxn:4:208435:228995,0.047579136159684926
rxn:4:174721:227230,0.047566919326782225
rxn:4:173723:226951,0.0475575498172215
rxn:4:216394:222608,0.047504144410292305
rxn:4:195704:223927,0.04749955493828346
rxn:4:195585:224619,0.04749811172485351
rxn:4:196952:226843,0.04747237761815389
rxn:4:195777:228091,0.04747186836443449
rxn:4:176409:223045,0.04747154315312704
rxn:4:191658:225898,0.04746578498320146
rxn:4:191437:225898,0.04744164716629755
rxn:4:195777:227023,0.047439634799957275
rxn:4:208435:223146,0.0474381609396501
rxn:4:193518:222529,0.04743389061519078
rxn:4:205660:222608,0.047409468683703195
rxn:4:208255:226330,0.04739389921489515
rxn:4:203639:225086,0.04737884203592936
rxn:4:174682:225532,0.04737554214618824
rxn:4:175181:223031,0.047375277236655904
rxn:4:193518:228097,0.04736618271895817
rxn:4:194456:225723,0.04736332235665157
rxn:4:193518:223279,0.04731090520990306
rxn:4:191417:226843,0.04730445384979248
rxn:4:216413:226130,0.04728825782474719
rxn:4:184063:226843,0.04728671998688669
rxn:4:175181:223382,0.04728050033251444
rxn:4:194718:223279,0.04727618925033077
rxn:4:188207:222451,0.04725677802644927
rxn:4:193238:224621,0.04725591739018758
rxn:4:192165:225178,0.047236921886603035
rxn:4:191975:225532,0.04722898656671697
rxn:4:211123:222864,0.04722707271575928
rxn:4:173723:227817,0.047227064768473305
rxn:4:174728:228548,0.047225569685300194
rxn:4:174721:228152,0.04720199853181839
rxn:4:208435:228570,0.047196306680378164
rxn:4:195862:227945,0.04719326325825283
rxn:4:192165:225456,0.04718375205993652
rxn:4:175181:223895,0.04714599732429751
rxn:4:216393:225532,0.047083204984664916
rxn:4:174728:223114,0.04707817898856269
rxn:4:188197:223398,0.04706756705823152
rxn:4:193518:228570,0.04706226896356653
rxn:4:201699:228543,0.04706143481390817
rxn:4:188106:227022,0.04706016608646938
rxn:4:174721:228621,0.04705539993617846
rxn:4:174720:226990,0.047030429840087894
rxn:4:174728:225808,0.04700368217059544
rxn:4:195128:223197,0.0470035643804641
rxn:4:176409:223895,0.04700241934868597
rxn:4:195777:228692,0.04700025584962633
rxn:4:205205:223400,0.046996813071401494
rxn:4:214458:226844,0.0469879616390575
rxn:4:195128:223128,0.04698460752313787
rxn:4:174728:227009,0.046975452166337237
rxn:4:208360:223170,0.04696609377861023
rxn:4:174721:223008,0.046952925346515795
rxn:4:174728:228507,0.04694704959789912
rxn:4:174728:227829,0.04694597721099854
rxn:4:201265:223227,0.04693026955311115
rxn:4:173723:228130,0.04692987159446434
rxn:4:193386:224933,0.04691712856292725
rxn:4:216586:226583,0.04691090186436971
rxn:4:188106:228140,0.046908825635910034
rxn:4:173723:227087,0.04690874580826078
rxn:4:173723:223142,0.04690484548437184
rxn:4:191595:222431,0.04690397530794144
rxn:4:173723:229290,0.04688558371170708
rxn:4:205242:227297,0.04687527247837612
rxn:4:174728:223221,0.046870371470084556
rxn:4:174728:227825,0.04686671257019043
rxn:4:184099:228570,0.046863310264818596
rxn:4:173723:228555,0.04686327393238361
rxn:4:216463:223280,0.046854270131964436
rxn:4:184063:223110,0.04684705264640577
rxn:4:202272:227622,0.04684690199792385
rxn:4:213484:227892,0.04683673652735623
rxn:4:173723:228579,0.0468122294315925
rxn:4:216463:225532,0.04680764107477097
rxn:4:194718:228683,0.046801020359170845
rxn:4:208363:226088,0.04679798483848572
rxn:4:208363:227022,0.04678357902326082
rxn:4:216470:222859,0.04674472863023931
rxn:4:188106:222431,0.046730196475982665
rxn:4:209284:222888,0.046729219456513725
rxn:4:195296:225532,0.04672048773084368
rxn:4:191412:226843,0.04671679019927979
rxn:4:193386:223130,0.04670840288911547
rxn:4:208435:225581,0.04670051906419837
rxn:4:205311:223421,0.046698000695970326
rxn:4:195777:224088,0.046695160865783694
rxn:4:174728:223174,0.046694397926330566
rxn:4:174721:228210,0.046689738829930626
rxn:4:173723:229203,0.04666487996776899
rxn:4:191895:228384,0.04666179716587067
rxn:4:215320:222984,0.046652654806772866
rxn:4:211114:222633,0.04664696114403861
rxn:4:183999:227303,0.04663790762424469
rxn:4:192165:223443,0.04661533567640516
rxn:4:191895:224617,0.04660475254058838
rxn:4:174682:222593,0.04659665784528179
rxn:4:217925:225178,0.04656713306903839
rxn:4:188104:223054,0.04656148227778348
rxn:4:194456:222592,0.04655510187149048
rxn:4:174728:227887,0.04655272245407104
rxn:4:174728:224617,0.04654811422030131
rxn:4:195777:225805,0.04650151458653537
rxn:4:176409:223442,0.04649652676148848
rxn:4:173723:228086,0.046494653931370485
rxn:4:193518:228099,0.0464887661593301
rxn:4:208033:222693,0.04648642738660177
rxn:4:214617:226843,0.04644131218945539
rxn:4:195128:226331,0.04639804634180936
rxn:4:195777:223421,0.04639349381128947
rxn:4:195538:226330,0.04637507029942104
rxn:4:195777:224619,0.046345832447210945
rxn:4:195862:222431,0.046337269967602145
rxn:4:214079:223279,0.04632389545440674
rxn:4:174721:228803,0.046309160149615745
rxn:4:191551:225098,0.0463047206401825
rxn:4:191551:222980,0.0462931344906489
rxn:4:173723:224046,0.04628720428004409
rxn:4:173723:228580,0.04628222836897923
rxn:4:216470:223108,0.04626358151435852
rxn:4:208435:224088,0.04625170964461107
rxn:4:191595:227022,0.046229178490846054
rxn:4:205660:225178,0.046221476334791914
rxn:4:195585:222982,0.04619468295055887
rxn:4:173723:227092,0.04616449028253555
rxn:4:175181:228621,0.0461591741313105
rxn:4:194487:229050,0.04612239622152769
rxn:4:174721:223443,0.04610525207086043
rxn:4:188104:227303,0.04609809517860412
rxn:4:215347:225581,0.04606589533033825
rxn:4:205064:228570,0.04606192736398606
rxn:4:195585:223227,0.04605412057467869
rxn:4:174728:227044,0.04599927480404194
rxn:4:191895:224088,0.04596859904435965
rxn:4:191975:223054,0.04595868695865978
rxn:4:173723:227116,0.04593290707894734
rxn:4:173723:229316,0.045911737110303795
rxn:4:205160:225087,0.04589623990266219
rxn:4:191415:228543,0.04589524458755146
rxn:4:191618:224933,0.04588041482148347
rxn:4:195517:227892,0.04584695895512899
rxn:4:195128:223054,0.04582050831421562
rxn:4:209284:228384,0.04581225514411926
rxn:4:174720:223045,0.045807456528698956
rxn:4:174728:225086,0.04578059911727905
rxn:4:193518:228103,0.04576184919902256
rxn:4:193518:225110,0.04576076194643974
rxn:4:205401:224619,0.04575997829437256
rxn:4:208435:223130,0.045752796259793366
rxn:4:215327:226990,0.04573668304242586
rxn:4:183994:223195,0.045716856756517966
rxn:4:195585:227291,0.045716291382199244
rxn:4:208435:225898,0.045702276022537895
rxn:4:211114:222859,0.045686379859321995
rxn:4:191551:223108,0.04566395023594732
rxn:4:173723:226340,0.0456538673104911
rxn:4:202272:223145,0.04564258636850299
rxn:4:174721:226340,0.045641229702876165
rxn:4:200174:226843,0.04561685140316303
rxn:4:188104:222604,0.045600057794497564
rxn:4:205311:228695,0.0455989572736952
rxn:4:195777:223398,0.045598632759518094
rxn:4:191595:222980,0.045587522983551024
rxn:4:174682:222683,0.04557340145111084
rxn:4:173723:227095,0.04553880223206112
rxn:4:173723:228011,0.0455059563672101
rxn:4:174728:227410,0.0454648297566634
rxn:4:174728:227139,0.045456333802296564
rxn:4:216393:226088,0.045454715427599456
rxn:4:173723:227082,0.04541123445544924
rxn:4:208033:222982,0.04540044069290161
rxn:4:174728:224736,0.04538890322049459
rxn:4:215347:226583,0.045383679866790774
rxn:4:174728:223251,0.04538187155356774
rxn:4:208363:227892,0.04537899295488993
rxn:4:194487:223227,0.04536864521174595
rxn:4:205401:224621,0.045341262817382814
rxn:4:208360:226583,0.045341140031814574
rxn:4:208033:223108,0.04533451497554779
rxn:4:208601:223398,0.04533230364322662
rxn:4:205660:228178,0.045330416072498665
rxn:4:191595:223128,0.04529688755671183
rxn:4:203811:226843,0.04529673499720437
rxn:4:208360:222982,0.04527556328546433
rxn:4:216413:222888,0.0452729860941569
rxn:4:191618:225087,0.04522666114347952
rxn:4:173723:222608,0.04521320672596202
rxn:4:193386:227023,0.04521033278218022
rxn:4:193238:224933,0.045201576989272546
rxn:4:173723:224995,0.04520003257259246
rxn:4:194456:225087,0.04518842299779256
rxn:4:183994:223421,0.04517734667350506
rxn:4:205192:227292,0.0451760354794954
rxn:4:174728:227093,0.0451743144255418
rxn:4:173723:228595,0.04517020399753864
rxn:4:174728:227060,0.045158555874457725
rxn:4:191595:225805,0.0451509952545166
rxn:4:173723:227969,0.04513431368050752
rxn:4:216463:223054,0.045127976508367626
rxn:4:193518:223007,0.04512656407971536
rxn:4:216470:227291,0.04512555034537064
rxn:4:191618:222541,0.04508662720521291
rxn:4:173723:228697,0.04508247283788828
rxn:4:195585:225805,0.04507885678954746
rxn:4:201699:223146,0.04507785843264672
rxn:4:215320:222529,0.04507128255707877
rxn:4:173723:227015,0.0450480580329895
rxn:4:173723:227920,0.04504419476897628
rxn:4:205311:228683,0.04503207074271308
rxn:4:176409:224481,0.045017472628889416
rxn:4:174728:223049,0.04500294157436916
rxn:4:173723:228593,0.04499531021484962
rxn:4:205401:227303,0.04498753661201114
rxn:4:205401:223108,0.044964243065227165
rxn:4:191975:226330,0.04495683596247718
rxn:4:205160:225456,0.04495434327559038
rxn:4:215347:228293,0.04491710331704882
rxn:4:191618:223421,0.044876846400174225
rxn:4:195704:225805,0.0448662257194519
rxn:4:173723:222541,0.04486109754618477
rxn:4:191618:226330,0.0448559832572937
rxn:4:209284:223421,0.044829801509254856
rxn:4:195777:227303,0.04482244849205017
rxn:4:193238:225178,0.04481100419472004
rxn:4:195777:222969,0.04480498487299139
rxn:4:174728:227007,0.04480076294678908
rxn:4:173723:228786,0.0447750985622406
rxn:4:174682:222449,0.044759847901084206
rxn:4:174728:223158,0.04473750900339197
rxn:4:188207:223146,0.04472645846280185
rxn:4:216394:222859,0.04470659153802054
rxn:4:188207:223234,0.04470122144335792
rxn:4:174682:227024,0.044676434993743894
rxn:4:191437:223146,0.04464362263679504
rxn:4:208252:225436,0.04463312029838562
rxn:4:194487:228962,0.0446025249030855
rxn:4:174721:223266,0.044585065841674806
rxn:4:173723:223266,0.0445823318191937
rxn:4:173723:226458,0.044570487121055866
rxn:4:174721:224080,0.04455479184786479
rxn:4:211179:223139,0.044520808590783015
rxn:4:220020:227004,0.04451257416180202
rxn:4:211114:224619,0.0444902241230011
rxn:4:188197:228103,0.044452538092931114
rxn:4:192165:224619,0.04444627046585083
rxn:4:194456:227893,0.04444118187977718
rxn:4:216470:227022,0.04443850329047755
rxn:4:174728:223382,0.044404034614562986
rxn:4:203617:222846,0.044370400719344616
rxn:4:195777:226330,0.04436583746047247
rxn:4:209284:225178,0.044359599550565086
rxn:4:217545:223360,0.044354096702907395
rxn:4:217925:224046,0.04435024478218772
rxn:4:211114:222451,0.044343844056129456
rxn:4:191551:222984,0.04433374231060346
rxn:4:191658:227303,0.04433268010616302
rxn:4:216586:225178,0.04431977479354195
rxn:4:217962:226844,0.044319748878479004
rxn:4:213484:228692,0.04431182429904029
rxn:4:214728:228683,0.044307584762573245
rxn:4:192165:225898,0.04430384221284286
rxn:4:202851:226990,0.04426251216368242
rxn:4:188106:223130,0.04425466060638428
rxn:4:205036:223145,0.044232221941153206
rxn:4:174721:228129,0.044205511609713234
rxn:4:215327:223130,0.04419738352298737
rxn:4:193518:226458,0.044192171096801756
rxn:4:205205:223443,0.04418879747390747
rxn:4:208199:226330,0.044166678190231325
rxn:4:173303:223197,0.044144904171978985
rxn:4:174728:224481,0.044144876797993976
rxn:4:184065:226843,0.044137159983317055
rxn:4:174728:228367,0.044131932258605955
rxn:4:211123:222888,0.044130316376686095
rxn:4:216393:222693,0.04412099589472231
rxn:4:217926:223566,0.04412031632203322
rxn:4:216463:223227,0.0441175009074964
rxn:4:174728:229016,0.04409572870835014
rxn:4:174682:225098,0.044095445956502645
rxn:4:191895:223127,0.04407348416068337
rxn:4:195296:223128,0.04405179172754288
rxn:4:213484:228091,0.04404334588484331
rxn:4:208199:225436,0.044040924026852564
rxn:4:176409:223156,0.04403903851142296
rxn:4:174728:226164,0.04400631233497902
rxn:4:174721:228178,0.04398086667060852
rxn:4:217545:228002,0.04395565520162168
rxn:4:215324:225436,0.04395204924401783
rxn:4:215347:222604,0.0439397931098938
rxn:4:195517:223054,0.04393844377426874
rxn:4:174682:222888,0.04393732760633741
rxn:4:175181:223197,0.04392656564712524
rxn:4:174721:225086,0.04392035518373762
rxn:4:184063:228692,0.043910141785939535
rxn:4:205205:225086,0.04390070835749308
rxn:4:193131:225086,0.043877630464492307
rxn:4:216463:225178,0.043869181112809616
rxn:4:187677:228995,0.043862038645251046
rxn:4:192165:222608,0.04385980411812111
rxn:4:209284:223054,0.04385658450748609
rxn:4:205205:228140,0.04385354220867157
rxn:4:174721:223255,0.043811278343200685
rxn:4:205401:223421,0.04380724304600766
rxn:4:195585:227022,0.04378019060407366
rxn:4:192165:225436,0.04375660160313482
rxn:4:202988:226843,0.04374598420184592
rxn:4:191975:224619,0.043727959195772804
rxn:4:208360:223054,0.04372112807773408
rxn:4:193238:222864,0.04370187479874183
rxn:4:174728:227227,0.04369558737828182
rxn:4:216586:223227,0.04369035959243774
rxn:4:208362:226088,0.04367457330226898
rxn:4:195862:228092,0.04366953174273173
rxn:4:188106:223227,0.04366901800746009
rxn:4:174728:227004,0.0436622087772076
rxn:4:220020:226843,0.04365354673615817
rxn:4:191595:225178,0.043647245718882635
rxn:4:174728:228803,0.043637668093045555
rxn:4:217925:225532,0.04360759258270264
rxn:4:184063:228693,0.04360345602035522
rxn:4:211701:226843,0.04359965974634344
rxn:4:202851:225724,0.04358195513486862
rxn:4:183999:227929,0.04356765362524217
rxn:4:205205:225898,0.04355265264925749
rxn:4:216393:222449,0.043545473080414995
rxn:4:195296:222608,0.043536744117736816
rxn:4:174682:223156,0.043510450766636774
rxn:4:174728:223699,0.04349411936367259
rxn:4:195862:226583,0.04349295989326809
rxn:4:204375:226340,0.0434722105662028
rxn:4:203639:225098,0.04346901774406433
rxn:4:215327:227291,0.043455926995528374
rxn:4:174720:223223,0.04345231533050537
rxn:4:192165:225098,0.043436214327812195
rxn:4:209284:222982,0.04342217030732528
rxn:4:174728:223148,0.04342068124700476
rxn:4:205160:224508,0.04341424877444903
rxn:4:208252:225532,0.04340711534023285
rxn:4:174682:222583,0.043405509764148344
rxn:4:174721:223699,0.043396698706077805
rxn:4:205660:225436,0.043390321731567386
rxn:4:195296:222980,0.04335745743342808
rxn:4:216470:223130,0.04335696399211884
rxn:4:216413:227291,0.04333189460966322
rxn:4:188106:222608,0.04332410406183313
rxn:4:216393:223130,0.04329618654753033
rxn:4:191551:225581,0.04329282293717066
rxn:4:188104:222983,0.04327113249085166
rxn:4:189394:228103,0.043263438073071564
rxn:4:184063:227892,0.04323688245588733
rxn:4:195704:226583,0.04320854445298513
rxn:4:216394:223109,0.04320273901286878
rxn:4:191618:223108,0.043200161457061764
rxn:4:188106:224617,0.04319224834442139
rxn:4:205192:227893,0.043178829881880015
rxn:4:193131:228002,0.04317821838237621
rxn:4:205064:225308,0.04317449721006247
rxn:4:195296:222984,0.04314949398949033
rxn:4:214889:224508,0.043130252291174495
rxn:4:214728:226844,0.043118174586977275
rxn:4:195862:222969,0.0430832306543986
rxn:4:191895:225098,0.04308260232210159
rxn:4:203639:224619,0.043064150118058725
rxn:4:174728:225829,0.04306165874004364
rxn:4:174728:226458,0.04304777251349555
rxn:4:191551:223234,0.043044865131378174
rxn:4:174721:228306,0.043008352319399513
rxn:4:173723:227304,0.042996342693056376
rxn:4:193238:227292,0.04299531074670645
rxn:4:208252:223227,0.042980965640809804
rxn:4:214079:228570,0.04295112440983454
rxn:4:195862:223234,0.042930223725058815
rxn:4:215320:225438,0.04292517900466919
rxn:4:215320:222982,0.04290666182835897
rxn:4:195296:226583,0.04289357364177704
rxn:4:174728:228962,0.042888715863227844
rxn:4:195862:225318,0.04287577629089356
rxn:4:174721:224619,0.04287181229426943
rxn:4:175181:228103,0.04286759595076243
rxn:4:202272:228803,0.0428524374961853
rxn:4:188207:223280,0.04283247959046137
rxn:4:175181:228099,0.04282271862030029
rxn:4:211123:222980,0.042818972938939145
rxn:4:174728:229288,0.042772798311142696
rxn:4:174682:222633,0.04276465177536011
rxn:4:174720:223396,0.04276098894036334
rxn:4:194487:226843,0.0427566001812617
rxn:4:194456:228543,0.042749168872833254
rxn:4:195585:226330,0.042746901512145996
rxn:4:216394:222583,0.04274053871631622
rxn:4:216393:222984,0.04271811246871948
rxn:4:195777:223234,0.042715027928352356
rxn:4:191595:228384,0.04270379651676525
rxn:4:183940:223279,0.042689355090260506
rxn:4:219210:228697,0.04267159646207636
rxn:4:193238:228570,0.04264788577953974
rxn:4:205192:223280,0.042634703611072744
rxn:4:193238:222980,0.04263370377676828
rxn:4:192165:222888,0.04262600590785345
rxn:4:193386:223110,0.04261821508407593
rxn:4:195517:225086,0.042561877857555046
rxn:4:191895:228692,0.04253364236731278
rxn:4:191551:222431,0.04251673721498059
rxn:4:191595:222608,0.042483268112971866
rxn:4:205660:226361,0.042477358132600784
rxn:4:208252:222984,0.04247358441352844
rxn:4:205311:223045,0.042458165775645866
rxn:4:174728:225545,0.04240491560527256
rxn:4:174721:222683,0.042394280433654785
rxn:4:191595:224617,0.04239201104199445
rxn:4:195453:226340,0.04238577525724064
rxn:4:208199:223234,0.04237872048428184
rxn:4:220020:226583,0.042376027025025464
rxn:4:191551:228384,0.04233481770470029
rxn:4:208363:223195,0.04232773027921978
rxn:4:214057:223279,0.042316071448787566
rxn:4:195128:226990,0.04231422004245576
rxn:4:217545:222803,0.04230123784925256
rxn:4:174728:227363,0.042300641536712646
rxn:4:195704:228002,0.04228613390163942
rxn:4:174728:227341,0.0422788537465609
rxn:4:195538:228091,0.042275704835590566
rxn:4:173723:223927,0.04226110700298758
rxn:4:195128:223382,0.04225422143936157
rxn:4:193518:222983,0.04222956011372228
rxn:4:191618:222984,0.04219363285945012
rxn:4:173723:227256,0.042187786528042386
rxn:4:208199:227291,0.04218575515245136
rxn:4:216470:222982,0.0421531597773234
rxn:4:188106:223234,0.042148709297180176
rxn:4:201265:224715,0.0421350821852684
rxn:4:208199:222980,0.04213020063581921
rxn:4:173723:229069,0.04212802410125732
rxn:4:174721:227332,0.04209781169891357
rxn:4:174721:226166,0.04209074148764977
rxn:4:173723:228728,0.042089915046325095
rxn:4:195128:223195,0.04207783653622582
rxn:4:176409:227914,0.042056381702423096
rxn:4:195538:223227,0.04204612076282501
rxn:4:191551:223130,0.04204534447711447
rxn:4:214062:223170,0.04204415733164007
rxn:4:195862:228103,0.042011811619713194
rxn:4:211114:222583,0.04199489680203525
rxn:4:173723:223145,0.041962600987533044
rxn:4:193518:223219,0.04193226736167382
rxn:4:174728:222986,0.04192127713135311
rxn:4:187677:222846,0.041913379728794095
rxn:4:174728:223386,0.04190826892852783
rxn:4:195862:225308,0.041896007657051086
rxn:4:173723:223384,0.04189018187699495
rxn:4:203036:226843,0.04188129034909335
rxn:4:183940:228570,0.041880849997202554
rxn:4:205401:222604,0.04187674875612612
rxn:4:173723:229019,0.04187223434448242
rxn:4:195862:226458,0.041866040748098625
rxn:4:191658:222983,0.04186502911827781
rxn:4:176409:228092,0.04184471815824509
rxn:4:174728:228560,0.04181261360645294
rxn:4:174721:222913,0.041777887514659336
rxn:4:187677:226843,0.04176141998984597
rxn:4:208252:222982,0.0417381763458252
rxn:4:174720:227292,0.04173122644424439
rxn:4:215324:225581,0.04171066624777658
rxn:4:208363:224621,0.04169291517008906
rxn:4:191975:223227,0.041679096221923825
rxn:4:174682:225456,0.041678569934986254
rxn:4:208601:227892,0.0416754995073591
rxn:4:215327:226088,0.04167076349258423
rxn:4:215327:224046,0.04166692495346069
rxn:4:191658:228384,0.04164325563531173
rxn:4:174728:223201,0.04164311977533194
rxn:4:195296:223127,0.0416413351893425
rxn:4:205192:225898,0.04161949952443441
rxn:4:201699:228695,0.04161072415964944
rxn:4:188207:223421,0.04160951940636886
rxn:4:215338:226843,0.04160822005498977
rxn:4:208363:225456,0.04160312527701968
rxn:4:193518:228742,0.04158329963684082
rxn:4:208363:227291,0.04156595782229775
rxn:4:201265:228693,0.04156386355559031
rxn:4:194456:223146,0.04154991252081735
rxn:4:174721:227914,0.04153996706008911
rxn:4:191975:223234,0.04151738882064819
rxn:4:191551:223421,0.04150391817092895
rxn:4:187677:226623,0.04146121306852861
rxn:4:174682:228000,0.0414602259794871
rxn:4:195704:225308,0.0414543584562265
rxn:4:216137:225436,0.041452242482093074
rxn:4:217545:227023,0.041440474490324654
rxn:4:191551:222593,0.04143502350364413
rxn:4:205660:226330,0.041416523357232414
rxn:4:191618:228306,0.04140525019687155
rxn:4:188106:223054,0.04140431207159291
rxn:4:193143:223566,0.04139573127031326
rxn:4:208033:222984,0.04136769544510614
rxn:4:193131:223219,0.04135561840874808
rxn:4:205205:227024,0.04135502520061675
rxn:4:196954:228306,0.04132019118829207
rxn:4:195155:228570,0.04130870997905731
rxn:4:194487:228695,0.041308529399059435
rxn:4:173723:229221,0.041290840754906334
rxn:4:213484:225724,0.041287285089492795
rxn:4:214079:228803,0.041261320312817894
rxn:4:195862:222592,0.04125870764255524
rxn:4:188197:223382,0.0412502388159434
rxn:4:195755:228306,0.04124864151603297
rxn:4:208363:222529,0.0412314772605896
rxn:4:174721:222541,0.04121482756830031
rxn:4:195862:228293,0.04121015753064837
rxn:4:208362:226330,0.04120701551437378
rxn:4:208360:225581,0.04120317811057681
rxn:4:183994:223382,0.041122162342071535
rxn:4:213484:222846,0.041119188643418826
rxn:4:214889:228570,0.041062175163200924
rxn:4:173723:229011,0.04105079174041748
rxn:4:217545:223927,0.04105071624120076
rxn:4:191595:226330,0.04104658216238022
rxn:4:195585:225532,0.041003569312717605
rxn:4:191415:223219,0.04099395374457041
rxn:4:173723:222412,0.04098695729460035
rxn:4:205192:223198,0.040965638662639414
rxn:4:195862:228002,0.04095990459124247
rxn:4:216413:225436,0.040947559475898745
rxn:4:202309:223170,0.04092023770014445
rxn:4:183994:226843,0.04091557674109936
rxn:4:174728:224080,0.040914200967358004
rxn:4:176409:228306,0.04089568058649699
rxn:4:195517:222449,0.04088812404208713
rxn:4:174682:228995,0.04088506373492154
rxn:4:215327:225087,0.04086738553914157
rxn:4:191895:226843,0.040864662690596146
rxn:4:195704:227297,0.04085247024245884
rxn:4:193518:224617,0.040797764604741875
rxn:4:201265:228570,0.04079660773277283
rxn:4:201699:227893,0.04078597652501073
rxn:4:173723:229050,0.04078525543212891
rxn:4:191595:228091,0.04076844724741849
rxn:4:191895:228092,0.04076739251613617
rxn:4:195862:229262,0.040754135284158916
rxn:4:193518:222608,0.04074304870196751
rxn:4:193143:226843,0.04072157541910807
rxn:4:205036:223004,0.04070912599563599
rxn:4:205192:223219,0.04070433817411724
rxn:4:193238:227303,0.04070055026274461
rxn:4:216470:223227,0.04067794900191458
rxn:4:193131:228987,0.04063831806182861
rxn:4:195128:228962,0.040577405377438196
rxn:4:188197:223002,0.04052442091482657
rxn:4:213484:225378,0.04052340296598581
rxn:4:183999:222846,0.04052119297640664
rxn:4:205660:222888,0.04050777967159565
rxn:4:217545:222969,0.040495132024471574
rxn:4:205401:228293,0.040495046973228456
rxn:4:213693:223279,0.0404849648475647
rxn:4:174721:228513,0.04044390761333963
rxn:4:174728:226592,0.040435345084578904
rxn:4:193386:226130,0.0404179436819894
rxn:4:174682:228091,0.0404039149483045
rxn:4:174721:227834,0.04037986695766449
rxn:4:194718:223109,0.04036655090749264
rxn:4:205160:224617,0.04035604993502299
rxn:4:175181:222925,0.04033115080424717
rxn:4:174728:223145,0.04031399444297508
rxn:4:208252:223127,0.04031197648299368
rxn:4:201265:228692,0.04030785212914149
rxn:4:216470:225456,0.04030594939277286
rxn:4:188106:224933,0.04030578210949898
rxn:4:188207:225456,0.040299933889637825
rxn:4:205192:223031,0.04029699450447446
rxn:4:191895:228629,0.040294153125662556
rxn:4:191895:223398,0.0402861802201522
rxn:4:173723:229341,0.04026899825442921
rxn:4:203724:228178,0.04026477611981905
rxn:4:195704:228178,0.0402514399452643
rxn:4:195517:226330,0.040248119831085206
rxn:4:173723:223892,0.040245806469636804
rxn:4:194718:228293,0.040241920948028566
rxn:4:173723:223466,0.04021527821367437
rxn:4:174721:223177,0.04021371557162358
rxn:4:174720:227024,0.040210468769073485
rxn:4:184099:228692,0.040197874560500634
rxn:4:174721:223196,0.04019669771194458
rxn:4:173723:229219,0.04017257193724314
rxn:4:193238:225581,0.04016373412949698
rxn:4:195862:222980,0.04016165932019552
rxn:4:174728:223927,0.040155984461307526
rxn:4:205311:225086,0.04013703957847927
rxn:4:188197:225595,0.04011407494544983
rxn:4:193131:228570,0.040088575619917646
rxn:4:191551:228099,0.04008668661117554
rxn:4:208362:225532,0.04007447333562942
rxn:4:174728:223026,0.04005918758256095
rxn:4:220020:227945,0.040058915261869076
rxn:4:174728:223892,0.04005437344312668
rxn:4:173723:228600,0.040047906912290133
rxn:4:215320:225723,0.04004254192113876
rxn:4:195755:223892,0.04003543578661405
rxn:4:193518:228002,0.04003543300288064
rxn:4:218802:228683,0.0400350136416299
rxn:4:191895:225086,0.04002631704012553
rxn:4:215324:222604,0.03999914765357971
rxn:4:208255:225581,0.03998807668685913
rxn:4:215327:227023,0.039965340965672544
rxn:4:191895:223128,0.03993310711600564
rxn:4:195296:223108,0.0399272233247757
rxn:4:215324:227303,0.03992356438385813
rxn:4:174728:228000,0.03989826202392578
rxn:4:173723:222859,0.03985985056046517
rxn:4:174720:225178,0.039849313242094855
rxn:4:173723:222413,0.039846686380250115
rxn:4:211168:222864,0.0398452336137945
rxn:4:191551:227892,0.03983596960703532
rxn:4:217925:222431,0.03983553556295542
rxn:4:214889:223054,0.03982264641672373
rxn:4:184096:227022,0.03979673455743229
rxn:4:191551:222888,0.03977959394454956
rxn:4:201265:228293,0.03977048873901367
rxn:4:191595:228140,0.03976795348254117
rxn:4:188106:222592,0.0397496223449707
rxn:4:195155:223227,0.0397466854615645
rxn:4:193518:223350,0.03971901748861585
rxn:4:205660:223892,0.03971444327255775
rxn:4:216413:225532,0.03970911204814911
rxn:4:193386:227022,0.03970634937286377
rxn:4:198076:228306,0.03968663215637207
rxn:4:173723:227327,0.03967844056231635
rxn:4:174720:228099,0.039647633830706276
rxn:4:195862:226129,0.03963983965956647
rxn:4:194718:222969,0.039637440984899346
rxn:4:174728:226844,0.03963431826344243
rxn:4:188106:222541,0.0396340599766484
rxn:4:194456:223279,0.039610332912868924
rxn:4:188197:223421,0.0395666153534599
rxn:4:193518:223146,0.03955105741818746
rxn:4:216393:225178,0.03953524430592855
rxn:4:192165:223108,0.03951104933565313
rxn:4:193386:226583,0.03950133068220956
rxn:4:173723:228136,0.03949934906429715
rxn:4:208199:222982,0.03948821056456793
rxn:4:195585:224617,0.039480226039886476
rxn:4:174721:228848,0.03945903415265291
rxn:4:174721:222937,0.03943327495029995
rxn:4:174682:228384,0.03942648569742838
rxn:4:184063:225805,0.03942401970134062
rxn:4:193238:222633,0.03942377721109698
rxn:4:173723:227622,0.0394099908215659
rxn:4:188197:227893,0.039408701161543526
rxn:4:195777:223047,0.039397468621080574
rxn:4:205311:225456,0.03937781669876792
rxn:4:174728:229006,0.03937738097232321
rxn:4:211168:222431,0.03935935454709189
rxn:4:205660:224933,0.03934996403180636
rxn:4:203617:228092,0.03931985263313566
rxn:4:173723:228129,0.039293490074299
rxn:4:215320:224933,0.039291000366210936
rxn:4:195585:222431,0.03928602933883667
rxn:4:176409:223892,0.03927165462124732
rxn:4:198093:222470,0.03925304309181545
rxn:4:174728:223135,0.03924563195970324
rxn:4:203724:227024,0.03924390121742531
rxn:4:217545:226330,0.03923612594604492
rxn:4:216137:223400,0.03923151448920921
rxn:4:191895:225898,0.039225899654885994
rxn:4:195296:222693,0.03919259334603945
rxn:4:183994:222846,0.03917039317243239
rxn:4:173723:229135,0.039158098697662354
rxn:4:195862:225595,0.039147830878694855
rxn:4:184063:226361,0.03911163409550985
rxn:4:205242:228683,0.03907337000495509
rxn:4:174728:226170,0.03905864115114565
rxn:4:194456:228306,0.03897870045441847
rxn:4:208363:225087,0.03894568302414634
rxn:4:201265:228560,0.03893787289659182
rxn:4:191618:223127,0.038930691480636596
rxn:4:202272:223236,0.03892884403467178
rxn:4:205064:223007,0.0389029324054718
rxn:4:208255:225532,0.038901567459106445
rxn:4:195585:223127,0.03889297355305065
rxn:4:176409:228629,0.038845798243647034
rxn:4:195517:223227,0.03884573202384146
rxn:4:211114:222864,0.03882730007171631
rxn:4:176409:223443,0.03881593184037642
rxn:4:191595:228097,0.03879228369756178
rxn:4:219210:228306,0.03877908185772274
rxn:4:174721:223566,0.03876787248779746
rxn:4:175469:223400,0.038766569561428495
rxn:4:215327:225086,0.03876312212510542
rxn:4:194487:228803,0.038755575815836586
rxn:4:216393:224621,0.03871088136326183
rxn:4:191895:223279,0.03870863006228492
rxn:4:174720:223200,0.03868059873580933
rxn:4:205660:223146,0.03867050011952718
rxn:4:174728:227750,0.03866305718055138
rxn:4:216393:223195,0.0386601189772288
rxn:4:195296:223146,0.038655968755483626
rxn:4:215320:222980,0.03865005075931549
rxn:4:213693:227024,0.03863620410362879
rxn:4:203724:227945,0.03862934158398555
rxn:4:173723:229342,0.038605690002441406
rxn:4:195296:225436,0.03859590632574899
rxn:4:205192:225805,0.038556436697642006
rxn:4:174682:223443,0.038553852926601066
rxn:4:205205:224508,0.038547730445861815
rxn:4:216413:227023,0.038545595275031194
rxn:4:208011:226843,0.03854072988033295
rxn:4:200152:226843,0.03853676319122314
rxn:4:191618:224619,0.03852328019482749
rxn:4:194718:226340,0.038519583409652114
rxn:4:195777:226583,0.0385158345812843
rxn:4:173723:229151,0.038512613773345944
rxn:4:191618:224621,0.038503131696156094
rxn:4:191410:226843,0.03850172758102417
rxn:4:205192:228140,0.038495163122812905
rxn:4:193143:223381,0.0384893688288602
rxn:4:195128:222969,0.03848059021908304
rxn:4:183729:223279,0.03845827281475067
rxn:4:191545:223227,0.038443985310467804
rxn:4:216394:222449,0.038442107347341686
rxn:4:215320:226088,0.03843587636947632
rxn:4:173723:229006,0.03842698097229004
rxn:4:193131:227829,0.03842264413833618
rxn:4:203724:226844,0.03841059761387961
rxn:4:215320:227022,0.038396659222516144
rxn:4:194456:227292,0.03838663079120495
rxn:4:211179:223004,0.038358220928593686
rxn:4:183999:223400,0.03834640880425771
rxn:4:174721:224617,0.03831684178319471
rxn:4:215320:225532,0.038304020961125694
rxn:4:174721:228560,0.03827560984570047
rxn:4:211123:226130,0.03825767172707452
rxn:4:173723:223256,0.03824037526335035
rxn:4:188106:223108,0.03823238475756212
rxn:4:205036:223139,0.038227589800953865
rxn:4:211168:225098,0.038218324834650215
rxn:4:187677:226844,0.03821766195875226
rxn:4:216413:223108,0.03818857042413009
rxn:4:193131:228697,0.03817567917016836
rxn:4:205205:223219,0.03811269998550415
rxn:4:220020:224959,0.03809237287890527
rxn:4:220020:223146,0.03804811321455857
rxn:4:191618:222604,0.038044986128807065
rxn:4:188104:223280,0.03804457187652588
rxn:4:188106:222888,0.038019850850105286
rxn:4:193238:224046,0.03799970303812335
rxn:4:195585:224933,0.03798451522986094
rxn:4:174721:224995,0.03797834472996848
rxn:4:191895:225591,0.037970598625100174
rxn:4:195128:223007,0.03794387112493101
rxn:4:173723:228711,0.037943789592156045
rxn:4:175181:223128,0.03793447063519405
rxn:4:195538:226583,0.03791206507455735
rxn:4:174720:224046,0.037909046808878584
rxn:4:184099:226990,0.037855516161237446
rxn:4:191618:227022,0.037823920448621116
rxn:4:220020:228962,0.03782026928204756
rxn:4:203724:222846,0.037816121925910315
rxn:4:174728:229221,0.0378070284019817
rxn:4:174721:228987,0.03777113827792081
rxn:4:188106:226583,0.03777060319076885
rxn:4:174721:222902,0.03776573070458004
rxn:4:193518:228697,0.03776243880943016
rxn:4:213484:228140,0.03771366043524309
rxn:4:194718:223007,0.037713596992420426
rxn:4:173723:228367,0.03768538545679163
rxn:4:174728:228319,0.03763720512390137
rxn:4:191551:222608,0.03762671670743397
rxn:4:208362:225805,0.037623172714596705
rxn:4:214648:226843,0.03760688172446357
rxn:4:219210:223386,0.03759299672168234
rxn:4:174682:227929,0.037574989100297294
rxn:4:174728:227011,0.03755419529401339
rxn:4:195585:222593,0.03751023610432943
rxn:4:205660:227622,0.0375093778838282
rxn:4:195538:223054,0.03750878707929091
rxn:4:195517:223127,0.0375079095363617
rxn:4:215324:222980,0.03749343894776844
rxn:4:173723:222633,0.03748961109103578
rxn:4:191551:224080,0.03747270063117698
rxn:4:195517:225581,0.03747194153921945
rxn:4:191595:228692,0.03747121493021647
rxn:4:195862:223198,0.0374697284264998
rxn:4:193518:223381,0.03746660479477474
rxn:4:202851:223398,0.03746466338634491
rxn:4:194718:228692,0.03743125241378258
rxn:4:173723:229338,0.03742235492576252
rxn:4:191895:225456,0.03740544422813084
rxn:4:205401:228695,0.03740130600176359
rxn:4:205401:223147,0.037399671294472435
rxn:4:202851:226583,0.03738800857378089
rxn:4:193131:222592,0.03738083208308501
rxn:4:205311:228384,0.03737461566925049
rxn:4:195296:223895,0.0373625922203064
rxn:4:194718:228608,0.037354255544728245
rxn:4:191416:226843,0.037347686290740964
rxn:4:201265:224995,0.037343059120507074
rxn:4:203639:224617,0.037300202154344125
rxn:4:205036:225805,0.03727369785308838
rxn:4:202967:228097,0.03726773262023926
rxn:4:195777:228002,0.0372569529633773
rxn:4:205160:226582,0.03719636939820789
rxn:4:191618:225098,0.03719355441905834
rxn:4:205242:226130,0.03718282688747753
rxn:4:195704:223131,0.037173869709173836
rxn:4:195862:223398,0.03717212080955505
rxn:4:183999:228570,0.037120121717453006
rxn:4:215320:226330,0.03710759204366933
rxn:4:215324:222984,0.03709967931111654
rxn:4:215320:226990,0.0370909720659256
rxn:4:195128:228092,0.03707571625709534
rxn:4:195777:222888,0.037059602530106255
rxn:4:211168:222633,0.03702902793884277
rxn:4:184063:223130,0.036973758177323776
rxn:4:173303:228091,0.03694423803916344
rxn:4:188197:225456,0.03694310673960933
rxn:4:205311:223195,0.036919471621513364
rxn:4:174721:229006,0.03688652407039295
rxn:4:208199:222888,0.03687678683887829
rxn:4:174720:223280,0.03687404155731201
rxn:4:205660:228693,0.03685774973460606
rxn:4:174721:222413,0.036849050521850585
rxn:4:201265:228621,0.03681162123878797
rxn:4:215320:225456,0.03680975238482157
rxn:4:217340:225438,0.03680637657642365
rxn:4:215327:225456,0.03680612359728132
rxn:4:208601:228695,0.03680106550455094
rxn:4:208363:222980,0.03677061058226086
rxn:4:195777:228293,0.03675692646126998
rxn:4:215320:223195,0.03675500642169605
rxn:4:174721:227591,0.036742002964019777
rxn:4:173723:227043,0.03670651572091239
rxn:4:174682:228103,0.036676729718844094
rxn:4:205242:225098,0.03667181978623072
rxn:4:191618:227024,0.03665595501661301
rxn:4:203639:225532,0.03664474857264552
rxn:4:193143:228302,0.03663282096385956
rxn:4:195296:225898,0.0366282065709432
rxn:4:174728:224088,0.036617650139716365
rxn:4:191618:222529,0.03661747972170512
rxn:4:176410:227929,0.03661088397105535
rxn:4:191551:224621,0.03659352660179138
rxn:4:217925:222633,0.036580242893912575
rxn:4:173723:226166,0.03657962947056211
rxn:4:216393:223108,0.036569099677236455
rxn:4:193131:225898,0.03655637900034587
rxn:4:183999:223421,0.03652924398581187
rxn:4:191551:222592,0.03650816636426108
rxn:4:195755:223279,0.036507433652877806
rxn:4:215324:226330,0.03649825155735016
rxn:4:191545:227022,0.036490375345403496
rxn:4:198112:222969,0.03648860517301058
rxn:4:173723:227918,0.03648538280416418
rxn:4:195296:225805,0.03647619769686744
rxn:4:195128:223130,0.036472743207758125
rxn:4:208011:228306,0.03647136357095507
rxn:4:215320:227023,0.036466341127048836
rxn:4:214458:228306,0.03643627762794495
rxn:4:205160:225086,0.03642941557842752
rxn:4:216413:222449,0.036418261436315685
rxn:4:195538:227303,0.0364172637462616
rxn:4:205160:228103,0.03641350018350702
rxn:4:191618:228692,0.03641039404002103
rxn:4:174721:227063,0.03641007900238037
rxn:4:191975:225098,0.036393582820892334
rxn:4:184096:228293,0.03639189311952302
rxn:4:174728:228530,0.03636618455251058
rxn:4:202272:228692,0.03636426627635956
rxn:4:208435:228384,0.036356307566165924
rxn:4:188104:223398,0.036354786819881864
rxn:4:176409:226361,0.03635181601230915
rxn:4:176409:226340,0.03634569278130165
rxn:4:195517:224621,0.036329080229220184
rxn:4:191415:227380,0.03631593783696493
rxn:4:208199:225581,0.03628248260134742
rxn:4:174726:226279,0.03627694977654351
rxn:4:214079:225595,0.036250509321689606
rxn:4:193238:225532,0.036250450781413486
rxn:4:193238:226088,0.03622176470579924
rxn:4:214728:223007,0.03622005314662539
rxn:4:192165:223236,0.03617791902451288
rxn:4:174721:228008,0.03617760290702184
rxn:4:174728:228250,0.03617654323577881
rxn:4:195128:227609,0.036166460741133916
rxn:4:217925:222888,0.036156792938709256
rxn:4:201265:223139,0.036122621761427984
rxn:4:195585:222608,0.036098458148815016
rxn:4:198076:222969,0.03609740734100342
rxn:4:195398:222969,0.036088344725695526
rxn:4:191545:226583,0.03605802421984465
rxn:4:173723:229223,0.0360505556066831
rxn:4:191415:227703,0.03604323665301005
rxn:4:183940:228995,0.03601181918177111
rxn:4:195704:228794,0.03600916550272987
rxn:4:205660:223442,0.03600647300481796
rxn:4:195862:223382,0.03600587731315976
rxn:4:215327:223195,0.0359981844299718
rxn:4:216393:226130,0.03598110926778693
rxn:4:192165:225086,0.03597769886255264
rxn:4:195862:227024,0.03596174039623954
rxn:4:220020:228306,0.03593652723012147
rxn:4:174721:222996,0.035926600297292076
rxn:4:173723:226999,0.03592512437275478
rxn:4:215324:222449,0.035905432921868784
rxn:4:173723:223895,0.03587427822982564
rxn:4:184096:228570,0.03586842305958271
rxn:4:195585:222984,0.03584690456805022
rxn:4:194718:229221,0.035836495735027174
rxn:4:202285:223279,0.035830989960701234
rxn:4:217545:223381,0.03580985898556917
rxn:4:216586:222604,0.03580770125755897
rxn:4:195777:228140,0.035763323307037354
rxn:4:174682:223241,0.035754406452178956
rxn:4:195296:225098,0.03575139425017617
rxn:4:214894:223054,0.03572373453414801
rxn:4:191975:225898,0.03572324731133201
rxn:4:211168:224619,0.035718622414962105
rxn:4:211168:226088,0.03569164276123047
rxn:4:187677:223007,0.03569024450638715
rxn:4:174828:223176,0.03568536272415748
rxn:4:174728:226779,0.03566068410873413
rxn:4:214057:226583,0.03565150871872902
rxn:4:198111:222969,0.03564427087181493
rxn:4:174721:226128,0.035634210476508506
rxn:4:216463:222449,0.035633983435454195
rxn:4:208255:225178,0.03562779085976737
rxn:4:215320:222449,0.035621100664138795
rxn:4:183999:226623,0.03561551823760524
rxn:4:208252:222980,0.035609909892082216
rxn:4:176409:228995,0.03559296510436318
rxn:4:194718:226843,0.03557228296995163
rxn:4:174721:224736,0.035570613269148205
rxn:4:191618:222983,0.03556634256472954
rxn:4:191618:222593,0.03555286327997843
rxn:4:174720:222633,0.035547850529352824
rxn:4:191975:228692,0.03554109732309977
rxn:4:217545:226361,0.03553706407546997
rxn:4:205660:225098,0.03552982211112976
rxn:4:205242:223892,0.03550838982617414
rxn:4:215327:223110,0.035495597124099734
rxn:4:208252:222604,0.035469673573970795
rxn:4:183999:228140,0.035465617333689047
rxn:4:174728:227609,0.03542944101186899
rxn:4:211114:224933,0.03539958439375225
rxn:4:174728:227945,0.03539458274841309
rxn:4:220020:223138,0.03537134492191775
rxn:4:201265:224179,0.03536847810591421
rxn:4:216394:226990,0.035361415810055204
rxn:4:193238:225723,0.035358465143612454
rxn:4:176409:228693,0.03535155109737231
rxn:4:191551:228306,0.03534919591177078
rxn:4:174728:229317,0.03532613459087554
rxn:4:195755:223139,0.03531876632145473
rxn:4:208033:222604,0.03530460596084595
rxn:4:174728:224715,0.03528803586959839
rxn:4:187677:223170,0.03526600021304506
rxn:4:191975:223398,0.035255117548836604
rxn:4:195755:226623,0.035244691939581005
rxn:4:191618:228140,0.03521656471750011
rxn:4:174721:227535,0.03517678499221802
rxn:4:202967:223443,0.03516082631217109
rxn:4:176409:229006,0.03515674580227245
rxn:4:191895:225087,0.03515583028395971
rxn:4:192165:223170,0.03513087196783586
rxn:4:196954:227625,0.03508696607921435
rxn:4:205660:222449,0.035082534436256654
rxn:4:208363:225178,0.03506973656741055
rxn:4:195296:223280,0.03506660775134438
rxn:4:208011:228570,0.035052187302533316
rxn:4:195862:227622,0.03504629297689958
rxn:4:173723:229066,0.03503497123718262
rxn:4:214728:228092,0.03501682785841135
rxn:4:205064:226844,0.03501422703266144
rxn:4:173723:224080,0.035012527848735
rxn:4:173723:225087,0.035008228594256986
rxn:4:192165:223892,0.03495884383166278
rxn:4:195538:223130,0.034890333811442055
rxn:4:195704:226361,0.034886704136927925
rxn:4:184065:228692,0.034867467482884724
rxn:4:184096:226623,0.0348158666065761
rxn:4:193750:226843,0.03480092116764614
rxn:4:195585:225087,0.034796640276908875
rxn:4:195585:222592,0.03478489098725496
rxn:4:174728:227939,0.03478048324584961
rxn:4:203639:222983,0.03477189561416363
rxn:4:195862:227297,0.03476822647181424
rxn:4:205064:226843,0.034766639272371926
rxn:4:216413:223280,0.03474879264831543
rxn:4:205311:228097,0.03474028486954538
rxn:4:215320:222431,0.03473924244603803
rxn:4:174721:225391,0.03473258018493652
rxn:4:216463:228293,0.03467523389392429
rxn:4:193131:224617,0.034671446308493614
rxn:4:198092:222969,0.03467143906487359
rxn:4:184099:227609,0.03466821398053851
rxn:4:193386:225532,0.03466682598508637
rxn:4:208360:228140,0.03465267684724596
rxn:4:191545:227892,0.03460890906197684
rxn:4:216394:226088,0.03460816960585745
rxn:4:176409:228103,0.034599266946315765
rxn:4:174682:222608,0.034561064935499625
rxn:4:215327:224933,0.034560658714988014
rxn:4:208199:225178,0.03454900058833035
rxn:4:195128:224490,0.03454518973827362
rxn:4:173723:228658,0.034536540508270264
rxn:4:214057:228570,0.03453353355670798
rxn:4:191551:225178,0.03452962040901184
rxn:4:173723:227306,0.034521136965070455
rxn:4:191895:227024,0.0344899921190171
rxn:4:191551:225898,0.034488193690776825
rxn:4:173723:228755,0.03448238051854647
rxn:4:174682:224933,0.03446211985179356
rxn:4:195777:225581,0.034458648074756966
rxn:4:174682:226048,0.03445408741633097
rxn:4:174721:226862,0.034448518202855036
rxn:4:215320:225087,0.03444823741912842
rxn:4:173723:225098,0.034440696239471436
rxn:4:205311:227303,0.034439104795455935
rxn:4:198105:225723,0.03440872932735242
rxn:4:174728:224621,0.03439525564511617
rxn:4:174728:222968,0.03437816032341549
rxn:4:215324:226583,0.03436800092458725
rxn:4:174728:225118,0.0343664761247306
rxn:4:195862:226623,0.03436186261799024
rxn:4:208435:228803,0.03435406245683369
rxn:4:193238:227893,0.034353113174438475
rxn:4:208362:225581,0.03435308308828445
rxn:4:188106:222451,0.03431193581942854
rxn:4:191895:227303,0.03430008320581345
rxn:4:174721:223386,0.034291492154200874
rxn:4:174682:228002,0.03428076207637787
rxn:4:219210:227622,0.03425808995962143
rxn:4:208601:226583,0.034250723279040794
rxn:4:176480:228608,0.03422248363494873
rxn:4:216586:223031,0.034173987128517845
rxn:4:174720:228091,0.034160969158013664
rxn:4:173723:228660,0.03415790887979361
rxn:4:174728:228905,0.03415218243996302
rxn:4:191551:223398,0.03415192663669586
rxn:4:201265:229221,0.03413583609190854
rxn:4:176409:224088,0.034134548902511594
rxn:4:219210:228621,0.034132317385890266
rxn:4:211123:223110,0.03411474492814806
rxn:4:206581:226843,0.03409227728843689
rxn:4:174728:226110,0.034071237952620896
rxn:4:174721:228548,0.03406861554021421
rxn:4:201265:224736,0.03404332275191943
rxn:4:194718:228140,0.03402348558108012
rxn:4:214079:228002,0.034015006115359646
rxn:4:208033:226088,0.03400918245315552
rxn:4:206843:226843,0.03397005575674551
rxn:4:195862:223280,0.03396109559319236
rxn:4:215327:225098,0.03396022319793701
rxn:4:217340:227230,0.033943923271220665
rxn:4:217545:227297,0.033939613650242485
rxn:4:208363:225532,0.033926671459561304
rxn:4:215320:223110,0.03391444683074951
rxn:4:195862:228097,0.03390302970295861
rxn:4:193386:226088,0.033867633768490384
rxn:4:217545:228543,0.033857979557730934
rxn:4:205660:223054,0.033849519491195676
rxn:4:191263:224481,0.03383759260177612
rxn:4:188207:222604,0.033826322467238816
rxn:4:174721:227004,0.033813846111297605
rxn:4:216586:226330,0.03380077225821359
rxn:4:195862:228384,0.033784065927777975
rxn:4:216413:223195,0.03366843197080824
rxn:4:188104:225456,0.033649150620807304
rxn:4:205160:228683,0.033626682228512235
rxn:4:173723:222864,0.03361111302529612
rxn:4:193518:228622,0.03360747849499738
rxn:4:195128:226330,0.033593814481388436
rxn:4:173723:227833,0.03358134516963252
rxn:4:217545:228683,0.03357644785534252
rxn:4:193131:226340,0.033563108279787264
rxn:4:176488:226580,0.03355514049530029
rxn:4:208360:227303,0.03355188118784051
rxn:4:202967:228543,0.033544926266921196
rxn:4:208363:226583,0.03349996507167816
rxn:4:215324:222888,0.033480396324937996
rxn:4:208435:228091,0.03347615003585815
rxn:4:211168:223109,0.0334547221660614
rxn:4:174720:227929,0.033446225027243294
rxn:4:184063:223054,0.03344176884959726
rxn:4:195585:222451,0.03344062895610415
rxn:4:193238:223130,0.0334344815324854
rxn:4:174682:223396,0.03342326568520587
rxn:4:174682:228803,0.03342102662376736
rxn:4:216463:225436,0.033415765989394414
rxn:4:174720:228570,0.03340699880019478
rxn:4:217545:222846,0.0333891577190823
rxn:4:174728:227000,0.03338517363254841
rxn:4:174721:227116,0.03336956739425659
rxn:4:218802:222803,0.033344177200513726
rxn:4:191658:228306,0.033314055518100134
rxn:4:208199:226130,0.03329715132713318
rxn:4:195155:225318,0.03328804612159729
rxn:4:202272:227024,0.03324534045532346
rxn:4:187677:223004,0.03323475578252007
rxn:4:173723:228039,0.03322545466599641
rxn:4:174721:228386,0.033211976289749146
rxn:4:194456:224619,0.033127723201628656
rxn:4:208360:227024,0.03311761429435328
rxn:4:211168:226130,0.033111286163330075
rxn:4:193238:225086,0.03309501861703807
rxn:4:182435:223699,0.033077244758605955
rxn:4:184063:226583,0.033073986118490044
rxn:4:191595:227303,0.03306662518045177
rxn:4:188106:227023,0.033061808063870386
rxn:4:191415:227771,0.033016059547662735
rxn:4:193238:223110,0.033006376690334745
rxn:4:217545:226990,0.03299563626448313
rxn:4:195862:224621,0.03298137623530168
rxn:4:195585:225098,0.03297818576296171
rxn:4:183999:226583,0.03296989383119525
rxn:4:191415:226370,0.0329321026802063
rxn:4:188104:224619,0.03292563805977503
rxn:4:174682:223223,0.03292171478271484
rxn:4:183999:226990,0.032906362786889076
rxn:4:191618:225178,0.03289338394447609
rxn:4:195862:225086,0.03288296222686768
rxn:4:194456:223360,0.032872844773989454
rxn:4:193386:225581,0.03285741394963758
rxn:4:184067:228099,0.03284567052667791
rxn:4:176409:224080,0.03284345666567485
rxn:4:181884:223566,0.03279585763812065
rxn:4:191658:228570,0.03278697530428568
rxn:4:208435:227024,0.032764363856542675
rxn:4:205205:228683,0.03274401238090113
rxn:4:191551:223031,0.03272451708714167
rxn:4:220020:225723,0.032716278235117593
rxn:4:183999:227023,0.03271220624446869
rxn:4:176409:228002,0.03270662079254786
rxn:4:191551:226583,0.03269698308861774
rxn:4:205401:225086,0.03269232312838236
rxn:4:217545:226583,0.032691982984542844
rxn:4:195777:224621,0.03268421192963918
rxn:4:174720:223221,0.032650381326675415
rxn:4:208363:223110,0.0326501727104187
rxn:4:193386:227893,0.03263881344061632
rxn:4:205036:223138,0.0326356403529644
rxn:4:188197:228629,0.03261623693549115
rxn:4:216394:223234,0.03260585334565905
rxn:4:215327:222982,0.032598186106908886
rxn:4:216463:226583,0.03258131146430969
rxn:4:202272:228099,0.032578152033590504
rxn:4:215347:223146,0.03257392942905426
rxn:4:208435:222604,0.03257326505802296
rxn:4:174720:223147,0.03256064194899339
rxn:4:208362:228140,0.03253797027799818
rxn:4:193518:225545,0.03253781218682566
rxn:4:191618:224046,0.0325363093409045
rxn:4:173763:223099,0.032516872244221826
rxn:4:183834:226623,0.03251611813902855
rxn:4:191595:223234,0.03250894598338915
rxn:4:173723:224180,0.03250050409273668
rxn:4:175181:228306,0.03249581158161163
rxn:4:183695:223227,0.032478753597505634
rxn:4:205160:227024,0.03246591687202453
rxn:4:217925:222449,0.03244306206703186
rxn:4:203724:227834,0.032442765740247875
rxn:4:173723:227813,0.03242579654411033
rxn:4:191418:226843,0.032419166564941405
rxn:4:174720:222859,0.032404146024159024
rxn:4:174728:226340,0.03240257722360117
rxn:4:203617:228692,0.03239028762888025
rxn:4:208360:225178,0.03237814253026789
rxn:4:216137:223147,0.032367865244547524
rxn:4:191437:225086,0.03235073523087935
rxn:4:173723:224179,0.03233861742597638
rxn:4:208435:227303,0.03231382937658401
rxn:4:193131:222608,0.03227837646708769
rxn:4:214079:225591,0.032267561291947085
rxn:4:183834:222915,0.032258952365202063
rxn:4:191618:223198,0.03224764515956243
rxn:4:173723:224088,0.03223437883637168
rxn:4:195862:228099,0.032213788656961354
rxn:4:188106:222449,0.03220400111428622
rxn:4:208435:228692,0.03218369421206022
rxn:4:173723:222583,0.032165632528417254
rxn:4:208363:225581,0.03216376191093808
rxn:4:183834:226843,0.03212739713490009
rxn:4:191551:223443,0.03211804126438342
rxn:4:194456:222888,0.03206703265508016
rxn:4:203617:228683,0.03205490057115202
rxn:4:216394:224046,0.032046802665876305
rxn:4:205660:228962,0.03203402388663519
rxn:4:195517:222888,0.03201238675550981
rxn:4:195862:227893,0.03200737067631313
rxn:4:188106:223280,0.03199619338625953
rxn:4:173723:228248,0.03197585984512612
rxn:4:201211:226843,0.03196797163590141
rxn:4:174721:223055,0.031955167099281596
rxn:4:217962:228306,0.031945140738236275
rxn:4:208601:228306,0.031935413678487144
rxn:4:205064:226458,0.03190826407323281
rxn:4:193518:224523,0.03188513264511571
rxn:4:174721:227886,0.031822569668293
rxn:4:183695:226844,0.03178544994443655
rxn:4:205242:222983,0.031763089739758034
rxn:4:174682:223892,0.03174934079570155
rxn:4:211168:224933,0.0317400260405107
rxn:4:205205:223350,0.03172690272331238
rxn:4:191618:223280,0.03171686579783758
rxn:4:205660:228683,0.03170022794178554
rxn:4:216394:222693,0.031651154808376145
rxn:4:173723:224619,0.03163808956742287
rxn:4:174682:223108,0.031625328155664295
rxn:4:208011:228103,0.03162193298339844
rxn:4:198093:226843,0.031621273826150334
rxn:4:191595:227892,0.03161808306520635
rxn:4:217545:228692,0.031595781445503235
rxn:4:194487:223351,0.03158909933907645
rxn:4:194456:227303,0.0315613294089282
rxn:4:205160:228306,0.03156021080519024
rxn:4:195862:228803,0.031534424424171446
rxn:4:211130:222969,0.03151525321759676
rxn:4:195538:228140,0.031467742041537634
rxn:4:183999:226331,0.031465459050554215
rxn:4:184065:228695,0.03145657380421956
rxn:4:213484:225595,0.03144986867904663
rxn:4:191551:227303,0.03144551407207142
rxn:4:195777:228695,0.031441066000196666
rxn:4:174721:223145,0.031440095259593084
rxn:4:192165:222449,0.03143886656596743
rxn:4:205160:228099,0.03142265897048147
rxn:4:193143:228103,0.03139035810123791
rxn:4:194718:228621,0.03138931866349845
rxn:4:211174:228683,0.03138452370961507
rxn:4:208363:223130,0.03136785626411438
rxn:4:215320:225805,0.03136089692513148
rxn:4:201699:228293,0.03135750725351531
rxn:4:191595:225581,0.0313529896736145
rxn:4:205192:227024,0.03135197099886442
rxn:4:196952:226844,0.031336843967437744
rxn:4:195517:223130,0.03132613301277161
rxn:4:174682:225436,0.03132285895170989
rxn:4:187677:222915,0.031316886629377094
rxn:4:195704:227303,0.0313166081905365
rxn:4:191415:226844,0.03130592346191406
rxn:4:188197:223170,0.031294432970193714
rxn:4:195704:223421,0.03127923465910412
rxn:4:191618:228683,0.03127039562572132
rxn:4:191595:223198,0.03126881433569867
rxn:4:211171:222969,0.031250244692752234
rxn:4:173723:229212,0.031242574254671734
rxn:4:219210:228178,0.031238250110460365
rxn:4:173723:228785,0.031190003340060894
rxn:4:215347:225898,0.03118842840194702
rxn:4:214889:223108,0.03118102204415106
rxn:4:195453:222969,0.03116604815358701
rxn:4:193386:225178,0.031160994370778402
rxn:4:188197:228306,0.031153901169697445
rxn:4:174721:227358,0.031153030395507812
rxn:4:215320:225178,0.031075441837310792
rxn:4:191595:223130,0.031066204110781353
rxn:4:195296:227892,0.031058920754326716
rxn:4:201699:223198,0.03103616287310918
rxn:4:174728:227116,0.031004709693101738
rxn:4:183940:226843,0.030993886066205574
rxn:4:191895:223421,0.030946358254081326
rxn:4:205660:226130,0.030946095784505207
rxn:4:192165:223442,0.0309271150165134
rxn:4:201265:228103,0.030918588638305666
rxn:4:205401:225456,0.03091703808825949
rxn:4:194487:227622,0.030903555195907068
rxn:4:174728:224995,0.03085952380607868
rxn:4:183729:226458,0.03083461613366098
rxn:4:211123:223054,0.030792910801736934
rxn:4:216413:225581,0.030788302421569824
rxn:4:195777:227622,0.030782920122146607
rxn:4:174720:228306,0.030781070391337078
rxn:4:208435:222449,0.030773284106419004
rxn:4:174720:222583,0.030772462967903383
rxn:4:195296:228092,0.030759255091349285
rxn:4:217545:223139,0.030736610293388367
rxn:4:211168:222888,0.03071572563864968
rxn:4:193386:227303,0.03071096870634291
rxn:4:183999:228091,0.03070832452466411
rxn:4:220020:223927,0.03070416213834987
rxn:4:208033:224046,0.03070301314194997
rxn:4:213693:224715,0.03068083502790507
rxn:4:191658:227292,0.030675435066223146
rxn:4:195296:223892,0.030672414302825926
rxn:4:208199:224621,0.030664897483328114
rxn:4:213693:223236,0.03064173807700475
rxn:4:184065:225723,0.0306110259364633
rxn:4:174728:227087,0.030604208891208354
rxn:4:176956:222925,0.030594631433486938
rxn:4:193386:223400,0.03057696521282196
rxn:4:174721:228962,0.030558430630227795
rxn:4:216470:223054,0.030553738276163738
rxn:4:214057:225805,0.030525084697838985
rxn:4:215320:225436,0.030521074930826824
rxn:4:215320:224100,0.03050123099927549
rxn:4:176409:227332,0.03049670696258545
rxn:4:174721:225308,0.030493147671222687
rxn:4:195777:225898,0.030477526513012974
rxn:4:193518:223047,0.030473845620309154
rxn:4:194456:223227,0.03046327829360962
rxn:4:205660:224841,0.03045193449809001
rxn:4:201265:223311,0.030438697338104247
rxn:4:184096:226583,0.030397029433931622
rxn:4:203639:222608,0.030343373616536457
rxn:4:195585:223234,0.030334007172357468
rxn:4:174728:225110,0.03032235441536739
rxn:4:195862:228306,0.03030153399422055
rxn:4:215327:225436,0.03029770226705642
rxn:4:193518:225308,0.030289532616734505
rxn:4:202851:225595,0.03024944414695104
rxn:4:208033:223130,0.03023933172225952
rxn:4:192165:223198,0.030222745168776738
rxn:4:183695:223055,0.03017661968866984
rxn:4:191658:223146,0.030169992219834102
rxn:4:191545:228140,0.03015580631437756
rxn:4:192165:228097,0.030131101608276367
rxn:4:216463:223146,0.030127927660942078
rxn:4:208435:225436,0.030121601146200428
rxn:4:174721:225543,0.03011173892904211
rxn:4:195704:225723,0.03010492116212845
rxn:4:201265:226331,0.03009848517400247
rxn:4:193518:226843,0.030098142226537068
rxn:4:214079:223197,0.030097625218331814
rxn:4:211134:228570,0.030088943243026734
rxn:4:205064:223351,0.030076396736231716
rxn:4:173723:227446,0.03007014947278159
rxn:4:174720:222608,0.03005917610660676
rxn:4:203617:223279,0.030045336690442317
rxn:4:201265:223007,0.030033657859478678
rxn:4:215320:223109,0.02999396168667337
rxn:4:195517:223234,0.029986933657997532
rxn:4:202967:228002,0.02998507469892502
rxn:4:193131:225723,0.029969727993011473
rxn:4:193131:222683,0.029940123810912624
rxn:4:195704:227024,0.029923936595087467
rxn:4:174720:225724,0.029870488025523997
rxn:4:192165:228384,0.029858607053756713
rxn:4:205660:228099,0.029812460595911198
rxn:4:188104:224617,0.029806852340698242
rxn:4:174721:227609,0.029794249534606933
rxn:4:195862:222983,0.029792151724298794
rxn:4:217962:222969,0.029775928367267956
rxn:4:195128:222846,0.0297643110776941
rxn:4:192165:225805,0.02973686871321305
rxn:4:211171:226843,0.02973639302783542
rxn:4:191595:225898,0.029734690189361573
rxn:4:174728:227138,0.029728504327627327
rxn:4:220020:229262,0.02971517915527026
rxn:4:208033:222449,0.029709662552233094
rxn:4:214079:222983,0.02966441652354072
rxn:4:217545:225595,0.02966339313066923
rxn:4:213693:228683,0.0296464455979211
rxn:4:191551:222983,0.02963218092918396
rxn:4:195517:228140,0.029627068175209895
rxn:4:215324:225178,0.029617650942368942
rxn:4:195585:222888,0.029610250145196915
rxn:4:176488:223312,0.029597209847491722
rxn:4:183834:228103,0.029535052180290223
rxn:4:191551:228692,0.02952263057231903
rxn:4:215320:222593,0.029512996120112284
rxn:4:188106:224619,0.0294979989528656
rxn:4:173723:225318,0.02949466340003475
rxn:4:191595:225086,0.02949432799449334
rxn:4:184065:228693,0.029466257492701212
rxn:4:195585:225086,0.029464336733023327
rxn:4:220020:227892,0.029460235878273292
rxn:4:195704:223007,0.02943749189376831
rxn:4:211123:225308,0.02941249907016754
rxn:4:173723:229085,0.0294018816947937
rxn:4:191895:224100,0.029389046132564545
rxn:4:183999:226843,0.02938263344042229
rxn:4:208199:222984,0.029374335493360246
rxn:4:201265:226843,0.02936122152540419
rxn:4:173723:223469,0.029354994947260075
rxn:4:208252:225581,0.029352617263793946
rxn:4:188104:222593,0.029345028675519504
rxn:4:174682:229014,0.029341012239456177
rxn:4:183729:228683,0.029319276412328083
rxn:4:201265:228683,0.029316032926241558
rxn:4:173723:228316,0.029288392376016686
rxn:4:195296:222449,0.029288087730054504
rxn:4:195862:227834,0.02927919796534947
rxn:4:176409:228302,0.029275322953859966
rxn:4:215320:223147,0.029265963512918224
rxn:4:208601:228570,0.029237020015716552
rxn:4:191551:223198,0.02922118997031992
rxn:4:176409:228570,0.029213594353717308
rxn:4:191618:228384,0.02919173240661621
rxn:4:195704:228306,0.029185855930501766
rxn:4:174682:222864,0.029166992221559798
rxn:4:203617:222803,0.029162014411254364
rxn:4:193131:228357,0.029113983666455304
rxn:4:201265:223360,0.0291078445315361
rxn:4:202967:223280,0.029050605637686595
rxn:4:183994:225723,0.029049245245528942
rxn:4:200160:226843,0.029007155895233155
rxn:4:205064:223004,0.029006482362747193
rxn:4:205064:225595,0.028996706008911133
rxn:4:205401:224508,0.028976786136627197
rxn:4:208360:228293,0.028940651151869033
rxn:4:202967:223194,0.02893938904716855
rxn:4:215320:228099,0.02893488605817159
rxn:4:195585:222683,0.028930531098292425
rxn:4:183999:223138,0.02892938256263733
rxn:4:176409:226582,0.02891819064433758
rxn:4:191595:227292,0.028896953748620075
rxn:4:173723:224301,0.02887001091783697
rxn:4:215327:225581,0.02886257285163516
rxn:4:174721:224621,0.028848395265381913
rxn:4:191618:223398,0.028846995397047562
rxn:4:189394:222693,0.028826253754752024
rxn:4:195862:228543,0.028813958168029785
rxn:4:214894:223031,0.028810560703277588
rxn:4:215320:228367,0.028796364154134477
rxn:4:214062:223127,0.028785998171026058
rxn:4:215320:228384,0.028780315603528703
rxn:4:202967:228570,0.028748364824997753
rxn:4:216394:223195,0.028740819957521226
rxn:4:191411:226843,0.028739030361175536
rxn:4:173723:224523,0.02873521763831377
rxn:4:213693:225115,0.028733588980905937
rxn:4:205311:224508,0.02873087426026662
rxn:4:184063:223360,0.028720656710286296
rxn:4:183999:228629,0.028716798623402914
rxn:4:208435:227292,0.028711516232717605
rxn:4:215327:222449,0.028666505107173213
rxn:4:191618:223234,0.028665753702322643
rxn:4:215320:222451,0.028648288051287333
rxn:4:215347:223360,0.028624885612063937
rxn:4:184096:228140,0.0286148443366542
rxn:4:173723:222529,0.02861346392070546
rxn:4:215327:226130,0.02860510051250458
rxn:4:205311:227292,0.02856404185295105
rxn:4:195862:223927,0.028560748057706014
rxn:4:191415:228097,0.02855030350063158
rxn:4:216470:223234,0.02853594328227796
rxn:4:195128:223109,0.028522857210852882
rxn:4:195296:228293,0.02851309213373396
rxn:4:205660:228384,0.02850934863090515
rxn:4:195704:228683,0.028489044734409878
rxn:4:184063:223170,0.028482697226784447
rxn:4:174682:225086,0.02847510576248169
rxn:4:208033:222980,0.028464805512201218
rxn:4:215320:222888,0.02846386194229126
rxn:4:215327:222888,0.028451090509241276
rxn:4:195862:227625,0.028443450277501888
rxn:4:195155:228692,0.028441059589385986
rxn:4:184063:222846,0.02842198120696204
rxn:4:191437:227893,0.02840584847662184
rxn:4:191618:222608,0.028402690092722574
rxn:4:202272:226583,0.028402482018326267
rxn:4:216394:224508,0.028398551724173805
rxn:4:195585:228140,0.02836528718471527
rxn:4:193518:227116,0.02835263671546147
rxn:4:202851:222846,0.02834364414215088
rxn:4:188106:227303,0.02833634614944458
rxn:4:208252:226330,0.028311958438471743
rxn:4:216393:226330,0.02831164002418518
rxn:4:203617:223236,0.028309517893297918
rxn:4:217925:224617,0.028284795937084016
rxn:4:193518:223052,0.0282317332683071
rxn:4:216393:223194,0.02821885546048482
rxn:4:191618:228097,0.0281718865684841
rxn:4:205242:227303,0.028143570536658877
rxn:4:194456:225098,0.028133570154507955
rxn:4:188207:228695,0.028129006686963533
rxn:4:215320:223139,0.02811127965864928
rxn:4:192165:225087,0.02808719128370285
rxn:4:183834:223130,0.028081885538995266
rxn:4:195862:227292,0.02804100513458252
rxn:4:188207:223219,0.028027332964397612
rxn:4:194718:226331,0.028023263439536095
rxn:4:217545:226843,0.027985785007476807
rxn:4:205242:224508,0.027981693744659423
rxn:4:191595:223219,0.02798162335934846
rxn:4:191551:223280,0.02797808430411599
rxn:4:191618:223130,0.027964677810668945
rxn:4:215327:225532,0.027955767654237292
rxn:4:211123:225087,0.027952171862125397
rxn:4:173723:222969,0.02795125146706899
rxn:4:183729:228103,0.027937546853096254
rxn:4:174682:224179,0.027934624751408895
rxn:4:174721:226104,0.027901929158430833
rxn:4:174728:228764,0.02787200113137563
rxn:4:215320:222583,0.027865624853542874
rxn:4:215320:227929,0.027858210461480275
rxn:4:195585:225581,0.027855766856152077
rxn:4:215320:228530,0.027851021289825438
rxn:4:194487:226340,0.027845458686351778
rxn:4:191437:227303,0.027843149084793895
rxn:4:175469:228693,0.02784024786066126
rxn:4:194456:224617,0.02783539410560362
rxn:4:202851:228306,0.02780653749193464
rxn:4:188207:228384,0.027806025743484498
rxn:4:191618:228103,0.027800171271614407
rxn:4:195453:226583,0.0277982543815266
rxn:4:215320:224490,0.02777214921437777
rxn:4:215320:227004,0.027763475748625668
rxn:4:195155:226330,0.027755338212718136
rxn:4:208363:222604,0.027750136852264403
rxn:4:196952:222846,0.02774499815243941
rxn:4:193238:222888,0.02770822212613862
rxn:4:216137:228692,0.027690494502032245
rxn:4:205192:223360,0.027684489885965984
rxn:4:188106:222693,0.02767637945138491
rxn:4:217545:223421,0.027660196477716618
rxn:4:174682:223895,0.02762792764171477
rxn:4:193386:223146,0.027626590004989078
rxn:4:220020:225308,0.02762320445429894
rxn:4:195585:224621,0.027614818811416628
rxn:4:215320:224619,0.027614680620340202
rxn:4:195862:228695,0.027612245082855223
rxn:4:202272:225547,0.027611012406208935
rxn:4:195862:223279,0.027606942436911842
rxn:4:208601:223279,0.02760262922807173
rxn:4:216137:228002,0.02760192645447595
rxn:4:188104:228683,0.027560419506496854
rxn:4:214057:228995,0.027556732829127992
rxn:4:194487:223131,0.027554817497730255
rxn:4:184099:228693,0.027549836671713627
rxn:4:173723:224933,0.02754830737267771
rxn:4:203639:222693,0.02753622829914093
rxn:4:194456:228002,0.027521332296041343
rxn:4:173723:228128,0.027513217042993615
rxn:4:173723:226188,0.027499462509977406
rxn:4:195296:223110,0.027480822801589967
rxn:4:191975:225591,0.027473263442516327
rxn:4:201265:222846,0.027405947960656266
rxn:4:195704:227004,0.0274052276559498
rxn:4:180875:222969,0.027391563762318005
rxn:4:191895:222693,0.027372821019246027
rxn:4:173723:229159,0.027368886470794676
rxn:4:191895:226129,0.0273677950555628
rxn:4:216394:226130,0.027365948024548982
rxn:4:195128:227291,0.02736557097662063
rxn:4:191415:229097,0.027352682181767056
rxn:4:194456:223109,0.02735259916101183
rxn:4:208362:228306,0.027350955539279513
rxn:4:184065:222413,0.02734139934182167
rxn:4:188106:222864,0.027322934319575626
rxn:4:184096:223142,0.02732088906424386
rxn:4:208360:222983,0.027272286869230725
rxn:4:188106:225898,0.02723303566808286
rxn:4:211172:225723,0.027219400594108982
rxn:4:194456:228570,0.027219104766845702
rxn:4:208033:222888,0.027212901548905807
rxn:4:193131:224508,0.027161328122019768
rxn:4:183999:228560,0.027157661815484364
rxn:4:184065:227893,0.02713969830543764
rxn:4:216470:225178,0.027134380557320335
rxn:4:205064:222846,0.02712600391644698
rxn:4:174728:228302,0.027105059623718262
rxn:4:192165:225595,0.027087773965752644
rxn:4:188104:223147,0.02704099246433803
rxn:4:173723:224617,0.027025372721254826
rxn:4:215327:223227,0.027023014269377057
rxn:4:217545:228570,0.027021324092691593
rxn:4:195155:223351,0.0270186634290786
rxn:4:184099:223350,0.027015836799845976
rxn:4:196954:222915,0.027005092455790594
rxn:4:195704:225547,0.026994208097457884
rxn:4:211701:223381,0.02697299122810364
rxn:4:174720:228103,0.026971977204084396
rxn:4:208252:225178,0.02692724409557524
rxn:4:209284:228692,0.026927006872076737
rxn:4:216470:223195,0.026919571976912648
rxn:4:195585:228692,0.02691797519984998
rxn:4:208252:223108,0.026916278036017167
rxn:4:174721:226843,0.026911332057072565
rxn:4:184063:223138,0.026903982641118946
rxn:4:188104:228097,0.026890971158680162
rxn:4:193386:222864,0.02688878377278646
rxn:4:215320:228092,0.026881798392250425
rxn:4:191895:226623,0.026798242872411556
rxn:4:217340:223227,0.026796234690624733
rxn:4:219210:223227,0.02679565114279588
rxn:4:176409:224179,0.026780347029368084
rxn:4:208199:223110,0.026775915920734406
rxn:4:174726:228116,0.02675508975982666
rxn:4:191551:222604,0.026753644858087813
rxn:4:208360:225805,0.02674762975601923
rxn:4:216413:223227,0.026736610465579562
rxn:4:192165:222604,0.026729615750136198
rxn:4:217545:227230,0.026725836098194122
rxn:4:174728:225308,0.026722476400178056
rxn:4:194456:224508,0.02669808749229677
rxn:4:208255:223054,0.026678404211997984
rxn:4:191415:223239,0.026670299470424652
rxn:4:218802:226843,0.026665843302203764
rxn:4:198105:228570,0.026661777496337892
rxn:4:195538:225805,0.02663637426766482
rxn:4:183999:228695,0.026618650555610655
rxn:4:194718:223266,0.02659032710136906
rxn:4:193386:224619,0.02655789929051553
rxn:4:208435:228693,0.026535805902983014
rxn:4:216463:227303,0.026523753216392117
rxn:4:191914:226843,0.026514387649038563
rxn:4:205311:228091,0.02650432837636847
rxn:4:192165:223146,0.026502449404109608
rxn:4:174720:227972,0.02649579445521037
rxn:4:188207:228570,0.026491325152547734
rxn:4:195128:227892,0.026478660106658936
rxn:4:214079:226330,0.026444275722359165
rxn:4:191551:228097,0.026390724238895234
rxn:4:184063:226458,0.026355214642755913
rxn:4:173723:224100,0.026353088292208584
rxn:4:211701:226458,0.02634403312748129
rxn:4:191895:222470,0.026322965111051286
rxn:4:173723:224481,0.026304899714887142
rxn:4:202967:223400,0.026268698667225084
rxn:4:203724:223236,0.026264339685440063
rxn:4:184063:223311,0.02626001306118504
rxn:4:215347:223127,0.026237910985946654
rxn:4:217545:226623,0.026231820583343505
rxn:4:195704:225724,0.026208832263946533
rxn:4:211168:226583,0.026191622018814087
rxn:4:203617:228306,0.02618604153394699
rxn:4:191551:228293,0.02617491426922026
rxn:4:217925:225723,0.026164243095799497
rxn:4:193386:225087,0.026137712597846984
rxn:4:211172:223227,0.026109060820411232
rxn:4:174721:226844,0.026070078978171714
rxn:4:191895:223236,0.026063325859251477
rxn:4:194487:222969,0.026046963468674692
rxn:4:195155:222413,0.0260099551894448
rxn:4:214057:222983,0.026002163688341778
rxn:4:195862:226843,0.025992981765581215
rxn:4:198092:226844,0.02598720438340131
rxn:4:183994:227892,0.02597724199295044
rxn:4:205160:227292,0.025955474376678465
rxn:4:211114:225532,0.02592422564824422
rxn:4:208435:228140,0.025922501087188722
rxn:4:215320:223054,0.025899564226468403
rxn:4:211107:228683,0.025897877556937083
rxn:4:214057:224508,0.02589146281991686
rxn:4:174728:226843,0.02588084891990379
rxn:4:208601:225898,0.02587789421280225
rxn:4:219210:223130,0.025859930515289307
rxn:4:191975:223108,0.025843137786501928
rxn:4:215320:225724,0.025836491336425144
rxn:4:216137:223198,0.025821920612762714
rxn:4:205660:227893,0.025818250396034935
rxn:4:191618:228293,0.025811726632325546
rxn:4:195128:223146,0.02581077814102173
rxn:4:205160:228543,0.02580443686909146
rxn:4:202309:223054,0.025793641367379355
rxn:4:215327:226330,0.02577270269393921
rxn:4:217545:227622,0.025763822098573048
rxn:4:208255:222604,0.025755794097979862
rxn:4:215320:223234,0.025750842961398037
rxn:4:195777:225178,0.025750473789546802
rxn:4:194718:222915,0.025734031463370603
rxn:4:191595:222983,0.025728528499603272
rxn:4:205660:228097,0.02569333938035098
rxn:4:208435:228794,0.025672379292939838
rxn:4:195128:222915,0.025667478640874226
rxn:4:195862:225378,0.025665214061737062
rxn:4:192165:228002,0.025659346580505372
rxn:4:174721:227320,0.02559199571609497
rxn:4:191437:227292,0.02556912993129931
rxn:4:191415:227946,0.025536049967226776
rxn:4:174682:228543,0.025531543337780495
rxn:4:205205:227893,0.025517719984054565
rxn:4:220020:227625,0.02551692085606711
rxn:4:208435:225805,0.025514533986216007
rxn:4:195862:229135,0.025510213877025404
rxn:4:191595:223280,0.02549952139025149
rxn:4:191595:222592,0.02548999005350573
rxn:4:194487:222915,0.025447492953389883
rxn:4:173723:223443,0.025438399314880372
rxn:4:183999:228692,0.025424766540527343
rxn:4:205660:223443,0.025424085557460785
rxn:4:189370:226843,0.02541810053366202
rxn:4:211181:228306,0.025417611002922058
rxn:4:195704:224715,0.02541048162513309
rxn:4:183994:224490,0.025396109478814263
rxn:4:217545:223566,0.025386781403512665
rxn:4:195862:228683,0.02538110315799713
rxn:4:217340:228306,0.025358208201148293
rxn:4:193238:222984,0.02532804012298584
rxn:4:211123:224617,0.025288420064108714
rxn:4:174728:228595,0.025277679165204365
rxn:4:195585:223130,0.02527624097737399
rxn:4:191595:228683,0.02527412630262829
rxn:4:195777:228384,0.025270405568574603
rxn:4:198097:228683,0.025269325574239096
rxn:4:202967:223360,0.025255346298217775
rxn:4:194487:223421,0.025232233383037424
rxn:4:195398:223047,0.025203477252613415
rxn:4:191551:222449,0.02520089497168859
rxn:4:193518:227829,0.025173749242510115
rxn:4:214728:226583,0.02517250765647207
rxn:4:215327:222604,0.02516881227493286
rxn:4:195453:226330,0.025160744786262512
rxn:4:219210:223381,0.025159541679465252
rxn:4:208601:228097,0.0251579483350118
rxn:4:191415:223350,0.025149055149244225
rxn:4:174728:224841,0.025141362486214472
rxn:4:203724:228803,0.02512234926223755
rxn:4:191658:228683,0.025089429484473333
rxn:4:191975:222449,0.025073557027748654
rxn:4:205036:228570,0.025063054902212962
rxn:4:215327:223194,0.025057165246260792
rxn:4:188197:223350,0.02505669742822647
rxn:4:205660:224621,0.025053509959468135
rxn:4:220020:222846,0.025043152032359954
rxn:4:188104:227292,0.02503482699394226
rxn:4:195128:228140,0.025007861852645873
rxn:4:211168:225532,0.024995599474225725
rxn:4:183695:222846,0.02499116781879874
rxn:4:215320:228302,0.024978891015052795
rxn:4:205660:226843,0.0249716117978096
rxn:4:191618:227303,0.02497120201587677
rxn:4:183999:223110,0.024966853134559864
rxn:4:184063:225724,0.024936323656755334
rxn:4:184063:223421,0.024903986851374307
rxn:4:188106:225456,0.02489919506985208
rxn:4:205242:223421,0.024883094586824115
rxn:4:208363:225436,0.02487821238381522
rxn:4:205205:228097,0.02486485242843628
rxn:4:202285:228140,0.02484774390856425
rxn:4:183999:229147,0.024837988203969496
rxn:4:191942:226843,0.024776151180267336
rxn:4:194456:222864,0.02473635276158651
rxn:4:173723:224490,0.02471279725432396
rxn:4:195862:228962,0.02468157112598419
rxn:4:188106:223147,0.02467817880890586
rxn:4:195296:226330,0.024663197994232177
rxn:4:195128:225595,0.024658449318097984
rxn:4:195704:227892,0.024658283049410038
rxn:4:209284:223443,0.0246415204472012
rxn:4:217545:227625,0.02463034788767497
rxn:4:191895:222983,0.024627192512802456
rxn:4:205064:223227,0.0246148899845455
rxn:4:205192:228306,0.02460066808594598
rxn:4:183695:223004,0.024585755485476868
rxn:4:217545:223236,0.024573538452386856
rxn:4:173723:225086,0.02454467261991193
rxn:4:184096:223138,0.024543781152793338
rxn:4:217545:223892,0.024539504448572794
rxn:4:216470:222449,0.02453587673328541
rxn:4:191895:228097,0.02452601194381714
rxn:4:205064:228962,0.024519426482064382
rxn:4:195398:226843,0.024485485894339427
rxn:4:195704:222803,0.024453746775786083
rxn:4:205660:228794,0.024444775921957835
rxn:4:173723:226843,0.024434496616495067
rxn:4:191415:226384,0.024400801658630372
rxn:4:173723:229262,0.024384083847204845
rxn:4:174721:222997,0.024363464779324003
rxn:4:183999:223227,0.024342436576262116
rxn:4:191545:223398,0.02433682680130005
rxn:4:188106:225098,0.024314270665248234
rxn:4:216470:222980,0.024264392398652575
rxn:4:205160:228097,0.02425816812013325
rxn:4:208362:225723,0.024252172027315413
rxn:4:198093:223699,0.024239561210076015
rxn:4:195704:223109,0.02422882616519928
rxn:4:173723:229038,0.02420610308647156
rxn:4:217545:223109,0.02420449733734131
rxn:4:195538:228306,0.02420434826298764
rxn:4:198105:222969,0.024196091451142963
rxn:4:176409:229221,0.024194901897793726
rxn:4:213484:224523,0.024193684260050457
rxn:4:211114:225086,0.024183892890026693
rxn:4:191618:225581,0.02417584565969614
rxn:4:217545:222915,0.0241360553988704
rxn:4:174721:224301,0.024134490887324014
rxn:4:202272:223142,0.024107066067782314
rxn:4:203617:223146,0.02409386485815048
rxn:4:191895:226166,0.024064325473525307
rxn:4:198105:223131,0.024054815371831257
rxn:4:191415:223045,0.02403662296441885
rxn:4:190254:226844,0.024034359625407627
rxn:4:184063:223266,0.02402119943872094
rxn:4:183695:223007,0.02400584157669183
rxn:4:191618:225086,0.02400161381121035
rxn:4:193518:222683,0.023984388393514296
rxn:4:208255:223108,0.023981640213414243
rxn:4:191975:225805,0.02395007014274597
rxn:4:174728:226705,0.02393681693960119
rxn:4:173723:229078,0.023921631574630738
rxn:4:195704:223198,0.023921588192815365
rxn:4:174728:227583,0.02389302162023691
rxn:4:174682:225087,0.023888110050133297
rxn:4:217545:228099,0.02385201402332472
rxn:4:211123:222982,0.023847934446836774
rxn:4:174728:224180,0.023836528101275043
rxn:4:187677:226705,0.023820860819383102
rxn:4:208435:223234,0.02381719294048491
rxn:4:191618:226583,0.023812812566757203
rxn:4:174232:228692,0.023791704859052385
rxn:4:174682:227000,0.023788297176361085
rxn:4:208360:227893,0.02373523513476054
rxn:4:176409:224490,0.02373456543889539
rxn:4:203639:222980,0.023684457458298783
rxn:4:214900:223108,0.023631064221262932
rxn:4:174682:225272,0.02358623913356236
rxn:4:201265:226828,0.023559146457248263
rxn:4:184099:223197,0.023539934839521135
rxn:4:201699:228097,0.023539714258292627
rxn:4:193518:225115,0.023536137770861387
rxn:4:205660:228002,0.02349851449782198
rxn:4:213693:222846,0.023490265011787415
rxn:4:191415:223312,0.02345266419908275
rxn:4:184067:226583,0.023445234979901995
rxn:4:216394:222980,0.02344169020652771
rxn:4:189394:228384,0.02344125509262085
rxn:4:214889:226330,0.02342367172241211
rxn:4:174682:229006,0.023409114642576737
rxn:4:184065:224959,0.02337803500039237
rxn:4:191895:222604,0.02337730703530488
rxn:4:191551:226129,0.02337590313476065
rxn:4:208363:222449,0.023338415004588938
rxn:4:191595:228306,0.023338336836207996
rxn:4:203724:228002,0.023335018983254067
rxn:4:214057:222864,0.023325462551677927
rxn:4:205036:226331,0.023323937008778255
rxn:4:191895:223382,0.023317275941371916
rxn:4:215320:227297,0.023307934403419495
rxn:4:191618:224088,0.023298028214224453
rxn:4:194718:223004,0.023295611255999767
rxn:4:191595:222604,0.023278811882282126
rxn:4:205064:223279,0.02325649365134861
rxn:4:191658:227024,0.02325027883052826
rxn:4:191618:223031,0.02324416431096884
rxn:4:191263:228091,0.02323896884918213
rxn:4:195862:224995,0.023193705081939697
rxn:4:192165:223280,0.023186084770020984
rxn:4:195453:222470,0.023184610264641897
rxn:4:205036:225438,0.02316935658454895
rxn:4:184096:228693,0.02316398359835148
rxn:4:173723:228357,0.023161196046405368
rxn:4:208601:225805,0.02315550794204076
rxn:4:208435:228293,0.02315102219581604
rxn:4:174721:225110,0.023130586104733602
rxn:4:193143:228367,0.023129753091118553
rxn:4:211172:226623,0.02312054567866855
rxn:4:203617:223138,0.02310313532749812
rxn:4:191595:228293,0.023099346594377
rxn:4:173303:226582,0.02309897541999817
rxn:4:174682:228306,0.023089798788229626
rxn:4:211172:226843,0.023076487912072077
rxn:4:174728:223136,0.02307158487814444
rxn:4:193518:226340,0.023061464230219524
rxn:4:203639:223109,0.02304911826338087
rxn:4:215327:223108,0.02304198145866394
rxn:4:191263:223398,0.023024226489819978
rxn:4:204375:222846,0.02300967507321259
rxn:4:193386:223360,0.023004409212332506
rxn:4:205660:222846,0.02298467319745284
rxn:4:214894:223279,0.02296550427713702
rxn:4:205036:223421,0.022958360967181977
rxn:4:205036:226188,0.022954133960107963
rxn:4:191551:224088,0.022893325046256737
rxn:4:198105:225724,0.022882568208794845
rxn:4:195128:223386,0.022868141531944275
rxn:4:215327:223054,0.022864777417409988
rxn:4:183940:227892,0.022839726940278086
rxn:4:191975:227292,0.02282942533493042
rxn:4:188104:225087,0.022798249255055966
rxn:4:183994:228692,0.02279509655360518
rxn:4:205059:228306,0.022787107662721115
rxn:4:219210:223109,0.02278550446033478
rxn:4:215324:223108,0.022785234451293945
rxn:4:191618:222980,0.022783843370584343
rxn:4:184063:223031,0.022782618508619422
rxn:4:191263:228293,0.022754225134849548
rxn:4:211123:225086,0.022750398516654967
rxn:4:174728:226188,0.022748539845148723
rxn:4:183999:227024,0.022728941403329372
rxn:4:183729:228140,0.022706504791013656
rxn:4:216137:223054,0.022697314139335387
rxn:4:188197:228683,0.02269342152968697
rxn:4:208435:224100,0.02268351958348201
rxn:4:195585:222980,0.02268257348433785
rxn:4:215320:227230,0.0226817327466878
rxn:4:209284:226330,0.022677183151245117
rxn:4:217545:225438,0.022674003472694985
rxn:4:211168:222693,0.022658638656139374
rxn:4:194456:225086,0.02265356183052063
rxn:4:195585:225595,0.022636817849200706
rxn:4:174720:228693,0.022594493368397587
rxn:4:215327:225178,0.022587545893409035
rxn:4:195585:226583,0.02257422290065072
rxn:4:216137:223110,0.0225605974594752
rxn:4:183999:225545,0.022560425540980172
rxn:4:201265:227116,0.02253906514782172
rxn:4:191545:228293,0.022519276255653017
rxn:4:193238:228293,0.02250777244567871
rxn:4:195704:223130,0.022472384696205456
rxn:4:217925:223054,0.022447385286030016
rxn:4:220020:225547,0.022443145513534546
rxn:4:205192:224508,0.022433760373488716
rxn:4:217926:222470,0.022412280241648357
rxn:4:214062:228000,0.0223962914559149
rxn:4:208678:226843,0.022372621297836303
rxn:4:184063:227893,0.0223668102295168
rxn:4:208601:224508,0.02234699634405283
rxn:4:189394:222633,0.02233950580869402
rxn:4:211168:222980,0.02233493895757766
rxn:4:191551:228092,0.022321567648933047
rxn:4:184065:228570,0.022314552466074625
rxn:4:193143:226340,0.02229339877764384
rxn:4:183834:225308,0.02229141312486985
rxn:4:183999:228693,0.02228229244550069
rxn:4:174728:225547,0.022278917687279836
rxn:4:218802:228794,0.02226533740758896
rxn:4:205660:225805,0.022220022678375244
rxn:4:191263:228692,0.022216632177955227
rxn:4:205064:228692,0.022205287501925512
rxn:4:195704:228091,0.022198318080468613
rxn:4:191551:222693,0.022195318230876216
rxn:4:196952:222413,0.022178188614223316
rxn:4:174720:223224,0.022154682874679567
rxn:4:203617:223892,0.022152023443153927
rxn:4:217545:228306,0.022148090860118038
rxn:4:174682:228987,0.022132694721221924
rxn:4:203617:225724,0.0221134255970678
rxn:4:205401:228384,0.022110331058502197
rxn:4:216394:222604,0.022090323269367218
rxn:4:174721:224490,0.0220838764618183
rxn:4:195155:223236,0.022054796869104557
rxn:4:184063:228570,0.022052682439486184
rxn:4:211168:224617,0.022047737370366634
rxn:4:195128:227023,0.02204575992765881
rxn:4:218802:225724,0.022031642496585846
rxn:4:191545:228692,0.022014600038528443
rxn:4:184096:226844,0.0219960732119424
rxn:4:194718:226166,0.021991997957229614
rxn:4:208011:225378,0.021948798136277634
rxn:4:191895:223443,0.02191989289389716
rxn:4:183999:226340,0.021915956428556732
rxn:4:195777:225318,0.02189828001934549
rxn:4:215327:222984,0.021898053941272554
rxn:4:191618:227892,0.021896660327911377
rxn:4:191595:222693,0.021876704479966844
rxn:4:205660:225581,0.021846060752868653
rxn:4:214889:224088,0.021844626324517388
rxn:4:214889:223234,0.021834476788838705
rxn:4:191595:226583,0.021816054979960125
rxn:4:174728:224301,0.02180025750590909
rxn:4:216393:225436,0.02179707884788513
rxn:4:195296:227291,0.02177945563667699
rxn:4:203639:222449,0.021751631157738822
rxn:4:203617:226331,0.021698964387178422
rxn:4:183994:225318,0.02169853010598351
rxn:4:205660:225723,0.021682775020599364
rxn:4:205660:223396,0.021682120504833403
rxn:4:191415:223199,0.021665578087170918
rxn:4:195296:224508,0.021660336981648983
rxn:4:214057:223127,0.02164327073842287
rxn:4:193386:223147,0.02162896309580122
rxn:4:183999:223360,0.02160343768135194
rxn:4:184063:226166,0.02158694059559793
rxn:4:194487:226188,0.021585373828808468
rxn:4:195704:223699,0.021577942034890576
rxn:4:215320:222915,0.021575847864151
rxn:4:208435:225591,0.021532873744549957
rxn:4:208033:225532,0.021522317613874162
rxn:4:173723:229032,0.021521615982055663
rxn:4:191895:224481,0.021508307456970216
rxn:4:195585:227024,0.021481257109414963
rxn:4:217926:222969,0.02147646013059114
rxn:4:188207:227893,0.021472421288490296
rxn:4:218802:228103,0.02147217660114683
rxn:4:214900:223197,0.021452327889780843
rxn:4:214728:227024,0.021444348549401318
rxn:4:183999:224995,0.021437612708125796
rxn:4:211181:228683,0.02143716812133789
rxn:4:191658:228097,0.021422712426436574
rxn:4:173723:223418,0.021421237633778498
rxn:4:215320:223227,0.021410681984641335
rxn:4:195704:228560,0.021406656219845728
rxn:4:208435:228683,0.02140552746622186
rxn:4:211124:224301,0.021387356587431648
rxn:4:215347:222983,0.02138122490474156
rxn:4:215320:228140,0.021346384570712133
rxn:4:216393:223127,0.021293558572468004
rxn:4:216394:222888,0.02125874161720276
rxn:4:183834:223223,0.021254902885806178
rxn:4:217545:226844,0.021248108148574828
rxn:4:216470:225581,0.02123624086380005
rxn:4:213693:228306,0.021223966417641474
rxn:4:173723:222915,0.02120593863148843
rxn:4:174728:226298,0.021204825904634263
rxn:4:191595:226582,0.02115987365444501
rxn:4:184063:225591,0.021142058074474335
rxn:4:210155:223566,0.021113454334197507
rxn:4:203724:225378,0.021110866467158
rxn:4:174720:222855,0.021102200661386763
rxn:4:217545:223400,0.021097645163536072
rxn:4:183999:225724,0.021091400700456956
rxn:4:203617:223927,0.021068898269108363
rxn:4:184063:225378,0.02104914103235517
rxn:4:211107:226843,0.021047532558441162
rxn:4:203724:222915,0.02103351056575775
rxn:4:214079:226583,0.021024637601592323
rxn:4:214062:228092,0.021006390933067567
rxn:4:208435:224508,0.020966625809669494
rxn:4:194487:224715,0.020919015913298637
rxn:4:191595:223350,0.020885949785059147
rxn:4:188106:225086,0.02085817853609721
rxn:4:195517:226583,0.020835936069488525
rxn:4:213693:223223,0.020833140735824904
rxn:4:182431:222470,0.020829470261283543
rxn:4:215320:222864,0.020802115201950074
rxn:4:211123:225098,0.02077835500240326
rxn:4:202967:228000,0.02077820897102356
rxn:4:182435:228306,0.02077784389257431
rxn:4:217545:222470,0.020772880123507594
rxn:4:188106:223197,0.020745027632940383
rxn:4:209284:228683,0.020728437524092824
rxn:4:205160:223280,0.02072571814060211
rxn:4:208360:223280,0.020708860535370677
rxn:4:205205:228570,0.020706615949931898
rxn:4:213484:223146,0.020695415635903675
rxn:4:215320:225086,0.020686327815055847
rxn:4:211168:225456,0.02066633247193836
rxn:4:214889:222983,0.020664958748966455
rxn:4:188197:223219,0.02066209673881531
rxn:4:184063:222983,0.02056042236440322
rxn:4:188106:227024,0.020543896016620454
rxn:4:193143:223279,0.02054032035495924
rxn:4:213484:228130,0.020519062876701355
rxn:4:191545:228803,0.02050272822380066
rxn:4:184099:228621,0.020482124704303162
rxn:4:211130:225724,0.0204816084159048
rxn:4:183834:225805,0.020475747910412876
rxn:4:213693:227622,0.02047506272792816
rxn:4:211168:226330,0.02046957015991211
rxn:4:183695:228570,0.020462674570494686
rxn:4:192165:224621,0.02041227579116821
rxn:4:183940:222915,0.020408819402967182
rxn:4:195862:226340,0.020389556884765625
rxn:4:184063:223147,0.020363319100755634
rxn:4:217545:223699,0.020318453665822744
rxn:4:205064:223421,0.020315323557172502
rxn:4:205660:228570,0.020291856357029507
rxn:4:174721:226705,0.020271452573629525
rxn:4:180875:222915,0.020259127668712452
rxn:4:215320:222683,0.020255214638180204
rxn:4:195453:226623,0.020233705639839172
rxn:4:194718:229262,0.020221533598723234
rxn:4:217925:223127,0.020215521256128948
rxn:4:183999:227893,0.020210760255013744
rxn:4:183940:226844,0.02017859076008652
rxn:4:173723:225118,0.0201775316269167
rxn:4:183994:228570,0.020173946331287253
rxn:4:183999:223146,0.02017270525296529
rxn:4:214894:226583,0.020145691465586424
rxn:4:195862:227116,0.0201339606534351
rxn:4:195777:222980,0.020133067261088978
rxn:4:194718:223350,0.020130873719851176
rxn:4:191975:227297,0.020122337341308593
rxn:4:183994:223130,0.020085769705474377
rxn:4:208360:224508,0.020076009242430977
rxn:4:191595:223031,0.020057610273361205
rxn:4:205437:226843,0.020037458056495303
rxn:4:215320:222693,0.020018234297081276
rxn:4:220020:223892,0.020014969741596896
rxn:4:208362:225595,0.020008498714083715
rxn:4:174721:226828,0.01998636585015517
rxn:4:216586:228140,0.01997894989816766
rxn:4:216393:227023,0.019947853353288438
rxn:4:174682:224617,0.01994670054008221
rxn:4:218802:222413,0.019940062363942464
rxn:4:205036:226990,0.019915020984152088
rxn:4:183695:222969,0.019913316224560593
rxn:4:205660:225724,0.019910008907318116
rxn:4:183994:223138,0.019881420768797398
rxn:4:195155:223004,0.019877978911002476
rxn:4:205660:228306,0.019875396381724964
rxn:4:211123:222984,0.019838295484844008
rxn:4:208435:228306,0.01980246603488922
rxn:4:211114:222888,0.019790749800832647
rxn:4:215320:228692,0.01977620869874954
rxn:4:210155:222969,0.019756967822710674
rxn:4:187677:223400,0.01975417137145996
rxn:4:217340:228543,0.019740111771084014
rxn:4:211168:222541,0.0197281813621521
rxn:4:195517:228293,0.019724994897842407
rxn:4:188104:225086,0.019717955070993175
rxn:4:182431:226331,0.019691956393858966
rxn:4:203639:228543,0.019691295623779297
rxn:4:211701:222915,0.019679203629493713
rxn:4:208435:227893,0.01967644691467285
rxn:4:211124:223566,0.019675017549441412
rxn:4:208033:227291,0.019673560795031096
rxn:4:184063:227022,0.01966836489737034
rxn:4:211172:226844,0.019665135277642146
rxn:4:208199:223227,0.019663975427025242
rxn:4:214889:225532,0.01963148033246398
rxn:4:194487:223236,0.019624284115330928
rxn:4:205401:223398,0.019618511199951172
rxn:4:183999:223109,0.019588514710917618
rxn:4:195704:225595,0.019573274850845337
rxn:4:205059:223007,0.019568930864334106
rxn:4:192165:228099,0.019564318656921386
rxn:4:218802:225378,0.019533371383493595
rxn:4:174721:225547,0.01953068044450548
rxn:4:217925:226088,0.01948016881942749
rxn:4:216393:223054,0.01947798877954483
rxn:4:215320:223055,0.01947087173660596
rxn:4:216137:225456,0.019464758134657336
rxn:4:195155:223139,0.019432006970695827
rxn:4:195704:225118,0.019407599018170282
rxn:4:211123:226330,0.019407484266493056
rxn:4:195704:223138,0.019402092322707176
rxn:4:217545:223131,0.01938045859336853
rxn:4:195128:223381,0.019375979900360107
rxn:4:195862:223031,0.019347752754886944
rxn:4:209284:223127,0.019339011474089188
rxn:4:216470:222593,0.01933415770530701
rxn:4:214728:226361,0.01932218564408166
rxn:4:215320:224508,0.019315913319587708
rxn:4:213693:223055,0.019270820543169975
rxn:4:217545:228140,0.01927064553551052
rxn:4:184063:228091,0.019267870533850887
rxn:4:183695:223052,0.019249858278216736
rxn:4:191551:229006,0.01924514143090499
rxn:4:218802:222969,0.019226793199777603
rxn:4:191895:223138,0.019225922497836025
rxn:4:183999:226166,0.019216453487222843
rxn:4:208601:228293,0.019172635816392444
rxn:4:183729:223109,0.019168358860593853
rxn:4:218802:222846,0.019146267889123974
rxn:4:191551:223146,0.019136340721793797
rxn:4:184065:228099,0.019129531998788158
rxn:4:191388:226843,0.019128141303857166
rxn:4:174721:228649,0.019113017165142555
rxn:4:211172:222803,0.019097072737557546
rxn:4:191263:227303,0.019087643850417363
rxn:4:193143:225378,0.01908652140544011
rxn:4:215347:228306,0.019077499707539875
rxn:4:195128:226458,0.019061438061974266
rxn:4:183729:228306,0.019054993506400816
rxn:4:198093:223047,0.01903998189502292
rxn:4:208601:228091,0.019037365913391113
rxn:4:215320:227914,0.019026635658173335
rxn:4:217340:225724,0.019009541273117065
rxn:4:201265:228130,0.018993203043937684
rxn:4:193518:224841,0.01898261345922947
rxn:4:191895:222803,0.018973023891448976
rxn:4:203617:228570,0.018944488907301868
rxn:4:193131:223170,0.018916735361362326
rxn:4:208255:223227,0.018910662995444402
rxn:4:183729:226331,0.018900298711025353
rxn:4:213693:223004,0.01888678316026926
rxn:4:195585:222449,0.018853471196930986
rxn:4:173723:224959,0.01883150589081549
rxn:4:195296:223227,0.018828396734438445
rxn:4:195128:227622,0.018813462484450566
rxn:4:208199:223054,0.018802011296862646
rxn:4:215320:222592,0.018791316875389645
rxn:4:174720:223141,0.018789913791876573
rxn:4:191415:223156,0.018789451122283935
rxn:4:181884:226843,0.018760889768600464
rxn:4:194487:226458,0.01875730852286021
rxn:4:174720:227091,0.018755538463592528
rxn:4:184099:227297,0.018719712325504848
rxn:4:203724:224995,0.018698212504386903
rxn:4:216393:222888,0.018695941993168423
rxn:4:187677:223360,0.01869341971412782
rxn:4:217545:227929,0.018688659953034443
rxn:4:191551:228103,0.018686937434332713
rxn:4:173723:228742,0.018677702316871055
rxn:4:195862:225591,0.018671659131844837
rxn:4:214900:223045,0.01866276426748796
rxn:4:195704:223146,0.018661241978406906
rxn:4:174720:222683,0.01859607795874278
rxn:4:193238:223421,0.018580300112565357
rxn:4:195862:223055,0.018557111422220867
rxn:4:173723:228962,0.018556913504233725
rxn:4:217340:226331,0.018490926052133243
rxn:4:217925:222608,0.018462248470472252
rxn:4:205036:228092,0.018452858383005314
rxn:4:205036:224100,0.018444084961499487
rxn:4:215320:222969,0.01840915282567342
rxn:4:195585:225178,0.01840590437253316
rxn:4:173723:226623,0.018382742487151046
rxn:4:191895:228621,0.018355978162665116
rxn:4:174682:226540,0.01831496449617239
rxn:4:188197:223146,0.018279451590317946
rxn:4:174721:227924,0.018274140854676563
rxn:4:216137:228097,0.018273580819368362
rxn:4:184096:223131,0.018252686943326678
rxn:4:174728:224100,0.018228284774288055
rxn:4:184065:228367,0.01819954187639298
rxn:4:210155:225378,0.01819681763648987
rxn:4:195517:222604,0.01818426847457886
rxn:4:198076:226843,0.01818289826898014
rxn:4:217925:223109,0.018175500962469313
rxn:4:191895:228693,0.018164013561449553
rxn:4:174728:226828,0.018161099266122888
rxn:4:215320:224621,0.018142170630968533
rxn:4:184096:226340,0.018134035276515144
rxn:4:183729:229050,0.018116963834598147
rxn:4:194718:228097,0.01808978964885076
rxn:4:188104:228695,0.018067889743381076
rxn:4:217545:228608,0.018061933869665318
rxn:4:205064:226705,0.018050122385223705
rxn:4:191415:229260,0.01804850623011589
rxn:4:193386:222888,0.018039088447888693
rxn:4:203617:225318,0.018021689727902412
rxn:4:183695:222803,0.018010666327817098
rxn:4:211171:228306,0.01799686998128891
rxn:4:215320:223699,0.017986783385276796
rxn:4:205064:222470,0.0179797758658727
rxn:4:208363:223108,0.017976945638656615
rxn:4:191545:228103,0.017960616520472934
rxn:4:174728:228357,0.017955846786499023
rxn:4:195155:226844,0.017932173998459526
rxn:4:208033:223195,0.017903177361739308
rxn:4:174720:227529,0.01789149045944214
rxn:4:191895:227893,0.017863044142723085
rxn:4:191437:224508,0.017850025840427563
rxn:4:183834:223227,0.017835248862543413
rxn:4:216463:228097,0.01783454418182373
rxn:4:191618:223350,0.017829231593919838
rxn:4:176409:226843,0.017822951078414917
rxn:4:202309:227303,0.017772153951227665
rxn:4:208252:223054,0.017762595415115358
rxn:4:209284:226583,0.01774832064455206
rxn:4:184099:228099,0.017725282732178185
rxn:4:205064:224100,0.017717013667736734
rxn:4:194718:228178,0.017715596159299216
rxn:4:215320:227024,0.017707533457062462
rxn:4:193143:228306,0.017695120789787987
rxn:4:220020:228097,0.01766317641293561
rxn:4:184063:227929,0.017663140450754473
rxn:4:211374:223566,0.017650681323018568
rxn:4:195128:223236,0.017633713427044097
rxn:4:174720:225098,0.017629008208002363
rxn:4:191595:223146,0.01762418324748675
rxn:4:217962:222470,0.017552374689667312
rxn:4:217545:225724,0.017526632031569116
rxn:4:183999:228794,0.01751986046632131
rxn:4:195585:222604,0.01751127949467412
rxn:4:191545:228794,0.017500439286231996
rxn:4:214671:226843,0.01749859963144575
rxn:4:192165:227024,0.017495021933601015
rxn:4:184065:227929,0.017475167589802897
rxn:4:203639:228570,0.017472039461135864
rxn:4:195704:228140,0.01746733080257069
rxn:4:184065:223108,0.017454194300102466
rxn:4:215320:228097,0.017440290678115117
rxn:4:203639:222888,0.017432876924673716
rxn:4:193386:225098,0.017430822054545086
rxn:4:213693:227230,0.017428008466959
rxn:4:173723:225115,0.017416150339188113
rxn:4:193238:224617,0.017411428689956664
rxn:4:183994:223109,0.01737433671951294
rxn:4:205311:223279,0.017372462153434753
rxn:4:191618:222592,0.017371559143066408
rxn:4:184063:227945,0.017341502251163605
rxn:4:198092:228306,0.01733860969543457
rxn:4:184067:227893,0.017331780809344666
rxn:4:187677:226990,0.017324689775705338
rxn:4:201265:223398,0.017309434711933136
rxn:4:195453:226843,0.017308300191705876
rxn:4:201401:226843,0.017277956008911133
rxn:4:202851:227945,0.017275083632696243
rxn:4:173723:222414,0.017252201480524882
rxn:4:195128:223194,0.0172373822757176
rxn:4:174726:227337,0.017227686368502103
rxn:4:217545:227303,0.01721549096206824
rxn:4:183999:222915,0.01719987392425537
rxn:4:193238:223146,0.01717553370528751
rxn:4:201265:225118,0.017172353534862912
rxn:4:194718:222846,0.017169476431958815
rxn:4:188197:228099,0.017164732019106548
rxn:4:205660:223052,0.01713005602359772
rxn:4:184063:227303,0.017119834199547768
rxn:4:217545:228103,0.017119322134100872
rxn:4:173723:228302,0.017114559809366863
rxn:4:219210:225547,0.017092019319534302
rxn:4:195155:222915,0.01707868039608002
rxn:4:211135:228683,0.017074310779571535
rxn:4:211168:223127,0.01704600304365158
rxn:4:194487:225308,0.0170413120649755
rxn:4:208601:223892,0.017009803227015903
rxn:4:188106:228692,0.017008745356609945
rxn:4:183994:223047,0.016985581679777664
rxn:4:218802:223052,0.016962590627372265
rxn:4:215324:223234,0.0169588892083419
rxn:4:215347:228002,0.016949195000860427
rxn:4:195704:224736,0.016947857759616995
rxn:4:214900:228140,0.016934214035669963
rxn:4:174682:227063,0.016924891471862793
rxn:4:217545:227024,0.01691982646783193
rxn:4:191551:223360,0.016915857791900635
rxn:4:195585:223421,0.016882565460707013
rxn:4:195862:223236,0.01687848297032443
rxn:4:173723:226705,0.01687310481893605
rxn:4:193386:225723,0.016868414549992
rxn:4:184063:228293,0.01685775936611237
rxn:4:194487:228742,0.016813674458750972
rxn:4:194718:225723,0.016783236328399544
rxn:4:195704:223145,0.016780441006024677
rxn:4:219210:222803,0.01675360543387277
rxn:4:191618:224180,0.016748269056451732
rxn:4:184096:223197,0.01674437172272626
rxn:4:191545:226129,0.016739601674287216
rxn:4:173723:229201,0.01673455412189166
rxn:4:207613:226844,0.01672565575801965
rxn:4:174721:224100,0.016718083620071413
rxn:4:184096:228794,0.016694472171366215
rxn:4:191551:228140,0.01668636855624971
rxn:4:195704:222413,0.01667251794234566
rxn:4:215320:222803,0.016671323002530977
rxn:4:215347:225805,0.01666182563418434
rxn:4:183994:225724,0.01665960026509834
rxn:4:182529:226843,0.01665100029536656
rxn:4:202272:227609,0.016642460599541664
rxn:4:194487:225723,0.0166397484079484
rxn:4:195704:223400,0.016634031775451842
rxn:4:194718:225118,0.016612940851379845
rxn:4:211135:222969,0.016594033492238897
rxn:4:195453:223139,0.01658857681534507
rxn:4:183940:228693,0.016542341311772665
rxn:4:180875:226843,0.016538662569863454
rxn:4:211123:224621,0.01651663439614432
rxn:4:193386:225086,0.016512433687845867
rxn:4:184065:228560,0.016503438850243888
rxn:4:195585:228306,0.016466835141181947
rxn:4:195398:222803,0.016450716493030388
rxn:4:187677:223421,0.016448288162549337
rxn:4:183999:225438,0.016447244321598727
rxn:4:184096:223127,0.016446221726281303
rxn:4:215347:227893,0.016415834426879883
rxn:4:195128:228742,0.01641062058900532
rxn:4:216413:223054,0.016383099555969238
rxn:4:205242:223280,0.016375252178737094
rxn:4:195777:228306,0.01635342052108363
rxn:4:208435:223197,0.016352654922576176
rxn:4:183999:227892,0.01633083051250827
rxn:4:174728:222956,0.01631788057940347
rxn:4:194487:223052,0.016305356496764768
rxn:4:195704:223398,0.01627823355652037
rxn:4:194718:228367,0.016247648000717162
rxn:4:184065:226331,0.01624387051119949
rxn:4:191415:229060,0.016237845023473103
rxn:4:214889:225178,0.01623541387644681
rxn:4:188104:227893,0.01621925203423751
rxn:4:205660:229050,0.01621614918112755
rxn:4:182436:223699,0.01620229721069336
rxn:4:183940:228092,0.016193276451480006
rxn:4:208363:225805,0.01618173292704991
rxn:4:217545:226705,0.01616891622543335
rxn:4:214062:228140,0.016166427443104404
rxn:4:191944:226843,0.016162389516830446
rxn:4:191551:227893,0.016153244745163692
rxn:4:188104:226330,0.016150859140214465
rxn:4:174682:224621,0.016137830142317146
rxn:4:213693:225378,0.01613321810057669
rxn:4:198111:223566,0.01609106705738948
rxn:4:217925:223110,0.01607500844531589
rxn:4:195517:225178,0.016063012860038063
rxn:4:183994:226623,0.0160516370087862
rxn:4:195155:223566,0.01605071367756013
rxn:4:188104:223360,0.016033732577374105
rxn:4:213693:225723,0.01602880225982517
rxn:4:193238:224619,0.015971454977989196
rxn:4:184099:222413,0.015918404715401787
rxn:4:191975:228803,0.015918064448568556
rxn:4:201265:228962,0.015910566474000614
rxn:4:209284:225805,0.01589887038521145
rxn:4:214900:225098,0.015886533786268794
rxn:4:215320:222608,0.015880552785737172
rxn:4:214079:227929,0.015876596012423114
rxn:4:213693:226458,0.015875177758355296
rxn:4:195704:223195,0.015871469741282257
rxn:4:208363:227303,0.015850904740785297
rxn:4:193518:226828,0.0158014843861262
rxn:4:174728:225115,0.015786541947003067
rxn:4:208360:223146,0.015783154964447023
rxn:4:187677:223047,0.015746105243177974
rxn:4:201306:226844,0.015745237469673157
rxn:4:215320:229221,0.015723023149702284
rxn:4:203639:228140,0.015717317278568562
rxn:4:193238:228002,0.015710270404815672
rxn:4:191658:228695,0.015706333849165175
rxn:4:195777:223146,0.015699390854154314
rxn:4:217545:223350,0.01569799754930579
rxn:4:211123:226088,0.01568495896127489
rxn:4:174682:227923,0.015684505303700764
rxn:4:191618:223360,0.015671400920204494
rxn:4:208033:226330,0.015668615698814392
rxn:4:214889:226583,0.015635308719450427
rxn:4:201306:224414,0.015619765434946333
rxn:4:184096:228803,0.015618495643138885
rxn:4:188106:222604,0.015602566025875233
rxn:4:191595:223398,0.015597014200119745
rxn:4:215320:228962,0.015592576563358307
rxn:4:183994:228543,0.015585241646602237
rxn:4:214062:223197,0.015577656216919422
rxn:4:205660:223007,0.01557603120803833
rxn:4:198076:223236,0.015575574710965157
rxn:4:202285:223194,0.015552531326970747
rxn:4:213693:227297,0.015499243885278702
rxn:4:183695:222413,0.015498197367114405
rxn:4:193386:226330,0.015482477311577116
rxn:4:214900:222864,0.01547489665886935
rxn:4:194718:228629,0.015459417269147676
rxn:4:183994:224715,0.015448950869696481
rxn:4:216586:223146,0.015430556876318795
rxn:4:191658:223396,0.015426940388149686
rxn:4:208033:226130,0.015404731035232544
rxn:4:183994:223227,0.015385644089791083
rxn:4:215324:227292,0.015343954688624331
rxn:4:216463:222983,0.015315443277359009
rxn:4:217962:226705,0.015308993203299386
rxn:4:191437:228097,0.015294432640075684
rxn:4:205036:226843,0.015283230692148209
rxn:4:182497:222470,0.015273288488388062
rxn:4:202967:224508,0.015269238948822022
rxn:4:184065:228293,0.015269191995743782
rxn:4:191595:223360,0.01526888527653434
rxn:4:188197:223198,0.01525091052055359
rxn:4:205064:222413,0.015241326845210531
rxn:4:183695:226340,0.01522117480635643
rxn:4:183940:227303,0.015212375670671463
rxn:4:216586:228384,0.0152018572154798
rxn:4:183999:227297,0.015201499685645103
rxn:4:191895:228099,0.015196880698204041
rxn:4:195704:228097,0.015187287872487848
rxn:4:184063:222413,0.015148836188018322
rxn:4:217545:223351,0.01513377739035565
rxn:4:214728:226340,0.015133269397275788
rxn:4:184096:226705,0.015109652706554958
rxn:4:194487:223007,0.015079094517615533
rxn:4:205064:228306,0.015052581375295465
rxn:4:209284:225898,0.015040094437806503
rxn:4:219210:229221,0.015036855638027192
rxn:4:219210:228357,0.014945290010908375
rxn:4:184063:223195,0.014933153986930847
rxn:4:217925:222864,0.01492050737142563
rxn:4:195777:228103,0.01490606759723864
rxn:4:211181:222969,0.01489672535344174
rxn:4:208011:225724,0.014876056285131545
rxn:4:216413:225178,0.01487506003606887
rxn:4:191895:224080,0.01483695782147921
rxn:4:195755:226843,0.014826561723436629
rxn:4:184063:228140,0.014809979546454645
rxn:4:208199:227303,0.014776110649108887
rxn:4:214900:223219,0.014766420087506693
rxn:4:195862:223223,0.014760273424061861
rxn:4:184099:227929,0.014759154004209182
rxn:4:184063:226705,0.014737313443964178
rxn:4:219210:228683,0.014736817641691729
rxn:4:195517:222980,0.014729233015151251
rxn:4:191595:228695,0.014723894141969226
rxn:4:174682:224619,0.014717848136507231
rxn:4:213693:226166,0.01469891398183761
rxn:4:202967:228683,0.014660000801086426
rxn:4:214728:228742,0.014651920199394226
rxn:4:216393:227022,0.014612457818455167
rxn:4:202272:227023,0.014612104743719101
rxn:4:211174:222969,0.014592239731236509
rxn:4:188104:223421,0.014570087194442749
rxn:4:215320:229135,0.014544758357499776
rxn:4:183940:228099,0.01454451487910363
rxn:4:195862:224841,0.014539164304733277
rxn:4:211701:225378,0.014534598061194023
rxn:4:205059:223142,0.014425615469614664
rxn:4:208601:223223,0.014424020593816584
rxn:4:208601:223421,0.014385376870632172
rxn:4:218802:226331,0.014379212933201943
rxn:4:191415:223125,0.014368470907211304
rxn:4:195704:223227,0.014368179699648981
rxn:4:191263:223359,0.014354856312274933
rxn:4:191618:224617,0.014340501810823168
rxn:4:209284:223350,0.014325550198554993
rxn:4:218802:223131,0.014320698476606799
rxn:4:184096:226331,0.014314331752913339
rxn:4:217545:223227,0.014307705064614614
rxn:4:183729:223131,0.014288463827335474
rxn:4:195862:222846,0.014275707006454467
rxn:4:174682:227829,0.014252794285615286
rxn:4:219210:222846,0.014244434458238107
rxn:4:203724:223892,0.014241695404052734
rxn:4:184096:228099,0.014223649646296646
rxn:4:208199:222449,0.01421675306779367
rxn:4:210155:224100,0.014182664178035877
rxn:4:217925:225098,0.014174073934555054
rxn:4:183729:227622,0.014150203205645084
rxn:4:213693:226188,0.014127412630665687
rxn:4:183940:227929,0.014108911637336977
rxn:4:214900:228097,0.014094933867454529
rxn:4:176807:227063,0.014070424048796944
rxn:4:201265:226623,0.014056269769315366
rxn:4:208360:227292,0.014045963161870054
rxn:4:213693:225308,0.014045728878541426
rxn:4:198076:223421,0.014038447822843279
rxn:4:214458:226340,0.013993470506234602
rxn:4:214728:228570,0.013990389108657837
rxn:4:173723:229211,0.01398180921872457
rxn:4:188106:223127,0.013965754346414045
rxn:4:188106:223421,0.013941804045125059
rxn:4:191437:227024,0.01393473462054604
rxn:4:173723:225110,0.01393321252638294
rxn:4:191394:226843,0.013911721607049307
rxn:4:194718:226705,0.013886590953916311
rxn:4:195862:226705,0.013879436513651972
rxn:4:205059:223351,0.013868328522552143
rxn:4:214062:225591,0.013867902405121747
rxn:4:184063:225318,0.013865693977900913
rxn:4:203617:223227,0.013855489420479742
rxn:4:205192:223146,0.013821348547935486
rxn:4:214900:223194,0.013813690793129706
rxn:4:176409:227829,0.01381071408589681
rxn:4:217340:226458,0.013799472401539484
rxn:4:214057:228692,0.013791396700102708
rxn:4:196952:226705,0.013790666436155638
rxn:4:211114:224617,0.013774111866950989
rxn:4:201265:226458,0.013763219118118286
rxn:4:184063:227023,0.013751382008194923
rxn:4:205205:228306,0.013711082935333251
rxn:4:215320:228621,0.013709969818592072
rxn:4:184099:228695,0.013696891791892775
rxn:4:214057:227024,0.013695012657873092
rxn:4:208199:225532,0.013689583256131127
rxn:4:183999:223047,0.0136879060198279
rxn:4:205036:226623,0.013671389470497767
rxn:4:184063:226330,0.013658133420077238
rxn:4:184063:223004,0.01365744585500044
rxn:4:191895:228683,0.013654197517194246
rxn:4:205660:228543,0.013645294876325698
rxn:4:205192:222983,0.013638842673528762
rxn:4:208601:227024,0.013634654608639803
rxn:4:195128:228293,0.01361674964427948
rxn:4:215320:225545,0.013607288400332132
rxn:4:192165:224508,0.013603140115737915
rxn:4:191895:223280,0.013602647043409802
rxn:4:211123:223108,0.013596620824601915
rxn:4:191658:227893,0.013596136319009881
rxn:4:183994:228695,0.013586088501173875
rxn:4:191595:227893,0.013560070232911543
rxn:4:191415:223280,0.013551032791535059
rxn:4:195398:228570,0.013536738024817573
rxn:4:195862:226188,0.013503318895464357
rxn:4:173723:226844,0.01347438014786819
rxn:4:191975:222983,0.013466370376673613
rxn:4:191545:226582,0.013459927361944447
rxn:4:182435:226843,0.013406468762291802
rxn:4:205401:228570,0.013402531021519712
rxn:4:215327:222980,0.013360914729890368
rxn:4:205064:226166,0.01335114116470019
rxn:4:193143:225115,0.013349503851853885
rxn:4:194487:228530,0.013322481402644405
rxn:4:174720:227329,0.013321001529693604
rxn:4:184099:223421,0.013317445688175432
rxn:4:191618:228695,0.013300072063099255
rxn:4:217545:226331,0.013281098008155823
rxn:4:211168:223110,0.013277962803840637
rxn:4:216586:228293,0.013274381035252622
rxn:4:195128:226583,0.013228056105700407
rxn:4:184099:228178,0.01322444002417957
rxn:4:214728:228306,0.013222935108038096
rxn:4:184063:228695,0.013220178087552388
rxn:4:215320:223566,0.01320151311735953
rxn:4:183729:223382,0.013185402078013267
rxn:4:194718:224715,0.013179868033954075
rxn:4:184099:228697,0.013172376336473408
rxn:4:217925:225086,0.013133774697780608
rxn:4:196952:223047,0.013110445737838745
rxn:4:205205:223396,0.013101185622968171
rxn:4:214728:227625,0.013098335928387113
rxn:4:183834:226458,0.013090277090668678
rxn:4:214057:223198,0.013084625044176656
rxn:4:174721:224180,0.013080249230066935
rxn:4:215320:224179,0.01307267447312673
rxn:4:213693:223146,0.013067203183327951
rxn:4:214062:223198,0.013059331802651286
rxn:4:195777:225595,0.013055430217222734
rxn:4:214057:223156,0.013013761024922132
rxn:4:195862:228248,0.012993202323005312
rxn:4:214062:227292,0.012986435554921627
rxn:4:211130:226843,0.012949135568406846
rxn:4:184065:227303,0.012932713143527508
rxn:4:211123:223130,0.012931280665927462
rxn:4:184063:226844,0.012911313410961267
rxn:4:211701:223566,0.012910081446170807
rxn:4:184067:228293,0.0128722529519688
rxn:4:214900:223054,0.012838248727899609
rxn:4:217925:222693,0.012824222445487976
rxn:4:205059:223054,0.012808364629745484
rxn:4:191415:227702,0.01278305302063624
rxn:4:195704:222915,0.01275541977240489
rxn:4:195777:227625,0.012740525603294372
rxn:4:204375:223054,0.012731183852468218
rxn:4:213693:226583,0.012724734842777252
rxn:4:195155:222969,0.012715650101502737
rxn:4:195862:229006,0.012700620450471578
rxn:4:193386:228293,0.012700268855461707
rxn:4:219210:227929,0.012688870663228243
rxn:4:191895:224180,0.012683380108613234
rxn:4:191895:223146,0.012673412534323606
rxn:4:194718:227622,0.012671623018480117
rxn:4:213484:227230,0.012667475835136745
rxn:4:217545:223007,0.01263774472933549
rxn:4:195704:223566,0.012609175872057676
rxn:4:195755:223227,0.01256873607635498
rxn:4:195862:228367,0.01255262607619876
rxn:4:217545:229135,0.012551047262691316
rxn:4:219210:228693,0.012533118779009039
rxn:4:184065:222846,0.012526541948318481
rxn:4:188106:224621,0.01250666618347168
rxn:4:195777:227292,0.01248738169670105
rxn:4:205660:222982,0.012483954429626465
rxn:4:184096:222413,0.012482221512233509
rxn:4:203639:225805,0.012477226812264016
rxn:4:195296:228002,0.012475497192806669
rxn:4:183729:226340,0.01246861797390562
rxn:4:184065:226458,0.012467205072894241
rxn:4:215320:226166,0.012450402197630508
rxn:4:191415:228921,0.012437105178833008
rxn:4:184099:228302,0.01242578204940347
rxn:4:196954:226843,0.012387951215108236
rxn:4:213693:224100,0.012385733851364681
rxn:4:208435:223128,0.012382921170104633
rxn:4:203617:228693,0.012379775444666544
rxn:4:195704:228103,0.012373639778657393
rxn:4:195862:222470,0.012355539819289899
rxn:4:203617:226843,0.0123472660779953
rxn:4:216137:223350,0.012329613523823875
rxn:4:195704:226166,0.01232177640000979
rxn:4:217925:222984,0.012313830225091232
rxn:4:216393:223146,0.012312288347043489
rxn:4:203639:223127,0.01229674688407353
rxn:4:214900:226330,0.012291354592889547
rxn:4:213693:228693,0.012286032416990824
rxn:4:194487:222846,0.012285524979233742
rxn:4:195862:227829,0.012282688702855791
rxn:4:215320:222633,0.012270706671255606
rxn:4:183729:228962,0.012270538012186687
rxn:4:205036:224180,0.012266608221190316
rxn:4:198092:228683,0.012218381677355086
rxn:4:215320:228683,0.012208262085914611
rxn:4:215320:222541,0.012205043009349279
rxn:4:205160:223198,0.012199974060058594
rxn:4:214079:223236,0.012198670068755746
rxn:4:203617:226361,0.012193616727987926
rxn:4:174682:226113,0.012185015357457675
rxn:4:194718:226458,0.012182919075712562
rxn:4:203639:228002,0.012179066355411824
rxn:4:217545:228693,0.012177913026376204
rxn:4:195517:227303,0.012172548394454153
rxn:4:202967:223279,0.012158805415743873
rxn:4:205660:226990,0.012157852235047714
rxn:4:215320:223131,0.012135536774345066
rxn:4:193131:224301,0.01212596261140072
rxn:4:184063:225595,0.01210864633321762
rxn:4:205660:223699,0.012043599159486832
rxn:4:214057:228099,0.01202710047364235
rxn:4:218802:228697,0.012004547885486059
rxn:4:183695:225118,0.011984919581343146
rxn:4:195755:222915,0.011984205764272938
rxn:4:184096:226330,0.011981528997421265
rxn:4:195704:228695,0.01196760790688651
rxn:4:210155:226583,0.011955434861390488
rxn:4:214728:226842,0.011948761131082262
rxn:4:191618:223146,0.011944067478179932
rxn:4:202272:226340,0.011938542127609253
rxn:4:194456:223421,0.011938045620918275
rxn:4:184096:223128,0.011937015397208078
rxn:4:214889:222693,0.011922310931341988
rxn:4:195155:222803,0.011916258014165439
rxn:4:195755:227609,0.011914011836051942
rxn:4:216394:223130,0.011913048593621505
rxn:4:208033:227022,0.011906517179388749
rxn:4:191551:227292,0.011894873597405174
rxn:4:184063:223400,0.011882278323173522
rxn:4:208362:225456,0.011869047369275774
rxn:4:217545:229262,0.011868032068014145
rxn:4:205660:224995,0.011854778975248337
rxn:4:202285:228000,0.0118361363808314
rxn:4:203724:222803,0.011818712036455832
rxn:4:193386:228140,0.011775699945596548
rxn:4:195862:225118,0.011770236492156982
rxn:4:203639:223197,0.011752630825395937
rxn:4:217545:224080,0.01173869803034026
rxn:4:215320:223442,0.011694249353910747
rxn:4:193386:223198,0.011674679539821766
rxn:4:211123:225178,0.01167050302028656
rxn:4:191895:225595,0.011644799424254376
rxn:4:216137:226330,0.01164348324139913
rxn:4:187677:225118,0.011640338386808122
rxn:4:194487:223381,0.011636421084403992
rxn:4:201265:228306,0.011630921363830567
rxn:4:216463:227292,0.011627661554436935
rxn:4:218802:223236,0.011626601219177246
rxn:4:173723:223279,0.0116043963602611
rxn:4:213693:228742,0.011596399226358958
rxn:4:183994:228091,0.011591968933741252
rxn:4:193445:226843,0.011580593310869657
rxn:4:208435:228103,0.011539250612258911
rxn:4:188106:228384,0.011538159847259522
rxn:4:211701:228306,0.011524778604507447
rxn:4:188106:223128,0.011505368081006136
rxn:4:195128:225110,0.011504958073298136
rxn:4:192165:227893,0.011502598226070405
rxn:4:195862:222693,0.01149691696520205
rxn:4:191895:223145,0.01147178357297724
rxn:4:211172:223004,0.011458093398495725
rxn:4:205401:223146,0.01144625652920116
rxn:4:205660:225086,0.011412613666974582
rxn:4:216393:222980,0.011410026252269745
rxn:4:217925:224621,0.011402836867741175
rxn:4:219210:225378,0.01140191102469409
rxn:4:202309:228803,0.011386118332544963
rxn:4:195585:223031,0.011372951061829277
rxn:4:215320:228306,0.011327209926786878
rxn:4:214900:223198,0.011326074359878417
rxn:4:176409:228987,0.011323251507499
rxn:4:218802:225723,0.011305972933769226
rxn:4:184096:228692,0.01125757209956646
rxn:4:208435:223382,0.011256466805934905
rxn:4:208435:228629,0.011245304032375938
rxn:4:211168:225436,0.011241492770967029
rxn:4:193143:223054,0.011231143176555634
rxn:4:191595:228092,0.01121461662379178
rxn:4:201265:223279,0.011210932181431698
rxn:4:214079:227829,0.011177665764285673
rxn:4:187677:223398,0.011177095274130503
rxn:4:195296:225581,0.01117392381032308
rxn:4:205660:223004,0.011171083450317382
rxn:4:195128:223350,0.011168722808361054
rxn:4:216394:225532,0.011147230863571167
rxn:4:193518:224508,0.011144980336680557
rxn:4:191975:223421,0.011144797007242838
rxn:4:208360:226582,0.011133527755737305
rxn:4:184099:223236,0.011131800924028669
rxn:4:195862:225115,0.011107537150382995
rxn:4:195155:228803,0.011085155606269836
rxn:4:188106:228306,0.011079204082489014
rxn:4:184099:227622,0.011068021399634226
rxn:4:195128:223219,0.011065535602115449
rxn:4:205660:223279,0.011060170505357824
rxn:4:184063:223109,0.011041714612281683
rxn:4:195155:226843,0.011039632817973261
rxn:4:205660:227625,0.0110248106977214
rxn:4:213484:227024,0.011001212441402933
rxn:4:219210:226331,0.01097841203212738
rxn:4:187677:228091,0.010963040494149732
rxn:4:205036:228140,0.010958912697705355
rxn:4:215320:224617,0.010951430751727177
rxn:4:184067:227022,0.010946689283146578
rxn:4:208362:227303,0.010926936802111174
rxn:4:191437:223279,0.01092648192455894
rxn:4:176409:224180,0.010925904909769694
rxn:4:206865:226843,0.010921101484979902
rxn:4:198105:226843,0.0109199947781033
rxn:4:215320:225595,0.010915505389372507
rxn:4:214057:223350,0.01089810108145078
rxn:4:194487:223279,0.010889690497825885
rxn:4:194718:224523,0.010815435009343283
rxn:4:191943:226843,0.010741368532180787
rxn:4:184099:228140,0.010736307677100687
rxn:4:205036:228692,0.010714495465868995
rxn:4:194487:228002,0.01069390560899462
rxn:4:184063:227024,0.01068467041477561
rxn:4:184096:223421,0.010650485986843705
rxn:4:205064:223146,0.010647658258676529
rxn:4:218802:228692,0.010630265942641668
rxn:4:191618:223219,0.0105898417532444
rxn:4:205242:227292,0.010585755109786987
rxn:4:183999:225723,0.0105780187775107
rxn:4:195862:225110,0.010568861961364745
rxn:4:211168:225581,0.01054736262276059
rxn:4:204375:222413,0.010541127851376167
rxn:4:191415:228305,0.010506629943847656
rxn:4:195862:228629,0.010501907765865326
rxn:4:214728:223054,0.010479019376738319
rxn:4:218802:226705,0.010454522986565866
rxn:4:183729:222846,0.0104363956621715
rxn:4:194718:227893,0.010428703824679057
rxn:4:184063:228629,0.010422557592391968
rxn:4:192165:228543,0.010365748091747886
rxn:4:205401:227292,0.010354737440745035
rxn:4:205660:226458,0.010318968445062637
rxn:4:214889:226088,0.01031890799922328
rxn:4:214728:227929,0.010307197387401875
rxn:4:208033:225581,0.010286867618560791
rxn:4:184096:223145,0.010278967448643275
rxn:4:214889:223197,0.010269521176815033
rxn:4:205033:226843,0.010252950092156729
rxn:4:195538:225591,0.010229106653820385
rxn:4:173723:227609,0.01021172319139753
rxn:4:220020:228103,0.010196756433557582
rxn:4:183999:225591,0.01019144759458654
rxn:4:214062:227303,0.010188240557909012
rxn:4:184063:223350,0.010157889896823515
rxn:4:187677:223127,0.010095692945249153
rxn:4:213693:223109,0.010090408065626699
rxn:4:193386:224617,0.010087979416693411
rxn:4:217925:224619,0.010084848318781172
rxn:4:184067:223421,0.010071686934679747
rxn:4:203617:222915,0.010068121831864119
rxn:4:195862:224508,0.010048276243301539
rxn:4:210155:227625,0.010022607716647062
rxn:4:195862:223052,0.010015449797113737
rxn:4:208252:227303,0.009986099269655015
rxn:4:183695:223198,0.009950566195672559
rxn:4:184096:226129,0.009950388755117143
rxn:4:189394:222604,0.009936496101576707
rxn:4:205064:227625,0.009934024966281393
rxn:4:195777:222604,0.00992842591725863
rxn:4:213693:228103,0.009902949990897343
rxn:4:191618:227292,0.009862435360749563
rxn:4:217925:222980,0.009860088950709292
rxn:4:192165:222693,0.00985027735049908
rxn:4:211168:222859,0.009838581085205078
rxn:4:205660:222984,0.009833745956420899
rxn:4:208033:223197,0.009825154354697779
rxn:4:195862:222604,0.00981902437550681
rxn:4:183940:227297,0.009811188094317913
rxn:4:184065:227004,0.009790890850126743
rxn:4:201265:223892,0.009788300842046738
rxn:4:188106:225087,0.009785600006580353
rxn:4:183994:228293,0.009760884443918864
rxn:4:184063:223045,0.009744126349687576
rxn:4:191895:224508,0.009727790653705597
rxn:4:187677:225545,0.0097231124253834
rxn:4:195128:223047,0.009696977294009665
rxn:4:215320:223127,0.009678576951441557
rxn:4:203617:228367,0.009678011227931296
rxn:4:193518:226844,0.009658303856849671
rxn:4:195155:226583,0.00965631137723508
rxn:4:216394:225581,0.009644794464111327
rxn:4:208255:225805,0.00963127613067627
rxn:4:211172:223052,0.009599226085763229
rxn:4:195155:228130,0.009588270669891721
rxn:4:174682:224080,0.009564897418022156
rxn:4:191658:223400,0.009552495347128974
rxn:4:183994:224959,0.00954486517345204
rxn:4:214728:224080,0.00954370154067874
rxn:4:194718:227004,0.009542348884767102
rxn:4:211179:224100,0.009541663933884014
rxn:4:191618:222693,0.009535502770851398
rxn:4:184065:228092,0.00950078425868865
rxn:4:187677:223198,0.009497469756752253
rxn:4:205660:222864,0.009472523744289692
rxn:4:184067:226990,0.009457799003404729
rxn:4:192165:227292,0.009455002489544097
rxn:4:205059:223227,0.009450063109397888
rxn:4:174720:227063,0.009442868232727051
rxn:4:183999:226844,0.00942489504814148
rxn:4:216413:222980,0.009424573183059693
rxn:4:183999:226330,0.009415437326286778
rxn:4:183834:223421,0.009409207208403226
rxn:4:187677:228621,0.009403795997301737
rxn:4:195128:223421,0.009391768982535914
rxn:4:195128:226166,0.009390833702954378
rxn:4:217545:228357,0.009379913625509842
rxn:4:215320:227622,0.009365138682452116
rxn:4:201699:223350,0.009363249458115676
rxn:4:216394:223108,0.009359478950500488
rxn:4:184099:228629,0.009352773879513596
rxn:4:205160:223360,0.0093522730626558
rxn:4:184099:227945,0.00931074470281601
rxn:4:195585:228293,0.009307315945625306
rxn:4:193386:223227,0.009302509051782114
rxn:4:187677:228693,0.00929813583691915
rxn:4:216137:223360,0.009294829730476652
rxn:4:215320:228560,0.009272797405719757
rxn:4:194718:228091,0.009271867076555888
rxn:4:195128:228099,0.009262222051620483
rxn:4:211114:225436,0.009247660636901855
rxn:4:184065:228629,0.009207512935002644
rxn:4:208033:223234,0.009163530249344675
rxn:4:201265:225724,0.009145299238818032
rxn:4:195585:227303,0.00911271855944679
rxn:4:184099:228803,0.009107958186756481
rxn:4:183695:225723,0.00909553197297183
rxn:4:195755:223421,0.009062055084440444
rxn:4:201265:226166,0.009051212558039912
rxn:4:215327:223127,0.009050253033638
rxn:4:183999:223004,0.009050127228393275
rxn:4:183999:225595,0.009039603612002204
rxn:4:195585:222693,0.009015865050829373
rxn:4:195296:227024,0.009007411567788375
rxn:4:187677:227024,0.008999361656606197
rxn:4:184065:227622,0.008986527100205421
rxn:4:215320:223280,0.008986139839345758
rxn:4:191415:223311,0.008985106063925701
rxn:4:191415:227476,0.008979402482509613
rxn:4:219210:222413,0.008965217197934786
rxn:4:203617:224736,0.008961846995534319
rxn:4:191415:229210,0.008961662650108337
rxn:4:192165:228683,0.008943350691544382
rxn:4:216393:222604,0.008925666411717733
rxn:4:174682:223442,0.008922273462468927
rxn:4:204375:227625,0.00887655638731443
rxn:4:195704:223892,0.008876402316422298
rxn:4:214900:228293,0.008859866857528686
rxn:4:205660:222983,0.008813786506652831
rxn:4:217545:228092,0.008702262588169264
rxn:4:198093:222803,0.008701442182064057
rxn:4:191895:228695,0.008692766490735505
rxn:4:203617:225595,0.008660244845574903
rxn:4:184065:227297,0.00866007711738348
rxn:4:195755:223138,0.00864852752004351
rxn:4:193143:228178,0.008637942373752594
rxn:4:173723:223386,0.008633406073958785
rxn:4:198097:226844,0.008615629540549384
rxn:4:211374:226623,0.008595094794318789
rxn:4:184096:227230,0.008589531130650464
rxn:4:208033:223054,0.008542344683692568
rxn:4:184067:228692,0.00851137563586235
rxn:4:195296:227303,0.008481505670045552
rxn:4:211107:228306,0.008463867505391439
rxn:4:219210:228140,0.008461285544478375
rxn:4:188207:223350,0.008461032807826997
rxn:4:195155:226458,0.008460489304169365
rxn:4:205059:222846,0.008459062243883427
rxn:4:183695:223381,0.008449499309062958
rxn:4:205160:228002,0.008437365293502808
rxn:4:198076:223699,0.008435636758804321
rxn:4:195538:223398,0.008425325155258179
rxn:4:184063:229221,0.008417835193020957
rxn:4:215320:223381,0.008404070422762916
rxn:4:183999:228962,0.008387137452761333
rxn:4:183994:228099,0.008362586299578348
rxn:4:208360:223031,0.00834059999102638
rxn:4:198112:228306,0.008327014744281769
rxn:4:184067:227023,0.008326497586334454
rxn:4:216470:222604,0.008320167660713196
rxn:4:195128:223198,0.008307045414334252
rxn:4:215320:223194,0.008303636854345148
rxn:4:191415:227009,0.008275151252746582
rxn:4:203724:228742,0.008253480195999146
rxn:4:208360:223219,0.008243328646609658
rxn:4:216413:226330,0.008243309824090255
rxn:4:184063:224995,0.008240170989717755
rxn:4:173723:229088,0.008238966464996339
rxn:4:217926:225723,0.008237078001624659
rxn:4:205242:223170,0.008227613839236174
rxn:4:183834:228099,0.008209670583407084
rxn:4:187677:223145,0.008205107667229393
rxn:4:214728:228103,0.008176450545971211
rxn:4:183695:228367,0.008174499869346619
rxn:4:184063:223156,0.008164251392537897
rxn:4:188207:223198,0.008133632796151298
rxn:4:188104:228384,0.008109792282706812
rxn:4:217545:225118,0.008087992116256996
rxn:4:184067:223130,0.008071542211941311
rxn:4:181038:223007,0.008067182302474975
rxn:4:195755:223382,0.008061685060199938
rxn:4:193131:223280,0.008030167115586144
rxn:4:195517:222983,0.008027095170248123
rxn:4:211374:228306,0.00802610108726903
rxn:4:214057:225581,0.008011128866311275
rxn:4:194487:223139,0.008003988862037658
rxn:4:198112:226843,0.007999214861128066
rxn:4:209284:223031,0.007970583179722662
rxn:4:206439:226843,0.007967851780079029
rxn:4:208362:222449,0.007958469567475495
rxn:4:208435:223279,0.007949170612153552
rxn:4:213693:227023,0.007908438642819723
rxn:4:216470:226583,0.007902538776397705
rxn:4:198105:223566,0.00790144159243657
rxn:4:184099:227024,0.007893588713237218
rxn:4:187677:223227,0.00788874737918377
rxn:4:214458:223386,0.007883971929550171
rxn:4:202851:222803,0.00786826702264639
rxn:4:208033:227023,0.00786115934974269
rxn:4:191545:225591,0.007855261365572611
rxn:4:203639:222984,0.007843573545587474
rxn:4:194487:223142,0.007821801801522572
rxn:4:203617:224715,0.007815649789391142
rxn:4:205036:223195,0.007787740748861562
rxn:4:208601:223227,0.007743223146958785
rxn:4:194718:224995,0.007734381977249594
rxn:4:184099:229262,0.007733772598928021
rxn:4:208011:223566,0.007709173751728875
rxn:4:201265:227945,0.007708457708358765
rxn:4:214889:223127,0.007678953389967641
rxn:4:195585:223398,0.007677053150377776
rxn:4:203639:228293,0.007643803954124451
rxn:4:201265:223004,0.007628965457635266
rxn:4:215320:225098,0.00761132001876831
rxn:4:198075:228306,0.007605894406636556
rxn:4:202272:226331,0.007603370782100793
rxn:4:194456:228293,0.007577078846784739
rxn:4:205036:223131,0.007555062572161357
rxn:4:212224:226843,0.007551506809566332
rxn:4:184063:228962,0.007549983263015747
rxn:4:184099:228962,0.007508572755437909
rxn:4:219210:225805,0.007502797704476576
rxn:4:215347:223219,0.007464468479156494
rxn:4:188207:228097,0.00746031403541565
rxn:4:183729:227116,0.00745542929507792
rxn:4:211168:225087,0.007446595213629983
rxn:4:217545:226188,0.007438868284225464
rxn:4:192165:223031,0.007432463376418404
rxn:4:202967:228987,0.007431937588585747
rxn:4:195155:228306,0.007431714307694208
rxn:4:204375:222470,0.007407905477466005
rxn:4:212224:228683,0.0073829591274261475
rxn:4:184099:227022,0.00738281181880406
rxn:4:195128:226129,0.007381001656705683
rxn:4:213693:229135,0.007370402139646036
rxn:4:209284:223396,0.007369298683969598
rxn:4:202285:226583,0.007338834926486015
rxn:4:184065:228543,0.007286304235458374
rxn:4:216137:223219,0.007279959218255405
rxn:4:183695:223142,0.007275490090250969
rxn:4:215320:228002,0.007273268841561817
rxn:4:193518:228357,0.0072702520659991676
rxn:4:205064:228103,0.007270134308121421
rxn:4:214728:224715,0.007255955569205746
rxn:4:211374:226843,0.007249162310645694
rxn:4:183994:226129,0.007244256790727377
rxn:4:208362:223146,0.007241511344909668
rxn:4:205036:228103,0.007239314642819491
rxn:4:184096:223219,0.0072379348909153655
rxn:4:217340:223109,0.007237872729698817
rxn:4:188106:223398,0.007228945430956389
rxn:4:203639:222683,0.0072190347127616405
rxn:4:216394:226330,0.0072188847943356164
rxn:4:198111:228306,0.007213972508907318
rxn:4:211172:223421,0.007206948598225912
rxn:4:194718:223227,0.007205090695811856
rxn:4:183834:228683,0.007200015002283557
rxn:4:195862:224100,0.007135947545369466
rxn:4:194718:224736,0.007132733293942043
rxn:4:195704:223055,0.007112952619791031
rxn:4:195755:228692,0.007109847333696153
rxn:4:195755:223007,0.007098471576517279
rxn:4:184063:223219,0.007054261397570372
rxn:4:191415:228317,0.006984556498734847
rxn:4:194718:226623,0.006973870098590851
rxn:4:205660:228803,0.006939087595258441
rxn:4:215320:223927,0.006928063929080963
rxn:4:203639:223421,0.00692294716835022
rxn:4:217545:228293,0.006903762402741805
rxn:4:214728:226779,0.006898662873676845
rxn:4:195517:223146,0.006884478032588959
rxn:4:191545:228306,0.006877252033778599
rxn:4:194487:224523,0.006862792779098858
rxn:4:214894:228091,0.006828427314758301
rxn:4:205660:223360,0.006814974952827801
rxn:4:194718:223131,0.006814661435782909
rxn:4:214889:222980,0.006795186083763838
rxn:4:195585:223280,0.006787989820752825
rxn:4:183729:227625,0.006784554570913315
rxn:4:193386:222980,0.006781855020029792
rxn:4:211168:225178,0.006780066273429177
rxn:4:181884:227893,0.006759611043063077
rxn:4:209284:228140,0.006735318899154663
rxn:4:187677:223052,0.00670561391641112
rxn:4:216394:223054,0.00668891966342926
rxn:4:211123:225581,0.006682239080730237
rxn:4:176488:227929,0.006664162744646487
rxn:4:191545:228099,0.006639446531023298
rxn:4:191895:223359,0.006608933210372925
rxn:4:174682:225129,0.006591733012880597
rxn:4:198092:226843,0.006578371805303237
rxn:4:176410:227063,0.0065690183639526365
rxn:4:184065:224995,0.006559750011989048
rxn:4:187677:228608,0.006531973679860433
rxn:4:211374:228683,0.006522612439261543
rxn:4:205192:228097,0.00651880767610338
rxn:4:184065:225591,0.006513836190981024
rxn:4:205401:227893,0.006512558460235596
rxn:4:217962:223279,0.006512480974197388
rxn:4:205059:225308,0.006510547147347377
rxn:4:195862:227914,0.006501122599556332
rxn:4:183695:226166,0.006490839645266533
rxn:4:195398:226340,0.0064649102943284175
rxn:4:191415:223356,0.006428684877312701
rxn:4:184096:223109,0.006420718133449554
rxn:4:208363:222983,0.006400022478330703
rxn:4:215320:223421,0.0063883081078529354
rxn:4:191975:223280,0.006385412812232971
rxn:4:183834:226166,0.006382678635418415
rxn:4:208360:228306,0.006355808840857612
rxn:4:211701:226330,0.006332881071350791
rxn:4:202272:227116,0.006330347619950771
rxn:4:195704:224179,0.006329573158706937
rxn:4:183999:227945,0.006326886915391491
rxn:4:183999:228621,0.006302336851755778
rxn:4:195862:228560,0.006291283667087555
rxn:4:194487:228306,0.006255647965839931
rxn:4:213693:225547,0.0062363543547689915
rxn:4:205036:223382,0.006231788884509693
rxn:4:184099:227303,0.006165708814348493
rxn:4:193386:228543,0.006141504049301147
rxn:4:195128:223031,0.0061387834341629696
rxn:4:183999:228530,0.00613836149374644
rxn:4:205242:228543,0.00612091390710128
rxn:4:217925:223146,0.006116961439450582
rxn:4:183994:223219,0.006109363609744656
rxn:4:174682:226999,0.006108999252319336
rxn:4:181884:226583,0.006095167249441147
rxn:4:195517:225595,0.0060662925243377686
rxn:4:217545:226458,0.006065102219581604
rxn:4:184096:226458,0.0060574527297701155
rxn:4:208435:223280,0.006046896889096215
rxn:4:213693:224179,0.006039868933813913
rxn:4:205660:224617,0.006034936066027041
rxn:4:174786:227299,0.00603380302588145
rxn:4:194487:223047,0.005997017987312809
rxn:4:184096:223108,0.005977794102260045
rxn:4:193143:222803,0.005975759208754257
rxn:4:195862:223360,0.005970154489789691
rxn:4:187677:227609,0.005954356398433447
rxn:4:217926:228683,0.005896608034769694
rxn:4:217545:228794,0.005879884416406805
rxn:4:211168:225086,0.00587767633524808
rxn:4:184099:223351,0.005870597765726202
rxn:4:205311:223400,0.005866328875223796
rxn:4:194487:223109,0.005851627886295318
rxn:4:184096:226990,0.005807028097264907
rxn:4:178757:229253,0.005805084109306335
rxn:4:195777:222693,0.005784912109375
rxn:4:184099:223311,0.005784033633330289
rxn:4:218802:223227,0.005781713128089905
rxn:4:219210:223055,0.005772086863334362
rxn:4:189394:223127,0.005762145544091861
rxn:4:209284:228543,0.005713588313052529
rxn:4:211701:228140,0.005685062706470489
rxn:4:205660:224619,0.005650491902121791
rxn:4:215347:223031,0.005629916985829671
rxn:4:211130:224301,0.0056221905079754915
rxn:4:173723:229346,0.005588157610459762
rxn:4:193386:228002,0.005569181190087245
rxn:4:208362:227024,0.0055650253044931515
rxn:4:205660:228092,0.005560787225311453
rxn:4:215320:224046,0.005544095127670853
rxn:4:195777:223045,0.005534482273188504
rxn:4:205036:224715,0.005528790531335054
rxn:4:198076:224715,0.005524627864360809
rxn:4:217925:224933,0.005521696805953979
rxn:4:209284:227303,0.0055141761189415345
rxn:4:183729:228367,0.005485948055021225
rxn:4:195585:228002,0.005474210530519485
rxn:4:184063:228794,0.005445929368336996
rxn:4:216393:225581,0.005432680249214172
rxn:4:203724:225595,0.005422824415667304
rxn:4:202285:226990,0.005414062450009007
rxn:4:208435:227297,0.00540716236545926
rxn:4:195704:229262,0.0053950054080862744
rxn:4:203617:228140,0.005384883178131921
rxn:4:205660:223381,0.0053820420395244255
rxn:4:184099:227004,0.005379773889269148
rxn:4:184065:226844,0.0053709853779185905
rxn:4:174682:228570,0.005347316679747209
rxn:4:191415:225689,0.005328342318534851
rxn:4:213484:225118,0.005319550633430481
rxn:4:208363:228293,0.005308813518948025
rxn:4:205401:223443,0.005299660894605849
rxn:4:198105:223892,0.005293430193610813
rxn:4:187677:225115,0.005292709384645734
rxn:4:214062:223194,0.005287438631057739
rxn:4:184099:229147,0.0052658673375844955
rxn:4:205311:228306,0.005237993441129986
rxn:4:183940:228803,0.005184487501780192
rxn:4:184099:228367,0.005182459073908189
rxn:4:205660:227292,0.005172332991724429
rxn:4:214889:228002,0.0051443165746228444
rxn:4:198112:223699,0.005115823447704315
rxn:4:181038:222969,0.005089294910430908
rxn:4:194487:229135,0.005068943477593935
rxn:4:195777:223198,0.0050598010420799255
rxn:4:203617:228099,0.005058719377432551
rxn:4:189394:226330,0.005035712073246638
rxn:4:205401:223127,0.005027270452542739
rxn:4:217545:226340,0.005025468170642853
rxn:4:214057:226990,0.005020394440620176
rxn:4:194487:227834,0.0050200724175998145
rxn:4:214889:228091,0.005016032991738155
rxn:4:191895:223055,0.005006365478038788
rxn:4:214458:228130,0.005002011358737945
rxn:4:213693:223421,0.004991066775151661
rxn:4:191618:228002,0.004973254126051198
rxn:4:183695:223130,0.004903904162347317
rxn:4:195862:224523,0.004886951010960799
rxn:4:205660:225118,0.00487871697315803
rxn:4:183994:228367,0.004855691889921824
rxn:4:184099:227291,0.0048502996563911435
rxn:4:205036:228683,0.004822661479314168
rxn:4:184067:223280,0.004776369999436771
rxn:4:195862:224301,0.004760748810238308
rxn:4:195777:228097,0.004752290876288163
rxn:4:188207:227292,0.0047482166971479145
rxn:4:204375:224301,0.004743929591871077
rxn:4:198112:223381,0.0047197118401527405
rxn:4:183695:225724,0.004709699162931153
rxn:4:217340:227892,0.00469395789233121
rxn:4:203639:222583,0.004662991473169038
rxn:4:195585:225591,0.004657392592533775
rxn:4:214728:227689,0.00465624420731156
rxn:4:191390:226843,0.004656041661898295
rxn:4:195128:228570,0.0046414630977731006
rxn:4:217925:222583,0.004604995250701904
rxn:4:205660:227303,0.004604414753291918
rxn:4:194487:225545,0.0045947720927576865
rxn:4:205064:228248,0.004587386819449338
rxn:4:217926:226843,0.004579517576429579
rxn:4:183994:229147,0.00457367513860975
rxn:4:215320:226623,0.004554283359776373
rxn:4:219210:228692,0.0045372518626126375
rxn:4:218802:228695,0.004525279360158103
rxn:4:184063:228608,0.004504881302515666
rxn:4:219210:226843,0.004441061019897461
rxn:4:205064:223311,0.004421721805225719
rxn:4:184096:223110,0.004419468130384172
rxn:4:181884:226330,0.0044025468329588575
rxn:4:187677:228178,0.004397324977382537
rxn:4:217545:224995,0.00439597279937179
rxn:4:214728:224736,0.004386539540944561
rxn:4:216413:227303,0.004383547438515557
rxn:4:211168:222984,0.004380055836268834
rxn:4:183994:228092,0.004359805583953857
rxn:4:201265:225723,0.004358072366033282
rxn:4:202272:225115,0.004342798675809588
rxn:4:215320:223396,0.0043414197862148285
rxn:4:205660:222633,0.004334055951663426
rxn:4:195704:227625,0.004332545010939888
rxn:4:215320:227892,0.004321299848102388
rxn:4:214728:223227,0.00431926879617903
rxn:4:215320:222604,0.004303948155471257
rxn:4:195777:223280,0.004303442686796189
rxn:4:191393:226843,0.004298641035954158
rxn:4:183729:223047,0.0042943875579273
rxn:4:215347:224508,0.004257658253545346
rxn:4:205242:223400,0.004246780746861508
rxn:4:191595:228002,0.004240554842081937
rxn:4:198111:226843,0.004235055711534288
rxn:4:183834:229221,0.004217110022350594
rxn:4:187677:223194,0.004208083264529705
rxn:4:194487:226844,0.004203341901302338
rxn:4:195398:228306,0.004199065660175525
rxn:4:183729:223350,0.004198791759629403
rxn:4:195585:223443,0.004194825887680054
rxn:4:204375:223047,0.004179855010339192
rxn:4:213693:225318,0.004172924341577472
rxn:4:208011:222846,0.0041657984256744385
rxn:4:184067:227297,0.004155518377528471
rxn:4:203639:223031,0.0041437755370962205
rxn:4:176410:227924,0.004137331619858742
rxn:4:187677:228794,0.004137160380681356
rxn:4:184096:223350,0.004128113389015198
rxn:4:193143:228621,0.00411893143540337
rxn:4:213693:228692,0.0041090622544288635
rxn:4:183994:228608,0.004093210245000905
rxn:4:184096:228629,0.004086657427251339
rxn:4:195755:223055,0.0040773993188684635
rxn:4:195128:228803,0.004074212751890484
rxn:4:205036:225723,0.0040672564506530765
rxn:4:184096:228091,0.004063542593609203
rxn:4:181038:227625,0.004057477349820344
rxn:4:208435:223421,0.004051210064637034
rxn:4:184096:228962,0.004044322296977043
rxn:4:202967:223396,0.0039963659487272565
rxn:4:214894:228140,0.003994739055633545
rxn:4:198092:228103,0.003992462158203125
rxn:4:183940:226583,0.003987034161885579
rxn:4:198112:226331,0.003979637391037411
rxn:4:217925:225087,0.003974051028490066
rxn:4:216586:228002,0.0039627206952948316
rxn:4:211168:223054,0.003952710401444208
rxn:4:195704:224995,0.003916853895554176
rxn:4:176483:227294,0.003909931207696597
rxn:4:195862:223442,0.0039035175976000333
rxn:4:182435:228683,0.0038960893948872884
rxn:4:184096:223139,0.0038870968988963537
rxn:4:191415:225169,0.003882324254071271
rxn:4:216394:227023,0.00387136803732978
rxn:4:214728:228560,0.0038654351234436034
rxn:4:216137:223127,0.00386105477809906
rxn:4:195585:223146,0.003855502740903334
rxn:4:174728:224490,0.0038409690062205
rxn:4:211168:224621,0.0038346985112065854
rxn:4:202851:225318,0.00379796028137207
rxn:4:176488:226582,0.0037825179100036623
rxn:4:183834:223381,0.0037710249423980715
rxn:4:187677:228697,0.003759439786275228
rxn:4:194456:222608,0.003744019703431563
rxn:4:208011:226844,0.0037428081035614015
rxn:4:184063:228092,0.0037066234696295952
rxn:4:195128:226705,0.0036887702616778288
rxn:4:215320:226331,0.003661242516144462
rxn:4:184099:228092,0.00364434631431804
rxn:4:184065:226188,0.0036427297375418925
rxn:4:183834:224959,0.003615851349690381
rxn:4:216137:223109,0.0036144221822420755
rxn:4:217545:227892,0.003607946893443232
rxn:4:215324:223031,0.003601216134570894
rxn:4:214057:226088,0.003598482348024845
rxn:4:194718:228130,0.0035732532540957134
rxn:4:211168:222583,0.003550710678100586
rxn:4:215347:223350,0.0035475028885735404
rxn:4:191595:229006,0.003522515296936035
rxn:4:202851:228091,0.0035203411465599423
rxn:4:195862:229050,0.0035082415530556126
rxn:4:176488:223000,0.0035024995987231913
rxn:4:205401:228543,0.0034933811739871375
rxn:4:189394:227929,0.0034835636615753174
rxn:4:208011:223382,0.0034615182214313084
rxn:4:195755:223566,0.003444498726006212
rxn:4:208199:225456,0.003434394087110247
rxn:4:218802:223047,0.0034276670776307583
rxn:4:209284:228097,0.0034217193722724916
rxn:4:208199:227292,0.0034149524412657086
rxn:4:205059:228683,0.003414581219355265
rxn:4:208435:228002,0.0033983327448368073
rxn:4:214894:223197,0.003394505669993739
rxn:4:184096:226166,0.0033768602779933386
rxn:4:181884:223386,0.003363899209282615
rxn:4:208362:222983,0.003360814991451445
rxn:4:182431:223699,0.0033580362796783447
rxn:4:203617:226844,0.0033534000317255656
rxn:4:205064:224301,0.0033456880067076
rxn:4:219210:228608,0.00331230800260197
rxn:4:205182:226843,0.003300012399752935
rxn:4:194718:223139,0.003294640453532338
rxn:4:213484:223266,0.003266830159270245
rxn:4:194456:228097,0.0032631800724909855
rxn:4:191415:228589,0.0032535032792524858
rxn:4:208360:228097,0.003224980500009325
rxn:4:216137:223146,0.003203250467777252
rxn:4:208255:227303,0.003186083502239651
rxn:4:204375:222969,0.003158711961337498
rxn:4:209284:222983,0.003136571334755939
rxn:4:218802:226330,0.003121523126479118
rxn:4:184096:227297,0.0031095147132873535
rxn:4:219210:222470,0.003086784193592687
rxn:4:219210:223145,0.003085142970085144
rxn:4:184063:223223,0.00304450374096632
rxn:4:195453:223382,0.0030103549361228943
rxn:4:183999:223156,0.0030100101774389095
rxn:4:184096:229147,0.0030022273140568887
rxn:4:196952:223197,0.0029725937739662504
rxn:4:183834:228570,0.0029672039993878067
rxn:4:215320:228103,0.002957099959963844
rxn:4:201265:223382,0.002953317165374756
rxn:4:183729:226166,0.0029484227751240587
rxn:4:183695:226331,0.0029350913828238845
rxn:4:205660:225456,0.0029151058197021485
rxn:4:211168:225723,0.002874662478764852
rxn:4:205059:225378,0.0028440700127528263
rxn:4:214900:223128,0.0028321570716798306
rxn:4:195155:223131,0.002830282501552416
rxn:4:191895:227297,0.002822489965529669
rxn:4:176410:226092,0.002809511927457956
rxn:4:183834:228530,0.0028074198755724676
rxn:4:183999:228987,0.002795990171103642
rxn:4:211179:223892,0.002793173427167146
rxn:4:195398:223381,0.0027802555184615286
rxn:4:217545:224490,0.0027653968759945463
rxn:4:217545:228629,0.0027227665890346875
rxn:4:211123:223128,0.002700597047805786
rxn:4:209284:223146,0.002698635513132269
rxn:4:208363:228140,0.0026557346185048423
rxn:4:195704:223360,0.0026393317702141676
rxn:4:195538:226129,0.002617312329156058
rxn:4:195777:223031,0.002616950056769631
rxn:4:211701:223004,0.002614476434562517
rxn:4:215320:228091,0.0026018122831980386
rxn:4:215320:225118,0.0026017004251480103
rxn:4:184096:227892,0.002596808202338941
rxn:4:189394:223197,0.0025813184354616246
rxn:4:183994:228530,0.002579652029892494
rxn:4:214728:223266,0.002566920386420356
rxn:4:215347:228097,0.002532242072953118
rxn:4:195517:228306,0.002520789702733358
rxn:4:198112:222803,0.002519487447681881
rxn:4:195128:227625,0.002515091782524472
rxn:4:207613:225545,0.0025142308543710146
rxn:4:215320:223219,0.002505226568742232
rxn:4:191595:223279,0.0024991463059964385
rxn:4:183834:227622,0.0024614766720802554
rxn:4:202851:227609,0.002440947023305026
rxn:4:205660:226166,0.002419509614507357
rxn:4:191437:228306,0.002419418758816189
rxn:4:184065:223007,0.002415810218628715
rxn:4:188104:223279,0.0024154484272003174
rxn:4:183940:223054,0.0024118024636717405
rxn:4:184099:228091,0.002406266244018779
rxn:4:218802:227004,0.00239278773466746
rxn:4:195755:226458,0.0023869389579409643
rxn:4:208199:223146,0.002355632185935974
rxn:4:189394:228803,0.002350071356410072
rxn:4:191975:223198,0.0023499786853790282
rxn:4:182431:224301,0.0023477552902130853
rxn:4:191415:223223,0.0023475512862205505
rxn:4:217545:228697,0.0023314397443424573
rxn:4:216413:226583,0.0023247897624969482
rxn:4:192165:224100,0.0023241874117117664
rxn:4:214057:223197,0.0023216004333188457
rxn:4:210155:222846,0.002320373058319092
rxn:4:181884:223227,0.00228578111399775
rxn:4:184099:223194,0.0022818922996520998
rxn:4:184096:227609,0.0022778502281974346
rxn:4:205660:228103,0.0022418309341777454
rxn:4:215320:224481,0.0022413220543127796
rxn:4:211114:224621,0.0022240281105041504
rxn:4:211135:226843,0.0022236108779907227
rxn:4:183834:223382,0.0022098422050476074
rxn:4:215320:226188,0.0021930719199387922
rxn:4:205660:227024,0.0021576959153880243
rxn:4:184099:227834,0.002148163669249591
rxn:4:188207:223360,0.00212264358997345
rxn:4:195296:223279,0.0021194156847502057
rxn:4:211123:225436,0.002106365404630962
rxn:4:184067:223109,0.0021036178937980108
rxn:4:205160:223031,0.0020981661298058248
rxn:4:195755:223146,0.0020980125381833033
rxn:4:191263:228306,0.002060869336128235
rxn:4:213693:228302,0.0020410503292905874
rxn:4:184096:228530,0.0020199716091156006
rxn:4:201265:227834,0.0019919562339782717
rxn:4:191618:229006,0.001977125803629557
rxn:4:193238:223147,0.0019690893866397717
rxn:4:183999:226129,0.0019594891504807906
rxn:4:198076:223279,0.0019524693489074707
rxn:4:184063:227914,0.001948262414624614
rxn:4:193143:226361,0.0019449442625045776
rxn:4:187677:226166,0.0019236333442456794
rxn:4:194718:223400,0.001913164710176402
rxn:4:196952:223127,0.001894291490316391
rxn:4:203639:223194,0.0018729882107840644
rxn:4:184099:227892,0.0018475204706192017
rxn:4:211701:226583,0.001817084171555259
rxn:4:183999:228092,0.0018163746403109643
rxn:4:209284:223219,0.0017889794849214099
rxn:4:194487:226990,0.0017284288488585374
rxn:4:195777:227297,0.001700495183467865
rxn:4:183695:226990,0.0016862764473884336
rxn:4:201265:222470,0.0016847848892211914
rxn:4:180875:225438,0.0016678680073131215
rxn:4:215320:223108,0.0016364992960639622
rxn:4:213484:225318,0.0016273300235088055
rxn:4:184063:225118,0.001604720950126648
rxn:4:215320:223197,0.0015991099856116555
rxn:4:208252:226583,0.0015933294045297724
rxn:4:195128:228103,0.0015871316194534303
rxn:4:212224:227024,0.0015676495703783903
rxn:4:215320:225308,0.0015587440133094787
rxn:4:195517:222693,0.0015493432680765788
rxn:4:184063:226340,0.001543052720301079
rxn:4:183940:227004,0.001521959900856018
rxn:4:214057:228293,0.0015076821049054463
rxn:4:217545:223311,0.0014787128438120303
rxn:4:214079:223350,0.0014451658052782859
rxn:4:205064:222915,0.001441516555272616
rxn:4:209284:228695,0.001396276448902331
rxn:4:211123:224508,0.0013577938079833984
rxn:4:214728:227476,0.0013537539376152887
rxn:4:205192:223350,0.001335355970594618
rxn:4:215320:228293,0.0013347722235180083
rxn:4:196952:226583,0.0013320458432038624
rxn:4:174682:225555,0.0013303204819008155
rxn:4:174720:224490,0.0013213270697100409
rxn:4:191551:223442,0.0013154839214525726
rxn:4:195453:225805,0.0013094000194383705
rxn:4:183834:223145,0.001294456422328949
rxn:4:205064:225547,0.0012943294644355773
rxn:4:214894:223127,0.0012825950980186462
rxn:4:191618:227893,0.0012658134750697923
rxn:4:214079:223421,0.0012550175189971924
rxn:4:218802:222915,0.0012328678911382501
rxn:4:219210:226828,0.001231955885887146
rxn:4:204375:226623,0.0012005109477926184
rxn:4:183994:227022,0.0011713043335945376
rxn:4:184065:226166,0.0011555231881864142
rxn:4:214889:227303,0.0011353460450967154
rxn:4:184065:228794,0.001097780466079712
rxn:4:184065:225115,0.0010854357055255345
rxn:4:211107:224301,0.0010728353545779274
rxn:4:194487:227625,0.0010640323162078857
rxn:4:191415:227786,0.0010592297961314519
rxn:4:211114:225087,0.0010547073263871042
rxn:4:214062:223350,0.0010260269045829773
rxn:4:182497:226843,0.0010256924127277575
rxn:4:194487:227004,0.0009772315107542894
rxn:4:180875:223052,0.0009714500470594926
rxn:4:217545:228367,0.0009709933529729428
rxn:4:208363:227024,0.0009694193538866545
rxn:4:174682:224180,0.0009560068448384603
rxn:4:183999:223194,0.0009497394785284996
rxn:4:187677:226330,0.0009440003019390684
rxn:4:195585:222983,0.0009427290895710821
rxn:4:207613:223131,0.0009304930766423544
rxn:4:201265:223381,0.0009127736091613769
rxn:4:184099:228560,0.0009104713346018935
rxn:4:191618:228092,0.0009051276289898416
rxn:4:193238:223198,0.0008891310829382676
rxn:4:208252:223280,0.000888526439666748
rxn:4:195155:225308,0.0008779501914978027
rxn:4:217545:225547,0.0008723691392403382
rxn:4:184099:223223,0.0008485146931239537
rxn:4:211172:224100,0.0008439137177033858
rxn:4:211172:224080,0.0008090463551607999
rxn:4:203724:225118,0.0008052279551823934
rxn:4:181884:227297,0.0008038859004559724
rxn:4:184099:223227,0.0008009931870869227
rxn:4:181884:225595,0.0008001035451889038
rxn:4:195777:224959,0.0007938924043074898
rxn:4:204375:228306,0.000771859884262085
rxn:4:217545:224179,0.0007164827708540292
rxn:4:215818:226843,0.0007056868993318998
rxn:4:214889:223194,0.000689894954363505
rxn:4:205311:223127,0.0006728023290634155
rxn:4:205311:228103,0.0006455433996100174
rxn:4:202309:223197,0.0006435499526560307
rxn:4:198097:222470,0.0006200050314267477
rxn:4:194718:223421,0.0005835335830162311
rxn:4:219210:224736,0.0005715978997094291
rxn:4:208252:225898,0.0005336493253707886
rxn:4:187677:225110,0.0005232504435947963
rxn:4:217340:226844,0.0005183642109235128
rxn:4:195704:228693,0.00047457076254345124
rxn:4:191551:228002,0.00046754876772562665
rxn:4:184065:225378,0.00045765297753470283
rxn:4:195453:225547,0.0004551509476226309
rxn:4:184096:223386,0.0004347242189176155
rxn:4:215320:223145,0.0004316497108210688
rxn:4:183729:228803,0.00040538857380549115
rxn:4:217925:222982,0.00040153610078912035
rxn:4:211181:226843,0.0004011889298756917
rxn:4:214728:228629,0.0004009723663330078
rxn:4:195862:224180,0.00039412798704924407
rxn:4:194487:227116,0.0003893817293232885
rxn:4:193386:228570,0.0003881138563156128
rxn:4:211179:222846,0.0003708243370056152
rxn:4:183834:223236,0.0003681923112561626
rxn:4:191895:228543,0.00036503296149404427
rxn:4:219210:224080,0.0003504927816062138
rxn:4:195862:226844,0.0003421747166177501
rxn:4:193143:223351,0.00031871009956706655
rxn:4:184096:228130,0.00031698608037197226
rxn:4:211374:223382,0.0003020120294470536
rxn:4:202285:224490,0.0002822441714150565
rxn:4:214728:223927,0.00028156443978800917
rxn:4:201265:222969,0.0002811018909726824
rxn:4:184063:226188,0.00026030432094227183
rxn:4:174681:227063,0.0002581322193145752
rxn:4:184063:229050,0.00023702300828078697
rxn:4:184096:223130,0.000229789742401668
rxn:4:202309:228099,0.0002265930656463869
rxn:4:208011:223047,0.00020565873100644066
rxn:4:176488:227286,0.00016265610853830972
rxn:4:213693:222915,0.00016047241109790224
rxn:4:183940:228530,0.00015529394149780274
rxn:4:198105:222846,0.0001496255397796631
rxn:4:195777:223279,0.00013356804847717286
rxn:4:205036:225378,0.00012969282957223745
rxn:4:195704:227929,0.00011780502443963832
rxn:4:217545:228560,0.00010650672695853494
rxn:4:215320:226361,0.00010562266992486042
rxn:4:211168:223234,0.0001039567746614155
rxn:4:198075:226843,8.224038516773897e-05
rxn:4:184067:223197,8.104916881112491e-05
rxn:4:204375:228692,7.566561301549275e-05
rxn:4:219210:224179,7.312256714393352e-05
rxn:4:211172:228683,6.422797838846842e-05
rxn:4:195862:228178,5.436156477246966e-05
rxn:4:187677:223055,5.3899472250657925e-05
rxn:4:195453:228099,5.272179841995239e-05
rxn:4:215324:223127,3.489702939987183e-05
rxn:4:183834:222803,3.269101892198835e-05
rxn:4:208033:225178,2.2067265077070758e-05
rxn:4:205660:223280,9.663726972497027e-06
rxn:4:214728:226990,-3.9709111054738365e-05
rxn:4:205401:223279,-6.226698557535808e-05
rxn:4:184063:228803,-8.791784445444743e-05
rxn:4:214079:223195,-0.00011787982657551765
rxn:4:205036:227004,-0.00012733463359915692
rxn:4:182431:228103,-0.00013383626937866211
rxn:4:198105:222803,-0.00014438976844151816
rxn:4:187677:223350,-0.00014988212816176877
rxn:4:184065:223236,-0.00015287287533283234
rxn:4:214889:223396,-0.00015776338321822031
rxn:4:183695:225378,-0.00017464117092244765
rxn:4:183940:226458,-0.00017898552345507073
rxn:4:213484:223386,-0.00018432465466586027
rxn:4:184063:228530,-0.00018915732701619466
rxn:4:214889:225581,-0.00019351160153746605
rxn:4:176488:222937,-0.00019917002430668585
rxn:4:205036:224841,-0.00021726466142214261
rxn:4:183940:228697,-0.00022563536961873372
rxn:4:214889:227292,-0.0002256418267885844
rxn:4:193143:225308,-0.00025358108373788686
rxn:4:195398:226623,-0.00027268557321457633
rxn:4:207613:226705,-0.000279303075689258
rxn:4:203639:223128,-0.0002840033599308559
rxn:4:208199:223031,-0.00029864339601425895
rxn:4:216393:223227,-0.0003246383534537421
rxn:4:184065:223197,-0.00032977620139718056
rxn:4:195704:223311,-0.00033783844926140523
rxn:4:216393:223128,-0.0003664085739537289
rxn:4:219210:223047,-0.0003675594925880432
rxn:4:184063:228621,-0.0003789405028025309
rxn:4:208011:223004,-0.00038523262455349876
rxn:4:219210:223004,-0.0004041358255423032
rxn:4:208199:223194,-0.00040622447666368986
rxn:4:195128:223145,-0.00041572140021757645
rxn:4:210155:226623,-0.0004529693852300229
rxn:4:183834:225115,-0.0004633717677172493
rxn:4:184063:226331,-0.0004960038896762964
rxn:4:202967:223127,-0.000498763539574363
rxn:4:195704:228629,-0.0005129788603101458
rxn:4:211135:223566,-0.0005144402384757996
rxn:4:215347:227303,-0.0005227860651518169
rxn:4:211174:228306,-0.0005465894937515259
rxn:4:202851:226843,-0.0005472535672395126
rxn:4:205660:225087,-0.0005759998009755061
rxn:4:194718:228962,-0.000588406776559764
rxn:4:202851:223223,-0.0006048435514623469
rxn:4:195862:223400,-0.0006069704890251159
rxn:4:192165:228103,-0.0006118342280387878
rxn:4:217925:222983,-0.0006165943647685804
rxn:4:184096:227945,-0.0006565018133683639
rxn:4:216137:222982,-0.0006927222974838749
rxn:4:211171:222470,-0.0007006314893563589
rxn:4:183695:228803,-0.0007225537094576605
rxn:4:211181:223055,-0.0007343127539283351
rxn:4:198076:223047,-0.0007391571998596191
rxn:4:184063:228543,-0.0007931167880694071
rxn:4:213693:224736,-0.0008047734770704718
rxn:4:191415:228578,-0.0008134421977129849
rxn:4:204375:223109,-0.0008173386255900065
rxn:4:215347:227024,-0.0008300040897570158
rxn:4:188197:228002,-0.0008391855905453364
rxn:4:183834:223131,-0.0008420217782258987
rxn:4:214728:225805,-0.0008456450084160114
rxn:4:205064:228683,-0.0008591796670641218
rxn:4:195704:228293,-0.0008709186857396907
rxn:4:211171:228683,-0.0009091615676879883
rxn:4:216413:222983,-0.000913769006729126
rxn:4:195453:225438,-0.000917543535647185
rxn:4:183994:225595,-0.0009199816620711124
rxn:4:195538:223031,-0.000934446399862116
rxn:4:203639:226330,-0.000938376145703452
rxn:4:219210:228962,-0.0009443577040325512
rxn:4:195704:227834,-0.000989448617805134
rxn:4:204375:226331,-0.0009969823338367321
rxn:4:205064:226331,-0.001003643808265527
rxn:4:213693:228530,-0.001019934458392007
rxn:4:193143:228570,-0.0010315988745008195
rxn:4:217545:223279,-0.0010378435254096985
rxn:4:184063:228002,-0.0010395477856359175
rxn:4:195296:228140,-0.0010469373729493883
rxn:4:208011:226458,-0.0010545186698436737
rxn:4:184099:223195,-0.001060560771397182
rxn:4:201265:227023,-0.0010632448471509493
rxn:4:209284:227292,-0.0010954099042075022
rxn:4:184065:223109,-0.001122223608421557
rxn:4:211701:227609,-0.001125650391692207
rxn:4:183999:228622,-0.0011330182353655497
rxn:4:214900:228543,-0.001144774001220177
rxn:4:195862:228621,-0.0011765986680984497
rxn:4:191437:223350,-0.0011862913767496746
rxn:4:214889:224617,-0.001193468623301562
rxn:4:187677:227023,-0.0012103263288736343
rxn:4:214889:223219,-0.0012202098965644836
rxn:4:196952:223219,-0.001240621442380159
rxn:4:174720:226540,-0.0012542869036014264
rxn:4:217340:224715,-0.001265555896140911
rxn:4:205064:228099,-0.0012751384214921432
rxn:4:214894:223045,-0.001279278460777167
rxn:4:184099:223360,-0.0012800864437047172
rxn:4:214057:225436,-0.0012940890861280036
rxn:4:211181:228103,-0.0013011731207370758
rxn:4:215327:223146,-0.0013274461030960082
rxn:4:211172:223007,-0.0013382717182761745
rxn:4:195128:227834,-0.001353248953819275
rxn:4:191895:226361,-0.001375756480477073
rxn:4:205064:226990,-0.0014027681039727252
rxn:4:189394:223280,-0.0014063819595005202
rxn:4:212224:226361,-0.0014069041480188785
rxn:4:195398:226583,-0.001415845893678211
rxn:4:183940:223108,-0.001422416080128063
rxn:4:205036:227024,-0.001426173940948818
rxn:4:211174:226623,-0.001433514886432224
rxn:4:217545:227116,-0.0014568086092670758
rxn:4:214889:223109,-0.0014752928287752212
rxn:4:192165:228306,-0.001482202112674713
rxn:4:214728:222915,-0.0014870519439379374
rxn:4:203639:223198,-0.001516367550249453
rxn:4:216137:223197,-0.0015407641386163645
rxn:4:181884:223145,-0.0015443830440441768
rxn:4:184099:229221,-0.0015735342617957822
rxn:4:184065:225724,-0.0015786309890887316
rxn:4:195453:225378,-0.0015960919360319774
rxn:4:205660:223198,-0.0015963665817094886
rxn:4:205242:228570,-0.0016106210256877699
rxn:4:195128:224995,-0.001612335443496704
rxn:4:214728:227483,-0.0016189239643238209
rxn:4:211168:227023,-0.0016224196082667301
rxn:4:184065:223219,-0.0016343668103218079
rxn:4:183729:225724,-0.0016476354178260354
rxn:4:217925:225436,-0.001699811533877724
rxn:4:214900:226583,-0.0017261584289371967
rxn:4:208252:223146,-0.0017485210770054867
rxn:4:214900:226088,-0.0018167025409638882
rxn:4:191551:223400,-0.0018364377319812775
rxn:4:195128:227024,-0.0018418445473625546
rxn:4:214889:225898,-0.0018709748983383179
rxn:4:215320:228543,-0.001903657615184784
rxn:4:187677:228092,-0.001914458890115061
rxn:4:205064:223223,-0.0019267123678456182
rxn:4:209284:228002,-0.0019271671772003174
rxn:4:209284:223279,-0.0019412948971702939
rxn:4:194718:223055,-0.0019439914912888498
rxn:4:184099:223219,-0.0019481135266167778
rxn:4:215320:227893,-0.0019492265724000476
rxn:4:205401:228002,-0.0019590646028518678
rxn:4:215327:223280,-0.001960478330913343
rxn:4:217962:223047,-0.0019791342995383525
rxn:4:214728:224995,-0.001995122929414113
rxn:4:194718:228697,-0.0020113268802905903
rxn:4:217962:223699,-0.00202936732343265
rxn:4:195704:226843,-0.0020336583256721497
rxn:4:218802:228140,-0.0020422920070845506
rxn:4:183999:223398,-0.0020446568727493287
rxn:4:214900:228629,-0.0020625961237940296
rxn:4:215320:227625,-0.0020754946903748946
rxn:4:205660:229006,-0.002089335024356842
rxn:4:191895:223442,-0.002096835109922621
rxn:4:183940:225545,-0.0020989959730821498
rxn:4:183940:223227,-0.0021068593487143517
rxn:4:205036:228306,-0.0021203268658031116
rxn:4:215320:228693,-0.0021655544638633727
rxn:4:211701:223139,-0.0021802007474682546
rxn:4:184067:223219,-0.002194835420917062
rxn:4:191595:223442,-0.0022122964262962343
rxn:4:191895:223156,-0.0022222155874425716
rxn:4:217545:227609,-0.0022720135748386383
rxn:4:184065:223147,-0.0022791493119615498
rxn:4:211179:224179,-0.0023051879622719503
rxn:4:202851:228570,-0.0023079708218574522
rxn:4:195128:225378,-0.002309853211045265
rxn:4:205242:225456,-0.002352328404136326
rxn:4:212224:223047,-0.002364428093036016
rxn:4:184099:227023,-0.0023657935006277902
rxn:4:205036:229135,-0.002368742972612381
rxn:4:181884:227116,-0.002371866417967755
rxn:4:183940:223109,-0.002382762504346443
rxn:4:205660:225378,-0.0023903726385189937
rxn:4:205160:223127,-0.0023938147794632684
rxn:4:210155:226331,-0.0024137843562209087
rxn:4:195862:228608,-0.002421295642852783
rxn:4:202967:228103,-0.0024340152740478516
rxn:4:188106:223360,-0.0024432890117168427
rxn:4:195155:226990,-0.0024457668716257267
rxn:4:183999:223198,-0.0024698569905012846
rxn:4:195862:223699,-0.0024784927566846213
rxn:4:215320:223360,-0.0024903955913725354
rxn:4:214728:225378,-0.002502279977003733
rxn:4:214889:228140,-0.0025275200605392456
rxn:4:216470:223146,-0.002535367012023926
rxn:4:215320:224995,-0.0025423526763916015
rxn:4:184063:228697,-0.0025542805592219035
rxn:4:216463:223219,-0.0025771103407207286
rxn:4:195585:228384,-0.0026119187474250793
rxn:4:203617:223052,-0.0026157619732041512
rxn:4:195155:224736,-0.002679082923210584
rxn:4:216463:223031,-0.0026939482915969122
rxn:4:183999:225547,-0.002722036312608158
rxn:4:195155:223145,-0.0027513523464617524
rxn:4:211168:222982,-0.0027647784778050016
rxn:4:183940:225591,-0.002765048514394199
rxn:4:184065:223131,-0.0027907210769075336
rxn:4:183834:228097,-0.0027930493156115214
rxn:4:214900:227024,-0.002804924403467486
rxn:4:195128:226843,-0.0028286359526894307
rxn:4:174682:223279,-0.0028292834758758545
rxn:4:180875:224179,-0.002835589647293091
rxn:4:214728:223055,-0.0028407026467652157
rxn:4:203724:223927,-0.0028424732612841058
rxn:4:195128:223566,-0.0028869437674681345
rxn:4:184065:227024,-0.002897394122555852
rxn:4:195585:223198,-0.0029119792438688733
rxn:4:184063:228099,-0.002927022114876778
rxn:4:218802:227622,-0.0029368460178375243
rxn:4:211701:227004,-0.002960945169130961
rxn:4:196952:222592,-0.0029662462144062437
rxn:4:201265:228357,-0.002966698408126831
rxn:4:195862:228130,-0.0029821012701307026
rxn:4:205064:225318,-0.002994566296155636
rxn:4:195862:228000,-0.002999680382864816
rxn:4:215320:227292,-0.0030348094349557705
rxn:4:195862:224736,-0.0030429770167057332
rxn:4:211123:225723,-0.003044763677998593
rxn:4:195398:228103,-0.003047638817837364
rxn:4:208255:222449,-0.003074514178129343
rxn:4:195128:225118,-0.003082123895486196
rxn:4:214057:223195,-0.0030923740517708564
rxn:4:211168:223197,-0.003117360566791735
rxn:4:191551:223219,-0.003123667429793965
rxn:4:191895:228570,-0.0031525743635077226
rxn:4:198112:223004,-0.0031558628145017123
rxn:4:187677:228140,-0.0031735623075116065
rxn:4:208033:223127,-0.003185027837753296
rxn:4:214057:223128,-0.0032140081748366356
rxn:4:216137:223421,-0.003219751848114861
rxn:4:189394:224619,-0.0032819917908421268
rxn:4:195128:223279,-0.0032920525187537784
rxn:4:214057:223219,-0.003309824534000889
rxn:4:205064:227297,-0.003311526516209478
rxn:4:208363:228306,-0.0033131705390082467
rxn:4:215320:223892,-0.0033475985484463827
rxn:4:203724:223007,-0.003368247685761287
rxn:4:208362:223128,-0.0033902093768119813
rxn:4:187677:223223,-0.003398674540221691
rxn:4:214728:228140,-0.0033993319823191715
rxn:4:193386:223054,-0.00340943757829995
rxn:4:217545:227893,-0.0034126963304436726
rxn:4:195755:222803,-0.0034135086461901665
rxn:4:214057:227022,-0.0034318547095021894
rxn:4:194718:228560,-0.0034827405008776434
rxn:4:218802:227834,-0.0034882726854291455
rxn:4:182431:223566,-0.0035079288482666015
rxn:4:205192:223279,-0.003514835709019711
rxn:4:183834:227834,-0.0035186126828193665
rxn:4:193143:227929,-0.003520631654696031
rxn:4:191395:226843,-0.003522182504336039
rxn:4:191895:227834,-0.003535750508308411
rxn:4:195585:228099,-0.003548689931631088
rxn:4:208199:226583,-0.003551110625267029
rxn:4:205311:223031,-0.003560052676634355
rxn:4:189394:222608,-0.0035602501754103035
rxn:4:195128:223927,-0.003585602398271914
rxn:4:214057:223194,-0.0035883113741874695
rxn:4:183695:228742,-0.00360803897010869
rxn:4:214900:224490,-0.003616314274924142
rxn:4:214728:223047,-0.0036209472294511467
rxn:4:211123:223127,-0.003630076845486959
rxn:4:194718:223219,-0.0036501853216078972
rxn:4:183834:223279,-0.003673356386923021
rxn:4:201402:226843,-0.003681178092956543
rxn:4:183834:225547,-0.0036967595418294272
rxn:4:196952:226330,-0.0037016645073890686
rxn:4:214728:228130,-0.003716804087162018
rxn:4:191415:223383,-0.003723232642464016
rxn:4:184065:223145,-0.003740742802619934
rxn:4:195777:222983,-0.0037413767792961812
rxn:4:184099:228097,-0.003751436577123754
rxn:4:204375:228103,-0.0037623238563537597
rxn:4:211701:227625,-0.0037880681809924896
rxn:4:191415:228691,-0.0038016147234223104
rxn:4:191595:228543,-0.003811524027869815
rxn:4:195128:223351,-0.0038163721561431884
rxn:4:204375:227116,-0.003826327335376006
rxn:4:216394:225178,-0.003835763250078474
rxn:4:195128:223055,-0.0038391196209451427
rxn:4:211374:222413,-0.003852275013923645
rxn:4:191658:228543,-0.0038671096165974936
rxn:4:195296:226582,-0.0038678959012031556
rxn:4:218802:224080,-0.0038900669131960186
rxn:4:205059:223146,-0.003896647443373998
rxn:4:219210:223131,-0.003925372362136841
rxn:4:184065:227230,-0.003929059486836195
rxn:4:214889:222859,-0.003935517686786074
rxn:4:195128:228530,-0.003963953570315712
rxn:4:205160:223400,-0.003970152801937527
rxn:4:205064:227116,-0.003976859152317047
rxn:4:208199:223198,-0.003978694740094636
rxn:4:211130:223236,-0.003980412202722886
rxn:4:201265:222915,-0.003981122682834494
rxn:4:187677:223156,-0.0039923118822502365
rxn:4:174720:226999,-0.003992631435394287
rxn:4:205205:228543,-0.003997382364775005
rxn:4:211107:223055,-0.004017230537202623
rxn:4:195155:226331,-0.004031956843707872
rxn:4:189394:223219,-0.004035113298374674
rxn:4:182495:225438,-0.0040435224771499636
rxn:4:213693:228962,-0.004051232444388526
rxn:4:187677:227622,-0.004053687676787376
rxn:4:216586:223360,-0.00406730802435624
rxn:4:213693:225724,-0.00406913529150188
rxn:4:214889:223128,-0.0040703319734142675
rxn:4:174174:223350,-0.004080149212053844
rxn:4:188106:228293,-0.004100565612316131
rxn:4:191415:228463,-0.004110341486723527
rxn:4:205064:223892,-0.004115140643613091
rxn:4:214057:223130,-0.004128109663724899
rxn:4:177056:228554,-0.00412997535683892
rxn:4:193238:222693,-0.004151438513109761
rxn:4:217926:226844,-0.004169311788347032
rxn:4:189394:223234,-0.004171547682388969
rxn:4:184099:223400,-0.004178316304177949
rxn:4:205242:223398,-0.004215447526229055
rxn:4:191975:228002,-0.0042262947873065344
rxn:4:183729:227834,-0.004228649600859611
rxn:4:207613:227297,-0.004233497194945812
rxn:4:203617:228560,-0.004252020959500913
rxn:4:184096:223227,-0.004255745559930801
rxn:4:198076:224179,-0.004290648869105748
rxn:4:179140:222551,-0.0043019067358087614
rxn:4:216394:225436,-0.004308828711509704
rxn:4:191595:223400,-0.004319280385971069
rxn:4:205160:223396,-0.004333304034339057
rxn:4:214062:227914,-0.0043363321212030225
rxn:4:211168:223195,-0.004344570009331954
rxn:4:193238:223360,-0.004351331666111946
rxn:4:184099:229135,-0.004378741607069969
rxn:4:202309:228570,-0.00440440426270167
rxn:4:174682:224100,-0.004416623214880625
rxn:4:191658:228002,-0.004466310927742406
rxn:4:208363:223227,-0.00446845669495432
rxn:4:195128:224301,-0.0044797773544604964
rxn:4:211135:223382,-0.004484102129936218
rxn:4:204375:226843,-0.004487054215537177
rxn:4:211130:228306,-0.004521902650594711
rxn:4:215347:223198,-0.0045239925384521484
rxn:4:207613:222969,-0.004529657609322492
rxn:4:214894:223194,-0.004545966463704263
rxn:4:183834:223047,-0.004552521488883279
rxn:4:187677:227230,-0.00455746054649353
rxn:4:204375:223360,-0.004561498463153839
rxn:4:214900:223146,-0.004563352442346513
rxn:4:195398:223927,-0.004564389586448669
rxn:4:188106:224508,-0.004592387676239013
rxn:4:183940:223047,-0.00462552861255758
rxn:4:188197:228560,-0.004654513752978781
rxn:4:205660:225115,-0.0046602321358827446
rxn:4:184065:223052,-0.004660296746913125
rxn:4:214889:223195,-0.004672101140022278
rxn:4:211172:223892,-0.004682443712068641
rxn:4:215320:229006,-0.004703865239494725
rxn:4:211172:228962,-0.004704038302103679
rxn:4:215320:224736,-0.0047070962878373954
rxn:4:211168:227022,-0.004749561610974763
rxn:4:188106:225595,-0.0047674360482589054
rxn:4:184067:223227,-0.004770946634166381
rxn:4:183695:225318,-0.004779511295697268
rxn:4:203617:228697,-0.004780888281486652
rxn:4:202285:223236,-0.004784260546007464
rxn:4:184063:223047,-0.004787990275551291
rxn:4:217962:226331,-0.0048002394891920545
rxn:4:198112:223007,-0.0048214299114126904
rxn:4:217545:224736,-0.004821760313851493
rxn:4:184063:227116,-0.0048255957663059235
rxn:4:183994:223108,-0.0048381611704826355
rxn:4:214057:225456,-0.00485368524536942
rxn:4:193238:222982,-0.0048564161573137555
rxn:4:215320:223350,-0.004912065608160836
rxn:4:218802:228608,-0.004935253411531448
rxn:4:193143:228608,-0.004936568793796357
rxn:4:187677:226583,-0.004949048613056992
rxn:4:217340:223892,-0.004983785337415235
rxn:4:195155:223382,-0.004987185909634545
rxn:4:178718:223421,-0.0050030193830791275
rxn:4:203639:227892,-0.005038078014667218
rxn:4:184096:227622,-0.005050863851519192
rxn:4:211701:223007,-0.00506248713835426
rxn:4:215327:226583,-0.005067360401153564
rxn:4:184096:227004,-0.005075810586704928
rxn:4:193238:223227,-0.005092260356132801
rxn:4:202851:226361,-0.005101754289606343
rxn:4:214889:227929,-0.005120357562755716
rxn:4:216137:223396,-0.005123264811657093
rxn:4:193143:226844,-0.005127355456352234
rxn:4:193238:222683,-0.005137936722847724
rxn:4:208011:222470,-0.005147430759209853
rxn:4:214728:225723,-0.005162926069621382
rxn:4:196952:223236,-0.005169343689213629
rxn:4:184096:227834,-0.005213469718441818
rxn:4:198111:222915,-0.005243095755577088
rxn:4:202285:223109,-0.005268412875011563
rxn:4:191895:228103,-0.005269163846969604
rxn:4:211130:226340,-0.005286866592036353
rxn:4:217545:225308,-0.0052963340723956075
rxn:4:202285:223127,-0.005298019852489233
rxn:4:183999:228097,-0.005303847212945262
rxn:4:195777:227024,-0.005316397547721863
rxn:4:184067:228140,-0.005341887586947643
rxn:4:215320:228803,-0.00537237823009491
rxn:4:183994:228560,-0.0053752686443
rxn:4:174682:223104,-0.0053862730662028
rxn:4:181038:227023,-0.005400833876236626
rxn:4:205064:223055,-0.005411587357521057
rxn:4:193143:225545,-0.0054341483116149905
rxn:4:211134:224715,-0.005442199962479728
rxn:4:195398:223004,-0.005486841567538001
rxn:4:215320:227116,-0.005501680753447793
rxn:4:215320:228178,-0.005502727060090928
rxn:4:191415:227375,-0.005519247303406398
rxn:4:193238:223400,-0.0055358024934927625
rxn:4:184096:227303,-0.005540026461376864
rxn:4:184067:227914,-0.005607163364237005
rxn:4:195128:226340,-0.0056152540174397554
rxn:4:216137:223194,-0.005625975799971613
rxn:4:183999:227834,-0.005644557937499016
rxn:4:214458:222413,-0.005660572222300938
rxn:4:195398:223227,-0.005690570175647736
rxn:4:198105:226844,-0.005693515141805013
rxn:4:211130:223566,-0.005705021894895113
rxn:4:207613:228683,-0.005723019440968831
rxn:4:205660:223400,-0.005723992983500163
rxn:4:205036:228621,-0.005759008583568391
rxn:4:201265:227609,-0.005776525690005376
rxn:4:183729:224995,-0.005782244886670794
rxn:4:214728:223381,-0.005783688563566942
rxn:4:216137:223280,-0.005864033925122228
rxn:4:218802:228306,-0.005866671430653539
rxn:4:204375:225805,-0.005872444382735661
rxn:4:194718:225545,-0.005878693226611976
rxn:4:184099:228002,-0.005880084107903873
rxn:4:198093:223227,-0.0059032924473285675
rxn:4:188106:228695,-0.005913422295921727
rxn:4:204375:228570,-0.005929085736473401
rxn:4:214079:223147,-0.005938599281238787
rxn:4:205242:223360,-0.005944016575813294
rxn:4:184063:225115,-0.005978458055428096
rxn:4:184099:223398,-0.005983797889767271
rxn:4:195585:228097,-0.005986109375953674
rxn:4:195862:223386,-0.006009525486401149
rxn:4:195398:225318,-0.006018523936686309
rxn:4:208435:223360,-0.006030527502298355
rxn:4:219210:223139,-0.0060723602771759035
rxn:4:214057:227023,-0.006086523975095441
rxn:4:205064:224523,-0.006111033536769726
rxn:4:194487:226361,-0.0061117862661679585
rxn:4:208435:223443,-0.006121805972523159
rxn:4:205401:228097,-0.006123399734497071
rxn:4:203639:223219,-0.006144159645945938
rxn:4:193143:223892,-0.006146481324886453
rxn:4:217340:228293,-0.006159231066703796
rxn:4:184063:229135,-0.006165283507314222
rxn:4:194718:225547,-0.006178077818317847
rxn:4:208435:223127,-0.006194246086207303
rxn:4:194487:223004,-0.006223295965502339
rxn:4:208360:223198,-0.006228762237649215
rxn:4:211123:224736,-0.0062458401634579615
rxn:4:208011:223279,-0.006255243953905608
rxn:4:211114:225098,-0.006281680182406777
rxn:4:214458:227929,-0.006284834444522857
rxn:4:195585:223359,-0.00631260871887207
rxn:4:198112:223055,-0.006328405518280833
rxn:4:196954:223145,-0.00633749986688296
rxn:4:196952:222583,-0.006352183120004062
rxn:4:211123:225898,-0.00640498023284109
rxn:4:181038:228306,-0.0064296641133048315
rxn:4:194718:222413,-0.006436904591898765
rxn:4:195398:226705,-0.006460802895682198
rxn:4:183999:225308,-0.006466807212148394
rxn:4:176409:224100,-0.00648685097694397
rxn:4:219210:228560,-0.006513577293265949
rxn:4:216394:223219,-0.006530526611540053
rxn:4:195704:223351,-0.006531945006413894
rxn:4:187677:228367,-0.0065459022598881875
rxn:4:194456:223219,-0.006553976900047726
rxn:4:183834:225318,-0.006566173013518839
rxn:4:217926:228962,-0.006566371520360311
rxn:4:191263:228695,-0.006571035636098762
rxn:4:183834:224995,-0.006572860567008748
rxn:4:208363:226330,-0.0065841197967529295
rxn:4:198112:223047,-0.006595487657346223
rxn:4:205311:228560,-0.00660930077234904
rxn:4:208435:223223,-0.006614321754092262
rxn:4:193143:224523,-0.006643532602875321
rxn:4:198111:228683,-0.006653877099355062
rxn:4:205064:223699,-0.006660576789609848
rxn:4:194456:223127,-0.006662343229566302
rxn:4:195755:224715,-0.006664371117949486
rxn:4:193143:222846,-0.006675264010062585
rxn:4:184065:229221,-0.006680251232215336
rxn:4:177793:228692,-0.00669013261795044
rxn:4:214900:223130,-0.006733859772793949
rxn:4:195704:223052,-0.006741301119327545
rxn:4:211179:222915,-0.006742706894874573
rxn:4:191895:228002,-0.006784775853157043
rxn:4:214728:228578,-0.006804107427597046
rxn:4:217926:225118,-0.006810680031776428
rxn:4:184096:223194,-0.006811587249531466
rxn:4:184096:228357,-0.006814363327893344
rxn:4:191895:228000,-0.006815780699253082
rxn:4:208033:223280,-0.006820165797283775
rxn:4:195585:223360,-0.006830348819494248
rxn:4:217925:223031,-0.00684809684753418
rxn:4:205064:223400,-0.00685187748500279
rxn:4:187677:223147,-0.006870748418750185
rxn:4:216137:223031,-0.0068892625070387315
rxn:4:208011:222803,-0.006908969062825908
rxn:4:205064:224995,-0.0069189346753633935
rxn:4:176409:228357,-0.0069260373711586
rxn:4:198093:223382,-0.006947269042332967
rxn:4:216393:223031,-0.006950169801712036
rxn:4:191263:228570,-0.006958279170488056
rxn:4:211172:224301,-0.006969057023525238
rxn:4:183940:223197,-0.0070112720131874084
rxn:4:191618:228543,-0.007015404376116666
rxn:4:198111:223892,-0.007021494533704675
rxn:4:207613:223360,-0.007022269070148468
rxn:4:183729:223236,-0.007062313845381141
rxn:4:195155:228695,-0.007077473402023316
rxn:4:214889:223350,-0.007077675955048923
rxn:4:217925:222859,-0.00707847774028778
rxn:4:184099:228742,-0.007084740833802657
rxn:4:174720:227236,-0.007089176177978516
rxn:4:202967:228306,-0.007119579613208771
rxn:4:216470:223280,-0.007122883671208432
rxn:4:208362:228002,-0.007173231078518761
rxn:4:216586:227303,-0.007177191972732544
rxn:4:201265:223219,-0.007214984068503747
rxn:4:191437:223031,-0.007243318217141288
rxn:4:216470:225532,-0.0072520893244516285
rxn:4:208362:223197,-0.007284280500913921
rxn:4:191975:223146,-0.007307894173122588
rxn:4:182431:228306,-0.007321937878926595
rxn:4:195862:228697,-0.007335063815116882
rxn:4:183994:223139,-0.007338417693972588
rxn:4:194487:228683,-0.00733924960648572
rxn:4:214057:228621,-0.00736160422193593
rxn:4:218802:225110,-0.0073859149759466
rxn:4:174138:228608,-0.007387912521759669
rxn:4:211135:226844,-0.007409294446309407
rxn:4:184065:223227,-0.007418508641421795
rxn:4:191595:228000,-0.007419432428750125
rxn:4:215320:227303,-0.007428228177807548
rxn:4:205242:228306,-0.007432475686073303
rxn:4:183695:228099,-0.007476276904344559
rxn:4:211172:226990,-0.007495064945781932
rxn:4:207613:223007,-0.007510437246631174
rxn:4:198112:222915,-0.0075224414467811584
rxn:4:208362:223194,-0.0075693695168746146
rxn:4:176480:227000,-0.007579047394835431
rxn:4:209284:223197,-0.007589888005029587
rxn:4:214728:229135,-0.007598719249169032
rxn:4:183940:223139,-0.007603392004966736
rxn:4:184096:228367,-0.0076460639635721845
rxn:4:214889:227022,-0.0076629896958669026
rxn:4:208011:225595,-0.007675624319485256
rxn:4:196952:227929,-0.007692250338467685
rxn:4:216586:228097,-0.007728981344323409
rxn:4:216394:227291,-0.0077483389112684466
rxn:4:174682:224490,-0.007756873965263367
rxn:4:183729:228608,-0.007763241231441498
rxn:4:174138:227362,-0.0078015006505526025
rxn:4:183834:228962,-0.007847169349933493
rxn:4:189394:225456,-0.007852998971939086
rxn:4:193143:224179,-0.007885511432375227
rxn:4:191895:223223,-0.007931384302320935
rxn:4:192165:223279,-0.007943916888464065
rxn:4:214900:224617,-0.007952475334916796
rxn:4:184063:228302,-0.008022536193170855
rxn:4:195704:226331,-0.008027808430294195
rxn:4:214728:228099,-0.008031324125253238
rxn:4:191618:223400,-0.008032016456127167
rxn:4:184065:228097,-0.008048722820897256
rxn:4:203639:223350,-0.00806114306816688
rxn:4:191551:228695,-0.008069221675395966
rxn:4:207613:228367,-0.00807681102906504
rxn:4:196952:223007,-0.008083573281764985
rxn:4:201699:223127,-0.008102916661770113
rxn:4:215320:228629,-0.008115055412054062
rxn:4:183695:223236,-0.008122001924822408
rxn:4:193143:223131,-0.008135811115304628
rxn:4:202309:227829,-0.008141852674945708
rxn:4:184099:223359,-0.008147179861279094
rxn:4:216137:228293,-0.008162360106195723
rxn:4:214889:223198,-0.008186398446559906
rxn:4:191415:227063,-0.008208898827433586
rxn:4:216413:227292,-0.00821461280186971
rxn:4:184099:229050,-0.00822039507329464
rxn:4:201699:223219,-0.008241118490695953
rxn:4:184065:228140,-0.008245606095560135
rxn:4:188106:223031,-0.008255699406499449
rxn:4:212224:223892,-0.008266984618135862
rxn:4:195755:227024,-0.008273985981941224
rxn:4:208255:226583,-0.008282004218352469
rxn:4:213693:223398,-0.00830019052539553
rxn:4:195755:225595,-0.008307289670814167
rxn:4:184096:223311,-0.00830803992170276
rxn:4:213484:225110,-0.008321521373895498
rxn:4:184096:226361,-0.008326315454074315
rxn:4:211181:223381,-0.008333059027791023
rxn:4:184065:223398,-0.0083424707253774
rxn:4:182431:227625,-0.008353736251592636
rxn:4:218802:223004,-0.008357770973816514
rxn:4:214894:223198,-0.008363122180584938
rxn:4:211168:226990,-0.008409355816088225
rxn:4:213693:229221,-0.008420476833215127
rxn:4:217545:225115,-0.008440961992299115
rxn:4:184065:223421,-0.008457117527723313
rxn:4:205160:223128,-0.008465881858553206
rxn:4:184063:228178,-0.008509502776207463
rxn:4:184096:227023,-0.008510588723070481
rxn:4:205064:225118,-0.008514940738677979
rxn:4:183994:225308,-0.0085187998107251
rxn:4:208255:227024,-0.008536390132374234
rxn:4:198075:224715,-0.008537141978740692
rxn:4:183834:224523,-0.00854602541242327
rxn:4:195128:222413,-0.008585108178002494
rxn:4:191618:223156,-0.008586922883987427
rxn:4:219210:227945,-0.008600028960601143
rxn:4:195296:228103,-0.008616174260775248
rxn:4:203724:228697,-0.008637230396270752
rxn:4:214062:228695,-0.008674733092387516
rxn:4:198075:224100,-0.008691113619577317
rxn:4:205660:223031,-0.008700549602508545
rxn:4:215920:226843,-0.008700926546697263
rxn:4:211168:223194,-0.008712109766508403
rxn:4:195128:223223,-0.008728572300502233
rxn:4:208362:223045,-0.008728580815451486
rxn:4:195155:228683,-0.008744001388549805
rxn:4:203639:223147,-0.008771825581789017
rxn:4:202285:225591,-0.00877192627751466
rxn:4:205160:223279,-0.008786946535110474
rxn:4:192165:223360,-0.008809750527143478
rxn:4:184067:226130,-0.008818225988319942
rxn:4:184065:228697,-0.008822510639826456
rxn:4:183834:227024,-0.008839747598094324
rxn:4:198075:223382,-0.00884798566500346
rxn:4:215347:227292,-0.008854395464846962
rxn:4:183940:228140,-0.008860175648043233
rxn:4:208435:228543,-0.008861564491924486
rxn:4:211374:222846,-0.008863446505173393
rxn:4:183834:227625,-0.00887168126721536
rxn:4:183999:228543,-0.008877708514531454
rxn:4:203617:223047,-0.008879383725504722
rxn:4:184065:226990,-0.0089050168171525
rxn:4:184096:228695,-0.008931783959269524
rxn:4:202285:223227,-0.008940945229222697
rxn:4:214728:227303,-0.008947843202838191
rxn:4:217545:227004,-0.008965544402599335
rxn:4:195538:223400,-0.008982992006672753
rxn:4:189394:228692,-0.008989934410367693
rxn:4:188106:223198,-0.008994605569612412
rxn:4:196952:222608,-0.009001427683336982
rxn:4:184065:229050,-0.00903567363475931
rxn:4:195585:227292,-0.009049353145417712
rxn:4:202309:223194,-0.009077331982553005
rxn:4:183695:223146,-0.009078895440325141
rxn:4:211107:222969,-0.009120259020063613
rxn:4:213693:223052,-0.009128493024036288
rxn:4:192165:227829,-0.009130629897117614
rxn:4:183940:226331,-0.009138664964473608
rxn:4:183695:223421,-0.009144997545357409
rxn:4:195862:228570,-0.00915071964263916
rxn:4:195704:228962,-0.009157654075395493
rxn:4:184099:228530,-0.00917244680000074
rxn:4:191437:228002,-0.009187662767039405
rxn:4:184063:223227,-0.009209753014147282
rxn:4:208011:226828,-0.009211718291044235
rxn:4:213693:223195,-0.009224035342534383
rxn:4:215320:224715,-0.009243488884889163
rxn:4:208435:223398,-0.009263236271707635
rxn:4:202285:228692,-0.009273211503851003
rxn:4:216137:223195,-0.009282898800126437
rxn:4:216137:223108,-0.009284354249636332
rxn:4:185651:227063,-0.009296111438585363
rxn:4:194718:229135,-0.009303083377225059
rxn:4:214889:228293,-0.009303944378063596
rxn:4:191437:223198,-0.009309117731295134
rxn:4:204375:223052,-0.009318533752645766
rxn:4:195517:223045,-0.009346717879885719
rxn:4:183834:223311,-0.009392822782198587
rxn:4:217926:222413,-0.009412526207811692
rxn:4:187677:227893,-0.009433474271528183
rxn:4:189394:223128,-0.00943455845117569
rxn:4:195755:225118,-0.009451837643333103
rxn:4:211172:229050,-0.009458520582744054
rxn:4:195755:226331,-0.00945991561526344
rxn:4:184065:223350,-0.009468924134008346
rxn:4:213693:223382,-0.009470129064444837
rxn:4:175594:223350,-0.009485987601456818
rxn:4:187677:226361,-0.009520397041783188
rxn:4:176410:227004,-0.00952981472015381
rxn:4:216463:228002,-0.009541235036320157
rxn:4:208033:223031,-0.009545652639298212
rxn:4:216137:222984,-0.009552038004321436
rxn:4:193143:228742,-0.009556604283196586
rxn:4:196952:223194,-0.009559556193973707
rxn:4:202285:228293,-0.009577473004659018
rxn:4:209284:227893,-0.009577886760234832
rxn:4:195155:227004,-0.009589521045034582
rxn:4:195453:224736,-0.00962445229291916
rxn:4:202967:223031,-0.009625408960425335
rxn:4:207613:223139,-0.009626795396660313
rxn:4:195128:225308,-0.00964261032640934
rxn:4:184063:228560,-0.00965331494808197
rxn:4:216463:223198,-0.009660642398031135
rxn:4:202851:223699,-0.009693244596322377
rxn:4:184065:223400,-0.009694296618302662
rxn:4:203724:223055,-0.009696522663379538
rxn:4:214062:228543,-0.009720581769943237
rxn:4:195585:228683,-0.009730670012925801
rxn:4:203639:223054,-0.009745793095950422
rxn:4:217545:223052,-0.009751901603662051
rxn:4:212224:223279,-0.009756785902110014
rxn:4:214889:223227,-0.009767907857894897
rxn:4:202967:227829,-0.009793591499328614
rxn:4:211179:226458,-0.009794013367758857
rxn:4:184096:223147,-0.009836389337267194
rxn:4:184065:228962,-0.009847474098205567
rxn:4:211374:225378,-0.00985310259072677
rxn:4:218802:225308,-0.009856731602639862
rxn:4:184099:223198,-0.00986319865499224
rxn:4:211701:223109,-0.00987596945329146
rxn:4:205064:224715,-0.009877121007000958
rxn:4:219210:223351,-0.009884122921072918
rxn:4:191895:228306,-0.009896843135356903
rxn:4:203724:223130,-0.009917246443884713
rxn:4:174720:226128,-0.009951721017177288
rxn:4:183729:223130,-0.00996382940899242
rxn:4:211179:224959,-0.009990926086902618
rxn:4:218802:226166,-0.009995753486310282
rxn:4:187677:228293,-0.009995884472324003
rxn:4:183695:228692,-0.009996868669986725
rxn:4:184063:223127,-0.009997977451844648
rxn:4:193143:227945,-0.0099987116726962
rxn:4:217340:228097,-0.01003646037795327
rxn:4:191415:227799,-0.01006425948192676
rxn:4:184063:227834,-0.010094055244999548
rxn:4:214057:227303,-0.010095857444309419
rxn:4:217925:223108,-0.01013208594587114
rxn:4:208435:223198,-0.010159523714156378
rxn:4:195704:228099,-0.010164691643281416
rxn:4:188106:228570,-0.010172480031063682
rxn:4:214894:227893,-0.010188841819763183
rxn:4:191895:223031,-0.010198935866355896
rxn:4:191975:228097,-0.010204501057925978
rxn:4:195862:223396,-0.010241438448429108
rxn:4:218802:228367,-0.010255098342895508
rxn:4:205660:223219,-0.010274902633998705
rxn:4:194718:227834,-0.010277015964190166
rxn:4:184065:223223,-0.010283865965902805
rxn:4:211123:223147,-0.010296978884273104
rxn:4:217340:225110,-0.010321996532953702
rxn:4:183994:223194,-0.0103405132409065
rxn:4:198105:223699,-0.010342682600021363
rxn:4:214900:227893,-0.01034651001294454
rxn:4:218802:226361,-0.010364158018942802
rxn:4:192165:228995,-0.010366459687550863
rxn:4:195755:225308,-0.01036737146584884
rxn:4:184096:228002,-0.010373182820551323
rxn:4:211168:223108,-0.010385963320732116
rxn:4:218802:229262,-0.010392665003354732
rxn:4:201265:223350,-0.01040374517440796
rxn:4:193143:228002,-0.010431561957706104
rxn:4:189394:222592,-0.010436666422876818
rxn:4:196952:224080,-0.010439346943582808
rxn:4:195517:223198,-0.010453330843072189
rxn:4:211701:222470,-0.01049505387033735
rxn:4:215320:228695,-0.010502676665782928
rxn:4:202309:223045,-0.010512317804729237
rxn:4:208199:223195,-0.010520365677381816
rxn:4:208360:223279,-0.01053359633997867
rxn:4:176551:227000,-0.01054647293957797
rxn:4:196952:222470,-0.010609267155329387
rxn:4:196952:223198,-0.010630869347116222
rxn:4:181884:224490,-0.010640784546181007
rxn:4:214057:228560,-0.010651260614395142
rxn:4:195453:223386,-0.010658848285675048
rxn:4:214728:226705,-0.010668412649205752
rxn:4:195155:223195,-0.010674853216518055
rxn:4:187677:223219,-0.010683946311473846
rxn:4:215347:223279,-0.010731395922209086
rxn:4:198093:228306,-0.010741992791493734
rxn:4:184096:227929,-0.010751877318729054
rxn:4:184063:228987,-0.010780216291032988
rxn:4:205036:227625,-0.010787274526513142
rxn:4:203617:227116,-0.010787603670153124
rxn:4:191413:226843,-0.010801858901977539
rxn:4:205401:223031,-0.01081396574559419
rxn:4:202309:222983,-0.01082714953843285
rxn:4:214079:226130,-0.01083625830484159
rxn:4:196952:223360,-0.010836695744232698
rxn:4:211179:226331,-0.010846904582447477
rxn:4:202285:228695,-0.010860485249552233
rxn:4:205036:224959,-0.01087232163319221
rxn:4:189394:224508,-0.010877957774533166
rxn:4:218802:228621,-0.010880199926240104
rxn:4:187677:228629,-0.01088297963142395
rxn:4:182497:222915,-0.010896756535484678
rxn:4:211374:223007,-0.01091995852237398
rxn:4:211135:228103,-0.010938547551631927
rxn:4:217926:226331,-0.010944715804523893
rxn:4:196952:227004,-0.010962884711182636
rxn:4:214889:222633,-0.010966114061219352
rxn:4:205059:225724,-0.010981020331382752
rxn:4:202309:223198,-0.010999286314472556
rxn:4:176480:227924,-0.01100149547511881
rxn:4:203639:222529,-0.011010450395670805
rxn:4:205192:228002,-0.011026955313152738
rxn:4:188106:227893,-0.011027564108371735
rxn:4:183999:228293,-0.01103632332336518
rxn:4:217962:222803,-0.011057164054363966
rxn:4:198097:223566,-0.011067697635063758
rxn:4:195862:227929,-0.011094124899024055
rxn:4:194487:226623,-0.011117282261451086
rxn:4:184096:223351,-0.011135248975320295
rxn:4:214057:223396,-0.011148223589206564
rxn:4:195128:228306,-0.011159877479076385
rxn:4:203617:228543,-0.011176047501740631
rxn:4:191895:223045,-0.01120537519454956
rxn:4:207613:226166,-0.01121447483698527
rxn:4:203639:223108,-0.011222823389938899
rxn:4:218802:227929,-0.011267050843814323
rxn:4:195155:227230,-0.011278088797222485
rxn:4:176483:227485,-0.011307942370573679
rxn:4:208435:228695,-0.011315446150930305
rxn:4:217545:228622,-0.01132078468799591
rxn:4:203617:228962,-0.011321982851734868
rxn:4:184096:229135,-0.01134120096122065
rxn:4:203617:224841,-0.011346837505698204
rxn:4:183999:228367,-0.011348386926035728
rxn:4:217545:223130,-0.01136409878730774
rxn:4:193386:223127,-0.011370326525398664
rxn:4:184096:229050,-0.01137104534333752
rxn:4:191263:223350,-0.011385326087474824
rxn:4:210155:222470,-0.011398634006237161
rxn:4:213693:227945,-0.011410724757046535
rxn:4:195777:227893,-0.011437516463430305
rxn:4:196952:223350,-0.011459060690619728
rxn:4:214894:228293,-0.01147350569566091
rxn:4:195862:224715,-0.011479998437257914
rxn:4:195585:228695,-0.01148102785411634
rxn:4:205059:223130,-0.011488337069749832
rxn:4:174785:227000,-0.011543879906336466
rxn:4:183729:227609,-0.011548570357263088
rxn:4:214728:228692,-0.011548947095870971
rxn:4:211168:223130,-0.011559802293777465
rxn:4:174138:227929,-0.01156823754310608
rxn:4:195538:223156,-0.011576963322503226
rxn:4:208601:223156,-0.011582848818405815
rxn:4:183834:224736,-0.01158716891493116
rxn:4:195862:227230,-0.011589673432436857
rxn:4:196954:227230,-0.011604960197987764
rxn:4:214894:227023,-0.011621588660824684
rxn:4:187677:229050,-0.011636848079747167
rxn:4:195128:225318,-0.011659195025761923
rxn:4:188207:228543,-0.01166326121280068
rxn:4:189394:223198,-0.011663326750630918
rxn:4:214057:223147,-0.011730350670404732
rxn:4:198092:222803,-0.011750119179487229
rxn:4:195704:226828,-0.011780005569259325
rxn:4:205059:226340,-0.011796936392784119
rxn:4:218802:225547,-0.011816747137345374
rxn:4:214079:223219,-0.01183739397674799
rxn:4:198105:224100,-0.011840042742815885
rxn:4:205660:222413,-0.011846559851065926
rxn:4:195453:226990,-0.011850391115461077
rxn:4:214057:223234,-0.011854012166300127
rxn:4:195155:228103,-0.011876824356260755
rxn:4:187677:227303,-0.011914906557649374
rxn:4:211171:226331,-0.011932517091433207
rxn:4:195585:228570,-0.011961921265250757
rxn:4:205242:223198,-0.011971411250886462
rxn:4:214889:227023,-0.011977349718411764
rxn:4:214728:227622,-0.011978407700856527
rxn:4:205401:223396,-0.011998935749656275
rxn:4:182431:222846,-0.012025586868587294
rxn:4:184096:227116,-0.012032745077329524
rxn:4:208199:223127,-0.01203613430261612
rxn:4:213693:228697,-0.01205364428460598
rxn:4:208362:227292,-0.012054424536855598
rxn:4:203724:223311,-0.012055525412926307
rxn:4:195155:229221,-0.012059352464146085
rxn:4:191415:223196,-0.01207167903582255
rxn:4:193386:227292,-0.012101054467536785
rxn:4:208360:223128,-0.012114645540714264
rxn:4:211134:222470,-0.012145490696032843
rxn:4:196952:223421,-0.012151750780287244
rxn:4:211168:223147,-0.012163645029067994
rxn:4:205064:223360,-0.01221568069674752
rxn:4:202851:225115,-0.012247096300125122
rxn:4:208033:223219,-0.012253289159975554
rxn:4:214079:227892,-0.01226898931687878
rxn:4:183695:225308,-0.012285253800013485
rxn:4:214057:226130,-0.012328014243394136
rxn:4:205036:223227,-0.012331376905026644
rxn:4:215320:222470,-0.012350735479387743
rxn:4:189394:228000,-0.012353947894139723
rxn:4:208362:228091,-0.01237325370311737
rxn:4:183729:226361,-0.012385108931498095
rxn:4:189003:227294,-0.012391214445233344
rxn:4:195128:228097,-0.012401889264583587
rxn:4:184063:223198,-0.012427065637893975
rxn:4:187677:228097,-0.012430081444401895
rxn:4:195128:228002,-0.012485755980014801
rxn:4:196952:225308,-0.012490579715141883
rxn:4:195128:223360,-0.012516287714242935
rxn:4:184065:225308,-0.012525257468223572
rxn:4:214728:225115,-0.012538709988196691
rxn:4:187677:223110,-0.01254910591876868
rxn:4:216393:226583,-0.012567766402897081
rxn:4:187677:228543,-0.012593202292919159
rxn:4:208363:223128,-0.012594571709632874
rxn:4:195398:227024,-0.01260606050491333
rxn:4:195777:224301,-0.012627529501914979
rxn:4:196952:222431,-0.01262990664690733
rxn:4:184063:228097,-0.012633974273358621
rxn:4:211179:228683,-0.0126542329788208
rxn:4:183999:223351,-0.012656038687113793
rxn:4:217545:228621,-0.012681559405543587
rxn:4:182529:223227,-0.012687552720308304
rxn:4:203724:223139,-0.012698621622153692
rxn:4:180875:223138,-0.012728860690480187
rxn:4:184065:227892,-0.012729119389287887
rxn:4:216137:222980,-0.012760098903409896
rxn:4:202285:223350,-0.012796052048603694
rxn:4:195296:228306,-0.01284763216972351
rxn:4:196954:223219,-0.012854240510774695
rxn:4:195862:223219,-0.012859942560846155
rxn:4:196952:223108,-0.012873197595278421
rxn:4:184096:223195,-0.012900489218094769
rxn:4:210155:227023,-0.012925248931754719
rxn:4:184099:228543,-0.012944101835742142
rxn:4:195296:223236,-0.012946099042892456
rxn:4:195585:223400,-0.012950007852755095
rxn:4:211701:222803,-0.012952348813414574
rxn:4:188104:223127,-0.0129791640100025
rxn:4:192165:223350,-0.01298384666442871
rxn:4:183940:223198,-0.012987063266336918
rxn:4:216393:223197,-0.013001471757888794
rxn:4:214894:223109,-0.013022650149650872
rxn:4:191975:223350,-0.013032823016769007
rxn:4:183695:228306,-0.013052306572596232
rxn:4:187677:228002,-0.013111408679716049
rxn:4:194456:223198,-0.013117102009278757
rxn:4:213693:222413,-0.013117644066611926
rxn:4:187677:227116,-0.013119030743837357
rxn:4:211134:224736,-0.013148585245722816
rxn:4:195155:227945,-0.013151374601182483
rxn:4:196954:224715,-0.013164647199489453
rxn:4:215320:227945,-0.013207920960017614
rxn:4:191415:227788,-0.013239907721678415
rxn:4:205311:228002,-0.013253789199026008
rxn:4:193386:223280,-0.013254300311759667
rxn:4:189394:223360,-0.013267915695905685
rxn:4:187677:229221,-0.013270258903503418
rxn:4:195517:227292,-0.013275847623222753
rxn:4:193143:228293,-0.013286304744807157
rxn:4:219210:225724,-0.013287712175112504
rxn:4:184099:227914,-0.013299554586410522
rxn:4:205059:222413,-0.013314954612566076
rxn:4:191595:228560,-0.013348868915012904
rxn:4:211181:226844,-0.0133909715546502
rxn:4:195704:228608,-0.01342397750843139
rxn:4:193386:223197,-0.013437948845050953
rxn:4:183999:228002,-0.013457382398266946
rxn:4:215327:223234,-0.013467732228730855
rxn:4:196952:224180,-0.013479235981191908
rxn:4:214728:223699,-0.013480114085333688
rxn:4:212224:223007,-0.013508494632939497
rxn:4:214900:223350,-0.01351299559076627
rxn:4:195398:223052,-0.013535786758769642
rxn:4:204375:225595,-0.013563425945384162
rxn:4:183695:228683,-0.013608579620205122
rxn:4:194487:228608,-0.013614004408871686
rxn:4:185651:227000,-0.013625004369279613
rxn:4:213693:228794,-0.013640232650297028
rxn:4:188106:228103,-0.013651704788208008
rxn:4:215320:227609,-0.013652138411998749
rxn:4:188207:223396,-0.013692190772608706
rxn:4:183695:227116,-0.013694967473706892
rxn:4:184096:228608,-0.013698372058570385
rxn:4:183994:223359,-0.013717044889926911
rxn:4:183994:223398,-0.013733436064473513
rxn:4:211134:225547,-0.013735474724518625
rxn:4:193238:223280,-0.013785250771504182
rxn:4:196952:227914,-0.013812562958760695
rxn:4:205036:224995,-0.013815862628129812
rxn:4:211123:225456,-0.013816724482335542
rxn:4:184099:227116,-0.013833039147513253
rxn:4:194487:227945,-0.0138445645570755
rxn:4:205064:227834,-0.01386237009005113
rxn:4:208252:227292,-0.01387407879034678
rxn:4:216413:223146,-0.013880048927507903
rxn:4:198111:222470,-0.013883456587791443
rxn:4:208033:223146,-0.013885387778282165
rxn:4:177056:227929,-0.013905802498693052
rxn:4:213693:227116,-0.013913513099153837
rxn:4:188207:223400,-0.013933173919978895
rxn:4:189394:224080,-0.013942735003573554
rxn:4:189394:222431,-0.013947714120149612
rxn:4:201306:227771,-0.013948208611944447
rxn:4:214728:223383,-0.013961324324974647
rxn:4:213693:228099,-0.013966676233143642
rxn:4:192165:223400,-0.013973970162241082
rxn:4:208360:228103,-0.013982699977027046
rxn:4:195777:223223,-0.01398349404335022
rxn:4:195755:226361,-0.01400890520640782
rxn:4:217962:224100,-0.014030808806419373
rxn:4:184099:228357,-0.014035855146015392
rxn:4:215320:226843,-0.014043747083000515
rxn:4:178725:227063,-0.014046220675758694
rxn:4:184065:227116,-0.01405431644525379
rxn:4:183695:228697,-0.014073957656991893
rxn:4:208360:228002,-0.01409732633166843
rxn:4:211107:223892,-0.014099448919296265
rxn:4:209284:223194,-0.01410443867955889
rxn:4:211172:223139,-0.014120477769109938
rxn:4:208011:228560,-0.014121770858764648
rxn:4:188106:223219,-0.014154191528047835
rxn:4:214728:225118,-0.01417456219593684
rxn:4:189394:228293,-0.014197962189262564
rxn:4:183940:223147,-0.01421684974973852
rxn:4:201699:223280,-0.014224177847305933
rxn:4:205660:223194,-0.014242641303850256
rxn:4:189394:226583,-0.014246964206298193
rxn:4:189394:227829,-0.014261897992004047
rxn:4:196952:227834,-0.014265061779455706
rxn:4:183940:222846,-0.014297311859471458
rxn:4:211171:226844,-0.014299962255689833
rxn:4:215320:223400,-0.014303454756736755
rxn:4:195704:223279,-0.014313498268956724
rxn:4:195155:226340,-0.014327616147373034
rxn:4:208033:223198,-0.014330128305836728
rxn:4:193143:224715,-0.01434869236416287
rxn:4:195538:228570,-0.014355805185106065
rxn:4:205660:223350,-0.014440850778059526
rxn:4:189394:223031,-0.014460461139678955
rxn:4:214894:223227,-0.014462647418822012
rxn:4:196952:228692,-0.014471831775846936
rxn:4:183695:228357,-0.014477501064538956
rxn:4:201699:223197,-0.01450079803665479
rxn:4:205160:225532,-0.014501218768683348
rxn:4:205311:223128,-0.014507063797542028
rxn:4:195704:226705,-0.01452245811621348
rxn:4:183729:228357,-0.014552885486233619
rxn:4:189394:225591,-0.014569287300109863
rxn:4:183834:229050,-0.014612432037081038
rxn:4:183729:229262,-0.014614862655954701
rxn:4:184065:223198,-0.014618702349252999
rxn:4:198076:223227,-0.014636442065238953
rxn:4:183695:227023,-0.014641638965375962
rxn:4:183695:228629,-0.01465428903185088
rxn:4:214062:223227,-0.014670824399217963
rxn:4:202272:229135,-0.014698479196120953
rxn:4:191895:223400,-0.01471770986130363
rxn:4:184063:223197,-0.014732292387634516
rxn:4:214900:223227,-0.014743236284102164
rxn:4:217545:225545,-0.014780260049379788
rxn:4:183940:223350,-0.014787255275634027
rxn:4:205160:228570,-0.014788568019866943
rxn:4:202309:228692,-0.014808083573977152
rxn:4:211174:223004,-0.014820675316609834
rxn:4:195128:227303,-0.014823235216594878
rxn:4:183994:228803,-0.014828903407886111
rxn:4:189394:223054,-0.014864685535430909
rxn:4:184096:229221,-0.014891019463539124
rxn:4:183994:223351,-0.014927747845649719
rxn:4:184096:228248,-0.014928714795546099
rxn:4:183994:228357,-0.014939190944035848
rxn:4:205242:223350,-0.014941075444221496
rxn:4:208363:227893,-0.014952931139204238
rxn:4:195128:227116,-0.014969988947822935
rxn:4:213693:223350,-0.01500991474965523
rxn:4:196952:223031,-0.015013165473937988
rxn:4:205059:228794,-0.015033360038484846
rxn:4:210155:228543,-0.015045930445194245
rxn:4:194456:223197,-0.015055740321124042
rxn:4:193143:226583,-0.015117424229780832
rxn:4:199492:228500,-0.015131291151046753
rxn:4:195398:223054,-0.01514357328414917
rxn:4:214728:225724,-0.015152731846118796
rxn:4:183695:224523,-0.015161892345973423
rxn:4:184096:227024,-0.015168362680603476
rxn:4:198105:226990,-0.015177511117037605
rxn:4:204375:228097,-0.01519830286502838
rxn:4:211701:223236,-0.015217235755352746
rxn:4:189394:223396,-0.01526738064629691
rxn:4:205036:223052,-0.015279518961906434
rxn:4:178752:229253,-0.01528664231300354
rxn:4:202285:228629,-0.015296296569807777
rxn:4:205064:226188,-0.015307746827602386
rxn:4:214889:223130,-0.015308622871675798
rxn:4:211374:226188,-0.015312932076908294
rxn:4:207613:224841,-0.015329547439302716
rxn:4:191263:228000,-0.015335159748792649
rxn:4:205401:223219,-0.015337663037436349
rxn:4:183940:226166,-0.015345919312852802
rxn:4:193238:223350,-0.015351249128580094
rxn:4:214057:223227,-0.015409352438103768
rxn:4:193386:223421,-0.015413582026958465
rxn:4:198111:222846,-0.015413934737443924
rxn:4:196952:228293,-0.01543151925910603
rxn:4:208199:226990,-0.015471737635763068
rxn:4:216137:223227,-0.015481488458041487
rxn:4:198097:228962,-0.015493424733479817
rxn:4:208362:223031,-0.015497949861344836
rxn:4:195755:223699,-0.015526987612247467
rxn:4:183994:229221,-0.015541911125183105
rxn:4:214728:223004,-0.015551351267715981
rxn:4:217926:228306,-0.015554487705230713
rxn:4:202285:227303,-0.015570373544769903
rxn:4:183940:227024,-0.015585460234433413
rxn:4:198111:225723,-0.015592280187104878
rxn:4:211168:227291,-0.015595480015403345
rxn:4:211130:226623,-0.015601641601986356
rxn:4:191895:223350,-0.015603412687778474
rxn:4:211179:228306,-0.015608038753271103
rxn:4:183940:223223,-0.015615663025528193
rxn:4:182529:227230,-0.015642112120985985
rxn:4:181884:228306,-0.01564878767186945
rxn:4:174138:228789,-0.01567852372924487
rxn:4:188106:228693,-0.015693918654793186
rxn:4:214900:223109,-0.015703567303717136
rxn:4:203724:226340,-0.015710407069751194
rxn:4:214728:228357,-0.015751505700441506
rxn:4:181884:225805,-0.015756367444992064
rxn:4:211374:223004,-0.01578079502690922
rxn:4:195453:228306,-0.01578608751296997
rxn:4:182431:228570,-0.01581211175237383
rxn:4:195585:227893,-0.01581380218267441
rxn:4:178725:227000,-0.015821459500685982
rxn:4:187677:223002,-0.01588423681609771
rxn:4:208011:222413,-0.015900897352319015
rxn:4:205036:228962,-0.015923217648551577
rxn:4:210155:228306,-0.015932894888378325
rxn:4:219210:228103,-0.01595666097558063
rxn:4:196954:224301,-0.01596248775188412
rxn:4:183999:223350,-0.015966835642053236
rxn:4:183940:225724,-0.015970106072285595
rxn:4:215324:223198,-0.015971273968094273
rxn:4:214728:223052,-0.015982757611521358
rxn:4:183994:223052,-0.016019436897653522
rxn:4:183729:229221,-0.01605083527309554
rxn:4:191975:228099,-0.016061387564006605
rxn:4:181884:228140,-0.01606918735937639
rxn:4:208362:223127,-0.01607136130332947
rxn:4:183729:225545,-0.01608155229512383
rxn:4:195704:227893,-0.01609112796458331
rxn:4:183940:227022,-0.016111320350319147
rxn:4:214057:228695,-0.016163283380968816
rxn:4:180875:224100,-0.016171165108680725
rxn:4:174688:229253,-0.016172480459014576
rxn:4:205311:223194,-0.016186486184597015
rxn:4:205059:227004,-0.0162091041388719
rxn:4:207613:225115,-0.016246762020247323
rxn:4:214889:227893,-0.016254840226008975
rxn:4:208033:226583,-0.016267795860767365
rxn:4:184063:223194,-0.016283320263028145
rxn:4:174681:227004,-0.0162834894657135
rxn:4:205160:223197,-0.01629137396812439
rxn:4:188106:228002,-0.016317162662744522
rxn:4:195755:228140,-0.01631759342394377
rxn:4:195398:223279,-0.016333934664726258
rxn:4:188104:223197,-0.016357822716236113
rxn:4:182495:222470,-0.01636152923107147
rxn:4:208011:225545,-0.016392353035154798
rxn:4:213693:227929,-0.016407381614734387
rxn:4:214894:223280,-0.016416522764390516
rxn:4:184099:228987,-0.01642323099076748
rxn:4:183940:223359,-0.016430029465306188
rxn:4:183999:229135,-0.016447586746051394
rxn:4:211171:228103,-0.0164504274725914
rxn:4:193143:225438,-0.016470311284065245
rxn:4:214728:228472,-0.016476975610622994
rxn:4:205660:223398,-0.016517965566544307
rxn:4:202967:224180,-0.016532518542729892
rxn:4:211114:225178,-0.01653347831023367
rxn:4:188104:223350,-0.016533545757594862
rxn:4:191595:227829,-0.01655080779032274
rxn:4:211172:228306,-0.016568010672926903
rxn:4:205311:223197,-0.016569828242063524
rxn:4:184096:223400,-0.016595975495874882
rxn:4:191895:227292,-0.016638208003271194
rxn:4:184096:226582,-0.016697860615594046
rxn:4:214062:223110,-0.016697950435407234
rxn:4:191975:223279,-0.016702920198440552
rxn:4:183834:226828,-0.01671328255906701
rxn:4:184065:224841,-0.016728319440569198
rxn:4:183695:228962,-0.01679357989081021
rxn:4:195453:226458,-0.01680733534422788
rxn:4:198105:223236,-0.016807692892411175
rxn:4:183940:228357,-0.016808120473738638
rxn:4:184065:223055,-0.016824378248523262
rxn:4:212224:226331,-0.016859440051991005
rxn:4:183695:226361,-0.01686190185137093
rxn:4:204375:227297,-0.016867860578573667
rxn:4:181038:223400,-0.016872015737351916
rxn:4:205660:223127,-0.01688774550954501
rxn:4:217962:222846,-0.016889103080915367
rxn:4:193386:222984,-0.016894520356737334
rxn:4:211123:223146,-0.016907546255323622
rxn:4:194456:223280,-0.016921674763714825
rxn:4:195128:227945,-0.01692735552787781
rxn:4:174812:223045,-0.016943144577520865
rxn:4:214079:227023,-0.016980532556772232
rxn:4:208255:223127,-0.01698360945049085
rxn:4:205660:223156,-0.016996375595529873
rxn:4:187677:228692,-0.017003918687502544
rxn:4:215320:223128,-0.017019045741661736
rxn:4:182436:222846,-0.017019816488027573
rxn:4:184063:223128,-0.017033843380032165
rxn:4:195398:223131,-0.017089049021402996
rxn:4:196952:228794,-0.017094233915919348
rxn:4:215320:223443,-0.017139958707909835
rxn:4:195755:227622,-0.01714400351047516
rxn:4:195398:227625,-0.01716969907283783
rxn:4:183729:223139,-0.01717911186543378
rxn:4:217545:228962,-0.017182557420297104
rxn:4:205036:223279,-0.017191467077835747
rxn:4:214728:223421,-0.017191474437713624
rxn:4:208435:223396,-0.01719349387444948
rxn:4:205160:223045,-0.01724497432058508
rxn:4:217926:226340,-0.017281009091271296
rxn:4:195538:223279,-0.017287489771842957
rxn:4:195453:225724,-0.017298802733421326
rxn:4:195398:223138,-0.01730797759124211
rxn:4:188106:228097,-0.017325688898563386
rxn:4:182497:228683,-0.017367154359817505
rxn:4:184065:223351,-0.01737471309400374
rxn:4:191551:228543,-0.017381194978952408
rxn:4:201265:227625,-0.01738541630598215
rxn:4:217925:226130,-0.017423752281400893
rxn:4:214057:223109,-0.017437396571040154
rxn:4:211130:222470,-0.01744923988978068
rxn:4:195517:223279,-0.01744924407256277
rxn:4:191975:223360,-0.017487776906866776
rxn:4:214894:223146,-0.01748795947059989
rxn:4:214900:227023,-0.017509662335918795
rxn:4:215320:223031,-0.01751316338777542
rxn:4:214900:225724,-0.017514935271306473
rxn:4:211374:227004,-0.01754765063524246
rxn:4:211107:226331,-0.017554778386564815
rxn:4:211701:225547,-0.01758899960828864
rxn:4:184099:227829,-0.017609002835610333
rxn:4:196952:224995,-0.01765498347007311
rxn:4:184065:227022,-0.017658044584095478
rxn:4:193386:223219,-0.017684260728182615
rxn:4:191263:223421,-0.01768937001102849
rxn:4:183695:227892,-0.017705044895410537
rxn:4:214889:225098,-0.01770839975638823
rxn:4:191895:223219,-0.017805970140865872
rxn:4:216586:223197,-0.017808637022972106
rxn:4:195398:227303,-0.017813056707382202
rxn:4:214728:228608,-0.017813491225242613
rxn:4:208033:227292,-0.017823435758289537
rxn:4:187677:227297,-0.017842314206063747
rxn:4:211134:224523,-0.017847912652151927
rxn:4:183940:229221,-0.017850020102092197
rxn:4:184096:223223,-0.017872815623002893
rxn:4:181884:227023,-0.017898914606674858
rxn:4:216586:227292,-0.017936703562736512
rxn:4:216394:223146,-0.017937432778509038
rxn:4:184096:228560,-0.017950167413800955
rxn:4:187677:227892,-0.01795956107877916
rxn:4:219210:225318,-0.017979597327885805
rxn:4:174727:227063,-0.017989737483171318
rxn:4:181038:227892,-0.018053747036240318
rxn:4:217962:226458,-0.01806640908831642
rxn:4:187677:223195,-0.018071122467517853
rxn:4:191415:229184,-0.018092694381872814
rxn:4:217925:225581,-0.018148513216721385
rxn:4:214079:223109,-0.01821673255075108
rxn:4:207613:228103,-0.018219703628170873
rxn:4:193238:223194,-0.01822954502243262
rxn:4:187677:228695,-0.01826002299785614
rxn:4:216394:226583,-0.018264684237931903
rxn:4:189394:224617,-0.018271432982550725
rxn:4:207613:223381,-0.01828309941676355
rxn:4:195155:225118,-0.0183049738407135
rxn:4:205660:228357,-0.01832321895794435
rxn:4:214057:223360,-0.018334844646354518
rxn:4:183940:226990,-0.018355283420532942
rxn:4:214728:227771,-0.018385818711033574
rxn:4:212224:224736,-0.01839254653224578
rxn:4:214900:227022,-0.01841106193680917
rxn:4:211123:222846,-0.018417664617300034
rxn:4:194718:223052,-0.018456527681061714
rxn:4:202309:223109,-0.01849409599195827
rxn:4:214889:223147,-0.01853125398197482
rxn:4:195755:228742,-0.01853794852892558
rxn:4:203639:223280,-0.018549198353732074
rxn:4:191895:228560,-0.018558528862501446
rxn:4:191437:223128,-0.01857433095574379
rxn:4:183834:227297,-0.01860762219275198
rxn:4:191895:223360,-0.018626733124256133
rxn:4:182495:226843,-0.018636413310703478
rxn:4:205401:223198,-0.018643206783703396
rxn:4:184096:223156,-0.018664259569985527
rxn:4:196952:228543,-0.018683379604702906
rxn:4:212224:228103,-0.018713751009532383
rxn:4:204375:227024,-0.01871810509608342
rxn:4:217545:223142,-0.018722448348999023
rxn:4:205160:227929,-0.018731212929675455
rxn:4:195517:223280,-0.018737452594857467
rxn:4:204375:226990,-0.01874220772431447
rxn:4:207613:226828,-0.01874771285237688
rxn:4:211172:223047,-0.018752814907776683
rxn:4:211172:229135,-0.018754105482782637
rxn:4:209284:228306,-0.01877739131450653
rxn:4:191895:227230,-0.0187793934629077
rxn:4:184063:223398,-0.01881234993537267
rxn:4:212224:226623,-0.018822195737258247
rxn:4:193238:225098,-0.018832603919095005
rxn:4:205059:224301,-0.018844602895634516
rxn:4:214889:224046,-0.0188557716352599
rxn:4:196952:225378,-0.018856375836409055
rxn:4:204375:228683,-0.018878568584720295
rxn:4:191551:228570,-0.018889736384153366
rxn:4:191415:227829,-0.01892596159292304
rxn:4:183999:223219,-0.018932779552415013
rxn:4:205059:228692,-0.01896576370511736
rxn:4:218802:223055,-0.01897157495841384
rxn:4:205064:226583,-0.018995484958092373
rxn:4:195453:224180,-0.019026901572942734
rxn:4:193238:223127,-0.01903116896196648
rxn:4:211130:222846,-0.01906019598245621
rxn:4:208435:223442,-0.01906988521416982
rxn:4:214889:226130,-0.019071841912884867
rxn:4:215320:227291,-0.019093311645767906
rxn:4:189394:228543,-0.019111264319646926
rxn:4:198097:223699,-0.019114903807640075
rxn:4:205205:228002,-0.01912829726934433
rxn:4:195128:224523,-0.019201332330703737
rxn:4:215320:223311,-0.019204341229938325
rxn:4:198093:223279,-0.019217826426029205
rxn:4:198092:224179,-0.019226690133412678
rxn:4:196952:223045,-0.01923905313014984
rxn:4:196952:223234,-0.019244406534277874
rxn:4:195128:223699,-0.019271904538417685
rxn:4:218802:223351,-0.01931760896896494
rxn:4:208435:224490,-0.019343883991241456
rxn:4:183729:223421,-0.019350709021091463
rxn:4:183999:225115,-0.019355954762016025
rxn:4:214900:223195,-0.019356784801329335
rxn:4:181038:228570,-0.019365480967930386
rxn:4:183940:228695,-0.019369961321353914
rxn:4:191595:228570,-0.019391033621061416
rxn:4:211179:223047,-0.019427227346520675
rxn:4:214062:223195,-0.01942785084247589
rxn:4:203639:222982,-0.019491313346501053
rxn:4:211701:223138,-0.019511405717242847
rxn:4:195296:222983,-0.019537624858674548
rxn:4:180875:223227,-0.01953772231936455
rxn:4:198076:228367,-0.019538054863611858
rxn:4:193238:223219,-0.01957665183223211
rxn:4:195453:227892,-0.019591997563838958
rxn:4:214458:228092,-0.019600899517536165
rxn:4:195453:223350,-0.019620558619499205
rxn:4:196952:227022,-0.0196570274622544
rxn:4:191975:228543,-0.01966412365436554
rxn:4:195755:223145,-0.019664937541598364
rxn:4:181884:222413,-0.019665188763452614
rxn:4:192165:228570,-0.019671651877855
rxn:4:205064:229050,-0.01968114674091339
rxn:4:195862:228530,-0.01968662887811661
rxn:4:214900:225898,-0.01970109162908612
rxn:4:211701:223351,-0.01974690556526184
rxn:4:195704:227116,-0.01975296583512555
rxn:4:217340:223266,-0.019782271722088688
rxn:4:217962:225724,-0.019807591357014397
rxn:4:203639:223146,-0.019870081384267126
rxn:4:214057:223443,-0.019877540479813303
rxn:4:196952:228000,-0.01988939195871353
rxn:4:214728:223109,-0.019901408680847714
rxn:4:195538:224100,-0.019911403357982634
rxn:4:188104:223128,-0.019914862655457995
rxn:4:205242:223197,-0.019916088808150517
rxn:4:198093:223927,-0.019916883923790672
rxn:4:217545:227834,-0.01992698856022047
rxn:4:182431:223279,-0.01996248960494995
rxn:4:211701:223227,-0.019964643887111118
rxn:4:217545:223047,-0.01997609264575518
rxn:4:198075:223236,-0.020046889781951904
rxn:4:211174:228103,-0.02005089819431305
rxn:4:214057:227892,-0.020058634877204894
rxn:4:205064:228178,-0.020078086040236733
rxn:4:183940:223145,-0.02008092042171594
rxn:4:198105:228962,-0.020134260257085163
rxn:4:211124:222846,-0.020164376497268675
rxn:4:216394:223031,-0.020165742933750154
rxn:4:195128:227893,-0.020167306065559387
rxn:4:211701:223145,-0.020171563733707775
rxn:4:182529:222470,-0.02019679049650828
rxn:4:195862:223350,-0.020214080810546875
rxn:4:217926:225308,-0.020220671966671943
rxn:4:211172:224995,-0.020229841768741607
rxn:4:184063:229262,-0.020250393343823298
rxn:4:207613:228306,-0.02025450862223102
rxn:4:183834:227945,-0.02026783227920532
rxn:4:217545:224523,-0.020286773730601584
rxn:4:195704:224523,-0.020292335362346085
rxn:4:217925:226583,-0.02030022442340851
rxn:4:184096:229262,-0.020303926120201748
rxn:4:202851:228697,-0.020378871262073515
rxn:4:183834:222413,-0.020401138932474198
rxn:4:213693:228248,-0.020436300799764436
rxn:4:205242:228000,-0.020499163866043092
rxn:4:183940:223360,-0.020510635308680997
rxn:4:195453:222803,-0.02052132248878479
rxn:4:195155:228530,-0.020526745915412904
rxn:4:198092:225723,-0.020536217424604628
rxn:4:211134:225308,-0.02053945865482092
rxn:4:188104:228002,-0.02054243887725629
rxn:4:183940:225308,-0.02056166742529188
rxn:4:215324:223219,-0.02058301473918714
rxn:4:191618:228570,-0.020585375753316013
rxn:4:183999:223195,-0.02059541456401348
rxn:4:195517:228103,-0.020599403315120272
rxn:4:219210:224180,-0.020602547403039604
rxn:4:183940:223400,-0.020610737800598144
rxn:4:208252:223031,-0.020637492835521697
rxn:4:211179:226166,-0.02063912484380934
rxn:4:208033:223194,-0.020651829870123612
rxn:4:195755:227230,-0.020655133575201035
rxn:4:208011:225308,-0.02066672525622628
rxn:4:216470:223127,-0.020673784613609313
rxn:4:204375:229221,-0.020695302974094044
rxn:4:211130:223382,-0.020697664469480515
rxn:4:195704:228530,-0.020702234691097623
rxn:4:208362:228103,-0.020730942487716675
rxn:4:211174:222470,-0.02077523060142994
rxn:4:183834:227004,-0.020782432729198087
rxn:4:218802:228178,-0.020803794007876825
rxn:4:211374:225723,-0.020836740054867485
rxn:4:204375:226188,-0.02089238166809082
rxn:4:202309:227292,-0.02090609911829233
rxn:4:198112:227625,-0.020915224271662095
rxn:4:198112:223382,-0.02092641592025757
rxn:4:195704:228742,-0.02093618345402536
rxn:4:202967:223219,-0.020952082106045315
rxn:4:181038:228695,-0.02096148899623326
rxn:4:195155:223927,-0.020962795508759364
rxn:4:191895:227914,-0.021013136208057403
rxn:4:205036:222413,-0.021034683870232624
rxn:4:191618:223396,-0.021118715405464172
rxn:4:174208:227929,-0.021152270691735402
rxn:4:204375:223400,-0.021159566317995388
rxn:4:202851:224841,-0.021161563396453857
rxn:4:188106:228543,-0.021169720511687428
rxn:4:195777:223396,-0.02121257781982422
rxn:4:202851:226705,-0.021213592394538548
rxn:4:205064:228530,-0.021255796863919214
rxn:4:191595:223396,-0.02126251303014301
rxn:4:191975:228000,-0.02127220442420558
rxn:4:211174:226843,-0.021274334854549833
rxn:4:196952:225178,-0.021297061672577493
rxn:4:191895:223198,-0.021329324869882493
rxn:4:194718:228742,-0.021370714080744778
rxn:4:196952:222541,-0.021402129325373418
rxn:4:195585:223219,-0.021417637666066486
rxn:4:195453:226828,-0.021418776363134384
rxn:4:198092:223927,-0.021464720368385315
rxn:4:211701:223130,-0.0214891948483207
rxn:4:183695:224736,-0.021497191648398126
rxn:4:211701:223052,-0.021498127476028774
rxn:4:216394:227024,-0.021506561173333064
rxn:4:214889:228692,-0.021561906806060245
rxn:4:218802:227116,-0.021575520808498064
rxn:4:215320:228570,-0.02161768525838852
rxn:4:187677:223109,-0.021683772404988606
rxn:4:195128:228692,-0.021736996738534225
rxn:4:218802:228962,-0.02175081361617361
rxn:4:191415:227914,-0.021751670733742092
rxn:4:189394:224180,-0.02180983605129378
rxn:4:195296:223031,-0.021816642511458623
rxn:4:211701:227023,-0.021888845023654756
rxn:4:188106:223400,-0.021894629456494983
rxn:4:183940:223421,-0.02193306162953377
rxn:4:184063:225308,-0.021964791683214052
rxn:4:184063:223055,-0.02199161293752053
rxn:4:195155:223892,-0.02203110179730824
rxn:4:208199:223197,-0.022037214354464884
rxn:4:188104:223031,-0.02205047146840529
rxn:4:183834:228693,-0.02206431277867021
rxn:4:195453:227929,-0.022085723280906678
rxn:4:194456:222683,-0.022088549565523863
rxn:4:214889:223280,-0.022093653182188668
rxn:4:195296:228099,-0.02210158109664917
rxn:4:211374:223227,-0.02210644483566284
rxn:4:215320:223398,-0.022125986218452454
rxn:4:208601:223359,-0.022137999534606934
rxn:4:217925:225456,-0.022149753413702313
rxn:4:202285:223197,-0.022171279836085536
rxn:4:204375:228962,-0.02221778780221939
rxn:4:198076:223130,-0.022227199638591093
rxn:4:211172:225378,-0.022281019389629363
rxn:4:196952:225547,-0.022294840216636656
rxn:4:182431:226843,-0.022343232351190904
rxn:4:204375:228621,-0.022344857454299927
rxn:4:196952:226361,-0.022346771011749905
rxn:4:214728:223146,-0.022355377008872374
rxn:4:211701:228530,-0.022364048581374318
rxn:4:204375:224736,-0.022386593619982402
rxn:4:189394:228002,-0.022394517605954952
rxn:4:203724:223052,-0.02243457477668236
rxn:4:208360:227914,-0.022469758987426758
rxn:4:203617:226990,-0.022491161422482853
rxn:4:202967:223198,-0.02253182019506182
rxn:4:214728:227945,-0.022537599962491255
rxn:4:205059:226583,-0.02254064381122589
rxn:4:214062:223109,-0.022585905862577034
rxn:4:195517:223219,-0.022622403345609967
rxn:4:216470:223197,-0.02263761664691724
rxn:4:211123:225318,-0.022679126262664794
rxn:4:190254:228500,-0.022696261222545918
rxn:4:217545:228530,-0.022698284550146622
rxn:4:214062:226990,-0.02270816545933485
rxn:4:191263:226582,-0.022724094715985386
rxn:4:181038:225318,-0.02274332482081193
rxn:4:193143:228248,-0.022761636836962265
rxn:4:211174:223381,-0.02283952385187149
rxn:4:211124:223892,-0.022846877574920654
rxn:4:195155:227892,-0.022850250204404194
rxn:4:191263:223219,-0.022854602053051905
rxn:4:205036:229262,-0.022943670812406038
rxn:4:205059:227303,-0.02294845684714939
rxn:4:193143:223227,-0.02297462846921838
rxn:4:198075:228570,-0.023021355271339417
rxn:4:189394:223108,-0.023026958107948303
rxn:4:208435:223400,-0.023070495379598516
rxn:4:205401:223197,-0.023076167418843226
rxn:4:211135:222915,-0.023096558451652528
rxn:4:211374:224995,-0.023099089770213417
rxn:4:202285:223110,-0.023138551507145166
rxn:4:195128:224736,-0.023144273012876512
rxn:4:195704:228367,-0.023242593150247227
rxn:4:202967:223128,-0.023325168273665688
rxn:4:216470:227292,-0.02333204056087293
rxn:4:208435:223031,-0.023372704568116562
rxn:4:208011:226188,-0.023378786444664002
rxn:4:211171:223004,-0.023498767300655966
rxn:4:191415:229187,-0.023545424853052412
rxn:4:198111:223007,-0.02357905083581021
rxn:4:211134:226843,-0.023593627744250827
rxn:4:189394:222449,-0.02360407575484245
rxn:4:196952:226331,-0.023611989803612232
rxn:4:195453:227945,-0.023641254752874374
rxn:4:195777:223219,-0.023649857193231583
rxn:4:184096:228987,-0.02367958378407263
rxn:4:219210:225110,-0.023696099166516906
rxn:4:202285:226582,-0.02371276938356459
rxn:4:195777:228683,-0.023775354027748108
rxn:4:195398:222846,-0.023794502019882202
rxn:4:195755:222846,-0.02383594020553257
rxn:4:198097:222803,-0.023851608236630756
rxn:4:214889:226990,-0.023869994779427847
rxn:4:195128:227292,-0.02389828505970183
rxn:4:195704:227945,-0.023907145315950565
rxn:4:183940:228692,-0.023933333158493043
rxn:4:198076:226188,-0.02395076085539425
rxn:4:203617:228742,-0.023964216035825235
rxn:4:183994:228248,-0.023964309444030125
rxn:4:200176:228472,-0.023982476443052292
rxn:4:214889:227291,-0.023984915018081664
rxn:4:205660:227834,-0.023989296772263267
rxn:4:184065:229262,-0.024028915911912918
rxn:4:213693:228543,-0.024032834385122572
rxn:4:184096:223360,-0.02405279739336534
rxn:4:196952:223147,-0.024057029125591118
rxn:4:195453:224715,-0.024061529636383056
rxn:4:194456:223350,-0.024069032416893885
rxn:4:211174:226331,-0.024074066016409133
rxn:4:187677:227834,-0.024131861425215197
rxn:4:188207:228002,-0.024138882011175155
rxn:4:202309:223421,-0.02416064900656541
rxn:4:189394:228091,-0.024161194535818966
rxn:4:195155:227929,-0.024196609145119077
rxn:4:202309:227023,-0.024202128872275352
rxn:4:196952:222683,-0.02421032956668309
rxn:4:211174:222915,-0.024229207634925844
rxn:4:214728:228965,-0.02424774169921875
rxn:4:211135:228306,-0.02424977719783783
rxn:4:181884:223236,-0.024291470646858215
rxn:4:209284:228570,-0.024339346509230763
rxn:4:195128:228367,-0.02438219040632248
rxn:4:193143:223219,-0.024386964414430702
rxn:4:182497:223699,-0.02448082543336428
rxn:4:196954:226361,-0.024489836146434147
rxn:4:183729:228178,-0.0245125784027961
rxn:4:208362:223279,-0.02452496478432103
rxn:4:217926:224100,-0.02460235357284546
rxn:4:205660:223197,-0.02460412616315095
rxn:4:189394:222541,-0.02461590232520268
rxn:4:181884:223195,-0.024661246201266415
rxn:4:202967:223350,-0.02468254566192627
rxn:4:196952:222633,-0.024707315223557607
rxn:4:193238:223197,-0.02474522877197999
rxn:4:195585:224180,-0.024745497279442273
rxn:4:208011:223227,-0.0247516930103302
rxn:4:182431:222803,-0.024795048870146275
rxn:4:214057:223110,-0.024835125543177128
rxn:4:202309:223227,-0.02484976057894528
rxn:4:195128:227004,-0.024866748778592972
rxn:4:195128:224715,-0.02489014983177185
rxn:4:184096:227914,-0.024928692163843098
rxn:4:182497:226844,-0.02493748853081151
rxn:4:208601:228987,-0.024950645471874037
rxn:4:214728:228500,-0.024994106246874884
rxn:4:196952:225805,-0.025002073645591736
rxn:4:181038:228803,-0.025025186794144765
rxn:4:218802:223398,-0.025104923439877375
rxn:4:204375:228091,-0.025110130310058595
rxn:4:181038:224179,-0.025115800755364553
rxn:4:217545:229221,-0.025118158757686616
rxn:4:217545:224959,-0.025129061054300378
rxn:4:198097:223236,-0.0251290780656478
rxn:4:201265:228099,-0.025134162902832033
rxn:4:211134:222846,-0.025150391459465026
rxn:4:214728:222413,-0.02515528185500039
rxn:4:193386:223108,-0.025171266070434024
rxn:4:183834:228306,-0.025171469151973724
rxn:4:202285:227291,-0.025211682963755824
rxn:4:189394:227022,-0.025229895244473995
rxn:4:215320:223198,-0.025236391885714096
rxn:4:195755:227303,-0.025272269546985627
rxn:4:181038:223381,-0.025284983895041725
rxn:4:210155:226340,-0.025287483859321346
rxn:4:211701:227230,-0.02530216354699362
rxn:4:211107:224179,-0.025324123246329173
rxn:4:190254:227689,-0.025374939596211468
rxn:4:209284:223198,-0.02539413599740891
rxn:4:205401:223350,-0.025405961275100707
rxn:4:183940:223131,-0.025406496542872803
rxn:4:196952:224736,-0.02544689123277311
rxn:4:217962:226188,-0.025483042001724243
rxn:4:187677:223131,-0.025521592660383743
rxn:4:198075:226340,-0.025528915226459503
rxn:4:189394:223421,-0.02555410705861591
rxn:4:195128:228130,-0.02557828649878502
rxn:4:196954:229135,-0.025584354251623153
rxn:4:189394:224933,-0.02562914674098675
rxn:4:196952:228002,-0.025630033828995445
rxn:4:195398:224995,-0.02565219285695449
rxn:4:211172:225545,-0.02566583376181753
rxn:4:205059:227023,-0.02567991160828134
rxn:4:219210:225115,-0.02569314823658378
rxn:4:211172:225318,-0.025717446208000184
rxn:4:219210:225723,-0.0257177037688402
rxn:4:191895:227829,-0.025744308531284333
rxn:4:182497:224301,-0.025749792223391327
rxn:4:192165:223396,-0.025765368812962583
rxn:4:208363:223197,-0.025820272533517135
rxn:4:214057:227291,-0.025881499532730348
rxn:4:195777:223360,-0.02589594298287442
rxn:4:214057:223421,-0.025956832129379798
rxn:4:208255:223194,-0.02596011095576816
rxn:4:205160:223350,-0.026015507547478927
rxn:4:203639:223227,-0.026018739850432786
rxn:4:214889:228695,-0.02603472290294511
rxn:4:208435:228097,-0.02605300545692444
rxn:4:191595:227914,-0.02605558051304384
rxn:4:195777:227929,-0.02613022766615215
rxn:4:181038:223130,-0.02615387054781119
rxn:4:214894:223219,-0.02618077781892592
rxn:4:182436:224179,-0.02618974514982917
rxn:4:212224:228306,-0.026193293787184217
rxn:4:203724:223227,-0.026222151738625986
rxn:4:211172:224715,-0.026227269144285293
rxn:4:180875:227297,-0.02623576149344444
rxn:4:211171:223927,-0.026257713203844818
rxn:4:188106:227292,-0.026262978712717693
rxn:4:211179:225110,-0.026279494166374207
rxn:4:198092:227625,-0.02628118172287941
rxn:4:195517:227893,-0.026290476322174072
rxn:4:189394:222864,-0.02630965755536006
rxn:4:195398:226331,-0.02633398310059593
rxn:4:205401:223400,-0.026349083373421116
rxn:4:195296:223360,-0.026349501063426334
rxn:4:216586:223350,-0.026418045947426243
rxn:4:183834:227116,-0.026458070643486514
rxn:4:196952:225545,-0.02648371934890747
rxn:4:212224:227625,-0.026564775542779404
rxn:4:205064:228621,-0.02659264632633754
rxn:4:195862:226361,-0.026607324895651444
rxn:4:217962:228962,-0.026613025201691523
rxn:4:214728:229070,-0.02661871413389842
rxn:4:191618:223442,-0.02663827793938773
rxn:4:181038:224736,-0.02665785755272265
rxn:4:217545:228742,-0.0266603675078262
rxn:4:195128:229135,-0.02666057480706109
rxn:4:182497:223381,-0.026670547092662138
rxn:4:211181:223279,-0.026686040794148165
rxn:4:195777:225547,-0.02669615908102556
rxn:4:205242:223127,-0.026700592853806236
rxn:4:189394:225532,-0.026721838116645812
rxn:4:212224:228692,-0.026737169921398164
rxn:4:214728:226458,-0.02679474119629179
rxn:4:205064:225110,-0.026800436469224784
rxn:4:188104:223400,-0.026800841093063354
rxn:4:183940:225115,-0.026828344804900033
rxn:4:210155:228683,-0.02683089077472687
rxn:4:195398:223382,-0.02683447693523608
rxn:4:183999:229262,-0.026878916791507175
rxn:4:183999:228742,-0.026878999670346577
rxn:4:195453:222413,-0.026937080990700496
rxn:4:189394:227291,-0.02695921031029328
rxn:4:214728:225110,-0.026975781718889872
rxn:4:195296:223219,-0.02700559089058324
rxn:4:214603:228472,-0.027010672415296238
rxn:4:196952:223895,-0.027014905008776433
rxn:4:195453:223223,-0.027046182325908115
rxn:4:183940:223130,-0.027076001871715893
rxn:4:205036:225110,-0.027078717947006226
rxn:4:202309:227022,-0.02709668525494635
rxn:4:184096:223398,-0.027098288293927908
rxn:4:189394:228695,-0.02714088133403233
rxn:4:211125:223892,-0.027169140784636787
rxn:4:196952:228695,-0.027172013407661802
rxn:4:211124:224080,-0.0272226482629776
rxn:4:195128:226361,-0.027253152294592423
rxn:4:212224:223351,-0.027277881190890356
rxn:4:189394:223227,-0.02729469602522643
rxn:4:191895:227929,-0.02736799418926239
rxn:4:212224:223927,-0.02738393417426518
rxn:4:183940:223055,-0.027452369604040596
rxn:4:208601:228621,-0.027472198009490967
rxn:4:212224:223382,-0.027504349038714453
rxn:4:214900:222859,-0.027511438902686623
rxn:4:181038:223052,-0.02751306354999542
rxn:4:211171:222846,-0.027571315318346022
rxn:4:211172:226331,-0.027583393785688613
rxn:4:195128:226188,-0.027631028132005173
rxn:4:195155:226361,-0.027650183309679447
rxn:4:202285:227892,-0.02769059787193934
rxn:4:189394:222683,-0.027692319559199468
rxn:4:184065:225898,-0.02772722831543754
rxn:4:211130:224715,-0.02775388104575021
rxn:4:183834:229262,-0.027766269666177255
rxn:4:212224:228560,-0.027773675322532655
rxn:4:211374:227023,-0.027776408195495605
rxn:4:176488:226779,-0.02778047263622284
rxn:4:184065:228742,-0.027789794902006785
rxn:4:181469:228608,-0.02782434029014487
rxn:4:211374:225724,-0.027824712747877293
rxn:4:184065:227023,-0.02783398050814867
rxn:4:216470:223194,-0.027851081208178873
rxn:4:217962:227004,-0.027869239449501038
rxn:4:182495:223566,-0.02787553932931688
rxn:4:202967:223197,-0.02787781897045317
rxn:4:214900:223110,-0.02790611470118165
rxn:4:195155:228608,-0.027979699522256853
rxn:4:195704:225110,-0.02800156405338874
rxn:4:214057:222859,-0.028022703440750345
rxn:4:216586:223198,-0.028036375343799592
rxn:4:217340:223047,-0.028089542388916016
rxn:4:205064:228629,-0.028124890866733733
rxn:4:181038:226340,-0.028125512413680553
rxn:4:211135:228962,-0.028169924020767213
rxn:4:193238:223108,-0.028193807712307683
rxn:4:195517:227297,-0.028202118842225326
rxn:4:216470:227303,-0.028217685850043046
rxn:4:205311:228543,-0.02822144329547882
rxn:4:189394:224621,-0.028229075449484366
rxn:4:214894:227914,-0.02823107143243154
rxn:4:189394:224481,-0.02823135367146245
rxn:4:198105:224736,-0.028248487483887447
rxn:4:187677:228742,-0.02826737066109975
rxn:4:202851:228248,-0.02827027723902748
rxn:4:191595:228621,-0.02828365990093776
rxn:4:182529:226188,-0.028322758419173106
rxn:4:198075:223927,-0.028324738144874573
rxn:4:211701:223146,-0.02834311229261485
rxn:4:208360:223350,-0.02834771904680464
rxn:4:182431:228683,-0.02835197959627424
rxn:4:195155:228357,-0.028358811423892065
rxn:4:205660:222529,-0.02835961045890019
rxn:4:198112:223236,-0.028399435912861544
rxn:4:213693:228560,-0.028441457343952998
rxn:4:208011:228692,-0.028465709265540626
rxn:4:203639:223195,-0.028473826470198454
rxn:4:196952:223280,-0.028475767244463383
rxn:4:193386:223109,-0.0285021040056433
rxn:4:189394:228140,-0.02850511466914957
rxn:4:198093:226458,-0.02858503951745875
rxn:4:193386:223031,-0.028593481614671904
rxn:4:189394:226129,-0.028623536229133606
rxn:4:205059:228140,-0.028702189976518803
rxn:4:216393:223198,-0.028718918561935425
rxn:4:214900:223421,-0.028738486869581813
rxn:4:180875:226340,-0.028743629654248554
rxn:4:211172:226188,-0.028763231303956773
rxn:4:183834:229135,-0.02878092335803168
rxn:4:193143:223195,-0.028784854256588478
rxn:4:183834:227929,-0.028791191180547078
rxn:4:195398:225723,-0.028824995187195866
rxn:4:211168:223031,-0.02883354893752507
rxn:4:211172:222413,-0.028835287865470436
rxn:4:174448:228085,-0.028918363429881907
rxn:4:217962:225318,-0.028966228599133698
rxn:4:193238:228097,-0.028979099690914153
rxn:4:187677:223351,-0.028989707269976215
rxn:4:182435:225378,-0.02899036929011345
rxn:4:193238:223031,-0.029012408905795643
rxn:4:211171:225723,-0.029014675240767628
rxn:4:196952:223146,-0.029040873671571415
rxn:4:203724:228357,-0.02904256949057946
rxn:4:205401:223194,-0.029060350287528264
rxn:4:183729:227023,-0.029087784932926297
rxn:4:183940:228742,-0.029094391564528147
rxn:4:183729:223004,-0.029108227175824782
rxn:4:195398:223007,-0.029131513427604328
rxn:4:193143:227892,-0.029146506705067375
rxn:4:211181:222846,-0.029146524518728255
rxn:4:211179:223927,-0.02915530878564586
rxn:4:202285:223219,-0.029162202390932267
rxn:4:195398:223142,-0.029211918512980144
rxn:4:208363:223146,-0.029234917461872102
rxn:4:191551:223396,-0.029254861176013947
rxn:4:218802:224995,-0.02926041366476001
rxn:4:198075:228103,-0.029270418485005698
rxn:4:198097:222846,-0.029335415363311766
rxn:4:195755:226188,-0.02933568897701445
rxn:4:189394:229006,-0.029383039474487303
rxn:4:208011:224715,-0.02942915001641149
rxn:4:214894:228692,-0.02942932679735381
rxn:4:184096:228742,-0.029430828522890806
rxn:4:193386:223350,-0.029433691157744482
rxn:4:195862:222413,-0.02947852692820809
rxn:4:196952:222803,-0.02953335594523836
rxn:4:202285:227022,-0.02954376609094681
rxn:4:184099:228622,-0.029567603812073216
rxn:4:189394:223398,-0.029570133913130986
rxn:4:195704:225545,-0.029592493772506712
rxn:4:195296:223198,-0.0295951562492471
rxn:4:211179:223699,-0.02963852882385254
rxn:4:210155:223892,-0.029667862824031284
rxn:4:196952:223002,-0.029676305949687957
rxn:4:191975:228560,-0.029695641663339403
rxn:4:203639:223360,-0.02969814521762041
rxn:4:183940:227834,-0.02972916946295769
rxn:4:208363:223194,-0.02976320605528982
rxn:4:216394:223194,-0.029800891876220703
rxn:4:211172:223236,-0.029807364239412194
rxn:4:183940:227023,-0.02980816550552845
rxn:4:205064:224841,-0.02981930340711887
rxn:4:174682:226128,-0.02984835780583895
rxn:4:191975:228683,-0.029856340752707586
rxn:4:182497:223004,-0.029856399446725846
rxn:4:208252:223279,-0.029880316721068487
rxn:4:216586:223127,-0.02991802706604912
rxn:4:188106:223146,-0.029922216453335503
rxn:4:189394:223110,-0.029943149536848068
rxn:4:215324:223197,-0.029954132280851666
rxn:4:214728:227834,-0.029970780588113345
rxn:4:214458:223055,-0.030001321564549984
rxn:4:189394:223194,-0.03020388600618943
rxn:4:196952:223227,-0.03021251766578011
rxn:4:211181:226340,-0.030358477599091
rxn:4:188106:228000,-0.030369317531585692
rxn:4:195704:228357,-0.030398603867400776
rxn:4:211181:224179,-0.030404768206856468
rxn:4:217962:225723,-0.030413831499489872
rxn:4:196952:223195,-0.03047383673813032
rxn:4:189394:223442,-0.030502672493457793
rxn:4:217962:224301,-0.030541041791439058
rxn:4:193386:223194,-0.03058513226332488
rxn:4:195128:225545,-0.030588058025940605
rxn:4:198105:225118,-0.030599188059568405
rxn:4:195704:229135,-0.03067338839173317
rxn:4:195585:228543,-0.03071697683710801
rxn:4:198097:224523,-0.03072086260432289
rxn:4:176956:227000,-0.030744104222817856
rxn:4:193143:229221,-0.03079102070708024
rxn:4:205064:229221,-0.030842486965028865
rxn:4:198097:226458,-0.030850900544060603
rxn:4:184065:229135,-0.030873039416198074
rxn:4:195538:223223,-0.030879326164722443
rxn:4:195862:225545,-0.030950118477145832
rxn:4:193143:228543,-0.030977322232155574
rxn:4:183940:223266,-0.03097972460091114
rxn:4:179275:229253,-0.031021137535572053
rxn:4:196952:222449,-0.031047491777327754
rxn:4:189394:228560,-0.031099181799661545
rxn:4:183940:228248,-0.031121665431607153
rxn:4:211701:228742,-0.031154216904389232
rxn:4:183729:228543,-0.03115517757833004
rxn:4:195398:222915,-0.031155645847320557
rxn:4:196952:223055,-0.031170487105846405
rxn:4:183834:228697,-0.031171202659606934
rxn:4:196952:223052,-0.03117899179458618
rxn:4:213693:228621,-0.031184370363397256
rxn:4:193143:223223,-0.03121660196262857
rxn:4:204375:228543,-0.0312262075021863
rxn:4:215320:228357,-0.031237410647528514
rxn:4:208011:223892,-0.031252252459526064
rxn:4:182529:226331,-0.03128500522247383
rxn:4:198105:223927,-0.03129848708277163
rxn:4:211374:227622,-0.031337983906269073
rxn:4:195128:228621,-0.03135968038910314
rxn:4:208011:228367,-0.03150747219721476
rxn:4:214728:228463,-0.03151606653745358
rxn:4:195398:225545,-0.03154922479932958
rxn:4:210155:227004,-0.03162469613281163
rxn:4:211181:227625,-0.031635003931382126
rxn:4:193386:223195,-0.03165371081343404
rxn:4:214900:227892,-0.03165876219669978
rxn:4:212224:223227,-0.03166688910939477
rxn:4:181038:223055,-0.031688843369483945
rxn:4:211134:223055,-0.03178941576104415
rxn:4:182431:225115,-0.03179718867728585
rxn:4:216463:223279,-0.03180346049760517
rxn:4:211181:226331,-0.03184605514009794
rxn:4:214079:223110,-0.0318506226846666
rxn:4:192165:228987,-0.031852866212526955
rxn:4:196952:224046,-0.03185567472662244
rxn:4:204375:228099,-0.031857389211654666
rxn:4:195517:223031,-0.031886586121150425
rxn:4:203724:223195,-0.031886801675513936
rxn:4:214728:228543,-0.03195151209831238
rxn:4:205064:227945,-0.03196884115988558
rxn:4:205660:226705,-0.031976478174328804
rxn:4:211179:222969,-0.03198516839428952
rxn:4:211701:228367,-0.0319898322224617
rxn:4:205311:223280,-0.03200289607048035
rxn:4:211179:225308,-0.03201523125171661
rxn:4:202851:228560,-0.03203632086515427
rxn:4:211374:222470,-0.032094010048442416
rxn:4:211172:225115,-0.032101552933454514
rxn:4:198093:227625,-0.03212872892618179
rxn:4:176480:227004,-0.032145915471989174
rxn:4:198075:224523,-0.032162876427173616
rxn:4:183940:225547,-0.03223527135217891
rxn:4:183729:227945,-0.032316928669329614
rxn:4:214728:226188,-0.032326817246420045
rxn:4:215320:227834,-0.03233547437758673
rxn:4:211130:228683,-0.03234933217366536
rxn:4:195585:223350,-0.03241723328828812
rxn:4:182529:225724,-0.03245589577338912
rxn:4:216586:223219,-0.03253306895494461
rxn:4:205059:223400,-0.032583950530915035
rxn:4:211701:222846,-0.032707043612996735
rxn:4:214728:228697,-0.03271345376968384
rxn:4:205160:223108,-0.03275231946082342
rxn:4:211124:225115,-0.032806840538978574
rxn:4:198075:223004,-0.032809439632627696
rxn:4:193143:226331,-0.03284116399784883
rxn:4:193143:222470,-0.032877176503340405
rxn:4:187677:229135,-0.03291082279435519
rxn:4:177022:227000,-0.03291774379170459
rxn:4:217962:223892,-0.032920204676114596
rxn:4:211701:224180,-0.03295067124641859
rxn:4:189394:223130,-0.03298053393761317
rxn:4:191975:228306,-0.03299999942905024
rxn:4:217545:229050,-0.03308265265964326
rxn:4:196952:228962,-0.033092684689022246
rxn:4:198075:228367,-0.03310031493504842
rxn:4:183940:228629,-0.03311646034320195
rxn:4:211124:224736,-0.033205020285788034
rxn:4:208199:223280,-0.033221938108143056
rxn:4:189394:226990,-0.033244037109872566
rxn:4:205059:225115,-0.03329067333386494
rxn:4:214894:227022,-0.033314723401300365
rxn:4:191895:228995,-0.033316828310489655
rxn:4:198105:223139,-0.03332086486948861
rxn:4:193143:227303,-0.03334172361570856
rxn:4:189394:223147,-0.03334427997469902
rxn:4:193143:225724,-0.033355406522750854
rxn:4:212224:228178,-0.033370437721411385
rxn:4:198075:225547,-0.033410189466343984
rxn:4:195862:228357,-0.03341837404739289
rxn:4:211168:223198,-0.03342750903807188
rxn:4:189394:223350,-0.03347387232563712
rxn:4:217962:225378,-0.03349224121674248
rxn:4:195128:229050,-0.033523503277036876
rxn:4:188106:223350,-0.03352670818567276
rxn:4:196952:222864,-0.03359326347708702
rxn:4:208255:223146,-0.033643783707367744
rxn:4:182435:224490,-0.0337540450550261
rxn:4:198076:228103,-0.033764715989430746
rxn:4:214062:228692,-0.033780587216218315
rxn:4:205311:223398,-0.033782250351376004
rxn:4:181038:224523,-0.03382178644339243
rxn:4:198105:222915,-0.033844666182994844
rxn:4:214458:223131,-0.033856306563724174
rxn:4:184063:228742,-0.03386124422152837
rxn:4:205401:223360,-0.03386146873235703
rxn:4:196952:223892,-0.03387388843914558
rxn:4:204375:223146,-0.03388743378497936
rxn:4:210155:228140,-0.033914015406653994
rxn:4:188104:223194,-0.033917021751403806
rxn:4:195155:223279,-0.033963983709161934
rxn:4:198075:224736,-0.03406694680452347
rxn:4:214062:227892,-0.034093902476372256
rxn:4:182435:225723,-0.034108794049212805
rxn:4:187677:223130,-0.034124952374082626
rxn:4:215320:223266,-0.03414354947480289
rxn:4:195398:225115,-0.034148010708715607
rxn:4:195453:225723,-0.034209914829420006
rxn:4:198105:224179,-0.03425541384653612
rxn:4:211168:223280,-0.034293746869815026
rxn:4:196952:225118,-0.034345390704961926
rxn:4:208199:223108,-0.034357528388500216
rxn:4:205036:227834,-0.03436537425626408
rxn:4:181884:223892,-0.034429801435306155
rxn:4:196954:223223,-0.03443654529426409
rxn:4:205059:228803,-0.03444439740408035
rxn:4:181884:223421,-0.03446657317025321
rxn:4:214900:228692,-0.03448260858141143
rxn:4:205660:229221,-0.034517522705228704
rxn:4:196952:228097,-0.034542914141308174
rxn:4:195862:223266,-0.03454885293136944
rxn:4:189394:228097,-0.03456140241839669
rxn:4:211168:223146,-0.03463256135582924
rxn:4:195398:226844,-0.034681674979981925
rxn:4:196952:223156,-0.034692500407497086
rxn:4:189394:223195,-0.03472263657528421
rxn:4:212224:228357,-0.03475303770530792
rxn:4:191263:223223,-0.034753840594064625
rxn:4:198105:226340,-0.03475620845953623
rxn:4:214894:223421,-0.03479309945270933
rxn:4:196952:224715,-0.034804000070801484
rxn:4:196952:223443,-0.03482482880353928
rxn:4:211701:225115,-0.03488081910957893
rxn:4:208363:223127,-0.03492422550916672
rxn:4:205660:228742,-0.0349844346443812
rxn:4:183834:228560,-0.03500107033499356
rxn:4:191545:224490,-0.03500210063961836
rxn:4:187677:225318,-0.0350191273859569
rxn:4:193386:228097,-0.03509956311721068
rxn:4:195128:228683,-0.0351072338066603
rxn:4:208011:226331,-0.03513685017824173
rxn:4:196952:223130,-0.03514972204963366
rxn:4:214894:227892,-0.03519403984149297
rxn:4:189394:222583,-0.035219038868772576
rxn:4:189394:225087,-0.03526199924258085
rxn:4:211172:228103,-0.03529011830687523
rxn:4:195453:225115,-0.035305135107288756
rxn:4:182435:222846,-0.03533346801996231
rxn:4:181884:225547,-0.03535313606262207
rxn:4:211172:223351,-0.03536050580441952
rxn:4:192153:227294,-0.03537263934101377
rxn:4:198097:225378,-0.03537784814834595
rxn:4:208435:223350,-0.03538481593132019
rxn:4:182431:229050,-0.03539641086871807
rxn:4:196952:227893,-0.03543012047355825
rxn:4:195296:223350,-0.03547356526056925
rxn:4:195777:223350,-0.03549398481845856
rxn:4:205401:223280,-0.03555501287891751
rxn:4:215327:227292,-0.03556084005456222
rxn:4:196954:227834,-0.035561216148463165
rxn:4:215320:226844,-0.03562706838483396
rxn:4:182529:223052,-0.03563887693665244
rxn:4:208199:223219,-0.035651559108182004
rxn:4:196954:223699,-0.03567880295938061
rxn:4:182495:228306,-0.0356899429770077
rxn:4:210155:222413,-0.03571758419275284
rxn:4:195704:229050,-0.03574444651603699
rxn:4:217962:223055,-0.03577419573610479
rxn:4:214889:228097,-0.03585954061869917
rxn:4:198111:226340,-0.03589612990617752
rxn:4:198111:223279,-0.035934939103968
rxn:4:211172:228570,-0.03594494263331095
rxn:4:217962:224715,-0.035957541316747665
rxn:4:211172:227625,-0.035981361480320204
rxn:4:196954:224959,-0.036026175205524154
rxn:4:196954:223227,-0.03602797052134638
rxn:4:196954:223139,-0.036124544528623424
rxn:4:217926:224715,-0.03612509369850159
rxn:4:195155:228962,-0.03620839230716229
rxn:4:217962:225308,-0.036228320196918816
rxn:4:198075:224179,-0.03623727105912708
rxn:4:208363:227292,-0.03632079692263352
rxn:4:214889:223110,-0.03633376283030356
rxn:4:181038:223223,-0.03637667972108592
rxn:4:195777:228570,-0.03644441564877828
rxn:4:189394:222451,-0.036484053538691615
rxn:4:212224:225547,-0.036512778140604496
rxn:4:195398:228357,-0.03652402915452656
rxn:4:205242:228995,-0.036541725198427834
rxn:4:211168:223219,-0.03657201403065732
rxn:4:211172:228140,-0.03661558777093887
rxn:4:210155:228178,-0.0367020872377214
rxn:4:211181:223892,-0.03670400769814201
rxn:4:189394:222593,-0.03671378359712403
rxn:4:205660:223108,-0.03672125190496445
rxn:4:211701:228248,-0.03679988831281662
rxn:4:198092:224736,-0.03683260008692742
rxn:4:191975:223045,-0.036865239454941315
rxn:4:198105:225318,-0.03687049150466919
rxn:4:183695:225545,-0.036921408140298095
rxn:4:189394:225724,-0.036924169063568116
rxn:4:195155:229050,-0.03692425709021719
rxn:4:211172:222915,-0.036929374933242796
rxn:4:181038:225118,-0.03694842985043159
rxn:4:211134:223004,-0.037017300724983215
rxn:4:195862:229221,-0.03704169061448839
rxn:4:180875:223223,-0.0370662085711956
rxn:4:211172:223131,-0.03712505929999881
rxn:4:214728:229060,-0.03716126581033071
rxn:4:204375:225545,-0.037174373865127563
rxn:4:203724:223109,-0.037184903132064004
rxn:4:214458:224959,-0.03720426311095556
rxn:4:214458:223227,-0.037217155808494204
rxn:4:203639:228097,-0.03743442721091784
rxn:4:211123:224995,-0.037490713596344
rxn:4:205311:223198,-0.03759696260094643
rxn:4:191551:223350,-0.03767789261681693
rxn:4:198097:224736,-0.03769192099571228
rxn:4:198093:224736,-0.03780326545238495
rxn:4:205059:228622,-0.03780388619218554
rxn:4:195862:227004,-0.03781297362663529
rxn:4:214458:226361,-0.037836124951189216
rxn:4:198111:224736,-0.03785680518263862
rxn:4:214900:223398,-0.037882698507144534
rxn:4:211135:226458,-0.0379049496518241
rxn:4:217340:228560,-0.03799936246304285
rxn:4:189394:227303,-0.03804684592329938
rxn:4:195755:227116,-0.03804783150553703
rxn:4:208363:223280,-0.03818887942715695
rxn:4:189394:223146,-0.03821459226310253
rxn:4:189394:222859,-0.03826996798698719
rxn:4:182431:223381,-0.03833581805229187
rxn:4:198112:229050,-0.03835896721908024
rxn:4:214458:225724,-0.038403581665909806
rxn:4:203724:223421,-0.03841912776231766
rxn:4:216463:223350,-0.03846897019280328
rxn:4:187677:229262,-0.03849029594234058
rxn:4:215320:222413,-0.03851766748861833
rxn:4:196954:223055,-0.03852233946323395
rxn:4:178718:227063,-0.03852417249055136
rxn:4:211172:223382,-0.03855161368846893
rxn:4:196952:224481,-0.03857066896226671
rxn:4:198112:224523,-0.03857287551675524
rxn:4:203724:223398,-0.03869652032852173
rxn:4:219210:225545,-0.0387501845566126
rxn:4:215320:223052,-0.03880300838500261
rxn:4:198111:226990,-0.03891248212141149
rxn:4:193143:228962,-0.03893711027644929
rxn:4:196952:228608,-0.03906168114571344
rxn:4:196952:222529,-0.03911618836994829
rxn:4:217962:225547,-0.03918713398955085
rxn:4:208363:223198,-0.039203149707693806
rxn:4:215347:223128,-0.039251191169023515
rxn:4:196952:225581,-0.03928948521614075
rxn:4:198105:228103,-0.03933124616742134
rxn:4:211123:224959,-0.03937069848179817
rxn:4:216413:223194,-0.03937299715148078
rxn:4:182435:225724,-0.039401159474724216
rxn:4:217962:224523,-0.03950456716120243
rxn:4:208033:227303,-0.03954550310185081
rxn:4:195128:228357,-0.03956480352208018
rxn:4:188104:223219,-0.03957822173833847
rxn:4:198075:222969,-0.03959438039196862
rxn:4:195398:228621,-0.03961201012134552
rxn:4:208011:226340,-0.03961440026760101
rxn:4:216470:223031,-0.03972936953817095
rxn:4:211174:223007,-0.03973670695957385
rxn:4:214728:223311,-0.039760962701760806
rxn:4:198093:223052,-0.03978111015425788
rxn:4:211172:228178,-0.03979192301630974
rxn:4:211171:223892,-0.039924512738766876
rxn:4:191975:228103,-0.03994471775858026
rxn:4:209284:223280,-0.039995593684060235
rxn:4:208362:227893,-0.04006022959947586
rxn:4:203724:229262,-0.0400875897511192
rxn:4:211130:224736,-0.040153548831031435
rxn:4:182495:226331,-0.040173395683890896
rxn:4:181884:223004,-0.040184074342250825
rxn:4:211171:224523,-0.04021181379045759
rxn:4:198097:228367,-0.04026449844241142
rxn:4:195862:225547,-0.040274362390240036
rxn:4:217545:223219,-0.040318988263607025
rxn:4:211174:223047,-0.04033062959972181
rxn:4:205242:223045,-0.04040210272954858
rxn:4:196954:225805,-0.040404590368270876
rxn:4:183834:228178,-0.04040929724772771
rxn:4:182495:223279,-0.040426399972703725
rxn:4:211179:222413,-0.04044024821589975
rxn:4:211374:226340,-0.040440560096786135
rxn:4:216394:223280,-0.04046242766910129
rxn:4:217926:224736,-0.040555594222886224
rxn:4:214889:223421,-0.04056938351797206
rxn:4:198076:223892,-0.04062162136489695
rxn:4:198093:225118,-0.04063670572481657
rxn:4:188104:223108,-0.040643712594395594
rxn:4:193238:223109,-0.040652096547462324
rxn:4:211179:225378,-0.04068492650985718
rxn:4:181884:228794,-0.040721776229994636
rxn:4:198105:223279,-0.04073825303245993
rxn:4:198105:224995,-0.040741735696792604
rxn:4:212224:224523,-0.040762245655059814
rxn:4:196952:223398,-0.040794952994301206
rxn:4:211174:224523,-0.0408516689425423
rxn:4:198097:225724,-0.04088944824118363
rxn:4:195755:223052,-0.04092707552693107
rxn:4:217926:222846,-0.04096340090036392
rxn:4:195517:228097,-0.040976779328452215
rxn:4:205160:227829,-0.04101474034158807
rxn:4:211134:222803,-0.04103514552116394
rxn:4:193143:227834,-0.04103981500322169
rxn:4:196952:228140,-0.04105944796042009
rxn:4:196952:223139,-0.04108097683638334
rxn:4:211181:224080,-0.041160966862331734
rxn:4:198097:228306,-0.04117451608181
rxn:4:205160:223219,-0.04120437651872635
rxn:4:196952:222859,-0.04128085535306197
rxn:4:196954:229147,-0.0412827156484127
rxn:4:217925:223130,-0.04132391015688578
rxn:4:215327:227303,-0.04132548131440815
rxn:4:204375:228560,-0.04132906223336855
rxn:4:217926:224080,-0.04137382182207974
rxn:4:215327:223197,-0.041384376977619375
rxn:4:189394:223156,-0.04148653273781141
rxn:4:211181:225110,-0.04150811135768891
rxn:4:195128:228608,-0.04150898911451038
rxn:4:211107:228103,-0.04157699346542358
rxn:4:189394:222529,-0.041579048181402276
rxn:4:216586:227893,-0.04162106074784931
rxn:4:211135:228367,-0.041631028056144714
rxn:4:195128:223311,-0.0416494557633996
rxn:4:212224:223139,-0.04168358056441597
rxn:4:193238:223195,-0.041685397521807596
rxn:4:210155:227834,-0.04174647302854629
rxn:4:182431:223139,-0.041809654411147625
rxn:4:216394:223227,-0.041851893067359924
rxn:4:198097:222915,-0.041857273876667024
rxn:4:196952:226129,-0.041859157383441925
rxn:4:198076:227625,-0.04188086837530136
rxn:4:205242:223396,-0.041931942889564915
rxn:4:196952:222983,-0.04196971476078033
rxn:4:198111:224715,-0.041986678327832906
rxn:4:214728:228997,-0.042058140970766544
rxn:4:196952:223131,-0.04207629213730494
rxn:4:205036:228608,-0.04208597221544811
rxn:4:198105:228683,-0.04209821621576945
rxn:4:198093:226331,-0.04211788756005904
rxn:4:211172:225547,-0.04235360300854633
rxn:4:191618:227929,-0.042354981212512306
rxn:4:205059:228621,-0.042357762299832846
rxn:4:196954:223138,-0.042375978703300156
rxn:4:198082:223892,-0.0424024760723114
rxn:4:212224:228092,-0.04241481636251722
rxn:4:211181:225545,-0.042521344987969646
rxn:4:182435:226458,-0.04254009077946345
rxn:4:211130:223055,-0.04261578227344312
rxn:4:198112:225115,-0.04264270476996899
rxn:4:198076:228560,-0.042790346911975315
rxn:4:195398:228742,-0.04284733533859253
rxn:4:183695:227004,-0.04290154191755479
rxn:4:217962:223007,-0.042994396591728386
rxn:4:182431:223007,-0.04300870415237215
rxn:4:208362:223219,-0.04311819452988474
rxn:4:211134:227116,-0.04312550802441204
rxn:4:216394:227303,-0.04320593178272247
rxn:4:208362:223360,-0.04321082764201694
rxn:4:191895:223396,-0.04334971779271176
rxn:4:189394:225723,-0.04350631952285767
rxn:4:208011:224959,-0.043520741842009804
rxn:4:211179:224736,-0.043583103943438756
rxn:4:198097:223007,-0.04364893859938571
rxn:4:208601:227914,-0.04371876801763262
rxn:4:198092:226331,-0.0437485479256686
rxn:4:210155:227116,-0.043762922286987305
rxn:4:198105:226458,-0.04379276269012027
rxn:4:198112:225378,-0.04379852712154388
rxn:4:214889:223398,-0.04379949452621596
rxn:4:211134:228306,-0.04380815848708153
rxn:4:177164:227931,-0.043845337222922935
rxn:4:216413:223127,-0.043853657810311565
rxn:4:196952:226088,-0.04388269533713659
rxn:4:182435:226331,-0.04390932040082084
rxn:4:182497:226623,-0.0439611626298804
rxn:4:214458:225805,-0.04396281618139018
rxn:4:191975:223396,-0.043984181351131864
rxn:4:182497:223927,-0.04400110989809036
rxn:4:208362:223198,-0.04400383014427988
rxn:4:211701:225595,-0.04411298814027206
rxn:4:214062:223398,-0.044143346200386686
rxn:4:189394:227892,-0.04414452206004749
rxn:4:188104:223198,-0.04418499916791916
rxn:4:189394:227893,-0.04422730275175788
rxn:4:211374:224523,-0.04423149178425471
rxn:4:198111:228103,-0.04424295574426651
rxn:4:214889:227892,-0.04427632586709384
rxn:4:211374:223052,-0.044288417155092415
rxn:4:211130:227004,-0.04439546956735499
rxn:4:211171:226458,-0.04445148507754008
rxn:4:205242:223219,-0.04445937204928625
rxn:4:215327:223219,-0.044459521770477295
rxn:4:214057:223398,-0.044464397790103125
rxn:4:196952:223442,-0.044537870585918425
rxn:4:196952:227945,-0.044546250592578544
rxn:4:198105:223227,-0.04456821609945858
rxn:4:214728:227946,-0.04459906025574757
rxn:4:182435:225118,-0.04465386420488358
rxn:4:198112:225110,-0.04467305839061737
rxn:4:214728:228589,-0.0447819510102272
rxn:4:211171:225724,-0.044794327334353796
rxn:4:193143:223130,-0.04481174051761627
rxn:4:210155:225318,-0.04487428843975067
rxn:4:196952:223400,-0.044984523029554455
rxn:4:211172:228530,-0.044997767607371016
rxn:4:182495:228683,-0.04501159489154816
rxn:4:188106:228621,-0.045101297136984374
rxn:4:205311:223108,-0.0451119669846126
rxn:4:181884:224995,-0.045111979429538436
rxn:4:195398:226361,-0.045138041178385414
rxn:4:196954:223421,-0.04514558400426592
rxn:4:198076:227116,-0.045179374050349
rxn:4:205311:223360,-0.045201466271751804
rxn:4:217962:223131,-0.04528198639551798
rxn:4:182497:223892,-0.045320829997460045
rxn:4:205660:227116,-0.045357689747343895
rxn:4:198111:228962,-0.045381442705790205
rxn:4:217926:222915,-0.04546448141336441
rxn:4:198092:223004,-0.04546561506059435
rxn:4:208363:223360,-0.045477973918120064
rxn:4:195517:224100,-0.04550764368226131
rxn:4:191895:228987,-0.04554816252655453
rxn:4:174727:227485,-0.045560674025462225
rxn:4:211701:229050,-0.045672184891170926
rxn:4:189394:222888,-0.045701675690137424
rxn:4:211179:223279,-0.04570484862608068
rxn:4:189394:223109,-0.04576958157122135
rxn:4:211123:223031,-0.045769723622422466
rxn:4:205059:223266,-0.0457789113988047
rxn:4:196952:225724,-0.045795630812644955
rxn:4:211172:226458,-0.0458461157977581
rxn:4:191975:228621,-0.04585576719707913
rxn:4:198097:222413,-0.045884013175964355
rxn:4:208435:228000,-0.0458913654088974
rxn:4:209284:223360,-0.0459106020629406
rxn:4:174788:223223,-0.04617761820554733
rxn:4:211172:225110,-0.04625241607427597
rxn:4:198105:224523,-0.046275800182705835
rxn:4:214728:227232,-0.04628617840784567
rxn:4:211135:229262,-0.046333954884455755
rxn:4:205311:223219,-0.04633524119853973
rxn:4:198093:228103,-0.046339698632558185
rxn:4:217962:224080,-0.046348676681518555
rxn:4:196952:226582,-0.04640900592009226
rxn:4:198105:228306,-0.04642190784215927
rxn:4:211181:225118,-0.046502402424812316
rxn:4:198097:226990,-0.04651121181600234
rxn:4:174788:223356,-0.04655574067779209
rxn:4:211134:227004,-0.04662292319185594
rxn:4:211135:226340,-0.046692300173971385
rxn:4:208011:225110,-0.04673825881697915
rxn:4:212224:226340,-0.04680278573347175
rxn:4:211374:226166,-0.04685170806589581
rxn:4:198097:224301,-0.04686428521844474
rxn:4:195128:229221,-0.04693143683321336
rxn:4:211135:228621,-0.04699946641921997
rxn:4:193143:226188,-0.04713292047381401
rxn:4:205242:223443,-0.04714979314141803
rxn:4:196952:226188,-0.04717419855296612
rxn:4:208363:223031,-0.04717730837208884
rxn:4:211130:223227,-0.047275537953657264
rxn:4:217962:225110,-0.04734232114708942
rxn:4:198105:225308,-0.047400450333952904
rxn:4:204375:226361,-0.047436118677810384
rxn:4:189394:227024,-0.04744508311800335
rxn:4:208435:223219,-0.0474653925214495
rxn:4:211130:223139,-0.04746702147854699
rxn:4:216413:223031,-0.04746835082769394
rxn:4:182529:226340,-0.047501555333534874
rxn:4:211107:226188,-0.04751610229997074
rxn:4:181884:228608,-0.04751918393941153
rxn:4:198111:226331,-0.04754395534594854
rxn:4:205242:223108,-0.047628900544209915
rxn:4:216470:223219,-0.047628926603417644
rxn:4:196952:228742,-0.04765786940143222
rxn:4:195128:224841,-0.04766961714873711
rxn:4:195755:224490,-0.04770196105043093
rxn:4:195398:223351,-0.04779866180921856
rxn:4:211135:224523,-0.047895235674721856
rxn:4:196952:227024,-0.04789941207222317
rxn:4:211171:226188,-0.04791956229342355
rxn:4:196952:223110,-0.0479242547104756
rxn:4:198112:226458,-0.04793169183863534
rxn:4:211135:225547,-0.047935310947267634
rxn:4:217340:228697,-0.04797205116067614
rxn:4:196952:225436,-0.04797525763511658
rxn:4:181884:227004,-0.04801523555880007
rxn:4:182495:226458,-0.04804864290513491
rxn:4:198097:225723,-0.04805863374157956
rxn:4:198097:225118,-0.048084913194179534
rxn:4:216394:223127,-0.04811685257836392
rxn:4:182495:223699,-0.048169114268743075
rxn:4:215320:223386,-0.04818540527707055
rxn:4:189394:225086,-0.048219671043065876
rxn:4:208435:227914,-0.04822151325643063
rxn:4:198092:226188,-0.04825141850639792
rxn:4:217962:223130,-0.04825270034018017
rxn:4:198097:226331,-0.04839860068427192
rxn:4:196952:225723,-0.04840539336204529
rxn:4:211179:223236,-0.04844095251139473
rxn:4:211134:225115,-0.0484511137008667
rxn:4:211181:223139,-0.04846984644730886
rxn:4:215327:223031,-0.048480977614720665
rxn:4:188106:223442,-0.04853422691424688
rxn:4:198093:225115,-0.04854079335927963
rxn:4:212224:223109,-0.048563611248265144
rxn:4:212224:227929,-0.04863795460689636
rxn:4:211181:226458,-0.048779996732870735
rxn:4:192165:223219,-0.0489232192436854
rxn:4:217926:228692,-0.04900149901707967
rxn:4:211701:223421,-0.04910180913774591
rxn:4:211134:226458,-0.049104463722970754
rxn:4:214728:229260,-0.04917404120383055
rxn:4:210155:228697,-0.04931596517562866
rxn:4:195128:228697,-0.04935517436579654
rxn:4:182495:225547,-0.049371976777911185
rxn:4:198105:227004,-0.049525155740625715
rxn:4:208255:223031,-0.0495667353272438
rxn:4:195155:228697,-0.04957733452320099
rxn:4:195398:228367,-0.04957765027096397
rxn:4:211134:222915,-0.04967377483844757
rxn:4:214728:229061,-0.049730561984082065
rxn:4:191545:227914,-0.04975040753682455
rxn:4:198075:225118,-0.0497668887439527
rxn:4:216470:223198,-0.04984838162597857
rxn:4:189394:223045,-0.04996189475059509
rxn:4:182431:226458,-0.04996447177494273
rxn:4:214894:223398,-0.04997346370384611
rxn:4:215320:223047,-0.04998443772395452
rxn:4:189394:226130,-0.05001637960473696
rxn:4:216413:223198,-0.050053281916512385
rxn:4:211174:223927,-0.05008513124092766
rxn:4:205036:228697,-0.05014927117597489
rxn:4:211179:227622,-0.050330772119409894
rxn:4:198093:222846,-0.05035168324646197
rxn:4:195704:228248,-0.05037241615355015
rxn:4:217962:223219,-0.05038655251264572
rxn:4:195128:225547,-0.05041832719808039
rxn:4:198112:224715,-0.050449601241520474
rxn:4:195585:224490,-0.05046612530946731
rxn:4:198093:227622,-0.05049983412027359
rxn:4:203639:223398,-0.050513761043548586
rxn:4:180875:223109,-0.05060139653228578
rxn:4:195398:225595,-0.05062045902013779
rxn:4:212224:226990,-0.05068317597562617
rxn:4:211107:225547,-0.05068835367759069
rxn:4:181884:224959,-0.05069657930961022
rxn:4:182435:224736,-0.05070797212067105
rxn:4:211134:226340,-0.05075918551948336
rxn:4:217962:225118,-0.05076006767542466
rxn:4:211171:223055,-0.05077107564399117
rxn:4:195585:223396,-0.050816854363993594
rxn:4:189394:225805,-0.050839855074882506
rxn:4:211130:223130,-0.05085686014758216
rxn:4:205311:223350,-0.050882693968321145
rxn:4:208362:223280,-0.05095936514829334
rxn:4:196954:226583,-0.051081704907119274
rxn:4:189394:224046,-0.05127604252525738
rxn:4:212224:228742,-0.05129734352231026
rxn:4:182495:226188,-0.05145701452305442
rxn:4:174193:227063,-0.05151627129978604
rxn:4:180875:223236,-0.05162686258554459
rxn:4:211171:222413,-0.05164732477244209
rxn:4:212224:225118,-0.051684687435626986
rxn:4:182497:223227,-0.05176801813973321
rxn:4:195398:228560,-0.051772902409235634
rxn:4:211130:225318,-0.051816726475954054
rxn:4:211171:223139,-0.05181878556807836
rxn:4:189394:225436,-0.05188778102397919
rxn:4:214062:227291,-0.05202689243014902
rxn:4:211130:226188,-0.05213612069686254
rxn:4:211171:225378,-0.05215007849037647
rxn:4:211172:228367,-0.052229803055524826
rxn:4:211171:227625,-0.05232710522763869
rxn:4:203724:228293,-0.05233149688977461
rxn:4:189394:227023,-0.052347709303316864
rxn:4:198093:228560,-0.05239698077951159
rxn:4:196954:223266,-0.05247869439747022
rxn:4:182495:223381,-0.05248222280951107
rxn:4:198105:229050,-0.05249246954917908
rxn:4:205311:223359,-0.052505086911352056
rxn:4:195128:223266,-0.05252184115705036
rxn:4:208435:228560,-0.052605970909720974
rxn:4:212224:225318,-0.05271182730793953
rxn:4:180875:227004,-0.05273322984576225
rxn:4:196952:225110,-0.05273617345553178
rxn:4:198105:225545,-0.0527555071993878
rxn:4:211179:228962,-0.052846368153889975
rxn:4:211374:227024,-0.05294916927814484
rxn:4:189394:222980,-0.052949318885803225
rxn:4:180875:226361,-0.052989311871074495
rxn:4:191895:225110,-0.05303234358628591
rxn:4:198075:227004,-0.053049965761601925
rxn:4:211374:229050,-0.05308875090935651
rxn:4:211172:227004,-0.05312062011045568
rxn:4:212224:227116,-0.05312649008225311
rxn:4:211135:224490,-0.053159864175887334
rxn:4:211701:225545,-0.053166548195092575
rxn:4:177005:227000,-0.05320484871449678
rxn:4:211107:223421,-0.05336928154741015
rxn:4:209284:223398,-0.05350899853204426
rxn:4:182495:223055,-0.05351599976420403
rxn:4:217962:223109,-0.05354021134830657
rxn:4:210155:225115,-0.05357218101620674
rxn:4:198105:223381,-0.053614452481269836
rxn:4:208011:229050,-0.053626351058483124
rxn:4:196952:227023,-0.05377640413201373
rxn:4:211374:228530,-0.05392924613422818
rxn:4:211174:227625,-0.05400977765812593
rxn:4:217926:227116,-0.05403982322005665
rxn:4:217962:223146,-0.054087638145401365
rxn:4:211374:226361,-0.05418838844412849
rxn:4:217926:227004,-0.05420838033451753
rxn:4:211181:224995,-0.05426815301179886
rxn:4:214728:223443,-0.05435515629748503
rxn:4:198097:223279,-0.05437940008500043
rxn:4:182497:228692,-0.05439530499279499
rxn:4:211168:227292,-0.05440393168675272
rxn:4:211701:226361,-0.05443525314331055
rxn:4:198112:226340,-0.05445256270468235
rxn:4:198075:223139,-0.05480226523735944
rxn:4:211374:223421,-0.05484922561380598
rxn:4:208362:223350,-0.054877251386642456
rxn:4:211134:227625,-0.05489152319291059
rxn:4:198092:224180,-0.05499171359198434
rxn:4:196952:223109,-0.05502793130775293
rxn:4:211134:223139,-0.055049941771560244
rxn:4:182431:225724,-0.055149498913023204
rxn:4:191895:228248,-0.05516365692019463
rxn:4:189394:223400,-0.055239279355321615
rxn:4:211171:228140,-0.055379386991262436
rxn:4:215320:226705,-0.05539391675721044
rxn:4:211181:223227,-0.05550765289979823
rxn:4:182435:225110,-0.05565009266138077
rxn:4:182431:223927,-0.05569769035686146
rxn:4:211135:226188,-0.05581006076600817
rxn:4:181884:227929,-0.055838491428982125
rxn:4:182436:224715,-0.05584275332235154
rxn:4:204375:227230,-0.05587490504750839
rxn:4:214728:229210,-0.05595692182364671
rxn:4:211172:227929,-0.055989185348153114
rxn:4:181884:223138,-0.05600087530910969
rxn:4:211179:228103,-0.05606868490576744
rxn:4:182495:223382,-0.05617576311616337
rxn:4:198105:225378,-0.056191644817590716
rxn:4:198092:225545,-0.056212935182783336
rxn:4:211374:224841,-0.05623895966488382
rxn:4:211135:225115,-0.05625381246209145
rxn:4:211172:222846,-0.05636248290538788
rxn:4:198076:225118,-0.056407115961375986
rxn:4:196954:227945,-0.056463533504442734
rxn:4:217926:223382,-0.056474157609045506
rxn:4:212224:223398,-0.05660831928253174
rxn:4:216413:223197,-0.05664258201917013
rxn:4:182435:223055,-0.05675871121255975
rxn:4:211701:223198,-0.05683133999506632
rxn:4:182497:224179,-0.05687455768170564
rxn:4:196954:227297,-0.0569096758313801
rxn:4:211701:228099,-0.05691341981291771
rxn:4:217962:223227,-0.057007016986608504
rxn:4:211135:223927,-0.05712331896242888
rxn:4:195296:224490,-0.05731030359216358
rxn:4:211174:225724,-0.05732369501339762
rxn:4:189394:222982,-0.057415494322776796
rxn:4:196952:225318,-0.05744683284025926
rxn:4:211174:223236,-0.05757512415156645
rxn:4:181884:228693,-0.05763088237671625
rxn:4:182529:227116,-0.057647773250937465
rxn:4:211172:226166,-0.057685876058207616
rxn:4:182435:225308,-0.057747754454612735
rxn:4:211174:227622,-0.0579035676577512
rxn:4:212224:223131,-0.05792694830376169
rxn:4:176682:229253,-0.057957664132118225
rxn:4:182495:225308,-0.05805114638947305
rxn:4:198075:225318,-0.05806489288806915
rxn:4:211174:229050,-0.05816855600902012
rxn:4:182434:224715,-0.05819350622949146
rxn:4:189394:226582,-0.05823254585266113
rxn:4:189394:226088,-0.05840592458844185
rxn:4:215327:223198,-0.05845720830716585
rxn:4:209284:223400,-0.058570571635898794
rxn:4:189394:225098,-0.058595322645627536
rxn:4:211174:225115,-0.058596092462539676
rxn:4:198111:225115,-0.05860106348991394
rxn:4:198076:228357,-0.05861390233039856
rxn:4:198112:226361,-0.05861633022626241
rxn:4:181385:227063,-0.05863077566027641
rxn:4:211125:225115,-0.05863744094967842
rxn:4:179039:227063,-0.05864311585372144
rxn:4:196954:228357,-0.058736595917831765
rxn:4:182431:225545,-0.05877843499183655
rxn:4:211174:222846,-0.058803801983594896
rxn:4:214458:227303,-0.05886673004854293
rxn:4:193143:229262,-0.058873967120521946
rxn:4:196952:226990,-0.058911688949750816
rxn:4:208255:223280,-0.05895159310764737
rxn:4:195128:228000,-0.059159944951534274
rxn:4:211174:224715,-0.05918739345811662
rxn:4:196954:228695,-0.05929512778917948
rxn:4:182431:224995,-0.05930069873207494
rxn:4:198097:223139,-0.05940838406483332
rxn:4:195398:223195,-0.05942641943693161
rxn:4:198093:223351,-0.05964413483937581
rxn:4:189394:222984,-0.05967974901199341
rxn:4:182431:228140,-0.05989872018496196
rxn:4:198097:223892,-0.059918168446292046
rxn:4:195128:228560,-0.059950212899007295
rxn:4:198076:229221,-0.06000102311372757
rxn:4:211168:227303,-0.06012558937072754
rxn:4:198093:226361,-0.06013645144069896
rxn:4:195128:229262,-0.06027040849713718
rxn:4:211701:229221,-0.06034654992468217
rxn:4:198076:225110,-0.06038843487438403
rxn:4:195755:228697,-0.060488389597998724
rxn:4:211134:228962,-0.06050018072128296
rxn:4:198097:225115,-0.060687418282032016
rxn:4:198111:224523,-0.060688367911747525
rxn:4:217926:225545,-0.06073683813998574
rxn:4:198093:228742,-0.060816330569131036
rxn:4:211181:227622,-0.060819291016634774
rxn:4:217926:225318,-0.06095651388168335
rxn:4:182495:224736,-0.060995239595120605
rxn:4:182434:224523,-0.061080344376109895
rxn:4:211171:223279,-0.06112327119883369
rxn:4:182435:223047,-0.06112346523686459
rxn:4:198076:226166,-0.061215581262812895
rxn:4:217926:225547,-0.061267004201286716
rxn:4:211134:225110,-0.06138031184673309
rxn:4:198111:223130,-0.06147205829620361
rxn:4:211135:227625,-0.06152927349595463
rxn:4:211107:225723,-0.06156794395711687
rxn:4:182495:225318,-0.06168009695552644
rxn:4:211174:223139,-0.061798148685031466
rxn:4:198105:227625,-0.06181801767910228
rxn:4:205311:227829,-0.061883084083858286
rxn:4:217962:224995,-0.06191699271616728
rxn:4:198093:224715,-0.06207733415067196
rxn:4:198076:223351,-0.062170552213986714
rxn:4:182431:224715,-0.06228290200233459
rxn:4:182495:228103,-0.062364707974826586
rxn:4:182497:224523,-0.06253333796154369
rxn:4:211135:225378,-0.06259409226477146
rxn:4:216394:223198,-0.06263301935460833
rxn:4:208255:227292,-0.06264984690480763
rxn:4:182431:225110,-0.0626999296640095
rxn:4:217926:228103,-0.06278891302645206
rxn:4:191263:227914,-0.06289704255759716
rxn:4:195128:227929,-0.06306739971041679
rxn:4:198097:224080,-0.06307562711563977
rxn:4:198092:229050,-0.06320489369905911
rxn:4:196952:227291,-0.06326984581740006
rxn:4:211171:225110,-0.06342311576008797
rxn:4:211181:224841,-0.06382414549589158
rxn:4:182431:225547,-0.06384523544046614
rxn:4:198092:223139,-0.06386602538473465
rxn:4:182495:227622,-0.06391774780220455
rxn:4:191975:223219,-0.06392455548048019
rxn:4:196952:227303,-0.06401645052044289
rxn:4:182435:225115,-0.06417209506034852
rxn:4:217926:224180,-0.06439680673859337
rxn:4:182431:224736,-0.06451684348285198
rxn:4:198111:223421,-0.06453299323717752
rxn:4:211134:224959,-0.06460367292165756
rxn:4:196952:227892,-0.06467720121145248
rxn:4:212224:224995,-0.06475324630737304
rxn:4:211107:227116,-0.06520105991512537
rxn:4:196954:227892,-0.06529600444165143
rxn:4:182495:223052,-0.06551359742879867
rxn:4:195755:225110,-0.06562958722529204
rxn:4:182495:223047,-0.06564541161060333
rxn:4:198112:225308,-0.06592380963265895
rxn:4:212224:226166,-0.06598624068757762
rxn:4:211107:223279,-0.06615955010056496
rxn:4:195398:223055,-0.06640712612054565
rxn:4:211181:226990,-0.06651173619663014
rxn:4:182431:225723,-0.06654547154903412
rxn:4:182435:223052,-0.06655869985881605
rxn:4:198092:225118,-0.06669509881421139
rxn:4:198093:223421,-0.06673703449113029
rxn:4:195398:222413,-0.06699960231781006
rxn:4:189394:227292,-0.06704150269860806
rxn:4:196954:226990,-0.06705958946891453
rxn:4:198097:225318,-0.06710564196109772
rxn:4:196952:228987,-0.06717871576547622
rxn:4:211135:223052,-0.06735291763355858
rxn:4:198092:223052,-0.06736071076658037
rxn:4:181884:228293,-0.06752274659546939
rxn:4:217962:227622,-0.06757459938526153
rxn:4:211181:223236,-0.06770640962264117
rxn:4:182431:224523,-0.06783480867743492
rxn:4:198076:223131,-0.067860368420096
rxn:4:217926:223130,-0.06789513097869025
rxn:4:193143:226166,-0.0681339306756854
rxn:4:211135:222803,-0.06819570295157887
rxn:4:211701:228178,-0.0683226551860571
rxn:4:211135:225110,-0.06847343146800995
rxn:4:182497:225723,-0.06857507228851319
rxn:4:211107:223131,-0.06871320219600902
rxn:4:215320:228697,-0.06885533630847931
rxn:4:189394:222983,-0.06892298758029938
rxn:4:211130:229050,-0.06895036995410919
rxn:4:182497:225318,-0.06895219144367036
rxn:4:182431:225318,-0.06903668296964545
rxn:4:211374:229135,-0.06935423086671268
rxn:4:180875:225115,-0.06952504036219223
rxn:4:198105:222413,-0.06992023657349979
rxn:4:212224:228962,-0.06999091096222401
rxn:4:195517:223350,-0.07005435476700465
rxn:4:182435:223236,-0.07019437761867747
rxn:4:211107:225118,-0.07022058806921307
rxn:4:198075:223227,-0.07027425523847342
rxn:4:182431:223131,-0.07069697274881251
rxn:4:195538:223350,-0.07075637108401249
rxn:4:211374:227303,-0.07076422050595284
rxn:4:212224:228621,-0.07080276682972908
rxn:4:198105:225110,-0.07082874476909637
rxn:4:181038:228608,-0.07086050155616942
rxn:4:192679:227063,-0.07088555734265935
rxn:4:182431:224490,-0.07093604356050491
rxn:4:211181:227116,-0.0709496285108959
rxn:4:211374:227929,-0.07127427897955242
rxn:4:180875:223266,-0.07130328193306923
rxn:4:217926:225378,-0.07143503800034523
rxn:4:211134:225318,-0.07150113731622695
rxn:4:211174:225110,-0.07151079997420311
rxn:4:189394:225581,-0.07177897870540619
rxn:4:189394:225178,-0.07179881875904706
rxn:4:198111:223139,-0.0720100204149882
rxn:4:208011:228742,-0.07229877920711741
rxn:4:198105:226331,-0.0724908850259251
rxn:4:198112:227116,-0.07254372756270801
rxn:4:198075:223421,-0.07269287428685597
rxn:4:182497:223382,-0.07270240783691406
rxn:4:181884:227230,-0.07287068972768991
rxn:4:182497:223055,-0.07303207740187645
rxn:4:211374:228692,-0.0730745941400528
rxn:4:198093:226340,-0.07317919853855581
rxn:4:198111:225110,-0.07331043779850006
rxn:4:208363:223350,-0.07345956481165355
rxn:4:211174:227116,-0.07355456623960943
rxn:4:211134:226166,-0.07358511123392317
rxn:4:198097:224179,-0.0736477669667114
rxn:4:211134:222413,-0.07377668689278995
rxn:4:181884:223055,-0.07379097923636437
rxn:4:211174:223131,-0.07382639745871226
rxn:4:211181:229262,-0.07390501178227939
rxn:4:205242:228987,-0.073953025870853
rxn:4:198076:229262,-0.07403238366047542
rxn:4:211374:228560,-0.07409579969114727
rxn:4:208363:223219,-0.0741762134589647
rxn:4:217926:225110,-0.07463482171297073
rxn:4:182435:222413,-0.07481233950923472
rxn:4:182495:228570,-0.07484675757586956
rxn:4:195398:223198,-0.07499048113822937
rxn:4:211174:224841,-0.07500136494636536
rxn:4:214458:227893,-0.07538986504077912
rxn:4:182529:227609,-0.07540814802050591
rxn:4:198097:227004,-0.07548509406692841
rxn:4:214458:223266,-0.0755402325164704
rxn:4:211171:226990,-0.07567221978131462
rxn:4:182431:226990,-0.07572610583156347
rxn:4:182431:226361,-0.07587759547373828
rxn:4:211172:227834,-0.07597249373793602
rxn:4:217962:228692,-0.07604951163132985
rxn:4:198093:228140,-0.07608473102251688
rxn:4:217926:223052,-0.07612109497973793
rxn:4:211130:228178,-0.07631847448647022
rxn:4:198097:227116,-0.07682244654963999
rxn:4:195755:227297,-0.0768405631184578
rxn:4:195755:228178,-0.07690333692651045
rxn:4:211135:223227,-0.07703457772731781
rxn:4:182435:227004,-0.07706374631208532
rxn:4:198075:223130,-0.07714528546613805
rxn:4:182495:226990,-0.07719795571433173
rxn:4:211134:225545,-0.077262650194921
rxn:4:216394:227292,-0.07753253148661719
rxn:4:198105:228742,-0.07767998576164245
rxn:4:211134:228103,-0.07775265723466873
rxn:4:217926:228140,-0.07795492187142372
rxn:4:182495:223130,-0.07800507231762535
rxn:4:211172:228357,-0.07815102767199278
rxn:4:198105:226361,-0.07818155984083812
rxn:4:198105:227116,-0.07844850596259623
rxn:4:198093:226990,-0.0785876139998436
rxn:4:217962:228697,-0.07922917770014869
rxn:4:182495:224523,-0.07950609448281201
rxn:4:182495:225115,-0.08014756228242602
rxn:4:211701:228560,-0.08027251064777374
rxn:4:211174:225318,-0.08036257028579712
rxn:4:182497:223130,-0.08041761109703466
rxn:4:198097:225110,-0.08098659738898277
rxn:4:211374:227945,-0.08105730147738206
rxn:4:211179:228742,-0.08117314179738362
rxn:4:182495:226844,-0.0812547410789289
rxn:4:208252:223219,-0.08154878351423475
rxn:4:211135:223139,-0.08178085999356376
rxn:4:217962:229135,-0.08185714001164716
rxn:4:182497:225545,-0.08224931284785271
rxn:4:198097:225545,-0.08228172793200142
rxn:4:211134:228621,-0.08229964971542358
rxn:4:198112:227929,-0.08237829804420471
rxn:4:182495:223131,-0.08248679183031384
rxn:4:198111:229262,-0.08251554232377273
rxn:4:198105:228560,-0.08252275784810384
rxn:4:211174:227004,-0.08270957189447739
rxn:4:182495:227004,-0.0827449080016878
rxn:4:212224:229221,-0.08303631097078323
rxn:4:211135:224995,-0.08324349969625473
rxn:4:182497:225547,-0.0838315736502409
rxn:4:211374:228178,-0.08412481373862217
rxn:4:211174:226990,-0.08432814829489764
rxn:4:182431:227004,-0.084342903457582
rxn:4:211135:228608,-0.08442295392354329
rxn:4:198097:226361,-0.0844929466644923
rxn:4:211374:228962,-0.08461167249414656
rxn:4:198076:228608,-0.08494286558457784
rxn:4:198112:223351,-0.0856013186275959
rxn:4:182435:227622,-0.08571433319764979
rxn:4:217926:227834,-0.08637810032814741
rxn:4:211171:227622,-0.08645257178474874
rxn:4:182435:228367,-0.08687321934849024
rxn:4:198111:227116,-0.08690725705202888
rxn:4:211135:228742,-0.08746258616447448
rxn:4:182431:228367,-0.08783329327901204
rxn:4:182497:227929,-0.08805488663561203
rxn:4:211179:228530,-0.08827405373255412
rxn:4:211171:228178,-0.08844314515590668
rxn:4:198105:223382,-0.0885170828551054
rxn:4:211130:228742,-0.08901699185371399
rxn:4:182495:225723,-0.08913126736879348
rxn:4:198097:224995,-0.08913550674915313
rxn:4:211179:223421,-0.0892384946346283
rxn:4:211107:228357,-0.08943381607532501
rxn:4:211130:228560,-0.08944700558980306
rxn:4:211172:227945,-0.08945037424564362
rxn:4:211130:228962,-0.08958770235379537
rxn:4:198092:227929,-0.0898305873076121
rxn:4:211134:228357,-0.09004119411110878
rxn:4:211174:228570,-0.09018459320068359
rxn:4:211135:227622,-0.09061069435933057
rxn:4:211135:227929,-0.09062282368540764
rxn:4:198075:229262,-0.09072959174712499
rxn:4:211174:222413,-0.09084420256754931
rxn:4:211181:227004,-0.09153497394393473
rxn:4:211181:227834,-0.09157755598425865
rxn:4:198111:224995,-0.09205808937549591
rxn:4:211174:226361,-0.0924660207496749
rxn:4:211134:228692,-0.09321083625157674
rxn:4:198075:228530,-0.09326978027820587
rxn:4:211107:228178,-0.09331113696098328
rxn:4:182495:229135,-0.09370250006516774
rxn:4:211181:227929,-0.09392781741917133
rxn:4:198093:228357,-0.0939777155717214
rxn:4:211181:228621,-0.09405068854490915
rxn:4:188106:223396,-0.09445228937425111
rxn:4:182495:229050,-0.0949808418750763
rxn:4:211374:223223,-0.09531782418489457
rxn:4:182495:226361,-0.09572236632045947
rxn:4:217926:228178,-0.09586586058139801
rxn:4:198093:228608,-0.09603067806788854
rxn:4:182495:223351,-0.09608004899585948
rxn:4:211130:223421,-0.0960930327574412
rxn:4:198105:223052,-0.09680577014621936
rxn:4:198092:228697,-0.09690021191324506
rxn:4:211374:228697,-0.09705405682325363
rxn:4:198075:228178,-0.09715551336606344
rxn:4:211174:226340,-0.09731580772333676
rxn:4:182497:226166,-0.09734433575680382
rxn:4:182431:228178,-0.09862301647663116
rxn:4:211171:223236,-0.09869344444835887
rxn:4:211130:223351,-0.09890246018767357
rxn:4:182495:228560,-0.09910277649760246
rxn:4:211181:223421,-0.0991149624188741
rxn:4:217962:227834,-0.0993439068919734
rxn:4:182435:226166,-0.09966701600286695
rxn:4:211171:228530,-0.10082004467646281
rxn:4:182431:228692,-0.10092155635356903
rxn:4:182431:223421,-0.1025348539863314
rxn:4:182497:227834,-0.10270895896589055
rxn:4:211134:228530,-0.10309221049149832
rxn:4:211107:227834,-0.10338524580001832
rxn:4:198092:228178,-0.10345876812934876
rxn:4:211174:223052,-0.10371160742483641
rxn:4:198075:229050,-0.1037296882042518
rxn:4:195398:229262,-0.10414956696331501
rxn:4:182431:228530,-0.10489100643566676
rxn:4:211374:229221,-0.1052398094907403
rxn:4:211179:227929,-0.1063158717006445
rxn:4:211130:229262,-0.10694421025422904
rxn:4:198111:223351,-0.10734900087118149
rxn:4:182431:227945,-0.10766596396764119
rxn:4:198092:228140,-0.10774461726347605
rxn:4:198076:227834,-0.1078488012154897
rxn:4:182497:228697,-0.10838303156197071
rxn:4:211171:227945,-0.10865114629268646
rxn:4:182431:227834,-0.10941912829875947
rxn:4:198093:229221,-0.10974763333797455
rxn:4:198097:227834,-0.1102682501077652
rxn:4:211172:226361,-0.11100788911183675
rxn:4:182495:228608,-0.11121172178536654
rxn:4:198075:228621,-0.11239250749349594
rxn:4:211179:228621,-0.11299452185630798
rxn:4:211174:226166,-0.11320279621415669
rxn:4:182495:227834,-0.113296158173505
rxn:4:217926:229135,-0.11336836591362953
rxn:4:182497:229221,-0.1147016819034304
rxn:4:198093:227929,-0.11618548432985941
rxn:4:198075:228692,-0.11703236081770488
rxn:4:182497:228178,-0.1171252017512041
rxn:4:198105:223351,-0.11764748208224773
rxn:4:198076:227929,-0.11814728975296021
rxn:4:211181:228178,-0.11861444544047117
rxn:4:182435:227945,-0.11868237145245075
rxn:4:182435:228530,-0.11968842248121897
rxn:4:198093:227945,-0.119797682762146
rxn:4:211134:229050,-0.12014011293649673
rxn:4:198093:229050,-0.12043928870787987
rxn:4:211107:226990,-0.12113653868436813
rxn:4:198111:229221,-0.12124206240360554
rxn:4:198097:229221,-0.12148524591555962
rxn:4:198092:228742,-0.12191586622170039
rxn:4:217926:228697,-0.12193695902824402
rxn:4:211174:227834,-0.12229385040700436
rxn:4:198097:227945,-0.12240350805222988
rxn:4:182435:228621,-0.12241110603014628
rxn:4:182431:228357,-0.1233547180891037
rxn:4:182495:229221,-0.12536947429180145
rxn:4:211181:228697,-0.12587437629699708
rxn:4:211134:228560,-0.1260285178820292
rxn:4:198111:227945,-0.12719287164509296
rxn:4:211171:229221,-0.12744083542090195
rxn:4:198092:227945,-0.1281798501809438
rxn:4:198105:228697,-0.12869793971379598
rxn:4:198105:227929,-0.1295454390347004
rxn:4:198111:227834,-0.1300481865182519
rxn:4:198112:228357,-0.1304064029827714
rxn:4:211174:228560,-0.1306840221087138
rxn:4:211107:228697,-0.13085323785032546
rxn:4:211135:223421,-0.13104324092467626
rxn:4:182497:228608,-0.1310449973680079
rxn:4:211130:228621,-0.13293932477633158
rxn:4:211134:229221,-0.13352143305998582
rxn:4:211179:228357,-0.13377221766859293
rxn:4:198097:228697,-0.134257173538208
rxn:4:211181:228357,-0.13431518711149693
rxn:4:198112:228608,-0.13450413346290588
rxn:4:182435:223421,-0.13508562743663788
rxn:4:182431:227929,-0.1364303360382716
rxn:4:211174:228178,-0.13677960075438023
rxn:4:198092:228608,-0.13735911037240708
rxn:4:182431:228742,-0.1381649523973465
rxn:4:211174:227929,-0.13927815295755863
rxn:4:211171:228560,-0.14138057629267375
rxn:4:198092:229221,-0.14163686335086823
rxn:4:182431:228697,-0.14330575934478215
rxn:4:211134:229135,-0.1439154733504568
rxn:4:182495:229262,-0.146742190101317
rxn:4:198105:228357,-0.14690459659323096
rxn:4:211135:227945,-0.1501665385439992
rxn:4:198105:229221,-0.15217972145630762
rxn:4:198076:227945,-0.1529468536376953
rxn:4:198112:227834,-0.1573126851581037
rxn:4:182435:228697,-0.16317347288131714
rxn:4:198111:228608,-0.1729863335688909
