Reactant analysis summary
========================================================================
Source:    /root/workspace/nova-4090/data/rxn4.csv
Molecules: 7541
Detail:    /root/workspace/nova-4090/data/rxn4_reactant_analysis.csv

------------------------------------------------------------------------
Position 1  (2028 unique reactants)
------------------------------------------------------------------------
   reactant_id   count       avg_score       max_score
        202849     191    0.0975277824    0.1505045493
        216948     133    0.1036286968    0.1513457030
        210086     122    0.1018083243    0.1300126107
        206432      97   -5.0551783488    0.1578495928
        203107      95   -5.1593143698    0.1402336842
        217275      79    0.1004906794    0.1292739485
        211350      77    0.1074367173    0.1274613114
        217293      75   -6.5619849006    0.1357624978
        218072      70    0.0963451263    0.1450632215
        207987      68    0.1031841742    0.1400841149
        201252      68    0.0905709115    0.1276708427
        205245      64    0.0987170737    0.1209565600
        188744      62   -7.9762262413    0.1458872038
        212256      56   -8.8252627892    0.1344667511
        205353      52    0.1018024318    0.1349921525
        212083      51    0.1088992843    0.1353923866
        218167      51    0.1011058451    0.1312539940
        199338      50    0.1040213129    0.1357780385
        209944      49    0.1069711024    0.1335457109
        217245      49    0.1049050022    0.1293982999
        218105      48    0.1015134025    0.1263094034
        201458      47    0.1038700074    0.1414968173
        198340      45    0.1085872766    0.1222545897
        211527      43    0.1012809768    0.1322510540
        200137      43    0.1010942704    0.1191758204
        212059      41    0.1047666412    0.1319676053
        188033      40  -12.3982478974    0.1385478567
        201265      40    0.0967797409    0.1357727572
        191633      39    0.0929772798    0.1279146400
        217538      37    0.0992749642    0.1424601465
        217298      36    0.0989912336    0.1177538607
        210095      35  -14.1895490747    0.1391890153
        217341      35    0.1087722749    0.1275231143
        212428      35    0.0928608387    0.1271023725
        217291      34    0.1024357923    0.1207729474
        207305      33  -15.0472394406    0.1364557648
        217623      33    0.1045428782    0.1316142902
        218182      33    0.1067224919    0.1299353540
        210009      33    0.1024593519    0.1293364331
        199107      32    0.0977841516    0.1371598045
        217551      29    0.0893571064    0.1335518807
        217257      29    0.1108765063    0.1281695664
        217439      29    0.1026516147    0.1192785411
        216384      28    0.0956697754    0.1402400484
        207974      27    0.1077826246    0.1400968909
        210459      27    0.0976362202    0.1371833289
        212140      27    0.1039769040    0.1332565212
        206463      27    0.1053913088    0.1316042592
        211166      27    0.1044891396    0.1289161654
        210292      26    0.1062794232    0.1298987567
        212255      25    0.1027565022    0.1436432626
        199127      25    0.1065149540    0.1396093596
        216026      25  -19.8990027093    0.1391146580
        200146      25    0.0965299615    0.1278564171
        217356      25  -19.9077974490    0.1201890757
        217302      22    0.0881695512    0.1159671301
        217918      21    0.1015213143    0.1237651592
        217492      21    0.1065453349    0.1217176279
        210271      20    0.1032928555    0.1436432626
        202895      20    0.1119580038    0.1422553503
        211944      20    0.0886654862    0.1386237274
        199269      18    0.1026166963    0.1577685833
        198861      18    0.1041407384    0.1350815282
        188608      18  -27.6781991235    0.1330114788
        199066      18    0.0903758878    0.1330114788
        215391      18    0.1079434196    0.1249441906
        211490      18    0.0845250354    0.1240798208
        199457      18    0.0946179369    0.1200823954
        191396      18    0.0976011968    0.1172037891
        200102      18    0.1021553307    0.1160559732
        217236      18    0.0950354326    0.1158052798
        196177      17    0.1047257645    0.1384030812
        217504      17    0.0955599256    0.1279710324
        217500      17    0.1012373308    0.1279456839
        220436      17    0.0977021766    0.1190862448
        217509      17    0.1008705997    0.1166296911
        211600      16    0.1049966212    0.1357727572
        212036      16    0.1040385486    0.1280955113
        188189      16    0.0970052199    0.1252559960
        218003      16    0.0977695428    0.1170641617
        217539      16    0.0730377130    0.1124277049
        178282      16    0.0342720044    0.0969496914
        196433      15    0.0878014213    0.1354472751
        211447      15    0.1097553580    0.1288813629
        210269      15    0.0987042394    0.1248230727
        209093      14    0.1105846607    0.1417927288
        198797      14    0.0978133387    0.1414968173
        199168      14    0.0938965022    0.1249970762
        205661      14    0.1050528627    0.1248284017
        188595      14    0.0980292842    0.1195299141
        218116      14    0.0983598740    0.1184757783
        206404      13    0.1069272477    0.1445994824
        185819      13    0.1003847050    0.1369519816
        191398      13    0.1084709362    0.1312651201
        212338      13    0.1039463156    0.1266397213
        210005      13    0.1090071475    0.1263140383
        196180      12    0.0996944007    0.1450714381
        198426      12    0.1133184887    0.1400840514
        211435      12    0.0997202619    0.1380986358
        205500      12    0.1027536052    0.1376704291
        220837      12    0.0907076883    0.1293901774
        208518      12    0.1116786141    0.1273286111
        207980      12    0.0939695220    0.1252205933
        205172      12    0.1057856455    0.1252160754
        210428      12    0.1077307991    0.1242607574
        185770      12    0.1065504600    0.1232075791
        201456      12    0.0970705607    0.1183324578
        210397      12    0.1066691668    0.1155747795
        220564      12    0.0720249257    0.1103613824
        196522      11    0.1035025288    0.1317470437
        178768      11    0.1019295327    0.1298414857
        205365      11    0.1122665877    0.1256575271
        186149      11    0.1064679558    0.1226174957
        210521      11    0.1052137331    0.1200061100
        217241      11    0.1052253246    0.1196716570
        200130      11    0.1041678969    0.1191912964
        210118      11    0.1021196606    0.1176053377
        208319      11    0.1054581482    0.1139020950
        200129      11    0.0989582709    0.1121437237
        191356      11    0.0895966002    0.1120503407
        195165      11    0.0876014358    0.1088888588
        212029      10    0.0915649190    0.1337180038
        202861      10    0.1126058302    0.1244870337
        217498      10    0.0954519882    0.1235350736
        196181      10    0.1000128897    0.1235058991
        212116      10    0.1111867075    0.1217430377
        197422      10    0.1102392627    0.1215867952
        211645      10    0.0939530063    0.1209235316
        208987      10    0.1093103859    0.1207578613
        198416      10    0.1132404125    0.1207246449
        217221      10    0.1072940872    0.1203223153
        183126      10    0.1011996188    0.1190791953
        217252      10    0.1025145695    0.1186953814
        210709      10    0.1042165627    0.1185418935
        199032      10    0.1093431855    0.1183962132
        217490      10    0.1026985643    0.1174945150
        211482      10    0.1091371545    0.1171009280
        221021      10    0.1023206293    0.1170782495
        201256      10    0.1055499069    0.1170614855
        217344      10    0.1082186056    0.1155787640
        183103      10    0.1077161279    0.1151151774
        217536      10    0.1020452003    0.1146670088
        216037      10    0.1042573605    0.1136399433
        210432      10    0.0999645407    0.1120971565
        208307      10    0.0728166221    0.1118066138
        218243      10  -49.9447620978    0.1012936478
        189208      10    0.0566678870    0.0933930849
        196179       9    0.1178651901    0.1442430721
        198457       9    0.0932631042    0.1401119630
        217527       9    0.1088559008    0.1361794785
        188600       9    0.0859099993    0.1315915299
        211320       9    0.1010145684    0.1269993056
        212082       9    0.1100191495    0.1264508963
        195608       9    0.0997144672    0.1252992105
        192048       9    0.1087486775    0.1250587404
        210105       9    0.1115009155    0.1244437354
        216385       9    0.1044384265    0.1234549895
        205357       9    0.1091933575    0.1220703938
        212078       9    0.1101378060    0.1196759840
        212257       9    0.1111436196    0.1189266080
        205065       9    0.1095352675    0.1187077991
        205163       9    0.0789218348    0.1185225873
        182910       9    0.1020392870    0.1183220338
        208049       9    0.0941151313    0.1178125441
        220438       9    0.1093889454    0.1171901276
        189262       9    0.1006039847    0.1170478138
        195777       9    0.0691103993    0.1137277370
        211432       9  -55.4692800794    0.1106324047
        188183       9    0.0919320487    0.1097216266
        211849       8    0.1113903432    0.1343528276
        192168       8    0.1122484835    0.1331253711
        191767       8    0.1009980809    0.1312539940
        201250       8    0.1084778682    0.1300022548
        194461       8    0.1123629357    0.1286498777
        207124       8    0.1065346037    0.1277940544
        217820       8    0.1105627438    0.1274394286
        210367       8    0.0968528849    0.1252806957
        217251       8    0.1058070955    0.1236683672
        201255       8    0.1051640417    0.1232075791
        176558       8    0.0897906046    0.1214833260
        212089       8    0.1046230670    0.1212671076
        205404       8    0.1111836493    0.1211494641
        191914       8    0.1063359963    0.1203023225
        205179       8    0.1011067434    0.1195972845
        218275       8    0.1070477166    0.1191215618
        207304       8    0.1050563643    0.1189412240
        202846       8    0.1021687448    0.1171217163
        183191       8    0.1014700342    0.1137627792
        205239       8    0.1029194303    0.1123019771
        211765       8    0.0531829974    0.1115748969
        208303       8    0.1024273842    0.1096867511
        203416       8    0.0699399686    0.1096860402
        218476       8    0.1012479214    0.1067425142
        211157       8    0.0368817032    0.1054290122
        214547       8    0.0627371669    0.0888142337
        181548       8    0.0373352895    0.0871952779
        208152       7    0.1048906565    0.1431976673
        188030       7    0.1182007093    0.1384193982
        191773       7    0.1040661238    0.1336346683
        210096       7    0.0970398165    0.1260501038
        218112       7    0.1047046133    0.1254217100
        202872       7    0.1154407738    0.1249384206
        203102       7    0.1105079847    0.1248721331
        195795       7    0.0980289386    0.1237997860
        212284       7    0.1122120716    0.1236823365
        188455       7    0.1023048213    0.1234449947
        191986       7    0.1137765893    0.1233786263
        207437       7    0.1107259125    0.1219736624
        212096       7    0.0958928460    0.1214322505
        199024       7    0.1002145481    0.1212834675
        185767       7    0.0975825006    0.1201709922
        190116       7    0.1119104554    0.1196345721
        205246       7    0.1049613508    0.1185894467
        203643       7    0.1091397643    0.1185312140
        193270       7    0.1134172956    0.1183376765
        191774       7    0.0943809580    0.1175432937
        195167       7    0.0976868377    0.1174926853
        220335       7    0.1013909168    0.1169821336
        177232       7    0.0727773336    0.1168955211
        217231       7    0.0970742038    0.1150469521
        191798       7    0.0996912907    0.1148610145
        200134       7    0.1038210913    0.1141154420
        199450       7    0.0939259117    0.1103819162
        217357       7    0.0635695538    0.1095810558
        183129       7    0.1021669394    0.1091111191
        218430       7    0.1041483611    0.1089628637
        218166       7    0.0388281588    0.1070322834
        204345       7    0.0547938396    0.1028592730
        217512       7    0.0535541663    0.1013846397
        192491       7    0.0610726246    0.0869962115
        208171       6    0.1162082939    0.1355685890
        199106       6    0.1086809387    0.1326087250
        189322       6    0.0905053152    0.1262459826
        211982       6    0.1029891734    0.1248230727
        198667       6    0.0542501930    0.1239440353
        200115       6    0.1141603568    0.1231497775
        210030       6    0.1030555029    0.1189906597
        184364       6    0.1030461128    0.1186670108
        209375       6    0.1085321292    0.1174150760
        211824       6    0.1114779493    0.1168932865
        211590       6    0.1085722361    0.1168853830
        192237       6    0.1062009442    0.1166162219
        221022       6    0.0978809886    0.1164320655
        210235       6    0.1104737928    0.1160780295
        198962       6    0.1109817142    0.1157210415
        188408       6    0.1010784616    0.1153742898
        210022       6    0.1053776769    0.1148212422
        188721       6    0.1037468209    0.1143726692
        216055       6    0.1007583652    0.1142492058
        188159       6    0.0917610451    0.1139188269
        191447       6    0.0612560428    0.1112229998
        195525       6    0.1036178217    0.1111848652
        179392       6    0.1044459691    0.1110166042
        210206       6    0.1012020568    0.1108278275
        192029       6    0.1024278018    0.1079670353
        194935       6    0.1008774888    0.1074571654
        178408       5    0.1169694606    0.1348423809
        195392       5    0.1163110510    0.1324610144
        218056       5    0.1090362511    0.1321229696
        188518       5    0.1040076636    0.1318020789
        212363       5    0.1098049200    0.1307089378
        192548       5    0.1037837927    0.1298533380
        217313       5    0.1170618265    0.1285722445
        178607       5    0.1068338376    0.1255050938
        210006       5    0.1141045704    0.1251852489
        205393       5    0.0953180321    0.1244437354
        208143       5    0.0893003242    0.1238328732
        213504       5    0.1068592303    0.1236806247
        212151       5    0.0801296648    0.1234071633
        200100       5    0.1108724943    0.1232075791
        199108       5    0.1140485646    0.1225697344
        198386       5    0.1181569880    0.1224318397
        208455       5    0.0961997982    0.1220003755
        211438       5    0.1093140754    0.1217803028
        194365       5    0.1156820388    0.1208541155
        178767       5    0.1017557618    0.1201890757
        189379       5    0.1169627698    0.1198596977
        210020       5    0.1086293682    0.1193687083
        209898       5    0.1031030164    0.1193200717
        202879       5    0.1023877436    0.1189446320
        188844       5    0.0643234680    0.1185190395
        188185       5    0.0912059465    0.1183697931
        211932       5    0.0882086404    0.1178592944
        211322       5    0.1108798762    0.1176416410
        208301       5    0.1082208254    0.1176153557
        198752       5    0.1049450396    0.1171151698
        208447       5    0.1078102433    0.1171055181
        205318       5    0.1056225010    0.1166994259
        208267       5    0.1081656416    0.1159442998
        207411       5    0.1093310104    0.1159096217
        218179       5    0.0932222505    0.1157769669
        216366       5    0.0926630739    0.1156530485
        208164       5    0.0982725246    0.1154857846
        178778       5    0.0834252495    0.1140851324
        199042       5    0.1053143084    0.1129907459
        217247       5    0.1054757529    0.1113981179
        201248       5    0.1059164417    0.1113894605
        191768       5    0.1028519872    0.1113876571
        206708       5    0.0894642305    0.1105464356
        218332       5    0.1069843084    0.1094665641
        218123       5    0.0961113957    0.1085651687
        212157       5    0.0762046249    0.1085466842
        186121       5    0.0969503321    0.1083617832
        188994       5    0.1002004606    0.1080864909
        206524       5    0.0806636561    0.1072236058
        210300       5    0.0858329740    0.1068937398
        191392       5    0.1032210675    0.1064625279
        212344       5    0.0656610983    0.1058167592
        184362       5    0.0908571636    0.1057788062
        193424       5    0.0837307493    0.1044977972
        196032       5    0.0901665332    0.1041429294
        179454       5    0.0655068165    0.1036495008
        205118       5    0.0936213167    0.1035773806
        199454       5  -99.9207881866    0.1005781357
        212039       5    0.0640726851    0.0947103190
        191658       5    0.0453789195    0.0879049117
        182558       5    0.0148291739    0.0836899124
        195160       5    0.0604592466    0.0753901737
        195820       4    0.1137031534    0.1339365400
        195172       4    0.0993652943    0.1324023197
        198615       4    0.1056048014    0.1320319904
        198387       4    0.1094596549    0.1304428875
        184305       4    0.0991942916    0.1300022548
        198818       4    0.1172711072    0.1299106777
        195704       4    0.0982186284    0.1272509527
        220838       4    0.1109921745    0.1270858832
        212073       4    0.1195273396    0.1267104977
        211906       4    0.1094186555    0.1265780525
        185772       4    0.1016939607    0.1256575271
        211413       4  -124.9002970222    0.1245564914
        186347       4  -124.8989139488    0.1244701624
        183128       4    0.1090046441    0.1232458005
        192950       4    0.1128497539    0.1227339407
        196329       4    0.1107058787    0.1227141463
        201264       4    0.1132697713    0.1225117481
        211715       4    0.1075282635    0.1223912895
        218260       4    0.1174120771    0.1221192648
        189644       4    0.1068471864    0.1212429206
        205061       4    0.1110466501    0.1210620053
        193269       4    0.1150704763    0.1205560918
        189867       4    0.1029189916    0.1205417163
        217218       4    0.0998431021    0.1201890757
        198786       4    0.1134563965    0.1200809564
        218090       4    0.1067656869    0.1198711459
        188171       4    0.0969292707    0.1194907143
        212098       4    0.1118007700    0.1187383588
        192579       4    0.1086747515    0.1186860609
        195312       4    0.0800667776    0.1186274698
        211685       4    0.1117821104    0.1183766779
        185826       4    0.1093610176    0.1183663569
        186104       4    0.1065736142    0.1178670837
        211346       4    0.1103378123    0.1177479882
        218069       4    0.1072478003    0.1174369204
        221892       4    0.0936955825    0.1169883555
        196500       4    0.0941253245    0.1165061729
        186286       4    0.1021815161    0.1161285305
        204346       4    0.1100849081    0.1157552269
        218184       4    0.1037049125    0.1153415585
        208832       4    0.1063249844    0.1151147735
        217619       4    0.1082702192    0.1145159030
        192176       4    0.1043792059    0.1143208690
        205113       4    0.1076506043    0.1139759554
        210396       4    0.1019223141    0.1139078066
        211384       4    0.1008891282    0.1138804749
        209925       4    0.1093137754    0.1132017835
        198802       4    0.1018711993    0.1129630892
        209967       4    0.0935694679    0.1117283431
        186685       4    0.1093756518    0.1115264630
        208725       4    0.1053692961    0.1109930745
        188770       4  -124.9054705247    0.1106318653
        182720       4    0.1006728727    0.1103587389
        212231       4    0.1008920670    0.1099002106
        188494       4    0.0959038596    0.1081085602
        212130       4    0.0933363666    0.1077743620
        217515       4    0.0863481710    0.1077531174
        205670       4    0.0783763387    0.1076598038
        212186       4    0.0284532377    0.1064292703
        211564       4    0.0959370527    0.1059657129
        220574       4    0.0956800897    0.1059080249
        178664       4    0.0833078934    0.1051215918
        188655       4    0.0954843634    0.1047361344
        210305       4    0.0909535815    0.1041042999
        211436       4    0.0978583201    0.1040485132
        218164       4    0.0794794678    0.1033945169
        218299       4    0.0605330289    0.0986790251
        220437       4    0.0869675913    0.0945505823
        220843       4    0.0637738672    0.0869386249
        211913       4    0.0278948132    0.0857960951
        217360       4    0.0474759174    0.0715999075
        196041       4    0.0426802259    0.0566528916
        211393       3    0.1144823732    0.1373896503
        211580       3    0.1120115817    0.1324362436
        198906       3    0.1170106255    0.1318293923
        188320       3    0.1188205717    0.1300022548
        212152       3    0.1088770272    0.1295296276
        211348       3    0.1186758227    0.1293857826
        208172       3    0.0984805278    0.1293353024
        217502       3    0.0847509147    0.1287460700
        191769       3    0.1190405271    0.1277076524
        218099       3    0.0664824035    0.1273343033
        195725       3    0.0951439474    0.1272494723
        217654       3    0.1107369841    0.1271275580
        215329       3    0.1127131675    0.1263931791
        191678       3    0.0633820824    0.1261417733
        204965       3    0.1154316113    0.1258962209
        210207       3    0.1204145870    0.1248159196
        180872       3    0.1171004774    0.1247077333
        193062       3    0.1098362997    0.1246276027
        196316       3    0.1083750616    0.1243345656
        195752       3    0.1123097484    0.1242728353
        196019       3    0.0932873120    0.1231141253
        208098       3    0.1119190332    0.1230815394
        201208       3    0.1082366896    0.1230442363
        198434       3    0.1129311695    0.1227441511
        220344       3    0.1008653355    0.1222965367
        212220       3    0.1128412955    0.1222782373
        191360       3    0.1153049300    0.1222510423
        198458       3    0.1126356801    0.1220381141
        212365       3    0.1077620827    0.1214587465
        191894       3    0.1166743709    0.1214080453
        212030       3    0.1052136545    0.1210258133
        185771       3    0.1115523601    0.1205743741
        186477       3    0.1184200751    0.1205125153
        192235       3    0.0943798735    0.1202682228
        183055       3    0.1029571392    0.1201816902
        218021       3    0.1149087418    0.1198859971
        184542       3    0.1085574006    0.1198045397
        179005       3    0.0711711456    0.1196231815
        218225       3    0.1115214590    0.1195717648
        198977       3    0.0971560304    0.1193704659
        191712       3    0.1166977873    0.1191574945
        195158       3  -166.5707489428    0.1191539006
        212075       3    0.1079674924    0.1189725112
        178755       3    0.1084160727    0.1185737501
        211602       3    0.0945853337    0.1181392755
        195713       3    0.0869101877    0.1180045938
        195428       3    0.1059355519    0.1177941613
        199071       3    0.1105645947    0.1173502518
        205115       3    0.0869337417    0.1163169906
        217277       3    0.1105871789    0.1161746339
        220296       3    0.0894008814    0.1156505372
        208261       3    0.1047851407    0.1155222321
        196140       3    0.1093095329    0.1153722923
        210275       3    0.1029611120    0.1152744628
        192162       3    0.1064353509    0.1152255014
        217295       3    0.1047245309    0.1148028755
        192729       3    0.1079886366    0.1147065276
        218085       3    0.0990613621    0.1146235497
        192545       3    0.1041165985    0.1146020725
        188470       3    0.1070298031    0.1143833971
        194933       3    0.0979919707    0.1143261757
        203606       3    0.1038836225    0.1141359685
        191359       3    0.1124350174    0.1135685643
        188956       3    0.0884805684    0.1132982098
        198772       3    0.1066852368    0.1129607136
        188385       3    0.0953466556    0.1128797889
        198584       3    0.1036080267    0.1128149397
        218147       3    0.0976608861    0.1127909557
        196592       3    0.1094981387    0.1127692088
        201545       3    0.1108533735    0.1126580790
        196315       3    0.0899728070    0.1122957127
        212095       3    0.0973692720    0.1122948589
        215616       3    0.1065811025    0.1122811692
        188609       3    0.1093042152    0.1122275790
        199090       3    0.1052752858    0.1121962432
        198625       3    0.1106025813    0.1121089919
        192443       3    0.1082725275    0.1120790740
        183127       3    0.1034668633    0.1115259193
        206402       3    0.0738051944    0.1113699620
        205270       3    0.1053045167    0.1112891898
        176594       3    0.0958473909    0.1102369972
        202942       3    0.0790522425    0.1101536343
        205703       3    0.0931602024    0.1099059392
        188617       3    0.1014198902    0.1098226516
        208091       3    0.0970955413    0.1096819090
        211829       3    0.1070954326    0.1096579716
        205367       3    0.1016012551    0.1095845640
        191676       3    0.1060641165    0.1095602959
        220869       3    0.1058790915    0.1094954258
        211503       3    0.0444932222    0.1087284892
        191719       3    0.0889191992    0.1086015020
        195980       3    0.1036651943    0.1085136781
        184295       3    0.0903283957    0.1084805846
        198548       3    0.0872198303    0.1080097321
        197380       3    0.0894841152    0.1079169105
        192213       3    0.1059163965    0.1076957257
        218127       3    0.0998190527    0.1068427900
        199458       3    0.0889152712    0.1066581917
        192189       3    0.0899340731    0.1063358982
        196178       3    0.0948516718    0.1063232597
        200138       3    0.1056826260    0.1060177088
        212071       3    0.0928155087    0.1059506541
        211954       3    0.0956155691    0.1045245105
        191795       3    0.0975220141    0.1029448482
        198441       3    0.0879132358    0.1028692921
        191991       3    0.0867749877    0.1027296100
        188176       3  -166.5985383247    0.1026260757
        211535       3    0.0673276211    0.1015673578
        216713       3    0.0869412251    0.1008510208
        217622       3    0.0936459915    0.1005773079
        176504       3    0.0955559376    0.0995071867
        191341       3    0.0833433695    0.0986491612
        185829       3    0.0815279899    0.0983056768
        212337       3    0.0612809633    0.0971884012
        195595       3    0.0719100596    0.0952224150
        188596       3    0.0532142010    0.0940509205
        211903       3    0.0878389728    0.0927229239
        188268       3    0.0726991633    0.0903184010
        215473       3    0.0652914265    0.0880956339
        196882       3    0.0655311139    0.0835317646
        198318       3    0.0161620584    0.0698752842
        210458       3    0.0448191689    0.0608467667
        212331       3    0.0221797156    0.0553067910
        208362       3    0.0456437603    0.0540648025
        218436       3   -0.0108196600   -0.0010971552
        218429       2    0.1193977257    0.1470132569
        188553       2    0.1226731650    0.1429778531
        185946       2    0.1177906185    0.1386373341
        195798       2    0.1298814878    0.1376274556
        186082       2    0.1184804360    0.1364934671
        194930       2    0.1268196115    0.1335333824
        195780       2    0.1158609828    0.1312038432
        192577       2    0.1220025929    0.1307278514
        211347       2    0.1123694381    0.1301536435
        211520       2    0.1185238222    0.1294856731
        200114       2    0.1211941459    0.1293982999
        188522       2    0.1141534355    0.1293825947
        192097       2    0.1195908278    0.1283626660
        191577       2    0.1242091911    0.1278407999
        185821       2    0.1119749939    0.1277405607
        188230       2    0.0710355616    0.1272958785
        218102       2    0.1249499106    0.1268063568
        199122       2    0.1184131215    0.1263442898
        196521       2    0.1139970603    0.1261670562
        179402       2    0.1163689990    0.1254713193
        198556       2    0.1163845788    0.1253359318
        198697       2    0.0961620118    0.1253117919
        202845       2    0.1224765188    0.1247111559
        210409       2    0.1106755168    0.1240578778
        217272       2    0.1046879522    0.1236677261
        210422       2    0.1155842977    0.1230698129
        210142       2    0.1022268254    0.1229399641
        192708       2    0.1166254164    0.1228398258
        217456       2    0.1090587560    0.1227536139
        195892       2    0.1173546299    0.1224074632
        191335       2    0.1083004669    0.1222834276
        188689       2    0.1199477657    0.1220626974
        211955       2    0.1214136321    0.1220003755
        214432       2    0.1199509579    0.1217265570
        211965       2    0.1103325478    0.1212836901
        218255       2    0.1105713785    0.1204588413
        217322       2    0.1091970879    0.1203791524
        198076       2    0.0851506608    0.1203754649
        197381       2    0.1178115881    0.1203740058
        198580       2    0.1140362017    0.1202168047
        195960       2    0.0724168128    0.1201890757
        194218       2    0.1111547643    0.1200332074
        185963       2    0.1091001221    0.1199034476
        177198       2    0.1180438027    0.1198914783
        211658       2    0.0971340451    0.1192887712
        211252       2    0.1028787178    0.1190969112
        195416       2    0.1074717105    0.1189980464
        218326       2    0.1111153769    0.1189927285
        197558       2    0.1148849140    0.1189548146
        195967       2    0.1074957044    0.1189227427
        192201       2    0.1172193781    0.1188842686
        193442       2    0.1150921527    0.1188526762
        211628       2    0.1042284028    0.1188121919
        216392       2    0.1021932504    0.1187600179
        195516       2    0.1107051895    0.1186246980
        176867       2    0.1034377793    0.1182924921
        216391       2    0.0822043398    0.1182146984
        177467       2    0.1062941377    0.1180078592
        192493       2    0.0544663461    0.1177683110
        212041       2    0.1097868024    0.1175333071
        183193       2    0.1100615513    0.1174167395
        192314       2    0.1075418766    0.1172037891
        210059       2    0.1155176514    0.1171910273
        192313       2    0.1110274526    0.1171102257
        189643       2    0.1141463388    0.1170988480
        208278       2    0.1110625430    0.1169987646
        211470       2    0.1111414569    0.1169689596
        214953       2    0.1144552652    0.1168925982
        205045       2    0.1135306713    0.1167349688
        192215       2    0.1128198730    0.1166829988
        186338       2    0.1051979498    0.1162799990
        181060       2    0.1011625629    0.1162622587
        184401       2    0.1119571502    0.1161820569
        198691       2    0.1149046720    0.1160004208
        214773       2    0.1073284299    0.1159985938
        196161       2    0.1151522647    0.1159216425
        188777       2    0.1097915839    0.1157357252
        182709       2    0.0978677109    0.1157221243
        210513       2    0.1093649556    0.1156792116
        191397       2    0.1092397783    0.1153482226
        210228       2    0.1125414434    0.1153287341
        191362       2    0.1136622784    0.1149054709
        198693       2    0.1124286171    0.1147929227
        218060       2    0.1126292925    0.1147492627
        218435       2    0.1130649204    0.1145960455
        199230       2    0.1101894728    0.1141867680
        204979       2    0.1075308763    0.1141503396
        188447       2    0.1124189639    0.1141363370
        189928       2    0.1070000332    0.1141244402
        183062       2    0.1056360278    0.1139761597
        189422       2    0.1112391640    0.1139760961
        217043       2    0.1099741796    0.1137941286
        202823       2    0.1094016743    0.1136630972
        208388       2    0.1094813660    0.1136298746
        218162       2    0.1105326144    0.1136091933
        205382       2    0.1105867245    0.1135319661
        218108       2    0.1074108918    0.1134535778
        216364       2    0.1059795609    0.1133787651
        215451       2    0.1128479671    0.1131113867
        210092       2    0.1032425833    0.1130606572
        188173       2    0.1102977224    0.1130347013
        202922       2    0.1068365607    0.1126644924
        205691       2    0.0940789128    0.1126446364
        188710       2    0.0985027381    0.1125896638
        188402       2    0.0951502338    0.1125253171
        211973       2    0.1057601525    0.1125115234
        199129       2    0.1007472018    0.1125092790
        183109       2    0.1083183235    0.1123902542
        179429       2    0.1082419758    0.1123884370
        210260       2    0.1026772034    0.1123191248
        196112       2    0.1044205360    0.1122223628
        188999       2    0.1047267110    0.1121785678
        198328       2    0.1059432376    0.1120551509
        182546       2    0.1027502265    0.1120511830
        205649       2    0.1106415978    0.1120391587
        194867       2    0.1074472228    0.1120351726
        211422       2    0.1085266950    0.1119587543
        205641       2    0.1086846611    0.1119408858
        184814       2    0.1060705800    0.1118357678
        212120       2    0.1035323812    0.1117968605
        195445       2    0.1102504441    0.1115882978
        208042       2    0.0757969708    0.1114060999
        211508       2    0.0743764295    0.1113655138
        200133       2    0.1069200397    0.1111871588
        188714       2    0.1068491144    0.1108847437
        211505       2    0.1066625372    0.1108779712
        208728       2    0.1047845150    0.1108459949
        210497       2    0.1102900693    0.1106509553
        191305       2    0.1011845066    0.1106116431
        192467       2    0.0856944753    0.1105731252
        201316       2    0.1072904579    0.1105703875
        191918       2    0.1083572331    0.1104112089
        211551       2    0.1100889803    0.1102091017
        193566       2    0.1048538450    0.1102030802
        194936       2    0.0998117060    0.1101540353
        198485       2    0.1042073933    0.1099841434
        199102       2    0.1089861939    0.1099091691
        188778       2    0.0698775400    0.1098720701
        207979       2    0.0904715852    0.1098630852
        202904       2    0.1042246359    0.1098133288
        188273       2    0.1061889297    0.1097342571
        198544       2    0.1088419656    0.1096639633
        188253       2    0.1019364095    0.1096397161
        198629       2    0.1001012170    0.1096265316
        197488       2    0.1036759750    0.1092812609
        192024       2    0.1068655480    0.1092529723
        178684       2    0.1086610091    0.1091890192
        211465       2    0.1001555729    0.1091514081
        220878       2    0.1043970060    0.1091123081
        192234       2    0.1078015816    0.1090612030
        188174       2    0.0925022829    0.1089397526
        197391       2    0.1063760602    0.1088075461
        177349       2    0.0991163775    0.1087666776
        192510       2    0.1073787271    0.1086181104
        195723       2    0.1057321026    0.1086109701
        178610       2    0.0402890990    0.1085404654
        214710       2    0.1000399126    0.1084481676
        210201       2    0.1060791826    0.1083375102
        184288       2    0.0987542289    0.1083249166
        210122       2    0.1080169561    0.1082984995
        218023       2    0.0926372175    0.1081150572
        184346       2    0.1071806094    0.1080982577
        201203       2    0.1044223878    0.1080652097
        185827       2    0.0995454633    0.1076448845
        205034       2    0.1056388156    0.1076286991
        209962       2    0.1072140512    0.1076073647
        208458       2    0.0973363162    0.1076020567
        200105       2    0.1016397706    0.1074939296
        208026       2    0.0995790860    0.1070703179
        199063       2    0.0970378052    0.1070455109
        211381       2    0.0991286895    0.1069618877
        186321       2    0.1003761977    0.1067881096
        196606       2    0.1045164343    0.1067060865
        210038       2    0.0967626855    0.1067053931
        205064       2    0.0932377217    0.1066969516
        198684       2    0.0984665812    0.1065347614
        212047       2    0.1045083822    0.1064030516
        188139       2    0.1060585609    0.1060735186
        192508       2    0.1003703449    0.1059482124
        188901       2    0.0913946393    0.1059333185
        211327       2    0.0798598335    0.1059132956
        210140       2    0.1037614077    0.1058042109
        193356       2    0.1056747345    0.1057646973
        216047       2    0.0916088261    0.1057487564
        198317       2    0.0761999065    0.1055274221
        217342       2    0.0976223281    0.1054602317
        188123       2    0.0950212811    0.1054138163
        196168       2    0.1019552778    0.1051743082
        179394       2    0.0909674751    0.1051664228
        218068       2    0.1010659363    0.1049782997
        203775       2    0.1031271947    0.1049652512
        188527       2    0.1035484372    0.1049638779
        218257       2    0.0577530235    0.1047978037
        188623       2    0.0970579332    0.1047675786
        178608       2    0.1007398245    0.1047204733
        204255       2    0.1046153031    0.1046365043
        188514       2    0.0922777037    0.1045298550
        178660       2    0.0855580549    0.1044936710
        212332       2    0.1018449559    0.1042929652
        210585       2    0.0997714201    0.1042336183
        178779       2    0.0657692932    0.1042259979
        198433       2    0.1000919227    0.1041438565
        198844       2    0.0740312934    0.1041166257
        199453       2    0.0854193383    0.1041155159
        211920       2    0.0854167612    0.1041069769
        218132       2    0.0660481369    0.1038654369
        198637       2    0.0910305190    0.1038210159
        179283       2    0.0999053664    0.1038043064
        192238       2    0.1017719495    0.1036747513
        191852       2    0.0863370704    0.1035913343
        198618       2    0.0996143549    0.1035301327
        199046       2    0.0992499097    0.1034712688
        208397       2    0.1031625746    0.1033953485
        195283       2    0.0900105767    0.1033713449
        191426       2    0.0885761933    0.1033710945
        210378       2    0.0969988781    0.1031929810
        210029       2    0.0949635396    0.1031172898
        212169       2    0.0912043011    0.1030885699
        215906       2    0.0996612255    0.1029260969
        188871       2    0.0940701464    0.1027755761
        186575       2    0.0899324082    0.1027460545
        191962       2    0.0927265494    0.1027098447
        212063       2    0.1012283351    0.1026194004
        181645       2    0.0981624518    0.1026090297
        179229       2    0.0957028534    0.1025389588
        211560       2    0.0956692920    0.1021329964
        201259       2    0.0977998220    0.1020317388
        195076       2    0.0986420463    0.1020063190
        195296       2    0.0992691298    0.1019012805
        208865       2    0.0958695809    0.1016335487
        205038       2    0.0976802920    0.1014848960
        191278       2    0.0830735281    0.1011408724
        203019       2    0.1006594253    0.1010716896
        208092       2    0.0703684414    0.1010594070
        183195       2    0.0988637102    0.1010417521
        199040       2    0.0840877611    0.1010028379
        210111       2    0.0843103779    0.1004590405
        217666       2    0.0923349635    0.1000674682
        200140       2    0.0934211817    0.0999027093
        211570       2    0.0869194815    0.0998583322
        205095       2    0.0922597825    0.0996512845
        185822       2    0.0923343029    0.0986688137
        211855       2    0.0873725678    0.0983313938
        188178       2    0.0966168900    0.0981010429
        188766       2    0.0874479244    0.0980339361
        200101       2    0.0908029452    0.0978266373
        190601       2    0.0707452310    0.0977549527
        218062       2    0.0970767653    0.0975119194
        205321       2    0.0961890376    0.0974969650
        212305       2    0.0964623012    0.0967879729
        185765       2    0.0950860495    0.0966002226
        198823       2    0.0903465175    0.0965663890
        183255       2    0.0961091389    0.0964393584
        188338       2    0.0913992687    0.0958934036
        188598       2    0.0721395903    0.0958608633
        195714       2    0.0484805955    0.0957914407
        196133       2    0.0938801762    0.0957577902
        212056       2    0.0917519470    0.0950703224
        210194       2    0.0682933771    0.0948994656
        211951       2    0.0924148468    0.0948273823
        188780       2    0.0906130734    0.0946675340
        214418       2    0.0654796702    0.0944385752
        183482       2  -249.9238238740    0.0942383913
        192125       2    0.0914768185    0.0942009209
        200132       2    0.0939572050    0.0939682735
        192211       2    0.0876225259    0.0938300732
        205259       2    0.0878164036    0.0925362124
        185843       2    0.0835658652    0.0915605099
        211912       2    0.0897318250    0.0914979553
        208856       2    0.0807846837    0.0912669081
        191900       2    0.0908184171    0.0911951347
        191785       2    0.0899891571    0.0907928212
        176563       2    0.0576481492    0.0905183891
        191648       2    0.0884026476    0.0902919873
        210294       2    0.0751879324    0.0898500681
        198430       2    0.0894202075    0.0897223028
        212055       2    0.0477970576    0.0893458834
        181557       2    0.0742615456    0.0886534019
        210291       2    0.0842363642    0.0856780050
        186179       2    0.0827793947    0.0854855006
        192503       2    0.0632386248    0.0844761548
        210290       2    0.0794528315    0.0830172896
        191800       2  -249.9268939188    0.0786443881
        220586       2    0.0725194132    0.0784012139
        189251       2    0.0497971743    0.0779953938
        213484       2    0.0655636332    0.0776213098
        184653       2    0.0758148783    0.0762210556
        186178       2    0.0656289083    0.0736976651
        195190       2    0.0690665672    0.0726616193
        195273       2    0.0415705198    0.0651468116
        188167       2    0.0473370942    0.0578612219
        182019       2    0.0452514654    0.0574450505
        177177       2    0.0512681589    0.0520801061
        215474       2    0.0441808705    0.0492698926
        217491       2    0.0400261127    0.0453420502
        208874       2    0.0334462838    0.0441368766
        194805       2    0.0333990928    0.0344015526
        192490       2    0.0172130689    0.0203231752
        180561       1    0.1319901588    0.1319901588
        218170       1    0.1310384654    0.1310384654
        183175       1    0.1305503383    0.1305503383
        181655       1    0.1301007929    0.1301007929
        188061       1    0.1300022548    0.1300022548
        198635       1    0.1296763991    0.1296763991
        220970       1    0.1295485667    0.1295485667
        190532       1    0.1295472383    0.1295472383
        218410       1    0.1292519297    0.1292519297
        210718       1    0.1290691238    0.1290691238
        212002       1    0.1288089972    0.1288089972
        176632       1    0.1288080486    0.1288080486
        220341       1    0.1280606321    0.1280606321
        182792       1    0.1278673536    0.1278673536
        179028       1    0.1278420524    0.1278420524
        181246       1    0.1272020251    0.1272020251
        207984       1    0.1271017551    0.1271017551
        188324       1    0.1270176549    0.1270176549
        194050       1    0.1264886508    0.1264886508
        211959       1    0.1264258289    0.1264258289
        199083       1    0.1257489103    0.1257489103
        209228       1    0.1251962543    0.1251962543
        179016       1    0.1251063917    0.1251063917
        174676       1    0.1249733170    0.1249733170
        211820       1    0.1247327280    0.1247327280
        179579       1    0.1245237248    0.1245237248
        211113       1    0.1241815120    0.1241815120
        218064       1    0.1238076256    0.1238076256
        188730       1    0.1236289584    0.1236289584
        192413       1    0.1236289584    0.1236289584
        210598       1    0.1234987622    0.1234987622
        182613       1    0.1234820836    0.1234820836
        184816       1    0.1234262824    0.1234262824
        185703       1    0.1232075791    0.1232075791
        188352       1    0.1232075791    0.1232075791
        194947       1    0.1231598601    0.1231598601
        188342       1    0.1231018148    0.1231018148
        194958       1    0.1229268394    0.1229268394
        198905       1    0.1228459960    0.1228459960
        178964       1    0.1227778702    0.1227778702
        198073       1    0.1225788506    0.1225788506
        191468       1    0.1224958176    0.1224958176
        197644       1    0.1224640409    0.1224640409
        195643       1    0.1223591295    0.1223591295
        196613       1    0.1222372452    0.1222372452
        183111       1    0.1222254648    0.1222254648
        195472       1    0.1218156625    0.1218156625
        176994       1    0.1216478348    0.1216478348
        211657       1    0.1215503539    0.1215503539
        197140       1    0.1213977596    0.1213977596
        218131       1    0.1212242643    0.1212242643
        186589       1    0.1211859571    0.1211859571
        220575       1    0.1211506248    0.1211506248
        192480       1    0.1211233654    0.1211233654
        211464       1    0.1211091781    0.1211091781
        192946       1    0.1210775904    0.1210775904
        214946       1    0.1208702299    0.1208702299
        206060       1    0.1206436479    0.1206436479
        217976       1    0.1206159106    0.1206159106
        217614       1    0.1204664910    0.1204664910
        195958       1    0.1203858311    0.1203858311
        192088       1    0.1202748389    0.1202748389
        193570       1    0.1202238297    0.1202238297
        212081       1    0.1201148406    0.1201148406
        214548       1    0.1201054275    0.1201054275
        179026       1    0.1200771046    0.1200771046
        205690       1    0.1200186287    0.1200186287
        191210       1    0.1197737016    0.1197737016
        195178       1    0.1195491662    0.1195491662
        183163       1    0.1194741413    0.1194741413
        188316       1    0.1193013658    0.1193013658
        211301       1    0.1192067713    0.1192067713
        209231       1    0.1191146821    0.1191146821
        190566       1    0.1190147549    0.1190147549
        211933       1    0.1188526762    0.1188526762
        194449       1    0.1187897611    0.1187897611
        192820       1    0.1187742501    0.1187742501
        198420       1    0.1186517545    0.1186517545
        191670       1    0.1185487198    0.1185487198
        195125       1    0.1185474923    0.1185474923
        181162       1    0.1185247647    0.1185247647
        192866       1    0.1183298200    0.1183298200
        216375       1    0.1183194697    0.1183194697
        216370       1    0.1181858049    0.1181858049
        192731       1    0.1181596828    0.1181596828
        208512       1    0.1181341790    0.1181341790
        188727       1    0.1180462030    0.1180462030
        173722       1    0.1180294504    0.1180294504
        216938       1    0.1180269818    0.1180269818
        195012       1    0.1179212661    0.1179212661
        188143       1    0.1178820853    0.1178820853
        217981       1    0.1178327231    0.1178327231
        211883       1    0.1178290714    0.1178290714
        210628       1    0.1178105563    0.1178105563
        179450       1    0.1177593780    0.1177593780
        188396       1    0.1175474405    0.1175474405
        198404       1    0.1175091050    0.1175091050
        210137       1    0.1174443771    0.1174443771
        193065       1    0.1174296699    0.1174296699
        212371       1    0.1173299786    0.1173299786
        198346       1    0.1173058256    0.1173058256
        211970       1    0.1171142070    0.1171142070
        198612       1    0.1170782083    0.1170782083
        211853       1    0.1170570782    0.1170570782
        179032       1    0.1170232061    0.1170232061
        196328       1    0.1169987646    0.1169987646
        179438       1    0.1169774696    0.1169774696
        178975       1    0.1169160869    0.1169160869
        174877       1    0.1168878810    0.1168878810
        177202       1    0.1168864682    0.1168864682
        179031       1    0.1168152031    0.1168152031
        191336       1    0.1166983902    0.1166983902
        188318       1    0.1166028562    0.1166028562
        181662       1    0.1165378951    0.1165378951
        215696       1    0.1165337346    0.1165337346
        204963       1    0.1163532233    0.1163532233
        196415       1    0.1163495708    0.1163495708
        211735       1    0.1161805649    0.1161805649
        208315       1    0.1161359813    0.1161359813
        210274       1    0.1161344862    0.1161344862
        179191       1    0.1160744740    0.1160744740
        199231       1    0.1160559732    0.1160559732
        179476       1    0.1160133268    0.1160133268
        195412       1    0.1159395218    0.1159395218
        218103       1    0.1158744925    0.1158744925
        184535       1    0.1158557912    0.1158557912
        211466       1    0.1158532869    0.1158532869
        211455       1    0.1158100651    0.1158100651
        197656       1    0.1157510254    0.1157510254
        220739       1    0.1155325174    0.1155325174
        188449       1    0.1154380468    0.1154380468
        182921       1    0.1154244959    0.1154244959
        185847       1    0.1153386860    0.1153386860
        214944       1    0.1153278161    0.1153278161
        188313       1    0.1153123975    0.1153123975
        178689       1    0.1152768550    0.1152768550
        210169       1    0.1152228092    0.1152228092
        218036       1    0.1151164500    0.1151164500
        200163       1    0.1151049894    0.1151049894
        202875       1    0.1150262952    0.1150262952
        198680       1    0.1150043089    0.1150043089
        195452       1    0.1148776958    0.1148776958
        195188       1    0.1147560938    0.1147560938
        218510       1    0.1146754565    0.1146754565
        198734       1    0.1146294661    0.1146294661
        180871       1    0.1146046973    0.1146046973
        178019       1    0.1145817737    0.1145817737
        202948       1    0.1145609170    0.1145609170
        212252       1    0.1143870665    0.1143870665
        199002       1    0.1143116401    0.1143116401
        195182       1    0.1143061613    0.1143061613
        188221       1    0.1142380393    0.1142380393
        198582       1    0.1141944809    0.1141944809
        214419       1    0.1141756014    0.1141756014
        191983       1    0.1141323095    0.1141323095
        192758       1    0.1140448932    0.1140448932
        211137       1    0.1139555410    0.1139555410
        199029       1    0.1139296863    0.1139296863
        192030       1    0.1139291674    0.1139291674
        191629       1    0.1139261831    0.1139261831
        181000       1    0.1138884317    0.1138884317
        182920       1    0.1138874136    0.1138874136
        192484       1    0.1138872301    0.1138872301
        205695       1    0.1138282269    0.1138282269
        195164       1    0.1138117627    0.1138117627
        205336       1    0.1136623290    0.1136623290
        181111       1    0.1136376920    0.1136376920
        188464       1    0.1136116100    0.1136116100
        201350       1    0.1135936546    0.1135936546
        207986       1    0.1135827366    0.1135827366
        179541       1    0.1135804747    0.1135804747
        191711       1    0.1135415706    0.1135415706
        179021       1    0.1134400368    0.1134400368
        185950       1    0.1134364098    0.1134364098
        185943       1    0.1133777082    0.1133777082
        191424       1    0.1133749381    0.1133749381
        207989       1    0.1133070202    0.1133070202
        182219       1    0.1132964463    0.1132964463
        208141       1    0.1132876542    0.1132876542
        177974       1    0.1132387233    0.1132387233
        203747       1    0.1132279768    0.1132279768
        201315       1    0.1131884769    0.1131884769
        178737       1    0.1131536094    0.1131536094
        217979       1    0.1131535038    0.1131535038
        195547       1    0.1131507414    0.1131507414
        192645       1    0.1131078238    0.1131078238
        179589       1    0.1131015279    0.1131015279
        195517       1    0.1130302212    0.1130302212
        178872       1    0.1130264451    0.1130264451
        191454       1    0.1130028764    0.1130028764
        205961       1    0.1129941321    0.1129941321
        175299       1    0.1129669011    0.1129669011
        178775       1    0.1129661834    0.1129661834
        193018       1    0.1129150598    0.1129150598
        198289       1    0.1128915220    0.1128915220
        186128       1    0.1128683443    0.1128683443
        205260       1    0.1128226441    0.1128226441
        189625       1    0.1128181945    0.1128181945
        186256       1    0.1127991052    0.1127991052
        191431       1    0.1127768244    0.1127768244
        197409       1    0.1127609334    0.1127609334
        211525       1    0.1127338193    0.1127338193
        208618       1    0.1126804857    0.1126804857
        217292       1    0.1126220524    0.1126220524
        214486       1    0.1126179475    0.1126179475
        189640       1    0.1125463607    0.1125463607
        185802       1    0.1125393743    0.1125393743
        195469       1    0.1124701932    0.1124701932
        220368       1    0.1123960590    0.1123960590
        190588       1    0.1123909497    0.1123909497
        203068       1    0.1123648778    0.1123648778
        195187       1    0.1123178589    0.1123178589
        192531       1    0.1121158426    0.1121158426
        178751       1    0.1120898724    0.1120898724
        190196       1    0.1120883780    0.1120883780
        204996       1    0.1120723259    0.1120723259
        205381       1    0.1119741120    0.1119741120
        191227       1    0.1119673109    0.1119673109
        217612       1    0.1119350344    0.1119350344
        203610       1    0.1119314167    0.1119314167
        195161       1    0.1118170998    0.1118170998
        176996       1    0.1118027762    0.1118027762
        218213       1    0.1117749707    0.1117749707
        191321       1    0.1117420165    0.1117420165
        188120       1    0.1117322048    0.1117322048
        197213       1    0.1117299950    0.1117299950
        195792       1    0.1117243528    0.1117243528
        199192       1    0.1114830020    0.1114830020
        175020       1    0.1114650446    0.1114650446
        217235       1    0.1114458821    0.1114458821
        209986       1    0.1114295159    0.1114295159
        186158       1    0.1114120118    0.1114120118
        178766       1    0.1114088631    0.1114088631
        178626       1    0.1113846820    0.1113846820
        193121       1    0.1113831634    0.1113831634
        195683       1    0.1113582917    0.1113582917
        198415       1    0.1113545440    0.1113545440
        205315       1    0.1113221225    0.1113221225
        210161       1    0.1112537522    0.1112537522
        204978       1    0.1112124868    0.1112124868
        203727       1    0.1112048986    0.1112048986
        176628       1    0.1111938315    0.1111938315
        192497       1    0.1111777814    0.1111777814
        195524       1    0.1111002157    0.1111002157
        211977       1    0.1110964107    0.1110964107
        192735       1    0.1110790753    0.1110790753
        211902       1    0.1110040858    0.1110040858
        177450       1    0.1109887872    0.1109887872
        195170       1    0.1109564447    0.1109564447
        212261       1    0.1109547587    0.1109547587
        216408       1    0.1109456196    0.1109456196
        179027       1    0.1109438851    0.1109438851
        211367       1    0.1109141603    0.1109141603
        217659       1    0.1109001547    0.1109001547
        211987       1    0.1108256351    0.1108256351
        192502       1    0.1107849258    0.1107849258
        179215       1    0.1106572060    0.1106572060
        218397       1    0.1106229032    0.1106229032
        215995       1    0.1106033434    0.1106033434
        208244       1    0.1105776321    0.1105776321
        197762       1    0.1105551887    0.1105551887
        188523       1    0.1105251059    0.1105251059
        211928       1    0.1105178869    0.1105178869
        183078       1    0.1105126355    0.1105126355
        211990       1    0.1104898900    0.1104898900
        194964       1    0.1104894834    0.1104894834
        182941       1    0.1104737625    0.1104737625
        217328       1    0.1104465399    0.1104465399
        215440       1    0.1104347868    0.1104347868
        182609       1    0.1104113474    0.1104113474
        178418       1    0.1103973907    0.1103973907
        183149       1    0.1102817314    0.1102817314
        217510       1    0.1102368121    0.1102368121
        185783       1    0.1102364915    0.1102364915
        197457       1    0.1102356967    0.1102356967
        210356       1    0.1101954679    0.1101954679
        198814       1    0.1101711959    0.1101711959
        192132       1    0.1100951271    0.1100951271
        211397       1    0.1100227571    0.1100227571
        183241       1    0.1099979367    0.1099979367
        218233       1    0.1099427087    0.1099427087
        216365       1    0.1099242875    0.1099242875
        183039       1    0.1099223820    0.1099223820
        205957       1    0.1099169220    0.1099169220
        191260       1    0.1099109029    0.1099109029
        183209       1    0.1097180518    0.1097180518
        177204       1    0.1097082521    0.1097082521
        208545       1    0.1097062254    0.1097062254
        210264       1    0.1096840934    0.1096840934
        214862       1    0.1096605255    0.1096605255
        210478       1    0.1096224880    0.1096224880
        191345       1    0.1095510781    0.1095510781
        207431       1    0.1095480834    0.1095480834
        201662       1    0.1095394641    0.1095394641
        178784       1    0.1094819929    0.1094819929
        200121       1    0.1094661443    0.1094661443
        207147       1    0.1094583598    0.1094583598
        211476       1    0.1094470251    0.1094470251
        184291       1    0.1094221115    0.1094221115
        191584       1    0.1093263017    0.1093263017
        215430       1    0.1093258793    0.1093258793
        212187       1    0.1093236258    0.1093236258
        183043       1    0.1093216181    0.1093216181
        212362       1    0.1092720750    0.1092720750
        205100       1    0.1092581794    0.1092581794
        176750       1    0.1092532889    0.1092532889
        220973       1    0.1092316168    0.1092316168
        208480       1    0.1091614813    0.1091614813
        182922       1    0.1091596335    0.1091596335
        217473       1    0.1091514006    0.1091514006
        211434       1    0.1090799337    0.1090799337
        220797       1    0.1090469900    0.1090469900
        192022       1    0.1090421962    0.1090421962
        179053       1    0.1090345746    0.1090345746
        206177       1    0.1090147446    0.1090147446
        177203       1    0.1089596301    0.1089596301
        192407       1    0.1089521590    0.1089521590
        176763       1    0.1088780981    0.1088780981
        206366       1    0.1088707989    0.1088707989
        195808       1    0.1088264570    0.1088264570
        194301       1    0.1087743139    0.1087743139
        182927       1    0.1087659597    0.1087659597
        211916       1    0.1087655170    0.1087655170
        199014       1    0.1087625531    0.1087625531
        198616       1    0.1087387383    0.1087387383
        211941       1    0.1086161037    0.1086161037
        181629       1    0.1085944548    0.1085944548
        183162       1    0.1085908592    0.1085908592
        178879       1    0.1085890588    0.1085890588
        181397       1    0.1085748076    0.1085748076
        217950       1    0.1085593245    0.1085593245
        177338       1    0.1085412034    0.1085412034
        187109       1    0.1084793921    0.1084793921
        195497       1    0.1084707913    0.1084707913
        204971       1    0.1084138310    0.1084138310
        196131       1    0.1084049658    0.1084049658
        220792       1    0.1083912041    0.1083912041
        176582       1    0.1083906765    0.1083906765
        193015       1    0.1083808023    0.1083808023
        212443       1    0.1083723818    0.1083723818
        198465       1    0.1082374270    0.1082374270
        179030       1    0.1082222518    0.1082222518
        210025       1    0.1082215802    0.1082215802
        202874       1    0.1081941853    0.1081941853
        210273       1    0.1081522429    0.1081522429
        186187       1    0.1081080758    0.1081080758
        197586       1    0.1080968712    0.1080968712
        211277       1    0.1080956601    0.1080956601
        181430       1    0.1080940540    0.1080940540
        214956       1    0.1080886981    0.1080886981
        208431       1    0.1080483709    0.1080483709
        199031       1    0.1080247884    0.1080247884
        209241       1    0.1080051194    0.1080051194
        208816       1    0.1079560038    0.1079560038
        218200       1    0.1079152856    0.1079152856
        188435       1    0.1079086018    0.1079086018
        178770       1    0.1078679391    0.1078679391
        181627       1    0.1077641145    0.1077641145
        220577       1    0.1077557038    0.1077557038
        218114       1    0.1077517048    0.1077517048
        185873       1    0.1077505636    0.1077505636
        198072       1    0.1077405793    0.1077405793
        211755       1    0.1077278209    0.1077278209
        205865       1    0.1077083766    0.1077083766
        174721       1    0.1076955616    0.1076955616
        206218       1    0.1076847672    0.1076847672
        210293       1    0.1076761180    0.1076761180
        212054       1    0.1076563716    0.1076563716
        186114       1    0.1076485389    0.1076485389
        184508       1    0.1076218650    0.1076218650
        176507       1    0.1076175318    0.1076175318
        188187       1    0.1076031303    0.1076031303
        216609       1    0.1076003146    0.1076003146
        187064       1    0.1075537066    0.1075537066
        198347       1    0.1075275327    0.1075275327
        208851       1    0.1075260856    0.1075260856
        193846       1    0.1074209622    0.1074209622
        176520       1    0.1074179044    0.1074179044
        183117       1    0.1073820165    0.1073820165
        179378       1    0.1072781707    0.1072781707
        188579       1    0.1072629917    0.1072629917
        199038       1    0.1072225892    0.1072225892
        176371       1    0.1072188063    0.1072188063
        195877       1    0.1072066685    0.1072066685
        178682       1    0.1071793914    0.1071793914
        219798       1    0.1071164825    0.1071164825
        180974       1    0.1070912878    0.1070912878
        188141       1    0.1069948592    0.1069948592
        198790       1    0.1069855839    0.1069855839
        181392       1    0.1069782713    0.1069782713
        178812       1    0.1069426669    0.1069426669
        195971       1    0.1069101274    0.1069101274
        210590       1    0.1068959799    0.1068959799
        208291       1    0.1068422457    0.1068422457
        179447       1    0.1068342859    0.1068342859
        186232       1    0.1068216975    0.1068216975
        186609       1    0.1068198860    0.1068198860
        210049       1    0.1068142410    0.1068142410
        216439       1    0.1067892365    0.1067892365
        209558       1    0.1067745231    0.1067745231
        181231       1    0.1067355316    0.1067355316
        185660       1    0.1067322039    0.1067322039
        212262       1    0.1066185076    0.1066185076
        195650       1    0.1066128654    0.1066128654
        199147       1    0.1065952778    0.1065952778
        182843       1    0.1065700415    0.1065700415
        183506       1    0.1065325865    0.1065325865
        183073       1    0.1065284510    0.1065284510
        194373       1    0.1064539605    0.1064539605
        218054       1    0.1064418554    0.1064418554
        191942       1    0.1064415177    0.1064415177
        208058       1    0.1064312955    0.1064312955
        192504       1    0.1064240116    0.1064240116
        190250       1    0.1064017642    0.1064017642
        186537       1    0.1063826498    0.1063826498
        217489       1    0.1063618105    0.1063618105
        193386       1    0.1063571131    0.1063571131
        179197       1    0.1063238037    0.1063238037
        210126       1    0.1063224697    0.1063224697
        196597       1    0.1063053297    0.1063053297
        214979       1    0.1062899776    0.1062899776
        211573       1    0.1062868983    0.1062868983
        196593       1    0.1062771231    0.1062771231
        190616       1    0.1062676311    0.1062676311
        182846       1    0.1062587038    0.1062587038
        179614       1    0.1061417349    0.1061417349
        200136       1    0.1061264885    0.1061264885
        180030       1    0.1060857678    0.1060857678
        208626       1    0.1059107735    0.1059107735
        211958       1    0.1059063959    0.1059063959
        188512       1    0.1058929441    0.1058929441
        188371       1    0.1058639521    0.1058639521
        221007       1    0.1058464859    0.1058464859
        214947       1    0.1058154567    0.1058154567
        218400       1    0.1057826777    0.1057826777
        191365       1    0.1057178598    0.1057178598
        205079       1    0.1056784153    0.1056784153
        201201       1    0.1056724663    0.1056724663
        218051       1    0.1056148311    0.1056148311
        179458       1    0.1055908149    0.1055908149
        179211       1    0.1054679466    0.1054679466
        208284       1    0.1054561329    0.1054561329
        211586       1    0.1054516922    0.1054516922
        176458       1    0.1054491535    0.1054491535
        191363       1    0.1054014776    0.1054014776
        185673       1    0.1053850991    0.1053850991
        195380       1    0.1053705272    0.1053705272
        194924       1    0.1053202240    0.1053202240
        198101       1    0.1052568186    0.1052568186
        215315       1    0.1052069093    0.1052069093
        185878       1    0.1052034484    0.1052034484
        192027       1    0.1051789030    0.1051789030
        212188       1    0.1051649499    0.1051649499
        193623       1    0.1051463948    0.1051463948
        207177       1    0.1051376435    0.1051376435
        211852       1    0.1051364014    0.1051364014
        210584       1    0.1051330056    0.1051330056
        215432       1    0.1051323349    0.1051323349
        198681       1    0.1051126247    0.1051126247
        199133       1    0.1051101938    0.1051101938
        199120       1    0.1050529301    0.1050529301
        198376       1    0.1050476652    0.1050476652
        211289       1    0.1050431252    0.1050431252
        186094       1    0.1049763191    0.1049763191
        198244       1    0.1049390846    0.1049390846
        179396       1    0.1049311133    0.1049311133
        212104       1    0.1049081153    0.1049081153
        191236       1    0.1048547597    0.1048547597
        203163       1    0.1048056483    0.1048056483
        178963       1    0.1047974009    0.1047974009
        184405       1    0.1047891734    0.1047891734
        220300       1    0.1047778995    0.1047778995
        211911       1    0.1047638685    0.1047638685
        200106       1    0.1046804190    0.1046804190
        190521       1    0.1046603485    0.1046603485
        192612       1    0.1046000829    0.1046000829
        177843       1    0.1045935676    0.1045935676
        176621       1    0.1045751714    0.1045751714
        212061       1    0.1045383487    0.1045383487
        198107       1    0.1045267645    0.1045267645
        202844       1    0.1044492783    0.1044492783
        188122       1    0.1044132169    0.1044132169
        178688       1    0.1043850566    0.1043850566
        191413       1    0.1043496002    0.1043496002
        188896       1    0.1043389559    0.1043389559
        218432       1    0.1043221976    0.1043221976
        179538       1    0.1042632072    0.1042632072
        212334       1    0.1042602609    0.1042602609
        198839       1    0.1042558110    0.1042558110
        180945       1    0.1042259979    0.1042259979
        190514       1    0.1042256423    0.1042256423
        193303       1    0.1041813637    0.1041813637
        188720       1    0.1041443398    0.1041443398
        207150       1    0.1041406691    0.1041406691
        186063       1    0.1041010122    0.1041010122
        186324       1    0.1040943680    0.1040943680
        191376       1    0.1040805131    0.1040805131
        174769       1    0.1040795535    0.1040795535
        198998       1    0.1040571142    0.1040571142
        186608       1    0.1040225798    0.1040225798
        188589       1    0.1040184446    0.1040184446
        216776       1    0.1040181160    0.1040181160
        184257       1    0.1040084647    0.1040084647
        184516       1    0.1039545651    0.1039545651
        188234       1    0.1039527032    0.1039527032
        216458       1    0.1039346183    0.1039346183
        209519       1    0.1039161533    0.1039161533
        192532       1    0.1038919762    0.1038919762
        193264       1    0.1038833592    0.1038833592
        193834       1    0.1038731138    0.1038731138
        199018       1    0.1038202643    0.1038202643
        195523       1    0.1037504105    0.1037504105
        211300       1    0.1036837012    0.1036837012
        194061       1    0.1036778142    0.1036778142
        186783       1    0.1036191318    0.1036191318
        208443       1    0.1034966895    0.1034966895
        210541       1    0.1034630304    0.1034630304
        179833       1    0.1034511581    0.1034511581
        198915       1    0.1034511253    0.1034511253
        181532       1    0.1033638029    0.1033638029
        180684       1    0.1033462943    0.1033462943
        192527       1    0.1032566565    0.1032566565
        198614       1    0.1032495573    0.1032495573
        206332       1    0.1032449913    0.1032449913
        210472       1    0.1032146263    0.1032146263
        217405       1    0.1032084551    0.1032084551
        186409       1    0.1031576741    0.1031576741
        201283       1    0.1031262116    0.1031262116
        217296       1    0.1031172898    0.1031172898
        210337       1    0.1031138420    0.1031138420
        216896       1    0.1030479236    0.1030479236
        188752       1    0.1030248091    0.1030248091
        204235       1    0.1030090912    0.1030090912
        179654       1    0.1029540145    0.1029540145
        211788       1    0.1028886210    0.1028886210
        195384       1    0.1028736793    0.1028736793
        181914       1    0.1028261525    0.1028261525
        218439       1    0.1027580963    0.1027580963
        210395       1    0.1026966795    0.1026966795
        176576       1    0.1026805478    0.1026805478
        188071       1    0.1026561856    0.1026561856
        186000       1    0.1026366198    0.1026366198
        183051       1    0.1026312994    0.1026312994
        205621       1    0.1026193007    0.1026193007
        188462       1    0.1026133212    0.1026133212
        190594       1    0.1026046250    0.1026046250
        196152       1    0.1025832636    0.1025832636
        211895       1    0.1025597000    0.1025597000
        184398       1    0.1025458162    0.1025458162
        184869       1    0.1024239430    0.1024239430
        201670       1    0.1024148536    0.1024148536
        192034       1    0.1023993963    0.1023993963
        195968       1    0.1023986836    0.1023986836
        184436       1    0.1023628093    0.1023628093
        198495       1    0.1023427279    0.1023427279
        181631       1    0.1023381303    0.1023381303
        198352       1    0.1022613441    0.1022613441
        184349       1    0.1022294593    0.1022294593
        198405       1    0.1022153937    0.1022153937
        195294       1    0.1022009485    0.1022009485
        214971       1    0.1021895394    0.1021895394
        192208       1    0.1021867774    0.1021867774
        180033       1    0.1021714997    0.1021714997
        182772       1    0.1021209453    0.1021209453
        208233       1    0.1020971329    0.1020971329
        206274       1    0.1020774660    0.1020774660
        205497       1    0.1020773934    0.1020773934
        217493       1    0.1020496289    0.1020496289
        192104       1    0.1020241781    0.1020241781
        176696       1    0.1019985297    0.1019985297
        181579       1    0.1019710546    0.1019710546
        211310       1    0.1018921769    0.1018921769
        190274       1    0.1018500878    0.1018500878
        196214       1    0.1018360947    0.1018360947
        205379       1    0.1017165367    0.1017165367
        192300       1    0.1016750924    0.1016750924
        196245       1    0.1015899642    0.1015899642
        183234       1    0.1015679904    0.1015679904
        192090       1    0.1015676203    0.1015676203
        205040       1    0.1015673578    0.1015673578
        216577       1    0.1015544365    0.1015544365
        205013       1    0.1015427758    0.1015427758
        205060       1    0.1015426283    0.1015426283
        191975       1    0.1015256017    0.1015256017
        219239       1    0.1015130281    0.1015130281
        211364       1    0.1014863831    0.1014863831
        196010       1    0.1014398697    0.1014398697
        205047       1    0.1013684313    0.1013684313
        217300       1    0.1013512232    0.1013512232
        185991       1    0.1013495564    0.1013495564
        198753       1    0.1013455689    0.1013455689
        179634       1    0.1012992159    0.1012992159
        202848       1    0.1012927095    0.1012927095
        205265       1    0.1012526647    0.1012526647
        216511       1    0.1012415114    0.1012415114
        201813       1    0.1011940358    0.1011940358
        208422       1    0.1011447012    0.1011447012
        185975       1    0.1011098571    0.1011098571
        179460       1    0.1010739099    0.1010739099
        193286       1    0.1010651191    0.1010651191
        205611       1    0.1010490114    0.1010490114
        178685       1    0.1010252237    0.1010252237
        216676       1    0.1010116029    0.1010116029
        207988       1    0.1009899880    0.1009899880
        191863       1    0.1009336568    0.1009336568
        178759       1    0.1009093631    0.1009093631
        180908       1    0.1008105758    0.1008105758
        179726       1    0.1007502476    0.1007502476
        217312       1    0.1006966734    0.1006966734
        175249       1    0.1006911652    0.1006911652
        196290       1    0.1006866084    0.1006866084
        198820       1    0.1006429431    0.1006429431
        178869       1    0.1006003139    0.1006003139
        198474       1    0.1005582495    0.1005582495
        176023       1    0.1005446646    0.1005446646
        185678       1    0.1004177254    0.1004177254
        191410       1    0.1003985198    0.1003985198
        178777       1    0.1003895033    0.1003895033
        197298       1    0.1003680726    0.1003680726
        217289       1    0.1003661111    0.1003661111
        184506       1    0.1003405963    0.1003405963
        179352       1    0.1001864929    0.1001864929
        178756       1    0.1001548457    0.1001548457
        198843       1    0.1001412732    0.1001412732
        210334       1    0.1001236295    0.1001236295
        196130       1    0.1000211304    0.1000211304
        217120       1    0.0999514073    0.0999514073
        181980       1    0.0999077396    0.0999077396
        204248       1    0.0998907944    0.0998907944
        193559       1    0.0998840272    0.0998840272
        211326       1    0.0998683003    0.0998683003
        218298       1    0.0998653504    0.0998653504
        189712       1    0.0998040104    0.0998040104
        175884       1    0.0995412331    0.0995412331
        176353       1    0.0995189250    0.0995189250
        191835       1    0.0994933170    0.0994933170
        199121       1    0.0994776869    0.0994776869
        218352       1    0.0994491013    0.0994491013
        192438       1    0.0992847624    0.0992847624
        185942       1    0.0992786004    0.0992786004
        198799       1    0.0991339112    0.0991339112
        192975       1    0.0990660657    0.0990660657
        210314       1    0.0990616083    0.0990616083
        211318       1    0.0989987465    0.0989987465
        211591       1    0.0989607965    0.0989607965
        181032       1    0.0989087721    0.0989087721
        204460       1    0.0988773393    0.0988773393
        205872       1    0.0988487946    0.0988487946
        217361       1    0.0988396793    0.0988396793
        186186       1    0.0988325601    0.0988325601
        188724       1    0.0988075069    0.0988075069
        218327       1    0.0987724033    0.0987724033
        205371       1    0.0987193014    0.0987193014
        177298       1    0.0986602848    0.0986602848
        178736       1    0.0985913041    0.0985913041
        195543       1    0.0985562659    0.0985562659
        178633       1    0.0984556783    0.0984556783
        198167       1    0.0982902050    0.0982902050
        191581       1    0.0981934485    0.0981934485
        191557       1    0.0981623786    0.0981623786
        211307       1    0.0981244730    0.0981244730
        216490       1    0.0980761988    0.0980761988
        207590       1    0.0980678350    0.0980678350
        181609       1    0.0980525004    0.0980525004
        206313       1    0.0980410902    0.0980410902
        208318       1    0.0979951648    0.0979951648
        218133       1    0.0979930553    0.0979930553
        199054       1    0.0979850882    0.0979850882
        208036       1    0.0979472756    0.0979472756
        208803       1    0.0978998423    0.0978998423
        210100       1    0.0978880829    0.0978880829
        198634       1    0.0978597545    0.0978597545
        184545       1    0.0978090161    0.0978090161
        199015       1    0.0977843928    0.0977843928
        195162       1    0.0977820848    0.0977820848
        218027       1    0.0977354455    0.0977354455
        208263       1    0.0977203334    0.0977203334
        188432       1    0.0976553571    0.0976553571
        178754       1    0.0976318950    0.0976318950
        188272       1    0.0975757207    0.0975757207
        186235       1    0.0975702778    0.0975702778
        191531       1    0.0975658865    0.0975658865
        191582       1    0.0974265492    0.0974265492
        198867       1    0.0974034045    0.0974034045
        192272       1    0.0973252835    0.0973252835
        181633       1    0.0973161273    0.0973161273
        218212       1    0.0973125954    0.0973125954
        193055       1    0.0973003743    0.0973003743
        195719       1    0.0971655819    0.0971655819
        210037       1    0.0971535483    0.0971535483
        220391       1    0.0971275490    0.0971275490
        178619       1    0.0971230113    0.0971230113
        218171       1    0.0971088835    0.0971088835
        221028       1    0.0970577697    0.0970577697
        188899       1    0.0970491779    0.0970491779
        210927       1    0.0970338687    0.0970338687
        208099       1    0.0969929709    0.0969929709
        198522       1    0.0969847620    0.0969847620
        191910       1    0.0969797174    0.0969797174
        183022       1    0.0969064996    0.0969064996
        195616       1    0.0968264111    0.0968264111
        191425       1    0.0966793922    0.0966793922
        212085       1    0.0966686681    0.0966686681
        195086       1    0.0966589962    0.0966589962
        210656       1    0.0966407488    0.0966407488
        179607       1    0.0966020241    0.0966020241
        188583       1    0.0965637643    0.0965637643
        217305       1    0.0964845500    0.0964845500
        195414       1    0.0964263916    0.0964263916
        188389       1    0.0962964237    0.0962964237
        202945       1    0.0962912440    0.0962912440
        215744       1    0.0962641822    0.0962641822
        184424       1    0.0961656893    0.0961656893
        208225       1    0.0960122733    0.0960122733
        196237       1    0.0960116506    0.0960116506
        210202       1    0.0959594947    0.0959594947
        194993       1    0.0959552841    0.0959552841
        211648       1    0.0958790429    0.0958790429
        188753       1    0.0958789587    0.0958789587
        208998       1    0.0958047839    0.0958047839
        196410       1    0.0957844257    0.0957844257
        217397       1    0.0957243361    0.0957243361
        177857       1    0.0956843334    0.0956843334
        221039       1    0.0956747584    0.0956747584
        208722       1    0.0955585109    0.0955585109
        208087       1    0.0953745320    0.0953745320
        195499       1    0.0953649566    0.0953649566
        182209       1    0.0952719280    0.0952719280
        183100       1    0.0952699068    0.0952699068
        199452       1    0.0952691228    0.0952691228
        198788       1    0.0952222705    0.0952222705
        195366       1    0.0950568928    0.0950568928
        184595       1    0.0950347069    0.0950347069
        196883       1    0.0949635953    0.0949635953
        188526       1    0.0949330211    0.0949330211
        186190       1    0.0948877199    0.0948877199
        181601       1    0.0947492667    0.0947492667
        218136       1    0.0947460518    0.0947460518
        188367       1    0.0946520962    0.0946520962
        208436       1    0.0945408434    0.0945408434
        191508       1    0.0944949026    0.0944949026
        181612       1    0.0944819360    0.0944819360
        178728       1    0.0944127622    0.0944127622
        178785       1    0.0943967217    0.0943967217
        180292       1    0.0943132781    0.0943132781
        179054       1    0.0943054358    0.0943054358
        197720       1    0.0942457616    0.0942457616
        197761       1    0.0942220116    0.0942220116
        198825       1    0.0941628640    0.0941628640
        205025       1    0.0940490690    0.0940490690
        192204       1    0.0940270498    0.0940270498
        188509       1    0.0937557220    0.0937557220
        189352       1    0.0937419403    0.0937419403
        205226       1    0.0937304334    0.0937304334
        192057       1    0.0936308483    0.0936308483
        184641       1    0.0935858417    0.0935858417
        192091       1    0.0935430853    0.0935430853
        179222       1    0.0935016845    0.0935016845
        211439       1    0.0934997872    0.0934997872
        198492       1    0.0934678515    0.0934678515
        179584       1    0.0934558746    0.0934558746
        181630       1    0.0934374501    0.0934374501
        195413       1    0.0934305206    0.0934305206
        197580       1    0.0934141400    0.0934141400
        182925       1    0.0933077157    0.0933077157
        178208       1    0.0932754161    0.0932754161
        181147       1    0.0932440479    0.0932440479
        211115       1    0.0931093584    0.0931093584
        208095       1    0.0930706007    0.0930706007
        214434       1    0.0930468566    0.0930468566
        198971       1    0.0930207209    0.0930207209
        188205       1    0.0930030996    0.0930030996
        186853       1    0.0929699180    0.0929699180
        178742       1    0.0929050109    0.0929050109
        192765       1    0.0928955193    0.0928955193
        188271       1    0.0928461552    0.0928461552
        198809       1    0.0927967603    0.0927967603
        211930       1    0.0927631448    0.0927631448
        179408       1    0.0926710293    0.0926710293
        181042       1    0.0926689889    0.0926689889
        195957       1    0.0926457644    0.0926457644
        176767       1    0.0926075565    0.0926075565
        200098       1    0.0924810401    0.0924810401
        185962       1    0.0924122984    0.0924122984
        210028       1    0.0923313011    0.0923313011
        205597       1    0.0922891576    0.0922891576
        198403       1    0.0921836929    0.0921836929
        200111       1    0.0921325727    0.0921325727
        178965       1    0.0920462064    0.0920462064
        203369       1    0.0919949412    0.0919949412
        188438       1    0.0919578024    0.0919578024
        204968       1    0.0918665888    0.0918665888
        198163       1    0.0917097146    0.0917097146
        184372       1    0.0916965175    0.0916965175
        211649       1    0.0916909511    0.0916909511
        198751       1    0.0916454511    0.0916454511
        217320       1    0.0916198614    0.0916198614
        192198       1    0.0916177359    0.0916177359
        179362       1    0.0916018045    0.0916018045
        208206       1    0.0916001499    0.0916001499
        195624       1    0.0915397392    0.0915397392
        208102       1    0.0914963901    0.0914963901
        198577       1    0.0914357928    0.0914357928
        201249       1    0.0914318824    0.0914318824
        182645       1    0.0913914561    0.0913914561
        210093       1    0.0913273559    0.0913273559
        202891       1    0.0913222771    0.0913222771
        181232       1    0.0912404686    0.0912404686
        188851       1    0.0912087262    0.0912087262
        198801       1    0.0910982451    0.0910982451
        184575       1    0.0910119793    0.0910119793
        178819       1    0.0909660354    0.0909660354
        195720       1    0.0907560651    0.0907560651
        210187       1    0.0907461022    0.0907461022
        197295       1    0.0905547778    0.0905547778
        188190       1    0.0905394554    0.0905394554
        198770       1    0.0904608648    0.0904608648
        181009       1    0.0902152282    0.0902152282
        195166       1    0.0901510602    0.0901510602
        200131       1    0.0900453503    0.0900453503
        220565       1    0.0900251456    0.0900251456
        201261       1    0.0899969876    0.0899969876
        193605       1    0.0899291887    0.0899291887
        212069       1    0.0897614981    0.0897614981
        188540       1    0.0897590951    0.0897590951
        195005       1    0.0897246173    0.0897246173
        197521       1    0.0897072618    0.0897072618
        197218       1    0.0896557855    0.0896557855
        210261       1    0.0896228540    0.0896228540
        185704       1    0.0894814263    0.0894814263
        196206       1    0.0894494385    0.0894494385
        221650       1    0.0893895884    0.0893895884
        203605       1    0.0892691697    0.0892691697
        188039       1    0.0891927793    0.0891927793
        196170       1    0.0891559948    0.0891559948
        188772       1    0.0890986246    0.0890986246
        185659       1    0.0889822342    0.0889822342
        179828       1    0.0889485880    0.0889485880
        181008       1    0.0888647918    0.0888647918
        191766       1    0.0887618912    0.0887618912
        206976       1    0.0885602015    0.0885602015
        198904       1    0.0884488727    0.0884488727
        198784       1    0.0884175974    0.0884175974
        212079       1    0.0884153491    0.0884153491
        191461       1    0.0879523944    0.0879523944
        192996       1    0.0879313399    0.0879313399
        217552       1    0.0879109954    0.0879109954
        192779       1    0.0876626946    0.0876626946
        197275       1    0.0876503070    0.0876503070
        215777       1    0.0876287818    0.0876287818
        189338       1    0.0875385463    0.0875385463
        211922       1    0.0874940200    0.0874940200
        177441       1    0.0874135608    0.0874135608
        196020       1    0.0873313660    0.0873313660
        195475       1    0.0873214498    0.0873214498
        206495       1    0.0872839794    0.0872839794
        194245       1    0.0872259657    0.0872259657
        188791       1    0.0871005791    0.0871005791
        210221       1    0.0869571343    0.0869571343
        186871       1    0.0869417466    0.0869417466
        210160       1    0.0868542574    0.0868542574
        179007       1    0.0868504901    0.0868504901
        181838       1    0.0867444754    0.0867444754
        210003       1    0.0867392285    0.0867392285
        189188       1    0.0867095803    0.0867095803
        205104       1    0.0867049955    0.0867049955
        181157       1    0.0866250512    0.0866250512
        188606       1    0.0864988000    0.0864988000
        218160       1    0.0864446759    0.0864446759
        211896       1    0.0863407673    0.0863407673
        191999       1    0.0863353437    0.0863353437
        210445       1    0.0861662802    0.0861662802
        195008       1    0.0859658079    0.0859658079
        192782       1    0.0858291553    0.0858291553
        191669       1    0.0857824449    0.0857824449
        191415       1    0.0857229419    0.0857229419
        182639       1    0.0856151059    0.0856151059
        218387       1    0.0855239611    0.0855239611
        190646       1    0.0854816580    0.0854816580
        198769       1    0.0853328934    0.0853328934
        217479       1    0.0853097626    0.0853097626
        198765       1    0.0851200785    0.0851200785
        217475       1    0.0849684992    0.0849684992
        217531       1    0.0844837505    0.0844837505
        192400       1    0.0843424953    0.0843424953
        191953       1    0.0842793584    0.0842793584
        204999       1    0.0841778914    0.0841778914
        191621       1    0.0841678459    0.0841678459
        196745       1    0.0841510433    0.0841510433
        198325       1    0.0841415778    0.0841415778
        199007       1    0.0840670243    0.0840670243
        194969       1    0.0840523740    0.0840523740
        195862       1    0.0840488880    0.0840488880
        198084       1    0.0839174108    0.0839174108
        190655       1    0.0838743579    0.0838743579
        182078       1    0.0838198195    0.0838198195
        177010       1    0.0838072718    0.0838072718
        195013       1    0.0837417763    0.0837417763
        191720       1    0.0835664727    0.0835664727
        200147       1    0.0834170257    0.0834170257
        208320       1    0.0833345816    0.0833345816
        206360       1    0.0832966133    0.0832966133
        206957       1    0.0832235540    0.0832235540
        191834       1    0.0832197005    0.0832197005
        195687       1    0.0831769210    0.0831769210
        211751       1    0.0830740996    0.0830740996
        211914       1    0.0829659947    0.0829659947
        195422       1    0.0828830474    0.0828830474
        217227       1    0.0828106850    0.0828106850
        197725       1    0.0824359899    0.0824359899
        195067       1    0.0823793140    0.0823793140
        186215       1    0.0821281899    0.0821281899
        195494       1    0.0819588396    0.0819588396
        199466       1    0.0819327724    0.0819327724
        195897       1    0.0819242932    0.0819242932
        211109       1    0.0818136368    0.0818136368
        218412       1    0.0815351191    0.0815351191
        179448       1    0.0814291246    0.0814291246
        199464       1    0.0813514048    0.0813514048
        191610       1    0.0812339038    0.0812339038
        198748       1    0.0809460790    0.0809460790
        182076       1    0.0809460464    0.0809460464
        217969       1    0.0809114188    0.0809114188
        181656       1    0.0805871290    0.0805871290
        220016       1    0.0805707557    0.0805707557
        217337       1    0.0805050270    0.0805050270
        184348       1    0.0802585554    0.0802585554
        205425       1    0.0802425525    0.0802425525
        178776       1    0.0801812901    0.0801812901
        196671       1    0.0800754550    0.0800754550
        199100       1    0.0797747192    0.0797747192
        205248       1    0.0796417905    0.0796417905
        186064       1    0.0794363135    0.0794363135
        176354       1    0.0794147912    0.0794147912
        184374       1    0.0790490897    0.0790490897
        195463       1    0.0789737754    0.0789737754
        208021       1    0.0789357622    0.0789357622
        211652       1    0.0788089413    0.0788089413
        217516       1    0.0787143137    0.0787143137
        195473       1    0.0785075121    0.0785075121
        217249       1    0.0784498467    0.0784498467
        185876       1    0.0784310663    0.0784310663
        198704       1    0.0784271256    0.0784271256
        211858       1    0.0780829012    0.0780829012
        195465       1    0.0780234009    0.0780234009
        199451       1    0.0777462256    0.0777462256
        195251       1    0.0775735758    0.0775735758
        195006       1    0.0774859708    0.0774859708
        176591       1    0.0773507189    0.0773507189
        200144       1    0.0770285850    0.0770285850
        195121       1    0.0770197135    0.0770197135
        191786       1    0.0770172888    0.0770172888
        198121       1    0.0769359029    0.0769359029
        181116       1    0.0768231366    0.0768231366
        193022       1    0.0767672288    0.0767672288
        196759       1    0.0764595363    0.0764595363
        210259       1    0.0760594654    0.0760594654
        210065       1    0.0760293326    0.0760293326
        195184       1    0.0758912611    0.0758912611
        218065       1    0.0757380169    0.0757380169
        178984       1    0.0756543468    0.0756543468
        195724       1    0.0755418703    0.0755418703
        191333       1    0.0754610958    0.0754610958
        210276       1    0.0751418024    0.0751418024
        179002       1    0.0750047292    0.0750047292
        178983       1    0.0749568304    0.0749568304
        216527       1    0.0749472111    0.0749472111
        195424       1    0.0746562983    0.0746562983
        211542       1    0.0740783825    0.0740783825
        191764       1    0.0732406405    0.0732406405
        188160       1    0.0729465504    0.0729465504
        209274       1    0.0728468285    0.0728468285
        209515       1    0.0728299391    0.0728299391
        191344       1    0.0726276067    0.0726276067
        207972       1    0.0725433553    0.0725433553
        205378       1    0.0724301159    0.0724301159
        211349       1    0.0724202991    0.0724202991
        218144       1    0.0723546630    0.0723546630
        181406       1    0.0721841156    0.0721841156
        211369       1    0.0721344763    0.0721344763
        199060       1    0.0717158914    0.0717158914
        176561       1    0.0711707035    0.0711707035
        199189       1    0.0710445270    0.0710445270
        198804       1    0.0709044894    0.0709044894
        191569       1    0.0708686443    0.0708686443
        178843       1    0.0703887262    0.0703887262
        196850       1    0.0702991869    0.0702991869
        192292       1    0.0697991401    0.0697991401
        195010       1    0.0690353499    0.0690353499
        178791       1    0.0689777470    0.0689777470
        216028       1    0.0689584762    0.0689584762
        198126       1    0.0689563861    0.0689563861
        175334       1    0.0689186839    0.0689186839
        211969       1    0.0681912271    0.0681912271
        210262       1    0.0674933903    0.0674933903
        211953       1    0.0671649346    0.0671649346
        195461       1    0.0671593502    0.0671593502
        179549       1    0.0670181668    0.0670181668
        217554       1    0.0667851580    0.0667851580
        191361       1    0.0667016966    0.0667016966
        178048       1    0.0665773264    0.0665773264
        189723       1    0.0660284356    0.0660284356
        188430       1    0.0652582153    0.0652582153
        194343       1    0.0651645064    0.0651645064
        191697       1    0.0650369403    0.0650369403
        178662       1    0.0648643315    0.0648643315
        211901       1    0.0644227958    0.0644227958
        205107       1    0.0641305462    0.0641305462
        196515       1    0.0636098071    0.0636098071
        182577       1    0.0635824452    0.0635824452
        188819       1    0.0629256614    0.0629256614
        217359       1    0.0629120496    0.0629120496
        176605       1    0.0625649368    0.0625649368
        217478       1    0.0624196665    0.0624196665
        208161       1    0.0619940828    0.0619940828
        211552       1    0.0619632384    0.0619632384
        188418       1    0.0612981224    0.0612981224
        208435       1    0.0609054303    0.0609054303
        201240       1    0.0601689780    0.0601689780
        184363       1    0.0598209786    0.0598209786
        201263       1    0.0597789013    0.0597789013
        191364       1    0.0595871182    0.0595871182
        211647       1    0.0594779070    0.0594779070
        188611       1    0.0592454424    0.0592454424
        188163       1    0.0583084632    0.0583084632
        218450       1    0.0582522780    0.0582522780
        188626       1    0.0580977698    0.0580977698
        211453       1    0.0580044745    0.0580044745
        204343       1    0.0576083791    0.0576083791
        195488       1    0.0573022572    0.0573022572
        193337       1    0.0570484209    0.0570484209
        176923       1    0.0568669303    0.0568669303
        188172       1    0.0559947141    0.0559947141
        188616       1    0.0555774836    0.0555774836
        208391       1    0.0550325370    0.0550325370
        195325       1    0.0546300337    0.0546300337
        195533       1    0.0541606158    0.0541606158
        208155       1    0.0539529116    0.0539529116
        195316       1    0.0536899282    0.0536899282
        211841       1    0.0535164046    0.0535164046
        182214       1    0.0534638330    0.0534638330
        194997       1    0.0529848719    0.0529848719
        186188       1    0.0529676264    0.0529676264
        181414       1    0.0528475511    0.0528475511
        184396       1    0.0527774592    0.0527774592
        217367       1    0.0522347751    0.0522347751
        179201       1    0.0521881531    0.0521881531
        190285       1    0.0520881896    0.0520881896
        210107       1    0.0518454881    0.0518454881
        221576       1    0.0515246093    0.0515246093
        212162       1    0.0513113856    0.0513113856
        177806       1    0.0512238856    0.0512238856
        181410       1    0.0510260997    0.0510260997
        192180       1    0.0503435377    0.0503435377
        220569       1    0.0502836919    0.0502836919
        216389       1    0.0502513838    0.0502513838
        181229       1    0.0495159080    0.0495159080
        194917       1    0.0489713624    0.0489713624
        211684       1    0.0489268374    0.0489268374
        202983       1    0.0489185033    0.0489185033
        183503       1    0.0488058710    0.0488058710
        192191       1    0.0484272747    0.0484272747
        197715       1    0.0483061953    0.0483061953
        195174       1    0.0477530427    0.0477530427
        198920       1    0.0474750240    0.0474750240
        191741       1    0.0466004475    0.0466004475
        195159       1    0.0458572426    0.0458572426
        177282       1    0.0453030575    0.0453030575
        216372       1    0.0452158377    0.0452158377
        206219       1    0.0449163806    0.0449163806
        210460       1    0.0447089729    0.0447089729
        208363       1    0.0441972826    0.0441972826
        188605       1    0.0437386781    0.0437386781
        218220       1    0.0437271616    0.0437271616
        188333       1    0.0428463989    0.0428463989
        198512       1    0.0426238585    0.0426238585
        212323       1    0.0425735821    0.0425735821
        175210       1    0.0424783826    0.0424783826
        195249       1    0.0414828686    0.0414828686
        208424       1    0.0407456599    0.0407456599
        195707       1    0.0404916674    0.0404916674
        188742       1    0.0387088072    0.0387088072
        211451       1    0.0382234294    0.0382234294
        218363       1    0.0380954383    0.0380954383
        210327       1    0.0378270240    0.0378270240
        195374       1    0.0353361352    0.0353361352
        188642       1    0.0347803997    0.0347803997
        219098       1    0.0346119150    0.0346119150
        205276       1    0.0338170446    0.0338170446
        191688       1    0.0334751275    0.0334751275
        174060       1    0.0332025768    0.0332025768
        198666       1    0.0321754108    0.0321754108
        221279       1    0.0310901630    0.0310901630
        218466       1    0.0306794018    0.0306794018
        202930       1    0.0302926302    0.0302926302
        181415       1    0.0298169984    0.0298169984
        198663       1    0.0295360347    0.0295360347
        211488       1    0.0292962087    0.0292962087
        190603       1    0.0291278171    0.0291278171
        194271       1    0.0281324089    0.0281324089
        208145       1    0.0261482894    0.0261482894
        200925       1    0.0253305075    0.0253305075
        180433       1    0.0252780190    0.0252780190
        191574       1    0.0251238359    0.0251238359
        189227       1    0.0244032537    0.0244032537
        212166       1    0.0237681338    0.0237681338
        209634       1    0.0237218416    0.0237218416
        183036       1    0.0236934781    0.0236934781
        212004       1    0.0236395758    0.0236395758
        212163       1    0.0229832458    0.0229832458
        173900       1    0.0228711494    0.0228711494
        210650       1    0.0204866088    0.0204866088
        182898       1    0.0198012516    0.0198012516
        207145       1    0.0197423865    0.0197423865
        192501       1    0.0171874809    0.0171874809
        203013       1    0.0161914501    0.0161914501
        191277       1    0.0159703940    0.0159703940
        181581       1    0.0144713929    0.0144713929
        191445       1    0.0129299927    0.0129299927
        192466       1    0.0124232939    0.0124232939
        208114       1    0.0112696063    0.0112696063
        183198       1    0.0111945495    0.0111945495
        217643       1    0.0109036870    0.0109036870
        210184       1    0.0108593984    0.0108593984
        179297       1    0.0099900717    0.0099900717
        185983       1    0.0095409664    0.0095409664
        193063       1    0.0095123276    0.0095123276
        191727       1    0.0094443417    0.0094443417
        180203       1    0.0093164570    0.0093164570
        181615       1    0.0086784843    0.0086784843
        188177       1    0.0078609456    0.0078609456
        181072       1    0.0074393799    0.0074393799
        216413       1    0.0064601143    0.0064601143
        175147       1    0.0061162590    0.0061162590
        192382       1    0.0053637582    0.0053637582
        198642       1    0.0052502010    0.0052502010
        198086       1    0.0031729516    0.0031729516
        194080       1    0.0028188993    0.0028188993
        195574       1    0.0021943584    0.0021943584
        218082       1    0.0021846791    0.0021846791
        196788       1    0.0019140691    0.0019140691
        194073       1    0.0004158181    0.0004158181
        196231       1   -0.0005010241   -0.0005010241
        208470       1   -0.0005381192   -0.0005381192
        216633       1   -0.0006489721   -0.0006489721
        181094       1   -0.0019440694   -0.0019440694
        190606       1   -0.0038643268   -0.0038643268
        198768       1   -0.0044021254   -0.0044021254
        191915       1   -0.0049363928   -0.0049363928
        181857       1   -0.0062213193   -0.0062213193
        198523       1   -0.0086174474   -0.0086174474
        205271       1   -0.0090775947   -0.0090775947
        211401       1   -0.0110257626   -0.0110257626
        198930       1   -0.0117072734   -0.0117072734
        208156       1   -0.0126645640   -0.0126645640
        208638       1   -0.0130922470   -0.0130922470
        191437       1   -0.0132022272   -0.0132022272
        195001       1   -0.0135044452   -0.0135044452
        195530       1   -0.0142082423   -0.0142082423
        178842       1   -0.0143421094   -0.0143421094
        181142       1   -0.0143823633   -0.0143823633
        182799       1   -0.0160134130   -0.0160134130
        180463       1   -0.0164519916   -0.0164519916
        211836       1   -0.0187424930   -0.0187424930
        199134       1   -0.0189077330   -0.0189077330
        182665       1   -0.0206367079   -0.0206367079
        210465       1   -0.0230482288   -0.0230482288
        196000       1   -0.0240371227   -0.0240371227
        191832       1   -0.0247138917   -0.0247138917
        198655       1   -0.0248602981   -0.0248602981
        177812       1   -0.0250479054   -0.0250479054
        208364       1   -0.0262602468   -0.0262602468
        198898       1   -0.0262856897   -0.0262856897
        210063       1   -0.0269921956   -0.0269921956
        194883       1   -0.0272097494   -0.0272097494
        178614       1   -0.0279799537   -0.0279799537
        208519       1   -0.0284145673   -0.0284145673
        196261       1   -0.0289914703   -0.0289914703
        196851       1   -0.0290861771   -0.0290861771
        194903       1   -0.0291640591   -0.0291640591
        208254       1   -0.0292396070   -0.0292396070
        210770       1   -0.0298500554   -0.0298500554
        216569       1   -0.0316863165   -0.0316863165
        205834       1   -0.0321477630   -0.0321477630
        179813       1   -0.0330941112   -0.0330941112
        211250       1   -0.0380081614   -0.0380081614
        182526       1   -0.0389166978   -0.0389166978
        205307       1   -0.0424275468   -0.0424275468
        182538       1   -0.0425788001   -0.0425788001
        181528       1   -0.0427751794   -0.0427751794
        191893       1   -0.0444319436   -0.0444319436
        195387       1   -0.0445610210   -0.0445610210
        195389       1   -0.0463042806   -0.0463042806
        181015       1   -0.0468144626   -0.0468144626
        195017       1   -0.0476982943   -0.0476982943
        211173       1   -0.0510845213   -0.0510845213
        191292       1   -0.0513714254   -0.0513714254
        217912       1   -0.0562941055   -0.0562941055
        195275       1   -0.0572512469   -0.0572512469
        178811       1   -0.0575976084   -0.0575976084
        217916       1   -0.0621431540   -0.0621431540
        195246       1   -0.0646742978   -0.0646742978
        215312       1   -0.0655893322   -0.0655893322
        191374       1   -0.0691725332   -0.0691725332
        216885       1   -0.0739545310   -0.0739545310
        207973       1   -0.0808021615   -0.0808021615
        205191       1   -0.0836193492   -0.0836193492
        217930       1   -0.0980330217   -0.0980330217
        212273       1   -0.1150498231   -0.1150498231
        198109       1   -0.1164435755   -0.1164435755
        211107       1   -0.1541838438   -0.1541838438
        212207       1  -499.9454116665  -499.9454116665
        201251       1  -499.9472087920  -499.9472087920
        186020       1  -499.9527314133  -499.9527314133
        192476       1  -499.9562770251  -499.9562770251

------------------------------------------------------------------------
Position 2  (1607 unique reactants)
------------------------------------------------------------------------
   reactant_id   count       avg_score       max_score
        227798     195    0.1001482482    0.1386237274
        229009     178    0.1077326908    0.1577685833
        229157     165    0.1051752263    0.1429778531
        226340     111    0.1003308484    0.1318293923
        223328      96    0.1026384049    0.1393308767
        226043      87    0.0835218897    0.1470132569
        226819      77    0.1069717500    0.1307278514
        227178      74  -13.4110225765    0.1324023197
        226326      71    0.0974519239    0.1322510540
        225013      65    0.0998863585    0.1258962209
        229205      56    0.1056943170    0.1482235287
        228351      54    0.1067434744    0.1357624978
        228711      49    0.1063839950    0.1278673536
        222826      48    0.0988790315    0.1326087250
        229011      43    0.1035953517    0.1318743527
        223282      42    0.1042908074    0.1234262824
        226337      39    0.0974933706    0.1315675561
        227795      38    0.1015490681    0.1436432626
        227283      38  -13.0614993825    0.1242728353
        228563      37    0.1107136126    0.1396093596
        227323      37    0.1002345530    0.1380986358
        226717      37    0.1098246584    0.1299106777
        225011      37    0.1006132427    0.1220626974
        225603      36    0.0961279640    0.1185907492
        226931      35  -28.4613330259    0.1336346683
        226000      35    0.1093725406    0.1296763991
        223386      35    0.0870869563    0.1222510423
        227414      34    0.1016743762    0.1220703938
        228354      33    0.1016900447    0.1376274556
        227410      33    0.1015193017    0.1239492570
        227445      32  -15.5440590121    0.1228459960
        228662      31    0.1068785789    0.1376704291
        224398      31    0.1094546842    0.1373896503
        229010      31    0.0909897722    0.1334613800
        223238      31    0.1015494664    0.1227520886
        227794      30    0.0984135577    0.1391146580
        229119      30    0.1039483337    0.1283626660
        223410      30    0.1016707341    0.1272020251
        223321      30    0.0941900859    0.1211859571
        223385      29    0.0913969561    0.1312539940
        229096      29    0.0969522676    0.1293982999
        229106      29    0.0939775421    0.1278564171
        223319      27  -36.9408383572    0.1505045493
        223367      27    0.1028297944    0.1230698129
        228628      26    0.1070925771    0.1458053504
        227422      26    0.1024106228    0.1324610144
        227793      26    0.0953777810    0.1265686479
        227645      26    0.1027995596    0.1205560918
        228207      25  -19.9159975981    0.1357727572
        227035      25    0.1033830225    0.1301007929
        228562      24    0.1113859404    0.1355911749
        225364      24    0.1055441708    0.1337180038
        229075      24    0.0982247772    0.1232075791
        226433      23    0.1054237211    0.1271023725
        224773      22    0.0996652348    0.1264258289
        223409      22    0.1035341211    0.1230442363
        227026      21    0.0990121134    0.1436432626
        223341      21    0.1087358406    0.1369650054
        227676      21    0.1018108426    0.1256575271
        224981      21    0.0972442810    0.1250366081
        228698      21  -23.7084857569    0.1194573551
        225299      20    0.1012346296    0.1332565212
        228213      20    0.1073369920    0.1170650806
        228995      19    0.1074140133    0.1458872038
        228147      19    0.1064670080    0.1300022548
        223214      19    0.1070095113    0.1299353540
        228384      19    0.1032560794    0.1236963570
        227284      18    0.1068109485    0.1384193982
        223324      18    0.1011399238    0.1328414495
        223325      18    0.1023846791    0.1244701624
        227787      18    0.0958702148    0.1202418816
        226134      18    0.0938694241    0.1189227427
        224411      17    0.1059734863    0.1300503060
        229338      17    0.0963573323    0.1235058991
        226941      17    0.0941115389    0.1232285743
        227176      17    0.0991252390    0.1201661213
        222829      16    0.1024192065    0.1337078993
        228355      16    0.1022191669    0.1272291947
        227630      16    0.1098904156    0.1240828024
        223217      16    0.1021935498    0.1208529671
        225807      16    0.1013557570    0.1171217163
        229336      15    0.1058166790    0.1442430721
        225349      15    0.1063841478    0.1335518807
        229058      15    0.1035090640    0.1305503383
        229202      15    0.1051451637    0.1302964280
        229331      15    0.0914180390    0.1271140575
        228016      15    0.1058212673    0.1267910681
        227617      15    0.1094319372    0.1237533403
        224744      15    0.1070257383    0.1236677261
        227972      15    0.0999931338    0.1205775823
        227449      15    0.1041255730    0.1204766252
        228475      15    0.0991372581    0.1200693573
        228570      15    0.0992872077    0.1104112089
        229322      14    0.0998187010    0.1578495928
        229082      14    0.1030246538    0.1402336842
        227779      14    0.1003310506    0.1344667511
        226898      14    0.0999643384    0.1292929153
        229230      14    0.1040127186    0.1277940544
        227686      14    0.1089982550    0.1239432680
        228421      14    0.0979264041    0.1231403734
        226448      13    0.1026862687    0.1335333824
        223844      13    0.1153247535    0.1324362436
        227656      13    0.1047044208    0.1316142902
        228888      13    0.1033340685    0.1301536435
        228402      13    0.1004312475    0.1269064460
        226470      13    0.1019831096    0.1253048629
        227555      13    0.1087510160    0.1248230727
        227780      13    0.0958826732    0.1230246839
        228110      13    0.1044749628    0.1209809615
        223364      13    0.1077694640    0.1205417163
        229125      13    0.1019458447    0.1188370041
        222952      13    0.0982660959    0.1170727861
        228309      13    0.0987794261    0.1156700015
        228250      13    0.0975324618    0.1156530485
        229321      12    0.0966579560    0.1384030812
        222725      12    0.1080560657    0.1325922641
        226023      12    0.1030584977    0.1293982999
        223413      12    0.1040541799    0.1277405607
        227028      12    0.1053946457    0.1277052817
        227988      12    0.1015881731    0.1253117919
        227196      12    0.0967018414    0.1228559258
        227150      12    0.0913914874    0.1198204380
        225387      12    0.0967172163    0.1196176385
        228004      12    0.0791999548    0.1184067225
        228542      12    0.1041156595    0.1175794303
        227155      12    0.1017896644    0.1170614855
        227620      12    0.0958055538    0.1152350721
        227112      12    0.0566168163    0.1079670353
        223375      11    0.1031572507    0.1298414857
        227429      11    0.1044307838    0.1288089972
        226002      11    0.1068590877    0.1265858014
        225138      11    0.1098307339    0.1263931791
        228990      11    0.1055941022    0.1260058199
        227640      11    0.1085411567    0.1254659710
        229088      11    0.1049173572    0.1251261011
        223346      11    0.1059003666    0.1215724796
        228380      11    0.1019314371    0.1211302701
        223283      11    0.1085524125    0.1208268887
        229226      11    0.0972885027    0.1207097606
        227641      11    0.1041993621    0.1202106898
        226817      11    0.1037982934    0.1185096110
        229101      11    0.0955798106    0.1181912370
        227650      11    0.1045710223    0.1172671545
        224821      11    0.1019877110    0.1159659580
        227401      11    0.1070677379    0.1157883731
        228386      11    0.1036292854    0.1157357252
        228577      10    0.1165168852    0.1349921525
        223300      10    0.1022545123    0.1265968518
        228427      10    0.0987908785    0.1263853103
        227550      10    0.0902831343    0.1250964176
        223320      10    0.1046764524    0.1249441906
        224376      10    0.1084418958    0.1239440353
        228211      10    0.1061430351    0.1236901231
        226692      10    0.1024453891    0.1212607337
        227425      10    0.1086500206    0.1201942770
        222586      10    0.0958965382    0.1189524697
        229116      10    0.1007661016    0.1187622973
        224369      10    0.0994720261    0.1187383588
        228216      10    0.0971418340    0.1162756194
        228936      10    0.0832207051    0.1160460545
        227845      10    0.0852334162    0.1155040438
        229318       9    0.1120793742    0.1440223413
        223366       9    0.0849308493    0.1402400484
        228237       9    0.1009872399    0.1357727572
        228403       9    0.1003734942    0.1335457109
        227177       9    0.0794025771    0.1330114788
        222863       9    0.1125281763    0.1295896530
        223207       9    0.1063979163    0.1293901774
        227949       9    0.1009536697    0.1276708427
        227462       9    0.1078619116    0.1273838309
        229234       9    0.1092578248    0.1269993056
        224282       9    0.0956334910    0.1257627562
        227784       9    0.0918059290    0.1254024506
        228694       9    0.1107612283    0.1250587404
        224795       9    0.1035781175    0.1249356488
        224794       9    0.1075005284    0.1236320872
        226039       9    0.1081834508    0.1233220255
        228952       9    0.0801526731    0.1232290242
        224771       9    0.1105290672    0.1214322505
        229324       9    0.0894850479    0.1212797910
        224015       9    0.1077241366    0.1205654740
        225261       9    0.1049016920    0.1205065107
        226600       9    0.0852943479    0.1204002202
        224323       9    0.0673207551    0.1192887712
        228240       9    0.0979278679    0.1181858049
        229053       9    0.0903052951    0.1154315897
        226935       9    0.1047372378    0.1146767541
        228714       9    0.0964846286    0.1145817737
        228405       9    0.0693305509    0.1142315835
        223419       9    0.1051743755    0.1136470545
        226545       9    0.0842905061    0.1114088700
        229288       9    0.0753744580    0.1070492991
        229342       8    0.1195278593    0.1450714381
        223371       8    0.1099044128    0.1422553503
        222772       8    0.1062488824    0.1414968173
        229099       8    0.1103094085    0.1391890153
        229291       8    0.1104884903    0.1354472751
        228367       8    0.1079988171    0.1343528276
        225323       8    0.1173034421    0.1332583407
        227695       8  -62.4080600771    0.1307723299
        223105       8    0.1091769161    0.1307089378
        228880       8    0.1067810659    0.1295485667
        223440       8    0.1043576606    0.1249970762
        228018       8    0.0816079787    0.1244497245
        223082       8    0.0937465569    0.1241298939
        226513       8    0.0960281214    0.1234549895
        227639       8    0.1065663707    0.1232458005
        224726       8    0.1059045685    0.1228028488
        222940       8    0.0989304297    0.1227778702
        222613       8    0.1074201420    0.1198859971
        228352       8    0.1055937109    0.1189234427
        228471       8    0.1079595733    0.1186246980
        222994       8    0.1073482964    0.1185533452
        222827       8    0.1079050008    0.1185207198
        226668       8    0.0959512113    0.1184784882
        228008       8  -62.4205532488    0.1163361144
        227770       8    0.1072479565    0.1152487573
        228232       8    0.0914484638    0.1149256059
        229325       8  -62.3988538685    0.1148756676
        227636       8    0.1066618110    0.1143870665
        226044       8    0.1007759998    0.1142380393
        228923       8    0.0975482453    0.1141154420
        228013       8    0.0805846535    0.1095810558
        228958       8    0.0771121428    0.1082060194
        225627       8    0.0646328599    0.1075882514
        228626       8    0.0969509158    0.1045569420
        223251       8    0.0977587978    0.1042837912
        226838       7    0.1087258320    0.1470132569
        228373       7    0.1084109233    0.1269145370
        223025       7    0.1047698687    0.1265069594
        227571       7    0.0814596326    0.1252992105
        228404       7    0.1034144470    0.1248230727
        223183       7    0.1020410299    0.1242284697
        228378       7    0.0945796837    0.1235350736
        227619       7    0.0956930886    0.1232581812
        227669       7    0.1042448552    0.1232075791
        225764       7    0.1059128057    0.1221192648
        229268       7    0.1041343069    0.1220360669
        229072       7    0.1058349646    0.1219714221
        227281       7    0.0984821043    0.1200788427
        226842       7    0.1074768796    0.1197826323
        227140       7    0.0928751990    0.1193287686
        223093       7    0.1061325078    0.1192329689
        229076       7    0.0781092693    0.1191912964
        227172       7    0.1059969848    0.1175602401
        226991       7    0.0837202655    0.1173135198
        227899       7    0.1001508235    0.1171901276
        228837       7    0.1004687600    0.1165975720
        225014       7    0.1056987406    0.1163532233
        228212       7    0.0642583953    0.1159985938
        225925       7    0.0634775120    0.1159103339
        226969       7    0.1007316621    0.1155645265
        227729       7    0.1076989413    0.1154118155
        225016       7    0.0959772366    0.1153924863
        223331       7    0.1031631480    0.1151432693
        227175       7  -71.3302961398    0.1145094319
        225602       7    0.1009942590    0.1138753158
        228951       7    0.0739236423    0.1134185493
        227423       7    0.1076134279    0.1132335585
        226938       7    0.0963431224    0.1116225557
        224733       7    0.0355746298    0.1115635548
        228224       7    0.0709659756    0.1107924764
        227447       7    0.0840008630    0.1103590954
        227685       7    0.1046590609    0.1100643115
        225884       7    0.0752808591    0.1092723689
        229107       7    0.0867132061    0.1079646175
        228943       7    0.0728560559    0.1079254055
        226583       7    0.0500128738    0.0984361917
        227111       6    0.0730798824    0.1401119630
        227107       6    0.0959445591    0.1385478567
        225797       6    0.1121032960    0.1311349812
        222718       6    0.1112838585    0.1304428875
        227964       6    0.0950648128    0.1278407999
        223079       6    0.1129376087    0.1266397213
        228259       6    0.0987343938    0.1265206678
        227783       6  -83.2418268631    0.1264414887
        227233       6    0.1035508448    0.1263382912
        228092       6    0.1124201851    0.1260923039
        226773       6    0.1044567820    0.1259732574
        226939       6    0.1097659703    0.1258669902
        228610       6    0.0451164615    0.1256633429
        225929       6    0.1030671373    0.1240578778
        224292       6    0.1136333948    0.1233087139
        222924       6    0.1023574136    0.1227821767
        223192       6    0.1141683089    0.1225788506
        228208       6  -83.2512619354    0.1225171196
        223315       6    0.1148991929    0.1212429206
        223414       6    0.1100783622    0.1210258133
        227115       6    0.0842318389    0.1200592568
        229329       6    0.1000146187    0.1199706495
        227907       6    0.1031070654    0.1197737016
        227518       6    0.1005520963    0.1194192145
        228014       6    0.1072354978    0.1193983126
        228661       6    0.1115400094    0.1187600179
        227621       6    0.1096480256    0.1185227391
        227421       6    0.1051613023    0.1176664389
        227392       6    0.1034599009    0.1175545985
        228950       6    0.0900572757    0.1174369204
        226929       6    0.1074005056    0.1170454290
        227358       6    0.0938216732    0.1151329098
        227443       6    0.1008933788    0.1150959072
        225993       6    0.1074423719    0.1150502327
        227404       6    0.0890998604    0.1150425754
        227581       6    0.0961030740    0.1141526742
        227997       6    0.0947330867    0.1139620457
        228887       6    0.1041643094    0.1133787651
        227850       6    0.1029637299    0.1132099203
        225786       6    0.1020739796    0.1129143834
        225931       6    0.0946949712    0.1127534425
        228272       6    0.1041878837    0.1125296384
        226084       6    0.1048953053    0.1124746973
        227396       6    0.1024793199    0.1108459949
        228668       6    0.0677593308    0.1100635908
        229236       6    0.0947979899    0.1096342739
        229079       6  -83.2594716787    0.1095956706
        229206       6    0.0640618591    0.1068688819
        228548       6    0.0952634933    0.1058280636
        225912       6    0.0859479615    0.1050965115
        228027       6    0.0331846947    0.1027989647
        224833       6    0.0561670747    0.1014233008
        223203       6    0.0587997235    0.0829859344
        229001       5    0.0976652033    0.1347387963
        223069       5    0.1019359999    0.1293904384
        226776       5    0.0962527830    0.1284234121
        228959       5    0.0840331859    0.1279146400
        223191       5    0.1025893515    0.1272460872
        229317       5    0.0739828627    0.1272243346
        229175       5    0.0861828907    0.1271023725
        228479       5    0.1041411829    0.1254356558
        226881       5    0.1032172746    0.1243045071
        227622       5    0.1169962316    0.1242545143
        222408       5    0.1108444411    0.1242498495
        228465       5    0.1059052381    0.1237962478
        223099       5    0.1115987806    0.1237094936
        223337       5    0.1051333391    0.1227975630
        228719       5    0.0963172007    0.1224074632
        227902       5    0.0973057432    0.1221308141
        222824       5    0.0975525319    0.1205907349
        228545       5    0.1099884824    0.1196819892
        223189       5    0.1112382311    0.1193673468
        228588       5    0.1020298838    0.1192337364
        228593       5    0.1101173133    0.1191033752
        227986       5    0.0877396186    0.1185665519
        229313       5    0.1107627345    0.1185262255
        228629       5    0.1112809404    0.1184844744
        227300       5    0.1003045210    0.1183220338
        227224       5    0.1066992700    0.1181212720
        222413       5    0.1064246191    0.1168243369
        228773       5    0.0918526267    0.1162405109
        229100       5    0.1045293596    0.1156803355
        227091       5    0.1041043545    0.1151407724
        228452       5    0.1050581456    0.1148203734
        226558       5    0.0894930233    0.1144631170
        223336       5    0.1001629308    0.1141978365
        229014       5    0.1012313734    0.1141326200
        226936       5    0.1022413205    0.1139098745
        228234       5    0.0810347918    0.1138062697
        228279       5    0.1085745344    0.1137708298
        222921       5    0.0980574888    0.1134083253
        227981       5    0.0900470721    0.1132985017
        224578       5    0.0849618412    0.1129370928
        228410       5    0.0925430292    0.1125710986
        223368       5    0.1025516838    0.1125463607
        227872       5    0.1015361563    0.1124072120
        226434       5    0.0963450116    0.1117617149
        227444       5    0.0957054616    0.1116928537
        228109       5    0.0988364642    0.1107728601
        224980       5    0.1038773205    0.1106275668
        228763       5  -99.9132001228    0.1096608639
        228592       5    0.0973152179    0.1096485317
        224592       5    0.1056891003    0.1085075314
        228299       5    0.0900475163    0.1083243110
        223005       5    0.0823245312    0.1058704332
        226135       5    0.0737721411    0.1054358949
        226336       5    0.0721502211    0.1026105161
        226950       5    0.0954901849    0.1022105041
        227527       5    0.0658010731    0.1019598956
        222400       5    0.0639476976    0.0986602848
        229066       5    0.0067462428    0.0908234119
        223038       5    0.0408396597    0.0711088109
        229086       4    0.1112944278    0.1400968909
        225745       4    0.1144913399    0.1353576672
        229065       4    0.0947952187    0.1348423809
        228390       4  -124.9248476548    0.1325162083
        228091       4  -124.8999755360    0.1312651201
        227759       4    0.1139774786    0.1287320649
        228215       4    0.1117798049    0.1279953951
        224761       4    0.1138718756    0.1257865761
        225297       4    0.1083035692    0.1240157413
        228953       4    0.0852980389    0.1239512777
        227692       4    0.1095553128    0.1235496531
        223392       4    0.1107768015    0.1228071675
        228249       4    0.1088950462    0.1223467203
        228441       4    0.0922646356    0.1220003755
        226329       4    0.1010686247    0.1218768546
        223078       4    0.1153802345    0.1214449587
        229193       4    0.1094441139    0.1201805742
        223841       4    0.1123931307    0.1199093874
        223376       4    0.1030598579    0.1196345721
        228960       4    0.1027443351    0.1194907143
        226320       4    0.1076703214    0.1193927256
        229208       4    0.0923694048    0.1192212701
        227169       4    0.1056593141    0.1191758204
        224797       4    0.1028171343    0.1189998400
        229189       4    0.1082203651    0.1189746105
        229320       4    0.0655499274    0.1189330112
        228343       4    0.1059176340    0.1187128209
        222476       4    0.1090775031    0.1185487198
        228486       4    0.0934538164    0.1177074413
        223113       4    0.1083187853    0.1170638629
        228204       4    0.1053365187    0.1168725590
        227036       4    0.1059415392    0.1168554534
        224326       4    0.1102209101    0.1162795172
        226458       4    0.1067213324    0.1161820569
        226424       4    0.1008076726    0.1153439040
        223159       4    0.1064883115    0.1152933673
        223397       4    0.1027070756    0.1151337934
        228746       4    0.0937984698    0.1149256059
        226195       4    0.1072099732    0.1148407197
        226516       4    0.0889288626    0.1137166222
        228078       4    0.1078554597    0.1136696935
        225928       4    0.1084207966    0.1135210718
        226346       4    0.1018467259    0.1134395363
        228101       4    0.0820975724    0.1133107344
        228449       4    0.1028877486    0.1132774096
        229239       4    0.0971940755    0.1127190495
        228446       4    0.0908770696    0.1126678536
        228778       4    0.1021255960    0.1120401182
        224834       4    0.1115357924    0.1120068144
        228819       4    0.0982151171    0.1114403695
        223175       4    0.0995824080    0.1114060999
        227618       4    0.0977731263    0.1113172864
        227188       4    0.1035985033    0.1112794632
        223216       4    0.1064003596    0.1112565263
        228340       4    0.1018149368    0.1109171347
        226754       4    0.1024342644    0.1107359987
        226206       4    0.1036522851    0.1106614745
        229150       4    0.1022936402    0.1101777289
        228099       4    0.1015441608    0.1101190835
        228938       4    0.0787057365    0.1099453586
        227653       4    0.1034389535    0.1097082521
        223959       4    0.0733017293    0.1096129993
        226455       4    0.1062382259    0.1094037605
        227442       4    0.0816106086    0.1092812609
        228627       4    0.0935677627    0.1092529723
        226040       4    0.0979266692    0.1087043981
        228922       4    0.1007447339    0.1080762815
        228094       4    0.0859331979    0.1078525512
        227835       4    0.0963516371    0.1068055176
        228915       4    0.0982071998    0.1063626420
        223288       4    0.0720004868    0.1061879153
        222614       4    0.1001050047    0.1057017254
        222923       4    0.0991484367    0.1049865735
        228132       4    0.0968161826    0.1048871790
        228999       4    0.0887146456    0.1048056483
        227086       4    0.0987656570    0.1037019413
        228514       4    0.0867935559    0.1033838618
        227397       4    0.0978478803    0.1033660019
        223418       4    0.0986306531    0.1024867184
        229114       4    0.0530016018    0.1015427758
        227428       4    0.0947828437    0.0995135307
        226854       4    0.0861158498    0.0957934908
        227368       4    0.0538824661    0.0946244191
        227117       4    0.0718115444    0.0935137611
        227100       4    0.0483866042    0.0923313011
        226339       4    0.0482037767    0.0650369403
        223919       4    0.0393671816    0.0625711828
        228033       3    0.1247673488    0.1414968173
        223103       3    0.1157566151    0.1357780385
        227139       3    0.1070842295    0.1342763258
        228673       3    0.1175075114    0.1337090026
        229080       3    0.0763717121    0.1286129057
        223286       3    0.1192859656    0.1284658313
        229121       3    0.1147111617    0.1276708427
        227419       3    0.1144201534    0.1274613114
        223423       3    0.1012249680    0.1267054081
        229316       3    0.0926863390    0.1266343377
        227834       3    0.0796903192    0.1263140383
        227666       3    0.0864802832    0.1226637991
        228730       3    0.1130685089    0.1225032508
        223429       3    0.1025275417    0.1222965367
        222612       3    0.1092305837    0.1214970732
        225127       3    0.1132088713    0.1213552517
        225893       3    0.1070856088    0.1207936808
        229078       3    0.0688718231    0.1207762077
        228244       3    0.0985715467    0.1205743741
        229270       3    0.0981613421    0.1203223153
        222398       3    0.1035179614    0.1202671952
        229319       3    0.1064023515    0.1201167272
        227651       3    0.1118425982    0.1201070746
        226155       3    0.1086198107    0.1200668216
        222654       3    0.1092663516    0.1198479046
        226707       3    0.1108143139    0.1198098695
        228638       3    0.1078413993    0.1193805039
        223373       3    0.0978729151    0.1191618715
        228172       3    0.1124561670    0.1190809040
        228669       3    0.1008826209    0.1186365579
        228716       3    0.1077407854    0.1183376765
        225812       3    0.1019284195    0.1177563356
        225275       3    0.1080934349    0.1176615477
        228633       3    0.1078539279    0.1174803913
        222421       3    0.0980619963    0.1171794269
        224752       3    0.1033768454    0.1170643950
        227732       3    0.1103359176    0.1169634604
        227101       3    0.1014198046    0.1163232625
        228114       3    0.1122219395    0.1159671301
        227324       3    0.1073771345    0.1157374992
        223980       3    0.1089729970    0.1157167864
        224396       3    0.0581184214    0.1157031600
        227383       3    0.1127276347    0.1156114599
        228398       3    0.0844522998    0.1155767298
        226123       3    0.1098197500    0.1155747795
        226221       3    0.1069574148    0.1155092695
        223076       3    0.1027575901    0.1149476582
        228026       3    0.1050125389    0.1147855550
        228443       3    0.1019493997    0.1144796539
        227616       3    0.1106296756    0.1144093218
        228302       3    0.1062743216    0.1141473138
        223247       3    0.1053413981    0.1137627792
        227524       3    0.1018745516    0.1131105802
        226029       3    0.0950889513    0.1129495427
        228713       3    0.1096241876    0.1127431419
        222959       3    0.0973734385    0.1127332234
        228685       3    0.0921665881    0.1123228756
        223365       3    0.0811937269    0.1119877670
        229212       3    0.0866683611    0.1119397680
        225750       3    0.1025329233    0.1117474723
        228034       3    0.1028954977    0.1117048756
        226427       3    0.1062277359    0.1115919731
        228377       3    0.0966708371    0.1115497134
        229117       3    0.0704041505    0.1115143384
        229081       3    0.1005004649    0.1115045726
        229127       3    0.1047279821    0.1114761233
        226595       3    0.1065063069    0.1113780340
        229050       3    0.1083312616    0.1112338467
        223322       3    0.0997513839    0.1112328569
        225905       3    0.0866870695    0.1109564447
        228409       3    0.0861379270    0.1109564447
        226189       3    0.0780432874    0.1104598343
        227577       3    0.0686008833    0.1104465399
        227262       3    0.0881200890    0.1104160392
        226548       3    0.1014527091    0.1100081546
        223000       3    0.0731651159    0.1097099733
        227122       3    0.1044026166    0.1096554561
        225924       3    0.0987245196    0.1095183368
        226467       3    0.1032716066    0.1093241469
        228432       3    0.1033048947    0.1092233217
        229337       3    0.1013230705    0.1091694832
        227001       3    0.1065336290    0.1089418166
        224456       3    0.1061248343    0.1086860502
        223101       3    0.0966624715    0.1085158992
        228642       3    0.0640485027    0.1082790968
        226554       3    0.0859265914    0.1079626955
        227583       3    0.0971341703    0.1079430006
        228606       3    0.1010247918    0.1077235925
        223232       3    0.1016880892    0.1077114966
        226923       3    0.0796493135    0.1076948345
        228440       3    0.0728581419    0.1075127125
        228256       3  -166.5857249620    0.1069115599
        227909       3    0.1021759940    0.1059327234
        227888       3    0.1014690704    0.1056192978
        228876       3    0.1015202261    0.1053552060
        228904       3    0.0793942119    0.1050771693
        227648       3    0.0994287180    0.1047848774
        227637       3    0.0950458016    0.1033668648
        223449       3    0.0482353123    0.1026202384
        228459       3    0.0917659185    0.1025832636
        228821       3    0.0417099833    0.1019003913
        228820       3    0.0545291891    0.1016082804
        225821       3    0.0615551418    0.1015544365
        223342       3    0.0998716534    0.1014900774
        228072       3    0.0401978790    0.1014274592
        226187       3    0.0850312405    0.1013624345
        227144       3    0.0937511893    0.1012891382
        224985       3    0.0897034336    0.0994866103
        228755       3    0.0571285221    0.0962556079
        226609       3    0.0902529830    0.0952823914
        228842       3    0.0578471334    0.0927915715
        227373       3    0.0560449915    0.0921734233
        226599       3    0.0781873657    0.0900990885
        226068       3    0.0687637786    0.0869524574
        227944       3    0.0678566970    0.0832765273
        223339       3    0.0502094960    0.0810705553
        223920       3    0.0488392694    0.0642947214
        225692       3    0.0546104952    0.0626418150
        227110       3    0.0589072432    0.0626237875
        226796       2    0.1362931679    0.1450632215
        228473       2    0.1292302135    0.1400841149
        228065       2    0.1207595743    0.1367976382
        228564       2    0.1238058246    0.1343686921
        223037       2    0.1119712967    0.1300126107
        226607       2    0.1199403591    0.1279456839
        229306       2    0.1178350950    0.1276078319
        229043       2    0.1123762423    0.1275352123
        223115       2    0.1182848985    0.1270518700
        229330       2    0.1163598110    0.1265253395
        229057       2    0.1192529148    0.1265069594
        223426       2    0.1057054568    0.1257329086
        227763       2    0.1207170600    0.1254265049
        229254       2    0.1159042587    0.1249384206
        228512       2    0.1119366830    0.1249360334
        222562       2    0.1138799406    0.1228586826
        227610       2    0.1205632383    0.1221548009
        223065       2    0.1102591535    0.1219736624
        223155       2    0.0883697011    0.1218301043
        227246       2    0.1208934926    0.1217176279
        228917       2    0.1192341651    0.1214041684
        222944       2    0.1034964907    0.1211008565
        226571       2    0.1163377184    0.1206428880
        228885       2    0.1106839732    0.1205072748
        228424       2    0.0700935844    0.1204447824
        228503       2    0.1114374982    0.1204249087
        229022       2    0.1106832166    0.1201890757
        229209       2    0.1155528461    0.1196186125
        229277       2    0.1069080810    0.1195053199
        228269       2    0.1162481085    0.1194138110
        226739       2    0.1179099435    0.1192785411
        228175       2    0.0767789378    0.1191563230
        222416       2    0.1148763881    0.1189469242
        227878       2    0.1175123948    0.1187077991
        229287       2    0.1078025450    0.1186670108
        227980       2    0.1100341659    0.1185149058
        228406       2    0.0903662833    0.1184764930
        223694       2    0.1082344168    0.1184757783
        228579       2    0.1055699971    0.1184678777
        228561       2    0.1115271953    0.1180891395
        226760       2    0.1162769660    0.1180271208
        226555       2    0.1088081442    0.1177479882
        228541       2    0.1031170036    0.1176416410
        227719       2    0.0983321795    0.1174773574
        226423       2    0.1115754229    0.1171820319
        228144       2    0.1128223456    0.1171538875
        226060       2    0.0830079109    0.1170121444
        225365       2    0.0979154377    0.1167859754
        228912       2    0.1016616931    0.1166349273
        223213       2    0.1020852523    0.1166319582
        223046       2    0.1044433631    0.1164121005
        229228       2    0.1091174517    0.1163945930
        227861       2    0.1003041509    0.1163640221
        223433       2    0.0992808736    0.1163025188
        225573       2    0.1055512085    0.1162031770
        223163       2    0.1100138463    0.1160934486
        228543       2    0.1023059439    0.1159892638
        227047       2    0.1069963454    0.1158338027
        227055       2    0.1118339100    0.1155315367
        228667       2    0.1037189623    0.1154357642
        222935       2    0.1116477415    0.1152917078
        225962       2    0.1011575599    0.1149093008
        226028       2    0.1130742112    0.1148028755
        227612       2    0.1057588053    0.1145143414
        223002       2    0.0887059304    0.1144561952
        222883       2    0.1100401467    0.1143441427
        229182       2    0.1005759454    0.1141970654
        228676       2    0.1107591541    0.1141870930
        227192       2    0.1101105577    0.1141215240
        227346       2    0.1076356934    0.1139265455
        227223       2    0.1108128473    0.1139021243
        227454       2    0.0997423443    0.1138582056
        228382       2    0.1128381145    0.1137504889
        227804       2    0.1100437245    0.1135827366
        226765       2    0.1057718899    0.1133384881
        228316       2    0.1121277677    0.1133132441
        225474       2    0.1117288109    0.1132773344
        224806       2    0.1111937606    0.1132088745
        226937       2  -249.9174240295    0.1131113867
        224611       2    0.1102219196    0.1128435245
        224363       2    0.1107779505    0.1128407940
        222995       2    0.0871839766    0.1126699183
        228117       2    0.0963121036    0.1125919053
        223127       2    0.1064665890    0.1125544645
        227844       2    0.1097163742    0.1124373491
        227831       2    0.1047139486    0.1124324609
        223085       2    0.1078037316    0.1122838844
        228381       2    0.1031177830    0.1122199080
        225814       2    0.1087889846    0.1121923081
        228859       2    0.1067618136    0.1120790740
        225867       2    0.1050981044    0.1120119238
        229229       2    0.1104758003    0.1116125651
        228411       2    0.1109158813    0.1114978549
        225656       2    0.1087947656    0.1113141251
        228902       2    0.1031578472    0.1112176466
        222861       2    0.1072985835    0.1111584228
        227293       2    0.1107393066    0.1111329935
        229013       2    0.1079880202    0.1109966544
        227473       2    0.1092954126    0.1109147072
        226657       2    0.1070834075    0.1108737538
        228080       2    0.1026894095    0.1108379756
        223092       2    0.1039907002    0.1108278275
        225193       2    0.1065651866    0.1107348983
        227193       2    0.1079617392    0.1106791223
        225580       2    0.1077739713    0.1106784481
        229323       2    0.0968304518    0.1105874578
        226596       2    0.0940924077    0.1105683106
        227159       2    0.1098313945    0.1104182845
        227940       2    0.1062942838    0.1103332128
        222869       2    0.0976999612    0.1102740325
        222823       2    0.1078550105    0.1101014660
        228434       2    0.0576630971    0.1100759932
        227952       2    0.1090509232    0.1099932861
        229073       2    0.0564050361    0.1099911729
        226429       2    0.1061023114    0.1098837852
        226916       2    0.0828009850    0.1098314394
        223112       2    0.1026621985    0.1098200070
        228690       2    0.1029936836    0.1097989760
        223372       2    0.1048605486    0.1097890061
        224068       2    0.1072072492    0.1097779942
        222822       2    0.1018987715    0.1097470164
        228957       2    0.0997287247    0.1097216266
        228742       2    0.1088010254    0.1096863676
        226705       2  -249.9144157408    0.1096642390
        223149       2    0.1031985219    0.1094934319
        226413       2    0.1030460342    0.1094883040
        226437       2    0.1007042100    0.1093552449
        227033       2    0.0968854734    0.1092947920
        227633       2    0.1072516326    0.1091875695
        227480       2    0.0734898399    0.1091526559
        228726       2    0.0927224557    0.1091352364
        226844       2    0.0802112147    0.1090847204
        228625       2    0.1050704854    0.1087508712
        223244       2    0.1072591848    0.1087183978
        229186       2    0.0874851746    0.1086379642
        228913       2    0.1060598885    0.1083795397
        228688       2    0.0969079343    0.1083423061
        227668       2    0.1011253453    0.1080320846
        228607       2    0.0907776922    0.1079407424
        227313       2    0.1035888781    0.1076977984
        227310       2    0.1051928544    0.1075807799
        229026       2    0.0933870936    0.1075568845
        228973       2    0.0582276749    0.1075085764
        222894       2    0.1058939113    0.1072269419
        224017       2    0.0880225537    0.1071433866
        223248       2    0.0948852833    0.1070759811
        226775       2    0.0279777586    0.1070400386
        223843       2    0.0892888648    0.1069618877
        227579       2    0.1053739162    0.1069395244
        228805       2    0.0905281253    0.1067501560
        223004       2    0.1053506935    0.1066394889
        226286       2    0.0764538177    0.1064439487
        222445       2    0.1041384344    0.1064349300
        227772       2    0.0924705457    0.1063641608
        223369       2    0.1025256914    0.1062188226
        228646       2    0.0973006956    0.1062104806
        225642       2    0.0969268166    0.1061119080
        228321       2    0.0989847810    0.1061019120
        228187       2    0.1050997861    0.1060022414
        225591       2    0.0916216126    0.1059297574
        228323       2    0.1014017457    0.1058631404
        228573       2    0.0389180219    0.1057983112
        224770       2    0.0985232928    0.1057192297
        222635       2    0.1010014073    0.1056989277
        223444       2    0.0932715858    0.1056505263
        227199       2    0.1053042803    0.1056505263
        228412       2    0.0963309670    0.1055967022
        228929       2    0.1040116214    0.1054194172
        222508       2    0.1051647211    0.1053196202
        222896       2    0.0979233630    0.1052870130
        229017       2    0.1052734567    0.1052850096
        229110       2    0.0813647065    0.1051208153
        228689       2    0.0941778199    0.1050063685
        229286       2    0.1046340929    0.1049742812
        228168       2    0.0530203289    0.1048709076
        227509       2    0.1000641396    0.1047458001
        227818       2    0.0968888921    0.1047329103
        229332       2    0.0968181972    0.1046319291
        227604       2    0.1012171604    0.1045278392
        223316       2    0.1013125621    0.1045017364
        227898       2    0.1028966004    0.1044906119
        228981       2    0.0994583269    0.1044906119
        227252       2    0.0952713427    0.1044721352
        228584       2    0.1040583047    0.1044642215
        226354       2    0.1004096753    0.1044229964
        223190       2    0.0552512472    0.1043862353
        223143       2    0.0989100368    0.1043711250
        228724       2    0.0787924351    0.1043706976
        227570       2    0.0997151115    0.1043606855
        225766       2    0.0928503845    0.1040280150
        228948       2    0.0932130030    0.1038335963
        228334       2    0.0934490350    0.1038014752
        223997       2    0.1034157996    0.1037808996
        223048       2    0.1030846141    0.1037661602
        227141       2    0.0961693373    0.1035527127
        225728       2    0.0936694302    0.1031950682
        225601       2    0.0987502124    0.1031871466
        228251       2    0.0763640837    0.1029578477
        227969       2    0.0994441779    0.1027535001
        222821       2    0.1019539746    0.1026628373
        228179       2    0.0878863362    0.1026514308
        228383       2    0.0961427634    0.1022312518
        225917       2    0.0988489921    0.1021342122
        229038       2    0.0951685193    0.1020743329
        223262       2    0.0910382559    0.1020632142
        227106       2    0.0714389460    0.1020413303
        227797       2    0.0924376723    0.1018580550
        228709       2    0.0995943966    0.1018360947
        223304       2    0.0933168561    0.1016082967
        228414       2    0.0969290792    0.1013000271
        227649       2    0.0953653321    0.1009899880
        229021       2    0.1004203352    0.1009781247
        227131       2    0.1001660644    0.1009719268
        226453       2    0.0373146018    0.1009148932
        223071       2    0.0989934606    0.1008849790
        229334       2    0.0955475129    0.1008025640
        228732       2    0.0997326208    0.1007535003
        227365       2    0.0961102225    0.1007433663
        223402       2    0.0979457253    0.1006908084
        228009       2    0.0746706430    0.1005382964
        228139       2    0.0953606255    0.1001046101
        226436       2    0.0908959162    0.0998737649
        229267       2    0.0967577617    0.0997167175
        227229       2    0.0925549892    0.0996180664
        227647       2    0.0938007381    0.0988583118
        226475       2    0.0807197922    0.0988061838
        227077       2    0.0780892527    0.0986761359
        227149       2    0.0377046467    0.0984575221
        228758       2    0.0937477255    0.0984145701
        228469       2    0.0875078334    0.0983116077
        228972       2    0.0955065520    0.0978720668
        224775       2    0.0939745070    0.0978538905
        225562       2    0.0735124226    0.0977549527
        228814       2    0.0899616223    0.0976108949
        226401       2    0.0917551008    0.0976086594
        228807       2    0.0966832613    0.0968670930
        228925       2    0.0602754289    0.0965916837
        228572       2    0.0484558425    0.0964958668
        225939       2    0.0762574022    0.0962307006
        226764       2    0.0943596993    0.0961792036
        226136       2    0.0941306592    0.0960686660
        229048       2    0.0413691203    0.0959404677
        229000       2    0.0897483538    0.0957165545
        225762       2    0.0804196324    0.0956747584
        223464       2   -0.0100007648    0.0950482935
        226670       2    0.0905340157    0.0949326816
        229233       2    0.0845089196    0.0944982659
        222620       2    0.0920244279    0.0943631599
        228893       2    0.0941751586    0.0942482808
        228242       2    0.0927181414    0.0941344947
        225249       2    0.0550906422    0.0940777834
        228693       2    0.0904330184    0.0939796524
        228822       2    0.0734460253    0.0939244242
        228062       2    0.0818168909    0.0936874832
        225934       2    0.0694813849    0.0928878161
        226933       2    0.0887661538    0.0928163181
        227134       2    0.0904679407    0.0927720884
        229024       2    0.0883232937    0.0922496319
        227573       2    0.0825530027    0.0919033650
        225540       2    0.0874277223    0.0914259007
        226885       2    0.0362478960    0.0912382851
        227173       2    0.0734149869    0.0908382077
        225738       2  -249.9275123158    0.0904079429
        227448       2    0.0876670178    0.0890470992
        225255       2    0.0761980964    0.0886627045
        226660       2    0.0878170505    0.0885273938
        222918       2    0.0796526259    0.0884847164
        228478       2    0.0869833750    0.0879037863
        229123       2    0.0760743167    0.0872192842
        227357       2    0.0596513027    0.0869962115
        223314       2    0.0578813370    0.0863932981
        222929       2    0.0730690682    0.0848231776
        223318       2    0.0815449316    0.0841741661
        225369       2    0.0763541812    0.0839090264
        227116       2    0.0774730985    0.0835317646
        226132       2    0.0700741472    0.0826738930
        229176       2    0.0771033117    0.0805833806
        229222       2    0.0773579268    0.0804013652
        228433       2    0.0598429326    0.0798162818
        227120       2    0.0505203209    0.0797445998
        229293       2    0.0478358485    0.0779705629
        227441       2    0.0715772066    0.0776213098
        226356       2    0.0717373691    0.0770197135
        227114       2    0.0352449362    0.0754264528
        227511       2    0.0493957250    0.0663948169
        223043       2    0.0445385705    0.0609447321
        226352       2    0.0339814214    0.0564211777
        222926       2    0.0354136756    0.0510260997
        223923       2    0.0013504273    0.0437355093
        228940       2    0.0368566669    0.0436702768
        229135       2   -0.0012627325    0.0420355561
        227109       2    0.0252593661    0.0380954383
        228645       2    0.0290885468    0.0334163796
        228277       2   -0.0076206090    0.0275339615
        227751       2    0.0177430764    0.0247779093
        228647       2    0.0114655714    0.0150701971
        222950       1    0.1318451854    0.1318451854
        223393       1    0.1298987567    0.1298987567
        227213       1    0.1286407981    0.1286407981
        223153       1    0.1277550481    0.1277550481
        227541       1    0.1270965820    0.1270965820
        227309       1    0.1251968690    0.1251968690
        228660       1    0.1244209680    0.1244209680
        228723       1    0.1233596623    0.1233596623
        226932       1    0.1230977394    0.1230977394
        228470       1    0.1226637991    0.1226637991
        222847       1    0.1222545897    0.1222545897
        226190       1    0.1220436340    0.1220436340
        226318       1    0.1213181429    0.1213181429
        228218       1    0.1212018241    0.1212018241
        223992       1    0.1209655046    0.1209655046
        226260       1    0.1208547180    0.1208547180
        227230       1    0.1207729474    0.1207729474
        228164       1    0.1204264700    0.1204264700
        227477       1    0.1202693271    0.1202693271
        226262       1    0.1201890757    0.1201890757
        229061       1    0.1201083124    0.1201083124
        222523       1    0.1198711459    0.1198711459
        225265       1    0.1197625448    0.1197625448
        228248       1    0.1196176385    0.1196176385
        226733       1    0.1195750386    0.1195750386
        228741       1    0.1193436966    0.1193436966
        228772       1    0.1192729473    0.1192729473
        227499       1    0.1188084086    0.1188084086
        222722       1    0.1185457172    0.1185457172
        228189       1    0.1184419808    0.1184419808
        225987       1    0.1184259923    0.1184259923
        226425       1    0.1178536216    0.1178536216
        227316       1    0.1177290108    0.1177290108
        224279       1    0.1175199555    0.1175199555
        227730       1    0.1174167395    0.1174167395
        228199       1    0.1173453480    0.1173453480
        227532       1    0.1171830175    0.1171830175
        228671       1    0.1171701117    0.1171701117
        228052       1    0.1167013148    0.1167013148
        228467       1    0.1166891998    0.1166891998
        225968       1    0.1162957083    0.1162957083
        223323       1    0.1162679536    0.1162679536
        228918       1    0.1161986164    0.1161986164
        227863       1    0.1159658503    0.1159658503
        223165       1    0.1159395907    0.1159395907
        228419       1    0.1156703574    0.1156703574
        229032       1    0.1156505372    0.1156505372
        222930       1    0.1156005128    0.1156005128
        225918       1    0.1153846694    0.1153846694
        225354       1    0.1153415585    0.1153415585
        227536       1    0.1152848516    0.1152848516
        228376       1    0.1152744628    0.1152744628
        223186       1    0.1151983241    0.1151983241
        225926       1    0.1150679560    0.1150679560
        227623       1    0.1149086016    0.1149086016
        227572       1    0.1148783863    0.1148783863
        227505       1    0.1148235550    0.1148235550
        224394       1    0.1147597444    0.1147597444
        228703       1    0.1147245523    0.1147245523
        227874       1    0.1147015872    0.1147015872
        223437       1    0.1146203648    0.1146203648
        228056       1    0.1146120514    0.1146120514
        228919       1    0.1145336231    0.1145336231
        227537       1    0.1143740949    0.1143740949
        223243       1    0.1142717314    0.1142717314
        229326       1    0.1141963974    0.1141963974
        228823       1    0.1139336086    0.1139336086
        223699       1    0.1139275857    0.1139275857
        225560       1    0.1138847566    0.1138847566
        228575       1    0.1138379702    0.1138379702
        226925       1    0.1137723210    0.1137723210
        226696       1    0.1137336349    0.1137336349
        225769       1    0.1136781884    0.1136781884
        223187       1    0.1134657765    0.1134657765
        228708       1    0.1133456269    0.1133456269
        222945       1    0.1132830656    0.1132830656
        222902       1    0.1132313449    0.1132313449
        226150       1    0.1132142991    0.1132142991
        226026       1    0.1131993646    0.1131993646
        228848       1    0.1130765549    0.1130765549
        226242       1    0.1129899919    0.1129899919
        225998       1    0.1129645271    0.1129645271
        227551       1    0.1129394519    0.1129394519
        227682       1    0.1129033989    0.1129033989
        225111       1    0.1128655632    0.1128655632
        228751       1    0.1127320907    0.1127320907
        227879       1    0.1127131310    0.1127131310
        227014       1    0.1125628792    0.1125628792
        228623       1    0.1124152541    0.1124152541
        227531       1    0.1124114237    0.1124114237
        226200       1    0.1123325566    0.1123325566
        227585       1    0.1122471768    0.1122471768
        226800       1    0.1122377555    0.1122377555
        227613       1    0.1122007680    0.1122007680
        227417       1    0.1121868591    0.1121868591
        224723       1    0.1121096992    0.1121096992
        227960       1    0.1120621228    0.1120621228
        227870       1    0.1119928684    0.1119928684
        227603       1    0.1119260639    0.1119260639
        226602       1    0.1117210876    0.1117210876
        226770       1    0.1117009184    0.1117009184
        229071       1    0.1116301433    0.1116301433
        226246       1    0.1116236335    0.1116236335
        225277       1    0.1114856505    0.1114856505
        225129       1    0.1114355647    0.1114355647
        227856       1    0.1114178157    0.1114178157
        227453       1    0.1113894605    0.1113894605
        226841       1    0.1113275445    0.1113275445
        223305       1    0.1113042760    0.1113042760
        228630       1    0.1112652918    0.1112652918
        222910       1    0.1112413785    0.1112413785
        223167       1    0.1112079670    0.1112079670
        227911       1    0.1111068532    0.1111068532
        223024       1    0.1110995882    0.1110995882
        229275       1    0.1110378759    0.1110378759
        226310       1    0.1110193513    0.1110193513
        226734       1    0.1109822566    0.1109822566
        223212       1    0.1109534800    0.1109534800
        228159       1    0.1108888000    0.1108888000
        227133       1    0.1106823139    0.1106823139
        228906       1    0.1106779638    0.1106779638
        223258       1    0.1106657308    0.1106657308
        223235       1    0.1106137974    0.1106137974
        226865       1    0.1106077565    0.1106077565
        227599       1    0.1104134412    0.1104134412
        226877       1    0.1103523374    0.1103523374
        228797       1    0.1103194717    0.1103194717
        227917       1    0.1102608496    0.1102608496
        226169       1    0.1102399982    0.1102399982
        227865       1    0.1102234281    0.1102234281
        228870       1    0.1102114495    0.1102114495
        222474       1    0.1101880793    0.1101880793
        227162       1    0.1101695641    0.1101695641
        222748       1    0.1099944796    0.1099944796
        225319       1    0.1099654528    0.1099654528
        224931       1    0.1098003227    0.1098003227
        229225       1    0.1097621734    0.1097621734
        226634       1    0.1097207225    0.1097207225
        227054       1    0.1096716990    0.1096716990
        229195       1    0.1095639343    0.1095639343
        225870       1    0.1095592451    0.1095592451
        222565       1    0.1095261574    0.1095261574
        227019       1    0.1095043570    0.1095043570
        226535       1    0.1094812781    0.1094812781
        224314       1    0.1094319409    0.1094319409
        228408       1    0.1092726489    0.1092726489
        226702       1    0.1092540240    0.1092540240
        228740       1    0.1092458452    0.1092458452
        223174       1    0.1090884879    0.1090884879
        227059       1    0.1090571038    0.1090571038
        223111       1    0.1090456796    0.1090456796
        222943       1    0.1090207148    0.1090207148
        228585       1    0.1089707178    0.1089707178
        227559       1    0.1089266482    0.1089266482
        226540       1    0.1088439152    0.1088439152
        223181       1    0.1087970555    0.1087970555
        224874       1    0.1087830830    0.1087830830
        228418       1    0.1087043981    0.1087043981
        225176       1    0.1085271342    0.1085271342
        228044       1    0.1085232968    0.1085232968
        228987       1    0.1084449045    0.1084449045
        225200       1    0.1084174563    0.1084174563
        224820       1    0.1084140172    0.1084140172
        224732       1    0.1084054190    0.1084054190
        222798       1    0.1083820844    0.1083820844
        225523       1    0.1082920763    0.1082920763
        223273       1    0.1082178665    0.1082178665
        225178       1    0.1082045619    0.1082045619
        227593       1    0.1081041495    0.1081041495
        228786       1    0.1080918163    0.1080918163
        228964       1    0.1079696986    0.1079696986
        226331       1    0.1079619310    0.1079619310
        223261       1    0.1078777035    0.1078777035
        227318       1    0.1077848894    0.1077848894
        224577       1    0.1074867935    0.1074867935
        227255       1    0.1073698103    0.1073698103
        229345       1    0.1072714594    0.1072714594
        223353       1    0.1072599590    0.1072599590
        228930       1    0.1071967041    0.1071967041
        225537       1    0.1071127417    0.1071127417
        222961       1    0.1069815402    0.1069815402
        228488       1    0.1069558454    0.1069558454
        227294       1    0.1069525778    0.1069525778
        228539       1    0.1069075601    0.1069075601
        229102       1    0.1068941653    0.1068941653
        228534       1    0.1068825827    0.1068825827
        222920       1    0.1068255138    0.1068255138
        224989       1    0.1067729638    0.1067729638
        226037       1    0.1067558765    0.1067558765
        225177       1    0.1067461761    0.1067461761
        227948       1    0.1066695892    0.1066695892
        229271       1    0.1066618899    0.1066618899
        227734       1    0.1066496942    0.1066496942
        223840       1    0.1066398930    0.1066398930
        227068       1    0.1066034382    0.1066034382
        225231       1    0.1065991169    0.1065991169
        225878       1    0.1065738726    0.1065738726
        222993       1    0.1064232899    0.1064232899
        225172       1    0.1063367426    0.1063367426
        228810       1    0.1063183275    0.1063183275
        222992       1    0.1062680221    0.1062680221
        227312       1    0.1062502251    0.1062502251
        222698       1    0.1061306830    0.1061306830
        225202       1    0.1060404181    0.1060404181
        227104       1    0.1060348296    0.1060348296
        228587       1    0.1059934043    0.1059934043
        228129       1    0.1058838503    0.1058838503
        228364       1    0.1057538149    0.1057538149
        229188       1    0.1057335521    0.1057335521
        228280       1    0.1056784153    0.1056784153
        223227       1    0.1056224373    0.1056224373
        226288       1    0.1055964446    0.1055964446
        227060       1    0.1055944363    0.1055944363
        223333       1    0.1055514142    0.1055514142
        228053       1    0.1055095524    0.1055095524
        222934       1    0.1054820143    0.1054820143
        226426       1    0.1053691967    0.1053691967
        228811       1    0.1053681016    0.1053681016
        228524       1    0.1052783579    0.1052783579
        228045       1    0.1052545990    0.1052545990
        225799       1    0.1051214266    0.1051214266
        223107       1    0.1051158458    0.1051158458
        226203       1    0.1050507927    0.1050507927
        224392       1    0.1050443208    0.1050443208
        223415       1    0.1049757817    0.1049757817
        226525       1    0.1049267216    0.1049267216
        227045       1    0.1048690109    0.1048690109
        227746       1    0.1048680622    0.1048680622
        222674       1    0.1048463406    0.1048463406
        229187       1    0.1047930813    0.1047930813
        225729       1    0.1047635054    0.1047635054
        226314       1    0.1047335107    0.1047335107
        226930       1    0.1047064825    0.1047064825
        224835       1    0.1047015234    0.1047015234
        225698       1    0.1046000829    0.1046000829
        223287       1    0.1045875048    0.1045875048
        225535       1    0.1045873165    0.1045873165
        225765       1    0.1045461982    0.1045461982
        225652       1    0.1045296140    0.1045296140
        222942       1    0.1044769721    0.1044769721
        222540       1    0.1044529935    0.1044529935
        225392       1    0.1043834090    0.1043834090
        222735       1    0.1043611143    0.1043611143
        224760       1    0.1043234811    0.1043234811
        229007       1    0.1043042711    0.1043042711
        227459       1    0.1042787816    0.1042787816
        229174       1    0.1042705703    0.1042705703
        223074       1    0.1042602609    0.1042602609
        227545       1    0.1041880832    0.1041880832
        226807       1    0.1041207262    0.1041207262
        229252       1    0.1041155159    0.1041155159
        229051       1    0.1040940240    0.1040940240
        223156       1    0.1040248288    0.1040248288
        229148       1    0.1040137869    0.1040137869
        222805       1    0.1040034835    0.1040034835
        228916       1    0.1037605572    0.1037605572
        227663       1    0.1036513001    0.1036513001
        228399       1    0.1036310764    0.1036310764
        222406       1    0.1035272557    0.1035272557
        223960       1    0.1035179054    0.1035179054
        223044       1    0.1034587455    0.1034587455
        223154       1    0.1034457827    0.1034457827
        226701       1    0.1033763003    0.1033763003
        225640       1    0.1033443350    0.1033443350
        222580       1    0.1033297082    0.1033297082
        225841       1    0.1032920661    0.1032920661
        228996       1    0.1032784979    0.1032784979
        227151       1    0.1032394442    0.1032394442
        228271       1    0.1032380253    0.1032380253
        226973       1    0.1032278732    0.1032278732
        226465       1    0.1032196310    0.1032196310
        224499       1    0.1032149287    0.1032149287
        223295       1    0.1032146263    0.1032146263
        227291       1    0.1031877165    0.1031877165
        227118       1    0.1031172898    0.1031172898
        226440       1    0.1030932950    0.1030932950
        228133       1    0.1029609442    0.1029609442
        228079       1    0.1029423277    0.1029423277
        225017       1    0.1028685724    0.1028685724
        226983       1    0.1027815007    0.1027815007
        226543       1    0.1025414939    0.1025414939
        225083       1    0.1024954555    0.1024954555
        228565       1    0.1024333551    0.1024333551
        223231       1    0.1023460996    0.1023460996
        226238       1    0.1022932042    0.1022932042
        226824       1    0.1022465397    0.1022465397
        229203       1    0.1022336066    0.1022336066
        225215       1    0.1022218490    0.1022218490
        226971       1    0.1021032532    0.1021032532
        222799       1    0.1020742769    0.1020742769
        228209       1    0.1020258184    0.1020258184
        224745       1    0.1020240386    0.1020240386
        224811       1    0.1020100580    0.1020100580
        227753       1    0.1019925106    0.1019925106
        228342       1    0.1019811602    0.1019811602
        228749       1    0.1019400046    0.1019400046
        227020       1    0.1019304712    0.1019304712
        227305       1    0.1018873868    0.1018873868
        229055       1    0.1018751746    0.1018751746
        222711       1    0.1018301571    0.1018301571
        226457       1    0.1018042055    0.1018042055
        226588       1    0.1016883217    0.1016883217
        228375       1    0.1016526060    0.1016526060
        228882       1    0.1016335487    0.1016335487
        227073       1    0.1015658845    0.1015658845
        225757       1    0.1014549903    0.1014549903
        228679       1    0.1014123048    0.1014123048
        226721       1    0.1014115642    0.1014115642
        223348       1    0.1013753755    0.1013753755
        228193       1    0.1013617386    0.1013617386
        226704       1    0.1012350455    0.1012350455
        227142       1    0.1012240516    0.1012240516
        225975       1    0.1011260400    0.1011260400
        226070       1    0.1011260400    0.1011260400
        229314       1    0.1010851938    0.1010851938
        223317       1    0.1010682556    0.1010682556
        228928       1    0.1010147611    0.1010147611
        222801       1    0.1009425383    0.1009425383
        224826       1    0.1009293846    0.1009293846
        225869       1    0.1008876363    0.1008876363
        228659       1    0.1007816494    0.1007816494
        222409       1    0.1007748184    0.1007748184
        227388       1    0.1006412458    0.1006412458
        225284       1    0.1006364922    0.1006364922
        225944       1    0.1006147693    0.1006147693
        226582       1    0.1005872885    0.1005872885
        225050       1    0.1005256077    0.1005256077
        228937       1    0.1004973820    0.1004973820
        229169       1    0.1004933404    0.1004933404
        226438       1    0.1004893755    0.1004893755
        225533       1    0.1004353594    0.1004353594
        228268       1    0.1004132628    0.1004132628
        228185       1    0.1003771126    0.1003771126
        229308       1    0.1003253899    0.1003253899
        223075       1    0.1002440453    0.1002440453
        225791       1    0.1002307081    0.1002307081
        222475       1    0.1002305072    0.1002305072
        227031       1    0.1001244858    0.1001244858
        228808       1    0.1001144756    0.1001144756
        227366       1    0.1000666787    0.1000666787
        226496       1    0.1000597954    0.1000597954
        226163       1    0.0998718950    0.0998718950
        229155       1    0.0998225432    0.0998225432
        227314       1    0.0997838179    0.0997838179
        228832       1    0.0997318834    0.0997318834
        222539       1    0.0996513516    0.0996513516
        223012       1    0.0995940151    0.0995940151
        225536       1    0.0995738852    0.0995738852
        224406       1    0.0995562055    0.0995562055
        227311       1    0.0994569390    0.0994569390
        225767       1    0.0994491013    0.0994491013
        228654       1    0.0994412020    0.0994412020
        227280       1    0.0993612990    0.0993612990
        226821       1    0.0993460480    0.0993460480
        223211       1    0.0992517575    0.0992517575
        226962       1    0.0991588790    0.0991588790
        226308       1    0.0990947851    0.0990947851
        227096       1    0.0990906879    0.0990906879
        227124       1    0.0989752710    0.0989752710
        228897       1    0.0989733772    0.0989733772
        229151       1    0.0989589244    0.0989589244
        225808       1    0.0989057214    0.0989057214
        227810       1    0.0988863225    0.0988863225
        222886       1    0.0988129939    0.0988129939
        227805       1    0.0988033032    0.0988033032
        229207       1    0.0987692624    0.0987692624
        227342       1    0.0986943990    0.0986943990
        225853       1    0.0986939050    0.0986939050
        229273       1    0.0986742243    0.0986742243
        226501       1    0.0986299008    0.0986299008
        225007       1    0.0985762725    0.0985762725
        228644       1    0.0985479923    0.0985479923
        225700       1    0.0984672766    0.0984672766
        222777       1    0.0982494255    0.0982494255
        225504       1    0.0981991982    0.0981991982
        225345       1    0.0981464489    0.0981464489
        228464       1    0.0981182547    0.0981182547
        229144       1    0.0981151397    0.0981151397
        225988       1    0.0981101530    0.0981101530
        225623       1    0.0980501926    0.0980501926
        227808       1    0.0977757034    0.0977757034
        228485       1    0.0976913105    0.0976913105
        228254       1    0.0976306299    0.0976306299
        226700       1    0.0975864037    0.0975864037
        229177       1    0.0975824242    0.0975824242
        227138       1    0.0975539251    0.0975539251
        224993       1    0.0975161386    0.0975161386
        225813       1    0.0975050641    0.0975050641
        228828       1    0.0974411021    0.0974411021
        223379       1    0.0973968983    0.0973968983
        225666       1    0.0973711777    0.0973711777
        227809       1    0.0972069644    0.0972069644
        227070       1    0.0969496914    0.0969496914
        226383       1    0.0967802219    0.0967802219
        228521       1    0.0964562893    0.0964562893
        226217       1    0.0963915379    0.0963915379
        225307       1    0.0961313236    0.0961313236
        229227       1    0.0959209684    0.0959209684
        228770       1    0.0959204246    0.0959204246
        228070       1    0.0958896620    0.0958896620
        226622       1    0.0958748596    0.0958748596
        227864       1    0.0957911092    0.0957911092
        226614       1    0.0957383931    0.0957383931
        229190       1    0.0956927551    0.0956927551
        228727       1    0.0956418629    0.0956418629
        227930       1    0.0955133926    0.0955133926
        227226       1    0.0954820591    0.0954820591
        227295       1    0.0954527205    0.0954527205
        229262       1    0.0952691228    0.0952691228
        229054       1    0.0951908761    0.0951908761
        227869       1    0.0951818660    0.0951818660
        226816       1    0.0951501962    0.0951501962
        228735       1    0.0951491608    0.0951491608
        225072       1    0.0949717703    0.0949717703
        227894       1    0.0949437037    0.0949437037
        227691       1    0.0949432850    0.0949432850
        229109       1    0.0948149090    0.0948149090
        228131       1    0.0947690720    0.0947690720
        228243       1    0.0947002016    0.0947002016
        227328       1    0.0946827427    0.0946827427
        225301       1    0.0946691132    0.0946691132
        226497       1    0.0944693712    0.0944693712
        228236       1    0.0944546008    0.0944546008
        223427       1    0.0943750193    0.0943750193
        226913       1    0.0943507353    0.0943507353
        222771       1    0.0942543561    0.0942543561
        227205       1    0.0942303267    0.0942303267
        226034       1    0.0942039707    0.0942039707
        228077       1    0.0941879799    0.0941879799
        226493       1    0.0941698217    0.0941698217
        227154       1    0.0941698217    0.0941698217
        226405       1    0.0940825289    0.0940825289
        228176       1    0.0939214393    0.0939214393
        229044       1    0.0938294005    0.0938294005
        225737       1    0.0935897231    0.0935897231
        223970       1    0.0935386784    0.0935386784
        228448       1    0.0933991589    0.0933991589
        225776       1    0.0932693279    0.0932693279
        228504       1    0.0929967046    0.0929967046
        228511       1    0.0929561011    0.0929561011
        228643       1    0.0928450003    0.0928450003
        226691       1    0.0925890605    0.0925890605
        229068       1    0.0925138248    0.0925138248
        226825       1    0.0924735141    0.0924735141
        228359       1    0.0923812233    0.0923812233
        228648       1    0.0922808225    0.0922808225
        228165       1    0.0920456026    0.0920456026
        223147       1    0.0918935594    0.0918935594
        228849       1    0.0918158643    0.0918158643
        228947       1    0.0918000627    0.0918000627
        226942       1    0.0917076035    0.0917076035
        225091       1    0.0915998363    0.0915998363
        222913       1    0.0915379295    0.0915379295
        228145       1    0.0914460421    0.0914460421
        228546       1    0.0912754769    0.0912754769
        228183       1    0.0912221012    0.0912221012
        228672       1    0.0907665105    0.0907665105
        227862       1    0.0906687582    0.0906687582
        223363       1    0.0906092588    0.0906092588
        228956       1    0.0906046277    0.0906046277
        227762       1    0.0905183891    0.0905183891
        223428       1    0.0904802794    0.0904802794
        225817       1    0.0904557525    0.0904557525
        225801       1    0.0903455740    0.0903455740
        225673       1    0.0902974308    0.0902974308
        228229       1    0.0902879886    0.0902879886
        228332       1    0.0901056131    0.0901056131
        228120       1    0.0901021636    0.0901021636
        228750       1    0.0900438645    0.0900438645
        226627       1    0.0900134563    0.0900134563
        228955       1    0.0896649837    0.0896649837
        229115       1    0.0896246495    0.0896246495
        222874       1    0.0896102122    0.0896102122
        227258       1    0.0895690496    0.0895690496
        228831       1    0.0894578149    0.0894578149
        229046       1    0.0892589332    0.0892589332
        228649       1    0.0890592088    0.0890592088
        227905       1    0.0889874514    0.0889874514
        227605       1    0.0889630331    0.0889630331
        227198       1    0.0887132544    0.0887132544
        227437       1    0.0886315649    0.0886315649
        227343       1    0.0886278938    0.0886278938
        227182       1    0.0885446767    0.0885446767
        228107       1    0.0885356950    0.0885356950
        228086       1    0.0885115777    0.0885115777
        223417       1    0.0884331378    0.0884331378
        226334       1    0.0883428048    0.0883428048
        229128       1    0.0883273780    0.0883273780
        224923       1    0.0880964136    0.0880964136
        224256       1    0.0880956339    0.0880956339
        222979       1    0.0880666161    0.0880666161
        227102       1    0.0878048611    0.0878048611
        223338       1    0.0878016097    0.0878016097
        227963       1    0.0874730728    0.0874730728
        226282       1    0.0871392774    0.0871392774
        226456       1    0.0871369161    0.0871369161
        228368       1    0.0871250589    0.0871250589
        225384       1    0.0871128451    0.0871128451
        228093       1    0.0871119797    0.0871119797
        222872       1    0.0870771557    0.0870771557
        226517       1    0.0867292959    0.0867292959
        227819       1    0.0866877315    0.0866877315
        227778       1    0.0866613698    0.0866613698
        228557       1    0.0865498043    0.0865498043
        227675       1    0.0864289020    0.0864289020
        228861       1    0.0863552753    0.0863552753
        227508       1    0.0859221952    0.0859221952
        227927       1    0.0857665000    0.0857665000
        228326       1    0.0856899520    0.0856899520
        226747       1    0.0855934057    0.0855934057
        227776       1    0.0854111394    0.0854111394
        226264       1    0.0852009952    0.0852009952
        226862       1    0.0849739933    0.0849739933
        228111       1    0.0848865294    0.0848865294
        228883       1    0.0847636444    0.0847636444
        223303       1    0.0847260034    0.0847260034
        226125       1    0.0846643620    0.0846643620
        225771       1    0.0846531898    0.0846531898
        229163       1    0.0846291803    0.0846291803
        228619       1    0.0846283115    0.0846283115
        222611       1    0.0845110938    0.0845110938
        228836       1    0.0844407827    0.0844407827
        227937       1    0.0844116509    0.0844116509
        225250       1    0.0841280731    0.0841280731
        224597       1    0.0839350444    0.0839350444
        228908       1    0.0839043943    0.0839043943
        228054       1    0.0838665189    0.0838665189
        227263       1    0.0832322337    0.0832322337
        227072       1    0.0831007741    0.0831007741
        227030       1    0.0829095869    0.0829095869
        229118       1    0.0828811079    0.0828811079
        224170       1    0.0827947234    0.0827947234
        223146       1    0.0826945855    0.0826945855
        227186       1    0.0826136903    0.0826136903
        227121       1    0.0822539590    0.0822539590
        228784       1    0.0822430316    0.0822430316
        227261       1    0.0821797612    0.0821797612
        226317       1    0.0819911672    0.0819911672
        225508       1    0.0819125898    0.0819125898
        228926       1    0.0818961656    0.0818961656
        227690       1    0.0817541415    0.0817541415
        223199       1    0.0816689581    0.0816689581
        228137       1    0.0815801904    0.0815801904
        223126       1    0.0815720533    0.0815720533
        223835       1    0.0812866350    0.0812866350
        226744       1    0.0807255468    0.0807255468
        228519       1    0.0804315662    0.0804315662
        222601       1    0.0800751828    0.0800751828
        228369       1    0.0797728043    0.0797728043
        229156       1    0.0795913523    0.0795913523
        226737       1    0.0793786528    0.0793786528
        227922       1    0.0793175542    0.0793175542
        225984       1    0.0792570445    0.0792570445
        225971       1    0.0790404273    0.0790404273
        228442       1    0.0789948046    0.0789948046
        226018       1    0.0789657650    0.0789657650
        228978       1    0.0789122707    0.0789122707
        223698       1    0.0787996100    0.0787996100
        229020       1    0.0787079308    0.0787079308
        224128       1    0.0784879971    0.0784879971
        226344       1    0.0783233215    0.0783233215
        226073       1    0.0783005714    0.0783005714
        228620       1    0.0771080417    0.0771080417
        227406       1    0.0769417989    0.0769417989
        226814       1    0.0757926297    0.0757926297
        228143       1    0.0756127983    0.0756127983
        223436       1    0.0755306554    0.0755306554
        226047       1    0.0753901737    0.0753901737
        228397       1    0.0750958622    0.0750958622
        227367       1    0.0739368984    0.0739368984
        228884       1    0.0738447344    0.0738447344
        227843       1    0.0736535652    0.0736535652
        227231       1    0.0730580132    0.0730580132
        227370       1    0.0728279175    0.0728279175
        222394       1    0.0725513463    0.0725513463
        226924       1    0.0722758758    0.0722758758
        227723       1    0.0708917201    0.0708917201
        225283       1    0.0695525979    0.0695525979
        226926       1    0.0691073270    0.0691073270
        226853       1    0.0690505020    0.0690505020
        222976       1    0.0680884513    0.0680884513
        223164       1    0.0680727337    0.0680727337
        227327       1    0.0677745876    0.0677745876
        228436       1    0.0668964454    0.0668964454
        223039       1    0.0667885088    0.0667885088
        224171       1    0.0650154700    0.0650154700
        228064       1    0.0645157170    0.0645157170
        226114       1    0.0638674555    0.0638674555
        226922       1    0.0624196665    0.0624196665
        226327       1    0.0608467667    0.0608467667
        226245       1    0.0603703978    0.0603703978
        226303       1    0.0596055052    0.0596055052
        229145       1    0.0583084632    0.0583084632
        225267       1    0.0582522780    0.0582522780
        226328       1    0.0581284851    0.0581284851
        228252       1    0.0568775941    0.0568775941
        229029       1    0.0567013196    0.0567013196
        228835       1    0.0564314023    0.0564314023
        228945       1    0.0560487480    0.0560487480
        228847       1    0.0553348348    0.0553348348
        226828       1    0.0538863483    0.0538863483
        223395       1    0.0524172814    0.0524172814
        228776       1    0.0520801061    0.0520801061
        227347       1    0.0516224371    0.0516224371
        225942       1    0.0502513838    0.0502513838
        228871       1    0.0488364026    0.0488364026
        228639       1    0.0477995529    0.0477995529
        229140       1    0.0474793400    0.0474793400
        228768       1    0.0460683438    0.0460683438
        226565       1    0.0457871938    0.0457871938
        227539       1    0.0456136310    0.0456136310
        227548       1    0.0452402300    0.0452402300
        223007       1    0.0450869073    0.0450869073
        225723       1    0.0441972826    0.0441972826
        227335       1    0.0437271616    0.0437271616
        227720       1    0.0431617468    0.0431617468
        228372       1    0.0425304547    0.0425304547
        228161       1    0.0423185868    0.0423185868
        228265       1    0.0420010948    0.0420010948
        229108       1    0.0418487522    0.0418487522
        228169       1    0.0410642006    0.0410642006
        228041       1    0.0400548950    0.0400548950
        223922       1    0.0390918485    0.0390918485
        226348       1    0.0364039288    0.0364039288
        228285       1    0.0362219930    0.0362219930
        229111       1    0.0357668478    0.0357668478
        229219       1    0.0356443877    0.0356443877
        227747       1    0.0354105177    0.0354105177
        227832       1    0.0352623750    0.0352623750
        222589       1    0.0347101753    0.0347101753
        227517       1    0.0346119150    0.0346119150
        228258       1    0.0344991386    0.0344991386
        225848       1    0.0343632598    0.0343632598
        227995       1    0.0342621476    0.0342621476
        228188       1    0.0342140152    0.0342140152
        227355       1    0.0328909091    0.0328909091
        222769       1    0.0321754108    0.0321754108
        227564       1    0.0315067521    0.0315067521
        228447       1    0.0310901790    0.0310901790
        229310       1    0.0310901630    0.0310901630
        228843       1    0.0309452541    0.0309452541
        225880       1    0.0303106830    0.0303106830
        227974       1    0.0301964066    0.0301964066
        222770       1    0.0295360347    0.0295360347
        228330       1    0.0293354559    0.0293354559
        223572       1    0.0292962087    0.0292962087
        222878       1    0.0291278171    0.0291278171
        225203       1    0.0250323911    0.0250323911
        228401       1    0.0246445499    0.0246445499
        229130       1    0.0215989549    0.0215989549
        229113       1    0.0211919221    0.0211919221
        228844       1    0.0203231752    0.0203231752
        225311       1    0.0179942280    0.0179942280
        229033       1    0.0171874809    0.0171874809
        223028       1    0.0163931675    0.0163931675
        227529       1    0.0128989443    0.0128989443
        223106       1    0.0111945495    0.0111945495
        223403       1    0.0109036870    0.0109036870
        227977       1    0.0095409664    0.0095409664
        226271       1    0.0093164570    0.0093164570
        228935       1    0.0086784843    0.0086784843
        227828       1    0.0083554685    0.0083554685
        227841       1    0.0053637582    0.0053637582
        223274       1    0.0031729516    0.0031729516
        228151       1    0.0021943584    0.0021943584
        229069       1    0.0019140691    0.0019140691
        227744       1    0.0000062615    0.0000062615
        223394       1   -0.0005010241   -0.0005010241
        223198       1   -0.0005062764   -0.0005062764
        225081       1   -0.0005381192   -0.0005381192
        229215       1   -0.0006489721   -0.0006489721
        228000       1   -0.0021297506   -0.0021297506
        227774       1   -0.0022627973   -0.0022627973
        227757       1   -0.0044021254   -0.0044021254
        227857       1   -0.0049363928   -0.0049363928
        226646       1   -0.0062213193   -0.0062213193
        228523       1   -0.0090775947   -0.0090775947
        229040       1   -0.0094959855   -0.0094959855
        225459       1   -0.0105507121   -0.0105507121
        227984       1   -0.0106494874   -0.0106494874
        227740       1   -0.0117072734   -0.0117072734
        226880       1   -0.0130922470   -0.0130922470
        225731       1   -0.0135044452   -0.0135044452
        223460       1   -0.0142082423   -0.0142082423
        228025       1   -0.0143421094   -0.0143421094
        225442       1   -0.0143823633   -0.0143823633
        228245       1   -0.0156438017   -0.0156438017
        227194       1   -0.0160134130   -0.0160134130
        226414       1   -0.0164519916   -0.0164519916
        225839       1   -0.0189077330   -0.0189077330
        225496       1   -0.0206367079   -0.0206367079
        229030       1   -0.0240371227   -0.0240371227
        224135       1   -0.0247138917   -0.0247138917
        227424       1   -0.0248602981   -0.0248602981
        226170       1   -0.0250479054   -0.0250479054
        229238       1   -0.0262602468   -0.0262602468
        226963       1   -0.0269921956   -0.0269921956
        227240       1   -0.0272097494   -0.0272097494
        226051       1   -0.0279799537   -0.0279799537
        223471       1   -0.0284145673   -0.0284145673
        225407       1   -0.0289914703   -0.0289914703
        227040       1   -0.0290861771   -0.0290861771
        228788       1   -0.0291640591   -0.0291640591
        224870       1   -0.0292396070   -0.0292396070
        228921       1   -0.0316863165   -0.0316863165
        226970       1   -0.0321477630   -0.0321477630
        226709       1   -0.0330941112   -0.0330941112
        226442       1   -0.0389166978   -0.0389166978
        226418       1   -0.0425788001   -0.0425788001
        227129       1   -0.0444319436   -0.0444319436
        228589       1   -0.0468144626   -0.0468144626
        227667       1   -0.0513714254   -0.0513714254
        228230       1   -0.0562941055   -0.0562941055
        229284       1   -0.0572512469   -0.0572512469
        227755       1   -0.0575976084   -0.0575976084
        228152       1   -0.0621431540   -0.0621431540
        229120       1   -0.0646742978   -0.0646742978
        223467       1   -0.0691725332   -0.0691725332
        229199       1   -0.0739545310   -0.0739545310
        223442       1   -0.0808021615   -0.0808021615
        229231       1   -0.0836193492   -0.0836193492
        227352       1   -0.0980330217   -0.0980330217
        229067       1   -0.1164435755   -0.1164435755
        228734       1   -0.1541838438   -0.1541838438
        228699       1  -499.9478318914  -499.9478318914

