name,score
rxn:2:106030:142183,0.12998794515927634
rxn:1:60111:37744,0.15445766999171331
rxn:2:125927:142183,0.13363386117495024
rxn:2:141397:172618,0.13867186798768885
rxn:2:141397:74816,0.1345524237706111
rxn:1:62096:723,0.13947448134422302
rxn:2:136412:142183,0.15209601074457169
rxn:1:62096:723,0.13947448134422302
rxn:2:103132:142183,0.13846081122756004
rxn:2:141397:171392,0.14544574302785537
rxn:2:118262:142183,0.123336774962289
rxn:2:142033:126659,0.11791899601618448
rxn:1:64149:723,0.16630210621016367
rxn:2:138647:142183,0.14801930056677925
rxn:2:141397:158637,0.12806404720653186
rxn:1:42412:723,0.11503532257947055
rxn:2:105340:170913,0.1317447853088379
rxn:2:90396:142183,0.11491125822067261
rxn:2:150492:142183,0.12531279262743497
rxn:2:110352:169305,0.15453604289463588
rxn:1:46492:3819,0.11319190661112467
rxn:2:141397:171534,0.11877973590578352
rxn:2:85225:169412,0.14006034753940724
rxn:1:46492:5553,0.09582285881042481
rxn:2:105340:152446,0.12559433087058688
rxn:2:148312:142183,0.14671490066929868
rxn:2:97081:169412,0.12251205576790704
rxn:2:75081:142183,0.1142188273370266
rxn:2:136412:142183,0.15209601074457169
rxn:2:102870:142183,0.14359834988911946
rxn:2:77560:171179,0.15212863954630765
rxn:2:119869:142183,0.15504882484674454
rxn:2:141397:102373,0.1340007781982422
rxn:2:141397:159993,0.14143658876419068
rxn:2:159299:142183,0.12609737449222141
rxn:2:141397:68909,0.12515490896561565
rxn:2:148598:142183,0.1575927800602383
rxn:2:88266:97563,0.14753876282618597
rxn:2:141397:85327,0.14043907076120377
rxn:2:97543:172751,0.14078618420494926
rxn:2:141397:115233,0.10285102043833051
rxn:2:105340:169305,0.1437271785736084
rxn:2:141397:172676,0.13118884509260004
rxn:2:141397:154822,0.12836342508142645
rxn:2:94402:94314,0.14066070318222046
rxn:2:110352:169414,0.12581623196601868
rxn:2:110352:108127,0.09027481780332677
rxn:2:141397:151992,0.1447556458021465
rxn:2:115896:70192,0.1401434432376515
rxn:2:141397:147330,0.1302367647488912
rxn:2:141397:171933,0.10718466175927056
rxn:2:91952:142183,0.14484995206197102
rxn:2:86811:94314,0.14383548956650954
rxn:2:73728:173089,0.1477203028542655
rxn:1:60111:13903,0.12171834707260132
rxn:2:141397:170471,0.10776393711566926
rxn:2:66959:170060,0.15826005847365768
rxn:2:135058:169305,0.14351472487816444
rxn:2:119484:142183,0.13094963878393173
rxn:2:100318:133871,0.13294718095234462
rxn:2:132002:94314,0.1581401377916336
rxn:2:141397:152226,0.1607253488741423
rxn:2:138076:169305,0.15625950923332801
rxn:2:97024:127577,0.1476660396741784
rxn:2:77915:142183,0.09479042689005533
rxn:2:141397:172841,0.12599366241031223
rxn:2:141397:74209,0.11873000434466771
rxn:2:124198:112875,0.12529802322387695
rxn:2:165375:142183,0.12567416931453504
rxn:2:146036:170060,0.13604282179186422
rxn:2:141397:171246,0.14688937772404065
rxn:2:141397:170940,0.13178659081459046
rxn:2:141397:169305,0.13963708877563477
rxn:2:99849:171231,0.15908571226256235
rxn:1:45225:31214,0.1473071386939601
rxn:2:141397:172893,0.13004437386989592
rxn:2:69619:94314,0.14209814484302813
rxn:2:139209:143624,0.156201340935447
rxn:2:145455:142183,0.11921775027325279
rxn:2:76625:97346,0.15250536657515026
rxn:2:137524:94314,0.14342912912368774
rxn:2:144300:142183,0.11658203601837158
rxn:2:141397:167458,0.144566610455513
rxn:2:86224:171231,0.1230958413194727
rxn:2:131733:169412,0.1469810058673223
rxn:2:105648:142183,0.13937515765428543
rxn:2:128000:173089,0.12195817629496257
rxn:2:125739:94314,0.12983052108598792
rxn:2:142033:169305,0.11677771239053636
rxn:2:108752:142183,0.13668683171272278
rxn:2:128535:169305,0.1346158261100451
rxn:2:141397:123403,0.1270878485270909
rxn:2:73749:128669,0.15083109814187753
rxn:2:141397:172278,0.12916005320019192
rxn:2:105205:142183,0.14474564045667648
rxn:2:124198:125758,0.1339923558027848
rxn:2:122923:170060,0.13967910210291545
rxn:2:83604:147222,0.13622911138968033
rxn:2:109607:171231,0.14705186165296114
rxn:2:172280:142183,0.13869998455047608
rxn:2:95370:170060,0.1527620792388916
rxn:2:109607:169305,0.1303065327497629
rxn:2:75948:169305,0.12431852634136493
rxn:2:110352:146037,0.14677166938781738
rxn:2:124198:87736,0.1434881795536388
rxn:2:161584:142183,0.12410739221070942
rxn:2:92565:169305,0.13894996276268592
rxn:2:105701:172375,0.14575306795261525
rxn:2:101355:111147,0.1517182565652407
rxn:2:130128:158071,0.11699675477069357
rxn:2:139798:169412,0.1443257393508122
rxn:2:97980:152911,0.13219160300034744
rxn:2:141397:171550,0.1335756312245908
rxn:2:155401:142183,0.13874076604843139
rxn:2:141397:170801,0.11452384789784749
rxn:2:87876:125758,0.13542865151944367
rxn:2:74393:171246,0.12752504260451705
rxn:2:98184:87722,0.14952962739127024
rxn:2:142033:172397,0.1478161915488865
rxn:2:101439:171392,0.1526356405682034
rxn:2:141397:173009,0.1435534902240919
rxn:2:110352:169560,0.14671355187892915
rxn:2:141238:123403,0.132327896097432
rxn:2:141397:172076,0.13788405723041958
rxn:2:89509:172751,0.12549674952471698
rxn:2:101433:173089,0.13201137988463693
rxn:2:91885:170060,0.14649291696219607
rxn:2:125739:123403,0.1107362353283426
rxn:2:91991:170060,0.14905065298080444
rxn:2:137534:172751,0.15377438730663723
rxn:2:107115:170060,0.12818446865788213
rxn:2:76822:169305,0.13495240926742555
rxn:2:141397:168989,0.13764454069591703
rxn:2:71522:169412,0.1483207035947729
rxn:2:91885:169412,0.14578761108990373
rxn:2:86811:126659,0.14684011615239656
rxn:2:86811:87722,0.14096789405896112
rxn:2:67380:100541,0.14790272024961618
rxn:2:134099:173089,0.13147993087768556
rxn:2:113063:104907,0.14870100716749826
rxn:2:141397:67845,0.1279022353036063
rxn:2:131711:172751,0.14567591462816512
rxn:2:141397:111828,0.12369386023945278
rxn:2:125116:142183,0.13792820537791534
rxn:2:135573:170235,0.14195788112179986
rxn:2:76822:173089,0.15168629586696625
rxn:1:65513:8774,0.10350726048151652
rxn:2:150747:123403,0.15799943300393912
rxn:2:113875:70192,0.13104047016663986
rxn:2:93644:87722,0.15877187914318508
rxn:2:135058:172751,0.14492937370582862
rxn:2:89509:88103,0.1533495414824713
rxn:2:139504:123403,0.1461780775677074
rxn:2:101450:171492,0.13036047894021738
rxn:2:106940:172751,0.14953114809813323
rxn:2:141397:116388,0.1426571160554886
rxn:2:114191:102419,0.14657402276992798
rxn:2:141397:169394,0.13126663934616817
rxn:2:110352:173016,0.13753320773442587
rxn:2:73951:171246,0.14869935171944754
rxn:2:160401:170060,0.1425602666793331
rxn:2:67140:169412,0.1498146940921915
rxn:2:141397:70866,0.1260130057732264
rxn:2:106940:169412,0.13595284273227057
rxn:2:76044:81963,0.11917196349664168
rxn:2:76939:169305,0.13965213298797607
rxn:2:67380:108959,0.150519263285857
rxn:1:45229:23328,0.13242549896240235
rxn:2:141397:169197,0.13621975978215536
rxn:2:141397:151136,0.13098785943455166
rxn:2:83604:170026,0.13295846462249755
rxn:1:45225:661,0.13189017145257248
rxn:2:73951:172751,0.1389773510120533
rxn:2:141397:170813,0.1428627155043862
rxn:2:141397:171368,0.10389396122523717
rxn:2:83476:166934,0.12770333198400644
rxn:2:142033:169295,0.13287270069122314
rxn:2:116427:70192,0.10423061522570523
rxn:2:71006:172751,0.13206889079167292
rxn:2:126873:85300,0.07443631357616848
rxn:2:110352:173079,0.12304921865463257
rxn:2:112058:142183,0.13174244165420532
rxn:1:45229:31214,0.14304276516563014
rxn:2:97024:72767,0.11502075692017873
rxn:2:78535:141988,0.14399842344797575
rxn:2:88212:142183,0.12417111396789551
rxn:2:97024:67213,0.14583527499979193
rxn:2:77560:169305,0.12552298108736673
rxn:2:110352:170482,0.14399337470531465
rxn:2:128114:170060,0.144297684941973
rxn:2:135811:70192,0.13259098746559836
rxn:2:132868:152446,0.11307794084915748
rxn:2:77560:169366,0.13281614505327666
rxn:2:141397:155734,0.15129014518525866
rxn:2:141397:134317,0.14887187257409096
rxn:2:110352:172778,0.13576117753982545
rxn:2:146036:169412,0.14996825879619968
rxn:2:67562:169412,0.14362514841145482
rxn:1:65513:39124,0.11005852222442628
rxn:2:92382:169414,0.13609953030295993
rxn:2:136620:170060,0.1416393177849906
rxn:2:88299:91582,0.13764217766848477
rxn:2:90290:142183,0.12378355434962682
rxn:2:108432:170060,0.14557843208312987
rxn:2:87971:123403,0.14656419306993484
rxn:2:136729:142183,0.1367318489972283
rxn:2:143779:142183,0.13558312023387237
rxn:2:94948:142183,0.14308918777265048
rxn:2:139105:172751,0.14835639657645389
rxn:2:72708:94314,0.12963313322800857
rxn:2:128825:81963,0.15141491456465286
rxn:2:101097:142183,0.15885593635695322
rxn:2:131223:147330,0.12951624172705192
rxn:2:127751:169305,0.12107388973236084
rxn:2:78571:147222,0.14961983919143676
rxn:2:104688:169851,0.14732971456315783
rxn:2:72890:102419,0.1329604172706604
rxn:2:81673:169305,0.11648660627278415
rxn:2:112846:142183,0.14051120621817453
rxn:2:140876:170060,0.14511947333812714
rxn:1:60111:31609,0.13051861875197468
rxn:2:77560:171426,0.13132583101590475
rxn:2:86811:123403,0.14630756240624648
rxn:2:141397:172697,0.1596180929077996
rxn:2:96304:170060,0.14897765989961295
rxn:2:84123:170668,0.10800205336676703
rxn:2:131974:173089,0.15847530629899767
rxn:2:92382:147222,0.15156805515289307
rxn:2:91779:169412,0.1510551691055298
rxn:2:78981:142183,0.15024329800354808
rxn:2:107104:142183,0.13796687126159668
rxn:2:88686:171231,0.1343385696411133
rxn:1:41805:5553,0.10802029818296432
rxn:2:110352:171179,0.12453734247308028
rxn:2:86811:169412,0.13203902244567872
rxn:2:97900:169594,0.1466182541847229
rxn:2:77560:171492,0.12899088859558105
rxn:1:45229:38380,0.1404883108640972
rxn:2:98749:171231,0.14482595026493073
rxn:2:114592:170060,0.138282577196757
rxn:2:128114:169412,0.13979097775050572
rxn:2:131517:170060,0.1496844456113618
rxn:2:67187:171231,0.13574501514434814
rxn:2:120936:169305,0.11958943422024067
rxn:2:122923:169412,0.13308820327123005
rxn:2:141397:171572,0.1267327524366833
rxn:2:107302:169305,0.13416034203988533
rxn:2:155876:142183,0.14931755907395305
rxn:2:86811:170060,0.14528576930363973
rxn:2:93644:147222,0.14676608728325885
rxn:2:141397:170926,0.1310683772677467
rxn:2:139656:70192,0.1419742852449417
rxn:2:110352:170668,0.15487745262327648
rxn:2:141397:170891,0.12861723370022243
rxn:2:120564:170060,0.13364875316619873
rxn:2:141238:94314,0.12171193050301593
rxn:2:141397:172864,0.14308107982982288
rxn:2:138255:123403,0.14712728063265482
rxn:2:109607:172062,0.1147887176937527
rxn:2:67380:139570,0.1435838250013498
rxn:2:142513:142183,0.12624541709297582
rxn:2:141397:156943,0.14476417832904392
rxn:2:127440:147222,0.1386251916056094
rxn:2:141544:169305,0.1454966244874177
rxn:2:105340:172751,0.12903545223749602
rxn:2:93644:170374,0.13187559292866632
rxn:2:114505:170060,0.12916375089574744
rxn:2:74082:172375,0.14649748802185059
rxn:2:132946:169810,0.14049287353243148
rxn:2:70440:169412,0.14379827678203583
rxn:2:68410:171231,0.15327714107654714
rxn:2:128745:170060,0.14355116305143936
rxn:2:141397:171847,0.12488513901120141
rxn:2:110352:166766,0.14560286998748778
rxn:2:71204:123403,0.13235106815894446
rxn:2:141397:139724,0.14104660247501574
rxn:2:130128:147222,0.1283730994100156
rxn:2:92660:169412,0.13740152759211405
rxn:2:81821:171231,0.12279209265342125
rxn:1:45220:661,0.14399320514578567
rxn:2:124198:128669,0.12935146041538403
rxn:2:167592:94661,0.1225005961381472
rxn:2:79984:171246,0.13311098681555855
rxn:2:141397:112163,0.13720727761586507
rxn:2:91310:171231,0.12885808061670373
rxn:2:103216:170060,0.1335863890471282
rxn:2:125874:142724,0.159808882077535
rxn:2:92897:170060,0.13289283854620798
rxn:2:100097:110334,0.13715534687042236
rxn:2:70925:123403,0.1084264672320822
rxn:2:141397:173261,0.12770316430500575
rxn:2:139485:169305,0.12077685273610629
rxn:1:65513:28956,0.12677565864894702
rxn:2:116949:83009,0.14972234623772757
rxn:2:119366:94314,0.13902382850646972
rxn:2:133540:142183,0.13804945875616634
rxn:2:144636:170060,0.14163582940255443
rxn:2:142033:118142,0.13633998235066733
rxn:2:104748:152446,0.11498002707958221
rxn:2:93066:171231,0.1264961234160832
rxn:2:111346:113826,0.10249906519184941
rxn:2:131711:171231,0.14515746964348686
rxn:2:118635:170060,0.1412462304378378
rxn:2:141397:65814,0.13626404479146004
rxn:2:73951:169305,0.1304400104742784
rxn:2:140276:170060,0.13170895753083406
rxn:2:125578:169412,0.1414320985476176
rxn:2:67187:171179,0.11155949727348659
rxn:2:126579:149524,0.15263522624969483
rxn:2:81212:130267,0.1480561705196605
rxn:2:92623:83817,0.14000790459769114
rxn:2:131711:170801,0.13008467427321843
rxn:2:67380:123403,0.13375966787338256
rxn:2:129600:169412,0.13866473888528758
rxn:2:137534:152446,0.11552706112464269
rxn:2:164315:170060,0.13104957522767963
rxn:2:80433:170060,0.14763091619198138
rxn:2:66093:142183,0.12446660995483398
rxn:2:130128:171492,0.11494665042213771
rxn:2:86811:170858,0.14570173518411045
rxn:1:45229:12105,0.15828285614649454
rxn:2:74393:169412,0.1244479106820148
rxn:2:127751:171231,0.11095426559448242
rxn:2:140868:152446,0.10813376638624403
rxn:1:45220:38380,0.13843573394574618
rxn:2:124693:169305,0.1286480669622068
rxn:2:141544:172893,0.12828178538216484
rxn:1:65513:28813,0.13382364312807718
rxn:2:117731:123403,0.15243266820907592
rxn:2:135450:170801,0.11478313377925328
rxn:2:141397:169560,0.13726029270573667
rxn:2:160401:156984,0.14339313583989297
rxn:2:101439:156984,0.1490549828324999
rxn:2:154815:142183,0.15692257313501268
rxn:2:69022:94314,0.12891698425466364
rxn:2:90768:68807,0.1403731256723404
rxn:2:93026:152446,0.10715194940567016
rxn:2:110352:173012,0.13095569881525906
rxn:2:67562:170060,0.15997513409318595
rxn:2:141397:170514,0.13941987564689234
rxn:2:124198:91582,0.13509959266299293
rxn:2:141397:171231,0.157589852809906
rxn:2:127917:172375,0.13989178339640299
rxn:2:73951:171492,0.11355429649353027
rxn:2:141397:142160,0.10846230189005533
rxn:2:120564:169412,0.12027151107788087
rxn:2:94771:170999,0.10703737735748291
rxn:2:141397:146037,0.15298745930194854
rxn:2:138527:170411,0.14652862631041427
rxn:2:140868:170235,0.14624106884002686
rxn:2:73951:88103,0.13520142294111706
rxn:2:141397:170288,0.12708444344369987
rxn:1:43756:28754,0.07377543672919273
rxn:2:110829:171231,0.11887516425206111
rxn:2:134689:170060,0.13827321264478895
rxn:2:86811:109025,0.14370325759605126
rxn:2:141397:110310,0.15215829891317031
rxn:2:69576:152446,0.13079281789915903
rxn:2:92382:111053,0.1198645896381802
rxn:2:141397:169366,0.12068773128769615
rxn:2:69619:96010,0.131352910289058
rxn:2:141397:138958,0.1321082069323613
rxn:2:122568:170060,0.1518672933945289
rxn:2:110352:171423,0.11431698365644975
rxn:1:42029:28813,0.12418658971786499
rxn:2:117865:156984,0.12582500378290812
rxn:2:95901:142183,0.1327049970626831
rxn:2:108919:152446,0.11372975202707145
rxn:2:77440:171231,0.13068480292956033
rxn:2:132002:123403,0.15060987075169882
rxn:2:141544:107408,0.14606368257885888
rxn:2:138606:170060,0.140064537525177
rxn:2:103216:169412,0.12878800321508338
rxn:2:140399:87722,0.10627320550736927
rxn:2:120815:172375,0.13714193380795991
rxn:2:132002:73940,0.13356699297825494
rxn:2:79984:172751,0.1347197821507087
rxn:2:91950:170060,0.15215232570966084
rxn:2:92882:102419,0.1190151572227478
rxn:2:92382:171179,0.1164481368931857
rxn:2:113063:101264,0.14496770112410837
rxn:2:73951:170026,0.1079402778829847
rxn:2:110352:156047,0.15145885131575845
rxn:2:125425:68807,0.15133577364462394
rxn:2:77397:170060,0.14719002321362495
rxn:2:142033:170913,0.10660048609688169
rxn:2:94771:172265,0.12044559354367464
rxn:1:65013:28813,0.14670852571725845
rxn:2:141397:161575,0.14453166723251343
rxn:2:110352:151136,0.14662277698516846
rxn:2:122351:169305,0.14104165136814117
rxn:1:43975:38380,0.12120526401620162
rxn:2:139252:169305,0.14104899993309608
rxn:2:136508:171231,0.15388509844030654
rxn:2:92194:152446,0.1139782190322876
rxn:2:122723:79735,0.09939600229263305
rxn:2:97081:170060,0.11867551450376157
rxn:2:94771:169366,0.13314359004680926
rxn:2:145769:142183,0.12150525419335616
rxn:2:67380:126659,0.13738028526306154
rxn:2:66358:102419,0.14426583051681519
rxn:2:83604:173089,0.12326539646495473
rxn:2:164588:142183,0.15074857738282946
rxn:2:121028:173089,0.14875206461659185
rxn:2:83604:83991,0.149932114701522
rxn:2:75290:123403,0.1447367717822393
rxn:2:78172:171231,0.11966933653904842
rxn:2:68737:97346,0.14145575818561373
rxn:2:167260:169412,0.14288507401943207
rxn:2:84487:170913,0.1372577691900319
rxn:2:141397:169300,0.11927354963202226
rxn:2:141397:168058,0.14140335023403167
rxn:2:160401:169412,0.14306609092220182
rxn:2:77242:169305,0.1155268458219675
rxn:2:68085:169305,0.13742877697122508
rxn:2:97024:78351,0.14174680606178616
rxn:2:73951:173089,0.1398964262008667
rxn:2:169557:142183,0.15900503505359997
rxn:2:83476:91563,0.1404041602061345
rxn:2:88943:96010,0.15352787574132284
rxn:2:68710:123403,0.15179379284381866
rxn:2:130225:170235,0.14157797281558698
rxn:2:123785:170060,0.14448189735412598
rxn:2:116191:135659,0.12975726438605267
rxn:2:110352:169300,0.12737079858779907
rxn:2:127785:70192,0.14307959675788878
rxn:2:84697:170060,0.14933063302721297
rxn:2:104678:169412,0.155570716769607
rxn:2:122474:170060,0.12506912494527883
rxn:2:105784:170060,0.14616864919662476
rxn:2:144636:172076,0.14410547287233413
rxn:2:96304:169412,0.14942088209349533
rxn:2:111453:152446,0.1126968754189355
rxn:2:122723:152446,0.12858472199275575
rxn:2:95355:102419,0.13765535593032838
rxn:2:84123:172751,0.12595623305865697
rxn:2:84697:169412,0.13505004984991892
rxn:2:116690:169412,0.14112424850463867
rxn:2:83579:171231,0.1347821862609298
rxn:2:123459:170060,0.140852977489603
rxn:2:124198:101283,0.09899789408633583
rxn:2:105246:171231,0.1355697581401238
rxn:2:97063:169964,0.12058492943092629
rxn:1:41904:28813,0.1413506031036377
rxn:2:114592:169412,0.14393557884075023
rxn:2:78484:102373,0.1592141335660761
rxn:2:67562:108959,0.14200964340796837
rxn:2:141397:170692,0.11670126413044177
rxn:2:86811:125117,0.13738530022757395
rxn:2:104688:172375,0.14073099628571542
rxn:2:135415:168058,0.15636318305443073
rxn:2:130089:172375,0.126960555712382
rxn:2:92426:170060,0.1255990575861048
rxn:2:140614:170060,0.13539195912224905
rxn:2:83604:172375,0.12538836002349854
rxn:2:105340:171246,0.13418882643734967
rxn:2:130128:171246,0.1289814985715426
rxn:2:136620:169412,0.12983852624893188
rxn:2:113721:158071,0.11980778595496869
rxn:2:76236:97563,0.1423277213023259
rxn:2:69576:169412,0.10568867836679731
rxn:2:114213:171492,0.13714892665545145
rxn:2:124198:67213,0.14230098507621072
rxn:2:94402:123403,0.13458902789996222
rxn:2:136727:142183,0.14258786704805163
rxn:2:78571:170235,0.12767537052814776
rxn:2:141544:170913,0.12302254085187558
rxn:2:122468:96010,0.14771305478137473
rxn:2:128745:169412,0.1301169654597407
rxn:2:67187:169305,0.13180479526519776
rxn:2:110405:170060,0.12819434915270125
rxn:2:139678:169305,0.12190406322479248
rxn:2:72890:170411,0.1460394092968532
rxn:2:87290:70192,0.11339563908784286
rxn:2:77560:169810,0.13144664581005389
rxn:2:79834:170060,0.1469734768072764
rxn:2:86965:169305,0.11550828069448471
rxn:2:73728:83991,0.13951273759206137
rxn:2:120274:169305,0.11875530242919922
rxn:2:141819:169305,0.13109346451582732
rxn:2:78481:170235,0.13124426647468848
rxn:2:108186:169412,0.13967664241790773
rxn:2:115896:170235,0.11838474538591173
rxn:2:169973:142183,0.14941105246543884
rxn:2:158858:169412,0.147294282913208
rxn:2:114506:169594,0.15123495848282523
rxn:1:45229:12228,0.1030592407499041
rxn:1:45229:562,0.1030592407499041
rxn:2:67380:113826,0.1321954635473398
rxn:2:138643:94314,0.14187477473859433
rxn:2:103585:152446,0.1308469878775733
rxn:2:141397:170962,0.09997926574004323
rxn:2:92926:170235,0.1420824925104777
rxn:2:117045:170060,0.13171813488006592
rxn:2:79984:169305,0.12428824424743652
rxn:2:83178:169305,0.12438434788158961
rxn:1:45227:38380,0.13319477282072367
rxn:2:123459:169412,0.14001502456336185
rxn:2:89509:171246,0.13895522696631296
rxn:2:108395:170235,0.12221905589103699
rxn:2:97980:152446,0.11855151707475836
rxn:2:82757:170858,0.14329562187194825
rxn:2:81194:169412,0.12375779305734942
rxn:2:141819:152446,0.14253541946411133
rxn:2:141397:171261,0.13365034461021424
rxn:2:67304:169305,0.12900094191233316
rxn:2:127027:170060,0.14645206486737286
rxn:2:124677:171231,0.14660079990114486
rxn:2:97900:140099,0.15187823230570013
rxn:2:83604:169305,0.13532653062239938
rxn:2:135134:166934,0.11795526972183815
rxn:2:92926:152446,0.11746731996536255
rxn:2:141397:161753,0.10459632343716091
rxn:2:97318:169305,0.1331082101051624
rxn:2:94402:73299,0.11322751870522133
rxn:2:125447:171231,0.15272739837909566
rxn:2:141397:152462,0.14179807305335998
rxn:2:65963:169412,0.142031369300989
rxn:1:41711:11753,0.14312070958754597
rxn:2:138255:110334,0.14246199131011963
rxn:2:119211:170060,0.13994314935472277
rxn:2:165720:170060,0.14370682162623252
rxn:2:77560:173089,0.12670231902081033
rxn:2:67593:172618,0.15443273385365805
rxn:2:81158:170060,0.14079378758158004
rxn:2:76089:170060,0.1485218788896288
rxn:2:87876:67213,0.13349846818230368
rxn:2:99558:169412,0.14280230232647487
rxn:2:86811:165092,0.1532635236608571
rxn:2:82001:171231,0.1255850470983065
rxn:2:73100:170060,0.14606217984799985
rxn:2:74139:160624,0.13901024139844453
rxn:2:134853:169412,0.13736077012686893
rxn:2:113875:83817,0.14273620219457717
rxn:2:66657:170060,0.14846504160336085
rxn:2:141397:170246,0.10125424581415512
rxn:2:139105:169115,0.13030964987618582
rxn:2:72524:170060,0.14362977941830954
rxn:2:72299:169412,0.14165174078058312
rxn:2:75212:169305,0.1336734936787532
rxn:2:89640:142183,0.12160314718882242
rxn:2:95380:173016,0.1373256253344672
rxn:2:132002:139570,0.14961131572723388
rxn:2:122955:171231,0.15205780948911393
rxn:2:76440:170060,0.14661179270063127
rxn:2:111682:152446,0.10819356971316868
rxn:2:141290:169412,0.11696617470847236
rxn:2:132002:166540,0.13527316958815963
rxn:2:137734:169412,0.15376620457090182
rxn:2:147243:142183,0.10508000223260176
rxn:2:133392:170235,0.1347606224673135
rxn:2:144636:120181,0.11582064309290477
rxn:2:86811:116842,0.12724202665789375
rxn:2:141819:169085,0.1178755799929301
rxn:2:77440:171492,0.1300815706667693
rxn:2:131506:170235,0.14539289932984573
rxn:2:118157:173089,0.15237015060016088
rxn:1:41974:39052,0.09772732853889465
rxn:2:110352:150431,0.15084834609712874
rxn:2:108186:169851,0.15043499072392783
rxn:2:139686:170060,0.13223483385863127
rxn:2:86811:104467,0.15291448593139648
rxn:2:171940:142183,0.15690340101718903
rxn:2:109607:171492,0.12520684003829957
rxn:2:172182:142183,0.14381546053019437
rxn:2:70555:170411,0.15335690153056178
rxn:2:67187:172751,0.13654567415897662
rxn:2:129576:171231,0.117920241355896
rxn:2:83579:170060,0.12392128944396973
rxn:2:106616:170060,0.08906763532887334
rxn:2:139659:169412,0.1543118600492124
rxn:2:80346:126659,0.12647592067718505
rxn:2:124177:169739,0.14597159829632989
rxn:2:76625:172751,0.1461637492837577
rxn:2:88838:142183,0.13205926285849678
rxn:2:116231:169412,0.12576055968249286
rxn:2:97024:105841,0.1365520412271673
rxn:2:114429:169412,0.15220018227895102
rxn:2:95370:169412,0.137489652633667
rxn:2:95380:171152,0.13466930389404297
rxn:2:79984:173089,0.11901684602101643
rxn:2:102195:170235,0.12029080731528145
rxn:2:105333:142183,0.10014776140451431
rxn:2:97024:97710,0.1218654296614907
rxn:2:128825:173089,0.12214562526116005
rxn:2:141397:171462,0.13149139014157382
rxn:2:97063:169412,0.145784330368042
rxn:2:106623:169412,0.1359708309173584
rxn:2:166241:110334,0.14051564397483035
rxn:2:159419:98873,0.1437527792794364
rxn:2:117731:172751,0.1261714387823034
rxn:2:141397:162938,0.12446045130491257
rxn:2:141397:171991,0.12951746739839254
rxn:2:141397:135942,0.13083990414937338
rxn:2:83460:91563,0.15959886882616126
rxn:2:94769:170235,0.1267350542134252
rxn:2:73201:169305,0.13230382292358964
rxn:2:85122:169305,0.11631668530977689
rxn:2:92382:172375,0.13718614899195158
rxn:2:76638:171231,0.1329592510505959
rxn:2:67200:169412,0.1457957604101726
rxn:2:129842:169305,0.11963626094486403
rxn:2:137734:170060,0.14262284492624216
rxn:2:135134:79735,0.1330791339278221
rxn:2:108268:152446,0.10732925760334935
rxn:2:82050:172751,0.11887781708328812
rxn:1:45229:29637,0.1133293070291218
rxn:2:141397:144761,0.1246414065361023
rxn:2:133009:169305,0.12282715852443989
rxn:2:77440:152446,0.13265294649384238
rxn:2:91798:96010,0.15165581785399337
rxn:2:81174:98873,0.15263954136106703
rxn:2:73959:170060,0.12891583204269408
rxn:2:126247:152446,0.12753702093053748
rxn:2:138255:122855,0.140399639805158
rxn:2:104688:170235,0.13979084738369646
rxn:2:159121:142183,0.13153193394343057
rxn:2:132002:115754,0.11168757539529067
rxn:2:70400:171231,0.12962051232655844
rxn:2:141847:172375,0.12255870837431687
rxn:2:75324:142183,0.12992022718702043
rxn:2:97980:172375,0.13051726726385263
rxn:2:118218:150277,0.13963191906611125
rxn:2:69000:70192,0.1500716392810528
rxn:2:83006:172189,0.14148688978619045
rxn:2:81585:169305,0.13427012929549584
rxn:2:87971:173095,0.13242591972704287
rxn:2:122668:171392,0.10689341525236766
rxn:2:79495:169412,0.13139336449759348
rxn:2:108564:156984,0.1442812164624532
rxn:2:76625:169115,0.11217216295855385
rxn:2:108320:78538,0.15423371470891512
rxn:2:94862:170060,0.14673622449239096
rxn:2:91597:170668,0.13350337302243268
rxn:2:136472:70192,0.13346222400665284
rxn:2:114204:170668,0.14078561961650848
rxn:2:105196:142183,0.13857301543740666
rxn:2:101450:169305,0.14052398006121317
rxn:2:103296:172751,0.12781189038203314
rxn:2:102928:152446,0.11999540437351573
rxn:2:69022:170411,0.14690898997443064
rxn:2:116949:171231,0.15550440549850464
rxn:2:112350:169412,0.11325604385799831
rxn:2:116526:152446,0.11763570926807544
rxn:2:102195:171231,0.10784722438880376
rxn:2:73576:171428,0.1401702208178384
rxn:2:76322:123403,0.1311387444535891
rxn:2:134099:169305,0.13213315606117249
rxn:2:105340:171682,0.12071769325821488
rxn:2:85122:172751,0.1428526242574056
rxn:2:138592:117056,0.1405711198846499
rxn:2:87637:169412,0.1477611561616262
rxn:2:66038:170235,0.13098855018615724
rxn:2:140875:169412,0.14557844599088032
rxn:2:139637:170060,0.12566377287325653
rxn:2:103739:169412,0.14555407365163167
rxn:2:73951:152446,0.12204744418462117
rxn:2:107766:170060,0.1521200887088118
rxn:2:133483:170060,0.13976681232452393
rxn:2:117731:172893,0.13477454735682562
rxn:2:135058:152446,0.10481981933116913
rxn:2:131974:152446,0.12249173338596638
rxn:1:45227:31214,0.1325397491455078
rxn:2:107952:70192,0.13905466738201322
rxn:2:100318:172751,0.1365174893979673
rxn:2:104517:170060,0.13351217763764517
rxn:2:134099:170668,0.13237884869942299
rxn:2:110866:152446,0.11815937801643654
rxn:2:75557:171152,0.12426569132969298
rxn:2:70411:169412,0.14097888668378195
rxn:2:110352:172904,0.141245267607949
rxn:2:70440:170235,0.1254628598690033
rxn:2:122351:169197,0.14207206801934677
rxn:2:130128:94292,0.14708309173583983
rxn:2:113894:152446,0.11024828433990479
rxn:2:131711:169810,0.1540598047190699
rxn:2:141815:96010,0.14522446443637213
rxn:2:86811:111075,0.10138134002685546
rxn:2:130128:152446,0.10926756533709439
rxn:2:163272:142183,0.14554844119332053
rxn:2:103818:170060,0.13329075533768225
rxn:2:66858:170060,0.14176734067775584
rxn:2:110352:172062,0.14470553398132324
rxn:2:136172:172751,0.1334824928870568
rxn:2:109788:102419,0.14550418853759767
rxn:2:122723:70192,0.14024435098354632
rxn:2:92934:127220,0.1469190647968879
rxn:2:87971:94314,0.14807635049025217
rxn:2:141397:169739,0.12143479642413911
rxn:2:65837:169412,0.10288749694824219
rxn:2:128354:169412,0.12946283604417527
rxn:2:77440:173095,0.14411288783663795
rxn:2:167592:169412,0.15487191875775655
rxn:2:141397:142724,0.1380409532123142
rxn:2:106272:169305,0.14681233351047224
rxn:2:120564:171152,0.1466004622393641
rxn:2:135811:172494,0.12239775913102287
rxn:2:113731:169412,0.1372465388528232
rxn:2:112728:91563,0.13080098141323437
rxn:2:169101:142183,0.14539783922108737
rxn:2:110352:147222,0.15417447984218596
rxn:2:87290:87722,0.12875137545845725
rxn:2:72890:171231,0.14372125267982483
rxn:2:97063:147330,0.10830614566802979
rxn:2:120985:169412,0.15227707624435424
rxn:2:141397:171650,0.14618403570992605
rxn:2:101100:152446,0.12040109634399414
rxn:2:136508:171043,0.1277847618892275
rxn:2:84487:170235,0.14477065102807407
rxn:2:73909:170060,0.13877648966653006
rxn:2:127440:171246,0.1389042093203618
rxn:2:120365:145184,0.13301290512084962
rxn:2:100246:171231,0.13238211614745005
rxn:2:132373:170060,0.12974751710891724
rxn:2:80175:84335,0.09527583555741743
rxn:2:140546:169412,0.12436667084693909
rxn:2:141397:147673,0.14405049880345663
rxn:2:132400:171246,0.12219793521440946
rxn:2:86811:68807,0.14394583966996935
rxn:2:103172:169412,0.14404663774702284
rxn:2:140566:152446,0.11578894698101541
rxn:2:83959:169412,0.1347152590751648
rxn:2:156072:156984,0.1433345079421997
rxn:2:113672:169412,0.15124187425330834
rxn:2:141397:161514,0.14196819417616902
rxn:2:95375:170060,0.13719432950019836
rxn:2:77440:171426,0.1379400243361791
rxn:2:89294:152446,0.12925343677915377
rxn:2:120356:169412,0.14129319455888537
rxn:2:91097:170411,0.13414897876126425
rxn:2:141397:164787,0.13069193661212922
rxn:2:123853:170668,0.11310988206129807
rxn:2:92699:142183,0.13789021968841553
rxn:1:46492:28754,0.10298720200856527
rxn:2:110352:169604,0.14864062008104825
rxn:2:88157:170060,0.1388902642897197
rxn:2:141847:130267,0.12330257541993085
rxn:2:122341:171231,0.1292174988322788
rxn:2:86811:82388,0.13571952448950875
rxn:2:91991:169412,0.13948212409841604
rxn:2:132946:170411,0.1321580524627979
rxn:2:136996:170060,0.12452378372351329
rxn:2:113894:169739,0.12545579884733474
rxn:2:141397:145911,0.10753085111316882
rxn:2:141397:172621,0.1406141576312837
rxn:2:104688:170913,0.12748862134999242
rxn:2:107254:158071,0.11667941150994136
rxn:2:102843:170060,0.1426482081413269
rxn:2:119310:171231,0.1246091494193444
rxn:2:117045:172618,0.15030169983704886
rxn:2:105340:171460,0.12962041139602662
rxn:2:86397:135410,0.13841721415519714
rxn:2:86811:73299,0.13945148082879874
rxn:2:77560:170482,0.14100276646406754
rxn:2:113704:171231,0.13217294674653274
rxn:2:81341:169305,0.12977802753448486
rxn:2:133991:170060,0.13723494829954924
rxn:2:141397:170897,0.12910153567790986
rxn:2:97980:173089,0.12897233341051184
rxn:2:131711:171180,0.1308302538735526
rxn:2:121350:169412,0.1500466511799739
rxn:2:141847:171231,0.12030055870612462
rxn:2:128000:172631,0.12010763929440425
rxn:2:87971:75017,0.13369712114334106
rxn:2:100097:87790,0.14206828117370607
rxn:2:141397:166471,0.1069157600402832
rxn:2:70238:91582,0.12216472625732422
rxn:2:141397:172265,0.12566288521415309
rxn:2:124197:169412,0.10928154402765734
rxn:2:84487:173089,0.1373004870755332
rxn:2:123503:172375,0.1272021234035492
rxn:2:140868:158071,0.12991591436522348
rxn:2:98335:169305,0.12293259620666504
rxn:2:169492:142183,0.161565593697808
rxn:2:74567:112875,0.15475419521331787
rxn:2:136521:169305,0.11610268115997315
rxn:2:80739:142183,0.13315094262361526
rxn:2:120105:171231,0.1406684086240571
rxn:2:94668:170060,0.12224998076756795
rxn:2:103020:162236,0.13825888880367937
rxn:2:86385:172618,0.13072871349074625
rxn:2:132946:152446,0.11006050556898117
rxn:2:120936:146828,0.1450501939524775
rxn:2:97063:173089,0.14029817856275117
rxn:2:91597:171956,0.13908523959772928
rxn:2:141397:116314,0.10157323935452629
rxn:2:111682:170235,0.1427371543029259
rxn:2:141397:126848,0.13690269788106282
rxn:2:139637:171246,0.14129621231997455
rxn:2:87971:73940,0.133099893728892
rxn:2:139023:169305,0.13533902830547756
rxn:2:95795:123403,0.14947441349858823
rxn:2:81194:170060,0.1395359154670469
rxn:2:135573:169412,0.13656697008344862
rxn:2:141204:76379,0.1484059868035493
rxn:2:130209:170411,0.146166678132682
rxn:2:141397:172927,0.14446313814683395
rxn:2:135915:171669,0.15285174051920572
rxn:2:123884:170060,0.12333059829214345
rxn:2:77440:83009,0.1275378851329579
rxn:2:104781:170411,0.14518600907819024
rxn:2:90698:169412,0.12132941793512415
rxn:2:124198:71586,0.13650153185191907
rxn:2:76425:169305,0.1276564774689851
rxn:2:77719:169412,0.12003817925086388
rxn:2:141397:170896,0.12964161417701028
rxn:2:145188:125758,0.14608556032180786
rxn:2:116949:68807,0.13244626573894336
rxn:2:103172:170060,0.14302185508939955
rxn:2:141847:115754,0.146044784784317
rxn:2:74972:170502,0.12081513581452547
rxn:2:74393:170060,0.13751595953236456
rxn:2:126579:95801,0.1367573489745458
rxn:2:138722:171231,0.10807803825095848
rxn:2:124693:70956,0.1453273400016453
rxn:2:114522:157908,0.1298731647688767
rxn:2:110352:170653,0.11853460719188054
rxn:2:66982:142183,0.13946038133957805
rxn:2:87290:96975,0.1363728668378747
rxn:2:132946:172751,0.12112429627665768
rxn:2:114522:170060,0.15703197320302328
rxn:2:116427:152446,0.11177094221115112
rxn:2:104981:170060,0.1233894802905895
rxn:2:132131:171152,0.145645875355293
rxn:2:166110:142183,0.15303841390107809
rxn:2:129993:169412,0.13182549953460693
rxn:2:66358:169810,0.15970003207524616
rxn:2:116338:169305,0.13233714608045724
rxn:2:95279:170060,0.12465437766044371
rxn:2:125578:170060,0.1427941679954529
rxn:2:88848:170060,0.14201539754867554
rxn:2:167295:142183,0.11007909213795382
rxn:2:141397:172562,0.12767863273620605
rxn:2:130128:169366,0.12516221174826989
rxn:2:66636:169412,0.12335531089616858
rxn:2:67304:172375,0.1354863191473073
rxn:2:72059:152446,0.09864415645599366
rxn:2:91885:107716,0.11901875611009269
rxn:2:83476:125117,0.12593959386532122
rxn:2:93710:170060,0.13480008881667566
rxn:2:85637:169412,0.12067115306854248
rxn:2:110992:169305,0.13517970075974098
rxn:2:67380:68807,0.15445231245114252
rxn:2:69951:142183,0.14758557081222534
rxn:2:138255:133697,0.1354753589630127
rxn:2:130225:172751,0.12155228853225708
rxn:2:137743:123403,0.13838725198398938
rxn:2:114522:96010,0.15061222513516745
rxn:1:60111:31372,0.1174706781611723
rxn:2:83604:172893,0.10852912975394208
rxn:2:142033:171799,0.1365024664185264
rxn:2:86297:171246,0.1320655213461982
rxn:2:108728:169305,0.13390395045280457
rxn:2:131125:173089,0.12929319876890916
rxn:2:67380:173089,0.1282330870628357
rxn:2:113894:169305,0.1518324966783877
rxn:2:125874:108959,0.15947359138064915
rxn:2:141815:173089,0.14989588516099112
rxn:2:132002:87790,0.13707032203674316
rxn:2:105560:169305,0.13541952327445703
rxn:2:141847:171331,0.13822670529286066
rxn:2:141397:88368,0.1392124751034905
rxn:2:161599:142183,0.13221435083283317
rxn:2:114934:168058,0.14513401500880718
rxn:2:70104:70866,0.13710548480351767
rxn:2:139991:171492,0.1374843650394016
rxn:2:90327:170026,0.12128971568469343
rxn:2:83484:152446,0.09525577918342922
rxn:2:127204:168989,0.14446393506867544
rxn:2:114168:170060,0.14352176281122062
rxn:2:84123:171179,0.12775878190994264
rxn:2:122723:113826,0.12552397067730242
rxn:2:100097:87722,0.1238070676724116
rxn:2:91661:169412,0.11259293556213379
rxn:2:141397:149887,0.1359355307760693
rxn:2:171916:142183,0.14481837370178915
rxn:2:111985:171231,0.15863607547901296
rxn:2:141397:151179,0.11826487630605698
rxn:2:97900:169305,0.11878704141687464
rxn:2:104011:110041,0.15094607246333155
rxn:2:77719:170060,0.1430520644554725
rxn:2:79984:171179,0.10040772738664047
rxn:2:141397:172210,0.13998039279665267
rxn:2:104755:169305,0.12128387964688815
rxn:2:106943:152446,0.10662209758391747
rxn:2:73728:173079,0.10337797953532292
rxn:2:78914:169305,0.12398765087127686
rxn:2:119344:171231,0.13905333444989962
rxn:2:114522:112875,0.11884757063605568
rxn:2:74377:113807,0.11288927948993185
rxn:2:123785:169412,0.14414042631785076
rxn:2:96388:156984,0.12384589360310481
rxn:2:94047:170060,0.14391906857490538
rxn:2:88943:169412,0.13014230330785115
rxn:2:135450:171180,0.1365520485809871
rxn:2:124198:145184,0.14671798706054687
rxn:2:131003:169739,0.12268170288630895
rxn:2:105108:170060,0.14032682103495445
rxn:2:83604:84335,0.14118869865641875
rxn:2:141397:151128,0.1382618725299835
rxn:2:154793:142183,0.14489724040031432
rxn:2:70198:170060,0.12947788408824376
rxn:2:130089:169414,0.1386688550313314
rxn:2:124992:169412,0.15218329642500197
rxn:2:93504:152446,0.1169733190536499
rxn:2:68710:152446,0.12840492810521806
rxn:2:97024:113546,0.137292127717625
rxn:2:104678:170060,0.15700801213582358
rxn:2:101355:126659,0.1609679627418518
rxn:2:122055:170060,0.13787541718318544
rxn:2:83604:170999,0.12098492681980133
rxn:2:110352:169295,0.09481046416542747
rxn:2:120564:173016,0.14712278931229203
rxn:2:99842:107408,0.14508288701375324
rxn:2:86224:169412,0.12960808277130126
rxn:2:126873:166167,0.12326457500457763
rxn:2:103020:169851,0.12084536041532244
rxn:2:87971:113826,0.1205656623840332
rxn:2:74199:112875,0.12451978206634522
rxn:2:67187:170235,0.11868589162826539
rxn:2:129587:169412,0.13196919285334074
rxn:2:94616:87790,0.14946545609112444
rxn:2:92779:170060,0.1455265239433006
rxn:2:73235:170060,0.1403455416361491
rxn:2:83460:169305,0.13811707938158954
rxn:2:129306:169666,0.12236294945081075
rxn:2:122763:142183,0.10267718136310577
rxn:2:91097:171231,0.14959183761051723
rxn:2:127440:169305,0.12479068090518315
rxn:2:127440:171231,0.11417597035566966
rxn:2:70411:92488,0.14609290544803327
rxn:2:142139:170060,0.14688237508138022
rxn:2:112350:141889,0.12882144004106522
rxn:2:75301:84335,0.13252382928674872
rxn:2:114213:173089,0.14480323096116385
rxn:2:129993:170060,0.14735928535461426
rxn:2:122351:170913,0.12423695127169292
rxn:2:72913:172751,0.13100571879025164
rxn:2:70995:169305,0.11593797115179208
rxn:2:122723:169412,0.12765531087743826
rxn:2:70411:107408,0.11582783781565152
rxn:2:122723:84542,0.11807921528816223
rxn:2:141497:170060,0.1339833632759426
rxn:2:116427:169305,0.1282292604446411
rxn:2:141397:150766,0.06665895506739616
rxn:2:89509:152446,0.12137388189633687
rxn:2:97024:67845,0.13263455846092917
rxn:2:141397:154446,0.13186200098557907
rxn:2:82908:171231,0.12074241042137146
rxn:2:81212:169305,0.111849049727122
rxn:2:87637:170060,0.1406000037988027
rxn:2:129306:171231,0.13782921330682163
rxn:2:131953:170502,0.12018536726633708
rxn:2:128024:171043,0.12566505979608605
rxn:1:60111:3091,0.14480098556069768
rxn:2:100083:170060,0.13610889293529368
rxn:2:92462:142183,0.12297267466783524
rxn:2:138772:152446,0.11293307372501918
rxn:2:141397:169487,0.1344364041631872
rxn:2:134961:170060,0.1319044189793723
rxn:2:107254:170235,0.1251740574836731
rxn:2:140908:112899,0.1315730128969465
rxn:2:141555:120822,0.15061332850620665
rxn:2:120034:169305,0.1162721848487854
rxn:2:101969:94314,0.14033153772354126
rxn:2:97212:169412,0.1295227450983865
rxn:2:105428:97346,0.11377358436584473
rxn:2:122723:170060,0.1259899016084342
rxn:2:120909:162236,0.139685555740639
rxn:2:114213:169305,0.1329289174079895
rxn:2:141397:159271,0.13135673403739928
rxn:2:93644:172893,0.12280760208765666
rxn:2:101160:172375,0.14597223758697508
rxn:2:113822:170060,0.15292958860044126
rxn:2:69022:123403,0.11803516745567322
rxn:2:141397:167957,0.12409979388827369
rxn:2:79379:170411,0.1501145075107443
rxn:2:94862:169412,0.1411914179722468
rxn:2:72583:102419,0.14174151182174682
rxn:2:93644:171423,0.11417616367340087
rxn:2:138255:159186,0.11454268981670511
rxn:2:86811:68636,0.1220466334086198
rxn:2:127751:170235,0.1190591287612915
rxn:2:118433:170668,0.13350528478622437
rxn:2:122721:170235,0.1294958920314394
rxn:2:77560:120822,0.1484136700630188
rxn:2:98374:170913,0.14302638070336704
rxn:2:82735:170060,0.14517601605119376
rxn:2:86518:170060,0.1478848499911172
rxn:2:74737:169412,0.13218969532421657
rxn:2:92194:170235,0.13787879325725413
rxn:2:120823:169412,0.15433650144508906
rxn:2:72299:170060,0.12725582829228155
rxn:2:86811:130267,0.13787198543548584
rxn:2:94771:147222,0.13926387092341547
rxn:2:150747:172751,0.14447063027006207
rxn:2:101450:152446,0.12410005656155673
rxn:2:133800:170060,0.13293911942413875
rxn:2:105340:169366,0.1349034441841973
rxn:1:45229:39085,0.13559069445258692
rxn:2:75198:68807,0.14355002806104464
rxn:1:60111:27960,0.15107817158979528
rxn:2:138457:170060,0.14444227756992464
rxn:2:79392:102419,0.1481991982460022
rxn:2:108186:170060,0.1334827164808909
rxn:2:141397:148339,0.12386832739177503
rxn:2:87876:127577,0.13498259108999502
rxn:2:67380:108287,0.14097225224530255
rxn:2:130089:169305,0.12311235427856446
rxn:2:98859:170060,0.13467523455619812
rxn:2:141315:102419,0.12834128856658936
rxn:2:78671:169305,0.14338490469702359
rxn:2:139991:170060,0.1277188750413748
rxn:1:41904:13903,0.13485826551914215
rxn:2:83484:146828,0.15744735977866434
rxn:2:87202:152446,0.1354409928123156
rxn:2:91447:171231,0.136047692210586
rxn:2:86811:100235,0.12369770957873417
rxn:2:117731:171231,0.12885708533800566
rxn:2:75212:172893,0.13552731504807106
rxn:2:96733:97563,0.14119177205221994
rxn:2:138643:156984,0.14618077201227989
rxn:2:77202:173089,0.13373159445249116
rxn:2:110352:148809,0.12460984872735065
rxn:2:99048:170235,0.1392561069556645
rxn:2:131711:171179,0.10581079959869384
rxn:2:106940:171246,0.14912171236106328
rxn:2:114475:142183,0.11385145783424377
rxn:2:84871:170060,0.15141152484076364
rxn:2:93104:170060,0.14123213291168213
rxn:2:69743:152446,0.09940790176391602
rxn:2:83860:170235,0.12806673844655356
rxn:1:65013:3096,0.14510105485501495
rxn:2:132899:169305,0.12951389184364906
rxn:2:126579:141122,0.15073488156000772
rxn:2:114204:156984,0.12579092612633339
rxn:2:109567:170060,0.1301224542700726
rxn:2:114213:169172,0.11941724589892797
rxn:2:141397:170260,0.12826981056820264
rxn:2:78535:169300,0.14621639251708984
rxn:2:84123:171460,0.1254604966552169
rxn:2:105267:170060,0.13980300673123064
rxn:2:89554:156984,0.12922189564540468
rxn:2:114934:156984,0.14394957025845845
rxn:2:103573:172375,0.11963048151561193
rxn:2:94660:152446,0.12082593970828587
rxn:2:137743:112875,0.1554706550779797
rxn:2:75442:151128,0.13099769751230875
rxn:2:135134:87722,0.14013818154732385
rxn:2:84778:169305,0.12618748041299674
rxn:2:117731:169305,0.14223676461439866
rxn:2:83604:171180,0.12485288580258687
rxn:2:127440:171492,0.1102590016696764
rxn:2:87290:87790,0.13844110136446747
rxn:2:127440:170235,0.13621232410271963
rxn:2:102634:94314,0.1308881640434265
rxn:2:85140:68807,0.14511113671156076
rxn:2:158858:96010,0.1025646882397788
rxn:2:160800:125758,0.13180422371831432
rxn:2:134741:171231,0.14650204990591323
rxn:2:141397:148269,0.1520527958869934
rxn:2:167592:171492,0.1409774480327483
rxn:2:86385:172032,0.12912915582242218
rxn:2:83604:170913,0.1123324814050094
rxn:2:79270:170060,0.14413986297754142
rxn:2:135915:170060,0.1548862691436495
rxn:2:120564:170668,0.155435668097602
rxn:2:124890:169305,0.12545064202061407
rxn:2:117990:169412,0.1394747331224639
rxn:2:137666:170060,0.1242999370609011
rxn:2:106106:142183,0.12552881942075841
rxn:2:88919:171492,0.12373702764511109
rxn:2:114934:96010,0.1239432869134126
rxn:2:134689:173089,0.13466261753014155
rxn:2:123028:171231,0.12947432862387764
rxn:2:85122:169412,0.1284711460272471
rxn:2:137743:91582,0.12381648733502343
rxn:2:137642:169412,0.11682986964782079
rxn:2:126770:168989,0.12155415393688061
rxn:2:129306:169412,0.13134846422407362
rxn:2:67883:171426,0.10781004031499226
rxn:2:110352:173108,0.12681982828223187
rxn:2:82757:171231,0.13752792137009756
rxn:2:76625:172189,0.13593730756214686
rxn:2:135610:170060,0.11697399829115186
rxn:2:133307:172893,0.13514623733667228
rxn:2:117725:109382,0.15297692397545123
rxn:2:139637:171231,0.1148068904876709
rxn:2:141397:171001,0.13684251633557407
rxn:2:110352:96033,0.15341850958372416
rxn:2:134916:169305,0.1254526895025502
rxn:2:118218:170060,0.15474768342642947
rxn:2:149481:150277,0.14607509970664978
rxn:2:87065:170060,0.1266750075198986
rxn:2:141397:172105,0.1360095522620461
rxn:2:76701:168058,0.14849816108572073
rxn:2:84487:169305,0.13092173379043054
rxn:2:141397:154733,0.13349945346514383
rxn:2:141204:102373,0.13136246303717294
rxn:2:77371:70192,0.12533266435969959
rxn:2:141397:166392,0.1462426649199592
rxn:2:110405:169412,0.12573188543319702
rxn:2:168532:142183,0.12920257449150085
rxn:2:132131:170668,0.15067236070279721
rxn:2:132131:169412,0.1403300666809082
rxn:2:160195:142183,0.13147287368774413
rxn:2:108681:110334,0.13342721223831178
rxn:2:124992:170060,0.1374085247516632
rxn:2:76662:142183,0.13620209343293133
rxn:2:72890:123403,0.11929485472765836
rxn:2:129633:84335,0.12775726209987293
rxn:2:90963:68807,0.13597955306371054
rxn:2:135415:84335,0.14017156414363696
rxn:2:86811:129980,0.13822458340571478
rxn:2:76986:142183,0.13699117675423622
rxn:2:72890:171180,0.14328224905605974
rxn:2:113392:170235,0.13376064784824848
rxn:2:136495:123403,0.12906113266944885
rxn:2:120661:172375,0.12262505292892456
rxn:2:90109:142183,0.15078877210617064
rxn:2:141397:107200,0.12273145999227252
rxn:2:76360:169964,0.1344729789665767
rxn:2:117865:169412,0.14173730413118998
rxn:2:67187:170813,0.13722924832944516
rxn:2:141397:106742,0.09617355695137611
rxn:2:78571:169305,0.14677507143754226
rxn:2:139383:84335,0.11902159970739613
rxn:2:79392:112875,0.14703145481291272
rxn:2:67391:170235,0.1404589797769274
rxn:2:120936:152446,0.10634414851665497
rxn:2:144636:169412,0.13416837492296774
rxn:2:167905:142183,0.1186683177947998
rxn:2:120356:170060,0.14085528585645887
rxn:2:111920:170060,0.14291756112000037
rxn:2:127429:152446,0.13045219012669154
rxn:2:130225:172893,0.13167738455992478
rxn:2:78481:152446,0.10797537326812744
rxn:2:141397:171784,0.12546032667160034
rxn:2:92382:169305,0.1531858891248703
rxn:2:80519:171246,0.13546453714370726
rxn:2:133483:169412,0.1368915637334188
rxn:2:81585:152446,0.12276021142800649
rxn:2:94862:169810,0.138551407626697
rxn:2:141497:171246,0.14494948033933286
rxn:2:66303:169412,0.1344965696334839
rxn:2:136508:169412,0.1551990142235389
rxn:2:83476:92447,0.13778504610061645
rxn:2:131003:94314,0.1466035218465896
rxn:2:117725:102373,0.1607880698783057
rxn:2:93577:170235,0.12643357392015128
rxn:2:98374:168058,0.14516386286965732
rxn:2:124422:170060,0.1422232544940451
rxn:2:124417:170060,0.1568628019756741
rxn:2:77560:147222,0.12665639234625775
rxn:2:126873:151128,0.1358632097641627
rxn:2:87971:98332,0.13371830940246582
rxn:2:110352:170235,0.13526408445267452
rxn:2:138516:169412,0.14801149898105198
rxn:2:124198:88106,0.13457742062481967
rxn:2:76155:142183,0.1295802891254425
rxn:1:65013:28934,0.13036412778108017
rxn:2:90771:170060,0.1612939973672231
rxn:2:121350:170060,0.14645733741613534
rxn:2:104030:170060,0.14125780646617597
rxn:2:74757:171231,0.13943065095830848
rxn:2:74393:172841,0.12759123159491498
rxn:2:127875:169305,0.1175024840566847
rxn:2:141397:169907,0.12494065002961592
rxn:2:110352:152446,0.11311629571412739
rxn:2:100097:169851,0.14660311596734182
rxn:2:109895:170060,0.13747516700199672
rxn:2:67380:90451,0.12496234591190632
rxn:2:123884:169412,0.12232193739517876
rxn:2:91293:169810,0.15134969867508988
rxn:2:74393:171231,0.1140142583847046
rxn:2:103020:152446,0.1077180802822113
rxn:2:85110:170060,0.1414689655814852
rxn:2:109567:170892,0.11950553276322105
rxn:2:85064:146828,0.12759344776471457
rxn:2:141397:170300,0.1359312761397589
rxn:2:70104:120822,0.14290842839649745
rxn:2:83050:169412,0.1429362694422404
rxn:2:124198:97346,0.138126844451541
rxn:2:131711:172927,0.11918076975592251
rxn:2:105108:169412,0.14313757996405324
rxn:2:91220:172375,0.1329623552469107
rxn:2:141555:107408,0.1277978641015512
rxn:2:88098:173089,0.10726638462232507
rxn:2:76425:170060,0.1348356580734253
rxn:2:75149:170060,0.14021495095005743
rxn:2:167592:170060,0.1414016803105672
rxn:2:93504:170668,0.14218732162758155
rxn:2:86397:102419,0.14457458019256592
rxn:2:124422:169412,0.12290004284485527
rxn:2:85122:146828,0.1354511768921562
rxn:2:132946:169412,0.13278286655743918
rxn:2:141397:172250,0.1463372544808821
rxn:2:130125:171231,0.15318543570382254
rxn:2:93644:171426,0.13974169890085855
rxn:2:83476:87722,0.121449480454127
rxn:2:79984:152446,0.11997298572374426
rxn:2:86811:117667,0.1408818639241732
rxn:2:73749:141889,0.11762374898661739
rxn:2:141695:169412,0.1463075699629607
rxn:2:116722:173089,0.12494714917807744
rxn:2:67380:87790,0.14378239099796003
rxn:2:113171:172751,0.1420941629580089
rxn:2:91779:108959,0.15984404970098426
rxn:2:116340:171231,0.12937605610260597
rxn:2:85140:94292,0.14902720186445448
rxn:2:119773:170060,0.1454109868832997
rxn:2:134099:168989,0.12156671064871329
rxn:2:128024:171492,0.12082280397415161
rxn:2:83604:171179,0.12021639801207043
rxn:2:160401:94661,0.145051967214655
rxn:2:93401:142183,0.1284088743360419
rxn:2:86297:171368,0.09781924577859732
rxn:2:126471:170235,0.13571678953511374
rxn:2:130332:170235,0.11809433301289876
rxn:2:113579:169305,0.11370534946521123
rxn:2:90691:170235,0.1353561023871104
rxn:2:139383:169666,0.15206427772839864
rxn:2:148526:156984,0.13949121775165682
rxn:2:102158:156984,0.14254887898763022
rxn:2:126498:123403,0.1575541685927998
rxn:2:95375:169412,0.13969728549321492
rxn:2:82490:170060,0.13953649114679406
rxn:2:113721:123403,0.13333456963300705
rxn:2:105246:171043,0.12611779680958501
rxn:2:65963:170060,0.14269411105376023
rxn:2:89554:150277,0.11372464895248413
rxn:2:144681:142724,0.14470007919496106
rxn:2:69022:169412,0.13065500672046954
rxn:2:109607:172893,0.10565378803473252
rxn:2:125198:169305,0.12023609418135422
rxn:1:41904:28048,0.14000880221525827
rxn:2:140546:172751,0.15007064519105134
rxn:2:114204:173016,0.13786147109099797
rxn:2:131603:173089,0.14363646507263184
rxn:2:81292:169305,0.10333686570326488
rxn:2:89872:170060,0.12613340046094812
rxn:2:139201:169305,0.13436029133973298
rxn:2:97024:170060,0.14356675973305336
rxn:2:141397:160558,0.12864924612499418
rxn:2:83604:71708,0.1387336536457664
rxn:2:140006:170235,0.1290807456805788
rxn:2:131711:171460,0.1292274130715264
rxn:2:135058:170060,0.12236551443735759
rxn:2:96712:152446,0.12274450063705444
rxn:2:92565:170235,0.1205628514289856
rxn:2:84749:169412,0.13549139698346455
rxn:2:82047:173089,0.12782732290881021
rxn:2:78671:170913,0.13074125914738097
rxn:2:71522:170060,0.14095736874474418
rxn:2:138463:171231,0.1369732575757163
rxn:2:114934:169412,0.13108472426732382
rxn:2:114213:169856,0.15560795502229172
rxn:2:107110:171231,0.12367579230555782
rxn:2:77519:170060,0.12368172407150269
rxn:2:138463:171246,0.12446918090184529
rxn:2:125968:170235,0.12079267460724404
rxn:2:141238:126659,0.1270815963330476
rxn:2:127440:111053,0.13897169960869682
rxn:2:111746:170060,0.1469341648949517
rxn:2:84668:169305,0.13187133348905122
rxn:2:135338:173089,0.12053978443145752
rxn:1:42029:28956,0.12918240080277124
rxn:2:74284:169594,0.15013660896908154
rxn:2:142221:104907,0.12367196132739385
rxn:2:130089:171492,0.13976025581359863
rxn:2:68710:170235,0.11752483447392782
rxn:2:87202:169305,0.15295398693818313
rxn:1:43756:5553,0.07348498329520226
rxn:2:112098:170060,0.14877124982220785
rxn:2:82050:171246,0.13570472172328404
rxn:2:135415:169305,0.11520333125673492
rxn:2:75290:126659,0.13698736081520715
rxn:2:93577:171492,0.12357398654733386
rxn:2:87066:169739,0.12485235929489136
rxn:2:92870:123403,0.13856818775335947
rxn:2:141555:85686,0.14020794850808602
rxn:2:102094:142183,0.12002814561128616
rxn:2:143007:142183,0.12614343040867856
rxn:2:110352:129722,0.12221892256485789
rxn:2:77929:173089,0.12423370893184955
rxn:2:136457:142183,0.10700935787624782
rxn:2:75290:70192,0.13909209728240968
rxn:2:67097:170060,0.13024564726012094
rxn:2:75557:173134,0.12918048103650412
rxn:2:72890:110310,0.12126094579696656
rxn:2:104817:169412,0.13664282560348512
rxn:2:116231:170060,0.1437854457784582
rxn:2:105340:169964,0.13218643188476562
rxn:2:69022:171231,0.15152300255639212
rxn:1:60111:8826,0.12393868466218312
rxn:2:142139:169412,0.13750335684529058
rxn:2:92919:172375,0.13142560078547552
rxn:2:135915:169412,0.14741845003196172
rxn:2:110352:171013,0.14647525548934937
rxn:2:86811:141988,0.14493590593338013
rxn:2:131620:172375,0.13182587348497832
rxn:2:76360:171428,0.13530105139528
rxn:2:87971:157807,0.12234444618225097
rxn:2:142513:98873,0.11583913941132395
rxn:2:111538:170235,0.1320408622423808
rxn:2:125625:170060,0.1434776743253072
rxn:2:142033:173079,0.12201041698455811
rxn:2:170761:142183,0.12323672121221368
rxn:2:113721:170235,0.13015917142232258
rxn:2:135134:139570,0.13452857494354248
rxn:2:97024:87151,0.12082988023757935
rxn:2:66599:172375,0.12675438523292543
rxn:2:88919:169412,0.12951899568239847
rxn:2:92382:169366,0.12049319423162021
rxn:2:93026:170235,0.13065280737700286
rxn:2:78725:152446,0.10864607041532343
rxn:2:100097:123403,0.13788940012454987
rxn:2:95804:139886,0.14316433149835336
rxn:2:127558:173016,0.13885025680065155
rxn:2:73938:169412,0.145216737474714
rxn:2:172870:142183,0.14791620061511085
rxn:2:138255:165373,0.12318607807159423
rxn:2:103818:169412,0.14536622474933492
rxn:2:141397:148114,0.1435675119098864
rxn:2:75515:142183,0.13026861044076773
rxn:2:70104:123403,0.1351114694888775
rxn:2:97318:172751,0.11817760599984063
rxn:2:110352:169366,0.1337488371392955
rxn:2:141544:170858,0.1407477781176567
rxn:2:95319:70192,0.14191526412963867
rxn:2:128738:169412,0.1427482388637684
rxn:2:139412:171231,0.14532665269715445
rxn:2:97024:173089,0.15381465355555216
rxn:2:137734:172751,0.13943728804588318
rxn:2:137922:169412,0.1393670521933457
rxn:2:144636:145184,0.1280643920103709
rxn:2:77560:159185,0.14829562306404115
rxn:2:99080:169412,0.1432382376105697
rxn:2:68805:133871,0.12055129896510731
rxn:2:124198:73313,0.1273627695829972
rxn:2:171200:142183,0.13801341652870178
rxn:2:137524:123403,0.13919415950775146
rxn:2:104473:142183,0.10736998170614243
rxn:2:70104:92488,0.1356168114222013
rxn:2:92618:152446,0.10511346817016602
rxn:2:81673:171246,0.13676909357309341
rxn:1:65013:28812,0.15228499472141266
rxn:2:99601:171231,0.1467856764793396
rxn:2:72200:169856,0.1468771149714788
rxn:2:77242:170235,0.11307839246896598
rxn:2:168712:142183,0.10529420250340511
rxn:2:107888:169412,0.11234967667480995
rxn:2:89509:171492,0.11811408281326294
rxn:2:138255:117667,0.12354561686515808
rxn:2:114522:172751,0.12253574132919312
rxn:2:110352:171799,0.12618924270976672
rxn:2:102634:87722,0.13085033572637117
rxn:2:114168:169412,0.1421414201076214
rxn:2:113345:172189,0.1523607623192572
rxn:2:97543:146828,0.14677999330603558
rxn:2:130128:152911,0.12372393562243535
rxn:2:70889:169305,0.1170272159576416
rxn:2:87876:128669,0.12135346557783044
rxn:2:66959:144761,0.1354296741814449
rxn:2:97900:166934,0.13982052647549173
rxn:2:94771:172375,0.14614992187573358
rxn:2:138255:173089,0.13529864878490053
rxn:2:69457:150277,0.14134418964385986
rxn:2:77780:172751,0.1341597293985301
rxn:2:138255:97563,0.1333184599876404
rxn:2:139798:68807,0.12331394278086148
rxn:2:68168:169305,0.11041312217712403
rxn:2:170748:142183,0.14949272927783785
rxn:2:109607:173089,0.12870835781097412
rxn:2:93899:170235,0.14419296692157613
rxn:2:132946:171152,0.1305734302316393
rxn:2:148874:142183,0.1385501821835836
rxn:2:77440:169305,0.13128798951705298
rxn:2:75948:172893,0.11255000646297748
rxn:2:128114:170235,0.12973226110140482
rxn:2:127785:169305,0.1368921995162964
rxn:2:86811:95623,0.12650728225708008
rxn:2:108667:108959,0.14945071722779954
rxn:2:125128:171231,0.11302768230438233
rxn:1:63757:28813,0.127401332060496
rxn:2:116338:172375,0.12822006855692183
rxn:2:87876:96187,0.12147801077884177
rxn:1:45225:29637,0.1205672025680542
rxn:2:141397:85314,0.1356421634554863
rxn:2:85387:97563,0.13083118200302124
rxn:2:131125:169305,0.11742952576390019
rxn:2:103288:171231,0.12489747771849999
rxn:2:126669:142183,0.12727887630462648
rxn:2:88848:171231,0.13764682720447408
rxn:2:77387:170668,0.11850971671251151
rxn:2:71006:173016,0.13856491088867187
rxn:2:92382:170482,0.12938011988349582
rxn:2:109607:129880,0.12588279897516425
rxn:2:141544:152446,0.1452827262878418
rxn:2:132002:118142,0.13615072021881738
rxn:2:97024:156984,0.13080459374647874
rxn:2:97543:171246,0.1506889717919486
rxn:2:85637:170060,0.1079183096686999
rxn:2:77128:169305,0.134110906124115
rxn:2:114934:170060,0.13083627025286357
rxn:2:135573:170060,0.13625401699984516
rxn:2:117485:171428,0.11137977550769675
rxn:2:140546:171246,0.14343254906790598
rxn:2:110352:169155,0.12143306887668112
rxn:2:160401:107956,0.15110511779785157
rxn:2:115282:171246,0.11964639690187243
rxn:2:75290:170060,0.1381462471825736
rxn:2:97063:171460,0.1211431313444067
rxn:2:124198:72767,0.13818138341108957
rxn:2:122353:96010,0.15307167172431946
rxn:2:70823:170235,0.10601210594177246
rxn:2:120815:169305,0.12114269038041432
rxn:2:84487:172375,0.1370745378155862
rxn:2:118579:171492,0.14339908744607652
rxn:2:104186:172375,0.11966447745050703
rxn:2:119168:123882,0.1473637968301773
rxn:2:77560:172751,0.11475189924240112
rxn:2:101728:169305,0.12599597622950873
rxn:2:75442:164787,0.1243872841199239
rxn:2:112728:152446,0.13083286583423615
rxn:2:138730:169305,0.10533228317896524
rxn:2:81263:152446,0.08713593620520371
rxn:2:76939:170235,0.12458265572786331
rxn:2:130089:172893,0.12658880710601805
rxn:2:120762:169305,0.11158139201310965
rxn:2:81212:91315,0.13578361586520546
rxn:2:120823:168058,0.15112274487813313
rxn:2:117485:152446,0.12215042997289587
rxn:2:142033:171231,0.13055237701960973
rxn:2:101355:120822,0.140503258616836
rxn:2:100097:91563,0.12716326346764198
rxn:2:141555:122855,0.1453307138548957
rxn:2:141397:173042,0.15384510972283102
rxn:2:118048:170235,0.13306858284132822
rxn:2:68710:170060,0.13268862451825822
rxn:2:132002:126659,0.13852104296286902
rxn:1:41711:8774,0.11679764837026596
rxn:2:73749:112875,0.10604807308741979
rxn:2:108049:145184,0.1067813427551933
rxn:2:156132:142183,0.14333201944828033
rxn:2:101433:169305,0.11388910313447316
rxn:2:114204:172751,0.12245535028391871
rxn:2:88943:170482,0.13414418312811083
rxn:2:110352:146724,0.13910105954045834
rxn:2:111985:172189,0.13235883359555844
rxn:2:96838:172375,0.13336860250543664
rxn:2:124198:97710,0.1400579566305334
rxn:2:141397:105841,0.12055681432996478
rxn:2:70108:123403,0.1323236624399821
rxn:2:131682:142183,0.13393681389944895
rxn:2:140720:96010,0.15740286026682174
rxn:2:130128:170940,0.11578450351953506
rxn:2:94771:170913,0.11800901095072429
rxn:2:141397:170411,0.13557801246643067
rxn:2:141397:172332,0.1298334687948227
rxn:2:87971:117667,0.13668563961982727
rxn:2:139991:144761,0.1290117289338793
rxn:2:101969:126659,0.13645142078399658
rxn:2:123716:170060,0.10659650097722592
rxn:2:128825:170411,0.14377456020425866
rxn:2:70104:114519,0.14002500687326705
rxn:2:92382:171492,0.14446042931598166
rxn:2:87208:169305,0.11288400739431381
rxn:2:70889:170060,0.1217847025912741
rxn:2:132002:117667,0.126670204102993
rxn:2:100097:113826,0.11597146987915039
rxn:2:140868:169305,0.12845636236256566
rxn:2:90359:152446,0.12460888349092923
rxn:1:41805:28754,0.1254860833287239
rxn:2:150747:169412,0.13487128814061483
rxn:2:72890:169305,0.12614087973322188
rxn:2:113732:127220,0.13479814162621132
rxn:2:70889:169412,0.1283587580141814
rxn:2:103573:169305,0.1101352205643287
rxn:2:80917:170060,0.11694371274539403
rxn:2:93086:170235,0.11961657447474343
rxn:2:88686:169305,0.1312091064453125
rxn:2:127621:170060,0.08876954355547505
rxn:2:124198:87151,0.14020727981220593
rxn:2:138255:173095,0.13840434065571539
rxn:2:97024:126848,0.13834318389063296
rxn:2:109392:170060,0.13406339039405188
rxn:2:77793:169412,0.14642158261051885
rxn:2:104688:158071,0.12507968502385275
rxn:2:84357:170235,0.12276009519894918
rxn:2:106992:150277,0.12256284996315285
rxn:2:124198:137603,0.1449227278882807
rxn:2:78560:173089,0.13120800715226394
rxn:2:107254:171492,0.1296803910156776
rxn:2:92475:142183,0.13249257677479795
rxn:2:108581:169739,0.11686208614936242
rxn:2:96838:168989,0.1121298624919011
rxn:2:94497:170060,0.14456562642697934
rxn:2:105340:170940,0.11648351192474365
rxn:2:92934:169412,0.13383949214014515
rxn:2:67593:170060,0.11695855379104614
rxn:2:131711:169666,0.13551610708236694
rxn:2:74567:108959,0.14171272957766498
rxn:2:67380:173134,0.12949817521231516
rxn:2:75149:169412,0.1438444698298419
rxn:2:121911:111053,0.14004758298397063
rxn:2:150747:172033,0.14013156294822693
rxn:2:78560:152446,0.11755078077316285
rxn:2:136472:110334,0.14065762042999266
rxn:2:67192:170060,0.1483694953577859
rxn:2:116138:169412,0.1494721350846467
rxn:2:116949:173089,0.14232206344604492
rxn:2:87579:170060,0.15420366437346847
rxn:2:97063:169739,0.15162606750215804
rxn:2:141555:170858,0.1331158955891927
rxn:2:84487:169412,0.12842782779976172
rxn:2:105340:171492,0.11428460975488026
rxn:1:65013:28956,0.14628482901531717
rxn:2:124198:142183,0.11005152188814603
rxn:2:141397:70812,0.10619831936700004
rxn:2:141847:83009,0.13236045837402344
rxn:2:73749:145184,0.13412359237670898
rxn:2:130089:170913,0.11835676193237304
rxn:2:83178:170913,0.11800565038408552
rxn:2:93644:169821,0.14621735702861438
rxn:2:136250:170060,0.13718571833201818
rxn:2:124198:128062,0.1533351648937572
rxn:2:141397:118142,0.10257628985813685
rxn:2:99849:170411,0.1324991456099919
rxn:2:114665:142183,0.10450634956359864
rxn:2:141397:97264,0.120192893913814
rxn:2:111686:169305,0.125564666894766
rxn:2:137303:170411,0.1464615978043655
rxn:2:109543:170060,0.14081215006964548
rxn:2:86811:110041,0.15722755056161147
rxn:2:89554:120181,0.13413022343929
rxn:2:137534:172893,0.14328677837665266
rxn:2:102787:170060,0.12473454013947517
rxn:2:134607:169412,0.10934418219107168
rxn:2:70104:122855,0.1436076989540687
rxn:2:111746:169412,0.1412791852597837
rxn:2:108432:172751,0.14016792391027724
rxn:2:130523:170235,0.1362207598156399
rxn:2:110352:170026,0.12928745020990787
rxn:2:104186:169305,0.12720689406761757
rxn:2:92382:173089,0.14948422494141952
rxn:2:136472:94314,0.12200155357519786
rxn:2:124177:171231,0.13952800631523132
rxn:2:104982:169305,0.1272353598704705
rxn:2:167169:152446,0.13984777530034384
rxn:2:109607:170913,0.12582233777413002
rxn:2:141397:142811,0.11710871317807366
rxn:2:127440:172375,0.13264951568383437
rxn:2:132002:96010,0.14192195892333984
rxn:2:108174:171231,0.09981910032885415
rxn:2:89130:170060,0.13673813384154748
rxn:2:152434:171392,0.14074688765310472
rxn:2:88304:169305,0.10145670672257741
rxn:2:106451:169412,0.11290526390075684
rxn:2:67593:171669,0.14680838336547217
rxn:2:66959:171043,0.1142635186513265
rxn:2:141397:171676,0.0853525683993385
rxn:2:119906:142183,0.12226107873414692
rxn:2:113889:96975,0.10813832801321278
rxn:2:94771:173089,0.14598158908926923
rxn:1:65513:8770,0.10576002086911883
rxn:2:89590:173089,0.13112718505518778
rxn:2:69000:170060,0.133220964464648
rxn:2:114674:173089,0.13233261067291785
rxn:2:130128:169821,0.142059635032307
rxn:2:68805:94314,0.1513480231875465
rxn:2:76822:170913,0.13112775325775147
rxn:2:91999:170235,0.13053544930049352
rxn:2:87625:169739,0.13432454621350323
rxn:2:134942:169666,0.13035694895119504
rxn:2:122351:170235,0.11770867307980855
rxn:2:87971:81125,0.12753989547491074
rxn:2:134607:169666,0.14569207429885864
rxn:2:81194:120822,0.1367532097060105
rxn:2:146036:96010,0.10426479152270726
rxn:2:150732:169412,0.1423457553309779
rxn:2:125739:126659,0.12433300847592561
rxn:2:141397:139599,0.15048352256417274
rxn:2:158602:142183,0.13254365656110975
rxn:2:141397:170218,0.12968880236148833
rxn:2:110702:169305,0.10403927512790846
rxn:2:133789:169412,0.12949899832407633
rxn:2:89311:172375,0.13076168519479256
rxn:2:135058:169739,0.12443596786922878
rxn:2:131506:169305,0.15289607414832482
rxn:2:116427:83817,0.12978835616792953
rxn:2:141397:153399,0.1283905129683645
rxn:2:139383:168058,0.1461288045192587
rxn:2:125031:142183,0.13969181916292975
rxn:2:92382:170999,0.1091065263748169
rxn:2:171340:142183,0.1252581775188446
rxn:2:69750:170235,0.13862189849217732
rxn:2:103739:108959,0.14611019690831503
rxn:2:125739:170060,0.16140648612269648
rxn:2:117990:170060,0.139490335152067
rxn:2:127440:152446,0.11316842111674222
rxn:2:116427:172751,0.12022314327103752
rxn:2:128354:170060,0.14143314957618713
rxn:2:110704:169305,0.12428764820098877
rxn:2:109567:172751,0.10774931999353263
rxn:2:91597:173016,0.15316532717810738
rxn:2:78725:146828,0.14904605206989108
rxn:2:124378:170235,0.13621820785381175
rxn:2:92926:169305,0.14169915075655337
rxn:2:86811:170892,0.14013729835378713
rxn:2:114168:171231,0.1559433170727321
rxn:2:110352:173006,0.1377620469956171
rxn:2:123488:152446,0.10810786724090576
rxn:2:116911:170235,0.11193673951285225
rxn:2:77128:170235,0.12798889398574828
rxn:2:87971:133697,0.13532028436660767
rxn:2:78725:171426,0.1007184386253357
rxn:2:128024:169305,0.12647985724302438
rxn:2:138636:169412,0.1290675401687622
rxn:2:73189:171231,0.1368129739054927
rxn:2:96741:168989,0.10739708863771878
rxn:2:97063:107408,0.1387500422341483
rxn:2:77560:152446,0.1232431639324535
rxn:2:141544:172375,0.13154350889140162
rxn:2:131711:170913,0.14045220834237557
rxn:2:77440:156549,0.13628137707710267
rxn:2:139686:169412,0.1415036607671667
rxn:2:70104:107408,0.12602844605079064
rxn:2:109905:171231,0.11825967311859131
rxn:2:93795:135410,0.108349885629571
rxn:2:83604:173079,0.11322836743460761
rxn:2:126471:169305,0.1284210213593074
rxn:2:138572:170060,0.1415927451232384
rxn:1:60111:28813,0.13616466522216797
rxn:2:122055:169412,0.12950536711462612
rxn:2:120936:172893,0.12752333512673011
rxn:2:118224:169305,0.13833844203215379
rxn:2:92565:172375,0.11161868274211884
rxn:2:106818:142183,0.13462567329406738
rxn:2:132373:169412,0.14630857944488526
rxn:2:94771:169305,0.12002361069122951
rxn:2:126714:169412,0.1430027072246258
rxn:2:105340:172893,0.1045299768447876
rxn:2:141397:68636,0.09983639206205096
rxn:2:94842:170060,0.1428730913570949
rxn:2:76896:97346,0.11645283482291481
rxn:2:131733:170060,0.11022313684225082
rxn:2:79839:169305,0.11154669761657715
rxn:2:131974:169412,0.14692209317133978
rxn:2:141397:73313,0.10082380374272665
rxn:2:119211:152446,0.10597410908451786
rxn:2:135573:126659,0.14308485259180484
rxn:2:103585:173089,0.13622292567943706
rxn:2:67140:170060,0.1516147543644083
rxn:2:87850:169305,0.12912670908303098
rxn:2:139370:152446,0.11487040026434536
rxn:2:165720:170892,0.1498521685600281
rxn:2:124248:152446,0.11042204807544577
rxn:2:134607:171231,0.14031679671386194
rxn:2:97900:148477,0.1515180778503418
rxn:2:100318:169305,0.14767649082037118
rxn:2:81212:154103,0.1373404643752358
rxn:2:138933:170411,0.14314164221286774
rxn:2:127440:169810,0.10897192588219276
rxn:2:80043:169810,0.12200123733944362
rxn:2:133765:142183,0.12571969255805016
rxn:2:130401:144761,0.11386093600042935
rxn:2:131620:173089,0.12872250442919525
rxn:2:72209:156984,0.13841511011123658
rxn:2:138606:144761,0.11563790255579455
rxn:2:95645:170060,0.14156144431659154
rxn:2:131470:170060,0.13667282365983532
rxn:2:87290:97563,0.12098909460979959
rxn:2:87646:169305,0.09549783743344821
rxn:2:104688:169305,0.13208111401261954
rxn:2:90771:169412,0.1593714714050293
rxn:2:133392:169412,0.14528977870941162
rxn:2:97860:170060,0.13317930477636833
rxn:2:97854:170235,0.12717520339148386
rxn:2:85630:170060,0.13600592701523392
rxn:2:124198:74464,0.12665955916694974
rxn:1:45229:3433,0.11960264046986897
rxn:2:121887:81963,0.16066676378250122
rxn:2:98901:170060,0.14010493402127866
rxn:2:93504:171956,0.11308387773377555
rxn:2:104688:173089,0.12857543570654734
rxn:2:83460:173089,0.0981126015002911
rxn:2:142033:172751,0.12877779657190497
rxn:2:127713:170060,0.1377389920609338
rxn:2:83476:110334,0.13661857604980468
rxn:2:135811:169739,0.1306487492152623
rxn:2:141397:73318,0.14697741059695973
rxn:2:130401:123403,0.14961433928945791
rxn:2:148229:142183,0.13990466703068127
rxn:2:86965:170235,0.1224956214427948
rxn:2:93498:171179,0.10784138061783531
rxn:1:45225:12105,0.12066390448146397
rxn:2:163596:142183,0.11783850820440996
rxn:2:97543:152446,0.09791386127471924
rxn:2:91094:142183,0.11668342001297895
rxn:2:130401:169412,0.14405029349856907
rxn:2:160401:171392,0.13586341937383015
rxn:2:120915:172375,0.1211710295506886
rxn:2:141695:94314,0.14484357315561044
rxn:2:75442:169115,0.09393715610106786
rxn:2:144681:169412,0.14190444061833044
rxn:2:86224:170235,0.1258184865668968
rxn:2:141397:171492,0.11571751770220305
rxn:2:110352:172189,0.11646508035205659
rxn:2:105340:171428,0.10153302192687988
rxn:2:72890:67764,0.1395389938354492
rxn:2:107404:169305,0.12301912784576416
rxn:2:77432:112875,0.13428054998318353
rxn:2:92382:171231,0.11439804236094157
rxn:2:138933:129880,0.14996114373207092
rxn:2:140720:108959,0.15430747611182077
rxn:2:77560:65814,0.12953713536262512
rxn:1:60111:28048,0.13514521893332987
rxn:2:139383:170235,0.1276611952946104
rxn:2:138255:126659,0.15160614252090454
rxn:2:145188:85300,0.13411931267806462
rxn:2:89311:169412,0.12023985645045406
rxn:2:139383:171669,0.15293590380595282
rxn:2:66358:112875,0.13810744739714123
rxn:2:124198:81729,0.13607951005299887
rxn:2:124418:169412,0.13686834971110026
rxn:2:90155:170060,0.1252213848961724
rxn:2:72299:170235,0.13022739722810941
rxn:2:118644:170235,0.11743626849991935
rxn:2:127646:152446,0.110969845895414
rxn:2:135072:169412,0.1377961406340966
rxn:2:70925:113626,0.12217726914779
rxn:2:65938:169412,0.1255939492472896
rxn:2:109745:173089,0.13605862193637425
rxn:2:101160:169305,0.11023920515309209
rxn:2:86811:166540,0.1349358270908224
rxn:2:141555:68234,0.1371887763341268
rxn:2:136769:171231,0.11454598491008465
rxn:2:131974:169666,0.14661814015487146
rxn:2:70925:127220,0.150923157731692
rxn:2:67487:142183,0.13367179192994771
rxn:2:134099:170482,0.14931506156921387
rxn:2:87971:110334,0.14861404418945312
rxn:2:76625:112875,0.13512821424575078
rxn:2:116138:123403,0.1137829241545304
rxn:2:67380:170482,0.13143176237742107
rxn:2:107473:152446,0.10020144169147198
rxn:2:84487:171492,0.13593641987868718
rxn:1:43730:8774,0.16211609169840813
rxn:2:77371:112875,0.13922441601753235
rxn:2:81341:172375,0.13860955375891465
rxn:2:122353:76379,0.14772715525967733
rxn:2:126579:125758,0.11952418607214223
rxn:2:141381:173089,0.14774381688662938
rxn:2:145750:141889,0.13841292262077332
rxn:2:70378:123403,0.11776600100777367
rxn:2:141397:170909,0.1415965502912348
rxn:2:113171:169964,0.12831075544710513
rxn:2:75442:85300,0.10847770505481297
rxn:2:110352:85892,0.14108921352185702
rxn:2:81680:102419,0.14492210388183593
rxn:2:130225:152446,0.09878093004226685
rxn:2:117731:172278,0.1353781893849373
rxn:2:135125:68807,0.14088701725006103
rxn:2:92018:169305,0.12607241339153713
rxn:2:100097:159186,0.12098514622655408
rxn:2:141695:170060,0.14240695149810226
rxn:2:105340:170514,0.1333422859509786
rxn:2:135125:156984,0.1391620167664119
rxn:2:116191:87151,0.12091510192207668
rxn:2:141555:94314,0.15041261249118382
rxn:2:117571:160181,0.11242537021636963
rxn:2:124324:171231,0.12410269401691577
rxn:2:67380:120822,0.12790002204753734
rxn:2:133214:171231,0.1315576434135437
rxn:2:116949:104467,0.1383575655165173
rxn:2:97024:169412,0.13214789445583636
rxn:2:132002:140099,0.13749757766723633
rxn:2:111045:171231,0.13523154788547093
rxn:2:160401:91582,0.12686612972846398
rxn:2:141397:151191,0.10132694244384766
rxn:2:78665:169305,0.13732434749603273
rxn:2:87797:70192,0.12455928325653076
rxn:2:141397:144567,0.13921638096080108
rxn:2:90000:169305,0.128720703125
rxn:2:148180:112875,0.14623021620970506
rxn:2:111746:123403,0.1342910294947417
rxn:2:93644:171492,0.13016451700873996
rxn:2:88304:152446,0.1235752593387257
rxn:2:129242:169305,0.1262459648506982
rxn:2:171047:142183,0.14878163554451682
rxn:2:80246:171231,0.12007661729023375
rxn:2:110352:169039,0.12090712243860419
rxn:2:66658:112875,0.1378605394136338
rxn:2:87290:169305,0.12342234168733869
rxn:2:92382:170913,0.12623430291811624
rxn:2:79984:170235,0.13209718227386474
rxn:1:41904:28956,0.13097853461901346
rxn:2:131620:171246,0.11328866390081552
rxn:2:73951:147222,0.131276433467865
rxn:2:71469:169412,0.14565231118883407
rxn:2:124198:105841,0.134314087304202
rxn:2:75557:169286,0.13555102878146702
rxn:2:83604:169366,0.10064441680908204
rxn:2:110352:159008,0.13299043241300082
rxn:2:83172:96010,0.12105504035949707
rxn:2:82154:152446,0.13299486466816493
rxn:2:106940:170060,0.1296320507923762
rxn:2:109607:170235,0.12411232178027813
rxn:2:138365:173089,0.13719460793903895
rxn:2:82796:152446,0.12401317887836033
rxn:2:139991:169412,0.14569420997913068
rxn:1:45220:31214,0.11835909517187822
rxn:2:128000:171231,0.14138041257858278
rxn:2:93504:169305,0.14663782826176397
rxn:2:105568:169412,0.1423979103565216
rxn:2:127486:173089,0.12007781267166137
rxn:2:85204:98873,0.14996229410171508
rxn:2:100097:135854,0.12487830718358357
rxn:2:109147:152446,0.11975183751848009
rxn:2:95601:96010,0.14458061967577254
rxn:2:72237:108959,0.11955923759020291
rxn:2:104781:170235,0.15553704212451802
rxn:2:92434:169412,0.1294694874021742
rxn:2:98219:173089,0.1337344561304365
rxn:2:141397:169545,0.1443809157326108
rxn:2:67883:171246,0.11154034504523644
rxn:2:84013:123403,0.13436568666387488
rxn:2:72890:172751,0.1368049013203588
rxn:2:88299:103126,0.1104102839123119
rxn:2:95762:142183,0.12756970524787903
rxn:2:74541:169305,0.13549832023423294
rxn:2:83172:170060,0.10599789236273084
rxn:2:121765:142183,0.1072452187538147
rxn:2:72583:169412,0.14712500113707322
rxn:2:86811:117551,0.13052854714570222
rxn:2:116949:169412,0.1279535201879648
rxn:2:118855:169412,0.13703973425759208
rxn:2:141544:146828,0.13713578879833221
rxn:2:88304:70192,0.14759924537257144
rxn:2:141397:146281,0.09842890501022339
rxn:2:124198:127577,0.12856294279513153
rxn:2:89554:111147,0.13974005900896513
rxn:2:107766:169412,0.14553433862225762
rxn:2:138255:98332,0.13894184112548827
rxn:2:135072:170235,0.13785832268851145
rxn:2:118166:169305,0.11142324924468994
rxn:2:109042:170060,0.11933984579863371
rxn:2:141397:169604,0.12274347080124749
rxn:2:119143:156984,0.1297879660571063
rxn:2:134932:87722,0.12380504324322655
rxn:1:62147:723,0.1443867286046346
rxn:2:99849:169412,0.1267551321249742
rxn:2:141397:141889,0.10577454964319864
rxn:2:130209:78538,0.13575308799743652
rxn:2:130970:170235,0.13591140295778
rxn:2:77560:167658,0.11998829375142636
rxn:2:76939:171426,0.10609087347984314
rxn:2:131470:169412,0.09381936634740522
rxn:2:118157:170668,0.12882982656873507
rxn:2:70995:171231,0.12540665039649376
rxn:2:110326:169305,0.10998782157897949
rxn:2:98729:96010,0.13608071596726126
rxn:2:66657:169412,0.15001245055879867
rxn:2:69457:169412,0.12837446689605714
rxn:2:69632:171246,0.12210800556036142
rxn:2:89554:120822,0.14324561092588636
rxn:2:67380:94314,0.14840680122375488
rxn:2:108740:171231,0.11828270040709397
rxn:2:85964:152446,0.11726622168834393
rxn:2:122351:171231,0.12582345555226007
rxn:2:141397:123626,0.12363360019830558
rxn:2:86811:139570,0.13777259102574102
rxn:2:97543:169400,0.1526450514793396
rxn:2:70411:122855,0.14472389221191406
rxn:2:92382:170060,0.12011631510474464
rxn:2:105340:170235,0.12315000534057617
rxn:2:110342:169412,0.13830186426639557
rxn:2:93644:171218,0.1304728885491689
rxn:2:126189:170060,0.14954193149294173
rxn:2:160401:108959,0.14771027650151933
rxn:2:132899:152446,0.11390558381875356
rxn:2:73585:135410,0.10562094398166823
rxn:2:104011:92488,0.16232966965642467
rxn:2:74284:169305,0.11989073952039082
rxn:2:87290:113826,0.1339338551396909
rxn:2:131110:171231,0.1284767114199125
rxn:2:114435:170060,0.14110182651451655
rxn:2:134698:117056,0.14278649787108103
rxn:2:100318:73940,0.13191844820976256
rxn:2:113399:91563,0.1518866050811041
rxn:2:97063:85686,0.1371564921878633
rxn:2:79379:170913,0.12133394438644936
rxn:2:141497:171231,0.11036072254180908
rxn:2:135125:170060,0.14470342653138296
rxn:2:108049:70192,0.12311869575863793
rxn:2:120828:68807,0.13600388279667608
rxn:2:86811:100541,0.12230667582264652
rxn:2:123016:170060,0.11654356673911766
rxn:2:119168:130400,0.1399585869577196
rxn:1:45225:23328,0.12956855595111846
rxn:2:125874:150277,0.12745329641526745
rxn:2:167592:125117,0.1483971348830632
rxn:2:81212:96975,0.14208390210804187
rxn:2:107115:169412,0.14059682687123617
rxn:2:68710:169412,0.12885785954339163
rxn:2:81212:171426,0.10948564857244492
rxn:2:99518:146828,0.1495701720317205
rxn:2:142221:142183,0.10998661071062088
rxn:2:116288:68807,0.15265228350957236
rxn:2:137966:169305,0.11677964448928833
rxn:2:76360:171043,0.13251821748141585
rxn:2:135058:172893,0.13229039082160363
rxn:2:77440:170235,0.12423286338647206
rxn:2:105246:171180,0.12343618163356075
rxn:2:121431:173089,0.11964024030245267
rxn:2:115896:170913,0.13346428120577777
rxn:2:127204:170813,0.13222536136364116
rxn:2:108320:168058,0.14229461749394734
rxn:2:86811:76379,0.15125921258219965
rxn:2:131517:169412,0.11918097939984552
rxn:2:128700:169412,0.13187247103658215
rxn:2:100097:157807,0.12375186443328857
rxn:2:110342:170060,0.12762443082673208
rxn:2:69007:169305,0.12356575109340527
rxn:2:120738:170060,0.12975776195526123
rxn:2:111538:169851,0.12710891025406973
rxn:2:70165:123403,0.12823246554894882
rxn:2:130128:170813,0.11918531014369084
rxn:2:141397:160916,0.12680313166450052
rxn:2:118279:152446,0.1312192726135254
rxn:2:126189:169412,0.11461099130766732
rxn:2:86224:170858,0.11420547465483348
rxn:2:122705:170060,0.13090402080166724
rxn:2:132946:171246,0.13574181284223283
rxn:2:76236:70192,0.11151720927311824
rxn:2:121259:169305,0.1143302295518958
rxn:2:141497:170828,0.11065094367317531
rxn:2:116138:94314,0.11933090894118599
rxn:2:69401:169810,0.12484787748410152
rxn:2:80644:169851,0.14045188961357907
rxn:2:69743:171231,0.11379841080418339
rxn:2:99084:173016,0.12572916790291114
rxn:2:135134:100235,0.1328152616818746
rxn:2:141397:170060,0.12544192208184135
rxn:2:85140:123403,0.14621639966964722
rxn:2:114505:169412,0.13690876739996452
rxn:2:72121:169412,0.13667214342526027
rxn:2:86229:170060,0.15727800793117946
rxn:2:67380:170060,0.13669761912576084
rxn:2:86739:152446,0.11320633799941451
rxn:2:67380:122855,0.143850154876709
rxn:2:141397:125758,0.14366348584493002
rxn:2:107777:170060,0.1510550401828907
rxn:2:110352:170471,0.1197812727519444
rxn:2:125825:70192,0.15054090998389505
rxn:2:138255:107408,0.14464499553044638
rxn:2:117731:170060,0.1268613412976265
rxn:2:127440:171180,0.10592974901199341
rxn:2:108320:150277,0.13493288590990263
rxn:2:86811:87790,0.15484061506059435
rxn:2:171557:142183,0.14206921458244323
rxn:2:135125:169412,0.13716918230056763
rxn:2:112728:135410,0.12009439143267545
rxn:2:101439:170411,0.14490334192911783
rxn:2:128745:169305,0.12308929920196533
rxn:2:67883:152446,0.1038474061272361
rxn:2:150747:172265,0.15728316960796232
rxn:2:130089:172751,0.13221681118011475
rxn:2:117377:169412,0.14755030473073324
rxn:2:89454:169412,0.1453895745454011
rxn:2:123090:172375,0.1338609204842494
rxn:2:140230:170060,0.13301957079342433
rxn:2:80519:144172,0.12741770692493604
rxn:2:84646:169305,0.11945931957318233
rxn:2:86811:136989,0.1413764754931132
rxn:2:68566:170060,0.15435747305552164
rxn:2:88304:173089,0.1300509546114051
rxn:2:83460:152446,0.11474831104278564
rxn:2:118579:170235,0.1187518937834378
rxn:2:127751:171246,0.1276520667252717
rxn:2:141847:155104,0.13672663105858696
rxn:2:85840:123403,0.14555500171802663
rxn:2:84123:169305,0.13922394425780685
rxn:2:80346:123403,0.12946006774902344
rxn:2:90688:87722,0.11433075155530657
rxn:2:67624:173089,0.12251738565308708
rxn:2:138255:81125,0.12202532589435577
rxn:2:93721:169412,0.1332614521185557
rxn:2:91950:169412,0.13077224493026735
rxn:2:86811:106287,0.13570661544799806
rxn:2:86811:144172,0.12539639517113013
rxn:2:135134:156070,0.12857236623764037
rxn:2:100246:169964,0.12197114314351763
rxn:2:85630:168058,0.1485405338221583
rxn:2:72890:144761,0.11899736523628235
rxn:2:124693:172375,0.1179146067849521
rxn:2:141397:170116,0.13033034042878586
rxn:2:141397:171570,0.14082689907239831
rxn:2:92749:111053,0.11533224251535204
rxn:2:141397:101943,0.1361832544207573
rxn:2:141397:172405,0.14845287281533945
rxn:2:120365:107746,0.12457385388287631
rxn:2:104755:173089,0.11631030559539796
rxn:2:87971:126659,0.1493276208639145
rxn:2:104982:171043,0.12570388228804977
rxn:2:132946:171231,0.12367818218011123
rxn:2:86397:171231,0.13804806981767928
rxn:2:128583:172375,0.1322260856628418
rxn:2:141397:144061,0.1258989515758696
rxn:2:117485:147222,0.1265409759112767
rxn:2:119399:170060,0.13396714283869818
rxn:2:86811:129880,0.1216500997543335
rxn:2:114522:171246,0.13942550843761814
rxn:2:72200:173095,0.14898782968521118
rxn:2:116427:97563,0.1257435300133445
rxn:2:72708:126659,0.12954223385223976
rxn:2:72524:169412,0.13886202573776246
rxn:2:73728:169305,0.13358686187050559
rxn:2:130125:171043,0.13322189758563863
rxn:2:99101:77187,0.15233552014386212
rxn:2:96615:142183,0.15287368893623351
rxn:2:134482:171231,0.1433173234646137
rxn:2:134689:169412,0.13583223025004068
rxn:2:113732:96010,0.14290590240405157
rxn:2:73728:117327,0.1384745717048645
rxn:2:116427:170235,0.13003473811679417
rxn:2:141397:169537,0.13237158060073853
rxn:2:104055:170060,0.12974601558276586
rxn:2:140105:169305,0.13658373832702636
rxn:2:93485:169305,0.1226727503996629
rxn:2:130961:126659,0.13520291328430176
rxn:2:67380:78538,0.12866668347959165
rxn:2:76322:126659,0.13381976882616678
rxn:2:100318:169810,0.13847842386790685
rxn:2:68242:172618,0.14750274707531108
rxn:2:110352:150642,0.15404807580144783
rxn:2:105340:169810,0.12685975322016962
rxn:2:80872:172751,0.12076611178261894
rxn:2:69232:112875,0.13572219014167786
rxn:2:145665:142183,0.14738245010375978
rxn:2:76939:88103,0.15349736339167544
rxn:2:100097:97563,0.12352861642837525
rxn:2:85840:126659,0.13601632250679863
rxn:2:141397:169028,0.1390419060533697
rxn:2:141397:172441,0.1310892321846702
rxn:2:84123:69508,0.13700528766797937
rxn:2:93644:169366,0.10800699087289664
rxn:2:116240:169412,0.08587446808815002
rxn:2:127440:169366,0.11135943577839778
rxn:2:141397:169594,0.13301034106148613
rxn:2:110326:171231,0.12763508319854736
rxn:2:141290:170060,0.12186924837253711
rxn:2:90345:170235,0.13390122519599068
rxn:2:124198:144172,0.1315221009047135
rxn:2:113171:170026,0.11195143337907462
rxn:2:141397:95843,0.10406168301900227
rxn:2:70104:126659,0.14359216048167303
rxn:2:76896:102615,0.08073469725522128
rxn:2:109311:170668,0.13559747934341432
rxn:2:69619:104467,0.14235488653182984
rxn:2:92067:169305,0.11158686417799729
rxn:2:167592:150277,0.14063850910432876
rxn:2:125916:170060,0.1306560910665072
rxn:2:98501:172375,0.12375288775988988
rxn:2:67187:173089,0.12137153247992198
rxn:2:109391:169412,0.10782037888254438
rxn:2:141847:172893,0.13025066008170447
rxn:2:77440:111053,0.12300836046536763
rxn:2:141544:169412,0.14562020301818848
rxn:2:86811:116137,0.13310999870300294
rxn:2:84960:152446,0.08719136979844835
rxn:2:114259:169810,0.1359812617301941
rxn:2:74364:170060,0.12337262321401525
rxn:2:81212:111053,0.13410004642274645
rxn:2:77962:142183,0.12067182064056396
rxn:2:120365:97346,0.14020477306275142
rxn:2:66959:94314,0.13571292421092157
rxn:2:76425:172751,0.128243373973029
rxn:2:119366:123403,0.1455419874191284
rxn:2:138255:75017,0.13466599464416504
rxn:2:110839:169305,0.14146160162412202
rxn:2:87971:169414,0.11405577330753722
rxn:2:92565:172893,0.12157954619481014
rxn:2:116191:97264,0.14811234888823135
rxn:2:86811:120181,0.13072076550236456
rxn:2:120936:171231,0.14364019724038932
rxn:1:46492:28813,0.12142631411552429
rxn:2:88919:172751,0.11199058426751031
rxn:2:75198:107408,0.141928425856999
rxn:2:141544:170060,0.139411883354187
rxn:2:122432:170060,0.14076785688047055
rxn:2:121817:173089,0.1389447980456882
rxn:2:138805:171231,0.11714056968688964
rxn:2:93498:172375,0.14277156270467317
rxn:2:87971:170858,0.1274731644877681
rxn:2:94402:68636,0.13112090642635638
rxn:2:95575:169412,0.12934526588235581
rxn:2:70104:130267,0.12175593852996826
rxn:2:115282:171179,0.08128570992013683
rxn:2:85099:169305,0.10677730578642625
rxn:2:141397:167117,0.12645272413889566
rxn:2:125010:152446,0.12178234259287517
rxn:2:66358:126659,0.13747271624478427
rxn:2:93644:111053,0.1308198504977756
rxn:2:117046:152446,0.10098675319126674
rxn:2:67009:141988,0.14977582454681396
rxn:2:157946:98873,0.12274532091049921
rxn:2:87971:169851,0.1332326659134456
rxn:2:83476:70192,0.11491343021392822
rxn:1:45234:723,0.1440820727083418
rxn:2:103573:73726,0.14161016182465988
rxn:2:141497:171648,0.1361611096755318
rxn:2:96733:169305,0.1170980242582468
rxn:2:80906:171231,0.12403866096779152
rxn:1:62531:723,0.12492193281650543
rxn:2:132899:172751,0.142894031824889
rxn:2:86811:118142,0.126620168869312
rxn:2:88098:169305,0.10490191727876663
rxn:2:103573:133871,0.13148988428569974
rxn:2:117045:169412,0.1294029474258423
rxn:2:110352:93947,0.11266563920413747
rxn:2:87971:109025,0.131934232711792
rxn:2:77202:172189,0.158362556386877
rxn:2:84078:169305,0.1174160639444987
rxn:2:93644:143624,0.15285910878862655
rxn:2:87971:108959,0.1526665997505188
rxn:2:91999:169412,0.13612962227601272
rxn:2:79706:169412,0.1376795115009431
rxn:2:139504:70192,0.11604494374731313
rxn:1:45220:23328,0.12313745617866516
rxn:2:85225:142724,0.141459791748612
rxn:2:89509:150766,0.15932918407700278
rxn:2:141238:171231,0.14005862022268362
rxn:2:116472:129880,0.143327534198761
rxn:2:80079:170858,0.124099749105948
rxn:2:86112:172778,0.09583620088441032
rxn:2:134607:169739,0.12886540293693544
rxn:2:100702:169305,0.13185518521528977
rxn:2:139383:169851,0.15709912997704964
rxn:2:87971:133871,0.130390784740448
rxn:2:113818:170060,0.1422419888632638
rxn:2:97900:91563,0.15915340444316034
rxn:2:93509:171231,0.12580364721792717
rxn:2:76322:108959,0.1557018995285034
rxn:2:101969:123403,0.14637688159942627
rxn:2:141544:171460,0.13396459155612522
rxn:2:133935:96010,0.13971405338357995
rxn:2:104952:170235,0.11884873310724894
rxn:2:97318:171231,0.12249354215768668
rxn:2:116338:173089,0.09976252794265747
rxn:2:91747:172189,0.13366138318489337
rxn:2:162493:116515,0.1611854157277516
rxn:2:86811:129023,0.13947023202975592
rxn:2:74139:170668,0.1337284004246747
rxn:2:102928:169305,0.10300077746311824
rxn:2:125962:114048,0.12661671179991502
rxn:2:133008:170235,0.13705797791481017
rxn:2:94769:170858,0.1336755523314843
rxn:2:85600:70192,0.13420475784100985
rxn:2:76625:170235,0.13606033154896327
rxn:2:94771:171179,0.08646111596714366
rxn:2:87202:157613,0.11917624125878017
rxn:2:138463:173089,0.12349176186102408
rxn:2:167592:141988,0.1475112614808259
rxn:2:110765:170060,0.14302220015690245
rxn:2:135524:170235,0.13057115035397665
rxn:2:93644:171460,0.12659051269292831
rxn:2:129661:96010,0.12410942028308737
rxn:2:87971:107408,0.14696367333332697
rxn:2:119428:171231,0.1191329249629268
rxn:2:102355:96010,0.144629235068957
rxn:2:81673:171602,0.11619494449008595
rxn:2:109858:171231,0.12059417477360478
rxn:2:104817:170060,0.1317334532737732
rxn:2:121978:104467,0.11336455895350529
rxn:2:108432:171231,0.11577991865299365
rxn:2:125169:170060,0.14294969184058054
rxn:2:67288:169412,0.1397820546709258
rxn:2:104688:152446,0.13323923835047968
rxn:2:66358:171179,0.1384650835624108
rxn:2:86811:127220,0.13781162986048945
rxn:2:134454:173089,0.1288267418190285
rxn:2:132002:87722,0.14029367516438165
rxn:2:78535:111147,0.14764312368172866
rxn:2:135414:172751,0.12577838322211957
rxn:2:89006:170060,0.1340468371355975
rxn:2:86811:108959,0.13367888221034296
rxn:2:131711:170813,0.1229395866394043
rxn:2:89531:170060,0.13521029897358106
rxn:2:128132:171460,0.12385585904121399
rxn:2:121736:170060,0.12995269791833286
rxn:2:104688:159800,0.12541262529514455
rxn:2:104688:170482,0.1340286923306329
rxn:2:114213:150766,0.13766316572825113
rxn:2:124693:91563,0.1212251471436542
rxn:2:128825:112875,0.10434137880802155
rxn:2:116296:171231,0.14875098637172154
rxn:2:141544:173089,0.12511969071168166
rxn:2:93504:166167,0.1342719896979954
rxn:2:140908:143698,0.14369719183963278
rxn:2:103573:169366,0.12471802745546613
rxn:2:110352:110310,0.1364095840189192
rxn:2:130970:168989,0.13000033230617128
rxn:2:166744:142183,0.13030409812927246
rxn:2:102418:170060,0.1350073367357254
rxn:2:86811:117186,0.13385418176651
rxn:2:67883:173089,0.12600514681442923
rxn:2:125198:152446,0.10911580423514049
rxn:2:134110:169412,0.12883303562800089
rxn:2:108082:142183,0.12252739228700336
rxn:2:87923:142183,0.13683450849432693
rxn:2:124089:170235,0.12432623761040824
rxn:2:141397:113546,0.13210542712892806
rxn:2:87876:112875,0.12840874989827475
rxn:1:65513:11753,0.11803964525461197
rxn:2:117254:169305,0.1043168830871582
rxn:2:100611:96010,0.1577135611463476
rxn:2:113732:108959,0.13994481701117295
rxn:2:118204:152446,0.09648460370522959
rxn:2:92055:170235,0.12598661513164125
rxn:2:92382:169810,0.11718989335573636
rxn:2:118178:169305,0.1199619197845459
rxn:2:102551:170060,0.12289877023015704
rxn:2:109052:169305,0.12195144708339985
rxn:2:88304:172375,0.12929797172546387
rxn:2:88919:169305,0.13329883722158578
rxn:2:100097:173095,0.144856004803269
rxn:2:102522:170060,0.14911646289484842
rxn:2:131711:170060,0.15098343849182128
rxn:2:76625:169594,0.14624931720586923
rxn:2:70962:169412,0.14568751829641838
rxn:2:141397:172767,0.11758109770323101
rxn:2:126006:169412,0.14191569175039018
rxn:2:135414:169305,0.1326823021684374
rxn:2:87971:87790,0.14552224397659302
rxn:2:116191:120205,0.11079511046409607
rxn:2:78032:171231,0.12404665847619374
rxn:2:132002:170060,0.12807439267635345
rxn:2:126294:169412,0.13548247814178466
rxn:2:72203:142183,0.1334382570706881
rxn:2:111909:169305,0.12597082669918352
rxn:2:92749:169305,0.10174367328484853
rxn:2:107997:169412,0.1258584644113268
rxn:2:99720:169305,0.10326771020889282
rxn:2:133935:94314,0.12327694434386033
rxn:2:73959:172618,0.13312101860841116
rxn:2:141397:172820,0.11648515950549733
rxn:2:87382:116404,0.1289079397916794
rxn:2:134689:169851,0.12856234002996375
rxn:2:77560:169400,0.1485202664678747
rxn:2:141397:143102,0.10003007054328919
rxn:2:74084:170060,0.14012343795211227
rxn:2:99549:169412,0.12557397286097208
rxn:2:67741:169412,0.12402530014514923
rxn:2:69232:160916,0.1251708765824636
rxn:2:130128:170774,0.11246157354778713
rxn:2:98283:170060,0.14402725866862706
rxn:1:41904:3091,0.1340604821840922
rxn:2:127440:170482,0.11968811439431232
rxn:2:82049:94314,0.1262578765551249
rxn:2:76625:91563,0.145878737171491
rxn:2:71188:170060,0.14551106403613911
rxn:2:105086:96010,0.1337982592759309
rxn:2:103984:170060,0.13181687223500219
rxn:2:124198:68909,0.1385784101486206
rxn:2:88098:172375,0.1337660138423626
rxn:2:127917:169305,0.10039139270782471
rxn:2:124693:169412,0.13168127536773683
rxn:2:112350:112875,0.12500597672028976
rxn:2:66303:170060,0.15269790376935685
rxn:2:108320:123403,0.1481370528539022
rxn:2:99685:169305,0.11077108730872472
rxn:2:114191:126659,0.1396774487061934
rxn:2:138463:169305,0.13395678997039795
rxn:2:87971:129880,0.12953743797082168
rxn:2:76822:171492,0.11625859141349792
rxn:2:83604:134317,0.14200270175933838
rxn:2:73173:169412,0.13531953522137233
rxn:2:112836:170235,0.11416103442509969
rxn:1:65513:28818,0.12142528772354126
rxn:2:76939:172751,0.12915632009506225
rxn:2:124198:113807,0.12248684059489857
rxn:2:104973:142183,0.10487184354237147
rxn:2:132002:114486,0.1220689903606068
rxn:2:69022:169305,0.12655801432473318
rxn:2:128114:172375,0.14415637031197548
rxn:2:66879:142183,0.12479284033179283
rxn:2:130107:172375,0.13625631882594183
rxn:2:118708:173089,0.12041350426497283
rxn:2:67380:91563,0.13122095664342245
rxn:2:124198:162465,0.13432428928521964
rxn:1:41904:24341,0.14829641580581665
rxn:2:131932:70192,0.15632342750375922
rxn:2:99891:173089,0.1275550935949598
rxn:2:87579:169412,0.14653814721990516
rxn:2:84067:171231,0.11824397908316718
rxn:2:91597:171152,0.1454133206400378
rxn:2:131711:168989,0.13367947510310582
rxn:2:86297:157908,0.1249348783493042
rxn:2:100451:104330,0.14400224387645721
rxn:2:115397:170060,0.1313452082020896
rxn:2:134099:169810,0.11568216979503632
rxn:2:103739:170060,0.13483954270680745
rxn:2:92194:172751,0.110593780875206
rxn:2:109567:171246,0.1329514185587565
rxn:2:108320:170060,0.1401831954717636
rxn:2:118579:170858,0.1232404112815857
rxn:2:109607:171179,0.11284282555182774
rxn:2:110352:83715,0.13108623425165813
rxn:2:100287:171231,0.13085395523480006
rxn:2:109607:172631,0.10623922171416106
rxn:2:117774:170060,0.14582460267203196
rxn:2:92388:169305,0.11909729242324829
rxn:2:70995:170235,0.12894389721063468
rxn:1:65013:28754,0.12899500528971355
rxn:2:114314:152446,0.11845616058067039
rxn:2:109895:169412,0.14638208491461618
rxn:2:128024:169810,0.1329560045685087
rxn:2:86811:124273,0.14825426844450143
rxn:2:138255:157807,0.1295713973045349
rxn:2:110352:171180,0.13626458699052985
rxn:2:78571:94292,0.14202789826826615
rxn:2:112600:70192,0.11767015218734742
rxn:2:119461:170235,0.12767332792282104
rxn:2:67187:152446,0.1015362428582233
rxn:2:132002:169412,0.11045716064316886
rxn:2:128000:172105,0.13463890552520752
rxn:2:95355:170060,0.1522239882212419
rxn:2:102928:173089,0.12679769163546356
rxn:2:101450:171426,0.11011306444803874
rxn:2:130128:171426,0.11476897696654002
rxn:2:132946:168989,0.1276999800293534
rxn:2:112836:169305,0.11936087409655254
rxn:2:109311:171246,0.13606340796859176
rxn:2:112333:169085,0.13429034989455652
rxn:2:88326:171246,0.11365814010302226
rxn:2:135415:170913,0.1295735055002673
rxn:2:140472:169412,0.1348442052091871
rxn:2:133153:170060,0.13736598861628566
rxn:2:107302:170913,0.12077623384970206
rxn:2:67058:170060,0.13768543188388532
rxn:2:100318:113405,0.13505838811397552
rxn:2:122668:169412,0.11120119571685791
rxn:2:114485:169412,0.12556162586918584
rxn:2:136996:169412,0.13254773120085397
rxn:2:139637:169412,0.12200521904489268
rxn:2:141397:147222,0.11922949238827354
rxn:2:101450:170060,0.12544510039416226
rxn:2:108174:170235,0.12416470902306694
rxn:2:107178:169305,0.11075600752463707
rxn:2:101450:70192,0.1429044384705393
rxn:2:83604:157478,0.15339072725989603
rxn:2:72708:87722,0.1271188992720384
rxn:2:141397:171400,0.11868023210101658
rxn:2:146036:172076,0.13874779209013907
rxn:2:134916:146533,0.14862440881274996
rxn:2:97860:169412,0.12958219757786504
rxn:2:79984:171231,0.12832289218902587
rxn:2:81212:171231,0.09474324931701024
rxn:2:72890:94314,0.13175280527635055
rxn:2:96888:152446,0.08996018215462014
rxn:2:81212:172893,0.11336268236239751
rxn:2:86811:139599,0.1494484841823578
rxn:2:73173:170060,0.13192954233714513
rxn:2:78671:170235,0.13065921027084876
rxn:2:137085:142183,0.13085073232650757
rxn:2:85122:170060,0.10700300832589467
rxn:2:97318:170235,0.1246639948624831
rxn:2:81877:169412,0.13934687331870751
rxn:1:43781:24341,0.11141889572143554
rxn:2:138255:109025,0.1369445037841797
rxn:2:141238:68807,0.13162574420372644
rxn:2:97024:73313,0.10856562593708867
rxn:2:118433:171231,0.1453494451664112
rxn:2:135573:123403,0.14503503882366678
rxn:2:140684:142183,0.11307876250323128
rxn:2:77440:172751,0.1275322413444519
rxn:2:68805:84708,0.14966318918311078
rxn:2:141397:111903,0.12600896755854288
rxn:2:125916:169412,0.13820490470299354
rxn:2:140720:120181,0.15662421924727304
rxn:2:89699:172189,0.1261764963467916
rxn:2:113894:171246,0.13847860180098434
rxn:2:103296:171246,0.1310385708455686
rxn:2:93026:169739,0.12112056357519967
rxn:2:107531:169305,0.09542245864868164
rxn:2:69619:123403,0.1458121629861685
rxn:2:79585:152446,0.11036164283752442
rxn:2:83604:171423,0.12775440762440363
rxn:2:119859:171231,0.12298900101866041
rxn:2:150679:142183,0.1457752764225006
rxn:2:73951:170482,0.13672734260559083
rxn:2:92030:170060,0.12546210864494586
rxn:2:67187:171246,0.13058051798078749
rxn:2:142139:150277,0.1271426592554365
rxn:2:70440:173016,0.14821393092473348
rxn:2:134689:170482,0.13352563551494054
rxn:2:122341:169964,0.09158198259494922
rxn:2:93644:161103,0.14827704429626465
rxn:2:101882:170060,0.13304137332098825
rxn:2:67298:173089,0.13283191408429826
rxn:2:71543:142183,0.12274998823801676
rxn:2:122341:152446,0.11390695333480835
rxn:2:124198:135229,0.1428787394573814
rxn:2:140015:171231,0.11947554760965808
rxn:2:131603:108959,0.12985813876856928
rxn:2:95380:170668,0.144832044839859
rxn:2:94862:169594,0.125447745124499
rxn:2:91597:169412,0.13281259059906006
rxn:2:120356:139886,0.13521354893843332
rxn:2:103296:170060,0.10433055006939432
rxn:2:111686:171231,0.12388744262548593
rxn:2:141397:171682,0.12790958176959644
rxn:2:135573:169305,0.1276118385380712
rxn:2:127086:120822,0.13351618766784668
rxn:2:128467:142183,0.1238668958346049
rxn:2:78792:123403,0.12117592148158861
rxn:2:76822:168989,0.1182017784852248
rxn:2:72890:108959,0.13927956767704175
rxn:2:83476:120822,0.11147952538270217
rxn:2:76896:96010,0.14166035006443659
rxn:2:101404:171246,0.14195251890591212
rxn:2:77440:172375,0.1464200707582327
rxn:2:67562:150277,0.1415618101755778
rxn:2:89454:170060,0.14025598985177498
rxn:2:95355:169412,0.14160562937076276
rxn:2:127642:171492,0.12301997414657048
rxn:2:79270:169412,0.14843900845601007
rxn:2:67187:170999,0.11640346050262451
rxn:2:77560:170548,0.12717037851160223
rxn:2:76322:169305,0.12556169827779134
rxn:2:150155:96010,0.13551391815317088
rxn:2:97063:169305,0.13220431628050627
rxn:2:90326:152446,0.1380961835384369
rxn:2:84078:171426,0.11746591329574585
rxn:2:105340:170482,0.11294594158728917
rxn:2:75557:169964,0.10594611918484723
rxn:2:87625:171246,0.12792276910373143
rxn:2:67380:125117,0.12898869867678042
rxn:2:83706:145184,0.11715587325718092
rxn:2:150747:169851,0.1295658230781555
rxn:2:139678:169810,0.12002397466588903
rxn:2:141397:150091,0.1283778933917775
rxn:2:98312:172189,0.1336132777588708
rxn:2:114009:104330,0.14040411435640776
rxn:2:120365:160916,0.11942838191986084
rxn:2:77251:169305,0.1338211985734793
rxn:2:125625:169412,0.1427687108516693
rxn:2:130128:173089,0.12962933208631433
rxn:2:124198:78351,0.1330913123877152
rxn:2:117571:147222,0.1363828622776529
rxn:2:97610:170060,0.14880389858175208
rxn:2:89554:66791,0.11445265549879807
rxn:2:120365:95635,0.12521862983703613
rxn:2:130089:170502,0.11262282839527836
rxn:2:120365:96187,0.10162180143853893
rxn:2:96838:169739,0.11644231356107272
rxn:2:137534:169412,0.1419456253449122
rxn:2:86784:142183,0.11975499242544174
rxn:2:75557:173089,0.12213625816198495
rxn:2:92882:170060,0.1405202900921857
rxn:2:149481:108959,0.12768870166369847
rxn:2:94771:171460,0.11762210975090663
rxn:2:119211:169412,0.1231477039831656
rxn:2:136508:172751,0.13570970913459515
rxn:2:141397:172778,0.13430062433083853
rxn:2:141847:170913,0.1123526394367218
rxn:2:141847:169729,0.1296681253998368
rxn:2:74737:170060,0.15328677211488997
rxn:2:124396:169305,0.12241653295663688
rxn:2:76425:171043,0.12183667719364166
rxn:2:141397:171114,0.12252247875387018
rxn:2:117731:152446,0.09931800762812297
rxn:2:76896:169412,0.13843725345752858
rxn:2:70411:68807,0.14022619194454616
rxn:2:67304:152446,0.11173220157623291
rxn:2:125845:169412,0.12513477087020874
rxn:2:132946:170668,0.12121050174419697
rxn:2:127440:170774,0.12133059899012248
rxn:2:158887:142183,0.12160590291023254
rxn:2:91764:156984,0.13532518489020212
rxn:2:141397:173108,0.13318572532046924
rxn:2:82773:97346,0.1360522760794713
rxn:2:88344:169851,0.14098173956717214
rxn:2:67380:97563,0.11717218160629272
rxn:2:67961:170235,0.11909868035997663
rxn:2:90963:169412,0.1379903378310027
rxn:2:138730:152446,0.10793604808194297
rxn:2:79586:98873,0.14701834917068482
rxn:2:98818:123403,0.11284742447046134
rxn:2:101450:172375,0.12316993566659781
rxn:2:110352:111828,0.10139894485473633
rxn:2:78444:169412,0.14779861547328807
rxn:2:124693:170913,0.13206292081762244
rxn:2:119399:169412,0.1321476331123939
rxn:2:136521:171231,0.12741070747375488
rxn:2:90515:169412,0.1165820871080671
rxn:2:122351:155104,0.14265876787680168
rxn:2:132131:170060,0.12964236736297607
rxn:2:100097:109025,0.13157907009124756
rxn:2:83959:170060,0.11946457395186791
rxn:2:141544:170668,0.12754074732462564
rxn:2:129549:169305,0.1346148527585543
rxn:2:138255:170060,0.129941069654056
rxn:2:104982:170668,0.13938100521381086
rxn:2:132002:107408,0.15307088444630304
rxn:2:134785:170060,0.11378678679466248
rxn:2:141397:156047,0.14410528114863805
rxn:2:90345:152446,0.10923554420471192
rxn:2:95795:169412,0.1283153251365379
rxn:2:132002:110334,0.09010715007781983
rxn:2:89509:170026,0.11889898351260594
rxn:2:141397:170720,0.13240587711334229
rxn:2:141555:92027,0.142440570725335
rxn:2:134564:172375,0.13947731944230887
rxn:2:94402:126659,0.11887203271572407
rxn:2:141397:153588,0.104849612011629
rxn:2:130889:169412,0.13306009384893602
rxn:2:127785:172375,0.13675994784743697
rxn:2:72583:170060,0.14639739806835467
rxn:2:93504:172751,0.12825870301042283
rxn:2:140347:169305,0.14065269187644677
rxn:2:115282:170374,0.1415598436638161
rxn:2:75620:170235,0.12806019959626375
rxn:2:92937:142183,0.12789099707322962
rxn:2:114509:114519,0.13327442606290182
rxn:2:122341:173089,0.1361579390672537
rxn:2:131419:169305,0.11287126690149307
rxn:2:88344:156984,0.13266743767646053
rxn:2:120936:169412,0.11892568320035934
rxn:2:126067:169739,0.10146258886043842
rxn:2:141397:167133,0.12369244628482395
rxn:2:86385:169085,0.11079662612506322
rxn:2:162493:142192,0.15677123836108617
rxn:2:67380:139886,0.12246133730961727
rxn:2:121883:170060,0.13114273335252488
rxn:2:87971:162819,0.10640247968526986
rxn:2:78571:100719,0.14046506654648555
rxn:2:105340:171179,0.113429914350095
rxn:2:98749:169412,0.1429514793249277
rxn:2:139503:169305,0.1200354528427124
rxn:2:77560:88103,0.14385340088292173
rxn:2:101450:111053,0.11656867133246528
rxn:2:133789:170060,0.15083836846881443
rxn:2:97858:172375,0.117170016680445
rxn:2:131620:152911,0.11738332418295053
rxn:2:125447:173089,0.12651736395699636
rxn:2:77242:172375,0.13457257832799638
rxn:2:136508:173089,0.1497126442414743
rxn:2:67380:87722,0.1301930046081543
rxn:2:67380:69508,0.1266810452496564
rxn:2:97858:170060,0.10883430639902751
rxn:2:86297:169412,0.13733202996461288
rxn:2:150747:107956,0.14861060422042321
rxn:2:79379:169412,0.13591619774147315
rxn:2:86224:169305,0.11986764934327868
rxn:2:132005:169412,0.11827559556279864
rxn:2:82454:171231,0.12203981699766936
rxn:2:138074:142183,0.1398908811457017
rxn:2:139114:171231,0.10708923064745389
rxn:1:46574:28048,0.13143792878026547
rxn:2:95948:170060,0.1219361358218723
rxn:2:115937:94314,0.13227364420890808
rxn:2:116916:170235,0.1200175689799445
rxn:2:81589:147222,0.12520788334034108
rxn:2:104517:169412,0.12751569492476328
rxn:2:137816:156984,0.1313245849949973
rxn:2:77560:171231,0.11069801946481068
rxn:2:94402:104467,0.13555532455444336
rxn:2:100097:69508,0.1275831048305218
rxn:2:104271:85686,0.14987660142091605
rxn:2:117897:170060,0.13958459871786613
rxn:2:124805:168989,0.13272837934822873
rxn:2:74199:141988,0.15018585434666387
rxn:2:112020:170060,0.13652120787521888
rxn:2:84999:169412,0.13188116252422333
rxn:2:78535:116515,0.14471145776601937
rxn:2:102195:152446,0.10610594199253963
rxn:2:97063:169313,0.13904257544449397
rxn:2:128114:169305,0.1341736435890198
rxn:2:141397:159720,0.12603249619988835
rxn:1:41745:5553,0.09304662048816681
rxn:2:81869:169412,0.13473359896586493
rxn:2:112048:142183,0.14158701582958824
rxn:1:43781:11984,0.1368286298668903
rxn:2:72400:156984,0.11067266817446109
rxn:2:88848:78538,0.1474045968055725
rxn:2:121552:70192,0.15305395126342775
rxn:2:87637:113626,0.14821102527471688
rxn:2:152434:120181,0.15038948634575153
rxn:2:77387:170235,0.13319072815088126
rxn:1:45229:661,0.10941429200925325
rxn:2:110222:107716,0.1309896131356557
rxn:2:70238:97346,0.14811033010482788
rxn:2:95808:169305,0.11511216781757495
rxn:2:135811:170235,0.12519285413953993
rxn:2:132131:169305,0.14025831001776237
rxn:2:130548:170060,0.1412322904382433
rxn:2:135535:169305,0.1258530116081238
rxn:2:140979:170060,0.14795067598079814
rxn:2:105340:170060,0.12333202362060547
rxn:2:66550:123403,0.1290251146192136
rxn:2:113875:170235,0.12709060421696416
rxn:2:120369:169412,0.13419880538151183
rxn:2:111961:142183,0.1310850828886032
rxn:2:100097:133697,0.126675763130188
rxn:2:122781:142183,0.08525160700082779
rxn:2:83579:172751,0.1294819712638855
rxn:2:97900:129880,0.1443519618200219
rxn:2:128745:171231,0.12374989748001099
rxn:2:130401:170235,0.11227999473440237
rxn:2:83460:169739,0.13003262877464294
rxn:2:86224:172375,0.12435141925154061
rxn:2:115150:170060,0.13821065425872803
rxn:2:70925:94314,0.1283020662224811
rxn:2:135415:170235,0.14663933474442054
rxn:2:71114:170060,0.14430971145629884
rxn:2:142622:76379,0.14184382132121495
rxn:2:109713:169412,0.12716338634490967
rxn:2:130225:172375,0.12825727037021092
rxn:2:79392:169666,0.15139226255745725
rxn:2:100083:169412,0.12130387624104817
rxn:2:101355:108959,0.15873279709082383
rxn:2:73915:169305,0.13782115115059745
rxn:2:141544:172751,0.13742874349866593
rxn:2:121443:169305,0.10173664490381877
rxn:2:75944:169305,0.12069758314352769
rxn:2:79379:170060,0.14906703101264107
rxn:2:101439:169305,0.13163665533065796
rxn:2:144681:141988,0.14775145053863525
rxn:2:109983:142183,0.10492698351542155
rxn:2:122723:169414,0.11828810572624207
rxn:2:141238:170411,0.12771580959188528
rxn:2:83959:172375,0.12508280078570047
rxn:2:138255:73940,0.13442638764778772
rxn:2:111131:169305,0.12209145545959472
rxn:2:69935:169305,0.1192936971783638
rxn:2:76236:169414,0.11855884393056233
rxn:2:123716:172751,0.11716144360028781
rxn:2:106940:170913,0.13262308560884917
rxn:2:90345:169739,0.11743361183575221
rxn:2:66658:156984,0.1438912428342379
rxn:2:100097:139570,0.12354462146759033
rxn:2:110352:119703,0.15370187494489881
rxn:2:139659:171231,0.13711565527422676
rxn:2:107952:171231,0.11881645367695735
rxn:2:88326:172751,0.1251075837923133
rxn:2:141815:78104,0.11968347300653873
rxn:2:119449:169412,0.13291571140289307
rxn:2:112399:94314,0.11868573610599224
rxn:2:110352:170913,0.13374126525152297
rxn:2:109607:168989,0.11343303874686912
rxn:2:155997:142183,0.14646853804588317
rxn:2:82511:150277,0.12331857604365196
rxn:2:100318:78104,0.12605048716068268
rxn:1:45194:38380,0.14689267343944973
rxn:2:100097:162819,0.10643882017869216
rxn:2:123884:83817,0.1390227895033987
rxn:2:83476:94314,0.11374601721763611
rxn:2:94763:169412,0.1310770442852607
rxn:2:100097:126659,0.13426745931307474
rxn:2:141555:165092,0.14027976592381794
rxn:2:96838:173089,0.10621720304091771
rxn:2:101439:68807,0.15326608657836915
rxn:2:95600:172893,0.10625890449241356
rxn:2:135338:152446,0.12891581535339355
rxn:2:141397:166766,0.14370171647322805
rxn:2:113829:170060,0.14083577356030863
rxn:2:108919:173089,0.1329606263725846
rxn:2:84357:117186,0.12771916389465332
rxn:2:139278:142183,0.12514198943972588
rxn:2:105340:168989,0.10923509414379413
rxn:2:100318:171231,0.12527207686350897
rxn:2:73749:173089,0.1458264015339039
rxn:2:130970:173204,0.10544928188981681
rxn:2:77560:117186,0.14094789939768174
rxn:2:126058:169412,0.1330812931060791
rxn:2:67863:169305,0.1221866695969193
rxn:2:87971:173089,0.12971221578532252
rxn:2:92565:152446,0.09363319724798203
rxn:2:77440:88359,0.13389789490472703
rxn:2:87971:170060,0.13968743596758162
rxn:2:128114:168058,0.15444472432136536
rxn:2:92382:88103,0.1323185782683523
rxn:2:71745:170060,0.14551899830500284
rxn:2:88266:170060,0.12332258758873775
rxn:2:139357:172893,0.12232785920302074
rxn:2:110352:170221,0.14539521648770287
rxn:2:112003:170060,0.1321234518084033
rxn:2:116138:170060,0.16145572397443983
rxn:2:76939:171231,0.11766230563322704
rxn:2:104981:169412,0.14310245602219193
rxn:2:137743:97954,0.1343670644258198
rxn:2:68737:112875,0.12272923900967553
rxn:2:71878:142183,0.13206605315208436
rxn:2:106136:112875,0.1244097844414089
rxn:2:112565:104907,0.13041049501170282
rxn:2:138255:100235,0.11998874445756276
rxn:2:66658:166167,0.1363854706287384
rxn:2:108230:170060,0.12764916132236348
rxn:2:131167:169412,0.15350263427805017
rxn:2:77387:172189,0.10678176237986638
rxn:2:138463:170482,0.12449858365235505
rxn:2:85600:152911,0.13094728268109834
rxn:2:136472:83817,0.12327905495961507
rxn:2:89470:170060,0.13595413523060934
rxn:2:105560:173089,0.12649270433645982
rxn:2:149179:142183,0.12490697417940412
rxn:2:109042:169412,0.12791799174414742
rxn:2:72317:170060,0.10624874741942794
rxn:2:113822:123403,0.13942786662474924
rxn:2:70440:173089,0.10380113124847412
rxn:2:95380:173089,0.1245506935649448
rxn:2:85122:152446,0.09684968491395314
rxn:2:116191:113807,0.11419149585392165
rxn:2:107531:82536,0.1061328509274651
rxn:2:89615:152446,0.11663110733032227
rxn:2:139357:152446,0.1120901487090371
rxn:2:81401:171231,0.14641758468416002
rxn:2:112350:170060,0.11120612974520083
rxn:2:92749:171231,0.12330063184102376
rxn:2:100097:104467,0.12950807032377823
rxn:2:136980:169412,0.13921521260188177
rxn:2:79800:170060,0.10625282261106703
rxn:2:134454:169412,0.12483178193752582
rxn:2:97900:88359,0.14528807997703552
rxn:2:85110:169412,0.13645308571202414
rxn:2:124198:151136,0.13245166265047514
rxn:2:91798:114519,0.15344807306925456
rxn:2:127440:170060,0.10299857909029181
rxn:2:83604:132436,0.1381455095190751
rxn:2:101450:169810,0.12196076374787551
rxn:2:81265:123403,0.12029172026592752
rxn:2:100097:129880,0.12846864186800444
rxn:2:102928:152911,0.12168729305267334
rxn:2:131506:171423,0.13363779915703666
rxn:2:67593:169412,0.15647899627685546
rxn:2:97564:170060,0.13922161715371267
rxn:2:88163:152446,0.1096459414277758
rxn:2:89642:169305,0.13346370203154428
rxn:2:111848:152446,0.08917582918096471
rxn:2:97974:172375,0.12956283773694718
rxn:1:41904:28931,0.13663671068523242
rxn:2:103573:170913,0.11293613452177781
rxn:2:94402:135854,0.10348787674537072
rxn:2:106940:172893,0.13784484221385077
rxn:2:127868:94292,0.12754055747279414
rxn:2:92382:68807,0.1404684029127422
rxn:2:80079:170235,0.13696038722991943
rxn:2:127429:169305,0.12190866271654764
rxn:2:70925:169412,0.14705024825202095
rxn:2:118350:170813,0.12659822404384613
rxn:2:72778:169412,0.11463731298079857
rxn:2:123063:96010,0.1271840582291285
rxn:2:117797:170060,0.12367678165435791
rxn:2:69067:169305,0.11178504923979442
rxn:2:113771:142183,0.14464928044213188
rxn:2:68210:142183,0.08138262374060494
rxn:2:124396:97563,0.1450482408205668
rxn:2:116427:172893,0.10465456379784478
rxn:2:125424:169305,0.1320879734479464
rxn:2:135760:169412,0.12776238184708816
rxn:2:125739:169412,0.151923934618632
rxn:2:90327:170668,0.13263347855320684
rxn:2:137524:126659,0.14509394884109497
rxn:2:141397:170828,0.08898151914278667
rxn:2:83178:172893,0.11555724910327367
rxn:1:45220:12105,0.11315394110149807
rxn:2:109567:152446,0.1081125425255817
rxn:2:139659:71708,0.11637566566467285
rxn:2:139105:172189,0.1373225897550583
rxn:2:102959:142183,0.12903123597304025
rxn:2:130961:123403,0.14906113386154174
rxn:2:77560:170668,0.13358821471532187
rxn:2:130089:152446,0.11130661031474239
rxn:2:69619:126659,0.1405976964877202
rxn:2:140546:169810,0.13570859602519444
rxn:2:135058:159993,0.11398982543211716
rxn:2:116526:173089,0.1174536943435669
rxn:2:69935:152446,0.10405333475633101
rxn:2:139105:120822,0.15022815267244974
rxn:2:87971:100235,0.12513585885365805
rxn:2:76089:169412,0.13611201303345816
rxn:2:94402:108959,0.12759844020560937
rxn:2:75557:169305,0.13366618862858526
rxn:2:134564:169305,0.1210012932618459
rxn:2:132373:96010,0.12816269289363513
rxn:2:97318:170060,0.1275356411933899
rxn:2:70859:168058,0.13627986311912538
rxn:2:139978:81963,0.13313868912783536
rxn:2:122351:172751,0.09228578329086304
rxn:2:101355:120181,0.13687288531890282
rxn:2:141397:135659,0.11847419398171562
rxn:2:129217:169305,0.12032725811004638
rxn:2:107415:170060,0.1381086962563651
rxn:2:106940:171231,0.11747177976828355
rxn:2:140868:171492,0.12560618775231497
rxn:2:151962:142183,0.1182045028323219
rxn:2:133855:170060,0.11568608990422001
rxn:2:141397:173272,0.12493367422194708
rxn:2:77242:171231,0.12814696706258333
rxn:2:86397:171246,0.1279666503270467
rxn:2:116489:169412,0.15129651069641115
rxn:1:41745:28754,0.08853060752153397
rxn:2:76625:169412,0.14153446371738726
rxn:2:98374:84335,0.12824324939561926
rxn:2:103296:172841,0.11545737670815509
rxn:2:138527:169739,0.12057386835416158
rxn:2:77560:171246,0.11507569138820355
rxn:2:100318:172062,0.11915028095245361
rxn:1:64168:5553,0.11294879019260406
rxn:2:141544:85686,0.15126362868717738
rxn:2:141397:136123,0.1307385005056858
rxn:2:69022:169739,0.12713706082311169
rxn:2:124805:173089,0.11550951887060094
rxn:2:84646:97563,0.14333232811519078
rxn:2:78535:173089,0.114858345190684
rxn:2:89554:141988,0.13136277748988226
rxn:2:141397:89087,0.11529494921366373
rxn:2:80644:169412,0.1318153636208896
rxn:2:130477:102419,0.13363354156414667
rxn:2:99550:171231,0.12528618253194368
rxn:2:67380:91511,0.13999447455772987
rxn:2:90706:170235,0.11557970302445549
rxn:2:124198:118297,0.13119407778694517
rxn:2:135573:94314,0.12493026774862538
rxn:2:104820:171231,0.13297740176871972
rxn:2:92213:170060,0.13945865631103516
rxn:2:127751:168989,0.11612184460346515
rxn:2:114843:169412,0.15256466688933196
rxn:1:41711:8770,0.1416979392369588
rxn:2:124177:141195,0.13130009889602662
rxn:2:89509:169810,0.1282884840454374
rxn:2:117485:107716,0.12444103867919357
rxn:2:125874:169412,0.14018442630767822
rxn:2:91813:170060,0.13887220004509235
rxn:2:104688:171492,0.13075632282665797
rxn:2:144636:141988,0.1611190140247345
rxn:2:101355:114519,0.12455195850796169
rxn:2:93644:152446,0.11968849463896318
rxn:2:79829:83817,0.1442102420897711
rxn:2:86811:79735,0.13304008428867048
rxn:2:122706:169412,0.12193067427034732
rxn:2:163073:142183,0.12298836833552311
rxn:2:72913:169412,0.12043413749107948
rxn:2:76425:170801,0.1338080678667341
rxn:2:80341:142183,0.12687461867051966
rxn:2:122432:169412,0.12934709036791767
rxn:2:106692:142183,0.10141526858011882
rxn:2:76822:152446,0.08979871480361275
rxn:2:134564:173089,0.1270066551540209
rxn:2:89509:173095,0.1509064980175184
rxn:2:67288:170060,0.1302936734824345
rxn:2:124198:102373,0.15740156471729277
rxn:1:41904:2836,0.1503150955490444
rxn:2:73951:156984,0.11944383134444554
rxn:2:81341:170235,0.12745422621568045
rxn:1:65013:28048,0.11055501647617506
rxn:2:141397:100209,0.1323930285871029
rxn:2:135524:171231,0.10510817170143127
rxn:2:84871:169412,0.1416315266064235
rxn:2:89615:173016,0.12334459357791477
rxn:2:100097:100541,0.13739801168441773
rxn:2:86397:169412,0.13643404841423035
rxn:2:116338:170116,0.12143268755504064
rxn:2:100097:73940,0.13505734503269196
rxn:2:89509:172841,0.11860974629720052
rxn:2:131974:170060,0.14060900303033683
rxn:2:132400:173089,0.10069481704546057
rxn:2:73576:169313,0.12233202210788069
rxn:2:112830:96010,0.12911206235488257
rxn:2:97024:125758,0.10644209644068843
rxn:2:110352:169857,0.13486377596855165
rxn:2:94497:169412,0.13863180964081376
rxn:2:91999:171492,0.1355714555139895
rxn:2:167592:111147,0.13983258273866442
rxn:2:101292:142183,0.11783134236055262
rxn:2:78602:152446,0.10361371994018555
rxn:2:105340:169412,0.12323340125705885
rxn:2:86385:169412,0.10586422163507213
rxn:2:67778:97346,0.1283539587801153
rxn:2:138255:113826,0.11668948650360107
rxn:2:164774:142183,0.12015894212220844
rxn:2:95575:170060,0.14847596841199057
rxn:2:67593:123403,0.13271398771376836
rxn:2:138255:87790,0.14278611183166504
rxn:2:70104:68807,0.13408989818007858
rxn:2:86811:85327,0.13402949486460006
rxn:2:167169:122855,0.14808228611946106
rxn:2:120167:152446,0.09372367308689998
rxn:2:83604:169286,0.13323038557301398
rxn:2:99558:170060,0.1313336512872151
rxn:2:74215:173089,0.13601460744594707
rxn:2:86973:170060,0.12790720010625906
rxn:2:141397:156884,0.09925852219263713
rxn:2:138255:129880,0.1310191429578341
rxn:2:87971:104467,0.13050500206325366
rxn:2:128024:168989,0.12868884757713037
rxn:2:88782:170235,0.09906123791422163
rxn:2:69619:83009,0.11972758293151856
rxn:2:141397:153880,0.13770794868469238
rxn:2:86811:122855,0.1406331887611976
rxn:2:86811:139886,0.13968118914851435
rxn:2:87290:68807,0.13729200674139935
rxn:2:70350:170060,0.12420971393585205
rxn:2:137524:130267,0.13785226891438165
rxn:2:129628:91563,0.09771738449732463
rxn:2:153741:142183,0.14686976075172425
rxn:2:108829:103126,0.11486676606264981
rxn:2:104688:120822,0.1293496298789978
rxn:2:127558:170060,0.11850947141647339
rxn:2:122351:173089,0.11589794832727184
rxn:2:67380:109025,0.1352293583062979
rxn:2:141397:170175,0.14240619242191316
rxn:2:78032:169594,0.131283624605699
rxn:2:78484:97346,0.1064541599024897
rxn:2:86811:94638,0.13524929930766424
rxn:2:84357:68807,0.1587073516845703
rxn:2:108681:70192,0.14433490753173828
rxn:2:128535:170235,0.12566840648651123
rxn:2:76896:78538,0.15598347902297974
rxn:2:72355:168989,0.11114320158958435
rxn:2:131255:142183,0.12025099330478245
rxn:2:97024:160916,0.14164641857147217
rxn:2:85048:169412,0.11158822421674375
rxn:2:136591:169412,0.13516084353129068
rxn:2:72298:170060,0.13482594931567157
rxn:2:133292:94314,0.13650920214476409
rxn:2:142033:172893,0.12918175685973393
rxn:2:172603:142183,0.13504476980729538
rxn:2:80513:169412,0.13063066581199909
rxn:1:54632:723,0.12278286048344203
rxn:2:80652:170060,0.12986303479583175
rxn:2:101439:141988,0.14175911903381347
rxn:2:104781:168058,0.13939640850856386
rxn:2:141397:67918,0.09811684718498817
rxn:2:141397:172802,0.12487147450447082
rxn:2:131711:173089,0.14055566604320818
rxn:2:76322:68807,0.1496037220954895
rxn:2:97063:173134,0.14311914145946503
rxn:2:92379:142183,0.14704929457770455
rxn:2:95342:171492,0.1154049105114407
rxn:2:96741:169305,0.12234065055847168
rxn:2:136818:169412,0.12456488150816697
rxn:2:124023:123403,0.09838642597198487
rxn:1:46492:8774,0.0944709857304891
rxn:2:170058:142183,0.13491762768138538
rxn:2:141555:70866,0.12399974822998047
rxn:2:82977:142183,0.1197249676500048
rxn:2:124198:126848,0.13914211159167084
rxn:2:86646:170060,0.1254688545509621
rxn:2:95035:142183,0.09849011898040771
rxn:2:89554:169300,0.14371592203776043
rxn:2:97024:169414,0.12013753255208333
rxn:2:126579:89838,0.13047809492457996
rxn:2:83178:152446,0.1083248441035931
rxn:1:65513:3096,0.1204760800237241
rxn:2:126471:171492,0.13718121140091508
rxn:2:141397:96094,0.11737871170043945
rxn:2:78808:171231,0.10157649219036102
rxn:1:41974:25795,0.0907588005065918
rxn:2:93504:73049,0.1067010381005027
rxn:2:108919:169305,0.12242441092218671
rxn:2:94439:169412,0.14211438761817086
rxn:2:99667:142183,0.11604852335793632
rxn:2:134099:152446,0.11413362870613734
rxn:2:114450:142183,0.12250896294911702
rxn:2:124921:169414,0.11597150365511576
rxn:2:116949:170482,0.1370613795739633
rxn:2:106940:152446,0.10718061526616414
rxn:2:88500:171246,0.13798261351055569
rxn:2:87971:122855,0.13858587046464285
rxn:2:93066:170060,0.15684067744475144
rxn:2:95144:142183,0.13199283281962076
rxn:2:70699:169412,0.13481324248843723
rxn:2:100097:100235,0.125319334367911
rxn:2:131711:169400,0.12311109066009522
rxn:2:84078:171231,0.11503386000792186
rxn:2:160682:142183,0.11989582839765046
rxn:2:69220:169412,0.14122231943266733
rxn:2:80433:169412,0.13110202550888062
rxn:2:109223:172751,0.11520070901938848
rxn:2:116427:171246,0.1224156535904983
rxn:2:141497:169412,0.1109481842621513
rxn:2:117045:170892,0.1493400384982427
rxn:2:96741:171231,0.1255394172668457
rxn:2:69933:94314,0.1439527894059817
rxn:2:127062:172751,0.11579479111565484
rxn:2:99080:120181,0.10903683304786682
rxn:2:76129:170060,0.11759355553874264
rxn:2:124198:96187,0.12470177463863207
rxn:2:100083:150277,0.14288098897252763
rxn:2:124177:169305,0.13392298136438643
rxn:2:167592:141889,0.1557147878187674
rxn:2:76425:169412,0.11725628852844239
rxn:2:70411:110041,0.12563089682505682
rxn:2:111809:169305,0.13725683450698853
rxn:2:92382:172265,0.13321374291959015
rxn:2:103296:172375,0.1204252905315823
rxn:2:97024:120205,0.11433626776156218
rxn:2:117348:171231,0.14540583321026393
rxn:2:79242:108959,0.13568259168554236
rxn:2:66894:172751,0.1381372610727946
rxn:2:94402:117667,0.14620952422802264
rxn:2:73749:78538,0.1219278151790301
rxn:2:117045:150277,0.10912175361926739
rxn:2:84357:96010,0.11888216018676757
rxn:2:138805:170026,0.10171312976766515
rxn:2:141082:173089,0.1383868626185826
rxn:2:98014:170060,0.13325524968760355
rxn:2:92382:110334,0.1593937873840332
rxn:2:112020:169412,0.14298664290329505
rxn:2:83604:172631,0.13265975813070932
rxn:2:120365:156984,0.13997622865896958
rxn:2:73909:169412,0.132340669631958
rxn:2:83476:169412,0.13196430674621037
rxn:2:93080:173089,0.12794980865258437
rxn:2:131953:169412,0.1523396922991826
rxn:2:135058:160624,0.10225968837738036
rxn:2:115966:70192,0.09609825611114502
rxn:2:86811:94410,0.1353102555641761
rxn:2:86965:172375,0.1422471564549666
rxn:2:83050:170060,0.14624977707862855
rxn:2:118218:107408,0.1427896213531494
rxn:2:132402:173089,0.12452784291020146
rxn:2:134698:101671,0.1450023651123047
rxn:2:117594:173089,0.12290170575891222
rxn:2:117046:169305,0.12766582551209824
rxn:2:94822:170060,0.15881314984074346
rxn:2:87876:75590,0.12452468772729237
rxn:2:80346:100235,0.1223930811882019
rxn:2:93644:152911,0.1274551382431617
rxn:2:76625:169305,0.12742218800953456
rxn:2:80917:169412,0.1218892080443246
rxn:2:87290:152446,0.11140432266088632
rxn:2:93935:142183,0.11636406580607096
rxn:2:87971:171669,0.12797028930098922
rxn:2:129587:170060,0.14610952138900757
rxn:2:78725:171231,0.12381944557030995
rxn:2:86811:66800,0.1303887720461245
rxn:2:106210:152446,0.12211223749014047
rxn:2:141397:98332,0.11914877891540528
rxn:2:94771:170235,0.11119375377893448
rxn:2:104820:173016,0.1162797035994353
rxn:2:73749:88106,0.13375425067814914
rxn:2:69022:171180,0.13560899372758536
rxn:2:130523:152446,0.09949734687805176
rxn:2:150747:160916,0.14394814803682524
rxn:2:103982:170060,0.13014264764456912
rxn:2:115282:133871,0.12871716916561127
rxn:2:114509:104330,0.13389146824677786
rxn:2:72029:170060,0.09941584975631149
rxn:2:94578:169739,0.11732141176859538
rxn:2:113171:169412,0.13770951747894286
rxn:2:73264:171231,0.12968271053754366
rxn:2:160401:141988,0.1267777064016887
rxn:2:74972:171246,0.1347225198039302
rxn:2:67380:166934,0.12428354775464093
rxn:2:116044:170060,0.11819148063659668
rxn:2:98374:169666,0.15337125857671102
rxn:2:68710:97563,0.1333332395553589
rxn:2:141555:141988,0.1311341098376683
rxn:2:133009:173089,0.12786702632904054
rxn:2:141397:92488,0.08571391020502363
rxn:2:102959:104330,0.14171523892361185
rxn:2:146036:85686,0.07217313790762866
rxn:2:137534:169400,0.13087347149848938
rxn:2:125728:173089,0.13117320670021904
rxn:2:156072:172033,0.1409468576312065
rxn:2:140189:172375,0.12616036488459662
rxn:2:131167:170060,0.14222402484328658
rxn:2:119924:170858,0.12745556235313416
rxn:2:116191:87736,0.09436066254325536
rxn:2:141397:66800,0.08182203769683838
rxn:2:115395:142183,0.09832930167516073
rxn:2:144636:107408,0.1323026418685913
rxn:2:91969:152446,0.12703055759956097
rxn:2:86811:69998,0.13280563442795365
rxn:2:126579:129753,0.12174986551205318
rxn:2:109607:170026,0.12953039578029088
rxn:2:89531:169412,0.12145844231481137
rxn:2:131506:166167,0.1376768404787237
rxn:2:121479:170060,0.12809884355914208
rxn:2:89101:142183,0.11197986322290757
rxn:2:86811:128808,0.14631933212280274
rxn:2:117743:169412,0.14075664237693505
rxn:2:72913:173089,0.12834380953400223
rxn:2:70925:126659,0.1259576730106188
rxn:2:77749:170060,0.14885314234665462
rxn:2:104224:171231,0.12346027515552661
rxn:2:101450:171179,0.08999834277413109
rxn:2:117865:78538,0.1306658216885158
rxn:2:133009:169412,0.14674552281697592
rxn:2:83604:87593,0.13965965942903
rxn:1:65134:3819,0.12676405534148216
rxn:2:120365:70812,0.13156308369203049
rxn:2:124197:170060,0.12724524119804645
rxn:2:110352:148339,0.14288102984428405
rxn:2:92067:97563,0.13576898688361758
rxn:2:86071:112875,0.11408094406127929
rxn:2:116058:171231,0.10953872020427997
rxn:2:137587:173089,0.13220457077026368
rxn:2:131711:169305,0.1421289841334025
rxn:2:100097:170858,0.1379282518669411
rxn:2:91097:173089,0.13571166550671612
rxn:2:88299:169412,0.13365807356657805
rxn:2:120365:125758,0.1221954433814339
rxn:2:124198:67845,0.10928832942789252
rxn:2:73713:170060,0.13729406595230104
rxn:2:122351:173016,0.14160472402969995
rxn:2:132350:171231,0.14093391024149382
rxn:2:87202:173089,0.11846352815628051
rxn:2:131711:172893,0.11572696765263875
rxn:2:132946:169305,0.12664974194306594
rxn:2:140006:173089,0.137164192540305
rxn:2:113426:116842,0.14237120548884075
rxn:2:113775:169412,0.1343318223953247
rxn:2:69457:170060,0.12948880195617676
rxn:2:79321:173089,0.12869806125246244
rxn:2:78553:108959,0.11770338923842819
rxn:2:124198:77187,0.15455715552620267
rxn:2:126579:78351,0.1266328847926596
rxn:2:104011:101283,0.13873409307920015
rxn:2:71980:172375,0.10411540525300163
rxn:2:140243:142183,0.10547087473027847
rxn:2:67380:107408,0.1519165086746216
rxn:2:90264:152446,0.10975230693817138
rxn:2:141847:169305,0.1040233572324117
rxn:2:97063:152446,0.10736688137054444
rxn:2:103296:169305,0.12075289964675903
rxn:2:73676:170060,0.13798887883463212
rxn:2:67380:169412,0.13640509802719641
rxn:2:125874:170060,0.14371691147486368
rxn:2:79379:173179,0.13448322230371937
rxn:2:139678:173089,0.09808289756377538
rxn:2:118581:172189,0.12330202604162283
rxn:2:155192:142183,0.1060275717785484
rxn:2:87876:78351,0.11241332862688147
rxn:2:69576:170060,0.12047313366617475
rxn:2:114191:117186,0.13260279099146524
rxn:2:75704:169412,0.13037959592682974
rxn:2:101413:171179,0.1070552682876587
rxn:2:99601:169412,0.1444413157609793
rxn:2:109713:170060,0.11565244197845459
rxn:2:139383:170858,0.1412536478959597
rxn:2:110352:170813,0.11918967184813126
rxn:2:87065:169412,0.1268686983320448
rxn:2:66358:123403,0.14136608622290872
rxn:2:113348:169305,0.11732265741928764
rxn:2:137531:169412,0.12735962629318237
rxn:2:101439:172189,0.1371385335922241
rxn:2:125425:96010,0.15696227771264534
rxn:1:43756:28813,0.11966426849365235
rxn:2:134607:170060,0.13571454419030082
rxn:2:94616:156984,0.13497046381235123
rxn:2:82286:170060,0.14700276321834987
rxn:2:105701:169305,0.10848245859146118
rxn:2:101439:173089,0.14761193456320926
rxn:2:110392:169964,0.1362611828026948
rxn:2:106940:156984,0.1202069620291392
rxn:2:75599:173089,0.11258232593536377
rxn:2:122468:169594,0.139928393639051
rxn:2:117594:170235,0.13350203530541782
rxn:2:130128:169594,0.13843631744384766
rxn:2:100097:133871,0.12601399421691895
rxn:2:114403:142183,0.12899579020107493
rxn:2:107860:170060,0.12891396014921128
rxn:2:73994:172375,0.11691028907381255
rxn:2:77387:152446,0.09434383362531662
rxn:2:101355:83817,0.13785065174102784
rxn:2:92660:96010,0.11414736270904541
rxn:2:100097:147673,0.12677807331085206
rxn:2:98749:172751,0.13569377208578176
rxn:2:140456:170060,0.10072632630666097
rxn:2:73494:170235,0.12230350025768938
rxn:2:117699:168989,0.12496616159166608
rxn:2:86811:110334,0.11981793686195656
rxn:2:135760:169305,0.11901370968137469
rxn:2:166244:96010,0.11174375922591598
rxn:2:83420:123882,0.13044868065760687
rxn:2:97024:170235,0.11891068305288043
rxn:2:127086:169412,0.13779192942160148
rxn:2:110352:169810,0.12118387740591298
rxn:2:92548:170060,0.1339991271495819
rxn:2:92382:173016,0.14492186655600867
rxn:2:109607:172265,0.10470895528793335
rxn:2:132946:170813,0.13372183271816798
rxn:2:112039:169412,0.1073449468612671
rxn:2:80043:171246,0.12111788325839573
rxn:2:71597:142183,0.08845437318086624
rxn:2:136821:107408,0.13941957639611285
rxn:2:144636:160916,0.14274612665176392
rxn:2:93618:170060,0.14917043624100862
rxn:2:76440:169412,0.13886882151876176
rxn:2:123503:152446,0.09758869806925456
rxn:2:132131:173089,0.1388024641917302
rxn:2:119366:87722,0.130367910861969
rxn:2:104271:96010,0.12751868036058214
rxn:2:80420:170060,0.1200452184677124
rxn:2:104781:169739,0.14293643236160278
rxn:2:72890:84335,0.11138481985438954
rxn:1:43719:5553,0.07144421897828579
rxn:2:110736:170060,0.14189264178276062
rxn:2:76360:144761,0.12893920498234884
rxn:2:66894:152446,0.12095352013905843
rxn:2:82511:112875,0.13552054405212402
rxn:2:137524:104467,0.137084831794103
rxn:2:93644:88359,0.15559230815796626
rxn:2:141397:146731,0.13348194758097331
rxn:2:129374:170060,0.11951948129213773
rxn:2:101969:96010,0.1436580281991225
rxn:2:126873:117558,0.04778256135828355
rxn:2:87579:84335,0.11754633551058562
rxn:2:79392:123403,0.1121726469560103
rxn:2:97024:159800,0.15661372129733747
rxn:2:73920:171231,0.13971640382494246
rxn:2:114469:170060,0.14053230153189766
rxn:2:77371:156984,0.14358988761901856
rxn:2:127440:82325,0.14353008402718437
rxn:2:112836:172375,0.132389274927286
rxn:2:103624:173089,0.12459425449371338
rxn:2:72121:170060,0.15050449967384338
rxn:2:94304:169412,0.11869687587022781
rxn:2:139991:78538,0.15672528743743896
rxn:2:115109:173089,0.12268627186616261
rxn:2:137524:118142,0.13272720336914062
rxn:2:97024:112875,0.12506412324451266
rxn:2:130225:171492,0.12388750314712524
rxn:2:104271:108959,0.11119200123680963
rxn:2:118635:169412,0.12083851674507404
rxn:2:138255:100541,0.14343469142913817
rxn:2:88919:172189,0.11204764246940613
rxn:2:162493:85686,0.15377177794774374
rxn:2:124198:138958,0.12573338690258207
rxn:2:70925:110334,0.12197089691956838
rxn:2:100097:98332,0.13278383255004883
rxn:2:128000:169286,0.12404260158538818
rxn:2:89971:107408,0.10671981396498503
rxn:2:114509:169412,0.12211295733085045
rxn:2:117731:171043,0.10854584861684728
rxn:2:66858:169412,0.14646594612686722
rxn:2:145188:141889,0.1485859566721423
rxn:2:120365:112875,0.1224603880019415
rxn:2:128825:139886,0.1428117643703114
rxn:2:76236:156549,0.1331971044893618
rxn:2:81158:169412,0.12945085763931274
rxn:1:65513:31609,0.14245344244915506
rxn:2:83604:169012,0.1094423480655836
rxn:2:109607:172189,0.149685433277717
rxn:2:103585:170060,0.1292313507625035
rxn:2:81016:169412,0.13149483501911163
rxn:2:140908:171231,0.12097306604738589
rxn:2:147887:112875,0.12689901722802055
rxn:2:116191:68909,0.1397169828414917
rxn:2:101450:171231,0.1279429942369461
rxn:2:67187:172009,0.1291732925635118
rxn:2:137136:170060,0.12290806605898101
rxn:2:120356:156984,0.13826202904736554
rxn:2:81877:170060,0.12364165871231644
rxn:2:82286:151128,0.1269758939743042
rxn:2:131316:170060,0.13614064234274406
rxn:2:109607:171460,0.09907150727051955
rxn:2:160401:152446,0.13147915371002689
rxn:2:87637:141988,0.13811932669745552
rxn:2:74972:126733,0.12434833958035424
rxn:2:84123:108959,0.15237144448540427
rxn:2:79495:170060,0.15271801607949392
rxn:2:77793:170060,0.12896768693570737
rxn:1:59915:723,0.11577948502131871
rxn:2:141397:157807,0.14015256563822429
rxn:2:77560:170913,0.11637156208356221
rxn:2:70925:102419,0.11078684834333566
rxn:2:164866:142183,0.14017077684402465
rxn:2:111432:169305,0.10980633673844514
rxn:2:69022:170060,0.1269596631710346
rxn:2:124208:169305,0.10690568208694458
rxn:2:120936:169810,0.12436412487711225
rxn:2:96411:173089,0.10422246932983398
rxn:2:130128:70192,0.14390921592712402
rxn:2:103920:123882,0.10472085823615392
rxn:2:126241:142183,0.12258835434913636
rxn:2:67380:141988,0.13126161236029404
rxn:2:133991:169412,0.1316290608158818
rxn:2:100106:123403,0.12498418580402028
rxn:2:115178:170060,0.11587650861058917
rxn:2:128024:173089,0.13211766719818116
rxn:2:87876:113546,0.13836534998633646
rxn:2:144313:170060,0.1428893618285656
rxn:2:86811:83009,0.1333698034286499
rxn:2:123503:169305,0.1091126616184528
rxn:2:114509:173089,0.1364327624992088
rxn:2:135415:169286,0.13266869660081534
rxn:2:131652:142183,0.15383569190376684
rxn:2:96741:70192,0.09505814909934998
rxn:2:139209:169412,0.09912312289942866
rxn:2:146234:142183,0.0949522852897644
rxn:2:132131:172751,0.12417945691517421
rxn:2:83942:152446,0.08681143045425416
rxn:2:117633:142183,0.11197880903879802
rxn:2:132002:117551,0.1337948226928711
rxn:2:82049:69508,0.11461350551018348
rxn:2:135450:169305,0.12390490814491555
rxn:2:166578:142183,0.12715450227260588
rxn:2:90869:152446,0.09842844307422638
rxn:2:138805:169810,0.12360378547951027
rxn:2:133009:171368,0.12048668993843926
rxn:2:89615:169305,0.1283203849086055
rxn:2:97543:170060,0.11443126698335011
rxn:2:114435:169412,0.14665817788669042
rxn:2:97900:136237,0.09366099607376825
rxn:2:97024:169305,0.13364192843437195
rxn:2:139798:150277,0.15190557837486268
rxn:2:97063:170060,0.11866687774658204
rxn:2:79664:142183,0.1199702777360615
rxn:2:134564:170913,0.1110697090625763
rxn:2:67121:173204,0.1103854225232051
rxn:2:105340:70192,0.136623415350914
rxn:2:82286:169412,0.13090729934197884
rxn:2:73576:170411,0.13990499717848642
rxn:2:97543:171669,0.10092228391896123
rxn:2:87876:105841,0.12164743921973488
rxn:2:142033:153417,0.1466245793160938
rxn:2:106683:169412,0.12352058717182704
rxn:2:92382:171246,0.13482433099013108
rxn:2:88326:172375,0.13498511413733164
rxn:2:103258:94314,0.12351567268371583
rxn:2:87971:100541,0.12760003328323363
rxn:2:111686:172375,0.12448698707989284
rxn:2:94353:171231,0.11778914076941353
rxn:2:150747:69998,0.14701477686564127
rxn:2:131517:173089,0.13426154255867004
rxn:2:73749:160916,0.1570160484313965
rxn:2:130128:169305,0.09646402547756831
rxn:2:106890:172375,0.12390463516629975
rxn:2:97900:100719,0.1397779475558888
rxn:2:116949:123403,0.10504458980126814
rxn:2:94771:171231,0.11273922771215439
rxn:2:141397:137603,0.1269513155732836
rxn:2:105340:172388,0.12766875326633453
rxn:2:70400:170813,0.13482764054988994
rxn:2:111686:170235,0.12014777385271512
rxn:2:110352:170774,0.0981953243414561
rxn:2:141544:92488,0.12408991654713948
rxn:2:87876:74464,0.1188557329385177
rxn:2:163783:142183,0.12088061633862947
rxn:2:110768:120822,0.1448246991192853
rxn:2:112079:169412,0.12179579479353768
rxn:2:76322:169412,0.1439673560006278
rxn:2:100097:75017,0.13304539680480956
rxn:2:105926:172375,0.12470360398292542
rxn:2:93499:171231,0.09823074826487789
rxn:2:117594:169412,0.12792559906288428
rxn:2:127751:170913,0.12806544780731202
rxn:2:111468:141988,0.1265239715576172
rxn:2:77780:170060,0.14193716874489418
rxn:2:68378:170235,0.13092876545020513
rxn:2:139347:171231,0.11455925873347692
rxn:2:142622:111147,0.12666319523538863
rxn:2:110352:160624,0.11890393495559692
rxn:2:138933:171231,0.13747583329677582
rxn:2:97858:169412,0.12650495022535324
rxn:2:162493:81125,0.13352105794129548
rxn:2:101549:169666,0.13642296567559242
rxn:2:86397:170060,0.14415685717876142
rxn:2:125128:171180,0.11694276332855225
rxn:1:41624:11753,0.12754734123454375
rxn:2:68618:116842,0.13974069158236185
rxn:2:66125:169412,0.12453432436342593
rxn:2:138592:99556,0.15372142834322794
rxn:2:108740:169412,0.12374694259078414
rxn:2:69022:173016,0.14946870931557246
rxn:2:134414:169412,0.11052036726916278
rxn:2:92382:172062,0.0967583703994751
rxn:2:77202:125240,0.13365988504318965
rxn:2:94474:123403,0.1180315173190573
rxn:2:122257:172375,0.1253544401239466
rxn:2:75442:143698,0.09968491792678832
rxn:2:79392:170411,0.11768843446459089
rxn:2:141397:172959,0.10599519146813287
rxn:2:87876:87151,0.14129235527732156
rxn:2:122474:169412,0.12031311413337445
rxn:2:66658:120112,0.12659981458083444
rxn:2:85122:123403,0.1378408193588257
rxn:2:117731:169412,0.10989266633987427
rxn:2:113732:141988,0.14390514217890227
rxn:2:94190:170060,0.1454514769407419
rxn:2:100083:123403,0.1510529310806938
rxn:2:67236:123403,0.13270937312733044
rxn:2:140174:169305,0.12380815403802055
rxn:2:138457:78538,0.1471339464187622
rxn:2:109607:152446,0.10330475618441899
rxn:2:112830:173089,0.11529499292373657
rxn:2:127261:171625,0.14452392288616725
rxn:2:114934:160916,0.1408965464296012
rxn:2:92882:169412,0.1273623793213456
rxn:2:139309:173089,0.11657142639160156
rxn:1:45225:39742,0.12922446429729462
rxn:2:92934:120822,0.1552976060796667
rxn:2:127524:91563,0.13153762618700662
rxn:2:92382:170270,0.11545070509115855
rxn:2:93577:169412,0.13361224421748408
rxn:2:105246:169305,0.13058324960561898
rxn:2:74866:173089,0.1424507313761218
rxn:2:78484:109382,0.11818009874095088
rxn:2:108738:123882,0.1427391033906203
rxn:2:92749:171179,0.0805777446790175
rxn:2:141397:146533,0.11884407864676581
rxn:1:41745:3819,0.06609749048948288
rxn:2:117485:171179,0.12558877909625019
rxn:2:110352:152898,0.1010441359351663
rxn:2:83885:112875,0.11897429136129525
rxn:2:125578:96010,0.13745915668982048
rxn:2:87255:171231,0.14915298532556603
rxn:2:95615:172375,0.12878582307270595
rxn:2:111985:169349,0.11775942359651838
rxn:2:139412:152446,0.1149725868151738
rxn:1:44242:31214,0.10727404952049255
rxn:2:146721:142183,0.1330490850266956
rxn:2:132946:169593,0.10943775044547187
rxn:2:162054:142183,0.11752598881721496
rxn:2:95948:169412,0.12179834754378707
rxn:2:123716:83817,0.14832402216760734
rxn:2:106675:173089,0.14176417500884445
rxn:2:121883:169412,0.13788625172206334
rxn:2:84424:170060,0.11237192948659261
rxn:2:70378:81963,0.13478592167729916
rxn:2:141397:163402,0.11872194707393646
rxn:2:125549:170235,0.1264907614938144
rxn:2:89872:169412,0.10946236486020296
rxn:2:141397:113405,0.1215578487941197
rxn:2:116191:128062,0.10347511457360309
rxn:2:76896:70812,0.12889083572055982
rxn:2:96838:169305,0.11000030755996704
rxn:2:88919:71708,0.11460418050939386
rxn:2:128745:92817,0.10780485967795055
rxn:2:122351:120822,0.13615598678588867
rxn:2:91999:169305,0.13716245336191996
rxn:2:120971:170060,0.14453508991461533
rxn:2:102872:87722,0.13342157116642706
rxn:2:75840:112875,0.13602598905563354
rxn:1:43719:3819,0.0744558647274971
rxn:2:68618:123403,0.16026294231414795
rxn:2:117954:142183,0.12748004408443675
rxn:2:88304:171426,0.1223353495200475
rxn:2:78792:126659,0.11153581868047299
rxn:2:81556:140099,0.13259539137715878
rxn:2:145750:94661,0.1357568564086125
rxn:2:76625:161103,0.13159502029418946
rxn:2:102551:169412,0.12889463135174342
rxn:2:139105:97346,0.12536717028844924
rxn:2:97063:173016,0.11767079653563323
rxn:2:110352:172405,0.13420958320299783
rxn:2:124198:66128,0.11642720753496344
rxn:2:78571:123403,0.11785595118999481
rxn:2:128825:172751,0.12067829285349164
rxn:2:104271:122855,0.09609857660073501
rxn:2:76044:149524,0.13817580044269562
rxn:2:109503:172375,0.12163056135177612
rxn:2:141397:164188,0.11980100681907252
rxn:2:110352:170904,0.09154549666813441
rxn:2:76625:139886,0.12471122845359471
rxn:2:74377:120205,0.1407977193593979
rxn:2:115378:96010,0.1317129135131836
rxn:2:141397:100669,0.10995704636854284
rxn:2:105080:135410,0.12048799341375177
rxn:2:110352:172751,0.12737253037366
rxn:2:129242:173089,0.119195231684932
rxn:2:109607:91563,0.12909227338704196
rxn:2:77560:94314,0.11736872792243958
rxn:2:132725:169305,0.11580922702948253
rxn:2:119366:125117,0.12299322640454327
rxn:2:69220:150277,0.13600903749465942
rxn:2:84357:107408,0.1230066567659378
rxn:2:138255:170858,0.12990952421117713
rxn:2:66300:118539,0.11351487592414573
rxn:2:141397:172375,0.1357263462109999
rxn:2:117725:96010,0.1464026608774739
rxn:2:128825:102419,0.13232763608296713
rxn:2:117657:152446,0.11041538715362549
rxn:2:116903:173089,0.11358137483950015
rxn:2:68784:169412,0.13809273198798852
rxn:2:97900:129654,0.12560015657673712
rxn:2:86811:119985,0.1331171856986152
rxn:2:117364:149524,0.13407334933678308
rxn:2:77560:170774,0.12220504990330448
rxn:2:82050:169412,0.13719346622625986
rxn:2:121028:173016,0.12702488047736032
rxn:2:134099:171492,0.14316195964813233
rxn:2:134916:151128,0.1469765227773915
rxn:2:122558:169412,0.11224088183155766
rxn:2:99084:130267,0.1178918570280075
rxn:2:92382:143909,0.15267418731342663
rxn:2:76902:170060,0.1317986735591182
rxn:2:132002:78538,0.1431119029338543
rxn:2:171783:142183,0.13148270140994678
rxn:2:66358:169412,0.119610628256431
rxn:2:77560:170235,0.1041456013917923
rxn:2:79002:169305,0.10436074550335224
rxn:2:96712:166167,0.13989656386168106
rxn:2:138255:140099,0.1382256841659546
rxn:2:83221:170235,0.13356756951127732
rxn:2:105340:173089,0.13691352556149164
rxn:2:141397:171180,0.1230116713614691
rxn:2:113889:152446,0.09881550990618192
rxn:2:74082:169305,0.12042342579883078
rxn:2:149911:142183,0.1298403058733259
rxn:1:46574:3819,0.10532933870951335
rxn:1:43975:661,0.08720964507052772
rxn:2:131169:169412,0.13217745567190237
rxn:2:69970:170060,0.1380871739880792
rxn:2:93644:119985,0.12777930184414513
rxn:2:96388:137603,0.12658424810929733
rxn:2:73749:113546,0.14403676715764133
rxn:2:149481:112875,0.13598716259002686
rxn:2:124198:67083,0.11930994476590838
rxn:2:96741:169810,0.12767766140125417
rxn:2:93080:171492,0.10236534476280212
rxn:2:70304:170060,0.12734045726912363
rxn:2:93597:170060,0.14158791524392586
rxn:2:73959:173095,0.14170216023921967
rxn:2:135524:152446,0.09940329423317543
rxn:2:141397:172200,0.12107732892036438
rxn:2:93774:170060,0.13694489002227783
rxn:2:93710:110041,0.12631512880325318
rxn:2:85064:141195,0.14903446783622107
rxn:2:135305:142183,0.13018624221577363
rxn:2:110122:170060,0.12535534160477774
rxn:2:158858:112875,0.1422361181332515
rxn:2:76726:112875,0.1412045657634735
rxn:2:107178:97563,0.1388681616101946
rxn:2:91779:112875,0.13234894037246703
rxn:2:147412:142183,0.13026874959468843
rxn:2:120971:169412,0.15909327681248003
rxn:2:95981:169412,0.12572978282796926
rxn:2:112600:68807,0.13076582908630371
rxn:2:117364:143698,0.14327915077624115
rxn:2:131953:170411,0.1441605133669717
rxn:2:86811:142055,0.12211865848965114
rxn:2:97796:142183,0.13028457234887517
rxn:2:128000:170060,0.11048016859137494
rxn:2:109607:169412,0.10890919963518779
rxn:2:138984:94314,0.12363666772842408
rxn:2:141397:102942,0.11645240050095779
rxn:2:167592:171392,0.15324356638152023
rxn:2:82757:133871,0.10923803370931874
rxn:2:108581:171179,0.09914550314778867
rxn:2:69935:70192,0.12182721338774029
rxn:2:132946:171180,0.11218506318551523
rxn:2:97024:141889,0.11768146701481032
rxn:2:83942:173089,0.12143532587931706
rxn:2:83604:170858,0.12918022274971008
rxn:2:141397:91563,0.12770628556609154
rxn:2:124198:95004,0.11448874643870763
rxn:2:139209:170060,0.11611144957335098
rxn:2:87202:169372,0.10314502815405528
rxn:2:132946:172062,0.08958303928375244
rxn:2:75218:142183,0.103935487130109
rxn:2:111468:120181,0.1346155603726705
rxn:2:70378:126659,0.11225445162166249
rxn:2:110352:170999,0.08335348150946877
rxn:2:171732:142183,0.13687978007576682
rxn:2:110352:172317,0.12156141371954055
rxn:2:120564:169305,0.13255112921750103
rxn:2:116622:115754,0.12528027842442194
rxn:2:128825:96010,0.14590160955082287
rxn:2:132131:169593,0.1260507149355752
rxn:2:115966:170060,0.09859908922858861
rxn:2:123812:169412,0.12017119813848424
rxn:2:86071:96010,0.16095236054173223
rxn:2:89311:152446,0.09737894586894823
rxn:2:115591:123882,0.12793903052806854
rxn:2:130209:112875,0.10357886010950262
rxn:2:100318:167658,0.12886614561080934
rxn:2:111985:81912,0.140691384025242
rxn:2:81237:170060,0.12051572181560376
rxn:2:101355:123403,0.12776087045669557
rxn:2:78535:68807,0.13187196392279404
rxn:2:127318:173089,0.14359082920210703
rxn:2:93498:169305,0.11480572819709778
rxn:2:110352:171492,0.12481473386287689
rxn:2:87876:138958,0.1202687592733474
rxn:2:87971:87722,0.12905084093411764
rxn:2:87971:147673,0.11179042816162109
rxn:2:135450:171231,0.1127339689819901
rxn:2:87971:165373,0.14098328113555908
rxn:1:65513:2836,0.09052289074117487
rxn:2:109788:171231,0.12579322925635747
rxn:2:100097:122855,0.13401813308397928
rxn:2:105701:169412,0.11296976649242899
rxn:2:113164:173089,0.13437744864711054
rxn:2:78442:170060,0.1253907459753531
rxn:2:76896:96187,0.11965502301851909
rxn:2:88344:120822,0.13533506105686055
rxn:2:72913:169305,0.13242359246526444
rxn:2:134916:170892,0.12343613505363464
rxn:2:77560:169414,0.11070433906886888
rxn:2:81919:169412,0.1262175440788269
rxn:2:135414:150277,0.13755039815549497
rxn:2:127318:170060,0.1393467496942591
rxn:2:83604:152446,0.10871644530977521
rxn:2:137706:170411,0.13142712627138411
rxn:2:119181:171231,0.10851518154144286
rxn:2:76360:151433,0.12671860201018198
rxn:2:86385:88359,0.1331918781453913
rxn:2:93504:171231,0.13565527068244088
rxn:2:131003:81125,0.12352448418026879
rxn:2:73713:169412,0.13600685397783915
rxn:2:93104:169412,0.13319918087550572
rxn:2:138255:147673,0.12444825649261475
rxn:2:141397:71586,0.11751747131347656
rxn:1:43756:3819,0.09369819983839989
rxn:2:113171:172317,0.14968252182006836
rxn:2:103685:173089,0.13246279734152336
rxn:2:138255:75079,0.138663778702418
rxn:2:141397:75079,0.11129647493362427
rxn:2:137743:126659,0.13804861090400003
rxn:2:150747:94314,0.10956457945016715
rxn:2:87876:97346,0.13891284522556124
rxn:2:116191:95004,0.1269782239740545
rxn:2:137734:169305,0.13783258007418725
rxn:2:109175:112875,0.12533150221172132
rxn:2:127440:173089,0.11879983155623726
rxn:2:171414:142183,0.13102272152900696
rxn:2:89509:170548,0.10826679070790608
rxn:2:141819:150277,0.12457963595023522
rxn:2:112830:170060,0.13414716499823112
rxn:2:150095:142183,0.1320294886827469
rxn:2:141397:78351,0.12202564080556234
rxn:2:66658:105841,0.12855868176980453
rxn:2:96388:127577,0.11749807129735532
rxn:2:68496:129880,0.1201061331308805
rxn:2:81401:69508,0.1303741543189339
rxn:2:80641:169414,0.1246753793496352
rxn:2:92382:110041,0.14244483576880562
rxn:2:92382:172751,0.11200609683990478
rxn:2:79984:172009,0.09509155383476844
rxn:2:128923:170060,0.12940166677747453
rxn:2:138255:169856,0.136445473741602
rxn:2:132946:172631,0.09792755268238208
rxn:2:136139:120822,0.12640033721923827
rxn:2:73728:172375,0.13000522553920746
rxn:2:141397:168995,0.0992147833108902
rxn:2:112217:142183,0.13796392770913932
rxn:2:77560:170060,0.11001163179224188
rxn:2:94771:171426,0.10340858002503713
rxn:2:122351:169810,0.10700214596895072
rxn:2:97827:142183,0.10696298342484695
rxn:2:135614:171231,0.1222961606650517
rxn:2:89590:169412,0.12885572733702483
rxn:2:140230:169412,0.13763606122561864
rxn:2:107473:173089,0.15030347417902062
rxn:2:122723:81254,0.12680842399597167
rxn:2:95026:142183,0.09286070664723714
rxn:2:150155:141988,0.13886748511215735
rxn:2:132002:68636,0.11165058612823486
rxn:2:124792:172375,0.13614787878813567
rxn:2:125425:94314,0.13010549545288086
rxn:2:122558:170060,0.1327798675607752
rxn:2:131907:169412,0.11580958217382431
rxn:2:67380:140099,0.1326544605768644
rxn:2:109567:87722,0.14289682789852745
rxn:2:160401:102373,0.14109981536865235
rxn:2:138375:171231,0.13279226193061242
rxn:2:141397:170758,0.11112673878669739
rxn:2:67200:170060,0.13963449427059718
rxn:2:73749:97710,0.1455177664756775
rxn:2:129133:83817,0.13470740616321564
rxn:2:91597:172278,0.14389208793640137
rxn:2:136250:169305,0.1161150832970937
rxn:2:141397:88559,0.09208766051701137
rxn:2:141397:169575,0.1303201573235648
rxn:2:159174:142183,0.1282627820968628
rxn:2:100287:126659,0.11331570148468018
rxn:2:141397:120205,0.08756155967712402
rxn:2:80121:142183,0.11131291730063302
rxn:2:80613:169412,0.10673919200897217
rxn:2:82050:91563,0.12299970605156639
rxn:1:46574:5553,0.13189709186553955
rxn:1:46574:25795,0.13189709186553955
rxn:2:105340:169414,0.14144796133041382
rxn:2:113894:172375,0.1369560669208395
rxn:2:67380:123626,0.11696097751458485
rxn:2:93588:169305,0.10622973353774459
rxn:2:69619:75079,0.12880906691918007
rxn:2:138463:100719,0.10809388886327329
rxn:2:83604:130906,0.10910955228303608
rxn:2:122723:87722,0.12487298488616944
rxn:2:105340:170668,0.11819382667541505
rxn:2:124198:127781,0.11549437564352284
rxn:2:118254:170060,0.1416209825762996
rxn:2:77560:172959,0.13273770700801502
rxn:2:146036:107408,0.09574595204106083
rxn:2:141381:169412,0.14500615331861708
rxn:2:70995:172375,0.13222325912543706
rxn:2:137743:97264,0.10993360118432478
rxn:2:112208:78538,0.15290400505065918
rxn:2:135450:168989,0.12212960634912763
rxn:2:102859:169305,0.12202937956209536
rxn:2:141397:116312,0.124519149462382
rxn:2:137524:68636,0.14536528348922728
rxn:2:97027:142183,0.1326405123660439
rxn:2:110352:70192,0.1337432861328125
rxn:2:104748:173089,0.1269878101348877
rxn:2:165559:78538,0.10366488325184789
rxn:2:132002:111053,0.14139665166536966
rxn:2:124198:127633,0.11637963056564331
rxn:2:69619:118142,0.10955968957680923
rxn:2:96388:72767,0.11868170897165935
rxn:2:104080:142183,0.15329749960648387
rxn:2:67624:169412,0.12160591063676057
rxn:2:70925:170060,0.15622596829025834
rxn:2:78725:172375,0.11805512813421395
rxn:2:97024:149524,0.1526053476333618
rxn:2:131907:170060,0.12205248077710469
rxn:2:116191:94739,0.09662813207377559
rxn:2:89509:170235,0.10381973019013038
rxn:2:122351:130267,0.12470195924534518
rxn:2:97543:169412,0.10929806033770244
rxn:2:70165:171231,0.14565217069217137
rxn:2:86811:74816,0.12235408782958984
rxn:2:74838:112875,0.13106550772984824
rxn:2:92382:169518,0.1119216275215149
rxn:2:127463:156984,0.12781756690570287
rxn:1:41904:2573,0.1298908789952596
rxn:2:85551:170060,0.1404298941294352
rxn:2:76009:169851,0.10920102681432452
rxn:2:127983:142183,0.09338431557019551
rxn:2:74866:169412,0.13627441014562333
rxn:2:141397:81190,0.12005717356999715
rxn:2:158858:107408,0.09278403719266255
rxn:2:87971:68807,0.1468540120124817
rxn:2:160401:170514,0.14834049344062805
rxn:2:66894:169085,0.11796772068944471
rxn:2:76822:172751,0.12968352666267982
rxn:2:125549:170060,0.1537691796267474
rxn:2:69022:172189,0.11551760988576072
rxn:2:70238:170060,0.12117716338899401
rxn:2:141397:66791,0.13714726765950522
rxn:2:107442:170060,0.133648629846244
rxn:2:100318:169412,0.11722694337368011
rxn:1:43781:27954,0.09703428546587627
rxn:2:67298:96010,0.14984582861264548
rxn:2:167592:128669,0.1536322655501189
rxn:2:156072:120181,0.15886656443277994
rxn:2:119366:126659,0.13469055652618409
rxn:2:110352:167658,0.13784248232841492
rxn:2:74284:170913,0.10761793951193492
rxn:2:141397:170913,0.1407866358757019
rxn:2:110352:156984,0.10168519459272686
rxn:2:158967:142183,0.1185177250912315
rxn:2:129242:115754,0.13683473567167917
rxn:2:123543:170060,0.13743463387856117
rxn:2:128825:173095,0.1572771966457367
rxn:2:133339:169412,0.12779075569576687
rxn:2:141397:170014,0.10121115744113922
rxn:2:80638:173089,0.11807932761999276
rxn:2:94668:169412,0.12998394392154836
rxn:2:70555:169412,0.11909336293185199
rxn:2:105246:152446,0.09652996559937795
rxn:2:93146:169412,0.11382433084341195
rxn:2:125128:168989,0.11920026403207046
rxn:2:66636:169305,0.10506258249282836
rxn:2:122351:117186,0.14614817324806662
rxn:2:67140:169851,0.14614397903968548
rxn:2:93504:69508,0.13476623659548553
rxn:2:101439:153414,0.14290977848900688
rxn:2:73959:169412,0.1332193636894226
rxn:2:120768:169412,0.11549931306105393
rxn:2:71258:169412,0.13753635116985866
rxn:2:87971:97563,0.12315568208694458
rxn:2:117743:170060,0.13169261702784785
rxn:2:142622:120181,0.13938155344554357
rxn:2:124198:89838,0.12797916477376764
rxn:2:101450:172751,0.10086724281311035
rxn:2:76625:123403,0.12993390451778064
rxn:2:108320:102373,0.13430745764212174
rxn:2:167169:171392,0.15329215855434022
rxn:2:122495:170060,0.10892058908939362
rxn:2:136996:169305,0.10241350990075332
rxn:2:124805:173204,0.12107200869198503
rxn:2:83170:170060,0.13819667009206918
rxn:2:106536:170060,0.0964966078599294
rxn:2:131733:150277,0.12583324909210206
rxn:2:105340:150277,0.1281059185663859
rxn:2:103624:169856,0.13669998749442722
rxn:2:141397:112929,0.12759235501289368
rxn:2:83604:171460,0.12428439700085184
rxn:2:96388:125758,0.1067634509957355
rxn:2:107009:108959,0.1329363913371645
rxn:2:122923:85686,0.1092402247282175
rxn:2:141397:70565,0.13800937878458122
rxn:2:109119:142183,0.10471865008859073
rxn:2:66397:142183,0.133979973040129
rxn:2:121978:94314,0.11973010831409031
rxn:2:95416:112875,0.12459716848705125
rxn:2:70238:96010,0.14267880966265997
rxn:2:113822:169412,0.14670645307611535
rxn:2:113426:78538,0.1571139199980374
rxn:2:110342:96010,0.11456504344940185
rxn:2:68712:171231,0.11248216720727774
rxn:2:108829:91582,0.14200028506192294
rxn:2:109788:172189,0.11026887382779803
rxn:2:101439:92488,0.14289322247107825
rxn:2:131711:172265,0.13193359971046448
rxn:2:97597:142183,0.13942349702119827
rxn:2:101883:142183,0.11497859557469686
rxn:2:67079:129880,0.13058092594146728
rxn:2:75840:87722,0.12933014688037692
rxn:2:132396:170060,0.13257901157651628
rxn:2:134802:108959,0.11690000865770422
rxn:2:101969:68636,0.11518332958221436
rxn:2:106136:137603,0.13362405200799307
rxn:2:122341:173016,0.11111048415855125
rxn:2:77202:123403,0.11781131085895356
rxn:2:91717:171492,0.10710526943206787
rxn:2:127229:172375,0.13493936795454758
rxn:2:131316:169412,0.1445299960948803
rxn:2:96741:152446,0.1130934564963631
rxn:2:132451:104330,0.11750889741457425
rxn:2:89006:97346,0.12953656911849976
rxn:2:91903:113405,0.11301429271697998
rxn:2:110478:170060,0.13897364834944406
rxn:2:78444:170060,0.14760763556868942
rxn:2:113523:170235,0.09120017084582098
rxn:2:130225:172189,0.11991390356650719
rxn:2:112727:142183,0.1248646154999733
rxn:2:142314:120181,0.1362586553607668
rxn:2:134218:142183,0.11238695681095123
rxn:2:86811:74143,0.14056270856123704
rxn:2:73728:171423,0.11734649409418521
rxn:2:127150:123403,0.11315864572922389
rxn:2:89741:142183,0.1185230016708374
rxn:2:73585:123403,0.13047051429748535
rxn:2:132040:142183,0.12330111530092028
rxn:2:139123:142183,0.08504284173250198
rxn:2:84123:156984,0.12685840606689452
rxn:2:168775:142183,0.10614617466926575
rxn:2:72200:173089,0.12560265339337862
rxn:2:94402:122855,0.12854137328954843
rxn:2:98422:170913,0.12291075123680963
rxn:2:141397:149793,0.11297094508221275
rxn:2:103277:169305,0.12505188276027812
rxn:2:125549:169412,0.13855806103459112
rxn:2:117743:96010,0.1059784119327863
rxn:2:139637:172841,0.1232051564299542
rxn:2:82678:171231,0.10907091476299145
rxn:2:106413:142183,0.09615863859653473
rxn:2:124198:118864,0.12024758078835228
rxn:2:107009:96010,0.1254338519326572
rxn:2:93644:78538,0.13073573112487794
rxn:1:61506:723,0.095657256933359
rxn:2:109858:169305,0.09918213332140888
rxn:2:132209:170060,0.13144239886053677
rxn:2:115591:142183,0.121245376765728
rxn:2:78562:142183,0.09930527955293655
rxn:2:86811:99852,0.1441781425476074
rxn:2:110138:96010,0.13113738023317778
rxn:2:97063:170913,0.13848441397702252
rxn:2:89554:109025,0.11718257803183335
rxn:2:140230:150277,0.12987069631444997
rxn:2:94771:171492,0.13264099929643713
rxn:2:83885:110041,0.1345404695581507
rxn:2:78809:102373,0.12753856723958795
rxn:2:87876:88106,0.1332522603598508
rxn:2:117731:115113,0.12431778609752656
rxn:2:104271:92027,0.11802754493860099
rxn:2:80294:169412,0.13079906574317388
rxn:2:69619:120822,0.12638267023222788
rxn:2:124198:120822,0.13605776677529016
rxn:2:75442:145184,0.09492462589627221
rxn:2:116354:172189,0.11449476650782994
rxn:2:141397:167887,0.11775861288371839
rxn:2:113171:173089,0.13346820381971505
rxn:2:117046:171648,0.15615173748561315
rxn:2:76896:112875,0.1440442827614871
rxn:2:102928:161103,0.12249281860533215
rxn:2:137743:100235,0.13610331578688187
rxn:2:92436:142183,0.11642571006502424
rxn:2:138255:68807,0.14818135023117066
rxn:2:113002:142183,0.09294352786881584
rxn:2:158133:142183,0.14306514200411344
rxn:2:110352:123403,0.11612150669097901
rxn:2:116943:142183,0.09480737845102946
rxn:2:66658:95635,0.13977661599283633
rxn:2:98374:171231,0.1334676824767014
rxn:1:46492:2836,0.09690218080173839
rxn:2:81895:170060,0.11017745116661334
rxn:2:162493:107408,0.1423148446612888
rxn:2:116632:142183,0.09153568082385594
rxn:2:92382:100719,0.13713622720617996
rxn:2:116231:96010,0.1511182337999344
rxn:2:74330:112875,0.13972799301147462
rxn:2:139105:171492,0.11199182934231228
rxn:2:112606:107408,0.07621845196593892
rxn:2:76625:156984,0.1312896884404696
rxn:1:65513:12146,0.09030253440141678
rxn:2:124198:160916,0.12166590213775635
rxn:2:83170:169412,0.13547248565233672
rxn:2:140908:129880,0.15293282529582147
rxn:2:95362:172189,0.10523082528795515
rxn:2:160401:159692,0.123279411217262
rxn:2:88304:147513,0.13511489467187363
rxn:2:144636:108959,0.09566060985837664
rxn:2:141397:168545,0.13611909922431498
rxn:2:66658:97346,0.12197156463350568
rxn:2:86790:142136,0.14535216689109803
rxn:2:74896:142183,0.08564031975609916
rxn:2:124693:92027,0.13144272849673316
rxn:2:124217:142183,0.1005091667175293
rxn:2:91747:169349,0.1313027342160543
rxn:2:122468:108959,0.1401204492734826
rxn:2:78517:142183,0.14282552634968476
rxn:2:94402:70866,0.11198671658833821
rxn:2:142314:111147,0.07669724311147418
rxn:2:99891:94314,0.12108983164248259
rxn:2:100097:68807,0.13597193717956543
rxn:2:118433:173089,0.1257343842433049
rxn:2:109607:172927,0.11941255629062653
rxn:2:128811:170060,0.1258164026907512
rxn:2:140546:129880,0.11710824207826094
rxn:1:41805:3819,0.10523710399866104
rxn:2:130477:144172,0.1300704370845448
rxn:2:126873:87151,0.1226758427090115
rxn:2:101439:152446,0.131376890199525
rxn:2:103296:70192,0.08859744071960449
rxn:2:104264:169412,0.10795131921768189
rxn:2:87971:117232,0.1238329135454618
rxn:2:141397:166934,0.12789131328463554
rxn:2:129993:150277,0.13875357462809637
rxn:2:101969:87722,0.12652675151824952
rxn:2:66658:71586,0.08536477779087268
rxn:2:139659:108959,0.14918294548988342
rxn:2:100318:107408,0.12204784154891968
rxn:2:140908:82393,0.12073003432967445
rxn:1:43730:39455,0.1259501501917839
rxn:2:164506:142183,0.1527322390500237
rxn:2:73585:69508,0.12314394764278246
rxn:2:77780:112875,0.12025657154264904
rxn:2:110352:161753,0.1089308450096532
rxn:2:67380:94292,0.13270187819445575
rxn:2:115976:169412,0.11047232767631268
rxn:2:97024:96010,0.114877014056496
rxn:2:167169:90126,0.13273801737361485
rxn:2:136633:142183,0.09671441947712618
rxn:2:141397:99472,0.0973985989888509
rxn:2:132002:156709,0.09112458944320678
rxn:2:75442:68909,0.11772771676381429
rxn:2:110352:171246,0.11403569967850395
rxn:2:113672:96010,0.15537185470263162
rxn:2:124715:169412,0.12678447476139776
rxn:2:89482:171231,0.1134790645705329
rxn:1:46574:28754,0.094868536790212
rxn:2:127785:169412,0.11510267465010933
rxn:2:133573:112875,0.09117649430813997
rxn:2:70378:102419,0.12045329570770263
rxn:2:126873:112875,0.10549620319815244
rxn:2:70350:169412,0.10895264148712158
rxn:2:92884:142183,0.09764753182729086
rxn:2:132002:103336,0.09224246229444232
rxn:1:41974:3819,0.1165866069495678
rxn:2:96388:70812,0.10355833985588768
rxn:2:141819:156984,0.13862980127334595
rxn:2:162493:70866,0.08016300678253174
rxn:2:141397:152712,0.09970112442970276
rxn:1:57014:723,0.09172737995783488
rxn:2:134698:142183,0.08550866912393008
rxn:2:83604:117995,0.12241054282468908
rxn:2:141397:77187,0.11287398338317871
rxn:2:102158:78538,0.133350099836077
rxn:2:156132:122449,0.12730037927627563
rxn:1:41918:39124,0.15490321815013885
rxn:2:152693:142183,0.14204717817760648
rxn:2:132002:79170,0.12117040654023488
rxn:2:101355:161575,0.14356427280991166
rxn:2:82511:108959,0.13861535655127633
rxn:2:85757:109382,0.14657811496568762
rxn:2:77560:172942,0.13259183323901633
rxn:2:100097:170892,0.13793382379743788
rxn:2:130929:170235,0.1320271820857607
rxn:2:140908:112875,0.12866182923316954
rxn:2:167592:143698,0.13937498416219438
rxn:2:105646:142183,0.10682247479756674
rxn:2:97543:156984,0.13608436783154806
rxn:2:133535:71586,0.09566480463201349
rxn:2:92259:142183,0.07536208629608154
rxn:1:41624:723,0.11559050849505834
rxn:2:142033:159692,0.13332860960679896
rxn:2:137642:170060,0.11144675314426422
rxn:1:61827:3091,0.10890236248572667
rxn:2:116191:67083,0.15892953764308582
rxn:2:141397:108959,0.12398387591044108
rxn:2:92660:97346,0.1283243531766145
rxn:2:89376:172375,0.11499173939228058
rxn:2:122303:142183,0.10455397764841716
rxn:2:124198:103126,0.10167545080184937
rxn:2:77371:149524,0.1365468998750051
rxn:2:167592:92488,0.14254305912898138
rxn:2:146036:76379,0.09429336445672172
rxn:2:107651:170913,0.11002356807390849
rxn:2:141381:96010,0.14095132052898407
rxn:2:108432:173089,0.12636083822983962
rxn:2:73959:156984,0.12184878826141357
rxn:2:88304:170548,0.12657579508694736
rxn:2:132002:117186,0.12431032242982284
rxn:2:128226:94314,0.12736858129501344
rxn:2:100097:83009,0.1415030178816422
rxn:2:113672:108959,0.16257825990517935
rxn:2:92934:100541,0.10777090145991398
rxn:2:137118:142183,0.10636381804943085
rxn:2:141397:171460,0.1192012071609497
rxn:2:95352:107408,0.1405632197856903
rxn:2:77202:112875,0.13875940144062043
rxn:2:87971:75079,0.13255992035071054
rxn:2:87876:109382,0.13070578234536306
rxn:2:147271:112875,0.14039287743745027
rxn:2:101355:68807,0.14242594975691575
rxn:2:129628:169305,0.1352717685699463
rxn:2:167169:129753,0.14844280907085963
rxn:2:92382:130267,0.13001595525180593
rxn:2:141397:109872,0.07964199355670384
rxn:2:97550:142183,0.0819425955414772
rxn:2:162493:105749,0.13572101720741817
rxn:2:105568:120822,0.14468956490357718
rxn:2:114191:110334,0.13203637237134186
rxn:2:141397:171850,0.12394725734537299
rxn:2:112350:160916,0.13213998079299927
rxn:2:110352:173095,0.11996593077977498
rxn:1:65013:8770,0.08244188342775617
rxn:2:141397:94661,0.10935438530785697
rxn:2:68525:120181,0.13676030158996583
rxn:2:116427:173089,0.11010247927445632
rxn:2:130225:156984,0.1357577790816625
rxn:2:162869:128413,0.11685856947532067
rxn:2:87971:135854,0.1249418134490649
rxn:2:87909:142183,0.10917825251817703
rxn:2:141397:107956,0.10833215362885419
rxn:1:41624:39124,0.10668525099754333
rxn:2:138827:96010,0.11488699913024902
rxn:2:69059:142183,0.09059321454593114
rxn:2:77560:96010,0.10488768627769068
rxn:2:72789:170892,0.1478394023303328
rxn:1:49432:27968,0.08698383244601163
rxn:2:96838:170026,0.11964027086893718
rxn:2:103765:170060,0.11704229882785253
rxn:2:97543:150277,0.09219072341918945
rxn:2:90327:173089,0.11712181568145752
rxn:2:73585:102419,0.10994621117909749
rxn:2:122923:122855,0.10433541238307953
rxn:2:128825:70192,0.13086260719732803
rxn:2:110352:161103,0.13151520821783277
rxn:2:160401:70812,0.1563698516951667
rxn:1:45227:39726,0.10327762679049843
rxn:2:134099:173016,0.13860196333665115
rxn:2:94642:169412,0.12822543510368892
rxn:2:96388:88106,0.12742992422797464
rxn:2:141397:133432,0.10589298605918884
rxn:2:129122:112875,0.09111906091372173
rxn:2:93644:94314,0.12020046181148952
rxn:2:86397:139886,0.11016087428383205
rxn:2:79532:119976,0.14232285126395847
rxn:2:72244:142183,0.11145445278712682
rxn:2:106616:169412,0.12542396265527475
rxn:2:131506:170061,0.10986569982308608
rxn:2:138745:142183,0.102191241348491
rxn:2:124198:109382,0.12632050116856894
rxn:2:141397:155572,0.1263020671904087
rxn:2:91761:169412,0.10877398014068604
rxn:2:131733:171428,0.07955297598472008
rxn:2:162493:122855,0.1469852394527859
rxn:2:129885:142183,0.12126473585764568
rxn:2:162493:77974,0.15622880629130773
rxn:2:95353:142183,0.07925240482602801
rxn:2:105077:142183,0.12423535850312975
rxn:2:117364:129880,0.11397912709609322
rxn:2:141397:104369,0.10252264340718588
rxn:2:111141:142183,0.1032931645711263
rxn:2:74276:91563,0.13342841962973276
rxn:2:70198:112875,0.1354905937028968
rxn:2:85832:142183,0.12157856716829188
rxn:1:61827:723,0.1548564604350499
rxn:2:138255:104467,0.12960637134054434
rxn:2:89554:90126,0.10596786210170159
rxn:2:137922:78538,0.14388270510567558
rxn:2:69401:173095,0.11771556593122937
rxn:1:41624:8774,0.09949842467904091
rxn:2:98736:142183,0.0591941409640842
rxn:1:43730:39278,0.10863928935107063
rxn:1:42412:24341,0.10447864021573748
rxn:2:109091:142183,0.1065886989235878
rxn:2:117348:96010,0.09781922464785368
rxn:2:129458:68807,0.14961872192529532
rxn:2:141397:139886,0.10618222951889038
rxn:2:120936:70192,0.1107490204629444
rxn:2:104982:126659,0.11749966740608216
rxn:2:66959:145184,0.11292398434418899
rxn:2:141397:170430,0.11254899125350148
rxn:1:46492:723,0.04508430224198561
rxn:2:67778:107746,0.1258134479108064
rxn:2:132002:68807,0.13706645965576172
rxn:2:110352:112875,0.0828221184866769
rxn:2:87167:170892,0.12018785377343495
rxn:2:167592:91582,0.14834426403045653
rxn:2:66894:70192,0.1364293722879319
rxn:2:144636:96010,0.10039350922618594
rxn:2:114191:123403,0.11851784857836636
rxn:1:43730:723,0.1081711905343192
rxn:2:101083:142183,0.08214564048326932
rxn:2:117331:142183,0.1030912883579731
rxn:1:41745:39124,0.10161137580871582
rxn:2:138255:135854,0.12578885753949484
rxn:2:110352:145184,0.054057664341396756
rxn:2:141397:81125,0.07379050765718732
rxn:1:41869:32494,0.07780925994334013
rxn:2:131733:172702,0.05915554097065559
rxn:2:119006:96010,0.11812310952406663
rxn:2:146036:110041,0.12343330957271435
rxn:2:142033:161269,0.10560780763626099
rxn:2:73949:142183,0.09598295291264852
rxn:2:134237:142183,0.09979164600372314
rxn:1:41711:723,0.09828521524156843
rxn:2:73585:87790,0.12178161469372836
rxn:2:105340:169593,0.13125752944212693
rxn:1:41974:39124,0.1117268055677414
rxn:2:141397:150722,0.09231847524642944
rxn:1:65513:723,0.06966208494626559
rxn:2:164315:91582,0.15063301154545375
rxn:2:130980:142183,0.071824679007897
rxn:2:88152:142183,0.06975556697164263
rxn:2:133259:107408,0.15832543798855372
rxn:2:112819:142183,0.08258353746854342
rxn:2:85928:142183,0.07250039717730354
rxn:2:76896:107746,0.11120885869731074
rxn:2:166244:108959,0.08837299876742893
rxn:2:110352:128669,0.08675000816583633
rxn:1:46492:39124,0.10853875478108724
rxn:2:131733:90390,0.08057127500835218
rxn:1:43719:28754,0.08844880759716034
rxn:2:131733:68234,0.09102607291677724
rxn:2:126469:142183,0.0933330271925245
rxn:1:62096:2836,0.07468012968699138
rxn:1:50513:24341,0.07510616020722823
rxn:2:97024:142183,0.046413036493154675
rxn:1:41745:8774,0.08858254551887512
rxn:2:131733:172844,0.06449589591759902
rxn:2:141397:77047,0.061839782274686374
rxn:1:41869:3819,0.06386597454547882
rxn:2:93644:145184,0.08066706146512713
rxn:1:52141:2756,0.08944729208946228
rxn:1:57801:1060,0.06428605058918828
rxn:2:166241:97346,0.0772711220714781
rxn:2:110352:139886,0.05995450168848038
rxn:2:131733:170397,0.018292249395297125
rxn:1:41745:723,0.05812455500875201
rxn:1:50513:3819,0.06145823427609035
rxn:1:41974:723,0.09557162012372698
rxn:1:58694:8628,0.05631974610415372
rxn:2:150027:161976,0.02682954308233763
rxn:2:93644:112875,0.07095376884236056
rxn:2:141650:149772,0.04149492709867416
rxn:1:50513:39085,0.025037474357164823
rxn:2:148281:161976,0.03776983367769342
rxn:2:154592:161976,0.028990011466176885
rxn:2:158087:161976,0.04135995083733609
rxn:2:162493:142183,0.010700358284844292
rxn:2:127198:117884,0.04080392718315125
rxn:2:141650:158612,0.054846068223317467
rxn:1:55948:23328,0.026375583627007225
rxn:2:151591:161976,0.018268346002227383
rxn:1:50513:29637,-0.04214329215196463
rxn:2:93295:96012,-0.01653270572423935
rxn:2:120126:130738,-0.009146606922149659
rxn:2:115221:113927,-0.07572760846879747
