molecule_name,final_score,epoch
rxn:1:60111:11984,0.1908810536066691,22060
rxn:2:136872:142183,0.190235161781311,22060
rxn:2:138457:96010,0.1728877169745309,22060
rxn:2:91717:173095,0.1722992140313853,22060
rxn:2:119168:69876,0.1678627586364746,22060
rxn:2:80519:108959,0.1672402568485425,22060
rxn:2:97543:91563,0.1656241146000948,22060
rxn:2:141397:169155,0.1633032668720592,22060
rxn:2:94771:169197,0.1632980812679637,22060
rxn:2:132373:120822,0.1622961526331694,22060
rxn:2:127778:102373,0.1616035266356034,22060
rxn:2:69457:172618,0.1614808092514673,22060
rxn:2:141544:108959,0.1590173190290277,22060
rxn:2:81174:142183,0.1565793752670288,22060
rxn:2:68410:120822,0.1564917719882467,22060
rxn:2:134689:96010,0.1555338849623998,22060
rxn:2:104210:142183,0.155266672372818,22060
rxn:2:131506:170892,0.1546339470407237,22060
rxn:2:141397:88957,0.1542385667562484,22060
rxn:2:114506:141195,0.1541223498907956,22060
rxn:2:139105:108959,0.1536849348441414,22060
rxn:2:85122:120822,0.152852253480391,22060
rxn:2:106758:70831,0.1520810471131251,22060
rxn:2:141397:170026,0.1519338136369531,22060
rxn:2:171029:142183,0.1518433852629228,22060
rxn:1:60111:23613,0.1514181179158827,22060
rxn:2:110352:134317,0.1509950932334451,22060
rxn:2:117731:173095,0.1508723419645558,22060
rxn:2:150747:125117,0.1508328105722154,22060
rxn:2:109067:142183,0.1493045886357625,22060
rxn:2:97543:120822,0.149276392026381,22060
rxn:2:132373:170892,0.1488015800714492,22060
rxn:2:114506:94292,0.148374250956944,22060
rxn:1:60111:38555,0.1459391236305237,22060
rxn:2:76009:96010,0.1445944786071777,22060
rxn:2:97900:96010,0.143117449500344,22060
rxn:2:141497:82123,0.1427940016701108,22060
rxn:2:141397:158208,0.1427330908022429,22060
rxn:2:131871:142183,0.1420062397207532,22060
rxn:2:92382:173095,0.139633195740836,22060
rxn:1:60111:5590,0.134992406648748,22060
rxn:1:65013:31609,0.1343087787213532,22060
rxn:2:135125:96010,0.1084766960144043,22060
rxn:2:68525:112875,0.0925553907518801,22060
rxn:2:122923:96010,0.0915486922970524,22060
rxn:2:93211:67686,0.1666002094745636,22061
rxn:2:74393:169340,0.1633911495623381,22061
rxn:2:117485:169412,0.1627320713467068,22061
rxn:2:93644:173095,0.1613856894629342,22061
rxn:2:156072:120822,0.1604470078434263,22061
rxn:2:146036:170892,0.1604089339574178,22061
rxn:2:112728:172618,0.1596841578898222,22061
rxn:2:143107:170892,0.159519338607788,22061
rxn:2:137136:107408,0.1586128234863281,22061
rxn:2:141397:88106,0.1582826588835035,22061
rxn:2:110352:111125,0.1578824959303203,22061
rxn:2:141397:118208,0.1569756335682339,22061
rxn:2:150732:170892,0.1558064222335815,22061
rxn:2:114506:146828,0.1557963219555941,22061
rxn:2:89902:130974,0.1544847869873047,22061
rxn:2:141397:87593,0.1541700739609567,22061
rxn:2:78535:96010,0.1537106518562023,22061
rxn:2:68618:111147,0.1536216054643903,22061
rxn:2:139218:96010,0.1524158098867961,22061
rxn:2:68618:105101,0.1504271413598741,22061
rxn:2:92749:146828,0.1487349555605933,22061
rxn:2:132002:108959,0.1484241795539856,22061
rxn:2:111468:96010,0.1478557763276276,22061
rxn:2:169202:142183,0.1471497785477411,22061
rxn:2:94771:161575,0.1458187162876129,22061
rxn:2:98645:142183,0.1454274803400039,22061
rxn:2:144681:108959,0.1448994044746671,22061
rxn:2:141397:150239,0.1443945339747837,22061
rxn:2:97543:88359,0.1443482430084892,22061
rxn:2:67140:107408,0.1441068577766418,22061
rxn:2:141397:152446,0.143792771630817,22061
rxn:2:162493:69998,0.1437276835952486,22061
rxn:2:167592:85686,0.1425518691539764,22061
rxn:2:85122:172618,0.1414927347846653,22061
rxn:2:80519:78538,0.1411060790220896,22061
rxn:2:70378:108959,0.1396452914113583,22061
rxn:2:112350:96010,0.1395923793315887,22061
rxn:2:101355:96010,0.1374419148151691,22061
rxn:1:60111:5741,0.1345525979995727,22061
rxn:2:99601:170892,0.1336741971969604,22061
rxn:2:131003:85686,0.1310819330669584,22061
rxn:1:65438:31214,0.1274807527661323,22061
rxn:2:165559:96010,0.1216699672596795,22061
rxn:2:166244:120181,0.1211947820804737,22061
rxn:2:160401:112875,0.1649900216322679,22062
rxn:2:72200:85686,0.1648740825198945,22062
rxn:2:97063:127220,0.1648391918702559,22062
rxn:2:118218:141988,0.1639772745279165,22062
rxn:2:162493:120181,0.1635400780609675,22062
rxn:2:169132:142183,0.1614272793134053,22062
rxn:2:117485:170060,0.161276066744769,22062
rxn:2:137922:170892,0.1611819778169904,22062
rxn:2:167169:105101,0.1594569859681306,22062
rxn:1:60111:5755,0.157033902757308,22062
rxn:2:125962:138958,0.1563288211822509,22062
rxn:2:119168:88532,0.1561799716949463,22062
rxn:2:80704:142183,0.1561555832624435,22062
rxn:2:169054:142183,0.1549190992400759,22062
rxn:2:110352:84335,0.1542944987614949,22062
rxn:2:162493:123403,0.1538865610405251,22062
rxn:2:94771:78104,0.1530200309223598,22062
rxn:2:119266:107408,0.1527958649855393,22062
rxn:2:77202:127220,0.1527637107805772,22062
rxn:2:121251:67686,0.152427591775593,22062
rxn:2:79984:173095,0.1521401486613533,22062
rxn:2:134689:126659,0.1517869907876719,22062
rxn:2:97024:81963,0.1513889768849248,22062
rxn:2:165559:139886,0.1505163269383566,22062
rxn:2:102928:70192,0.1498960570285195,22062
rxn:2:168945:142183,0.1492763080380179,22062
rxn:2:141544:122855,0.1492680084137689,22062
rxn:2:110352:151977,0.1482062716233103,22062
rxn:2:78535:127220,0.1472495565047631,22062
rxn:2:141397:93647,0.1470884159207344,22062
rxn:2:70378:170060,0.1468341809052687,22062
rxn:2:111913:96010,0.1453661689391503,22062
rxn:2:110352:117327,0.1452767754855909,22062
rxn:2:101141:120822,0.1450276537375016,22062
rxn:2:70440:170060,0.1430815287998744,22062
rxn:2:165796:142183,0.1389919519424438,22062
rxn:2:141397:169785,0.137765371799469,22062
rxn:1:57290:723,0.137217360384324,22062
rxn:2:148173:142183,0.1370751526620653,22062
rxn:2:97543:129880,0.1362075290896675,22062
rxn:2:144681:76379,0.133075258561543,22062
rxn:2:104748:91563,0.1327605897730047,22062
rxn:2:97024:96187,0.1286256598389667,22062
rxn:2:77929:81152,0.1283862953600676,22062
rxn:2:164315:172233,0.1116807361443837,22062
rxn:2:76360:170060,0.1678032829211308,22063
rxn:1:41624:5553,0.1655606180429458,22063
rxn:2:124198:104330,0.1653608952959378,22063
rxn:2:162493:141988,0.1634782190833772,22063
rxn:2:134867:142183,0.162918789519204,22063
rxn:2:150747:66791,0.1628580181686966,22063
rxn:2:122923:141988,0.1612069253568296,22063
rxn:2:169132:142183,0.1590877572695414,22063
rxn:2:111746:120822,0.1587094688415527,22063
rxn:2:141397:170858,0.1584827409071081,22063
rxn:2:68618:76379,0.1573483007294791,22063
rxn:2:110352:84335,0.1571455597877502,22063
rxn:2:67380:96010,0.1558757699452913,22063
rxn:2:138592:130974,0.1558275841749631,22063
rxn:2:167169:114519,0.1552669895546777,22063
rxn:2:110352:151977,0.1541454603797511,22063
rxn:2:173217:142183,0.1533975743112109,22063
rxn:2:110352:172375,0.1525296257889789,22063
rxn:2:73749:159692,0.1517313718795776,22063
rxn:2:138076:170892,0.1507649525352146,22063
rxn:2:100318:94292,0.1501049209724773,22063
rxn:2:130089:173089,0.1487795809904734,22063
rxn:2:137922:96010,0.1480251321425804,22063
rxn:2:70440:122855,0.1477229644854863,22063
rxn:2:116191:103126,0.1455199935219504,22063
rxn:2:126579:142183,0.1435505197598384,22063
rxn:2:70962:170060,0.1409993480753015,22063
rxn:2:141397:168941,0.1390010913213094,22063
rxn:2:88500:171648,0.1361291330793629,22063
rxn:2:141397:145184,0.1355454886660856,22063
rxn:2:131733:68807,0.1354636805398123,22063
rxn:2:72200:110041,0.1351801838193621,22063
rxn:2:128000:170026,0.1340029681170428,22063
rxn:2:85630:108959,0.1302528058489163,22063
rxn:2:111913:102373,0.1294917904812356,22063
rxn:2:141397:145040,0.1285051544507344,22063
rxn:2:121663:170892,0.1283277739649233,22063
rxn:2:167592:108959,0.1283219257990519,22063
rxn:2:139397:142183,0.1282142559687296,22063
rxn:2:130128:169197,0.1234835115346041,22063
rxn:2:148180:96010,0.1161733950887407,22063
rxn:2:103296:91563,0.1159267595836094,22063
rxn:2:146036:120181,0.1069576538034847,22063
rxn:2:68618:171633,0.1042102452586678,22063
rxn:2:97941:142183,0.1794497030121939,22064
rxn:2:141397:100235,0.1680329016276768,22064
rxn:2:108320:108959,0.1668996500968933,22064
rxn:2:122351:156549,0.1663650512695312,22064
rxn:2:70378:113626,0.1654755987904288,22064
rxn:2:137816:108959,0.164510817527771,22064
rxn:2:133307:173095,0.1592370686323746,22064
rxn:2:108517:142183,0.1576566365030076,22064
rxn:2:150747:109025,0.1574843592113918,22064
rxn:2:82050:173089,0.157360999584198,22064
rxn:2:78786:142183,0.1560538649559021,22064
rxn:2:97024:70812,0.1553780734539032,22064
rxn:2:156072:111147,0.1549910439385308,22064
rxn:2:77560:169821,0.1531770446083762,22064
rxn:2:141397:151289,0.1519341866175333,22064
rxn:2:128825:108959,0.1518580561334436,22064
rxn:2:141397:72767,0.1512858532369136,22064
rxn:2:110352:173089,0.1511658072471618,22064
rxn:2:101118:142183,0.1501773909518593,22064
rxn:2:130128:78538,0.1489857673645019,22064
rxn:2:110352:130166,0.1485636830329895,22064
rxn:2:126885:169412,0.1478638887405395,22064
rxn:2:127318:96010,0.1477798049648603,22064
rxn:2:122351:78104,0.1455842653910319,22064
rxn:2:123151:142183,0.1446982026100158,22064
rxn:2:116191:85300,0.1438233748726222,22064
rxn:2:92565:172618,0.1435263908427694,22064
rxn:2:138255:94314,0.1423707430561383,22064
rxn:2:86811:96010,0.1422877024721216,22064
rxn:2:77560:169111,0.1408802948214791,22064
rxn:2:76009:109025,0.1405704259872436,22064
rxn:2:141397:117874,0.1385977665583292,22064
rxn:2:142314:141988,0.1367372444697789,22064
rxn:2:137816:96010,0.1366785740852356,22064
rxn:2:141397:77845,0.1360471589224679,22064
rxn:2:113171:108959,0.1332446878606623,22064
rxn:2:124198:81963,0.1321096420288086,22064
rxn:2:141397:169414,0.1319444399130971,22064
rxn:2:141397:110041,0.1233803033828735,22064
rxn:2:91779:96010,0.1144017113579644,22064
rxn:2:87202:111053,0.1089439272880554,22064
rxn:1:43251:31376,0.102143790324529,22064
rxn:2:146036:122855,0.0869613091150919,22064
rxn:2:114506:173095,0.1725352135571566,22065
rxn:2:68525:96010,0.1699100685119629,22065
rxn:2:129587:96010,0.1682160056155661,22065
rxn:2:89902:70831,0.1659896755218506,22065
rxn:2:92382:141195,0.1638548771540323,22065
rxn:2:92934:96010,0.1620223888984093,22065
rxn:2:74972:91563,0.1616738807587396,22065
rxn:2:141544:172618,0.1614301279187202,22065
rxn:2:141397:132130,0.160749899489539,22065
rxn:2:78535:109025,0.1587166098447946,22065
rxn:2:71745:126659,0.158487482712819,22065
rxn:2:67593:170892,0.158315564195315,22065
rxn:2:144636:120822,0.1579007074750703,22065
rxn:2:167169:120181,0.1578090919388665,22065
rxn:2:76625:108959,0.1567831091258837,22065
rxn:2:141397:169111,0.1560472382439507,22065
rxn:2:134387:142183,0.1549147049585978,22065
rxn:2:146036:109025,0.1543107203074864,22065
rxn:2:108517:142183,0.1542595558696323,22065
rxn:2:152434:139886,0.1542531580760561,22065
rxn:2:89554:85686,0.1540391039848327,22065
rxn:2:146036:66791,0.1538006386586598,22065
rxn:2:141397:145068,0.1528063833713531,22065
rxn:2:131974:120822,0.1514132718245188,22065
rxn:2:108728:91563,0.1512968117992083,22065
rxn:2:125874:139886,0.1485226132251598,22065
rxn:2:118218:96010,0.1483948001494774,22065
rxn:2:156072:116515,0.1477727580953527,22065
rxn:2:101840:142183,0.1457347869873047,22065
rxn:2:120823:170060,0.144532071692603,22065
rxn:2:137922:108959,0.1443066528210273,22065
rxn:2:83604:172062,0.1436824947595596,22065
rxn:2:144636:166167,0.1435480200011154,22065
rxn:2:82511:141988,0.1431183329334965,22065
rxn:2:122351:169111,0.1403913497924804,22065
rxn:2:139383:169412,0.1391001167120757,22065
rxn:2:141397:84335,0.1354636549949646,22065
rxn:2:66197:142183,0.1351113021373748,22065
rxn:2:132899:78538,0.1339904178272594,22065
rxn:2:121028:170892,0.1334160923957824,22065
rxn:2:87202:172618,0.1297580496124599,22065
rxn:2:130128:171179,0.1291747418316927,22065
rxn:2:76896:120181,0.127548391620318,22065
rxn:2:110222:112875,0.1260937023162841,22065
rxn:2:77202:170892,0.1238512049118677,22065
rxn:1:41624:28754,0.1192428916692733,22065
rxn:2:137922:122855,0.0981106424331665,22065
rxn:2:73576:108959,0.1673295757044916,22066
rxn:2:132131:171231,0.1668085919486152,22066
rxn:1:41624:3819,0.166710540652275,22066
rxn:2:71072:119227,0.1640405684709548,22066
rxn:2:125962:130974,0.1637190855466402,22066
rxn:2:166241:120181,0.1629777180737462,22066
rxn:2:110352:169550,0.1624200429235185,22066
rxn:2:108076:67686,0.1623516380786895,22066
rxn:2:76625:159692,0.1617261717716852,22066
rxn:2:92018:170892,0.1601267705361048,22066
rxn:2:109913:172618,0.1596795419851938,22066
rxn:2:141238:170060,0.1590786598346851,22066
rxn:2:139209:146828,0.1590391505848277,22066
rxn:2:114213:94292,0.1575866142908732,22066
rxn:2:92749:173095,0.1560579907326471,22066
rxn:2:118218:68807,0.1559874644646277,22066
rxn:2:128153:170892,0.1556172561645507,22066
rxn:2:87876:77187,0.1555151317430579,22066
rxn:2:73915:122855,0.1553857440040225,22066
rxn:2:127524:108959,0.1548453828562861,22066
rxn:2:156072:78538,0.1544099109513419,22066
rxn:2:94771:170548,0.1544074009765278,22066
rxn:2:92382:70192,0.1544023689470793,22066
rxn:2:82296:142183,0.1535349918736351,22066
rxn:2:160401:96010,0.1533006429672241,22066
rxn:2:102843:96010,0.1518497202131483,22066
rxn:2:87876:70812,0.1512436026876623,22066
rxn:2:77440:159185,0.149686199426651,22066
rxn:2:141397:156984,0.148215608464347,22066
rxn:2:100097:96010,0.1481182336807251,22066
rxn:2:114843:170060,0.1458139684465196,22066
rxn:2:150747:78538,0.1445544383355549,22066
rxn:2:132002:97346,0.1435737817183784,22066
rxn:2:127440:171179,0.1422300718047402,22066
rxn:2:84078:105824,0.140726123537336,22066
rxn:2:137922:110041,0.1401015496253967,22066
rxn:2:122468:129880,0.1397747298081716,22066
rxn:2:141397:83817,0.1385664045810699,22066
rxn:2:141397:169935,0.1373069662796823,22066
rxn:2:105080:108959,0.1361651988256545,22066
rxn:2:112333:102419,0.1361446328785108,22066
rxn:2:141397:171648,0.1329187386565738,22066
rxn:2:87202:172618,0.1310075365978738,22066
rxn:2:134110:173095,0.1290448515311531,22066
rxn:2:79392:110334,0.1275996617648912,22066
rxn:2:141397:89838,0.126585807119097,22066
rxn:2:120126:81125,0.1249988204554507,22066
rxn:2:141397:95623,0.1218268190111432,22066
rxn:2:137743:118376,0.1691374214071976,22067
rxn:2:82511:109025,0.1688420640097724,22067
rxn:2:138933:120822,0.1661005914211273,22067
rxn:2:135654:71708,0.161270922422409,22067
rxn:2:92382:70192,0.1611852834099217,22067
rxn:2:167169:139886,0.159365278703195,22067
rxn:2:88848:96010,0.1584788610537847,22067
rxn:2:77560:113626,0.1570508811208937,22067
rxn:2:141397:165123,0.1570051789283752,22067
rxn:2:110724:170892,0.1569684488432748,22067
rxn:2:162493:68807,0.1565295393977846,22067
rxn:2:148180:141988,0.1560486214501517,22067
rxn:2:97063:122855,0.1547192562194097,22067
rxn:2:172720:142183,0.1539751380681991,22067
rxn:2:86297:70192,0.1538947761058807,22067
rxn:2:146036:127220,0.1531492854867662,22067
rxn:2:76009:127220,0.1523669528961181,22067
rxn:2:68712:70192,0.151762082463219,22067
rxn:2:124693:82536,0.1515445521003321,22067
rxn:2:113894:85686,0.1501273484457106,22067
rxn:2:76009:170892,0.1497268720909401,22067
rxn:2:129587:171231,0.1496097232614244,22067
rxn:2:112830:129654,0.1487106680870056,22067
rxn:2:100318:146828,0.1486236686291902,22067
rxn:2:156072:129654,0.1478551690067563,22067
rxn:2:97946:112875,0.1475663712391486,22067
rxn:2:113063:83505,0.1447815384183611,22067
rxn:2:139659:170060,0.139480760803929,22067
rxn:2:108274:142183,0.1384371146559715,22067
rxn:2:113605:152898,0.1378437824871229,22067
rxn:2:99080:108959,0.1376923695206642,22067
rxn:2:173056:142183,0.1365201849686472,22067
rxn:2:167169:85327,0.1349292269774845,22067
rxn:2:141397:171179,0.1327605181270175,22067
rxn:2:73749:108959,0.1327310126760731,22067
rxn:2:141497:169340,0.1322776105092919,22067
rxn:2:110765:122855,0.1321702003479004,22067
rxn:2:87202:125333,0.1315068114887584,22067
rxn:2:97063:165512,0.1275638590256373,22067
rxn:2:131003:122855,0.126382067089989,22067
rxn:1:60111:3886,0.1257188482718034,22067
rxn:2:75557:169412,0.116476662158966,22067
rxn:2:122923:108959,0.0963514093999509,22067
rxn:1:41711:28754,0.1984226703643798,22068
rxn:2:141397:173095,0.1923786261502434,22068
rxn:2:141397:112875,0.190114663197444,22068
rxn:2:141397:94314,0.1844792876924787,22068
rxn:2:141397:85300,0.1776492297649383,22068
rxn:2:141397:130267,0.1719853511223426,22068
rxn:2:122644:142183,0.1709723770618438,22068
rxn:2:67101:142183,0.164334125816822,22068
rxn:2:68618:120181,0.161034848008837,22068
rxn:2:139808:94314,0.1603385380336216,22068
rxn:2:68028:142183,0.1598031441370646,22068
rxn:2:167169:138996,0.1597702630928584,22068
rxn:2:92382:170892,0.1596989858718145,22068
rxn:2:76009:141988,0.1584931898117065,22068
rxn:2:141397:159185,0.1571767926216125,22068
rxn:2:138381:96010,0.1561731364991929,22068
rxn:2:127621:170892,0.1537997245788574,22068
rxn:2:122468:109025,0.153751210026119,22068
rxn:2:120126:146533,0.1533634740373362,22068
rxn:2:90327:129880,0.153294915738313,22068
rxn:2:129122:108959,0.1523389793359316,22068
rxn:2:67187:171648,0.1490606225055197,22068
rxn:2:89554:108959,0.147838138617002,22068
rxn:2:127086:108959,0.1472981174786885,22068
rxn:2:99055:96010,0.1465560462739732,22068
rxn:2:150747:155500,0.1455830097198486,22068
rxn:2:77560:94292,0.1443050950765609,22068
rxn:2:116191:139886,0.1423308029770851,22068
rxn:2:73728:158208,0.1405058190936134,22068
rxn:2:116191:130267,0.1390901858156377,22068
rxn:2:108880:170892,0.1384975761175155,22068
rxn:2:119168:70831,0.1373784112930297,22068
rxn:2:141397:150431,0.1351857364177703,22068
rxn:2:164276:173089,0.1339253873536081,22068
rxn:2:72400:96010,0.1336291258533795,22068
rxn:2:100318:68807,0.1335589232898894,22068
rxn:2:146036:68807,0.1269520542451313,22068
rxn:2:110765:85686,0.114069390296936,22068
rxn:2:78535:96514,0.1136405353362743,22068
rxn:2:129458:96010,0.110779725588285,22068
rxn:2:141397:169286,0.1820447504520416,22069
rxn:2:141397:126659,0.1774427124432155,22069
rxn:2:141397:143246,0.1754087375269996,22069
rxn:2:141397:172751,0.1700996983618963,22069
rxn:2:141397:82393,0.1687268416086832,22069
rxn:2:137446:112875,0.1666729807853698,22069
rxn:2:118218:108959,0.1638311606187086,22069
rxn:2:91220:154103,0.1623662493445656,22069
rxn:2:120564:171231,0.1623001893361409,22069
rxn:1:60111:5745,0.1603062293108771,22069
rxn:2:94771:97563,0.1586661840740003,22069
rxn:2:145188:111147,0.1574507992843102,22069
rxn:2:92144:142183,0.1571666598320007,22069
rxn:2:129600:170060,0.1567991355369831,22069
rxn:2:166241:111147,0.1566972198157475,22069
rxn:2:114204:173089,0.1549246487794099,22069
rxn:2:70440:107408,0.1542777369419733,22069
rxn:2:77560:146828,0.1541455444835481,22069
rxn:2:85204:142183,0.1536262392997741,22069
rxn:2:107531:68807,0.1533533900976181,22069
rxn:2:131907:173095,0.1530457683231519,22069
rxn:2:106791:108959,0.1526818752288818,22069
rxn:2:89311:70192,0.1525790274143219,22069
rxn:2:135072:173089,0.1512044491591277,22069
rxn:2:107531:173089,0.1500070840120315,22069
rxn:2:139218:108959,0.1491380206176213,22069
rxn:2:69022:78538,0.1487834801276525,22069
rxn:2:73938:170060,0.1483323786939893,22069
rxn:2:101439:108959,0.1478243398666381,22069
rxn:2:122351:169594,0.1476254273544658,22069
rxn:2:71072:152898,0.1474002288735431,22069
rxn:2:114213:78077,0.1470415847642081,22069
rxn:2:107531:171648,0.1441513040791387,22069
rxn:2:77560:78538,0.1430652976036071,22069
rxn:2:136934:142183,0.1420864582061767,22069
rxn:2:140908:166167,0.141660698082136,22069
rxn:2:141397:154787,0.1408849060535431,22069
rxn:2:132762:120822,0.1402091736143285,22069
rxn:2:158765:142183,0.1401434610871707,22069
rxn:2:69457:170892,0.1401178389787674,22069
rxn:2:106758:138958,0.138945186138153,22069
rxn:2:138592:138958,0.1301037549972534,22069
rxn:2:82050:173095,0.1199897579524828,22069
rxn:2:135760:173089,0.1199850153040002,22069
rxn:2:97858:125117,0.1184378212148493,22069
rxn:2:82914:142183,0.1863636289324079,22071
rxn:2:81194:170892,0.1787091612815857,22071
rxn:2:130089:171246,0.1626821072013289,22071
rxn:1:41918:3819,0.1618096604943275,22071
rxn:2:141397:172189,0.1603949755430221,22071
rxn:2:122351:159185,0.1583457052707672,22071
rxn:2:167169:165512,0.1579059115771589,22071
rxn:2:139218:108959,0.157205798796245,22071
rxn:2:167169:108959,0.156581735169446,22071
rxn:2:141847:173095,0.1552669207255045,22071
rxn:2:92749:88103,0.1551949350457442,22071
rxn:2:122351:88103,0.1548858504546316,22071
rxn:2:100318:135854,0.154597932100296,22071
rxn:2:131711:169412,0.1542474508285522,22071
rxn:2:113731:141988,0.1537756621837616,22071
rxn:2:70378:129880,0.153608297308286,22071
rxn:2:100083:108959,0.1531970451275507,22071
rxn:2:76360:169412,0.1522154028599079,22071
rxn:2:144681:112875,0.1521011315859281,22071
rxn:2:83170:171231,0.1518906610352652,22071
rxn:2:70378:169412,0.1518310996202322,22071
rxn:2:141397:81152,0.1517670340836048,22071
rxn:2:141397:159008,0.1511010163360172,22071
rxn:2:101785:142183,0.1508320172627767,22071
rxn:2:156072:141988,0.1502060713591399,22071
rxn:2:122351:169594,0.1490910649299621,22071
rxn:2:120585:142183,0.1484156317181057,22071
rxn:2:112003:170892,0.1482047247035162,22071
rxn:2:75016:142183,0.1467811009463142,22071
rxn:2:139123:120822,0.1449587565881234,22071
rxn:2:114506:173089,0.1448664193352063,22071
rxn:2:79461:108959,0.1445853880473545,22071
rxn:2:141397:90501,0.1431733518838882,22071
rxn:2:100097:94314,0.142254409690698,22071
rxn:2:105080:96010,0.1416534440858023,22071
rxn:2:126579:128413,0.141438982703469,22071
rxn:2:111985:78538,0.1389141756555308,22071
rxn:2:134916:170858,0.1377378642559051,22071
rxn:2:118177:96010,0.1376270673893116,22071
rxn:2:93644:170548,0.1363374103199351,22071
rxn:2:127187:170892,0.1359970768292745,22071
rxn:2:80349:142183,0.134685206413269,22071
rxn:2:131003:81152,0.1279931457146354,22071
rxn:2:136934:142183,0.127615749835968,22071
rxn:2:75313:172618,0.1275044988702844,22071
rxn:2:73915:85686,0.126782184555417,22071
rxn:2:80519:129654,0.1132156997919082,22071
rxn:2:98374:169412,0.1652189162042406,22072
rxn:2:100318:141195,0.1647297765897667,22072
rxn:2:140189:173095,0.1641919385819208,22072
rxn:2:132071:129880,0.1634103775024414,22072
rxn:2:114506:78538,0.1630665972119286,22072
rxn:2:81212:88103,0.1618752636407551,22072
rxn:2:123785:170892,0.1615920765646572,22072
rxn:2:108076:146828,0.1610893878069791,22072
rxn:2:165709:142183,0.1599631479808262,22072
rxn:2:141819:173089,0.1585896175641279,22072
rxn:2:77440:169594,0.1580101739276539,22072
rxn:2:67187:173095,0.1574136398055336,22072
rxn:2:92382:146828,0.1573272432599748,22072
rxn:2:135826:142183,0.1564807190614588,22072
rxn:2:136934:142183,0.1562503973642985,22072
rxn:2:150990:98873,0.1557958551815577,22072
rxn:1:41918:5553,0.1556277945637703,22072
rxn:2:110352:171877,0.1555993727275303,22072
rxn:2:108134:67686,0.1551308412300913,22072
rxn:2:122351:146828,0.1547392039071946,22072
rxn:2:136832:142183,0.1539564885591205,22072
rxn:2:135450:169412,0.153664391040802,22072
rxn:2:150747:171392,0.1530104258964801,22072
rxn:2:107485:142183,0.152672297076175,22072
rxn:2:114168:173089,0.1525036008269698,22072
rxn:2:90327:171231,0.151763395026878,22072
rxn:2:86811:140099,0.1515252744710004,22072
rxn:2:77560:134351,0.1512933572133382,22072
rxn:2:114506:169856,0.150232431563464,22072
rxn:2:132002:122855,0.1500338365634282,22072
rxn:2:96968:109025,0.1491009409611041,22072
rxn:2:150747:114519,0.1484233481543404,22072
rxn:2:77560:172375,0.1472554504871368,22072
rxn:2:150747:91563,0.1467504203319549,22072
rxn:2:160401:120181,0.1429688100303922,22072
rxn:2:85225:170060,0.1426539421081543,22072
rxn:2:73576:169964,0.141571934734072,22072
rxn:2:128445:166167,0.1414458492527837,22072
rxn:2:106940:173095,0.1410735327264537,22072
rxn:2:124198:95801,0.137017381687959,22072
rxn:2:90327:173095,0.1361942738294601,22072
rxn:2:140189:134351,0.1351696167673383,22072
rxn:2:166241:76379,0.1342417001724243,22072
rxn:2:117731:94314,0.1315391421318054,22072
rxn:2:106940:170858,0.1311442230058753,22072
rxn:2:76625:129654,0.1299242004752159,22072
rxn:2:126498:126659,0.1285288496450944,22072
rxn:2:133307:170892,0.1254064129746478,22072
rxn:2:162493:108959,0.1744131658758436,22073
rxn:2:141397:164659,0.1706791169503156,22073
rxn:2:141397:171799,0.1699262147858029,22073
rxn:2:74972:173095,0.1662385084412314,22073
rxn:2:141397:83009,0.1637078065138597,22073
rxn:2:78725:70192,0.1631022691726684,22073
rxn:1:60111:2836,0.1627443730831146,22073
rxn:2:162493:120822,0.1603927612304687,22073
rxn:2:77560:170858,0.1588976638657706,22073
rxn:2:110352:83991,0.1582111821455114,22073
rxn:2:91798:141988,0.1581439560857312,22073
rxn:2:129122:96010,0.1574734999583317,22073
rxn:2:72890:169412,0.157247034402994,22073
rxn:2:97900:173095,0.1571802099545796,22073
rxn:2:120356:96010,0.1568991541862487,22073
rxn:2:99084:173095,0.1567269066969553,22073
rxn:2:167592:78538,0.1565003118344715,22073
rxn:2:81212:146828,0.1559996775218418,22073
rxn:2:108320:112875,0.1559378141942231,22073
rxn:2:135415:169851,0.1552782544383296,22073
rxn:2:172848:142183,0.1551620310003107,22073
rxn:2:124198:149524,0.1547347426414489,22073
rxn:2:101355:96514,0.1545373453543736,22073
rxn:2:139798:170060,0.1535625252230414,22073
rxn:2:117731:172618,0.1532246962837551,22073
rxn:2:92382:88359,0.1509979622704642,22073
rxn:2:97024:104330,0.1501512825489044,22073
rxn:2:114506:78538,0.1496796636354355,22073
rxn:2:98374:169412,0.1492241709320633,22073
rxn:2:120365:104330,0.1477290292580922,22073
rxn:2:167592:139886,0.1468084829824942,22073
rxn:2:141397:169400,0.1467109322547912,22073
rxn:2:142622:96010,0.1452835244791848,22073
rxn:2:138516:170892,0.1451410101010249,22073
rxn:2:117456:104330,0.1441765886086684,22073
rxn:2:76625:104330,0.1422186344861984,22073
rxn:2:135072:148477,0.1380273241263169,22073
rxn:2:94771:133871,0.136759739173086,22073
rxn:2:130128:134351,0.1338434730257306,22073
rxn:2:125962:123882,0.1331395411491394,22073
rxn:2:93644:94292,0.1304817855358123,22073
rxn:2:73951:154103,0.1291454459230105,22073
rxn:2:124198:95635,0.1271787933681322,22073
rxn:2:162493:108201,0.1205913506705185,22073
rxn:2:146036:108959,0.1031048063720975,22073
rxn:2:153560:119697,0.0450703111978677,22073
rxn:2:122351:70192,0.173090282239412,22074
rxn:2:104011:107408,0.1655192827356272,22074
rxn:2:141847:146828,0.1604534444354829,22074
rxn:2:139383:170060,0.1599088112513224,22074
rxn:2:122353:112875,0.1595739263754624,22074
rxn:2:162493:76379,0.1589522276605878,22074
rxn:1:65513:5553,0.1580913782119751,22074
rxn:2:137922:141988,0.157586409495427,22074
rxn:2:150747:161103,0.157486500411198,22074
rxn:2:141397:70192,0.157449718316396,22074
rxn:2:106758:130974,0.1573687470876253,22074
rxn:2:72890:169412,0.1563288110953111,22074
rxn:2:162493:126659,0.155984898408254,22074
rxn:2:162493:110041,0.1556564812307004,22074
rxn:2:127524:96010,0.1553776471511177,22074
rxn:2:97024:68807,0.1522520417752473,22074
rxn:2:91779:170060,0.1521256347497304,22074
rxn:2:160037:98873,0.1520995058511433,22074
rxn:2:110093:108959,0.150980457663536,22074
rxn:2:83170:78538,0.1503203014532725,22074
rxn:2:122923:120822,0.1492006991590772,22074
rxn:2:76625:171069,0.1482197752705326,22074
rxn:2:125874:112875,0.1473770213127136,22074
rxn:2:78535:66791,0.1460250914096832,22074
rxn:2:135414:169412,0.1445731979150038,22074
rxn:2:94771:133871,0.1436582740984465,22074
rxn:2:108880:126659,0.1431102440470741,22074
rxn:2:74972:170060,0.1426308854766514,22074
rxn:2:85757:103126,0.1422935516937919,22074
rxn:2:138255:96010,0.1415192174911499,22074
rxn:2:89554:96514,0.1408622035613426,22074
rxn:2:110352:170954,0.1405955498868769,22074
rxn:2:114429:170060,0.1400089572977136,22074
rxn:2:97024:159692,0.1394500831762949,22074
rxn:2:94696:142183,0.1378092037306891,22074
rxn:2:67624:96010,0.1377252886692682,22074
rxn:2:91831:108959,0.1344193586936364,22074
rxn:2:89902:113380,0.1341500878334045,22074
rxn:2:116191:91582,0.1340754140507091,22074
rxn:2:132131:78538,0.1325391738311104,22074
rxn:2:73951:154103,0.1324291055401166,22074
rxn:2:70411:96010,0.1294948127534654,22074
rxn:2:106940:169305,0.1266604249293987,22074
rxn:2:67562:110041,0.1256688261032104,22074
rxn:2:72856:108959,0.1201701664924621,22074
rxn:2:77472:108959,0.1197845911979675,22074
rxn:2:162501:165738,0.1039970772606986,22074
rxn:1:41723:23723,0.0900999119407252,22074
rxn:2:138255:101283,0.1636367411840529,22076
rxn:2:129963:142183,0.1630839440557691,22076
rxn:2:141544:127220,0.1603109403090043,22076
rxn:2:70378:113963,0.1596110625700517,22076
rxn:2:128825:171231,0.1591521015873661,22076
rxn:2:107651:146828,0.1583224705287388,22076
rxn:2:71135:96010,0.1583150128523508,22076
rxn:2:87202:120822,0.1565042381936853,22076
rxn:2:93644:141195,0.156271307241349,22076
rxn:2:69933:123403,0.1561335374911626,22076
rxn:2:150747:173089,0.1555202411067101,22076
rxn:2:137136:170892,0.1554805764130183,22076
rxn:2:110222:169412,0.1553011178970336,22076
rxn:2:111746:108959,0.1551270335912704,22076
rxn:2:113171:166167,0.1548287972160007,22076
rxn:2:83170:120822,0.1543786947925885,22076
rxn:2:113171:110041,0.1540690887541998,22076
rxn:2:127086:78538,0.1536689448356628,22076
rxn:2:113672:170060,0.1532980093249568,22076
rxn:2:102522:108959,0.1527895545959472,22076
rxn:2:117045:120822,0.1513418477514515,22076
rxn:1:63670:31376,0.1511340841003086,22076
rxn:2:110222:150277,0.1508693348976873,22076
rxn:2:137534:169305,0.1499629158240098,22076
rxn:2:137446:103126,0.1487579417228698,22076
rxn:2:85122:94314,0.1476160317659378,22076
rxn:2:139105:159692,0.1472176710764567,22076
rxn:2:92934:66791,0.1452437272438636,22076
rxn:2:70411:108959,0.1448411058496546,22076
rxn:2:126579:129880,0.1445993582407633,22076
rxn:2:77440:130267,0.1443812040721669,22076
rxn:2:75313:170892,0.1439971570615415,22076
rxn:2:114509:170892,0.143663010597229,22076
rxn:2:68784:170060,0.1426766558929726,22076
rxn:2:110222:122855,0.1424887478351593,22076
rxn:2:108320:96010,0.142010817527771,22076
rxn:2:137446:102373,0.1412045905987421,22076
rxn:2:130595:142183,0.1410797520687705,22076
rxn:2:99558:84225,0.1397747030624976,22076
rxn:2:131733:108959,0.1381398694855826,22076
rxn:2:103393:142183,0.1279909781047276,22076
rxn:2:83604:126829,0.127049424146351,22076
rxn:2:113668:108959,0.1260772496461868,22076
rxn:2:77440:117186,0.1231985512901755,22076
rxn:2:141204:118131,0.1231477037072181,22076
rxn:2:141397:171336,0.1161215960979461,22076
rxn:2:104885:153366,0.0965539028770045,22076
rxn:2:128153:172618,0.1665185284614563,22077
rxn:2:156072:91563,0.1650425408567701,22077
rxn:2:76644:142183,0.1647640424115317,22077
rxn:2:141238:169412,0.1608220471276177,22077
rxn:1:45226:661,0.1601780213807758,22077
rxn:2:92660:170060,0.159221670457295,22077
rxn:2:110352:172933,0.1574778102693103,22077
rxn:2:127261:170060,0.1570806679902253,22077
rxn:2:141397:173016,0.1566577672958374,22077
rxn:2:111746:108959,0.1563534885644912,22077
rxn:2:104688:91563,0.1547093772888183,22077
rxn:2:113171:166167,0.1538189312686091,22077
rxn:1:59830:31376,0.153813652370287,22077
rxn:2:137743:104330,0.1529315114021301,22077
rxn:2:156072:138996,0.1523796916007995,22077
rxn:2:108320:96010,0.1523466277122497,22077
rxn:2:92382:108959,0.1519980807053415,22077
rxn:2:167169:139599,0.1510255400623594,22077
rxn:2:107531:172618,0.1508491797880693,22077
rxn:2:89509:169856,0.1506239383117012,22077
rxn:2:124992:102419,0.150060044394599,22077
rxn:2:141847:88103,0.1485256552696228,22077
rxn:2:137922:170060,0.1481660111197109,22077
rxn:2:162493:111147,0.147046468087605,22077
rxn:2:112830:129880,0.1470105266571044,22077
rxn:2:66358:170060,0.1457396012086134,22077
rxn:2:120356:102373,0.1451934916632516,22077
rxn:2:102522:108959,0.1450712251663208,22077
rxn:2:144681:172076,0.1441806093338997,22077
rxn:2:97063:120822,0.1430132700049358,22077
rxn:2:76625:78538,0.1420014277100563,22077
rxn:2:104011:108959,0.1409507751464843,22077
rxn:2:76009:107408,0.1407033130526542,22077
rxn:2:82511:96010,0.1395049580821284,22077
rxn:2:111975:94314,0.1381934171631222,22077
rxn:2:107481:112875,0.1358831930160522,22077
rxn:2:137816:125117,0.1331741259648249,22077
rxn:2:96968:108959,0.1324941378373366,22077
rxn:2:141847:170548,0.1319542147896506,22077
rxn:2:76896:91582,0.1309772079641168,22077
rxn:2:99558:85686,0.1309295892715454,22077
rxn:2:138076:122855,0.1301940321922302,22077
rxn:2:102546:108959,0.1264251009984449,22077
rxn:2:164315:85686,0.116041259518985,22077
rxn:2:88299:85300,0.110222824241804,22077
rxn:2:110392:170892,0.1101621116201082,22077
rxn:2:116090:67981,0.0938287587726817,22077
rxn:2:130225:170892,0.1626636049021845,22078
rxn:1:41711:39124,0.1614326424896717,22078
rxn:2:74139:120822,0.1582001940063808,22078
rxn:2:68525:108959,0.158042311668396,22078
rxn:2:131974:171231,0.1579558317150388,22078
rxn:2:87876:149524,0.1577923393249511,22078
rxn:2:95795:170060,0.1568030383851793,22078
rxn:2:94039:142183,0.1554666477091172,22078
rxn:2:164315:170892,0.1553284842520952,22078
rxn:2:133307:78538,0.1552840254523537,22078
rxn:2:149481:170060,0.1547827105368337,22078
rxn:2:162493:166934,0.1546296497871135,22078
rxn:2:122723:97563,0.1543752367679889,22078
rxn:2:92934:172618,0.1534837314060756,22078
rxn:2:137136:112875,0.1533895060420036,22078
rxn:2:84871:127220,0.1531670141220092,22078
rxn:2:92382:85686,0.1520133150948418,22078
rxn:2:110765:107408,0.1501083469390869,22078
rxn:2:93644:133871,0.1499267220497131,22078
rxn:2:134689:107408,0.1498113300489342,22078
rxn:2:74972:172733,0.1471733839615531,22078
rxn:2:150990:142183,0.1471027817044939,22078
rxn:2:114213:146828,0.1466251340779391,22078
rxn:2:87971:96010,0.1458532381057739,22078
rxn:2:150747:147379,0.1455824786219103,22078
rxn:2:99451:67686,0.1436479091644287,22078
rxn:2:135279:170892,0.1433476482828458,22078
rxn:2:87066:169305,0.1426440954208374,22078
rxn:2:81194:172618,0.1422043085098266,22078
rxn:2:141544:78538,0.1407473812932553,22078
rxn:2:106940:170892,0.1400359169296596,22078
rxn:2:139105:78538,0.13702192902565,22078
rxn:1:59830:31372,0.1369918481163356,22078
rxn:2:93644:172959,0.1348849399523301,22078
rxn:2:166241:109025,0.1347463624230746,22078
rxn:2:112399:107408,0.1322834193706512,22078
rxn:2:77440:171182,0.129057350612822,22078
rxn:2:141815:108959,0.126032347480456,22078
rxn:2:137136:96010,0.1205375973994915,22078
rxn:2:141397:159692,0.1187145933508873,22078
rxn:2:74199:95117,0.114820319872636,22078
rxn:2:87876:95635,0.1144917892373126,22078
rxn:2:150747:120038,0.1140951982566288,22078
rxn:2:112154:96010,0.1133357816272311,22078
rxn:2:109121:167658,0.1104222113086331,22078
rxn:2:76009:120038,0.1043143593347989,22078
rxn:2:104030:169412,0.166107021845304,22079
rxn:2:68410:173095,0.1612609277168909,22079
rxn:2:107531:170858,0.1594717773524197,22079
rxn:2:110222:170060,0.1562200307846069,22079
rxn:2:122351:84708,0.154408311843872,22079
rxn:2:76009:68807,0.1543318772315979,22079
rxn:2:66358:129880,0.1537487655878067,22079
rxn:2:135415:169412,0.1531925245567604,22079
rxn:2:149481:169412,0.1524427840786595,22079
rxn:2:74199:108959,0.1520259799780669,22079
rxn:2:167592:161103,0.1517966451316044,22079
rxn:2:68618:127220,0.1513186480317797,22079
rxn:2:142622:112875,0.1507063668507796,22079
rxn:2:144636:96514,0.1502783319779805,22079
rxn:2:88848:120822,0.1496796607971191,22079
rxn:2:110352:172397,0.1495515263598898,22079
rxn:2:114213:169594,0.1495294156281844,22079
rxn:2:135414:169412,0.1494696805110344,22079
rxn:2:83604:160838,0.1489078946735547,22079
rxn:2:139209:173095,0.1482970877127214,22079
rxn:2:92660:107408,0.1479048579931259,22079
rxn:2:84749:96010,0.1475237740410698,22079
rxn:2:141397:169810,0.1472713676365939,22079
rxn:2:141819:170892,0.1469324032465616,22079
rxn:2:127253:142183,0.1466437309980392,22079
rxn:2:70378:168058,0.1438154961381639,22079
rxn:2:76625:120822,0.1421619306008021,22079
rxn:2:73749:97346,0.1402450317428225,22079
rxn:2:127524:120822,0.13992840051651,22079
rxn:2:83885:170892,0.1388184169928233,22079
rxn:2:97212:170060,0.1381790914705821,22079
rxn:2:123413:159692,0.13437597093911,22079
rxn:2:72913:171392,0.1336515617370605,22079
rxn:1:59915:31372,0.133600503206253,22079
rxn:2:113171:170411,0.1334368211251718,22079
rxn:2:112350:70812,0.1320915999619857,22079
rxn:1:60111:4511,0.1281985441843668,22079
rxn:2:101355:139886,0.1275263864260453,22079
rxn:2:163073:117713,0.1265764141082763,22079
rxn:2:133913:142183,0.1245599289735158,22079
rxn:2:107766:107408,0.1233755588531494,22079
rxn:2:108829:102373,0.1141432921091715,22079
rxn:2:117865:172751,0.1083839824705412,22079
rxn:2:150747:100541,0.1073704957962036,22079
rxn:2:68546:142183,0.0983989414046792,22079
rxn:2:85576:77028,0.0701224287350972,22079
rxn:2:103984:170892,0.1680904584271567,22080
rxn:2:123413:112875,0.1657292063419635,22080
rxn:2:83688:96010,0.1609473930937903,22080
rxn:2:118279:143698,0.1609224288359932,22080
rxn:2:78553:113807,0.1608534317750197,22080
rxn:2:104011:122855,0.1591862275682646,22080
rxn:2:97024:143698,0.1586888531843821,22080
rxn:2:145188:85686,0.1577197057860238,22080
rxn:2:167169:111147,0.1573471338660628,22080
rxn:2:97543:172752,0.1569749505623527,22080
rxn:2:113171:171231,0.1555875230718542,22080
rxn:2:85110:170892,0.1546065829418323,22080
rxn:2:134698:109382,0.1532250666618347,22080
rxn:2:110352:172397,0.1519531840863435,22080
rxn:2:94771:146828,0.1511968374252319,22080
rxn:2:86385:146533,0.1511276545731917,22080
rxn:2:141397:173089,0.150941484852841,22080
rxn:2:88848:169412,0.1506524439211245,22080
rxn:2:132400:172375,0.1500277656775254,22080
rxn:2:166241:139886,0.1499489216968931,22080
rxn:2:122351:81152,0.1494351267814636,22080
rxn:2:126873:158208,0.1487638406131578,22080
rxn:2:97024:153414,0.1480100202560424,22080
rxn:2:74199:96010,0.1473124998587149,22080
rxn:1:43730:38410,0.1451346558683058,22080
rxn:2:135414:170060,0.1451175625507648,22080
rxn:2:167592:161103,0.1449436935885199,22080
rxn:2:91903:78538,0.1442138931967995,22080
rxn:2:126579:104330,0.1431767046451568,22080
rxn:2:83170:108959,0.1423731472181237,22080
rxn:2:111468:108959,0.1414804966361434,22080
rxn:2:144636:170913,0.1395268620866717,22080
rxn:2:94771:170858,0.1392848378136044,22080
rxn:2:68984:171231,0.1384744688316627,22080
rxn:2:100318:88103,0.1384331782658895,22080
rxn:2:76625:142192,0.1368337455003158,22080
rxn:2:92382:161575,0.1366049289703369,22080
rxn:2:97980:70192,0.1361594262876008,22080
rxn:1:55948:28813,0.1356791973114013,22080
rxn:2:141397:89797,0.1347271589671864,22080
rxn:2:124198:70812,0.1317294402555986,22080
rxn:2:66358:169400,0.126250317463508,22080
rxn:2:90327:170858,0.1251832122604052,22080
rxn:2:148527:142183,0.1233334938685099,22080
rxn:2:85122:173089,0.1143778586387634,22080
rxn:2:148324:142183,0.168343511223793,22081
rxn:2:93644:70192,0.1665949695988705,22081
rxn:2:110768:109025,0.1659593536303593,22081
rxn:2:122353:102373,0.1642871522903442,22081
rxn:2:73576:78538,0.1620942602554957,22081
rxn:2:114506:154103,0.1619231493576713,22081
rxn:2:78535:120822,0.1619009618405942,22081
rxn:2:67009:171392,0.1577388754597416,22081
rxn:2:96712:160916,0.157716321448485,22081
rxn:2:92934:109025,0.1561425351179563,22081
rxn:2:124693:68636,0.1558702758380345,22081
rxn:2:106342:142183,0.1548719406127929,22081
rxn:2:87202:91563,0.1544644778425043,22081
rxn:2:72200:171231,0.1540486260696693,22081
rxn:2:141819:120822,0.1530077276022537,22081
rxn:2:76009:78538,0.1509586756046001,22081
rxn:2:68737:173089,0.1507249540752834,22081
rxn:2:73728:111125,0.1499532848596572,22081
rxn:2:101355:110334,0.148673273049868,22081
rxn:2:70378:91563,0.147798404097557,22081
rxn:2:100318:173089,0.1474651789665222,22081
rxn:2:124198:129654,0.1473012169202169,22081
rxn:2:162493:127220,0.1472644295011247,22081
rxn:2:91798:68807,0.1464431738031321,22081
rxn:2:95380:169412,0.1463200220694908,22081
rxn:2:137922:107408,0.1458905982971191,22081
rxn:2:132998:170892,0.1453014075756073,22081
rxn:2:100083:173095,0.1451241098917447,22081
rxn:2:110352:75004,0.1444282001919216,22081
rxn:2:111746:139599,0.1408182716369629,22081
rxn:2:99080:159692,0.1403669333457946,22081
rxn:2:144636:171152,0.1378656114850725,22081
rxn:2:135668:70192,0.1366641250523654,22081
rxn:2:141397:171073,0.1365693467003958,22081
rxn:2:79532:83505,0.1356811069306873,22081
rxn:2:99601:78538,0.134869451324145,22081
rxn:2:71745:96010,0.1300574982607806,22081
rxn:2:77387:169305,0.1289900541305542,22081
rxn:2:135058:148477,0.1279801577329635,22081
rxn:2:77560:91563,0.1277319073677063,22081
rxn:2:91903:172752,0.1243246716001759,22081
rxn:2:124198:114519,0.1206668193141619,22081
rxn:2:107938:108959,0.1157398223876953,22081
rxn:2:158858:108959,0.1061616199357169,22081
rxn:1:58687:31438,0.0837694977720578,22081
rxn:2:167592:112875,0.1660826349258423,22082
rxn:2:71745:123403,0.1576033051197345,22082
rxn:2:74972:173089,0.1569692591826121,22082
rxn:2:113171:170892,0.1564330036441485,22082
rxn:2:70378:120822,0.1554163694381714,22082
rxn:2:103972:142183,0.1553675606846809,22082
rxn:2:85110:96010,0.155328242778778,22082
rxn:2:139357:88103,0.1552503140349137,22082
rxn:2:92434:170892,0.1545385901744549,22082
rxn:2:110768:108959,0.1534040937056908,22082
rxn:2:97858:111053,0.1524505943059921,22082
rxn:2:73576:171231,0.1520848380667822,22082
rxn:2:138365:96010,0.1519524355729421,22082
rxn:2:81212:88396,0.1516307365326654,22082
rxn:2:131544:170892,0.15113984213935,22082
rxn:2:89902:90938,0.1487490582466125,22082
rxn:2:122351:154103,0.1487354798750444,22082
rxn:2:67778:171392,0.1486657215998723,22082
rxn:2:88943:108959,0.1481759106671368,22082
rxn:2:68525:82388,0.147299256324768,22082
rxn:2:92382:97563,0.1463670071802641,22082
rxn:2:68737:159692,0.1455752203861872,22082
rxn:2:91903:173095,0.1439857949381289,22082
rxn:2:108231:96010,0.1431003740200629,22082
rxn:2:141979:108959,0.1421138978004455,22082
rxn:2:108432:169412,0.1417984390258789,22082
rxn:2:119528:78538,0.1412897396087646,22082
rxn:1:63670:24341,0.1402453235957933,22082
rxn:2:122351:171179,0.138578176498413,22082
rxn:2:140832:142183,0.1381025473276774,22082
rxn:2:116690:170060,0.1363348508703297,22082
rxn:2:160401:172751,0.1356967021437252,22082
rxn:2:97063:169340,0.1348990106582641,22082
rxn:2:116191:124273,0.1329347672669784,22082
rxn:2:110352:94314,0.1317152301470438,22082
rxn:2:141397:172356,0.1263387770879836,22082
rxn:2:71745:169412,0.118935473759969,22082
rxn:2:114168:129654,0.0985085318485895,22082
rxn:2:80519:96010,0.1680700053339419,22083
rxn:2:76009:68807,0.1669429445266723,22083
rxn:2:89554:96010,0.1645969381699195,22083
rxn:2:89311:83817,0.1609279387875607,22083
rxn:2:131974:108959,0.1606277538382488,22083
rxn:2:162493:110334,0.1604875666754586,22083
rxn:2:117725:97346,0.1576349283086842,22083
rxn:2:84357:122855,0.1567282229661941,22083
rxn:2:158858:170060,0.1564292638532577,22083
rxn:2:92934:108959,0.1560161342987647,22083
rxn:2:145483:142183,0.1548026629856654,22083
rxn:2:127318:108959,0.1541806757450103,22083
rxn:2:81212:173095,0.1514652570088704,22083
rxn:2:113063:77963,0.1511405479340326,22083
rxn:2:74199:109025,0.1507789625061882,22083
rxn:2:167169:129654,0.150532379746437,22083
rxn:2:131711:170235,0.1500403925224586,22083
rxn:2:88304:146828,0.1499282121658325,22083
rxn:2:68618:128413,0.1493913950743498,22083
rxn:2:66894:172332,0.1493580708136925,22083
rxn:2:89311:108959,0.1492043793201446,22083
rxn:2:89554:78538,0.1488365486816123,22083
rxn:2:156072:76379,0.1481021730988114,22083
rxn:2:92565:126659,0.1473830491304397,22083
rxn:2:77387:170892,0.1471684756486312,22083
rxn:2:75557:146828,0.1451858654618263,22083
rxn:2:148180:109025,0.1451579672949654,22083
rxn:2:102522:141988,0.1439013528823852,22083
rxn:2:130209:109025,0.1422717571258545,22083
rxn:2:92382:107408,0.1401084661483764,22083
rxn:2:150747:126659,0.1386960469759427,22083
rxn:2:135731:96010,0.1371694718088422,22083
rxn:2:77560:144172,0.1371039591337505,22083
rxn:2:130401:126659,0.1366003544434257,22083
rxn:2:150747:148477,0.1351827224095662,22083
rxn:2:91717:88103,0.1345067137763613,22083
rxn:2:106940:96010,0.1303319931030273,22083
rxn:2:112208:108959,0.130202313264211,22083
rxn:2:70378:170514,0.1288230308779963,22083
rxn:2:148180:170892,0.1284325758616129,22083
rxn:2:85630:169412,0.1277588848714475,22083
rxn:1:65306:31372,0.1269722635095769,22083
rxn:2:92660:108959,0.1171614980697631,22083
rxn:2:91859:125240,0.1134633719921112,22083
rxn:2:167169:117232,0.1000168536390577,22083
rxn:2:141397:172226,0.1691157574003393,22084
rxn:2:122468:127220,0.1643508309903352,22084
rxn:2:130128:172375,0.1586046104247753,22084
rxn:2:128738:170060,0.1582501221586156,22084
rxn:2:92382:107567,0.1577365398406982,22084
rxn:2:83688:91563,0.1576041394266589,22084
rxn:2:88943:108959,0.1564930522883379,22084
rxn:2:167169:125117,0.1554378611700875,22084
rxn:2:150747:151136,0.1551674505074819,22084
rxn:2:100083:172265,0.1544561428683144,22084
rxn:2:120985:170060,0.1534292221069336,22084
rxn:2:127683:146533,0.1530422490576039,22084
rxn:2:93644:159185,0.1502131909132003,22084
rxn:2:110352:87593,0.1495280563831329,22084
rxn:2:142221:83505,0.1489268058822268,22084
rxn:2:122334:142183,0.1472144566084209,22084
rxn:2:91097:108959,0.146939482377923,22084
rxn:2:77440:170548,0.1468792395158247,22084
rxn:2:112079:170060,0.1467739620379039,22084
rxn:2:71006:172265,0.1461157103379567,22084
rxn:2:135125:120822,0.1454128691783318,22084
rxn:2:123716:173095,0.1431126757101579,22084
rxn:2:111468:122855,0.1428149250837472,22084
rxn:2:131974:78538,0.1427971273660659,22084
rxn:2:85158:142183,0.1421129778027534,22084
rxn:2:131974:68807,0.1419602839843086,22084
rxn:2:110352:117995,0.1417115688323974,22084
rxn:2:69022:120822,0.1391829922795295,22084
rxn:2:88304:161575,0.1390809327363968,22084
rxn:2:110768:173089,0.1389386514822642,22084
rxn:2:92934:85686,0.1388095235824585,22084
rxn:2:142229:108959,0.1365002134571904,22084
rxn:2:115442:70812,0.1362421363592147,22084
rxn:2:93504:155734,0.1347643709182739,22084
rxn:2:141397:169856,0.1347132991341983,22084
rxn:2:139105:129654,0.1325621257225672,22084
rxn:2:80519:116515,0.1316867237505705,22084
rxn:2:110352:119317,0.1309217779259932,22084
rxn:2:164315:169340,0.1303265167005134,22084
rxn:2:124198:129880,0.1290430799126625,22084
rxn:2:91798:172751,0.1271149294716971,22084
rxn:2:106758:87373,0.1267804106076558,22084
rxn:2:141397:155258,0.1695431619882583,22085
rxn:2:114213:159185,0.163094679514567,22085
rxn:2:105080:170892,0.162682382956795,22085
rxn:2:82131:170892,0.1616232139723641,22085
rxn:2:113672:108959,0.1593737825751304,22085
rxn:2:150747:123403,0.1569381264539865,22085
rxn:2:140720:108959,0.1563901816095624,22085
rxn:2:97024:160916,0.1558595061302185,22085
rxn:2:113672:169412,0.1554204225540161,22085
rxn:2:146036:141988,0.1544107922485896,22085
rxn:2:167169:129753,0.1530739281858716,22085
rxn:2:117045:161514,0.1516758898893992,22085
rxn:2:73951:87722,0.1515803873538971,22085
rxn:2:105485:107408,0.1507393779425785,22085
rxn:2:132373:126659,0.1505900053750901,22085
rxn:2:70925:68807,0.1494584629933039,22085
rxn:2:73728:173089,0.1490225905463809,22085
rxn:2:134916:152911,0.1468556499481201,22085
rxn:2:167592:67655,0.1458101038421903,22085
rxn:2:162493:144172,0.1446089872292109,22085
rxn:2:110352:119703,0.1445646021101209,22085
rxn:2:125874:141988,0.1445175894984492,22085
rxn:1:41918:39124,0.1431533321738243,22085
rxn:2:76322:116515,0.142243218421936,22085
rxn:2:101493:142183,0.142221599817276,22085
rxn:2:97900:91563,0.1422118570493615,22085
rxn:2:160401:169594,0.1381775333035377,22085
rxn:2:87202:104330,0.1348369717597961,22085
rxn:2:137922:92488,0.1345766973495483,22085
rxn:2:66657:73940,0.1342479586601257,22085
rxn:2:128024:169305,0.1328557958969703,22085
rxn:2:94862:66791,0.1293615613664899,22085
rxn:2:108320:107408,0.1259428858757019,22085
rxn:2:144681:170913,0.1226255604715058,22085
rxn:2:77560:151179,0.1205088078975677,22085
rxn:2:100097:170892,0.1177977411835281,22085
rxn:1:60111:11984,0.1826241890589396,22086
rxn:2:69232:81963,0.1599980457262559,22086
rxn:2:90771:169412,0.1584325512250264,22086
rxn:2:83170:169412,0.1582680482130784,22086
rxn:2:112098:170892,0.1564747889836629,22086
rxn:2:73728:71708,0.1543635461065504,22086
rxn:2:92660:96010,0.1541391944885254,22086
rxn:2:95795:123403,0.1538215460984603,22086
rxn:2:83604:71708,0.1529934625876577,22086
rxn:2:69935:70192,0.1514783783962852,22086
rxn:2:104011:92488,0.1498599422389063,22086
rxn:2:141847:170858,0.1498573365665617,22086
rxn:2:138107:120822,0.1497530986865361,22086
rxn:2:108320:78538,0.1491340169539818,22086
rxn:2:131003:91563,0.1485445965891299,22086
rxn:2:92618:170892,0.1482644776503245,22086
rxn:2:89554:66791,0.1473796367645263,22086
rxn:2:127150:96010,0.1460019326210022,22086
rxn:2:89902:112151,0.1459884916742642,22086
rxn:2:70378:141988,0.1457734159801317,22086
rxn:2:75557:134261,0.145648459593455,22086
rxn:2:123785:107408,0.1455264114416562,22086
rxn:2:138470:142183,0.1442141830921173,22086
rxn:2:141397:167458,0.1439707800745964,22086
rxn:2:167169:171392,0.1422063153365562,22086
rxn:2:101439:120181,0.1416303062438965,22086
rxn:2:160401:170060,0.1412921144116309,22086
rxn:2:125739:170060,0.1400510161011307,22086
rxn:2:116191:96010,0.1400456180175145,22086
rxn:2:166241:159692,0.1390732725461324,22086
rxn:2:66959:170060,0.1388152528692174,22086
rxn:2:142139:170060,0.137330083935349,22086
rxn:2:88848:169851,0.1372496640240704,22086
rxn:2:94771:92656,0.1364594981783912,22086
rxn:2:167592:172450,0.1352993957698345,22086
rxn:2:138076:169305,0.133385759133559,22086
rxn:2:138255:69508,0.1323055349863492,22086
rxn:2:141204:76379,0.1321195584756356,22086
rxn:2:70378:96010,0.128014352010644,22086
rxn:2:94771:169856,0.1222656653040931,22086
rxn:2:160800:170913,0.1169833277954774,22086
rxn:2:81024:69788,0.0817621117052824,22086
rxn:1:41711:28754,0.1826579347252845,22087
rxn:2:144636:172076,0.160161510590584,22087
rxn:2:99084:171231,0.1585748548860903,22087
rxn:2:83170:114519,0.1574677725632985,22087
rxn:2:142622:159692,0.156931289311113,22087
rxn:2:109311:146533,0.1564160429913064,22087
rxn:2:91968:125333,0.1539658878160559,22087
rxn:2:76500:74293,0.1532613039016723,22087
rxn:2:79495:170060,0.1529658415487834,22087
rxn:2:71745:172618,0.1519141402737847,22087
rxn:2:90771:170060,0.1515624821186065,22087
rxn:2:113731:108959,0.1510774653691511,22087
rxn:2:141032:67686,0.1505776267302663,22087
rxn:2:131003:94314,0.1502851928983415,22087
rxn:2:78484:102373,0.1498940803787925,22087
rxn:2:113732:151136,0.1498907311209316,22087
rxn:2:76625:148477,0.1490726677271036,22087
rxn:2:86811:94314,0.1470669920627887,22087
rxn:2:141819:170813,0.1463062043847708,22087
rxn:2:167169:141122,0.1460477156298501,22087
rxn:2:137816:91563,0.1456199792715219,22087
rxn:2:92382:81254,0.144698957602183,22087
rxn:2:66959:82123,0.1437327051162719,22087
rxn:2:67778:148477,0.1428448646156876,22087
rxn:2:138508:104330,0.142060508330663,22087
rxn:2:145188:170892,0.1420597991635722,22087
rxn:2:106616:70192,0.1419469326734543,22087
rxn:2:74393:68807,0.141733893752098,22087
rxn:2:97900:97563,0.1406260837208141,22087
rxn:2:167169:162236,0.1339319059925694,22087
rxn:2:75557:173095,0.1338145285844802,22087
rxn:1:43730:8774,0.1335763707756996,22087
rxn:2:116138:68807,0.1333000908295313,22087
rxn:2:141695:72893,0.1308151587196018,22087
rxn:2:92382:100719,0.1302308597062763,22087
rxn:2:93278:94314,0.1286932428677877,22087
rxn:2:112098:170060,0.1275066520486559,22087
rxn:2:110768:170411,0.1272222668893875,22087
rxn:2:71072:142136,0.1264505088329315,22087
rxn:2:110222:171152,0.1261652848299811,22087
rxn:2:134247:108959,0.1256237506866455,22087
rxn:2:142314:120181,0.1085710844823292,22087
rxn:2:77984:90451,0.0816908249488243,22087
rxn:2:132071:108959,0.1611030797163645,22088
rxn:2:97946:102373,0.1604967045783996,22088
rxn:2:141397:173095,0.1596030277364394,22088
rxn:2:105485:122855,0.1592484137107586,22088
rxn:2:126579:149524,0.1577008605003357,22088
rxn:2:140720:96010,0.1576301370348249,22088
rxn:2:169492:142183,0.1570605093782598,22088
rxn:2:88304:70192,0.1564904890562358,22088
rxn:2:145188:170892,0.1558100946487919,22088
rxn:2:95601:96010,0.1556120131696973,22088
rxn:2:74972:168058,0.1550008678436279,22088
rxn:2:73576:170411,0.1541520612580435,22088
rxn:2:91097:171231,0.1534222279276166,22088
rxn:2:110768:96010,0.1524958243736854,22088
rxn:2:83460:170858,0.1519533867637316,22088
rxn:2:91779:169412,0.1514954348405202,22088
rxn:2:96388:143698,0.1505640347798665,22088
rxn:2:137534:172893,0.1478580305209526,22088
rxn:2:141397:155734,0.1467843221293555,22088
rxn:2:97024:72767,0.145124095181624,22088
rxn:2:114435:170060,0.1445729753800801,22088
rxn:2:117045:170892,0.1411742021640142,22088
rxn:2:104748:120822,0.1399382298642938,22088
rxn:2:110768:111147,0.1386110966022198,22088
rxn:2:153741:142183,0.1381792187690735,22088
rxn:2:106642:96010,0.1372255968010944,22088
rxn:2:138043:67686,0.137212670367697,22088
rxn:2:134247:108959,0.1369677925109863,22088
rxn:2:128535:169305,0.1367233867446581,22088
rxn:2:68618:94314,0.136266392690164,22088
rxn:2:96838:172375,0.1354103949334886,22088
rxn:2:120823:169412,0.1295191177300044,22088
rxn:2:91952:142183,0.128181238969167,22088
rxn:2:122744:170060,0.1264170798762091,22088
rxn:2:97024:173089,0.1260059144761827,22088
rxn:2:141397:172375,0.124017905105244,22088
rxn:2:85225:169412,0.1235929131507873,22088
rxn:2:109788:170060,0.1187544831862816,22088
rxn:2:70925:129880,0.1186701679229736,22088
rxn:2:167169:92488,0.1173668549611018,22088
rxn:2:162493:143698,0.107080759673283,22088
rxn:2:83427:158906,0.0632298429097448,22088
rxn:1:41711:3819,0.1943796277046203,22089
rxn:2:169492:142183,0.1629266034473072,22089
rxn:2:116138:170060,0.1578049659729004,22089
rxn:2:105485:92488,0.1577042998938725,22089
rxn:2:74168:126659,0.1570755583899361,22089
rxn:2:106758:112151,0.1567219018936157,22089
rxn:2:110352:150642,0.1556497498562461,22089
rxn:2:75948:170892,0.1544501625973245,22089
rxn:2:163678:142183,0.1534352472850254,22089
rxn:2:140720:120181,0.1513987673180443,22089
rxn:2:113426:91563,0.1513243831437209,22089
rxn:2:122705:96010,0.1512433460780552,22089
rxn:2:125962:112151,0.1485585856437683,22089
rxn:2:116191:115810,0.147344326431101,22089
rxn:2:119869:142183,0.1472703292965889,22089
rxn:2:82584:108959,0.1471634048681993,22089
rxn:2:107986:170892,0.1466993348939078,22089
rxn:2:117990:170060,0.1464818222769375,22089
rxn:2:146036:172618,0.1459269801775614,22089
rxn:2:87990:74293,0.1458063012077695,22089
rxn:2:160401:159800,0.1457933110575522,22089
rxn:2:145750:167914,0.1447783324026292,22089
rxn:2:131652:142183,0.1443849237341629,22089
rxn:2:141397:125240,0.1424585240227835,22089
rxn:2:136412:142183,0.1423432677984237,22089
rxn:2:97063:96010,0.142159949649464,22089
rxn:2:90799:96010,0.1419083586445561,22089
rxn:2:78484:107408,0.1408034563064575,22089
rxn:2:129122:170060,0.1378323004163544,22089
rxn:2:123413:108959,0.1376428774424961,22089
rxn:2:150747:141889,0.1369990816822758,22089
rxn:2:138255:138122,0.1366962705339704,22089
rxn:2:130209:78538,0.1353685092926025,22089
rxn:2:110247:112875,0.1353599548339843,22089
rxn:2:100318:133871,0.1350592772165934,22089
rxn:2:111913:108959,0.1332796995456402,22089
rxn:2:128000:171231,0.1312248659133911,22089
rxn:2:66358:173089,0.1310970849461025,22089
rxn:2:71447:67686,0.127218559384346,22089
rxn:2:93066:170060,0.1225325511052058,22089
rxn:2:91293:169810,0.1204025169898723,22089
rxn:2:144636:85686,0.1203739974233839,22089
rxn:1:41711:5553,0.2067842558026313,22090
rxn:2:122923:172076,0.165734068552653,22090
rxn:2:160401:171392,0.1608527223269144,22090
rxn:2:112154:117186,0.1592965507507324,22090
rxn:2:69444:107408,0.1582559985773904,22090
rxn:2:91097:78538,0.1581088875730832,22090
rxn:2:113426:78538,0.1577612428829587,22090
rxn:2:91798:122855,0.1566762285573142,22090
rxn:2:100306:170060,0.1553904928010085,22090
rxn:2:69444:82536,0.1553729726718022,22090
rxn:2:74139:171231,0.1548674768871731,22090
rxn:2:126814:67686,0.1533379366523341,22090
rxn:2:114522:170060,0.1529650842701947,22090
rxn:2:88943:107408,0.1529357387469365,22090
rxn:2:131705:88952,0.152848876439608,22090
rxn:2:134698:117056,0.1522457947333653,22090
rxn:2:131711:169810,0.1519183742588964,22090
rxn:2:98749:171231,0.1515788223062242,22090
rxn:2:85140:122855,0.1513159084320068,22090
rxn:2:88943:96010,0.1513110023957711,22090
rxn:2:160401:170828,0.1506368306375319,22090
rxn:2:68525:114519,0.1505964398384094,22090
rxn:2:150747:117734,0.1505823220525469,22090
rxn:2:162493:116515,0.1502545731408255,22090
rxn:2:150732:170060,0.1494556511602094,22090
rxn:2:73728:93647,0.1494133240646786,22090
rxn:2:171940:142183,0.1490558922290802,22090
rxn:2:110352:172062,0.1489982767538591,22090
rxn:2:70440:110041,0.1487867186466852,22090
rxn:2:86397:169412,0.1480344533920288,22090
rxn:2:148180:112875,0.1473278403282165,22090
rxn:2:87971:108959,0.1442793679237365,22090
rxn:2:122468:68807,0.1430609770443128,22090
rxn:2:74199:166167,0.141756181206022,22090
rxn:2:69457:150277,0.1356034026696131,22090
rxn:2:135125:120181,0.1308449530601501,22090
rxn:2:70440:169412,0.1298823292766298,22090
rxn:2:142622:97264,0.1289875948870623,22090
rxn:2:145188:122855,0.1245278524500983,22090
rxn:2:75840:70812,0.1244127949078877,22090
rxn:2:102522:122855,0.1219707950949668,22090
rxn:2:117725:71586,0.1158710232487431,22090
rxn:2:99084:155734,0.1136906218528747,22090
rxn:2:141397:143246,0.178698268201616,22091
rxn:2:101097:142183,0.1719538058553423,22091
rxn:2:134698:130974,0.1605180043440598,22091
rxn:2:75840:149524,0.1599753051996231,22091
rxn:2:92749:155104,0.1562451698161937,22091
rxn:2:154815:142183,0.1547779753094627,22091
rxn:2:87971:101283,0.1543652670724051,22091
rxn:2:141397:73318,0.1543593266431023,22091
rxn:2:77202:171231,0.1535430947939554,22091
rxn:2:70569:170892,0.1527865091959635,22091
rxn:2:94771:169111,0.1523984887383201,22091
rxn:2:146036:170060,0.1518171506543313,22091
rxn:2:82050:172751,0.1515336389894838,22091
rxn:2:87134:102373,0.1512994196103966,22091
rxn:2:68525:116515,0.1494858789443969,22091
rxn:2:117485:169400,0.1491611268785264,22091
rxn:2:83579:171231,0.148978763156467,22091
rxn:2:72890:78538,0.1463038002451261,22091
rxn:2:84839:78538,0.1457680051143352,22091
rxn:2:114934:156984,0.1453544914722442,22091
rxn:2:79392:173248,0.1452854184003976,22091
rxn:2:105648:142183,0.1451448500156402,22091
rxn:2:128153:68807,0.1451108092847077,22091
rxn:2:104011:96010,0.1430980702241261,22091
rxn:2:142622:166167,0.1428245306015014,22091
rxn:2:141397:168058,0.141626027226448,22091
rxn:2:89554:111147,0.1413813049976642,22091
rxn:2:141397:169197,0.140086422363917,22091
rxn:2:89454:170060,0.1396528968104609,22091
rxn:2:131544:96010,0.135831081867218,22091
rxn:2:142033:111125,0.1357161057622809,22091
rxn:2:131506:126659,0.1351340472698211,22091
rxn:2:139659:108959,0.135005826751391,22091
rxn:2:124198:89838,0.1326540979472073,22091
rxn:2:91097:169412,0.1272003742364736,22091
rxn:2:105445:171492,0.1232785961844704,22091
rxn:2:141397:172480,0.1230471001731024,22091
rxn:2:86071:171001,0.118890972698436,22091
rxn:2:123413:102373,0.1125172281265258,22091
rxn:2:76009:66791,0.1117003393173217,22091
rxn:2:101439:171392,0.1608449905006974,22092
rxn:2:108076:88103,0.1598274171352386,22092
rxn:2:72200:169856,0.1581839099526405,22092
rxn:2:132396:108959,0.1578499364852905,22092
rxn:2:107531:75228,0.1562942925252412,22092
rxn:2:126006:170060,0.155626322541918,22092
rxn:2:141397:82393,0.1550068219502766,22092
rxn:2:68618:141988,0.1543088683060237,22092
rxn:2:141847:115754,0.154156345129013,22092
rxn:2:132946:169412,0.1536132742961247,22092
rxn:2:144636:141988,0.1535834159169878,22092
rxn:2:138255:108959,0.1517901587486267,22092
rxn:2:141397:168058,0.1515524208545685,22092
rxn:2:82050:172751,0.1505793421356766,22092
rxn:2:160401:148477,0.1503126621246338,22092
rxn:2:136508:173016,0.1500473661082131,22092
rxn:2:122923:171392,0.1476093181248368,22092
rxn:2:102959:104330,0.1472110229989756,22092
rxn:2:140908:171231,0.1471489712044044,22092
rxn:2:141397:147330,0.1462390290366279,22092
rxn:2:167169:163402,0.1462308892181941,22092
rxn:2:78571:147222,0.1461464023590087,22092
rxn:2:101097:142183,0.1457590205328805,22092
rxn:2:125968:170060,0.145735881946705,22092
rxn:2:68618:122855,0.1446803940667046,22092
rxn:2:126579:141122,0.1436650305986404,22092
rxn:2:99101:77187,0.1415295512587935,22092
rxn:2:169557:142183,0.1414833068847656,22092
rxn:2:122351:88359,0.1391236611774989,22092
rxn:2:114934:151136,0.1387052098910013,22092
rxn:2:76044:81963,0.137010549957102,22092
rxn:2:135058:110334,0.1362914017268589,22092
rxn:2:108787:142183,0.1357396174879635,22092
rxn:2:91097:169412,0.1354457048269418,22092
rxn:2:76322:142192,0.1336091160774231,22092
rxn:2:83688:108959,0.1288126089743205,22092
rxn:2:162493:83197,0.1270411279466417,22092
rxn:2:73659:142183,0.1262301276711856,22092
rxn:2:92934:169935,0.1261261661847432,22092
rxn:2:127204:168989,0.1241238074643271,22092
rxn:2:91779:92488,0.0971626891539647,22092
rxn:2:113171:126659,0.1656295316559927,22093
rxn:2:139383:169851,0.1614759189111215,22093
rxn:2:99055:108959,0.1611762466254057,22093
rxn:2:101355:126659,0.1610790014266968,22093
rxn:2:84839:114519,0.1609273552894592,22093
rxn:2:132998:127220,0.1600351120744432,22093
rxn:2:170748:142183,0.1553829227175031,22093
rxn:2:116191:109382,0.1551345099102367,22093
rxn:2:92926:170235,0.1539974808692932,22093
rxn:2:76941:170892,0.1538194537162781,22093
rxn:2:117485:68807,0.1537729352712631,22093
rxn:2:112208:173016,0.1529353240440631,22093
rxn:2:148598:142183,0.1521398690011766,22093
rxn:2:81673:144664,0.150393533706665,22093
rxn:2:76322:96010,0.1496226978302001,22093
rxn:2:124333:108959,0.1494421529769897,22093
rxn:2:167592:171492,0.14894687937152,22093
rxn:2:122468:108959,0.1483103088710619,22093
rxn:2:110352:80718,0.1482495400640699,22093
rxn:2:84357:108959,0.1480235576629638,22093
rxn:2:99084:169856,0.1476261814435323,22093
rxn:2:70440:173016,0.1472454309463501,22093
rxn:2:138933:129880,0.1470285778244336,22093
rxn:2:107651:70192,0.1467225049671373,22093
rxn:2:136872:142183,0.1466915488243103,22093
rxn:2:134607:173016,0.144813714356258,22093
rxn:2:114168:108959,0.1447756238605665,22093
rxn:2:113426:96010,0.1441727514777864,22093
rxn:2:74393:171246,0.1441249140986689,22093
rxn:2:167169:142192,0.1404536123628969,22093
rxn:2:112350:143698,0.1397358703613281,22093
rxn:2:143107:170913,0.1396922433015072,22093
rxn:2:141397:151992,0.1386268891786274,22093
rxn:2:141397:172405,0.1362681492515232,22093
rxn:2:77560:120822,0.1342926979064941,22093
rxn:2:97543:172751,0.1289899614122178,22093
rxn:2:87202:85686,0.1265742659568786,22093
rxn:2:85637:96010,0.1166522559665498,22093
rxn:2:137136:151179,0.1153805167586715,22093
rxn:2:156072:110041,0.1069385134256803,22093
rxn:2:146036:159692,0.0913896355135687,22093
rxn:2:132998:96010,0.0836299679109028,22093
rxn:1:43730:8770,0.1885441780090332,22094
rxn:2:141397:169286,0.1741812765598297,22094
rxn:2:137816:67655,0.1598412898870614,22094
rxn:2:120971:169412,0.1556918025016784,22094
rxn:2:76322:108959,0.1542650842666626,22094
rxn:2:111985:171231,0.1538162408051667,22094
rxn:2:69444:97346,0.1537721532362478,22094
rxn:2:141397:152899,0.153623690730647,22094
rxn:2:106940:172618,0.1534609924192014,22094
rxn:2:93644:87722,0.1522782809204525,22094
rxn:2:94771:68636,0.1511452595392863,22094
rxn:2:122923:120181,0.1508398541697749,22094
rxn:2:141815:96010,0.1503457029660543,22094
rxn:2:158858:169412,0.1495647738056798,22094
rxn:2:148180:139886,0.1492542198726109,22094
rxn:2:100083:123403,0.1492312965185745,22094
rxn:2:107481:107408,0.1491037836441626,22094
rxn:2:86071:96010,0.1489461527930365,22094
rxn:2:141744:67686,0.1483155865418283,22094
rxn:2:75335:170892,0.1481838779790061,22094
rxn:2:94771:169594,0.1480868485840884,22094
rxn:2:125962:114642,0.1463179221520057,22094
rxn:2:72200:171426,0.1446672324781064,22094
rxn:2:141397:157806,0.1446575654877556,22094
rxn:2:113426:120822,0.1446255527693649,22094
rxn:2:85110:172618,0.1433283752865261,22094
rxn:2:86397:168058,0.1426503232547215,22094
rxn:1:65013:28813,0.1409888019164403,22094
rxn:2:79392:112875,0.1394193569819132,22094
rxn:2:110768:170892,0.1388901110206331,22094
rxn:2:96968:120822,0.1378532581859164,22094
rxn:2:149922:122855,0.1367873294012887,22094
rxn:2:76322:76379,0.1362725734710693,22094
rxn:2:73749:160916,0.133146550655365,22094
rxn:2:167169:99429,0.132047597851072,22094
rxn:2:89509:150766,0.1311079426245256,22094
rxn:2:144681:120181,0.1308313565594809,22094
rxn:2:84357:108959,0.130805504322052,22094
rxn:2:82502:67686,0.127054214477539,22094
rxn:2:72562:108959,0.126838070374948,22094
rxn:2:114934:96010,0.1251056679972896,22094
rxn:2:142622:172751,0.1161991533111123,22094
rxn:2:72200:85686,0.1702878645488194,22095
rxn:2:141847:169197,0.1609958681193265,22095
rxn:2:150747:131067,0.160317736012595,22095
rxn:2:78484:170892,0.1588687764273749,22095
rxn:2:133789:170060,0.1574668486913045,22095
rxn:2:139218:141988,0.1570551374128886,22095
rxn:2:67562:170060,0.1567190392264004,22095
rxn:2:139310:169412,0.1566385295655992,22095
rxn:2:104011:124273,0.1565029251164403,22095
rxn:2:137587:143246,0.1564240356286367,22095
rxn:2:128114:168058,0.1562942286332448,22095
rxn:2:99080:170892,0.1556381331040309,22095
rxn:2:91798:96010,0.1526738775187525,22095
rxn:2:110765:170892,0.1526683419942855,22095
rxn:2:125962:118444,0.1525302300086388,22095
rxn:2:72650:171392,0.1504476865132649,22095
rxn:2:92382:143624,0.1495382501965477,22095
rxn:1:41923:31372,0.149108817577362,22095
rxn:2:107481:107408,0.1483902495640974,22095
rxn:2:141397:125758,0.1479647397994995,22095
rxn:2:114934:172076,0.1475152333577473,22095
rxn:2:91779:108959,0.147446091528292,22095
rxn:2:100097:108959,0.1459838151931762,22095
rxn:2:118177:108959,0.1448758178287082,22095
rxn:2:169973:142183,0.1445710279724814,22095
rxn:2:123459:170060,0.1442968639834173,22095
rxn:2:112217:142183,0.1438044493014995,22095
rxn:2:114204:169412,0.1434768209090599,22095
rxn:2:68618:96514,0.1417658286435263,22095
rxn:2:93577:168058,0.1400986293266559,22095
rxn:2:131506:169305,0.1393433167384221,22095
rxn:2:69232:104330,0.1339666376943173,22095
rxn:2:146931:170828,0.1107165448127254,22095
rxn:2:123413:107408,0.1100702506524545,22095
rxn:2:162493:107408,0.1634607977337307,22096
rxn:2:122923:66791,0.1616978512869941,22096
rxn:2:91779:141988,0.1581093867619832,22096
rxn:2:150747:111147,0.1570653076525087,22096
rxn:2:84839:122855,0.156546617547671,22096
rxn:2:78981:142183,0.1563291486940886,22096
rxn:2:68618:91511,0.1557890900543757,22096
rxn:2:120971:170060,0.1554032472463754,22096
rxn:2:104011:92488,0.1553414895616728,22096
rxn:2:125447:171231,0.1541075500948675,22096
rxn:2:137816:161103,0.1538601981268988,22096
rxn:2:67101:142183,0.153072640299797,22096
rxn:2:67187:169856,0.1516291336579756,22096
rxn:2:124198:95550,0.1513016975444296,22096
rxn:2:117725:102373,0.1508127727678843,22096
rxn:2:141397:172959,0.1498900122112698,22096
rxn:2:110352:146037,0.1487414496285574,22096
rxn:2:117743:171392,0.1484734324308542,22096
rxn:2:68618:123403,0.1484688189294603,22096
rxn:2:122705:107408,0.1467291955594663,22096
rxn:2:121885:170892,0.1467226312078278,22096
rxn:2:171047:142183,0.1460365111177617,22096
rxn:2:69444:88952,0.1454769461243241,22096
rxn:2:116296:170892,0.1450662994384765,22096
rxn:2:114934:171392,0.144862701152933,22096
rxn:2:93577:168058,0.1445318953744296,22096
rxn:2:99842:107408,0.1442717472712198,22096
rxn:2:93644:169197,0.1404705372723666,22096
rxn:2:87971:118376,0.1398464441299438,22096
rxn:2:122705:108959,0.1388884740216391,22096
rxn:2:167169:116515,0.1386720582290932,22096
rxn:2:100083:126659,0.1381471338479415,22096
rxn:2:125962:71566,0.1374444532394409,22096
rxn:2:160401:170116,0.1342828835759844,22096
rxn:2:76440:170060,0.13203798021589,22096
rxn:2:138592:109382,0.1267146325111389,22096
rxn:2:139218:170411,0.1117881066871411,22096
rxn:2:88326:170218,0.0932187763127413,22096
rxn:2:145750:112875,0.0926927030086517,22096
rxn:2:146036:107408,0.0820082668904905,22096
rxn:2:141397:94314,0.1855341281209673,22097
rxn:2:76425:169412,0.1687410974502563,22097
rxn:2:122644:142183,0.1632135063409805,22097
rxn:2:77793:170060,0.1612004019595958,22097
rxn:2:97063:85686,0.1606685320536295,22097
rxn:2:132131:173016,0.1595503842389142,22097
rxn:2:87579:170060,0.1590603236798886,22097
rxn:2:165720:170892,0.1585295259952545,22097
rxn:2:112154:130267,0.1580467987060546,22097
rxn:2:167592:94661,0.1575190012271587,22097
rxn:2:167592:128669,0.1555156972673204,22097
rxn:2:105108:170892,0.1553683718045552,22097
rxn:2:128448:67686,0.1551896661520004,22097
rxn:2:95795:68807,0.1543966184059778,22097
rxn:2:141397:85327,0.1528075262904167,22097
rxn:2:144636:129880,0.1513703609335011,22097
rxn:2:126498:123403,0.1512791785326871,22097
rxn:2:91798:120822,0.1499884605407714,22097
rxn:2:141397:119985,0.1494756817817688,22097
rxn:2:139209:143624,0.14937316829508,22097
rxn:2:75557:171336,0.1481791602240668,22097
rxn:2:122955:173089,0.147824830479092,22097
rxn:2:131711:169305,0.1449817021687825,22097
rxn:2:162493:82388,0.1449677944183349,22097
rxn:2:69444:122855,0.1447345997606005,22097
rxn:2:127356:146828,0.1432308202440088,22097
rxn:2:150747:172751,0.1430571404370394,22097
rxn:2:69444:102373,0.1430085897445678,22097
rxn:2:72991:108959,0.1427876640249181,22097
rxn:2:160401:122855,0.1427571111255222,22097
rxn:2:121028:173089,0.1427039437823825,22097
rxn:2:111746:123403,0.1390863786572995,22097
rxn:2:132998:68807,0.1387849301099777,22097
rxn:2:113426:109025,0.1373193136283329,22097
rxn:2:141397:152226,0.1370131216551128,22097
rxn:2:107531:169856,0.1366521255536512,22097
rxn:2:88943:109025,0.1344198209268075,22097
rxn:2:77202:165512,0.1339620624979337,22097
rxn:2:164588:142183,0.1297527551651001,22097
rxn:2:135125:107956,0.1289932242146244,22097
rxn:2:97024:141988,0.126822715220244,22097
rxn:2:97063:92488,0.1261625289916992,22097
rxn:2:137816:131067,0.1260449381975027,22097
rxn:2:111913:76379,0.124911218881607,22097
rxn:2:97517:82536,0.1068424648708767,22097
rxn:2:112154:130267,0.1646000480651855,22098
rxn:2:106940:78538,0.1626502112908796,22098
rxn:2:125825:70192,0.1606596952134912,22098
rxn:2:140720:139886,0.1592965104750224,22098
rxn:2:132131:173016,0.1589814733575891,22098
rxn:2:144636:129880,0.1577369735158723,22098
rxn:2:87637:141988,0.1571256165151242,22098
rxn:2:114213:154103,0.156820649686067,22098
rxn:2:105108:170892,0.1552548289299011,22098
rxn:2:111746:123403,0.1529381534327631,22098
rxn:2:127486:143246,0.1519895941019058,22098
rxn:2:96968:96010,0.1519311070442199,22098
rxn:2:70440:170892,0.1504185884087174,22098
rxn:2:137922:78538,0.1503870398909957,22098
rxn:2:171200:142183,0.1502779901027679,22098
rxn:2:128448:67686,0.1499116122722625,22098
rxn:2:95795:68807,0.1498268445332845,22098
rxn:2:68410:114519,0.149024600568025,22098
rxn:2:118218:66791,0.148547887802124,22098
rxn:2:80519:66791,0.1479400422262108,22098
rxn:2:81194:156984,0.1468516165210354,22098
rxn:2:167169:131067,0.146765044757298,22098
rxn:2:167169:114765,0.1466269152505057,22098
rxn:2:91798:120822,0.1459403773148854,22098
rxn:2:122955:173089,0.1443856954574585,22098
rxn:2:73951:172751,0.1434274183379279,22098
rxn:2:167592:112875,0.1428831887245178,22098
rxn:2:79774:102373,0.1423550181918674,22098
rxn:2:69444:91582,0.1416931682162814,22098
rxn:2:137816:107956,0.1414693329069349,22098
rxn:2:67187:76289,0.1374742226167158,22098
rxn:2:156072:131067,0.1360382884740829,22098
rxn:2:69444:122855,0.134916182075228,22098
rxn:2:135125:76379,0.1332401251792907,22098
rxn:2:77202:165512,0.1329151019454002,22098
rxn:2:132131:170668,0.1323925300880714,22098
rxn:2:124198:142192,0.1306912562121515,22098
rxn:2:97024:141988,0.130663249803626,22098
rxn:2:144681:141988,0.1269732820136206,22098
rxn:2:125447:173089,0.1261886145387377,22098
rxn:2:123413:124273,0.126133053391068,22098
rxn:2:139310:170235,0.1242845592827632,22098
rxn:2:141847:169111,0.1232005032626065,22098
rxn:2:79392:107408,0.1143970435315912,22098
rxn:2:132998:122855,0.1129046634391502,22098
rxn:2:167169:94543,0.1021638799596715,22098
rxn:2:128153:172618,0.1633416056632995,22099
rxn:2:145188:107408,0.1592458465269633,22099
rxn:2:98374:170913,0.1574937988971841,22099
rxn:2:128825:170411,0.1569276628670869,22099
rxn:2:93644:97563,0.1568325757980346,22099
rxn:2:127486:170858,0.1565343711687171,22099
rxn:2:107531:146828,0.1561299941756508,22099
rxn:2:163596:70831,0.1463081857987812,22099
rxn:2:76425:170060,0.1456375050544738,22099
rxn:2:114843:169412,0.1441344375963564,22099
rxn:2:120564:173016,0.1436075943487662,22099
rxn:2:139659:169412,0.14341433401461,22099
rxn:2:128825:81963,0.1405714316801591,22099
rxn:2:113171:172317,0.1393145344875477,22099
rxn:2:145188:112875,0.1385411774670636,22099
rxn:2:89460:67686,0.1383178415505782,22099
rxn:2:166241:107408,0.1370423563889094,22099
rxn:2:127486:94314,0.1360539436340332,22099
rxn:2:132002:116515,0.1289786720275879,22099
rxn:2:137922:120822,0.1281660706908614,22099
rxn:2:120564:170060,0.1252404165267944,22099
rxn:2:149922:107408,0.1249879300594329,22099
rxn:2:167169:107408,0.1186934021803049,22099
rxn:2:167768:107408,0.1168286296037527,22099
rxn:2:132998:134530,0.1044424485277246,22099
rxn:2:141397:128669,0.1906487147013346,22100
rxn:2:141397:94314,0.1861238479614257,22100
rxn:2:132002:107408,0.1665576895078023,22100
rxn:2:167169:105749,0.1633373609295597,22100
rxn:2:93504:173016,0.1631306498138993,22100
rxn:2:141397:83009,0.1616440002734844,22100
rxn:2:97610:170060,0.1606200204955207,22100
rxn:2:74199:141988,0.160219375733976,22100
rxn:2:139383:169666,0.1599297126134236,22100
rxn:2:69444:171392,0.1583944482188071,22100
rxn:2:98374:169851,0.158005279523355,22100
rxn:2:162493:105101,0.1557895732777459,22100
rxn:2:134689:78538,0.1555554437637329,22100
rxn:2:93644:141195,0.1550840366454351,22100
rxn:2:71745:170892,0.1530668386097612,22100
rxn:2:125962:85115,0.1529698005089393,22100
rxn:2:85630:168058,0.1521969704792417,22100
rxn:2:73713:107408,0.1520669093498816,22100
rxn:2:92379:142183,0.1513457430733574,22100
rxn:2:122468:152898,0.1495214402675628,22100
rxn:2:101404:169412,0.1471172571182251,22100
rxn:2:137136:170060,0.1467645826010868,22100
rxn:2:130128:94292,0.1462706863880157,22100
rxn:2:110768:66791,0.1458803438223325,22100
rxn:2:150732:107408,0.1445207971113699,22100
rxn:2:137922:67655,0.1444748375150892,22100
rxn:2:126885:170060,0.1438770771026611,22100
rxn:2:74393:173095,0.1426266485994512,22100
rxn:2:107104:142183,0.1412999749183655,22100
rxn:2:85110:108959,0.1408838844299316,22100
rxn:2:76625:123403,0.1406521959738298,22100
rxn:2:141397:173141,0.1396909469649905,22100
rxn:2:73749:166167,0.1395465234915415,22100
rxn:2:141397:169560,0.1393735408782959,22100
rxn:2:132998:109025,0.1378837781293051,22100
rxn:2:109745:173089,0.1355514173154477,22100
rxn:2:124198:107746,0.1349661458622325,22100
rxn:2:132396:129880,0.1348420908817878,22100
rxn:2:110222:141988,0.1344189665935657,22100
rxn:2:156072:126659,0.1336838694719168,22100
rxn:2:79379:170235,0.1326095235758814,22100
rxn:2:129306:169666,0.1323754489421844,22100
rxn:2:141397:170175,0.1277614951133728,22100
rxn:2:141397:94314,0.1637037140982491,22101
rxn:2:132131:169412,0.1600058102607727,22101
rxn:2:134698:70831,0.1594161162009606,22101
rxn:2:133307:108959,0.1561864103589739,22101
rxn:2:145470:170892,0.1550878440180132,22101
rxn:2:87876:70812,0.1549310819669203,22101
rxn:2:131932:70192,0.1544284278696233,22101
rxn:2:94771:173095,0.1540040771166483,22101
rxn:2:166241:69998,0.1538432795425941,22101
rxn:2:135754:108959,0.1537351264403416,22101
rxn:2:130209:120822,0.153655993938446,22101
rxn:2:76998:78538,0.1515518323234889,22101
rxn:2:92934:170892,0.1512680436883653,22101
rxn:2:141397:146037,0.1506269365549087,22101
rxn:2:117725:102373,0.1502315104007721,22101
rxn:2:120356:170060,0.1487554223449141,22101
rxn:2:93504:173016,0.1486292326891863,22101
rxn:2:139105:172751,0.1472353976348351,22101
rxn:2:92660:169412,0.1460616737604141,22101
rxn:2:100083:170060,0.1459661368970517,22101
rxn:2:68618:129363,0.1432745776006153,22101
rxn:2:76896:161103,0.142687806716332,22101
rxn:2:163073:130974,0.1424961962870189,22101
rxn:2:150747:105101,0.142069348582515,22101
rxn:2:125447:129880,0.1418030762672424,22101
rxn:2:97517:68807,0.1410129110018412,22101
rxn:2:141555:122855,0.1406496012652361,22101
rxn:2:84871:109025,0.139464430809021,22101
rxn:2:78850:122855,0.138842605409168,22101
rxn:2:77202:96010,0.1381218108263882,22101
rxn:2:124792:83817,0.1369502920853464,22101
rxn:2:138933:108959,0.1364282680594402,22101
rxn:2:112154:142192,0.1327966650327046,22101
rxn:2:76625:172751,0.1319302649333559,22101
rxn:2:139686:170060,0.1294860972298516,22101
rxn:2:100287:171231,0.122995729957308,22101
rxn:2:78444:108959,0.1224513401587804,22101
rxn:2:167169:68311,0.1202631018779896,22101
rxn:2:104087:108959,0.1187427767685481,22101
rxn:2:134698:71566,0.1165492486953735,22101
rxn:2:139991:78538,0.1626119191447893,22102
rxn:2:118149:107408,0.1571022415161133,22102
rxn:2:141397:126659,0.154643531356539,22102
rxn:2:85140:68807,0.1540336379638085,22102
rxn:2:156072:120181,0.1539204562151873,22102
rxn:2:74199:68807,0.1538126203748915,22102
rxn:2:134741:171231,0.1533584701163428,22102
rxn:2:76360:168058,0.1530570345265524,22102
rxn:2:122351:169821,0.1528659462928772,22102
rxn:2:86811:120822,0.1523149950163705,22102
rxn:2:110352:149066,0.1510350167751312,22102
rxn:2:96712:91563,0.1508837782818338,22102
rxn:2:134607:169666,0.1498008509476979,22102
rxn:2:94256:67686,0.1495820056824457,22102
rxn:2:78535:116515,0.149445150907223,22102
rxn:2:85637:108959,0.1492167257127307,22102
rxn:2:76896:96010,0.1481323118011156,22102
rxn:2:102522:109025,0.1475931096076965,22102
rxn:2:114688:171231,0.14540268267904,22102
rxn:2:116138:169412,0.1453312458815398,22102
rxn:2:97900:169856,0.1421279559532801,22102
rxn:2:104066:67686,0.1414714540754045,22102
rxn:2:136996:110334,0.1402077192351931,22102
rxn:2:77440:170858,0.1397370781217302,22102
rxn:2:76896:161103,0.1394078387663914,22102
rxn:2:101439:141988,0.1371700763702392,22102
rxn:2:76044:104330,0.1361987694450046,22102
rxn:2:145188:166167,0.1360236942768097,22102
rxn:2:100611:96010,0.1352270223476268,22102
rxn:2:112208:169666,0.1345218002796173,22102
rxn:2:138255:107408,0.1339817990859349,22102
rxn:2:130477:108959,0.1332049965858459,22102
rxn:2:87260:96010,0.1328556912916678,22102
rxn:2:131506:172618,0.1253743793653405,22102
rxn:2:160401:108959,0.118918810571943,22102
rxn:2:111468:141988,0.1078135834799872,22102
rxn:2:159492:128669,0.1058268893149591,22102
rxn:2:129885:142183,0.0987649758656819,22102
rxn:2:141397:66800,0.0707460721333821,22102
rxn:1:63096:24032,-0.1095661682387193,22102
rxn:2:141397:173095,0.2028508677202112,22103
rxn:2:141397:128669,0.1929459810256958,22103
rxn:1:41711:5553,0.1923258826136589,22103
rxn:1:60111:11984,0.186840279897054,22103
rxn:1:41711:3819,0.1669699698686599,22103
rxn:2:100246:169412,0.1598534698669727,22103
rxn:2:167592:143698,0.1584425355706896,22103
rxn:2:91127:108959,0.1567683267593383,22103
rxn:2:88304:134351,0.1565383843013218,22103
rxn:2:138457:120822,0.1539937113893443,22103
rxn:2:131907:94292,0.1535259864547035,22103
rxn:1:41711:28754,0.1515913903713226,22103
rxn:2:76360:168058,0.1506077923945018,22103
rxn:2:164315:107408,0.1505660311929111,22103
rxn:2:112154:78538,0.1504720747470855,22103
rxn:2:67009:170892,0.1490008499887254,22103
rxn:2:113171:107408,0.1488894507998512,22103
rxn:2:138516:169412,0.1475501634456493,22103
rxn:2:134916:146533,0.1472197430474417,22103
rxn:2:93504:169305,0.1458998609472204,22103
rxn:2:89509:88103,0.144288664772397,22103
rxn:2:104678:169412,0.1440701175619054,22103
rxn:2:145188:110334,0.1432562593756051,22103
rxn:2:110352:143058,0.1412996411323547,22103
rxn:2:141397:172751,0.1393282072884696,22103
rxn:2:139209:78538,0.1368565502620878,22103
rxn:2:68525:123403,0.1362537294626236,22103
rxn:2:97318:169305,0.1360237116997058,22103
rxn:2:80519:159692,0.1357650856177012,22103
rxn:2:136996:110334,0.1333504517873128,22103
rxn:2:162493:77974,0.1308912464550563,22103
rxn:2:97543:109025,0.129698253813244,22103
rxn:2:71347:110041,0.1242597571441105,22103
rxn:2:84749:85686,0.115922029201801,22103
rxn:2:150747:110334,0.1134626909538551,22103
rxn:2:140908:127220,0.1131683046167547,22103
rxn:2:167169:122855,0.1011788638738485,22103
rxn:1:63096:24032,-0.111970423720777,22103
rxn:1:41711:28754,0.2169548571109771,22104
rxn:2:141397:173095,0.2023691079195808,22104
rxn:1:41711:3819,0.1921623572707176,22104
rxn:1:41711:5553,0.183101050555706,22104
rxn:2:141397:128669,0.1818119764328002,22104
rxn:1:60111:11984,0.1737004280090332,22104
rxn:2:162493:85686,0.1722832609105993,22104
rxn:2:162493:139886,0.1675149032047816,22104
rxn:2:92749:88396,0.1551454180762881,22104
rxn:2:77560:154103,0.1546460904858329,22104
rxn:2:72890:170411,0.1536067021744591,22104
rxn:2:101355:120822,0.1529741905353687,22104
rxn:2:117571:70192,0.1516750423531783,22104
rxn:2:118218:170060,0.1505386726609592,22104
rxn:2:67778:120822,0.1504993104934692,22104
rxn:2:131974:169412,0.1502920389175415,22104
rxn:2:128738:169851,0.1494045478326303,22104
rxn:2:112333:173095,0.1488586482794388,22104
rxn:2:141397:113546,0.1487374092851366,22104
rxn:2:93710:170892,0.1482401532786233,22104
rxn:2:134698:85115,0.1472178628811469,22104
rxn:2:135111:70192,0.1463786661624908,22104
rxn:2:116288:68807,0.1458599766095479,22104
rxn:2:167169:95801,0.1452671544892447,22104
rxn:2:101355:127220,0.1450781042759235,22104
rxn:2:108231:108959,0.1450695212070758,22104
rxn:2:133307:69508,0.1436343518170443,22104
rxn:2:89311:113397,0.1430747446260954,22104
rxn:2:139991:171492,0.1430615915192498,22104
rxn:2:111746:67655,0.1421251916885376,22104
rxn:2:134698:114642,0.139995650603221,22104
rxn:2:144681:87790,0.1394611171313694,22104
rxn:2:99558:107408,0.1385043263435363,22104
rxn:2:122705:109025,0.1377937559570585,22104
rxn:2:120564:169412,0.1342290115356445,22104
rxn:2:118279:169851,0.1333233594894409,22104
rxn:2:105246:169305,0.1323889677341167,22104
rxn:2:116191:97264,0.1286292620327161,22104
rxn:2:112154:102373,0.1207531318068504,22104
rxn:2:110724:108959,0.1042895729725177,22104
rxn:1:64028:21389,-0.1179202738262358,22104
rxn:2:141397:173095,0.1996471531250897,22105
rxn:1:41711:3819,0.1951237171888351,22105
rxn:2:141397:128669,0.1928433100382487,22105
rxn:1:60111:11984,0.1922962188720703,22105
rxn:1:41711:5553,0.1883403956890106,22105
rxn:1:43730:5553,0.1731858178973198,22105
rxn:1:41711:28754,0.1712304502725601,22105
rxn:2:139105:120822,0.1696041946609815,22105
rxn:2:110352:83991,0.167098672950969,22105
rxn:2:167592:141889,0.1588820528101038,22105
rxn:2:85140:94292,0.1567446655697292,22105
rxn:2:87637:170060,0.1557339827219645,22105
rxn:2:137734:170060,0.1534228365996788,22105
rxn:2:105205:142183,0.1516889296472072,22105
rxn:2:109567:173095,0.149169542572715,22105
rxn:2:124198:77187,0.1489948733993198,22105
rxn:2:77519:170892,0.1488902527710487,22105
rxn:2:92382:143909,0.1482247195460579,22105
rxn:2:68525:142192,0.1478065395355224,22105
rxn:2:82286:170060,0.1463382442792256,22105
rxn:2:88848:173089,0.1459469603640692,22105
rxn:2:77560:170548,0.1448909667405215,22105
rxn:2:108728:78538,0.1448039064804712,22105
rxn:2:139991:169400,0.1436517536640167,22105
rxn:2:133259:85686,0.1430567417825971,22105
rxn:2:134247:68807,0.1427414321899414,22105
rxn:2:81109:96514,0.1423535622083223,22105
rxn:2:108667:96010,0.140694865158626,22105
rxn:2:73749:68807,0.1401174042535864,22105
rxn:2:74377:120205,0.1400608917077382,22105
rxn:2:138255:123403,0.139173999428749,22105
rxn:2:90799:120822,0.13896216239248,22105
rxn:2:114213:169856,0.1389395784248005,22105
rxn:2:82757:169412,0.1355706545022817,22105
rxn:2:83460:78538,0.1346972766129867,22105
rxn:2:113731:170060,0.1329820854910488,22105
rxn:2:86811:108959,0.1317100657357109,22105
rxn:2:134698:118444,0.1302922390974485,22105
rxn:2:167169:85686,0.1293434042197007,22105
rxn:2:111746:78538,0.122348825931549,22105
rxn:2:141695:123403,0.1194585639497508,22105
rxn:2:92934:120822,0.1052630830694128,22105
rxn:2:141397:124159,0.0918306782841682,22105
rxn:1:64028:21389,-0.1337716898747853,22105
rxn:2:132329:142183,0.2011068264643351,22106
rxn:2:141397:130267,0.1983009760196392,22106
rxn:2:141397:173095,0.1972294274498434,22106
rxn:1:41711:5553,0.1940426155924797,22106
rxn:1:41711:28754,0.1923403814435005,22106
rxn:2:141397:112875,0.1899407368439894,22106
rxn:1:41711:39051,0.188480257987976,22106
rxn:1:41711:3819,0.188480257987976,22106
rxn:2:141397:94314,0.1851098409720829,22106
rxn:2:141397:128669,0.1849130868911743,22106
rxn:1:43730:39052,0.1844446063041687,22106
rxn:2:67101:142183,0.1820074506103992,22106
rxn:2:141397:126659,0.1792428578649248,22106
rxn:2:68583:142183,0.1772905960679054,22106
rxn:1:60111:11984,0.1743275642395019,22106
rxn:2:156072:142192,0.1648642553223503,22106
rxn:2:120564:171231,0.164720630204236,22106
rxn:2:162493:108959,0.1645261773041316,22106
rxn:2:141397:110334,0.160108741124471,22106
rxn:2:141397:173016,0.1589394509792328,22106
rxn:2:141397:143624,0.1560462923610911,22106
rxn:2:76896:78538,0.1536359667778015,22106
rxn:2:159419:98873,0.1509099659465608,22106
rxn:2:144636:111147,0.1504542337996619,22106
rxn:2:134347:107408,0.1503270483016967,22106
rxn:2:74199:127220,0.1488081702479609,22106
rxn:2:138457:69508,0.147704765714448,22106
rxn:2:77260:142183,0.1442627588907877,22106
rxn:2:92382:169414,0.1442378085592518,22106
rxn:2:101355:78538,0.1416144878775985,22106
rxn:2:125739:169412,0.137293846518905,22106
rxn:2:137907:169412,0.1344312230745951,22106
rxn:2:124792:171246,0.1330159527284127,22106
rxn:2:138643:110041,0.1320277629075227,22106
rxn:2:77440:173095,0.1305326791036696,22106
rxn:2:109567:170892,0.1286577257243069,22106
rxn:2:135125:147379,0.1188019646538628,22106
rxn:2:134099:173089,0.1175171661376953,22106
rxn:2:112154:173095,0.1154847432827127,22106
rxn:2:125968:169412,0.1057150054860998,22106
rxn:1:64028:28808,-0.1226776954920395,22106
rxn:2:77260:142183,0.2087898929913838,22107
rxn:2:141397:128669,0.1936435500780741,22107
rxn:1:41711:39051,0.1875408366322517,22107
rxn:1:41711:3819,0.1875408366322517,22107
rxn:1:41711:25795,0.1872766315937042,22107
rxn:1:41711:5553,0.1872766315937042,22107
rxn:1:60111:11984,0.1866810242335001,22107
rxn:1:60111:27954,0.1845220364630222,22107
rxn:2:169860:142183,0.1813828036898658,22107
rxn:2:141397:169286,0.1809932291507721,22107
rxn:2:141397:143246,0.1799299783176846,22107
rxn:1:43730:3819,0.176996175199747,22107
rxn:2:141397:173095,0.1737331888254951,22107
rxn:2:141397:88106,0.1734859091894967,22107
rxn:2:122644:142183,0.1713599488139152,22107
rxn:2:141397:153417,0.1711039841175079,22107
rxn:2:122351:73940,0.1697854134771559,22107
rxn:2:81924:142183,0.1684381405512492,22107
rxn:2:150747:139886,0.1683031099813955,22107
rxn:2:141397:83009,0.1630546313065748,22107
rxn:2:170140:142183,0.1607413508675315,22107
rxn:2:125751:170892,0.1571405132611592,22107
rxn:2:162493:116515,0.156187789780753,22107
rxn:2:128745:170060,0.1558383288590804,22107
rxn:1:41711:28754,0.1540001593530178,22107
rxn:2:125425:68807,0.1522368899098149,22107
rxn:2:162493:96010,0.152079667363848,22107
rxn:2:89554:109025,0.151286074748406,22107
rxn:2:84839:120181,0.1504800295829773,22107
rxn:2:101097:142183,0.1491366539682661,22107
rxn:2:128114:170060,0.1479528418609074,22107
rxn:2:140868:170235,0.1478386254146181,22107
rxn:2:127440:82325,0.145671417315801,22107
rxn:2:78809:102373,0.1450600028038025,22107
rxn:2:141397:102419,0.1446576959946576,22107
rxn:2:100097:101283,0.1430779581978207,22107
rxn:2:68805:115754,0.1400598339412523,22107
rxn:2:95601:91582,0.1394476065268883,22107
rxn:2:105340:170913,0.1382019972801208,22107
rxn:2:106136:169851,0.1336737828595297,22107
rxn:2:99080:159800,0.1282041514361346,22107
rxn:2:139310:170060,0.1185125399518896,22107
rxn:1:64028:28808,-0.1325608129086701,22107
rxn:1:41711:28754,0.1962802857160568,22108
rxn:2:141397:94314,0.1956767439842224,22108
rxn:2:141397:173095,0.1952903305782991,22108
rxn:1:60111:11984,0.1945645610491434,22108
rxn:2:141397:112875,0.1886286597985487,22108
rxn:1:41711:5553,0.1849558837711811,22108
rxn:2:141397:143624,0.1806536947979646,22108
rxn:2:122351:73940,0.1770284374554952,22108
rxn:2:162493:108959,0.176439527954374,22108
rxn:1:43730:39051,0.1756165064871311,22108
rxn:2:67101:142183,0.1754139326512813,22108
rxn:2:68583:142183,0.1752271652221679,22108
rxn:2:170140:142183,0.1730395826426419,22108
rxn:2:169860:142183,0.1697631960823422,22108
rxn:1:41711:3819,0.1684687212109565,22108
rxn:2:141397:83009,0.1683268271959745,22108
rxn:2:132329:142183,0.1636026620864868,22108
rxn:2:141397:126659,0.161765626498631,22108
rxn:2:91909:142183,0.1578682752755972,22108
rxn:2:104011:110041,0.1558594909207574,22108
rxn:2:141397:110334,0.1552911440531413,22108
rxn:2:124992:169412,0.1527803880827767,22108
rxn:2:167169:172076,0.1526577790578206,22108
rxn:2:122351:169197,0.1512989997863769,22108
rxn:2:86811:87722,0.1505590402162992,22108
rxn:2:121887:81963,0.1496179337086884,22108
rxn:2:150747:139886,0.1494717333051893,22108
rxn:2:125751:170892,0.1493583768606186,22108
rxn:2:152434:171392,0.1482378129036196,22108
rxn:2:101097:142183,0.1465759575366974,22108
rxn:2:86397:170060,0.1465359055078946,22108
rxn:2:138592:117056,0.1452602247397104,22108
rxn:2:86385:78538,0.1452592838378179,22108
rxn:2:78534:94292,0.1431570892984217,22108
rxn:2:108320:170892,0.1427128888942577,22108
rxn:2:110352:126659,0.1414494355519612,22108
rxn:1:45220:661,0.136798388079593,22108
rxn:1:65513:28813,0.1292879482110341,22108
rxn:2:162493:96010,0.1292684078216552,22108
rxn:1:63096:3810,-0.1183459100623925,22108
rxn:2:127785:70192,0.1589061617851257,22109
rxn:2:106940:91563,0.1558998227119445,22109
rxn:2:93504:170668,0.1506924894120958,22109
rxn:2:141397:171246,0.1505522429943084,22109
rxn:1:41904:24341,0.1494302103916804,22109
rxn:2:86071:109025,0.1482269587340178,22109
rxn:2:137734:169412,0.146744508167793,22109
rxn:2:113171:110334,0.1420144438743591,22109
rxn:2:89311:172332,0.1407611942291259,22109
rxn:2:141819:173095,0.1399756496151288,22109
rxn:2:148312:142183,0.1361695088838276,22109
rxn:2:141397:134317,0.1312587782740593,22109
rxn:2:150747:128669,0.1282889511850145,22109
rxn:2:116622:93647,0.1265064751108487,22109
rxn:2:167169:84542,0.0941085588932037,22109
rxn:2:125198:170858,0.169547500817672,22110
rxn:2:93219:168058,0.1591674418284975,22110
rxn:2:78535:141988,0.158317329791876,22110
rxn:2:110352:169305,0.1581900914510091,22110
rxn:2:122923:173095,0.1565510527840976,22110
rxn:2:104748:170892,0.1556908514188683,22110
rxn:2:127150:108959,0.1551420497894287,22110
rxn:2:70555:170411,0.1543370033132619,22110
rxn:2:113575:110041,0.1528484054974147,22110
rxn:2:140720:123403,0.1516661158314457,22110
rxn:2:97946:96010,0.1515898002045495,22110
rxn:2:97946:90126,0.1514752634934016,22110
rxn:2:173047:142183,0.1511837298219854,22110
rxn:2:139105:96010,0.1504012398097826,22110
rxn:2:124198:137603,0.1470452492887323,22110
rxn:2:127621:156984,0.14573722885501,22110
rxn:2:112079:161103,0.1452882908008716,22110
rxn:2:124198:110985,0.1444037634393443,22110
rxn:2:145665:142183,0.1441420376300811,22110
rxn:2:108186:170060,0.1427178045113881,22110
rxn:2:72913:173089,0.1419964366488986,22110
rxn:2:97024:95801,0.1418428321679433,22110
rxn:2:160401:159692,0.1382910424265368,22110
rxn:2:156072:139886,0.1362672602688824,22110
rxn:2:150747:142192,0.1289050601146839,22110
rxn:2:69663:148477,0.1262585933391864,22110
rxn:2:112154:108959,0.1252962306693748,22110
rxn:2:142622:141988,0.1220141223498753,22110
rxn:2:162493:113626,0.1145862804518805,22110
rxn:2:111985:83009,0.106661507487297,22110
rxn:2:117865:172618,0.1058268197651567,22110
rxn:2:164315:110041,0.1049860577131139,22110
rxn:1:64028:814,-0.1396286176009611,22110
rxn:2:76625:127220,0.1601127541583517,22111
rxn:2:123716:146533,0.1597091970236405,22111
rxn:2:92623:83817,0.154231744153159,22111
rxn:2:67187:141195,0.1531729942018335,22111
rxn:2:97024:170060,0.1527907573259793,22111
rxn:2:141204:120181,0.1510740960085833,22111
rxn:2:113171:170668,0.1510178557148686,22111
rxn:2:120823:168058,0.1490186731020609,22111
rxn:2:72244:67686,0.1487802217404047,22111
rxn:2:134698:80324,0.1464039316544166,22111
rxn:2:92434:68807,0.1455231830477714,22111
rxn:2:70378:169666,0.1451589526801273,22111
rxn:2:125578:170060,0.1433066924413045,22111
rxn:2:107115:170060,0.140300159101133,22111
rxn:2:84839:107408,0.138873890042305,22111
rxn:2:95804:70192,0.1378690911375958,22111
rxn:2:110352:96033,0.1373539849331504,22111
rxn:2:158858:107408,0.1368393898010254,22111
rxn:2:108320:76379,0.1359516716003418,22111
rxn:2:92382:88396,0.135194562730335,22111
rxn:2:117226:170892,0.1248538847322817,22111
rxn:2:73636:142183,0.1223295168443159,22111
rxn:2:149481:108959,0.1182577375854764,22111
rxn:2:111390:173095,0.1146817424080588,22111
rxn:2:113672:141988,0.1140301202734311,22111
rxn:2:137816:120822,0.1044281950363746,22111
rxn:2:137534:91563,0.1630410768769004,22112
rxn:2:91747:170411,0.1601123501514566,22112
rxn:2:97024:127577,0.1573105791340703,22112
rxn:2:113426:108959,0.1555280898298536,22112
rxn:2:85630:170060,0.1549183218567459,22112
rxn:2:135915:171669,0.1526489301964088,22112
rxn:2:111985:173095,0.1506615156928698,22112
rxn:2:109311:169340,0.1500065171200296,22112
rxn:2:162493:100541,0.1496486578668867,22112
rxn:2:114505:169412,0.148395057077761,22112
rxn:2:87637:108959,0.1482329081605982,22112
rxn:2:87971:107408,0.147712804377079,22112
rxn:2:74199:91511,0.1475985293035153,22112
rxn:2:74302:108959,0.1462181760714604,22112
rxn:2:99601:171231,0.1461192624909537,22112
rxn:2:120564:170940,0.1457360629682187,22112
rxn:2:141397:148269,0.145509523153305,22112
rxn:2:116231:96010,0.1453698178132375,22112
rxn:2:129587:169412,0.145120804126446,22112
rxn:2:138457:170892,0.1450960437456766,22112
rxn:2:75557:130267,0.144320261478424,22112
rxn:2:134689:120822,0.1439396667480468,22112
rxn:2:80519:82123,0.143762469291687,22112
rxn:2:72890:169851,0.142317758156703,22112
rxn:2:108070:70192,0.1419389963150024,22112
rxn:2:112846:142183,0.1391146438462393,22112
rxn:2:92934:96514,0.1385153302779564,22112
rxn:2:110352:72160,0.1384082405190718,22112
rxn:2:73951:88103,0.1364896183922177,22112
rxn:2:104011:114519,0.1351557431682463,22112
rxn:2:96712:146533,0.1346762108802795,22112
rxn:2:167169:154787,0.1345932735846592,22112
rxn:2:97900:148477,0.1329466152191162,22112
rxn:2:103984:172618,0.1312191954680851,22112
rxn:2:125874:66791,0.1294329166412353,22112
rxn:2:120564:159800,0.126752541065216,22112
rxn:2:67562:107408,0.1259109926223754,22112
rxn:2:82511:172076,0.1234401067097981,22112
rxn:2:81009:169305,0.1106646877747994,22112
rxn:2:167592:92488,0.1034750158970172,22112
rxn:1:64007:21389,-0.1178896517857261,22112
rxn:2:108320:90126,0.1636638593673706,22113
rxn:2:140720:116515,0.1578604110649653,22113
rxn:2:162493:129654,0.1557053039813863,22113
rxn:2:110352:170668,0.1555238564809163,22113
rxn:2:120985:169412,0.1547512114048004,22113
rxn:2:107531:105824,0.1534585654735565,22113
rxn:2:141397:161697,0.1523666381835937,22113
rxn:2:100097:102373,0.1501313773068514,22113
rxn:2:120564:120822,0.1500470042228698,22113
rxn:2:114592:170060,0.1498442844108299,22113
rxn:2:112208:168058,0.1484057903289795,22113
rxn:2:133573:170892,0.1476140817006429,22113
rxn:2:100097:107408,0.1472519487142563,22113
rxn:2:104011:83197,0.1456749459792827,22113
rxn:2:132440:170892,0.1451212018728256,22113
rxn:2:118136:169412,0.1433104830128806,22113
rxn:2:95768:168058,0.1427254738478825,22113
rxn:2:137922:68807,0.1420586430109464,22113
rxn:2:117865:170892,0.1419109064957191,22113
rxn:2:93644:169567,0.1409228468934694,22113
rxn:2:128738:169412,0.1370543506410386,22113
rxn:2:114204:169851,0.1353444021481734,22113
rxn:2:66976:88103,0.132180653120342,22113
rxn:2:135415:170892,0.1318888847644512,22113
rxn:2:82949:67686,0.1285324044849561,22113
rxn:2:100429:169412,0.1282856114979448,22113
rxn:2:117377:169412,0.1253376934263441,22113
rxn:2:113822:123403,0.1252242793207583,22113
rxn:2:152434:120181,0.1123632315931649,22113
rxn:2:146036:110041,0.0989394033396685,22113
rxn:2:94733:156511,0.0763978147506713,22113
rxn:1:64017:6151,-0.1262018667614978,22113
rxn:2:87971:123403,0.1585675726334253,22114
rxn:2:114429:169412,0.1585235661930508,22114
rxn:2:156072:117734,0.1572578932557787,22114
rxn:2:144681:120822,0.1551178303258172,22114
rxn:2:164315:103126,0.1546930223703384,22114
rxn:2:87971:94314,0.1545068770647049,22114
rxn:2:103296:169340,0.1533028094664864,22114
rxn:2:135754:170892,0.1525989047118595,22114
rxn:2:132131:168058,0.1525687597416065,22114
rxn:2:95370:170060,0.1523296376069386,22114
rxn:2:137534:173089,0.1515104150772094,22114
rxn:2:93644:143624,0.150800659542992,22114
rxn:2:111746:127220,0.1488526513179143,22114
rxn:2:73713:170892,0.1476795015663936,22114
rxn:2:144681:170892,0.1471365948518117,22114
rxn:2:111746:96010,0.1466196179389953,22114
rxn:2:67298:108959,0.1464540759722391,22114
rxn:2:162493:91511,0.1463277169636317,22114
rxn:2:79984:68636,0.1461655905372218,22114
rxn:2:101355:111147,0.1456683140534621,22114
rxn:2:76912:96010,0.1450752991217154,22114
rxn:2:135754:127220,0.1449856437169588,22114
rxn:2:79392:169666,0.1443859215440421,22114
rxn:2:139637:173095,0.1422142711552706,22114
rxn:2:104011:82536,0.1416325127636944,22114
rxn:2:97517:107408,0.1416294286990987,22114
rxn:2:121552:70192,0.1405994951725006,22114
rxn:2:125962:67202,0.1397274326194416,22114
rxn:2:76322:68807,0.137417721748352,22114
rxn:2:122723:70192,0.1364673444857964,22114
rxn:2:144636:129363,0.1363114310162408,22114
rxn:2:108338:168058,0.1360383691458866,22114
rxn:2:67593:126659,0.1356120308240254,22114
rxn:2:139383:171478,0.1352053946918911,22114
rxn:2:89033:72767,0.1336693167686462,22114
rxn:2:140546:169594,0.1333881616592407,22114
rxn:2:76625:109025,0.1304772185242694,22114
rxn:2:131907:125240,0.1290870428085327,22114
rxn:2:167169:127514,0.1265594959259033,22114
rxn:2:67562:96010,0.1244173049926757,22114
rxn:2:88326:169594,0.121491402387619,22114
rxn:2:70925:170060,0.1207124568797923,22114
rxn:2:67121:68807,0.1201994568109512,22114
rxn:2:90327:129654,0.1199170558348945,22114
rxn:2:75081:126999,0.1192641109228134,22114
rxn:2:95804:110720,0.0443076290514158,22114
rxn:1:64028:9997,-0.1152659366312234,22114
rxn:2:92660:122855,0.1594638675451278,22115
rxn:2:68410:171231,0.1583236500068947,22115
rxn:2:73235:96010,0.1575746933619181,22115
rxn:2:122351:155104,0.1555787898876049,22115
rxn:2:68737:120822,0.1549294789632161,22115
rxn:2:117731:123403,0.1548734605312347,22115
rxn:2:107938:96514,0.1513166339309127,22115
rxn:2:139105:85327,0.1512587418158849,22115
rxn:2:123459:108959,0.1506771124326265,22115
rxn:2:139383:159800,0.1500045039035656,22115
rxn:2:137922:173089,0.1493751426537831,22115
rxn:2:76322:90126,0.1492345404624939,22115
rxn:2:115801:122855,0.1469943037739506,22115
rxn:2:134689:94314,0.1468261324841043,22115
rxn:2:121028:78538,0.1467527225613594,22115
rxn:2:138457:107408,0.1467124510694433,22115
rxn:2:163272:142183,0.1458911624821749,22115
rxn:2:123716:169604,0.14559559200121,22115
rxn:2:92382:120822,0.14478699862957,22115
rxn:2:122353:97346,0.144455795104687,22115
rxn:2:122705:170060,0.1444422814153856,22115
rxn:2:137297:104330,0.14397225856781,22115
rxn:2:78032:169594,0.1439603458751331,22115
rxn:2:141397:170803,0.1438333288482997,22115
rxn:2:117725:124273,0.1436953425407409,22115
rxn:2:148180:107408,0.1428467035293579,22115
rxn:2:133573:173095,0.1405484323148374,22115
rxn:2:132373:85686,0.1405015814872015,22115
rxn:2:155401:142183,0.1404988169670105,22115
rxn:2:150747:153414,0.1389327131468674,22115
rxn:2:70238:111147,0.1387696489691734,22115
rxn:2:144681:152898,0.1381649518835133,22115
rxn:2:139218:120822,0.1379024941345741,22115
rxn:2:66657:169412,0.1375797476087297,22115
rxn:2:119347:170892,0.1365179920196533,22115
rxn:2:111508:120181,0.1360595488548278,22115
rxn:2:80872:170892,0.1357105697194735,22115
rxn:2:95319:96010,0.1287968492507934,22115
rxn:2:81194:170482,0.1270225904881954,22115
rxn:2:130225:171648,0.1262947469949722,22115
rxn:2:133789:169412,0.1247477774266843,22115
rxn:2:78535:78538,0.122624189765365,22115
rxn:2:97639:127220,0.1206777173539866,22115
rxn:2:74199:120181,0.1205669950555872,22115
rxn:2:92382:94314,0.1205433673328823,22115
rxn:2:114522:109025,0.120450163880984,22115
rxn:2:73365:171231,0.1109278621496977,22115
rxn:1:64028:7656,-0.1465147331357002,22115
rxn:2:141397:72523,0.1617796526235692,22116
rxn:2:71006:146828,0.1588021598078987,22116
rxn:2:94822:170060,0.1574995738488656,22116
rxn:2:145750:152898,0.157063438046363,22116
rxn:2:93504:114519,0.155341941377391,22116
rxn:2:91798:90126,0.1543973478777655,22116
rxn:2:138516:168058,0.1532582990054426,22116
rxn:2:95804:104330,0.1522240862250328,22116
rxn:2:84871:126659,0.1516662538051605,22116
rxn:2:155314:107408,0.1515568185735631,22116
rxn:2:150747:160916,0.1508472746816174,22116
rxn:2:135415:168058,0.1504780382945619,22116
rxn:2:97543:169400,0.1495766788721084,22116
rxn:2:78535:85686,0.1484426927566528,22116
rxn:2:138381:170892,0.1480517243516856,22116
rxn:2:92382:117186,0.1475165872012867,22116
rxn:2:132002:94314,0.147321251531442,22116
rxn:2:130209:169666,0.1468589901924133,22116
rxn:2:97024:148477,0.1460001743756807,22116
rxn:2:150747:129654,0.1449982907090868,22116
rxn:2:130970:169412,0.1447286743384141,22116
rxn:2:106272:169305,0.1446220278739929,22116
rxn:2:136139:96010,0.1445881724357605,22116
rxn:2:167169:110041,0.1438517180772928,22116
rxn:2:140720:85686,0.1432385930308589,22116
rxn:2:108320:161103,0.1429953751740632,22116
rxn:2:84749:107408,0.1422088467157804,22116
rxn:2:102636:108959,0.1419600820541381,22116
rxn:2:94771:88396,0.141622177192143,22116
rxn:2:120564:127220,0.1389687278053977,22116
rxn:2:105485:141988,0.1386064708232879,22116
rxn:2:114191:104330,0.1345112224419911,22116
rxn:2:135573:126659,0.1332050743310348,22116
rxn:2:78939:141195,0.132708860480267,22116
rxn:2:134689:110041,0.1325621268023615,22116
rxn:2:160401:97264,0.1325431708936338,22116
rxn:2:72890:169400,0.1298280633412874,22116
rxn:2:127086:169412,0.1274617380566067,22116
rxn:2:131167:170060,0.125405298338996,22116
rxn:2:140720:113626,0.1248648696475558,22116
rxn:2:74393:170892,0.1232256184924732,22116
rxn:2:111045:172265,0.1215350123552175,22116
rxn:2:110768:141988,0.1214923170896676,22116
rxn:2:123459:66791,0.1199062374921945,22116
rxn:2:130225:123403,0.116327691078186,22116
rxn:2:107651:170858,0.1156568782670157,22116
rxn:1:63096:3927,-0.1248254707703987,22116
rxn:2:108887:173095,0.1654797274133433,22117
rxn:2:133573:107408,0.163663516441981,22117
rxn:2:101439:127220,0.1609273672103882,22117
rxn:2:125874:142724,0.1596750219662984,22117
rxn:2:141397:138958,0.1551793171809269,22117
rxn:2:147271:112875,0.1549400620990329,22117
rxn:2:107415:108959,0.1545457673072815,22117
rxn:2:112208:155734,0.154506712048142,22117
rxn:2:70440:92488,0.1542603472868601,22117
rxn:2:83460:141195,0.1537859092156092,22117
rxn:2:73365:170668,0.1531091199980842,22117
rxn:2:113822:170060,0.1519711701958268,22117
rxn:2:87382:142136,0.1518351078033447,22117
rxn:2:142622:169604,0.151710448726531,22117
rxn:2:92934:127220,0.1512930530768174,22117
rxn:2:86397:170411,0.1505764084202902,22117
rxn:2:162493:87151,0.1505357601024486,22117
rxn:2:128024:169810,0.1497697830200195,22117
rxn:2:128763:92488,0.1478642416851861,22117
rxn:2:137743:95801,0.1473106245199839,22117
rxn:2:99558:170892,0.1472688515981038,22117
rxn:2:141397:109025,0.1471469442049662,22117
rxn:2:74199:110334,0.146730206630848,22117
rxn:2:139602:122855,0.1451830554891515,22117
rxn:2:72583:102419,0.1447930669784546,22117
rxn:2:97024:78538,0.1444471801320711,22117
rxn:2:156072:120038,0.1441050001553126,22117
rxn:2:124198:153414,0.1435267877578735,22117
rxn:2:97063:169412,0.1434850525856018,22117
rxn:2:145750:107408,0.1417486544313101,22117
rxn:2:100097:123403,0.1412648906310399,22117
rxn:2:72890:120822,0.1405650973320007,22117
rxn:2:156072:70270,0.1401312606675284,22117
rxn:2:92382:81125,0.1396307150522867,22117
rxn:2:108320:139176,0.1385414921320401,22117
rxn:2:93721:70192,0.1369727509362357,22117
rxn:1:41904:2836,0.1364109490228736,22117
rxn:2:133978:165512,0.1359193176031112,22117
rxn:2:167169:117734,0.1353939771652221,22117
rxn:2:113426:110334,0.1337935967104775,22117
rxn:2:91798:124273,0.1327483355998993,22117
rxn:2:82511:139886,0.1302010836424651,22117
rxn:2:95308:141889,0.1260383220819326,22117
rxn:2:82511:120181,0.1259571578767564,22117
rxn:2:73576:96010,0.1256865211155103,22117
rxn:2:156072:108959,0.1213794549306233,22117
rxn:2:132440:107408,0.1206469917297363,22117
rxn:2:132071:129654,0.1194751977920532,22117
rxn:2:111508:170892,0.1067297679406625,22117
rxn:1:61649:18255,0.0288763182858626,22117
rxn:2:68525:141988,0.161910400390625,22118
rxn:2:108320:123403,0.1606392363707224,22118
rxn:2:98144:67686,0.1575062721967697,22118
rxn:2:97858:78538,0.1564614881168712,22118
rxn:2:73235:108959,0.1557471465181421,22118
rxn:2:74377:102373,0.1541823148727417,22118
rxn:2:76322:169412,0.1538275799580983,22118
rxn:2:97063:107408,0.15323235307421,22118
rxn:2:70925:127220,0.1525008181730906,22118
rxn:2:69022:129880,0.152030145128568,22118
rxn:2:73713:123403,0.1519746551146874,22118
rxn:2:72890:171231,0.1497280746698379,22118
rxn:2:66358:169810,0.149384605884552,22118
rxn:2:156072:171392,0.148980190014017,22118
rxn:2:163554:142183,0.1478648900985718,22118
rxn:2:137922:172618,0.1470346237931932,22118
rxn:2:74199:173095,0.1465976279357384,22118
rxn:2:81292:67686,0.1461895453302484,22118
rxn:2:97900:78538,0.1456268766651982,22118
rxn:2:124637:168058,0.1454865870804622,22118
rxn:2:70104:123403,0.1442307210885561,22118
rxn:2:122353:120181,0.1433080775397164,22118
rxn:2:107531:129880,0.1432285876501174,22118
rxn:2:139218:127220,0.1425652461392539,22118
rxn:2:66658:156984,0.1418803976132319,22118
rxn:2:98084:96010,0.1415234903494517,22118
rxn:2:85387:170060,0.1401474311433989,22118
rxn:2:67380:108959,0.1398350458878737,22118
rxn:2:146036:156984,0.1396112749653477,22118
rxn:2:124571:120822,0.1382624461100651,22118
rxn:2:152434:78538,0.1367438673973083,22118
rxn:2:167169:129572,0.1359723423208509,22118
rxn:2:103216:170060,0.1357151137457953,22118
rxn:2:97639:96010,0.134152194728022,22118
rxn:2:118433:171231,0.1331518491109212,22118
rxn:2:120356:120181,0.1311779022216797,22118
rxn:2:120365:95801,0.1305404603481292,22118
rxn:2:76625:172618,0.1297392034530639,22118
rxn:2:73713:110334,0.1292622155613369,22118
rxn:2:163783:70831,0.1285087381090436,22118
rxn:1:45225:23328,0.1252721101045608,22118
rxn:2:135915:170858,0.1223241532290423,22118
rxn:2:106136:96010,0.1207631349563598,22118
rxn:2:136797:169412,0.1186264432393587,22118
rxn:2:89103:76221,0.1167763233184814,22118
rxn:2:110222:159692,0.1154922800404684,22118
rxn:2:95063:170892,0.1106123781204223,22118
rxn:2:137816:139886,0.10261971950531,22118
rxn:1:64017:31088,-0.1195336406429608,22118
rxn:2:70962:169412,0.1570256506955182,22119
rxn:2:129767:68807,0.1565141494457538,22119
rxn:2:162493:142192,0.1552837171724864,22119
rxn:2:115801:85686,0.154469852094297,22119
rxn:2:66303:170060,0.1531861552170344,22119
rxn:2:78032:146828,0.1531549294789632,22119
rxn:2:70411:116515,0.152752227253384,22119
rxn:2:69444:83197,0.1524896302393504,22119
rxn:2:108169:170892,0.1519584308067957,22119
rxn:2:145188:143698,0.1515924930572509,22119
rxn:2:105108:107408,0.1509601032292401,22119
rxn:2:120564:168058,0.1508191846035144,22119
rxn:2:104011:88952,0.1502738296985626,22119
rxn:2:136508:171231,0.1500489733048848,22119
rxn:2:141397:170813,0.1496455263007771,22119
rxn:2:162493:67655,0.1495627247054001,22119
rxn:2:141397:172697,0.1491351988580491,22119
rxn:2:122923:171933,0.1483745773633321,22119
rxn:2:108186:148477,0.1481854279836018,22119
rxn:2:104080:142183,0.1480999745820698,22119
rxn:2:167592:171392,0.1476481084165902,22119
rxn:2:105108:172618,0.1476007302602132,22119
rxn:2:66657:170060,0.1474115571805409,22119
rxn:2:78571:70192,0.1465189797537667,22119
rxn:2:114506:169594,0.146270145540652,22119
rxn:2:117045:172618,0.145095999042193,22119
rxn:2:110352:143819,0.1449614286422729,22119
rxn:2:101439:153414,0.1449345858008773,22119
rxn:2:139218:142192,0.1446979684489114,22119
rxn:2:130128:169821,0.142987768758427,22119
rxn:2:166241:85686,0.1405691249029977,22119
rxn:2:167169:84225,0.1390897440058844,22119
rxn:2:113171:173016,0.138814405158714,22119
rxn:2:128114:169412,0.1377541912453515,22119
rxn:2:94948:142183,0.1370545562944914,22119
rxn:2:124792:109025,0.136859118938446,22119
rxn:2:124805:169412,0.1358294486999511,22119
rxn:2:150747:91511,0.1332569188541836,22119
rxn:2:122705:171669,0.1327522377173106,22119
rxn:2:110478:169400,0.1319445818662643,22119
rxn:2:160800:72767,0.129471472899119,22119
rxn:2:127204:170411,0.1288894216219584,22119
rxn:2:167169:89838,0.1282891241403726,22119
rxn:2:129600:169412,0.1234738251258587,22119
rxn:2:125549:170060,0.1201048736219052,22119
rxn:2:113426:122855,0.1133632218396222,22119
rxn:2:72543:142183,0.1049405869684721,22119
rxn:2:83460:91563,0.1636071749355482,22120
rxn:2:110097:88396,0.1580162814685276,22120
rxn:2:74139:168058,0.1568536272755375,22120
rxn:2:112208:78538,0.1553262519836425,22120
rxn:2:101439:156984,0.1534743777343205,22120
rxn:2:138457:109025,0.1529147710118975,22120
rxn:2:114213:156697,0.1513153797104245,22120
rxn:2:97900:140099,0.150747380473397,22120
rxn:2:125874:96010,0.1495254724114029,22120
rxn:2:130209:108959,0.1491722067197164,22120
rxn:2:104011:120822,0.1491715177412956,22120
rxn:2:78444:170060,0.1485179397794935,22120
rxn:2:110352:70192,0.1481527388095855,22120
rxn:2:81194:108784,0.1481313387552897,22120
rxn:2:72789:170892,0.1481099704216266,22120
rxn:2:132998:172618,0.1467536290486653,22120
rxn:2:108186:156984,0.1458098391691843,22120
rxn:2:167169:169300,0.1449575693376602,22120
rxn:2:142033:172397,0.1441824539847996,22120
rxn:2:137524:94314,0.1423754787445068,22120
rxn:2:125962:114048,0.1421908186032222,22120
rxn:2:79894:170892,0.1421222452606473,22120
rxn:2:101439:109025,0.1417553758621215,22120
rxn:2:124198:139886,0.1412113438481869,22120
rxn:2:73951:173095,0.1410121917724609,22120
rxn:2:106758:71566,0.14096116065979,22120
rxn:2:156072:96514,0.13983624069779,22120
rxn:2:77440:148477,0.1397466442801735,22120
rxn:2:115282:146828,0.1388893940232017,22120
rxn:2:76360:172032,0.1387545741521395,22120
rxn:2:82511:172618,0.1387036442756652,22120
rxn:2:167169:111217,0.1378686295615302,22120
rxn:2:148180:126659,0.1358692469420256,22120
rxn:2:140720:126659,0.13568334447013,22120
rxn:2:131733:82123,0.135212554173036,22120
rxn:2:122353:76379,0.1338389366865158,22120
rxn:2:109895:170060,0.1319467425346374,22120
rxn:2:133437:142183,0.1300485067897372,22120
rxn:2:106642:173089,0.1284838053915235,22120
rxn:2:97639:68807,0.1282797714938288,22120
rxn:2:125751:150277,0.1270290383925804,22120
rxn:2:83170:170060,0.1245212967579181,22120
rxn:2:116316:107408,0.1243979036808013,22120
rxn:2:82049:85686,0.117165133357048,22120
rxn:2:67299:67686,0.1159268980440886,22120
rxn:2:92382:92027,0.1676934527026282,22121
rxn:2:106136:120822,0.1613549681810232,22121
rxn:2:167169:113626,0.1560160563542292,22121
rxn:2:83484:146828,0.1556354706937616,22121
rxn:2:74199:66791,0.1529940388820789,22121
rxn:2:141544:85686,0.1509700048537481,22121
rxn:2:67593:172618,0.1509069850047429,22121
rxn:2:137136:122855,0.1498174238204956,22121
rxn:2:110352:147222,0.1497976124286651,22121
rxn:2:67562:108959,0.148323866037222,22121
rxn:2:66358:102419,0.1461890459060669,22121
rxn:2:97543:170060,0.1453027923901876,22121
rxn:2:72309:67686,0.144500420207069,22121
rxn:2:108789:108959,0.1442391624053319,22121
rxn:2:74393:170060,0.144096509270046,22121
rxn:2:68525:85686,0.1415121604998906,22121
rxn:2:86811:130267,0.141487922668457,22121
rxn:2:112728:91563,0.1410795233466408,22121
rxn:2:162493:109108,0.1405929965632302,22121
rxn:2:138592:119877,0.1387146313985189,22121
rxn:2:166244:96514,0.1353571635705453,22121
rxn:2:68525:77974,0.1335386133193969,22121
rxn:2:101439:68807,0.1335205078125,22121
rxn:2:104781:170892,0.1289224120286795,22121
rxn:2:95795:110041,0.1289027696070463,22121
rxn:2:68737:129880,0.12826752414306,22121
rxn:2:130829:171231,0.1255079550402505,22121
rxn:2:134689:172752,0.1180210617872385,22121
rxn:2:162493:78351,0.1164170524903706,22121
rxn:2:97543:173089,0.1145671224594116,22121
rxn:2:99080:90126,0.1072007964054743,22121
rxn:2:67140:170060,0.1573877416808029,22122
rxn:2:107531:108959,0.1549794226884842,22122
rxn:2:169101:142183,0.1542586630040949,22122
rxn:2:108186:169851,0.1534534315268198,22122
rxn:2:125874:108959,0.1520474663487187,22122
rxn:2:172870:142183,0.1517411811011178,22122
rxn:2:87971:97346,0.1517119303993556,22122
rxn:2:78366:170060,0.1512664137063203,22122
rxn:2:122923:171135,0.1500339229901631,22122
rxn:2:135125:141988,0.1499457812309265,22122
rxn:2:150732:68807,0.1495405648435865,22122
rxn:2:127751:173095,0.1491136713461442,22122
rxn:2:150732:109025,0.1489434710570744,22122
rxn:2:76625:141988,0.1485300400982732,22122
rxn:2:144681:127220,0.1479059691940035,22122
rxn:2:71463:107408,0.1476637188877378,22122
rxn:2:107651:88396,0.1469646976107642,22122
rxn:2:116949:171231,0.1469142394406455,22122
rxn:2:108667:85686,0.1467116938696967,22122
rxn:2:118719:170892,0.1456049765859331,22122
rxn:2:115801:110041,0.1450226108233133,22122
rxn:2:141397:159993,0.1439734280109405,22122
rxn:2:166241:142192,0.1435104238575902,22122
rxn:2:144636:169340,0.1433893403699321,22122
rxn:2:122923:126659,0.1429709196090698,22122
rxn:2:82827:170892,0.1405020993331383,22122
rxn:2:113171:170858,0.1396819154421488,22122
rxn:2:91909:149524,0.1390899610519409,22122
rxn:2:86397:171180,0.1385587967675307,22122
rxn:2:77440:70192,0.1385578669999775,22122
rxn:2:101439:173089,0.1383709414251919,22122
rxn:2:100451:149524,0.1382714128494262,22122
rxn:2:142622:129880,0.1357978335742292,22122
rxn:2:79392:96010,0.1349241474400395,22122
rxn:2:122468:148477,0.1347475602076603,22122
rxn:2:77560:171179,0.1345606879754499,22122
rxn:2:132373:122855,0.1345360052017938,22122
rxn:2:148180:122855,0.1343476198337696,22122
rxn:2:129767:94292,0.1312714219093322,22122
rxn:2:70816:109025,0.1312639606850487,22122
rxn:2:103739:96010,0.1305040871655499,22122
rxn:2:80395:169412,0.1301081092269332,22122
rxn:2:100318:73940,0.129050013422966,22122
rxn:2:144681:111147,0.1284285677330834,22122
rxn:2:69232:169340,0.1264219093322754,22122
rxn:2:141544:173089,0.1245124844404367,22122
rxn:2:130290:109025,0.1207426309585571,22122
rxn:2:142314:142192,0.114498034119606,22122
rxn:2:162493:119985,0.0742586191211428,22122
rxn:2:133259:110041,0.1596425431115286,22123
rxn:2:109661:170892,0.1588885635137558,22123
rxn:2:97024:141122,0.1576963563760121,22123
rxn:2:124198:140856,0.1553409180857918,22123
rxn:2:69619:96010,0.1552715213210494,22123
rxn:2:138457:170060,0.1536100872101322,22123
rxn:2:108667:108959,0.1532434225082397,22123
rxn:2:136508:169412,0.1519286953485929,22123
rxn:2:138457:110041,0.1518208803953948,22123
rxn:2:74139:159800,0.1516943359375,22123
rxn:2:130059:109025,0.1512126922607422,22123
rxn:2:156072:125117,0.150569805077144,22123
rxn:2:139798:169412,0.1504952804795627,22123
rxn:2:86568:170411,0.1502038651499255,22123
rxn:2:83604:84335,0.1498470551827374,22123
rxn:2:68566:170060,0.1476361994390134,22123
rxn:2:126542:141988,0.1470103621482849,22123
rxn:2:113822:168058,0.1467216549248531,22123
rxn:2:83460:169400,0.1465050721168518,22123
rxn:2:110352:171013,0.1459556937217712,22123
rxn:2:99558:122855,0.1456614683071772,22123
rxn:2:93504:168058,0.144145025147332,22123
rxn:2:141497:91563,0.1441077902203514,22123
rxn:2:124792:68807,0.1439239650964737,22123
rxn:2:139105:127220,0.1432499937389208,22123
rxn:2:124198:128472,0.1427462577819824,22123
rxn:2:97024:114519,0.1401236603657404,22123
rxn:2:92382:110334,0.1385413596504613,22123
rxn:2:137922:127220,0.1379544115983522,22123
rxn:2:124693:78538,0.1375984031221141,22123
rxn:2:97858:170858,0.1374937477319137,22123
rxn:2:87202:81152,0.1354312652891332,22123
rxn:2:80125:170892,0.1349922716617584,22123
rxn:2:91310:170892,0.1338475445906321,22123
rxn:2:129097:169400,0.1322692884848668,22123
rxn:2:96712:166167,0.1321196271025616,22123
rxn:2:123028:170892,0.1309709151585897,22123
rxn:2:77440:105824,0.1307969859668186,22123
rxn:2:110352:110334,0.1282050460577011,22123
rxn:2:141315:168058,0.1270110011100769,22123
rxn:2:74199:96514,0.1268511569058453,22123
rxn:2:111209:67686,0.1249501186868418,22123
rxn:2:90256:170892,0.1188972941760359,22123
rxn:2:122474:112875,0.118538424372673,22123
rxn:2:70411:122855,0.0789011544906176,22123
rxn:2:94771:169821,0.1600975502621043,22124
rxn:2:167169:113963,0.1573781279417184,22124
rxn:2:131041:74293,0.155938420606696,22124
rxn:2:108667:77135,0.154036773102624,22124
rxn:2:141397:139599,0.1521346643567085,22124
rxn:2:93644:147222,0.1520725903303726,22124
rxn:2:86253:67686,0.1516981287436052,22124
rxn:2:99849:171231,0.1516125457627432,22124
rxn:2:113426:68807,0.1507427862712315,22124
rxn:2:98374:171669,0.1506364620648897,22124
rxn:2:92382:170668,0.1502180447181066,22124
rxn:2:81212:91315,0.1494596067227815,22124
rxn:2:119831:170892,0.1486295620600382,22124
rxn:2:141397:156943,0.148047129313151,22124
rxn:2:144636:110334,0.1475967424256461,22124
rxn:2:112728:78538,0.1465267430652271,22124
rxn:2:138447:173095,0.1461379826068878,22124
rxn:2:68242:172618,0.1455513978826588,22124
rxn:2:141397:160990,0.1455024167111045,22124
rxn:2:97063:109025,0.1449611512097445,22124
rxn:2:133292:107408,0.1435641204869305,22124
rxn:2:108667:113626,0.1427158691264965,22124
rxn:2:82511:170892,0.141800596796233,22124
rxn:2:114506:110334,0.1401286572217941,22124
rxn:2:139383:171669,0.1401097224308894,22124
rxn:2:74168:91563,0.1386782941610916,22124
rxn:2:125874:170060,0.1385525981585184,22124
rxn:2:124571:91563,0.1384513813715714,22124
rxn:2:141397:172618,0.1382645298452938,22124
rxn:2:119168:132559,0.138018786907196,22124
rxn:2:114204:170060,0.1372944598014538,22124
rxn:2:100097:87790,0.1368240308761596,22124
rxn:2:115966:169340,0.1363744113756262,22124
rxn:2:166241:113626,0.1334654901708875,22124
rxn:2:137446:120181,0.1311444596008018,22124
rxn:2:106136:67655,0.1305920412907233,22124
rxn:2:112830:120822,0.1300808048248291,22124
rxn:2:114213:169197,0.1298557934553726,22124
rxn:2:117687:125240,0.1295937952541169,22124
rxn:2:115896:170235,0.1280167985845495,22124
rxn:2:91779:173248,0.1268172701199849,22124
rxn:2:97063:173089,0.1258125671973595,22124
rxn:2:68525:127220,0.125452537536621,22124
rxn:2:156072:113626,0.1238038975458878,22124
rxn:2:114429:107408,0.1220934909322987,22124
rxn:2:137638:91563,0.0978369879722595,22124
rxn:2:77440:141195,0.1701926986376444,22125
rxn:2:104030:170060,0.1666289797196021,22125
rxn:2:162493:92488,0.1618720248893455,22125
rxn:2:150747:172265,0.159788554714572,22125
rxn:2:113732:108959,0.1595604236309345,22125
rxn:2:124422:75228,0.1585063087312798,22125
rxn:2:67593:169412,0.1582974958419799,22125
rxn:2:102522:96010,0.1562184000015258,22125
rxn:2:124792:113397,0.1556058808376914,22125
rxn:2:101355:108959,0.1553521339709942,22125
rxn:2:136117:67686,0.1539696737339622,22125
rxn:2:77560:159185,0.151987487077713,22125
rxn:2:167592:109025,0.1514863261470088,22125
rxn:2:95352:120822,0.1512254957969372,22125
rxn:2:67624:108959,0.15105668703715,22125
rxn:2:140720:90126,0.1501709648541041,22125
rxn:2:87971:71586,0.1498853649411882,22125
rxn:2:137534:170858,0.1493438197218853,22125
rxn:2:110352:93647,0.148872831288506,22125
rxn:2:95795:168058,0.1484892820489817,22125
rxn:2:77440:88359,0.1463756532896132,22125
rxn:2:167169:110334,0.1451928615570068,22125
rxn:2:138231:67686,0.1449598889601858,22125
rxn:2:103573:154103,0.1447667926549911,22125
rxn:2:122474:170060,0.1446006750238352,22125
rxn:2:122923:170060,0.1444877783457438,22125
rxn:2:112350:152898,0.1443887424468994,22125
rxn:2:124792:170060,0.1437386015187139,22125
rxn:2:138457:76379,0.1420788232769285,22125
rxn:2:67140:170892,0.1417107049907957,22125
rxn:2:131711:170913,0.1416514471725181,22125
rxn:2:72341:111147,0.1415211883458224,22125
rxn:2:141555:85686,0.1413504503391407,22125
rxn:2:138255:71586,0.1406534229006086,22125
rxn:2:124693:170858,0.140255923072497,22125
rxn:2:141397:154733,0.1398852599991692,22125
rxn:2:142622:74305,0.1395056446393331,22125
rxn:2:141497:171648,0.1390203496684199,22125
rxn:2:123459:141988,0.1388469934463501,22125
rxn:2:115378:107408,0.1380108159322005,22125
rxn:2:74972:169400,0.1376863588457522,22125
rxn:2:115282:170374,0.1375960486906546,22125
rxn:2:107415:96010,0.1368617033958435,22125
rxn:2:66858:169412,0.1359460221396552,22125
rxn:2:114506:88359,0.1346436711874875,22125
rxn:2:136508:120822,0.1314972713589668,22125
rxn:2:116191:67083,0.1267952837727286,22125
rxn:2:106136:88952,0.1219587611115497,22125
rxn:2:82977:142183,0.1122845879622868,22125
rxn:2:92382:154103,0.1553857570344751,22126
rxn:2:97900:169594,0.1551110315322875,22126
rxn:2:138457:173095,0.1548557380835215,22126
rxn:2:129842:67686,0.1531935466660393,22126
rxn:2:137524:123403,0.1526977705955505,22126
rxn:2:94402:96010,0.152376737859514,22126
rxn:2:104011:141988,0.1513537943363189,22126
rxn:2:110352:170221,0.1511801708312261,22126
rxn:2:72890:173016,0.1508694716862269,22126
rxn:2:139991:169412,0.1493334265855642,22126
rxn:2:88848:129880,0.1492804551124572,22126
rxn:2:77371:156984,0.1483855533599853,22126
rxn:2:162493:151170,0.1483550270398458,22126
rxn:2:117699:169412,0.1479406929016113,22126
rxn:2:68618:68807,0.1476511018616812,22126
rxn:2:141679:108959,0.1467045854639124,22126
rxn:2:137446:96010,0.1452128269054271,22126
rxn:2:145750:76379,0.1450101494789123,22126
rxn:2:150732:172618,0.1449531733989715,22126
rxn:2:66982:142183,0.1445631069295546,22126
rxn:2:104688:120822,0.1434165906906128,22126
rxn:2:140979:169412,0.1432473988368593,22126
rxn:2:84164:120822,0.1430714378754297,22126
rxn:2:135259:74293,0.1420764462514357,22126
rxn:2:92382:67686,0.1412018663004825,22126
rxn:2:150747:94314,0.139744942004864,22126
rxn:2:91798:108959,0.139278272102619,22126
rxn:2:83089:67686,0.1390209645032882,22126
rxn:2:141497:68807,0.1383983701467514,22126
rxn:2:133798:171392,0.1381441712379455,22126
rxn:2:113171:173089,0.13767926968061,22126
rxn:2:82607:94314,0.1374613463878631,22126
rxn:2:69172:78538,0.1371526338837363,22126
rxn:2:94616:109025,0.1360390926229542,22126
rxn:2:74199:170892,0.1357045440838254,22126
rxn:2:97024:129880,0.1352526545524597,22126
rxn:2:110271:171231,0.1320591952119554,22126
rxn:2:74393:91563,0.1317777832349141,22126
rxn:2:141397:170070,0.1308539666627582,22126
rxn:2:152228:142183,0.1300622522830963,22126
rxn:2:139218:66791,0.128567167690822,22126
rxn:2:142622:155572,0.1236068770803254,22126
rxn:2:150747:80319,0.122765975339072,22126
rxn:2:77202:126659,0.1205835455939883,22126
rxn:2:83006:172189,0.1197442257845843,22126
rxn:2:95601:141988,0.1158388597624642,22126
rxn:2:83579:85686,0.1142051163173857,22126
rxn:2:107952:70192,0.1052294401895432,22126
rxn:2:89552:68868,-0.0001173032955689,22126
rxn:2:166241:90126,0.1593453000331747,22127
rxn:2:138457:122855,0.1530000655739395,22127
rxn:2:66304:170892,0.1525512295109885,22127
rxn:2:100083:68807,0.1519330541292826,22127
rxn:2:166241:160916,0.151418593622023,22127
rxn:2:77560:172163,0.150862659726824,22127
rxn:2:156072:141889,0.1508416025726883,22127
rxn:2:106616:146533,0.1503358923870584,22127
rxn:2:139218:76379,0.148747946534838,22127
rxn:2:116231:170060,0.1470319562488132,22127
rxn:2:141397:139724,0.1469979599902504,22127
rxn:2:65963:169412,0.1465474367141723,22127
rxn:2:110222:108959,0.1461354670701203,22127
rxn:2:84357:96010,0.1445466041564941,22127
rxn:2:138923:142183,0.1428955137729644,22127
rxn:2:94683:170060,0.1423750540305828,22127
rxn:2:82049:96010,0.1418335390090942,22127
rxn:2:139504:123403,0.1418046626177701,22127
rxn:2:67593:156984,0.1414205074310302,22127
rxn:2:69022:173016,0.1408305083002363,22127
rxn:2:131041:67686,0.1394617142884627,22127
rxn:2:123716:91563,0.1385451895850045,22127
rxn:2:146036:153414,0.1374521374702453,22127
rxn:2:84357:68807,0.1366501379013061,22127
rxn:2:108752:142183,0.1358787342905998,22127
rxn:2:172280:142183,0.133545771241188,22127
rxn:2:141847:88396,0.1330693619591849,22127
rxn:2:110212:146828,0.1320547014474868,22127
rxn:2:141397:171534,0.1309942574728103,22127
rxn:2:100318:78077,0.1304952068762346,22127
rxn:2:101355:105101,0.1291294739796565,22127
rxn:2:167169:90126,0.1264175750591137,22127
rxn:2:156072:105749,0.1263367908972281,22127
rxn:2:80332:120822,0.1247264338391167,22127
rxn:2:66304:96010,0.1234943958429189,22127
rxn:2:116191:107746,0.1229568279307821,22127
rxn:2:162493:134530,0.1225293698134245,22127
rxn:2:145750:103126,0.1209875728402819,22127
rxn:2:135668:85686,0.1209741944358462,22127
rxn:1:65013:28754,0.1197980960210164,22127
rxn:1:65013:39052,0.1197980960210164,22127
rxn:2:66304:109025,0.1158972061597383,22127
rxn:2:126579:113963,0.1158758076754483,22127
rxn:2:93287:156511,0.0584793228369492,22127
rxn:2:161287:115927,0.0179130649194121,22127
rxn:2:93504:69508,0.1598372925882754,22128
rxn:2:89554:114519,0.1569208613148442,22128
rxn:2:66657:133871,0.1568812179565429,22128
rxn:2:118149:170060,0.1556609663470038,22128
rxn:2:106758:99556,0.1551386054073061,22128
rxn:2:123413:90126,0.1550033688545227,22128
rxn:2:95215:170060,0.154103764172258,22128
rxn:2:74139:156943,0.1521617603302002,22128
rxn:2:83604:147222,0.1519785875623876,22128
rxn:2:73713:170858,0.1516468442719558,22128
rxn:2:135415:169666,0.1499669949213663,22128
rxn:2:74139:108959,0.149351185018366,22128
rxn:2:86385:148477,0.1487712082655533,22128
rxn:2:114168:170060,0.1484345151827885,22128
rxn:2:119344:171231,0.1476252572289828,22128
rxn:2:79379:170060,0.1473431830052976,22128
rxn:2:114934:107408,0.1461285627805269,22128
rxn:2:83604:170026,0.1460615110397339,22128
rxn:2:141397:172893,0.1452928602695465,22128
rxn:2:111746:114519,0.1442655086517334,22128
rxn:2:86397:102419,0.1434779930114746,22128
rxn:2:72200:122855,0.1422306072144281,22128
rxn:2:113732:78538,0.1408749156528049,22128
rxn:2:122351:88550,0.1402078807353973,22128
rxn:2:91885:170060,0.140145260712196,22128
rxn:1:45229:12105,0.139753434393141,22128
rxn:2:80790:74293,0.1396593993360346,22128
rxn:2:91798:66791,0.1389307174189337,22128
rxn:2:117045:172752,0.1388611594835917,22128
rxn:2:162493:159692,0.136282454276907,22128
rxn:2:68618:108959,0.1346003924097333,22128
rxn:2:127713:171669,0.1345856145576194,22128
rxn:2:162493:76255,0.1342027485370636,22128
rxn:2:66658:114519,0.13363828510046,22128
rxn:2:137524:130267,0.1331119090318679,22128
rxn:2:118057:109025,0.1303980499505996,22128
rxn:2:84715:142183,0.1293390274047851,22128
rxn:2:87344:141988,0.1283534622192382,22128
rxn:2:77309:67686,0.1281197845935821,22128
rxn:2:100361:96010,0.1254702894775956,22128
rxn:2:85117:96010,0.1240967412789662,22128
rxn:2:152434:78351,0.1223169647414108,22128
rxn:2:68618:113626,0.1215372769920914,22128
rxn:2:114655:67686,0.1203984270493189,22128
rxn:2:85064:91563,0.1028437147969785,22128
rxn:2:124693:94314,0.158425387882051,22129
rxn:2:73749:70812,0.1575498933141881,22129
rxn:2:82049:123403,0.1568471814195315,22129
rxn:2:103739:170060,0.1535991966724395,22129
rxn:2:73951:94292,0.1520623131231828,22129
rxn:2:139383:168058,0.1512618147093674,22129
rxn:2:83693:96010,0.1505340271525913,22129
rxn:2:131974:173089,0.1504893324993274,22129
rxn:2:80519:148477,0.1496334626124455,22129
rxn:2:145750:113546,0.1492679571283274,22129
rxn:2:86811:120181,0.1485129638954445,22129
rxn:2:105340:171246,0.1478026840421888,22129
rxn:2:127486:78538,0.1471140601418235,22129
rxn:2:131711:170858,0.146085724234581,22129
rxn:2:81958:107408,0.1454638498170035,22129
rxn:2:125962:88532,0.1446197674824641,22129
rxn:2:113662:81152,0.1444447610689246,22129
rxn:2:106940:171246,0.1438042840787342,22129
rxn:2:113171:170482,0.1431650817394256,22129
rxn:2:90768:68807,0.1420597753354481,22129
rxn:2:94862:96010,0.1418545955703372,22129
rxn:2:105023:96010,0.1418284527186689,22129
rxn:2:160401:94661,0.1407126497339319,22129
rxn:2:95375:170060,0.1406765778859456,22129
rxn:2:128763:170060,0.1405373439192772,22129
rxn:2:104688:169851,0.1404594138816551,22129
rxn:2:124693:122855,0.1401577449980236,22129
rxn:2:125962:165045,0.138753042771266,22129
rxn:2:97453:170892,0.1386417746543884,22129
rxn:2:74199:172076,0.138124676545461,22129
rxn:2:79392:129880,0.137715108692646,22129
rxn:2:97543:76289,0.1375904031421827,22129
rxn:2:118579:120822,0.1370475482940673,22129
rxn:2:76625:68807,0.1363558095434437,22129
rxn:2:83579:172927,0.1358750955811862,22129
rxn:2:142622:172076,0.1351003992942071,22129
rxn:2:100318:140099,0.1346441166741507,22129
rxn:2:131682:142183,0.1331162367548261,22129
rxn:2:106758:114642,0.1304294146024263,22129
rxn:2:167169:92027,0.1279043394785661,22129
rxn:2:148180:113626,0.1268919308980306,22129
rxn:2:130209:147379,0.1246251326340895,22129
rxn:2:125198:169305,0.1224377934749309,22129
rxn:2:105023:107408,0.1174220293760299,22129
rxn:2:158858:109025,0.1134362965822219,22129
rxn:2:92133:120665,0.0355068246523539,22129
rxn:2:114945:107408,0.163209726413091,22130
rxn:2:105108:96010,0.1534879973956517,22130
rxn:2:142622:143698,0.153212074575753,22130
rxn:2:141544:107408,0.1525207247052873,22130
rxn:2:133259:107408,0.1514184772968292,22130
rxn:2:141397:154706,0.1499787313597542,22130
rxn:2:79495:171669,0.1492492225435045,22130
rxn:2:163596:114642,0.1489191246884209,22130
rxn:2:125968:169851,0.1482441955142551,22130
rxn:2:94439:169412,0.1470987686404475,22130
rxn:2:138933:170411,0.1470006491456713,22130
rxn:2:167169:76379,0.14657355900164,22130
rxn:2:121350:169412,0.1453329370572016,22130
rxn:2:101689:67686,0.1449131000609625,22130
rxn:2:82773:97346,0.1438016020334684,22130
rxn:2:87433:173095,0.1436405615373091,22130
rxn:2:138643:85686,0.1434174731925681,22130
rxn:2:115674:96010,0.1433943090615449,22130
rxn:2:116231:127220,0.1432394310832023,22130
rxn:2:86811:109025,0.1403016116884019,22130
rxn:2:167169:141889,0.1399975661878232,22130
rxn:2:132131:170060,0.1396174788475036,22130
rxn:2:136615:107408,0.1389824748039245,22130
rxn:2:95352:122855,0.1385728418827057,22130
rxn:2:70859:168058,0.1375924070676167,22130
rxn:2:77202:172189,0.1375384816416987,22130
rxn:2:87971:90126,0.137252459526062,22130
rxn:2:141876:170060,0.1371637330605433,22130
rxn:2:73728:169550,0.135890091007406,22130
rxn:2:84839:96010,0.1352358555793762,22130
rxn:2:139105:91563,0.1346406588951746,22130
rxn:2:95370:108959,0.1342882491924144,22130
rxn:2:107531:141195,0.1335750520229339,22130
rxn:2:130225:78538,0.1328869760036468,22130
rxn:2:68805:159185,0.1321559392887613,22130
rxn:2:78560:69508,0.1303285982297814,22130
rxn:2:67187:170999,0.12955465225073,22130
rxn:2:141544:88359,0.1293751647075017,22130
rxn:2:76009:130267,0.1277468619139298,22130
rxn:2:66765:120822,0.1250079824374272,22130
rxn:2:141679:96010,0.1238025029500325,22130
rxn:2:67778:108959,0.1216090222199757,22130
rxn:2:80332:122855,0.1206507636950566,22130
rxn:2:66336:67686,0.1201087137063344,22130
rxn:2:156072:149508,0.1091402769088745,22130
rxn:2:153234:96010,0.0933017178818031,22130
rxn:2:167169:96010,0.1606933408313327,22131
rxn:2:138592:85115,0.1563978516138517,22131
rxn:2:114509:171069,0.155342212429753,22131
rxn:2:73749:128669,0.1551643247189729,22131
rxn:2:67380:68807,0.1548085166857792,22131
rxn:2:103739:108959,0.1547143547623246,22131
rxn:2:93664:102373,0.1538671721582827,22131
rxn:2:74737:171669,0.1536655359798007,22131
rxn:2:118279:159800,0.153645429611206,22131
rxn:2:110247:108959,0.1526703260563038,22131
rxn:2:138457:85686,0.1517001522911919,22131
rxn:2:139218:159692,0.1515885098227139,22131
rxn:2:70104:82536,0.1515039553244908,22131
rxn:2:122923:170828,0.1512878139813741,22131
rxn:2:152434:112875,0.1507021497797083,22131
rxn:2:95795:170892,0.15007268006985,22131
rxn:2:159813:170892,0.1495895162224769,22131
rxn:2:69619:94314,0.1467123215015117,22131
rxn:2:162493:122855,0.1461620021749425,22131
rxn:2:122923:109025,0.1459087354165536,22131
rxn:2:108946:96010,0.1458122862709893,22131
rxn:2:95804:125333,0.1456318100293477,22131
rxn:2:89554:120822,0.1451134858308015,22131
rxn:2:141819:170858,0.1434766103823979,22131
rxn:2:106940:172751,0.1429926443983007,22131
rxn:2:141544:170858,0.1418955971797307,22131
rxn:2:80294:170858,0.1414365635977851,22131
rxn:2:84078:88103,0.1401028727230272,22131
rxn:2:113171:169400,0.1374545526504516,22131
rxn:2:101355:76379,0.1370879640946021,22131
rxn:2:95795:69508,0.1369847631454467,22131
rxn:2:133750:171231,0.136466988495418,22131
rxn:2:166241:141988,0.1355571212439701,22131
rxn:2:98184:87722,0.1342297678902035,22131
rxn:2:123859:171231,0.1336902252265385,22131
rxn:2:83604:87593,0.1334767802195115,22131
rxn:2:66358:168058,0.1333866821868079,22131
rxn:2:69237:116515,0.1316793194183936,22131
rxn:2:73713:109025,0.1315522789955139,22131
rxn:2:160401:90126,0.131037529025759,22131
rxn:2:98283:170060,0.127048515847751,22131
rxn:2:79251:120822,0.1257183009927923,22131
rxn:2:121883:85686,0.1255199611186981,22131
rxn:2:146036:172076,0.1220632637700726,22131
rxn:2:105568:120822,0.1220052018761634,22131
rxn:2:105485:88952,0.1191605819123131,22131
rxn:2:114506:91563,0.1142548776808239,22131
rxn:2:163476:142183,0.1106599796385992,22131
rxn:2:85630:172751,0.1042520364125569,22131
rxn:2:137816:159800,0.0911285664354051,22131
rxn:2:167169:129880,0.1608255633286067,22132
rxn:2:87202:78538,0.1571852618997747,22132
rxn:2:88235:142183,0.1559191189314189,22132
rxn:2:73749:173089,0.1558231115341186,22132
rxn:2:167169:161103,0.1551499366760254,22132
rxn:2:100451:104330,0.1550853053728739,22132
rxn:2:97946:107408,0.1545563185656512,22132
rxn:2:67298:96010,0.1544965555270513,22132
rxn:2:122923:94314,0.1528320770997267,22132
rxn:2:86536:108959,0.151441859787908,22132
rxn:2:84871:170892,0.1513988176981608,22132
rxn:2:97374:173089,0.1513387652543875,22132
rxn:2:79586:98873,0.1507809956868489,22132
rxn:2:137984:170060,0.1498681019092428,22132
rxn:2:108880:91563,0.1493824046591053,22132
rxn:2:167169:121063,0.1483468498502458,22132
rxn:2:77560:169400,0.1481968354095112,22132
rxn:2:78366:169412,0.1478200356165568,22132
rxn:2:88266:97563,0.1477859753828782,22132
rxn:2:141397:161575,0.1476222090423107,22132
rxn:2:68618:144172,0.1472913409982408,22132
rxn:2:110247:170892,0.1465210544651952,22132
rxn:2:145750:97710,0.1458507858473679,22132
rxn:2:102135:170060,0.1453790087853708,22132
rxn:2:149197:108959,0.1435663435194227,22132
rxn:2:130401:123403,0.1435065632281096,22132
rxn:2:137816:148477,0.1432604832308633,22132
rxn:2:72890:68807,0.1432283313378043,22132
rxn:2:125198:173095,0.1426749436751656,22132
rxn:2:140720:107408,0.1405240893363952,22132
rxn:2:93504:91563,0.1392045643018639,22132
rxn:2:126006:172494,0.1383487947525516,22132
rxn:2:110765:169412,0.1381960572867558,22132
rxn:2:122351:143909,0.1378785371780395,22132
rxn:2:125962:144944,0.137416449876932,22132
rxn:2:78535:90126,0.1372693043488722,22132
rxn:2:141815:173089,0.1364701454128538,22132
rxn:2:75149:170060,0.1364067439679746,22132
rxn:2:166244:109025,0.135631227934802,22132
rxn:2:82050:170913,0.1335730048326345,22132
rxn:2:141497:78538,0.1326366748128618,22132
rxn:2:83885:169851,0.1326125475668138,22132
rxn:2:78535:116842,0.1312579001699175,22132
rxn:2:99121:170060,0.1287097462585994,22132
rxn:2:107531:65814,0.1280941792896815,22132
rxn:2:69663:173089,0.1270681398886221,22132
rxn:2:108880:122855,0.1220640000842866,22132
rxn:2:99269:123403,0.119981444798983,22132
rxn:2:160800:144172,0.1153000593185424,22132
rxn:2:124693:75017,0.1116371236064217,22132
rxn:1:43685:4313,-0.0024047193151933,22132
rxn:2:97543:170892,0.1636159679164057,22133
rxn:2:135959:67686,0.1603661899765332,22133
rxn:2:94771:143624,0.1589800573530651,22133
rxn:2:167169:155500,0.1571840544541677,22133
rxn:2:141381:96010,0.1563761085271835,22133
rxn:2:149922:68807,0.1530833532070291,22133
rxn:2:70376:67686,0.1528688355496055,22133
rxn:2:122324:96010,0.1518626052599687,22133
rxn:2:122488:170060,0.1494768623794828,22133
rxn:2:78032:88396,0.1482559101922171,22133
rxn:2:167169:70270,0.1480606687920434,22133
rxn:2:145750:143698,0.1477348573746219,22133
rxn:2:156072:156984,0.1476037502288818,22133
rxn:2:67380:108287,0.1472721144005104,22133
rxn:2:76625:113546,0.1468683860518715,22133
rxn:2:166241:123403,0.1463206538132258,22133
rxn:2:93644:161103,0.1456429958343505,22133
rxn:2:69951:142183,0.1452783495187759,22133
rxn:2:66304:102373,0.1452752299930738,22133
rxn:2:112350:166167,0.1443291354179382,22133
rxn:2:113822:108959,0.1434961681564649,22133
rxn:2:137534:172751,0.1431352341616595,22133
rxn:2:130300:170060,0.1431181947390238,22133
rxn:2:71646:67686,0.142625375797874,22133
rxn:2:90771:156984,0.1401974002520243,22133
rxn:2:137524:96010,0.1401774608171903,22133
rxn:2:94642:171669,0.1394806349719012,22133
rxn:2:87344:76379,0.1385522747039795,22133
rxn:2:141397:171231,0.1385343849658966,22133
rxn:2:106758:144944,0.1372461089721093,22133
rxn:2:160401:156984,0.13597583963025,22133
rxn:2:146942:170892,0.1327413730323314,22133
rxn:2:113765:142183,0.1299401256773207,22133
rxn:2:167169:136123,0.1283981544630868,22133
rxn:2:73585:159692,0.1274996140728826,22133
rxn:2:99080:68807,0.1228084241350491,22133
rxn:2:108320:159692,0.1208384312116182,22133
rxn:2:81680:170060,0.1205337139276357,22133
rxn:2:74393:169412,0.118913225505663,22133
rxn:2:93811:96010,0.1167875741209302,22133
rxn:2:164315:96010,0.1136216878890991,22133
rxn:2:67593:70192,0.1132622361183166,22133
rxn:2:141397:169366,0.1095323752273212,22133
rxn:2:150747:129880,0.0911320086036409,22133
rxn:2:103818:122855,0.1555638456344604,22134
rxn:2:88299:91582,0.1542678583752025,22134
rxn:2:106758:85115,0.1539155657474811,22134
rxn:2:146036:120822,0.1525375699174815,22134
rxn:2:106758:118444,0.1522839482013996,22134
rxn:2:86071:110334,0.1522693082138344,22134
rxn:2:111746:85686,0.1522568567939426,22134
rxn:2:84357:107408,0.1509746412436167,22134
rxn:2:94771:143660,0.1505350669225057,22134
rxn:2:110352:160104,0.1504115551710128,22134
rxn:2:66304:139886,0.1494249288852398,22134
rxn:2:114213:173089,0.148823524514834,22134
rxn:2:110352:170482,0.1487743288278579,22134
rxn:2:79984:169856,0.1465727605602958,22134
rxn:2:139218:109025,0.1460064798593521,22134
rxn:2:92382:169197,0.1456982953981919,22134
rxn:2:138457:158199,0.1456505430155787,22134
rxn:2:166241:173095,0.1451909195992254,22134
rxn:2:120369:172618,0.1445915869304112,22134
rxn:2:101355:109025,0.1445333865972665,22134
rxn:2:167169:67655,0.1445198761565344,22134
rxn:2:109607:172751,0.1434223850568135,22134
rxn:2:133339:108959,0.1422049552202224,22134
rxn:2:114945:108959,0.1418027973175049,22134
rxn:2:90109:142183,0.1414712985356648,22134
rxn:2:105023:108959,0.1412735067564865,22134
rxn:2:106136:170892,0.140118263385914,22134
rxn:2:142033:118142,0.14002259572347,22134
rxn:2:91903:141195,0.1395360127739284,22134
rxn:2:97063:110334,0.1391641064123674,22134
rxn:2:110222:96010,0.1387810795395462,22134
rxn:2:167169:120038,0.1369666989360536,22134
rxn:2:141397:169487,0.1366937323050065,22134
rxn:2:144636:109025,0.136241580758776,22134
rxn:2:141397:67213,0.1356025423322405,22134
rxn:2:108186:172033,0.1353977918624878,22134
rxn:2:165375:142183,0.1350738845373454,22134
rxn:2:124198:102373,0.1348188430070877,22134
rxn:2:100097:68807,0.1339492797851562,22134
rxn:2:135450:168058,0.1310187489898116,22134
rxn:2:76941:96010,0.1305225704397474,22134
rxn:2:73749:141889,0.1295305905134781,22134
rxn:2:167768:139886,0.1290275189611646,22134
rxn:2:105108:108959,0.1135694980621337,22134
rxn:2:84761:96010,0.1095737690726916,22134
rxn:2:167169:100235,0.1094501706270071,22134
rxn:2:167592:169412,0.1564968148867289,22135
rxn:2:94771:147222,0.1562666633854741,22135
rxn:2:122923:122855,0.1554405574615185,22135
rxn:2:66894:108959,0.1542592332476661,22135
rxn:2:167169:107956,0.1539167905675953,22135
rxn:2:104087:170892,0.1532303134600321,22135
rxn:2:132071:68807,0.1522857248783111,22135
rxn:2:167260:156984,0.151584293693304,22135
rxn:2:164315:122855,0.1513340884241564,22135
rxn:2:137524:126659,0.1496648693084716,22135
rxn:2:91798:114519,0.1496554056803385,22135
rxn:2:118218:169412,0.1487597720376376,22135
rxn:2:108432:170060,0.1486134099960327,22135
rxn:2:84697:169412,0.1482833794185093,22135
rxn:2:114522:68807,0.1481202567617098,22135
rxn:2:67187:78538,0.1480848164785476,22135
rxn:2:150732:141988,0.1478941398007529,22135
rxn:2:137587:173095,0.147278122279955,22135
rxn:2:139686:169412,0.1462048821979099,22135
rxn:2:77793:169666,0.144636058807373,22135
rxn:2:129587:120822,0.1444540172815323,22135
rxn:2:107777:170060,0.14445326284126,22135
rxn:2:141397:168988,0.143815729022026,22135
rxn:2:100306:169412,0.1429390249581172,22135
rxn:2:97946:159692,0.1428299032408615,22135
rxn:2:90089:74293,0.1413228171212332,22135
rxn:2:167169:156984,0.1409176508585612,22135
rxn:2:117046:75228,0.1404832531424129,22135
rxn:2:87290:70192,0.1401022491247757,22135
rxn:2:132373:169412,0.1395040559768676,22135
rxn:2:142622:91511,0.1384821278708321,22135
rxn:2:167169:69998,0.137809795361978,22135
rxn:2:74079:96010,0.1365158204679135,22135
rxn:2:82049:94314,0.1364022841056188,22135
rxn:2:150747:173095,0.1357751509238933,22135
rxn:2:128825:173095,0.1353458712498347,22135
rxn:2:95352:96010,0.1317792272567749,22135
rxn:2:141544:109025,0.1310459592125632,22135
rxn:2:73235:141988,0.1299764580196804,22135
rxn:2:75313:170060,0.1298683541161673,22135
rxn:2:143107:107408,0.129472776695534,22135
rxn:2:86229:170060,0.1293715326874344,22135
rxn:2:113063:104907,0.1266431560118993,22135
rxn:2:167169:108127,0.1263729631900787,22135
rxn:2:139105:170411,0.1216577930109841,22135
rxn:1:52219:28888,0.0135619819164276,22135
rxn:2:104678:170060,0.157201901630119,22136
rxn:2:122705:127220,0.1571035917316164,22136
rxn:2:86811:110041,0.1570934836681072,22136
rxn:2:142622:120822,0.1532294010293894,22136
rxn:2:87688:169851,0.1496363436734235,22136
rxn:2:122923:156984,0.1492587804794311,22136
rxn:2:73951:171246,0.1492233255079814,22136
rxn:2:68680:94292,0.1491348307866316,22136
rxn:2:119266:170892,0.1483615184652394,22136
rxn:2:110392:171231,0.1483604135336699,22136
rxn:2:96733:104470,0.1478177487850189,22136
rxn:2:138933:159800,0.1477699829981877,22136
rxn:2:132329:67686,0.1474690580368042,22136
rxn:2:87579:169412,0.147230013653084,22136
rxn:2:138527:170411,0.1467006966985505,22136
rxn:2:94862:169594,0.1450820763905843,22136
rxn:2:70104:68807,0.1448428895738389,22136
rxn:2:97946:110041,0.143747400354456,22136
rxn:2:119773:170892,0.1434411450668617,22136
rxn:2:108320:168058,0.1428333679835001,22136
rxn:2:94771:154103,0.1418040069666775,22136
rxn:2:95380:155734,0.1405390592721792,22136
rxn:2:98606:70192,0.1393400864167646,22136
rxn:2:97063:66791,0.1390950788151134,22136
rxn:2:140341:94314,0.1385795831680298,22136
rxn:2:134644:107408,0.1379402213626437,22136
rxn:2:99601:172265,0.1372244380138538,22136
rxn:2:77440:169197,0.1367802078073675,22136
rxn:2:112154:107408,0.1362780057466947,22136
rxn:2:125845:173095,0.1355460807681083,22136
rxn:2:110247:96010,0.1346287859810723,22136
rxn:2:122351:101091,0.1341915758032547,22136
rxn:2:91928:120822,0.1335940051961828,22136
rxn:2:136575:170060,0.1321786642074585,22136
rxn:2:141397:153399,0.1306163480407313,22136
rxn:2:112079:68807,0.1272354221343994,22136
rxn:2:103984:108959,0.1251952418914208,22136
rxn:2:162493:90126,0.1231640705040523,22136
rxn:2:160401:97346,0.1069013499296628,22136
rxn:2:110352:108959,0.0994442105293273,22136
rxn:2:130477:102419,0.1648315588633219,22137
rxn:2:141544:169412,0.1546762228012085,22137
rxn:2:105568:173089,0.1534767901455914,22137
rxn:2:68680:69508,0.1520857948523301,22137
rxn:2:125425:96010,0.1517913606431749,22137
rxn:2:75557:122855,0.1502490299088614,22137
rxn:2:160401:91582,0.150184888106126,22137
rxn:2:89311:112929,0.1487900520625867,22137
rxn:2:124417:170060,0.1482467033244945,22137
rxn:2:77560:117186,0.1482328211559969,22137
rxn:2:74972:170892,0.1481165560809048,22137
rxn:2:137816:110334,0.1480912160873413,22137
rxn:2:150747:84225,0.1473575660160609,22137
rxn:2:139383:153414,0.1470941259310795,22137
rxn:2:119344:169666,0.1466402173042297,22137
rxn:2:72200:173095,0.144987091422081,22137
rxn:2:94862:170482,0.144590356349945,22137
rxn:2:71522:170060,0.1424769692950778,22137
rxn:2:138255:169851,0.1419710176331656,22137
rxn:2:146036:169412,0.140527602164976,22137
rxn:2:119366:94314,0.1402598047256469,22137
rxn:2:99558:170060,0.1398069901125771,22137
rxn:2:105340:169305,0.139351065158844,22137
rxn:2:76638:171231,0.1392008485617461,22137
rxn:2:110191:67686,0.1378950959160214,22137
rxn:2:71347:96010,0.1367149620220579,22137
rxn:2:79774:112875,0.1361220819609505,22137
rxn:2:73676:108959,0.132629428591047,22137
rxn:2:156072:172076,0.1318610231081644,22137
rxn:2:66658:95550,0.1318148555962935,22137
rxn:2:91764:96514,0.1298633337020874,22137
rxn:2:70411:92488,0.1293024512437673,22137
rxn:2:165559:151170,0.1286715010801951,22137
rxn:2:118057:68807,0.1279493520657221,22137
rxn:2:79251:88359,0.1270785046660381,22137
rxn:2:91597:69508,0.126734821692757,22137
rxn:2:114506:170548,0.1266891593518464,22137
rxn:2:94771:172265,0.1233284628909567,22137
rxn:2:97946:117674,0.1217260892902101,22137
rxn:1:65438:39085,0.1200489774346351,22137
rxn:2:144636:123403,0.1187384724617004,22137
rxn:2:82511:126659,0.1179558818156902,22137
rxn:2:76440:108959,0.1152180552482605,22137
rxn:2:136139:171392,0.1114394802313584,22137
rxn:2:124003:67686,0.1109642362594604,22137
rxn:2:110352:166766,0.1581960290670395,22138
rxn:2:135058:156943,0.1574237048625946,22138
rxn:2:94862:91563,0.1559303511272777,22138
rxn:2:91950:96010,0.1521594391928779,22138
rxn:2:141525:144664,0.1520114001773652,22138
rxn:2:74567:108959,0.1487924699430112,22138
rxn:2:91950:170060,0.1486645738283793,22138
rxn:2:85973:96010,0.1483181008586177,22138
rxn:2:69680:173089,0.1475256372381139,22138
rxn:2:103818:170060,0.1472109926157984,22138
rxn:2:92476:78538,0.1467626820439877,22138
rxn:2:110768:127220,0.1464917659759521,22138
rxn:2:104748:126659,0.1460698008537292,22138
rxn:2:112333:169412,0.1460332622130712,22138
rxn:2:131167:169412,0.1457804772588941,22138
rxn:2:137816:120181,0.1448642468452453,22138
rxn:2:92382:122855,0.1447436677085029,22138
rxn:2:131974:114519,0.1447250445683797,22138
rxn:2:68525:173095,0.1435373182649965,22138
rxn:2:116191:91563,0.1430363273620605,22138
rxn:2:132998:66791,0.1411955952644348,22138
rxn:2:121911:107567,0.1410897686367943,22138
rxn:2:107651:161575,0.1409207820892334,22138
rxn:2:68737:123403,0.1407230550592595,22138
rxn:2:102522:127220,0.1406568241119384,22138
rxn:2:141847:83009,0.1405741958057179,22138
rxn:2:132131:171152,0.1392683921189143,22138
rxn:2:108320:173095,0.1385829051335652,22138
rxn:2:141397:172278,0.1380748649438222,22138
rxn:2:110352:173161,0.1377968976372166,22138
rxn:2:145188:81125,0.1376894669873374,22138
rxn:2:83688:90126,0.1372328868934086,22138
rxn:2:130209:169851,0.1365498392670243,22138
rxn:2:113732:120822,0.1362392902374267,22138
rxn:2:66358:173248,0.136072984108558,22138
rxn:2:77780:170892,0.1358630490303039,22138
rxn:2:134689:122855,0.1348659370256507,22138
rxn:2:101355:172076,0.1334992934917581,22138
rxn:2:104030:70192,0.1324108372563901,22138
rxn:2:91747:172189,0.1315643992917291,22138
rxn:2:86071:120181,0.1277779075834486,22138
rxn:2:110352:154498,0.1275244057178497,22138
rxn:2:114506:169197,0.1252294778823852,22138
rxn:2:146036:76379,0.1247914901801518,22138
rxn:2:97024:159800,0.1201756367316612,22138
rxn:2:122923:169668,0.1166715284188588,22138
rxn:2:88304:169412,0.1076335852796381,22138
rxn:2:148180:108959,0.1072868938956942,22138
rxn:2:122923:85686,0.0921130593006427,22138
rxn:2:79809:170892,0.1595382054646809,22139
rxn:2:127318:169412,0.1564930721565529,22139
rxn:2:141381:108959,0.1540138920148213,22139
rxn:2:133392:169412,0.1535400243905874,22139
rxn:2:120564:170668,0.1533657753909075,22139
rxn:2:90799:90126,0.1531245840920342,22139
rxn:2:83460:88359,0.1527462651332219,22139
rxn:2:74168:170892,0.1521917333205541,22139
rxn:2:101439:171069,0.152007427708856,22139
rxn:2:116489:169412,0.1515958881378173,22139
rxn:2:121949:108959,0.1501463937759399,22139
rxn:2:113171:172618,0.1491371889909108,22139
rxn:2:138255:119227,0.1490241548289423,22139
rxn:2:133292:122855,0.1488438800529197,22139
rxn:2:133799:67686,0.1480331609123631,22139
rxn:2:81631:67686,0.147999221086502,22139
rxn:2:114168:120822,0.1475525349378585,22139
rxn:2:89311:91563,0.1471386693772815,22139
rxn:2:133270:170060,0.1465447195645036,22139
rxn:2:138457:114519,0.1444374569531144,22139
rxn:2:122923:76379,0.144150937045062,22139
rxn:2:89509:173095,0.1439112424850464,22139
rxn:2:102078:169851,0.1431384921073913,22139
rxn:2:67187:68234,0.1426028229973533,22139
rxn:2:97024:168058,0.1417176787342344,22139
rxn:2:146036:173095,0.1413797716299693,22139
rxn:2:120564:68807,0.1412601118738001,22139
rxn:2:75341:168058,0.1412544633660997,22139
rxn:2:119211:170060,0.1402669173699838,22139
rxn:2:141397:170940,0.1402166277170181,22139
rxn:2:132002:172265,0.1378758693563527,22139
rxn:2:146036:139599,0.1374251143685702,22139
rxn:2:79392:170892,0.1371982359886169,22139
rxn:2:127463:107408,0.1369343698024749,22139
rxn:2:107938:112875,0.1362206745147705,22139
rxn:2:108231:170892,0.1355233235018594,22139
rxn:2:70925:141988,0.1336086591084798,22139
rxn:2:103585:173089,0.1304794817135252,22139
rxn:2:132899:169305,0.130061585169572,22139
rxn:2:166241:120822,0.129945687452952,22139
rxn:2:113171:122855,0.1288443803787231,22139
rxn:2:167169:150298,0.1282678595904646,22139
rxn:2:114191:129880,0.1269813825686772,22139
rxn:2:86297:169412,0.1241389513015747,22139
rxn:2:130515:67686,0.1228081920872564,22139
rxn:2:74199:124273,0.1135380130547743,22139
rxn:1:60111:20674,-0.0232838492553967,22139
rxn:2:160401:70812,0.1567531294292873,22140
rxn:2:141695:94314,0.1564401854639468,22140
rxn:2:110392:120822,0.1502528112867604,22140
rxn:2:123785:129880,0.1498744019440242,22140
rxn:2:120447:67686,0.1486787984245701,22140
rxn:2:139209:156549,0.1478969511531648,22140
rxn:2:121911:88103,0.147457256203606,22140
rxn:2:86811:87790,0.1466813484827677,22140
rxn:2:121099:141988,0.1463075743781196,22140
rxn:2:76440:127220,0.146152548789978,22140
rxn:2:67624:91563,0.1457545208930969,22140
rxn:2:122923:146533,0.144847571849823,22140
rxn:2:118157:173089,0.1447350680828094,22140
rxn:2:74972:167914,0.1444191478547595,22140
rxn:2:145188:128669,0.1443858105560828,22140
rxn:2:97543:171246,0.1442042908498219,22140
rxn:2:145188:94543,0.1436577357094863,22140
rxn:2:113171:172189,0.1435623831219143,22140
rxn:2:84839:123403,0.1431117306152979,22140
rxn:2:73728:117327,0.1426873624324798,22140
rxn:2:88848:108959,0.142486535012722,22140
rxn:2:140979:124273,0.1422493505477905,22140
rxn:2:167169:169292,0.1417920397173973,22140
rxn:2:69444:160916,0.1414113756149045,22140
rxn:2:112020:170060,0.1363221448043297,22140
rxn:2:164315:159692,0.1343898446329178,22140
rxn:2:100097:104467,0.1340065909468609,22140
rxn:2:138457:67655,0.1333932671053656,22140
rxn:2:91999:171492,0.1328473488489786,22140
rxn:2:102522:171392,0.1316913344241954,22140
rxn:2:97876:156984,0.1305695899895259,22140
rxn:2:95901:142183,0.1295021812121073,22140
rxn:2:113326:107408,0.1266815685308896,22140
rxn:2:140875:107408,0.1240188341874342,22140
rxn:2:128535:91563,0.1169632047414779,22140
rxn:2:73749:95635,0.1163597443829412,22140
rxn:2:166241:112875,0.1070766493126198,22140
rxn:2:138255:103126,0.1052596361740775,22140
rxn:2:132002:87722,0.1021860837936401,22140
rxn:2:110352:169400,0.0999534694772017,22140
rxn:2:128000:139886,0.0994105875492095,22140
rxn:1:45601:5297,-0.0199564894040425,22140
rxn:2:119089:142183,0.1601623833179473,22141
rxn:2:75399:170060,0.1566300094127655,22141
rxn:2:104781:68807,0.1560180311401685,22141
rxn:2:126006:169412,0.1554167228085654,22141
rxn:2:68525:126659,0.1554074808955192,22141
rxn:2:73951:172388,0.1542789894959022,22141
rxn:2:89902:77963,0.154067351704552,22141
rxn:2:97900:143660,0.1535120954116185,22141
rxn:2:74177:169666,0.152815568447113,22141
rxn:2:81609:171231,0.1527962386608123,22141
rxn:2:112208:171231,0.1523928066779827,22141
rxn:2:71072:116404,0.1519023954868316,22141
rxn:2:144636:146533,0.1513179982862164,22141
rxn:2:98374:168058,0.1512736493143542,22141
rxn:2:120356:171392,0.148587194772867,22141
rxn:2:100611:170892,0.1482537902634719,22141
rxn:2:136139:108959,0.1474426289399465,22141
rxn:2:92382:147513,0.1471527408469807,22141
rxn:2:88097:96010,0.1465817919144263,22141
rxn:2:166241:68807,0.1463806916927469,22141
rxn:2:135415:169286,0.1461755612800861,22141
rxn:2:136508:170060,0.1459139952292809,22141
rxn:2:102522:156984,0.1457479766436985,22141
rxn:2:77440:169785,0.1456860974431038,22141
rxn:2:116296:155734,0.1456221983982966,22141
rxn:2:133535:120181,0.1449653460429265,22141
rxn:2:141397:171988,0.1445435523986816,22141
rxn:2:127440:173095,0.1443219525473458,22141
rxn:2:73738:170892,0.143217750664415,22141
rxn:2:94402:94314,0.1427630094381479,22141
rxn:2:139637:169340,0.1427291683528734,22141
rxn:2:91885:169412,0.1421482563018798,22141
rxn:2:99084:171426,0.1421228647232055,22141
rxn:2:94616:87790,0.1415457191138432,22141
rxn:2:70378:170411,0.1407776602676936,22141
rxn:2:141397:170347,0.1390223554942919,22141
rxn:2:105267:170060,0.1386419740216485,22141
rxn:2:83579:172317,0.1374616203484711,22141
rxn:2:72890:108959,0.1362588146458501,22141
rxn:2:84123:126659,0.1357150645483107,22141
rxn:2:141695:94292,0.1350954174995422,22141
rxn:2:104030:127220,0.134376181208569,22141
rxn:2:167169:83197,0.1333923912965334,22141
rxn:2:127713:170060,0.1328901520797184,22141
rxn:2:113575:85686,0.1328872101647513,22141
rxn:2:66069:67686,0.1328374544779459,22141
rxn:2:97024:156984,0.1291384215538318,22141
rxn:2:93664:111147,0.1285639038452735,22141
rxn:2:89554:110041,0.1214639711380004,22141
rxn:1:61996:11984,0.0235229457063334,22141
rxn:2:139123:107408,0.1596008157730102,22142
rxn:2:140720:142192,0.1585277915000915,22142
rxn:1:60111:31577,0.1557054837544759,22142
rxn:2:91097:173089,0.1542142298486497,22142
rxn:2:92934:68807,0.1526905389932485,22142
rxn:2:76500:88330,0.1523737582293423,22142
rxn:2:150747:155258,0.1518993079662323,22142
rxn:2:85140:107408,0.1518865919113159,22142
rxn:2:120936:146828,0.1514811723128609,22142
rxn:2:110352:156047,0.1514404388991269,22142
rxn:2:130059:141988,0.1504751006762186,22142
rxn:2:124693:123265,0.1497852325439453,22142
rxn:2:77560:147513,0.1496698531237515,22142
rxn:2:139105:129880,0.1495414773623148,22142
rxn:2:102636:96010,0.1492765474319458,22142
rxn:2:135654:146828,0.1487967740921747,22142
rxn:2:76089:170060,0.1461884592260633,22142
rxn:2:76500:91624,0.1460465930757068,22142
rxn:2:132998:111147,0.1450039744377136,22142
rxn:2:124422:70192,0.1441555202007293,22142
rxn:2:110352:169560,0.14375821352005,22142
rxn:2:102522:171069,0.1437184194038654,22142
rxn:2:141397:172397,0.143329536372965,22142
rxn:2:89311:109025,0.1430262088775634,22142
rxn:2:77397:170892,0.1414923783271543,22142
rxn:2:72583:170060,0.1404519035265996,22142
rxn:2:129993:169412,0.1401405096054077,22142
rxn:2:114213:150766,0.1398931259200686,22142
rxn:2:132998:104330,0.1384380192592226,22142
rxn:2:139218:173095,0.1371996124585469,22142
rxn:2:144636:171392,0.1359210948149363,22142
rxn:2:109895:169412,0.1339037929262433,22142
rxn:2:138508:95801,0.1338890691598256,22142
rxn:2:149481:141988,0.1323741227388382,22142
rxn:2:72595:67686,0.1317201334497203,22142
rxn:2:78520:67686,0.1293704238804904,22142
rxn:2:110247:102373,0.1273809025684992,22142
rxn:2:95901:148296,0.124344344649996,22142
rxn:2:117046:171648,0.1243124490692502,22142
rxn:2:68525:71323,0.1239686115928318,22142
rxn:2:75840:141889,0.1036061698740178,22142
rxn:2:165559:120181,0.1021004893950053,22142
rxn:2:123413:117186,0.096092939376831,22142
rxn:2:104572:107408,0.0913362226315907,22142
rxn:2:128153:127220,0.1618113828741985,22143
rxn:2:128825:78538,0.1579725897830465,22143
rxn:2:103172:170060,0.1569518314467536,22143
rxn:2:88848:78538,0.1561142230033874,22143
rxn:2:122955:171231,0.1551122580255781,22143
rxn:2:114168:171231,0.1548622591154916,22143
rxn:2:137816:172709,0.1540855292616219,22143
rxn:2:135811:172618,0.1533541133006414,22143
rxn:2:102522:170892,0.1516691667062265,22143
rxn:2:156072:169594,0.1514725844065348,22143
rxn:2:106940:169400,0.1495558569828669,22143
rxn:2:102889:96010,0.1494872522354126,22143
rxn:2:92382:161103,0.1488768940880185,22143
rxn:2:113426:170892,0.1486282626787821,22143
rxn:2:70210:91563,0.1481683281334963,22143
rxn:2:88848:169666,0.14815274477005,22143
rxn:2:113426:120181,0.147498220205307,22143
rxn:2:141679:139886,0.1463893696113869,22143
rxn:2:107531:114519,0.1455283136594863,22143
rxn:2:139637:68807,0.1454065024852752,22143
rxn:2:164371:112875,0.1449271119557894,22143
rxn:2:82607:91563,0.1445645798336375,22143
rxn:2:97332:70831,0.1445324833576496,22143
rxn:2:141847:155104,0.1443151478414182,22143
rxn:2:91597:169851,0.14310955286026,22143
rxn:2:162493:138996,0.1423192661384056,22143
rxn:2:116707:146828,0.1412059224170187,22143
rxn:2:112350:153414,0.1409326149867131,22143
rxn:2:91885:70192,0.1406531425622793,22143
rxn:2:108230:170060,0.1403227838976629,22143
rxn:2:94862:170892,0.1398840494777845,22143
rxn:2:96968:127220,0.1387455325860243,22143
rxn:2:74168:120822,0.1381277079167573,22143
rxn:2:92382:169594,0.1380159963260997,22143
rxn:1:60111:28048,0.1379447614445406,22143
rxn:2:123413:143698,0.137224793434143,22143
rxn:2:137816:68807,0.1350900816917419,22143
rxn:2:113894:91563,0.1346784415452376,22143
rxn:2:121663:120822,0.1315199841152537,22143
rxn:2:141397:170288,0.131485358664864,22143
rxn:2:114204:172494,0.1307647803734088,22143
rxn:2:80519:91563,0.1304479787747065,22143
rxn:2:141819:172618,0.1297068670392036,22143
rxn:2:138076:170913,0.1293043494224548,22143
rxn:2:94771:83009,0.1237219712313483,22143
rxn:2:70411:169340,0.1208839933077494,22143
rxn:2:93710:110041,0.1208122634887695,22143
rxn:2:139930:108959,0.1006559218679155,22143
rxn:2:99849:129880,0.0896493270993232,22143
rxn:2:149915:124273,0.1587801906797621,22144
rxn:2:67593:170060,0.1574456644058227,22144
rxn:2:82519:169851,0.1569826049464089,22144
rxn:2:95795:126659,0.1557874264924422,22144
rxn:2:79392:168058,0.1546893843582698,22144
rxn:2:90327:173016,0.1536242873580367,22144
rxn:2:106307:108959,0.152281750525747,22144
rxn:2:84697:170060,0.1516664751938411,22144
rxn:2:98374:169666,0.1516536474227905,22144
rxn:2:162493:70812,0.1514186947434037,22144
rxn:2:91909:74293,0.1503064528755519,22144
rxn:2:109412:120822,0.149727428400958,22144
rxn:2:83484:154103,0.1488773874614549,22144
rxn:2:89902:78392,0.1483254647254943,22144
rxn:2:88848:170060,0.1481880435237178,22144
rxn:2:72583:82123,0.1475643788774808,22144
rxn:2:116138:120822,0.1472060298919677,22144
rxn:2:87963:91563,0.1469657583670182,22144
rxn:2:124198:90126,0.1468013317688651,22144
rxn:2:121028:120822,0.1458664784828821,22144
rxn:2:66041:96010,0.1455962038040161,22144
rxn:2:95086:148296,0.145417183637619,22144
rxn:2:106758:67202,0.1452578035267916,22144
rxn:2:108076:173095,0.1449222781441428,22144
rxn:2:137534:170913,0.144638540653082,22144
rxn:2:119514:152898,0.14407435707424,22144
rxn:2:78571:169305,0.1437714191583486,22144
rxn:2:87971:169851,0.1436856793505805,22144
rxn:2:137534:170892,0.1435148042181263,22144
rxn:2:84646:97563,0.1423914574441455,22144
rxn:2:73909:170060,0.1411348325865609,22144
rxn:2:128738:168058,0.1404224264210668,22144
rxn:2:139105:172076,0.1385573836473318,22144
rxn:2:74737:170060,0.1385086647101811,22144
rxn:2:92055:91563,0.1385056447982788,22144
rxn:2:104781:170235,0.1384411392540767,22144
rxn:2:130209:170858,0.1380332570809584,22144
rxn:2:113345:172189,0.1377462014075248,22144
rxn:1:65013:3096,0.1376968388972075,22144
rxn:2:139209:97563,0.1374162793159485,22144
rxn:2:71347:122855,0.1372308709791728,22144
rxn:2:135915:170060,0.134804436138698,22144
rxn:2:68410:168058,0.1347283588515387,22144
rxn:2:123785:88359,0.1343255885716142,22144
rxn:2:123367:170060,0.1316498901162828,22144
rxn:2:67140:169412,0.1313132910892881,22144
rxn:2:135765:170892,0.1243268942832946,22144
rxn:2:89554:68807,0.1173889591143681,22144
rxn:2:162493:99690,0.1150027557655617,22144
rxn:2:113672:96010,0.1573528746763865,22145
rxn:2:167169:104330,0.1558353688035692,22145
rxn:2:86811:85686,0.1550969068820659,22145
rxn:2:123413:141988,0.154574379324913,22145
rxn:2:135125:108959,0.1542204666137695,22145
rxn:2:76941:107408,0.1536824129245899,22145
rxn:2:70084:88330,0.1510270600733549,22145
rxn:2:96304:108959,0.1509667497414809,22145
rxn:2:92382:133871,0.1506667701821578,22145
rxn:2:160401:107956,0.149074117342631,22145
rxn:2:142786:120822,0.1486277441183726,22145
rxn:2:70973:171231,0.1482409792287009,22145
rxn:2:144636:156984,0.1478653857784886,22145
rxn:2:158858:173095,0.1476339975992838,22145
rxn:2:76440:169851,0.1468720414808818,22145
rxn:2:94771:70956,0.1466771185398102,22145
rxn:2:138457:120181,0.144626008612769,22145
rxn:2:79366:98873,0.144202537006802,22145
rxn:2:92618:172618,0.1433558911085128,22145
rxn:2:141177:109025,0.1432642203110914,22145
rxn:2:145188:77187,0.1423505626875778,22145
rxn:2:127086:171392,0.1421337792506584,22145
rxn:2:135980:170060,0.1421247556291777,22145
rxn:2:144636:139599,0.1416551737949766,22145
rxn:2:69172:113405,0.1415538311004638,22145
rxn:2:84749:170060,0.1411702513694763,22145
rxn:2:69172:89191,0.1407843858003616,22145
rxn:2:68525:102373,0.1405871781435879,22145
rxn:2:97610:169412,0.1398063743555987,22145
rxn:2:123884:83817,0.1387620034970735,22145
rxn:2:137743:112875,0.1380524294716971,22145
rxn:2:109725:96010,0.1371835565567016,22145
rxn:2:135610:169412,0.1366374450070517,22145
rxn:2:110352:110310,0.1355937520662943,22145
rxn:2:124693:70956,0.1349976762481357,22145
rxn:2:69232:95801,0.1330695851989414,22145
rxn:2:68525:91511,0.1302105903625488,22145
rxn:2:141544:170913,0.1288914680480957,22145
rxn:2:67593:171669,0.1282513737678527,22145
rxn:2:83604:169305,0.125066938607589,22145
rxn:2:83637:129880,0.120776047706604,22145
rxn:2:82511:159692,0.1181716940232685,22145
rxn:2:111404:108959,0.1176942161151341,22145
rxn:2:69695:104330,0.1152168760697047,22145
rxn:2:110247:124273,0.1016570879862858,22145
rxn:2:114591:169851,0.0947557820214165,22145
rxn:2:76625:170892,0.1586877131462097,22146
rxn:2:73585:94314,0.1557095646858215,22146
rxn:2:87876:96187,0.1544991006021914,22146
rxn:2:92934:141988,0.154395763690655,22146
rxn:2:130209:114519,0.1542510890960693,22146
rxn:2:84871:170060,0.1532182352883475,22146
rxn:2:77793:169851,0.1522721228776154,22146
rxn:2:77397:170060,0.1517431661486625,22146
rxn:2:141555:120822,0.1515786565583327,22146
rxn:2:112350:169412,0.1513058476977878,22146
rxn:2:131003:78104,0.1505040810221717,22146
rxn:2:95308:123403,0.1501964569091796,22146
rxn:2:114648:92488,0.1479050455422237,22146
rxn:2:139218:67655,0.1472703876166508,22146
rxn:2:94862:169412,0.1467893198132515,22146
rxn:2:142139:169412,0.1458933883243137,22146
rxn:2:137816:163402,0.1449211881710932,22146
rxn:2:68618:89838,0.1446964762828968,22146
rxn:2:107481:92488,0.1439575277842008,22146
rxn:2:101160:172375,0.1439431524276733,22146
rxn:2:127486:91563,0.1435419077222997,22146
rxn:2:97024:169851,0.1434150108924279,22146
rxn:2:85140:108959,0.142201854632451,22146
rxn:2:112208:170411,0.1417485557753464,22146
rxn:2:141397:156047,0.1406165702002389,22146
rxn:2:103177:171392,0.1397733619579902,22146
rxn:2:141204:111147,0.138936855174877,22146
rxn:2:122468:96010,0.1367143133412236,22146
rxn:2:135811:171231,0.1347653689207854,22146
rxn:2:114204:171392,0.134544734954834,22146
rxn:2:127318:114519,0.1345354986190796,22146
rxn:2:77202:159692,0.133485286132149,22146
rxn:2:89454:169412,0.1306743378992434,22146
rxn:2:150747:77974,0.1288428615640711,22146
rxn:2:162493:94314,0.1286133174543027,22146
rxn:2:130225:172375,0.1282383373805455,22146
rxn:2:97900:109025,0.1238318844275041,22146
rxn:2:106030:142183,0.1226161519686381,22146
rxn:2:139105:69508,0.1202164491017659,22146
rxn:2:87533:141988,0.1194330751895904,22146
rxn:2:141397:85686,0.1163385510444641,22146
rxn:2:118279:78538,0.1131747287252674,22146
rxn:2:119266:122855,0.1110707888236412,22146
rxn:2:70238:68807,0.1030170967181523,22146
rxn:2:97063:91563,0.1606878767842831,22147
rxn:2:97101:67686,0.1593639850616455,22147
rxn:2:103172:169412,0.1587327807037918,22147
rxn:2:104064:107408,0.157607193504061,22147
rxn:2:167169:83817,0.1520454929425166,22147
rxn:2:74082:172375,0.151252737045288,22147
rxn:2:160349:107408,0.1511082847913106,22147
rxn:2:138463:78538,0.1510377377271652,22147
rxn:2:110352:173012,0.1506529721346768,22147
rxn:2:93811:170892,0.1484915653864542,22147
rxn:2:124177:171231,0.147885365145547,22147
rxn:2:155997:142183,0.1475477457046508,22147
rxn:2:111904:68807,0.1472054538519486,22147
rxn:2:102045:159185,0.1468245834112167,22147
rxn:2:132373:173095,0.1468106557925542,22147
rxn:2:128754:96010,0.1464855194091797,22147
rxn:2:91764:107956,0.1464286269964995,22147
rxn:2:139798:108959,0.1463784414988297,22147
rxn:2:92382:147222,0.1463438842607581,22147
rxn:2:71188:170060,0.1449122613873975,22147
rxn:2:141397:172418,0.1432084470987319,22147
rxn:2:89006:173089,0.1429058228220258,22147
rxn:2:125169:170060,0.1428677822862352,22147
rxn:2:74567:112875,0.1422587609291076,22147
rxn:2:138643:122855,0.1416927112473381,22147
rxn:2:160401:173095,0.1416847666104634,22147
rxn:2:167592:66791,0.1407515296229609,22147
rxn:2:87127:66791,0.1401264071464538,22147
rxn:2:100318:169856,0.1392200589179992,22147
rxn:2:100097:120822,0.1383662361365098,22147
rxn:2:106136:114519,0.1378184648660513,22147
rxn:2:137816:171069,0.1375561253777865,22147
rxn:2:129122:77974,0.1369095788552211,22147
rxn:2:140962:96010,0.1362543255090713,22147
rxn:2:67380:107408,0.1356114816665649,22147
rxn:2:111913:154787,0.1352451133728027,22147
rxn:2:122351:105824,0.1341931394168309,22147
rxn:2:142622:152898,0.1338812112808227,22147
rxn:2:125927:142183,0.1334074368843665,22147
rxn:2:87260:141988,0.1292131852220606,22147
rxn:2:87202:114519,0.1290623545646667,22147
rxn:2:87971:104467,0.1275779527166615,22147
rxn:2:73576:82123,0.1252463236451149,22147
rxn:2:83476:170060,0.1247119988713945,22147
rxn:2:118908:169412,0.1200623787366426,22147
rxn:2:66041:107408,0.1152383958299954,22147
rxn:2:91798:82536,0.1142608294120201,22147
rxn:2:119168:85662,0.1115676242372264,22147
rxn:2:80433:169412,0.109946445776866,22147
rxn:2:124198:82388,0.1747470809065777,22148
rxn:2:112003:172618,0.1588955989905766,22148
rxn:2:67380:123403,0.1560442304611206,22148
rxn:2:111746:85327,0.1537616491317749,22148
rxn:2:120472:108959,0.1523446862896283,22148
rxn:2:142622:79208,0.1523098020718015,22148
rxn:2:131711:172751,0.151966141802924,22148
rxn:2:68737:96010,0.1511112788449163,22148
rxn:2:88848:170913,0.1496450983244797,22148
rxn:2:138933:148477,0.1492985028486985,22148
rxn:2:139991:70192,0.1492968123892079,22148
rxn:2:105485:108959,0.1491544385751088,22148
rxn:2:81958:110041,0.1487619025366647,22148
rxn:2:166241:110334,0.1487098110133204,22148
rxn:2:142622:68807,0.1466531178780964,22148
rxn:2:113575:107408,0.1463502092020852,22148
rxn:2:120475:124273,0.1459297601665769,22148
rxn:2:107766:170060,0.1457502759736159,22148
rxn:2:68618:126659,0.1454639788027163,22148
rxn:2:124571:114519,0.1446274473116948,22148
rxn:2:75290:123403,0.1430889591574669,22148
rxn:2:114168:96010,0.1426523638808209,22148
rxn:2:83460:148477,0.1421870374679565,22148
rxn:2:101450:105824,0.1420797904332479,22148
rxn:1:60111:5759,0.1418338347883785,22148
rxn:2:145188:141889,0.1404147476985536,22148
rxn:2:139209:141195,0.14005093682896,22148
rxn:2:76179:120822,0.1398289983089153,22148
rxn:2:140224:170892,0.1376916865507761,22148
rxn:2:116231:168058,0.1353360743358217,22148
rxn:2:142622:139886,0.1349107197352818,22148
rxn:2:122723:152446,0.1337375846402398,22148
rxn:2:78032:97563,0.1335390963052448,22148
rxn:2:95795:116515,0.1327839394410451,22148
rxn:2:92382:81152,0.1311864793300628,22148
rxn:2:84871:85686,0.1257797330617904,22148
rxn:2:106940:108959,0.1249563069570632,22148
rxn:2:76896:108959,0.1247746124863624,22148
rxn:2:82773:112875,0.1246312673275287,22148
rxn:2:82511:112875,0.1232270622253418,22148
rxn:2:141397:171933,0.1222562525007459,22148
rxn:2:73585:96010,0.1201930317011746,22148
rxn:2:150747:120181,0.1130592469815854,22148
rxn:2:90771:169668,0.1128191490968068,22148
rxn:2:81194:169851,0.1564781934984268,22149
rxn:2:119514:125240,0.1558423099063691,22149
rxn:2:141397:173042,0.1531928235834295,22149
rxn:2:73728:83991,0.1529041296905941,22149
rxn:2:79178:170060,0.1460768888736593,22149
rxn:2:73920:171231,0.145723249231066,22149
rxn:2:85110:170060,0.1454560884407588,22149
rxn:2:124992:170060,0.1442215549094336,22149
rxn:2:145750:108959,0.1426645994186401,22149
rxn:2:138457:172618,0.1425337036450704,22149
rxn:2:89567:170060,0.1396303217986534,22149
rxn:2:87202:122855,0.1392667382955551,22149
rxn:1:60111:3091,0.1382385001463048,22149
rxn:2:131705:120822,0.1371510624885559,22149
rxn:2:142221:104907,0.1368181109428405,22149
rxn:2:80332:141988,0.1360558050650137,22149
rxn:2:80519:120822,0.1356438398361206,22149
rxn:2:135915:169851,0.1353189306599753,22149
rxn:2:147050:108959,0.1332575104854725,22149
rxn:2:72913:78538,0.1296590988834699,22149
rxn:2:162493:169604,0.1272843845428959,22149
rxn:2:140814:168058,0.1255991842065538,22149
rxn:2:137136:102373,0.1253990712373153,22149
rxn:2:77440:172959,0.1218427690592679,22149
rxn:2:139383:170913,0.1187682398434343,22149
rxn:2:72890:96010,0.1161501407623291,22149
rxn:2:132071:66791,0.1096140841643015,22149
rxn:2:122923:96514,0.1061983130596302,22149
rxn:2:68737:108959,0.1641795427902885,22150
rxn:2:162493:111053,0.1579219654754356,22150
rxn:2:149922:109025,0.1563891747902179,22150
rxn:2:132131:120822,0.1540361901988154,22150
rxn:2:139398:96010,0.1535014399775752,22150
rxn:2:92382:169305,0.150885929663976,22150
rxn:2:122923:127220,0.150741438070933,22150
rxn:2:144681:66791,0.1505497821739741,22150
rxn:2:112728:88359,0.1502241284950919,22150
rxn:2:102158:156984,0.1488150278727213,22150
rxn:2:66858:170060,0.1474498466209129,22150
rxn:2:79270:169412,0.1467290749916663,22150
rxn:2:103216:169412,0.146302995858369,22150
rxn:2:79774:96010,0.1454085131486256,22150
rxn:2:69444:70192,0.1443274596641803,22150
rxn:2:66658:170892,0.1431202411651611,22150
rxn:2:120356:170411,0.1425195932388305,22150
rxn:2:83579:127220,0.1420799466696652,22150
rxn:2:139218:120181,0.1418371839182717,22150
rxn:2:141397:146533,0.1417493157916599,22150
rxn:2:139602:170892,0.1412948767344156,22150
rxn:2:135058:156984,0.1410014281670252,22150
rxn:2:114648:110041,0.13988347505701,22150
rxn:2:74199:76379,0.1397391469390304,22150
rxn:2:105724:96010,0.139715380138821,22150
rxn:2:70440:172033,0.1392648617426554,22150
rxn:2:125825:169856,0.1383278568585713,22150
rxn:2:76625:97346,0.1375274033773513,22150
rxn:2:141695:169412,0.1371322649496573,22150
rxn:2:76939:88103,0.1369272094023855,22150
rxn:2:156072:169111,0.1363445301850636,22150
rxn:2:138592:99556,0.1358352473803929,22150
rxn:2:68374:108959,0.1344894543290138,22150
rxn:2:90963:110041,0.1339542347451915,22150
rxn:2:92934:89838,0.1320103859901428,22150
rxn:2:114191:120822,0.1291399250427881,22150
rxn:2:67187:171231,0.1285064888000488,22150
rxn:2:124198:71586,0.1282508749710886,22150
rxn:2:94822:168058,0.127936513259493,22150
rxn:2:100318:165373,0.1252433061599731,22150
rxn:2:79753:108959,0.1244876527786254,22150
rxn:2:132071:161103,0.1223799907244168,22150
rxn:2:166241:127220,0.1163165918711958,22150
rxn:2:124198:146765,0.1145047163963318,22150
rxn:2:125968:169666,0.1130107144514719,22150
rxn:2:134698:85949,0.1066566879550616,22150
rxn:2:156072:154103,0.1030536274115244,22150
rxn:2:120369:170892,0.0996079274586268,22150
rxn:2:78535:111147,0.1672267547020545,22151
rxn:2:90327:78538,0.1634778250818667,22151
rxn:2:119168:160422,0.1570379199652836,22151
rxn:2:112154:122855,0.1558069632603572,22151
rxn:2:74972:81152,0.1553610790343511,22151
rxn:2:77182:67686,0.1536501457816676,22151
rxn:2:120985:169851,0.1520693143208821,22151
rxn:2:93504:169851,0.1511069869995117,22151
rxn:2:69444:108959,0.1501268847235317,22151
rxn:2:97024:149524,0.1497771859169006,22151
rxn:1:41907:3819,0.147976741194725,22151
rxn:2:112208:91563,0.1468257117271423,22151
rxn:2:76625:173016,0.1466384274618966,22151
rxn:2:144636:169604,0.1460953989336567,22151
rxn:2:138643:156984,0.1451462314974877,22151
rxn:2:97946:108959,0.1446673231465476,22151
rxn:2:114648:108959,0.144633678595225,22151
rxn:2:124198:128062,0.1445745825767517,22151
rxn:2:78444:169412,0.1431704980355722,22151
rxn:2:108186:126659,0.1425750714081984,22151
rxn:2:114483:169400,0.142534532546997,22151
rxn:2:130970:170235,0.1424894269023622,22151
rxn:2:124637:129880,0.1423803877830505,22151
rxn:2:100083:96010,0.1417729531725247,22151
rxn:2:122353:111147,0.1417437280927385,22151
rxn:2:82584:139886,0.1409045687088599,22151
rxn:2:84839:141988,0.140787444114685,22151
rxn:2:142033:153417,0.1406646966934204,22151
rxn:2:141397:166766,0.139393969586021,22151
rxn:2:114648:96010,0.1384245157241821,22151
rxn:2:144636:91563,0.1379424004719175,22151
rxn:2:108730:96010,0.1377215517891777,22151
rxn:2:90799:112875,0.1372378158569336,22151
rxn:2:109567:108959,0.136170494556427,22151
rxn:2:92870:123403,0.1359413613875707,22151
rxn:2:107531:91567,0.1336849582822699,22151
rxn:2:139123:109025,0.1313126912483802,22151
rxn:2:70816:96010,0.1303890837090356,22151
rxn:2:83604:157478,0.127486686814915,22151
rxn:2:105340:169414,0.1266113271315892,22151
rxn:2:138592:119976,0.1252748519182205,22151
rxn:2:71745:170060,0.1238308231035868,22151
rxn:2:135731:87790,0.1156918491636003,22151
rxn:2:136611:96010,0.1113785249846322,22151
rxn:2:137446:141988,0.111249702948111,22151
rxn:2:112350:159692,0.1064698266983032,22151
rxn:2:125962:99556,0.1621574291161128,22152
rxn:2:114168:78538,0.1601446444789568,22152
rxn:2:104781:168058,0.1548665638627677,22152
rxn:2:114168:129880,0.1544534787535667,22152
rxn:2:91597:173016,0.1537657380104065,22152
rxn:2:150473:78538,0.1529542247454325,22152
rxn:2:107473:173089,0.1514766216278076,22152
rxn:2:130125:171231,0.1513342005865914,22152
rxn:2:77560:141195,0.1509332032430739,22152
rxn:2:88500:172332,0.1508084654808044,22152
rxn:2:68618:66791,0.1502453514507838,22152
rxn:2:81212:155104,0.1491696039835612,22152
rxn:2:137587:94314,0.1489980310201644,22152
rxn:2:162493:171392,0.1489906986554463,22152
rxn:2:77560:161103,0.1476092594010489,22152
rxn:2:120475:85686,0.1471277986254011,22152
rxn:2:72650:173089,0.1461131654936691,22152
rxn:2:114648:85686,0.1453012947378487,22152
rxn:2:90799:107408,0.1451017168851999,22152
rxn:2:67380:100541,0.1448183357715606,22152
rxn:2:67187:92656,0.1445681886239485,22152
rxn:2:69444:96010,0.1434718288224319,22152
rxn:2:79242:122855,0.1416212045229398,22152
rxn:2:88304:170858,0.1413608533995492,22152
rxn:2:87202:125117,0.1410066295753825,22152
rxn:2:68710:97563,0.1401214790344238,22152
rxn:2:78032:133871,0.1395618288140548,22152
rxn:2:162493:89838,0.1389513258580808,22152
rxn:2:133307:146828,0.1385228167409482,22152
rxn:2:156676:170060,0.1383675661954012,22152
rxn:2:105568:169412,0.1349561856343196,22152
rxn:2:86811:165092,0.1327964026352454,22152
rxn:2:122923:150277,0.132081349049845,22152
rxn:2:68680:68234,0.1309462432508115,22152
rxn:2:91097:168058,0.1306625860077994,22152
rxn:2:136508:173089,0.1305784781773885,22152
rxn:2:111985:126659,0.1299708684285482,22152
rxn:2:70378:159800,0.1292493068254911,22152
rxn:2:135072:109025,0.1292223049246746,22152
rxn:2:78025:142183,0.1288619756698608,22152
rxn:2:146036:91563,0.1234216772276779,22152
rxn:2:110097:84708,0.1217450141906738,22152
rxn:1:41907:28754,0.1166167967021465,22152
rxn:2:87202:102419,0.115530410538549,22152
rxn:1:41907:5553,0.0895351245999336,22152
rxn:2:119347:108959,0.159872892110244,22153
rxn:2:138255:87790,0.1590055322647094,22153
rxn:2:114648:124273,0.1573928964549097,22153
rxn:2:85225:142724,0.1563955655804386,22153
rxn:2:68737:70812,0.1555042537775906,22153
rxn:2:118779:116842,0.1517759888402877,22153
rxn:2:122353:96010,0.1509775306497301,22153
rxn:2:141397:161514,0.1492860141922445,22153
rxn:2:114945:129880,0.149222963131391,22153
rxn:2:156072:160916,0.1491431367808375,22153
rxn:2:85204:98873,0.1477088868618011,22153
rxn:2:78444:168058,0.1475553759213151,22153
rxn:2:139398:108959,0.1466485924190945,22153
rxn:2:84839:90126,0.1462711334228515,22153
rxn:2:100611:107408,0.1459675385401799,22153
rxn:2:80079:108959,0.1455147552490234,22153
rxn:2:72200:92488,0.1453762224742344,22153
rxn:2:120356:169851,0.145241101582845,22153
rxn:2:99558:92488,0.1450518717368444,22153
rxn:2:92749:170858,0.1437930436361403,22153
rxn:2:114259:173095,0.1437427712523419,22153
rxn:2:80519:169810,0.1434008717536926,22153
rxn:2:147050:170892,0.1432158207071238,22153
rxn:2:104064:110041,0.1429672709533146,22153
rxn:2:86385:146828,0.142940033565868,22153
rxn:2:83688:107408,0.1428801174517031,22153
rxn:2:111746:91563,0.1427217817306518,22153
rxn:2:67593:122855,0.1423581185795012,22153
rxn:2:133935:96010,0.1416224771075778,22153
rxn:2:117725:109382,0.1415986089870847,22153
rxn:2:108667:111147,0.1414813101291656,22153
rxn:2:135610:170060,0.1405223480292729,22153
rxn:2:134195:96010,0.1405168724060058,22153
rxn:2:100451:117186,0.1402171906970796,22153
rxn:2:79532:121697,0.1400360542794932,22153
rxn:2:167169:166934,0.1392153224774769,22153
rxn:2:66304:159692,0.1390453003070972,22153
rxn:2:69750:156984,0.1371816332851137,22153
rxn:2:131506:120822,0.1360793655568903,22153
rxn:2:100596:96010,0.1349954428496184,22153
rxn:2:118581:169412,0.1341711194426925,22153
rxn:2:115378:122855,0.1340552339187035,22153
rxn:2:103984:173089,0.1339525024096171,22153
rxn:2:82511:108959,0.132802199434351,22153
rxn:2:166241:138996,0.130701474348704,22153
rxn:2:104776:67686,0.126820893514724,22153
rxn:2:74393:85327,0.1266798518952869,22153
rxn:2:132002:113626,0.1259652723868688,22153
rxn:2:150747:162938,0.1244529102529798,22153
rxn:2:92489:109025,0.1215942563681767,22153
rxn:2:114522:108959,0.1140953948100407,22153
rxn:2:166110:142183,0.0877457637535898,22153
rxn:2:140546:173095,0.154529130977133,22154
rxn:2:114435:169412,0.1530710905790329,22154
rxn:2:82286:169412,0.1511801172185827,22154
rxn:2:125549:173095,0.1508838488505436,22154
rxn:2:125425:108959,0.1508197033846819,22154
rxn:2:89033:170892,0.1508139890173207,22154
rxn:2:85122:123403,0.1507004737854003,22154
rxn:2:120097:170411,0.150104413429896,22154
rxn:2:110768:68807,0.1492102283697862,22154
rxn:2:100097:169851,0.1490820901734488,22154
rxn:2:116138:78538,0.1487059831619262,22154
rxn:2:70378:156943,0.1484885720106271,22154
rxn:2:86811:104467,0.1484091758728027,22154
rxn:2:105485:85686,0.1478693567473313,22154
rxn:2:136508:170668,0.1473618554217474,22154
rxn:2:117364:143698,0.1469815192015274,22154
rxn:2:91798:127220,0.1458996205494321,22154
rxn:2:167592:110334,0.1456441658514517,22154
rxn:2:69232:169748,0.1448272443734682,22154
rxn:2:70104:114519,0.1436395559992109,22154
rxn:2:98374:171460,0.1427619868311389,22154
rxn:2:128825:173016,0.1417999267578125,22154
rxn:2:110352:168058,0.1413477829524449,22154
rxn:2:123413:103868,0.1413275957107544,22154
rxn:2:75400:156984,0.1403011160512124,22154
rxn:2:78571:110334,0.1402993656340099,22154
rxn:2:116427:169305,0.1393793821334839,22154
rxn:2:87202:169305,0.1392132296011998,22154
rxn:2:81817:88396,0.1384174625078837,22154
rxn:2:129122:151136,0.1363470019965336,22154
rxn:2:100246:170060,0.1358574491280775,22154
rxn:2:104740:124273,0.1350849175453186,22154
rxn:2:141856:102373,0.1326996304772117,22154
rxn:2:135415:170235,0.1323433086789887,22154
rxn:2:124693:110041,0.1313353549866449,22154
rxn:2:101355:116515,0.1308771050893343,22154
rxn:2:163596:85115,0.1305724935872214,22154
rxn:2:110312:96010,0.1302625513076782,22154
rxn:2:67380:94314,0.1295285606384277,22154
rxn:2:149922:110334,0.1294420073772298,22154
rxn:2:85637:173095,0.129117639168449,22154
rxn:2:132396:170892,0.1290233620890864,22154
rxn:2:95308:96514,0.1241297263365525,22154
rxn:2:140908:129880,0.1230280502982761,22154
rxn:2:138592:71566,0.1155249881744384,22154
rxn:2:132998:107408,0.1153859120828134,22154
rxn:2:131974:148477,0.1135779550442328,22154
rxn:2:124637:173095,0.1102006893891554,22154
rxn:2:132002:123403,0.1605900898575782,22155
rxn:2:88304:151179,0.158900049328804,22155
rxn:2:125549:129880,0.1517575216293335,22155
rxn:2:113171:120822,0.1510748863220214,22155
rxn:2:92156:169412,0.1498791487128646,22155
rxn:2:109725:108959,0.1497254943847656,22155
rxn:2:139201:94314,0.1493262563432966,22155
rxn:2:76625:126659,0.1469342491843483,22155
rxn:2:91127:96010,0.1466597175598144,22155
rxn:2:92382:74143,0.1466206444634331,22155
rxn:2:76701:168058,0.1466099743185372,22155
rxn:2:138255:118376,0.146279493967692,22155
rxn:2:140979:170060,0.1461216663492137,22155
rxn:2:126471:171492,0.1453821394178602,22155
rxn:2:119143:96010,0.1450022359689076,22155
rxn:2:68525:68807,0.1447525835037231,22155
rxn:2:76500:94517,0.1436180057732955,22155
rxn:2:98374:170858,0.1433257598143357,22155
rxn:2:83460:135410,0.1430076568023018,22155
rxn:2:67817:142183,0.1429260373115539,22155
rxn:2:105568:78538,0.1420627882083257,22155
rxn:2:82490:168058,0.1420109950262924,22155
rxn:2:144636:76379,0.1406490930489131,22155
rxn:2:98416:173089,0.1401652812957763,22155
rxn:2:93504:173089,0.1390812053130223,22155
rxn:2:110858:168058,0.1390439970739956,22155
rxn:2:150747:107956,0.1377458222981157,22155
rxn:2:68737:97346,0.1375222319648379,22155
rxn:2:93504:148477,0.136071548461914,22155
rxn:2:130209:171069,0.1343523604529244,22155
rxn:2:90327:100719,0.1322907751256769,22155
rxn:2:167592:95801,0.1297549903392791,22155
rxn:2:87134:82388,0.1296141010064345,22155
rxn:2:134984:170060,0.1269031696849399,22155
rxn:2:166241:67655,0.1267234543959299,22155
rxn:2:113894:169739,0.1257358470133372,22155
rxn:2:76726:70192,0.1222421012141487,22155
rxn:2:73951:108959,0.1154836586543491,22155
rxn:2:96615:142183,0.1084424436092376,22155
rxn:2:101355:69508,0.0978782486032556,22155
rxn:2:72400:108959,0.0738578786452611,22155
rxn:2:135731:108959,0.1580810802323477,22156
rxn:2:141397:74209,0.1577727794647216,22156
rxn:2:113151:67686,0.1577404643359937,22156
rxn:2:97858:104330,0.1573545878583734,22156
rxn:2:68410:170668,0.1568658881717258,22156
rxn:2:130788:104330,0.1560345937808354,22156
rxn:2:75198:107408,0.1530568727425166,22156
rxn:2:146036:85686,0.1520888319721928,22156
rxn:2:132440:96010,0.1500497941787426,22156
rxn:2:95601:67655,0.1496229562266119,22156
rxn:2:105080:146533,0.1494253575801849,22156
rxn:2:107115:173095,0.1488998509370363,22156
rxn:2:85840:94314,0.1485899885495503,22156
rxn:2:118211:168058,0.1478522377354758,22156
rxn:2:137922:109025,0.1476188943936274,22156
rxn:2:132131:169305,0.1469929748111301,22156
rxn:2:68784:169412,0.14643512390278,22156
rxn:2:67140:169851,0.1457157340543023,22156
rxn:2:72890:169666,0.1455226067838997,22156
rxn:2:138933:129654,0.1450881163279215,22156
rxn:2:92382:92488,0.1450116833051045,22156
rxn:2:148180:68807,0.1449351608753204,22156
rxn:2:113426:111147,0.1435201976980482,22156
rxn:2:118433:170668,0.1433272582513314,22156
rxn:2:67009:68807,0.1429307198524475,22156
rxn:2:104011:109108,0.1428972442944844,22156
rxn:2:141544:169305,0.141129367881351,22156
rxn:2:118166:146828,0.1400305574590509,22156
rxn:2:122324:170892,0.1352673598698207,22156
rxn:2:122341:173089,0.1344451858447148,22156
rxn:2:106136:85686,0.1334814677635828,22156
rxn:2:67058:170060,0.1334625161611116,22156
rxn:2:116191:102427,0.1324824636632746,22156
rxn:2:89642:170235,0.1320182744945798,22156
rxn:2:164506:142183,0.1309845973463619,22156
rxn:2:141847:141195,0.1307048002878824,22156
rxn:2:70925:126659,0.1291591058606686,22156
rxn:2:76617:108959,0.1283457726240158,22156
rxn:2:73576:120822,0.1218547125657399,22156
rxn:2:107538:172618,0.1198894103368123,22156
rxn:2:70829:67686,0.1156453381885181,22156
rxn:2:121375:171392,0.1096521615982055,22156
rxn:2:119963:124273,0.0872524428367614,22156
rxn:2:142314:109025,0.0749116742185184,22156
rxn:2:137728:108959,0.0696510879889778,22156
rxn:2:70411:141988,0.1644281634577998,22157
rxn:2:132998:129880,0.1542360659303336,22157
rxn:2:99842:88952,0.1534015001921818,22157
rxn:2:139218:91582,0.1528233381418081,22157
rxn:2:95342:120822,0.152029201388359,22157
rxn:2:85840:123403,0.1517771990210921,22157
rxn:2:98624:108959,0.1517634741191206,22157
rxn:2:97318:126659,0.1516630917787552,22157
rxn:2:91798:78538,0.1516060829162597,22157
rxn:2:131932:166934,0.151108575903851,22157
rxn:2:126579:81729,0.1510708729426066,22157
rxn:2:122923:162342,0.1494643251101176,22157
rxn:2:79774:97346,0.1487113130944115,22157
rxn:2:73585:126659,0.1476992084866478,22157
rxn:2:142622:111147,0.1467085374253136,22157
rxn:2:104011:68807,0.1457676410675049,22157
rxn:2:86811:139599,0.1455240547657013,22157
rxn:2:66041:122855,0.1451482325792312,22157
rxn:2:101814:172618,0.1451265504283289,22157
rxn:2:79242:107408,0.1447512736687293,22157
rxn:2:131517:170060,0.1440839438602842,22157
rxn:2:117897:170060,0.1440318911163895,22157
rxn:2:127318:170060,0.1428895482310542,22157
rxn:2:133259:92488,0.1421353646687098,22157
rxn:2:167768:108959,0.1416625027303342,22157
rxn:2:117731:120822,0.1414203210310502,22157
rxn:2:84871:120822,0.1412851672906142,22157
rxn:2:107846:109025,0.1408343055973882,22157
rxn:2:77397:85686,0.1402930404458727,22157
rxn:2:110352:151136,0.1402881898378071,22157
rxn:2:118855:170060,0.1393299941663388,22157
rxn:2:87972:67686,0.1391569773356119,22157
rxn:2:81401:168058,0.1388300745575516,22157
rxn:2:110352:125700,0.1383172712827983,22157
rxn:2:138381:172618,0.1382751917016917,22157
rxn:2:83460:170913,0.1381630191096553,22157
rxn:2:67380:126659,0.1380561876296997,22157
rxn:2:130209:169300,0.1378639425550188,22157
rxn:2:88848:170411,0.1348744301960386,22157
rxn:2:114509:78538,0.1332508971293767,22157
rxn:2:132946:170813,0.1330216697284153,22157
rxn:2:97858:172752,0.1329735621162082,22157
rxn:2:88500:171734,0.1277407693862915,22157
rxn:2:70667:120822,0.1251727278743471,22157
rxn:2:91779:109025,0.1215793026818169,22157
rxn:2:140546:170892,0.121375006178151,22157
rxn:2:162493:163402,0.1213597182569832,22157
rxn:2:92934:122855,0.1120857810974121,22157
rxn:2:68410:91563,0.1588039994239807,22158
rxn:2:98861:104330,0.1583886265754699,22158
rxn:2:134984:169412,0.1572003099653456,22158
rxn:2:101551:120822,0.1537579421339364,22158
rxn:2:76009:116842,0.151787382585031,22158
rxn:2:84123:108959,0.1511241522702303,22158
rxn:2:138459:169851,0.1503154225647449,22158
rxn:2:118279:169748,0.1499231159687042,22158
rxn:2:131953:169412,0.14945866052921,22158
rxn:2:120758:123403,0.148968918965413,22158
rxn:2:122353:129880,0.1488715410232544,22158
rxn:2:68525:146533,0.1473545666251863,22158
rxn:2:132899:173095,0.146307735339455,22158
rxn:2:164315:108959,0.1451562205950419,22158
rxn:2:77371:170060,0.1443465948104858,22158
rxn:2:83688:78538,0.1442418632836177,22158
rxn:2:128354:170060,0.1431769664798464,22158
rxn:2:121028:171069,0.1430817290588661,22158
rxn:2:79984:173089,0.1418405671914418,22158
rxn:2:87963:120822,0.14070664210753,22158
rxn:2:73951:172317,0.1395972508650559,22158
rxn:2:70378:104330,0.1395059873660405,22158
rxn:2:135125:169300,0.1393930665377913,22158
rxn:2:68410:165512,0.1373002131779988,22158
rxn:2:125968:171669,0.1372726972286518,22158
rxn:2:68525:89838,0.1370065957307815,22158
rxn:2:156072:150298,0.1361519344921769,22158
rxn:2:146036:150277,0.1360606513917446,22158
rxn:2:67187:88359,0.1351932937448675,22158
rxn:2:129587:108959,0.1349920500879702,22158
rxn:2:149922:94314,0.132446425301688,22158
rxn:2:92660:139886,0.1324119472503662,22158
rxn:2:98472:96010,0.1323969875063215,22158
rxn:2:121876:142183,0.1317756211056429,22158
rxn:2:126506:107408,0.1295420626799265,22158
rxn:2:125962:109382,0.1293585777282714,22158
rxn:2:126006:107408,0.1291146477063497,22158
rxn:2:144636:169594,0.1284535085001299,22158
rxn:2:127318:109025,0.1284303019444147,22158
rxn:2:137816:143698,0.125583896270165,22158
rxn:2:92660:85686,0.1162807295719782,22158
rxn:2:82511:85686,0.1148367111499493,22158
rxn:2:85630:129654,0.1042152643203735,22158
rxn:2:116191:161103,0.099433252444634,22158
rxn:2:90089:91624,0.1674780845642089,22159
rxn:2:125962:89258,0.1535941886901855,22159
rxn:2:120365:173089,0.1520946047924183,22159
rxn:2:132002:102373,0.1517630083994432,22159
rxn:2:117731:169305,0.1514708491472097,22159
rxn:2:67624:104330,0.1511731338500976,22159
rxn:2:70084:89572,0.1507440209388733,22159
rxn:2:105969:170060,0.1494783163070678,22159
rxn:2:101118:98873,0.1484410417707342,22159
rxn:2:83713:104330,0.1473879432678222,22159
rxn:2:171557:142183,0.146396005153656,22159
rxn:2:93099:91563,0.1457428552887656,22159
rxn:2:128754:108959,0.1455812096595764,22159
rxn:2:95355:170060,0.1449152414615337,22159
rxn:2:93644:168058,0.144733652472496,22159
rxn:2:99645:170892,0.1446887382439204,22159
rxn:2:91779:150277,0.1435703481397321,22159
rxn:2:141381:104330,0.1430474901199341,22159
rxn:2:144681:122855,0.142926812171936,22159
rxn:2:112442:120822,0.1423901113970526,22159
rxn:2:91798:110041,0.1414282321929931,22159
rxn:2:125198:127220,0.1400833101499648,22159
rxn:2:114168:127220,0.1395931865857995,22159
rxn:2:167790:170892,0.1392758250236511,22159
rxn:2:87579:169666,0.1392282048861185,22159
rxn:2:122351:83338,0.136347328361712,22159
rxn:2:70816:116515,0.1363062581845692,22159
rxn:2:138457:78538,0.1355571870146126,22159
rxn:2:150155:96010,0.135319631675194,22159
rxn:2:140546:88952,0.1344402463812577,22159
rxn:2:122055:96010,0.134298902291518,22159
rxn:2:150747:69998,0.1331525776121351,22159
rxn:2:126885:170892,0.1323293000459671,22159
rxn:2:141397:110310,0.1317376038607429,22159
rxn:2:134698:83411,0.1314391589164734,22159
rxn:2:150747:145184,0.1304726723966927,22159
rxn:2:134110:78538,0.1287587501785972,22159
rxn:2:142622:76379,0.128033846616745,22159
rxn:2:66397:142183,0.1261047752279984,22159
rxn:2:79379:173016,0.1246660783373076,22159
rxn:2:94463:67686,0.1190789678822393,22159
rxn:2:137743:138122,0.1169693093550832,22159
rxn:2:155314:110041,0.1081105945286927,22159
rxn:2:145188:90126,0.1060831587890098,22159
rxn:2:122568:170060,0.161964306464562,22160
rxn:2:113399:91563,0.1570839427766345,22160
rxn:2:79478:169412,0.1555733451476464,22160
rxn:2:146036:126659,0.1516781427242138,22160
rxn:2:99842:96010,0.150735443638217,22160
rxn:2:149481:150277,0.1487775947898626,22160
rxn:2:94616:108959,0.1477417678668581,22160
rxn:2:126498:169666,0.1475374904172174,22160
rxn:2:83688:120181,0.1472982040473393,22160
rxn:2:138457:141988,0.146155012505395,22160
rxn:2:107531:172032,0.1458904846854831,22160
rxn:2:139798:150277,0.145662260055542,22160
rxn:2:105023:122855,0.1453175842761993,22160
rxn:2:167169:142055,0.1452643672625223,22160
rxn:2:99685:67686,0.1451498364147387,22160
rxn:2:70411:68807,0.1449940425378305,22160
rxn:2:162493:105749,0.1444472968578338,22160
rxn:2:146036:123403,0.1439191279587922,22160
rxn:2:91798:109025,0.1436285355995441,22160
rxn:2:94822:144761,0.1435593304962947,22160
rxn:2:122705:141988,0.142602801322937,22160
rxn:2:134802:171231,0.1421582400798797,22160
rxn:2:120365:156984,0.1412913661736708,22160
rxn:2:113894:169305,0.1409787094151532,22160
rxn:2:76089:172618,0.1409206478684037,22160
rxn:2:97543:146828,0.1404145904209302,22160
rxn:2:130477:96010,0.1402219669385389,22160
rxn:2:82287:70192,0.1399246454238891,22160
rxn:2:137534:120822,0.1397493156519803,22160
rxn:2:102843:170060,0.1396336774031321,22160
rxn:2:96712:95801,0.1356247559837673,22160
rxn:2:124486:108959,0.1356076250473658,22160
rxn:2:92937:128314,0.1355843406457167,22160
rxn:2:145750:85686,0.1347980314287646,22160
rxn:2:70378:171933,0.1345510482788086,22160
rxn:2:106387:85686,0.1340396738052368,22160
rxn:2:102522:169340,0.1336014739104679,22160
rxn:2:129699:108959,0.1331896940867106,22160
rxn:2:88848:69508,0.1331730556488037,22160
rxn:2:134942:169666,0.1327043895063729,22160
rxn:2:76500:131033,0.1321539464204207,22160
rxn:2:87971:126659,0.1320022096236547,22160
rxn:2:130089:170913,0.1315037560462951,22160
rxn:2:87876:67213,0.1308161833069541,22160
rxn:2:93504:169400,0.1300226688385009,22160
rxn:2:77202:169748,0.1263942856055039,22160
rxn:2:73189:171231,0.1259687741597493,22160
rxn:2:95795:85686,0.107255889021832,22160
rxn:2:105568:171392,0.1040983247756958,22160
rxn:2:96712:120822,0.1014007511346236,22160
rxn:2:89311:78538,0.1574770921752566,22161
rxn:2:133307:110334,0.1572810695284889,22161
rxn:2:97318:170892,0.1562999175942462,22161
rxn:2:92055:168058,0.150870261521175,22161
rxn:2:117521:170892,0.1498528677841712,22161
rxn:2:86811:170060,0.1497334202130635,22161
rxn:2:120097:96010,0.1492581224441528,22161
rxn:2:92382:78077,0.1461862802505493,22161
rxn:2:73749:120822,0.1461688230435053,22161
rxn:2:72524:169412,0.1461057662963867,22161
rxn:2:69000:70192,0.1459134450325599,22161
rxn:2:99720:146828,0.1455959515138105,22161
rxn:2:160401:141889,0.1451804723058428,22161
rxn:2:145750:170892,0.1451749876141548,22161
rxn:2:114522:170411,0.1448305310874149,22161
rxn:2:68710:123403,0.1447501927614212,22161
rxn:2:70411:170060,0.1445622086524963,22161
rxn:2:81194:147164,0.1441714425881703,22161
rxn:2:137816:170892,0.1441710723770989,22161
rxn:2:74079:108959,0.1441034211052788,22161
rxn:2:68680:171669,0.1440381120752405,22161
rxn:2:69619:122855,0.1426771122675675,22161
rxn:2:137816:173089,0.1418308985644373,22161
rxn:2:76822:173089,0.1414547314246495,22161
rxn:2:110222:171478,0.1413668115933736,22161
rxn:2:136946:116842,0.1399888506642094,22161
rxn:2:104011:85686,0.1399130101861624,22161
rxn:2:90963:169412,0.1391131612989637,22161
rxn:2:99842:86042,0.139068920036842,22161
rxn:2:142622:110334,0.1390649314437593,22161
rxn:2:124677:170060,0.1389646071654099,22161
rxn:2:78562:108959,0.1389349836569566,22161
rxn:2:114934:128669,0.1376299195819431,22161
rxn:2:114168:169412,0.1375509454653813,22161
rxn:2:67778:114519,0.1375167155265808,22161
rxn:1:60111:5337,0.137304425239563,22161
rxn:2:66358:171231,0.1366823656218392,22161
rxn:2:82049:139886,0.1348151016235351,22161
rxn:2:90327:108959,0.1315656683661721,22161
rxn:2:82490:96010,0.130279983083407,22161
rxn:2:114191:126659,0.128999417478388,22161
rxn:2:86071:139886,0.1272388564215766,22161
rxn:2:70411:90126,0.126999901400672,22161
rxn:2:114204:128669,0.1261694742285687,22161
rxn:2:106387:170060,0.1261691636052624,22161
rxn:2:125962:155572,0.1232903280428477,22161
rxn:2:86297:171734,0.1191978645324707,22161
rxn:2:162869:108959,0.1160264589168407,22161
rxn:2:92565:108959,0.1142043868700663,22161
rxn:2:108762:108959,0.1123254115764911,22161
rxn:2:141055:107408,0.1092683921257654,22161
rxn:2:141847:108959,0.104496397470173,22161
rxn:2:76500:89572,0.1607443511486053,22162
rxn:2:80704:98873,0.1584569633007049,22162
rxn:2:137446:111147,0.1543865512918543,22162
rxn:2:91798:167458,0.1537204643090566,22162
rxn:2:72890:168058,0.1526737340859004,22162
rxn:2:97900:141195,0.1486696774760882,22162
rxn:2:123238:170060,0.1457446279196903,22162
rxn:2:101366:170060,0.145494669675827,22162
rxn:2:68525:172076,0.1423760631254741,22162
rxn:2:69022:171231,0.141623597059931,22162
rxn:2:88500:170218,0.1411478328704834,22162
rxn:2:117731:170913,0.1409504963801457,22162
rxn:2:155314:85686,0.1404263951160289,22162
rxn:2:89311:173095,0.140142635865645,22162
rxn:2:140876:170060,0.1394277172429221,22162
rxn:2:108320:172265,0.1381498862957132,22162
rxn:2:132131:172618,0.1374302456776301,22162
rxn:2:105023:120822,0.1370522578557332,22162
rxn:2:162493:143660,0.1366823613643646,22162
rxn:2:167592:91563,0.1339462378195353,22162
rxn:2:97063:169739,0.1329978832176753,22162
rxn:2:96411:108959,0.1318098306655883,22162
rxn:2:75457:170060,0.1312015878743138,22162
rxn:2:84871:96010,0.1308846569061279,22162
rxn:2:106307:96010,0.1287518058504377,22162
rxn:2:111746:170060,0.1269718850100482,22162
rxn:2:76594:120181,0.1266595125198364,22162
rxn:2:73576:169412,0.1259044385873354,22162
rxn:2:70146:91624,0.1257865258625575,22162
rxn:2:122495:172375,0.1253308142934526,22162
rxn:2:92623:139886,0.1250596615401181,22162
rxn:2:132373:171392,0.1244437222679456,22162
rxn:2:76997:67686,0.1243072585626082,22162
rxn:2:72400:114519,0.1239285087585449,22162
rxn:2:105701:70192,0.1231290876865387,22162
rxn:2:68525:109382,0.1229268260624097,22162
rxn:2:110832:154787,0.1221412370602289,22162
rxn:2:163596:118444,0.1188999414443969,22162
rxn:2:138675:70192,0.1181607530230567,22162
rxn:2:156072:66791,0.1173981030782063,22162
rxn:2:141397:169575,0.1143533530689421,22162
rxn:2:145188:100235,0.1137990419353757,22162
rxn:2:74567:96010,0.1107607903303923,22162
rxn:2:117731:115113,0.1058261543512344,22162
rxn:2:132002:105101,0.0618961286544799,22162
rxn:2:167169:104044,0.1562508855547223,22163
rxn:2:106758:147815,0.1549763633654667,22163
rxn:2:88943:141988,0.1531899085751286,22163
rxn:2:81194:169300,0.1493550725281238,22163
rxn:2:118254:120822,0.1478945875167846,22163
rxn:2:107950:107408,0.1470340901407702,22163
rxn:2:113426:96514,0.146979740687779,22163
rxn:2:110352:170235,0.1468638011387416,22163
rxn:2:139383:141195,0.1450442946874178,22163
rxn:2:70378:68807,0.1450144674467003,22163
rxn:2:97410:123403,0.1446960841615995,22163
rxn:2:125198:171231,0.1446156203746795,22163
rxn:2:141204:81963,0.1445602266876786,22163
rxn:2:78656:173016,0.1444764323532581,22163
rxn:2:88500:173095,0.1442868926308372,22163
rxn:2:68805:94314,0.1439357030959356,22163
rxn:2:108186:169412,0.1436472773551941,22163
rxn:2:131603:108959,0.1434710025787353,22163
rxn:2:77560:148477,0.142568135803396,22163
rxn:2:99055:109025,0.1423620669930069,22163
rxn:2:120936:141195,0.1418021528617195,22163
rxn:2:128763:107408,0.1415863931179046,22163
rxn:2:104011:101283,0.1415778008791116,22163
rxn:2:149922:141988,0.1415624248570409,22163
rxn:2:155314:129880,0.1405163181239161,22163
rxn:2:147050:76379,0.1398386844882258,22163
rxn:2:141397:169545,0.1397992883409772,22163
rxn:2:141397:146731,0.1396686911582946,22163
rxn:2:102522:170060,0.1395258328744343,22163
rxn:2:76726:112875,0.1394009262323379,22163
rxn:2:72200:107408,0.1392759652364821,22163
rxn:2:113672:156984,0.1390431722005208,22163
rxn:2:114522:171246,0.139018097231465,22163
rxn:2:104011:70812,0.1389414832509797,22163
rxn:2:138457:127220,0.1378227046557835,22163
rxn:2:71469:169412,0.1350949449198586,22163
rxn:2:164315:92488,0.1347556484156641,22163
rxn:2:83925:96010,0.1338215867678324,22163
rxn:2:106240:96010,0.1328666519235681,22163
rxn:2:138255:126659,0.1327594717343648,22163
rxn:2:137816:124273,0.1325983752806981,22163
rxn:2:113775:68636,0.1319081641378857,22163
rxn:2:93374:112875,0.1300614774227142,22163
rxn:2:132396:129654,0.1262755852479201,22163
rxn:2:97941:78435,0.1233889460563659,22163
rxn:2:85757:91582,0.1231266052826591,22163
rxn:2:117046:91563,0.1005413594998811,22163
rxn:2:164589:109025,0.0934289362695482,22163
rxn:2:136672:154103,0.1534244689074429,22164
rxn:2:70596:67686,0.152837438583374,22164
rxn:2:144636:100669,0.1525993645191192,22164
rxn:2:78571:111357,0.1520102024078369,22164
rxn:2:166478:107408,0.1513270982380571,22164
rxn:2:167169:114890,0.1509425270146337,22164
rxn:2:89590:104330,0.1506991052627563,22164
rxn:2:125169:170892,0.1482316211417869,22164
rxn:2:101439:66791,0.1474911832809448,22164
rxn:2:91779:68807,0.1469498563695837,22164
rxn:2:69444:112875,0.1448410661132247,22164
rxn:2:90089:134252,0.144767427444458,22164
rxn:2:82511:173095,0.1446309089660644,22164
rxn:2:134607:172265,0.1445576165403638,22164
rxn:2:116296:170060,0.14354774585137,22164
rxn:2:114934:168058,0.1429460123181343,22164
rxn:2:148526:156984,0.1428312313172125,22164
rxn:2:127751:68807,0.1418801814317703,22164
rxn:2:139105:109025,0.1417927845664646,22164
rxn:2:102522:172265,0.1417666015953853,22164
rxn:2:124198:145184,0.1415133476257324,22164
rxn:2:79112:170060,0.1413432138937491,22164
rxn:2:135415:170858,0.140935663993542,22164
rxn:2:70846:170411,0.1404878764316953,22164
rxn:2:156072:146533,0.1397699236869812,22164
rxn:2:138643:107408,0.1391058056442826,22164
rxn:2:108076:143660,0.1379876624454151,22164
rxn:2:138933:139886,0.1379484041877414,22164
rxn:2:145188:142136,0.1373602173946521,22164
rxn:2:120365:145184,0.1371588039398193,22164
rxn:2:119653:108959,0.1368845701217651,22164
rxn:2:104952:155734,0.1349236390420368,22164
rxn:2:141397:87790,0.1338566899299621,22164
rxn:2:106804:78538,0.1328808028122474,22164
rxn:2:116138:108959,0.1305410986145337,22164
rxn:2:91293:169305,0.1295417547225952,22164
rxn:2:164315:91582,0.129526715193476,22164
rxn:2:80519:173095,0.129269495010376,22164
rxn:2:92284:170892,0.1288235804130291,22164
rxn:2:66358:129654,0.125321182111899,22164
rxn:2:139123:68807,0.1247252661448258,22164
rxn:2:132998:116515,0.1245365611144474,22164
rxn:2:115169:170892,0.1234460782121728,22164
rxn:2:91859:138122,0.1226508361952645,22164
rxn:2:91097:156943,0.1212599827693058,22164
rxn:2:137446:159692,0.1047545330865042,22164
rxn:2:100892:126659,0.0993024927598458,22164
rxn:2:99080:85686,0.0956072133520375,22164
rxn:2:138080:96010,0.1631719536251492,22165
rxn:2:122705:170892,0.1593063275019327,22165
rxn:2:122955:108959,0.1567868460779604,22165
rxn:2:67009:141988,0.1550582957267761,22165
rxn:2:124788:129880,0.1520590639114379,22165
rxn:2:76360:156943,0.1517050174566415,22165
rxn:2:138592:67848,0.1510808765888214,22165
rxn:2:135072:172032,0.1501806424214289,22165
rxn:2:70238:129880,0.1487629127502441,22165
rxn:2:141555:94314,0.1484172498738324,22165
rxn:2:139105:153414,0.1480284547805786,22165
rxn:2:104011:85300,0.1472073094598178,22165
rxn:2:75281:91624,0.1461179086140223,22165
rxn:2:135754:96010,0.1461132994064918,22165
rxn:2:121226:68807,0.1459486639058148,22165
rxn:2:125447:170060,0.1456980219593754,22165
rxn:2:127463:170892,0.1449517938825819,22165
rxn:2:167169:101933,0.1433074900082179,22165
rxn:2:111674:104330,0.1430153703689575,22165
rxn:2:91597:169748,0.1419798823503347,22165
rxn:2:70238:173089,0.141365219439779,22165
rxn:2:105080:173095,0.1401768249014149,22165
rxn:2:84749:141988,0.1398729174225418,22165
rxn:2:167169:164642,0.1396212660033127,22165
rxn:2:136996:107408,0.1393159329891204,22165
rxn:2:114934:141988,0.1390091754772045,22165
rxn:2:86811:76379,0.1389929497683489,22165
rxn:1:65513:28956,0.1387360095977783,22165
rxn:2:73576:70192,0.1386988681295643,22165
rxn:2:127204:168058,0.1384031684310347,22165
rxn:2:69933:108959,0.1383975505828857,22165
rxn:2:97543:170858,0.1382523049478945,22165
rxn:2:73951:170374,0.1372163189308984,22165
rxn:2:69457:173095,0.1370019316673278,22165
rxn:2:156072:104044,0.1352281719446182,22165
rxn:2:138255:173095,0.1347260916674578,22165
rxn:2:77160:170060,0.1345301115954363,22165
rxn:2:91747:108959,0.1341433947285016,22165
rxn:2:70533:112875,0.1319377064704895,22165
rxn:2:104981:169412,0.1313027187629982,22165
rxn:2:126873:112875,0.1301520081127391,22165
rxn:2:97639:170411,0.1301379672118595,22165
rxn:2:80519:127220,0.127696358639261,22165
rxn:2:132396:123403,0.1269840151071548,22165
rxn:2:70492:96010,0.1265621522198552,22165
rxn:2:165559:78538,0.1191084549344819,22165
rxn:2:92749:115754,0.118345832824707,22165
rxn:2:111985:170026,0.1103520393371582,22165
rxn:2:129122:170892,0.1619827555758612,22166
rxn:2:67121:173095,0.1604560776190324,22166
rxn:2:106940:169412,0.159549464782079,22166
rxn:2:108320:122855,0.1548721839984258,22166
rxn:2:156072:84225,0.1530681635652269,22166
rxn:2:160401:139886,0.1529727067266191,22166
rxn:2:162493:92027,0.1526425370463618,22166
rxn:2:86811:125117,0.1502142889159066,22166
rxn:2:110555:88330,0.1493038923844047,22166
rxn:2:76625:114519,0.1490431676308314,22166
rxn:2:139602:172618,0.1484589139620463,22166
rxn:2:142622:147513,0.1484131966867754,22166
rxn:2:100451:129880,0.1475028644005457,22166
rxn:2:76500:67686,0.1473000212149186,22166
rxn:2:76926:120822,0.1469244278710464,22166
rxn:2:167169:126659,0.1463204943216764,22166
rxn:2:96501:170060,0.1461253523826599,22166
rxn:2:131711:169851,0.1460425162315368,22166
rxn:2:141397:171553,0.1458116372426351,22166
rxn:2:78571:156549,0.1456848410042849,22166
rxn:2:110352:173016,0.144908933412461,22166
rxn:2:145750:102373,0.1448193633997881,22166
rxn:2:73951:140099,0.1447745050702776,22166
rxn:2:102551:96010,0.1446836161613464,22166
rxn:2:75290:169935,0.1445989547104671,22166
rxn:2:70440:85686,0.1433680032690366,22166
rxn:2:123367:169412,0.1426530054637364,22166
rxn:2:131711:170060,0.1424000978469848,22166
rxn:2:93577:170060,0.1407902262828968,22166
rxn:2:89902:69876,0.1395980739593506,22166
rxn:2:139412:171231,0.1384122712271554,22166
rxn:2:66816:110041,0.1378522859169886,22166
rxn:2:76360:173248,0.1375800325320317,22166
rxn:2:121328:170892,0.1368639204237196,22166
rxn:2:119924:70192,0.132666029036045,22166
rxn:2:73264:169305,0.1322985291481018,22166
rxn:2:97485:67686,0.1321925740492971,22166
rxn:2:92660:172265,0.1311580723729626,22166
rxn:2:127458:142183,0.1308365779764512,22166
rxn:2:83460:120822,0.1306822274042212,22166
rxn:2:72890:127220,0.1305064351662345,22166
rxn:2:112350:170060,0.1293122415189389,22166
rxn:2:104740:104330,0.1284226929699933,22166
rxn:2:150747:166934,0.1260733902454376,22166
rxn:2:141819:172893,0.1257297330432468,22166
rxn:2:92382:172959,0.1238052736629139,22166
rxn:2:156072:104330,0.1192992755344935,22166
rxn:2:139383:107956,0.1171531768945547,22166
rxn:2:106940:173089,0.1140574216842651,22166
rxn:2:132131:170940,0.1551162931654188,22167
rxn:2:167169:116441,0.1538316232186776,22167
rxn:2:110768:85686,0.1527229785919189,22167
rxn:2:86811:126659,0.1511868146749643,22167
rxn:2:134195:108959,0.1502731347084045,22167
rxn:2:91909:95801,0.1501467501123746,22167
rxn:2:154793:142183,0.1474485635757446,22167
rxn:2:73576:172076,0.1468158272596506,22167
rxn:2:137192:108959,0.1465187823330914,22167
rxn:2:165720:170060,0.1462635359456462,22167
rxn:2:92382:115754,0.1460857927799224,22167
rxn:2:140720:122855,0.1445474403875845,22167
rxn:2:136996:127220,0.144217985016959,22167
rxn:2:116191:86492,0.1442088743914728,22167
rxn:2:113889:78104,0.1436258879574862,22167
rxn:2:71072:166167,0.1419444498808487,22167
rxn:2:138381:78538,0.1410924111093793,22167
rxn:2:107651:134351,0.140261655762082,22167
rxn:2:140614:170060,0.1401353350707463,22167
rxn:2:129280:169412,0.1400871322705195,22167
rxn:2:109262:91563,0.1398192695949388,22167
rxn:2:164315:170060,0.1396344430518872,22167
rxn:2:86811:169412,0.1394254128138224,22167
rxn:2:141397:68909,0.1388448056052713,22167
rxn:2:162493:66791,0.1376634921346392,22167
rxn:2:76009:171392,0.1361578106880188,22167
rxn:2:128825:170060,0.1356152057647705,22167
rxn:2:114505:170060,0.1354885896046956,22167
rxn:2:76625:161103,0.1350861263275146,22167
rxn:2:88009:142183,0.1345066673615399,22167
rxn:2:69237:156984,0.1326378028968285,22167
rxn:2:119168:113807,0.132512412071228,22167
rxn:2:111468:171392,0.1299238204956054,22167
rxn:2:113171:165512,0.1255726863940557,22167
rxn:2:167592:69508,0.1216441818646022,22167
rxn:2:129699:96010,0.1207885344823201,22167
rxn:2:130128:171492,0.1197079471919847,22167
rxn:2:99859:154103,0.1147673940658569,22167
rxn:2:97946:173095,0.1023504773775736,22167
rxn:2:97063:116515,0.158953693780032,22168
rxn:2:93504:171231,0.1561193466186523,22168
rxn:2:83604:83991,0.1553212090542441,22168
rxn:2:75710:108959,0.1551286220550537,22168
rxn:2:145188:109025,0.1539115042522035,22168
rxn:2:81958:124273,0.1520407114710126,22168
rxn:2:138080:108959,0.1519351491221675,22168
rxn:2:149922:94543,0.1514037970838875,22168
rxn:2:130209:67655,0.1508850765228271,22168
rxn:2:139991:96010,0.1501781214838442,22168
rxn:2:110352:150431,0.1482064496903192,22168
rxn:2:93670:67686,0.1478308750235516,22168
rxn:2:121028:173016,0.1477302483149937,22168
rxn:2:132002:96010,0.1469167423248291,22168
rxn:2:135415:156984,0.1451106910352353,22168
rxn:2:116296:171231,0.143401209797178,22168
rxn:2:73728:88550,0.1433790193663703,22168
rxn:2:139602:170060,0.1433545158755394,22168
rxn:2:101355:171392,0.1429144442081451,22168
rxn:2:118779:108959,0.142683836920508,22168
rxn:2:97900:88103,0.1425411376086148,22168
rxn:2:101284:170411,0.1421858509381612,22168
rxn:2:133392:81963,0.1414983790853749,22168
rxn:2:144636:94543,0.1412092447280883,22168
rxn:2:93954:74293,0.141061398116025,22168
rxn:2:139357:105824,0.1406824532009306,22168
rxn:2:123786:171392,0.1400680637359619,22168
rxn:2:73959:170060,0.1400505447387695,22168
rxn:2:81680:168058,0.1400089008467538,22168
rxn:2:90327:141195,0.1397995601097742,22168
rxn:2:167169:108201,0.1387843702520643,22168
rxn:2:113875:70192,0.1381481289863586,22168
rxn:2:92382:169400,0.1380599330772053,22168
rxn:2:92434:108959,0.1374563326438268,22168
rxn:2:81109:66791,0.1373826334109673,22168
rxn:2:74364:169412,0.1372734352394386,22168
rxn:2:166241:172076,0.1369722411036491,22168
rxn:2:99558:96010,0.1354156303405761,22168
rxn:2:105196:142183,0.1342579021173365,22168
rxn:2:138933:173089,0.1312612824969821,22168
rxn:2:85600:70192,0.1296541941793341,22168
rxn:2:92660:77974,0.1268812179565429,22168
rxn:2:85630:126659,0.1231151871059251,22168
rxn:2:155875:98873,0.1532492609251113,22169
rxn:2:141238:123403,0.1514421545940896,22169
rxn:2:112079:110334,0.1508826732635498,22169
rxn:2:105485:96010,0.1493763903776804,22169
rxn:2:111468:109025,0.1491678886943393,22169
rxn:2:146069:107408,0.1486436210829636,22169
rxn:2:145188:96514,0.1483579010799013,22169
rxn:2:103624:169856,0.1450076647426771,22169
rxn:2:138516:171231,0.144929104837878,22169
rxn:2:84123:69508,0.1431574510491412,22169
rxn:2:68618:109025,0.1430849326508385,22169
rxn:2:77202:70192,0.1424767158248207,22169
rxn:2:83688:120822,0.1419583805676164,22169
rxn:2:94439:170060,0.141315049595303,22169
rxn:2:106136:91563,0.1411126806185795,22169
rxn:2:83604:73049,0.1404639217588636,22169
rxn:2:94771:96975,0.1401122996681615,22169
rxn:2:167169:159800,0.1395416736602783,22169
rxn:2:92749:154103,0.1393231207674199,22169
rxn:2:73713:169412,0.1391913255055745,22169
rxn:2:95063:168058,0.1391595218862806,22169
rxn:2:112208:172265,0.1385128540652138,22169
rxn:2:97543:66791,0.1381942771729968,22169
rxn:2:167592:170060,0.1379449764887491,22169
rxn:2:111746:170892,0.1378960059239314,22169
rxn:2:160401:85686,0.1377490758895874,22169
rxn:2:120369:170060,0.1374467487992911,22169
rxn:2:108728:88359,0.1367780184745788,22169
rxn:2:67674:91563,0.136208373766679,22169
rxn:2:79392:102419,0.135127739906311,22169
rxn:2:147732:98873,0.1343863010406494,22169
rxn:2:70238:123403,0.1336437930231509,22169
rxn:2:132002:85686,0.1331108262141545,22169
rxn:2:119168:71052,0.1329389443764319,22169
rxn:2:141397:162938,0.1305949836969375,22169
rxn:2:104688:168058,0.1284529073485012,22169
rxn:2:99084:127220,0.1275392337278886,22169
rxn:2:127751:172375,0.1263346318845395,22169
rxn:2:144681:85686,0.1190681060155232,22169
rxn:2:90963:107408,0.1161199160244153,22169
rxn:2:67009:92488,0.1097421497106552,22169
rxn:2:112154:110041,0.1074117055306067,22169
rxn:2:160401:110041,0.0970694069509153,22169
rxn:2:112154:124273,0.1609998895571782,22170
rxn:2:97955:91624,0.1572431354295639,22170
rxn:2:167169:170858,0.1555321648203093,22170
rxn:2:93664:120181,0.154324880013099,22170
rxn:2:158858:122855,0.1526280266267282,22170
rxn:2:67058:171231,0.1515277964728219,22170
rxn:2:149922:170892,0.1505714770286313,22170
rxn:2:166241:171392,0.1496226133838776,22170
rxn:2:96304:170060,0.1492263633629371,22170
rxn:2:94771:126659,0.1482104923990037,22170
rxn:2:139798:141988,0.1471416308329655,22170
rxn:2:77397:107408,0.1468214562961033,22170
rxn:2:89902:88532,0.1468040752410888,22170
rxn:2:87971:69508,0.1464654390628521,22170
rxn:2:163443:155572,0.1462975206046269,22170
rxn:2:114506:156697,0.1450690598714919,22170
rxn:2:66816:120822,0.1447152090924126,22170
rxn:2:118300:170892,0.1441457072893778,22170
rxn:2:109567:109025,0.1428894698619842,22170
rxn:2:142622:137564,0.1428332243646894,22170
rxn:2:139218:116515,0.1422106346913746,22170
rxn:2:114191:96010,0.1418678423632746,22170
rxn:2:71463:92488,0.1418598932879311,22170
rxn:2:68525:97264,0.1404417008161544,22170
rxn:2:86811:107408,0.1402767759103041,22170
rxn:2:140051:170060,0.1398093295948846,22170
rxn:2:109745:170668,0.1390945443085261,22170
rxn:2:94402:123403,0.1382220891805795,22170
rxn:2:117731:156943,0.1380420451362927,22170
rxn:2:112003:161103,0.1364552293504987,22170
rxn:2:139656:70192,0.136102224389712,22170
rxn:2:93898:98873,0.135813085656417,22170
rxn:2:105992:170060,0.1347251087427139,22170
rxn:2:114934:170892,0.1339986653163515,22170
rxn:2:89033:146533,0.1337593843539556,22170
rxn:2:148180:129654,0.1336824441778248,22170
rxn:2:106136:78538,0.1327822942000169,22170
rxn:2:114522:96010,0.1319731771945953,22170
rxn:2:98863:173016,0.1314300213541303,22170
rxn:2:105340:172751,0.1285244478629185,22170
rxn:2:134689:85327,0.127364182472229,22170
rxn:2:75313:169851,0.1268917896917888,22170
rxn:2:85117:120822,0.1261035680770874,22170
rxn:2:126579:95801,0.1258874386548996,22170
rxn:2:81636:108959,0.1252721953392029,22170
rxn:2:100451:95801,0.1241411964098612,22170
rxn:2:139991:108959,0.1235962587854136,22170
rxn:2:91065:170060,0.1235731267012082,22170
rxn:2:145188:110041,0.1229016078369958,22170
rxn:2:86827:91624,0.1121269329027696,22170
rxn:2:103132:142183,0.1120762899518013,22170
rxn:2:118136:170060,0.1560028897864478,22171
rxn:2:95352:108959,0.1559857177734375,22171
rxn:2:156072:110334,0.1519531298566747,22171
rxn:2:139105:172317,0.1513427091496331,22171
rxn:2:110352:90007,0.1503617512552361,22171
rxn:2:92699:142183,0.148994501431783,22171
rxn:2:140189:105824,0.1485458669208345,22171
rxn:2:164315:172618,0.1479880698025226,22171
rxn:2:113672:113626,0.1477352717648381,22171
rxn:2:115801:111147,0.1476757441248212,22171
rxn:2:72121:170060,0.1466156201703208,22171
rxn:2:150732:122855,0.1465798483954535,22171
rxn:2:135058:172751,0.1456387219605622,22171
rxn:2:122351:81254,0.1452461746003892,22171
rxn:2:93644:92656,0.1450421866916474,22171
rxn:2:137534:94314,0.1447106093168258,22171
rxn:2:99558:110041,0.1440383444229761,22171
rxn:2:77202:120822,0.1440073977346005,22171
rxn:2:76360:170892,0.1438532638549804,22171
rxn:2:86811:170858,0.1435212472389484,22171
rxn:2:92382:70956,0.1434753477573394,22171
rxn:2:130209:159800,0.1432168130521421,22171
rxn:2:163783:130974,0.1425710043736866,22171
rxn:2:92382:109025,0.1410213834361026,22171
rxn:2:88848:171231,0.1408545272103671,22171
rxn:2:88801:108959,0.1408007144927978,22171
rxn:2:87876:127577,0.139167106669882,22171
rxn:2:73365:168058,0.1391389193358244,22171
rxn:2:86385:172032,0.1388924432837444,22171
rxn:2:68984:173095,0.1388407970468203,22171
rxn:2:86811:123403,0.1384035257192758,22171
rxn:2:106616:173095,0.1368414542891762,22171
rxn:2:124792:146533,0.1367006742435952,22171
rxn:2:138365:171231,0.1364410046873421,22171
rxn:2:138080:120822,0.135868381176676,22171
rxn:2:141819:169305,0.1356034278869629,22171
rxn:2:74379:67686,0.1344446254813152,22171
rxn:2:99055:170892,0.1344044784019733,22171
rxn:2:106387:109025,0.1329752871623406,22171
rxn:2:119514:156549,0.1326635350351748,22171
rxn:2:130909:169412,0.1301655358281628,22171
rxn:2:82050:169810,0.1299389600753784,22171
rxn:2:93857:170060,0.1293470813677861,22171
rxn:2:137534:126659,0.1281650245189666,22171
rxn:2:93739:169412,0.1269948924029315,22171
rxn:2:105333:107408,0.1249664640426635,22171
rxn:2:96741:171231,0.1165357995033264,22171
rxn:2:108049:85686,0.1149992704391479,22171
rxn:2:124198:95954,0.0595387324042942,22171
rxn:2:73676:96010,0.1536190296922411,22172
rxn:2:95063:169412,0.1524623403182396,22172
rxn:2:86297:68807,0.1511259317398071,22172
rxn:2:136139:109025,0.1506920605897903,22172
rxn:2:95601:76379,0.1496979807104383,22172
rxn:2:77202:104136,0.1492976546287536,22172
rxn:2:79379:170411,0.148930222823702,22172
rxn:2:115674:78538,0.1475762086255209,22172
rxn:2:68410:169856,0.1463529566923777,22172
rxn:2:74284:169594,0.1459880904717878,22172
rxn:2:65963:170060,0.1457693530963017,22172
rxn:2:126542:129654,0.1456833731743597,22172
rxn:2:78981:98873,0.1454543816415887,22172
rxn:2:82516:85686,0.1444780613694872,22172
rxn:2:137446:110041,0.1438365509876838,22172
rxn:2:126498:95801,0.143701359629631,22172
rxn:2:141397:160069,0.1436793747402373,22172
rxn:2:104271:126659,0.1427975457448225,22172
rxn:2:129587:170060,0.142780432334313,22172
rxn:2:136996:173095,0.1427567730779233,22172
rxn:2:84839:107956,0.1415524769712377,22172
rxn:2:140546:172751,0.1412360138363308,22172
rxn:2:79532:80566,0.1411692202091217,22172
rxn:2:87344:104330,0.1411324418508089,22172
rxn:2:92382:89191,0.1410940753089057,22172
rxn:2:84123:171180,0.1405171347515923,22172
rxn:2:72583:170411,0.1399069002696446,22172
rxn:2:84357:127220,0.1374662065505981,22172
rxn:2:89311:68807,0.1374338746070861,22172
rxn:2:142622:85300,0.1369781759050157,22172
rxn:2:113732:96010,0.1369095261280353,22172
rxn:2:142033:159612,0.1363744359267385,22172
rxn:2:144681:139886,0.1345185743910925,22172
rxn:2:145188:115202,0.1344478300639561,22172
rxn:2:129458:141988,0.133938207076146,22172
rxn:2:167592:122855,0.132909568456503,22172
rxn:2:164276:124273,0.132828129189355,22172
rxn:2:87579:171669,0.1317766033686124,22172
rxn:2:115801:108959,0.1279016115835734,22172
rxn:2:162493:116441,0.1242619944470269,22172
rxn:2:84839:116515,0.1235267210006713,22172
rxn:2:156072:114890,0.1227443773170997,22172
rxn:2:122923:111147,0.1200969020525614,22172
rxn:2:91127:107408,0.1118082404136657,22172
rxn:2:127086:114519,0.0906707334518432,22172
rxn:2:140720:134530,0.0575804368213371,22172
rxn:2:162493:100235,0.1568998098373413,22173
rxn:2:95352:91563,0.1549710998168358,22173
rxn:2:70251:68807,0.1540766312525822,22173
rxn:2:70440:94314,0.1535505006710688,22173
rxn:2:99842:141988,0.1531352650734686,22173
rxn:2:100083:168058,0.151897146784026,22173
rxn:2:116475:96010,0.1514727981002242,22173
rxn:2:112154:70209,0.1514259201508981,22173
rxn:2:95380:170668,0.1502936333417892,22173
rxn:2:116191:138958,0.1488235267725857,22173
rxn:2:120709:96010,0.1485789140065511,22173
rxn:2:86253:74293,0.1481011238965121,22173
rxn:2:79834:170060,0.1477850139141082,22173
rxn:2:135415:171478,0.1471257651293719,22173
rxn:2:120435:120822,0.1462218761444091,22173
rxn:2:85140:96010,0.1459178970410273,22173
rxn:2:112154:90126,0.1447749579394305,22173
rxn:2:138933:149508,0.1445390892028808,22173
rxn:2:128825:127220,0.1445127021182667,22173
rxn:2:84839:108959,0.1436912393569946,22173
rxn:2:67562:85686,0.1434740686416626,22173
rxn:2:124198:111147,0.1428172484688137,22173
rxn:2:84871:169412,0.1424780743462698,22173
rxn:2:75557:170892,0.14170952886343,22173
rxn:2:79671:75361,0.1415917873382568,22173
rxn:2:132131:156943,0.1409139966964721,22173
rxn:2:102016:68807,0.1403258520623912,22173
rxn:2:117731:173089,0.139721143245697,22173
rxn:2:92382:130267,0.1380553526036879,22173
rxn:2:112830:85327,0.1368872475624084,22173
rxn:2:93504:138701,0.1367738143257472,22173
rxn:2:135415:170913,0.1356524475689592,22173
rxn:2:113171:146828,0.1327270617087682,22173
rxn:2:95601:139886,0.1325830391475132,22173
rxn:2:80519:70192,0.1309078206186709,22173
rxn:2:113672:129880,0.1283644866943359,22173
rxn:2:116769:170060,0.1266305616923741,22173
rxn:2:91747:173179,0.1265982882729892,22173
rxn:2:133392:129880,0.1256624137361844,22173
rxn:2:108320:120822,0.1207268490241124,22173
rxn:2:118433:156549,0.1195255517959594,22173
rxn:2:137816:125240,0.1190401638547579,22173
rxn:2:137816:104330,0.1176108396970308,22173
rxn:2:135811:173095,0.1156737854083379,22173
rxn:2:87688:171669,0.11309670484983,22173
rxn:2:132026:120822,0.1047838559517493,22173
rxn:2:144681:166167,0.1013512261982621,22173
rxn:2:135721:68807,0.1565922757853632,22174
rxn:2:94771:155104,0.154657138718499,22174
rxn:2:146036:111147,0.153314220053809,22174
rxn:2:86297:75228,0.153081266503585,22174
rxn:2:96304:169412,0.1525192425168793,22174
rxn:2:68525:120822,0.1513229379287133,22174
rxn:2:103624:156549,0.1490779437802054,22174
rxn:2:110122:168058,0.1481966177622477,22174
rxn:2:167676:142183,0.1478645290647234,22174
rxn:2:71459:70831,0.1470738603518559,22174
rxn:2:78535:68807,0.146337472475492,22174
rxn:2:76625:172189,0.1457237558705466,22174
rxn:2:77976:154103,0.1454446965997869,22174
rxn:2:109543:170060,0.1450605477605547,22174
rxn:2:144636:172996,0.1444114850413414,22174
rxn:2:122353:159692,0.1438338592134673,22174
rxn:2:134347:170060,0.1431784835355035,22174
rxn:2:106332:146828,0.1426209590651772,22174
rxn:2:105485:102373,0.1422496769163343,22174
rxn:2:104011:167458,0.1419054019835687,22174
rxn:2:113732:139886,0.1413917312255272,22174
rxn:2:116340:70192,0.1412803899674188,22174
rxn:2:87637:169412,0.1403238058090209,22174
rxn:2:135111:146533,0.1402186751365661,22174
rxn:2:110271:68807,0.1398696070132048,22174
rxn:2:92757:70192,0.1387999446495719,22174
rxn:2:118218:170892,0.1387950309685298,22174
rxn:2:73959:85686,0.137891758055914,22174
rxn:2:132998:120822,0.13640322767455,22174
rxn:2:99055:141988,0.1359042746049386,22174
rxn:2:137922:120181,0.1351367349808032,22174
rxn:2:108730:108959,0.1344695598990828,22174
rxn:2:135754:107408,0.1336233520507812,22174
rxn:2:86685:108959,0.1332020545005798,22174
rxn:2:68618:151136,0.1328640330222345,22174
rxn:2:138457:169412,0.131590808591535,22174
rxn:2:89590:108959,0.1307657385865847,22174
rxn:2:85122:75079,0.130356565117836,22174
rxn:2:103277:170060,0.1212964631893016,22174
rxn:2:142314:110334,0.1148249208927154,22174
rxn:2:106136:110041,0.1718822916348775,22175
rxn:2:137734:85686,0.1554374551773071,22175
rxn:2:99720:173095,0.1542586304924705,22175
rxn:2:112079:169412,0.1530919181449072,22175
rxn:2:131974:169666,0.1515884666607297,22175
rxn:2:160401:68807,0.1515003825936998,22175
rxn:2:150747:169851,0.1513088166713714,22175
rxn:2:113171:96010,0.1505783037705854,22175
rxn:2:125447:169412,0.1501816356623614,22175
rxn:2:72583:173248,0.1495342392187852,22175
rxn:2:79392:127220,0.1488374264343925,22175
rxn:2:86811:141988,0.1470460891723632,22175
rxn:2:122923:169412,0.1461427013079325,22175
rxn:2:139949:108959,0.1454177832603454,22175
rxn:2:97779:170060,0.1453782894781657,22175
rxn:2:138592:155572,0.1446415398802076,22175
rxn:2:105485:68807,0.1446067690849304,22175
rxn:2:139123:127220,0.1438259688707498,22175
rxn:2:104271:85686,0.1428163991524623,22175
rxn:2:162493:170892,0.1417357087135315,22175
rxn:2:96741:169340,0.1414530588232952,22175
rxn:2:142622:109382,0.14110617683484,22175
rxn:2:67595:70192,0.139966831320808,22175
rxn:2:164315:143698,0.1397099418024863,22175
rxn:2:101450:141195,0.1387859923498971,22175
rxn:2:93504:170962,0.1385147754962627,22175
rxn:2:145188:94314,0.1374434828758239,22175
rxn:2:137531:146828,0.1368137424190839,22175
rxn:2:142622:160916,0.1368117789427439,22175
rxn:2:80079:170060,0.1362399203436715,22175
rxn:2:125956:68807,0.1362057872440503,22175
rxn:2:68984:78538,0.1354257930880007,22175
rxn:2:77202:161514,0.1345670074224472,22175
rxn:2:94769:120822,0.1331268119812011,22175
rxn:2:141397:172621,0.1311608950297037,22175
rxn:2:87290:113826,0.1307445920032003,22175
rxn:2:118279:69508,0.1290672084559565,22175
rxn:2:116035:120822,0.1282308864593505,22175
rxn:2:67288:170060,0.1169536689232135,22175
rxn:2:96712:108959,0.1167792379856109,22175
rxn:2:142622:161103,0.1116511563460032,22175
rxn:2:118506:105101,0.1507096822772707,22176
rxn:2:124200:170411,0.1504401256298196,22176
rxn:2:128825:139886,0.1502669020132585,22176
rxn:2:84123:109025,0.1490837579423731,22176
rxn:2:102522:95801,0.1489161596848414,22176
rxn:2:109788:168058,0.1487600122179304,22176
rxn:2:112154:114519,0.1484913740839277,22176
rxn:2:138457:66791,0.1482730763299124,22176
rxn:1:60111:13888,0.1480719039314671,22176
rxn:2:145188:141988,0.1471492360378133,22176
rxn:2:110342:170060,0.1454393139907292,22176
rxn:2:71469:170060,0.1446174468312944,22176
rxn:2:133483:170060,0.1444080909093221,22176
rxn:2:89554:141889,0.1438104281058678,22176
rxn:2:96388:159800,0.1436124948354867,22176
rxn:2:107766:169412,0.1422344363968948,22176
rxn:2:138463:91563,0.1420425524314244,22176
rxn:2:112079:94314,0.1415809839963913,22176
rxn:2:139218:111147,0.1413542841162,22176
rxn:2:117046:152911,0.1407925605773926,22176
rxn:2:94862:173095,0.1406253006147301,22176
rxn:2:106791:170060,0.1405073766197477,22176
rxn:2:109788:171231,0.1404873175280434,22176
rxn:2:107777:169412,0.1387961705525716,22176
rxn:2:66358:126659,0.1386686590584841,22176
rxn:2:116138:169400,0.1373335674956992,22176
rxn:2:112350:120822,0.1372034406661987,22176
rxn:2:76896:123403,0.137152744376141,22176
rxn:2:116949:83009,0.1363056160154797,22176
rxn:2:97063:173095,0.1357230196396509,22176
rxn:2:76236:97563,0.1350599871231959,22176
rxn:2:92434:169412,0.1333431667751736,22176
rxn:2:127261:68807,0.1323694884777069,22176
rxn:2:116949:173089,0.13125565316942,22176
rxn:2:90648:170060,0.1301247064883892,22176
rxn:2:109661:172618,0.1300864070653915,22176
rxn:2:72400:120822,0.1294171810150146,22176
rxn:2:117348:78077,0.1279520367582639,22176
rxn:2:68378:104330,0.1272376055518786,22176
rxn:2:82490:170060,0.1258529402591564,22176
rxn:2:141397:74816,0.1235591539969811,22176
rxn:2:141544:92488,0.1233994960784912,22176
rxn:2:86568:168058,0.121336529994833,22176
rxn:2:87971:83009,0.1152771141218102,22176
rxn:2:118433:129654,0.1137192612108976,22176
rxn:2:119851:127220,0.1607818055152893,22177
rxn:2:145750:88106,0.1593615926545241,22177
rxn:2:112208:116842,0.1577700124337123,22177
rxn:2:140908:123403,0.1526049034936087,22177
rxn:2:95462:68807,0.151978357978489,22177
rxn:2:117348:171231,0.1518471964768001,22177
rxn:2:78535:169300,0.1508322834968566,22177
rxn:2:109607:171231,0.1489060108478252,22177
rxn:2:136231:170892,0.1487262447675069,22177
rxn:2:108667:107408,0.1486607039416277,22177
rxn:2:70378:78538,0.145557627081871,22177
rxn:2:70411:156984,0.1454148372014363,22177
rxn:2:81401:171231,0.1448823743396335,22177
rxn:2:102636:78538,0.1435017608679258,22177
rxn:2:123063:170411,0.1433088409489598,22177
rxn:2:126542:96010,0.142972453435262,22177
rxn:2:115452:170060,0.1427995911959944,22177
rxn:2:160401:169412,0.1419514302284487,22177
rxn:2:141497:171246,0.1417547905886614,22177
rxn:2:94616:156984,0.140623077750206,22177
rxn:2:104688:78538,0.1398635292053222,22177
rxn:2:80075:169412,0.1396481303068307,22177
rxn:2:137534:169400,0.1395232826471328,22177
rxn:2:70104:78538,0.1391175559588841,22177
rxn:2:68805:84708,0.1389405053594838,22177
rxn:2:83170:173089,0.1386434237162272,22177
rxn:2:139105:104330,0.1365911886096,22177
rxn:2:141397:172927,0.1365630247376182,22177
rxn:2:123785:169412,0.1364251375198364,22177
rxn:2:138592:78392,0.1363195501841031,22177
rxn:2:130225:170913,0.1357000699410071,22177
rxn:2:84123:169666,0.1353826820850372,22177
rxn:2:134607:171231,0.1353432638891812,22177
rxn:2:139659:122855,0.1342832057372383,22177
rxn:2:83020:169305,0.1319625752943533,22177
rxn:2:69444:85686,0.1305435768195561,22177
rxn:2:109607:172189,0.1296189152277433,22177
rxn:2:79392:108959,0.1294218923734582,22177
rxn:2:86297:169340,0.1262270004852958,22177
rxn:2:81518:170411,0.1216340661048889,22177
rxn:2:108306:83817,0.1045092911947341,22177
rxn:2:78560:122855,0.161443897656032,22178
rxn:2:130225:85327,0.1576680568131533,22178
rxn:2:113771:142183,0.1509307059976789,22178
rxn:2:67380:139570,0.147390448130094,22178
rxn:2:145188:129654,0.1473417282104492,22178
rxn:2:92382:173089,0.1471913327341494,22178
rxn:2:108320:142192,0.1469178247451782,22178
rxn:2:108667:76379,0.1465312795979636,22178
rxn:2:105485:82536,0.1449003992257294,22178
rxn:2:162493:81125,0.1445655734450728,22178
rxn:2:141397:163212,0.1439080039660135,22178
rxn:2:70238:108959,0.1437700192133585,22178
rxn:2:167169:152324,0.1437496965931307,22178
rxn:2:136171:129363,0.1430726968325101,22178
rxn:2:72841:107408,0.1430042408130787,22178
rxn:2:167592:111147,0.1429091956880357,22178
rxn:2:129458:68807,0.1427829357293936,22178
rxn:2:167169:169594,0.1427475214004516,22178
rxn:2:93698:67686,0.1416733860969543,22178
rxn:2:110352:172778,0.1408156633377075,22178
rxn:2:119366:126659,0.1403575658798218,22178
rxn:2:141238:168058,0.1385776421119426,22178
rxn:2:73713:126659,0.1382769323312319,22178
rxn:2:132002:139570,0.138230013847351,22178
rxn:2:89509:169594,0.1379805306593577,22178
rxn:1:41918:11753,0.1378791472491096,22178
rxn:2:117046:146533,0.1376048212959653,22178
rxn:2:77202:172032,0.1374487471580505,22178
rxn:2:141397:172210,0.1372144506091163,22178
rxn:2:127524:104330,0.1371282363931338,22178
rxn:2:134867:98873,0.1364879111448923,22178
rxn:2:79392:172032,0.1361434826484093,22178
rxn:2:139123:126659,0.1356780052185058,22178
rxn:2:132946:169810,0.1352283975907734,22178
rxn:2:113672:122855,0.1346627551576365,22178
rxn:2:125202:126659,0.1338794344947451,22178
rxn:2:96388:160916,0.1311008358001709,22178
rxn:2:122815:107408,0.130382239818573,22178
rxn:2:76998:141195,0.1297247956196467,22178
rxn:2:101355:161103,0.1292152447359902,22178
rxn:2:167169:131730,0.1247269170624869,22178
rxn:2:116296:96010,0.1226791869039121,22178
rxn:2:121431:70192,0.1185041611844843,22178
rxn:2:77387:156549,0.1141891479492187,22178
rxn:2:97410:107408,0.1018463522195816,22178
rxn:2:81212:130267,0.1579727074679206,22179
rxn:2:135668:172618,0.1528180912137031,22179
rxn:2:104755:154103,0.1509418115019798,22179
rxn:2:97900:161575,0.150077954582546,22179
rxn:2:106136:90126,0.1493220710754394,22179
rxn:2:136231:108959,0.1484329445021493,22179
rxn:2:113575:122855,0.1465265452861786,22179
rxn:2:108564:156984,0.1454732358455658,22179
rxn:2:133991:161103,0.145232998407804,22179
rxn:2:112208:96010,0.1449017276366551,22179
rxn:2:167169:168581,0.1446325817415791,22179
rxn:2:99518:146828,0.1445825447638829,22179
rxn:2:123413:139886,0.1443897868905748,22179
rxn:2:127751:140099,0.1442034184932708,22179
rxn:2:81212:170858,0.1437720684778122,22179
rxn:2:100097:109025,0.1430092811584472,22179
rxn:2:68805:70192,0.1429887576536699,22179
rxn:2:112208:127220,0.1424282814065615,22179
rxn:2:137368:67686,0.1419168522483424,22179
rxn:2:97517:122855,0.14177916789877,22179
rxn:2:105485:90126,0.1417430202166239,22179
rxn:2:81877:169412,0.1399150910200896,22179
rxn:2:79809:173095,0.1395382444063822,22179
rxn:2:76681:88330,0.138850450515747,22179
rxn:2:83925:107408,0.1361603120277668,22179
rxn:1:45225:31214,0.1353857579984163,22179
rxn:2:78571:122855,0.1346109688282012,22179
rxn:2:120365:153414,0.1328081274032592,22179
rxn:2:141397:171550,0.1321820513061855,22179
rxn:2:112020:169412,0.1302873636114186,22179
rxn:2:74177:170060,0.1282483957431934,22179
rxn:2:117485:70192,0.1278824880719185,22179
rxn:2:73576:172618,0.1261919689178466,22179
rxn:2:141397:137452,0.1260880984758076,22179
rxn:2:132350:171231,0.121706146460313,22179
rxn:2:79495:169851,0.1197413972445896,22179
rxn:2:82584:110041,0.1134087753295898,22179
rxn:2:103277:169412,0.1133944259749518,22179
rxn:2:109670:70812,0.1024011752822182,22179
rxn:2:132998:108959,0.1017659561974661,22179
rxn:2:106136:112875,0.0998917895814646,22179
rxn:2:142757:107408,0.0890348111761027,22179
rxn:2:167169:164106,0.1614375178303037,22186
rxn:2:70238:96010,0.1541148821512858,22186
rxn:2:81953:170892,0.153929474024937,22186
rxn:2:67187:143660,0.1495482433925975,22186
rxn:2:112728:120822,0.1493030027909712,22186
rxn:2:92937:130974,0.1491412199460543,22186
rxn:2:81194:170060,0.1475920292638963,22186
rxn:2:72789:170060,0.1473899881045023,22186
rxn:2:141397:173009,0.1472026057865308,22186
rxn:2:112442:108959,0.1468209155968257,22186
rxn:2:167169:160916,0.1459563004559484,22186
rxn:2:130209:148477,0.1456606608849984,22186
rxn:2:110768:169300,0.1456490437189738,22186
rxn:2:114592:169412,0.1454264256689283,22186
rxn:2:79242:169851,0.1447115441163381,22186
rxn:2:88621:96010,0.1446307036611769,22186
rxn:2:91798:94410,0.1444213007177625,22186
rxn:2:78656:170060,0.1424572507540385,22186
rxn:2:73235:170060,0.1414576808611552,22186
rxn:2:131953:171492,0.1414395570755005,22186
rxn:2:85140:173095,0.1406105927058628,22186
rxn:2:130209:170411,0.1401069657555942,22186
rxn:2:101515:126659,0.1387349069118499,22186
rxn:2:86811:127220,0.1381561005557025,22186
rxn:2:75341:108959,0.1380551483320153,22186
rxn:2:135134:139570,0.1379731225967407,22186
rxn:2:109788:102419,0.1374057865142822,22186
rxn:2:127356:173095,0.1369061686775901,22186
rxn:2:128000:127220,0.133359557390213,22186
rxn:2:141397:169305,0.1327779114246368,22186
rxn:2:77472:116515,0.1323874807357788,22186
rxn:2:90771:169851,0.1319937268892924,22186
rxn:2:127261:108959,0.1318480571111043,22186
rxn:2:73576:165512,0.1303652048110962,22186
rxn:2:167169:77187,0.1293735018482914,22186
rxn:2:114168:148477,0.1239193861301128,22186
rxn:2:120097:107408,0.1221980402866999,22186
rxn:2:91764:173089,0.1218067243181426,22186
rxn:2:135134:79735,0.1202595482269923,22186
rxn:2:133978:170892,0.1192321479320526,22186
rxn:2:139357:70192,0.1187576181010196,22186
rxn:2:116427:70192,0.1176189563491127,22186
rxn:2:68618:87151,0.1145420692585132,22186
rxn:2:158858:96010,0.1117860057524272,22186
rxn:2:76009:110041,0.1074726209044456,22186
rxn:2:125198:171669,0.1006033265072366,22186
rxn:2:141397:169117,0.0978734237807137,22186
rxn:2:141544:173095,0.1556790322065353,22187
rxn:2:167169:70812,0.1542232586787297,22187
rxn:2:108320:129880,0.1522353337361262,22187
rxn:2:102636:159800,0.1516068599053791,22187
rxn:2:134698:138958,0.1505478286743164,22187
rxn:2:97941:81342,0.1485242575407028,22187
rxn:2:66158:120181,0.1479067022983844,22187
rxn:2:117485:91315,0.1465207089980443,22187
rxn:2:131603:173089,0.1459701502764666,22187
rxn:2:73951:173089,0.145426344871521,22187
rxn:2:125962:159239,0.1447170972824096,22187
rxn:2:87637:96010,0.1442172792222764,22187
rxn:2:67391:169412,0.1432302273236788,22187
rxn:2:139218:139886,0.1430422982999256,22187
rxn:2:134839:170892,0.1428769826889038,22187
rxn:2:73100:170060,0.1418003329524287,22187
rxn:2:108320:173016,0.1416300177574157,22187
rxn:2:105568:172618,0.1406788444519043,22187
rxn:2:120709:68807,0.1406565467516581,22187
rxn:2:113171:92488,0.140011537642706,22187
rxn:2:73951:78077,0.1388010436838323,22187
rxn:2:90691:170235,0.138384985923767,22187
rxn:2:115581:142183,0.1379654337378109,22187
rxn:2:91097:120822,0.1377306779225667,22187
rxn:2:115801:96010,0.1364729276725224,22187
rxn:2:117046:78538,0.135985813642803,22187
rxn:2:73576:173016,0.1356190613337925,22187
rxn:2:113426:172265,0.1352858170866966,22187
rxn:2:121028:108959,0.1346876258435456,22187
rxn:2:139678:169305,0.1338622260093689,22187
rxn:2:72789:170858,0.1335694234946678,22187
rxn:2:127204:169412,0.1329555869102478,22187
rxn:2:97024:120822,0.1324646572271982,22187
rxn:2:73576:146533,0.1299642072274134,22187
rxn:2:156072:152446,0.1295647064844767,22187
rxn:2:75557:171152,0.1289064041499434,22187
rxn:2:148180:85686,0.1276584377995243,22187
rxn:2:149481:85686,0.126549689858048,22187
rxn:2:141819:169856,0.1253573447465896,22187
rxn:2:95342:108959,0.124681488327358,22187
rxn:2:112154:129487,0.1231467580795288,22187
rxn:2:67009:96010,0.1215486860275268,22187
rxn:2:100353:108959,0.1207297121485074,22187
rxn:2:124198:69998,0.1182034715362217,22187
rxn:2:78656:141988,0.1082277253822044,22187
rxn:2:119266:92488,0.1074293347505422,22187
rxn:2:66304:124273,0.0844063949584961,22187
rxn:2:97900:88359,0.1577113519112269,22188
rxn:2:114934:122855,0.1555756376339839,22188
rxn:1:41805:25795,0.15386227518320084,22188
rxn:2:102889:68807,0.15236446619033814,22188
rxn:2:160401:172076,0.1513786373599883,22188
rxn:2:100083:127220,0.14875747015078863,22188
rxn:2:96712:159800,0.14821409702301025,22188
rxn:2:134961:170060,0.14812337500708445,22188
rxn:2:96519:126659,0.14657695293426515,22188
rxn:1:60111:28813,0.1464992496702406,22188
rxn:2:98729:148477,0.1462465410049145,22188
rxn:2:135961:169666,0.1459349234898885,22188
rxn:2:113063:101264,0.14587179992509924,22188
rxn:2:118048:169412,0.14540020777628973,22188
rxn:2:138933:171231,0.14321352754320418,22188
rxn:2:116231:169412,0.14223964126021774,22188
rxn:2:114945:68807,0.14103293895721436,22188
rxn:2:167260:170060,0.1406529787927866,22188
rxn:2:167169:143047,0.14060974505639845,22188
rxn:2:142622:138605,0.1403088117467946,22188
rxn:2:68496:108959,0.13845639705657958,22188
rxn:2:123785:171392,0.138165519155305,22188
rxn:2:75313:173095,0.13568968463827064,22188
rxn:2:136171:141889,0.13538270271741426,22188
rxn:2:102870:142183,0.13298489252726237,22188
rxn:2:109745:173016,0.1326664686203003,22188
rxn:2:87637:169340,0.1311388651529948,22188
rxn:2:99080:141988,0.13073900838692984,22188
rxn:2:117743:96010,0.12855248153209686,22188
rxn:2:166241:91511,0.128429704699023,22188
rxn:2:112802:169851,0.12754761403606785,22188
rxn:2:124693:68807,0.1261835206638683,22188
rxn:2:76625:172076,0.12334461854054378,22188
rxn:2:82049:107408,0.12050375839074452,22188
rxn:2:73713:92488,0.1200472299869244,22188
rxn:1:41711:38410,0.12004645081127391,22188
rxn:2:136946:170892,0.11931184706864534,22188
rxn:2:110097:83338,0.11881019567188464,22188
rxn:2:116191:84855,0.11715038962986159,22188
rxn:2:79587:96010,0.1134476485075774,22188
rxn:2:108320:114519,0.10820518548672016,22188
